"Property ID","Geographic ID","Type","Property Address","Legal Description","Owner Name","Doing Business As","Appraised Value"
"893993","252400639","R","4609 TULLY DR","LOT 7 BLK A CANTARRA II PHS 1","NAKARMI ABHISHEK & AASHRAYA NAKARMI",
"893736","252430215","R","4605 QUARRYBANK DR","LOT 37 BLK A CANTARRA II PHS 2","KAMEPALLI SUPRIYA",
"893977","252430237","R","13200 BRYSON DR","LOT 15 BLK A CANTARRA II PHS 1","JAIN ANVIKA & KALPNA JAIN",
"893983","252430243","R","4717 TULLY DR","LOT 1 BLK A CANTARRA II PHS 1","SEVAK ARCHANA JASWANT",
"893760","252430304","R","4613 CANONGATE DR","LOT 12 BLK C CANTARRA II PHS 2","SHRESTHA BIMALA",
"893762","252430306","R","4705 CANONGATE DR","LOT 14 BLK C CANTARRA II PHS 2","SUNKARA PRAHARSHA &",
"893968","252430309","R","4712 OXGANG DR","LOT 1 BLK C CANTARRA II PHS 1","GADIYA PRACHI",
"893769","252430405","R"," BAILEYFIELD DR","LOT 10 BLK D CANTARRA II PHS 2","GOPALAN MINI",
"893775","252430502","R","13401 BAILEYFIELD DR DR","LOT 1 BLK K CANTARRA II PHS 2","MERKHEDKAR SHRUTI & PARAG HARDAS",
"893797","252430808","R","3725 YEOMAN ST","LOT 7 BLK E CANTARRA II PHS 2","CHANDRARAJU GUNARANJAN & VAISHALI",
"893996","252430903","R","4704 TULLY DR","LOT 3 BLK B CANTARRA II PHS 1","NIKSHI WALELIGN MESSELE &",
"894001","252430908","R","4605 OXGANG DR","LOT 10 BLK B CANTARRA II PHS 1","JAIN KALPNA",
"894003","252430910","R","4613 OXGANG DR","LOT 12 BLK B CANTARRA II PHS 1","WAGH CHAITALI",
"894004","252430911","R","4701 OXGANG DR","LOT 13 BLK B CANTARRA II PHS 1","CHOWDHURY ABDUL & AYESHA N KABIR",
"972556","254380202","R","13308 RIDING DR","HOWARD LANE PHS 1 BLK E LOT 5","KAKANI FAMILY TRUST",
"972617","254380301","R","2501 TOTLEY RD","HOWARD LANE PHS 1 BLK A LOT 2","RATHORE AARYAVARDHAN",
"972621","254380305","R","2601 TOTLEY RD","HOWARD LANE PHS 1 BLK A LOT 6","CHIRPUTKAR ASHISH SUHAS &",
"972622","254380306","R","2603 TOTLEY RD","HOWARD LANE PHS 1 BLK A LOT 7","MADISHETTY HARISH KUMAR &",
"972623","254380307","R","2605 TOTLEY RD","HOWARD LANE PHS 1 BLK A LOT 8","BALPREETSINGH & SNEHA",
"972629","254380313","R","2617 TOTLEY RD","HOWARD LANE PHS 1 BLK A LOT 14","KOTARU NAGASRINIVASA RAO",
"972632","254380316","R","2705 TOTLEY RD","HOWARD LANE PHS 1 BLK A LOT 17","CHANDRASEKAR THENAPPAN &",
"972633","254380317","R","2707 TOTLEY RD","HOWARD LANE PHS 1 BLK A LOT 18","PASALA DINESH CHOUDARY &",
"972584","254380401","R","2703 PARAGON FOX DR","HOWARD LANE PHS 1 BLK D LOT 28","KOONA VENKATA ABHIJEET &",
"972589","254380406","R","2713 PARAGON FOX DR","HOWARD LANE PHS 1 BLK D LOT 23","RAMAN RAHUL",
"972590","254380407","R","2715 PARAGON FOX DR","HOWARD LANE PHS 1 BLK D LOT 22","KANCHETI MOUNIKA &",
"972599","254380416","R","2706 TOTLEY RD","HOWARD LANE PHS 1 BLK D LOT 13","PATEL JAIMIN & PRITI CHAUDHARI",
"972600","254380417","R","2704 TOTLEY RD","HOWARD LANE PHS 1 BLK D LOT 12","TANIKONDA RAJA ETAL",
"972603","254380420","R","2616 TOTLEY RD","HOWARD LANE PHS 1 BLK D LOT 9","SETTY CHAITRA",
"972605","254380422","R","2612 TOTLEY RD","HOWARD LANE PHS 1 BLK D LOT 7","GUPTA RACHANA",
"972614","254380431","R","13309 RIDING DR","HOWARD LANE PHS 1 BLK D LOT 36","KULKARNI VENKATESH",
"972580","254380502","R","2714 PARAGON FOX DR","HOWARD LANE PHS 1 BLK F LOT 17","AMIN HARDIKKUMAR VINODBHAI &",
"972582","254380504","R","2710 PARAGON FOX DR","HOWARD LANE PHS 1 BLK F LOT 15","GUPTA RISHABH",
"972658","254380710","R","2807 STEELS RD","HOWARD LANE PHS 1 BLK C LOT 10","MANGAL ANJALI & AMIT BHARDWAJ",
"972641","254380802","R","2801 TOTLEY RD","HOWARD LANE PHS 1 BLK B LOT 2","PANCHASARA ANKITA & SUMIT",
"972642","254380803","R","2803 TOTLEY RD","HOWARD LANE PHS 1 BLK B LOT 3","PAREKH SUHEL & NIRAV P",
"972643","254380804","R","2805 TOTLEY RD","HOWARD LANE PHS 1 BLK B LOT 4","PATEL MANTHAN & VISHAKHA PATEL",
"972645","254380806","R","2809 TOTLEY RD","HOWARD LANE PHS 1 BLK B LOT 6","MANGAL ANJALI & AMIT BHARDWAJ",
"972646","254380807","R","2811 TOTLEY RD","HOWARD LANE PHS 1 BLK B LOT 7","DHRUV HRISHIKESH",
"972647","254380808","R","2813 TOTLEY RD","HOWARD LANE PHS 1 BLK B LOT 8","BHATT JUHI HITENDRA & JAGDISH S",
"918510","254401907","R","2912 TAVERN DR","LOT 6 BLK B UPPER EAST END","GARLAPATI SATISH REDDY &",
"918511","254401908","R","2910 TAVERN DR","LOT 7 BLK B UPPER EAST END","NUNNA RAKESH & SAMATHA NIMMAGADDA",
"918582","254402003","R","13600 LONG ISLAND DR","LOT 25 BLK A UPPER EAST END","MAVURAM SUSHMITHA",
"918584","254402005","R","13520 LONG ISLAND DR","LOT 23 BLK A UPPER EAST END","BASKER ASHWINI & ADHITHYA BASKER",
"918588","254402009","R","13512 LONG ISLAND DR","LOT 19 BLK A UPPER EAST END","GODBOLE ANUJA & SHAURYA KALSI",
"918590","254402011","R","13508 LONG ISLAND DR","LOT 17 BLK A UPPER EAST END","GUPTA AKSHAY & DEEPICKA MEHTA",
"918593","254402014","R","13502 LONG ISLAND DR","LOT 14 BLK A UPPER EAST END","SAKALA LAKSHMI VENKATA MAURYA",
"918594","254402015","R","13500 LONG ISLAND DR","LOT 13 BLK A UPPER EAST END","KATARIYA JAGDISHKUMAR NARANBHAI",
"918596","254402017","R","2903 TAVERN DR","LOT 11 BLK A UPPER EAST END","ANUGU ANSHUL",
"918597","254402018","R","2905 TAVERN DR","LOT 10 BLK A UPPER EAST END","BASAVARAJAPPA PAVAN KUMAR KUPPALU &",
"918598","254402019","R","2907 TAVERN DR","LOT 9 BLK A UPPER EAST END","CHEETI LAHARI &",
"918599","254402020","R","2909 TAVERN DR","LOT 8 BLK A UPPER EAST END","KURUBA SHANTHI PRIYA & KARTIK SEELA",
"918601","254402022","R","2913 TAVERN DR","LOT 6 BLK A UPPER EAST END","TADI GOUTAM & VIKAS VENKAPALLY",
"918603","254402024","R","2917 TAVERN DR","LOT 4 BLK A UPPER EAST END","PRATURI SAIRAMYA MADHAVI DEVI &",
"972666","254402031","R","13203 MEERSBOOK RD","HOWARD LANE PHS 1 BLK B LOT 13","GHIMIRE GIRI",
"972674","254402039","R","2814 STEELS RD","HOWARD LANE PHS 1 BLK B LOT 21","KHUBLANI DRUPAD KUMAR &",
"972678","254402043","R","13413 STOCKSBRIDGE DR","HOWARD LANE PHS 1 BLK B LOT 28","PATEL RAVI & ISHA CHAUHAN",
"916276","254430250","R","13804 CLERK ST","LOT 22 BLK F CANTARRA II PHS 3","GADIYA PRACHI",
"916278","254430252","R","13724 CLERK ST","LOT 20 BLK F CANTARRA II PHS 3","CHAKRAVARTY NILOY G",
"916287","254430261","R","13612 CLERK ST","LOT 11 BLK F CANTARRA II PHS 3","RAO ARVIND & GEETA",
"916290","254430264","R","13600 CLERK ST","LOT 8 BLK F CANTARRA II PHS 3","MAMTA MAGAR &",
"916293","254430267","R","13516 CLERK ST","LOT 5 BLK F CANTARRA II PHS 3","BATCHU SATISH",
"916313","254430703","R","3720 NIDDRY DR DR","LOT 3 BLK H CANTARRA II PHS 3","PAMIDIMUKKALA JYOTHY",
"916320","254430710","R","3705 BEECHMONT DR","LOT 10 BLK H CANTARRA II PHS 3","GUPTA SANJAY",
"916322","254430712","R","3713 BEECHMONT DR","LOT 12 BLK H CANTARRA II PHS 3","REDDY SREENEHA",
"916341","254430814","R","3721 KIRKGATE TRL","LOT 14 BLK I CANTARRA II PHS 3","REDDY PRADHEETH & NAVEENA",
"916364","254431009","R","3720 KIRKGATE TRL TRL","LOT 9 BLK J CANTARRA II PHS 3","RAHIM ABDUR",
"916367","254431012","R","3708 KIRKGATE TRL TRL","LOT 12 BLK J CANTARRA II PHS 3","PATEL SHIVAM & NIDHI",
"972686","256380503","R","13420 RIDING DR","HOWARD LANE PHS 2 BLK E LOT 22","SHARMA RAJNEESH",
"972689","256380506","R","13414 RIDING DR","HOWARD LANE PHS 2 BLK E LOT 19","GIRDHAR CHIRAG",
"972704","256380609","R","2606 DERWENT DR","HOWARD LANE PHS 2 BLK H LOT 4","RAHMAN ABDUR",
"972710","256380703","R","2708 TOWY RD","HOWARD LANE PHS 2 BLK G LOT 14","SUBRAMANIAN KAMALABASKARAN &",
"972727","256380720","R","2607 DERWENT DR","HOWARD LANE PHS 2 BLK G LOT 33","SINGH NARENDRA & VISHAKHA",
"972728","256380721","R","2609 DERWENT DR","HOWARD LANE PHS 2 BLK G LOT 32","JAIN ANUPAM &",
"972730","256380723","R","2613 DERWENT DR","HOWARD LANE PHS 2 BLK G LOT 30","SINGH ABHISHEK & SANDHYA",
"972732","256380725","R","2617 DERWENT DR","HOWARD LANE PHS 2 BLK G LOT 28","JOSE JOHN",
"972733","256380726","R","2701 DERWENT DR","HOWARD LANE PHS 2 BLK G LOT 27","NARASIMHAN KANNAN",
"972561","256380801","R","2706 PARAGON FOX DR","HOWARD LANE PHS 1 BLK F LOT 13","SUKHIJA SAHIL",
"972562","256380802","R","2704 PARAGON FOX DR","HOWARD LANE PHS 1 BLK F LOT 12","NILANGEKAR GAYATRI & ABHIJYOT BHAT",
"972564","256380804","R","2700 PARAGON FOX DR","HOWARD LANE PHS 1 BLK F LOT 10","KUMAR NITIN",
"972738","256380815","R","2603 TOWY RD","HOWARD LANE PHS 2 BLK F LOT 35","SHAH AMIT & JESAL G SANGANI",
"972739","256380816","R","2605 TOWY RD","HOWARD LANE PHS 2 BLK F LOT 34","IYER RAMJIKARTIK &",
"972743","256380820","R","2613 TOWY RD","HOWARD LANE PHS 2 BLK F LOT 30","SINGH GAGANDEEP & FNU KIRANDEEP",
"972744","256380821","R","2615 TOWY RD","HOWARD LANE PHS 2 BLK F LOT 29","KAVURI RAMA KALYANI",
"972745","256380822","R","2617 TOWY RD","HOWARD LANE PHS 2 BLK F LOT 28","SAHA SUBOD C & SUMITA &",
"972747","256380824","R","2703 TOWY RD","HOWARD LANE PHS 2 BLK F LOT 26","JAIN FAMILY TRUST",
"972748","256380825","R","2705 TOWY RD","HOWARD LANE PHS 2 BLK F LOT 25","KASIVISWANATHAN ANAVARATHA &",
"972750","256380827","R","2709 TOWY RD","HOWARD LANE PHS 2 BLK F LOT 23 (1-D-1W)","KARAMSETTY FAMILY TRUST",
"972751","256380828","R","2711 TOWY RD","HOWARD LANE PHS 2 BLK F LOT 22 (1-D-1W)","PATEL HARSH",
"972574","256380901","R","2611 PARAGON FOX DR","HOWARD LANE PHS 1 BLK D LOT 33","MUDUNURI THRIVIKRAM",
"927859","256400415","R","3005 EGAN DR","LOT 21 BLK U CANTARRA 1 NORTH SEC 8","SRIVASTAVA CHANDAN & SHARDA",
"927860","256400416","R","3009 EGAN DR","LOT 20 BLK U CANTARRA 1 NORTH SEC 8","MYLABATHULA JOSEPH ETAL",
"927861","256400417","R","3013 EGAN DR","LOT 19 BLK U CANTARRA 1 NORTH SEC 8","AGRAWAL PANKAJBHAI KRUSHNADUTT & POOJA PANKAJBHAI",
"918526","256400710","R","2909 ST REGIS DR","LOT 22 BLK B UPPER EAST END","SHARMA ABHA & ROJESH CHALISE",
"918533","256400717","R","13705 MANHATTAN DR","LOT 29 BLK B UPPER EAST END","ADEP OMKAR",
"918535","256400719","R","13709 MANHATTAN DR","LOT 31 BLK B UPPER EAST END","MANANDHAR SANJAY & SHRISTI STHAPIT",
"918540","256400724","R","2916 BRONX DR","LOT 36 BLK B UPPER EAST END","PASUMARTHY NITIN",
"918542","256400726","R","2912 BRONX DR","LOT 38 BLK B UPPER EAST END","PATEL KARAN & BHAVIN PATEL",
"918546","256400730","R","2904 BRONX DR","LOT 42 BLK B UPPER EAST END","CHEPUR ABHIRAM",
"918551","256400735","R","13706 LONG ISLAND DR","LOT 46 BLK B UPPER EAST END","MODI HITAKSHI",
"918552","256400736","R","13704 LONG ISLAND DR","LOT 47 BLK B UPPER EAST END","BAJRACHARYA ANUP & YEMINI",
"918553","256400737","R","13702 LONG ISLAND DR","LOT 48 BLK B UPPER EAST END","PIYA ROMI",
"918554","256400738","R","13700 LONG ISLAND DR","LOT 49 BLK B UPPER EAST END","THAKUR SHREYA",
"918557","256400803","R","2905 BRONX DR","LOT 3 BLK C UPPER EAST END","KOKKULA SAI SANDEEP KUMAR",
"918558","256400804","R","2907 BRONX DR","LOT 4 BLK C UPPER EAST END","GAJULA SAI KEERTHANA",
"918568","256400814","R","2904 ST REGIS DR","LOT 14 BLK C UPPER EAST END","KHONDKAR PROGYNA",
"918573","256400903","R","13618 LONG ISLAND DR","LOT 34 BLK A UPPER EAST END","SHINDE RAJESH & ARCHANA RAJESH &",
"918575","256400905","R","13614 LONG ISLAND DR","LOT 32 BLK A UPPER EAST END","KC GAURAB",
"918576","256400906","R","13612 LONG ISLAND DR","LOT 31 BLK A UPPER EAST END","CHAITANYA VENKATA KRISHNA &",
"918579","256400909","R","13606 LONG ISLAND DR","LOT 28 BLK A UPPER EAST END","RADJUNILAMEGAME ILAVARASU",
"972780","256401001","R","13419 STOCKSBRIDGE DR","HOWARD LANE PHS 2 BLK B LOT 31","DESAI NATASHA",
"972782","256401003","R","13501 STOCKSBRIDGE DR","HOWARD LANE PHS 2 BLK B LOT 33  ","THAKKER SOHAM",
"972796","256401017","R","13406 UNDERBANK RD","HOWARD LANE PHS 2 BLK B LOT 47 ","TORANIYA DIVYEN & RAJVI",
"972798","256401019","R","13402 UNDERBANK RD","HOWARD LANE PHS 2 BLK B LOT 49  ","PARMAR UTSAV KAMLESHBHAI &",
"972801","256401022","R","13312 UNDERBANK RD","HOWARD LANE PHS 2 BLK B LOT 52  ","PATEL JAIMIN & PRITI CHAUDHARI",
"972760","256401201","R","2709 DERWENT DR","HOWARD LANE PHS 2 BLK G LOT 23","GOPALAN VIJAY & AARTHI RAMAN",
"972761","256401202","R","2711 DERWENT DR","HOWARD LANE PHS 2 BLK G LOT 22","GUDUGUNTLA VARUN & SPANDANA KAPPALA",
"927868","256430603","R","3021 EGAN DR","LOT 17 BLK U CANTARRA 1 NORTH SEC 8","RAO HARSHA",
"916009","256430841","R","13902 LEVY LN","LOT 13 BLK LL CANTARRA 1 NORTH SEC 5","PAMIDIMUKKALA JYOTHY",
"916011","256430843","R","13812 LEVY LN","LOT 11 BLK LL CANTARRA 1 NORTH SEC 5","PAPPU SANTOSH KUMAR &",
"916018","256430850","R","3524 KOTCHE ST","LOT 4 BLK LL CANTARRA 1 NORTH SEC 5","BAJWA RUPINDER SINGH",
"923059","256430909","R","14008 HEIDHORN DR","LOT 4 BLK JJ CANTARRA 1 NORTH SECS 6 & 7","ALURU NARAYANA RAO & RADHIKA D LINGAM",
"923062","256431124","R","14003 LEVY LN","LOT 13 BLK KK CANTARRA 1 NORTH SECS 6 & 7","HASSAN MUHAMMAD UMAIR",
"923065","256431127","R","14009 LEVY LN","LOT 16 BLK KK CANTARRA 1 NORTH SECS 6 & 7","NAHA SUBHAJIT &",
"923066","256431128","R","14011 LEVY LN","LOT 17 BLK KK CANTARRA 1 NORTH SECS 6 & 7","NAGIREDDY SHASHIDHAR REDDY",
"923070","256431132","R","14103 LEVY LN","LOT 21 BLK KK CANTARRA 1 NORTH SECS 6 & 7","PAPPU VENKAT PRASHANT &",
"916055","256431209","R","13917 MACQUARIE DR DR","LOT 9 BLK PP CANTARRA 1 NORTH SEC 5","SHRESTHA ABINASH & AYUSHI",
"916056","256431210","R","13919 MACQUARIE DR DR","LOT 10 BLK PP CANTARRA 1 NORTH SEC 5","SHAH PARTHIV & MAULI",
"916058","256431212","R","13923 MACQUARIE DR DR","LOT 12 BLK PP CANTARRA 1 NORTH SEC 5","SUBRAMONIAM RAMESH & SUNITHA SUBRAMONIAM",
"916060","256431214","R","13927 MACQUARIE DR DR","LOT 14 BLK PP CANTARRA 1 NORTH SEC 5","ARAVAMUDHAN LAXMI NARASHIMAN &",
"916068","256431222","R","14015 MACQUARIE DR DR","LOT 22 BLK PP CANTARRA 1 NORTH SEC 5","HOTHA SURYANARAYANA & SOWMYA",
"923124","256431313","R","3302 EGAN DR","LOT 8 BLK DD CANTARRA 1 NORTH SECS 6 & 7","BAJWA RAMNEET KAUR",
"923127","256431316","R","3208 EGAN DR","LOT 5 BLK DD CANTARRA 1 NORTH SECS 6 & 7","REDDY KISHORE VASI",
"923147","256431505","R","3204 DAMPIER PASS","LOT 3 BLK CC CANTARRA 1 NORTH SECS 6 & 7","RACHAMALLA LAKSHMINARAYANA REDDY",
"916028","256431602","R","14014 MACQUARIE DR DR","LOT 48 BLK OO CANTARRA 1 NORTH SEC 5","KATREDDI APARNA &",
"916041","256431615","R","13811 LEVY LN LN","LOT 6 BLK OO CANTARRA 1 NORTH SEC 5","SHAH SAGAR",
"932429","258380802","R","2305 FORGETMENOT LN","LOT 39 BLK M ENTRADA PHS 4","BERIJI NADIYEH",
"932518","258380908","R","2300 FORGETMENOT LN","LOT 1 BLK N ENTRADA PHS 4","SULEMAN FAIYAZ ARIF & ZAINUB",
"970648","258381005","R","2012 WILLKOMEN WAY","ENTRADA PHS 6 BLK T LOT 4","POONKUNDRAN AZHAGU NANGAI &",
"970649","258381006","R","2008 WILLKOMEN WAY","ENTRADA PHS 6 BLK T LOT 5","PARMAR PAMRAAT PARAGBHAI",
"970650","258381007","R","2004 WILLKOMEN WAY","ENTRADA PHS 6 BLK T LOT 6","BEDADALA PAVAN KUMAR REDDY &",
"970654","258381011","R","1916 WILLKOMEN WAY","ENTRADA PHS 6 BLK T LOT 10","BEDADALA PAVAN KUMAR REDDY &",
"970655","258381012","R","1912 WILLKOMEN WAY","ENTRADA PHS 6 BLK T LOT 11","THUMMALAPALLI HARINATH V",
"970656","258381013","R","1908 WILLKOMEN WAY","ENTRADA PHS 6 BLK T LOT 12","KRISHNAMOORTHI RAJESH &",
"970662","258381019","R"," WILLKOMEN WAY","ENTRADA PHS 6 BLK T LOT 18","CHOUDHARY SAMEER",
"970664","258381021","R","1921 WILLKOMEN WAY","ENTRADA PHS 6 BLK T LOT 20","VAIRAVAN ASHOK &",
"970665","258381022","R","1925 WILLKOMEN WAY","ENTRADA PHS 6 BLK T LOT 21","RAJESWARI PALANIAPPAN TRUST",
"970670","258381027","R","2017 WILLKOMEN WAY","ENTRADA PHS 6 BLK T LOT 26","NAGAPPA PERIAKARUPPAN &",
"970671","258381028","R","2021 WILLKOMEN WAY","ENTRADA PHS 6 BLK T LOT 27","YALAMANCHILI TIRUMAL B U SIVA RAMA",
"970672","258381029","R","2025 WILLKOMEN WAY","ENTRADA PHS 6 BLK T LOT 28","BHATNAGAR SRISHTY ANIL",
"970681","258381038","R","2201 WILLKOMEN WAY","ENTRADA PHS 6 BLK T LOT 37","VENKATA RAMANN KUMAR KAMALA KANNAN",
"970683","258381040","R","2209 WILLKOMEN WAY","ENTRADA PHS 6 BLK T LOT 39","ANANTHULA DIVYA",
"970685","258381042","R","2217 WILLKOMEN WAY","ENTRADA PHS 6 BLK T LOT 41","SRITHARAN MEENASHISUNDARAM &",
"970686","258381043","R","2221 WILLKOMEN WAY","ENTRADA PHS 6 BLK T LOT 42","DHANDAPANI SARAVANA KUMAR &",
"970689","258381102","R","2216 WILLKOMEN WAY","ENTRADA PHS 6 BLK U LOT 10","SAHA JOY & CHUTI RANI SAHA",
"970696","258381109","R","2112 WILLKOMEN WAY","ENTRADA PHS 6 BLK U LOT 3","CHOCKALINGAM NACHIAPPAN",
"970698","258381111","R","2100 WILLKOMEN WAY","ENTRADA PHS 6 BLK U LOT 1","AENUGU MAMATHA & AJEETH KUMAR",
"933870","258400104","R","2900 MARYANNE LN","LOT 1 BLK Z CANTARRA 1 NORTH SEC 10","PUNDIR HEENA",
"927894","258400201","R","2924 LOURIS LN","LOT 7 BLK Y CANTARRA 1 NORTH SEC 8","CHOWDHURY RAITYAN AHMED & GOLAM",
"933875","258400212","R","2901 MARYANNE LN","LOT 31 BLK Y CANTARRA 1 NORTH SEC 10","TEKETI GURUDEV PRASAD & AVANTIKA TUMMALA",
"927916","258400314","R","3001 LOURIS LN","LOT 21 BLK X CANTARRA 1 NORTH SEC 8","PADAKANTI SRIKANTH",
"933880","258400317","R","2901 LOURIS LN","LOT 28 BLK X CANTARRA 1 NORTH SEC 10","DALAPATHI DIGVIJAY & PUJA KONDURU",
"927921","258400405","R","3001 EGAN DR","LOT 22 BLK U CANTARRA 1 NORTH SEC 8","PRODDUTURU SANJANI REDDY",
"933902","258400411","R","14104 BOQUIST DR","LOT 31 BLK U CANTARRA 1 NORTH SEC 10","KUKREJA DEEPANSHU",
"933906","258400415","R","2909 EGAN DR","LOT 27 BLK U CANTARRA 1 NORTH SEC 10","JARDOSH DHAVAL HAWAHAR & JUHIRANA",
"968376","258400420","R","14101 HEIMHOME BND","ENTRADA PHS 5 BLK T LOT 69","GARG PANKAJ",
"968384","258400428","R","2705 LOURIS LN","ENTRADA PHS 5 BLK T LOT 77","ARUMUGHAN SIVAKUMAR &",
"968386","258400430","R","2713 LOURIS LN","ENTRADA PHS 5 BLK T LOT 79","SALUJA ANGAD",
"968389","258400433","R","2725 LOURIS LN","ENTRADA PHS 5 BLK T LOT 82","CHITTIMALLA SHRUTHI & RAHUL PEDDI",
"968398","258400442","R","2716 DEZMOND DIAMOND CT","ENTRADA PHS 5 BLK T LOT 91","OMMI NIKHITHA & KARTHEEK SRUNGARAM",
"968403","258400447","R","2717 DEZMOND DIAMOND CT","ENTRADA PHS 5 BLK T LOT 96","YARLAGADDA MEGHANA SAI",
"968413","258400457","R","14113 BERNING RD","ENTRADA PHS 5 BLK T LOT 106","SHRESTHA KRISNA KUMAR &",
"968414","258400458","R","14117 BERNING RD","ENTRADA PHS 5 BLK T LOT 107","HUBLI PRIYANKA VIJAY &",
"970722","258400460","R","2301 WILLKOMEN WAY","ENTRADA PHS 6 BLK T LOT 44","MACHIPEDDY HARIKA",
"970723","258400461","R","2305 WILLKOMEN WAY","ENTRADA PHS 6 BLK T LOT 45","MEHTA ALPA KOTHARI",
"970727","258400465","R","2321 WILLKOMEN WAY","ENTRADA PHS 6 BLK T LOT 49","CHARYULU SRINIVASA SAMUDRALA",
"970735","258400473","R","2421 WILLKOMEN WAY","ENTRADA PHS 6 BLK T LOT 57","DONTIBOYINA UZVAL SAI GOPINADHA",
"970741","258400479","R","2513 WILLKOMEN WAY","ENTRADA PHS 6 BLK T LOT 63","SARATHY SRINIVASA RAGHAVAN PARTHA &",
"932495","258400505","R","14220 LYNDORA LN","LOT 22 BLK N ENTRADA PHS 4","PATHMANATHAN KANDASAMY",
"932503","258400513","R","14128 LYNDORA LN","LOT 14 BLK N ENTRADA PHS 4","FAROOQUI QAMARUDDIN MOHAMMED",
"932481","258400701","R","14113 LYNDORA LN","LOT 23 BLK O ENTRADA PHS 4","DIXIT BHOWMIK",
"932485","258400705","R","14201 LYNDORA LN","LOT 19 BLK O ENTRADA PHS 4","JADHAV VIKRAMSINH BALASAHEB",
"932470","258400715","R","2520 FORGETMENOT LN","LOT 9 BLK O ENTRADA PHS 4","MOLAKALAPALLI MAHESH &",
"932475","258400720","R","2500 FORGETMENOT LN","LOT 4 BLK O ENTRADA PHS 4","NATARAJAN RAJADURAI &",
"932556","258401009","R","2633 ENTRADA TRANQUILA WAY","LOT 46 BLK Q ENTRADA PHS 4","BHAVSAR PARTH H",
"932557","258401010","R","2701 ENTRADA TRANQUILA WAY","LOT 47 BLK Q ENTRADA PHS 4","JHAVERI VIDDHI KETAN & KUNAL A SANGHVI",
"968326","258401015","R","14409 BERNING RD","ENTRADA PHS 5 BLK Q LOT 3","GADDAM CHAITHANYA KRISHNA",
"968348","258401037","R","2604 SHIMSHAM DR","ENTRADA PHS 5 BLK Q LOT 25","TAMAKUWALA PRATIK RAKESH &",
"968353","258401042","R","14312 HEIMHOME BND","ENTRADA PHS 5 BLK Q LOT 30","RANGA RAGINI & SURESH YENISHETTY",
"968356","258401045","R","14300 HEIMHOME BND","ENTRADA PHS 5 BLK Q LOT 33","GUPTA NAINA & PRAMOD TRUST",
"968359","258401048","R","14204 HEIMHOME BND","ENTRADA PHS 5 BLK Q LOT 36","PATHAN SHEENA & JAHID SHAIK",
"970833","258401052","R","2608 CARPATHIAN CV","ENTRADA PHS 3 BLK Q LOT 64","SINGH JIGNESH SURENDRAMOHAN",
"970834","258401053","R","2600 CARPATHIAN CV","ENTRADA PHS 3 BLK Q LOT 65","SRIRAMAGIRI DEEPTI VIJAYALAKSHMI",
"970837","258401056","R","2512 CARPATHIAN CV","ENTRADA PHS 3 BLK Q LOT 68","VENUGOPAL SUGANYA DEVI &",
"970844","258401063","R","2513 CARPATHIAN CV","ENTRADA PHS 3 BLK Q LOT 75","VEMULAPALLI KARUNA VINEETHA",
"970849","258401068","R","2609 CARPATHIAN CV","ENTRADA PHS 3 BLK Q LOT 80","VEMULAPALLI FANIL",
"970853","258401072","R","14401 TREYVON RD","ENTRADA PHS 3 BLK Q LOT 84","SYED ABU FAROOQ",
"933886","258401202","R","14316 BOQUIST DR","LOT 11 BLK V CANTARRA 1 NORTH SEC 10","GANGULY ALOK",
"933891","258401207","R","14220 BOQUIST DR","LOT 6 BLK V CANTARRA 1 NORTH SEC 10","SHAH VINIT",
"933893","258401209","R","14212 BOQUIST DR","LOT 4 BLK V CANTARRA 1 NORTH SEC 10","BHAKTA BINDYA",
"968361","258401213","R","2804 LOURIS LN","ENTRADA PHS 5 BLK X LOT 1","ARUMUGHAN SIVAKUMAR & JASMINE",
"933868","258401301","R","2900 TWEEDY TRL","LOT 1 BLK AA CANTARRA 1 NORTH SEC 10","KUMAR AJAY KUMAR VIJAYA &",
"970715","258401411","R","2424 WILLKOMEN WAY","ENTRADA PHS 6 BLK V LOT 6","DHARA ARNAB & JAYA MONDAL",
"970716","258401412","R","2420 WILLKOMEN WAY","ENTRADA PHS 6 BLK V LOT 5","SHAH MUNAWAR HUSSAIN &",
"970719","258401415","R","2408 WILLKOMEN WAY","ENTRADA PHS 6 BLK V LOT 2","KAVEDI THOPPAY FAMILY TRUST",
"970720","258401416","R","2400 WILLKOMEN WAY","ENTRADA PHS 6 BLK V LOT 1","ARUMUGHAN SIVAKUMAR &",
"968422","258401503","R","14304 EIENTRILL PASS","ENTRADA PHS 5 BLK R LOT 14","YARASI PRATHYUSHA & MADHU CHAVALA",
"968426","258401507","R","14204 EIENTRILL PASS","ENTRADA PHS 5 BLK R LOT 10","NARALASETTY KARTIKA PRIYA",
"968427","258401508","R","14200 EIENTRILL PASS","ENTRADA PHS 5 BLK R LOT 9","VENKATACHALAM LAKSHMANAN &",
"968436","258401601","R","14201 EIENTRILL PASS","ENTRADA PHS 5 BLK S LOT 8","JAVIA SAVANKUMAR AMRUTLAL &",
"968439","258401604","R","14213 EIENTRILL PASS","ENTRADA PHS 5 BLK S LOT 11","NALLEPALLI KARTHEEK GANESH &",
"968442","258401607","R","14309 EIENTRILL PASS","ENTRADA PHS 5 BLK S LOT 14","NARAYANAN SAMPATH &",
"968446","258401611","R","14408 DORA AMELLIA CV","ENTRADA PHS 5 BLK S LOT 18","KARANGIYA PRIYANSHI",
"968466","258401631","R","2728 LOURIS LN","ENTRADA PHS 5 BLK S LOT 1","NIMMAGADDA KRISHNA MOHAN",
"968470","258401635","R","2712 LOURIS LN","ENTRADA PHS 5 BLK S LOT 5","BAIG ZAIN",
"970702","258401703","R","2320 WILLKOMEN WAY","ENTRADA PHS 6 BLK U LOT 17","RAJIAH PRITVIRAJ",
"970706","258401707","R","2300 WILLKOMEN WAY","ENTRADA PHS 6 BLK U LOT 13","RAJENDRAN NARESHKUMAR SUBRAMANIAM",
"970707","258401708","R","2224 WILLKOMEN WAY","ENTRADA PHS 6 BLK U LOT 12","BALAMUDHAN RAJAKUMARI &",
"923001","258430103","R","14307 MACQUARIE DR","LOT 45 BLK BB CANTARRA 1 NORTH SECS 6 & 7","SAKSENA SANJAY KUMAR & ASHIMA",
"923005","258430107","R","14317 MACQUARIE DR","LOT 41 BLK BB CANTARRA 1 NORTH SECS 6 & 7","KAMDANI ARDHIMAS F & SHU YI THONG ",
"927945","258430305","R","3016 TWEEDY TRL","LOT 13 BLK AA CANTARRA 1 NORTH SEC 8","BANCHHOR AMITA",
"927947","258430307","R","3008 TWEEDY TRL","LOT 11 BLK AA CANTARRA 1 NORTH SEC 8","KANDI KAUSHIK",
"927956","258430401","R","2905 TWEEDY TRL","LOT 32 BLK Z CANTARRA 1 NORTH SEC 8","GAUTAM SHANTANU",
"927957","258430402","R","2909 TWEEDY TRL","LOT 31 BLK Z CANTARRA 1 NORTH SEC 8","GANDHI DIPTI MAHAVIR",
"927960","258430405","R","2921 TWEEDY TRL","LOT 28 BLK Z CANTARRA 1 NORTH SEC 8","SHANKAR PRABHU R & URMILA S",
"927983","258430427","R","2920 MARYANNE LN","LOT 6 BLK Z CANTARRA 1 NORTH SEC 8","YALLANKI PRUDHVI KUMAR",
"927996","258430509","R","3029 MARYANNE LN","LOT 17 BLK Y CANTARRA 1 NORTH SEC 8","MEDHEKAR ROHAN",
"928000","258430513","R","3020 LOURIS LN","LOT 13 BLK Y CANTARRA 1 NORTH SEC 8","GADEPALLI SIDDHARTH",
"928007","258430601","R","3005 LOURIS LN","LOT 20 BLK X CANTARRA 1 NORTH SEC 8","MANGARAP SUNNY RAHUL & BHANUMATHI SETTAHALLI MANIYAPPA",
"970875","258430703","R","14409 KOTI WAY","ENTRADA PHS 3 BLK Q LOT 107","PIRATLA DINAKARA PHANEENDRA KUMAR &",
"937996","260330606","R","14000 LUBECK DR","LOT 55 BLK A FORT DESSAU WEST","NATARAJAN SANKAR MEENA & AKSHAYALAKSHMI TK KALIAPERUMAL",
"937997","260330607","R","13924 LUBECK DR","LOT 56 BLK A FORT DESSAU WEST","MAGAR BUDHI M & PABI M",
"937998","260330608","R","13920 LUBECK DR","LOT 57 BLK A FORT DESSAU WEST","MANDALI SAI PRASHANTHI",
"938001","260330611","R","13908 LUBECK DR","LOT 60 BLK A FORT DESSAU WEST","SANKA ANUDEEP GANESH KUMAR & BHAVYA SRI SAMUDRALA",
"938004","260330614","R","13824 LUBECK DR","LOT 63 BLK A FORT DESSAU WEST","MURUGESAN VALARMATHI",
"938006","260330616","R","13816 LUBECK DR","LOT 65 BLK A FORT DESSAU WEST","SRIVASTAVA SAKET",
"938009","260330619","R","13804 LUBECK DR","LOT 68 BLK A FORT DESSAU WEST","GURUNG BASANTI ETAL",
"938012","260330622","R","13720 LUBECK DR","LOT 71 BLK A FORT DESSAU WEST","MISRA AMIT & DEEPTI MISRA",
"938015","260330625","R","13708 LUBECK DR","LOT 74 BLK A FORT DESSAU WEST","HARDAS PARAG",
"938016","260330626","R","13704 LUBECK DR","LOT 75 BLK A FORT DESSAU WEST","PAL ALOK KUMAR",
"938017","260330627","R","13700 LUBECK DR","LOT 76 BLK A FORT DESSAU WEST","DEME SUDHIR KUMAR",
"938018","260330628","R","13628 LUBECK DR","LOT 77 BLK A FORT DESSAU WEST","PRADHAN SELINA & ABHISHEK NAKARMI",
"938019","260330629","R","13624 LUBECK DR","LOT 78 BLK A FORT DESSAU WEST","SHAH NIRAV PARESH & DHIR AMIT SHAH",
"938023","260330633","R","13608 LUBECK DR","LOT 82 BLK A FORT DESSAU WEST","VENKATA RAMANN KUMAR KAMALA KANNAN & NEELAYATHATCHI KALIAMOORTHY",
"938035","260330639","R","1208 KLEE ST","LOT 88 BLK A FORT DESSAU WEST","CHENNURU AKHIL & VINILA CHEREDDY",
"938036","260330640","R","1212 KLEE ST","LOT 89 BLK A FORT DESSAU WEST","KUMAR PANKAJ & PRACHI VERMA",
"938046","260330820","R","13721 BAVARIAN FOREST DR","LOT 22 BLK H FORT DESSAU WEST","BAND MAHESH MADHUKARRAO",
"938048","260330822","R","13805 BAVARIAN FOREST DR","LOT 20 BLK H FORT DESSAU WEST","TREHAN TARU KUMAR & DIVYA",
"938049","260330823","R","13809 BAVARIAN FOREST DR","LOT 19 BLK H FORT DESSAU WEST","POKHAREL GYANESWOR & ILA POKHAREL &",
"938050","260330824","R","13813 BAVARIAN FOREST DR","LOT 18 BLK H FORT DESSAU WEST","GUPTA ANSHUMAN",
"937979","260331219","R","14013 ZUHAUSE DR","LOT 38 BLK A FORT DESSAU WEST","SIDANA PULKIT ARUN & PANKHI PRASHER",
"937982","260331222","R","14025 ZUHAUSE DR","LOT 41 BLK A FORT DESSAU WEST","RAJ SAMIR KUMAR",
"938067","260331312","R","13816 ZUHAUSE DR","LOT 11 BLK K FORT DESSAU WEST","GUPTA DIVYANG & GAYATRI RAMAN",
"938071","260331316","R","13800 ZUHAUSE DR","LOT 7 BLK K FORT DESSAU WEST","NAVAYAN SHOBA",
"938074","260331319","R","13712 ZUHAUSE DR","LOT 4 BLK K FORT DESSAU WEST","RAVILISETTY VENKATA SUBBA RAO & DURGA",
"938082","260331324","R","13705 LUBECK DR","LOT 43 BLK K FORT DESSAU WEST","ANSARISAMANI MARYAM",
"938085","260331327","R","13717 LUBECK DR","LOT 40 BLK K FORT DESSAU WEST","MISTRY NIMISHA BABUBHAI & PRITESHKUMAR RAGHUBHAI LAD",
"938103","260331403","R","13900 BAVARIAN FOREST DR","LOT 12 BLK J FORT DESSAU WEST","UPADHYAY UMESH PRASAD",
"938104","260331404","R","13816 BAVARIAN FOREST DR","LOT 11 BLK J FORT DESSAU WEST","KAPOOR FAMILY REVOCABLE TRUST",
"938106","260331406","R","13808 BAVARIAN FOREST DR","LOT 9 BLK J FORT DESSAU WEST","ANAND AASHISH & SHARANYA PRADEEP",
"938108","260331408","R","13800 BAVARIAN FOREST DR","LOT 7 BLK J FORT DESSAU WEST","VECHA KAUSHIK",
"938121","260331421","R","13801 ZUHAUSE DR","LOT 22 BLK J FORT DESSAU WEST","SHRESTHA SUBASH GOPAL & BINITA",
"938128","260331428","R","13905 ZUHAUSE DR","LOT 15 BLK J FORT DESSAU WEST","SHYIKH MOHAMMED ZAID & AYESHA NASEER KHAN",
"909485","260361209","R","14309 FRANKEL LOOP","UNT 20B FORT DESSAU TOWNHOMES CONDOMINIUMS AMENDED PLUS 1.0 % INT IN COM AREA","KARTHA RAJESH & NIKHILA VIJAYAN",
"926689","260361225","R","14309 FRANKEL LOOP","UNT 20A FORT DESSAU TOWNHOMES CONDOMINIUMS AMENDED PLUS 1.0 % INT IN COM AREA","NAGINENI ARJUN",
"926695","260361231","R","1501 GROPIUS LN","UNT 30A FORT DESSAU TOWNHOMES CONDOMINIUMS AMENDED PLUS 1.0 % INT IN COM AREA","JAIN MADHUR",
"926740","260361276","R","1401 ANHALT DR","UNT 44B FORT DESSAU TOWNHOMES CONDOMINIUMS AMENDED PLUS 1.0 % INT IN COM AREA","KAKADE VISHAAL",
"926752","260361288","R","1404 SCHLEMMER PLZ","UNT 42B FORT DESSAU TOWNHOMES CONDOMINIUMS AMENDED PLUS 1.0 % INT IN COM AREA","VEDANTAM MIHIR &",
"926753","260361289","R","14209 HANDEL DR","UNT 3A FORT DESSAU TOWNHOMES CONDOMINIUMS AMENDED PLUS 1.0 % INT IN COM AREA","KUSHWAHA GAURAV",
"926763","260361299","R","14201 HANDEL DR","UNT 1A FORT DESSAU TOWNHOMES CONDOMINIUMS AMENDED PLUS 1.0 % INT IN COM AREA","MOHAN MUKTESH &",
"909944","260361306","R","14101 HANDEL DR","UNT 5 FORT DESSAU VILLAS CONDOMINIUMS PLUS 1.1627 % INT IN COM AREA","GUPTA AAKASH K & NIRJANA S THAKURI",
"909948","260361310","R","14102 HANDEL DR","UNT 9 FORT DESSAU VILLAS CONDOMINIUMS PLUS 1.1627 % INT IN COM AREA","AKKARAJU VENKATA M & SARITHA",
"909953","260361315","R","14109 FRANKEL LOOP","UNT 14 FORT DESSAU VILLAS CONDOMINIUMS PLUS 1.1627 % INT IN COM AREA","MANIDAS NAGENDRAN SATHANANDA",
"909963","260361325","R","1512 KANDINSKY BND","UNT 24 FORT DESSAU VILLAS CONDOMINIUMS PLUS 1.1627 % INT IN COM AREA","BRAR KARANDEEP S & RACY",
"909976","260361338","R","14605 FRANKEL LOOP","UNT 37 FORT DESSAU VILLAS CONDOMINIUMS PLUS 1.1627 % INT IN COM AREA","KHAN ANEEQA",
"909981","260361343","R","14505 FRANKEL LOOP","UNT 42 FORT DESSAU VILLAS CONDOMINIUMS PLUS 1.1627 % INT IN COM AREA","CHANDRA RAVI &",
"909999","260361361","R","14012 LUISIUM VW","UNT 60 FORT DESSAU VILLAS CONDOMINIUMS PLUS 1.1627 % INT IN COM AREA","KOVI CHANDRA MOULY &",
"910003","260361365","R","14020 LUISIUM VW","UNT 64 FORT DESSAU VILLAS CONDOMINIUMS PLUS 1.1627 % INT IN COM AREA","SHANKAR ONG FAMILY TRUST",
"910007","260361369","R","14102 LUISIUM VW","UNT 68 FORT DESSAU VILLAS CONDOMINIUMS PLUS 1.1627 % INT IN COM AREA","PATEL POOJA",
"910009","260361371","R","14106 LUISIUM VW","UNT 70 FORT DESSAU VILLAS CONDOMINIUMS PLUS 1.1627 % INT IN COM AREA","SINHA AMITESH KUMAR &",
"910012","260361374","R","14112 LUISIUM VW","UNT 73 FORT DESSAU VILLAS CONDOMINIUMS PLUS 1.1627 % INT IN COM AREA","PATIL NITISH RANJAN",
"932631","260381301","R","2412 NIGHTVIEW DR","LOT 13 BLK K ENTRADA PHS 4","GANGA BHAGATH KUMAR",
"932638","260381308","R","2308 NIGHTVIEW DR","LOT 6 BLK K ENTRADA PHS 4","KANDULA SOWMYA KRISHNA",
"932641","260381311","R","2212 NIGHTVIEW DR","LOT 3 BLK K ENTRADA PHS 4","KANDULA VENKATA AJAY KRISHNA",
"932618","260381410","R","14100 NIGHTVIEW CV","LOT 7 BLK M ENTRADA PHS 4","YELLAJOSYULA CHITRA &",
"932571","260381430","R","2200 FORGETMENOT LN","LOT 28 BLK M ENTRADA PHS 4","KAMI HEMA PRAKASH & ANNAPURNA KATTA",
"932573","260381432","R","2205 FORGETMENOT LN","LOT 30 BLK M ENTRADA PHS 4","MITTAL AKSHAY",
"932596","260400312","R","14305 SANDROCK BND","LOT 28 BLK N ENTRADA PHS 4","GUNUPUDI SRIVIDYA & LAXMINARAYANA TUMULURU",
"932597","260400313","R","14309 SANDROCK BND","LOT 27 BLK N ENTRADA PHS 4","GANDU VAMSHI KRISHNA",
"970787","260400403","R","2804 SCHWARTZ LN","ENTRADA PHS 3 BLK L LOT 8","SHARMA RAGHAV",
"970789","260400405","R","2720 SCHWARTZ LN","ENTRADA PHS 3 BLK L LOT 10","VISWANATH SANTHOSH &",
"970794","260400410","R","2700 SCHWARTZ LN","ENTRADA PHS 3 BLK L LOT 15","CHATTERJEE SIDDHARTHA",
"970803","260400419","R","2516 SCHWARTZ LN","ENTRADA PHS 3 BLK L LOT 24","SHANDILYA PUSHYAMI PANINDRASHAYI",
"970810","260400506","R","2521 SCHWARTZ LN","ENTRADA PHS 3 BLK Q LOT 54","GIRISH DEVADERSH",
"970816","260400512","R","14416 TREYVON RD","ENTRADA PHS 3 BLK Q LOT 60","GANTA JAYADEEP REDDY",
"970819","260400602","R","14417 TREYVON RD","ENTRADA PHS 3 BLK Q LOT 88","NADELLA VIJAY VAMSI",
"970821","260400604","R","14425 TREYVON RD","ENTRADA PHS 3 BLK Q LOT 90","VENUGOPAL MEENAKSHI",
"970823","260400606","R","14412 NINI CV","ENTRADA PHS 3 BLK Q LOT 92","RAMAN KAILASAPATHY",
"970825","260400608","R","14404 NINI CV","ENTRADA PHS 3 BLK Q LOT 94","NALLURAJ LAVANYA & SATISH PERIASAMY",
"970864","260430204","R","14412 KOTI WAY","ENTRADA PHS 3 BLK Q LOT 103","GURUMOORTHY MURALICHARAN &",
"970865","260430205","R","14408 KOTI WAY","ENTRADA PHS 3 BLK Q LOT 104","GOPALAKRISHNAN ANOOP &",
"970866","260430301","R","14413 KOTI WAY","ENTRADA PHS 3 BLK Q LOT 108","KOTHOORRAMAN MEERA",
"970867","260430302","R","14417 KOTI WAY","ENTRADA PHS 3 BLK Q LOT 109","THAKKER SOHAM SUNIL",
"970868","260430303","R","14421 KOTI WAY","ENTRADA PHS 3 BLK Q LOT 110","KALIA SAKHUJA FAMILY REVOCABLE",
"937986","262331602","R","14113 ZUHAUSE DR","LOT 45 BLK A FORT DESSAU WEST","SHETH ANIKET NITESH",
"937995","262331611","R","14004 LUBECK DR","LOT 54 BLK A FORT DESSAU WEST","RAJA PRATIK PARESH & PRIYA SAMANI",
"954899","262430104","R","1408 CARVIN WAY","LISSO TRACT PHS 1 BLK B LOT 4","PALIWAL GAURAV & ADISHREE",
"954902","262430107","R","1420 CARVIN WAY","LISSO TRACT PHS 1 BLK B LOT 7","PRABHUGAONKAR GARGI GOPALKRISHNA &",
"954903","262430108","R","1424 CARVIN WAY","LISSO TRACT PHS 1 BLK B LOT 8","WANKHADE SWAPNIL ASHOKRAO &",
"954906","262430111","R","1508 CARVIN WAY","LISSO TRACT PHS 1 BLK B LOT 11","SENTHILVELAN KRISHNARJUN &",
"954909","262430114","R","1520 CARVIN WAY","LISSO TRACT PHS 1 BLK B LOT 14","BHOOMIREDDY SUDHA",
"954911","262430116","R","1600 CARVIN WAY","LISSO TRACT PHS 1 BLK B LOT 16","AMUDA SAI KISHORE &",
"954912","262430117","R","1604 CARVIN WAY","LISSO TRACT PHS 1 BLK B LOT 17","VARREY MAHESH KUMAR",
"954913","262430118","R","1608 CARVIN WAY","LISSO TRACT PHS 1 BLK B LOT 18","CHAKRABORTY SAUMILI &",
"954915","262430120","R","1616 CARVIN WAY","LISSO TRACT PHS 1 BLK B LOT 20","GOVINDARAJ SANDEEP &",
"954916","262430121","R","1620 CARVIN WAY","LISSO TRACT PHS 1 BLK B LOT 21","PANCHANI ROHITKUMAR A &",
"954918","262430123","R","1700 CARVIN WAY","LISSO TRACT PHS 1 BLK B LOT 23","MOHANKUMAR KRISHNAKUMAR K &",
"954919","262430124","R","1704 CARVIN WAY","LISSO TRACT PHS 1 BLK B LOT 24","MOPKAR ANAND &",
"954920","262430125","R","1708 CARVIN WAY","LISSO TRACT PHS 1 BLK B LOT 25","SAHOO ANIL KUMAR &",
"954921","262430126","R","1712 CARVIN WAY","LISSO TRACT PHS 1 BLK B LOT 26","PONNADA SHANMUKHIPRIYA &",
"954922","262430127","R","1716 CARVIN WAY","LISSO TRACT PHS 1 BLK B LOT 27","KOTHAPALLI SAI KUMAR",
"954923","262430128","R","1720 CARVIN WAY","LISSO TRACT PHS 1 BLK B LOT 28","TALATOTI SUDEEP CHANDAN",
"954924","262430129","R","15101 OLLIE BRIAR ST","LISSO TRACT PHS 1 BLK B LOT 29","REDDY HARSHA VARDHAN REDDY NARAYANA",
"954926","262430130","R","15105 OLLIE BRIAR ST","LISSO TRACT PHS 1 BLK B LOT 30","MADDINENI GOPI &",
"954927","262430131","R","15109 OLLIE BRIAR ST","LISSO TRACT PHS 1 BLK B LOT 31","YELAMARTHI SANTOSH DHEERAJ &",
"954930","262430134","R","15117 OLLIE BRIAR ST","LISSO TRACT PHS 1 BLK B LOT 34","GHIMIRE SANTOSH KUMAR &",
"954931","262430135","R","15121 OLLIE BRIAR ST","LISSO TRACT PHS 1 BLK B LOT 35","NARASIMHAMURTHY PADMINI NUGGEHALLI",
"954941","262430201","R","15212 BITHAL ST","LISSO TRACT PHS 1 BLK A LOT 53","SENGOTTAIYAN HARRI &",
"954944","262430204","R","15200 BITHAL ST","LISSO TRACT PHS 1 BLK A LOT 50","PERI KARTEEK & MANASA KANDALA",
"954947","262430207","R","1905 GRAND LEEANNE WAY","LISSO TRACT PHS 1 BLK A LOT 47","KOTICHA CHINTAN & SNEHA KAWITKAR",
"954949","262430209","R","1913 GRAND LEEANNE WAY","LISSO TRACT PHS 1 BLK A LOT 45","VERMA DILIP KUMAR & REKHA",
"954950","262430210","R","1917 GRAND LEEANNE WAY","LISSO TRACT PHS 1 BLK A LOT 44","ALLAGADDA BALA VENKATA GANESH",
"954952","262430212","R","1925 GRAND LEEANNE WAY","LISSO TRACT PHS 1 BLK A LOT 42","PODDUPODUPU ANIL KUMAR &",
"954953","262430213","R","1929 GRAND LEEANNE WAY","LISSO TRACT PHS 1 BLK A LOT 41","TALLAM VENKATA NAGA SAI SINDHURA &",
"954954","262430214","R","1933 GRAND LEEANNE WAY","LISSO TRACT PHS 1 BLK A LOT 40","THAMPI PULARI R &",
"954956","262430216","R","2005 GRAND LEEANNE WAY","LISSO TRACT PHS 1 BLK A LOT 38","MARRI MADHUSUDHAN REDDY &",
"954957","262430217","R","2009 GRAND LEEANNE WAY","LISSO TRACT PHS 1 BLK A LOT 37","SRIDHARAN SRIVIDHYA",
"954958","262430218","R","2013 GRAND LEEANNE WAY","LISSO TRACT PHS 1 BLK A LOT 36","VALLURI RAJ KUMAR & TEJASWI KANDULA",
"954959","262430219","R","2017 GRAND LEEANNE WAY","LISSO TRACT PHS 1 BLK A LOT 35","MAJETI HARISH KUMAR &",
"954960","262430220","R","2021 GRAND LEEANNE WAY","LISSO TRACT PHS 1 BLK A LOT 34","VENU SANDEEP SURAJ &",
"954962","262430222","R","2105 GRAND LEEANNE WAY","LISSO TRACT PHS 1 BLK A LOT 32","RAMANAN SRIDHAR &",
"954963","262430223","R","2109 GRAND LEEANNE WAY","LISSO TRACT PHS 1 BLK A LOT 31","PITTU RAVI BABU &",
"954964","262430224","R","2113 GRAND LEEANNE WAY","LISSO TRACT PHS 1 BLK A LOT 30","ADDEPALLI SAMPATH",
"954965","262430225","R","2117 GRAND LEEANNE WAY","LISSO TRACT PHS 1 BLK A LOT 29","PACHIGOLLA KRISHNA PRASAD BABU",
"954966","262430226","R","2121 GRAND LEEANNE WAY","LISSO TRACT PHS 1 BLK A LOT 28","GAGGUTURU HIDAYATHULLA",
"954969","262430229","R","1713 CARVIN WAY","LISSO TRACT PHS 1 BLK A LOT 25","UMMANENI SRINIVASA",
"954970","262430230","R","1709 CARVIN WAY","LISSO TRACT PHS 1 BLK A LOT 24","SHARMA ANURAG & MEENAKSHI",
"954971","262430231","R","1705 CARVIN WAY","LISSO TRACT PHS 1 BLK A LOT 23","MANCHUKONDA VENKATA MALLIKHARJUNA",
"954972","262430232","R","1701 CARVIN WAY","LISSO TRACT PHS 1 BLK A LOT 22","JAYAPAL GOWTHAMAN &",
"954974","262430234","R","1621 CARVIN WAY","LISSO TRACT PHS 1 BLK A LOT 20","KHAN NAJAM",
"954975","262430235","R","1617 CARVIN WAY","LISSO TRACT PHS 1 BLK A LOT 19","TANNERU NARASIMHA RAO &",
"954979","262430239","R","1605 CARVIN WAY","LISSO TRACT PHS 1 BLK A LOT 15","PEDDI SAI TEJA",
"954981","262430241","R","1521 CARVIN WAY","LISSO TRACT PHS 1 BLK A LOT 13","RAMEGOWDA CHANDAN KUMAR",
"954982","262430242","R","1513 CARVIN WAY","LISSO TRACT PHS 1 BLK A LOT 12","RAJASEKARAN SANDHANA &",
"954985","262430245","R","1501 CARVIN WAY","LISSO TRACT PHS 1 BLK A LOT 9","RANJOL ASHWATHREDDY &",
"954986","262430246","R","1425 CARVIN WAY","LISSO TRACT PHS 1 BLK A LOT 8","AMIN MAHMOOD & QURATUL A IRFAN",
"954987","262430247","R","1421 CARVIN WAY","LISSO TRACT PHS 1 BLK A LOT 7","NALLA CHAITANYA",
"954996","262430303","R","2112 GRAND LEEANNE WAY","LISSO TRACT PHS 1 BLK C LOT 8","SOHANE SHYAM KUMAR & SAKSHI RUSIYA",
"954997","262430304","R","2108 GRAND LEEANNE WAY","LISSO TRACT PHS 1 BLK C LOT 7","JALLA PHANINDRA",
"955001","262430308","R","2016 GRAND LEEANNE WAY","LISSO TRACT PHS 1 BLK C LOT 3","PATIDAR SOURABH",
"955002","262430309","R","2012 GRAND LEEANNE WAY","LISSO TRACT PHS 1 BLK C LOT 2","SEBASTIAN VIJAY ANTHONY &",
"955004","262430311","R","15201 BITHAL ST","LISSO TRACT PHS 1 BLK D LOT 32","KAKUMANU VAMSEE KRISHNA & MADHURI",
"955005","262430312","R","15205 BITHAL ST","LISSO TRACT PHS 1 BLK D LOT 31","SAMBAMURTHY SRIRAM &",
"955006","262430313","R","15209 BITHAL ST","LISSO TRACT PHS 1 BLK D LOT 30","SRINIVASA PURNANANDA SAI RAM KIRAN",
"955007","262430314","R","15213 BITHAL ST","LISSO TRACT PHS 1 BLK D LOT 29","MADNANI ANKIT & BHAWNA KHAYANI",
"955008","262430315","R","15217 BITHAL ST","LISSO TRACT PHS 1 BLK D LOT 28","TAWDE AMRUTA &",
"955009","262430316","R","15219 BITHAL ST","LISSO TRACT PHS 1 BLK D LOT 27","BERLIN SUJAI MURUGAIAH &",
"955010","262430317","R","15221 BITHAL ST","LISSO TRACT PHS 1 BLK D LOT 26","VARHABHATLA RAJAGOPAL",
"965249","262430318","R","15301 HOLLOWAY DR","LISSO TRACT PHS 2 BLK C LOT 17","PASULADHI NIKITHA",
"965250","262430319","R","15305 HOLLOWAY DR","LISSO TRACT PHS 2 BLK C LOT 16","PANDEY HIMANSHU & ANIKA",
"965251","262430320","R","15309 HOLLOWAY DR","LISSO TRACT PHS 2 BLK C LOT 15","DONDAPATI KRISHNAVENI",
"965252","262430321","R","15313 HOLLOWAY DR","LISSO TRACT PHS 2 BLK C LOT 14","GOGULA SRINIVASA RAO & SWATHI",
"965253","262430322","R","15317 HOLLOWAY DR","LISSO TRACT PHS 2 BLK C LOT 13","MYLA NAGARJUNA & RENUKA NAGULLA",
"965231","262430401","R","1912 PURPLE MARTIN DR","LISSO TRACT PHS 2 BLK E LOT 4","PRATHA SIVA KUMAR &",
"965233","262430501","R","15312 HOLLOWAY DR","LISSO TRACT PHS 2 BLK D LOT 11","RAZA MOHAMMED WASIM &",
"965234","262430502","R","15308 HOLLOWAY DR","LISSO TRACT PHS 2 BLK D LOT 10","MIRAJGAONKAR NEERAJ NAGESH",
"965236","262430504","R","15300 HOLLOWAY DR","LISSO TRACT PHS 2 BLK D LOT 8","RADHAKRISHNAN PRIYANGA &",
"965239","262430507","R","15216 HOLLOWAY DR","LISSO TRACT PHS 2 BLK D LOT 5","SAMPATH SARAVANAN KULASEKARAN",
"965243","262430511","R","15200 HOLLOWAY DR","LISSO TRACT PHS 2 BLK D LOT 01","KASALA NANDINI & ANIL KUMAR MERUGU",
"965244","262430512","R","1905 PURPLE MARTIN DR","LISSO TRACT PHS 2 BLK D LOT 24","KOYILADA POORNA CHANDRA RAO",
"965245","262430513","R","1907 PURPLE MARTIN DR","LISSO TRACT PHS 2 BLK D LOT 23","CHOLLETI INDISH & SRI PHANI CHANDA  ",
"965246","262430514","R","1909 PURPLE MARTIN DR","LISSO TRACT PHS 2 BLK D LOT 22","POKHAREL SHIKHA & ANIL GURAGAI",
"965247","262430515","R","1913 PURPLE MARTIN DR","LISSO TRACT PHS 2 BLK D LOT 21","POPLE SHASHIKANT PRAKASHRAO &",
"955013","262460102","R","15201 OLLIE BRIAR ST","LISSO TRACT PHS 1 BLK B LOT 38","BOGA PRATAP BHASKERBABU &",
"965268","262460104","R","15209 OLLIE BRIAR ST","LISSO TRACT PHS 2 BLK B LOT 40","DACHEPALLI RAVI KRISHNA TEJA",
"965270","262460106","R","15217 OLLIE BRIAR ST","LISSO TRACT PHS 2 BLK B LOT 42","NAYYAR SAURABH & TANIYA GANGWANI",
"965272","262460108","R","15301 OLLIE BRIAR ST","LISSO TRACT PHS 2 BLK B LOT 44","KUMAR ASHISH & TRISHA SINHA",
"965275","262460111","R","15313 OLLIE BRIAR ST","LISSO TRACT PHS 2 BLK B LOT 47","KARASANI YESWANTH REDDY &",
"965276","262460112","R","15317 OLLIE BRIAR ST","LISSO TRACT PHS 2 BLK B LOT 48","TADRI PRABHU KUMAR",
"965277","262460113","R","15401 OLLIE BRIAR ST","LISSO TRACT PHS 2 BLK B LOT 49","GANDHI RAAJ PAULAMKUMAR &",
"965278","262460114","R","15405 OLLIE BRIAR ST","LISSO TRACT PHS 2 BLK B LOT 50","KOMATINENI RAHUL",
"965256","262460203","R","2004 PURPLE MARTIN DR","LISSO TRACT PHS 2 BLK E LOT 7","KUMAR VIJAY",
"965257","262460204","R","2000 PURPLE MARTIN DR","LISSO TRACT PHS 2 BLK E LOT 6","VILVAPATHY SASIKUMAR",
"965258","262460205","R","1916 PURPLE MARTIN DR","LISSO TRACT PHS 2 BLK E LOT 5","THIRUNEELAKANDAN PRADEEPKUMAR &",
"965259","262460301","R","1921 PURPLE MARTIN DR","LISSO TRACT PHS 2 BLK D LOT 19","ENUGANTI SOUMYA SUSHMA &",
"965261","262460303","R","2005 PURPLE MARTIN DR","LISSO TRACT PHS 2 BLK D LOT 17","PALAKOTI SATISH CHANDRA &",
"965262","262460304","R","2009 PURPLE MARTIN DR","LISSO TRACT PHS 2 BLK D LOT 16","ANAND HEMA MALINI",
"965263","262460305","R","2013 PURPLE MARTIN DR","LISSO TRACT PHS 2 BLK D LOT 15","WANKHADE ASHISH RAMESH &",
"965264","262460306","R","15324 HOLLOWAY DR","LISSO TRACT PHS 2 BLK D LOT 14","KAKANI SATHISHKUMAR",
"965281","262460401","R","15321 HOLLOWAY ST","LISSO TRACT PHS 2 BLK C LOT 12","KAMIREDDY APARNA & RAMA MOHAN REDDY",
"965282","262460402","R","15325 HOLLOWAY ST","LISSO TRACT PHS 2 BLK C LOT 11","RAYALA ANIL KUMAR & RENUKA DEVI",
"918367","264280161","R","14212 SILVER LACE LN","LOT 13 BLK A VILLAGE AT NORTHTOWN SEC 3 LT 5 BLK C RESUB","NYAMTABAD RAHUL",
"918370","264280164","R","14200 SILVER LACE LN","LOT 16 BLK A VILLAGE AT NORTHTOWN SEC 3 LT 5 BLK C RESUB","MUN SEJUTI SAHA & SANJAYA DAS JOY",
"918391","264300126","R","14100 PURPLE AZALEA DR","LOT 23 BLK A VILLAGE AT NORTHTOWN SEC 3 LT 5 BLK C RESUB","SINGH ASHISH",
"918395","264300130","R","313 PARROT TULIP VIEW VIEW","LOT 27 BLK A VILLAGE AT NORTHTOWN SEC 3 LT 5 BLK C RESUB","SINGH SHIVANG & NEHA SANWAL",
"918402","264300137","R","14107 HONEY GEM DR","LOT 34 BLK A VILLAGE AT NORTHTOWN SEC 3 LT 5 BLK C RESUB","KHANAL SHIVA",
"918405","264300140","R","14113 HONEY GEM DR","LOT 37 BLK A VILLAGE AT NORTHTOWN SEC 3 LT 5 BLK C RESUB","ADHIKARI PUSHPA & BIMAL",
"918411","264300146","R","14301 HONEY GEM DR","LOT 43 BLK A VILLAGE AT NORTHTOWN SEC 3 LT 5 BLK C RESUB","SHANKHADEV RUBESH",
"897571","264300501","R","14401 JACKSON BROWNING LN","VILLAGE AT NORTHTOWN SEC 2 PHS 1 BLK D LOT 35","SANGHAVI NIPUL VINODBHAI &",
"918434","264300719","R","308 LEMON LIGHT LN","LOT 21 BLK B VILLAGE AT NORTHTOWN SEC 3 LT 5 BLK C RESUB","CHALLAPALLI JOGESWAR & ARUNA",
"918437","264300722","R","228 LEMON LIGHT LN","LOT 18 BLK B VILLAGE AT NORTHTOWN SEC 3 LT 5 BLK C RESUB","RAJANI DHIRAJ & STUTI GUPTA",
"918438","264300723","R","224 LEMON LIGHT LN","LOT 17 BLK B VILLAGE AT NORTHTOWN SEC 3 LT 5 BLK C RESUB","THAPA AYUSH & SUSHILA KC",
"918441","264300726","R","212 LEMON LIGHT LN","LOT 14 BLK B VILLAGE AT NORTHTOWN SEC 3 LT 5 BLK C RESUB","SHEIKH AFTAB",
"918443","264300728","R","204 LEMON LIGHT LN","LOT 12 BLK B VILLAGE AT NORTHTOWN SEC 3 LT 5 BLK C RESUB","THAPA SURESH & SANGITA BUHDATHOKI",
"918445","264300801","R","121 LEMON LIGHT LN","LOT 4 BLK C VILLAGE AT NORTHTOWN SEC 3 LT 5 BLK C RESUB","POKHREL DIPESH & ANJU",
"918446","264300802","R","201 LEMON LIGHT LN","LOT 5 BLK C VILLAGE AT NORTHTOWN SEC 3 LT 5 BLK C RESUB","GADE JIVAN",
"918448","264300804","R","209 LEMON LIGHT LN","LOT 7 BLK C VILLAGE AT NORTHTOWN SEC 3 LT 5 BLK C RESUB","SOKKULA SAI RAM REDDY &",
"918450","264300806","R","217 LEMON LIGHT LN","LOT 9 BLK C VILLAGE AT NORTHTOWN SEC 3 LT 5 BLK C RESUB","AGRAWAL AYUSH",
"918452","264300808","R","14212 PURPLE AZALEA DR","LOT 11 BLK C VILLAGE AT NORTHTOWN SEC 3 LT 5 BLK C RESUB","GHIMIRE CHANDRA & BIMALA DABAL",
"918456","264300812","R","208 PEARL BUTTERFLY WAY","LOT 15 BLK C VILLAGE AT NORTHTOWN SEC 3 LT 5 BLK C RESUB","SHAKEEL MUHAMMAD & JABEEN &",
"918458","264300814","R","204 PEARL BUTTERFLY WAY","LOT 17 BLK C VILLAGE AT NORTHTOWN SEC 3 LT 5 BLK C RESUB","KAUR ANKITA",
"918462","264300903","R","14200 FLAWLESS FLORA DR DR","LOT 17 BLK D VILLAGE AT NORTHTOWN SEC 3 LT 5 BLK C RESUB","SINGH SUKHBIR",
"918476","264300917","R","14209 PURPLE AZALEA DR DR","LOT 3 BLK D VILLAGE AT NORTHTOWN SEC 3 LT 5 BLK C RESUB","KALEYATODI RAVISHANKAR R",
"918482","264301004","R","407 LYNWOOD GOLD WAY","LOT 4 BLK E VILLAGE AT NORTHTOWN SEC 3 LT 5 BLK C RESUB","PARAMESHWARAN JAGADEESH KUMAR &",
"918484","264301006","R","14108 HONEY GEM DR","LOT 6 BLK E VILLAGE AT NORTHTOWN SEC 3 LT 5 BLK C RESUB","PUNNAM RANJITH",
"994149","264400802","R","15404 FLOWERS  VIEW","LISSO TRACT PHS 3 BLK O LOT 28","KUNTAMUKKALA NAGA SAI SRIKAR &",
"994151","264400804","R","1205 ALANA FALLS  AVE","LISSO TRACT PHS 3 BLK O LOT 26","GURUSWAMY NITHIN KUMAR",
"994152","264400805","R","1209 ALANA FALLS  AVE","LISSO TRACT PHS 3 BLK O LOT 25","OLI YUB RAJ & MENAKA KARKI",
"994153","264400806","R","1213 ALANA FALLS  AVE","LISSO TRACT PHS 3 BLK O LOT 24","GANESAN ANUSHA SREE RAJALAKSHME",
"994210","264400809","R","1312 PURPLE MARTIN DR","LISSO TRACT PHS 3 BLK O LOT 13","CHANDRA LIKHITHA",
"994228","264400907","R","1317  PURPLE MARTIN DR","LISSO TRACT PHS 3 BLK N LOT 3","VINOD VISHNU SREEJA &",
"955019","264430106","R","1716 ALANA FALLS AVE","LISSO TRACT PHS 1 BLK L LOT 6","PABBIREDDY AVINASH",
"955021","264430108","R","1708 ALANA FALLS AVE","LISSO TRACT PHS 1 BLK L LOT 8","CHUNDURU VAMSI KRISHNA &",
"955025","264430112","R","1628 ALANA FALLS AVE","LISSO TRACT PHS 1 BLK L LOT 12","THAPALIYA SAGAR & USHA BHUSHAL",
"955026","264430113","R","1624 ALANA FALLS AVE","LISSO TRACT PHS 1 BLK L LOT 13","VARDINENI VENKATA SUBBARAO &",
"955027","264430114","R","1620 ALANA FALLS AVE","LISSO TRACT PHS 1 BLK L LOT 14","MANAVALAN VIJAY GANAPATHY",
"955015","264430119","R","1732 ALANA FALLS AVE","LISSO TRACT PHS 1 BLK L LOT 2","KANDULA SOWMYA KRISHNA &",
"955016","264430120","R","1728 ALANA FALLS AVE","LISSO TRACT PHS 1 BLK L LOT 240","KHATRI SAGAR & SHARMILA DANGI",
"955030","264430201","R","1626 PURPLE MARTIN DR","LISSO TRACT PHS 1 BLK J LOT 1","PARASA NAGA SANDEEP",
"955031","264430202","R","1624 PURPLE MARTIN DR","LISSO TRACT PHS 1 BLK J LOT 2","SHARMA VISHAL BUDHI & CHARU",
"955033","264430204","R","1620 PURPLE MARTIN DR","LISSO TRACT PHS 1 BLK J LOT 4","KUNTA VENKAT RAM REDDY &",
"955034","264430205","R","1618 PURPLE MARTIN DR","LISSO TRACT PHS 1 BLK J LOT 5","MANOHARAN ABHIJITH &",
"955035","264430206","R","1616 PURPLE MARTIN DR","LISSO TRACT PHS 1 BLK J LOT 6","MOHAMMED ABDUL MANNAN &",
"955037","264430208","R","1612 PURPLE MARTIN DR","LISSO TRACT PHS 1 BLK J LOT 8","MATHUKUMALLI BALA KRISHNA P",
"955038","264430209","R","1610 PURPLE MARTIN DR","LISSO TRACT PHS 1 BLK J LOT 9","AIYAH MEDHA V",
"955039","264430210","R","1608 PURPLE MARTIN DR","LISSO TRACT PHS 1 BLK J LOT 10","VOOTLA SHILPA",
"955041","264430212","R","1604 PURPLE MARTIN DR","LISSO TRACT PHS 1 BLK J LOT 12","NARESH KAUSHIK &",
"955044","264430215","R","1601 ALANA FALLS AVE","LISSO TRACT PHS 1 BLK J LOT 15","PACHIGOLLA YESU RATNAM",
"955046","264430217","R","1605 ALANA FALLS AVE","LISSO TRACT PHS 1 BLK J LOT 17","SANIL NAMRATA RAGHU &",
"955047","264430218","R","1607 ALANA FALLS AVE","LISSO TRACT PHS 1 BLK J LOT 18","BAYANENI SHAAN & SUNITHA KILARI",
"955048","264430219","R","1609 ALANA FALLS AVE","LISSO TRACT PHS 1 BLK J LOT 19","KUMAR CHETAN MYSORE &",
"955051","264430222","R","1615 ALANA FALLS AVE","LISSO TRACT PHS 1 BLK J LOT 22","KUMAR DIVYA RAVINDRA &",
"955052","264430223","R","1617 ALANA FALLS AVE","LISSO TRACT PHS 1 BLK J LOT 23","SHAIKH AADIL AHMED &",
"955055","264430226","R","1623 ALANA FALLS AVE","LISSO TRACT PHS 1 BLK J LOT 26","MANDAL SAMIR",
"955056","264430227","R","1625 ALANA FALLS AVE","LISSO TRACT PHS 1 BLK J LOT 27","ENUGA SAI SUHRULLEKHA &",
"955060","264430303","R","1601 PURPLE MARTIN DR","LISSO TRACT PHS 1 BLK K LOT 23","TYAGI RAJAT & NITIN TYAGI",
"955062","264430305","R","1605 PURPLE MARTIN DR","LISSO TRACT PHS 1 BLK K LOT 21","SUBRAMANIAM SRIDHAR PALANISAMY",
"955063","264430306","R","1607 PURPLE MARTIN DR","LISSO TRACT PHS 1 BLK K LOT 20","PALANISAMY SURESH &",
"955065","264430308","R","1611 PURPLE MARTIN DR","LISSO TRACT PHS 1 BLK K LOT 18","MAHATO KESH KUMAR & THAN MAYA",
"955066","264430309","R","1613 PURPLE MARTIN DR","LISSO TRACT PHS 1 BLK K LOT 17","MOHAMMED NAZEER",
"955068","264430311","R","1617 PURPLE MARTIN DR","LISSO TRACT PHS 1 BLK K LOT 15","DELIWALA NIRALI BIPIN",
"955069","264430312","R","1619 PURPLE MARTIN DR","LISSO TRACT PHS 1 BLK K LOT 14","RAGAVAN VIJAYABANU &",
"955070","264430313","R","1621 PURPLE MARTIN DR","LISSO TRACT PHS 1 BLK K LOT 13","SAMPATH OBULI KARTHIKEYAN &",
"955072","264430315","R","1204 CARVIN WAY","LISSO TRACT PHS 1 BLK K LOT 11","THIMMAPPA SATHYA &",
"955073","264430316","R","1208 CARVIN WAY","LISSO TRACT PHS 1 BLK K LOT 10","MITTAL ANKIT & GHAZAL JAIN",
"955076","264430319","R","1220 CARVIN WAY","LISSO TRACT PHS 1 BLK K LOT 7","SURABHI SINDHUJA &",
"955077","264430320","R","1224 CARVIN WAY","LISSO TRACT PHS 1 BLK K LOT 6","HEGDE ANUDEEP & DEEPA SUBRAY",
"955079","264430322","R","1302 CARVIN WAY","LISSO TRACT PHS 1 BLK K LOT 4","NARALASETTI ADITYA CHAKRADHAR &",
"955080","264430323","R","1304 CARVIN WAY","LISSO TRACT PHS 1 BLK K LOT 3","RANJAN AMIT & JYOTSNA",
"955081","264430324","R","1306 CARVIN WAY","LISSO TRACT PHS 1 BLK K LOT 2","KONCHADA VAMSIKRISHNA",
"955082","264430325","R","1308 CARVIN WAY","LISSO TRACT PHS 1 BLK K LOT 1","RUHIAL MONIKA & AMAN GUPTA",
"994233","264430328","R","1405 PURPLE MARTIN DR","LISSO TRACT PHS 3 BLK K LOT 40","YERUVA VAISHNAVI",
"994234","264430329","R","1409 PURPLE MARTIN DR","LISSO TRACT PHS 3 BLK K LOT 39","SAHINI SOWRAB &",
"994238","264430333","R","1425 PURPLE MARTIN DR","LISSO TRACT PHS 3 BLK K LOT 35","PRAKASH SHWETHA SIDDAVANAHALLI",
"994239","264430334","R","1429 PURPLE MARTIN DR","LISSO TRACT PHS 3 BLK K LOT 34","RAVICHANDIRAN HARICHANDRA PRESATH &",
"994241","264430336","R","1505  PURPLE MARTIN DR","LISSO TRACT PHS 3 BLK K LOT 32","KONKALA LITHISH KUMAR REDDY",
"994242","264430337","R","1509 PURPLE MARTIN DR","LISSO TRACT PHS 3 BLK K LOT 31","YELLAPURADA SUNITHA &",
"994245","264430340","R","1521 PURPLE MARTIN DR","LISSO TRACT PHS 3 BLK K LOT 28","THAPA ANUNA",
"994246","264430341","R","1525 PURPLE MARTIN DR","LISSO TRACT PHS 3 BLK K LOT 27","SUNAR PREM BAHADUR & RENUKA",
"955083","264430401","R","1728 PURPLE MARTIN DR","LISSO TRACT PHS 1 BLK I LOT 1","MAKAM ANOOP NAGENDRA",
"955085","264430403","R","1720 PURPLE MARTIN DR","LISSO TRACT PHS 1 BLK I LOT 3","DEV VISHNU CHERUSOLA &",
"955087","264430405","R","1712 PURPLE MARTIN DR","LISSO TRACT PHS 1 BLK I LOT 5","PATEL VIVEKKUMAR DAHYABHAI &",
"955091","264430409","R","1701 ALANA FALLS AVE","LISSO TRACT PHS 1 BLK I LOT 9","GUTTULA DURGA RAMAKRISHNA PRASAD",
"955094","264430412","R","1707 ALANA FALLS AVE","LISSO TRACT PHS 1 BLK I LOT 12","HEGGADE SOWMYA KUDARAGUNDI GOVINDA",
"955098","264430416","R","1721 ALANA FALLS AVE","LISSO TRACT PHS 1 BLK I LOT 16","MYNENI ABHILASH &",
"955099","264430417","R","1725 ALANA FALLS AVE","LISSO TRACT PHS 1 BLK I LOT 17","UDHAYAKUMAR BALAMURUGAN &",
"955101","264430502","R","1209 CARVIN WAY","LISSO TRACT PHS 1 BLK G LOT 11","NALLURI PALLAVI & BHAVANA CHINNALA",
"955105","264430506","R","1721 PURPLE MARTIN DR","LISSO TRACT PHS 1 BLK G LOT 7","DARBHA SOUMYA",
"955106","264430507","R","1725 PURPLE MARTIN DR","LISSO TRACT PHS 1 BLK G LOT 6","GEHLOT NEEL & MEGHA KHANDELWAL",
"955107","264430508","R","1729 PURPLE MARTIN DR","LISSO TRACT PHS 1 BLK G LOT 5","ALA MANI VENKAT SAIKUMAR",
"955113","264430602","R","1901 WINDING TALLEY ST","LISSO TRACT PHS 1 BLK H LOT 2","GEEDIPALLY SANDEEP REDDY",
"955114","264430603","R","1905 WINDING TALLEY ST","LISSO TRACT PHS 1 BLK H LOT 3","NUTALAPATI ROHIT &",
"955116","264430605","R","1913 WINDING TALLEY ST","LISSO TRACT PHS 1 BLK H LOT 5","PAL AMIT KUMAR & RISHU ASHOK SAGAR",
"955117","264430606","R","1917 WINDING TALLEY ST","LISSO TRACT PHS 1 BLK H LOT 6","GOVIN ALPESH KUMAR & RAKSHA",
"955118","264430607","R","1921 WINDING TALLEY ST","LISSO TRACT PHS 1 BLK H LOT 7","NUKALA TARUN REDDY",
"955121","264430703","R","1313 CARVIN WAY","LISSO TRACT PHS 1 BLK F LOT 3","NUGOORU VIKRAM KUMAR & BHAVANI",
"955124","264430706","R"," WINDING TALLEY ST","LISSO TRACT PHS 1 BLK F LOT 6","CHALLAGULLA SABITA",
"955125","264430707","R","1707 WINDING TALLEY ST","LISSO TRACT PHS 1 BLK F LOT 7","RAJAN HANISHA &",
"955127","264430709","R","1711 WINDING TALLEY ST","LISSO TRACT PHS 1 BLK F LOT 9","KACHIREDDY NAGARJUNA REDDY",
"955132","264430714","R","1807 WINDING TALLEY ST","LISSO TRACT PHS 1 BLK F LOT 14","MALLADI RISHI",
"955133","264430715","R","1809 WINDING TALLEY ST","LISSO TRACT PHS 1 BLK F LOT 15","NATARAJAN PRADEEP KUMAR &",
"955136","264430803","R","15216 BITHAL ST","LISSO TRACT PHS 1 BLK A LOT 54","KANUMURI RAVI VARMA",
"965211","264431103","R","1901 BRADHAM WAY","LISSO TRACT PHS 2 BLK E LOT 18","BILLA NITHISH REDDY &",
"965212","264431104","R","1905 BRADHAM WAY","LISSO TRACT PHS 2 BLK E LOT 17","BHADANI NIRAJ TUSHARBHAI &",
"993731","264431210","R","1613 LORANT  LN","LISSO TRACT PHS 4 BLK L LOT 28","MEKAPOTULA SANDEEP",
"993732","264431211","R","1617 LORANT  LN","LISSO TRACT PHS 4 BLK L LOT 29","CHAULAGAIN ARUN & SHANTA ADHIKARI",
"993739","264431218","R","1717 LORANT  LN","LISSO TRACT PHS 4 BLK L LOT 36","MUTYALA SRIHARI &",
"993740","264431219","R","1721 LORANT  LN","LISSO TRACT PHS 4 BLK L LOT 37","BURRA VENKATA SAI BHARADWAJ",
"993742","264431221","R","1729 LORANT  LN","LISSO TRACT PHS 4 BLK L LOT 39","SHAH PRADIP & SABITRI",
"994181","264431401","R","1309 ALANA FALLS AVE","LISSO TRACT PHS 3 BLK O LOT 21","KAR PRASANT KUMAR",
"994182","264431402","R","1313  ALANA FALLS AVE","LISSO TRACT PHS 3 BLK O LOT 20","CHIDIPOTHU HARISH",
"994184","264431404","R","1321 ALANA FALLS AVE","LISSO TRACT PHS 3 BLK O LOT 18","SWARGAM GOPI KRISHNA &",
"994187","264431407","R","1320 PURPLE MARTIN  DR","LISSO TRACT PHS 3 BLK O LOT 15","JADEJA JAYDEEPSINH RAVIRAJSINH &",
"994272","264431504","R","1413 ALANA FALLS AVE","LISSO TRACT PHS 3 BLK M LOT 20","DASARI POOJA SIVA SAI KIRAN &",
"994275","264431507","R","1425 ALANA FALLS AVE","LISSO TRACT PHS 3 BLK M LOT 23","BEZAWADA JAYASIMHA",
"994279","264431511","R","1509 ALANA FALLS AVE","LISSO TRACT PHS 3 BLK M LOT 27","BISTA SWASTIK",
"994280","264431512","R","1513 ALANA FALLS AVE","LISSO TRACT PHS 3 BLK M LOT 28","GORAKAVI PAVAN KUMAR",
"994281","264431513","R","1517 ALANA FALLS AVE","LISSO TRACT PHS 3 BLK M LOT 29","NERELLA HARSHAVARDHAN",
"994282","264431514","R","1521 ALANA FALLS AVE","LISSO TRACT PHS 3 BLK M LOT 30","BURRI VENKATESH & CHANDANA CHINNI",
"994283","264431515","R","1525 ALANA FALLS AVE","LISSO TRACT PHS 3 BLK M LOT 31","GUMMIDELA VENKATA NITIN",
"994284","264431516","R","1529 ALANA FALLS AVE","LISSO TRACT PHS 3 BLK M LOT 32","BANCHHOR AMITA",
"994285","264431517","R","1528 PURPLE MARTIN  DR","LISSO TRACT PHS 3 BLK M LOT 1","GAUTAM LELIN",
"994290","264431522","R","1508  PURPLE MARTIN  DR","LISSO TRACT PHS 3 BLK M LOT 6","KATWAL GIWAM & RACHANA NIROULA",
"994291","264431523","R","1504  PURPLE MARTIN  DR","LISSO TRACT PHS 3 BLK M LOT 7","AKHTAR ADNAN",
"994292","264431524","R","1500 PURPLE MARTIN  DR","LISSO TRACT PHS 3 BLK M LOT 8","KAUR JASDEEP",
"994296","264431528","R","1416 PURPLE MARTIN  DR","LISSO TRACT PHS 3 BLK M LOT 12","KARUMANCHI SUNNY PRADEEP",
"965213","264460101","R","2020 BRADHAM WAY","LISSO TRACT PHS 2 BLK B LOT 53","KAKANI NETAJI &",
"965215","264460103","R","2012 BRADHAM WAY","LISSO TRACT PHS 2 BLK B LOT 55","KRISHNAN JAYAKUMAR RADHA",
"965217","264460105","R","2004 BRADHAM WAY","LISSO TRACT PHS 2 BLK B LOT 57","GHIYA DAKSHA D & RONAK D GHIYA",
"965220","264460108","R","1916 BRADHAM WAY","LISSO TRACT PHS 2 BLK B LOT 60","RAMCHANDER HARSHITA LINGA &",
"965223","264460111","R","1904 BRADHAM WAY","LISSO TRACT PHS 2 BLK B LOT 63","MATTA SUNIL KUMAR",
"965224","264460201","R","1909 BRADHAM WAY","LISSO TRACT PHS 2 BLK E LOT 16","CHITTEM VEERA MOHAN MURALI",
"965225","264460202","R","1913 BRADHAM WAY","LISSO TRACT PHS 2 BLK E LOT 15","CHAKRAVARTHY SHANMUGAPRIYA MITHUN",
"965227","264460204","R","2001 BRADHAM WAY","LISSO TRACT PHS 2 BLK E LOT 13","VEGIRAJU RAMAKRISHNA RAJU & PADMAJA",
"965228","264460205","R","2005 BRADHAM WAY","LISSO TRACT PHS 2 BLK E LOT 12","ERUKUPATI SANDHYA &",
"965229","264460206","R","2009 BRADHAM WAY","LISSO TRACT PHS 2 BLK E LOT 11","RAJAGOPAL SURENDRAN KATTAIAN &",
"993749","264460403","R","1805 LORANT  LN","LISSO TRACT PHS 4 BLK B LOT 72","SELVARAJ MOUNISH SAVIER",
"993751","264460405","R","1813 LORANT  LN","LISSO TRACT PHS 4 BLK B LOT 74","SIVAKUMAR HASTHA",
"929551","264570107","R","16713 CHATEAU JULIEN LN","LOT 26 BLK D CARMEL WEST PHS 2 SEC 5","ARYAL DIPAK & BIMALA PANDEY",
"929553","264570109","R","16721 CHATEAU JULIEN LN","LOT 24 BLK D CARMEL WEST PHS 2 SEC 5","IYER SHYAM RAMAKRISHNAN &",
"929532","264570116","R","5608 ANAHEIM AVE","LOT 17 BLK D CARMEL WEST PHS 2 SEC 5","JAMBULA SAILEELA R & VENKATARAMANA R JAKKA",
"929536","264570120","R","5520 ANAHEIM AVE","LOT 13 BLK D CARMEL WEST PHS 2 SEC 5","CHANDRAN SENTHIL & LEELA",
"919733","264570212","R","16823 BORROMEO AVE","LOT 35 BLK F CARMEL WEST PHS 2 SEC 1","RAMAN APURVA & ",
"929465","264570318","R","5801 MONROVIA LN","LOT 43 BLK A CARMEL WEST PHS 2 SEC 5","FAROOQ MUHAMMAD RIZWAN",
"989819","264570323","R","16620 AMINIA AVE","KUEMPEL ESTATES SUBD PHS 1B BLK A LOT 49","KASHYAP ASHEESH & MANDIRA MEHANDRU",
"989829","264570333","R","16601 EMBRY WAY","KUEMPEL ESTATES SUBD PHS 1B BLK A LOT 58","SARWAL ANKIT & MANSI HANDA",
"929516","264570401","R","5421 ANAHEIM AVE","LOT 5 BLK E CARMEL WEST PHS 2 SEC 5","VUJJINI ABHINAV & VINEELA MEKA",
"929528","264570506","R","5709 ANAHEIM AVE","LOT 6 BLK P CARMEL WEST PHS 2 SEC 5","VELUCHAMY ARAVIND & MANASA CUDDALORE",
"929486","264570509","R","5612 FRESNO AVE","LOT 9 BLK P CARMEL WEST PHS 2 SEC 5","RAI VINEET & SHRUTI",
"929477","264570602","R","5605 FRESNO AVE","LOT 2 BLK Q CARMEL WEST PHS 2 SEC 5","RANGANATH POOJA &  ",
"929479","264570604","R","5613 FRESNO AVE","LOT 4 BLK Q CARMEL WEST PHS 2 SEC 5","KHAN MOHTASHIM ALI &  RIZWANA BANO",
"929481","264570606","R","5705 FRESNO AVE","LOT 6 BLK Q CARMEL WEST PHS 2 SEC 5","BHAKTA MUKESH & MANITA  BHAKTA",
"989879","264570701","R","16613 AMINIA AVE","KUEMPEL ESTATES SUBD PHS 1B BLK C LOT 1","SINGH PALWINDER & SATINDERJIT KAUR",
"923665","264590107","R","16704 BORROMEO AVE","LOT 39 BLK D CARMEL WEST PHS 2 SEC 3","SHAH JAYKUMAR NIGAM",
"923789","264590213","R","16717 BORROMEO AVE","LOT 12 BLK G CARMEL WEST PHS 2 SEC 3","KARINGULA AKHILA & KRISHNA SAKETH KODURU",
"919704","264590301","R","16724 DUMAS ST","LOT 40 BLK BB CARMEL WEST PHS 2 SEC 1","UPADHYAYA ANIL K",
"919707","264590304","R","16817 ANTIOCH AVE","LOT 43 BLK BB CARMEL WEST PHS 2 SEC 1","MARPAKA RAM MOORTHY & SWATHI GUNDI",
"923764","264590312","R","16700 DUMAS ST","LOT 25 BLK BB CARMEL WEST PHS 2 SEC 3","GUNTI DEEPTHI & RAMA RAJU MEDISETTY",
"923768","264590316","R","16809 DUMAS CV","LOT 29 BLK BB CARMEL WEST PHS 2 SEC 3","BILIGIRI SURESH & VYJAYANTHI",
"923774","264590322","R","16828 DUMAS CV","LOT 35 BLK BB CARMEL WEST PHS 2 SEC 3","CHINNASANI VASU DEVA REDDY &",
"923775","264590323","R","16816 DUMAS CV","LOT 36 BLK BB CARMEL WEST PHS 2 SEC 3","DONEPUDI ADITYA &",
"923680","264590514","R","16825 CAPERI DR","LOT 7 BLK AA CARMEL WEST PHS 2 SEC 3","DEVPAL GAYATRI",
"923682","264590516","R","16833 CAPERI DR","LOT 5 BLK AA CARMEL WEST PHS 2 SEC 3","NAMBIAR & GEORGE FAMILY TRUST",
"923685","264590519","R","16845 CAPERI DR","LOT 2 BLK AA CARMEL WEST PHS 2 SEC 3","TALWAR AASHISH & ANKITA ANAND",
"944389","264590601","R","6610 PLEASANTON PKWY","LOT 28 BLK E CARMEL WEST PHS 3 SEC 1","MUSKU SURENDER REDDY & SOUJANYA GURRAM",
"944393","264590605","R","6602 PLEASANTON PKWY","LOT 32 BLK E CARMEL WEST PHS 3 SEC 1","ETAGI SANDHYA DURGAD & PRASHANT",
"944397","264590609","R","6512 PLEASANTON PKWY","LOT 36 BLK E CARMEL WEST PHS 3 SEC 1","MITTAPELLI CHAITANYA REDDY",
"944401","264590613","R","6504 PLEASANTON PKWY","LOT 40 BLK E CARMEL WEST PHS 3 SEC 1","PARIKH MITI & NISHI SHAH",
"944414","264590623","R","6521 GOLDEN BOUGH LN","LOT 10 BLK E CARMEL WEST PHS 3 SEC 1","SHRIVASTAVA NAKUL",
"944418","264590627","R","6605 GOLDEN BOUGH LN","LOT 13 BLK E CARMEL WEST PHS 3 SEC 1","YADLAPATI SISWITHA",
"944419","264590901","R","6600 GOLDEN BOUGH LN","LOT 31 BLK D CARMEL WEST PHS 3 SEC 1","BHAKTA PUNAM",
"944424","264620104","R","6712 GOLDEN BOUGH LN LN","LOT 22 BLK D CARMEL WEST PHS 3 SEC 1","BHAKTA RAJUBHAI & JAYSHREEBEN",
"944427","264620107","R","6700 GOLDEN BOUGH LN LN","LOT 25 BLK D CARMEL WEST PHS 3 SEC 1","MANISEKAR PRABHU",
"944430","264620110","R","6612 GOLDEN BOUGH LN LN","LOT 28 BLK D CARMEL WEST PHS 3 SEC 1","JAIN RAHUL & NUPUR NAVLAKHA",
"944431","264620111","R","6608 GOLDEN BOUGH LN LN","LOT 29 BLK D CARMEL WEST PHS 3 SEC 1","NEUPANE RAM & PREMA",
"944436","264620204","R","6621 GOLDEN BOUGH LN LN","LOT 17 BLK E CARMEL WEST PHS 3 SEC 1","VEERAMALLU MURALI KRISHNA & ",
"944443","264620211","R","6704 PLEASANTON PKWY","LOT 23 BLK E CARMEL WEST PHS 3 SEC 1","THAKKER SAILESH RASIKLAL & BINITA",
"944444","264620212","R","6702 PLEASANTON PKWY","LOT 24 BLK E CARMEL WEST PHS 3 SEC 1","THALLAM RAVI K &",
"944454","264620307","R","17113 ORINDA LN","LOT 130 BLK A CARMEL WEST PHS 3 SEC 1","PARVATANENI VENKAT NAREN SAI &",
"944455","264620308","R","17117 ORINDA LN","LOT 129 BLK A CARMEL WEST PHS 3 SEC 1","VENNAM SAI PUJITHA & SAI SRIKANTH S",
"953812","264620311","R","7014 PLEASANTON PKWY","CARMEL WEST PHS 3 SEC 2 BLK A LOT 171","PATEL NEAL KIRIT",
"953825","264620324","R","6902 PLEASANTON PKWY","CARMEL WEST PHS 3 SEC 2 BLK A LOT 158","TRIVEDI SHUBHENDRA SATYENDRA & WAJIHA CHAWALA",
"953826","264620325","R","6900 PLEASANTON PKWY","CARMEL WEST PHS 3 SEC 2 BLK A LOT 157","AKTARUZZAMAN FNU",
"957487","264620328","R","17017 PLEASANTON CV","CARMEL WEST PHS 3 SEC 2 BLK A LOT 154","YERNENI RAGHUVEER P & NAGA GNANISHA GUDURU",
"957492","264620333","R","17108 PLEASANTON CV","CARMEL WEST PHS 3 SEC 2 BLK A LOT 149","KAPARTHI SANTHOSH K",
"957493","264620334","R","17104 PLEASANTON CV","CARMEL WEST PHS 3 SEC 2 BLK A LOT 148","GONTI VIKAS",
"957494","264620335","R","17100 PLEASANTON CV","CARMEL WEST PHS 3 SEC 2 BLK A LOT 147","RACHALA VIJAY CHANDRA",
"957495","264620336","R","17016 PLEASANTON CV","CARMEL WEST PHS 3 SEC 2 BLK A LOT 146","MANKOTIA ASEEM & SONIA CHAWLA",
"957496","264620337","R","17012 PLEASANTON CV","CARMEL WEST PHS 3 SEC 2 BLK A LOT 145","KALAKOTI MANOJ KUMAR & KEERTHI SAMEERA IMMANNI",
"957497","264620338","R","17008 PLEASANTON CV","CARMEL WEST PHS 3 SEC 2 BLK A LOT 144","VANAM PRASANTH & ",
"957503","264620344","R","6802 PLEASANTON PKWY","CARMEL WEST PHS 3 SEC 2 BLK A LOT 138","JAWARE DEEPAK MOHAN & JAYA DEEPAK REVOCABLE TRUST",
"957504","264620345","R","6800 PLEASANTON PKWY","CARMEL WEST PHS 3 SEC 2 BLK A LOT 137","RAMCHAND ASHNEIL ETAL",
"957507","264620348","R","6913 COVINA LN","CARMEL WEST PHS 3 SEC 2 BLK A LOT 82","BHISAY PARIKKSIT & SHILIPI PAUL BHISAY",
"918343","266280705","R","14324 SILVER LACE LN","LOT 1 BLK A VILLAGE AT NORTHTOWN SEC 3 LT 5 BLK C RESUB","CHIMMULA PRAVARDHAN & SANDHYA EIPPA",
"918345","266280707","R","14316 SILVER LACE LN","LOT 3 BLK A VILLAGE AT NORTHTOWN SEC 3 LT 5 BLK C RESUB","SRIDASYAM KAUSHIK",
"918347","266280709","R","14308 SILVER LACE LN","LOT 5 BLK A VILLAGE AT NORTHTOWN SEC 3 LT 5 BLK C RESUB","JILALAMUDI UMA & UMAKANATHARAO",
"897633","266300202","R","14503 JEFFERSON CRAIG LN","VILLAGE AT NORTHTOWN SEC 2 PHS 2 BLK G LOT 2","ANCHULA VENKATESWARLU &",
"897638","266300207","R","14601 JEFFERSON CRAIG LN","VILLAGE AT NORTHTOWN SEC 2 PHS 2 BLK G LOT 7","KAUR JASMEEN & KAUR GURMEET &",
"897609","266300302","R","507 LOGAN JAMES LN","VILLAGE AT NORTHTOWN SEC 2 PHS 1 BLK F LOT 8","NIRAULA TOM & SHILA",
"897610","266300303","R","509 LOGAN JAMES LN","VILLAGE AT NORTHTOWN SEC 2 PHS 1 BLK F LOT 7","POKALA RAMYA",
"897611","266300304","R","601 LOGAN JAMES  LN","VILLAGE AT NORTHTOWN SEC 2 PHS 1 BLK F LOT 6","AVADHANAM MAHESH",
"897613","266300306","R","605 LOGAN JAMES LN","VILLAGE AT NORTHTOWN SEC 2 PHS 1 BLK F LOT 4","YADAV AJITKUMAR & VIDHI",
"897655","266300310","R","14608 JEFFERSON CRAIG LN","VILLAGE AT NORTHTOWN SEC 2 PHS 2 BLK F LOT 21","THAKKALLAPELLI GOPI CHANDAR &",
"897664","266300319","R","14500 JEFFERSON CRAIG LN","LOT 12 BLK F VILLAGE AT NORTHTOWN SEC 2 PHS 2","GHIMIRE DHIRENDRA",
"897651","266300402","R","500 SHANNON ELISE LN","LOT 7 BLK D VILLAGE AT NORTHTOWN SEC 2 PHS 2","RAJU LOGANATHAN SUBRAMANIAN",
"918383","266300601","R","128 LEMON LIGHT LN","LOT 10 BLK B VILLAGE AT NORTHTOWN SEC 3 LT 5 BLK C RESUB","MANGAL MUHAMMAD YOUSUF",
"918384","266300602","R","124 LEMON LIGHT LN","LOT 9 BLK B VILLAGE AT NORTHTOWN SEC 3 LT 5 BLK C RESUB","GAUTAM DHARMA & LILA",
"897576","266331101","R","14503 JACKSON BROWNING LN","VILLAGE AT NORTHTOWN SEC 2 PHS 1 BLK D LOT 30","VALUNJ PRANIT SANTU",
"897577","266331102","R","14505 JACKSON BROWNING LN","VILLAGE AT NORTHTOWN SEC 2 PHS 1 BLK D LOT 29","PANCHAL APURVA H",
"897578","266331103","R","14507 JACKSON BROWNING LN","VILLAGE AT NORTHTOWN SEC 2 PHS 1 BLK D LOT 28","SHELADIA SHRUTI",
"897647","266331121","R","600 SHANNON ELISE LN","LOT 11 BLK D VILLAGE AT NORTHTOWN SEC 2 PHS 2","KUMAR RAJIV & DEEPIKA RAJIV",
"897594","266331201","R","14612 JACKSON BROWNING LN","VILLAGE AT NORTHTOWN SEC 2 PHS 1 BLK G LOT 13","PATEL KAUSHAL R",
"897595","266331202","R","14610 JACKSON BROWNING LN","VILLAGE AT NORTHTOWN SEC 2 PHS 1 BLK G LOT 14","KALAKOTI MANOJ KUMAR REDDY",
"897596","266331203","R","14608 JACKSON BROWNING LN","VILLAGE AT NORTHTOWN SEC 2 PHS 1 BLK G LOT 15","THAKAR BHARAT R & GAYATRIBEN BHARAT",
"897597","266331204","R","14606 JACKSON BROWNING LN","VILLAGE AT NORTHTOWN SEC 2 PHS 1 BLK G LOT 16","MAINUDDIN MD",
"897599","266331206","R","14602 JACKSON BROWNING LN","VILLAGE AT NORTHTOWN SEC 2 PHS 1 BLK G LOT 18","POTHURI PAVAN KUMAR",
"897600","266331207","R","14600 JACKSON BROWNING LN","VILLAGE AT NORTHTOWN SEC 2 PHS 1 BLK G LOT 19","NAIDU LAKSHMI P &",
"897602","266331209","R","14510 JACKSON BROWNING LN","VILLAGE AT NORTHTOWN SEC 2 PHS 1 BLK G LOT 21","KHANAL RAM KRISHNA &",
"897604","266331211","R","14506 JACKSON BROWNING LN","VILLAGE AT NORTHTOWN SEC 2 PHS 1 BLK G LOT 23","PAL ALOK",
"897606","266331213","R","14500 JACKSON BROWNING LN","VILLAGE AT NORTHTOWN SEC 2 PHS 1 BLK G LOT 25","KATRAGADDA ROSHINI",
"897643","266331216","R","14611 JEFFERSON CRAIG LN","LOT 12 BLK G VILLAGE AT NORTHTOWN SEC 2 PHS 2","THURLAPATI ABHISHEK VENKATA SAI",
"981807","266331302","R","14606 JOOPER  WAY","VILLAGE AT NORTHTOWN II CONDOMINIUMS  UNT 1 PLUS 2.3255 % INT IN COM AREA","PILLAI VINEETKUMAR RAMESHCHANDRA &",
"981809","266331304","R","14602 JOOPER  WAY","VILLAGE AT NORTHTOWN II CONDOMINIUMS  UNT 3 PLUS 2.3255 % INT IN COM AREA","SIDDIQUI SHARAR RAHMAN &",
"981810","266331305","R","14600 JOOPER  WAY","VILLAGE AT NORTHTOWN II CONDOMINIUMS  UNT 4 PLUS 2.3255 % INT IN COM AREA","BUDDHA BHANU PRAKASH",
"981811","266331306","R","14607 JOOPER  WAY","VILLAGE AT NORTHTOWN II CONDOMINIUMS  UNT 5 PLUS 2.3255 % INT IN COM AREA","KISHORE NEERAJ & MEGHA GUPTA",
"981814","266331309","R","14601 JOOPER  WAY","VILLAGE AT NORTHTOWN II CONDOMINIUMS  UNT 8 PLUS 2.3255 % INT IN COM AREA","REDDY SREENIVASA P",
"981820","266331315","R","511 SAINT CINDYS  WAY","VILLAGE AT NORTHTOWN II CONDOMINIUMS  UNT 14 PLUS 2.3255 % INT IN COM AREA","JOSHI PURVA & ROHAN SUNIL",
"981822","266331317","R","515 SAINT CINDYS  WAY","VILLAGE AT NORTHTOWN II CONDOMINIUMS  UNT 16 PLUS 2.3255 % INT IN COM AREA","JAIN CHIRAG",
"981826","266331321","R","14601 VALEBETH  WALK","VILLAGE AT NORTHTOWN II CONDOMINIUMS  UNT 20 PLUS 2.3255 % INT IN COM AREA","KUNWAR SANGITA & DIPAK THAPA",
"981834","266331329","R","412 SAINT CINDYS  WAY","VILLAGE AT NORTHTOWN II CONDOMINIUMS  UNT 28 PLUS 2.3255 % INT IN COM AREA","GANDIKOTA GURURAMA JITHENDRA &",
"981835","266331330","R","414 SAINT CINDYS  WAY","VILLAGE AT NORTHTOWN II CONDOMINIUMS  UNT 29 PLUS 2.3255 % INT IN COM AREA","PATEL HINAL PANKAJBHAI &",
"981847","266331342","R","612 SAINT CINDYS  WAY","VILLAGE AT NORTHTOWN II CONDOMINIUMS  UNT 41 PLUS 2.3255 % INT IN COM AREA","MANGLA RITU VISHAL",
"929415","266550107","R","16720 EL SINORE LN","LOT 8 BLK A CARMEL WEST PHS 2 SEC 5","MAHADEVAN RAVISHANKAR &",
"929420","266550112","R","16705 EL SINORE LN","LOT 13 BLK A CARMEL WEST PHS 2 SEC 5","UPPALPATI VARUN &",
"929428","266550119","R","16700 FRESNO CV","LOT 20 BLK A CARMEL WEST PHS 2 SEC 5","AVULA MADHAVA BABU & REMYA KRISHNAN",
"904980","266570104","R","5113 ANAHEIM AVE","LOT 4 BLK C CARMEL WEST PHS 1 SEC 1","MUNAVALLI RAJESH",
"904981","266570105","R","5117 ANAHEIM AVE","LOT 5 BLK C CARMEL WEST PHS 1 SEC 1","ARULARASU ANAND &",
"904982","266570106","R","5121 ANAHEIM AVE","LOT 6 BLK C CARMEL WEST PHS 1 SEC 1","TRIPATHI ABHISHEK RAJENDRAPRASAD &",
"904987","266570111","R","5217 ANAHEIM AVE","LOT 11 BLK C CARMEL WEST PHS 1 SEC 1","SATHYAVAGEESWARAN RAVI SHANKAR",
"904988","266570112","R","5301 ANAHEIM AVE","LOT 12 BLK C CARMEL WEST PHS 1 SEC 1","MALLA-GUDLA FAMILY TRUST",
"904990","266570114","R","5309 ANAHEIM AVE","LOT 14 BLK C CARMEL WEST PHS 1 SEC 1","ABDULKARIM SIJIN CHERUPILLY &",
"929440","266570121","R","5212 FRESNO AVE","LOT 21 BLK C CARMEL WEST PHS 2 SEC 5","GADHIA TALSIBHAI H & HANSA T",
"929442","266570123","R","5204 FRESNO AVE","LOT 23 BLK C CARMEL WEST PHS 2 SEC 5","KUMAR SURINDER & SHEILA",
"929513","266570203","R","5409 ANAHEIM AVE","LOT 3 BLK E CARMEL WEST PHS 2 SEC 5","VIJAYAN DEEPAK SUNDAR",
"905005","266570411","R","5116 ANAHEIM AVE","LOT 5 BLK B CARMEL WEST PHS 1 SEC 1","VASIREDDY GOWTHAM & SHASHI BOBBA",
"905009","266570415","R","5100 ANAHEIM AVE","LOT 1 BLK B CARMEL WEST PHS 1 SEC 1","RAINA SHRAWAN & VIDHISHA JASSAL",
"905015","266570602","R","16901 CASANOVA AVE","LOT 1 BLK I CARMEL WEST PHS 1 SEC 1","SATHE HARSHADA SUDHIR",
"905017","266570604","R","16909 CASANOVA AVE","LOT 3 BLK I CARMEL WEST PHS 1 SEC 1","PATHRE MANGESH MANOHAR & NEHA MANGESH",
"905020","266570607","R","16921 CASANOVA AVE","LOT 6 BLK I CARMEL WEST PHS 1 SEC 1","BADARINATH ABHISHEK",
"905023","266570610","R","17001 CASANOVA AVE","LOT 9 BLK I CARMEL WEST PHS 1 SEC 1","MANAZIR SAMEER & TAIYABA AHMED",
"905034","266570621","R","17109 CASANOVA AVE","LOT 19 BLK I CARMEL WEST PHS 1 SEC 1","VULLI KARTHIK GOUD & PRIYA SHANTHI JANDLA",
"905035","266570622","R","17113 CASANOVA AVE","LOT 20 BLK I CARMEL WEST PHS 1 SEC 1","ALLE RUPENDRANATH & PRAVEENA CHENNURU",
"905037","266570624","R","17121 CASANOVA AVE","LOT 22 BLK I CARMEL WEST PHS 1 SEC 1","KHAN ADIL RAZA",
"907192","266570632","R","17116 LATHROP AVE","LOT 30 BLK I CARMEL WEST PHS 1 SEC 2","WUNNAVA SAIRATNA",
"907198","266570638","R","17028 LATHROP AVE","LOT 35 BLK I CARMEL WEST PHS 1 SEC 2","PATEL JIGARKUMAR B",
"907202","266570642","R","17012 LATHROP AVE","LOT 39 BLK I CARMEL WEST PHS 1 SEC 2","DANDU PRAVEEN &",
"907209","266570649","R","16916 LATHROP AVE","LOT 46 BLK I CARMEL WEST PHS 1 SEC 2","THIRUNAVUKARASU SUMATHI",
"905045","266570705","R","17120 CASANOVA AVE","LOT 22 BLK H CARMEL WEST PHS 1 SEC 1","KODALI SHALINI & RAVINDRA",
"905052","266570712","R","17028 CASANOVA AVE","LOT 15 BLK H CARMEL WEST PHS 1 SEC 1","RAGHU & HARINI REVOCABLE TRUST",
"905057","266570717","R","17008 CASANOVA AVE","LOT 10 BLK H CARMEL WEST PHS 1 SEC 1","MODI JIGAR & KRUTI KIRITKUMAR",
"905060","266570720","R","16924 CASANOVA AVE","LOT 7 BLK H CARMEL WEST PHS 1 SEC 1","RATHI KARAMVIR S &",
"905062","266570722","R","16916 CASANOVA AVE","LOT 5 BLK H CARMEL WEST PHS 1 SEC 1","VUNDAVALLI BHARAT & ",
"905064","266570724","R","16908 CASANOVA AVE","LOT 3 BLK H CARMEL WEST PHS 1 SEC 1","GANGIREDDY VIVEK & CHANDAN CHOWDARY KANDIPATI",
"905065","266570725","R","16904 CASANOVA AVE","LOT 2 BLK H CARMEL WEST PHS 1 SEC 1","BHAT SHIVASHANKAR & VINUTA BHAT",
"905066","266570726","R","16900 CASANOVA AVE","LOT 1 BLK H CARMEL WEST PHS 1 SEC 1","SRIVASTAVA AMIT KUMAR & SWATI",
"907181","266570730","R","17224 CASANOVA AVE AVE","LOT 33 BLK H CARMEL WEST PHS 1 SEC 2","KONDI ANJAN KUMAR & PALLAVI KUNTAMALLA",
"907097","266570801","R","5701 PLEASANTON PKWY","LOT 1 BLK F CARMEL WEST PHS 1 SEC 2","VATS AKHIL DEV &",
"919527","266570804","R","5709 PLEASANTON PKWY","LOT 4 BLK F CARMEL WEST PHS 2 SEC 1","NAKRA SANJEEV & JYOTSNA NAKRA",
"919528","266570805","R","5711 PLEASANTON PKWY","LOT 5 BLK F CARMEL WEST PHS 2 SEC 1","DIXIT SUKESH & NISHA SHUKLA",
"919529","266570806","R","5713 PLEASANTON PKWY","LOT 6 BLK F CARMEL WEST PHS 2 SEC 1","KICHILI VENKATRAMANA &",
"907101","266570902","R","16901 BORROMEO AVE","LOT 1 BLK N CARMEL WEST PHS 1 SEC 2","YALLAVULA KISHORE KUMAR",
"907104","266570905","R","16913 BORROMEO AVE","LOT 4 BLK N CARMEL WEST PHS 1 SEC 2","SUBBARAMAN GOWTHAMRAMAN",
"907109","266570910","R","17009 BORROMEO AVE","LOT 9 BLK N CARMEL WEST PHS 1 SEC 2","VANKINENI SURESH",
"907119","266570920","R","17121 BORROMEO AVE","LOT 18 BLK N CARMEL WEST PHS 1 SEC 2","DAS SUMIT KUMAR & ANKITA SAHU",
"907121","266570922","R","17129 BORROMEO AVE","LOT 20 BLK N CARMEL WEST PHS 1 SEC 2","JUMANI RESHMA CHANDAN",
"919501","266570927","R","17004 ALTURAS AVE AVE","LOT 36 BLK N CARMEL WEST PHS 2 SEC 1","SOGANI VIDHI & PRIYANK SHARMA",
"919509","266570935","R","16904 ALTURAS AVE AVE","LOT 44 BLK N CARMEL WEST PHS 2 SEC 1","SHRESTHA SANTOSH &",
"907129","266571001","R","17204 BORROMEO AVE","LOT 38 BLK L CARMEL WEST PHS 1 SEC 2","SALEEM MAHA",
"907134","266571006","R","17213 LATHROP AVE","LOT 4 BLK L CARMEL WEST PHS 1 SEC 2","GANDHI SHAUNAK BHAVIN &",
"907222","266571108","R","16925 LATHROP AVE AVE","LOT 7 BLK J CARMEL WEST PHS 1 SEC 2","BHAKTA RAKHEE RAJUBHAI &",
"907228","266571114","R","17017 LATHROP AVE AVE","LOT 13 BLK J CARMEL WEST PHS 1 SEC 2","NAGARAJA VINJITH & PETE",
"907237","266571123","R","17121 LATHROP  AVE","LOT 21 BLK J CARMEL WEST PHS 1 SEC 2","PILLAI SANJAIKANTH E VADAKKETHIL SOMANATHAN & VIDHYA SANJAIKANTH",
"907238","266571124","R","17125 LATHROP AVE","LOT 22 BLK J CARMEL WEST PHS 1 SEC 2","MOKHASHI AMAR & ARATI",
"907241","266571127","R","17132 BORROMEO AVE","LOT 25 BLK J CARMEL WEST PHS 1 SEC 2","VOHRA NASIR & RUSHANA",
"907258","266571144","R","16920 BORROMEO AVE","LOT 42 BLK J CARMEL WEST PHS 1 SEC 2","VAIDYANATHAN SRIDHAR &",
"907260","266571146","R","16912 BORROMEO AVE","LOT 44 BLK J CARMEL WEST PHS 1 SEC 2","PATIL SACHIN J & SNEHA ESWAR PAWAR",
"907261","266571147","R","16908 BORROMEO AVE","LOT 45 BLK J CARMEL WEST PHS 1 SEC 2","GOYAL TARUN & RICHA GUPTA",
"907265","266571202","R","17205 CASANOVA AVE","LOT 2 BLK K CARMEL WEST PHS 1 SEC 2","SAEED AHMAD",
"907266","266571203","R","17209 CASANOVA AVE","LOT 3 BLK K CARMEL WEST PHS 1 SEC 2","PATEL SANKETKUMAR & DHARA",
"907269","266571206","R","17221 CASANOVA AVE","LOT 6 BLK K CARMEL WEST PHS 1 SEC 2","KHADKA SHIUL & KC GRISHMA",
"907272","266571209","R","17233 CASANOVA AVE","LOT 9 BLK K CARMEL WEST PHS 1 SEC 2","HASOON MOHAMMED A &",
"907283","266571220","R","17212 LATHROP AVE AVE","LOT 35 BLK K CARMEL WEST PHS 1 SEC 2","BALALAHGARI PRASHANTH KUMAR REDDY",
"919514","266571302","R","16903 ALTURAS AVE AVE","LOT 2 BLK X CARMEL WEST PHS 2 SEC 1","SANKARAPANDIAN KANDHA K &",
"919519","266571307","R","16913 ALTURAS AVE AVE","LOT 7 BLK X CARMEL WEST PHS 2 SEC 1","LUNKAD PRACHI",
"929432","266571404","R","16713 FRESNO CV","LOT 24 BLK A CARMEL WEST PHS 2 SEC 5","MAREDDY AJITH KUMAR REDDY &",
"929433","266571405","R","5209 FRESNO AVE","LOT 25 BLK A CARMEL WEST PHS 2 SEC 5","KOLAVASI KARTHIK & SITA NOOKALA",
"918623","266590110","R","17237 BORROMEO AVE","LOT 10 BLK O CARMEL WEST PHS 2 SEC 2","SEENI RAJKUMAR & GAYATHRI RAJKUMAR",
"907127","266590202","R","17305 LATHROP AVE","LOT 12 BLK L CARMEL WEST PHS 1 SEC 2","VENKATACHARI SHRIVATSAA & ANUSHA GOVINDAN",
"918759","266590208","R","17300 BORROMEO AVE","LOT 29 BLK L CARMEL WEST PHS 2 SEC 2","RAWAT MUGALAL & BHUSHAN BUDHA MAGAR",
"918763","266590212","R","17228 BORROMEO AVE","LOT 32 BLK L CARMEL WEST PHS 2 SEC 2","BOJJA VISHNUVARDHAN REDDY",
"918765","266590214","R","17220 BORROMEO AVE","LOT 34 BLK L CARMEL WEST PHS 2 SEC 2","KUMAR PAWAN & KAKARA CHANDA NANAK",
"918766","266590215","R","17216 BORROMEO AVE","LOT 35 BLK L CARMEL WEST PHS 2 SEC 2","BANDARI ANIKUMAR & VIJAYALAKSHMI",
"918662","266590303","R","17213 ALTURAS AVE","LOT 7 BLK S CARMEL WEST PHS 2 SEC 2","SAMBIDI SPURTHY",
"918690","266590326","R","17312 ANTIOCH AVE","LOT 33 BLK S CARMEL WEST PHS 2 SEC 2","THUPALLY VIJAY REDDY & PURNIMA",
"918695","266590331","R","17302 ANTIOCH AVE","LOT 38 BLK S CARMEL WEST PHS 2 SEC 2","MANDA PHANI RAM & MUPPANENI SRAVANI",
"918696","266590332","R","17300 ANTIOCH AVE","LOT 39 BLK S CARMEL WEST PHS 2 SEC 2","NAGARAJU SRINIVAS &",
"918699","266590335","R","17214 ANTIOCH AVE","LOT 42 BLK S CARMEL WEST PHS 2 SEC 2","UPPALAPATI VENKATA KRISHNASAI &",
"918701","266590337","R","17210 ANTIOCH AVE","LOT 44 BLK S CARMEL WEST PHS 2 SEC 2","GOPALAKRISHNAN GEETHA & ",
"918703","266590339","R","17206 ANTIOCH AVE","LOT 46 BLK S CARMEL WEST PHS 2 SEC 2","KAVADAPU ASHOK",
"918714","266590411","R","17305 ANTIOCH AVE","LOT 13 BLK T CARMEL WEST PHS 2 SEC 2","KOGANTI MADHUKAR & KEERTHI VELAGA",
"918719","266590416","R","17315 ANTIOCH AVE","LOT 18 BLK T CARMEL WEST PHS 2 SEC 2","AITHARAJU PRANEETH & RAJEEVI MOTHE",
"918720","266590417","R","17317 ANTIOCH AVE","LOT 19 BLK T CARMEL WEST PHS 2 SEC 2","SURESH VISHAL &",
"918721","266590418","R","17319 ANTIOCH AVE","LOT 20 BLK T CARMEL WEST PHS 2 SEC 2","PUNJABI SUMIT",
"929145","266590433","R","17308 ARCATA AVE","LOT 30 BLK T CARMEL WEST PHS 2 SEC 4","KARUSALA SWETHA ETAL",
"929153","266590439","R","17218 ARCATA AVE","LOT 35 BLK T CARMEL WEST PHS 2 SEC 4","CHAKRAVARTULA KARTHIK NALLANI &",
"919687","266590708","R","17005 ANTIOCH AVE","LOT 7 BLK W CARMEL WEST PHS 2 SEC 1","LIN JOHN",
"919688","266590709","R","17007 ANTIOCH AVE","LOT 8 BLK W CARMEL WEST PHS 2 SEC 1","PATIL DEEPAK &",
"923702","266590719","R","17108 ARCATA AVE","LOT 18 BLK W CARMEL WEST PHS 2 SEC 3","KAJA VISHAL",
"923706","266590723","R","17100 ARCATA AVE","LOT 22 BLK W CARMEL WEST PHS 2 SEC 3","MAHADEVAN CHIDAMBARAM & KAVITHA BALAKRISHNAN",
"923711","266590728","R","16904 ARCATA AVE","LOT 27 BLK W CARMEL WEST PHS 2 SEC 3","AKUMAR ADITHYA VIJAY & HARINI VASUDEVAN",
"923713","266590730","R","16900 ARCATA AVE","LOT 29 BLK W CARMEL WEST PHS 2 SEC 3","JAYASEELAPANDIAN GUNA",
"919660","266590802","R","5903 PLEASANTON PKWY","LOT 2 BLK BB CARMEL WEST PHS 2 SEC 1","MANIKTALA AARTIKA",
"923689","266591102","R","16901 CALIPATRIA LN","LOT 1 BLK Z CARMEL WEST PHS 2 SEC 3","CHOLLETI VINUSHA & ",
"923690","266591103","R","16905 CALIPATRIA LN","LOT 2 BLK Z CARMEL WEST PHS 2 SEC 3","WAGLE ANKIT",
"923691","266591104","R","17001 CALIPATRIA LN","LOT 3 BLK Z CARMEL WEST PHS 2 SEC 3","SONDH HARSHPREET KAUR & MANPREET SINGH BRAR",
"944461","266591115","R","6603 WOLF PACK DR","LOT 2 BLK F CARMEL WEST PHS 3 SEC 1","SEKAR HARIHARA",
"944467","266591121","R","6701 WOLF PACK DR","LOT 8 BLK F CARMEL WEST PHS 3 SEC 1","BALAKRISHNAN GEETA",
"944469","266591123","R","6705 WOLF PACK DR","LOT 10 BLK F CARMEL WEST PHS 3 SEC 1","PUNUGOTI PAVANI & RAMAKRISHNA DUGYALA",
"944472","266591126","R","6711 WOLF PACK DR","LOT 13 BLK F CARMEL WEST PHS 3 SEC 1","THATHINENI SIDHARTHA",
"923730","266591214","R","17110 CALIPATRIA LN","LOT 14 BLK V CARMEL WEST PHS 2 SEC 3","POLIREDDY SAI MEENA &",
"923737","266591221","R","17002 CALIPATRIA LN","LOT 21 BLK V CARMEL WEST PHS 2 SEC 3","KAGADE SAMEER & DEEPA",
"923741","266591225","R","16900 CALIPATRIA LN","LOT 25 BLK V CARMEL WEST PHS 2 SEC 3","KASAPU VISWATEJ",
"929172","266591410","R","17219 ARCATA AVE","LOT 10 BLK U CARMEL WEST PHS 2 SEC 4","ASIF SUMAIYA FATIMA",
"929183","266591421","R","17319 ARCATA AVE","LOT 20 BLK U CARMEL WEST PHS 2 SEC 4","PERUMANDLA VIJAY KUMAR & VYSHNAVI",
"929187","266591426","R","17320 CALIPATRIA LN","LOT 24 BLK U CARMEL WEST PHS 2 SEC 4","MISHRA SOUMYA RANJAN & SHREE",
"929202","266591438","R","17216 CALIPATRIA LN","LOT 36 BLK U CARMEL WEST PHS 2 SEC 4","ARORA ASHWANI & SANGYA KHANNA",
"929204","266591440","R","17212 CALIPATRIA LN","LOT 38 BLK U CARMEL WEST PHS 2 SEC 4","KODUKULA MAHALAKSHMI VENKATA",
"929205","266591441","R","17210 CALIPATRIA LN","LOT 39 BLK U CARMEL WEST PHS 2 SEC 4","PILLAI SANJAIKANTH E SOMANATHAN & VIDHYA",
"929208","266591444","R","17204 CALIPATRIA LN","LOT 42 BLK U CARMEL WEST PHS 2 SEC 4","KRISHNAN MAHESH &",
"929209","266591445","R","17202 CALIPATRIA LN","LOT 43 BLK U CARMEL WEST PHS 2 SEC 4","CHINNABUTTAN RAJAMANI &",
"929225","266591512","R","17301 CALIPATRIA LN","LOT 11 BLK Y CARMEL WEST PHS 2 SEC 4","PUTHENPARAMBIL ABHILASH &",
"944478","266591517","R","6407 WOLF PACK DR","LOT 3 BLK G CARMEL WEST PHS 3 SEC 1","HARBI MOHAMMED ADIL MOHAMM &",
"944479","266591518","R","6409 WOLF PACK DR","LOT 4 BLK G CARMEL WEST PHS 3 SEC 1","PUNUGOTI PAVANI & RAMAKRISHNA",
"944483","266591522","R","6503 WOLF PACK DR","LOT 8 BLK G CARMEL WEST PHS 3 SEC 1","GANDECHA BHAVIK ANOOP",
"944491","266591602","R","17401 CHINO LN","LOT 1 BLK B CARMEL WEST PHS 3 SEC 1","SHEIKH MUHAMMAD AMEER-UD-DIN &",
"944500","266591611","R","6306 WOLF PACK DR","LOT 22 BLK B CARMEL WEST PHS 3 SEC 1","FATIMA JABEEN",
"957511","266591616","R","17604 CIPREMONT LN","CARMEL WEST PHS 3 SEC 2 BLK B LOT 5","GOTETI NAGESWARA R & RAMYA",
"957512","266591617","R","17600 CIPREMONT LN","CARMEL WEST PHS 3 SEC 2 BLK B LOT 6","CHINTALA VAMSHEDHAR REDDY & UMA MAHESHWARI SIVANNAGARI",
"957514","266591619","R","17516 CIPREMONT LN","CARMEL WEST PHS 3 SEC 2 BLK B LOT 8","DUBEY RAHUL & PRIYANKA TIWARI",
"957515","266591620","R","17512 CIPREMONT LN","CARMEL WEST PHS 3 SEC 2 BLK B LOT 9","MAHARANA RAKASHREE & PRAMOD KUMAR SUTAR",
"944489","266591701","R","17501 CHINO LN","LOT 43 BLK A CARMEL WEST PHS 3 SEC 1","PALANISAMY HARIHARAN",
"957535","266591704","R","17609 CIPREMONT LN","CARMEL WEST PHS 3 SEC 2 BLK A LOT 45","RAVIKUMAR SANJANA & ",
"944504","266591801","R","17204 PORTNOY LN","LOT 2 BLK C CARMEL WEST PHS 3 SEC 1","MS MAHESHRAJ FAMILY LIVING TRUST",
"944505","266591802","R","17200 PORTNOY LN","LOT 1 BLK C CARMEL WEST PHS 3 SEC 1","BALASUBRAMANIAN SAIKRISHNA",
"944508","266591804","R","6401 COALINGA LN","LOT 56 BLK C CARMEL WEST PHS 3 SEC 1","LAL MANMOHAN SOHAN &",
"957518","266591807","R","6504 COVINA LN","CARMEL WEST PHS 3 SEC 2 BLK C LOT 10","VELAGA KARTHIK & CHAITANYA KOSARAJU",
"957520","266591809","R","17228 PORTNOY LN","CARMEL WEST PHS 3 SEC 2 BLK C LOT 8","PRASAD THEJAS & SREESHMA",
"957522","266591811","R","17220 PORTNOY LN","CARMEL WEST PHS 3 SEC 2 BLK C LOT 6","SOOSAI GEORGE ANANTH & DEVI DHARMALINGAM",
"957523","266591812","R","17216 PORTNOY LN","CARMEL WEST PHS 3 SEC 2 BLK C LOT 5","PUTTA CHANDRA SEKHAR & PADMASHRI VATTIKUTTI",
"957524","266591813","R","17212 PORTNOY LN","CARMEL WEST PHS 3 SEC 2 BLK C LOT 4","SHERI ROHITH REDDY",
"957525","266591814","R","17208 PORTNOY LN","CARMEL WEST PHS 3 SEC 2 BLK C LOT 3","MOHAMMED ABDUL MUQTADIR & AMINA KHUSRO",
"957526","266591815","R","6409 COALINGA LN","CARMEL WEST PHS 3 SEC 2 BLK C LOT 54","MOHAMMED IRFANULLA & POOJITHA MOSALI",
"957527","266591816","R","6413 COALINGA LN","CARMEL WEST PHS 3 SEC 2 BLK C LOT 53","PUPPALA ADITYA & MOUNIKA PANDHIRI",
"944510","266591901","R","6520 FOLSOM AVE","LOT 114 BLK A CARMEL WEST PHS 3 SEC 1","BADAL SUNIL P & BASTOLA",
"944513","266591904","R","6508 FOLSOM AVE","LOT 111 BLK A CARMEL WEST PHS 3 SEC 1","UPADHYAY RAMCHANDRA & KAJAL JAYANT BHATT",
"957529","266591908","R","6505 COVINA LN","CARMEL WEST PHS 3 SEC 2 BLK A LOT 107","BHATNAGAR ANSHUMAN",
"957531","266591910","R","6513 COVINA LN","CARMEL WEST PHS 3 SEC 2 BLK A LOT 105","PANATI SAMANVOY R",
"944519","266592004","R","6508 GOLDEN BOUGH LN","LOT 36 BLK D CARMEL WEST PHS 3 SEC 1","BHANDARI MITRA PRASAD & DEEPA",
"944521","266592006","R","6500 GOLDEN BOUGH LN","LOT 38 BLK D CARMEL WEST PHS 3 SEC 1","NAYAK SATHISHA",
"944522","266592007","R","6412 GOLDEN BOUGH LN","LOT 39 BLK D CARMEL WEST PHS 3 SEC 1","DAHAL SUSHANT & ALINA NEWPANE",
"944525","266592010","R","6400 GOLDEN BOUGH LN","LOT 42 BLK D CARMEL WEST PHS 3 SEC 1","SIRAJUDDIN AHMED MOHIUDDIN &",
"944529","266592014","R","6409 FOLSOM AVE","LOT 3 BLK D CARMEL WEST PHS 3 SEC 1","MITTAL BHUVNISH & DHARA GUPTA",
"944530","266592015","R","6413 FOLSOM AVE","LOT 4 BLK D CARMEL WEST PHS 3 SEC 1","VIMALA FNU SHEEPALI SHRIDHAR & ABHISEK MISHRA",
"944534","266592019","R","6513 FOLSOM AVE","LOT 8 BLK D CARMEL WEST PHS 3 SEC 1","YELISETTY PAVAN K & MADHAVI",
"944535","266592020","R","6517 FOLSOM AVE","LOT 9 BLK D CARMEL WEST PHS 3 SEC 1","PARIMI VENKATA SUBRAHMANYA SASTRY",
"944536","266592021","R","6521 FOLSOM AVE","LOT 10 BLK D CARMEL WEST PHS 3 SEC 1","GOPIREDDY RAVINDAR REDDY",
"944537","266592022","R","6525 FOLSOM AVE","LOT 11 BLK D CARMEL WEST PHS 3 SEC 1","GOIREDDY SATHEESH REDDY &",
"944541","266592103","R","6405 GOLDEN BOUGH LN","LOT 2 BLK E CARMEL WEST PHS 3 SEC 1","PUPPALA LAKSHMI SWARNA & SRINIVAS PUPPALA & CHIRANJEEVI MARUTHI KOSURI",
"944542","266592104","R","6409 GOLDEN BOUGH LN","LOT 3 BLK E CARMEL WEST PHS 3 SEC 1","ADHIKARI KAWACH & SUJATA BARAL",
"944544","266592106","R","6501 GOLDEN BOUGH LN","LOT 5 BLK E CARMEL WEST PHS 3 SEC 1","IQBAL KHAN MD MASHUQUE &",
"944546","266592108","R","6509 GOLDEN BOUGH LN","LOT 7 BLK E CARMEL WEST PHS 3 SEC 1","PADMANABHAN SUBBULAKSHMI &",
"944548","266620102","R","6712 FOLSOM AVE","LOT 125 BLK A CARMEL WEST PHS 3 SEC 1","PATEL VAIBHAVKUMAR HARISHBHAI",
"944549","266620103","R","6708 FOLSOM AVE","LOT 124 BLK A CARMEL WEST PHS 3 SEC 1","THYAGARAJAN SENTHILMURUGAN & NITHYA GANESA MARACHAN",
"944550","266620104","R","6704 FOLSOM AVE","LOT 123 BLK A CARMEL WEST PHS 3 SEC 1","NEUPANE KAMAL",
"944552","266620106","R","6620 FOLSOM AVE","LOT 121 BLK A CARMEL WEST PHS 3 SEC 1","PARASURAMAN VIJAYASABAPATHI & DIVYAPRIYA",
"944554","266620108","R","6612 FOLSOM AVE","LOT 119 BLK A CARMEL WEST PHS 3 SEC 1","NAMBIAR & GEORGE FAMILY TRUST",
"944555","266620109","R","6608 FOLSOM AVE","LOT 118 BLK A CARMEL WEST PHS 3 SEC 1","RAHIM ASLAM PADATH PEEDIKAYIL ABDUL",
"944558","266620112","R","6600 FOLSOM AVE","LOT 116 BLK A CARMEL WEST PHS 3 SEC 1","KUPPUSWAMI RAJKUMAR & SUBHASBINI JAGADEESAN",
"957538","266620114","R","6517 COVINA LN","CARMEL WEST PHS 3 SEC 2 BLK A LOT 104","SWAROOP GAURAV & TRISHA SINHA",
"957539","266620115","R","6521 COVINA LN","CARMEL WEST PHS 3 SEC 2 BLK A LOT 103","BEATHANABHOTLA SAI KRISHNA KIRAN &",
"957540","266620116","R","6525 COVINA LN","CARMEL WEST PHS 3 SEC 2 BLK A LOT 102","YENTRAPATHI RAGHAVENDRA R &",
"957541","266620117","R","6601 COVINA LN","CARMEL WEST PHS 3 SEC 2 BLK A LOT 101","PEDDAKOTLA SRINIVASA LOKESH & BINDU PRIYA KARE",
"957543","266620119","R","6605 COVINA LN","CARMEL WEST PHS 3 SEC 2 BLK A LOT 100","MALLEPALLI PRATIK REDDY & GOURI REDDY SYAMALA",
"957545","266620121","R","6613 COVINA LN","CARMEL WEST PHS 3 SEC 2 BLK A LOT 98","SHUKLA ASHISH & RICHA",
"957546","266620122","R","6617 COVINA LN","CARMEL WEST PHS 3 SEC 2 BLK A LOT 97","PARTHASARATHY MAHENDIRABABU & KALYANI MOHANRAMAN",
"957548","266620124","R","6701 COVINA LN","CARMEL WEST PHS 3 SEC 2 BLK A LOT 95","POKHAREL KEDAR & ISHWOR AKHIKARI",
"957549","266620125","R","6705 COVINA LN","CARMEL WEST PHS 3 SEC 2 BLK A LOT 94","ABBAS MOHAMMED & SHEHAR BANO ALI",
"957550","266620126","R","6709 COVINA LN","CARMEL WEST PHS 3 SEC 2 BLK A LOT 93","NATHAN PRASANNAH & AKSHAYA NAGASUNDARAM",
"957554","266620130","R","6801 COVINA LN","CARMEL WEST PHS 3 SEC 2 BLK A LOT 89","SHAH VISHVABEN & PRASHANT THUMMAR",
"957555","266620131","R","6805 COVINA LN","CARMEL WEST PHS 3 SEC 2 BLK A LOT 88","MADHAVARAM SIDHARTHA",
"957556","266620132","R","6809 COVINA LN","CARMEL WEST PHS 3 SEC 2 BLK A LOT 87","KHADKA PRAMILA & SAHAIL KHADKA",
"944561","266620201","R","6601 FOLSOM AVE","LOT 12 BLK D CARMEL WEST PHS 3 SEC 1","MARUDAIYA BHARATHI &",
"944563","266620203","R","6605 FOLSOM AVE","LOT 13 BLK D CARMEL WEST PHS 3 SEC 1","KODALI MANOGNA",
"944565","266620205","R","6613 FOLSOM AVE","LOT 15 BLK D CARMEL WEST PHS 3 SEC 1","YALAVARTY SIRI",
"957561","266620301","R","17508 CIPREMONT LN","CARMEL WEST PHS 3 SEC 2 BLK B LOT 10","VENKATA RAVIKANTH ARIKATLA & LEELASRI",
"957562","266620302","R","17504 CIPREMONT LN","CARMEL WEST PHS 3 SEC 2 BLK B LOT 11","DANDAVATHI SAI KARTHIK &",
"957563","266620303","R","17500 CIPREMONT LN","CARMEL WEST PHS 3 SEC 2 BLK B LOT 12","GUTURU SAI SRAVYA & SEEVAGAN SENTHIL KUMAR",
"957564","266620304","R","17412 CIPREMONT LN","CARMEL WEST PHS 3 SEC 2 BLK B LOT 13","MUTHAIAH ALAGAPPAN & VALLIKANNU NAGAPPAN",
"957566","266620306","R","17404 CIPREMONT LN","CARMEL WEST PHS 3 SEC 2 BLK B LOT 15","ASHRAF SHINAS ARIMBASSERY & ANZA SHINAS",
"957568","266620402","R","17301 PISMO LN","CARMEL WEST PHS 3 SEC 2 BLK A LOT 77","MANDHA MAHESWARI & MAHESH RAJAN GOUD KATLA",
"957569","266620403","R","17305 PISMO LN","CARMEL WEST PHS 3 SEC 2 BLK A LOT 76","WARRIER MAHESH SHASHIDHARAN",
"957570","266620404","R","17309 PISMO LN","CARMEL WEST PHS 3 SEC 2 BLK A LOT 75","KONDA NAGA VENKATA RAMA G & VISWASHANTHI BONALA",
"957571","266620405","R","17313 PISMO LN","CARMEL WEST PHS 3 SEC 2 BLK A LOT 74","CHALAMALLA  MALKIREDDY ATX TRUST ",
"957572","266620406","R","17317 PISMO LN","CARMEL WEST PHS 3 SEC 2 BLK A LOT 73","KARKI RAJESH KUMAR & SRIJANA",
"957576","266620410","R","17413 PALO CORONA LN","CARMEL WEST PHS 3 SEC 2 BLK A LOT 69","NOUREEN SUBRINA SULTANA",
"957581","266620415","R","6616 AVILA WAY","CARMEL WEST PHS 3 SEC 2 BLK A LOT 64","BATCHU SAI ATMARAM & ROOPA SAMUDRALA",
"957582","266620416","R","6612 AVILA WAY","CARMEL WEST PHS 3 SEC 2 BLK A LOT 63","KOPPU UDAYA KUMAR & SAI SINDHU ALAPATI",
"957585","266620419","R","6528 AVILA WAY","CARMEL WEST PHS 3 SEC 2 BLK A LOT 60","KADARIYA BIKASH & NEETI PANT",
"957594","266620428","R","17513 CIPREMONT LN","CARMEL WEST PHS 3 SEC 2 BLK A LOT 51","ACHARYA DANDA P &",
"957596","266620430","R","17521 CIPREMONT LN","CARMEL WEST PHS 3 SEC 2 BLK A LOT 49","KODALI PRAVEENKUMAR",
"957599","266620502","R","6505 AVILA WAY","CARMEL WEST PHS 3 SEC 2 BLK K LOT 2","SURESH SUDHINDRA",
"957600","266620503","R","6513 AVILA WAY","CARMEL WEST PHS 3 SEC 2 BLK K LOT 3","NEELAPU SARATH REDDY",
"957602","266620505","R","6525 AVILA WAY","CARMEL WEST PHS 3 SEC 2 BLK K LOT 5","CITIGORI ATMANAND & SHALINI JETHWANI",
"957603","266620506","R","6529 AVILA WAY","CARMEL WEST PHS 3 SEC 2 BLK K LOT 6","PATEL DHRUV A & VISHVA VINAYKUMAR",
"957604","266620507","R","6601 AVILA WAY","CARMEL WEST PHS 3 SEC 2 BLK K LOT 7","JAIN SAURABH",
"957607","266620510","R","6609 AVILA WAY","CARMEL WEST PHS 3 SEC 2 BLK K LOT 9","RAVU SHASHIPAL REDDY",
"957608","266620511","R","6613 AVILA WAY","CARMEL WEST PHS 3 SEC 2 BLK K LOT 10","RAVVA KARTHIK",
"957609","266620512","R","6617 AVILA WAY","CARMEL WEST PHS 3 SEC 2 BLK K LOT 11","BODAGALA SREEHARI",
"957610","266620513","R","6621 AVILA WAY","CARMEL WEST PHS 3 SEC 2 BLK K LOT 12","SARPAVARAPU SWATHIS & SRIKATNH DURVASULA",
"957613","266620516","R","6709 AVILA WAY","CARMEL WEST PHS 3 SEC 2 BLK K LOT 15","MOHAMMAD ADIL RAZA",
"957614","266620517","R","6713 AVILA WAY","CARMEL WEST PHS 3 SEC 2 BLK K LOT 16","SINGH MANOJ",
"957615","266620518","R","6717 AVILA WAY","CARMEL WEST PHS 3 SEC 2 BLK K LOT 17","GANAPURAM FAMILY TRUST",
"957616","266620519","R","6721 AVILA WAY","CARMEL WEST PHS 3 SEC 2 BLK K LOT 18","RAYAMAJHI PRASHANT",
"957618","266620521","R","6716 COALINGA LN","CARMEL WEST PHS 3 SEC 2 BLK K LOT 20","PATEL KENIKUMAR UTTAMBHAI & TWINKEL",
"957620","266620523","R","6708 COALINGA LN","CARMEL WEST PHS 3 SEC 2 BLK K LOT 22","SINGARAVELU PALANI KUMAR & VIGNESHWARI PITCHAIMUTHU",
"957621","266620524","R","6704 COALINGA LN","CARMEL WEST PHS 3 SEC 2 BLK K LOT 23","KHAMBATI ZOEB & MASOOMA KHAMBATI",
"957622","266620525","R","6700 COALINGA LN","CARMEL WEST PHS 3 SEC 2 BLK K LOT 24","MALLAMPATI SRINATH & DEEPA",
"957625","266620528","R","6612 COALINGA LN","CARMEL WEST PHS 3 SEC 2 BLK K LOT 27","RAVINDRAN SATISH KUMAR & MADHUMITHA SHANKAR MAHADEVAN",
"957628","266620531","R","6600 COALINGA LN","CARMEL WEST PHS 3 SEC 2 BLK K LOT 30","ARYA DEEPAK KUMAR & NEHA MANDIRATTA",
"957635","266620601","R","6501 COALINGA LN","CARMEL WEST PHS 3 SEC 2 BLK C LOT 52","DESAI VISHAL KAMLESH & ASHA DHIRUBHAI VATALIA",
"957636","266620602","R","6503 COALINGA LN","CARMEL WEST PHS 3 SEC 2 BLK C LOT 51","NAMIREDDY THILAK REDDY",
"957637","266620603","R","6505 COALINGA LN","CARMEL WEST PHS 3 SEC 2 BLK C LOT 50","VENUGOPAL VISWANATHAN SRINGAPURATHIL & REVATHY ADOOPARAMBIL NARASIMHAPAI",
"957638","266620604","R","6509 COALINGA LN","CARMEL WEST PHS 3 SEC 2 BLK C LOT 49","WASON NITIN & NITIKA",
"957639","266620605","R","6513 COALINGA LN","CARMEL WEST PHS 3 SEC 2 BLK C LOT 48","BHADRIRAJU SRIVASTAV VAMSI &",
"957640","266620606","R","6517 COALINGA LN","CARMEL WEST PHS 3 SEC 2 BLK C LOT 47","CHANDER VINEETH RAM & ABHILASHA MANJUNATHA SHETTY",
"957641","266620607","R","6521 COALINGA LN","CARMEL WEST PHS 3 SEC 2 BLK C LOT 46","DEVARAJAN PRABU & SANGEETHA KARUNANITHI",
"957645","266620611","R","6613 COALINGA LN","CARMEL WEST PHS 3 SEC 2 BLK C LOT 42","MORUGADI ADITYA SREERAM REDDY & SHRUTI KOPPULA",
"957647","266620613","R","6621 COALINGA LN","CARMEL WEST PHS 3 SEC 2 BLK C LOT 40","RAMARAJ DINESH KUMAR & VINAYA BHARATHI MOHANDOSS",
"957648","266620614","R","6701 COALINGA LN","CARMEL WEST PHS 3 SEC 2 BLK C LOT 39","GADHAMSETTY VIJAYA BHASKAR & SAI SWETHA",
"957649","266620615","R","6705 COALINGA LN","CARMEL WEST PHS 3 SEC 2 BLK C LOT 38","SENESETTI ANILKUMAR & SAILAJA DEVI",
"957651","266620617","R","6713 COALINGA LN","CARMEL WEST PHS 3 SEC 2 BLK C LOT 36","WADHWA SACHIN & ",
"957652","266620618","R","6717 COALINGA LN","CARMEL WEST PHS 3 SEC 2 BLK C LOT 35","KARANAM PURUSHOTHAM & VIJAYALAKSHMI",
"957653","266620619","R","6721 COALINGA LN","CARMEL WEST PHS 3 SEC 2 BLK C LOT 34","BELLAMKONDA JOSEPH NARENDRA & ANUSHA DUGGIRALA",
"957654","266620620","R","6801 COALINGA LN","CARMEL WEST PHS 3 SEC 2 BLK C LOT 33","NAG SUBRATA & HARSHADA SUBRATA",
"957676","266620642","R","6512 COVINA LN","CARMEL WEST PHS 3 SEC 2 BLK C LOT 12","SEMALAI KALAI GENERATIONS REVOCABLE",
"985239","266670211","R","179114 PRAIRIE FALCON WAY","MEADOWLARK PRESERVE PHS 1 AMD BLK C LOT 12","MOTHUKULA SUMAN GOUD",
"985244","266670304","R","18022 LARK SPARROW DR","MEADOWLARK PRESERVE PHS 1 AMD BLK B LOT 18","KOHLI RAVNIT S & GEETIKA KOHLI",
"985245","266670305","R","18020 LARK SPARROW DR","MEADOWLARK PRESERVE PHS 1 AMD BLK B LOT 17","AGARWAL MUKESH KUMAR & SNEHA GUPTA",
"985248","266670308","R","18014 LARK SPARROW DR","MEADOWLARK PRESERVE PHS 1 AMD BLK B LOT 14","MANGLA RITU VISHAL",
"985548","266670322","R","18001 PRAIRIE FALCON WAY","MEADOWLARK PRESERVE PHS 2 BLK B LOT 22","SAI GANESH & SUBASHINI REVOCABLE",
"985551","266670325","R","18007 PRAIRIE FALCON WAY","MEADOWLARK PRESERVE PHS 2 BLK B LOT 25","BHAKTA ALPESH & RAJSHREE BHAKTA",
"985562","266670336","R","18030 PRAIRIE FALCON WAY","MEADOWLARK PRESERVE PHS 2 BLK B LOT 36","BHATTIPROLU SWAROOP &",
"985564","266670338","R","18026 PRAIRIE FALCON WAY","MEADOWLARK PRESERVE PHS 2 BLK B LOT 38","MUNIR MUSTAFA & AFEEFAH BANOO GLAXY",
"985574","266670345","R","17807 CHIPPING SPARROW CT","MEADOWLARK PRESERVE PHS 2 BLK B LOT 45","MAHAJAN SAURABH ANIL",
"985296","266670511","R","18019 LARK SPARROW DR","MEADOWLARK PRESERVE PHS 1 AMD BLK G LOT 11"," PARIKH SHYAM MAULISH",
"985323","266670809","R","18010 CEDAR WAXWING WAY","MEADOWLARK PRESERVE PHS 1 AMD BLK O LOT 9","SHAH SANKET S & NIKITA R RAJE",
"985335","266670905","R","17710 SAGE THRASHER DR","MEADOWLARK PRESERVE PHS 1 AMD BLK P LOT 5","PATEL JUHEE TEJASKUMAR &",
"985337","266670907","R","17704 SAGE THRASHER DR","MEADOWLARK PRESERVE PHS 1 AMD BLK P LOT 3","DANDAPAT PRITISH KANTI &",
"985350","266671011","R","18017 CEDAR WAXWING WAY","MEADOWLARK PRESERVE PHS 1 AMD BLK Q LOT 11","ARUL VIJAYAKARTHIKEYAN & SWATHY",
"985354","266671015","R","18025 CEDAR WAXWING WAY","MEADOWLARK PRESERVE PHS 1 AMD BLK Q LOT 15","ASLAMZAD SAYED MASOOD",
"985357","266671018","R","17701 SAGE THRASHER DR","MEADOWLARK PRESERVE PHS 1 AMD BLK Q LOT 18","PUTHIYOTTIL AJITH & AKILA YOGARAJ",
"985707","266671903","R","17922 NASHVILLE WARBLER RD","MEADOWLARK PRESERVE PHS 2 BLK A LOT 38","SUNIL RUTH VIMALA &",
"985728","266672008","R","17915 NASHVILLE WARBLER RD","MEADOWLARK PRESERVE PHS 2 BLK F LOT 8","PATEL NEHA ANIL",
"998742","268520902","R","4000 STARNBERG LN","LAKESIDE MEADOWS PHS 2 BLK T LOT 22","KHAN MOHAMMAD USMAN RIZWAN",
"998745","268520905","R","3904 STARNBERG BND","LAKESIDE MEADOWS PHS 2 BLK T LOT 19","KHANAL SANDEEP & KAMALA KHANAL &",
"998747","268520907","R","3820 STARNBERG LN","LAKESIDE MEADOWS PHS 2 BLK T LOT 17","PATEL JAI HITESH",
"907171","268570204","R","17320 CASANOVA  AVE","LOT 43 BLK H CARMEL WEST PHS 1 SEC 2","SURAM PRAVEEN KUMAR & ARCHANA KASTURI",
"907288","268570302","R","17305 CASANOVA AVE","LOT 12 BLK K CARMEL WEST PHS 1 SEC 2","RAHIM ZOHAIR & IQRA ABBASI",
"907289","268570303","R","17309 CASANOVA AVE","LOT 13 BLK K CARMEL WEST PHS 1 SEC 2","KASHYAP RITUPARNA & RIMLEE TALUKDAR",
"907290","268570304","R","17313 CASANOVA AVE","LOT 14 BLK K CARMEL WEST PHS 1 SEC 2","GUPTA VIKAS & CHITRA",
"907292","268570306","R","17321 CASANOVA AVE","LOT 16 BLK K CARMEL WEST PHS 1 SEC 2","RAVICHANDRAN NISHANTH &",
"907293","268570307","R","17325 CASANOVA AVE","LOT 17 BLK K CARMEL WEST PHS 1 SEC 2","MAGHAM KARTHIK & ANUSHA KOTA",
"907294","268570308","R","17329 CASANOVA AVE","LOT 18 BLK K CARMEL WEST PHS 1 SEC 2","VISWANATHA AVINASH",
"907146","268590104","R","17325 LATHROP AVE","LOT 17 BLK L CARMEL WEST PHS 1 SEC 2","THAPA RAJU &",
"907163","268590214","R","17412 CASANOVA AVE","LOT 4 BLK M CARMEL WEST PHS 1 SEC 2","EEGAPURI BHARATH &",
"907164","268590215","R","17408 CASANOVA AVE","LOT 3 BLK M CARMEL WEST PHS 1 SEC 2","RAMALINGAM KUMARAGURU & PRIYA PAULRAJ",
"918744","268590223","R","5700 WOLF PACK DR","LOT 20 BLK M CARMEL WEST PHS 2 SEC 2","KABIR MOHAMMAD HUMAYUN",
"918747","268590226","R","5608 WOLF PACK DR","LOT 17 BLK M CARMEL WEST PHS 2 SEC 2","BANSAL KOKIL & SAILESH ACHARYA",
"918735","268590611","R","5800 WOLF PACK DR","LOT 1 BLK R CARMEL WEST PHS 2 SEC 2","DHILLA HAKIM & DURRIAYA",
"944570","268590701","R","17620 CHINO LN","LOT 32 BLK A CARMEL WEST PHS 3 SEC 1","KHANNA VAIBHAV & AROHI MEHROTRA",
"944571","268590702","R","17616 CHINO LN","LOT 31 BLK A CARMEL WEST PHS 3 SEC 1","KAYATHI SRAVYA & PRAKASH YANNAM",
"944572","268590703","R","17612 CHINO LN","LOT 30 BLK A CARMEL WEST PHS 3 SEC 1","VEERLAPATI FAMILY TRUST",
"944577","268590708","R","17512 CHINO LN","LOT 25 BLK A CARMEL WEST PHS 3 SEC 1","GODAKHINDI SANJEEV & SHEETAL DEVI",
"944580","268590711","R","17500 CHINO LN","LOT 22 BLK A CARMEL WEST PHS 3 SEC 1","BRINDAVAN SAI KRISHNA CHAITANYA",
"944582","268590802","R","17509 CHINO LN","LOT 41 BLK A CARMEL WEST PHS 3 SEC 1","JAYAKUMAR VIJAYAANAND",
"944583","268590803","R","17513 CHINO LN","LOT 40 BLK A CARMEL WEST PHS 3 SEC 1","LINGA SAKETH",
"944586","268590806","R","17605 CHINO LN","LOT 37 BLK A CARMEL WEST PHS 3 SEC 1","GURAGAI BINOD & BINU SHARMA",
"929053","270280309","R","900 FALKLAND TRACE","LOT 8 BLK C BALLANTYNE SEC 2","BISWAS INDRADEEP",
"889745","270280749","R","15008 SPRING HILL LN","LOT 21 BLK B BALLANTYNE SEC 1","NAGENDRA ARCOT SRINATH BABU &",
"889747","270280751","R","15004 SPRING HILL LN","LOT 19 BLK B BALLANTYNE SEC 1","NEUPANE AAYUSH",
"889754","270280758","R","14906 SPRING HILL LN","LOT 12 BLK B BALLANTYNE SEC 1","GOEL USHA TRUST",
"889760","270280764","R","917 FORTROSE TERR","LOT 6 BLK B BALLANTYNE SEC 1","PUVVADI SIVA KANTH",
"889761","270280765","R","913 FORTROSE TERR","LOT 5 BLK B BALLANTYNE SEC 1","REDDY VASANTHA",
"889762","270280766","R","909 FORTROSE TERR","LOT 4 BLK B BALLANTYNE SEC 1","KARANGULA BABU MAHESH UMA",
"889763","270280767","R","905 FORTROSE TERR","LOT 3 BLK B BALLANTYNE SEC 1","PARIKH KRISHNA & SANJAY K PARIKH",
"889712","270281102","R","825 FORTROSE TERR","LOT 2 BLK A BALLANTYNE SEC 1","CHITIMALLI AMAR & JAYASHREE",
"889714","270281104","R","817 FORTROSE TERR","LOT 4 BLK A BALLANTYNE SEC 1","KHATIWADA TIRTHA R & BINJU",
"889715","270281105","R","813 FORTROSE TERR","LOT 5 BLK A BALLANTYNE SEC 1","MEHTA NEHARIKA & KUNTAL",
"889716","270281106","R","809 FORTROSE TERR","LOT 6 BLK A BALLANTYNE SEC 1","THAKKALAPALLY MANJULA & RAJESHWAR RAO",
"889733","270281205","R","816 DURNESS DR","LOT 11 BLK G BALLANTYNE SEC 1","KOSHY KAMAL JOSEPH & BETTINA SUSAN JOHN",
"889737","270281209","R","900 DURNESS DR","LOT 7 BLK G BALLANTYNE SEC 1","PRASAD RAJASHREE",
"889740","270281212","R","912 DURNESS DR","LOT 4 BLK G BALLANTYNE SEC 1","GUPTA NAUTASHA & SRINATH REDDY KOTU",
"929040","270281218","R","921 FALKLAND TRACE","LOT 46 BLK G BALLANTYNE SEC 2","JEEVANRAM SHOBA & THILAKKUMAR VAIDHYALINGA",
"929043","270281221","R","909 FALKLAND TRACE","LOT 43 BLK G BALLANTYNE SEC 2","KAMBOJ SHAKTI",
"929044","270281222","R","905 FALKLAND TRACE","LOT 42 BLK G BALLANTYNE SEC 2","MITRA PRASENJIT & PRARTHNA BALASUNDARAM",
"929045","270281223","R","901 FALKLAND TRACE","LOT 41 BLK G BALLANTYNE SEC 2","GUPTA ARNAV",
"929046","270281224","R","837 FALKLAND TRACE","LOT 40 BLK G BALLANTYNE SEC 2","KRISTIPATI VIJAY",
"889766","270281301","R","925 DURNESS DR","LOT 47 BLK H BALLANTYNE SEC 1","RAJANALA SRINIVAS & MADHAVI",
"889767","270281302","R","921 DURNESS DR","LOT 46 BLK H BALLANTYNE SEC 1","UPADHYAY SHREYAS",
"889768","270281303","R","917 DURNESS DR","LOT 45 BLK H BALLANTYNE SEC 1","GOEL USHA TRUST",
"889774","270281309","R","825 DURNESS DR","LOT 39 BLK H BALLANTYNE SEC 1","AGRAWAL VIPIN KUMAR",
"889779","270281314","R","809 DURNESS DR","LOT 35 BLK H BALLANTYNE SEC 1","DODDA NEEHARIKA",
"889796","270281317","R","724 FORTROSE TERR","LOT 18 BLK H BALLANTYNE SEC 1","YELLANKI CHARAN",
"889802","270281323","R","812 FORTROSE TER","LOT 11 BLK H BALLANTYNE SEC 1","SHARMA SANJIV KUMAR & MANISHA POKHAREL",
"889804","270281325","R","820 FORTROSE TERR","LOT 9 BLK H BALLANTYNE SEC 1","GOHEL VAISHALI",
"889808","270281329","R","900 FORTROSE TERR","LOT 5 BLK H BALLANTYNE SEC 1","JOHRI RAJAT & NIKETA SINGH",
"889811","270281332","R","912 FORTROSE TERR","LOT 2 BLK H BALLANTYNE SEC 1","NAWATHE VISHAL SHRINIVAS &",
"916735","270281402","R","1207 SHOWBOX ST","UNT 1 PARK AT WELLSPOINT CONDOMINIUM AMENDED PLUS 1.0 % INT IN COM AREA","DALAL PRASHANT V & CHITRA P",
"916738","270281405","R","1305 SHOWBOX ST","UNT 4 PARK AT WELLSPOINT CONDOMINIUM AMENDED PLUS 1.0 % INT IN COM AREA","RAPATHI CHANDRASEKHAR",
"916740","270281407","R","1309 SHOWBOX ST","UNT 6 PARK AT WELLSPOINT CONDOMINIUM AMENDED PLUS 1.0 % INT IN COM AREA","RAYAPUDI SOWGANDHI",
"916746","270281413","R","15004 RYMAN RD","UNT 12 PARK AT WELLSPOINT CONDOMINIUM AMENDED PLUS 1.0 % INT IN COM AREA","JAIN KAVITA & KALPIT",
"916751","270281418","R","15104 RYMAN RD","UNT 17 PARK AT WELLSPOINT CONDOMINIUM AMENDED PLUS 1.0 % INT IN COM AREA","LEO FNU RITHU & SUNIL SEBASTIAN",
"916752","270281419","R","15106 RYMAN RD","UNT 18 PARK AT WELLSPOINT CONDOMINIUM AMENDED PLUS 1.0 % INT IN COM AREA","THAKUR MEGHNA ",
"916753","270281420","R","15108 RYMAN RD","UNT 19 PARK AT WELLSPOINT CONDOMINIUM AMENDED PLUS 1.0 % INT IN COM AREA","KHANIJOW KIRAN PAL & MONA",
"916755","270281422","R","1402 LIMELIGHT LN","UNT 21 PARK AT WELLSPOINT CONDOMINIUM AMENDED PLUS 1.0 % INT IN COM AREA","MISHRA SHASHANK",
"916762","270281429","R","1208 LIMELIGHT LN","UNT 28 PARK AT WELLSPOINT CONDOMINIUM AMENDED PLUS 1.0 % INT IN COM AREA","POTHULA BHARATH BABU",
"916785","270281452","R","1105 SHOWBOX ST","UNT 51 PARK AT WELLSPOINT CONDOMINIUM AMENDED PLUS 1.0 % INT IN COM AREA","BUDHE SUNDEEP & SNCHAPRIYA THAMSHETTY",
"916787","270281454","R","1109 SHOWBOX ST","UNT 53 PARK AT WELLSPOINT CONDOMINIUM AMENDED PLUS 1.0 % INT IN COM AREA","GANDE LALITHA MADHAVI",
"916791","270281458","R","1205 SHOWBOX ST","UNT 57 PARK AT WELLSPOINT CONDOMINIUM AMENDED PLUS 1.0 % INT IN COM AREA","KATIVATAPU SUPRIYA",
"916796","270281463","R","15009 FORUM AVE","UNT 62 PARK AT WELLSPOINT CONDOMINIUM AMENDED PLUS 1.0 % INT IN COM AREA","NAYAR RAJEEV & MANJU",
"916797","270281464","R","15101 FORUM AVE","UNT 63 PARK AT WELLSPOINT CONDOMINIUM AMENDED PLUS 1.0 % INT IN COM AREA","GAUTAM SHANTANU",
"916798","270281465","R","15103 FORUM AVE","UNT 64 PARK AT WELLSPOINT CONDOMINIUM AMENDED PLUS 1.0 % INT IN COM AREA","GATTU TARUN",
"916800","270281467","R","15107 FORUM AVE","UNT 66 PARK AT WELLSPOINT CONDOMINIUM AMENDED PLUS 1.0 % INT IN COM AREA","THATAVARTHY VENKATA R & SREELATHA TALLADA",
"916804","270281471","R","15108 CASBAH DR","UNT 70 PARK AT WELLSPOINT CONDOMINIUM AMENDED PLUS 1.0 % INT IN COM AREA","DAHAL PURUSHOTTAM &",
"916810","270281477","R","15006 CASBAH DR","UNT 76 PARK AT WELLSPOINT CONDOMINIUM AMENDED PLUS 1.0 % INT IN COM AREA","KHAN SANA & AHSAN KHAN",
"916815","270281482","R","15003 RYMAN RD","UNT 81 PARK AT WELLSPOINT CONDOMINIUM AMENDED PLUS 1.0 % INT IN COM AREA","THAKUR PRIYA",
"916817","270281484","R","15007 RYMAN RD","UNT 83 PARK AT WELLSPOINT CONDOMINIUM AMENDED PLUS 1.0 % INT IN COM AREA","ANUPINDI TEJASWI ROHIT",
"916818","270281485","R","15009 RYMAN RD","UNT 84 PARK AT WELLSPOINT CONDOMINIUM AMENDED PLUS 1.0 % INT IN COM AREA","NARASIMHAN PRASAD",
"916819","270281486","R","15101 RYMAN RD","UNT 85 PARK AT WELLSPOINT CONDOMINIUM AMENDED PLUS 1.0 % INT IN COM AREA","THAKUR REETIKA & TOUSEEF PATEL",
"916822","270281489","R","15107 RYMAN RD","UNT 88 PARK AT WELLSPOINT CONDOMINIUM AMENDED PLUS 1.0 % INT IN COM AREA","ALAGAPPAN KASI & ANNAPOORANI SABARATHINAM",
"916824","270281491","R","15110 FORUM AVE","UNT 90 PARK AT WELLSPOINT CONDOMINIUM AMENDED PLUS 1.0 % INT IN COM AREA","SOMAN RAVI",
"916830","270281497","R","15008 FORUM AVE","UNT 96 PARK AT WELLSPOINT CONDOMINIUM AMENDED PLUS 1.0 % INT IN COM AREA","BENDAPUDI SRIDEVI & SRINIVAS S AKELLA",
"916831","270281498","R","15006 FORUM AVE","UNT 97 PARK AT WELLSPOINT CONDOMINIUM AMENDED PLUS 1.0 % INT IN COM AREA","KUMAR RAKESH & KUMARI SWETA",
"916834","270281501","R","15000 FORUM AVE","UNT 100 PARK AT WELLSPOINT CONDOMINIUM AMENDED PLUS 1.0 % INT IN COM AREA","MUTHUVELU BHARATH KUMAR",
"929097","270300515","R","704 FALKLAND TRACE","LOT 4 BLK E BALLANTYNE SEC 2","YENNAM MANVITHA",
"929099","270300517","R","712 FALKLAND TRACE","LOT 2 BLK E BALLANTYNE SEC 2","THUGU RAJESHKUMAR REDDY",
"929102","270300810","R","804 FALKLAND TRACE","LOT 7 BLK D BALLANTYNE SEC 2","ADHIKARI TRIPTI ETAL",
"929104","270300812","R","812 FALKLAND TRACE","LOT 5 BLK D BALLANTYNE SEC 2","DEY AMITABHA",
"889722","270301003","R","708 DURNESS DR","LOT 22 BLK G BALLANTYNE SEC 1","GARLA VISHNU VARDHAN &",
"889728","270301009","R","800 DURNESS DR","LOT 16 BLK G BALLANTYNE SEC 1","ATHUR SOWMYA R",
"929062","270301010","R","821 FALKLAND TRACE","LOT 35 BLK G BALLANTYNE SEC 2","PRAKRASH - TIWARI TRUST",
"929064","270301012","R","813 FALKLAND TRACE","LOT 33 BLK G BALLANTYNE SEC 2","POUDEL ASHA & KAMAL",
"929065","270301013","R","809 FALKLAND TRACE","LOT 32 BLK G BALLANTYNE SEC 2","KAPADIA HARSHITA",
"929066","270301014","R","805 FALKLAND TRACE","LOT 31 BLK G BALLANTYNE SEC 2","SHAH SMIT SNEHAL & SNEHAL",
"929067","270301015","R","801 FALKLAND TRACE","LOT 30 BLK G BALLANTYNE SEC 2","PRAKASH NAVEEN & ",
"929069","270301017","R","713 FALKLAND TRACE","LOT 28 BLK G BALLANTYNE SEC 2","NEKKANTI SHIVA KUMAR",
"929070","270301018","R","709 FALKLAND TRACE","LOT 27 BLK G BALLANTYNE SEC 2","CHARLES NEIL ABHISHEK & SUMA CHARLES",
"929072","270301020","R","701 FALKLAND TRACE","LOT 25 BLK G BALLANTYNE SEC 2","BOKKISAM SREERAMULU",
"929074","270301202","R","609 FALKLAND TRACE","LOT 2 BLK J BALLANTYNE SEC 2","BRAR HARJEEVAN & KAVLEEN KAUR",
"929075","270301203","R","605 FALKLAND TRACE","LOT 3 BLK J BALLANTYNE SEC 2","PAREEK FAMILY TRUST",
"929078","270301206","R","521 FALKLAND TRACE","LOT 6 BLK J BALLANTYNE SEC 2","PATEL NITABEN S",
"929080","270301208","R","513 FALKLAND TRACE","LOT 8 BLK J BALLANTYNE SEC 2","KATIPELLY SAI TEJA REDDY & SRILATHA BUDUTHA",
"953456","270403304","R","1516 SEEGER DR","UNT 3 OLD TOWN EAST CONDOMINIUMS PLUS 2.6315 % INT IN COM AREA","KATRAGADDA NITHIN &",
"953458","270403306","R","1508 SEEGER DR","UNT 5 OLD TOWN EAST CONDOMINIUMS PLUS 2.6315 % INT IN COM AREA","ISLAM JAMILA R & MD ABU SAYED",
"953462","270403310","R","1513 SEEGER DR","UNT 9 OLD TOWN EAST CONDOMINIUMS PLUS 2.6315 % INT IN COM AREA","THANNEERU SRIKANTH",
"953463","270403311","R","1517 SEEGER DR","UNT 10 OLD TOWN EAST CONDOMINIUMS PLUS 2.6315 % INT IN COM AREA","PONNUCHAMY PRADEEP &",
"953464","270403312","R","1521 SEEGER DR","UNT 11 OLD TOWN EAST CONDOMINIUMS PLUS 2.6315 % INT IN COM AREA","VANKIREDDY SNEHA",
"953465","270403313","R","1525 SEEGER DR","UNT 12 OLD TOWN EAST CONDOMINIUMS PLUS 2.6315 % INT IN COM AREA","PONUGOTI SURAJ",
"953468","270403316","R","1609 SEEGER DR","UNT 15 OLD TOWN EAST CONDOMINIUMS PLUS 2.6315 % INT IN COM AREA","KASTURI RAGHAV ANAND SRINIVAS &",
"998688","270520502","R","4112  STARNBERG BND","LAKESIDE MEADOWS PHS 2 BLK R LOT 16","SAINI KARAN",
"998697","270520511","R","17217 AMMERSEE LN","LAKESIDE MEADOWS PHS 2 BLK R LOT 7","ARYA DIVYA & DIPANKAR BEHERA",
"998701","270520515","R","17321 AMMERSEE LN","LAKESIDE MEADOWS PHS 2 BLK R LOT 3","KOTHARI ASHISH PRADEEP &",
"998721","270520804","R","17101 AMMERSEE LN","LAKESIDE MEADOWS PHS 2 BLK T LOT 12","BOGASAMUDRAM JAYANTH REDDY & ",
"998723","270520806","R","17109 AMMERSEE LN","LAKESIDE MEADOWS PHS 2 BLK T LOT 10","SHETH NIRAG & MEHA KANUBHAI PATEL",
"930799","270570102","R","17916 LECCION DR","LOT 26 BLK X SORENTO PHS 8","PATEL TILAK MITESH",
"932941","270590306","R","17920 CURIO DR","LOT 59 BLK N SORENTO PHS 5","NARAYANASAMY SRINIVASAN",
"932942","270590307","R","17916 CURIO DR","LOT 60 BLK N SORENTO PHS 5","SHETH RUCHI CHANDRAKANT &",
"932943","270590308","R","17912 CURIO DR","LOT 61 BLK N SORENTO PHS 5","NAGABANDI NIRUP KUMAR &",
"952137","270590314","R","17909 SANTA CROCE DR","LOT 67 BLK N SORENTO PHS 6","PATIL TUSHAR",
"952139","270590316","R","17917 SANTA CROCE DR","LOT 69 BLK N SORENTO PHS 6","RUDRARAJU SURYANARAYANA RAJU & REVATHIDEVI",
"932951","270590403","R","17913 CURIO DR","LOT 53 BLK Q SORENTO PHS 5","PARIMAL PRAKASH & SHRUTI SHANDILYA",
"932953","270590405","R","17921 CURIO DR","LOT 51 BLK Q SORENTO PHS 5","BABU PRITHY RUPA",
"932957","270590409","R","18005 CURIO DR","LOT 47 BLK Q SORENTO PHS 5","PUNUGOTI PAVANI &",
"932964","270590415","R","16801 GUIDO CV","LOT 30 BLK Q SORENTO PHS 5","GOEL DIVAKAR & PARUL BANSAL",
"932965","270590416","R","16805 GUIDO CV","LOT 29 BLK Q SORENTO PHS 5","PATEL HARDIKKUMAR B",
"932975","270590424","R","16801 AVOLA CV","LOT 17 BLK Q SORENTO PHS 5","AFROZ SAMEYA & A B AKHTER",
"952302","270590435","R","17301 BASSANO AVE","LOT 6 BLK Q SORENTO PHS 6","KOLLURU FAMILY TRUST",
"952307","270590440","R","17405 BASSANO AVE","LOT 1 BLK Q SORENTO PHS 6","JAGTAP RUSHIKESH RAJENDRA & KALYANI ANIL GONDE",
"952178","270590501","R","18000 SANTA CROCE DR","LOT 21 BLK T SORENTO PHS 6","PISUPATI SIVA PRASAD & ASWINI PAMIDIMUKKALA",
"952180","270590503","R","17920 SANTA CROCE DR","LOT 19 BLK T SORENTO PHS 6","PATEL HIRAKKUMAR B & FENIL M",
"952181","270590504","R","17916 SANTA CROCE DR","LOT 18 BLK T SORENTO PHS 6","DHILLA DURRIAYA & HAKIM",
"952183","270590506","R","17908 SANTA CROCE DR","LOT 16 BLK T SORENTO PHS 6","GANESAN MARAN & SIVARANJANI RAVICHANDRAN",
"955537","270590511","R","17909 CIVORNO DR","SORENTO PHS 7 BLK T LOT 11","TILEKAR MAHESH SURESH & VIDYA MAHESH",
"955540","270590514","R","17921 CIVORNO DR","SORENTO PHS 7 BLK T LOT 8","GADDIPATI SIVAPRIYA",
"952191","270590605","R","17420 BASSANO AVE","LOT 63 BLK X SORENTO PHS 6","BOGALE SAIVIVEK & VASANTHA REDDY",
"952196","270590610","R","17400 BASSANO AVE","LOT 68 BLK X SORENTO PHS 6","ARIF IRTEZA & TAMANNA RAHMAN",
"952199","270590611","R","17812 GILBERTO DR","LOT 69 BLK X SORENTO PHS 6","BASEL LOK P & KHUM K",
"952201","270590613","R","17804 GILBERTO DR","LOT 71 BLK X SORENTO PHS 6","EESARI SIRIYAL REDDY & JEEVANA",
"952202","270590614","R","17800 GILBERTO DR","LOT 72 BLK X SORENTO PHS 6","PANDYA NIRAV & KHYATI BHATT",
"952203","270590615","R","17716 GILBERTO DR","LOT 73 BLK X SORENTO PHS 6","NARLA ABHILASH",
"952208","270590620","R","17612 GILBERTO DR","LOT 78 BLK X SORENTO PHS 6","BAPURAM RAGHUVEER",
"952209","270590621","R","17608 GILBERTO DR","LOT 79 BLK X SORENTO PHS 6","NASINA SANDEEPYA & SHASHIDHAR CHILIVERY",
"952214","270590623","R","16701 CASA ANNA DR","LOT 81 BLK X SORENTO PHS 6","SHAH KEVIN VIPULBHAI",
"952216","270590625","R","16709 CASA ANNA DR","LOT 83 BLK X SORENTO PHS 6","SURESH VINAY KUMAR BELGODU & SEEMA HANUMAPPA THIPPESWAMY",
"952217","270590626","R","16713 CASA ANNA DR","LOT 84 BLK X SORENTO PHS 6","PANDE MUKESH CHHAILADURAI & REVATHI SADASIVAM",
"952218","270590627","R","16717 CASA ANNA DR","LOT 85 BLK X SORENTO PHS 6","PUTHIYAPURAIL SHREYUS & THEJOVATHI GOOMA",
"955525","270590630","R","17808 BASSANO AVE","SORENTO PHS 7 BLK X LOT 48","PRASAD ABHISHEK &",
"955527","270590632","R","17800 BASSANO AVE","SORENTO PHS 7 BLK X LOT 50","KAMBALAPALLY RAHUL REDDY &",
"955528","270590633","R","17612 BASSANO AVE","SORENTO PHS 7 BLK X LOT 51","VENNAMANANI SAI CHARAN RAO",
"955530","270590635","R","17604 BASSANO AVE","SORENTO PHS 7 BLK X LOT 53","BADRI VEERESH",
"955531","270590636","R","17600 BASSANO AVE","SORENTO PHS 7 BLK X LOT 54","ANANTHULA UJWAL",
"952327","270590702","R","17812 AVALAR AVE","LOT 31 BLK S SORENTO PHS 6","NADELLA MADAN GOPAL & DEEPTHI",
"952330","270590705","R","17800 AVALAR AVE","LOT 28 BLK S SORENTO PHS 6","DIGHE DIGAMBAR N & URMILA DIGAMBAR",
"952333","270590708","R","17712 AVALAR AVE","LOT 25 BLK S SORENTO PHS 6","SEENIVASAN OHM GANESH",
"952335","270590710","R","17704 AVALAR AVE","LOT 23 BLK S SORENTO PHS 6","KHAN LATIFUR RAHMAN & PALLABI PARVEEN",
"952337","270590712","R","17620 AVALAR AVE","LOT 21 BLK S SORENTO PHS 6","SINGH VISHWA NATH PRATAP & RUKMINI SINGH",
"952339","270590714","R","17612 AVALAR AVE","LOT 19 BLK S SORENTO PHS 6","CHIKOTI SAKETH & ROJA ALLENKI",
"952340","270590715","R","16716 CASA ANNA DR","LOT 18 BLK S SORENTO PHS 6","MEHTA VEDANT JAYESHLAL &",
"952341","270590716","R","16712 CASA ANNA DR","LOT 17 BLK S SORENTO PHS 6","SHANKAR RAVI KIRAN POLA SHIVA & RASIKA PATIL",
"952343","270590718","R","16700 CASA ANNA DR","LOT 15 BLK S SORENTO PHS 6","KARKI PRAVAT & ROSHANI THAPA",
"952349","270590724","R","17709 GILBERTO DR","LOT 9 BLK S SORENTO PHS 6","BATHULA SUNIL KUMAR & SIVARANJANI BOMMANA",
"952355","270590730","R","17809 GILBERTO DR","LOT 3 BLK S SORENTO PHS 6","SARAVANAKUMAR MAYURESH",
"952257","270590801","R","16812 LEMONIA CV","LOT 30 BLK R SORENTO PHS 6","PERUMBUDURI SANDEEP & SHALINI TOOPRAN",
"952258","270590802","R","16808 LEMONIA CV","LOT 31 BLK R SORENTO PHS 6","IMTIAZ MOHAMMAD SHAMIM",
"952259","270590803","R","16804 LEMONIA CV","LOT 32 BLK R SORENTO PHS 6","QURESHI SANOBER & AHMER QURESHI",
"952262","270590806","R","17212 BASSANO AVE","LOT 35 BLK R SORENTO PHS 6","MEKALA PRAKASH & KAVYA",
"952263","270590807","R","17208 BASSANO AVE","LOT 36 BLK R SORENTO PHS 6","HINGE GOVIND PANDITRAO",
"952229","270590902","R","16816 CASA ANNA DR","LOT 6 BLK R SORENTO PHS 6","VARADHARAJAN ARUNJUNAI NARESH & DIVYAA DEVI SAKTHIVEL",
"952236","270590908","R","17613 AVALAR AVE","LOT 12 BLK R SORENTO PHS 6","KABIR MD FAISAL & ANJUMAN AHMED",
"952237","270590909","R","17617 AVALAR AVE","LOT 13 BLK R SORENTO PHS 6","DOSHI DHAVAL PRAFUL CHANDRA & DEVAL BANSILAL CHAUHAN",
"952239","270590910","R","16809 PONTE CV","LOT 14 BLK R SORENTO PHS 6","PATIL PANKAJ MADHUKAR &",
"952242","270590913","R","16821 PONTE CV","LOT 17 BLK R SORENTO PHS 6","SONANI DENISH MUKESHBHAI & NIDHIBEN SAVJIBHAI ANGHAN",
"952251","270590920","R","16801 LEMONIA CV","LOT 24 BLK R SORENTO PHS 6","SINGH BRAJESH KUMAR SINGH AND SHASHI",
"952255","270590924","R","16817 LEMONIA CV","LOT 28 BLK R SORENTO PHS 6","TILAK AMEY CHANDRASHEKHAR",
"952220","270591002","R","16801 CASA ANNA DR","LOT 1 BLK R SORENTO PHS 6","GOEL DIVAKAR & PARUL BANSAL",
"955542","270591101","R","17900 TRIESTE DR","SORENTO PHS 7 BLK V LOT 16","PANDEY SANDEEP & ARCHANA",
"955546","270591204","R","17900 STEFANO DR","SORENTO PHS 7 BLK N LOT 107","GUTHA SNIGDHA &",
"955547","270591205","R","17901 TRIESTE DR","SORENTO PHS 7 BLK N LOT 108","BHATIA VIPUL & NOOR-US-SABA HAJANI",
"955548","270591206","R","17905 TRIESTE DR","SORENTO PHS 7 BLK N LOT 109","MUTALIK ASHWIN &",
"955552","270591304","R","17908 CIVORNO DR","SORENTO PHS 7 BLK U LOT 18","SANDESARI DEEKSHITH & SRAVANI AVUDAPURAMU",
"955555","270591307","R","17901 STEFANO DR","SORENTO PHS 7 BLK U LOT 15","VANGETI VISHAL REDDY & SRINIVAS REDDY RAJANALA",
"955556","270591308","R","17905 STEFANO DR","SORENTO PHS 7 BLK U LOT 14","AGRAWAL SIDDHARTH & BHARTI ",
"955559","270591311","R","17917 STEFANO DR","SORENTO PHS 7 BLK U LOT 11","MISHRA ASHISH KUMAR & RAGINI SHUKLA",
"933009","270620507","R","17116 AVENTURA AVE","LOT 65 BLK A SORENTO PHS 5","PERI DIVYA SARADA & KIRAN NUKALA",
"933015","270620513","R","17016 AVENTURA AVE","LOT 59 BLK A SORENTO PHS 5","AREPALLI HANUMANTHA & MALINI",
"952264","270620601","R","17204 BASSANO AVE","LOT 37 BLK R SORENTO PHS 6","PAWAR PAVAN MAHADEV & SHITAL PAVAN",
"912533","272381906","R","1009 W PECAN ST","UNT 109 LIBRARY OFFICE PARK CONDOMINIUMS PLUS 9.0909 % INT IN COM AREA","SINGH-SHARAN LLC",
"889329","272550154","R","17705 SILENT HARBOR LOOP","LOT 22 BLK SS VILLAGES OF HIDDEN LAKE PHS 6A-2","AZIZ SYED ZAHED & FATEMA BEGUM",
"889330","272550155","R","17713 SILENT HARBOR LOOP","LOT 23 BLK SS VILLAGES OF HIDDEN LAKE PHS 6A-2","CHITTI SRIRAM & RAMA",
"889332","272550157","R","17721 SILENT HARBOR LOOP","LOT 25 BLK SS VILLAGES OF HIDDEN LAKE PHS 6A-2","PATEL SHARAN K",
"930833","272570409","R","18120 LECCION DR","LOT 9 BLK X SORENTO PHS 8","ARVAPALLY AKSHAY & RANI",
"930836","272570411","R","18112 LECCION DR","LOT 11 BLK X SORENTO PHS 8","PATEL AMIT & MANISHA AMIT PATEL",
"930838","272570413","R","18104 LECCION DR","LOT 13 BLK X SORENTO PHS 8","PATEL NARENDRA BANSILAL &",
"930840","272570415","R","18028 LECCION DR","LOT 15 BLK X SORENTO PHS 8","GOLLAPALLY SRAVYA",
"930843","272570418","R","18016 LECCION DR","LOT 18 BLK X SORENTO PHS 8","CHERUPALLA MAHESH KANNA R &",
"895392","272570503","R","18031 LUNGO ST","UNT 2 SORENTO CONDOMINIUMS PLUS .3205 % INT IN COM AREA","SWAMINATHAN GAYATRI",
"895393","272570504","R","18029 LUNGO ST","UNT 3 SORENTO CONDOMINIUMS PLUS .3205 % INT IN COM AREA","GADE JASWANTH NAIDU &",
"895398","272570509","R","18019 LUNGO ST","UNT 8 SORENTO CONDOMINIUMS PLUS .3205 % INT IN COM AREA","BHARATH PRIMDATH &",
"895438","272570549","R","4703 PORTILLO WAY","UNT 49 SORENTO CONDOMINIUMS PLUS .3205 % INT IN COM AREA","LIMBU JITENDRA LUMBA &",
"895456","272570567","R","4703 GIORDANO DR","UNT 67 SORENTO CONDOMINIUMS PLUS .3205 % INT IN COM AREA","DWIVEDI PALLAVI",
"895476","272570587","R","17913 MALNATI DR","UNT 87 SORENTO CONDOMINIUMS PLUS .3205 % INT IN COM AREA","KARKI PRAVAT & ROSHANI THAPA",
"895501","272570612","R","18016 LUNGO ST","UNT 112 SORENTO CONDOMINIUMS PLUS .3205 % INT IN COM AREA","SUBEDI ROJEN & ROJITA KADEL",
"895505","272570616","R","18024 LUNGO ST","UNT 116 SORENTO CONDOMINIUMS PLUS .3205 % INT IN COM AREA","KHAN MOHAMMAD AFZAL & AJMAL",
"941110","272570657","R","6108 PRINCIPALE DR","UNT 156 SORENTO CONDOMINIUMS PLUS .3205 % INT IN COM AREA","DESHPANDE PRATHAMESH & RASHMI BHAT",
"930858","272570708","R","18101 LECCION DR","LOT 8 BLK AA SORENTO PHS 8","GOSHAI ROSHAN",
"930859","272570709","R","18105 LECCION DR","LOT 9 BLK AA SORENTO PHS 8","SINGARAJU SARADA &",
"930865","272570715","R","18028 PRATO DR","LOT 15 BLK AA SORENTO PHS 8","BISI PRAGYAN S & MANOJ KUMAR ACHARYA",
"930877","272570806","R","18021 PRATO DR","LOT 6 BLK Z SORENTO PHS 8","SALMA HIBA",
"930879","272570808","R","18029 PRATO DR","LOT 8 BLK Z SORENTO PHS 8","ADIANI CHANDNI P &",
"941159","272571006","R","17917 PAPAVERI WAY","UNT 205 SORENTO CONDOMINIUMS PLUS .3205 % INT IN COM AREA","BHATTA SANJIB BABU",
"941163","272571010","R","17909 PAPAVERI WAY","UNT 209 SORENTO CONDOMINIUMS PLUS .3205 % INT IN COM AREA","SELVARAJ BHARATH",
"941169","272571016","R","6301 PRINCIPALE DR","UNT 215 SORENTO CONDOMINIUMS PLUS .3205 % INT IN COM AREA","MISTRY KAYANUSH-VARUN MEHERNOSH",
"941186","272571033","R","6009 PRINCIPALE DR","UNT 232 SORENTO CONDOMINIUMS PLUS .3205 % INT IN COM AREA","ANWAR SAQIB MEHDI SYED",
"943379","272571049","R","17922 GIGLIO WAY","UNT 248 SORENTO CONDOMINIUMS PLUS .3205 % INT IN COM AREA","BORRA SRIKANTH",
"943394","272571064","R","17903 GIGLIO WAY","UNT 263 SORENTO CONDOMINIUMS PLUS .3205 % INT IN COM AREA","PADALA SATHISH KUMAR &",
"943434","272571104","R","6501 PRINCIPALE DR","UNT 303 SORENTO CONDOMINIUMS PLUS .3205 % INT IN COM AREA","KATHAWALA KAVISH",
"943443","272571113","R","6309 PRINCIPALE DR","UNT 312 SORENTO CONDOMINIUMS PLUS .3205 % INT IN COM AREA","GOYAL ADITYA",
"933042","272590919","R","16609 MARCELLO DR","LOT 18 BLK N SORENTO PHS 5","ARAKKAN SAJINA & SREEJITH POTHANDAV",
"933046","272590923","R","16701 MARCELLO DR","LOT 22 BLK N SORENTO PHS 5","GYAWALI SUSHIL & SANGEETA BHANDARI",
"933047","272590924","R","16705 MARCELLO DR","LOT 23 BLK N SORENTO PHS 5","JAYASREE SARANYA &",
"933052","272590929","R","16725 MARCELLO DR","LOT 28 BLK N SORENTO PHS 5","TALLA VIJAY KUMAR",
"952144","272590944","R","18009 SANTA CROCE DR","LOT 74 BLK N SORENTO PHS 6","NAIK VAIBHAV VISHWANATH & AMRUTA ANKUSH BHOSALE",
"952145","272590945","R","18013 SANTA CROCE DR","LOT 75 BLK N SORENTO PHS 6","SHARMA SACHIN & SANGEETA JOSHI",
"952148","272590948","R","18021 SANTA CROCE DR","LOT 78 BLK N SORENTO PHS 6","GAGGAR ABHISHEK & POOJA",
"952151","272590949","R","18025 SANTA CROCE DR","LOT 79 BLK N SORENTO PHS 6","JOLLY SIDDHARTH & MONIKA CHAWLA",
"952154","272590952","R","16708 PONTE VECCHIO DR","LOT 82 BLK N SORENTO PHS 6","MAREDDY MANIKANTA",
"952155","272590953","R","16704 PONTE VECCHIO DR","LOT 83 BLK N SORENTO PHS 6","WADHWANI AKSHYA & AKHIL MOHAN",
"952161","272590959","R","16600 PONTE VECCHIO DR","LOT 89 BLK N SORENTO PHS 6","MANOHAR JENIFER & VIJAY DEV GEORGE JOSEPH DEVADHASAN",
"955563","272590967","R","18012 STEFANO DR","SORENTO PHS 7 BLK N LOT 97","TIWARI VIVEK NATH & PRIYANKA",
"955565","272590969","R","18004 STEFANO DR","SORENTO PHS 7 BLK N LOT 99","PARIKH YASH BHARATBHUSHAN & RUCHITA YASH",
"955566","272590970","R","18000 STEFANO DR","SORENTO PHS 7 BLK N LOT 100","SRIVASTAVA ANIK",
"955567","272590971","R","17924 STEFANO DR","SORENTO PHS 7 BLK N LOT 101","JADHAV ABHIJEET VASANTRAO & KSHITIJA SAMPATRAO",
"955568","272590972","R","17920 STEFANO DR","SORENTO PHS 7 BLK N LOT 102","PULUSU UMA MAHESHWAR REDDY",
"933064","272591011","R","16604 MARCELLO DR","LOT 6 BLK L SORENTO PHS 5","SRIRAM ADITHYA GANESH &",
"905083","272591104","R","18301 CERCINA TRL","LOT 10 BLK M SORENTO PHS 4","RAMKUMAR NUTAN PRASAD &",
"933070","272591112","R","18201 CERCINA TRL","LOT 15 BLK M SORENTO PHS 5","KHATRI BIRKHA BAHADUR & KAMALA",
"905142","272591303","R","16609 AVENTURA AVE","LOT 31 BLK J SORENTO PHS 4","CHAUHAN BHAVIKKUMAR DIPAKKUMAR &",
"905149","272591310","R","18408 URBANO DR","LOT 24 BLK J SORENTO PHS 4","GHIYA DILIP K & DAKSHA D",
"905151","272591312","R","18400 URBANO DR","LOT 22 BLK J SORENTO PHS 4","DAHIYA MUKTA",
"905153","272591314","R","18320 URBANO DR","LOT 20 BLK J SORENTO PHS 4","SRINIVASAN BHASKAR",
"905158","272591319","R","18300 URBANO DR","SORENTO PHS 4 BLK J LOT 15","BHASKAR RAMESH",
"905179","272591407","R","18300 CERCINA TRL","LOT 19 BLK K SORENTO PHS 4","MOHAN KRISH & JAYALAKSHMI RAMAN",
"905181","272591409","R","18305 URBANO DR DR","LOT 17 BLK K SORENTO PHS 4","DASAGI SRINIVAS & MEENAKSHI",
"905182","272591410","R","18309 URBANO DR DR","LOT 16 BLK K SORENTO PHS 4","SRIDHARAN SRINIVASAN &",
"905186","272591414","R","18325 URBANO DR","LOT 12 BLK K SORENTO PHS 4","SINGH ANKUR & GEETHA REMA DEVI",
"905189","272591417","R","18409 URBANO DR DR","LOT 9 BLK K SORENTO PHS 4","RAMIREDDY BALAGANGIREDDY",
"930885","272591604","R","18020 BASSANO AVE","LOT 14 BLK Z SORENTO PHS 8","MEHTA PARTH BHUPENDRA &",
"930886","272591605","R","18016 BASSANO AVE","LOT 15 BLK Z SORENTO PHS 8","MEHTA ABHISHEK",
"930815","272591702","R","17916 PRATO DR","LOT 8 BLK Y SORENTO PHS 8","MITHAVAYANI MIRA & ASHIQ ALI &",
"930819","272591804","R","17921 PRATO DR","LOT 36 BLK X SORENTO PHS 8","BAJRACHARYA SAUMYA SIDDHI",
"930820","272591805","R","17925 PRATO DR","LOT 37 BLK X SORENTO PHS 8","BAGHDADI AMJED SYED & RUBINA SAYA",
"930822","272591807","R","17908 BASSANO AVE","LOT 39 BLK X SORENTO PHS 8","REDDIVALAM MALLIKARJUNA &",
"955685","272591809","R","17900 BASSANO AVE","SORENTO PHS 7 BLK X LOT 42","MULE ROHIT & ",
"955687","272591811","R","17824 BASSANO AVE","SORENTO PHS 7 BLK X LOT 44","KANSAL DEEPAK & SUCHITRA",
"933033","272591904","R","16813 PENDOLINO DR","LOT 41 BLK Q SORENTO PHS 5","SUNDARAMOORTHY VINODHA & FNU ANAND",
"952168","272592001","R","18025 STEFANO DR","LOT 1 BLK U SORENTO PHS 6","PASUPULETI MAHENDRA & LAKSHMI PRIYANKA PULAKHANDAM",
"955571","272592004","R","18012 CIVORNO DR","SORENTO PHS 7 BLK U LOT 26","MOKKAPATI PRASHANT",
"955574","272592007","R","18000 CIVORNO DR","SORENTO PHS 7 BLK U LOT 23","PRASHANT FNU & FNU NEHA DHIR",
"955575","272592008","R","17924 CIVORNO DR","SORENTO PHS 7 BLK U LOT 22","TEREDESAI PARAG R & MONICA P TEREDESAI",
"955576","272592009","R","17921 STEFANO DR","SORENTO PHS 7 BLK U LOT 10","KERKAR GAURESH SUBHASH & VINUTA NETRAKAR",
"955582","272592015","R","18013 STEFANO DR","SORENTO PHS 7 BLK U LOT 4","BOYA VINYA REDDY & ABHINAYA MYANA",
"955583","272592016","R","18017 STEFANO DR","SORENTO PHS 7 BLK U LOT 3","CHINTHAPALLY MANIKANTA REDDY",
"952171","272592102","R","18020 SANTA CROCE DR","LOT 26 BLK T SORENTO PHS 6","VATSAVAI SUBBA RAJU & SINDHUJA CHINTALAPATI",
"952175","272592105","R","18008 SANTA CROCE DR","LOT 23 BLK T SORENTO PHS 6","AHUJA SONIA & RAJIV",
"955588","272592110","R","18013 CIVORNO DR","SORENTO PHS 7 BLK T LOT 3","BADGUJAR MUKESH & KIRTI",
"955589","272592111","R","18017 CIVORNO DR","SORENTO PHS 7 BLK T LOT 2","GOVINDARAJAN MOHANRAJ ARDHANARISAMY & ",
"955591","272592202","R","17913 TRIESTE DR","SORENTO PHS 7 BLK N LOT 111","HEMANI MANOJKUMAR VASANTRAY &",
"955593","272592204","R","17921 TRIESTE DR","SORENTO PHS 7 BLK N LOT 113","TORVI SATYABODH & VANI",
"955595","272592206","R","18001 TRIESTE DR","SORENTO PHS 7 BLK N LOT 115","JAWARE TARAK MOHAN & PRAJKTA TARAK",
"955596","272592207","R","18005 TRIESTE DR","SORENTO PHS 7 BLK N LOT 116","THOGAINATHAN ARUNKUMAR & SARANYA KRISHNAN",
"955600","272592211","R","18021 TRIESTE DR","SORENTO PHS 7 BLK N LOT 120","KANGTANI NITIN RAKESH &",
"955605","272592216","R","16516 CORATINA DR","SORENTO PHS 7 BLK N LOT 125","DONURU JANGA REDDY &",
"955607","272592218","R","16508 CORATINA DR","SORENTO PHS 7 BLK N LOT 127","TRIPATHY JAIN FAMILY TRUST",
"955610","272592221","R","16432 CORATINA DR","SORENTO PHS 7 BLK N LOT 130","RAVINDRA SHYLA",
"955614","272592225","R","16416 CORATINA DR","SORENTO PHS 7 BLK N LOT 134","RAHMAN SHAZZADUR & SABIHA TABASSUM",
"955615","272592226","R","16412 CORATINA DR","SORENTO PHS 7 BLK N LOT 135","CHIDAMBARAM ARUN THANGAVEL &",
"955616","272592227","R","16408 CORATINA DR","SORENTO PHS 7 BLK N LOT 136","SISTLA SRIKAR SHASTRY & TEJASWINI",
"955618","272592229","R","16401 CORATINA DR","SORENTO PHS 7 BLK N LOT 138","SOLANKI PRIYANK & PAYAL SOMAN",
"955620","272592231","R","16409 CORATINA DR","SORENTO PHS 7 BLK N LOT 140","BANDREDDI RAGHU & PADMAJA",
"955623","272592234","R","17908 NEPI DR","SORENTO PHS 7 BLK N LOT 144","PARI MANICKA KAMBAN PARI &",
"955628","272592239","R","18033 BASSANO AVE","SORENTO PHS 7 BLK N LOT 149","DEVISETTY SRIDEVI DIVYA KRISHNA &",
"955632","272592302","R","18020 UMBERTO DR","SORENTO PHS 7 BLK W LOT 23","SACHMANIK CHEEMA &",
"955638","272592308","R","17920 UMBERTO DR","SORENTO PHS 7 BLK W LOT 17","KAYASTH MAUNIL & HEENA PATEL",
"955644","272592314","R","17913 BASSANO AVE","SORENTO PHS 7 BLK W LOT 11","SIVALINGAM KAMALADEVY &",
"955649","272592318","R","17909 NEPI DR","SORENTO PHS 7 BLK W LOT 7","AHMED SYED AYAZ & AYESHA",
"955650","272592319","R","17913 NEPI DR","SORENTO PHS 7 BLK W LOT 6","MURAJ HABEEBA",
"955653","272592322","R","18009 NEPI DR","SORENTO PHS 7 BLK W LOT 3","ALLAM HIMA BINDU",
"955655","272592324","R","18017 NEPI DR","SORENTO PHS 7 BLK W LOT 1","PATEL NAMAN & PRIYANKABEN GORASIYA",
"955657","272592402","R","17817 BASSANO AVE","SORENTO PHS 7 BLK V LOT 14","BUDDABATHINI SANTHI &",
"955661","272592406","R","17917 UMBERTO DR","SORENTO PHS 7 BLK V LOT 10","KADIYAL CHAITANYA MAHENDRA &",
"955666","272592411","R","18009 UMBERTO DR","SORENTO PHS 7 BLK V LOT 5","SARAVANAN SAISURAJ BATHYEA &",
"955668","272592413","R","18017 UMBERTO DR","SORENTO PHS 7 BLK V LOT 3","KARANKAR PIYUSH & SHITAL CHAUDHARI",
"955671","272592416","R","18028 TRIESTE DR","SORENTO PHS 7 BLK V LOT 30","SABBANI VENUGOPAL & RAJSHREE ROW",
"955672","272592417","R","18024 TRIESTE DR","SORENTO PHS 7 BLK V LOT 29","THURPATI RAGINI & SAILESH VAJRALA",
"955675","272592420","R","18012 TRIESTE DR","SORENTO PHS 7 BLK V LOT 26","VELUSAMY ARUN & LEONA KUMAR",
"955677","272592422","R","18004 TRIESTE DR","SORENTO PHS 7 BLK V LOT 24","MAISURIA PARTH KISHORBHAI & ",
"955679","272592424","R","17924 TRIESTE DR","SORENTO PHS 7 BLK V LOT 22","PANSURIYA DIP BHARATKUMAR",
"955681","272592426","R","17916 TRIESTE DR","SORENTO PHS 7 BLK V LOT 20","NAIK PRIYANKA MANOJ & ROHIT KHAPEKAR",
"955682","272592427","R","17912 TRIESTE DR","SORENTO PHS 7 BLK V LOT 19","DONKENA VINAY KUMAR & DIVYA JYOTHI BATHINI",
"955683","272592428","R","17908 TRIESTE DR","SORENTO PHS 7 BLK V LOT 18","SANGALA VINIL KUMAR KASI REDDY &",
"905089","272620202","R","18401 CERCINA TRL","LOT 4 BLK M SORENTO PHS 4","NAKRA SANJEEV & JYOTSNA",
"905093","272620206","R","18412 ANICIO GALLO DR","LOT 30 BLK M SORENTO PHS 4","HEGDE PRAKASH V & UPADHYA",
"933074","272620210","R","18320 ANICIO GALLO DR","LOT 26 BLK M SORENTO PHS 5","KAVIN & SANGAVI FAMILY TRUST",
"933075","272620211","R","18316 ANICIO GALLO DR","LOT 25 BLK M SORENTO PHS 5","KARUNAKARAN JEGAN & ARCHANA DEVI",
"933077","272620213","R","18308 ANICIO GALLO DR","LOT 23 BLK M SORENTO PHS 5","VARADARAJAN NARESH KUMAR & RANJITHA",
"933095","272620307","R","16917 AVENTURA AVE","LOT 12 BLK P SORENTO PHS 5","CHACKO BINOJ & SHERLY",
"933096","272620308","R","16921 AVENTURA AVE","LOT 11 BLK P SORENTO PHS 5","KUMAR NIKET & DIVYA MAHAJAN",
"933097","272620309","R","16925 AVENTURA AVE","LOT 10 BLK P SORENTO PHS 5","CHOWDHURY SAGNIK SUDIP ROY & RAMYA ANBARASU",
"933098","272620310","R","16929 AVENTURA AVE","LOT 9 BLK P SORENTO PHS 5","REDDIAR SARGUNA CHANDRAN",
"933099","272620311","R","16933 AVENTURA AVE","LOT 8 BLK P SORENTO PHS 5","LAKKAD PARTH RATILAL",
"933103","272620315","R","16812 MARCELLO DR","LOT 4 BLK P SORENTO PHS 5","SINGH JASPRIT & HARPREET KAUR SETHI",
"933105","272620317","R","16804 MARCELLO DR","LOT 2 BLK P SORENTO PHS 5","CHADAYAN SREEKANT &",
"933089","272620326","R","18317 ANICIO GALLO DR","LOT 20 BLK P SORENTO PHS 5","PAUDEL ABINASH & SHARMILA SAPKOTA",
"905099","272620402","R","16848 AVENTURA AVE","LOT 41 BLK A SORENTO PHS 4","SURAIYA BRHARAT T & PRANITA B",
"905100","272620403","R","16844 AVENTURA AVE","LOT 40 BLK A SORENTO PHS 4","DELIWALA RUHI",
"905200","272620505","R","18508 CERCINA TRL","LOT 32 BLK K SORENTO PHS 4","KATANGURI PRADEEP REDDY",
"905204","272620509","R","18412 CERCINA TRL","LOT 28 BLK K SORENTO PHS 4","LAKHANI SURESH BHOLABHAI & AMISHABAHEN SURESH",
"905206","272620511","R","18404 CERCINA TRL","LOT 26 BLK K SORENTO PHS 4","SINGH JAYSHREE & AMIT KARKI",
"905208","272620602","R","16805 AVENTURA AVE","LOT 2 BLK O SORENTO PHS 4","KATHIRVEL SAMPATHKUMAR GOVINDASAMY",
"905212","272620606","R","16821 AVENTURA AVE","LOT 6 BLK O SORENTO PHS 4","GUPTE-KARNIK 2018 REVOCABLE TRUST",
"905214","272620608","R","16829 AVENTURA AVE","LOT 8 BLK O SORENTO PHS 4","KAMBOJ ROHITASH & BINDA",
"905216","272620610","R","16837 AVENTURA AVE","LOT 10 BLK O SORENTO PHS 4","SHAH PAULOM & SUKHITA NAVALYAL",
"905223","272620617","R","18501 CERCINA TRL","LOT 17 BLK O SORENTO PHS 4","GUPTE VINAY & PRADNYA",
"905224","272620618","R","18505 CERCINA TRL","LOT 18 BLK O SORENTO PHS 4","KAVIN & SANGAVI FAMILY TRUST",
"933111","272620705","R","16821 MARCELLO DR","LOT 38 BLK N SORENTO PHS 5","SREEDHARAKURUP REMA & RENJU RAJ",
"933112","272620706","R","16825 MARCELLO DR","LOT 39 BLK N SORENTO PHS 5","VALAPPIL SIVAPRASAD PATTANMARU &",
"933037","272620709","R","16808 PENDOLINO DR","LOT 44 BLK N SORENTO PHS 5","MOIZUDDIN FNU MOHAMMED &",
"971900","274281602","R","1616 IBERVILLE DR","ENCLAVE AT SARAH'S CREEK CONDOMINIUMS UNT 1 PLUS 1.9230 % INT IN COM AREA","SHUBHVAYU LLC",
"971901","274281603","R","1614 IBERVILLE DR","ENCLAVE AT SARAH'S CREEK CONDOMINIUMS UNT 2 PLUS 1.9230 % INT IN COM AREA","NAPHADE RUCHIRA &",
"971904","274281606","R","1608 IBERVILLE DR","ENCLAVE AT SARAH'S CREEK CONDOMINIUMS UNT 5 PLUS 1.9230 % INT IN COM AREA","KALAGOTLA SRIVIDYA REDDY",
"971905","274281607","R","1606 IBERVILLE DR","ENCLAVE AT SARAH'S CREEK CONDOMINIUMS UNT 6 PLUS 1.9230 % INT IN COM AREA","SAH NISHA & JOGANAND",
"971906","274281608","R","1604 IBERVILLE DR","ENCLAVE AT SARAH'S CREEK CONDOMINIUMS UNT 7 PLUS 1.9230 % INT IN COM AREA","KANJIRATHINGAL MUNU JOSE",
"971908","274281610","R","1600 IBERVILLE DR","ENCLAVE AT SARAH'S CREEK CONDOMINIUMS UNT 9 PLUS 1.9230 % INT IN COM AREA","KHATIWADA TIRTHA RAJ & BINJU",
"971909","274281611","R","1526 IBERVILLE DR","ENCLAVE AT SARAH'S CREEK CONDOMINIUMS UNT 10 PLUS 1.9230 % INT IN COM AREA","BELLAMKONDA RAVALI",
"971914","274281616","R","15600 TREME CT","ENCLAVE AT SARAH'S CREEK CONDOMINIUMS UNT 15 PLUS 1.9230 % INT IN COM AREA","MARGAM KRISHNA & SREEDHAR DASI",
"971916","274281618","R","15604 TREME CT","ENCLAVE AT SARAH'S CREEK CONDOMINIUMS UNT 17 PLUS 1.9230 % INT IN COM AREA","SHRESTHA RAJ KRISHNA & BINITA",
"971917","274281619","R","15601 TREME CT","ENCLAVE AT SARAH'S CREEK CONDOMINIUMS UNT 18 PLUS 1.9230 % INT IN COM AREA","SHAH JAY HEMANG & SARVESH GOEL",
"971920","274281622","R","15600 NOLA CT","ENCLAVE AT SARAH'S CREEK CONDOMINIUMS UNT 21 PLUS 1.9230 % INT IN COM AREA","PATEL ALPESHKUMAR GANDALAL &",
"971926","274281628","R","1405 IBERVILLE DR","ENCLAVE AT SARAH'S CREEK CONDOMINIUMS UNT 27 PLUS 1.9230 % INT IN COM AREA","BHANDARI SAGAR",
"971927","274281629","R","1407 IBERVILLE DR","ENCLAVE AT SARAH'S CREEK CONDOMINIUMS UNT 28 PLUS 1.9230 % INT IN COM AREA","DHUMNE SACHIN LILADHAR",
"971928","274281630","R","1409 IBERVILLE DR","ENCLAVE AT SARAH'S CREEK CONDOMINIUMS UNT 29 PLUS 1.9230 % INT IN COM AREA","KALLU MOUNA REDDY",
"971930","274281632","R","1413 IBERVILLE DR","ENCLAVE AT SARAH'S CREEK CONDOMINIUMS UNT 31 PLUS 1.9230 % INT IN COM AREA","SAH RAJESH KUMAR & MANISHA",
"971931","274281633","R"," IBERVILLE DR","ENCLAVE AT SARAH'S CREEK CONDOMINIUMS UNT 32 PLUS 1.9230 % INT IN COM AREA","HANUMANTHU SUSHMA",
"971933","274281635","R","1505 IBERVILLE DR","ENCLAVE AT SARAH'S CREEK CONDOMINIUMS UNT 34 PLUS 1.9230 % INT IN COM AREA","NUNNA SANTOSH KUMAR",
"971935","274281637","R","1509 IBERVILLE DR","ENCLAVE AT SARAH'S CREEK CONDOMINIUMS UNT 36 PLUS 1.9230 % INT IN COM AREA","DONKA SANTOSH",
"971937","274281639","R","1515 IBERVILLE DR","ENCLAVE AT SARAH'S CREEK CONDOMINIUMS UNT 38 PLUS 1.9230 % INT IN COM AREA","KANDATI SAI SARAN",
"971940","274281642","R","1521 IBERVILLE DR","ENCLAVE AT SARAH'S CREEK CONDOMINIUMS UNT 41 PLUS 1.9230 % INT IN COM AREA","SOMAROUTU MOULIKA",
"971943","274281645","R","1601 IBERVILLE DR","ENCLAVE AT SARAH'S CREEK CONDOMINIUMS UNT 44 PLUS 1.9230 % INT IN COM AREA","GOEL SARVESH",
"971945","274281647","R","1605 IBERVILLE DR","ENCLAVE AT SARAH'S CREEK CONDOMINIUMS UNT 46 PLUS 1.9230 % INT IN COM AREA","GANJU ANIKATE",
"971947","274281649","R","1609 IBERVILLE DR","ENCLAVE AT SARAH'S CREEK CONDOMINIUMS UNT 48 PLUS 1.9230 % INT IN COM AREA","HARDAGERI ANIL",
"971948","274281650","R","1611 IBERVILLE DR","ENCLAVE AT SARAH'S CREEK CONDOMINIUMS UNT 49 PLUS 1.9230 % INT IN COM AREA","SHANMUGAM PREETHI &",
"971949","274281651","R","1613 IBERVILLE DR","ENCLAVE AT SARAH'S CREEK CONDOMINIUMS UNT 50 PLUS 1.9230 % INT IN COM AREA","SOMAROUTU ANITA & SAIRAM",
"915605","274550351","R","3610 THUNIAN PASS","LOT 6 BLK A BECKER FARMS PHS 1","PADAIA RAMIREDDY & PADMA CHANDANA",
"888946","274551001","R","3821 SOFT SHORE LN","LOT 8 BLK PP VILLAGES OF HIDDEN LAKE PHS 6B-3","PERUMAL RAJESH &",
"915615","274551105","R","3615 THUNIAN PASS","LOT 6 BLK B BECKER FARMS PHS 1","GANESAN ASHOK CHINNAPPAN &",
"945699","274551204","R","3618 TEXEL LN","LOT 15 BLK C BECKER FARMS PHS 2","PARTHASARATHY MAHENDIRABABU &",
"945706","274551211","R","3603 CHAFF LN","LOT 8 BLK C BECKER FARMS PHS 2","AMIRTHALINGAM KALAICHELVAN &",
"945709","274551214","R","3609 CHAFF LN","LOT 5 BLK C BECKER FARMS PHS 2","NADELLA RAVI K",
"945711","274551216","R","3613 CHAFF LN","LOT 3 BLK C BECKER FARMS PHS 2","VIJAYANATHAN JANANI &",
"915628","274551303","R","3625 TEXEL LN","LOT 4 BLK D BECKER FARMS PHS 1","CHANDRASEKARAN SHIVA RAM &",
"915629","274551304","R","3701 TEXEL LN","LOT 3 BLK D BECKER FARMS PHS 1","DHARAANEEDHARANN FAMILY",
"915630","274551305","R","3703 TEXEL LN","LOT 2 BLK D BECKER FARMS PHS 1","SHAH ASHLESH SHAILESHKUMAR &",
"945714","274551307","R","3601 TEXEL LN","LOT 16 BLK D BECKER FARMS PHS 2","VANDANAPU NAVEEN & NAGALAXMI",
"945715","274551308","R","3603 TEXEL LN","LOT 15 BLK D BECKER FARMS PHS 2","DELADA VISHNU K & PUSHPA VISHNU",
"945717","274551310","R","3607 TEXEL LN","LOT 13 BLK D BECKER FARMS PHS 2","KHANAL DEV RAJ & MENAKA KHANAL",
"945718","274551311","R","3609 TEXEL LN","LOT 12 BLK D BECKER FARMS PHS 2","GANESH SRI KIRAN PANCHAVATI",
"945723","274551316","R","3619 TEXEL LN","LOT 7 BLK D BECKER FARMS PHS 2","AVADASAMY HASHOK KUMAR & ANITA",
"945728","274551403","R","18214 AGRARIAN TRL","LOT 3 BLK E BECKER FARMS PHS 2","NAIK VIGHNESH VINAYAK &",
"945729","274551404","R","18212 AGRARIAN TRL","LOT 4 BLK E BECKER FARMS PHS 2","GANESAN ASHOK CHINNAPPAN &",
"945731","274551406","R","18208 AGRARIAN WAY","LOT 6 BLK E BECKER FARMS PHS 2","BHAT ABHIJYOT & GAYATRI",
"945732","274551407","R","18206 AGRARIAN WAY","LOT 7 BLK E BECKER FARMS PHS 2","POKHAREL PREM & NIRJALA ACHARYA",
"945734","274551409","R","18202 AGRARIAN WAY","LOT 9 BLK E BECKER FARMS PHS 2","SHANKAR ANILKUMAR",
"945735","274551410","R","18200 AGRARIAN WAY","LOT 10 BLK E BECKER FARMS PHS 2","NEUPANE SANJAY & KIRAN",
"906831","274650209","R","19036 KIMBERLITE DR","LOT 3 BLK H VERONA SEC 3","THAPA SUBASH & BINITA KHADKA",
"889544","274650509","R","19200 SCORIA DR","LOT 9 BLK B VERONA SEC 2","SHAH AMIT AND NEHA FAMILY TRUST",
"906778","274650812","R","18936 SCORIA DR","LOT 11 BLK J VERONA SEC 3","DODDABELE PRAKASH R",
"906793","274650827","R","18921 QUEBRADA DR","LOT 26 BLK J VERONA SEC 3","SINGH ANAND & ADITI SINGH REVOCABLE",
"906794","274650828","R","18925 QUEBRADA DR","LOT 27 BLK J VERONA SEC 3","GHALI SAINATH &",
"906799","274650833","R","19013 QUEBRADA DR","LOT 32 BLK J VERONA SEC 3","BALAKRISHNAN HARIHARAN & DEEPA",
"906801","274650835","R","19021 QUEBRADA DR","LOT 34 BLK J VERONA SEC 3","BISHT RAJU & SRIJANA",
"906749","274650904","R","18901 SCORIA DR","LOT 20 BLK K VERONA SEC 3","BANDIRAJULA PREMCHAND & ANITHA",
"906750","274650905","R","18905 SCORIA DR","LOT 19 BLK K VERONA SEC 3","CHITIMALLA KAUSHIK &",
"906757","274650912","R","18933 SCORIA DR","LOT 12 BLK K VERONA SEC 3","SHAH KUSHAL",
"980263","274650928","R","19004 SEDGE WREN LN","ENCLAVE AT CELE SEC 2 BLK A LOT 5","IRRINKI UJVAL SAI GOPAL &",
"889565","274651005","R","19112 QUEBRADA DR","LOT 6 BLK E VERONA SEC 2","CHINTAPALLI SUNEETHA &",
"889570","274651010","R","19105 KIMBERLITE DR","LOT 11 BLK E VERONA SEC 2","CHANDRASEKHAR KAPIL &",
"889578","274651018","R","19213 KIMBERLITE DR","LOT 19 BLK E VERONA SEC 2","KOMMA-CHENNARAPU FAMILY TRUST",
"980267","274651112","R","19124 SEDGE WREN LN","ENCLAVE AT CELE SEC 2 BLK D LOT 7","KHANAL PRATIMA & PRADIP BASHYAL",
"980294","274651201","R","19013 SEDGE WREN LN","ENCLAVE AT CELE SEC 2 BLK H LOT 1","SHAH CHAXUL SAMITHBHAI &",
"980300","274651207","R","19109 SEDGE WREN LN","ENCLAVE AT CELE SEC 2 BLK H LOT 7","SHRIVASTAVA SAUMYA &",
"980317","274651226","R","19020 ARIEL ELENA WAY","ENCLAVE AT CELE SEC 2 BLK H LOT 26","SHAH TANVI",
"980319","274651228","R","19012 ARIEL ELENA WAY","ENCLAVE AT CELE SEC 2 BLK H LOT 28","SURYAWANSHI PRAVIN KRISHNA &",
"980443","274651303","R","17609 RYE GRASS TRL","ENCLAVE AT CELE SEC 2 BLK C LOT 3","GOOLLA BHARATH & MANASWINI BUDAVATI",
"980178","274651504","R","19132 KLEINGRASS LN","ENCLAVE AT CELE SEC 1 BLK G LOT 19","VED HARSHITA & ADITYA UDAY TORNEKAR",
"980168","274651512","R","19137 ARIEL ELENA WAY","ENCLAVE AT CELE SEC 1 BLK G LOT 5","JALAGADUGULA KARTHIK JANAKI RAM &",
"980170","274651514","R","19145 ARIEL ELENA WAY","ENCLAVE AT CELE SEC 1 BLK G LOT 7","PRAHLAD NIKHITHA & VINAY SURESH",
"980451","274651603","R","19021 ARIEL ELENA WAY","ENCLAVE AT CELE SEC 2 BLK B LOT 6","AGARWAL KARTIK KRISHNA KUMAR &",
"980194","274651621","R","19113 MORELAND LN","ENCLAVE AT CELE SEC 1 BLK B LOT 21","KHAN SAFDAR & QURATULAIN",
"980202","274651707","R"," MORELAND LN","ENCLAVE AT CELE SEC 1 BLK F LOT 1","BOBBILI SHARATH &",
"980217","274671001","R","19132 MORELAND LN","ENCLAVE AT CELE SEC 1 BLK F LOT 9","NELLIMARLA SAIKIRAN RAO &",
"980218","274671002","R","19128  MORELAND LN","ENCLAVE AT CELE SEC 1 BLK F LOT 8","NAIR SUVARNA SURESH",
"892312","275500704","R","2212 DILLON POND LN","UNT 2212A FALCON POINTE CONDOMINIUMS PLUS 1.3888 % INT IN COM AREA","KARNATI MANASA & TARUN REDDY",
"892323","275500715","R","2311 DILLON POND LN","UNT 2311B FALCON POINTE CONDOMINIUMS PLUS 1.3888 % INT IN COM AREA","BODDAPATI PRAVEEN CHOWDARY",
"892329","275500721","R","2501 MEYER CV","UNT 2501B FALCON POINTE CONDOMINIUMS PLUS 1.3888 % INT IN COM AREA","KANNAN UDHAYASNKAR & SOWMYA R ATHUR",
"892332","275500724","R","2503 MEYER CV","UNT 2503A FALCON POINTE CONDOMINIUMS PLUS 1.3888 % INT IN COM AREA","SHETH MUDRA DHAVAL",
"892335","275500727","R","2504 MEYER CV","UNT 2504B FALCON POINTE CONDOMINIUMS PLUS 1.3888 % INT IN COM AREA","USMANI RAYYAAN AHMAD &",
"892337","275500729","R","2505 MEYER CV","UNT 2505B FALCON POINTE CONDOMINIUMS PLUS 1.3888 % INT IN COM AREA","LAKKIREDDY MEENA KUMARI & SRINIVAS",
"892340","275500732","R","18103 POMELO LN","UNT 18103A FALCON POINTE CONDOMINIUMS AMD PLUS 1.3888 % INT IN COM AREA","MEDARAMETLA JHANSI LAKSHMI",
"895880","275500740","R","18003 POMELO LN","UNT 18003B FALCON POINTE CONDOMINIUMS AMD PLUS 1.3888 % INT IN COM AREA","KONDURU PHANI B",
"895891","275500751","R","18101 POMELO LN","UNT 18101A FALCON POINTE CONDOMINIUMS PLUS 1.3888 % INT IN COM AREA","GHEEWALA VIVEK",
"895892","275500752","R","18101 POMELO LN","UNT 18101B FALCON POINTE CONDOMINIUMS AMD PLUS 1.3888 % INT IN COM AREA","YADAV DHRUV & MANOSHI AHMED",
"895897","275500757","R","2102 DILLON POND LN","UNT 2102A FALCON POINTE CONDOMINIUMS PLUS 1.3888 % INT IN COM AREA","BHAKTA KABIR",
"895898","275500758","R","2102 DILLON POND LN","UNT 2102B FALCON POINTE CONDOMINIUMS PLUS 1.3888 % INT IN COM AREA","NAGARAJAN KARTHICK VISWANATH & JANA THARANT",
"920981","275500775","R","2206 DILLON POND DR","UNT 2206A FALCON POINTE CONDOMINIUMS AMD PLUS 1.3888 % INT IN COM AREA","BALASUBRAMANIAN ANANDA KRISHNAN",
"920982","275500776","R","2206 DILLON POND DR","UNT 2206B FALCON POINTE CONDOMINIUMS AMD PLUS 1.3888 % INT IN COM AREA","SHUKLA VINAY & MADHULIKA",
"895787","276381169","R","301 KADEN PRINCE DR","UNT 301 BLD PHS I SWENSON FARMS CONDOMINIUMS PLUS 0.7352 % INT IN COM AREA","ADDANKI VEERA REDDY & ARUNAKUMARI VATHALURU",
"895797","276381179","R","311 KADEN PRINCE DR","UNT 311 BLD PHS I SWENSON FARMS CONDOMINIUMS PLUS 0.7352 % INT IN COM AREA","CHASMAWALA MOHAMED ZAKI &",
"895798","276381180","R","312 KADEN PRINCE DR","UNT 312 BLD PHS I SWENSON FARMS CONDOMINIUMS PLUS 0.7352 % INT IN COM AREA","NIROULA ROCHAK & PABITRA",
"895799","276381181","R","313 KADEN PRINCE DR","UNT 313 BLD PHS I SWENSON FARMS CONDOMINIUMS PLUS .7352 % INT IN COM AREA","CHASMAWALA MOHAMED & BENITA V CHASMAWALA",
"895808","276381190","R","408 KADEN PRINCE DR","UNT 408 BLD PHS I SWENSON FARMS CONDOMINIUMS PLUS 0.7352 % INT IN COM AREA","AWASTHI ROHIT & DIKSHA YADAV",
"895813","276381195","R","415 KADEN PRINCE DR","UNT 415 BLD PHS I SWENSON FARMS CONDOMINIUMS PLUS 0.7352 % INT IN COM AREA","ALJAFF HUSSAIN SHIHAB AHMED &",
"895815","276381197","R","16501 BROGAN LN","UNT 16501 BLD PHS I SWENSON FARMS CONDOMINIUMS PLUS 0.7352 % INT IN COM AREA","SELVARAJ KAMALA KANNAN &",
"879854","276381218","R","1101 TROPICANA DR","UNT Q PARADISE COVE CONDOMINIUMS PLUS 16.58 % INT IN COM AREA","DHAN LAXMI REVOCABLE TRUST",
"890645","276381219","R","1100 TROPICANA DR","UNT R PARADISE COVE CONDOMINIUMS PLUS 16.79 % INT IN COM AREA","SHANTI NIVAS REVOCABLE TRUST",
"895821","276381603","R","16507 BROGAN LN","UNT 16507 BLD PHS I SWENSON FARMS CONDOMINIUMS PLUS 0.7352 % INT IN COM AREA","DAHAL BHESHNATH",
"895827","276381609","R","16513 BROGAN LN","UNT 16513 BLD PHS I SWENSON FARMS CONDOMINIUMS PLUS .7352 % INT IN COM AREA","GAUTAM UJJWAL RAJ & NUNA NEUPANE",
"895830","276381612","R","16517 BROGAN LN","UNT 16517 BLD PHS I SWENSON FARMS CONDOMINIUMS PLUS 0.7352 % INT IN COM AREA","ACHARYA DEBINDRA &",
"895832","276381614","R","16601 BROGAN LN","UNT 16601 BLD PHS I SWENSON FARMS CONDOMINIUMS PLUS 0.7352 % INT IN COM AREA","BUDHATHOKI SHYAM CHANDRA & SUNITA KARKI",
"895834","276381616","R","16603 BROGAN LN","UNT 16603 BLD PHS I SWENSON FARMS CONDOMINIUMS PLUS .7352 % INT IN COM AREA","KUNWAR ANUP R",
"895838","276381620","R","16607 BROGAN LN","UNT 16607 BLD PHS I SWENSON FARMS CONDOMINIUMS PLUS .7352 % INT IN COM AREA","DAHAL SAPIN & PRIYANKA",
"895842","276381624","R","16611 BROGAN LN","UNT 16611 BLD PHS I SWENSON FARMS CONDOMINIUMS PLUS .7352 % INT IN COM AREA","GHIMIRE ABHINAWA & GUNJA REGMI",
"895843","276381625","R","16612 BROGAN LN","UNT 16612 BLD PHS I SWENSON FARMS CONDOMINIUMS PLUS 0.7352 % INT IN COM AREA","SHEIKH TALHA & MEHWISH SHAHID",
"895854","276381636","R","16709 BROGAN LN","UNT 16709 BLD PHS I SWENSON FARMS CONDOMINIUMS PLUS 0.7352 % INT IN COM AREA","GHIMIRE SAJAL & RAJANI ROKKA",
"895856","276381638","R","16713 BROGAN LN","UNT 16713 BLD PHS I SWENSON FARMS CONDOMINIUMS PLUS 0.7352 % INT IN COM AREA","KUNTHARA MARIE",
"888952","276551736","R","3908 JENNIE MARIE DR","LOT 12 BLK RR VILLAGES OF HIDDEN LAKE PHS 6B-3","RASEL ABU HASNATH &",
"888919","276551809","R","3525 SOFT SHORE LN","LOT 35 BLK PP VILLAGES OF HIDDEN LAKE PHS 6B-3","KAPOOR SWATI & SATYA PAL KAPOOR",
"888920","276551810","R","3529 SOFT SHORE LN","LOT 34 BLK PP VILLAGES OF HIDDEN LAKE PHS 6B-3","TANVEER ALI & FAREENA ALI",
"888936","276551826","R","3721 SOFT SHORE LN","LOT 18 BLK PP VILLAGES OF HIDDEN LAKE PHS 6B-3","KONERU GARIMELLA FAMILY TRUST",
"888939","276551829","R","3733 SOFT SHORE LN","LOT 15 BLK PP VILLAGES OF HIDDEN LAKE PHS 6B-3","VORUGANTI SHIVA KALYAN",
"888944","276551834","R","3813 SOFT SHORE LN","LOT 10 BLK PP VILLAGES OF HIDDEN LAKE PHS 6B-3","KINHAL KARTIK & CHAITRA MIRAJ",
"888945","276551835","R","3817 SOFT SHORE LN","LOT 9 BLK PP VILLAGES OF HIDDEN LAKE PHS 6B-3","NAKKALA ARUN REDDY",
"888972","276552209","R","3712 SOFT SHORE LN","LOT 9 BLK QQ VILLAGES OF HIDDEN LAKE PHS 6B-3","BHAT PRASAD HOSMAT & VANDANA AJITH SUJEER NAYAK",
"888976","276552213","R","3524 SOFT SHORE LN","LOT 5 BLK QQ VILLAGES OF HIDDEN LAKE PHS 6B-3","RAMASAHAYAM AKHILESH",
"997339","276651404","R","17209 GRACES PATH","GROVE AT BLACKHAWK SEC 1 THE BLK A LOT 8","CHENNAMANENI ANUDEEP RAO &",
"997340","276651405","R","17213 GRACES PATH","GROVE AT BLACKHAWK SEC 1 THE BLK A LOT 7","ABDULLAH MUHAMMAD &",
"997364","276651710","R","17329 GRACES PATH","GROVE AT BLACKHAWK SEC 1 THE BLK G LOT 9","KHATRI NABIL YAHYA & ALMAS KALHORO",
"997366","276651712","R","17337 GRACES PATH","GROVE AT BLACKHAWK SEC 1 THE BLK G LOT 11","PRATHIPATI SANDHYA &",
"997383","276651717","R","17409 GRACES PATH","GROVE AT BLACKHAWK SEC 2 THE BLK G LOT 15","PATEL SAURIN RAJENDRA & ANERI SHAH",
"1005813","276652109","R","19716 JUDYS VIEW","GROVE AT BLACKHAWK SEC 3 BLK N LOT 12","WAGLE MILAN & INDIRA KAFLE",
"1005816","276652112","R","19704 JUDYS VIEW","GROVE AT BLACKHAWK SEC 3 BLK N LOT 15","ACHARYA BIJAYA & KALPANA",
"997405","276652201","R","19624 JUDYS VW","GROVE AT BLACKHAWK SEC 2 THE BLK K LOT 1","PARAB PRATIK DEEPAK &",
"997409","276652205","R","19608 JUDYS VW","GROVE AT BLACKHAWK SEC 2 THE BLK K LOT 5","RAMADUGU VARUN KUMAR & DEPKA SATHU",
"997411","276652207","R","19520 JUDYS VW","GROVE AT BLACKHAWK SEC 2 THE BLK K LOT 7","CHEVVURI PAVAN KUMAR",
"997418","276652214","R","19509 JANKE CV","GROVE AT BLACKHAWK SEC 2 THE BLK K LOT 14","PATIL MAYUR VITTHAL &",
"997420","276652216","R","19516 JANKE CV","GROVE AT BLACKHAWK SEC 2 THE BLK K LOT 16","CHHITUBHAI ANAND &",
"997424","276652220","R","19500 JANKE CV","GROVE AT BLACKHAWK SEC 2 THE BLK K LOT 20","MISAL JUGNU & SHWETAL MALVIYA",
"997441","276652308","R","17517 GRACES PATH","GROVE AT BLACKHAWK SEC 2 THE BLK L LOT 77","SAVANI DEEP SANJAYBHAI &",
"997444","276652311","R","19501 JUDYS VW","GROVE AT BLACKHAWK SEC 2 THE BLK L LOT 74","KAKARAPARATHI SATEESHKUMAR &",
"997446","276652313","R","19509 JUDYS VW","GROVE AT BLACKHAWK SEC 2 THE BLK L LOT 72","SERI RASHMI &",
"997447","276652314","R","19511 JUDYS VW","GROVE AT BLACKHAWK SEC 2 THE BLK L LOT 71","MUVVA UPENDRA SANDEEP &",
"997448","276652315","R","19513 JUDYS VW","GROVE AT BLACKHAWK SEC 2 THE BLK L LOT 70","CHANANA GAZAL DEEPAK & SAHIL ARORA",
"950396","276670204","R","19313 HARTWELL DR","LOT 4 BLK B VINE CREEK PHS 2","YEDLURI VARDHINI PRIYANKA",
"950413","276670215","R","19408 FORMAN DR","LOT 15 BLK B VINE CREEK PHS 2","GANGATHARAN ARUN & MANJULA KUMAR",
"950416","276670218","R","19328 FORMAN DR","LOT 18 BLK B VINE CREEK PHS 2","TYAGI PALLAVI & AKSHAY",
"950417","276670219","R","19324 FORMAN DR","LOT 19 BLK B VINE CREEK PHS 2","MUTHU PUSHPALATHA & VENKATESAN ILANGO",
"950420","276670222","R","19312 FORMAN DR","LOT 22 BLK B VINE CREEK PHS 2","SURESH PREJISH & LAKSHMI SREEKUMAR",
"950427","276670319","R","19309 FORMAN DR","LOT 35 BLK C VINE CREEK PHS 2","GUNASEKARAN ARJUN & URMILA ELAVEZILAN",
"950433","276670325","R","19401 FORMAN DR","LOT 29 BLK C VINE CREEK PHS 2","SINGH AWADH NARAYAN & NANDINI NARAYANA IYENGAR",
"950435","276670327","R","19409 FORMAN DR","LOT 27 BLK C VINE CREEK PHS 2","UDAIPURWALA ABBAS",
"950440","276670332","R","19501 FORMAN DR","LOT 22 BLK C VINE CREEK PHS 2","SHAH ANKIT & JHALAK JAIN",
"950453","276670336","R","17717 ZINFANDEL DR","LOT 18 BLK C VINE CREEK PHS 2","SUBRAMANIAN ARUMUGAM & MEENA PALANITHEVAR KULANDAIVEL",
"950464","276670718","R","17708 ZINFANDEL DR","LOT 43 BLK A VINE CREEK PHS 2","JOSHI ANAND R & SUSHAMA A",
"950469","276670723","R","19512 FORMAN DR","LOT 38 BLK A VINE CREEK PHS 2","TOLETY RAJESH & SATYA KEERTHI CHALLA",
"950470","276670724","R","19508 FORMAN DR","LOT 37 BLK A VINE CREEK PHS 2","BELNEKAR SAISH PRAKASH & MANISHA BANALA",
"950473","276670727","R","17608 PENFOLDS DR","LOT 34 BLK A VINE CREEK PHS 2","BAULRAJ DHINESH & MEGANA VEMULA",
"950480","276670731","R","19416 HARTWELL DR","LOT 30 BLK A VINE CREEK PHS 2","RANGA RAJENDER & SWETHA CHENNAWAR",
"950481","276670732","R","19412 HARTWELL DR","LOT 29 BLK A VINE CREEK PHS 2","BANDARUPALLI SAI SRINIVAS",
"950485","276670736","R","19324 HARTWELL DR","LOT 25 BLK A VINE CREEK PHS 2","DAS VISHAL & DEBLINA",
"945300","276670818","R","19624 CAYMUS DR","LOT 16 BLK J VINE CREEK PHS 5","GERA RITU & BHANU PRATAP SINGH RATHORE",
"945304","276670822","R","19608 CAYMUS DR","LOT 12 BLK J VINE CREEK PHS 5","THAPALIYA SAGAR",
"945305","276670823","R","19604 CAYMUS DR","LOT 11 BLK J VINE CREEK PHS 5","KARIPE SHRAVAN KUMAR & PRATHYUSHA REDDY BADDAM",
"945313","276670831","R","19504 CAYMUS DR","LOT 3 BLK J VINE CREEK PHS 5","ADHIKARI SHASHANK",
"945314","276670832","R","19502 CAYMUS DR","LOT 2 BLK J VINE CREEK PHS 5","NADENDLA YELLAMANDA & HARITHA CHIRIVELLA",
"945330","276671114","R","17800 PHELPS DR","LOT 13 BLK L VINE CREEK PHS 5","GUPTA ANVI & AMOGH SHARMA",
"957773","276671119","R","17817 ALTESINO CV","VINE CREEK PHS 7 BLK L LOT 40","ARYA ARPIT & ARPI SHAH",
"957774","276671120","R","17821 ALTESINO CV","VINE CREEK PHS 7 BLK L LOT 39","DANDU HEMANTH",
"957775","276671121","R","17825 ALTESINO CV","VINE CREEK PHS 7 BLK L LOT 38","JAIN SURBHI",
"945349","276671218","R","19501 CAYMUS DR","LOT 32 BLK I VINE CREEK PHS 5","VANGEEPURAM RANGARAJAN SRIPERUMBUDUR & VINU SUBRAMANIAN",
"945350","276671219","R","19503 CAYMUS DR","LOT 31 BLK I VINE CREEK PHS 5","SARAVANABHAVAN ARJUN & ",
"945363","276671232","R","19621 CAYMUS DR","LOT 18 BLK I VINE CREEK PHS 5","ARORA RAJAT & ",
"945364","276671233","R","19625 CAYMUS DR","LOT 17 BLK I VINE CREEK PHS 5","CHOUTA RAJAKUMARI &",
"945369","276671304","R","19507 CLOUDY BAY DR","LOT 4 BLK K VINE CREEK PHS 5","PARUCHURI VINEELA & NANDA LELLA",
"945372","276671307","R","19513 CLOUDY BAY DR","LOT 7 BLK K VINE CREEK PHS 5","BHUSAL PRAVAT",
"945377","276671312","R","19609 CLOUDY BAY DR","LOT 12 BLK K VINE CREEK PHS 5","KODALI VARSHA & RAVI KUMAR KRISHNAMANENI",
"957782","276690105","R","17904 ALTESINO CV","VINE CREEK PHS 7 BLK L LOT 54","RAMAKRISHNA SHILA & MURUGAN ATHIGAMAN",
"924996","278400823","R","603 KNOPPER ST","CARDINAL CROSSING CONDOMINIUMS UNT 22 PLUS 0.5434 % INT IN COM AREA","PARIKH SANJAY K & KRISHNA PARIKH",
"925013","278400840","R","603 CATERPILLAR LN","CARDINAL CROSSING CONDOMINIUMS UNT 39 PLUS 0.5434 % INT IN COM AREA","YALAM ABHIRAM",
"946925","278400846","R","600 PEARLY EYE DR","CARDINAL CROSSING CONDOMINIUMS UNT 44 PLUS 0.5434 % INT IN COM AREA","PATEL PRADIPKUMAR SAVAILAL & DAXA",
"946957","278400878","R","600 SKIFF MOTH DR","CARDINAL CROSSING CONDOMINIUMS UNT 65 PLUS 0.5434 % INT IN COM AREA","DESHMUKH GAURI MADHAV &",
"946959","278400880","R","17204 LEAFROLLER DR","CARDINAL CROSSING CONDOMINIUMS UNT 85 PLUS 0.5434 % INT IN COM AREA","PENTRALA AKHILA",
"946960","278400881","R","17204 LEAFROLLER DR","CARDINAL CROSSING CONDOMINIUMS UNT 86 PLUS 0.5434 % INT IN COM AREA","MAHADIK SHILPA",
"946964","278400885","R","602 SKIFF MOTH DR","CARDINAL CROSSING CONDOMINIUMS UNT 69 PLUS 0.5434 % INT IN COM AREA","OHRIE ALOK & SHEENAM OHRIE",
"946965","278400886","R","17202 LEAFROLLER DR","CARDINAL CROSSING CONDOMINIUMS UNT 87 PLUS 0.5434 % INT IN COM AREA","MANGIPUDI SAI ANUSHA",
"947022","278400895","R","17205 MAYFLY  DR","CARDINAL CROSSING CONDOMINIUMS UNT 96 PLUS 0.5434 % INT IN COM AREA","SADULA BHARAT BHUSHAN &",
"960492","278400899","R","17201 MAYFLY DR","CARDINAL CROSSING CONDOMINIUMS UNT 100 PLUS 0.5434 % INT IN COM AREA","KUMAR ANSHUMAN & AYUSHI KUMAR",
"960573","278400980","R","17500 BAY SKIPPER  DR","CARDINAL CROSSING CONDOMINIUMS UNT 166 PLUS 0.5434 % INT IN COM AREA","MURTHY SHWETHA SHIVASHANKAR",
"960576","278400983","R","17500 BAY SKIPPER  DR","CARDINAL CROSSING CONDOMINIUMS UNT 169 PLUS 0.5434 % INT IN COM AREA","ACHARYA BINAM",
"973574","278400984","R","17102 CARMEL CRICKET DR","CARDINAL CROSSING CONDOMINIUMS UNT 138 PLUS 0.5434 % INT IN COM AREA","MADDALA SHEKHAR",
"973576","278400986","R","17102 CARMEL CRICKET DR","CARDINAL CROSSING CONDOMINIUMS UNT 140 PLUS 0.5434 % INT IN COM AREA","AGARWALA HEMANTA",
"973582","278400992","R","17101 CRANE FLY DR","CARDINAL CROSSING CONDOMINIUMS UNT 146 PLUS 0.5434 % INT IN COM AREA","FAHEEM AMBREEN",
"973584","278400994","R","17101 CRANE FLY DR","CARDINAL CROSSING CONDOMINIUMS UNT 148 PLUS 0.5434 % INT IN COM AREA","SAKHAMURI KRISHNA & CHAITANYA VENEGALLA",
"980692","278430409","R","1200 PFLUGERVILLE  PKY","NORTH PFLUGERVILLE ESTATES SUBD SEC 2 BLK A LOT 1A","GUDAPATI LLC",
"904481","278570518","R","19416 LEVELS TRL","LOT 31 BLK Z AVALON PHS 17A","PAKALA YASHASHVINI",
"904485","278570522","R","19400 LEVELS TRL","LOT 27 BLK Z AVALON PHS 17A","MITRA ANJALIKA & ARJUN",
"904488","278570525","R","19308 LEVELS TRL","LOT 24 BLK Z AVALON PHS 17A","MAKAR GADALLA &",
"904490","278570527","R","19300 LEVELS TRL","LOT 22 BLK Z AVALON PHS 17A","NAIR ANIL KUMAR GOPINATHAN & BINDU",
"904443","278570903","R","4005 GILDAS PATH","LOT 80 BLK Z AVALON PHS 17A","KUMAR NIKET & DIVYA MAHAJAN",
"904447","278570907","R","4021 GILDAS PATH","LOT 76 BLK Z AVALON PHS 17A","KISHAN HARINI & VENKAT CHAKRAVARTHY",
"904474","278571001","R","19401 LEVELS TRL","LOT 40 BLK Z AVALON PHS 17A","BHAVANAM FAMILY TRUST",
"904476","278571003","R","19413 LEVELS TRL","LOT 38 BLK Z AVALON PHS 17A","KONERU SRIDHAR & PALLAVI",
"896404","278590205","R","4117 BREAN DOWN RD","LOT 4 BLK RR AVALON PHS 14","RAMALINGAM VINOTTH &",
"896407","278590208","R","4129 BREAN DOWN RD","LOT 7 BLK RR AVALON PHS 14","TRIPATHI RAVI & KHUSHBOO",
"896412","278590213","R","4205 BREAN DOWN RD","LOT 12 BLK RR AVALON PHS 14","GOWDA GOVARDHAN & ASHITHA JAGADISH KUNJALI",
"896417","278590217","R","4217 BREAN DOWN RD","LOT 15 BLK RR AVALON PHS 14","ABDULLAKUNHI ABDUL SATHAR CHERKALAM",
"896440","278590240","R","19233 BURROWBRIDGE RD","LOT 38 BLK RR AVALON PHS 14","VERMA ALOK P",
"896459","278590404","R","19224 BURROWBRIDGE RD","LOT 11 BLK SS AVALON PHS 14","KALIDHINDI ANIL",
"896470","278590415","R","19301 TRISTAN STONE DR","LOT 22 BLK SS AVALON PHS 14","MUNDHRA PIYUSH & SWATI MOHTA",
"896471","278590416","R","19305 TRISTAN STONE DR","LOT 23 BLK SS AVALON PHS 14","GUPTA ASHISH & PRIYANKA AGGARWAL",
"896482","278590503","R","19304 TRISTAN STONE DR","LOT 7 BLK TT AVALON PHS 14","PUSULURI LEELA KRISHNA SUMANTH &",
"896484","278590506","R","19232 TRISTAN STONE DR","LOT 9 BLK TT AVALON PHS 14","BALDANIA GIRISH & JAYSHREE GIRISH",
"896487","278590509","R","19220 TRISTAN STONE DR","LOT 12 BLK TT AVALON PHS 14","KANALAKRISHNA KANTHREDDY",
"896488","278590510","R","19216 TRISTAN STONE DR","LOT 13 BLK TT AVALON PHS 14","KANAKAMEDALA SAI CHANDRA",
"896491","278590513","R","19204 TRISTAN STONE DR","LOT 16 BLK TT AVALON PHS 14","PARMAR JENITKUMAR N & TEJALBEN",
"896496","278590516","R","4224 BREAN DOWN RD","LOT 19 BLK TT AVALON PHS 14","SHAH PRATIK & DIMPI",
"896507","278590527","R","4120 BREAN DOWN RD","LOT 30 BLK TT AVALON PHS 14","DORAIRAJ MAHENDRAN",
"896508","278590528","R","4116 BREAN DOWN RD","LOT 31 BLK TT AVALON PHS 14","SINGH SEEMA & RAJ KUMAR",
"904449","278590602","R","4029 GILDAS PATH","LOT 74 BLK Z AVALON PHS 17A","MALIK AKHIL & RUCHIKA KATOCH",
"904452","278590605","R","4109 GILDAS PATH","LOT 71 BLK Z AVALON PHS 17A","DASAGI SRINIVAS & MEENAKSHI",
"904456","278590609","R","4125 GILDAS PATH","LOT 67 BLK Z AVALON PHS 17A","NEELAKANTAN SIVASUBRAMANIAN & ",
"904462","278590615","R","19317 PILTON DR","LOT 61 BLK Z AVALON PHS 17A","MUKHERJEE ABHIBROTO &",
"904463","278590616","R","19321 PILTON DR","LOT 60 BLK Z AVALON PHS 17A","SUBRAMANIAN ARVIND &",
"914424","278590708","R","4120 TIN TAQEL PATH","LOT 53 BLK Z AVALON PHS 17B","PATEL JAY & BANSARI RAO",
"914427","278590711","R","19413 CAMLANN PL","LOT 47 BLK Z AVALON PHS 17B","BISHT KAVERI &",
"904473","278590804","R","19400 CAMLANN PL","LOT 41 BLK Z AVALON PHS 17A","SINDHWANI AMISHI & ANAND PARMAR",
"904479","278590901","R","19424 LEVELS TRL","LOT 33 BLK Z AVALON PHS 17A","VASUDEVAN SENTHILKUMAR &",
"904496","278591003","R","4101 TIN TAQEL PATH","LOT 25 BLK BB AVALON PHS 17A","VENNAPUSA NIRANJAN REDDY &",
"904497","278591004","R","4105 TIN TAQEL PATH","LOT 24 BLK BB AVALON PHS 17A","GOPINATH SACHIN &",
"904498","278591005","R","4109 TIN TAQEL PATH","LOT 23 BLK BB AVALON PHS 17A","GANDHI GAURAV",
"904499","278591006","R","4113 TIN TAQEL PATH","LOT 22 BLK BB AVALON PHS 17A","ATHIPATHY PRAVEENKUMAR &",
"904504","278591011","R","4133 TIN TAQEL PATH","LOT 17 BLK BB AVALON PHS 17A","MAJJAGE RAHUL &",
"904506","278591013","R","4124 GILDAS PATH","LOT 15 BLK BB AVALON PHS 17A","SHAH SHIVANG R & SHELVI S",
"1005913","278650211","R","19808 ZOOK RD","GROVE AT BLACKHAWK SEC 4 BLK A LOT 47","AGGARWAL HIMANSHU",
"1005917","278650215","R","19720 ZOOK RD","GROVE AT BLACKHAWK SEC 4 BLK A LOT 43","KODIREKKA YESURATNAM",
"1005886","278650314","R","19608 HELENS CATCH DR","GROVE AT BLACKHAWK SEC 4 BLK C LOT 8","JAJAL POOJA MAHESHKUMAR &",
"997329","278650402","R","17201 KIYAH ROSE WAY","GROVE AT BLACKHAWK SEC 1 THE BLK B LOT 1","ANAND RAVI KUMAR & ALKA",
"997330","278650403","R","17205 KIYAH ROSE WAY","GROVE AT BLACKHAWK SEC 1 THE BLK B LOT 2","AMMINENI SRIKANT & SREEVIDYA BADDAM",
"1005757","278650708","R","17629 JOYCE ERNA  LN","GROVE AT BLACKHAWK SEC 3 BLK L LOT 52","JAJOO SAMRAT MADAN &",
"1005964","278651114","R","17300 JOY KAY COTTON  ST","GROVE AT BLACKHAWK SEC 4 BLK D LOT 14","JOSHI ANAND RAGHUNATH & SUSHAMA",
"957793","278670101","R","17816 ALTESINO CV","VINE CREEK PHS 7 BLK L LOT 48","CHINTALAPALLI BHAVANASANDHYA & MANSOOR ALI KHAN DOUZI",
"957796","278670104","R","17804 ALTESINO CV","VINE CREEK PHS 7 BLK L LOT 45","RAJ GEORGE VALAN LOURDU ANTONY & PRINCIYA MICHEL",
"945290","280590313","R","19824 HARRIER FLIGHT TRL","LOT 2 BLK P PARK AT BLACKHAWK VI PHS 4","NELLURI PRADEEP KUMAR &",
"945291","280590314","R","19820 HARRIER FLIGHT TRL","LOT 1 BLK P PARK AT BLACKHAWK VI PHS 4","ALANKA BHARGAVA & SYAMALA SRAVANTHI DONTAMSETTY",
"879242","280590504","R","19504 STANTON DREW TRL","LOT 3 BLK OO AVALON PHS 13A","VITHANALA MADHU S & SOWJANYA GUTTULA",
"879245","280590507","R","3733 DEL PAYNE LN","LOT 6 BLK OO AVALON PHS 13A","SREEKUMAR ANEESH & NITU ANIL KUMAR",
"879247","280590509","R","3725 DEL PAYNE LN","LOT 8 BLK OO AVALON PHS 13A","MANEKIA RAZA ALI & LUBNA FATIMA",
"879249","280590511","R","3717 DEL PAYNE LN","LOT 10 BLK OO AVALON PHS 13A","PELLURI BARGAV K PRASHANT &",
"879253","280590515","R","3701 DEL PAYNE LN","LOT 14 BLK OO AVALON PHS 13A","KOTHARI VIRAL & PAYAL V",
"879241","280592015","R","3609 DEL PAYNE LN","LOT 6 BLK QQ AVALON PHS 13A","BRAHMBHATT JIGAR &",
"890888","280592017","R","19612 ABIGAIL WAY","LOT 10 BLK QQ AVALON PHS 13B","MANN ANKIT & KANIKA CHAUDHARY",
"890890","280592019","R","19604 ABIGAIL WAY","LOT 12 BLK QQ AVALON PHS 13B","RUDRARAPU PRANEETH & ANUSHA SEGGOJU",
"879273","280592101","R","19329 TRISTAN STONE DR","LOT 29 BLK SS AVALON PHS 13A","MUVVA SAINATH & APOORVA PUTYAGUNTA",
"879274","280592102","R","19324 BURROWBRIDGE RD","LOT 1 BLK SS AVALON PHS 13A","DEVAKUMAR SANTHOSH SANKIGATTA & ANITHA JWALANAIAH",
"896448","280592103","R","19320 BURROWBRIDGE RD","LOT 2 BLK SS AVALON PHS 14","KAUR CHARANJIT & MICHAEL SANDHU",
"896452","280592107","R","19304 BURROWBRIDGE RD","LOT 6 BLK SS AVALON PHS 14","PICHUMANI KARTHIKEYAN &",
"896475","280592111","R","19321 TRISTAN STONE DR","LOT 27 BLK SS AVALON PHS 14","ZAVERI FARHAN M & NADIA S",
"879275","280592201","R","4100 BREAN DOWN RD","LOT 35 BLK TT AVALON PHS 13A","RENDUCHINTALA REVANTH &",
"896477","280592203","R","19324 TRISTAN STONE DR","LOT 2 BLK TT AVALON PHS 14","VELUCHAMY VIJAYAPRIYA &",
"896443","280592305","R","19309 BURROWBRIDGE RD","LOT 41 BLK RR AVALON PHS 14","KONAKANCHI SRINIZKUMAR & PRIYANKA AKKINENI",
"896446","280592308","R","19509 ABIGAIL WAY","LOT 45 BLK RR AVALON PHS 14","BHAKTA DAYARAM G & USHA D",
"945184","280620529","R","19812 HARRIER FLIGHT TRL","LOT 79 BLK A PARK AT BLACKHAWK VI PHS 4","EATY CHAKRAVARTHY HARISH",
"945185","280620530","R","19808 HARRIER FLIGHT TRL","LOT 78 BLK A PARK AT BLACKHAWK VI PHS 4","SHANKAR BHAVANI BEDRE",
"945187","280620532","R","19804 HARRIER FLIGHT TRL","LOT 76 BLK A PARK AT BLACKHAWK VI PHS 4","MULIYIL PRATHIBHA OSWALD &",
"945188","280620533","R","19800 HARRIER FLIGHT TRL","LOT 75 BLK A PARK AT BLACKHAWK VI PHS 4","SHIRALAGI PAVAN & KUMAR SHIRALAGI",
"945190","280620535","R","20001 CRESTED CARACARA LN","LOT 73 BLK A PARK AT BLACKHAWK VI PHS 4","CHANNAKESHAVA KARTHIK & SUSHRUTI BENAKANAKERE NARAYANA",
"945192","280620537","R","20009 CRESTED CARACARA LN","LOT 71 BLK A PARK AT BLACKHAWK VI PHS 4","SRINIVASAN RAMASWAMY BIJJAWARA & DIVYA JAYARAM",
"945193","280620538","R","20013 CRESTED CARACARA LN","LOT 70 BLK A PARK AT BLACKHAWK VI PHS 4","AKAVARAM SRIKANTH &",
"945195","280620540","R","20021 CRESTED CARACARA LN","LOT 68 BLK A PARK AT BLACKHAWK VI PHS 4","THUPALLY VIJAY R & ",
"945197","280620542","R","20029 CRESTED CARACARA LN","LOT 66 BLK A PARK AT BLACKHAWK VI PHS 4","UPADHYAY APOORV & SHRADDHA SARKHOT",
"945198","280620543","R","20033 CRESTED CARACARA LN","LOT 65 BLK A PARK AT BLACKHAWK VI PHS 4","KALLU AVINASH REDDY",
"888313","280620613","R","19701 CHERUBINI TRL","LOT 33 BLK WW AVALON PHS 16B","SANGRAM VIJAY KUMAR &",
"945199","280622201","R","20016 TALON GRASP TRL","LOT 10 BLK N PARK AT BLACKHAWK VI PHS 4","KANDATI RAVI & SHOBANA MALLAVARAM",
"945200","280622202","R","20012 TALON GRASP TRL","LOT 11 BLK N PARK AT BLACKHAWK VI PHS 4","VUPPALAPATI THYAGARAJULU &",
"945201","280622203","R","20008 TALON GRASP TRL","LOT 12 BLK N PARK AT BLACKHAWK VI PHS 4","GAUR VARUN & DIVYA JOSHI",
"945203","280622205","R","20000 TALON GRASP TRL","LOT 14 BLK N PARK AT BLACKHAWK VI PHS 4","MEDIKONDA VIJAYAKUMAR & MANASA VYASANGI",
"945204","280622301","R","20028 CRESTED CARACARA LN","LOT 9 BLK O PARK AT BLACKHAWK VI PHS 4","SHEELA PHANI KUMAR",
"945205","280622302","R","20024 CRESTED CARACARA LN","LOT 10 BLK O PARK AT BLACKHAWK VI PHS 4","BHAT TALAPADY &",
"945206","280622303","R","20020 CRESTED CARACARA LN","LOT 11 BLK O PARK AT BLACKHAWK VI PHS 4","PARASHAR TARUN",
"945208","280622305","R","20012 CRESTED CARACARA LN","LOT 13 BLK O PARK AT BLACKHAWK VI PHS 4","MUTHUSAMY SIBI SENTHUR & NANDHINI PERIYASAMY",
"945209","280622306","R","20008 CRESTED CARACARA LN","LOT 14 BLK O PARK AT BLACKHAWK VI PHS 4","THIAGARAJAN VINODH & PRIYA SURIYAMURTHI",
"945210","280622307","R","20004 CRESTED CARACARA LN","LOT 15 BLK O PARK AT BLACKHAWK VI PHS 4","SINGARAJU SREENU & VIMALA KUMARI",
"945212","280622309","R","20001 TALON GRASP TRL","LOT 17 BLK O PARK AT BLACKHAWK VI PHS 4","ALDHANDI CHINNA & NISHITHA RUDRARAPU",
"945213","280622310","R","20005 TALON GRASP TRL","LOT 18 BLK O PARK AT BLACKHAWK VI PHS 4","PATEL SUSHIL S & SHITAL",
"945215","280622312","R","20013 TALON GRASP TRL","LOT 20 BLK O PARK AT BLACKHAWK VI PHS 4","SAKPAL HARSHAL SHIRISH &",
"945216","280622313","R","20017 TALON GRASP TRL","LOT 21 BLK O PARK AT BLACKHAWK VI PHS 4","BALSU SRINU & LAKSHMI NAVATA",
"945217","280622314","R","20021 TALON GRASP TRL","LOT 22 BLK O PARK AT BLACKHAWK VI PHS 4","SUBBAIAH VASUDHA & ",
"967571","280622402","R","4217 RUBY ELEANOR DR","RIDGE AT BLACKHAWK PHS 1 SEC 1 THE BLK A LOT 17","MUDUNURI SAI ADITYA VARMA &",
"967573","280650101","R","4221 RUBY ELEANOR DR","RIDGE AT BLACKHAWK PHS 1 SEC 1 THE BLK A LOT 18","ANAND SMIT & JUHI SHARMA",
"967574","280650102","R","4225 RUBY ELEANOR DR","RIDGE AT BLACKHAWK PHS 1 SEC 1 THE BLK A LOT 19","RAVURI SIVA DURGA PARSAD &",
"967575","280650103","R","4229 RUBY ELEANOR DR","RIDGE AT BLACKHAWK PHS 1 SEC 1 THE BLK A LOT 20","SIMHA NIKHIL VIJAYA &",
"892695","282281003","R","2104 IRON RAIL TER","UNT 2 GREENLAWN VILLAGE CONDOMINIUMS PLUS .4424 % INT IN COM AREA","PATEL PRITESH & PINKAL",
"892697","282281005","R","2100 IRON RAIL TER","UNT 4 GREENLAWN VILLAGE CONDOMINIUMS PLUS .4424 % INT IN COM AREA","DAWOOD ADAM",
"892707","282281015","R","17113 SPANISH STAR DR","UNT 15 GREENLAWN VILLAGE CONDOMINIUMS PLUS .4424 % INT IN COM AREA","PARAJULI INDRA PRASAD &",
"892708","282281016","R","17111 SPANISH STAR DR","UNT 16 GREENLAWN VILLAGE CONDOMINIUMS PLUS .4424 % INT IN COM AREA","KHANAL UDDHAV P",
"892712","282281020","R","17103 SPANISH STAR DR","UNT 20 GREENLAWN VILLAGE CONDOMINIUMS PLUS .4424 % INT IN COM AREA","AGRAWAL ADITYA",
"892717","282281025","R","17011 SPANISH STAR DR","UNT 25 GREENLAWN VILLAGE CONDOMINIUMS PLUS .4424 % INT IN COM AREA","SHETH NIKHIL",
"892720","282281028","R","17005 SPANISH STAR DR","UNT 28 GREENLAWN VILLAGE CONDOMINIUMS PLUS .4424 % INT IN COM AREA","NIMMAGADDA VENKATA KRISHNA &",
"892723","282281031","R","2001 SPLIT DIAMOND WAY","UNT 31 GREENLAWN VILLAGE CONDOMINIUMS PLUS .4424 % INT IN COM AREA","GILANI MOHAMMED HASNAIN & RUBINA",
"892728","282281036","R","2011 SPLIT DIAMOND WAY","UNT 36 GREENLAWN VILLAGE CONDOMINIUMS PLUS .4424 % INT IN COM AREA","GUPTA SHOBHIT PRADEEP",
"892729","282281037","R","2013 SPLIT DIAMOND WAY","UNT 37 GREENLAWN VILLAGE CONDOMINIUMS PLUS .4424 % INT IN COM AREA","PUTTA DINESH REDDY & JAYASRI KAMASANI",
"892732","282281040","R","2101 SPLIT DIAMOND WAY","UNT 40 GREENLAWN VILLAGE CONDOMINIUMS PLUS .4424 % INT IN COM AREA","MANN AMARDEEP & MEHAK GILL FAMILY",
"892734","282281042","R","2105 SPLIT DIAMOND WAY","UNT 42 GREENLAWN VILLAGE CONDOMINIUMS PLUS .4424 % INT IN COM AREA","PATEL VIPULKUMAR",
"892737","282281045","R","17000 GIBBONS PATH","UNT 45 GREENLAWN VILLAGE CONDOMINIUMS PLUS .4424 % INT IN COM AREA","BOGALE VITHAL REDDY",
"892745","282281053","R","17016 GIBBONS PATH","UNT 53 GREENLAWN VILLAGE CONDOMINIUMS PLUS .4424 % INT IN COM AREA","RANGASWAMY-SESHADRI",
"892746","282281054","R","17018 GIBBONS PATH","UNT 54 GREENLAWN VILLAGE CONDOMINIUMS PLUS .4424 % INT IN COM AREA","AKERKAR SALIL & NIKITA NABAR",
"892753","282281061","R","17112 GIBBONS PATH","UNT 61 GREENLAWN VILLAGE CONDOMINIUMS PLUS .4424 % INT IN COM AREA","DWIVEDI ANUJ",
"892755","282281063","R","17116 GIBBONS PATH","UNT 63 GREENLAWN VILLAGE CONDOMINIUMS PLUS .4424 % INT IN COM AREA","DAHAL SAPIN & PRIYANKA",
"892758","282281066","R","17113 GIBBONS PATH","UNT 66 GREENLAWN VILLAGE CONDOMINIUMS PLUS .4424 % INT IN COM AREA","MADAAN NAMITA & SANJAY",
"892780","282281088","R","17014 PRESTONS BRAID LN","UNT 88 GREENLAWN VILLAGE CONDOMINIUMS PLUS .4424 % INT IN COM AREA","PYAKUREL PARAS & SARITA",
"892782","282281090","R","17100 PRESTONS BRAID LN","UNT 90 GREENLAWN VILLAGE CONDOMINIUMS PLUS .4424 % INT IN COM AREA","SHAIK MOHAMMED THOUSIF & SUSHMA PARVEEN",
"892784","282281092","R","17104 PRESTONS BRAID LN","UNT 92 GREENLAWN VILLAGE CONDOMINIUMS PLUS .4424 % INT IN COM AREA","SINGHAL AKSHAY &",
"892788","282281096","R","17112 PRESTONS BRAID LN","UNT 96 GREENLAWN VILLAGE CONDOMINIUMS PLUS .4424 % INT IN COM AREA","PUVVULA DIVYA TARA",
"892790","282281098","R","17115 PRESTONS BRAID LN","UNT 98 GREENLAWN VILLAGE CONDOMINIUMS PLUS .4424 % INT IN COM AREA","RAJAGOPAL DWARAKANATH &",
"892792","282281100","R","17111 PRESTONS BRAID LN","UNT 100 GREENLAWN VILLAGE CONDOMINIUMS PLUS .4424 % INT IN COM AREA","BATHINI PRASANNA LAKSHMI &",
"892793","282281101","R","17109 PRESTONS BRAID LN","UNT 101 GREENLAWN VILLAGE CONDOMINIUMS PLUS .4424 % INT IN COM AREA","YADAV RITIKA",
"892797","282281105","R","17101 PRESTONS BRAID LN","UNT 105 GREENLAWN VILLAGE CONDOMINIUMS PLUS .4424 % INT IN COM AREA","KC DINESH",
"892798","282281106","R","17017 PRESTONS BRAID LN","UNT 106 GREENLAWN VILLAGE CONDOMINIUMS PLUS .4424 % INT IN COM AREA","NEUPANE RAJ K",
"892802","282281110","R","17009 PRESTONS BRAID LN","UNT 110 GREENLAWN VILLAGE CONDOMINIUMS PLUS .4424 % INT IN COM AREA","NEUPANE NARAYAN P",
"892804","282281112","R","17005 PRESTONS BRAID LN","UNT 112 GREENLAWN VILLAGE CONDOMINIUMS PLUS .4424 % INT IN COM AREA","SINOJIA JIGAR NITINBHAI & NIRALI",
"892805","282281113","R","17003 PRESTONS BRAID LN","UNT 113 GREENLAWN VILLAGE CONDOMINIUMS PLUS .4424 % INT IN COM AREA","GAUTAM KRISHNA & BARSHA",
"892806","282281114","R","17001 PRESTONS BRAID LN","UNT 114 GREENLAWN VILLAGE CONDOMINIUMS PLUS .4424 % INT IN COM AREA","SHAH-VAKIL TRUST",
"892807","282281115","R","17000 SPANISH STAR DR","UNT 115 GREENLAWN VILLAGE CONDOMINIUMS PLUS .4424 % INT IN COM AREA","MANAM MOHANA RAO &",
"892808","282281116","R","17002 SPANISH STAR DR","UNT 116 GREENLAWN VILLAGE CONDOMINIUMS PLUS .4424 % INT IN COM AREA","GHIMIRE BODH R & MANJU &",
"892811","282281119","R","17008 SPANISH STAR DR","UNT 119 GREENLAWN VILLAGE CONDOMINIUMS PLUS .4424 % INT IN COM AREA","PATEL SHWETA & CHIRAG",
"892812","282281120","R","17010 SPANISH STAR DR","UNT 120 GREENLAWN VILLAGE CONDOMINIUMS PLUS .4424 % INT IN COM AREA","BASTOLA KAMALA KUMARI & PRABHUDEV P",
"892813","282281121","R","17012 SPANISH STAR DR","UNT 121 GREENLAWN VILLAGE CONDOMINIUMS PLUS .4424 % INT IN COM AREA","SUBEDI OM &",
"892816","282281124","R","17100 SPANISH STAR DR","UNT 124 GREENLAWN VILLAGE CONDOMINIUMS PLUS .4424 % INT IN COM AREA","BANGARI BHAWNA &",
"892822","282281130","R","17112 SPANISH STAR DR","UNT 130 GREENLAWN VILLAGE CONDOMINIUMS PLUS .4424 % INT IN COM AREA","SUBEDI BISHNU & ALIZA SHARMA",
"892823","282281131","R","17114 SPANISH STAR DR","UNT 131 GREENLAWN VILLAGE CONDOMINIUMS PLUS .4424 % INT IN COM AREA","PATNAIK DEBASISH & SWAPNA",
"925966","282281135","R","2105 EBONY DOVE ST","UNT 203 GREENLAWN VILLAGE CONDOMINIUMS PLUS .4424 % INT IN COM AREA","AGRAWAL SHEKHAR",
"925971","282281140","R","17306 CRAZY ARM RD","UNT 208 GREENLAWN VILLAGE CONDOMINIUMS PLUS .4424 % INT IN COM AREA","DARIMIDI GUNAVARDHAN",
"925972","282281141","R","17308 CRAZY ARM RD","UNT 209 GREENLAWN VILLAGE CONDOMINIUMS PLUS 0.4424 % INT IN COM AREA","CHINNASANI VASU DEVA REDDY",
"925973","282281142","R","17310 CRAZY ARM RD","UNT 210 GREENLAWN VILLAGE CONDOMINIUMS PLUS 0.4424 % INT IN COM AREA","YARRAGUNTLA VENKATESH & YARRAGUNTLA MOUNIKA",
"925974","282281143","R","17312 CRAZY ARM RD","UNT 211 GREENLAWN VILLAGE CONDOMINIUMS PLUS .4424 % INT IN COM AREA","KALARIA DWEEPKUMAR",
"925976","282281145","R","17400 CRAZY ARM RD","UNT 213 GREENLAWN VILLAGE CONDOMINIUMS PLUS .4424 % INT IN COM AREA","SHRESTHA CHANDA",
"925977","282281146","R","17402 CRAZY ARM RD","UNT 214 GREENLAWN VILLAGE CONDOMINIUMS PLUS .4424 % INT IN COM AREA","PAUL RAJESH & RITU",
"925980","282281149","R","17408 CRAZY ARM RD","UNT 217 GREENLAWN VILLAGE CONDOMINIUMS PLUS 0.4424 % INT IN COM AREA","MOGILI SANDEEP REDDY",
"925985","282281154","R","2106 FRETBOARD ST","UNT 222 GREENLAWN VILLAGE CONDOMINIUMS PLUS 0.4424 % INT IN COM AREA","KATHAYAT NIR & SITA",
"925991","282281160","R","17407 CRAZY ARM RD","UNT 228 GREENLAWN VILLAGE CONDOMINIUMS PLUS .4424 % INT IN COM AREA","SHRESTHA PRABHAT & PRAMILA",
"925993","282281162","R","17403 CRAZY ARM RD","UNT 230 GREENLAWN VILLAGE CONDOMINIUMS PLUS 0.4424 % INT IN COM AREA","GAUTAM BINUP & SUJATA DHAKAL",
"925998","282281167","R","2023 EBONY DOVE ST","UNT 235 GREENLAWN VILLAGE CONDOMINIUMS PLUS .4424 % INT IN COM AREA","JAYSWAL MITT & TULSI PATEL",
"925999","282281168","R","2021 EBONY DOVE ST","UNT 236 GREENLAWN VILLAGE CONDOMINIUMS PLUS .4424 % INT IN COM AREA","DHANEKULA SURYA & PRASANTHI TATINEN",
"926004","282281173","R","2011 EBONY DOVE ST","UNT 241 GREENLAWN VILLAGE CONDOMINIUMS PLUS .4424 % INT IN COM AREA","UPADHAYA PADUEL PAWAN &",
"926006","282281175","R","2007 EBONY DOVE ST","UNT 243 GREENLAWN VILLAGE CONDOMINIUMS PLUS .4424 % INT IN COM AREA","QAZI TALHA",
"926007","282281176","R","2005 EBONY DOVE ST","UNT 244 GREENLAWN VILLAGE CONDOMINIUMS PLUS .4424 % INT IN COM AREA","SUBEDI KABINDRA",
"926009","282281178","R","2001 EBONY DOVE ST","UNT 246 GREENLAWN VILLAGE CONDOMINIUMS PLUS .4424 % INT IN COM AREA","GAUTAM RAMESH C & RADHA D NIRAULA",
"926010","282281179","R","17301 HEADSTOCK RD","UNT 247 GREENLAWN VILLAGE CONDOMINIUMS PLUS .4424 % INT IN COM AREA","SAHA SULOGNA",
"926013","282281182","R","17307 HEADSTOCK RD","UNT 250 GREENLAWN VILLAGE CONDOMINIUMS PLUS .4424 % INT IN COM AREA","PATEL CHIRAGKUMAR & SHWETABEN",
"926019","282281188","R","17403 HEADSTOCK RD","UNT 256 GREENLAWN VILLAGE CONDOMINIUMS PLUS .4424 % INT IN COM AREA","GADDIPATI VAMSI KRISHNA & ANITHA",
"926021","282281190","R","17407 HEADSTOCK RD","UNT 258 GREENLAWN VILLAGE CONDOMINIUMS PLUS .4424 % INT IN COM AREA","BHUSHAN DURGENDER",
"926025","282281194","R","2002 FRETBOARD ST","UNT 262 GREENLAWN VILLAGE CONDOMINIUMS PLUS 0.4424 % INT IN COM AREA","PANDEYA DRONA & SANTOSHI",
"926032","282281201","R","2016 FRETBOARD ST","UNT 269 GREENLAWN VILLAGE CONDOMINIUMS PLUS 0.4424 % INT IN COM AREA","STHAPIT SRILINA & PHINISO TASHI",
"926034","282281203","R","2013 FRETBOARD ST","UNT 271 GREENLAWN VILLAGE CONDOMINIUMS PLUS 0.4424 % INT IN COM AREA","GANTA LAKSHMI KANTH",
"926035","282281204","R","2011 FRETBOARD ST","UNT 272 GREENLAWN VILLAGE CONDOMINIUMS PLUS 0.4424 % INT IN COM AREA","REDDY PINGILI & GEETHA MARPADGA",
"926037","282281206","R","2007 FRETBOARD ST","UNT 274 GREENLAWN VILLAGE CONDOMINIUMS PLUS .4424 % INT IN COM AREA","VENKATA SUBBARAO KONDAPATURI & SUDHIRA DEVARAMPATI",
"926038","282281207","R","17406 HEADSTOCK RD","UNT 275 GREENLAWN VILLAGE CONDOMINIUMS PLUS .4424 % INT IN COM AREA","NALLAPOTHU SAILESH & PRATYUSHA PARVATHANENI",
"926039","282281208","R","17404 HEADSTOCK RD","UNT 276 GREENLAWN VILLAGE CONDOMINIUMS PLUS 0.4424 % INT IN COM AREA","VANGALA SUDHEER REDDY",
"926041","282281210","R","17400 HEADSTOCK RD","UNT 278 GREENLAWN VILLAGE CONDOMINIUMS PLUS 0.4424 % INT IN COM AREA","RUTHALA PRASHANTH & SWEETY VADLAMUDI",
"926042","282281211","R","17314 HEADSTOCK RD","UNT 279 GREENLAWN VILLAGE CONDOMINIUMS PLUS 0.4424 % INT IN COM AREA","KROSURI MOHAN & SRUTHI PADALA",
"926043","282281212","R","17312 HEADSTOCK RD","UNT 280 GREENLAWN VILLAGE CONDOMINIUMS PLUS 0.4424 % INT IN COM AREA","KAFLE JAYA & GHIMIREY SUBHADRA",
"926044","282281213","R","17310 HEADSTOCK RD","UNT 281 GREENLAWN VILLAGE CONDOMINIUMS PLUS 0.4424 % INT IN COM AREA","AGRAWAL MANISH",
"926045","282281214","R","17308 HEADSTOCK RD","UNT 282 GREENLAWN VILLAGE CONDOMINIUMS PLUS .4424 % INT IN COM AREA","TAKKALLAPALLI SRIDHAR RAO &",
"926047","282281216","R","17327 TREEHORN RANCH RD","UNT 284 GREENLAWN VILLAGE CONDOMINIUMS PLUS .4424 % INT IN COM AREA","JHA AAKASH",
"926048","282281217","R","17325 TREEHORN RANCH RD","UNT 285 GREENLAWN VILLAGE CONDOMINIUMS PLUS .4424 % INT IN COM AREA","DUTT HANSA & FNU MADHU",
"926051","282281220","R","17319 TREEHORN RANCH RD","UNT 288 GREENLAWN VILLAGE CONDOMINIUMS PLUS .4424 % INT IN COM AREA","BANDLA SRINIVASA & SUJANYA TELLA",
"926053","282281222","R","2008 EBONY DOVE ST","UNT 290 GREENLAWN VILLAGE CONDOMINIUMS PLUS .4424 % INT IN COM AREA","KRIPALANI PREMILA",
"926055","282281224","R","2012 EBONY DOVE ST","UNT 292 GREENLAWN VILLAGE CONDOMINIUMS PLUS .4424 % INT IN COM AREA","SHAH HARSH",
"882564","282402207","R","18337 CATOCTIN DR","LOT 10 BLK C HIGHLAND PARK PHS C SEC 2","KINI MANOJ &",
"882630","282402302","R","18404 CUMBERLAND GAP ST","LOT 11 BLK J HIGHLAND PARK PHS C SEC 2","EERABATHINI MANOHAR &",
"882639","282402311","R","18312 CUMBERLAND GAP ST","LOT 2 BLK J HIGHLAND PARK PHS C SEC 2","GOEL SHAILENDRA K & BINU",
"882646","282402404","R","18321 CUMBERLAND GAP ST","LOT 4 BLK K HIGHLAND PARK PHS C SEC 2","TALURU MAHESH",
"883779","282402803","R","212 CRATERS OF THE MOON BLVD","LOT 4 BLK L HIGHLAND PARK PHS C SEC 1","SOMARAPU KIRAN K",
"883738","282402902","R","18313 CUYAHOGA DR","LOT 2 BLK H HIGHLAND PARK PHS C SEC 1","DEY SUSHOBHON C ET AL",
"883724","282403005","R","18300 CUYAHOGA DR","LOT 1 BLK D HIGHLAND PARK PHS C SEC 1","PEDAPENKI DEDEEPYA",
"915253","282570190","R","19504 CHAYTON CIR","LOT 25 BLK B LAKESIDE AT BLACKHAWK II PHS 2B","ESWARAMOOTHY SIMON RICHARD &",
"915258","282570195","R","19412 CHAYTON CIR","LOT 30 BLK B LAKESIDE AT BLACKHAWK II PHS 2B","PATEL KHANDUBHAI D & HANSABEN K",
"915228","282570814","R","19417 CHAYTON CIR","LOT 6 BLK H LAKESIDE AT BLACKHAWK II PHS 2B","REPAL NINAD & DISHA KHANNA",
"889012","282571026","R","22040 ABIGAIL WAY","LOT 25 BLK EE AVALON PHS 12B","NAIDU OM DAVARAJULU &",
"889015","282571029","R","22028 ABIGAIL WAY","LOT 28 BLK EE AVALON PHS 12B","RANGARAJU SRIKAR YASHOMANI",
"907673","282590417","R","3708 RAVEN CAW PASS","LOT 24 BLK I PARK AT BLACKHAWK VI SEC 3 THE","RAO SNEHAL SUNIL & RAHUL KAMATH",
"945218","282590615","R","20124 GARGANEY DR","LOT 2 BLK K PARK AT BLACKHAWK VI PHS 4","BHANDARI RHUSHABH RAJENDRA &",
"945219","282590616","R","20120 GARGANEY DR","LOT 3 BLK K PARK AT BLACKHAWK VI PHS 4","PRAVALLIKA SANDEEP TRUST",
"945220","282590617","R","20116 GARGANEY DR","LOT 4 BLK K PARK AT BLACKHAWK VI PHS 4","PATEL ASHISH & TRISHA PATEL",
"945292","282590624","R","3812 HERON ROOST PASS","LOT 12 BLK K PARK AT BLACKHAWK VI PHS 4","TODI VINIT & PALAK AGARWAL",
"915790","282591301","R","20024 RONAN PLACE","LOT 31 BLK A LAKESIDE AT BLACKHAWK III PHS 3","CHENNARAPU BHARGAVI",
"915799","282591310","R","20009 RONAN PLACE","LOT 40 BLK A LAKESIDE AT BLACKHAWK III PHS 3","VEPA VIVEK",
"922071","282591314","R","20016 POMEROY ST","LOT 44 BLK A LAKESIDE AT BLACKHAWK III PHS 2","GALI PREM SAGAR &",
"922075","282591318","R","3412 BLARNEY LN","LOT 48 BLK A LAKESIDE AT BLACKHAWK III PHS 2","KATEPALLI HARSHAVARDHAN",
"922076","282591319","R","3408 BLARNEY LN","LOT 49 BLK A LAKESIDE AT BLACKHAWK III PHS 2","KUMAR ALOK & SONIA RAWAT",
"944746","282591504","R","19805 EIRE DR","LOT 12 BLK D LAKESIDE AT BLACKHAWK III PHS 4","BUDDE SUMAN & SUJITHA ANDE",
"944750","282591508","R","3605 FINNY LN","LOT 16 BLK D LAKESIDE AT BLACKHAWK III PHS 4","VEDANABHATLA VENKAT SRIKANTH &",
"944751","282591509","R","3601 FINNY LN","LOT 17 BLK D LAKESIDE AT BLACKHAWK III PHS 4","NAGARAJAAN KOWSHIK",
"944753","282591511","R","3513 FINNY LN","LOT 19 BLK D LAKESIDE AT BLACKHAWK III PHS 4","PATRI SRINIVASA PRADEEP &",
"944756","282591514","R","3501 FINNY LN","LOT 22 BLK D LAKESIDE AT BLACKHAWK III PHS 4","PINNINTI UMA ANIL KUMAR &",
"944757","282591515","R","3413 FINNY LN","LOT 23 BLK D LAKESIDE AT BLACKHAWK III PHS 4","KUMPATI SRAVAN KUMAR & ANITHA",
"944758","282591516","R","3409 FINNY LN","LOT 24 BLK D LAKESIDE AT BLACKHAWK III PHS 4","RATHI SHWETA & SURAJ THAKKAR",
"944759","282591517","R","3405 FINNY LN","LOT 25 BLK D LAKESIDE AT BLACKHAWK III PHS 4","IYENGAR ARJUN & DEEPTHI PRASANNA",
"944762","282591520","R","19800 DENISON DR","LOT 27 BLK D LAKESIDE AT BLACKHAWK III PHS 4","SRIVASTAVA PUNEET &",
"922088","282591603","R","3501 BLARNEY LN","LOT 17 BLK F LAKESIDE AT BLACKHAWK III PHS 2","MALLAMPATI HIMABINDU &",
"922092","282591607","R","3517 BLARNEY LN","LOT 13 BLK F LAKESIDE AT BLACKHAWK III PHS 2","SATHAYE KIRAN RAMKRISHNA & KALINDI",
"944770","282591611","R","19900 EIRE DR","LOT 9 BLK F LAKESIDE AT BLACKHAWK III PHS 4","KURAMTHIRUMALAI SRIKANTH",
"944774","282591615","R","3416 CLAFLIN ST","LOT 5 BLK F LAKESIDE AT BLACKHAWK III PHS 4","THIMMAIAH PONNANNA KOLLIMADA & ",
"944775","282591616","R","3412 CLAFLIN ST","LOT 4 BLK F LAKESIDE AT BLACKHAWK III PHS 4","NAREDDY KRANTH KUMAR REDDY & SRITEJA MARTHALA",
"944776","282591617","R","3408 CLAFLIN ST","LOT 3 BLK F LAKESIDE AT BLACKHAWK III PHS 4","MUTHUSAMY VINOD & ",
"944778","282591619","R","3400 CLAFLIN ST","LOT 1 BLK F LAKESIDE AT BLACKHAWK III PHS 4","VARKEY SOJI & MANJUSHA",
"922104","282591711","R","3508 YEATS PL","LOT 11 BLK E LAKESIDE AT BLACKHAWK III PHS 2","PATEL VRUTANT & MARION",
"922113","282591720","R","3512 BLARNEY LN","LOT 20 BLK E LAKESIDE AT BLACKHAWK III PHS 2","VOHRA ASMA & FASEEH VOHRA",
"944781","282591803","R","3413 CLAFLIN ST","LOT 3 BLK G LAKESIDE AT BLACKHAWK III PHS 4","GUNDEPUDI VENKATA SASIDHAR & VANI",
"944783","282591805","R","3501 CLAFLIN ST","LOT 5 BLK G LAKESIDE AT BLACKHAWK III PHS 4","VENKATARAM VANDANA & HARISH GORAVALINGAPPA",
"944784","282591806","R","3505 CLAFLIN ST","LOT 6 BLK G LAKESIDE AT BLACKHAWK III PHS 4","BIRGI TARANJEET SINGH & TANINDER KAUR CHHABRA",
"944785","282591807","R","3509 CLAFLIN ST","LOT 7 BLK G LAKESIDE AT BLACKHAWK III PHS 4","UPPALAPATI PRANEETH & RAMYATHA MUPPANENI",
"944787","282591809","R","19804 EIRE DR","LOT 9 BLK G LAKESIDE AT BLACKHAWK III PHS 4","KONUDULA SHRUTHI & SIVA RAMA KRISHNA KANDREGULA",
"944790","282591812","R","3504 FINNY LN","LOT 12 BLK G LAKESIDE AT BLACKHAWK III PHS 4","MANI VIJAYANANTH & REVATHY NAGARAAJ",
"944793","282591815","R","3408 FINNY LN","LOT 15 BLK G LAKESIDE AT BLACKHAWK III PHS 4","CHAUHAN KULDEEP & SAPNA BHARDWAJ",
"907662","282620205","R","3813 EAGLE FLEDGE TER","LOT 3 BLK I PARK AT BLACKHAWK VI SEC 3 THE","JAYAKUMAR DHANSEKAR &",
"907670","282620213","R","3800 RAVEN CAW PASS","LOT 27 BLK I PARK AT BLACKHAWK VI SEC 3 THE","RAMKUMAR ASHWIN KUMAR & AHIL MUTHUSWAMY",
"945229","282620303","R","20025 HAWK HOOD DR","LOT 21 BLK N PARK AT BLACKHAWK VI PHS 4","MUSANI AATIF & FARAH IMTIYAZ",
"945230","282620304","R","20029 HAWK HOOD DR","LOT 22 BLK N PARK AT BLACKHAWK VI PHS 4","MURTHY MANASA & KRISHAN PATEL",
"945232","282620306","R","20101 HAWK HOOD DR","LOT 24 BLK N PARK AT BLACKHAWK VI PHS 4","SAHU VIVEK SAGAR & SAMAVI REDDY MALLAVARAM",
"945233","282620307","R","20105 HAWK HOOD DR","LOT 25 BLK N PARK AT BLACKHAWK VI PHS 4","VANAPALLI VIVEK REDDY & ",
"945235","282620309","R","20113 HAWK HOOD DR","LOT 27 BLK N PARK AT BLACKHAWK VI PHS 4","SINGH VISHALA B",
"945236","282620310","R","20117 HAWK HOOD DR","LOT 28 BLK N PARK AT BLACKHAWK VI PHS 4","POLAVARAPU GOPICHAND & HARITHA",
"945237","282620311","R","20120 TALON GRASP TRL","LOT 1 BLK N PARK AT BLACKHAWK VI PHS 4","VATTIKUTI NARENDHAR & GUNNAM",
"945238","282620312","R","20116 TALON GRASP TRL","LOT 2 BLK N PARK AT BLACKHAWK VI PHS 4","KUKKAPALLI SIVANAGA & GEETHANJALI CHANDRA SEKHARAN",
"945240","282620314","R","20104 TALON GRASP TRL","LOT 4 BLK N PARK AT BLACKHAWK VI PHS 4","VULISETTY NAGA VIDYA & RAJESH MALLA",
"945243","282620317","R","20028 TALON GRASP TRL","LOT 7 BLK N PARK AT BLACKHAWK VI PHS 4","MEDITHI DEV KUMAR SAMUEL & SRI SOWMYA KANAPARTHY",
"945245","282620319","R","20020 TALON GRASP TRL","LOT 9 BLK N PARK AT BLACKHAWK VI PHS 4","OBBILISETTY AASRITHA &",
"907591","282620414","R","20229 CRESTED CARACARA LN","LOT 49 BLK A PARK AT BLACKHAWK VI SEC 3 THE","TIRUPATHI AMBIKA SASHIDHAR & RAJANI",
"907593","282620416","R","20237 CRESTED CARACARA LN","LOT 47 BLK A PARK AT BLACKHAWK VI SEC 3 THE","BHAKTA BHAGIRATH & JIGNA",
"945247","282620423","R","20101 CRESTED CARACARA LN","LOT 63 BLK A PARK AT BLACKHAWK VI PHS 4","GANESAN MANIKANDAN & SHRUTILAYA KARUNANIDHL",
"945249","282620425","R","20109 CRESTED CARACARA LN","LOT 61 BLK A PARK AT BLACKHAWK VI PHS 4","URIKITI RAVITEJ & SWARNALATHA RAMESH",
"945250","282620426","R","20113 CRESTED CARACARA LN","LOT 60 BLK A PARK AT BLACKHAWK VI PHS 4","ORUGANTI LAXMI KANTH & BHANU PRIYA POREDDY",
"945251","282620427","R","20117 CRESTED CARACARA LN","LOT 59 BLK A PARK AT BLACKHAWK VI PHS 4","AVULA SRINIVASA RAO & ROJARANI",
"945252","282620428","R","20121 CRESTED CARACARA LN","LOT 58 BLK A PARK AT BLACKHAWK VI PHS 4","PALANI KARTHIKEYAN & REKHA RASIAH",
"945254","282620430","R","20201 CRESTED CARACARA LN","LOT 56 BLK A PARK AT BLACKHAWK VI PHS 4","MUKKALA SHARVANI & VARUN MENDU",
"945255","282620431","R","20205 CRESTED CARACARA LN","LOT 55 BLK A PARK AT BLACKHAWK VI PHS 4","VENGALA HEMANTH KUMAR & SUPRIYA SILUVERU",
"907625","282620611","R","20312 GREAT EGRET LN","LOT 11 BLK E PARK AT BLACKHAWK VI SEC 3 THE","CHINNAPPAN SHANMUGAM & MALATHI",
"907628","282620614","R","20300 GREAT EGRET LN","LOT 14 BLK E PARK AT BLACKHAWK VI SEC 3 THE","PATEL TARUN",
"907630","282620616","R","20220 GREAT EGRET LN","LOT 16 BLK E PARK AT BLACKHAWK VI SEC 3 THE","KAPOOR ROHAN",
"907631","282620617","R","20216 GREAT EGRET LN","LOT 17 BLK E PARK AT BLACKHAWK VI SEC 3 THE","NIVJA AKASH & AISHWARYA KANGOKAR",
"907636","282620622","R","20209 ARCTIC LOON PASS","LOT 22 BLK E PARK AT BLACKHAWK VI SEC 3 THE","FAHEEM SYED AMMAR",
"907639","282620625","R","20301 ARCTIC LOON PASS","LOT 25 BLK E PARK AT BLACKHAWK VI SEC 3 THE","DEY TAPAS KANTI & ANIMITA SARKER",
"907640","282620626","R","20305 ARCTIC LOON PASS","LOT 26 BLK E PARK AT BLACKHAWK VI SEC 3 THE","MATHUR VARUN & RITIKA",
"907641","282620627","R","20309 ARCTIC LOON PASS","LOT 27 BLK E PARK AT BLACKHAWK VI SEC 3 THE","TRIVEDI LAKSHYA U & PRIYA C PATEL",
"907645","282620631","R","3816 BOW PERCH ST","LOT 31 BLK E PARK AT BLACKHAWK VI SEC 3 THE","BOGATI DINESH & SUNITA CHALAUNE",
"907603","282620707","R","20312 CRESTED CARACARA LN","LOT 6 BLK D PARK AT BLACKHAWK VI SEC 3 THE","RAJAN KARTHIK SUBBALAKSHMI SANKARA NARAYANAN",
"907607","282620711","R","20236 CRESTED CARACARA LN LN","LOT 10 BLK D PARK AT BLACKHAWK VI SEC 3 THE","GATTALA VENKATA R DEEPAK &",
"907614","282620718","R","20209 GREAT EGRET LN","LOT 17 BLK D PARK AT BLACKHAWK VI SEC 3 THE","PULLABHOTLA SIVADITYA SATYA & SRISHTY ARORA",
"907615","282620719","R","20213 GREAT EGRET LN","LOT 18 BLK D PARK AT BLACKHAWK VI SEC 3 THE","RAZA SYED MOHAMAD &",
"907575","282621303","R","3809 RAVEN CAW PASS","LOT 12 BLK J PARK AT BLACKHAWK VI SEC 3 THE","ARORA SANDEEP & NEHA",
"907577","282621305","R","3817 RAVEN CAW PASS","LOT 10 BLK J PARK AT BLACKHAWK VI SEC 3 THE","VADLAMANI SAI & NISHA TIPPARAJU",
"907578","282621306","R","3821 RAVEN CAW PASS","LOT 9 BLK J PARK AT BLACKHAWK VI SEC 3 THE","MEGHA FNU & DHANANJAY DEEPAK PARAB",
"907579","282621307","R","3825 RAVEN CAW PASS","LOT 8 BLK J PARK AT BLACKHAWK VI SEC 3 THE","KRISHNA ARUN KUMAR & JOSEPH ANJU",
"945266","282621324","R","3808 SANDHILL CRANE DR","LOT 17 BLK J PARK AT BLACKHAWK VI PHS 4","VANAPALLI SATYENDRA KUMAR & PRIYANKA UPPALA",
"945267","282621325","R","3804 SANDHILL CRANE DR","LOT 16 BLK J PARK AT BLACKHAWK VI PHS 4","BOMMADEVARA SESHAGIRI & DEEPTI LIVING TRUST",
"907652","282621403","R","3809 BOW PERCH ST","LOT 3 BLK F PARK AT BLACKHAWK VI SEC 3 THE","PATEL PUSPA RAVINDRANATH",
"907653","282621404","R","20308 ARCTIC LOON PASS","LOT 4 BLK F PARK AT BLACKHAWK VI SEC 3 THE","KRISHNAJI SRIDHAR",
"915425","282621503","R","20509 CHRISTIE MARIE LN","LOT 24 BLK C PARK AT BLACKHAWK IV PHS 4A","SHIRALAGI SHILPA & VENKATA SURAMPUDI",
"915427","282621505","R","20517 CHRISTIE MARIE LN","LOT 22 BLK C PARK AT BLACKHAWK IV PHS 4A","GANATARA SNEHAL & MAYANK",
"915480","282621601","R","20508 CHRISTIE MARIE LN","LOT 55 BLK Z PARK AT BLACKHAWK IV PHS 4A","RAO ASHOK KUMAR NAGESWARA & SWAPNA GOWARAVAJJALA",
"945269","282621701","R","3804 WIGEON LN","LOT 4 BLK M PARK AT BLACKHAWK VI PHS 4","KHER GAURANG & KHUSHBOO JAISWAL",
"945271","282621703","R","3801 SANDHILL CRANE DR","LOT 2 BLK M PARK AT BLACKHAWK VI PHS 4","AWASTHI ROHIT",
"945272","282621704","R","3805 SANDHILL CRANE DR","LOT 1 BLK M PARK AT BLACKHAWK VI PHS 4","TADEPALLI SIVA RAMA NARASHIMHAM & SUSHMA PULLELA",
"945277","282621805","R","20105 TALON GRASP TRL","LOT 27 BLK O PARK AT BLACKHAWK VI PHS 4","SINGAMSETTY KOUSHIK & SRI PRIYANKA MAMIDIBATHULA",
"945281","282621809","R","20121 TALON GRASP TRL","LOT 31 BLK O PARK AT BLACKHAWK VI PHS 4","BANDI ROHIT REDDY",
"945282","282621810","R","20124 CRESTED CARACARA LN","LOT 1 BLK O PARK AT BLACKHAWK VI PHS 4","HEGDE ANISH KARKAL & VEENA ANISH",
"945284","282621812","R","20112 CRESTED CARACARA LN","LOT 3 BLK O PARK AT BLACKHAWK VI PHS 4","CHAUS AZHARUDDIN I & SAMREEN GAUS SINDGI",
"945285","282621813","R","20108 CRESTED CARACARA LN","LOT 4 BLK O PARK AT BLACKHAWK VI PHS 4","DOSHI JENIL & DISHA MEHTA",
"945286","282621814","R","20104 CRESTED CARACARA LN","LOT 5 BLK O PARK AT BLACKHAWK VI PHS 4","BHAKTA MANALI",
"945287","282621815","R","20100 CRESTED CARACARA LN","LOT 6 BLK O PARK AT BLACKHAWK VI PHS 4","BARU RAJA ANVESH",
"945288","282621816","R","20036 CRESTED CARACARA LN","LOT 7 BLK O PARK AT BLACKHAWK VI PHS 4","GUDURU SWACHITHA RANI &",
"945289","282621817","R","20032 CRESTED CARACARA LN","LOT 8 BLK O PARK AT BLACKHAWK VI PHS 4","KOPPARAPU VENKAT & BINDU",
"967554","282622102","R","20240 SMEDLEY DR","RIDGE AT BLACKHAWK PHS 1 SEC 1 THE BLK A LOT 1","PATEL HERISHKUMAR &",
"967555","282622103","R","20236 SMEDLEY DR","RIDGE AT BLACKHAWK PHS 1 SEC 1 THE BLK A LOT 2","ROY TONMOY & ADRINA SAMALY HALDER",
"967558","282622106","R","20224 SMEDLEY DR","RIDGE AT BLACKHAWK PHS 1 SEC 1 THE BLK A LOT 5","SHARMA VIKASH KUMAR",
"967564","282622112","R","20204 SMEDLEY DR","RIDGE AT BLACKHAWK PHS 1 SEC 1 THE BLK A LOT 11","AKARAPU RAJESH REDDY &",
"967566","282622114","R","4201 RUBY ELEANOR DR","RIDGE AT BLACKHAWK PHS 1 SEC 1 THE BLK A LOT 13","PANDEY TUSHAR ANAND &",
"967616","282622203","R","4208 RUBY ELEANOR DR","RIDGE AT BLACKHAWK PHS 1 SEC 1 THE BLK B LOT 9","UDAIPURWALA ABBAS NISARALI",
"967619","282622206","R","20221 SMEDLEY DR","RIDGE AT BLACKHAWK PHS 1 SEC 1 THE BLK B LOT 6","MODUGULA RAHUL REDDY",
"967620","282622207","R","20225 SMEDLEY DR","RIDGE AT BLACKHAWK PHS 1 SEC 1 THE BLK B LOT 5","PATEL RONAK BHARAT & JUILY",
"967621","282622208","R","20229 SMEDLEY DR","RIDGE AT BLACKHAWK PHS 1 SEC 1 THE BLK B LOT 4","MISHRA MANISH ETAL",
"967622","282622209","R","20233 SMEDLEY DR","RIDGE AT BLACKHAWK PHS 1 SEC 1 THE BLK B LOT 3","GYAWALI SHANSKAR & BINZU ACHARYA",
"967623","282622210","R","4201 BOBO DR","RIDGE AT BLACKHAWK PHS 1 SEC 1 THE BLK B LOT 1","RAMACHANDRAN KANNAN &",
"915438","282650201","R","20505 KANGAL CT","LOT 13 BLK C PARK AT BLACKHAWK IV PHS 4A","GARLAPATI SATISH & ANITHA",
"915444","282650207","R","20529 KANGAL CT","LOT 7 BLK C PARK AT BLACKHAWK IV PHS 4A","GUPTA LUPANCH",
"967626","282650404","R","20229 DUSTIN LN","RIDGE AT BLACKHAWK PHS 1 SEC 1 THE BLK A LOT 33","SHAH BHAVIK SATISH",
"967627","282650405","R","20233 DUSTIN LN","RIDGE AT BLACKHAWK PHS 1 SEC 1 THE BLK A LOT 34","SHARMA RISHABH & ROOPA RAVICHANDAR",
"967629","282650407","R","20241 DUSTIN LN","RIDGE AT BLACKHAWK PHS 1 SEC 1 THE BLK A LOT 36","KOSNAM ANURAG &",
"967630","282650408","R","20245 DUSTIN LN","RIDGE AT BLACKHAWK PHS 1 SEC 1 THE BLK A LOT 37","SUREKA SUMIT & DIVYA AGGARWAL",
"967632","282650410","R","20253 DUSTIN LN","RIDGE AT BLACKHAWK PHS 1 SEC 1 THE BLK A LOT 39","DANI MITUL DHIRAJBHAI",
"967689","282650505","R","4216 ARTHURS FLIGHT PATH","RIDGE AT BLACKHAWK PHS 1 SEC 1 THE BLK F LOT 17","SEKAR HARIHARA &",
"967693","282650509","R","4200 ARTHURS FLIGHT PATH","RIDGE AT BLACKHAWK PHS 1 SEC 1 THE BLK F LOT 13","NELLURI JOTHSNA & VENKAT UPPALA",
"967698","282650514","R","20408 SMEDLEY DR","RIDGE AT BLACKHAWK PHS 1 SEC 1 THE BLK F LOT 8","SELVARAJ SHRIVANI &",
"967699","282650515","R","20404 SMEDLEY DR","RIDGE AT BLACKHAWK PHS 1 SEC 1 THE BLK F LOT 7","GALI SAI YOSHITHA &",
"967700","282650516","R","20400 SMEDLEY DR","RIDGE AT BLACKHAWK PHS 1 SEC 1 THE BLK F LOT 6","KUMAR JITENDER & SNEHA SAHOO",
"967703","282650519","R","20308 SMEDLEY DR","RIDGE AT BLACKHAWK PHS 1 SEC 1 THE BLK F LOT 3","GANGAPURAM SRI KRISHNA REDDY",
"967666","282650601","R","4201 ARTHURS FLIGHT PATH","RIDGE AT BLACKHAWK PHS 1 SEC 1 THE BLK E LOT 15","PALURU AMARDEEP REDDY &",
"967669","282650604","R","4213 ARTHURS FLIGHT PATH","RIDGE AT BLACKHAWK PHS 1 SEC 1 THE BLK E LOT 12","POTTI ANOOP NARAYANAN",
"967650","282650701","R","4201 BASILONE DR","RIDGE AT BLACKHAWK PHS 1 SEC 1 THE BLK D LOT 16","HARIHARAN RAHUL",
"967651","282650702","R","4205 BASILONE DR","RIDGE AT BLACKHAWK PHS 1 SEC 1 THE BLK D LOT 15","PATCHA SAI INDRANEEL",
"967654","282650705","R","4217 BASILONE DR","RIDGE AT BLACKHAWK PHS 1 SEC 1 THE BLK D LOT 12","KOLA PHANENDRA NATH &",
"967656","282650707","R","4225 BASILONE DR","RIDGE AT BLACKHAWK PHS 1 SEC 1 THE BLK D LOT 10","THODUPUNOORI MUKESH",
"967662","282650713","R","4212 BOBO DR","RIDGE AT BLACKHAWK PHS 1 SEC 1 THE BLK D LOT 4","NARAYANAN RAVI & ANUSHA VASUDEV",
"967663","282650714","R","4208 BOBO DR","RIDGE AT BLACKHAWK PHS 1 SEC 1 THE BLK D LOT 3","ANDUKONDAN RAJA & VANDANA RAMESH",
"967607","282650801","R","4205 BOBO DR","RIDGE AT BLACKHAWK PHS 1 SEC 1 THE BLK B LOT 2","HASANI RAVEESH RAJ",
"967608","282650802","R","4209 BOBO DR","RIDGE AT BLACKHAWK PHS 1 SEC 1 THE BLK B LOT 17","SAHOO SPANDITA & SOUMYA RANJAN NATH",
"967609","282650803","R","4213 BOBO DR","RIDGE AT BLACKHAWK PHS 1 SEC 1 THE BLK B LOT 16","NARNE CHINNA SAIKIRAN &",
"967600","282650907","R","20248 DUSTIN LN","RIDGE AT BLACKHAWK PHS 1 SEC 1 THE BLK C LOT 18","SHETH ANIKET NITESH &",
"967601","282650908","R","20244 DUSTIN LN","RIDGE AT BLACKHAWK PHS 1 SEC 1 THE BLK C LOT 17","SETTY NAGESWARA RAO CHALAMALA &",
"967602","282650909","R","20240 DUSTIN LN","RIDGE AT BLACKHAWK PHS 1 SEC 1 THE BLK C LOT 16","BALABADRAPATRUNI SAI SUHAS &",
"967603","282650910","R","20236 DUSTIN LN","RIDGE AT BLACKHAWK PHS 1 SEC 1 THE BLK C LOT 15","JOGA PARISHEEL ANAND &",
"967760","282651002","R","20528 DUSTIN LN","RIDGE AT BLACKHAWK PHS 1 SEC 2 THE BLK G LOT 8","PENUMATSA MAHESH VARMA &",
"967762","282651004","R","20520 DUSTIN LN","RIDGE AT BLACKHAWK PHS 1 SEC 2 THE BLK G LOT 6","MALANI AJAY & MAYA",
"967767","282651009","R","20500 DUSTIN LN","RIDGE AT BLACKHAWK PHS 1 SEC 2 THE BLK G LOT 1","THAKKAR SHAIL SATISH &",
"967749","282651104","R","20509 DUSTIN LN","RIDGE AT BLACKHAWK PHS 1 SEC 2 THE BLK H LOT 3","SERKOOR SAI DINESH &",
"882588","284401001","R","412 CANE RIVER RD","LOT 22 BLK B HIGHLAND PARK PHS C SEC 2","WAGHMARE UDAY S",
"882592","284401005","R","332 CANE RIVER RD","LOT 18 BLK B HIGHLAND PARK PHS C SEC 2","ADKAR SHARDUL SURESH & MAYUR",
"882597","284401010","R","312 CANE RIVER RD","LOT 13 BLK B HIGHLAND PARK PHS C SEC 2","PUROHIT BHOOMI & KEDAR",
"882614","284401103","R","313 CANE RIVER RD","LOT 4 BLK F HIGHLAND PARK PHS C SEC 2","MEMON RAHIL IQBAL",
"882622","284401404","R","413 CANE RIVER RD","LOT 4 BLK G HIGHLAND PARK PHS C SEC 2","SHUKLA NIRATI & DEEPAK BHARADIA",
"882624","284401406","R","421 CANE RIVER RD","LOT 6 BLK G HIGHLAND PARK PHS C SEC 2","CHAKRABORTY TAMOJIT",
"883744","284401505","R","18401 CUYAHOGA DR","LOT 8 BLK H HIGHLAND PARK PHS C SEC 1","DEEPAK AND JAYASHRI TRUST",
"883750","284401511","R","18412 CONGAREE ST","LOT 14 BLK H HIGHLAND PARK PHS C SEC 1","GANESAN ASHOK",
"883732","284401602","R","205 CANE RIVER RD","LOT 2 BLK E HIGHLAND PARK PHS C SEC 1","DESAI JAY & JHANVI",
"883733","284401603","R","209 CANE RIVER RD","LOT 3 BLK E HIGHLAND PARK PHS C SEC 1","CHOKHAVATIA AMRISH",
"883707","284401803","R","18428 CUYAHOGA DR","LOT 17 BLK D HIGHLAND PARK PHS C SEC 1","AGGARWAL FAMILY REVOCABLE TRUST",
"883709","284401805","R","18420 CUYAHOGA DR","LOT 15 BLK D HIGHLAND PARK PHS C SEC 1","CHELLAMMA MALI SMITHA",
"883710","284401806","R","18416 CUYAHOGA DR","LOT 14 BLK D HIGHLAND PARK PHS C SEC 1","DHILLON GURJANT S",
"883711","284401807","R","18412 CUYAHOGA DR","LOT 13 BLK D HIGHLAND PARK PHS C SEC 1","BURUGU SRINIVAS & SUKANYA",
"883715","284401811","R","18332 CUYAHOGA DR","LOT 9 BLK D HIGHLAND PARK PHS C SEC 1","THAKUR MUGDHA V &",
"883718","284401814","R","18320 CUYAHOGA DR","LOT 6 BLK D HIGHLAND PARK PHS C SEC 1","GARG PANKAJ",
"883772","284401903","R","18403 CONGAREE ST","LOT 12 BLK I HIGHLAND PARK PHS C SEC 1","RAMESH MOHNISH KUMARAN",
"883773","284401904","R","18405 CONGAREE ST","LOT 13 BLK I HIGHLAND PARK PHS C SEC 1","DEVARASETTY PREM CHAND & I",
"889132","284570924","R","19209 CHAYTON CIR","LOT 18 BLK C LAKESIDE AT BLACKHAWK II PHS 1B","PATEL USHABAHEN NAVINCHANDRA  &    ",
"889133","284570925","R","19213 CHAYTON CIR","LOT 19 BLK C LAKESIDE AT BLACKHAWK II PHS 1B","SENAPATI MADHU & RAJITHA",
"889137","284570929","R","3320 NIGHTHAWK DIVE LN","LOT 23 BLK C LAKESIDE AT BLACKHAWK II PHS 1B","REBELLO ALAN S",
"889139","284570931","R","3312 NIGHTHAWK DIVE LN","LOT 25 BLK C LAKESIDE AT BLACKHAWK II PHS 1B","MEHTA TRUSHAR & MADHURA",
"889140","284571020","R","3305 NIGHTHAWK DIVE LN","LOT 8 BLK D LAKESIDE AT BLACKHAWK II PHS 1B","KRISHNAN SREEDHARANE & RADHA SREEDHARANE",
"889070","284571117","R","3309 FALCONERS WAY","LOT 9 BLK E LAKESIDE AT BLACKHAWK II PHS 1B","GARLAPATI SHRAVAN K & MANASA GANGULA",
"915266","284571123","R","3324 PLOVER RAIN WAY","LOT 15 BLK E LAKESIDE AT BLACKHAWK II PHS 2B","SREEDHARAN SHRI & POOJA JANARDANAN",
"915268","284571125","R","3316 PLOVER RAIN WAY","LOT 17 BLK E LAKESIDE AT BLACKHAWK II PHS 2B","PATEL KRUNAL KIRITKUMAR &",
"889091","284571901","R","19316 CHAYTON CIR","LOT 1 BLK A LAKESIDE AT BLACKHAWK II PHS 1B","KUKREJA DEEPANSHU & NAVYTA",
"915262","284572001","R","19320 CHAYTON CIR","LOT 34 BLK B LAKESIDE AT BLACKHAWK II PHS 2B","SURESH JOSEPH CYRIL SHARAN &",
"915766","284591023","R","20300 CLARE ISLAND BEND","LOT 22 BLK A LAKESIDE AT BLACKHAWK III PHS 3","SHEKHAWAT DEEPSHIKHA & NEERAJ SHUKLA",
"915768","284591025","R","20232 CLARE ISLAND BEND","LOT 24 BLK A LAKESIDE AT BLACKHAWK III PHS 3","MOHAMMAD SHAKIR ASHFAQ KHADARI",
"915779","284591121","R","20217 CLARE ISLAND BEND","LOT 10 BLK B LAKESIDE AT BLACKHAWK III PHS 3","KRISHNA MURKI & SUSHUMNA THOTA 2020",
"889129","284591514","R","20300 THUMPER JACK CT","LOT 21 BLK A LAKESIDE AT BLACKHAWK II PHS 1B","ALAMURI RAVI KANTH",
"942184","284620432","R","20801 PINEWALK DR","LOT 30 BLK Z PARK AT BLACKHAWK IV PHS 4B","NATH RANJITH & PANCHAMI MOHANAN MENON",
"942186","284620434","R","20809 PINEWALK DR","LOT 32 BLK Z PARK AT BLACKHAWK IV PHS 4B","PULICHINTHA NAVEEN REDDY",
"942189","284620437","R","20808 CHRISTIE MARIE LN","LOT 35 BLK Z PARK AT BLACKHAWK IV PHS 4B","GADDE TEJASWI & AVINASH KARANAM",
"942190","284620438","R","20804 CHRISTIE MARIE LN","LOT 36 BLK Z PARK AT BLACKHAWK IV PHS 4B","KALAKOTA RAGHAVENDRA RAO",
"942193","284620441","R","20716 CHRISTIE MARIE LN","LOT 39 BLK Z PARK AT BLACKHAWK IV PHS 4B","BOGGU SIVANADA KUMAR REDDY",
"942197","284620445","R","20700 CHRISTIE MARIE LN","LOT 43 BLK Z PARK AT BLACKHAWK IV PHS 4B","GOLLA SANDEEP KUMAR & LAKSHMI PRIYANKA GODAVARTHY",
"942199","284620447","R","20632 CHRISTIE MARIE LN","LOT 45 BLK Z PARK AT BLACKHAWK IV PHS 4B","BADGUJAR SHRIKANT S & PRANJAL ASHOK BADGUJAR",
"942200","284620448","R","20628 CHRISTIE MARIE LN","LOT 46 BLK Z PARK AT BLACKHAWK IV PHS 4B","LALL RAMDEV & SWATI MATHUR",
"924124","284620630","R","20617 WOODVINE AVE","LOT 2 BLK W PARK AT BLACKHAWK IV PHS 5B","PAPPU KARTHIK & LAKSHMI VIDYA PERI",
"942181","284620812","R","20808 PINEWALK DR","LOT 13 BLK V PARK AT BLACKHAWK IV PHS 4B","SHETH SAHIL & NAINA AGARWAL",
"942182","284620813","R","20804 PINEWALK DR","LOT 12 BLK V PARK AT BLACKHAWK IV PHS 4B","VRSHAH FAMILY TRUST",
"964605","284620815","R","20713 WOODVINE AVE","PARK AT BLACKHAWK IV PHS 9 BLK V LOT 21","SUBRAMANIAN ARUMUGAM &",
"964606","284620816","R","20721 WOODVINE AVE","PARK AT BLACKHAWK IV PHS 9 BLK V LOT 20 (0.1983AC IN TRAVIS CO)","KALIDINDI NEELIMA &",
"964607","284620817","R","20725 WOODVINE AVE","PARK AT BLACKHAWK IV PHS 9 BLK V LOT 19 (0.1282AC IN TRAVIS CO)","DESAI JANAK & SANDHYA",
"964608","284620818","R","20729 WOODVINE AVE","PARK AT BLACKHAWK IV PHS 9 BLK V LOT 18 (0.0908AC IN TRAVIS CO)","NALLAMASU RAVALI & OMKAR LADDIPIRLA",
"964609","284620819","R","20733 WOODVINE AVE","PARK AT BLACKHAWK IV PHS 9 BLK V LOT 17 (0.0948AC IN TRAVIS CO)","GOPAL RAGHAVENDRAN &",
"964610","284620820","R","20705 CARRIES RANCH RD","PARK AT BLACKHAWK IV PHS 9 BLK V LOT 15 (0.1981AC IN TRAVIS CO)","SANGHVI LOVISH & PREETI KALRA",
"924135","284621010","R","20820 MOUFLON DR","LOT 40 BLK S PARK AT BLACKHAWK IV PHS 5B","ACHARYA ABHISHEK & PRATIMA ROKKA",
"964604","284621018","R","20712 WOODVINE AVE","PARK AT BLACKHAWK IV PHS 9 BLK S LOT 35 (0.0248AC IN TRAVIS CO)","NAIDU VINAYBABU RAGHUNANDHA &",
"905960","284621108","R","20641 MOUFLON DR","LOT 7 BLK U PARK AT BLACKHAWK IV PHS 5A","SHASHANK FNU",
"924093","284621113","R","20809 MOUFLON DR","LOT 2 BLK U PARK AT BLACKHAWK IV PHS 5B","GAIKWAD SANDESH & SNEHAL KARPE",
"924098","284621119","R","20608 LUKES CV","LOT 34 BLK U PARK AT BLACKHAWK IV PHS 5B","MALIK ZAUREZ HUSSAIN & SAJIDA TAJDAR",
"924104","284621125","R","20613 LUKES CV","LOT 28 BLK U PARK AT BLACKHAWK IV PHS 5B","REDDY PRAKASH RAMASWAMY &",
"905968","284621205","R","20628 MOUFLON DR","LOT 21 BLK T PARK AT BLACKHAWK IV PHS 5A","JAMI DHEERAJ SRIVATSAVA & MANASA REDDY NARALA",
"905985","284621222","R","20621 ROLLING CREEK RD","LOT 4 BLK T PARK AT BLACKHAWK IV PHS 5A","MANDAVIA ABDUL W & ZOHRA &",
"905995","284621301","R","20528 AMITY WAY","LOT 13 BLK M PARK AT BLACKHAWK IV PHS 5A","PANDIKUNTA MAHESH KUMAR &",
"906000","284621306","R","3705 EVA MARIE CRT","LOT 22 BLK M PARK AT BLACKHAWK IV PHS 5A","BALAKRISHNAN VINOTHKUMAR & NEERAJA",
"906007","284621313","R","3704 EVA MARIE CRT","LOT 33 BLK M PARK AT BLACKHAWK IV PHS 5A","PATEL SUNIT & MINAL PARIKH",
"915472","284621601","R","20624 CHRISTIE MARIE LN","LOT 47 BLK Z PARK AT BLACKHAWK IV PHS 4A","BOPPANA PHANI M &",
"915473","284621602","R","20620 CHRISTIE MARIE LN","LOT 48 BLK Z PARK AT BLACKHAWK IV PHS 4A","CHADHURY ROHAN S & ZOMA ZAMAN",
"915476","284621605","R","20608 CHRISTIE MARIE LN","LOT 51 BLK Z PARK AT BLACKHAWK IV PHS 4A","SHARMA SANKET & SHIPRA",
"915477","284621606","R","20604 CHRISTIE MARIE LN","LOT 52 BLK Z PARK AT BLACKHAWK IV PHS 4A","SHRESTHA FAMILY TRUST",
"915479","284621608","R","20512 CHRISTIE MARIE LN","LOT 54 BLK Z PARK AT BLACKHAWK IV PHS 4A","NERSU RAVIKIRAN",
"942231","284621810","R","20709 CHRISTIE MARIE LN","LOT 3 BLK G PARK AT BLACKHAWK IV PHS 4B","THAKUR RANDHIR KUMAR & SHILPI BOSE",
"942232","284621811","R","20717 CHRISTIE MARIE LN","LOT 4 BLK G PARK AT BLACKHAWK IV PHS 4B","ERRA VARUN KUMAR",
"942234","284621813","R","20801 CHRISTIE MARIE LN","LOT 6 BLK G PARK AT BLACKHAWK IV PHS 4B","JOGI VARUN",
"942086","284621815","R","20801 CARRIES RANCH RD","LOT 8 BLK G PARK AT BLACKHAWK IV PHS 3","GUPTA SHASHANK & SANJOLI",
"942087","284621816","R","20805 CARRIES RANCH RD","LOT 9 BLK G PARK AT BLACKHAWK IV PHS 3","THANGAMUTHU JAYAKUMAR & LATHA KUMARI BASA",
"942090","284621819","R","20813 CARRIES RANCH RD","LOT 12 BLK G PARK AT BLACKHAWK IV PHS 3","MUPPANENI RAKESH & SINDHU SRI MANKENA",
"942107","284622001","R","20812 CARRIES RANCH RD","PARK AT BLACKHAWK IV PHS 3 BLK K LOT 48 (0.1159AC IN TRAVIS CO)","SOCKALINGAM ARUNACHALAM",
"915452","284650205","R","20617 KANGAL CT","LOT 1 BLK C PARK AT BLACKHAWK IV PHS 4A","SHAIK SHABBIR AHMED & KOUSERJAHA",
"942111","284650303","R","20709 KANGAL CT","LOT 46 BLK B PARK AT BLACKHAWK IV PHS 3","GOTTIMUKKALA VENKATA PAVAN",
"942112","284650304","R","20713 KANGAL CT","LOT 45 BLK B PARK AT BLACKHAWK IV PHS 3","MARADUGU MANJUNATH RAHUL & SRUJANA NAMBURI",
"942119","284650311","R","4417 SHADY HILL LN","LOT 38 BLK B PARK AT BLACKHAWK IV PHS 3","RAJASHEKHAR VIKRAM & PRIYANKA SRINIVASA MURTHY",
"942121","284650313","R","4425 SHADY HILL LN","LOT 36 BLK B PARK AT BLACKHAWK IV PHS 3","NALLURI PRUDHVI TEJA",
"942124","284650316","R","4437 SHADY HILL LN","LOT 33 BLK B PARK AT BLACKHAWK IV PHS 3","GARG SHIVANKIT",
"942125","284650317","R","4344 TREY EDSEL DR","LOT 32 BLK B PARK AT BLACKHAWK IV PHS 3","NAKARMI HARSHA BAHADUR &",
"942129","284650321","R","4328 TREY EDSEL DR","LOT 28 BLK B PARK AT BLACKHAWK IV PHS 3","ARUMAINATHAN WILLIAM A & PRIYADHARSHINI STALINTHOMPSON",
"942134","284650326","R","4308 TREY EDSEL DR","LOT 23 BLK B PARK AT BLACKHAWK IV PHS 3","SRUNGARAKAVI VENKATA SAMBA NARESH & YAMINI VONTEDDU",
"915462","284650401","R","4236 DUTCHMAN DR","LOT 14 BLK E PARK AT BLACKHAWK IV PHS 4A","KURLAPKAR ABHISHEK S & VISHAKHA A",
"915466","284650405","R","4220 DUTCHMAN DR","LOT 18 BLK E PARK AT BLACKHAWK IV PHS 4A","NARAYANAN SRINIVAS GOMATAM & RAMYA",
"942137","284650408","R","4309 SHADY HILL LN","LOT 8 BLK E PARK AT BLACKHAWK IV PHS 3","TAMILARASAN RAJA & ABINAYA RAJAMANICKAM",
"915488","284650501","R","4221 DUTCHMAN DR","LOT 6 BLK D PARK AT BLACKHAWK IV PHS 4A","MUCHU SRINIVASA & SOWBHAGYA L",
"915489","284650502","R","4225 DUTCHMAN DR","LOT 7 BLK D PARK AT BLACKHAWK IV PHS 4A","CHATTERJEE DEBAPRIYA & AMRITA",
"915490","284650503","R","4229 DUTCHMAN DR","LOT 8 BLK D PARK AT BLACKHAWK IV PHS 4A","DHAKAL AASHMA & SAMAR RAJ SATYAL",
"939796","284650602","R","20912 CARRIES RANCH RD","LOT 9 BLK K PARK AT BLACKHAWK IV PHS 2","HARIHARAN NAVEEN & CHAITRA SHIVANAN",
"939798","284650604","R","20904 CARRIES RANCH RD","LOT 11 BLK K PARK AT BLACKHAWK IV PHS 2","PAREKH ASHA & VARUN KISHORE",
"939799","284650605","R","20900 CARRIES RANCH RD","LOT 12 BLK K PARK AT BLACKHAWK IV PHS 2","PATIL DIPEN KIRAN &",
"939755","284650703","R","20821 CLAIRE JEAN PATH","PARK AT BLACKHAWK IV PHS 2 BLK K LOT 39 (0.0582AC IN TRAVIS CO)","SHAIK SHAHIN",
"939801","284650705","R","20844 CARRIES RANCH RD","LOT 41 BLK K PARK AT BLACKHAWK IV PHS 2","MIRUKULA RAJESH & SWETHA HARKALA",
"942102","284650707","R","20836 CARRIES RANCH RD","LOT 43 BLK K PARK AT BLACKHAWK IV PHS 3","NEELAM SAINATHA R & SRAVANTHI",
"942105","284650710","R","20824 CARRIES RANCH RD","LOT 46 BLK K PARK AT BLACKHAWK IV PHS 3 (0.1717AC IN TRAVIS CO)","PILLAY SAM CHERUB HAMEEM & BEENA BETTY STOW ANUGRAHAM",
"939825","284650801","R","20928 AKBASH LN","LOT 15 BLK I PARK AT BLACKHAWK IV PHS 2","CHENNARAPU BHARGAVI",
"939828","284650804","R","20916 AKBASH LN","LOT 12 BLK I PARK AT BLACKHAWK IV PHS 2","ALETI SUPREETH R & PRAJWALA",
"939829","284650805","R","20912 AKBASH LN","LOT 11 BLK I PARK AT BLACKHAWK IV PHS 2","MURKI KRISHNA AND SUSHUMNA THOTA",
"939830","284650806","R","20908 AKBASH LN","LOT 10 BLK I PARK AT BLACKHAWK IV PHS 2","GANGAVELLI AVANI",
"939831","284650807","R","20904 AKBASH LN","LOT 9 BLK I PARK AT BLACKHAWK IV PHS 2","MOTHE ADITHYA &",
"939832","284650808","R","20900 AKBASH LN","LOT 8 BLK I PARK AT BLACKHAWK IV PHS 2","VEMUGANTI SHREYAS & RAVALI MADAP",
"939809","284650811","R","20909 CARRIES RANCH RD","LOT 5 BLK I PARK AT BLACKHAWK IV PHS 2","IQBAL SALMAN",
"939812","284650814","R","20921 CARRIES RANCH RD","LOT 2 BLK I PARK AT BLACKHAWK IV PHS 2","PANDEY VISHAL & TANVEEN",
"939834","284650902","R","20924 BROOKLYNN MELISSA DR","LOT 14 BLK H PARK AT BLACKHAWK IV PHS 2","MEDIKONDA ANIL KUMAR & ",
"939835","284650903","R","20920 BROOKLYNN MELISSA DR","LOT 13 BLK H PARK AT BLACKHAWK IV PHS 2","VALAGONDA KONDAIAH & ANJALI PATEL VENKATASHIVAREDDY",
"939850","284650913","R","20921 AKBASH LN","LOT 3 BLK H PARK AT BLACKHAWK IV PHS 2","DORWAT ANIKET AVINASH & ASHWINI A",
"939851","284650914","R","20925 AKBASH LN","LOT 2 BLK H PARK AT BLACKHAWK IV PHS 2","POOSARLA RAVIRAJ & ANUSHREE MACHARLA",
"939854","284651001","R","4301 ORYX LN","LOT 20 BLK B PARK AT BLACKHAWK IV PHS 2","CHIRRAVURI VISWANATH SRINIVASAN & KALYANA HARITHA",
"939857","284651004","R","4313 ORYX LN","LOT 17 BLK B PARK AT BLACKHAWK IV PHS 2","RAMARAPU VAMSHI &",
"939859","284651006","R","4401 ORYX LN","LOT 15 BLK B PARK AT BLACKHAWK IV PHS 2","DESAI HARSH KALPESH & AKSHATA DIVAKAR GOUDAR",
"939861","284651008","R","4413 ORYX LN","LOT 13 BLK B PARK AT BLACKHAWK IV PHS 2","BANKA VENKATA SURYA TEJA & TEJASWI KAYALA",
"939862","284651009","R","4417 ORYX LN","LOT 12 BLK B PARK AT BLACKHAWK IV PHS 2","MADITETI SANDEEP",
"939867","284651014","R","20909 BROOKLYNN MELISSA DR","LOT 7 BLK B PARK AT BLACKHAWK IV PHS 2","TUPAKULA VIJAY KUMAR & SAI ANUSH YERUKONDA",
"939868","284651015","R","20913 BROOKLYNN MELISSA DR","LOT 6 BLK B PARK AT BLACKHAWK IV PHS 2","MISHRA VIVECA KRIS & MANISH MISHRA &",
"939870","284651017","R","20921 BROOKLYNN MELISSA DR","LOT 4 BLK B PARK AT BLACKHAWK IV PHS 2","KURA SRIDHAR & SHILPA KURA",
"942091","284651201","R","20817 CARRIES RANCH RD","LOT 13 BLK G PARK AT BLACKHAWK IV PHS 3","SEBASTIAN AMUTHAN & MUKTA",
"942094","284651204","R","4301 TREY EDSEL DR","LOT 16 BLK G PARK AT BLACKHAWK IV PHS 3","KULKARNI SUMANTH & SHIMONA SINHA",
"942095","284651205","R","4305 TREY EDSEL DR","LOT 17 BLK G PARK AT BLACKHAWK IV PHS 3","KURMAGADDA PAVAN KUMAR & DEEPTHI SUNKARI",
"942151","284651301","R","4317 TREY EDSEL DR","LOT 18 BLK F PARK AT BLACKHAWK IV PHS 3","GREWAL INDERPREET SINGH &",
"942154","284651304","R","4333 TREY EDSEL DR","LOT 15 BLK F PARK AT BLACKHAWK IV PHS 3","PACHAULI BISHVESH",
"942155","284651305","R","4428 SHADY HILL LN","LOT 14 BLK F PARK AT BLACKHAWK IV PHS 3","MANSH JAYANT",
"942156","284651306","R","4424 SHADY HILL LN","LOT 13 BLK F PARK AT BLACKHAWK IV PHS 3","SINHA ALOK & PRITI",
"942158","284651308","R","4412 SHADY HILL LN","LOT 11 BLK F PARK AT BLACKHAWK IV PHS 3","VISWANATHAN SASIKUMAR &",
"967713","284651506","R","20736 DUSTIN LN","RIDGE AT BLACKHAWK PHS 1 SEC 2 THE BLK I LOT 10","TRIVEDI MANAN & MAITRI MANAN",
"967715","284651508","R","20728 DUSTIN LN","RIDGE AT BLACKHAWK PHS 1 SEC 2 THE BLK I LOT 8","KHANDELWAL KAPIL & SWATI BHANDARI",
"967716","284651509","R","20724 DUSTIN LN","RIDGE AT BLACKHAWK PHS 1 SEC 2 THE BLK I LOT 7","KANDUKURI NEERAJ & ANUHYA KORIPELLA",
"967718","284651511","R","20716 DUSTIN LN","RIDGE AT BLACKHAWK PHS 1 SEC 2 THE BLK I LOT 5","NYAYAPATHI SUSHMITHA VANDANA",
"967773","284651603","R","4205 PLESS DR","RIDGE AT BLACKHAWK PHS 1 SEC 2 THE BLK G LOT 22","ZAMBRE ATUL & MADHAVI ATUL",
"967774","284651604","R","4209 PLESS DR","RIDGE AT BLACKHAWK PHS 1 SEC 2 THE BLK G LOT 21","SANAGO ABHYUDAYA & MEGHA KHARE",
"967781","284651611","R","4200 CAROLINE MAE CV","RIDGE AT BLACKHAWK PHS 1 SEC 2 THE BLK G LOT 15","VINOTH & NIRUPAMA TRUST",
"967785","284651615","R","4213 CAROLINE MAE CV","RIDGE AT BLACKHAWK PHS 1 SEC 2 THE BLK G LOT 11","PANCHANI ISHVARPRASAD &",
"967726","284651701","R","20609 DUSTIN LN","RIDGE AT BLACKHAWK PHS 1 SEC 2 THE BLK H LOT 12","PATEL SAMEERKUMAR MANUBHAI &",
"967729","284651704","R","20621 DUSTIN LN","RIDGE AT BLACKHAWK PHS 1 SEC 2 THE BLK H LOT 15","YARAMALA KONDA REDDY & SAI NALI",
"967735","284651710","R","20709 DUSTIN LN","RIDGE AT BLACKHAWK PHS 1 SEC 2 THE BLK H LOT 21","MORE SAURABH & VANDITA JOSHI",
"967738","284651713","R","20721 DUSTIN LN","RIDGE AT BLACKHAWK PHS 1 SEC 2 THE BLK H LOT 24","PATIL RAJENDRA & SONALI",
"967739","284651714","R","20725 DUSTIN LN","RIDGE AT BLACKHAWK PHS 1 SEC 2 THE BLK H LOT 25","DAYMA SANKET KISHOR &",
"894585","286330922","R","18434 STEVIE RAY DR","LOT 18 BLK G GLEN ELLYN SEC 1","KADAMBARI GOPALA KRISHNA &",
"894547","286361308","R","18419 STEVIE RAY DR","LOT 6 BLK F GLEN ELLYN SEC 1","JAISWAL SATISH & BINEETA",
"894549","286361310","R","18427 STEVIE RAY DR","LOT 4 BLK F GLEN ELLYN SEC 1","VYAS DAIVIK & PRIYANGI",
"894561","286361403","R","18422 STEVIE RAY DR","LOT 15 BLK G GLEN ELLYN SEC 1","TALASILA KRISHNA SASANK &",
"894562","286361404","R","18418 STEVIE RAY DR","LOT 14 BLK G GLEN ELLYN SEC 1","RAMASWAMY BALAJI &",
"911340","286591131","R","3701 FIELDFARE DR","LOT 29 BLK F PARK AT BLACKHAWK VII SEC 3","GARG ASHISH & RUCHI AGARWAL",
"911342","286591133","R","3709 FIELDFARE DR","LOT 31 BLK F PARK AT BLACKHAWK VII SEC 3","DIWAKAR SHARAD &",
"911343","286591134","R","3713 FIELDFARE DR","LOT 32 BLK F PARK AT BLACKHAWK VII SEC 3","BHIMAVARAPU RAVI TEJA REDDY &",
"911344","286591135","R","3717 FIELDFARE DR","LOT 33 BLK F PARK AT BLACKHAWK VII SEC 3","MOHAN KAUSHIK &",
"911345","286591136","R","3721 FIELDFARE DR","LOT 34 BLK F PARK AT BLACKHAWK VII SEC 3","SINGH RAJNISH KUMAR & RIMMI KUMARI",
"911346","286591137","R","3725 FIELDFARE DR","LOT 35 BLK F PARK AT BLACKHAWK VII SEC 3","BANDI KRISHNA CHAITANYA & GREESHMA",
"911356","286591453","R","20820 GRANDALA CT","LOT 81 BLK A PARK AT BLACKHAWK VII SEC 3","MANTHENA SARAT CHANDRA VARMA & HEMA",
"911360","286591457","R","3720 FIELDFARE DR","LOT 77 BLK A PARK AT BLACKHAWK VII SEC 3","BALASUBRAMANIAN SOWNDARYA BALA & SANTHOSHKUMAR THIYAGARAJAN",
"911362","286591459","R","3712 FIELDFARE DR","LOT 75 BLK A PARK AT BLACKHAWK VII SEC 3","AGRAWAL ANSHUL & PARITA AXIT PATEL",
"911377","286591466","R","20825 SNOW BUNTING LN","LOT 68 BLK A PARK AT BLACKHAWK VII SEC 3","RANGANATHAN PRANESH PARIMALA &",
"911384","286591473","R","20804 SNOW BUNTING LN","LOT 61 BLK A PARK AT BLACKHAWK VII SEC 3","PRASAD GAURAV & SWETA KUMARI",
"911399","286591487","R","20624 FRUIT DOVE CV","LOT 7 BLK A PARK AT BLACKHAWK VII SEC 3","MORE SAURABH & VANDITA JOSHI",
"911400","286591488","R","20620 FRUIT DOVE CV","LOT 6 BLK A PARK AT BLACKHAWK VII SEC 3","SINGHAL NITIN & CHANDRIMA NATH",
"911402","286591490","R","20612 FRUIT DOVE CV","LOT 4 BLK A PARK AT BLACKHAWK VII SEC 3","GUDIBANDI VAMSI KRISHNA REDDY &",
"964593","286620311","R","20924 SIKA DEER DR","PARK AT BLACKHAWK IV PHS 9 BLK O LOT 2 (0.1090AC IN TRAVIS CO)","IMMANNI ACHUT KUMAR &",
"964594","286620312","R","20920 SIKA DEER DR","PARK AT BLACKHAWK IV PHS 9 BLK O LOT 3 (0.1334AC IN TRAVIS CO)","ALAVALAPATI DEEPAK REDDY &",
"964595","286620313","R","20916 SIKA DEER DR","PARK AT BLACKHAWK IV PHS 9 BLK O LOT 4 (0.1682 AC IN TRAVIS CO)","KALLAMADI RATHNAKAR REDDY &",
"964597","286620315","R","20908  SIKADEER DR","PARK AT BLACKHAWK IV PHS 9 BLK O LOT 6","GOVINDARAJAN SENTHILMURUGAN",
"964598","286620316","R","20904  SIKADEER DR","PARK AT BLACKHAWK IV PHS 9 BLK O LOT 7","SHAIK JAHID & SHEENA PATHAN",
"905688","286620520","R","3909 ELAND DR","LOT 7 BLK R PARK AT BLACKHAWK IV PHS 7A","ODHWANI ASGHAR AMIRALI & NIDA AFAQ WARSI",
"905689","286620521","R","3913 ELAND DR","LOT 6 BLK R PARK AT BLACKHAWK IV PHS 7A","BHONSLE VIRENDRASINH VIKRAMSINH & SHAMA SHRIKANT BALANNAWAR",
"905692","286620524","R","4005 ELAND DR","LOT 3 BLK R PARK AT BLACKHAWK IV PHS 7A","PATEL DINABEN VIJAYKUMAR &",
"964600","286620526","R","4013 ELAND DR","PARK AT BLACKHAWK IV PHS 9 BLK R LOT 1","RAMAN POORNIMA SUNDAR &",
"964601","286620527","R","20916 ROLLING CREEK DR","PARK AT BLACKHAWK IV PHS 9 BLK R LOT 27","NARAYANAN TEJAS NAREN TENNUR &",
"905669","286620611","R","20905 ROLLING CREEK RD","LOT 15 BLK S PARK AT BLACKHAWK IV PHS 7A","SHAH MANU & RICHA SHARMA",
"932278","286650205","R","21021 BROOKLYNN MELISSA DR","LOT 21 BLK A PARK AT BLACKHAWK IV PHS 1","RAI RITIKA & SHOBHIT AGRAWAL",
"932280","286650207","R","21101 BROOKLYNN MELISSA DR","LOT 19 BLK A PARK AT BLACKHAWK IV PHS 1","DOBHAL MEGHA & ANIKET SUNDRIYAL",
"932288","286650213","R","4512 MANDALIN ST","LOT 13 BLK A PARK AT BLACKHAWK IV PHS 1","CHIMAKURTHY SIVA SANTOSHI",
"932292","286650217","R","4432 MANDALIN ST","LOT 9 BLK A PARK AT BLACKHAWK IV PHS 1","BANERJEE GAURAB & SUKANYA GOSWAMI",
"932299","286650224","R","4404 MANDALIN ST","LOT 2 BLK A PARK AT BLACKHAWK IV PHS 1 (0.0957AC IN TRAVIS CO)","CHANDRAN SHUNMUGAVEL &",
"932302","286650301","R","4409 MANDALIN ST","LOT 20 BLK BB PARK AT BLACKHAWK IV PHS 1","MAREEDU VENKATESWARA RAO",
"932303","286650302","R","4413 MANDALIN ST","LOT 19 BLK BB PARK AT BLACKHAWK IV PHS 1","DHAL AMARJIT & LOPAMUDRA JENA",
"932304","286650303","R","4417 MANDALIN ST","LOT 18 BLK BB PARK AT BLACKHAWK IV PHS 1","YEDDULA VIVEKAVARDHAN & SUSHAMA ADALA",
"932306","286650305","R","4425 MANDALIN ST","LOT 16 BLK BB PARK AT BLACKHAWK IV PHS 1","SHIVAMPETA SHIVA KUMAR & ASWINI RAO",
"932314","286650312","R","4428 JACKIES DR","LOT 9 BLK BB PARK AT BLACKHAWK IV PHS 1","GOPALAKRISHNAN SAIGANESH & DIVYA RAGHUNATHAN",
"932322","286650319","R","21105 CARRIES RANCH RD","LOT 2 BLK BB PARK AT BLACKHAWK IV PHS 1","JANI PARTH & GUNJA PANDYA",
"932331","286650406","R","4421 JACKIES DR","LOT 16 BLK J PARK AT BLACKHAWK IV PHS 1","BANERJEE ARINDAM & SUMANA",
"939817","286650413","R","4428 KINGS CROSS RD","LOT 9 BLK J PARK AT BLACKHAWK IV PHS 2","MATHEWS VINNIE PUNNOOSE & MARY ANN",
"939818","286650414","R","4424 KINGS CROSS RD","LOT 8 BLK J PARK AT BLACKHAWK IV PHS 2","KARNA RAJEEB KUMAR & SUSHMA",
"939793","286650608","R","20920 CARRIES RANCH RD","LOT 7 BLK K PARK AT BLACKHAWK IV PHS 2","PAUL SAMPATH KUMAR MANDADI",
"943277","288520802","R","20501A TRACTOR  DR","VILLAS AT ROWE CONDOMINIUMS THE UNT 20501-A PLUS 0.8474 % INT IN COM AREA","PAUL SAMPATH KUMAR MANDADI ETAL",
"962148","288520823","R","2103A ROOSTER RD","VILLAS AT ROWE CONDOMINIUMS THE UNT 2103 A-2 PLUS 0.8474 % INT IN COM AREA","RAO HARIS",
"962149","288520824","R","2103B ROOSTER RD","VILLAS AT ROWE CONDOMINIUMS THE UNT 2103 B-2 PLUS 0.8474 % INT IN COM AREA","MODI DEVANG",
"973799","288520827","R","2101A WHEELBARROW WAY","VILLAS AT ROWE CONDOMINIUMS THE UNT 2101A-3 PLUS 0.8474 % INT IN COM AREA","PAUL SAMPATH KUMAR MANDADI ETAL",
"973807","288520835","R","20504A COB ST","VILLAS AT ROWE CONDOMINIUMS THE UNT 20504A-3 PLUS 0.8474 % INT IN COM AREA","ENUGULA SRIKANTH &",
"973809","288520837","R","20508A TRACTOR DR","VILLAS AT ROWE CONDOMINIUMS THE UNT 20508A PLUS 0.8474 % INT IN COM AREA","VEDULA RAJESH",
"1000281","288520849","R","20503A HAYGRAZER WAY","VILLAS AT ROWE CONDOMINIUMS THE UNT 20503AHW PLUS 0.8474 % INT IN COM AREA","BHUT SNEHA C",
"1000307","288520875","R","20604A HAYGRAZER WAY","VILLAS AT ROWE CONDOMINIUMS THE UNT 20604A PLUS 0.8474 % INT IN COM AREA","SHETH SHIVANGI MITESH",
"1000308","288520876","R","20604B HAYGRAZER WAY","VILLAS AT ROWE CONDOMINIUMS THE UNT 20604B PLUS 0.8474 % INT IN COM AREA","GARUD PRANIT DEEPAK",
"1000310","288520878","R","20605A HAYGRAZER WAY","VILLAS AT ROWE CONDOMINIUMS THE UNT 20605AH PLUS 0.8474 % INT IN COM AREA","KOMMANA CHAKRADHAR &",
"1000320","288520888","R","2203B COWBIRD PATH","VILLAS AT ROWE CONDOMINIUMS THE UNT 2203B PLUS 0.8474 % INT IN COM AREA","THAKUR RAKESH KUMAR & FNU SNEHA",
"1000323","288520891","R","2205A COWBIRD PATH","VILLAS AT ROWE CONDOMINIUMS THE UNT 2205A PLUS 0.8474 % INT IN COM AREA","POLAVARAPU SIREESHA &",
"923454","290570117","R","21304 WILMILLER LN","LOT 25 BLK V COMMONS AT ROWE LANE PHS V B THE","VHORA NAZIRMOHMED SAFIMOHMED &",
"921751","290570237","R","3101 WINDY VANE DR","LOT 42 BLK O COMMONS AT ROWE LANE PHS IV B THE","CHANDRASEKARA YUVARAJ & SARANYA SUNDARMANI",
"921757","290570243","R","3205 WINDY VANE DR","LOT 48 BLK O COMMONS AT ROWE LANE PHS IV B THE","BHASKARWAR YOGESH",
"923437","290570916","R","21500 RESOURCE RD","LOT 14 BLK U COMMONS AT ROWE LANE PHS V B THE","MOHAN RAJENDRA KUMAR & BANU SANKARI KALIDAS",
"923440","290570919","R","21408 RESOURCE RD","LOT 17 BLK U COMMONS AT ROWE LANE PHS V B THE","KALAGARA S RAMNATH CHOUDARY &",
"921779","290571803","R","3200 WINDY VANE DR","LOT 5 BLK W COMMONS AT ROWE LANE PHS IV B THE","SHAH DHAVAL ASHOK & PRADEEPSINH B VAGHELA",
"921782","290571806","R","3104 WINDY VANE DR","LOT 2 BLK W COMMONS AT ROWE LANE PHS IV B THE","MADHUSUDHANA NIKHIL AMBHA",
"889163","293550604","R","21601 WINDMILL RANCH AVE","LOT 14 BLK D COMMONS AT ROWE LANE PHS VIII","SEN SUCHIR & TANIMA PAL",
"889167","293550608","R","21617 WINDMILL RANCH AVE","LOT 18 BLK D COMMONS AT ROWE LANE PHS VIII","MUNJETI VENKATARAMANA &",
"889172","293550613","R","21608 URRACA LN","LOT 23 BLK D COMMONS AT ROWE LANE PHS VIII","SABHARWAL FAMILY REVOCABLE TRUST",
"889190","293550630","R","21724 URRACA LN","LOT 40 BLK D COMMONS AT ROWE LANE PHS VIII","TIWARI PIYUSH & SHWETA BOHARE",
"889195","293550635","R","21704 URRACA LN","LOT 45 BLK D COMMONS AT ROWE LANE PHS VIII","QAYUM ABDUL",
"889196","293550636","R","21700 URRACA LN","LOT 46 BLK D COMMONS AT ROWE LANE PHS VIII","GAJJAR SEAN HITESH",
"889203","293550643","R","21801 WINDMILL RANCH AVE","LOT 53 BLK D COMMONS AT ROWE LANE PHS VIII","SHAH ANAL RASHMIKANT & DHARA HARISH MEHTA",
"889209","293550705","R","1804 TARPAN TRL","LOT 55 BLK B COMMONS AT ROWE LANE PHS VIII","MUTHUKRISHNAN SHANMUGANATHAN &",
"889213","293550709","R","21720 GALLUS DR","LOT 51 BLK B COMMONS AT ROWE LANE PHS VIII","GADKARI FAMILY TRUST",
"889215","293550711","R","21712 GALLUS DR","LOT 49 BLK B COMMONS AT ROWE LANE PHS VIII","HAMEED SHEIK PEER ABDUL &",
"889229","293550725","R","1813 MERINO LN","LOT 36 BLK B COMMONS AT ROWE LANE PHS VIII","VANGAVARAGU SIDDHARTH REDDY &",
"889231","293550727","R","1821 MERINO LN","LOT 34 BLK B COMMONS AT ROWE LANE PHS VIII","RUDRAVARAM RAJA RAMKARAN REDDY",
"889232","293550801","R","21601 GALLUS DR","LOT 1 BLK C COMMONS AT ROWE LANE PHS VIII","BHARDWAJ PRASHANT & RIMU BHARDWAJ",
"889234","293550803","R","21609 GALLUS DR","LOT 3 BLK C COMMONS AT ROWE LANE PHS VIII","SINGH RITU & ROHITH REDDY KATTA",
"889239","293550808","R","21705 GALLUS DR","LOT 8 BLK C COMMONS AT ROWE LANE PHS VIII","AL MAMOORI MOHAMMED S &",
"889246","293550815","R","21704 WINDMILL RANCH AVE","LOT 15 BLK C COMMONS AT ROWE LANE PHS VIII","KUMAR SAILESH & SUNDARI",
"947825","667090312","R"," SKOG RD","ABS 655 SUR 66 RODRIGUEZ P ACR 10.010","MEMON SOHEL & SABA",
