"Property ID","Geographic ID","Type","Property Address","Legal Description","Owner Name","Doing Business As","Appraised Value"
"830060","121800408","R","16017 LA ROSA DR","LOT 6 BLK C BELLA COLINAS SEC 1","SEBASTINE ANTONY & TERESA JOY",
"777967","252400103","R","13200 CANTARRA DR","LOT 12 BLK R CANTARRA SEC 1","HEMANTHKUMAR CHANDANA &",
"778027","252400517","R","3420 BACH DR","LOT 6 BLK P CANTARRA SEC 1","ALURU SREENIVAS & SRIDEVI GUMMADI",
"777985","252400607","R","3501 BACH DR","LOT 7 BLK Q CANTARRA SEC 1","BHANDARI SHER BAHADUR & RABI BHANDARI   ",
"778004","252400621","R","13117 LISMORE LN","LOT 21 BLK Q CANTARRA SEC 1","KAZMI ALI HAIDER",
"877100","252400903","R","3005 ARMIDALE DR","LOT 6 BLK A CANTARRA SEC IIA-2","SHARMA RAJIV & AARINA",
"877109","252401003","R","3109 ARMIDALE DR","LOT 3 BLK F CANTARRA SEC IIA-2","VALLURUPALLI ROSHITHA & SAI HARSHA HANUMOLU",
"877111","252401005","R","3117 ARMIDALE DR","LOT 5 BLK F CANTARRA SEC IIA-2","MADDALA VENKATA PURNIMA",
"877112","252401006","R","3121 ARMIDALE DR","LOT 6 BLK F CANTARRA SEC IIA-2","KUMAR RAJ & AKANSHA CHAUDHARY",
"877116","252401103","R","3112 ARMIDALE DR","LOT 3 BLK G CANTARRA SEC IIA-2","VERMA ANKITA & CHIRAAG SASHI BANGERA",
"877122","252401108","R","13021 KEARNS DR","LOT 8 BLK G CANTARRA SEC IIA-2","MYATHARI VISHAL",
"778202","252430207","R","13321 LISMORE LN","LOT 34 BLK Q CANTARRA SEC 1","SINGHANIA ANUJ & SAURABH GARG",
"778065","254400101","R","13600 CANTARRA DR","LOT 16 BLK J CANTARRA SEC 1","TIWARI ADITI SURENDRA & ",
"778070","254400106","R","3205 MILDURA CV","LOT 21 BLK J CANTARRA SEC 1","CHOWDHURY SRINIVAS & USHA J",
"852511","254400112","R","3200 HANDSOME DR","LOT 4 BLK J CANTARRA SEC IIB-1 SUBD","BORHANI ABBAS",
"863853","254400122","R","3205 ORTMAN DR","LOT 14 BLK J CANTARRA SEC IIIA","MOHAMMED ASIF & ZAREEN AFROZE",
"863877","254400219","R","3424 STEPHANS ST","LOT 7 BLK K CANTARRA SEC IIIA","REDDY CHANDRA PRAKASH",
"778079","254400304","R","13500 COOMER PATH","LOT 21 BLK L CANTARRA SEC 1","RAJESHAKSHAYADIVYA LIVING TRUST",
"852503","254400405","R","3109 HANDSOME DR","LOT 18 BLK I CANTARRA SEC IIB-1 SUBD","SRIVASTAVA VIBHORE",
"778101","254400501","R","3504 PERTH PASS","LOT 24 BLK M CANTARRA SEC 1","VEMPATY FAMILY TRUST",
"778109","254400509","R","13320 O ROURKE DR","LOT 32 BLK M CANTARRA SEC 1","NAIK BHARATKUMAR & JANKI",
"874078","254400616","R","3109 PEARLMAN DR","LOT 24 BLK H CANTARRA SEC IIA-1","POKHAREL BIMALA",
"778135","254400701","R","13300 CANTARRA DR","LOT 7 BLK R CANTARRA SEC 1","HAQUE NAFISA",
"852523","254400904","R","3012 ORTMAN DR","LOT 5 BLK C CANTARRA SEC IIB-1 SUBD","SATHEESH RUGMA & ASHOK ARUN",
"877084","254401033","R","13401 HENNEMAN DR","LOT 33 BLK E CANTARRA SEC IIA-2","DEVENDER FNU",
"852606","254401110","R","13420 HENNEMAN DR","LOT 10 BLK B CANTARRA SEC IIB-2 SUBD","VEMULA BALAJI & SIRISHA KOTHURI",
"863845","254401206","R","3304 ORTMAN DR","LOT 82 BLK M CANTARRA SEC IIIA","RADHAKRISHNAN VIGNESH",
"874104","254401302","R","13208 KEARNS DR","LOT 16 BLK D CANTARRA SEC IIA-1","AYACHUTHULA RAGHURAMA SARMA &",
"877140","254401411","R","3116 ROKEBY CV","LOT 5 BLK T CANTARRA SEC IIA-2","EPPAKAYALA SAMATHA &",
"874122","254401508","R","13304 CANTARRA DR","LOT 6 BLK R CANTARRA SEC IIA-1","SIAL MUNIR AHMAD & NASIRA S &",
"877092","254401608","R","13108 HENNEMAN DR","LOT 14 BLK A CANTARRA SEC IIA-2","RAI GAU B & DHANA R & RABIN RAI",
"778150","254430202","R","13405 LISMORE LN","LOT 2 BLK M CANTARRA SEC 1","RUTTALA VIKRANT &",
"778158","254430210","R","13513 LISMORE LN","LOT 10 BLK M CANTARRA SEC 1","SHETH TAPAN &",
"778161","254430213","R","13525 LISMORE LN","LOT 13 BLK M CANTARRA SEC 1","PATEL SARAH & CHIRAG",
"778165","254430217","R","13512 LISMORE LN","LOT 17 BLK M CANTARRA SEC 1","VANKADARA SUDHA R",
"863836","254430240","R","3532 ORTMAN DR","LOT 73 BLK M CANTARRA SEC IIIA","PANCHANATHAN SURESH",
"873925","256400102","R","13709 CANTARRA DR","LOT 85 BLK M CANTARRA SEC IIIB","BHANDARI RHUSHABH & ANKITA JAIN",
"874974","256400204","R","3311 BRYWOOD DR","LOT 3 BLK FF CANTARRA SEC IV","RAGHURAMAN KAPIL",
"874019","256400502","R","3103 CRYSTAL BEND DR","LOT 36 BLK C CANTARRA SEC IIIB","BHASKARABATLA VENKATA JAYAPRAKASH",
"874031","256400511","R","13911 BUNBURY CT","LOT 27 BLK C CANTARRA SEC IIIB","DOSHI JENIL",
"874036","256400516","R","13804 CANTARRA DR","LOT 22 BLK C CANTARRA SEC IIIB","LALL ABHIK KUMAR",
"875042","256400601","R","13900 HEYWOOD DR","LOT 11 BLK GG CANTARRA SEC IV","SINGH NEETI KUMARI",
"873946","256430209","R","3433 KOTCHE ST","LOT 14 BLK MM CANTARRA SEC IIIB","SANGHA SIMRAN",
"873981","256430319","R","3411 COUCH DR","LOT 101 BLK M CANTARRA SEC IIIB","EERABATHINI MANOHAR & MADHAVI",
"874979","256430705","R","3331 BRYWOOD DR","LOT 8 BLK FF CANTARRA SEC IV","NARENDRA HOSAHALLI",
"875006","256430821","R"," BELZER DR","LOT 3 BLK NN CANTARRA SEC IV","KUNTE ABHIJEET & RADHIKA",
"875049","256431106","R","13921 HEYWOOD DR","LOT 17 BLK II CANTARRA SEC IV","SRIDHARAN VAISHNAVI",
"875058","256431115","R","13928 HEIDHORN DR","LOT 8 BLK II CANTARRA SEC IV","HOQ MOHAMMED EHTESHAMUL & SABIRA SULTANA",
"875063","256431120","R","13908 HEIDHORN DR","LOT 3 BLK II CANTARRA SEC IV","KUNTE ABHIJEET & RADHIKA",
"868097","259311219","R","13903 STRIPLING LN","UNT 18 RETREAT AT HARRIS RIDGE CONDOMINIUMS PLUS .926 % INT IN COM AREA","PANDEY AMRITEYA",
"868116","259311238","R","1008 OBLIQUE DR","UNT 37 RETREAT AT HARRIS RIDGE CONDOMINIUMS PLUS .926 % INT IN COM AREA","PHADNIS NEELIMA & SHUBHADA SAXENA",
"868140","259311262","R","13908 MADRIGAL LN","UNT 61 RETREAT AT HARRIS RIDGE CONDOMINIUMS PLUS .926 % INT IN COM AREA","PILLAI VINAYAK",
"868144","259311266","R","13901 MADRIGAL LN","UNT 65 RETREAT AT HARRIS RIDGE CONDOMINIUMS PLUS .926 % INT IN COM AREA","AREPALLI NISHANTH & HARIKA VASIREDDY",
"868152","259311274","R","14005 MADRIGAL LN","UNT 73 RETREAT AT HARRIS RIDGE CONDOMINIUMS PLUS .926 % INT IN COM AREA","IYER SHYAM",
"868167","259311289","R","13903 CANTATA LN","UNT 88 RETREAT AT HARRIS RIDGE CONDOMINIUMS PLUS 0.926 % INT IN COM AREA","VARA PRASADA & JULIET",
"868172","259311294","R","14001 CANTATA LN","UNT 93 RETREAT AT HARRIS RIDGE CONDOMINIUMS PLUS .926 % INT IN COM AREA","ARIFUZZAMAN SHAFI",
"868173","259311295","R","14003 CANTATA LN","UNT 94 RETREAT AT HARRIS RIDGE CONDOMINIUMS PLUS .926 % INT IN COM AREA","PARASHER OM PRAKASH &",
"868175","259311297","R","14007 CANTATA LN","UNT 96 RETREAT AT HARRIS RIDGE CONDOMINIUMS PLUS .926 % INT IN COM AREA","MAREK SAIDA BEGUM",
"868182","259311304","R","13910 STRIPLING LN","UNT 103 RETREAT AT HARRIS RIDGE CONDOMINIUMS PLUS .926 % INT IN COM AREA","MISRA NAVENDU",
"714801","260300328","R","13704 HARRIS RIDGE BLVD","LOT 8 BLK A PARKWAY SUBDIVISION RSB LT 1 BLKS A-D & LT 13 BLK E","BRAR PARAMJIT K & SARDUL S",
"569501","260300802","R","13630 MERSEYSIDE DR","LOT 77 BLK A NORTHTOWN PARK SEC 8","SAHA JONY",
"862415","260330508","R","13709 HARRISGLENN DR","LOT 16 BLK C FORT DESSAU PHS 2","KHAREL SANTOSH",
"862383","260330604","R","1408 KLEE ST","LOT 6 BLK F FORT DESSAU PHS 2","BHATT SAMEER & SHASHIKALA LIVING",
"862377","260330805","R","13420 BAUHAUS BEND","LOT 4 BLK H FORT DESSAU PHS 2","JHA RAJESH",
"862380","260330808","R","13432 BAUHAUS BEND","LOT 1 BLK H FORT DESSAU PHS 2","DHILLON DILBAG S",
"874257","260330811","R","13308 BAUHAUS BEND","LOT 11 BLK H FORT DESSAU PHS 3","PATEL VIJAYKANT &",
"874258","260330812","R","13312 BAUHAUS BEND","LOT 10 BLK H FORT DESSAU PHS 3","JASTI SRINVAS & PRADEEPA KOSARAJU",
"862395","260330912","R","13521 BAUHAUS BEND","LOT 17 BLK G FORT DESSAU PHS 2","GUPTA SAURABH &",
"874260","260330923","R","13401 BAUHAUS BEND","LOT 28 BLK G FORT DESSAU PHS 3","KOTECHA SUYOG KISHOR",
"874264","260330927","R","13301 BAUHAUS BEND","LOT 32 BLK G FORT DESSAU PHS 3","DEEKSHITULU FAMILY REVOCABLE TRUST",
"862407","260331002","R","13725 HARRISGLENN DR","LOT 8 BLK E FORT DESSAU PHS 2","KHAN ASAFUR RAHMAN &",
"862408","260331003","R","13729 HARRISGLENN DR","LOT 7 BLK E FORT DESSAU PHS 2","VERMA KARAN",
"862409","260331004","R","13733 HARRISGLENN DR","LOT 6 BLK E FORT DESSAU PHS 2","MEESALA INDIRA &",
"862413","260331008","R","1416 FORT DESSAU RD","LOT 2 BLK E FORT DESSAU PHS 2","VARADARAJAN NARESH",
"874273","260331104","R","13813 HARRISGLENN DR","LOT 13 BLK D FORT DESSAU PHS 3","SELVARAJAN FAMILY REVOCABLE TRUST",
"874282","260360611","R","1533 MAIER DR","LOT 8 BLK A FORT DESSAU PHS 3","SHIVAKUMAR MONISHA",
"874285","260360614","R","1521 MAIER DR","LOT 11 BLK A FORT DESSAU PHS 3","KAPOOR FAMILY REVOCABLE TRUST",
"874286","260360615","R","1517 MAIER DR","LOT 12 BLK A FORT DESSAU PHS 3","PRIYA AND ARVIND RAJA TRUST",
"874289","260360618","R","1505 MAIER DR","LOT 15 BLK A FORT DESSAU PHS 3","TANEJA ALISHA",
"874292","260360621","R","1429 MAIER DR","LOT 18 BLK A FORT DESSAU PHS 3","RAJA FAMILY REVOCABLE TRUST",
"844462","260360806","R","1517 FORT DESSAU RD","LOT 6 BLK D FORT DESSAU PHS 1","GUPTA FAMILY REVOCABLE TRUST",
"874278","260360815","R","1516 MAIER DR","LOT 18 BLK D FORT DESSAU PHS 3","DHINU SANKAR S & MEERA G MENON",
"874281","260360818","R","1532 MAIER DR","LOT 21 BLK D FORT DESSAU PHS 3","DHINU SANKAR S & MEERA G MENON",
"844467","260360902","R","13721 BAUHAUS BEND","LOT 2 BLK C FORT DESSAU PHS 1","KOTHAKONDA MRIDULA",
"844492","260361005","R","13708 BAUHAUS BEND","LOT 6 BLK B FORT DESSAU PHS 1","MOHAN WISHWAS KUMAR GUMMANUR &",
"569563","262300151","R","13718 MERSEYSIDE DR","LOT 62 BLK A NORTHTOWN PARK SEC 8","VUTTALOORU SRILATHA & RAVI BOMMAKANTI",
"569572","262300160","R","13700 MERSEYSIDE DR","LOT 71 BLK A NORTHTOWN PARK SEC 8","GARG NITIN & RUCHI SHUKLA",
"569575","262300163","R","13636 MERSEYSIDE DR","LOT 74 BLK A NORTHTOWN PARK SEC 8","SIDDHARTHAN VENKATARAMANI",
"570137","262300724","R","13733 MERSEYSIDE DR","LOT 20 BLK E NORTHTOWN PARK SEC 8","VASUDEV BALU",
"714821","262330631","R","13908 HARRIS RIDGE BLVD","LOT 8 BLK C PARKWAY SUBDIVISION RSB LT 1 BLKS A-D & LT 13 BLK E","KOMATINENI ROHIT",
"714810","262331004","R","14112 HARRIS RIDGE BLVD","LOT 8 BLK D PARKWAY SUBDIVISION RSB LT 1 BLKS A-D & LT 13 BLK E","MORISETTI SIVARAMAKRISHNA",
"585688","262331214","R","900 FLATTERS WAY","LOT 12 BLK E PARKWAY SUBDIVISION","SUD ROHIT",
"585690","262331216","R","812 FLATTERS WAY","LOT 10 BLK E PARKWAY SUBDIVISION","GHARTI SABIN & RAJKUMARI JUGJALI",
"714833","262331344","R","14001 CAMBOURNE DR","LOT 1 BLK B PARKWAY SUBDIVISION RSB LT 1 BLKS A-D & LT 13 BLK E","BRAR PARAMJIT K & SARDUL S",
"753513","264331502","R","900 SEBASTIAN BND","UNT A BLD 51 PARKSIDE AT NORTHTOWN CONDOMINIUMS AMENDED PLUS .6944 % INT IN COM AREA","AHMED MANSOOR M & TAHNIYET SULTANA",
"753518","264331507","R","900 SEBASTIAN BND","UNT B BLD 53 PARKSIDE AT NORTHTOWN CONDOMINIUMS AMENDED PLUS .6944 % INT IN COM AREA","PRABHU SRIJITH N",
"756537","264331527","R","813 SEBASTIAN BND","UNT B BLD 35 PARKSIDE AT NORTHTOWN CONDOMINIUMS AMENDED PLUS 0.6944 % INT IN COM AREA","CHINTALA SREEKANTH & NANDINI D",
"756541","264331531","R","14517 HARRIS RIDGE BLVD","UNT B BLD 69 PARKSIDE AT NORTHTOWN CONDOMINIUMS AMENDED PLUS .6944 % INT IN COM AREA","PATEL RAFIQ R & SHELINA R",
"756544","264331534","R","14529 HARRIS RIDGE BLVD","UNT A BLD 72 PARKSIDE AT NORTHTOWN CONDOMINIUMS AMENDED PLUS .6944 % INT IN COM AREA","SHAIKH ELIAS & SMEENA KARMALLY",
"758787","264331544","R","14520 HARRIS RIDGE BLVD","UNT A BLD 28 PARKSIDE AT NORTHTOWN CONDOMINIUMS AMENDED PLUS .6944 % INT IN COM AREA","DAMALCHERUVU BHARAT KUMAR &",
"775427","264331606","R","14513 CHARLES DICKENS DR","UNT A BLD 47 PARKSIDE AT NORTHTOWN CONDOMINIUMS AMENDED PLUS .6944 % INT IN COM AREA","ELANGOVAN ARAVINDAN &",
"775428","264331607","R","14513 CHARLES DICKENS DR","UNT B BLD 47 PARKSIDE AT NORTHTOWN CONDOMINIUMS AMENDED PLUS .6944 % INT IN COM AREA","ELANGOVAN KALYANA &",
"785289","264331616","R","14604 WALT WHITMAN TR","UNT A BLD 60 PARKSIDE AT NORTHTOWN CONDOMINIUMS AMENDED PLUS .6944 % INT IN COM AREA","MAAN AMARBIR SINGH & RAVNEET DHALIWAL MAAN",
"785304","264331629","R","14609 WALT WHITMAN TR","UNT B BLD 66 PARKSIDE AT NORTHTOWN CONDOMINIUMS AMENDED PLUS 0.6944 % INT IN COM AREA","RAVENDRAN SHALINY A",
"786231","264331641","R","917 SEBASTIAN BND","UNT B BLD 4 PARKSIDE AT NORTHTOWN CONDOMINIUMS AMENDED PLUS .6944 % INT IN COM AREA","WAKANKAR SHARANG",
"786234","264331644","R","14416 LEWIS CARROLL LN","UNT A BLD 49 PARKSIDE AT NORTHTOWN CONDOMINIUMS AMENDED PLUS .6944 % INT IN COM AREA","SINGH BHUPENDER & SHIVANI CHOUDHARY",
"570163","264360717","R","1600 DARJEELING DR","LOT 14 BLK L GASTON-SHELDON SUBD SEC 5","DWARAKANATH USHA",
"570164","264360718","R","1524 DARJEELING DR","LOT 15 BLK L GASTON-SHELDON SUBD SEC 5","MANTRAVADI TAYABA YASMIN &",
"570165","264360719","R","1520 DARJEELING DR","LOT 16 BLK L GASTON-SHELDON SUBD SEC 5","KAPISTALAM GOVINDARAJAN R &",
"570179","264362115","R","1413 DARJEELING DR","LOT 8 BLK GG GASTON-SHELDON SUBD SEC 4","THIRUMALACHARI VIJAY A",
"570186","264362204","R","1513 DARJEELING DR","LOT 4 BLK EE GASTON-SHELDON SUBD SEC 5","AGARWAL ARCHI",
"585776","264362212","R","817 SWEET LEAF LN","LOT 10 BLK B BROOKFIELD ESTATES II","CHOWDHURY AHSAN H",
"585793","264362401","R","700 SWEET LEAF LN","LOT 15 BLK J BROOKFIELD ESTATES II","ARULSWAMY JOHNSON C KACHIKARAN &",
"585809","264362417","R","916 SWEET LEAF LN","LOT 3 BLK J BROOKFIELD ESTATES II","KOTHARI DHARA PANDYA",
"585817","264362425","R","808 SWEET LEAF LN","LOT 11 BLK J BROOKFIELD ESTATES II","RAPOLU MADHUKER",
"585821","264362503","R","1600 MORNING MIST LN","LOT 26 BLK I BROOKFIELD ESTATES II","PRAJAPATI KRISHNAKUMAR",
"585838","264362520","R","640 SWEET LEAF LN","LOT 1 BLK I BROOKFIELD ESTATES II","MOHAMMAD ABDUL N &",
"585839","264362521","R","636 SWEET LEAF LN","LOT 2 BLK I BROOKFIELD ESTATES II","MALAVE-JAINI MARYANN",
"585853","264362535","R","520 SWEET LEAF LN","LOT 16 BLK I BROOKFIELD ESTATES II","SUPINA SURANG",
"585951","264362954","R","1616 WHITTARD OF CHELSEA LN","LOT 54 BLK N BROOKFIELD ESTATES II","BUSHAN RATHNA & LAKSHMI &",
"585966","264363002","R","14805 LIPTON LN","LOT 4 BLK F BROOKFIELD ESTATES II","AHMAD LIN S & RIAZ TRUST",
"843733","264380432","R"," DESSAU RD","LOT 1 BLK A BUTTERCUP RETAIL","DESAI SAMIR & KIRTIBALA DESAI",
"585998","264381114","R","1821 GOLDEN SUNRISE LN","LOT 12 BLK D BROOKFIELD ESTATES II","BAROT AKASH",
"586020","264381308","R","300 SWEET LEAF LN","LOT 10 BLK H BROOKFIELD ESTATES II","GHOSH DIBYENDU & DOROTHY",
"750236","266260309","R","14204 LAKE VICTOR DR","LOT 61 BLK H LAKES OF NORTHTOWN SEC 1 AMD PLAT OF","PARAJULI PRADIP &",
"750241","266260314","R","14113 NARUNA WAY","LOT 56 BLK H LAKES OF NORTHTOWN SEC 1 AMD PLAT OF","KHADKA RAM & SHANTA",
"750218","266260404","R","14308 LAKE VICTOR DR","LOT 6 BLK A LAKES OF NORTHTOWN SEC 1 AMD PLAT OF","BATTULA SRINIVASA R &",
"758405","266260411","R","14400 LAKE VICTOR DR","LOT 10 BLK A LAKES AT NORTHTOWN SEC 2","VENKATARAM VANDANA & HARISH GORAVALINGAPPA",
"750226","266260502","R","14309 LAKE VICTOR DR","LOT 2 BLK C LAKES OF NORTHTOWN SEC 1 AMD PLAT OF","SHETH JAY & PAYAL SHAH",
"750227","266260503","R","14313 LAKE VICTOR DR","LOT 3 BLK C LAKES OF NORTHTOWN SEC 1 AMD PLAT OF","IYENGAR ARJUN & DEEPTHI PRASANNA",
"750242","266260603","R","925 MAHOMET DR","LOT 1 BLK B LAKES OF NORTHTOWN SEC 1 AMD PLAT OF","PURI SUBHASH & JANUKA",
"750253","266280106","R","820 MAHOMET DR","LOT 27 BLK C LAKES OF NORTHTOWN SEC 1 AMD PLAT OF","DOSHI PURAV",
"758432","266280111","R","913 WATSON WAY","LOT 8 BLK C LAKES AT NORTHTOWN SEC 2","VENKATARAM VANDANA & HARISH GORAVALINGAPPA",
"758445","266280124","R","801 WATSON WAY","LOT 21 BLK C LAKES AT NORTHTOWN SEC 2","TUMATI VENKATA & LAKSHMI S &",
"750281","266280210","R","801 MAHOMET DR","LOT 13 BLK B LAKES OF NORTHTOWN SEC 1 AMD PLAT OF","RIZVI SYED & SYEDA",
"750264","266280307","R","14217 NARUNA WAY","LOT 49 BLK H LAKES OF NORTHTOWN SEC 1 AMD PLAT OF","NEUPANE SHIVA P",
"750268","266280312","R","14313 NARUNA WAY","LOT 45 BLK H LAKES OF NORTHTOWN SEC 1 AMD PLAT OF","RIZVI MOHAMMED",
"758424","266280323","R","14509 NARUNA WAY","LOT 35 BLK H LAKES AT NORTHTOWN SEC 2","KURIAKOSE KURIAN & ELIZABETH",
"758430","266280329","R","14613 NARUNA WAY","LOT 29 BLK H LAKES AT NORTHTOWN SEC 2","SATHEESH SUHAS MYSORE &",
"758414","266280402","R","800 BETHEL WAY","LOT 11 BLK E LAKES AT NORTHTOWN SEC 2","PAHADI BISHNU HARI ETAL",
"758455","266280510","R","828 WATSON WAY","LOT 35 BLK D LAKES AT NORTHTOWN SEC 2","DHAKAL ANUSHA &",
"570370","266330220","R","15309 HYSON CROSSING","LOT 39 BLK V GASTON-SHELDON SUBD SEC 4","MOHANTA APARNA & SAMARESH",
"570375","266330310","R","15300 HYSON CROSSING","LOT 10 BLK W GASTON-SHELDON SUBD SEC 4","GOGULA SRINIVASAN",
"570400","266330514","R","15117 MANDARIN CROSSING","LOT 9 BLK X GASTON-SHELDON SUBD SEC 4","NARAYANNAN LATHA",
"570414","266330806","R","15024 VALERIAN TEA DR","LOT 12 BLK T GASTON-SHELDON SUBD SEC 4","ROY DIPANKAR",
"570417","266330809","R","15012 VALERIAN TEA DR","LOT 9 BLK T GASTON-SHELDON SUBD SEC 4","VISHWEKAR ADITYA CHANDRAKANT",
"570445","266330919","R","15037 VALERIAN TEA DR","LOT 34 BLK S GASTON-SHELDON SUBD SEC 4","AHUJA GAGAN & SAPNA",
"570466","266360410","R","1613 DARJEELING DR","LOT 11 BLK EE GASTON-SHELDON SUBD SEC 5","QAYUM ABDUL & RAHILA & SOMAYIA",
"586061","266360432","R","709 SWEET LEAF LN","LOT 18 BLK B BROOKFIELD ESTATES II","MOHAMMAD ABDUL NAJEEB &",
"570491","266360611","R","1100 PEPPERMINT TRL","LOT 39 BLK T GASTON-SHELDON SUBD SEC 5","KUNTE ABHIJEET",
"570522","266360710","R","1009 PEPPERMINT TRL","LOT 45 BLK S GASTON-SHELDON SUBD SEC 5","BAVANANDAM SUGITHA &",
"570534","266360722","R","1112 CORONATION WAY","LOT 8 BLK S GASTON-SHELDON SUBD SEC 5","HATHAWAY SAILAJA",
"570563","266360822","R","15205 HYSON CROSSING","LOT 33 BLK V GASTON-SHELDON SUBD SEC 4","GAWANE MAHENDRA D",
"570597","266361014","R","15317 LADY ELIZABETHS LN","LOT 14 BLK P GASTON-SHELDON SUBD SEC 5","RAHMAN WALIUR",
"570599","266361016","R","15325 LADY ELIZABETHS LN","LOT 16 BLK P GASTON-SHELDON SUBD SEC 5","GALUSHA-PATEL MARA A K",
"570600","266361101","R","15120 HYSON CROSSING","LOT 18 BLK W GASTON-SHELDON SUBD SEC 4","GONSAL JOSEPH & NILANJANI",
"570635","266361312","R","15228 MANDARIN CROSSING","LOT 12 BLK M GASTON-SHELDON SUBD SEC 4","MURSHED KHWAJA GHULAN",
"786829","268260103","R","14413 LAKE VICTOR DR","LOT 4 BLK D LAKES AT NORTHTOWN SEC 3","ADHIKARI PRANAY RAJ &",
"786830","268260104","R","14417 LAKE VICTOR DR","LOT 5 BLK D LAKES AT NORTHTOWN SEC 3","DHUNGEL SHIV PRASAD",
"786833","268260107","R","1001 BETHEL WAY","LOT 8 BLK D LAKES AT NORTHTOWN SEC 3","VENKATARAM VANDANA &",
"786822","268260201","R","14428 LAKE VICTOR DR","LOT 17 BLK A LAKES AT NORTHTOWN SEC 3","VEERA KUNAL & SNEHA KHOBRAGADE",
"786826","268260205","R","14412 LAKE VICTOR DR","LOT 13 BLK A LAKES AT NORTHTOWN SEC 3","KHATIWADA BIDUR MANI &",
"795284","268260211","R","14520 LAKE VICTOR DR","LOT 23 BLK A LAKES AT NORTHTOWN SEC 4","SANGAMESWARAN SUNDARAM &",
"807749","268260220","R","1108 STRICKLING DR","LOT 46 BLK A LAKES AT NORTHTOWN SEC 5 THE","GATTU SRINIVAS & SUNITA ELIGATE",
"807750","268260221","R","1112 STRICKLING DR","LOT 45 BLK A LAKES AT NORTHTOWN SEC 5 THE","BIMALI RANJU & PRADIP PARAJULI",
"807752","268260223","R","1120 STRICKLING DR","LOT 43 BLK A LAKES AT NORTHTOWN SEC 5 THE","DHAKAL ANUSHA &",
"807767","268260236","R","14620 LAKE VICTOR DR","LOT 30 BLK A LAKES AT NORTHTOWN SEC 5 THE","RICALDE TONANTZIN  & ALDO",
"807768","268260237","R","14616 LAKE VICTOR DR","LOT 29 BLK A LAKES AT NORTHTOWN SEC 5 THE","KULKARNI SACHIN",
"795218","268260307","R","14501 LAKE VICTOR DR","LOT 2 BLK F LAKES AT NORTHTOWN SEC 4","KHADKA RAMESH",
"795222","268260311","R","14517 LAKE VICTOR DR","LOT 6 BLK F LAKES AT NORTHTOWN SEC 4","GIRI LALIT RAJ & MEETRA KALA BOHARA",
"795225","268260313","R","1021 OATMEAL DR","LOT 8 BLK F LAKES AT NORTHTOWN SEC 4","AHUJA RANEETA",
"795227","268260315","R","1013 OATMEAL DR","LOT 10 BLK F LAKES AT NORTHTOWN SEC 4","HARISH KEERTHAN",
"795270","268260402","R","1012 OATMEAL DR","LOT 40 BLK G LAKES AT NORTHTOWN SEC 4","TRIVEDI BHARTENDU LIVING TRUST",
"795276","268260408","R","1036 OATMEAL DR","LOT 46 BLK G LAKES AT NORTHTOWN SEC 4","KURIAN JOSE & FNU JAINAM KALARIPARAMPIL",
"807772","268260413","R","14705 LAKE VICTOR DR","LOT 5 BLK G LAKES AT NORTHTOWN SEC 5 THE","NEUPANE KUL R & RACHANA SHARMA",
"758467","268280103","R","808 OATMEAL DR","LOT 26 BLK H LAKES AT NORTHTOWN SEC 2","TEKCHANDANI RAVI",
"795253","268280108","R","828 OATMEAL DR","LOT 21 BLK H LAKES AT NORTHTOWN SEC 4","SATTAR SHAYER",
"807797","268280114","R","14713 FAIRLAND DR","LOT 16 BLK H LAKES AT NORTHTOWN SEC 5 THE","ISMAIL IMRAN & TAUQUEER ABDUL QADIR",
"795243","268280206","R","833 OATMEAL DR","LOT 3 BLK E LAKES AT NORTHTOWN SEC 4","KHUNTI ANUJA",
"795232","268280309","R","929 OATMEAL DR","LOT 15 BLK F LAKES AT NORTHTOWN SEC 4","SAMBASIVAN RAMAMURTHY TRUST",
"795266","268280510","R","1000 OATMEAL DR","LOT 37 BLK G LAKES AT NORTHTOWN SEC 4","GAUTAM LOK & SUBASANA",
"807793","268280521","R","909 STRICKLING DR","LOT 25 BLK G LAKES AT NORTHTOWN SEC 5 THE","SHARMA SANKATE & DEEPA SINGH",
"869437","268280609","R","14802 PEREGRINE DR","LOT 13 BLK B COTTAGES AT BEAVER CREEK PHS 1 AMD","VETHAMANICKAM SILKSON &",
"869446","268280618","R","14614 PEREGRINE DR","LOT 22 BLK B COTTAGES AT BEAVER CREEK PHS 1 AMD","CHAWLA SARINA",
"869452","268280624","R","919 THRASHER GLADE DR","LOT 28 BLK B COTTAGES AT BEAVER CREEK PHS 1 AMD","KOTHAPALLI JAYADEV",
"869456","268280628","R","907 THRASHER GLADE DR","LOT 31 BLK B COTTAGES AT BEAVER CREEK PHS 1 AMD","MEHMOOD ABID ",
"869462","268280634","R","711 THRASHER GLADE DR","LOT 37 BLK B COTTAGES AT BEAVER CREEK PHS 1 AMD","SHARMA VISHAL",
"869491","268280709","R","14613 GOSHAWK DR","LOT 4 BLK G COTTAGES AT BEAVER CREEK PHS 1 AMD","GURUNG KRITAN B & SUSHMA",
"869492","268280710","R","14615 GOSHAWK DR","LOT 3 BLK G COTTAGES AT BEAVER CREEK PHS 1 AMD","CHADHA RAVINDER & JASMIN",
"869493","268280711","R","14617 GOSHAWK DR","LOT 2 BLK G COTTAGES AT BEAVER CREEK PHS 1 AMD","BHATNAGAR SAGAR",
"869482","268280803","R","14618 GOSHAWK DR DR","LOT 3 BLK F COTTAGES AT BEAVER CREEK PHS 1 AMD","KHAREL ROSHAN &",
"869483","268280804","R","14616 GOSHAWK DR DR","LOT 4 BLK F COTTAGES AT BEAVER CREEK PHS 1 AMD","AIYAPPAN NAGALAKSHMI",
"869484","268280805","R","14614 GOSHAWK DR","LOT 5 BLK F COTTAGES AT BEAVER CREEK PHS 1 AMD","TIMSINA RENUKA D & VASKAR",
"869473","268280806","R","14612 GOSHAWK DR","LOT 6 BLK F COTTAGES AT BEAVER CREEK PHS 1 AMD","RIZVI BATOOL & SYED I RIZVI &",
"869474","268280807","R","14610 GOSHAWK DR","LOT 7 BLK F COTTAGES AT BEAVER CREEK PHS 1 AMD","KARKI BIKRAM & BISMITA KC",
"869465","268280812","R","708 THRASHER GLADE DR","LOT 12 BLK F COTTAGES AT BEAVER CREEK PHS 1 AMD","HOSSAIN MOHAMMED MANWAR",
"869488","268280901","R","14701 BEDSTRAW DR","LOT 1 BLK A COTTAGES AT BEAVER CREEK PHS 1 AMD","RATHNAM VASANTHA KUMAR & SUMITRA VASANTHA",
"878164","268280906","R","14707 BEDSTRAW DR","LOT 4 BLK A COTTAGES AT BEAVER CREEK PHS 2","KADARIYA BIPIN &",
"878168","268280910","R","14715 BEDSTRAW DR","LOT 8 BLK A COTTAGES AT BEAVER CREEK PHS 2","SREELATHA RAM KUMAR BALACHANDRAN &",
"878170","268280912","R","602 SCREECH OWL DR","LOT 10 BLK A COTTAGES AT BEAVER CREEK PHS 2","DUTTA ESHA",
"878172","268280914","R","606 SCREECH OWL DR","LOT 12 BLK A COTTAGES AT BEAVER CREEK PHS 2","KHATIWADA SUDIP &",
"878173","268280915","R","608 SCREECH OWL DR","LOT 13 BLK A COTTAGES AT BEAVER CREEK PHS 2","SUBEDI PRAKASH & SADHANA SUBEDI",
"878175","268280917","R","700 SCREECH OWL DR","LOT 15 BLK A COTTAGES AT BEAVER CREEK PHS 2","PRADHAN RAM CHANDRA & DHAN PRADHAN",
"878183","268280925","R","804 SCREECH OWL DR","LOT 23 BLK A COTTAGES AT BEAVER CREEK PHS 2","CHOWDHURY ZAFAR & TUHIN &",
"878184","268280926","R","806 SCREECH OWL DR","LOT 24 BLK A COTTAGES AT BEAVER CREEK PHS 2","MALLA RAGHU BAM",
"869407","268281004","R","907 SCREECH OWL DR","LOT 1 BLK C COTTAGES AT BEAVER CREEK PHS 1 AMD","MEKALA HANUMANTHA RAO &",
"869408","268281005","R","905 SCREECH OWL DR","LOT 2 BLK C COTTAGES AT BEAVER CREEK PHS 1 AMD","DUTTA ANIRUP",
"869409","268281006","R","903 SCREECH OWL DR","LOT 3 BLK C COTTAGES AT BEAVER CREEK PHS 1 AMD","LOHANI KSHITIJ",
"869410","268281007","R","901 SCREECH OWL DR","LOT 4 BLK C COTTAGES AT BEAVER CREEK PHS 1 AMD","VARADARAJAN  NARESH KUMAR",
"869411","268281008","R","813 SCREECH OWL DR","LOT 5 BLK C COTTAGES AT BEAVER CREEK PHS 1 AMD","UPRETI NILKANTHA &",
"869412","268281009","R","811 SCREECH OWL DR","LOT 6 BLK C COTTAGES AT BEAVER CREEK PHS 1 AMD","THAPA REMAN &",
"878152","268281014","R","801 SCREECH OWL DR","LOT 11 BLK C COTTAGES AT BEAVER CREEK PHS 2","UPRETY PAWAN & SIMPI MARASINEE",
"878153","268281015","R","709 SCREECH OWL DR","LOT 12 BLK C COTTAGES AT BEAVER CREEK PHS 2","RAMACHANDRAN KUMARI &",
"878154","268281016","R","707 SCREECH OWL DR","LOT 13 BLK C COTTAGES AT BEAVER CREEK PHS 2","POKHAREL GANESH P & SHUVADRA A",
"878144","268281037","R","902 SOLITUDE DR DR","LOT 35 BLK C COTTAGES AT BEAVER CREEK PHS 2","SANKARAN BHARATHWAJ & SARAYU RAGHUNANDAN",
"878145","268281038","R","904 SOLITUDE DR DR","LOT 36 BLK C COTTAGES AT BEAVER CREEK PHS 2","ROY SUKDEB & MIRA MAZUMDER",
"878146","268281039","R","906 SOLITUDE DR","LOT 37 BLK C COTTAGES AT BEAVER CREEK PHS 2","KARNAWAT SUKET",
"878147","268281040","R","908 SOLITUDE DR DR","LOT 38 BLK C COTTAGES AT BEAVER CREEK PHS 2","PANWAR DEEPAK & NIDHI NAYYAR",
"878119","268281108","R","907 SOLITUDE DR DR","LOT 4 BLK D COTTAGES AT BEAVER CREEK PHS 2","TALATI FAMILY REVOCABLE TRUST",
"878126","268281115","R","813 SOLITUDE DR DR","LOT 11 BLK D COTTAGES AT BEAVER CREEK PHS 2","SHRESTHA GUDDU & NABARAJ",
"878127","268281116","R","811 SOLITUDE DR DR","LOT 12 BLK D COTTAGES AT BEAVER CREEK PHS 2","MISTRY HARDIK ANIL & NISHI A LAD",
"878112","268281124","R","900 SAWBUCK DR DR","LOT 26 BLK D COTTAGES AT BEAVER CREEK PHS 2","GHIMIRE SANTOSH &",
"878106","268281130","R","804 SAWBUCK DR DR","LOT 20 BLK D COTTAGES AT BEAVER CREEK PHS 2","RAJAGOPALAN FAMILY REVOCABLE TRUST",
"869419","268281202","R","800 THRASHER GLADE DR","LOT 14 BLK E COTTAGES AT BEAVER CREEK PHS 1 AMD","VAHORA MOHAMADSHAFI &",
"869425","268281208","R","904 THRASHER GLADE DR","LOT 20 BLK E COTTAGES AT BEAVER CREEK PHS 1 AMD","GHIMIRE KEDAR & ANJANA",
"869428","268281211","R","910 THRASHER GLADE DR","LOT 23 BLK E COTTAGES AT BEAVER CREEK PHS 1 AMD","SHAH ASHOK",
"878096","268281217","R","907 SAWBUCK DR DR","LOT 4 BLK B COTTAGES AT BEAVER CREEK PHS 2","MURALIDHARAN VIKRAM",
"878098","268281219","R","903 SAWBUCK DR DR","LOT 6 BLK B COTTAGES AT BEAVER CREEK PHS 2","DANGI SHARMILA &",
"878099","268281220","R","901 SAWBUCK DR DR","LOT 7 BLK B COTTAGES AT BEAVER CREEK PHS 2","BHANDARI KEDAR P & SABITRA",
"878101","268281222","R","809 SAWBUCK DR","LOT 9 BLK B COTTAGES AT BEAVER CREEK PHS 2","KHATIWADA TIRTHA R & BINJU KARKI",
"878104","268281225","R","803 SAWBUCK DR","LOT 12 BLK B COTTAGES AT BEAVER CREEK PHS 2","SUBEDI KHAGENDRA & BHAGAWATI",
"779146","268361741","R","1020 E WELLS BRANCH PKWY","LOT 2 BLK A GODDARD SCHOOL SUBD","SIDDHIHI LLC",
"728170","268401327","R","15711 DESSAU RD","LOT 2 BLK B WUTHRICH HILL FARMS SEC 1","STRATEGIC HOUSING FINANCE CORP",
"869398","270280410","R","908 SCREECH OWL DR","LOT 6 BLK B COTTAGES AT BEAVER CREEK PHS 1 AMD","KHATIWADA MADHABA &",
"758032","272550108","R","17529 SILENT HARBOR LOOP","LOT 8 BLK SS VILLAGES OF HIDDEN LAKE PHS 6A-1 THE","MADABHUSHI SHARANYA & KRISHNA",
"757933","272550302","R","17900 CALM HARBOR DR","LOT 12 BLK PP VILLAGES OF HIDDEN LAKE PHS 5A THE","YADAV SANDEEP S & RITU",
"736361","272570101","R","18001 MASI LOOP","LOT 11 BLK MM VILLAGES OF HIDDEN LAKE PHS 5B THE","SHAH DHARINI & RUSHIL SACHIN SHAH",
"844402","272570307","R","16205 MARCELLO DR","LOT 56 BLK B SORENTO PHS 2","GOYAL ANKIT & AKANKSHA NIGAM",
"844405","272570310","R","16217 MARCELLO DR","LOT 59 BLK B SORENTO PHS 2","WAWDHANE SUNIL RAMDASRAO &",
"844407","272570312","R","16225 MARCELLO DR","LOT 61 BLK B SORENTO PHS 2","GOWDA KARTHIK SHYADANAHALLI MADEVE",
"849555","272590106","R","16504 PALLAZO DR","LOT 20 BLK E SORENTO PHS 1","GHIMIRE DINESH &",
"849556","272590107","R","16500 PALLAZO DR","LOT 21 BLK E SORENTO PHS 1","KARMAKAR RANJAN",
"841001","272590201","R","16417 PALLAZO DR","LOT 5 BLK F SORENTO PHS 1","KANTHARAJ SANTOSH",
"841004","272590204","R","16501 PALLAZO DR","LOT 8 BLK F SORENTO PHS 1","SARAF VIKRAM",
"870307","272590219","R","16424 PIENZA DR","LOT 22 BLK F SORENTO PHS 3","CHAUDHARY ARNAV",
"870308","272590220","R","16420 PIENZA DR","LOT 23 BLK F SORENTO PHS 3","BASARKAR MANGESH & DIVYA BHIDE",
"841013","272590303","R","18505 APPLIO CLAUDIO DR","LOT 4 BLK I SORENTO PHS 1","SRIDHAR ARJUN RAJ PRABU ANDHRA &",
"870270","272590315","R","18413 APPLIO CLAUDIO DR","LOT 7 BLK I SORENTO PHS 3","RAJENDRAN JAYAPRIYA & ILAYARAJA ESACKIMUTHU NADAR",
"844378","272590508","R","18308 ORVIETO DR","LOT 20 BLK D SORENTO PHS 2","RAJAMANI ARUN VISWANATH &",
"844381","272590511","R","18301 BASSANO AVE","LOT 17 BLK D SORENTO PHS 2","PATEL SANKET & BHUMIKABEN PATEL",
"844383","272590513","R","18309 BASSANO AVE","LOT 15 BLK D SORENTO PHS 2","DEV VISHNU CHERUSOLA & DEVIKA",
"870278","272590608","R","16425 PIENZA DR","LOT 7 BLK G SORENTO PHS 3","CHINTALAPANI USHA REDDY",
"870289","272590618","R","16444 VESCOVO LN","LOT 17 BLK G SORENTO PHS 3","WATVE LAUKIK & SAMPADA SONALKAR",
"870293","272590622","R","16428 VESCOVO LN","LOT 21 BLK G SORENTO PHS 3","SHAH SHREYA M &",
"870296","272590625","R","16416 VESCOVO LN","LOT 24 BLK G SORENTO PHS 3","GOYAL ANKUR & NUPUR",
"870230","272590704","R","16409 VESCOVO LN","LOT 3 BLK H SORENTO PHS 3","NAGA PRAVEEN NEPPALI",
"870231","272590705","R","16413 VESCOVO LN","LOT 4 BLK H SORENTO PHS 3","TANDON ASHIT & SHEETAL VARTAK",
"870234","272590708","R","16425 VESCOVO LN","LOT 7 BLK H SORENTO PHS 3","MEHRA MANAN",
"870239","272590713","R","16445 VESCOVO LN","LOT 12 BLK H SORENTO PHS 3","GARIMELLA-KONERU FAMILY TRUST",
"870242","272590716","R","16505 VESCOVO LN","LOT 15 BLK H SORENTO PHS 3","PANDEY DINESH & KABITA KANDEL",
"870246","272590719","R","16512 MARCELLO DR","LOT 18 BLK H SORENTO PHS 3","ASLAM MUHAMMAD RIZWAN",
"870217","272590905","R","16417 MARCELLO DR","LOT 4 BLK N SORENTO PHS 3","RAVIPATI OM PRAKASH &",
"796024","274331003","R","302 N HEATHERWILDE BLVD","UNT 200 HEATHERWILDE PROFESSIONAL CONDOMINIUMS PLUS 42.68 % INT IN COM AREA","SALUNKE SUPARNA & ABHAY SALUNKE",
"849830","274360126","R","111 HOMILY DR","LOT 7 BLK A CARRINGTON COURT","RAHA ADIT RATAN",
"849831","274360127","R","113 HOMILY DR","LOT 8 BLK A CARRINGTON COURT","VENKATACHALAM MOHAN &",
"849839","274360134","R","201 HOMILY DR","LOT 15 BLK A CARRINGTON COURT","RAJAGOPALAN ARUN &",
"849859","274360152","R","209 PARABLE CV","LOT 30 BLK B CARRINGTON COURT","KHAN NAEEM & JEHAN ARA",
"849866","274360159","R","307 EPIPHANY LN LN","LOT 23 BLK B CARRINGTON COURT","NITTALA VIDYA & RAMA KRISHNA",
"849868","274360161","R","311 EPIPHANY LN LN","LOT 21 BLK B CARRINGTON COURT","PAVITHRAPU SRIDHAR",
"849882","274360175","R","417 EPIPHANY LN LN","LOT 7 BLK B CARRINGTON COURT","BISWAS ARIJIT DAS & SURVI KYAL",
"849885","274360177","R","421 EPIPHANY LN LN","LOT 5 BLK B CARRINGTON COURT","KARUMURI ARUNA S",
"849886","274360178","R","423 EPIPHANY LN LN","LOT 4 BLK B CARRINGTON COURT","PANDEY KRISHNA KUMAR & REETA PANDEY",
"849889","274360181","R","429 EPIPHANY LN LN","LOT 1 BLK B CARRINGTON COURT","BAPAT DAHASAHASRA TRUST",
"849939","274360618","R","123 ADAGE DR","LOT 31 BLK D CARRINGTON COURT","DESAI NILAY",
"849941","274360620","R","127 ADAGE DR","LOT 33 BLK D CARRINGTON COURT","VENKAT GANESH &",
"849951","274360629","R","120 HOMILY DR DR","LOT 20 BLK D CARRINGTON COURT","SHAH DHAWAL P & NIRAV PANDYA &",
"849892","274360704","R","420 EPIPHANY LN","LOT 3 BLK C CARRINGTON COURT","KANDUKURI AVINASH",
"849893","274360705","R","418 EPIPHANY LN LN","LOT 4 BLK C CARRINGTON COURT","PRODHUTOORI SADGUNANADA REDDY",
"849894","274360706","R","416 EPIPHANY LN LN","LOT 5 BLK C CARRINGTON COURT","KANTIPUDI SRIRAMA L & RAMA",
"849898","274360710","R","408 EPIPHANY LN LN","LOT 9 BLK C CARRINGTON COURT","DENDUKURI ABHISHEK",
"849905","274360716","R","401 RHETORIC WAY","LOT 15 BLK C CARRINGTON COURT","UDDIN SONYA",
"849906","274360717","R","403 RHETORIC WAY","LOT 16 BLK C CARRINGTON COURT","ADAM LIPPHEI CHANDRA",
"849908","274360719","R","407 RHETORIC WAY","LOT 18 BLK C CARRINGTON COURT","BASIREDDY PRARTHANA",
"849911","274360722","R","413 RHETORIC WAY","LOT 21 BLK C CARRINGTON COURT","BANDA PRAGATI",
"849912","274360723","R","415 RHETORIC WAY","LOT 22 BLK C CARRINGTON COURT","YAKKANTI SRIDHAR & PRATHIMA",
"849914","274360725","R","419 RHETORIC WAY","LOT 24 BLK C CARRINGTON COURT","YAKKANTI SRIDHAR & PRATHIMA",
"849916","274360727","R","423 RHETORIC WAY","LOT 26 BLK C CARRINGTON COURT","SHEIKH MOHSIN",
"849979","274360807","R","126 ADAGE DR","LOT 24 BLK E CARRINGTON COURT","MISTRY ANIL & SHELA PATEL",
"849984","274360812","R","116 ADAGE DR DR","LOT 19 BLK E CARRINGTON COURT","VENKATACHALAM BALAJI & MEERA",
"849985","274360813","R","114 ADAGE DR DR","LOT 18 BLK E CARRINGTON COURT","NITTALA RAMA K & VIDYA K",
"699481","274550101","R","18412 DAWSON CREEK DR","LOT 3 BLK Y VILLAGES OF HIDDEN LAKE PHS 3A THE","MANIKCHAND MANOJ KUMAR &",
"699494","274550201","R","4013 LAKE EDGE WAY","LOT 1 BLK AA VILLAGES OF HIDDEN LAKE PHS 3A THE","MUKHERJEE SUDEEP & SHAMPA MALLICK",
"757998","274550306","R","17313 SILENT HARBOR LOOP","LOT 6 BLK QQ VILLAGES OF HIDDEN LAKE PHS 6A-1 THE","CHANDRASEKAR SATHYA &",
"758004","274550312","R","17401 SILENT HARBOR LOOP","LOT 12 BLK QQ VILLAGES OF HIDDEN LAKE PHS 6A-1 THE","SINGH AJAY PAUL & RINKI BURAGOHAIN",
"758009","274550317","R","17421 SILENT HARBOR LOOP","LOT 17 BLK QQ VILLAGES OF HIDDEN LAKE PHS 6A-1 THE","CHANDY PRAVEEN KOCHARACKAL &",
"843883","274550321","R","3705 WETLAND DR","LOT 8 BLK UU VILLAGES OF HIDDEN LAKE PHS 6B-2 THE","YUSUFALI MOHAMED",
"843886","274550324","R","3717 WETLAND DR","LOT 11 BLK UU VILLAGES OF HIDDEN LAKE PHS 6B-2 THE","CHAUDHARY APOORV",
"757879","274550404","R","17921 SILENT HARBOR LOOP","LOT 43 BLK SS VILLAGES OF HIDDEN LAKE PHS 5A THE","SINGH VIKRAMJIT",
"757893","274550418","R","18101 SILENT HARBOR LOOP","LOT 57 BLK SS VILLAGES OF HIDDEN LAKE PHS 5A THE","YADAV-ROY FAMILY LIVING TRUST",
"757905","274550511","R","17916 MISTY HARBOR DR","LOT 23 BLK OO VILLAGES OF HIDDEN LAKE PHS 5A THE","KODALI RAVINDRA & SHALINI",
"758020","274550522","R","17320 SILENT HARBOR LOOP","LOT 5 BLK OO VILLAGES OF HIDDEN LAKE PHS 6A-1 THE","PETTA BALA V VASANTHA KUMAR &",
"757908","274550601","R","18016 CALM HARBOR DR","LOT 20 BLK PP VILLAGES OF HIDDEN LAKE PHS 5A THE","AGRAWAL REJEEVA & POONAM",
"699434","274570108","R","4121 BANDICE LN","LOT 46 BLK P VILLAGES OF HIDDEN LAKE PHS 3A THE","PAI HARSH UMESH",
"699451","274570125","R","4417 BANDICE LN","LOT 29 BLK P VILLAGES OF HIDDEN LAKE PHS 3A THE","BANDUGULA NITIN CHANDRA & MALINI KO",
"718394","274570304","R","4324 HIDDEN PARK DR","LOT 17 BLK T VILLAGES OF HIDDEN LAKE PHS 3B THE","KARLA RAJANISH REDDY &",
"736388","274570815","R","17712 MASI LOOP","LOT 59 BLK BB VILLAGES OF HIDDEN LAKE PHS 5B THE","VARA PRASADA & JULIET VARRA",
"737079","274570910","R","4525 TIDDLE LN","LOT 10 BLK CC VILLAGES OF HIDDEN LAKE PHS 4C THE","TIRUVAIPATI SUSHANTH & DEEPIKARANI PARAMESWARAPPA",
"737082","274570913","R","4537 TIDDLE LN","LOT 13 BLK CC VILLAGES OF HIDDEN LAKE PHS 4C THE","GUNTURU VAMSIDHAR DATTA & SUNAYANA",
"718448","274571004","R","18313 LAKE EDGE CT","LOT 4 BLK BB VILLAGES OF HIDDEN LAKE PHS 3B THE","CHAUDHARY RAJEEV",
"718659","274571015","R","18328 MASI LOOP","LOT 15 BLK BB VILLAGES OF HIDDEN LAKE PHS 4B THE","NAREDDY POOJASWI & SHASHANK VARDHAN NALLA",
"718744","274571126","R","18413 MASI LOOP","LOT 5 BLK GG VILLAGES OF HIDDEN LAKE PHS 4B THE","KUMAR KIRAN & BINA VISWANATH",
"718682","274571301","R","18301 HEES LN","LOT 9 BLK HH VILLAGES OF HIDDEN LAKE PHS 4B THE","JAIN RAJESH",
"736454","274571403","R","4709 RANDIG LN","LOT 3 BLK LL VILLAGES OF HIDDEN LAKE PHS 5B THE","SHAH NEHAL & NIDHI THAKER",
"737114","274590103","R","4632 TIDDLE LN","LOT 24 BLK JJ VILLAGES OF HIDDEN LAKE PHS 4C THE","ADAPA VENKAT",
"840932","274590316","R","16416 AVENTURA AVE","LOT 8 BLK A SORENTO PHS 1","MUKHERJEE SUPARNA & DIPONKER",
"840943","274590403","R","16208 CANTANIA CV","LOT 3 BLK B SORENTO PHS 1","GOEL AMIT & GARIMA",
"840951","274590411","R","16244 CANTANIA CV","LOT 11 BLK B SORENTO PHS 1","PATEL SUNNY ASHWINKUMAR",
"840956","274590416","R","16229 CANTANIA CV","LOT 15 BLK B SORENTO PHS 1","SRIRAM SRIKAR",
"840958","274590418","R"," CANTANIA CV","LOT 17 BLK B SORENTO PHS 1","RAVI SRILAKSHMI & VINAY PARACHURI",
"844353","274590444","R","18332 BASSANO AVE","LOT 42 BLK B SORENTO PHS 2","ABRAHAM VANI SARAH",
"840966","274590503","R","18501 BASSANO AVE","LOT 3 BLK D SORENTO PHS 1","SINGH SATENDRA PAL & POORVI BHADORI",
"844356","274590513","R","18401 BASSANO AVE","LOT 7 BLK D SORENTO PHS 2","PATEL-KANA FAMILY TRUST &",
"844357","274590514","R","18405 BASSANO AVE","LOT 6 BLK D SORENTO PHS 2","NAGARAJ MANEESH ANAND KRISHNAPURAM & DEEPA VILLAPAKKAM",
"844358","274590515","R","18404 ORVIETO DR","LOT 29 BLK D SORENTO PHS 2","SINGHAL YATIN & SAPNA SIGNAL",
"840979","274590606","R","16404 PALLAZO DR","LOT 27 BLK E SORENTO PHS 1","KANDIMALLA NARAYANA S",
"875880","274650103","R","19200 ELK HORN DR","LOT 18 BLK L VERONA SEC 1","PATEL BHAVIKA AXIT & AXIT S",
"733725","275600624","R","19201 MANGAN WAY","UNT D5 PHS 1 SEC A RESERVE AT WESTCREEK AMENDED PLUS .1677 % INT IN COM AREA","TAYSHETE PRATHAMESH",
"733734","275600633","R","17625 BRIDGEFARMER BLVD","UNT C11 PHS 1 SEC A RESERVE AT WESTCREEK AMENDED PLUS .1677 % INT IN COM AREA","NAVEED SHABANA",
"733789","275600688","R","17604 BRIDGEFARMER BLVD","UNT B10 PHS 7 SEC A RESERVE AT WESTCREEK AMENDED PLUS .1677 % INT IN COM AREA","POKHREL SHARAD & MIRA",
"733811","275600711","R","19013 MANGAN WAY","UNT D21 PHS 1 SEC A RESERVE AT WESTCREEK AMENDED PLUS .1677 % INT IN COM AREA","GORE RAJESH L & DARSHANA R",
"733824","275600724","R","19109 LEIGH LN","UNT E10 PHS 1 SEC A RESERVE AT WESTCREEK AMENDED PLUS .1677 % INT IN COM AREA","BHALERAO RICHIL & SHWETA JOSHI",
"733849","275600749","R","17440 BRIDGEFARMER BLVD","UNT B24 PHS 1 SEC A RESERVE AT WESTCREEK AMENDED PLUS .1677 % INT IN COM AREA","RAHMAN MOHAMMAD SAZEDUR",
"733876","275600776","R","19145 LEIGH LN","UNT E1 PHS 1 SEC A RESERVE AT WESTCREEK AMENDED PLUS .1677 % INT IN COM AREA","JAIN SANJEEV & SHWETA JAIN",
"733927","275600828","R","18824 MANGAN WAY","UNT L48 PHS 1 SEC A RESERVE AT WESTCREEK AMENDED PLUS .1677 % INT IN COM AREA","NATCHIMUTHU ANBALAGAN & LAVANYA",
"733959","275600860","R","17312 BRIDGEFARMER BLVD","UNT B42 PHS 1 SEC A RESERVE AT WESTCREEK AMENDED PLUS .1677 % INT IN COM AREA","SAHA SANAT KUMAR",
"733974","275600875","R","17229 BRIDGEFARMER BLVD","UNT L24 PHS 1 SEC A RESERVE AT WESTCREEK AMENDED PLUS .1677 % INT IN COM AREA","NAGARAJAN SARVESH &",
"733993","275600894","R","18712 MANGAN WAY","UNT L35 PHS 16 SEC A RESERVE AT WESTCREEK AMENDED PLUS .1677 % INT IN COM AREA","NELLI SRAVANTHI & PAVAN K ALLI",
"734014","275600916","R","18812 LEIGH LN","UNT K40 PHS 1 SEC A RESERVE AT WESTCREEK AMENDED PLUS .1677 % INT IN COM AREA","BHARDWAJ VINEET &",
"734017","275600919","R","17112 BRIDGEFARMER BLVD","UNT B62 PHS 16 SEC A RESERVE AT WESTCREEK AMENDED PLUS .1677 % INT IN COM AREA","POLU AJAY REDDY & MANASA MAINAMPATI",
"734022","275600924","R","18729 LEIGH LN","UNT J15 PHS 1 SEC A RESERVE AT WESTCREEK AMENDED PLUS .1677 % INT IN COM AREA","KUPPACHI RAHUL",
"734031","275600933","R","18808 KEELI LN","UNT J24 PHS 1 SEC A RESERVE AT WESTCREEK AMENDED PLUS .1677 % INT IN COM AREA","MYILSAMY VASANTH &",
"734041","275600943","R","18712 LEIGH LN","UNT K31 PHS 1 SEC A RESERVE AT WESTCREEK AMENDED PLUS .1677 % INT IN COM AREA","SHARMA PAWANKUMAR",
"734042","275600944","R","18716 LEIGH LN","UNT K32 PHS 1 SEC A RESERVE AT WESTCREEK AMENDED PLUS .1677 % INT IN COM AREA","PANCHMATIA DHARMESH & NANDITA &",
"734050","275600952","R","19021 KEELI LN","UNT H2 PHS 1 SEC A RESERVE AT WESTCREEK AMENDED PLUS .1677 % INT IN COM AREA","HARPALANI SANDEEP AND ROMA",
"734075","275600977","R","16912 BRIDGEFARMER BLVD","UNT B76 PHS 6 SEC B RESERVE AT WESTCREEK AMENDED PLUS .1677 % INT IN COM AREA","CHATURVEDI ARCHANA & ASHISH CHATURVEDI",
"734081","275600983","R","16905 BRIDGEFARMER BLVD","UNT G20 PHS 6 SEC B RESERVE AT WESTCREEK AMENDED PLUS .1677 % INT IN COM AREA","RAMAKRISHMAN & ELANGO FAMILY TRUST",
"734092","275600994","R","16717 DEFENDORF DR","UNT I23 PHS 6 SEC B RESERVE AT WESTCREEK AMENDED PLUS .1677 % INT IN COM AREA","KASUVAJJALA DEEPTHI & ",
"734113","275601016","R","16709 BRIDGEFARMER BLVD","UNT F25 PHS 6 SEC B RESERVE AT WESTCREEK AMENDED PLUS .1677 % INT IN COM AREA","VANAMA HARSHA & SRUTHI KATPALLY",
"734114","275601017","R","16705 BRIDGEFARMER BLVD","UNT F26 PHS 6 SEC B RESERVE AT WESTCREEK AMENDED PLUS .1677 % INT IN COM AREA","CHUDASAMA HANSRAJ G",
"734119","275601022","R","19121 SPARROW TRL","UNT G4 PHS 2 SEC B RESERVE AT WESTCREEK AMENDED PLUS .1677 % INT IN COM AREA","NEURGAONKAR AMOL KISHOR",
"734121","275601024","R","16709 RUGGIO RD","UNT G32 PHS 6 SEC B RESERVE AT WESTCREEK AMENDED PLUS .1677 % INT IN COM AREA","CHATTERJEE ARIJIT &",
"734137","275601040","R","16724 RUGGIO RD","UNT F7 PHS 6 SEC B RESERVE AT WESTCREEK AMENDED PLUS .1677 % INT IN COM AREA","PATEL AKASH N & BADAL N PATEL",
"734186","275601089","R","19337 STOKES LN","UNT P1 PHS 8 SEC B RESERVE AT WESTCREEK AMENDED PLUS .1677 % INT IN COM AREA","NUDURUMATI RAVI & MONICA",
"734195","275601098","R","19300 NICOLE LN","UNT P13 PHS 8 SEC B RESERVE AT WESTCREEK AMENDED PLUS .1677 % INT IN COM AREA","KONDURU SUMANTH & SARANYA KOTA",
"734196","275601099","R","19304 NICOLE LN","UNT P14 PHS 8 SEC B RESERVE AT WESTCREEK AMENDED PLUS .1677 % INT IN COM AREA","KUTAGULLA SUDHAKAR R  ETAL",
"734221","275601125","R","19112 NICOLE LN","UNT O6 PHS 8 SEC B RESERVE AT WESTCREEK AMENDED PLUS .1677 % INT IN COM AREA","GORE RAJESH L & DARSHANA R",
"734227","275601131","R","19320 STOKES LN","UNT O12 PHS 8 SEC B RESERVE AT WESTCREEK AMENDED PLUS .1677 % INT IN COM AREA","KABRA GOVIND AND ROSHNI",
"734232","275601136","R","19412 ORTS LN","UNT M1 PHS 8 SEC B RESERVE AT WESTCREEK AMENDED PLUS .1677 % INT IN COM AREA","DAVE PURURAJ JYOTINDRA",
"734269","275601173","R","17800 BRIDGEFARMER BLVD","UNT A7 PHS 7 SEC B RESERVE AT WESTCREEK AMENDED PLUS .1677 % INT IN COM AREA","DAS ASHES & INDRANI PAL",
"734289","275601193","R","17725 BRIDGEFARMER BLVD","UNT C5 PHS 7 SEC B RESERVE AT WESTCREEK AMENDED PLUS .1677 % INT IN COM AREA","ZAKVI KHOZEM & RASHIDA ZAKVI",
"734291","275601195","R","17717 BRIDGEFARMER BLVD","UNT C7 PHS 7 SEC B RESERVE AT WESTCREEK AMENDED PLUS .1677 % INT IN COM AREA","PAL SUSMIT & SUBHANGI GHOSH",
"571423","276360418","R","1001 LAURELLEAF DR","LOT 1 BLK H HEATHERWILDE SEC 3","LODHI SARA",
"849962","276361506","R","507 N HEATHERWILDE BLVD BLVD","LOT 4 BLK E CARRINGTON COURT","KUMAR DHIRAJ & JASNEET KAUR",
"849965","276361509","R","513 N HEATHERWILDE BLVD","LOT 7 BLK E CARRINGTON COURT","TAMBAT NITEEN S & SHUBHANGI B RAUT",
"849971","276361515","R","525 N HEATHERWILDE BLVD BLVD","LOT 13 BLK E CARRINGTON COURT","VIJ MANISH",
"586096","276380121","R","1109 LAUREL OAK TRL","LOT 11 BLK F SWENSON FARM SINGLE FAMILY PHS B","ABRAHAM REMIN & ANMOL",
"571460","276380714","R","1408 RIVER BIRCH WAY","LOT 9 BLK C SWENSON FARM SINGLE FAMILY PHS C1","MISHRA MAYANK",
"571469","276380808","R","1005 CANYON MAPLE RD","LOT 5 BLK B SWENSON FARM SINGLE FAMILY PHS C1","MOTIPARA YASH & JIGNA PATEL",
"571479","276381007","R","1201 SWENSON FARMS BLVD","LOT 8 BLK E SWENSON FARM SINGLE FAMILY PHS B","SIVAKUMAR SRIDHAR TIMMA & AMUTHA SATHIY AMOHAN",
"875732","276381106","R","504 KADEN PRINCE DR","UNT 104 BLD PHS II SWENSON FARMS CONDOMINIUMS PLUS 0.7352 % INT IN COM AREA","HASSAN ALI",
"875738","276381112","R","603 LANDON SAMUEL LOOP","UNT 203 BLD PHS II SWENSON FARMS CONDOMINIUMS PLUS .7352 % INT IN COM AREA","KHAN TAHIR ALI",
"875759","276381133","R","628 LANDON SAMUEL LOOP","UNT 228 BLD PHS II SWENSON FARMS CONDOMINIUMS PLUS .7352 % INT IN COM AREA","SHRESTHA KRISNA K & SITA",
"875769","276381143","R","648 LANDON SAMUEL LOOP","UNT 244 BLD PHS II SWENSON FARMS CONDOMINIUMS PLUS .7352 % INT IN COM AREA","DAHAL BHUMIKA &",
"875770","276381144","R","650 LANDON SAMUEL LOOP","UNT 246 BLD PHS II SWENSON FARMS CONDOMINIUMS PLUS .7352 % INT IN COM AREA","SHIVAKUMAR MONISHA & DEEPAK",
"835019","276490102","R","18208 CRIMSON APPLE WAY","LOT 3 BLK E FALCON POINTE SEC 16","RAMASWAMY BALAJI &",
"858734","276490207","R","18004 MONARCH BUTTERFLY WAY","LOT 14 BLK D FALCON POINTE SEC 15","DOKUPARTI UMAMAHESWARA RAO & SIRI GORRE",
"835042","276490317","R","17920 CRIMSON APPLE WAY","LOT 17 BLK A FALCON POINTE SEC 16","MADADI SRINIVAS REDDY & MEENA LAKKIREDDY",
"835043","276490318","R","17916 CRIMSON APPLE WAY","LOT 18 BLK A FALCON POINTE SEC 16","THE KANNAN FAMILY TRUST",
"835048","276490323","R","17804 CRIMSON APPLE WAY","LOT 23 BLK A FALCON POINTE SEC 16","KORANCHATHU RANJITH &",
"835050","276490401","R","17912 TURNING STREAM LN","LOT 1 BLK C FALCON POINTE SEC 16","JAIN ANAND",
"835054","276490405","R","17800 TURNING STREAM LN","LOT 5 BLK C FALCON POINTE SEC 16","MOHAN BHAVANA",
"835057","276490408","R","17901 CRIMSON APPLE WAY","LOT 8 BLK C FALCON POINTE SEC 16","HAROON MUHAMMAD SARIB",
"835060","276490411","R","17913 CRIMSON APPLE WAY","LOT 11 BLK C FALCON POINTE SEC 16","NATARAJAN UTHRA",
"835072","276490423","R","2509 DILLON POND LN","LOT 23 BLK C FALCON POINTE SEC 16","SELMAN MATTHEW JACOB",
"835073","276490424","R","2513 DILLON POND LN","LOT 24 BLK C FALCON POINTE SEC 16","KUMAR ABHINAV & MANISHA JAIN",
"835089","276490508","R","17805 TURNING STREAM LN","LOT 8 BLK B FALCON POINTE SEC 16","GAUTAM HARI N",
"865178","276490801","R","17912 RUBY LACE RD","LOT 28 BLK A FALCON POINTE SEC 18","JADHAV VAISHALI",
"865179","276490802","R","17908 RUBY LACE RD","LOT 27 BLK A FALCON POINTE SEC 18","UMMADISETTI LAKSHMI ALEKYA",
"865199","276490818","R","2520 WEEPING BEECH LN","LOT 11 BLK A FALCON POINTE SEC 18","SRIRAM SRIYA GAYATHRI",
"865203","276490822","R","2504 WEEPING BEECH LN","LOT 7 BLK A FALCON POINTE SEC 18","SHARIQ FAMILY TRUST",
"865214","276490904","R","2513 WEEPING BEECH LN","LOT 4 BLK B FALCON POINTE SEC 18","VENKATESHAPPA PRAJWAL GORAMADAGU &",
"865216","276490906","R","2521 WEEPING BEECH LN","LOT 6 BLK B FALCON POINTE SEC 18","VORUGANTI SATVIKA & PRASANNA SOANKER",
"865218","276490908","R","2529 WEEPING BEECH LN","LOT 8 BLK B FALCON POINTE SEC 18","APPIKATLA KRISHNA SAI",
"865219","276490909","R","2533 WEEPING BEECH LN","LOT 9 BLK B FALCON POINTE SEC 18","SASIDHARAN MANESH",
"865221","276490910","R","2520 SILVER FERN LN","LOT 10 BLK B FALCON POINTE SEC 18","SANGHVI LOVISH & PREETI",
"843347","276520205","R","18208 WIND VALLEY WAY","LOT 39 BLK A FALCON POINTE SEC 13 PHS B","SOANKER PRANAV & SRAVANI",
"850043","276520213","R","3109 COTTON BLOSSOM WAY","LOT 46 BLK A FALCON POINTE SEC 13 (PHS C)","PRAKASH PRADEEP GUBBI &",
"850047","276520217","R","3213 COTTON BLOSSOM WAY WAY","LOT 50 BLK A FALCON POINTE SEC 13 (PHS C)","PATEL DHAVAL BHUPENDRABHAI",
"850051","276520221","R","3229 COTTON BLOSSOM   WAY","LOT 54 BLK A FALCON POINTE SEC 13 (PHS C)","BHAYANI MEHUL & HIRAL MEHUL",
"850068","276520501","R","3208 HONEY PEACH WAY","LOT 71 BLK A FALCON POINTE SEC 13 (PHS C)","PATEL RONAK & PRITIKA",
"571523","276550522","R","18709 DEEP WATER DR","LOT 4 BLK F VILLAGES OF HIDDEN LAKE PHS I THE","KRISHNADATT SHASHI",
"571525","276550524","R","18717 DEEP WATER DR","LOT 2 BLK F VILLAGES OF HIDDEN LAKE PHS I THE","KANNAN HEMAMALINI & VIJAY V RAMU",
"586127","276550528","R","3508 HIDDEN LAKE XING","LOT 40 BLK F VILLAGES OF HIDDEN LAKE PHS 2A THE","KHAN FAROOQ",
"586153","276550619","R","3909 BANDICE LN","LOT 36 BLK G VILLAGES OF HIDDEN LAKE PHS 2B THE","JOSHI PRASHANT & SNEHA LAKHMANI",
"586174","276550640","R","18704 SILENT WATER WAY","LOT 6 BLK G VILLAGES OF HIDDEN LAKE PHS 2A THE","GOEL PREETI & KARISHMA GOEL",
"586177","276550643","R","18620 SILENT WATER WAY","LOT 9 BLK G VILLAGES OF HIDDEN LAKE PHS 2A THE","POLAVARAM SURENDRA & APARNA",
"586181","276550647","R","18604 SILENT WATER WAY","LOT 13 BLK G VILLAGES OF HIDDEN LAKE PHS 2A THE","THAKKAR HETAL & PAYAL JOINT",
"586219","276551102","R","3520 TRICKLING SPRINGS WAY","LOT 1 BLK M VILLAGES OF HIDDEN LAKE PHS 2A THE","PATEL RAVI & HENAL",
"699381","276551209","R","18308 SHALLOW POOL DR","LOT 9 BLK L VILLAGES OF HIDDEN LAKE PHS 3A THE","DHANANJAYAM SELVAPATHI &",
"699386","276551214","R","3409 TRICKLING SPRINGS WAY","LOT 14 BLK L VILLAGES OF HIDDEN LAKE PHS 3A THE","AGRAWAL SAURABH & PAYAL",
"586223","276551303","R","18425 SHALLOW POOL DR","LOT 3 BLK N VILLAGES OF HIDDEN LAKE PHS 2A THE","CHATTERJEE FAMILY REVOCABLE TRUST",
"699393","276551307","R","18205 SHALLOW POOL DR","LOT 27 BLK N VILLAGES OF HIDDEN LAKE PHS 3A THE","TAYAR JOSEPH",
"699395","276551309","R","18213 SHALLOW POOL DR","LOT 25 BLK N VILLAGES OF HIDDEN LAKE PHS 3A THE","PRIYACHANDRA FAMILY LLC",
"699408","276551322","R","18329 SHALLOW POOL DR","LOT 12 BLK N VILLAGES OF HIDDEN LAKE PHS 3A THE","SINHA DIPESH & RANJANA",
"728185","276551341","R","18401 DRY BROOK LOOP","LOT 11 BLK FF VILLAGES OF HIDDEN LAKE PHS 4A THE","CHINDARKAR DEVENDRA SURESH &",
"728199","276551355","R","18521 DRY BROOK LOOP","LOT 25 BLK FF VILLAGES OF HIDDEN LAKE PHS 4A THE","HINGU ANJANA A & AJAY V",
"728201","276551357","R","18529 DRY BROOK LOOP","LOT 27 BLK FF VILLAGES OF HIDDEN LAKE PHS 4A THE","DHANANJAYAM SELVAPATHI & VIJAYALAKSHMI",
"850066","276551372","R","3216 HONEY PEACH WAY","LOT 69 BLK A FALCON POINTE SEC 13 (PHS C)","SHETH MUDRA D & DHAVAL",
"728204","276551403","R","18416 DRY BROOK LOOP","LOT 3 BLK DD VILLAGES OF HIDDEN LAKE PHS 4A THE","SINGH MAJOR & MANJIT KAUR",
"728212","276551411","R","3508 DRY BROOK XING","LOT 11 BLK DD VILLAGES OF HIDDEN LAKE PHS 4A THE","SHANMUGAM SUNDARARAJAN &",
"843863","276551732","R","18312 DRECKER SPRINGS LN","LOT 23 BLK SS VILLAGES OF HIDDEN LAKE PHS 6B-2 THE","MOTHE VENKATA RAJA SHEKAR",
"843865","276551734","R","18304 DRECKER SPRINGS LN","LOT 25 BLK SS VILLAGES OF HIDDEN LAKE PHS 6B-2 THE","MULA PAVAN R & SAI K",
"850094","276552104","R","3231 HONEY PEACH WAY WAY","LOT 13 BLK B FALCON POINTE SEC 13 (PHS C)","RACHURI VENKATA L KRISHNA &",
"571559","276570212","R","4012 WHITE WATER WAY","LOT 12 BLK I VILLAGES OF HIDDEN LAKE PHS I THE","KEJARIWAL ARUN TRUST &",
"571561","276570214","R","4004 WHITE WATER WAY","LOT 14 BLK I VILLAGES OF HIDDEN LAKE PHS I THE","CHATTERJEE INDRANATH & ANINDITA BANERJEE",
"571584","276570317","R","4108 VEILED FALLS DR","LOT 25 BLK B VILLAGES OF HIDDEN LAKE PHS I THE","KO JAMES",
"586267","276570610","R","3920 BANDICE LN","LOT 13 BLK K VILLAGES OF HIDDEN LAKE PHS 2B THE","KHAN MOHAMMED & MARIA KHAN",
"699528","276570906","R","18617 DRY POND DR","LOT 13 BLK R VILLAGES OF HIDDEN LAKE PHS 3A THE","SANKARAPANDIAN KANDHA K &",
"718475","276570931","R","18524 SANDY BOTTOM DR","LOT 24 BLK R VILLAGES OF HIDDEN LAKE PHS 3B THE","RASHID ANJUM",
"718454","276571001","R","4320 ROLLING WATER DR","LOT 9 BLK V VILLAGES OF HIDDEN LAKE PHS 3B THE","KHAN LATIF & AZRA MAKNOJIA",
"718489","276571109","R","18633 BLUE POND DR","LOT 43 BLK W VILLAGES OF HIDDEN LAKE PHS 3B THE","KAUR HARJINDER",
"718506","276571112","R","4309 ROLLING WATER DR","LOT 3 BLK W VILLAGES OF HIDDEN LAKE PHS 3B THE","PAPPU KARTHIK &",
"737136","276571403","R","4508 TIDDLE LN","LOT 3 BLK JJ VILLAGES OF HIDDEN LAKE PHS 4C THE","MONDAL SUDIP",
"875855","276650115","R","17212 GABBRO DR","LOT 14 BLK C VERONA SEC 1","SHAHDADPURI NILESH & SWATI",
"875858","276650118","R","17200 GABBRO DR","LOT 17 BLK C VERONA SEC 1","YOGARJUNA SUJAYKANTH MODHEPALLI",
"875990","276650309","R","17213 BRITTLE LN","LOT 4 BLK G VERONA SEC 1","DHRUV CHIRAG NITINKUMAR",
"875910","276650407","R","19216 KIMBERLITE DR","LOT 2 BLK F VERONA SEC 1","NUDURUMATI RAVI & MONICA",
"875925","276650607","R","17415 GABBRO DR","LOT 16 BLK B VERONA SEC 1","MITHANI SHAMA & RAHIM KACHCHHI",
"875938","276650710","R","17402 GABBRO DR","LOT 1 BLK A VERONA SEC 1","JAMES JOEL P & STEPHANIE S GEEVARUGHESE",
"875946","276650803","R","17324 BRITTLE LN","LOT 31 BLK D VERONA SEC 1","VENKAT SELVA FAMILY TRUST",
"875963","276650819","R","17205 GABBRO DR","LOT 15 BLK D VERONA SEC 1","KAUSHIK JATAN & PAANERI JETHWA",
"875966","276650822","R","17217 GABBRO DR","LOT 12 BLK D VERONA SEC 1","PANCHMATIA TRUST",
"875968","276650824","R","17225 GABBRO DR","LOT 10 BLK D VERONA SEC 1","GURAGAIN SUJATA & AVINASH ACHARYA",
"699138","278380620","R","1238 CANYON MAPLE RD","LOT 13 BLK I SWENSON FARM SINGLE FAMILY PHS C2","LONG DAN DOLLAR & SAMRITHIKA SAR",
"586287","278380909","R","1221 LAUREL OAK TRL","LOT 11 BLK G SWENSON FARM SINGLE FAMILY PHS B","SALVANKAR NEERAJ",
"586290","278380912","R","1227 LAUREL OAK TRL","LOT 14 BLK G SWENSON FARM SINGLE FAMILY PHS B","MOHAN VIMAL & LEKSHMY MENON",
"586313","278381105","R","1206 LAUREL OAK TRL","LOT 16 BLK E SWENSON FARM SINGLE FAMILY PHS B","DANDACHLI ALI AHMAD &",
"549905","278400136","R","1107 FOX SPARROW CV","LOT 14 BLK B KUEMPEL TRACT PHS 3 SEC 5","PANDYA AMITKUMAR NAVINCHANDRA ",
"549906","278400137","R","1105 FOX SPARROW CV","LOT 13 BLK B KUEMPEL TRACT PHS 3 SEC 5","SALGAOCAR PRASHANT PRAKASH",
"848503","278430602","R","1111 HALEKALA TRL","LOT 3 BLK LL HIGHLAND PARK PHS D SEC 4","MARAYYA JAYA B POTHULU",
"848507","278430606","R","1814 KINGSTON LACY BLVD","LOT 7 BLK LL HIGHLAND PARK PHS D SEC 4","GARG SAUMYA",
"848511","278430703","R","18105 BANDELIER DR DR","LOT 21 BLK HH HIGHLAND PARK PHS D SEC 4","RADHAKRISHNAN SUJIN",
"758280","278490108","R","18720 DERBY HILL LN","LOT 9 BLK AA FALCON POINTE SEC 6-B AMENDED","MADHESWARAN SURENDRAN & SHARMILA CHANDRASEKARAN",
"758298","278490126","R","18705 FALCON POINTE BLVD","LOT 34 BLK AA FALCON POINTE SEC 6-B AMENDED","KUMAR VIBHAV & MANISHA TRIPATHY",
"758308","278490136","R","18813 FALCON POINTE BLVD","LOT 44 BLK AA FALCON POINTE SEC 6-B AMENDED","KANALA AMARENDER &",
"758313","278490203","R","18705 DERBY HILL LN","FALCON POINTE SEC 6-B AMENDED BLK Z LOT 8","RAJASEKARAN KARTHIKEYAN &",
"834450","278490408","R","2612 CREEPING VINE CT","LOT 70 BLK A FALCON POINTE SEC 14 (PHS 1)","PRIYACHANDRA FAMILY LLC",
"834455","278490413","R","2605 ROUGH BERRY RD","LOT 65 BLK A FALCON POINTE SEC 14 (PHS 1)","MISHRA SANJAY & SUDIPTI",
"834458","278490416","R","2617 ROUGH BERRY RD","LOT 62 BLK A FALCON POINTE SEC 14 (PHS 1)","DEVADOSS APARNA",
"834465","278490423","R","2616 ROUGH BERRY RD","LOT 55 BLK A FALCON POINTE SEC 14 (PHS 1)","PRASUN JISHA TRUST",
"834474","278490432","R","2617 AUBURN CHESTNUT LN","LOT 46 BLK A FALCON POINTE SEC 14 (PHS 1)","ARIGAI GUNARANJAN & VEENA MOHAN",
"834482","278490440","R","2716 AUBURN CHESTNUT LN","LOT 37 BLK A FALCON POINTE SEC 14 (PHS 1)","CHANDRU SARAVANAN",
"834483","278490441","R","2712 AUBURN CHESTNUT LN","LOT 36 BLK A FALCON POINTE SEC 14 (PHS 1)","CHANDRU JEYANTH",
"834484","278490442","R","2708 AUBURN CHESTNUT LN","LOT 35 BLK A FALCON POINTE SEC 14 (PHS 1)","KRISHNARAJ SUNI & KRISHNARAJ SURESH",
"848156","278490460","R","2506 AUBURN CHESTNUT LN","LOT 18 BLK A FALCON POINTE SEC 14 (PHS 2)","PATEL FAMILY TRUST",
"848157","278490461","R","2504 AUBURN CHESTNUT LN","LOT 17 BLK A FALCON POINTE SEC 14 (PHS 2)","HARDAS PARAG & SHRUTI MERKHEDKAR",
"848159","278490463","R","18428 BLUSH ROSE RD","LOT 15 BLK A FALCON POINTE SEC 14 (PHS 2)","CHANDRU SARAVANAN &",
"848164","278490468","R","18408 BLUSH ROSE RD","LOT 10 BLK A FALCON POINTE SEC 14 (PHS 2)","BENNY ANUP & ARUN PHIONA LAL",
"848171","278490475","R","18304 BLUSH ROSE RD","LOT 3 BLK A FALCON POINTE SEC 14 (PHS 2)","VIDYARTHI FAMILY REVOCABLE TRUST",
"848174","278490507","R","18301 BLUSH ROSE RD","LOT 15 BLK C FALCON POINTE SEC 14 (PHS 2)","WAGHCHOURE SANDEEP & SHEETAL",
"848175","278490508","R","18305 BLUSH ROSE RD","LOT 16 BLK C FALCON POINTE SEC 14 (PHS 2)","POTRU SIRISH",
"858730","278490706","R","18020 MONARCH BUTTERFLY WAY","LOT 10 BLK D FALCON POINTE SEC 15","PATEL NIRDESH & PRIYANKA",
"848191","278490907","R","2504 ROUGH BERRY RD","LOT 15 BLK B FALCON POINTE SEC 14 (PHS 2)","ARIGAI NIRANJAN",
"848192","278490908","R","2500 ROUGH BERRY RD","LOT 16 BLK B FALCON POINTE SEC 14 (PHS 2)","GOVINDAN JEYANTHI RANI",
"848194","278490910","R","2505 AUBURN CHESTNUT LN","LOT 2 BLK B FALCON POINTE SEC 14 (PHS 2)","JOSE JAYESH & ANU SEBASTIAN",
"858748","278491009","R","18201 MONARCH BUTTERFLY WAY","LOT 14 BLK E FALCON POINTE SEC 15","ANAND VISHAL &",
"858757","278491018","R","18108 TURNING STREAM LN","LOT 33 BLK E FALCON POINTE SEC 15","GHIDODE DHIRENDRA &",
"858763","278491024","R","18004 TURNING STREAM LN","LOT 27 BLK E FALCON POINTE SEC 15","EDULA PALAVALI LIVING TRUST",
"778717","278520227","R","3008 DUSTY CHISOLM TRL","LOT 17 BLK H FALCON POINTE SEC 9-EAST","KOSHY KAMAL",
"718106","278520407","R","2912 GRAND MISSION WAY","LOT 39 BLK X FALCON POINTE SEC 6-A","PANDHER BIKRAMJIT & GURMEET",
"718121","278520422","R","2612 GRAND MISSION WAY","LOT 24 BLK X FALCON POINTE SEC 6-A","CHAUHAN DEEP",
"718326","278520435","R","18628 WIND VALLEY WAY","LOT 13 BLK J FALCON POINTE SEC 9-WEST","MENON ANIL & KRISHNALATHA ALANGHAT",
"718125","278520504","R","18816 GOLDDUST PASS","LOT 22 BLK Z FALCON POINTE SEC 6-A","MISHRA RICHA & ANKUR MIGLANI",
"718127","278520506","R","18808 GOLDDUST PASS","LOT 24 BLK Z FALCON POINTE SEC 6-A","JOSHI DHANESH & SHILPA DESHPANDE",
"758247","278520515","R","18601 DERBY HILL LN","LOT 1 BLK Z FALCON POINTE SEC 6-B AMENDED","MATTAPARTHI R & RAO S",
"718137","278520602","R","18805 GOLDDUST PASS","LOT 2 BLK Y FALCON POINTE SEC 6-A","YADAV FAMILY REVOCABLE TRUST",
"718142","278520607","R","18825 GOLDDUST PASS","LOT 7 BLK Y FALCON POINTE SEC 6-A","NEGI ASHISH & AKSHITA SAXENA",
"718355","278520722","R","2929 CANYON VALLEY RUN","LOT 12 BLK K FALCON POINTE SEC 9-WEST","DANCY OWEDIA",
"718359","278520804","R","2920 CANYON VALLEY RUN","LOT 22 BLK L FALCON POINTE SEC 9-WEST","MISHRA GAUTAM",
"718372","278520817","R","2801 BARLEY FIELD PASS","LOT 1 BLK L FALCON POINTE SEC 9-WEST","IYER KRISHNA SUNDARARAMAN &",
"778707","278520827","R","2913 BARLEY FIELD PASS","LOT 11 BLK L FALCON POINTE SEC 9-EAST","NANGUNOORI NITESH & RAVALI CHEPURI",
"778711","278520831","R","2929 BARLEY FIELD PASS","LOT 15 BLK L FALCON POINTE SEC 9-EAST","NJARATHADATHIL TOMY G & MERLIN T",
"758272","278520907","R","18613 FALCON POINTE BLVD","LOT 24 BLK AA FALCON POINTE SEC 6-B AMENDED","ALAGAR CHIDAMBARANATHAN & ANURADHA RANGANATHAN",
"778737","278521104","R","2912 BARLEY FIELD PASS","LOT 20 BLK M FALCON POINTE SEC 9-EAST","OGALE ARJUN A",
"778741","278521107","R","2805 DUSTY CHISOLM TRL","LOT 23 BLK M FALCON POINTE SEC 9-EAST","GORTI PRIYAM &",
"778745","278521111","R","2821 DUSTY CHISOLM TRL","LOT 27 BLK M FALCON POINTE SEC 9-EAST","SHARMA DHANANJAI & PRAGYA SOOD",
"830542","278521130","R","2924 OPEN PLAIN DR","LOT 10 BLK M FALCON POINTE SEC 9 SOUTH (PHS 2)","SUBRAMANI MANI R",
"830547","278521135","R","2904 OPEN PLAIN DR","LOT 15 BLK M FALCON POINTE SEC 9 SOUTH (PHS 2)","KALYANDRUG NASEER AHMED &",
"837347","278521206","R","3000 BARLEY FIELD PASS","LOT 2 BLK D FALCON POINTE SEC 13 PHS A","BHAT KOWSHIK & AISHWARYA FAMILY TRUST",
"850081","278521222","R","3113 HONEY PEACH WAY","LOT 85 BLK A FALCON POINTE SEC 13 (PHS C)","KOREPU MAHENDRANATH REDDY",
"850085","278521226","R","3129 HONEY PEACH WAY","LOT 89 BLK A FALCON POINTE SEC 13 (PHS C)","KUMAR ALOK & SONIA RAWAT",
"817436","278521405","R","3025 OPEN PLAIN DR","LOT 11 BLK P FALCON POINTE SEC 9-SOUTH (PHS 1)","GUPTA JITENDRA & PRERANA",
"817437","278521406","R","3029 OPEN PLAIN DR","LOT 12 BLK P FALCON POINTE SEC 9-SOUTH (PHS 1)","KUMAR AJAY & RUCHI SHREE",
"830555","278521413","R","2901 OPEN PLAIN DR","LOT 1 BLK P FALCON POINTE SEC 9 SOUTH (PHS 2)","KARNAVAR MANOJ NARAYANANKUTTY &",
"817475","278521610","R","18413 FALCON POINTE BLVD","LOT 22 BLK Q FALCON POINTE BOULEVARD EXTENSION","SAPRE AJAY ANAND & RACHNA RINGE",
"830567","278521618","R","2901 EDWARDS PLATEAU DR","LOT 7 BLK Q FALCON POINTE SEC 9 SOUTH (PHS 2)","GUPTA NAVNEET & NIDHI S GUPTA",
"837353","278521706","R","2713 STANDING JUNIPER CT","LOT 6 BLK A FALCON POINTE SEC 13 PHS A","PANERU SANDHYA SHARMA & BIJAY ADHIKARI",
"837357","278521710","R","2700 STANDING JUNIPER CT","LOT 10 BLK A FALCON POINTE SEC 13 PHS A","VINJAMURI KRISHNA & SARADA",
"837359","278521712","R","2708 STANDING JUNIPER CT","LOT 12 BLK A FALCON POINTE SEC 13 PHS A","TANEJA JATIN & CHANVEEN",
"837363","278521716","R","2804 STANDING JUNIPER CT","LOT 16 BLK A FALCON POINTE SEC 13 PHS A","RAVI SAJI & PRATHUSHA SAJI RAVI",
"837373","278521726","R","18412 WIND VALLEY WAY","LOT 26 BLK A FALCON POINTE SEC 13 PHS A","JOSHI PRAJAKTA ABHIJIT",
"843339","278521731","R","18316 WIND VALLEY WAY","LOT 31 BLK A FALCON POINTE SEC 13 PHS B","VENDRATHI ASHOK & JANAKI",
"837378","278521802","R","18405 COPPER GRASSLAND WAY","LOT 25 BLK B FALCON POINTE SEC 13 PHS A","SINGH RAJ KUMAR & ANURADHA",
"837393","278521817","R","18409 WIND VALLEY WAY","LOT 11 BLK B FALCON POINTE SEC 13 PHS A","THAPA SRAWAN KUMAR",
"843370","278521904","R","18309 WIND VALLEY WAY","LOT 19 BLK C FALCON POINTE SEC 13 PHS B","POUDEL GANESH P &",
"850070","278522002","R","3200 HONEY PEACH WAY","LOT 73 BLK A FALCON POINTE SEC 13 (PHS C)","PRABHAKARAN ADITYA & BHARANI RAJASEKARAN",
"850077","278522009","R","3112 HONEY PEACH WAY","LOT 80 BLK A FALCON POINTE SEC 13 (PHS C)","GANIGER VIJAYAKUMAR",
"571664","278550215","R","3500 TAYLOR FALLS DR","LOT 13 BLK A VILLAGES OF HIDDEN LAKE PHS I THE","SALEEM MOHAMMED & SAFIA GHAZI SALEEM &",
"812030","278550256","R","18605 DOUGLAS MAPLE WAY","LOT 37 BLK BB FALCON POINTE SEC 12","JAISWAL SARVESH KUMAR",
"812033","278550259","R","18617 DOUGLAS MAPLE WAY","LOT 34 BLK BB FALCON POINTE SEC 12","JAIN VISHAL",
"812038","278550264","R","18717 DOUGLAS MAPLE WAY","LOT 29 BLK BB FALCON POINTE SEC 12","MAJUMDER AWRANGJEB & BRENDA S PAIZ",
"586339","278550311","R","18725 SHORELESS DR","LOT 14 BLK C VILLAGES OF HIDDEN LAKE PHS 2A THE","RAM SURESH BABU RAJA & SOWMIYA JAYARAMAN",
"571676","278550405","R","18828 SANDY SHORE DR","LOT 19 BLK D VILLAGES OF HIDDEN LAKE PHS I THE","ALI SYED A & SHAMSHAD BANO",
"586353","278550614","R","3325 TAYLOR FALLS DR","LOT 1 BLK B VILLAGES OF HIDDEN LAKE PHS 2A THE","MULUKUTLA GIRLJA & VENKATA VALIVERU",
"812116","278550806","R","3017 EVENING BREEZE WAY","LOT 6 BLK AA FALCON POINTE SEC 12","SIGAMALA RAVINDRANATH & LEELA MARE",
"812079","278550912","R","3016 EVENING BREEZE WAY","LOT 12 BLK CC FALCON POINTE SEC 12","SOMANI VIKAS & RACHNA MAHESHWARI",
"817441","278551301","R","18809 SHALLOW POND TRL","LOT 14 BLK O FALCON POINTE SEC 9-SOUTH (PHS 1)","REDDY VIJAYAPAL P & VIJAYALAKSHMI",
"849221","278570110","R","3720 GILDAS PATH","LOT 2 BLK DD AVALON PHS 5B","KONDRU DAVID S & VIJAYA S TADIGIRI",
"849225","278570113","R","3708 GILDAS PATH","LOT 35 BLK DD AVALON PHS 5B","PATEL KIRAN V & MAHESHWARI K",
"852777","278570117","R","3813 GLASTONBURY TRL","LOT 20 BLK DD AVALON PHS 5A","GUPTA AKSHAY",
"852778","278570118","R","3817 GLASTONBURY TRL","LOT 19 BLK DD AVALON PHS 5A","MULUKUTLA VISHWANATH",
"878915","278570130","R","3812 GILDAS PATH","LOT 7 BLK DD AVALON PHS 5C","ACHARYA DIPESH & PRAGATI KHATRI",
"878916","278570315","R","3813 GILDAS PATH","LOT 17 BLK AA AVALON PHS 5C","RAJENDRAN KARTHIKEYAN",
"878917","278570316","R","3817 GILDAS PATH","LOT 16 BLK AA AVALON PHS 5C","MEYYAPPAN -KANNAPPAN FAMILY TRUST",
"878923","278570322","R","3841 GILDAS PATH","LOT 10 BLK AA AVALON PHS 5C","BARIN MURAT",
"878926","278570325","R","3909 GILDAS PATH","LOT 7 BLK AA AVALON PHS 5C","GURAGAIN BIBEK & PRAGYA GAUTAM",
"878929","278570328","R","3921 GILDAS PATH","LOT 4 BLK AA AVALON PHS 5C","NARANNAGARI PRAVEENA BALEEDUPALLY &",
"878930","278570329","R","3925 GILDAS PATH","LOT 3 BLK AA AVALON PHS 5C","SURYAWANSHI PRAVIN KRISHNA & MAYURA",
"878940","278570415","R","19312 BRUSK LN","LOT 18 BLK Y AVALON PHS 5C","PALANISAMY HARIHARAN &",
"852793","278570501","R","3912 CRISPIN HALL LN","LOT 8 BLK Z AVALON PHS 5A","CHOUDHURI AMITAVA SEN & INDIRA",
"878947","278570504","R","19301 BRUSK LN","LOT 21 BLK Z AVALON PHS 5C","NAGARAJAN SIVAPRAKASH",
"878955","278570512","R","19413 BRUSK LN","LOT 13 BLK Z AVALON PHS 5C","MALLU SRIKANTH",
"877800","278570704","R","19312 WEARYALL HILL LN","LOT 8A BLK G AVALON PHS 6C AMD LTS 8 & 9 BLK G","CHAMPAKLAL SANKET SHAH & MITTAL MAYUR",
"728429","280381403","R","116 YUCCA HOUSE DR","LOT 5 BLK RR HIGHLAND PARK PHS A SEC 2A","POTHUKUCHY RAVIKISHAN &",
"728430","280381404","R","112 YUCCA HOUSE DR","LOT 4 BLK RR HIGHLAND PARK PHS A SEC 2A","KANCHARLA LALITH CHOUDARY &",
"728451","280381801","R","101 FIRE ISLAND DR","LOT 1 BLK OO HIGHLAND PARK PHS A SEC 2A","RAJWADKAR MAYURESH M & LEENA M RAJWADKAR",
"861079","280382007","R","132 FIRE ISLAND DR","LOT 5 BLK LL HIGHLAND PARK PHS A SEC 2C","MITHUN FNU RITESH &",
"861083","280382011","R","124 FIRE ISLAND DR","LOT 1 BLK LL HIGHLAND PARK PHS A SEC 2C","VENKAT GANESH &",
"861086","280382103","R","705 KATMAI CIR CIR","LOT 7 BLK MM HIGHLAND PARK PHS A SEC 2C","RATHI GAURAV & GARIMA KAKANI",
"861089","280382106","R","711 KATMAI CIR CIR","LOT 4 BLK MM HIGHLAND PARK PHS A SEC 2C","NITTALA RAMA K &",
"861095","280382203","R","122 GATES OF THE ARCTIC AVE","LOT 8 BLK NN HIGHLAND PARK PHS A SEC 2C","DOSHI JINAL",
"861102","280382210","R","108 GATES OF THE ARCTIC AVE","LOT 1 BLK NN HIGHLAND PARK PHS A SEC 2C","MALVIYA PALLAV & AKSHAYA VERMA",
"571724","280400705","R","317 LAVA BED DR","LOT 5 BLK O HIGHLAND PARK PHS A SEC 1","NEURGAONKAR AMOL KISHOR",
"571744","280401201","R","17928 ICE AGE TRAILS ST","LOT 1 BLK T HIGHLAND PARK PHS A SEC 1","BODDU RAMSWAROOP R & RESMI SURENDRAN",
"571784","280401904","R","513 CRATER LAKE DR","LOT 4 BLK W HIGHLAND PARK PHS A SEC 1","PANDE DEEPTI & MANAS TRIVEDI",
"571825","280402703","R","808 GREAT SAND DUNES AVE","LOT 1 BLK D HIGHLAND PARK PHS B SEC 1 AMENDED PLAT OF","RAJASHEKHAR VEENA",
"571832","280402901","R","813 GREAT SAND DUNES AVE","LOT 1 BLK F HIGHLAND PARK PHS B SEC 1 AMENDED PLAT OF","DESAI UMANG & APARNA",
"717914","280403408","R","17913 KENAI FJORDS DR","UNT 17913-1 HIGHLAND PARK CONDOMINIUMS AMENDED PLUS 1.0417 % INT IN COM AREA","VAHORA IMRANBHAI &",
"754012","280403439","R","420 NORTH CASCADES AVE","UNT 420-2 HIGHLAND PARK CONDOMINIUMS AMENDED PLUS 1.0417 % INT IN COM AREA","KHAN MOHAMMAD SHAHIDULLAH",
"754021","280403448","R","600 NORTH CASCADES AVE","UNT 600-1 HIGHLAND PARK CONDOMINIUMS AMENDED PLUS 1.0417 % INT IN COM AREA","BHATIA RAHUL & SAMRIDHI MANGAL",
"764175","280403471","R","513 NORTH CASCADES AVE","UNT 513-2 HIGHLAND PARK CONDOMINIUMS AMENDED PLUS 1.0417 % INT IN COM AREA","BHATNAGAR PAVAN",
"728481","280403803","R","221 YUCCA HOUSE DR","LOT 12 BLK QQ HIGHLAND PARK PHS A SEC 2A","SHETHNA HIREN & PRITI H",
"861016","280405301","R","401 KATMAI CIR CIR","LOT 1 BLK KK HIGHLAND PARK PHS A SEC 2C","BRAHMANKAR NITIN & NEELAM",
"861019","280405304","R","407 KATMAI CIR CIR","LOT 4 BLK KK HIGHLAND PARK PHS A SEC 2C","KODAKARA SREEKUMAR VADAKKE &",
"861020","280405305","R","409 KATMAI CIR CIR","LOT 5 BLK KK HIGHLAND PARK PHS A SEC 2C","GANDHI CHINTAN J",
"861023","280405308","R","415 KATMAI CIR CIR","LOT 8 BLK KK HIGHLAND PARK PHS A SEC 2C","RAO SUNIL & JITHA PILLAI",
"861028","280405313","R","425 KATMAI CIR","LOT 13 BLK KK HIGHLAND PARK PHS A SEC 2C","GUPTA SHIRISH A & RITU",
"861037","280405505","R","409 CRATER LAKE DR","LOT 5 BLK GG HIGHLAND PARK PHS A SEC 2C","GOVINDASAMY THANGAVELU &",
"861040","280405508","R","415 CRATER LAKE DR","LOT 8 BLK GG HIGHLAND PARK PHS A SEC 2C","GRANDHE KISHOR & SYALINI",
"861046","280405703","R","414 CRATER LAKE DR","LOT 8 BLK II HIGHLAND PARK PHS A SEC 2C","GOEL SHAILENDRA AND BINU",
"861051","280405708","R","404 CRATER LAKE DR","LOT 3 BLK II HIGHLAND PARK PHS A SEC 2C","VENKATACHALAM MOHAN &",
"861060","280406002","R","503 KATMAI CIR CIR","LOT 24 BLK LL HIGHLAND PARK PHS A SEC 2C","KUMAR FAMILY TRUST",
"861066","280406008","R","515 KATMAI CIR CIR","LOT 18 BLK LL HIGHLAND PARK PHS A SEC 2C","ANNAVAJJALA KARUNA & CLARENCE J GADAPATI",
"571846","280430206","R","920 GREAT SAND DUNES AVE","LOT 6 BLK E HIGHLAND PARK PHS B SEC 1 AMENDED PLAT OF","IYER FAMILY TRUST",
"571847","280430207","R","916 GREAT SAND DUNES AVE","LOT 5 BLK E HIGHLAND PARK PHS B SEC 1 AMENDED PLAT OF","JHA ARPANA & RAHUL KUMAR",
"571883","280431303","R","1716 KINGSTON LACY BLVD","LOT 5 BLK C HIGHLAND PARK PHS B SEC 1 AMENDED PLAT OF","BHAGAT RAGHAV & STUTI AJMANI",
"835447","280432403","R","18309 FRIENDSHIP HILL DR","LOT 3 BLK S HIGHLAND PARK PHS B SEC 5","KAUJALGI HARSHA &",
"840637","280432406","R","18321 FRIENDSHIP HILL DR","LOT 6 BLK S HIGHLAND PARK PHS B SEC 9, 11 & 12 AMENDED","PRADHAN SRIMANTA NILAYA &",
"836472","280432819","R","18312 MAMMOTH CAVE BLVD","LOT 7 BLK T HIGHLAND PARK PHS B SEC 10 & 13","ARUNACHALAM SIVAGAMI",
"836473","280432820","R","18310 MAMMOTH CAVE BLVD","LOT 6 BLK T HIGHLAND PARK PHS B SEC 10 & 13","DOCTOR SAURABH & HEMINA",
"836484","280433103","R","18305 MAMMOTH CAVE BLVD","LOT 3 BLK U HIGHLAND PARK PHS B SEC 10 & 13","APPU SURYA",
"836491","280433204","R","18323 MAMMOTH CAVE BLVD","LOT 4 BLK V HIGHLAND PARK PHS B SEC 10 & 13","KOICKEL RITESH & SHRUTI RAJAGOPALAN",
"836493","280433206","R","18403 MAMMOTH CAVE BLVD","LOT 6 BLK V HIGHLAND PARK PHS B SEC 10 & 13","KANCHARLA LALITH CHOUDARY &",
"840605","280433602","R","18317 TALLGRASS PRAIRIE DR","LOT 2 BLK DD HIGHLAND PARK PHS B SEC 9, 11 & 12 AMENDED","DOCTOR SAURABH & HEMINA S",
"840613","280433610","R","18401 TALLGRASS PRAIRIE DR","LOT 10 BLK DD HIGHLAND PARK PHS B SEC 9, 11 & 12 AMENDED","SASIDHARAN AMBILI",
"840614","280433611","R","18405 TALLGRASS PRAIRIE DR","LOT 11 BLK DD HIGHLAND PARK PHS B SEC 9, 11 & 12 AMENDED","KARUPPIAH RAJARAMAN & MANJUNATHAHARSHA NAGARAJU",
"840615","280433612","R","18409 TALLGRASS PRAIRIE DR","LOT 12 BLK DD HIGHLAND PARK PHS B SEC 9, 11 & 12 AMENDED","GOLLAMUDI SOUMYA R & KALYAN C SISTA",
"840620","280433701","R"," FRIENDSHIP HILL DR","LOT 15 BLK CC HIGHLAND PARK PHS B SEC 9, 11 & 12 AMENDED","MANISH & MANASI FAMILY TRUST",
"840633","280433714","R","18316 FRIENDSHIP HILL DR","LOT 2 BLK CC HIGHLAND PARK PHS B SEC 9, 11 & 12 AMENDED","FEGADE SACHIN",
"848398","280433802","R","1127 CRATERS OF THE MOON BLVD","LOT 4 BLK Z HIGHLAND PARK PHS D SEC 5","RAYUDU VENKATA SURESH &",
"848425","280433904","R","18305 BANDELIER DR","LOT 31 BLK V HIGHLAND PARK PHS D SEC 5","ARORA SAHIL",
"848412","280433917","R","18409 BANDELIER DR","LOT 18 BLK V HIGHLAND PARK PHS D SEC 5","RAMAN 2020 TRUST",
"848380","280434102","R","1122 BADLANDS DR","LOT 5 BLK CC HIGHLAND PARK PHS D SEC 5","KC ASHOK S & BHUMIKA RANABHAT",
"848383","280434105","R","1116 BADLANDS DR","LOT 2 BLK CC HIGHLAND PARK PHS D SEC 5","KUMBHAR AKSHAY & AAFREEN SHAIKH",
"848355","280434402","R","1113 FOSSIL BEDS DR","LOT 2 BLK FF HIGHLAND PARK PHS D SEC 5","VAHORA IQBALBHAI I & RIJAVANABEN I",
"848357","280434404","R","1117 FOSSIL BEDS DR","LOT 4 BLK FF HIGHLAND PARK PHS D SEC 5","VAHORA AIYUBBHAI I & FEMIDABEN",
"848361","280434502","R","1118 WALNUT CANYON BLVD","LOT 5 BLK GG HIGHLAND PARK PHS D SEC 5","NARAYANAN CYNDHAVI & KARTIK LAKSHMINARAYANAN &",
"848364","280434505","R","1112 WALNUT CANYON BLVD","LOT 2 BLK GG HIGHLAND PARK PHS D SEC 5","VAHORA SOHELBHAI & SOHANA",
"848487","280434703","R","1111 PETROGLYPH TRL","LOT 3 BLK JJ HIGHLAND PARK PHS D SEC 4","RAVI VIIKAS VENKAT",
"848496","280434804","R","1123 BLACK CANYON ST ST","LOT 4 BLK KK HIGHLAND PARK PHS D SEC 4","KAMARAJ NIHILAA",
"848526","280435010","R","18211 BANDELIER DR","LOT 6 BLK HH HIGHLAND PARK PHS D SEC 4","NAIR SHIBU & SREE LESHMI SHIBU",
"850117","280435202","R","812 LASSEN VOLCANIC DR","LOT 7 BLK GG HIGHLAND PARK PHS B SEC 6","THIMMAPPA SUSHMA KYASARALLI &",
"571900","280490101","R","2301 VILLAGE VIEW LOOP","LOT 19 BLK P FALCON POINTE SEC 7","GUPTA ABHISHEK & UMANG GUPTA",
"571908","280490109","R","2333 VILLAGE VIEW LOOP","LOT 27 BLK P FALCON POINTE SEC 7","RAMANATHAN RAJESH PADINYAREMADAM & RESHMA RAJESH",
"571918","280490201","R","2116 VILLAGE VIEW LOOP","LOT 15 BLK Q FALCON POINTE SEC 7","PURKER ARADHANA &",
"571929","280490212","R","2304 VILLAGE VIEW LOOP","LOT 8 BLK Q FALCON POINTE SEC 7","RAMANATHAN RAJESH PADINYAREMADAM",
"717937","280520229","R","18913 WANDERING VINE CV","LOT 20 BLK T FALCON POINTE SEC 5-B","GULATI ANOOP",
"741793","280520269","R","2809 SUMMIT HEIGHTS CT","LOT 22 BLK A FALCON POINTE SEC 8-B","AGARWAL PEYUSH",
"741796","280520272","R","2816 SUMMIT HEIGHTS CT","LOT 19 BLK A FALCON POINTE SEC 8-B","MANJESHWAR PRAVEEN KUMAR & ELIZABETH",
"718280","280521016","R","3016 RICHFIELD LNDG","LOT 22 BLK F FALCON POINTE SEC 8-A AMENDED","DWIVEDI ARUN K",
"586369","280521508","R","2508 BEAUTY BERRY CV","LOT 8 BLK U FALCON POINTE SEC 5-A","PAUL SRI RAJ & SIBI SEBASTIAN",
"586381","280521520","R","18909 FALCON POINTE BLVD","LOT 20 BLK U FALCON POINTE SEC 5-A","ANANTHULA RAJESHWAR & SARITHA",
"586385","280521524","R","18925 FALCON POINTE BLVD","LOT 24 BLK U FALCON POINTE SEC 5-A","RAJAGOPALAN HARIKRISHNA & SRIVIDYA NAIR",
"586396","280521609","R","18933 COLONIAL MANOR LN","LOT 9 BLK V FALCON POINTE SEC 5-A AMENDED","KOTTAPALLI RAMYA &",
"586397","280521701","R","2501 BARLEY FIELD PASS","LOT 15 BLK X FALCON POINTE SEC 5-A","SHARMA KAUSHALENDRA & DIVYA",
"717931","280521710","R","2705 BARLEY FIELD PASS","LOT 7 BLK X FALCON POINTE SEC 5-B","SELVARAJ BHARATH BALAJI & SATHIYAPRIYA GUNASEKARAN",
"757804","280521902","R","2812 MARIGOLD HEIGHTS CT","LOT 2 BLK G FALCON POINTE SEC 8-C","MANNETI LAKSHMI NEERAJA & RAJENDRA REDDY ARUGUNTA",
"739272","280550811","R","19500 SANGREMON WAY","LOT 22 BLK J AVALON PHS 3","MOSS ANANDA",
"739297","280550832","R","19316 MOORLYNCH AVE","LOT 1 BLK J AVALON PHS 3","HALOI ALAKESH & DARSHANA BARUA",
"778420","280551112","R","19908 WEARYALL HILL LN","LOT 19 BLK S AVALON PHS 4","AHMED ANAGUNDI SIRAJ &",
"739308","280551209","R","19409 MOORLYNCH AVE","LOT 8 BLK I AVALON PHS 3","SINGH ASHOK & RITA NAYAK",
"843691","280551217","R","19812 WEARYALL HILL LN","LOT 16 BLK I AVALON PHS 6A","SINGH ABHISHEK & ARATI",
"741810","280551302","R","18905 BOULDER CREST DR","LOT 2 BLK B FALCON POINTE SEC 8-B","BAKSHI ONKAR & RUCHA KANHEGAONKAR",
"741812","280551304","R","3005 MISTY HEIGHTS CV","LOT 4 BLK B FALCON POINTE SEC 8-B","KANDY LYDIA S & PHANI K DUVVURI",
"843711","280551709","R","19200 BRIDIE PATH","LOT 18 BLK H AVALON PHS 6A","ZAHEER SYED FARJAD & MUNIBA RAZA",
"843717","280551715","R","19609 WEARYALL HILL LN","LOT 3 BLK H AVALON PHS 6A","KAKADIYA DHRUV &",
"843723","280551721","R","3300 MERLIN CT","LOT 9 BLK H AVALON PHS 6A","SUNDAR VAASAVI & SHEEL SHAH",
"843725","280551902","R","19113 BRIDIE PATH","LOT 8 BLK F AVALON PHS 6A","GOWDA SHARADHI SHIVAMADAIAH",
"843728","280551905","R","19205 BRIDIE PATH","LOT 11 BLK F AVALON PHS 6A","ERIGINDINDLA RAMAMURTHY",
"860231","280552005","R","19012 PRIDDY CT","LOT 47 BLK G AVALON PHS 6B","SINGH MANISH & DIVYA MALIK",
"860239","280552013","R","19416 WEARYALL HILL LN","LOT 39 BLK G AVALON PHS 6B","MALLELA SIVA KISHOR & SREEDEVI",
"877784","280552016","R","19404 WEARYALL HILL LN","LOT 36 BLK G AVALON PHS 6C","NAIK RASIKBHAI AMRATLAL &",
"842514","280570107","R","3425 GRAIL HOLLOWS RD","LOT 61 BLK EE AVALON PHS 10","PATEL MANISH DAHYABHAI &",
"842524","280570117","R","3613 GRAIL HOLLOWS RD","LOT 71 BLK EE AVALON PHS 10","PATEL GAURAVKUMAR N & SIMA",
"736611","280570201","R","19532 MELWAS WAY","LOT 19 BLK C AVALON PHS 1","VOHRA MOIN",
"736626","280570216","R","19404 MELWAS WAY","LOT 34 BLK C AVALON PHS 1","CHANDRASEKARAN NATARAJAN &",
"778486","280570218","R","19401 BRIDIE PATH PATH","LOT 1 BLK C AVALON PHS 4","TALASILA SAI & PRASHANTHI GOGINENI REVOCABLE TRUST",
"778490","280570222","R","19417 BRIDIE PATH PATH","LOT 5 BLK C AVALON PHS 4","SHIVASWAMY USHA M",
"778491","280570223","R","19421 BRIDIE PATH PATH","LOT 6 BLK C AVALON PHS 4","SHANKAR MITHUN",
"736647","280570320","R","19516 BRUE ST","LOT 20 BLK B AVALON PHS 1","PURI SNEHA & GEORGE JOSEPH",
"736651","280570324","R","19500 BRUE ST","LOT 24 BLK B AVALON PHS 1","DUTTA ROHIT",
"736686","280570331","R","3616 GLASTONBURY TRL","LOT 31 BLK B AVALON PHS 1","PATEL PRATIKKUMAR & KOMAL",
"736674","280570417","R","19533 BRUE ST","LOT 17 BLK A AVALON PHS 1","SWAMI TILAK SOORAJBHAN & NEETU SING",
"860253","280570508","R","19304 MELWAS WAY","LOT 21 BLK F AVALON PHS 6B","VENKATACHALAM & DHANASEKAR LIVING TRUST",
"736986","280570906","R","19421 BRENT KNOLL DR","LOT 6 BLK V AVALON PHS 2","JAYARAM SRIKUMAR &",
"736996","280570916","R","19512 MORGANA DR","LOT 16 BLK V AVALON PHS 2","ARORA TARUN",
"737010","280571005","R","19501 MORGANA DR","LOT 6 BLK W AVALON PHS 2","VIJJESWARAPU VIVIAN SUNDEEP & SUSAN",
"852861","280571013","R","19504 KOLSTI WAY","LOT 13 BLK W AVALON PHS 5A","BHAT TALAPADY S & MYTHRI KRISHNAMOORTHYSUJATHA",
"787018","280571326","R","3341 CRISPIN HALL LN","LOT 21 BLK T AVALON PHS 7A","TIWARI & BOHARE FAMILY TRUST",
"787020","280571328","R","3405 CRISPIN HALL LN","LOT 19 BLK T AVALON PHS 7A","MISTRY HARDIK ANIL & NISHI LAD",
"778453","280571407","R","3405 GLASTONBURY TRL","LOT 3 BLK E AVALON PHS 4","KANNAN FAMILY TRUST",
"778476","280571521","R","3413 PEAT MOORS CV","LOT 21 BLK D AVALON PHS 4","GNANAMOORTHY VIJAI ELANGO",
"852849","280571802","R","19509 KOLSTI WAY","LOT 7 BLK X AVALON PHS 5A","GOGNA RICH INDER",
"860246","280571901","R","3601 TOR LN","LOT 18 BLK CC AVALON PHS 6B","RAMAKRISHNAN MURALEEDHARAN MURIYAN",
"874457","280572002","R","19805 RHIANNON LN","LOT 1 BLK GG AVALON PHS 12A","AGARWAL ARCHIT & UPASANA DHARIYAL",
"754311","280590202","R","20005 HAWK HOOD DR","LOT 16 BLK N PARK AT BLACKHAWK VI SEC 1 THE","SHETTY JITHEN",
"754312","280590203","R","20009 HAWK HOOD DR","LOT 17 BLK N PARK AT BLACKHAWK VI SEC 1 THE","SARMALKAR ADITYA & ANUPRIYA TIWARI",
"754324","280590308","R","19900 HARRIER FLIGHT TRL","LOT 5 BLK P PARK AT BLACKHAWK VI SEC 1 THE","SHAHANE SANTOSH & DEEPALI",
"795342","280590602","R","3924 BREAN DOWN RD","LOT 2 BLK NN AVALON PHS 9A","VEDULA VENKATARAO & MADHURI",
"795346","280590606","R","3908 BREAN DOWN RD","LOT 6 BLK NN AVALON PHS 9A","BANSAL SANDEEP & SONIA MITTAL",
"795350","280590701","R","3720 GRAIL HOLLOWS RD","LOT 6 BLK HH AVALON PHS 9A","SHRESTHA JAYA PRAKASH & SUJATA",
"795354","280590705","R","3704 GRAIL HOLLOWS RD","LOT 2 BLK HH AVALON PHS 9A","CHOVATIA JAYDEEPKUMAR",
"878595","280590716","R","19908 WIRRALL RD","LOT 16 BLK HH AVALON PHS 11B","PATEL AMIT",
"844757","280590806","R","3704 BREAN DOWN RD","LOT 12 BLK MM AVALON PHS 9B","PATEL HARIKRISHNA & AMANDA",
"874428","280590818","R","19617 STANTON DREW TRL","LOT 23 BLK MM AVALON PHS 9C","MUTHUKRISHNAN SHYAMLAN SUNDAR &",
"874429","280590819","R","19629 STANTON DREW TRL","LOT 22 BLK MM AVALON PHS 9C","VARADARAJI RAJESH PERUMAL &",
"844761","280590903","R","3620 BREAN DOWN RD","LOT 3 BLK LL AVALON PHS 9B","KOTHAPALLI UDAYA BHASKAR & KHYATHI BALUSU",
"844762","280590904","R","3616 BREAN DOWN RD","LOT 4 BLK LL AVALON PHS 9B","DAS SMITA & AJOY MAJUMDAR",
"844766","280590908","R","19720 ABIGAIL WAY","LOT 8 BLK LL AVALON PHS 9B","REGMI SAGAR",
"874407","280590917","R","19916 ISLE OF GLASS ST","LOT 17 BLK LL AVALON PHS 9C","KUMAR ANAND KRISHNAN ASHOK &",
"844772","280591001","R","19717 ABIGAIL WAY","LOT 21 BLK KK AVALON PHS 9B","BIJOY SWETHA & SARAVANA PRAKASH SIVANANDHAM",
"844775","280591004","R","19729 ABIGAIL WAY","LOT 18 BLK KK AVALON PHS 9B","DAS SOUMENDRA & PRANATI DAS",
"844779","280591101","R","3601 BREAN DOWN RD","LOT 16 BLK JJ AVALON PHS 9B","NARGIS MST WAHEED NAZMA & ",
"844785","280591107","R","3625 BREAN DOWN RD","LOT 22 BLK JJ AVALON PHS 9B","SIMKHADA UMESH",
"844791","280591113","R","3721 BREAN DOWN RD","LOT 28 BLK JJ AVALON PHS 9B","EDULA PALAVALI LIVING TRUST",
"858801","280591120","R","3713 LUNET RING WAY","LOT 4 BLK JJ AVALON PHS 11A","THAKRAR RIKESH & SHIVANI HIRA",
"858805","280591124","R","3625 LUNET RING WAY","LOT 8 BLK JJ AVALON PHS 11A","DASIKA RAVIKUMAR & MADHAVI",
"858806","280591125","R","3621 LUNET RING WAY","LOT 9 BLK JJ AVALON PHS 11A","GOVINDARAJAN RAMKUMAR",
"844845","280591208","R","21021 ISLE OF GLASS ST","LOT 7 BLK WW AVALON PHS 15A","JAIN ALKA",
"874678","280591218","R","19708 DUNSTAN BEACON LN","LOT 17 BLK WW AVALON PHS 16A","SUNDAR KARTHIK LAXMAN &",
"874682","280591222","R","19644 DUNSTAN BEACON LN","LOT 21 BLK WW AVALON PHS 16A","PATEL JAY M",
"874684","280591224","R","19636 DUNSTAN BEACON LN","LOT 23 BLK WW AVALON PHS 16A","SHUKLA SHAILANDRA",
"874687","280591227","R","19624 DUNSTAN BEACON LN","LOT 26 BLK WW AVALON PHS 16A","KHANDELWAL MANISH & SHYAMA JOSHI",
"844857","280591304","R","21101 ISLE OF GLASS ST","LOT 4 BLK XX AVALON PHS 15A","BANGAR JINAT SINGH",
"858813","280591702","R","3608 LUNET RING WAY","LOT 12 BLK II AVALON PHS 11A","RANGASWAMY EAKAMBARAM T & KALAIVANI",
"858820","280591709","R","3712 LUNET RING WAY","LOT 5 BLK II AVALON PHS 11A","JAYARAMAN PRASANNA & SANGEETHA SHANKER",
"874388","280591903","R","19809 ISLE OF GLASS ST","LOT 3 BLK PP AVALON PHS 9C","PERI RAVI KIRAN V & VENKATA S.R.K PERI",
"874395","280591910","R","19901 ISLE OF GLASS ST","LOT 10 BLK PP AVALON PHS 9C","DEVARAJAN SHREENIVAAS",
"879221","280591917","R","3700 DEL PAYNE LN","LOT 17 BLK PP AVALON PHS 13A","VISHAKA SANJEEVANI REDDY",
"860331","280620106","R","20017 PLOUGHSHORES LN","LOT 18 BLK VV AVALON PHS 15B","BHATT NAIMISH VINAY &",
"860270","280620301","R","21105 ISLE OF GLASS ST","LOT 3 BLK XX AVALON PHS 15B","PALANIAPPAN MUTHUPALANIAPPAN &",
"874719","280620304","R","19724 SHINNING ISLE RUN","LOT 14 BLK XX AVALON PHS 16A","MOODABIDRI RAJITH ETAL",
"874721","280620306","R","19716 SHINNING ISLE RUN","LOT 12 BLK XX AVALON PHS 16A","SHAH SANKET KANAKKUMAR & NANCY",
"874722","280620307","R","19712 SHINNING ISLE RUN","LOT 11 BLK XX AVALON PHS 16A","AVUSHERLA BHARATH KUMAR",
"860276","280620401","R","19733 SHINNING ISLE RUN","LOT 8 BLK YY AVALON PHS 15B","JAGTIANI AJAY",
"860281","280620406","R","19809 SHINNING ISLE RUN","LOT 3 BLK YY AVALON PHS 15B","MOHAPATRA FAMILY REVOCABLE TRUST",
"860285","280620410","R","19828 CHERUBINI TRL","LOT 38 BLK YY AVALON PHS 15B","PURKAIT SAMIT",
"860287","280620412","R","19820 CHERUBINI TRL","LOT 36 BLK YY AVALON PHS 15B","KOPPARAPU RAVIKIRANKUMAR",
"860289","280620414","R","19812 CHERUBINI TRL","LOT 34 BLK YY AVALON PHS 15B","BANDARU NAGARAJU & BHARATI",
"860291","280620416","R","19804 CHERUBINI TRL","LOT 32 BLK YY AVALON PHS 15B","RAJESHAKSHAYADIVYA LIVING TRUST",
"860294","280620419","R","19740 CHERUBINI TRL","LOT 29 BLK YY AVALON PHS 15B","KOLLURU FAMILY TRUST",
"874714","280620430","R","19713 SHINNING ISLE RUN","LOT 13 BLK YY AVALON PHS 16A","AGRAWAL SHUBHAM & MITALI MITTAL",
"860300","280620506","R","19821 CHERUBINI TRL TRL","LOT 22 BLK ZZ AVALON PHS 15B","MUKHOPADHYAY SUMANTA &",
"860307","280620513","R","20116 PLOUGHSHORES LN","LOT 15 BLK ZZ AVALON PHS 15B","PATEL PURVI P & PRATIK M",
"860308","280620514","R","20112 PLOUGHSHORES LN","LOT 14 BLK ZZ AVALON PHS 15B","PATEL TEJASKUMAR MANHAR",
"874697","280620609","R","19733 CHERUBINI TRL","LOT 41 BLK WW AVALON PHS 16A","PATTURI NIRMALA & RAMU KETHA",
"764036","282380469","R","19332 PENCIL CACTUS DR","LOT 57 BLK M SPRING TRAILS PHS 1-B","MANIRUZZAMAN MOHAMMED &",
"572002","282400607","R","18109 GLACIER BAY ST","LOT 7 BLK C HIGHLAND PARK PHS A SEC 1","RAJWAR RICHA & DIGVIJAY S PARMAR",
"572009","282400702","R","18040 GREAT BASIN AVE","LOT 2 BLK B HIGHLAND PARK PHS A SEC 1","PATEL CHRISTINA & JIGNESH",
"572030","282401103","R","209 GILA CLIFF DR","LOT 3 BLK F HIGHLAND PARK PHS A SEC 1","BODIREDDYGARI SIREESHKUMAR",
"572038","282401206","R","18000 GREAT BASIN AVE","LOT 6 BLK E HIGHLAND PARK PHS A SEC 1","KHETAN GAURANG R & SHUHRA",
"797670","282401703","R","1304 KINGSTON LACY BLVD","LOT 3 BLK II HIGHLAND PARK PHS B SEC 3","GARIMELLA-KONERU FAMILY TRUST",
"850153","282401903","R","717 SLEEPING BEAR DUNES DR DR","LOT 3 BLK HH HIGHLAND PARK PHS B SEC 8","KATI SATHISH BABU",
"821096","282430124","R","18933 OBED RIVER DR","LOT 11 BLK E HIGHLAND PARK PHS D SEC 3","GUPTA CHARU & VIKAS K KAUSHAL",
"821097","282430125","R","18937 OBED RIVER DR","LOT 10 BLK E HIGHLAND PARK PHS D SEC 3","BHATIA AJAY",
"572057","282430302","R","817 OLD WICK CASTLE WAY","LOT 6 BLK I HIGHLAND PARK NORTH PHS A SEC 3","BAID CHANDRA & JYOTI",
"865841","282430522","R","18811 OBED RIVER DR","LOT 10 BLK N HIGHLAND PARK PHS D SEC 6","SUBRAMANIAN PADMAVATHY",
"797683","282430617","R","912 NIOBRARA RIVER DR","LOT 17 BLK M HIGHLAND PARK PHS D SEC 2","AMERNENY NARENDRA P",
"821109","282430625","R","18621 SALT RIVER BAY DR","LOT 7 BLK M HIGHLAND PARK PHS D SEC 3","RAVULAPATI RAVALI MOHANA & BHAVISH DODIA",
"821115","282430631","R","18921 SALT RIVER BAY DR","LOT 1 BLK M HIGHLAND PARK PHS D SEC 3","VEDANABHATLA VENKAT SRIKANTH & VENKATA ARUNA PRASANNA PENUMARTHI",
"865860","282430715","R","18826 OBED RIVER DR","LOT 28 BLK O HIGHLAND PARK PHS D SEC 6","DAMODARAN VIVEK MANIKANDAN",
"865865","282430720","R","18816 OBED RIVER DR","LOT 23 BLK O HIGHLAND PARK PHS D SEC 6","BALARAMAN VAIDHEHI",
"865873","282430728","R","1532 PORTCHESTER CASTLE PATH","LOT 15 BLK O HIGHLAND PARK PHS D SEC 6","SHEIKH MOHSIN",
"865876","282430731","R","1520 PORTCHESTER CASTLE PATH","LOT 12 BLK O HIGHLAND PARK PHS D SEC 6","LAKSHMINARAYANAN KARTIK & CYNDHAVI",
"773595","282431121","R","806 CRATERS OF THE MOON BLVD","LOT 12 BLK L HIGHLAND PARK PHS D SEC 1","LAKAMSANI ADAM R & RAMA K",
"773631","282432006","R","911 CRATERS OF THE MOON BLVD","LOT 6 BLK U HIGHLAND PARK PHS D SEC 1","TENDOLKAR PRAKASH DIGAMBAR",
"773633","282432008","R","915 CRATERS OF THE MOON BLVD","LOT 8 BLK U HIGHLAND PARK PHS D SEC 1","GONDHALI GHANANEEL & KETKI",
"797696","282432209","R","732 NIOBRARA RIVER DR","LOT 9 BLK H HIGHLAND PARK PHS D SEC 2","CHHABRA ROSHAN LAL & SUMAN",
"797730","282432506","R","921 NIOBRARA RIVER DR","LOT 6 BLK K HIGHLAND PARK PHS D SEC 2","MAJMUDAR HIREN V & PURVI H",
"821116","282432701","R","19028 OBED RIVER DR","LOT 1 BLK F HIGHLAND PARK PHS D SEC 3","MANDAPATI ANUPAMA",
"821124","282432709","R","18936 OBED RIVER DR","LOT 9 BLK F HIGHLAND PARK PHS D SEC 3","JAGANNATHAN CHILDRENS TRUST",
"821129","282432714","R","820 NOATAK TRL","LOT 14 BLK F HIGHLAND PARK PHS D SEC 3","MAJMUDAR HIREN V & PURVI H",
"821136","282432721","R","720 NOATAK TRL","LOT 21 BLK F HIGHLAND PARK PHS D SEC 3","KUMAR NEERAJ & SUPRIYA RAJPUT",
"836509","282432905","R"," MAMMOTH CAVE BLVD","LOT 3A BLK Y HIGHLAND PARK PHS B SEC 10 & 13","RASTOGI RADHIKA",
"836511","282433002","R","18511 MAMMOTH CAVE BLVD","HIGHLAND PARK PHS B SEC 10 & 13 BLK X LOT 1A","PRAKASH VIMAL",
"840594","282433103","R","916 BRYCE CANYON DR","LOT 5 BLK AA HIGHLAND PARK PHS B SEC 9, 11 & 12 AMENDED","ROTTI PRASANNA &",
"848395","282433601","R","1115 CRATERS OF THE MOON BLVD","LOT 1 BLK Z HIGHLAND PARK PHS D SEC 5","ALAGIRISWAMY DINESH RAGAVAN",
"848401","282433803","R","1118 CRATERS OF THE MOON BLVD","LOT 7 BLK Y HIGHLAND PARK PHS D SEC 5","RAMAMANI GOKUL &",
"865905","282433806","R","1115 NIOBRARA RIVER DR","LOT 1 BLK Y HIGHLAND PARK PHS D SEC 6","PATEL SHILPA S",
"850144","282433903","R","808 SLEEPING BEAR DUNES DR DR","LOT 7 BLK JJ HIGHLAND PARK PHS B SEC 8","NAGARAJAN & RAJAM LIVING TRUST",
"850146","282433905","R","800 SLEEPING BEAR DUNES DR DR","LOT 5 BLK JJ HIGHLAND PARK PHS B SEC 8","MANDAPATI SATYA NARAYANA & VIMALA DEVI",
"850154","282435501","R","721 SLEEPING BEAR DUNES DR DR","LOT 4 BLK HH HIGHLAND PARK PHS B SEC 8","MATHAD ADITYA & PRACHI DESHPANDE",
"865400","282435603","R","19109 OBED RIVER DR","LOT 2 BLK A HIGHLAND PARK PHS D SEC 7","BURLI SRINIVAS &",
"865402","282435801","R","605 NOATAK TRL","LOT 1 BLK C HIGHLAND PARK PHS D SEC 7","GHIMIRE SUSHIL & ANISA RIJAL",
"865410","282435809","R","608 NIOBRARA RIVER DR","LOT 9 BLK C HIGHLAND PARK PHS D SEC 7","VHORA NAZIRMOHMED S",
"865904","282436106","R","1114 NIOBRARA RIVER DR","LOT 1 BLK X HIGHLAND PARK PHS D SEC 6","THAPA ANUP &",
"865853","282460326","R","18702 OBED RIVER DR","LOT 22 BLK N HIGHLAND PARK PHS D SEC 6","SABHARWAL FAMILY REVOCABLE TRUST",
"865856","282460329","R","18703 OBED RIVER DR","LOT 19 BLK N HIGHLAND PARK PHS D SEC 6","MITHUN FNU RITESH &",
"572094","282490204","R","2233 VILLAGE VIEW LOOP","LOT 18 BLK P FALCON POINTE SEC 7","VAIDYA TEJAS VIKAS &",
"550127","282550102","R","2701 AMEN CORNER RD","LOT 24 BLK B FAIRWAYS OF BLACKHAWK PHS IV","GURRAM MOHANA & SWETHA",
"550139","282550205","R","19700 DIABLO DR","LOT 40 BLK A FAIRWAYS OF BLACKHAWK PHS IV","SHAIK SHANUR & SUHANI SHARMA",
"550163","282550408","R","19804 VILAMOURA ST","LOT 11 BLK D FAIRWAYS OF BLACKHAWK PHS IV","SHRESTHA BIKAL",
"550164","282550409","R","19800 VILAMOURA ST","LOT 12 BLK D FAIRWAYS OF BLACKHAWK PHS IV","KOVVURI SUBRAHMANYA SAIKIRAN & LAKSHMI",
"550211","282550512","R","19817 VILAMOURA ST","LOT 14 BLK E FAIRWAYS OF BLACKHAWK PHS IV","GOVINDAN KRISHNA P & GAYATHRI K PRASAD",
"550251","282550810","R","19529 VILAMOURA ST","LOT 3 BLK G FAIRWAYS OF BLACKHAWK PHS IV","NARA RAMAMOHAN REDDY & GEETHA KAIPA",
"550253","282550812","R","19537 VILAMOURA ST","LOT 1 BLK G FAIRWAYS OF BLACKHAWK PHS IV","AGRAWAL DEEPAK",
"830388","282551103","R","19713 CERRIDWEN DR","LOT 4 BLK N AVALON PHS 7B","MAHAJAN YASHODHAN & RENUKA PANDE",
"830391","282551106","R","19805 CERRIDWEN DR","LOT 7 BLK N AVALON PHS 7B","BADHIWALA MANSI & NISHANT DOCTOR",
"830395","282551110","R","19821 CERRIDWEN DR","LOT 11 BLK N AVALON PHS 7B","SINGH SUMEET & KIRAN KARKI",
"842466","282570114","R","22009 RHIANNON LN","LOT 42 BLK EE AVALON PHS 10","GANDHI DEVANGI J & JINESH C",
"842472","282570120","R","22004 RHIANNON LN","LOT 47 BLK EE AVALON PHS 10","BARUA DARSHANA & ALAKESH HALOI",
"842478","282570126","R","3321 GRAIL HOLLOWS RD","LOT 53 BLK EE AVALON PHS 10","POCHIMIREDDY SREENIVASULA REDDY & NAGAJYOTHI YELLURU",
"842485","282570133","R","3421 GRAIL HOLLOWS RD","LOT 60 BLK EE AVALON PHS 10","KUMRA ROHIT",
"849283","282570146","R","3217 CHALICE WELL DR","LOT 16 BLK L AVALON PHS 8A","ALURI VENKATA SESHADHAR &",
"849291","282570154","R","3212 MISTY SHORE LN","LOT 23 BLK L AVALON PHS 8A","PATEL MIHIR C & NILABEN",
"858904","282570158","R","19924 CHAYTON CIR","LOT 5 BLK B LAKESIDE AT BLACKHAWK II PHS 2A","BOSE SURESH CHANDRA GANESH",
"858907","282570161","R","19912 CHAYTON CIR","LOT 8 BLK B LAKESIDE AT BLACKHAWK II PHS 2A","KANAPURAM MAHESWARA REDDY &",
"864084","282570167","R","3134 MISTY SHORE LN","LOT 29 BLK L AVALON PHS 8B","MALANI DEVANAND & MADHU B ETAL",
"874515","282570174","R","22004 ABIGAIL WAY","LOT 34 BLK EE AVALON PHS 12A","DEVARAKONDA KAVITHA",
"849298","282570209","R","3024 BURCOTT MILL RD","LOT 23 BLK K AVALON PHS 8A","GRAR RAJAA",
"842508","282570413","R","21008 RHIANNON LN","LOT 20 BLK FF AVALON PHS 10","GUPTA SHIVAM & DHWANI AGRAWAL",
"842509","282570414","R","21004 RHIANNON LN","LOT 19 BLK FF AVALON PHS 10","GANDHI DEVANGI J & JINESH C",
"874518","282570418","R","20020 RHIANNON LN","LOT 15 BLK FF AVALON PHS 12A","MANOJ & CHHAYA FAMILY TRUST",
"874520","282570420","R","20012 RHIANNON LN","LOT 13 BLK FF AVALON PHS 12A","KALAGA MADHAV V & SRIDEVI VALLURI",
"874521","282570421","R","20008 RHIANNON LN","LOT 12 BLK FF AVALON PHS 12A","VISSA KALYAN & SANDHYA VISSE",
"849353","282570512","R","3209 MISTY SHORE LN","LOT 14 BLK M AVALON PHS 8A","BHAVANDLA LAXMANA KUMAR  & SREE",
"858911","282570602","R","20008 SPARHAWK TER","LOT 2 BLK F LAKESIDE AT BLACKHAWK II PHS 2A","MANJAIAH MAHESH DINDAGUR",
"858912","282570603","R","20004 SPARHAWK TER","LOT 3 BLK F LAKESIDE AT BLACKHAWK II PHS 2A","PARANJOTHY RAMKUMAR &",
"858913","282570604","R","20000 SPARHAWK TER","LOT 4 BLK F LAKESIDE AT BLACKHAWK II PHS 2A","SINGH VISHALA B",
"858914","282570605","R","19916 SPARHAWK TER","LOT 5 BLK F LAKESIDE AT BLACKHAWK II PHS 2A","KUMAR DIVYA & NEERU SHARMA",
"858915","282570606","R","19912 SPARHAWK TER","LOT 6 BLK F LAKESIDE AT BLACKHAWK II PHS 2A","PANSARE SAURABH PRAKASH &",
"858919","282570610","R","19900 KITE WING TER","LOT 10 BLK F LAKESIDE AT BLACKHAWK II PHS 2A","AKHLAQUE KASHIF & SAMAN K AKHLAQUE",
"858929","282570620","R","20017 CHAYTON CIR","LOT 20 BLK F LAKESIDE AT BLACKHAWK II PHS 2A","VARUVEL JEBASEELAN &",
"858930","282570701","R","19901 SPARHAWK TER","LOT 1 BLK G LAKESIDE AT BLACKHAWK II PHS 2A","SIRIPURAPU SRI & CHANDU MALLELA",
"858933","282570704","R","20005 SPARHAWK TER","LOT 4 BLK G LAKESIDE AT BLACKHAWK II PHS 2A","METTU CHANDANA & BADARI MALLIREDDY",
"858934","282570705","R","3301 PLOVER RAIN WAY","LOT 5 BLK G LAKESIDE AT BLACKHAWK II PHS 2A","MALLIREDDY BADARI &",
"858936","282570707","R","3309 PLOVER RAIN WAY","LOT 7 BLK G LAKESIDE AT BLACKHAWK II PHS 2A","PALANICHAMY THIRUPPATHY &",
"858938","282570709","R","20008 KITE WING TER","LOT 9 BLK G LAKESIDE AT BLACKHAWK II PHS 2A","THYAGARAJAN HARIRAJAN &",
"858944","282570806","R","20005 KITE WING TER","LOT 22 BLK H LAKESIDE AT BLACKHAWK II PHS 2A","GANDRA ASOKA V &",
"874475","282570913","R","20013 RHIANNON LN","LOT 19 BLK GG AVALON PHS 12A","THIRUMALAI SUNDARARAJAN &",
"874483","282570920","R","21024 ABIGAIL WAY","LOT 26 BLK GG AVALON PHS 12A","PANNU KARANBIR S & PUJA P",
"874485","282570922","R","21016 ABIGAIL WAY","LOT 28 BLK GG AVALON PHS 12A","PATEL DHAVAL & PURVI",
"874488","282570925","R","21004 ABIGAIL WAY","LOT 31 BLK GG AVALON PHS 12A","PATIL AMITKUMAR &",
"874497","282571007","R","21025 ABIGAIL WAY","LOT 7 BLK EE AVALON PHS 12A","KRISHNAMOORTHY PARTHASARATHY & SAMEERAJA MAMIDIPALLI",
"754352","282590301","R","20201 MERLIN FALCON TRL","LOT 15 BLK G PARK AT BLACKHAWK VI SEC 1 THE","DESOUZA JAYANT",
"754362","282590311","R","20313 MERLIN FALCON TRL","LOT 25 BLK G PARK AT BLACKHAWK VI SEC 1 THE","KARUPPAIAH PRABAKARAN & ANBARASI",
"754390","282590414","R","3709 EAGLE FLEDGE TER","LOT 10 BLK I PARK AT BLACKHAWK VI SEC 1 THE","AMMAJI LIVING TRUST",
"754418","282590510","R","3713 HERON ROOST PASS","LOT 10 BLK L PARK AT BLACKHAWK VI SEC 1 THE","BAHL MANUJ & SHIVANI MATTA",
"754393","282590518","R","19921 HARRIER FLIGHT TRL","LOT 23 BLK L PARK AT BLACKHAWK VI SEC 1 THE","PINGALI SRIHARI B & UMARANI",
"754367","282590604","R","3716 HERON ROOST PASS","LOT 16 BLK K PARK AT BLACKHAWK VI SEC 1 THE","ALMEIDA TRISHA & RYAN ANTHONY ALMEIDA",
"754372","282590609","R","3616 HERON ROOST PASS","LOT 21 BLK K PARK AT BLACKHAWK VI SEC 1 THE","WUNNAVA ABHINAV VENKATA &",
"754375","282590612","R","3604 HERON ROOST PASS","LOT 24 BLK K PARK AT BLACKHAWK VI SEC 1 THE","REGHUPATHY MAHESH V & JAYASREE SADASIVAN",
"864718","282590701","R","20205 EIRE DR","LOT 8 BLK D LAKESIDE AT BLACKHAWK III PHS I","THAMIZHARASAN HARISH & RATHI HARISH",
"878559","282591002","R","20032 ABIGAIL WAY","LOT 33 BLK HH AVALON PHS 11B","BAHUGUNA AAYUSH & ANUSHA NAUTIYAL",
"878565","282591008","R","20008 ABIGAIL WAY","LOT 27 BLK HH AVALON PHS 11B","KANCHERLA VIJAY SINGH &",
"878569","282591012","R","20005 WIRRALL RD","LOT 23 BLK HH AVALON PHS 11B","2021 PANDEY TRIVEDI FAMILY REVOCABLE TRUST",
"878571","282591014","R","20008 WIRRALL RD","LOT 21 BLK HH AVALON PHS 11B","SHRIVASTAVA JITENDRA & RUPAL",
"878581","282591106","R","3705 CADBURY CASTLE LN","LOT 19 BLK II AVALON PHS 11B","NANDAMUDI VISWESWARA R & SRIDEVI",
"878584","282591109","R","19924 ABIGAIL WAY","LOT 16 BLK II AVALON PHS 11B","HANUMAIAH GANGARAJU &",
"878587","282591202","R","19917 ABIGAIL WAY","LOT 7 BLK KK AVALON PHS 11B","GODBOLE AKSHAY",
"878593","282591208","R","19941 ABIGAIL WAY","LOT 1 BLK KK AVALON PHS 11B","SUNDARAMOORTHY VILVAKUMAR",
"754427","282620102","R","20312 STANLEY ROBIN LN","LOT 4 BLK G PARK AT BLACKHAWK VI SEC 1 THE","DIXIT SUDHA & SAURABH DIXIT",
"754428","282620103","R","20308 STANLEY ROBIN LN","LOT 5 BLK G PARK AT BLACKHAWK VI SEC 1 THE","RAHMAN MD",
"754431","282620106","R","20224 STANLEY ROBIN LN","LOT 8 BLK G PARK AT BLACKHAWK VI SEC 1 THE","MALLIKARJUNAPPA PRAKASH &",
"754435","282620110","R","20208 STANLEY ROBIN LN","LOT 12 BLK G PARK AT BLACKHAWK VI SEC 1 THE","BAWEJA JASPREET S",
"754437","282620112","R","20200 STANLEY ROBIN LN","LOT 14 BLK G PARK AT BLACKHAWK VI SEC 1 THE","MATHUR ADITYA & RICHA DOBHAL",
"876138","282620602","R","3805 CONDOR STOOP DR","LOT 2 BLK E PARK AT BLACKHAWK VI SEC 2 THE","PANDEY ROMIE",
"876140","282620604","R","3813 CONDOR STOOP DR","LOT 4 BLK E PARK AT BLACKHAWK VI SEC 2 THE","MUNAGALETI DURGAVIJAYALAKSHMI &",
"876141","282620605","R","3817 CONDOR STOOP DR","LOT 5 BLK E PARK AT BLACKHAWK VI SEC 2 THE","VAKKALANKA KISHORE N &",
"876365","282621002","R","20432 SHELLDUCK DR","LOT 40 BLK A PARK AT BLACKHAWK VI SEC 5 THE","TRIVEDI SAMEERKUMAR & RANJU TRIVEDI",
"876376","282621014","R","4109 GODWIT DR","LOT 29 BLK A PARK AT BLACKHAWK VI SEC 5 THE","PANGA SHESHU NAGESHWAR RAO",
"876395","282621033","R","4116 GODWIT DR","LOT 6 BLK A PARK AT BLACKHAWK VI SEC 5 THE","DUBEY RAHUL",
"728505","284361206","R","18605 PENCIL CACTUS DR","SPRING TRAILS PHS 1 AMD PT LTS 1,16,18-19 & 31-33 BL C BLK C LOT 32","SHRESTHA PRAMOD L &",
"728507","284361302","R","18604 PENCIL CACTUS DR","LOT 2 BLK D SPRING TRAILS PHS 1","NELLIKKATTIL TONY D & BLOSSOM",
"699934","284380303","R","18612 WILLIAM ANDERSON DR","LOT 32 BLK A ROYAL POINTE SEC 1","SUBBARAYALUJELAKARA BALAJI ETAL",
"728524","284380408","R","317 SPRINGBROOK RD","LOT 24 BLK G SPRING TRAILS PHS 1","NAMASIVAYAM SARAVANAN",
"830503","284380419","R","18609 STAR GAZER WAY","LOT 10 BLK G SPRING TRAILS PHS 9","YADAV RAJAN & ANSHUL YADAV",
"830505","284380421","R","18617 STAR GAZER WAY","LOT 12 BLK G SPRING TRAILS PHS 9","ATHOTA SASHANK & ANILA DALIPARTHI",
"728537","284380509","R","408 SPRINGBROOK RD","LOT 14 BLK C SPRING TRAILS PHS 1","SINGH AVINASH KUMAR",
"728540","284380512","R","18725 PENCIL CACTUS DR","LOT 17 BLK C SPRING TRAILS PHS 1","AGGARWAL ANURAG & ASHIMA GOEL",
"728559","284380609","R","500 SPRINGBROOK RD","LOT 9 BLK E SPRING TRAILS PHS 1","ZAKARIA AYYAZ U & MARIAM Z RAZZAK",
"763914","284380701","R","19325 PENCIL CACTUS DR","LOT 54 BLK M SPRING TRAILS PHS 1-B","HUSSAIN SYED & FARZANA IBRAHIM",
"763948","284380735","R","19001 PENCIL CACTUS DR","LOT 20 BLK M SPRING TRAILS PHS 1-B","YEOLE SATISH",
"830510","284380744","R","18600 STAR GAZER WAY","LOT 11 BLK M SPRING TRAILS PHS 9","GOYAL DEEPTI & MUNISH",
"818805","284380807","R","18709 STAR GAZER WAY","LOT 6 BLK F SPRING TRAILS PHS 4","KUMAR TARUN & ANTRA ARORA",
"818826","284380831","R","18305 HICKORY BARK CT","LOT 30 BLK F SPRING TRAILS PHS 5","PARIKH MAHEK",
"806983","284380908","R","913 LONESOME LILLY WAY","LOT 12 BLK J SPRING TRAILS PHS 3","SYED ANSARI & KAREEMUNNISA",
"818795","284380917","R","18708 STAR GAZER WAY","LOT 3 BLK J SPRING TRAILS PHS 4","KAJA RAVI & SUPRIYA",
"763961","284381001","R","1012 LONESOME LILLY WAY","LOT 2 BLK O SPRING TRAILS PHS 1-B","PATEL NISHANT",
"763962","284381002","R","1016 LONESOME LILLY WAY","LOT 1 BLK O SPRING TRAILS PHS 1-B","PATEL NAVINBHAI & MEENA",
"832082","284381104","R","821 AUTUMN SAGE WAY","LOT 37 BLK N SPRING TRAILS PHS 6","SINGH KIRAN & SANGEETA",
"763982","284381208","R","609 SPRINGBROOK RD","LOT 14 BLK H SPRING TRAILS PHS 1-B","NEUPANE HEMANT JOSHI & NANDITA SHARMA",
"806964","284381314","R","712 LONESOME LILLY WAY","LOT 7 BLK L SPRING TRAILS PHS 3","THAKURI MAHESH &",
"764003","284381505","R","408 WILLOW WALK DR","LOT 17 BLK K SPRING TRAILS PHS 1-B","BOTHRA PRASHANT & SHRUTI",
"764007","284381509","R","504 WILLOW WALK DR","LOT 13 BLK K SPRING TRAILS PHS 1-B","KARHI DAVID",
"806987","284381513","R","817 LONESOME LILLY WAY","LOT 34 BLK K SPRING TRAILS PHS 3","RUPAREL SANDEEP",
"806996","284381521","R","705 LONESOME LILLY WAY","LOT 26 BLK K SPRING TRAILS PHS 3","SINHA RACHIT & AAROHI GUPTA",
"764028","284381617","R","501 WILLOW WALK DR","LOT 64 BLK M SPRING TRAILS PHS 1-B","NAGINENI ANIL BABU & JYOSNA CHAVA",
"728774","284400130","R","409 VALJEAN DR","LOT 6 BLK F ROYAL POINTE SEC 2","HOTA SHIBAJEE NARAYAN &",
"699928","284400409","R","18617 WILLIAM ANDERSON DR","LOT 11 BLK C ROYAL POINTE SEC 1","MODI GEETA & SAMIR",
"550408","284430201","R","733 PTCHESTR CASTLE PATH","LOT 14 BLK E HIGHLAND PARK NORTH PHS A SEC 2","SURESH DIVYA",
"550428","284430304","R","19004 HUNTINGTOWER CASTLE BLVD","LOT 18 BLK G HIGHLAND PARK NORTH PHS A SEC 2","TUMMALA AMRUTA VARSHINE &",
"716615","284430417","R","19013 BLAIR CASTLE CT","LOT 35 BLK 0 HIGHLAND PARK NORTH PHS B SEC 3","SIRAJUDDIN KAISER J &",
"550438","284430503","R","609 BUSLEIGH CASTLE WAY","LOT 3 BLK D HIGHLAND PARK NORTH PHS A SEC 2","PATEL VIMAL S",
"550463","284430528","R","625 FYVIE CASTLE CT","LOT 28 BLK D HIGHLAND PARK NORTH PHS A SEC 2","KHAMKAR RAHUL DINESH",
"572161","284431007","R","708 PORTCHESTER CASTLE PATH","LOT 13A BLK F HIGHLAND PARK NORTH PHS B SEC 1 AMENDED PLAT OF LOTS 1-3,8-13 &18-20","GEEVARGHESE KOSHY & SOSAMMA",
"586459","284431114","R","809 ROCHESTER CASTLE WAY","LOT 3 BLK K HIGHLAND PARK NORTH PHS B SEC 2","RAY RAJARSHI",
"716563","284460105","R","916 ABBEYGLEN CASTLE DR","LOT 12 BLK P HIGHLAND PARK NORTH PHS B SEC 3","KHAN SADIA",
"716572","284460202","R","821 ABBEYGLEN CASTLE DR","LOT 6 BLK O HIGHLAND PARK NORTH PHS B SEC 3","GOUNDER-PURUCKER MADHU",
"716576","284460206","R","909 ABBEYGLEN CASTLE DR","LOT 9 BLK O HIGHLAND PARK NORTH PHS B SEC 3","LINGAMANENI VARUN & ",
"716660","284460306","R","1028 KENSINGTON CASTLE TRL","LOT 12 BLK V HIGHLAND PARK NORTH PHS C SEC 1","SHAKYA JEBIN",
"716600","284460314","R","19009 RAGLAN CASTLE PATH","LOT 4 BLK V HIGHLAND PARK NORTH PHS B SEC 3","CHEMUDUR RUPESH KUMAR &",
"716603","284460317","R","19021 RAGLAN CASTLE PATH PATH","LOT 1 BLK V HIGHLAND PARK NORTH PHS B SEC 3","RAY RATUL",
"737884","284460408","R","18920 CHRIGHTON CASTLE BND","LOT 7 BLK U HIGHLAND PARK NORTH PHS C SEC 2","SUBRAMANYA NITHIN & NIRANJAN ADDADA",
"716675","284460505","R","1009 KENSINGTON CASTLE TRL","LOT 5 BLK R HIGHLAND PARK NORTH PHS C SEC 1","KAZMI SYED A ETAL",
"737971","284460606","R","18909 EDINBURGH CASTLE RD","LOT 11 BLK Q HIGHLAND PARK NORTH PHS C SEC 2","HARIDAS AMBIKAVATHY &",
"737895","284460710","R","18924 EDINBURGH CASTLE RD","LOT 9 BLK S HIGHLAND PARK NORTH PHS C SEC 2","GANDHIR SUMAN & RAKESH",
"807438","284490717","R","1908 TRANQUILITY LN","LOT 16 BLK C FALCON POINTE SEC 4-SOUTH","GUNASEKARAN SELVADEEPAN",
"807441","284490720","R","19708 MAIDEN GRASS DR","LOT 20 BLK C FALCON POINTE SEC 4-SOUTH","KUMAR SHRIRAM & SHRUTHI SELVAM",
"807448","284490727","R","19604 MAIDEN GRASS DR","LOT 27 BLK C FALCON POINTE SEC 4-SOUTH","RAM DEEPA &",
"783748","284490804","R","19708 COPPER POINT LN","LOT 17 BLK A FALCON POINTE SEC 4-NORTH (PHS 2)","NARAYANASWAMY SRIDHAR",
"783804","284490903","R","1805 COPPER POINT LN","LOT 3 BLK B FALCON POINTE SEC 4-NORTH (PHS 2)","PANODE AMOL UTTAMRAO",
"807452","284491103","R","19701 MAIDEN GRASS DR","LOT 3 BLK D FALCON POINTE SEC 4-SOUTH","JAIN KARAN & RACHNA CHABRIA",
"807453","284491104","R","19709 MAIDEN GRASS DR","LOT 4 BLK D FALCON POINTE SEC 4-SOUTH","SANTHANAM SANKER",
"807466","284491202","R","1805 MEANDERING MEADOWS DR","LOT 2 BLK F FALCON POINTE SEC 4-SOUTH","PATEL KANTILAL CHHOTUBHAI & BHARTI KANTILAL",
"807487","284491218","R","2204 TRANQUILITY LN","LOT 23 BLK F FALCON POINTE SEC 4-SOUTH","GOWDAMACHANDRAN BALAJI &",
"807488","284491219","R","2208 TRANQUILITY LN","LOT 24 BLK F FALCON POINTE SEC 4-SOUTH","RAGHAVAN FAMILY REVOCABLE TRUST",
"807495","284520165","R","2009 TRANQUILITY LN","LOT 5 BLK E FALCON POINTE SEC 4-SOUTH","VEERAMACHANENI SUPRIYA",
"754620","284520724","R","19521 KENNEMER DR","LOT 4 BLK 1 FAIRWAYS OF BLACKHAWK PHS II-A","SRIVASTAVA SHRUTI",
"754615","284520728","R","19601 KENNEMER DR","LOT 59 BLK B FAIRWAYS OF BLACKHAWK PH V-A CORR PLT LT 59 BL B","NARASIMHALU GOKUL &",
"550557","284550234","R","20004 FARM POND LN","LOT 8 BLK 3 LAKESIDE AT BLACKHAWK SEC 2","KANDAN RAHUL NALAM & SUMITHA RAHUL",
"572214","284550246","R","19912 DORNICK HILLS LN","LOT 5 BLK D MEADOWS OF BLACKHAWK PHS 6","KADAMBI VIVEK & RASHMI FAMILY",
"572215","284550247","R","19908 DORNICK HILLS LN","LOT 6 BLK D MEADOWS OF BLACKHAWK PHS 6","CHOUDHARY ANKUR & SWATI SHARMA",
"758365","284550267","R","19905 DAMRICH CT","LOT 26 BLK D MEADOWS OF BLACKHAWK PHS 8","MANISEKARAN TAMILARUVI &",
"550567","284550801","R","20101 FARM POND LN","LOT 3 BLK 8 LAKESIDE AT BLACKHAWK SEC 2","BHOGALKAR DEEPTI & ARUN VIJAYAN",
"829686","284550919","R","2904 WINDING SHORE LN","LOT 7 BLK 4 LAKESIDE AT BLACKHAWK SEC 3","MUTTAMSETTY SANJAY &",
"858860","284550921","R","3001 MOVING WATER LN","LOT 14 BLK 4 LAKESIDE AT BLACKHAWK SEC 5","BYREDDY KARTHIK & NANDITHA YERRAMAREDDY",
"550586","284551008","R","2809 WINDING SHORE LN","LOT 29 BLK 2 LAKESIDE AT BLACKHAWK SEC 1","BALAJI VIJAY SHANKAR & SANGEETHA RAMAN",
"829698","284551023","R","2913 WINDING SHORE LN","LOT 34 BLK 2 LAKESIDE AT BLACKHAWK SEC 3","YEDAVALLI SREENIVAS & SHIRISHA KYLAS",
"758350","284551819","R","2416 DAKOTA DUNES CT","LOT 31 BLK F MEADOWS OF BLACKHAWK PHS 8","SINGH KULVIR  ETAL",
"739341","284551901","R","2724 PEDERNALES FALLS DR","LOT 33 BLK H PARK AT BLACKHAWK SEC 6 THE","VIJAYKUMAR-PADMANABHAN TRUST",
"739344","284551904","R","2712 PEDERNALES FALLS DR","LOT 36 BLK H PARK AT BLACKHAWK SEC 6 THE","KHANDELWAL AVAYA & GITIKA ",
"739353","284570301","R","2924 PEDERNALES FALLS DR","LOT 21 BLK H PARK AT BLACKHAWK SEC 6 THE","KATTA VARAPRASAD REDDY & SANJITH PONNAMANENI",
"739359","284570307","R","2900 PEDERNALES FALLS DR","LOT 27 BLK H PARK AT BLACKHAWK SEC 6 THE","SAKTHIVELAN SATHISHKUMAR &",
"754517","284570912","R","20200 JACKIES RANCH RD","LOT 12 BLK C LAKESIDE AT BLACKHAWK II PHS 1A","RAJEN NATHAN & BINDHU",
"754522","284570917","R","20205 SANDPIPER SPOT CT","LOT 27 BLK C LAKESIDE AT BLACKHAWK II PHS 1A","BHAKTA ARPAN & DARSHNA",
"754536","284571010","R","3220 FALCONERS WAY","LOT 23 BLK D LAKESIDE AT BLACKHAWK II PHS 1A","RASHEED MD MUHIBUR & FAYEZA RAHMAN",
"754542","284571016","R","20109 CHAYTON CIR","LOT 29 BLK D LAKESIDE AT BLACKHAWK II PHS 1A","NAGRA GURJEET K & SUCHINT KAUR NAGRA",
"754679","284571305","R","2917 RAMBLING CREEK LN","LOT 7 BLK 7 LAKESIDE AT BLACKHAWK SEC 4","SIVALINGAM RAVISHANKAR &",
"858882","284571403","R","3028 WINDING SHORE LN","LOT 7 BLK 6 LAKESIDE AT BLACKHAWK SEC 5","KODUKULA KAMESWARA RAO & RAJYA LAKSHMI PRIYADARSINI",
"858883","284571404","R","3026 WINDING SHORE LN","LOT 8 BLK 6 LAKESIDE AT BLACKHAWK SEC 5","SHILAMKAR KIRAN & SUPRIYA PANSARE",
"829705","284571602","R","3020 MISTY SHORE LN","LOT 9 BLK 2 LAKESIDE AT BLACKHAWK SEC 3","MIRZA HYDER & TASLEEM",
"829708","284571605","R","3012 MISTY SHORE LN","LOT 11 BLK 2 LAKESIDE AT BLACKHAWK SEC 3","GOWDA SREEDHAR &",
"858894","284571617","R","3015 WINDING SHORE LN","LOT 45 BLK 2 LAKESIDE AT BLACKHAWK SEC 5","PATEL ANIT & SEETAL",
"754449","284590110","R","20333 HARRIER FLIGHT TRL","LOT 37 BLK B PARK AT BLACKHAWK VI SEC 1 THE","SINGH VARINDER PAUL",
"850896","284590505","R","3512 BROWN DIPPER DR","LOT 8 BLK C PARK AT BLACKHAWK III PHS 1 THE","NEMADE NIKHIL & SHWETA RANE",
"850897","284590506","R","3508 BROWN DIPPER DR","LOT 7 BLK C PARK AT BLACKHAWK III PHS 1 THE","MATHEW SANTHOSH & BLESSY",
"876076","284590518","R","20421 PEARL KITE DR","LOT 18 BLK C PARK AT BLACKHAWK III SEC 2","SURESH MANJUNATH",
"876082","284590524","R","3529 TREE SWALLOW WAY","LOT 12 BLK C PARK AT BLACKHAWK III SEC 2","THALAPALLI SRIKANTH & LAXMI",
"876083","284590525","R","3533 TREE SWALLOW WAY","LOT 11 BLK C PARK AT BLACKHAWK III SEC 2","KRISHNA HARE",
"818973","284590607","R","3408 EAGLE RIDGE LN","LOT 10 BLK J PARK AT BLACKHAWK II PHS 3A THE","AHINAVE  PRABHAKAR",
"850877","284590803","R","3409 BROWN DIPPER DR","LOT 2 BLK A PARK AT BLACKHAWK III PHS 1 THE","SAMA KISHORE & VASUKI REDDY",
"876086","284590822","R","20417 CONDOR WAY","LOT 20 BLK A PARK AT BLACKHAWK III SEC 2","KAMDAR SAMIR & ALISHA PUROHIT",
"876095","284590830","R","20305 MARTIN LN","LOT 27 BLK A PARK AT BLACKHAWK III SEC 2","KUMAR SUDEEP & AMBIKA RAJENDRAN",
"864683","284591011","R","3408 GREAT KNOT PASS","LOT 10 BLK A LAKESIDE AT BLACKHAWK III PHS I","AEDAVALLI ANUSHA & ABHILASH KOLAN",
"864686","284591103","R","20208 CLOUGHMORE CT","LOT 35 BLK B LAKESIDE AT BLACKHAWK III PHS I","IMMIDISETTI RAM BABU &",
"864687","284591104","R","20204 CLOUGHMORE CT","LOT 34 BLK B LAKESIDE AT BLACKHAWK III PHS I","JETPOLURU GAUTHAM & BHARGAVI KOMMAGONI",
"864691","284591108","R","20108 CLOUGHMORE CT","LOT 31 BLK B LAKESIDE AT BLACKHAWK III PHS I","MANDALI DILEEP",
"864695","284591112","R","20105 CLOUGHMORE CT","LOT 27 BLK B LAKESIDE AT BLACKHAWK III PHS I","MISHRA RAJU & REKHA K CHHETRI",
"876107","284591306","R","20420 PEARL KITE DR","LOT 5 BLK B PARK AT BLACKHAWK III SEC 2","PATEL ROSHAN & NITAL N",
"876112","284591402","R","20316 MARTIN LN","LOT 12 BLK D PARK AT BLACKHAWK III SEC 2","GUPTA VIJAY KUMAR & ISHITA RAJ",
"876115","284591405","R","20304 MARTIN LN","LOT 9 BLK D PARK AT BLACKHAWK III SEC 2","BHANDARI AVINASH & SYALI JAGADISH KAWADIWALE",
"876123","284591413","R","3500 TREE SWALLOW WAY","LOT 1 BLK D PARK AT BLACKHAWK III SEC 2","PALADHI PAVEL ROY & SHREYA SAHA",
"876161","284620110","R","3832 NIGHTJAR VIEW TER","LOT 14 BLK B PARK AT BLACKHAWK VI SEC 2 THE","MUNSHI VIRAL & SHREYA MUNSHI",
"860358","284620410","R","3917 OCTAVIA DR","LOT 9 BLK Z PARK AT BLACKHAWK IV PHS 6A","PATEL HIREN & PUJA",
"860362","284620414","R","3933 OCTAVIA DR","LOT 13 BLK Z PARK AT BLACKHAWK IV PHS 6A","GILANI MOHAMMED UMAR &",
"860369","284620421","R","20601 PINEWALK DR","LOT 20 BLK Z PARK AT BLACKHAWK IV PHS 6A","MANDALA SAI REDDY &",
"866449","284620423","R","20609 PINEWALK DR","LOT 22 BLK Z PARK AT BLACKHAWK IV PHS 6B","MANANDHAR SAURAV & RACHANA",
"866454","284620428","R","20713 PINEWALK DR","LOT 27 BLK Z PARK AT BLACKHAWK IV PHS 6B","CHOPRA RITESH & SHRUTI KATYAL",
"860370","284620501","R","20600 PINEWALK DR","LOT 16 BLK X PARK AT BLACKHAWK IV PHS 6A","SUBBIAH JAYAPRAKASH NARAYANAN &",
"860372","284620503","R","3920 ROSA PARK LN","LOT 18 BLK X PARK AT BLACKHAWK IV PHS 6A","KODE VANKATA R & SRUJANA GURRAM",
"866431","284620511","R","20621 FAIRLEAF ST","LOT 26 BLK X PARK AT BLACKHAWK IV PHS 6B","NAGPAL VARUN & ARCHANA",
"866435","284620515","R","4025 CATWALK ST","LOT 3 BLK X PARK AT BLACKHAWK IV PHS 6B","BHANDARI KALPESH BHAGWANDAS",
"866441","284620526","R","20608 PINEWALK DR","LOT 14 BLK X PARK AT BLACKHAWK IV PHS 6B","SHAH SHYAM & KRISHMA SHETH SHAH",
"860382","284620607","R","20504 FAIRLEAF ST","LOT 18 BLK W PARK AT BLACKHAWK IV PHS 6A","DEVARASETTY VAYUNANDANARAO",
"860383","284620608","R","20500 FAIRLEAF ST","LOT 17 BLK W PARK AT BLACKHAWK IV PHS 6A","SUBEDI SUBASH CHANDRA &",
"866422","284620612","R","20620 FAIRLEAF ST","LOT 29 BLK W PARK AT BLACKHAWK IV PHS 6B","KONAKANCHI SRINIZKUMAR &",
"860385","284620701","R","20501 FAIRLEAF ST","LOT 4 BLK Y PARK AT BLACKHAWK IV PHS 6A","DAMODARA DEEPAK",
"860391","284620707","R","3917 ROSA PARK LN","LOT 16 BLK Y PARK AT BLACKHAWK IV PHS 6A","MISHRA AMAN & MANJU DUBEY",
"866465","284620808","R","4008 CATWALK ST","LOT 3 BLK V PARK AT BLACKHAWK IV PHS 6B","MOHAMMED KALEEMUDDIN &",
"876176","284620905","R","3817 NIGHTJAR VIEW TER","LOT 5 BLK C PARK AT BLACKHAWK VI SEC 2 THE","VAKKALANKA SOWJANYA &",
"876178","284620907","R","3825 NIGHTJAR VIEW TER","LOT 7 BLK C PARK AT BLACKHAWK VI SEC 2 THE","THOOTA HEMACHANDRAN & ANITHA PRUDHVI",
"876179","284620908","R","3829 NIGHTJAR VIEW TER","LOT 8 BLK C PARK AT BLACKHAWK VI SEC 2 THE","JAYAPRAKASAM DINESH &",
"878334","284621001","R","20701 ROLLING CREEK RD RD","LOT 1 BLK S PARK AT BLACKHAWK IV PHS 7B","KAGADE AVINASH K &",
"836249","286330125","R","18313 MORETO LOOP","LOT 25 BLK A PFAIRWAY PARK","LAXMAN LATHA & NITHYA CHANDRASEKAR",
"836252","286330128","R","18401 MORETO LOOP","LOT 22 BLK A PFAIRWAY PARK","VAIDYA CHIRAG & ISHA LIVING TRUST",
"836256","286330132","R","18417 MORETO LOOP","LOT 18 BLK A PFAIRWAY PARK","TAHIR MOHAMMAD & TABASSUM & HASSAN TAHIR",
"836272","286330148","R","18709 MORETO LOOP","LOT 2 BLK A PFAIRWAY PARK","TIWARI MAHENDRA RAJ & SABITRA RIJAL",
"836281","286330513","R","18109 MORETO LOOP","LOT 8 BLK C PFAIRWAY PARK","PATEL VIKAS C & SEJAL V",
"836284","286330801","R","18520 MORETO LOOP","LOT 26 BLK B PFAIRWAY PARK","RASAPPA EZHILAN & ",
"836297","286330814","R","18208 MORETO LOOP","LOT 13 BLK B PFAIRWAY PARK","PRAMANIK SANJOY KUMAR &",
"844107","286360133","R","1301 AUTUMN SAGE WAY","LOT 7 BLK N SPRING TRAILS PHS 8","SHAH DIPEN BHARATKUMAR",
"844110","286360136","R","1225 AUTUMN SAGE WAY","LOT 10 BLK N SPRING TRAILS PHS 8","DONGAONKAR GUARAV & SAUDAMINI KADAM",
"842432","286360604","R","18308 PENCIL CACTUS DR","LOT 3 BLK A SPRING TRAILS PHS 10","CHAND MOHIT & KIRTI",
"842434","286360606","R","18316 PENCIL CACTUS DR","LOT 5 BLK A SPRING TRAILS PHS 10","PATEL SIDDHARTH KUNAL & DHVANI SIDDHARTH PATEL",
"842440","286360612","R","18416 PENCIL CACTUS DR","LOT 11 BLK A SPRING TRAILS PHS 10","KAPUR VARUN & SONAL",
"844076","286360616","R","1200 AUTUMN SAGE WAY","LOT 17 BLK A SPRING TRAILS PHS 7","NADEEM SYED",
"844125","286360621","R","1220 AUTUMN SAGE WAY","LOT 22 BLK A SPRING TRAILS PHS 8","ABIR A K M & FNU SIRAJUM MUNIRA",
"844126","286360622","R","1224 AUTUMN SAGE WAY","LOT 23 BLK A SPRING TRAILS PHS 8","AREFEEN AHSANUL &",
"844127","286360623","R","1228 AUTUMN SAGE WAY","LOT 24 BLK A SPRING TRAILS PHS 8","CHENNUPATI UDAYINI",
"844131","286360627","R","1318 AUTUMN SAGE WAY","LOT 28 BLK A SPRING TRAILS PHS 8","VAHORA MOBINBHAI M & ETAL",
"728564","286360701","R","18424 STAR GAZER WAY","LOT 10 BLK B SPRING TRAILS PHS 1","KHAN ABDUL HAFEEZ & GHALIB SAMEERA",
"842447","286360710","R","18401 PENCIL CACTUS DR","LOT 3 BLK B SPRING TRAILS PHS 10","SHARMA AYUSH & ATISHI PATHAK",
"842449","286360712","R","18313 PENCIL CACTUS DR","LOT 5 BLK B SPRING TRAILS PHS 10","AHMED ASHFAQ &",
"842450","286360713","R","18309 PENCIL CACTUS DR","LOT 6 BLK B SPRING TRAILS PHS 10","PREM VISHNU & R DAMINISREE",
"842451","286360714","R","18305 PENCIL CACTUS DR","LOT 7 BLK B SPRING TRAILS PHS 10","ANTONYSAMY BRITTO",
"699846","286380118","R","18744 CANDACE LOOP","LOT 20 BLK A ROYAL POINTE SEC 1","SUNKARA LAVANYA KUMAR",
"699882","286380306","R","18713 WILLIAM ANDERSON DR","LOT 5 BLK C ROYAL POINTE SEC 1","PARUCHURI PHANISREE & RAMAKISHNA",
"699884","286380308","R","18721 WILLIAM ANDERSON DR","LOT 3 BLK C ROYAL POINTE SEC 1","PARUCHURI PHANISREE",
"842452","286380602","R","18301 PENCIL CACTUS DR","LOT 8 BLK B SPRING TRAILS PHS 10","SIDDDIQUI MOHAMMAD SAFIULLAH &",
"830513","286381005","R","18528 STAR GAZER WAY","LOT 8 BLK M SPRING TRAILS PHS 9","PARAMESWARAN SUNIL K",
"830518","286381010","R","18508 STAR GAZER WAY","LOT 3 BLK M SPRING TRAILS PHS 9","KHAN FAROOQ ALI & FNU SULTANA",
"830495","286381102","R","18505 STAR GAZER WAY","LOT 2 BLK G SPRING TRAILS PHS 9","PEDAPENKI DEDEEPYA & SATISH KUMAR",
"699890","286400101","R","500 TIMOTHY JOHN DR","LOT 1 BLK A ROYAL POINTE SEC 1","MUDUMBA VAMSI M",
"728787","286400207","R","320 TIMOTHY JOHN DR","LOT 6 BLK G ROYAL POINTE SEC 2","VEDERE KIRAN KUMAR REDDY & PAVANI",
"728812","286400506","R","18705 JANA PATRICE DR","LOT 28 BLK E ROYAL POINTE SEC 2","PATEL HARDIKPRASAD & PINKIBEN",
"728831","286400518","R","225 TIMOTHY JOHN DR","LOT 16 BLK E ROYAL POINTE SEC 2","PATEL SITANSH & ALPA",
"572275","286430116","R","19024 ALNWICK CASTLE DR","LOT 24 BLK C HIGHLAND PARK NORTH PHS B SEC 1","SHRESTHA SUGAM & SUVI",
"572302","286430316","R","617 ABBEYGLEN CASTLE DR","LOT 5 BLK G HIGHLAND PARK NORTH PHS B SEC 1","KARTHIK PADMAKUMAR",
"572319","286430407","R","621 STOKESAY CASTLE PATH","LOT 6 BLK F HIGHLAND PARK NORTH PHS B SEC 1","PATEL NAINESHKUMAR L &",
"783778","286490222","R","1520 TRANQUILITY LN","LOT 35 BLK A FALCON POINTE SEC 4-NORTH (PHS 2)","CHAMPHEKAR OMKAR & ANUJA BAPAT",
"550639","286550222","R","20804 BELLERIVE DR","LOT 32 BLK D MEADOWS OF BLACKHAWK PHS 5","KEHALI BEKALU &",
"572335","286550240","R","2421 KAPALUA PL","LOT 11 BLK H MEADOWS OF BLACKHAWK PHS 6","MALIK VARINDER & GAGANDEEP KAUR",
"550709","286550604","R","20816 KEARNEY HILL RD","LOT 17 BLK E MEADOWS OF BLACKHAWK PHS 5","ZAGDE SAGAR &",
"550715","286550610","R","20732 KEARNEY HILL RD","LOT 11 BLK E MEADOWS OF BLACKHAWK PHS 5","SALEEM NIDA JABEEN",
"716439","286550629","R","20224 TREYBURN LN","LOT 27 BLK E MEADOWS OF BLACKHAWK PHS 7A-2","KABRA SUMIT & SANJANA AGARWAL",
"550732","286550710","R","3529 WINDING SHORE LN","LOT 10 BLK A PARK AT BLACKHAWK SEC 1 THE","THAKKAR DHISHAT ASHWINKUMAR & DHARA SURESH SHAH",
"550742","286550720","R","20416 FARM POND LN","LOT 20 BLK A PARK AT BLACKHAWK SEC 1 THE","THAKKAR HETAL & PAYAL JOINT LIVING TRUST",
"550769","286550747","R","20204 MUSTANG ISLAND CIR","LOT 47 BLK A PARK AT BLACKHAWK SEC 2 THE","KEJARIWAL ARUN TRUST &",
"550779","286550757","R","20212 FARM POND LN","LOT 57 BLK A PARK AT BLACKHAWK SEC 2 THE","PASSANHA PRAKASH & SMITHA",
"550786","286550903","R","20417 FARM POND LN","LOT 3 BLK E PARK AT BLACKHAWK SEC 1 THE","GUNASEKHARAN SANKARADITHYAN",
"572347","286550908","R","2732 KICKAPOO CAVERN DR","LOT 49 BLK E PARK AT BLACKHAWK SEC 5 THE","SATHE DHANANJAY & SIDDHITA SATISH CHIMOTE",
"572352","286550913","R","2712 KICKAPOO CAVERN DR","LOT 54 BLK E PARK AT BLACKHAWK SEC 5 THE","KHARE PRATEEK KUMAR &",
"716447","286551011","R","2409 PAUMA VALLEY WAY","LOT 5 BLK C MEADOWS OF BLACKHAWK PHS 7A-2","SINGH DEEPA & SANKATE SHARMA",
"550794","286551101","R","2700 MISSION TEJAS DR","LOT 24 BLK D PARK AT BLACKHAWK SEC 2 THE","IKRAMULLAH SYED",
"550808","286551115","R","20337 FARM POND LN","LOT 5 BLK D PARK AT BLACKHAWK SEC 2 THE","ANCHAN ABHISHEK",
"572362","286551121","R","2717 KICKAPOO CAVERN DR","LOT 11 BLK D PARK AT BLACKHAWK SEC 5 THE","GADKARI FAMILY TRUST",
"572381","286551301","R","2800 MISSION TEJAS DR","LOT 21 BLK G PARK AT BLACKHAWK SEC 5 THE","SOORASAMHARAN DURGAI",
"572385","286551403","R","21016 HALLBROOK LN","LOT 30 BLK A MEADOWS OF BLACKHAWK PHS 6","ALUMKAL THOMAS A & THERESA A",
"758373","286551506","R","2411 SPEIDEL DR","LOT 7 BLK F MEADOWS OF BLACKHAWK PHS 8","BHAKTA NIRMAL & SULMA",
"716512","286551723","R","2605 THORNBLADE CT","LOT 28 BLK B MEADOWS OF BLACKHAWK PHS 7B","BALAN SAJITH &",
"716533","286551740","R","20425 CROOKED STICK DR","LOT 11 BLK B MEADOWS OF BLACKHAWK PHS 7B","SHINDE SACHIN BALASO & NIVEDITA CHOUDHURI",
"716535","286551742","R","20428 CROOKED STICK DR","LOT 9 BLK B MEADOWS OF BLACKHAWK PHS 7B","ROY SUCHITRA M REVOCABLE",
"550828","286570216","R","3413 WINDING SHORE LN","LOT 10 BLK B PARK AT BLACKHAWK SEC 1 THE","NARA RAMAMOHAN REDDY & GEETHA KAIPA",
"572394","286570225","R","3201 WINDING SHORE LN","LOT 40 BLK B PARK AT BLACKHAWK SEC 4 THE","CHANDRAPATI SUJIT & LAVANYA MAMIDIPAKA",
"572404","286570235","R","3241 WINDING SHORE LN","LOT 30 BLK B PARK AT BLACKHAWK SEC 4 THE","VADREVU SATYAVANI & VYJAYANTHI VADREVU",
"586496","286570245","R","3204 HAWKS SWOOP TRL","LOT 12 BLK A PARK AT BLACKHAWK II PHS 1 THE","KULKARNI RAVI PRAKASH & RACHITA",
"586499","286570248","R","3116 HAWKS SWOOP TRL","LOT 15 BLK A PARK AT BLACKHAWK II PHS 1 THE","ABBURI VINAY KUMAR &",
"586502","286570251","R","3104 HAWKS SWOOP TRL","LOT 18 BLK A PARK AT BLACKHAWK II PHS 1 THE","CHANDRASEKHAR MANOHAR",
"550851","286570317","R","3304 WINDING SHORE LN","LOT 18 BLK C PARK AT BLACKHAWK SEC 1 THE","SHAIKH MINA",
"550852","286570318","R","3300 WINDING SHORE LN","LOT 19 BLK C PARK AT BLACKHAWK SEC 1 THE","VISHAL VINEET",
"550868","286570404","R","20521 FARM POND LN","LOT 10 BLK E PARK AT BLACKHAWK SEC 3 THE","UPRETY SHREEJANA",
"550870","286570406","R","20537 FARM POND LN","LOT 12 BLK E PARK AT BLACKHAWK SEC 3 THE","TALWAR DEEPAK & JYOTI",
"550873","286570409","R","20553 FARM POND LN","LOT 15 BLK E PARK AT BLACKHAWK SEC 3 THE","ROY TONMOY & ADRINA HALDER",
"550875","286570411","R","20605 FARM POND LN","LOT 17 BLK E PARK AT BLACKHAWK SEC 3 THE","PATURY SRIKANTH & NANDITHA",
"572413","286570416","R","20625 FARM POND LN","LOT 22 BLK E PARK AT BLACKHAWK SEC 4 THE","POLAVARAM APARNA & SURENDRA",
"572418","286570421","R","20413 RITA BLANCA CIR","LOT 27 BLK E PARK AT BLACKHAWK SEC 5 THE","BUDDHISAGAR RAHUL &",
"572434","286570437","R","20404 RITA BLANCA CIR","LOT 43 BLK E PARK AT BLACKHAWK SEC 5 THE","BALASUBRAMANYAM VENKATESH H",
"572456","286570520","R","20632 FARM POND LN","LOT 5 BLK F PARK AT BLACKHAWK SEC 4 THE","DARVESHI SUSHIL & NAMRATA",
"572469","286570606","R","2925 INKS LAKE DR","LOT 7 BLK G PARK AT BLACKHAWK SEC 5 THE","MANGHNANI PANKAJ & DENA R",
"586519","286570802","R","20705 SILVERBELL LN","LOT 2 BLK C ESTATES OF ROWE LANE SEC 1 THE","GANGIREDDY KIRAN & SIVADEEPIKA",
"586527","286570904","R","3013 HAWKS SWOOP TRL","LOT 4 BLK B PARK AT BLACKHAWK II PHS 1 THE","GAUTAM PATRIK & RUCHI MISHRA",
"586531","286570908","R","20524 BUTEO ST","LOT 8 BLK B PARK AT BLACKHAWK II PHS 1 THE","NARSINGHANI LIVING TRUST",
"586540","286570917","R","2908 MURRELET WAY","LOT 17 BLK B PARK AT BLACKHAWK II PHS 1 THE","SHAH SHAKTI YOGESH AND MADHURI",
"586544","286571004","R","3105 HAWKS SWOOP TRL","LOT 2 BLK C PARK AT BLACKHAWK II PHS 1 THE","BELAGODU TEJ R & LEENA ADMANE",
"772501","286571017","R","3300 HERON CALL TRL","LOT 18 BLK C PARK AT BLACKHAWK II PHS 2B THE","VENKATA NAGA KASYAP MANOJ CHILAKAMARTHY",
"772517","286571116","R","3108 MURRELET WAY","LOT 3 BLK D PARK AT BLACKHAWK II PHS 2B THE","PITTU RAVI BABU & SHAMILI MODUBOYINA",
"772542","286571308","R","20529 AUK RD","LOT 8 BLK F PARK AT BLACKHAWK II PHS 2B THE","SHIVAN GIRISH KUMAR MANNOR",
"829613","286590412","R","3413 PLOVER RUN TRL","LOT 14 BLK I PARK AT BLACKHAWK II PHS 3B THE","ARIGILAMUNISAMY VIJAYAANAND &",
"829615","286590414","R","20516 HORNED OWL TR","LOT 16 BLK I PARK AT BLACKHAWK II PHS 3B THE","KODURI RAVI",
"829616","286590415","R","20512 HORNED OWL TR","LOT 17 BLK I PARK AT BLACKHAWK II PHS 3B THE","SAVALIYA SAMIR BHUPATRAI &",
"829645","286591004","R","3501 PLOVER RUN TRL","LOT 1 BLK J PARK AT BLACKHAWK II PHS 3B THE","GANNA VENKAT R & VIJAYA THIYYARI",
"829647","286591006","R","3513 PLOVER RUN TRL","LOT 3 BLK J PARK AT BLACKHAWK II PHS 3B THE","SURI SRIRAM &",
"858969","286591104","R","3601 WINTER WREN WAY","LOT 7 BLK F PARK AT BLACKHAWK VII SEC 1B THE","KULASEKARAN SIVAKUMAR &",
"878296","286591120","R","20717 GRAY HERON LN","LOT 18 BLK F PARK AT BLACKHAWK VII SEC 2 THE","CINGARAPU SREERAM",
"878298","286591122","R","3721 ROYAL TERN CT","LOT 20 BLK F PARK AT BLACKHAWK VII SEC 2 THE","MEHTA BUNTI S &",
"850917","286591202","R","20505 MARTIN LN","LOT 12 BLK C PARK AT BLACKHAWK VII SEC 1A THE","VASUDEVAN SRIHARI &",
"850920","286591205","R","20517 MARTIN LN","LOT 15 BLK C PARK AT BLACKHAWK VII SEC 1A THE","CHANDRA ROOP KISHAN RAO &",
"850921","286591206","R","20521 MARTIN LN","LOT 16 BLK C PARK AT BLACKHAWK VII SEC 1A THE","LAKSHMINARASIMHAN FAMILY TRUST",
"858957","286591210","R","3401 WINTER WREN WAY","LOT 1 BLK C PARK AT BLACKHAWK VII SEC 1B THE","WALIA KARMINDER",
"858961","286591214","R","3417 WINTER WREN WAY","LOT 5 BLK C PARK AT BLACKHAWK VII SEC 1B THE","MADDIPATLA VENKATA & ANURADHA",
"858963","286591216","R","3501 WINTER WREN WAY","LOT 7 BLK C PARK AT BLACKHAWK VII SEC 1B THE","SHAIK SHAREEF & SHAHEENA",
"858964","286591217","R","3505 WINTER WREN WAY","LOT 8 BLK C PARK AT BLACKHAWK VII SEC 1B THE","KODURI SANJEEV K",
"858966","286591219","R","3513 WINTER WREN WAY","LOT 10 BLK C PARK AT BLACKHAWK VII SEC 1B THE","GALI VIJAY K",
"878256","286591307","R","20724 SNOW BUNTING LN","LOT 7 BLK D PARK AT BLACKHAWK VII SEC 2 THE","DUGYALA ABHISHEK",
"878257","286591308","R","20720 SNOW BUNTING LN","LOT 8 BLK D PARK AT BLACKHAWK VII SEC 2 THE","PATIL RAJENDRA & SONALI",
"858975","286591404","R","3500 WINTER WREN WAY","LOT 39 BLK A PARK AT BLACKHAWK VII SEC 1B THE","DUMBRE DHANANJAY &",
"858980","286591409","R","20725 SONG BIRD DR","LOT 34 BLK A PARK AT BLACKHAWK VII SEC 1B THE","VERMA TARUN K",
"858992","286591421","R","20716 JACKIES RANCH BLVD","LOT 23 BLK A PARK AT BLACKHAWK VII SEC 1B THE","RAJENDREN RATHAN RAJA &",
"858994","286591423","R","20708 JACKIES RANCH BLVD","LOT 21 BLK A PARK AT BLACKHAWK VII SEC 1B THE","ARASU TRUST",
"878267","286591432","R","20817 SAND LARK LN","LOT 55 BLK A PARK AT BLACKHAWK VII SEC 2 THE","SIVAPRAKASAM ARJUN &",
"878272","286591438","R","20816 SAND LARK LN","LOT 50 BLK A PARK AT BLACKHAWK VII SEC 2 THE","SHANGHVI DHVANI & VINEET CHAUHAN",
"878278","286591444","R","20716 SAND LARK LN","LOT 45 BLK A PARK AT BLACKHAWK VII SEC 2 THE","SARDESHPANDE ADITYA HEMANT &",
"859001","286591504","R","20713 JACKIES RANCH BLVD","LOT 4 BLK B PARK AT BLACKHAWK VII SEC 1B THE","RAI KAMAL & KAMAL KUMARI RAI &",
"878374","286620301","R","20905 WINDHAM DR","LOT 10 BLK O PARK AT BLACKHAWK IV PHS 7B","PATEL MAULIK & MINAL",
"878375","286620302","R","20909 WINDHAM DR","LOT 11 BLK O PARK AT BLACKHAWK IV PHS 7B","MATHEW FNU ABIN & FNU RINI SIMON",
"878378","286620305","R","20921 WINDHAM DR","PARK AT BLACKHAWK IV PHS 7B BLK O LOT 14","SELLAIAH SATISH K &",
"878357","286620415","R","3925 RHYTHMIC DR","LOT 2 BLK N PARK AT BLACKHAWK IV PHS 7B","CHENNA VAMSIKRISHNA &",
"878365","286620423","R","3904 JOSHS CV","LOT 32 BLK N PARK AT BLACKHAWK IV PHS 7B","HASAN ISHRAQ",
"878342","286620502","R","3801 ELAND DR","LOT 14 BLK R PARK AT BLACKHAWK IV PHS 7B","MEHTA BHAVIK JAYESH",
"877495","288481002","R","724 COCONUT GROVE ST","LOT 13 BLK C PENLEY PARK PHS 3","BAKSHI SAKET & VAISHNAVI KULKARNI",
"877525","288481203","R","20008 NAVARRE TERR","LOT 9 BLK A PENLEY PARK PHS 3","SRIRAM SRINIVASAN &",
"877526","288481204","R","20004 NAVARRE TERR","LOT 10 BLK A PENLEY PARK PHS 3","AAVULA  PRAVEEN KUMAR & APARNA",
"738974","288550146","R","2409 DOVETAIL ST","LOT 4 BLK A COMMONS AT ROWE LANE PHS I THE","RAJAVETRIVEL KANAGARAJ &",
"550942","288550208","R","20512 KEARNEY HILL RD","LOT 21 BLK A MEADOWS OF BLACKHAWK PHS 5","NARANG KARAN DUTT & PRAJYA SHARMA",
"807343","288550314","R","20821 HUCKABEE BND","LOT 14 BLK E COMMONS AT ROWE LANE PHS II B THE","DUMBRE SHEKHAR",
"807344","288550315","R","20825 HUCKABEE BND","LOT 15 BLK E COMMONS AT ROWE LANE PHS II B THE","NAVANEETHAKRISHNAN PRATHEEP & ARADHANA NAIR",
"807345","288550316","R","20901 HUCKABEE BND","LOT 16 BLK E COMMONS AT ROWE LANE PHS II B THE","PADHI ASHWANI KUMAR &",
"807365","288550336","R","2417 LYNX CT","LOT 36 BLK E COMMONS AT ROWE LANE PHS II B THE","PILLAI SANAL & PRIYADA ANILKUMAR",
"807308","288550417","R","20905 MEAD BND","LOT 11 BLK D COMMONS AT ROWE LANE PHS II B THE","GHOSH PRANAB & JYOTSNA",
"807309","288550418","R","20909 MEAD BND","LOT 12 BLK D COMMONS AT ROWE LANE PHS II B THE","TAMANAMPUDI GOWTHAM MANIKANTA REDDY &",
"739024","288550717","R","20712 MEAD BND","LOT 26 BLK C COMMONS AT ROWE LANE PHS I THE","AHMED SYED & MINOWARA BEGUM",
"739028","288550721","R","20624 COMMONS PKWY","LOT 22 BLK C COMMONS AT ROWE LANE PHS I THE","MEHENDALE SOPHIA",
"739043","288550736","R","2324 AMBLING TRL","LOT 7 BLK C COMMONS AT ROWE LANE PHS I THE","DIXIT SAURABH & SUDHA",
"739048","288550741","R","2304 AMBLING TRL","LOT 2 BLK C COMMONS AT ROWE LANE PHS I THE","RANADE PRACHI & UDAY MATHUR",
"739049","288550742","R","2300 AMBLING TRL","LOT 1 BLK C COMMONS AT ROWE LANE PHS I THE","JAISINGH DEEPAKKUMAR S & HEENA D JAISINGH",
"739052","288550903","R","2309 AMBLING TRL","LOT 18 BLK B COMMONS AT ROWE LANE PHS I THE","PESALADINNE CHANDRA K & LAKSHMI D CHINTHALA",
"739065","288550916","R","2320 DOVETAIL ST","LOT 6 BLK B COMMONS AT ROWE LANE PHS I THE","DESAI HARSH & MEELI VYAS",
"807285","288551118","R","21000 HAVANT WAY","LOT 18 BLK J COMMONS AT ROWE LANE PHS III-A THE","NAIR SABARISH SASIDHARAN",
"807335","288551306","R","20900 HUCKABEE BND","LOT 1 BLK DD COMMONS AT ROWE LANE PHS II B THE","BAKTHAVATSALAM NARENDRAN & SARANYA A CHINNADURA",
"772747","288570148","R","20925 WINDMILL RIDGE ST","LOT 25 BLK O COMMONS AT ROWE LANE PHS II A THE","GUPTA DEEPIKA & GAURAV GUPTA",
"586577","288570229","R","2808 RED IVY CV","LOT 17 BLK A ESTATES OF ROWE LANE SEC 1 THE","PATEL JATINKUMAR DAHYABHAI",
"586586","288570238","R","20808 PENNY ROYAL DR","LOT 8 BLK A ESTATES OF ROWE LANE SEC 1 THE","MALAYATTIL VIDYA M & PRAVEEN",
"586587","288570239","R","20804 PENNY ROYAL DR","LOT 7 BLK A ESTATES OF ROWE LANE SEC 1 THE","SREEDEVI BEJOY KALADHARAN & PINKY SANKARAN VIJAYAN",
"586615","288570402","R","20961 MANDRAKE DR","LOT 2 BLK D ESTATES OF ROWE LANE SEC 2 THE","CHANDANA SANDEEP & GEETANJALI CHOPRA",
"586619","288570406","R","20913 MANDRAKE DR","LOT 6 BLK D ESTATES OF ROWE LANE SEC 2 THE","KARNAWAT SUNIL",
"586624","288570411","R","21017 PENNY ROYAL DR","LOT 11 BLK D ESTATES OF ROWE LANE SEC 2 THE","QADIR SOHA JEHAN & MOHAMMED MOOSA",
"586637","288570512","R","20817 SILVERBELL LN","LOT 18 BLK C ESTATES OF ROWE LANE SEC 1 THE","RATHNAVEL BHATIA FAMILY TRUST",
"586650","288570525","R","20916 MANDRAKE DR","LOT 31 BLK C ESTATES OF ROWE LANE SEC 2 THE","AGARWALLA YUTHIKA & BHARATH BAIJU",
"586672","288570610","R","20750 SILVERBELL LN","LOT 10 BLK B ESTATES OF ROWE LANE SEC 1 THE","SHARMA VIJETA &",
"772732","288570718","R","20912 WINDMILL RIDGE ST","LOT 14 BLK L COMMONS AT ROWE LANE PHS II A THE","SATTAR SHAYER &",
"738890","288570805","R","20812 WINDMILL RIDGE ST","LOT 36 BLK I COMMONS AT ROWE LANE PHS I THE","JAYAKUMAR GANESH KUMAR & SREEJA SREEDHARAN",
"738907","288570822","R","2609 RAVENSBROOK CT","LOT 12 BLK I COMMONS AT ROWE LANE PHS I THE","JOHN CHACKALAYIL & LIZZYAMMA",
"738913","288570828","R","2616 RAVENSBROOK CT","LOT 18 BLK I COMMONS AT ROWE LANE PHS I THE","MADHAVAN DILIP",
"551005","290460505","R","19904 CHEYENNE VALLEY DR","LOT 14 BLK F GREENRIDGE PHS 2","ABRAHAM JAMES & ACCAMMA",
"551057","290460645","R","19917 CHEYENNE VALLEY DR","LOT 35 BLK B GREENRIDGE PHS 2","KAUL JYOTI",
"865500","290462004","R","713 MANZANO LN","LOT 13 BLK D PENLEY PARK PHS 2 AMENDED","DUBEY-ARNI RANI",
"848564","290480140","R","20145 NAVARRE TERR","LOT 23 BLK I PENLEY PARK PHS 1","NARASIMMA RAM M",
"865509","290480154","R","20125 NAVARRE TERR","LOT 18 BLK I PENLEY PARK PHS 2 AMENDED","GOVUGARU VINODKUMAR &",
"848573","290480701","R","20304 HIDDEN GULLY LN LN","LOT 36 BLK F PENLEY PARK PHS 1","CHAUHAN POOJA SINGH",
"848597","290480803","R","725 CARILLION DR","LOT 13 BLK F PENLEY PARK PHS 1","SHAH MRUGESH RAMESHCHANDRA",
"865474","290480808","R","728 COLTRANE DR","LOT 8 BLK F PENLEY PARK PHS 2 AMENDED","CHAUDHARY MANOJ",
"865476","290480810","R","720 COLTRANE DR","LOT 6 BLK F PENLEY PARK PHS 2 AMENDED","KAHAL SIDDHANT",
"865493","290480907","R","728 MANZANO LN","LOT 8 BLK E PENLEY PARK PHS 2 AMENDED","KAHAL SHUBHAM",
"860859","290550185","R","1908 AVES CV","LOT 5 BLK D COMMONS AT ROWE LANE PHS VII","SAMPAT CHANDRAHAS & FALGUNI",
"860862","290550188","R","1902 AVES CV","LOT 8 BLK D COMMONS AT ROWE LANE PHS VII","MADEY PRANEETH",
"830176","290550612","R","2513 WINDY VANE DR","LOT 7 BLK M COMMONS AT ROWE LANE PHS III B THE","SINGH KARANDEEP & MABEENA",
"830179","290550615","R","2605 WINDY VANE DR","LOT 10 BLK M COMMONS AT ROWE LANE PHS III B THE","NAIDU AVINASH A & SHIRIN M",
"830103","290550722","R","21200 WINDMILL RANCH AVE","LOT 9 BLK EE COMMONS AT ROWE LANE PHS II C THE","PONNAPALLI SURYA & VENKATA TANGIRALA",
"830104","290550723","R","2316 WIND VANE WEST","LOT 8 BLK EE COMMONS AT ROWE LANE PHS II C THE","MANNEPALLI AJAY RAMAKRISHNARAO & NEELIMA ANNAMRAJ",
"830122","290550802","R","21013 HUCKABEE BND","LOT 12 BLK F COMMONS AT ROWE LANE PHS II C THE","BHAKTA RIMPLE J & AMITA B BHAKTA",
"830129","290550809","R","2309 WIND VANE WEST","LOT 19 BLK F COMMONS AT ROWE LANE PHS II C THE","PATEL AMAR K & NICKY M &",
"830141","290550820","R","2300 CHOICE PL","LOT 30 BLK F COMMONS AT ROWE LANE PHS II C THE","SEN ABHISHEK & MEETA",
"860868","290551201","R","21504 WINDMILL RANCH AVE","LOT 32 BLK B COMMONS AT ROWE LANE PHS VII","DHOLE KULDEEP & ",
"860877","290551210","R","21404 WINDMILL RANCH AVE","LOT 23 BLK B COMMONS AT ROWE LANE PHS VII","KARANAM VENKATA R",
"860833","290551322","R","21416 GREYLAG DR","LOT 20 BLK A COMMONS AT ROWE LANE PHS VII","VELUCHAMY VIJAYAPRIYA &",
"860838","290551327","R","21406 GREYLAG DR","LOT 15 BLK A COMMONS AT ROWE LANE PHS VII","NUVVURU FAMILY REVOCABLE TRUST",
"860844","290551333","R","1805 GREBE DR","LOT 9 BLK A COMMONS AT ROWE LANE PHS VII","RAMACHANDRAN KARTHIK",
"860847","290551336","R","1811 GREBE DR","LOT 6 BLK A COMMONS AT ROWE LANE PHS VII","KANNAN HEMAMALINI & VIJAY V RAMU",
"860851","290551340","R","21304 WINDMILL RANCH AVE","LOT 2 BLK A COMMONS AT ROWE LANE PHS VII","SHARMA ATUL & RAMA",
"860907","290551406","R","1720 SHIRE ST","LOT 23 BLK E RIDGE AT STEEDS CROSSING SEC 1 THE","PARIKH RUCHI",
"844067","290570229","R","2913 WINDY VANE DR","LOT 34 BLK O COMMONS AT ROWE LANE PHS IV A THE","PATEL AMIT SHANTILAL ESTATE OF",
"844073","290570235","R","3017 WINDY VANE DR","LOT 40 BLK O COMMONS AT ROWE LANE PHS IV A THE","CHAUHAN DILIP & SHALINI",
"586723","290570408","R","21209 PENNY ROYAL DR","LOT 51 BLK C ESTATES OF ROWE LANE SEC 2 THE","TIWARI PIYUSH & SHWETA BOHARE",
"830187","290570518","R","2713 WINDY VANE DR","LOT 18 BLK M COMMONS AT ROWE LANE PHS III B THE","OGALE MAHESH & ANUSHREE OGALE",
"830245","290570519","R","21112 WINDMILL RIDGE ST","LOT 19 BLK M COMMONS AT ROWE LANE PHS III B THE","BHASKARWAR YOGESH",
"859081","290570726","R","21328 HINES LN","LOT 28 BLK FF COMMONS AT ROWE LANE PHS V A","PARMAR CHETAN & GEETA",
"859083","290570728","R","21320 HINES LN","LOT 26 BLK FF COMMONS AT ROWE LANE PHS V A","PATEL VIPUL & DHARTI",
"844014","290570806","R","2904 FRESH SPRING RD","LOT 5 BLK Q COMMONS AT ROWE LANE PHS IV A THE","JAIN ABHISHEK & DIVYA & ",
"844018","290570810","R","2804 FRESH SPRING RD","LOT 2 BLK Q COMMONS AT ROWE LANE PHS IV A THE","MENDIRATTA DHRUV & SURABHI DHAWAN",
"859086","290570812","R","21321 HINES LN","LOT 20 BLK Q COMMONS AT ROWE LANE PHS V A","CHOUBEY MUKESH K",
"859087","290570813","R","21325 HINES LN","LOT 19 BLK Q COMMONS AT ROWE LANE PHS V A","AMIN ASHOK & JAY AMIN",
"859092","290570818","R","2905 WATERSON ST","LOT 15 BLK Q COMMONS AT ROWE LANE PHS V A","TRIVEDI ABHISHEK CHAITANYA &",
"859094","290570820","R","2913 WATERSON ST","LOT 13 BLK Q COMMONS AT ROWE LANE PHS V A","PINTO RENITA & WALTER PINTO",
"859065","290571102","R","21500 CUPOLA VW","LOT 24 BLK R COMMONS AT ROWE LANE PHS V A","MALIK GIRIK & SHREYA MONDOL",
"859068","290571105","R","21404 CUPOLA VW","LOT 27 BLK R COMMONS AT ROWE LANE PHS V A","VANKAMAMIDI VEENA &",
"860560","290571114","R","21513 HINES LN","LOT 8 BLK R COMMONS AT ROWE LANE PHS VI A","SINGH SANDEEP S",
"859047","290571202","R","2901 HEIDELBERG CV","LOT 2 BLK S COMMONS AT ROWE LANE PHS V A","SHIRZOI HICKMATT & ZUHAL SHIRZOI",
"859052","290571207","R","2908 HEIDELBERG CV","LOT 7 BLK S COMMONS AT ROWE LANE PHS V A","VARMA ASHWINI K & ANSHU SHARMA",
"859060","290571215","R","21400 MERVEIL DR","LOT 20 BLK S COMMONS AT ROWE LANE PHS V A","VERMA TARUN KUMAR & ANJU",
"860609","293570305","R","21613 HINES LN","LOT 13 BLK R COMMONS AT ROWE LANE PHS VI A","DUVVURI RAVIKUMAR V & RADHA R CHANDIKA",
"860590","293570503","R","2904 WOODEN TOWER ST","LOT 6 BLK CC COMMONS AT ROWE LANE PHS VI A","SARKAR SUDIP & RATULA",
