SEQ,Year,PropID,Type,GEO ID,Ref ID,Tax Office ID,Owner Name,ARB Hearing,DBA,Property Address,City,Legal Description,Market Value,Appraised Value
1,2026,196624,R,208000819,,2080008190000,820 W 10TH LLC,No,Law Offices,820 W 10 ST,,41.5 X 130 FT OLT 4 DIVISION E,1311526,1311526
2,2026,279545,R,278280801,,2782808010000,1700 ROYSTON LANE LLC,No,ALK ABELLO (PHARMACEUTICALS),1700 ROYSTON LN,,LOT 2 ROBERTS GEORGE F SUBD 2,8375766,8375766
3,2026,279547,R,278280803,,2782808030000,LANDMARK NURSERIES INC,No,LANDMARK NURSERY,1510 ROYSTON LN,,LOT 2 ROYSTON LANE PARK SUBD UNIT II (1-D-1),3852946,2002757
4,2026,279548,R,278280804,,2782808040000,SISU DEVICES HOLDINGS LLC,No,SISU DEVICES,1520 ROYSTON LN,PFLUGERVILLE,LOT 3 BLK A RPS,4453484,4453484
5,2026,279549,R,278280805,,2782808050000,MOERBE PROPERTIES LLC,No,TYCO GRINNELL &C,1608 ROYSTON LN,,LOT 1 BLK A RPS,8622700,8622700
6,2026,279684,R,278300704,,2783007040000,EAGLE 2000 II LTD,Yes,Red River Brick & Building Materials,1409 ROYSTON LN,,LOT 17 BLK I NORTH PARK SEC 5,1892178,1892178
7,2026,279685,R,278300705,,2783007050000,FIRE PROTECTION &,No,ACT SUPPLY,1301 ROYSTON LN,,LOT 18 BLK I NORTH PARK SEC 5,3245000,3245000
8,2026,279686,R,278300706,,2783007060000,RESOLUTION TRUST CORP RECEIVER,No,, ROYSTON LN,,.598AC OF LOT 16 BLK I NORTH PARK SEC 1,260,260
9,2026,280538,R,280280101,,2802801010000,ENGLISH DANIEL C,No,,17004 CRANSTON DR,ROUND ROCK,LOT 25 BLK K SPRINGBROOK CENTRE PHS A,326349,326349
10,2026,280539,R,280280102,,2802801020000,BERRY MATTHEW LYNN &,No,,17002 CRANSTON DR,,LOT 26 BLK K SPRINGBROOK CENTRE PHS A,323579,323579
11,2026,280540,R,280280103,,2802801030000,SCHUTZE JOHN,No,,17000 CRANSTON DR,ROUND ROCK,LOT 27 BLK K SPRINGBROOK CENTRE PHS A,314408,314408
12,2026,280541,R,280280104,,2802801040000,NAYLOR GEORGE MATTHEW,No,,16908 CRANSTON DR,,LOT 28 BLK K SPRINGBROOK CENTRE PHS A,291973,291973
13,2026,280542,R,280280105,,2802801050000,BOLLER JOSEPH FRANK & M ELISABETH,No,,16906 CRANSTON DR,ROUND ROCK,LOT 29 BLK K SPRINGBROOK CENTRE PHS A,333264,333264
14,2026,280543,R,280280106,,2802801060000,MAZYRACK REBECCA R,No,,16904 CRANSTON DR,ROUND ROCK,LOT 30 BLK K SPRINGBROOK CENTRE PHS A,335586,335586
15,2026,280544,R,280280107,,2802801070000,BOUTIN ERIC,No,,16902 CRANSTON DR,ROUND ROCK,LOT 31 BLK K SPRINGBROOK CENTRE PHS A,365069,365069
16,2026,280545,R,280280108,,2802801080000,GIL NICHOLAS,No,,16900 CRANSTON DR,,LOT 32 BLK K SPRINGBROOK CENTRE PHS A,400005,400005
17,2026,280547,R,280280201,,2802802010000,HERNANDEZ EUGENE,No,,16901 CRANSTON DR,ROUND ROCK,LOT 1 BLK M SPRINGBROOK CENTRE PHS A,343017,343017
18,2026,280548,R,280280202,,2802802020000,HO TAN VAN & HAU KIM HO,No,,16903 CRANSTON DR,ROUND ROCK,LOT 2 BLK M SPRINGBROOK CENTRE PHS A,354553,354553
19,2026,280549,R,280280203,,2802802030000,MCBRIDE VERNELL G,No,,16905 CRANSTON DR,ROUND ROCK,LOT 3 BLK M SPRINGBROOK CENTRE PHS A,464389,464389
20,2026,280550,R,280280204,,2802802040000,HUNT WILLIAM D & MARILYN M,No,,16907 CRANSTON DR,ROUND ROCK,LOT 4 BLK M SPRINGBROOK CENTRE PHS A,420852,420852
21,2026,280551,R,280280205,,2802802050000,GOFF JANICE L,No,,16909 CRANSTON DR,ROUND ROCK,LOT 5 BLK M SPRINGBROOK CENTRE PHS A,397230,397230
22,2026,280552,R,280280206,,2802802060000,MILLER KATHRYN ANN & BRIAN ALEX SAIEWITZ,No,,17001 CRANSTON DR,ROUND ROCK,LOT 6 BLK M SPRINGBROOK CENTRE PHS A,395068,395068
23,2026,280553,R,280280207,,2802802070000,PAYNE JACK D & HELEN E LIFE ESTATE,No,,17003 CRANSTON DR,ROUND ROCK,LOT 7 BLK M SPRINGBROOK CENTRE PHS A,416104,416104
24,2026,280554,R,280280208,,2802802080000,KING DUSTIN,No,,17005 CRANSTON DR,ROUND ROCK,LOT 8 BLK M SPRINGBROOK CENTRE PHS A,417425,417425
25,2026,280555,R,280300101,,2803001010000,BERNICK ANDREW M & LAUREN R,No,,17016 JIGSAW PATHWAY,,LOT 52 BLK M SPRINGBROOK CENTRE PHS A,354638,354638
26,2026,280556,R,280300102,,2803001020000,LEE JANG K,No,,17014 JIGSAW PATHWAY,ROUND ROCK,LOT 53 BLK M SPRINGBROOK CENTRE PHS A,341828,341828
27,2026,280557,R,280300103,,2803001030000,THOMSON RODNEY W,No,,17012 JIGSAW PATHWAY,ROUND ROCK,LOT 54 BLK M SPRINGBROOK CENTRE PHS A,264407,264407
28,2026,280558,R,280300104,,2803001040000,AMH 2014-2 BORROWER LLC,No,,17010 JIGSAW PATHWAY,,LOT 55 BLK M SPRINGBROOK CENTRE PHS A,307339,307339
29,2026,280559,R,280300105,,2803001050000,YARNEAU JESSICA GAIL,No,,17008 JIGSAW PATHWAY,,LOT 56 BLK M SPRINGBROOK CENTRE PHS A,312683,312683
30,2026,280560,R,280300106,,2803001060000,MOORE NATASIA & JONATHAN PETER,No,,17006 JIGSAW PATHWAY,,LOT 57 BLK M SPRINGBROOK CENTRE PHS A,349014,349014
31,2026,280561,R,280300107,,2803001070000,MCDANIEL CLAYTON A & TERRI L,No,,17004 JIGSAW PATHWAY,,LOT 58 BLK M SPRINGBROOK CENTRE PHS A,344430,344430
32,2026,280562,R,280300108,,2803001080000,DC REVOCABLE LIVING TRUST,No,,17002 JIGSAW PATHWAY,PFLUGERVILLE,LOT 59 BLK M SPRINGBROOK CENTRE PHS A,333584,333584
33,2026,280563,R,280300109,,2803001090000,HALL ROD & SHERIN,No,,17000 JIGSAW PATHWAY,ROUND ROCK,LOT 60 BLK M SPRINGBROOK CENTRE PHS A,353227,353227
34,2026,280564,R,280300201,,2803002010000,WISE HERBERT M & KAREN J,No,,17001 JIGSAW PATHWAY,ROUND ROCK,LOT 1 BLK L SPRINGBROOK CENTRE PHS A,367067,367067
35,2026,280565,R,280300202,,2803002020000,OLVERA MARTHA A,No,,17003 JIGSAW PATHWAY,ROUND ROCK,LOT 2 BLK L SPRINGBROOK CENTRE PHS A,281887,281887
36,2026,280566,R,280300203,,2803002030000,SPANGENBERG JOHN D & KAREN A,No,,17005 JIGSAW PATHWAY,,LOT 3 BLK L SPRINGBROOK CENTRE PHS A,341356,341356
37,2026,280567,R,280300204,,2803002040000,MYERS ELIZABETH S,No,,17007 JIGSAW PATHWAY,ROUND ROCK,LOT 4 BLK L SPRINGBROOK CENTRE PHS A,265618,265618
38,2026,280568,R,280300205,,2803002050000,HERRERA ADRIANA G & EDWARD J II,No,,17009 JIGSAW PATHWAY,ROUND ROCK,LOT 5 BLK L SPRINGBROOK CENTRE PHS A,404175,404175
39,2026,280569,R,280300206,,2803002060000,SHI HUALIANG & TIANTIAN HU,No,,17011 JIGSAW PATHWAY,ROUND ROCK,LOT 6 BLK L SPRINGBROOK CENTRE PHS A,287021,287021
40,2026,280570,R,280300207,,2803002070000,NGOSY WILLY TAN,No,,17013 JIGSAW PATHWAY,ROUND ROCK,LOT 7 BLK L SPRINGBROOK CENTRE PHS A,357522,357522
41,2026,280571,R,280300208,,2803002080000,CAROTHERS JERRY YOUNG REVOCABLE LIVING TRUST,No,,17015 JIGSAW PATHWAY,ROUND ROCK,LOT 8 BLK L SPRINGBROOK CENTRE PHS A,367882,367882
42,2026,280572,R,280300209,,2803002090000,ALVAREZ-KEESEE ANA & DUBER RAMIREZ,No,,17017 JIGSAW PATHWAY,ROUND ROCK,LOT 9 BLK L SPRINGBROOK CENTRE PHS A,342026,342026
43,2026,280573,R,280300210,,2803002100000,DOMINGUEZ ANDREW SHANE & TRAM,No,,17108 COPPERHEAD DR,ROUND ROCK,LOT 52 BLK L SPRINGBROOK CENTRE PHS A,321421,321421
44,2026,280574,R,280300211,,2803002110000,DENT GARY,No,,17106 COPPERHEAD DR,ROUND ROCK,LOT 53 BLK L SPRINGBROOK CENTRE PHS A,258549,258549
45,2026,280575,R,280300212,,2803002120000,PRAJAPAT SURENDRA & SUBODHNI,No,,17104 COPPERHEAD DR,,LOT 54 BLK L SPRINGBROOK CENTRE PHS A,330904,330904
46,2026,280576,R,280300213,,2803002130000,FLORES YOVANNI,No,,17102 COPPERHEAD DR,,LOT 55 BLK L SPRINGBROOK CENTRE PHS A,319177,319177
47,2026,280577,R,280300214,,2803002140000,TRUJILLO JOSE HOMERO,No,,17100 COPPERHEAD DR,,LOT 56 BLK L SPRINGBROOK CENTRE PHS A,373428,373428
48,2026,280578,R,280300215,,2803002150000,HA BENJAMIN HUY &,No,,1524 PICADILLY DR,,LOT 57 BLK L SPRINGBROOK CENTRE PHS A,9301,9301
49,2026,280579,R,280300301,,2803003010000,FROST KIMBERLY A & ROCCO W RUSSO,No,,17104 TORTOISE ST,ROUND ROCK,LOT 16 UNNUMBERED BLK SPRINGBROOK CENTRE PHS A,394837,394837
50,2026,280580,R,280300302,,2803003020000,CRISLIP CLAUDIA A,No,,17102 TORTOISE ST,ROUND ROCK,LOT 15 UNNUMBERED BLK SPRINGBROOK CENTRE PHS A,347369,347369
51,2026,280581,R,280300303,,2803003030000,SPILLMAN DAEL JEAN,No,,17100 TORTOISE ST,ROUND ROCK,LOT 14 UNNUMBERED BLK SPRINGBROOK CENTRE PHS A,397314,397314
52,2026,280582,R,280300304,,2803003040000,FLORES YOVANNI,No,,17101 COPPERHEAD DR,,LOT 13 UNNUMBERED BLK SPRINGBROOK CENTRE PHS A,330696,330696
53,2026,280583,R,280300305,,2803003050000,HENDRIX NICOLE M &,No,,17103 COPPERHEAD DR,ROUND ROCK,LOT 12 BLK Z SPRINGBROOK CENTRE PHS A,334661,334661
54,2026,280584,R,280300306,,2803003060000,KALU KENNETH,No,,17105 COPPERHEAD DR,ROUND ROCK,LOT 11 BLK Z SPRINGBROOK CENTRE PHS A,311327,311327
55,2026,280585,R,280300307,,2803003070000,CALCOTE JASON A & ANNA M,No,,17107 COPPERHEAD DR,,LOT 10 BLK Z SPRINGBROOK CENTRE PHS A,351381,351381
56,2026,280587,R,280300402,,2803004020000,HA BENJAMIN HUY &,No,,1430 PICADILLY DR,,LOT 34 BLK I SPRINGBROOK CENTRE PHS A,13788,13788
57,2026,280588,R,280300403,,2803004030000,REICHMAN BENJAMIN & DANIELLE,No,,17101 TORTOISE ST,ROUND ROCK,LOT 33 BLK I SPRINGBROOK CENTRE PHS A,430123,430123
58,2026,280589,R,280300404,,2803004040000,PETERS SHANE & JULIE,No,,17103 TORTOISE ST,ROUND ROCK,LOT 32 BLK I SPRINGBROOK CENTRE PHS A,384047,384047
59,2026,280707,R,280330302,,2803303020000,GRAND AVENUE PARKWAY LLC,Yes,CHILDREN'S COURTYARD,1300 PICADILLY DR,,LOT 36&37 BLK I LESS .070AC SPRINGBROOK CENTRE PHS A,4288517,4288517
60,2026,280948,R,282280101,,2822801010000,BROTHERTON BRENDA,No,,17214 CRANSTON DR,ROUND ROCK,LOT 1 BLK K SPRINGBROOK CENTRE PHS A,332916,332916
61,2026,280949,R,282280102,,2822801020000,GARNER LEYON J & EVA R,No,,17212 CRANSTON DR,ROUND ROCK,LOT 2 BLK K SPRINGBROOK CENTRE PHS A,365500,365500
62,2026,280950,R,282280103,,2822801030000,COOK WILLIAM JOSEPH II &,No,,17210 CRANSTON DR,,LOT 3 BLK K SPRINGBROOK CENTRE PHS A,321802,321802
63,2026,280951,R,282280104,,2822801040000,SEAGER CHRISTOPHER MICHAEL,No,,17208 CRANSTON DR,,LOT 4 BLK K SPRINGBROOK CENTRE PHS A,379437,379437
64,2026,280952,R,282280105,,2822801050000,GUERRERO FRANCISCO,No,,17206 CRANSTON DR,,LOT 5 BLK K SPRINGBROOK CENTRE PHS A,341661,341661
65,2026,280953,R,282280106,,2822801060000,PATTON CHASE & ELIZABETH,No,,17204 CRANSTON DR,ROUND ROCK,LOT 6 BLK K SPRINGBROOK CENTRE PHS A,319991,319991
66,2026,280954,R,282280107,,2822801070000,LALWANI GAURAV GUL & MONA SACHDEV,No,,17202 CRANSTON DR,ROUND ROCK,LOT 7 BLK K SPRINGBROOK CENTRE PHS A,376242,376242
67,2026,280955,R,282280108,,2822801080000,HENDRICKSON ELEANOR,No,,17200 CRANSTON DR,ROUND ROCK,LOT 8 BLK K SPRINGBROOK CENTRE PHS A,425186,425186
68,2026,280956,R,282280109,,2822801090000,FUGATE ERIC D,No,,17118 CRANSTON DR,ROUND ROCK,LOT 9 BLK K SPRINGBROOK CENTRE PHS A,394892,394892
69,2026,280957,R,282280110,,2822801100000,HO QUY T,No,,17116 CRANSTON DR,,LOT 10 BLK K SPRINGBROOK CENTRE PHS A,362630,362630
70,2026,280958,R,282280111,,2822801110000,HWANGH HYUNG YUN,No,,17114 CRANSTON DR,,LOT 11 BLK K SPRINGBROOK CENTRE PHS A,367675,367675
71,2026,280959,R,282280112,,2822801120000,MENDOZA ERNESTO G &,No,,17112 CRANSTON DR,ROUND ROCK,LOT 12 BLK K SPRINGBROOK CENTRE PHS A,332778,332778
72,2026,280960,R,282280113,,2822801130000,ROSENTHAL ARAM & GRACE E ,No,,17110 CRANSTON DR,,LOT 13 BLK K SPRINGBROOK CENTRE PHS A,359300,359300
73,2026,280961,R,282280114,,2822801140000,SMART BRYAN L,No,,17108 CRANSTON DR,ROUND ROCK,LOT 14 BLK K SPRINGBROOK CENTRE PHS A,337423,337423
74,2026,280962,R,282280115,,2822801150000,LARANJEIRA LUIZ AUGUSTO & SHIRLEY CRISTINA LEMOS,No,,17106 CRANSTON DR,,LOT 15 BLK K SPRINGBROOK CENTRE PHS A,365702,365702
75,2026,280963,R,282280116,,2822801160000,CEARNAL HYACINTH & DANIEL,No,,17104 CRANSTON DR,ROUND ROCK,LOT 16 BLK K SPRINGBROOK CENTRE PHS A,330168,330168
76,2026,280964,R,282280117,,2822801170000,BRAVEMAN AMY L,No,,17102 CRANSTON DR,ROUND ROCK,LOT 17 BLK K SPRINGBROOK CENTRE PHS A,349791,349791
77,2026,280965,R,282280118,,2822801180000,LAURENT AMBER NICOLE,No,,17100 CRANSTON DR,ROUND ROCK,LOT 18 BLK K SPRINGBROOK CENTRE PHS A,364149,364149
78,2026,280966,R,282280119,,2822801190000,TAMEZ MARCO & GABRIELA,No,,17016 CRANSTON DR,ROUND ROCK,LOT 19 BLK K SPRINGBROOK CENTRE PHS A,296741,296741
79,2026,280967,R,282280120,,2822801200000,BROWN ROSA I,No,,17014 CRANSTON DR,ROUND ROCK,LOT 20 BLK K SPRINGBROOK CENTRE PHS A,334663,334663
80,2026,280968,R,282280121,,2822801210000,GIAVELLI GIANNA,No,,17012 CRANSTON DR,ROUND ROCK,LOT 21 BLK K SPRINGBROOK CENTRE PHS A,419913,419913
81,2026,280969,R,282280122,,2822801220000,GRIFFIN BLANCHE,No,,17010 CRANSTON DR,ROUND ROCK,LOT 22 BLK K SPRINGBROOK CENTRE PHS A,311824,311824
82,2026,280970,R,282280123,,2822801230000,GONZALEZ JUAN JR,No,,17008 CRANSTON DR,ROUND ROCK,LOT 23 BLK K SPRINGBROOK CENTRE PHS A,314558,314558
83,2026,280971,R,282280124,,2822801240000,PAREDES GERARDO,No,,17006 CRANSTON DR,ROUND ROCK,LOT 24 BLK K SPRINGBROOK CENTRE PHS A,388982,388982
84,2026,280972,R,282280201,,2822802010000,DAVILA DAVID H,No,,1804 GNU GAP,ROUND ROCK,LOT 1 BLK J SPRINGBROOK CENTRE PHS A,316266,316266
85,2026,280973,R,282280301,,2822803010000,SAENZ CHRISTOPHER T & ANDREA L,No,,1800 CHAMOIS KNOLL,,LOT 20 BLK J SPRINGBROOK CENTRE PHS A,334238,334238
86,2026,280974,R,282280302,,2822803020000,BURLESON ROYAL A & JANICE L BU,No,,1802 CHAMOIS KNOLL,,LOT 19 BLK J SPRINGBROOK CENTRE PHS A,385709,385709
87,2026,280975,R,282280303,,2822803030000,SCOTT WILLIE L JR & CARMEN KAT,No,,1804 CHAMOIS KNOLL,,LOT 18 BLK J SPRINGBROOK CENTRE PHS A,359609,359609
88,2026,280976,R,282280304,,2822803040000,BURKHARD CARL & SONIA I,No,,1806 CHAMOIS KNOLL,,LOT 17 BLK J SPRINGBROOK CENTRE PHS A,370546,370546
89,2026,280977,R,282280305,,2822803050000,HUDSON MICHEL R & SCOTT V,No,,1805 GNU GAP,,LOT 16 BLK J SPRINGBROOK CENTRE PHS A,323573,323573
90,2026,280978,R,282280306,,2822803060000,JIMENEZ JOSE A & LAURA L,No,,1803 GNU GAP,ROUND ROCK,LOT 15 BLK J SPRINGBROOK CENTRE PHS A,349346,349346
91,2026,280979,R,282280307,,2822803070000,BLEVINS EMILY ROSE & ROBERT AUSTIN DIXON,No,,1801 GNU GAP,ROUND ROCK,LOT 14 BLK J SPRINGBROOK CENTRE PHS A,372948,372948
92,2026,280980,R,282280401,,2822804010000,WILLIAMS SARAH LISBETH SIRBASKU,No,,1708 CHEETAH CV,ROUND ROCK,LOT 25 BLK M SPRINGBROOK CENTRE PHS A,353412,353412
93,2026,280981,R,282280402,,2822804020000,JONES CHARLES R & CAROLYN H,No,,1710 CHEETAH CV,,LOT 26 BLK M SPRINGBROOK CENTRE PHS A,385376,385376
94,2026,280982,R,282280403,,2822804030000,SCHLABACH JENNIFER HOPSON,No,,1712 CHEETAH CV,ROUND ROCK,LOT 27 BLK M SPRINGBROOK CENTRE PHS A,334784,334784
95,2026,280983,R,282280404,,2822804040000,MCDADE JENINE M & MACLYN,No,,1805 CHAMOIS KNOLL,,LOT 28 BLK M SPRINGBROOK CENTRE PHS A,373062,373062
96,2026,280984,R,282280405,,2822804050000,BEREND ROBERT A,No,,1803 CHAMOIS KNOLL,ROUND ROCK,LOT 29 BLK M SPRINGBROOK CENTRE PHS A,341929,341929
97,2026,280985,R,282280406,,2822804060000,AOUJE MOHAMAD & SARAH KASKAS,No,,1801 CHAMOIS KNOLL,,LOT 30 BLK M SPRINGBROOK CENTRE PHS A,359773,359773
98,2026,280986,R,282280407,,2822804070000,AHIERS HOLLI ROSE,No,,1715 CHAMOIS KNOLL,,LOT 31 BLK M SPRINGBROOK CENTRE PHS A,380824,380824
99,2026,280987,R,282280501,,2822805010000,KELLER LEON KAY & THINH THI,No,,1705 CRANSTON CV,ROUND ROCK,LOT 9 BLK M SPRINGBROOK CENTRE PHS A,412630,412630
100,2026,280988,R,282280502,,2822805020000,MORGAN EDWARD J,No,,1703 CRANSTON CV,ROUND ROCK,LOT 10 BLK M SPRINGBROOK CENTRE PHS A,380000,380000
101,2026,280990,R,282280504,,2822805040000,CASTOR SYLVIA LIFE ESTATE,No,,1702 CRANSTON CV,ROUND ROCK,LOT 13 BLK M SPRINGBROOK CENTRE PHS A,319671,319671
102,2026,280991,R,282280505,,2822805050000,BABBITT RUSSELL V & MAGDALENA B,No,,1704 CRANSTON CV,,LOT 14 BLK M SPRINGBROOK CENTRE PHS A,399873,399873
103,2026,280992,R,282280506,,2822805060000,DASARI SELVARAJ FAMILY REVOCABLE TRUST,No,,1711 CHEETAH CV,ROUND ROCK,LOT 15 BLK M SPRINGBROOK CENTRE PHS A,374613,374613
104,2026,280993,R,282280507,,2822805070000,GARZA CYNTHIA A,No,,1709 CHEETAH CV,ROUND ROCK,LOT 16 BLK M SPRINGBROOK CENTRE PHS A,387348,387348
105,2026,280994,R,282280508,,2822805080000,PIERCE MATTHEW B,No,,1707 CHEETAH CV,ROUND ROCK,LOT 17 BLK M SPRINGBROOK CENTRE PHS A,317948,317948
106,2026,281090,R,282300701,,2823007010000,TO TRIEU T,No,,1614 BENGAL DR,ROUND ROCK,LOT 44 BLK J SPRINGBROOK CENTRE PHS A,336000,336000
107,2026,281091,R,282300702,,2823007020000,TIMMONS LENA G &,No,,1616 BENGAL DR,,LOT 43 BLK J SPRINGBROOK CENTRE PHS A,356490,356490
108,2026,281092,R,282300703,,2823007030000,CANKOV CVETOMIR,No,,1618 BENGAL DR,ROUND ROCK,LOT 42 BLK J SPRINGBROOK CENTRE PHS A,395467,395467
109,2026,281093,R,282300704,,2823007040000,TYAGI AKSHAY & SOPHIA H GORI,No,,1620 BENGAL DR,ROUND ROCK,LOT 41 BLK J SPRINGBROOK CENTRE PHS A,444281,444281
110,2026,281094,R,282300705,,2823007050000,RUIZ LUIS CARLOS NAJERA,No,,1622 BENGAL DR,ROUND ROCK,LOT 40 BLK J SPRINGBROOK CENTRE PHS A,399704,399704
111,2026,281095,R,282300706,,2823007060000,VONG ORN & ESTELA H VONG,No,,1624 BENGAL DR,ROUND ROCK,LOT 39 BLK J SPRINGBROOK CENTRE PHS A,380005,380005
112,2026,281096,R,282300707,,2823007070000,NGUYEN NAM & HUY,No,,1626 BENGAL DR,ROUND ROCK,LOT 38 BLK J SPRINGBROOK CENTRE PHS A,356722,356722
113,2026,281097,R,282300708,,2823007080000,WILLIAMSON LISA M &,No,,1628 BENGAL DR,,LOT 37 BLK J SPRINGBROOK CENTRE PHS A,373090,373090
114,2026,281098,R,282300709,,2823007090000,CRANE DOUGLAS G JR & AUDREA L,No,,1702 BENGAL DR,,LOT 36 BLK J SPRINGBROOK CENTRE PHS A,380248,380248
115,2026,281099,R,282300710,,2823007100000,GUILLEN JOSHUA,No,,1704 BENGAL DR,ROUND ROCK,LOT 35 BLK J SPRINGBROOK CENTRE PHS A,317558,317558
116,2026,281100,R,282300711,,2823007110000,CERVANTES CAMERINA ESTRADA &,No,,1706 BENGAL DR,,LOT 34 BLK J SPRINGBROOK CENTRE PHS A,365326,365326
117,2026,281101,R,282300712,,2823007120000,YANES ERICH &,No,,1708 BENGAL DR,ROUND ROCK,LOT 33 BLK J SPRINGBROOK CENTRE PHS A,315000,315000
118,2026,281102,R,282300713,,2823007130000,THURMAN-MENDOZA FAMILY REVOCABLE,No,,1710 BENGAL DR,,LOT 32 BLK J SPRINGBROOK CENTRE PHS A,506111,506111
119,2026,281103,R,282300714,,2823007140000,WATERS SEAN J,No,,17210 JIGSAW PATHWAY,ROUND ROCK,LOT 31 BLK J SPRINGBROOK CENTRE PHS A,336199,336199
120,2026,281104,R,282300715,,2823007150000,MCKEE DELILA LACEVIC & PATRICK JOHN,No,,17208 JIGSAW PATHWAY,ROUND ROCK,LOT 30 BLK J SPRINGBROOK CENTRE PHS A,287691,287691
121,2026,281105,R,282300716,,2823007160000,ROBLES JAVIER & GABRIELA,No,,17206 JIGSAW PATHWAY,ROUND ROCK,LOT 29 BLK J SPRINGBROOK CENTRE PHS A,344431,344431
122,2026,281106,R,282300717,,2823007170000,YAMASA CO LTD,No,,17204 JIGSAW PATHWAY,ROUND ROCK,LOT 28 BLK J SPRINGBROOK CENTRE PHS A,329944,329944
123,2026,281107,R,282300718,,2823007180000,BRILL JESSICA L &,No,,17202 JIGSAW PATHWAY,,LOT 27 BLK J SPRINGBROOK CENTRE PHS A,327541,327541
124,2026,281108,R,282300719,,2823007190000,BUDGELL NICOLE AMANDA,No,,17200 JIGSAW PATHWAY,,LOT 26 BLK J SPRINGBROOK CENTRE PHS A,347074,347074
125,2026,281109,R,282300720,,2823007200000,LANGDON LISA,No,,1704 CHAMOIS KNOLL,,LOT 25 BLK J SPRINGBROOK CENTRE PHS A,403945,403945
126,2026,281110,R,282300721,,2823007210000,DEBOER MATTHEW & MATTHEW SPARLING,No,,1706 CHAMOIS KNOLL,,LOT 24 BLK J SPRINGBROOK CENTRE PHS A,361034,361034
127,2026,281111,R,282300722,,2823007220000,CAMP LEIGH,No,,1708 CHAMOIS KNOLL,,LOT 23 BLK J SPRINGBROOK CENTRE PHS A,282202,282202
128,2026,281112,R,282300723,,2823007230000,MAYO HERNANDEZ JOSE G &,No,,1710 CHAMOIS KNOLL,,LOT 22 BLK J SPRINGBROOK CENTRE PHS A,431428,431428
129,2026,281113,R,282300724,,2823007240000,DE LIRA SERGIO A ESPARZA,No,,1712 CHAMOIS KNOLL,ROUND ROCK,LOT 21 BLK J SPRINGBROOK CENTRE PHS A,386023,386023
130,2026,281114,R,282300725,,2823007250000,TAPIA ELIAS T & MARIA E,No,,1709 GNU GAP,ROUND ROCK,LOT 13 BLK J SPRINGBROOK CENTRE PHS A,325381,325381
131,2026,281115,R,282300726,,2823007260000,LEE PETER VIEN & SYLVIA,No,,1707 GNU GAP,ROUND ROCK,LOT 12 BLK J SPRINGBROOK CENTRE PHS A,410575,410575
132,2026,281116,R,282300727,,2823007270000,SAADI LOUAY & NARJES AHMAD,No,,1705 GNU GAP,ROUND ROCK,LOT 11 BLK J SPRINGBROOK CENTRE PHS A,361322,361322
133,2026,281117,R,282300728,,2823007280000,SALAZAR NORA LIFE ESTATE & JESUS A,No,,1703 GNU GAP,ROUND ROCK,LOT 10 BLK J SPRINGBROOK CENTRE PHS A,432148,432148
134,2026,281118,R,282300729,,2823007290000,VELA CHRISTOPHER JAMES,No,,1701 GNU GAP,ROUND ROCK,LOT 9 BLK J SPRINGBROOK CENTRE PHS A,374402,374402
135,2026,281119,R,282300730,,2823007300000,HELLO LEE JOSEPH,No,,1700 GNU GAP,ROUND ROCK,LOT 8 BLK J SPRINGBROOK CENTRE PHS A,400417,400417
136,2026,281120,R,282300731,,2823007310000,CLAUSSEN-POHL SETH D &,No,,1702 GNU GAP,,LOT 7 BLK J SPRINGBROOK CENTRE PHS A,399506,399506
137,2026,281121,R,282300732,,2823007320000,AMH 2015-1 BORROWER LLC,No,,1704 GNU GAP,,LOT 6 BLK J SPRINGBROOK CENTRE PHS A,364180,364180
138,2026,281122,R,282300733,,2823007330000,APONTE ALBERTO &,No,,1706 GNU GAP,,LOT 5 BLK J SPRINGBROOK CENTRE PHS A,373000,373000
139,2026,281123,R,282300734,,2823007340000,VILLASANA AMBROCIO & DORA ELIA 2007,No,,1708 GNU GAP,,LOT 4 BLK J SPRINGBROOK CENTRE PHS A,315772,315772
140,2026,281124,R,282300735,,2823007350000,GONZALEZ DANIEL C & JILL M,No,,1800 GNU GAP,ROUND ROCK,LOT 3 BLK J SPRINGBROOK CENTRE PHS A,362107,362107
141,2026,281125,R,282300736,,2823007360000,LI ZEBAO,No,,1802 GNU GAP,ROUND ROCK,LOT 2 BLK J SPRINGBROOK CENTRE PHS A,395649,395649
142,2026,281126,R,282300801,,2823008010000,SANDER SHERICE RENE,No,,1713 CHAMOIS KNOLL,ROUND ROCK,LOT 32 BLK M SPRINGBROOK CENTRE PHS A,293787,293787
143,2026,281127,R,282300802,,2823008020000,BHAKTA NILAM,No,,1711 CHAMOIS KNOLL,,LOT 33 BLK M SPRINGBROOK CENTRE PHS A,288143,288143
144,2026,281128,R,282300803,,2823008030000,SCHLEGEL TINA,No,,1709 CHAMOIS KNOLL,ROUND ROCK,LOT 34 BLK M SPRINGBROOK CENTRE PHS A,313175,313175
145,2026,281129,R,282300804,,2823008040000,SERGIO VALDEZ & WENDY VALDEZ,No,,1707 CHAMOIS KNOLL,ROUND ROCK,LOT 35 BLK M SPRINGBROOK CENTRE PHS A,317670,317670
146,2026,281130,R,282300805,,2823008050000,WILLIAMS CAROL T,No,,1705 CHAMOIS KNOLL,,LOT 36 BLK M SPRINGBROOK CENTRE PHS A,328840,328840
147,2026,281131,R,282300806,,2823008060000,METZ KAREN S,No,,17116 JIGSAW PATHWAY,ROUND ROCK,LOT 37 BLK M SPRINGBROOK CENTRE PHS A,291582,291582
148,2026,281132,R,282300807,,2823008070000,PRAY JEFF R,No,,17114 JIGSAW PATHWAY,ROUND ROCK,LOT 38 BLK M SPRINGBROOK CENTRE PHS A,346281,346281
149,2026,281133,R,282300808,,2823008080000,DE LA PENA PEDRO & LIDIA,No,,17112 JIGSAW PATHWAY,,LOT 39 BLK M SPRINGBROOK CENTRE PHS A,325265,325265
150,2026,281134,R,282300809,,2823008090000,WOLF BRYSON A,No,,17110 JIGSAW PATHWAY,ROUND ROCK,LOT 40 BLK M SPRINGBROOK CENTRE PHS A,288718,288718
151,2026,281135,R,282300810,,2823008100000,WANG NA & WINNIE SZE,No,,17108 JIGSAW PATHWAY,,LOT 41 BLK M SPRINGBROOK CENTRE PHS A,360606,360606
152,2026,281136,R,282300811,,2823008110000,DEAN KAY,No,,17106 JIGSAW PATHWAY,ROUND ROCK,LOT 42 BLK M SPRINGBROOK CENTRE PHS A,314390,314390
153,2026,281137,R,282300812,,2823008120000,MEYER STEVEN,No,,17104 JIGSAW PATHWAY,ROUND ROCK,LOT 43 BLK M SPRINGBROOK CENTRE PHS A,295046,295046
154,2026,281138,R,282300813,,2823008130000,HUNTER JESUS MALIKE,No,,17102 JIGSAW PATHWAY,ROUND ROCK,LOT 44 BLK M SPRINGBROOK CENTRE PHS A,353431,353431
155,2026,281139,R,282300814,,2823008140000,SHEPPARD BERT C,No,,17100 JIGSAW PATHWAY,ROUND ROCK,LOT 45 BLK M SPRINGBROOK CENTRE PHS A,324434,324434
156,2026,281140,R,282300815,,2823008150000,WELLS RYAN P & REBECCA L LESTER,No,,17028 JIGSAW PATHWAY,ROUND ROCK,LOT 46 BLK M SPRINGBROOK CENTRE PHS A,343776,343776
157,2026,281141,R,282300816,,2823008160000,OLIVER KENNETH D,No,,17026 JIGSAW PATHWAY,ROUND ROCK,LOT 47 BLK M SPRINGBROOK CENTRE PHS A,343141,343141
158,2026,281142,R,282300817,,2823008170000,PORTER MICHAEL A & GALE R,No,,17024 JIGSAW PATHWAY,ROUND ROCK,LOT 48 BLK M SPRINGBROOK CENTRE PHS A,339642,339642
159,2026,281143,R,282300818,,2823008180000,RICHARDS SARAH & MORGAN MURPHY,No,,17022 JIGSAW PATHWAY,ROUND ROCK,LOT 49 BLK M SPRINGBROOK CENTRE PHS A,287857,287857
160,2026,281144,R,282300819,,2823008190000,WILDING AMMON REID & CAMILLE WILLIAMS,No,,17020 JIGSAW PATHWAY,ROUND ROCK,LOT 50 BLK M SPRINGBROOK CENTRE PHS A,342947,342947
161,2026,281145,R,282300820,,2823008200000,GOLDEN WEST INVESTMENT (TX) LLC,No,,17018 JIGSAW PATHWAY,,LOT 51 BLK M SPRINGBROOK CENTRE PHS A,364018,364018
162,2026,281146,R,282300821,,2823008210000,WECHSLER JASON & KELSEY VOLKERT,No,,1701 CRANSTON CV,ROUND ROCK,LOT 11 BLK M SPRINGBROOK CENTRE PHS A,527443,527443
163,2026,281147,R,282300822,,2823008220000,CLINE LINDA C,No,,1705 CHEETAH CV,ROUND ROCK,LOT 18 BLK M SPRINGBROOK CENTRE PHS A,376698,376698
164,2026,281148,R,282300823,,2823008230000,ROGERS ROBERT M & SUPALAK P,No,,1703 CHEETAH CV,,LOT 19 BLK M SPRINGBROOK CENTRE PHS A,377504,377504
165,2026,281149,R,282300824,,2823008240000,YANEZ-CARRILLO CARLOS &,No,,1701 CHEETAH CV,,LOT 20 BLK M SPRINGBROOK CENTRE PHS A,375266,375266
166,2026,281150,R,282300825,,2823008250000,LINK BRENNA T,No,,1700 CHEETAH CV,ROUND ROCK,LOT 21 BLK M SPRINGBROOK CENTRE PHS A,374668,374668
167,2026,281151,R,282300826,,2823008260000,GUEBERT WALTER & SHARON,No,,1702 CHEETAH CV,,LOT 22 BLK M SPRINGBROOK CENTRE PHS A,303714,303714
168,2026,281152,R,282300827,,2823008270000,SALISBURY GARY T & REBECCA A,No,,1704 CHEETAH CV,ROUND ROCK,LOT 23 BLK M SPRINGBROOK CENTRE PHS A,404217,404217
169,2026,281153,R,282300828,,2823008280000,CLAYWELL ROYCE I & SUZUKO,No,,1706 CHEETAH CV,,LOT 24 BLK M SPRINGBROOK CENTRE PHS A,351162,351162
170,2026,281154,R,282300901,,2823009010000,PARSONS ROBERT E & MARILYN B,No,,17019 JIGSAW PATHWAY,ROUND ROCK,LOT 10A BLK L SPRINGBROOK CENTRE PHS A AMENDED PLAT OF LTS 10-12 THE,333776,333776
171,2026,281157,R,282300904,,2823009040000,OSEWE PATRICK LUMUMBA &,No,,1603 JIGSAW CV,,LOT 13 BLK L SPRINGBROOK CENTRE PHS A,339690,339690
172,2026,281158,R,282300905,,2823009050000,FERGUSON DEMETRIUS A,Yes,,1601 JIGSAW CV,ROUND ROCK,LOT 14 BLK L SPRINGBROOK CENTRE PHS A,384000,384000
173,2026,281159,R,282300906,,2823009060000,NIEVES-GUZMAN JOSE MANUEL & IGOR ALTAGRACIA,No,,1600 JIGSAW CV,ROUND ROCK,LOT 15 BLK L SPRINGBROOK CENTRE PHS A,360180,360180
174,2026,281160,R,282300907,,2823009070000,FERGUSON DEMETRIUS & JACQUELYN,No,,1602 JIGSAW CV,ROUND ROCK,LOT 16 BLK L SPRINGBROOK CENTRE PHS A,336053,336053
175,2026,281161,R,282300908,,2823009080000,BUZOIU NICOLETA,No,,1604 JIGSAW CV,,LOT 17 BLK L SPRINGBROOK CENTRE PHS A,314992,314992
176,2026,281162,R,282300909,,2823009090000,LI MING,No,,1606 JIGSAW CV,ROUND ROCK,LOT 18 BLK L SPRINGBROOK CENTRE PHS A,327285,327285
177,2026,281163,R,282300910,,2823009100000,QUAN-CHENG FAMILY TRUST,No,,17105 JIGSAW PATHWAY,,LOT 19 BLK L SPRINGBROOK CENTRE PHS A,322626,322626
178,2026,281164,R,282300911,,2823009110000,HEBB KRYSTAL & RYAN BUCHANAN,No,,17107 JIGSAW PATHWAY,ROUND ROCK,LOT 20 BLK L SPRINGBROOK CENTRE PHS A,332971,332971
179,2026,281165,R,282300912,,2823009120000,HEYERDAHL BRUCE D,No,,17109 JIGSAW PATHWAY,ROUND ROCK,LOT 21 BLK L SPRINGBROOK CENTRE PHS A,312649,312649
180,2026,281166,R,282300913,,2823009130000,KNUTH ERIC & JUNG KWAK,No,,17111 JIGSAW PATHWAY,ROUND ROCK,LOT 22 BLK L SPRINGBROOK CENTRE PHS A,293358,293358
181,2026,281167,R,282300914,,2823009140000,LABRIE ALISON R & LEONARD J III,No,,17113 JIGSAW PATHWAY,ROUND ROCK,LOT 23 BLK L SPRINGBROOK CENTRE PHS A,348483,348483
182,2026,281168,R,282300915,,2823009150000,WOMACK WALLACE E & DAMARIS I,No,,17115 JIGSAW PATHWAY,,LOT 24 BLK L SPRINGBROOK CENTRE PHS A,358002,358002
183,2026,281169,R,282300916,,2823009160000,PROVENT PARTNERS LLC,No,,17117 JIGSAW PATHWAY,,LOT 25 BLK L SPRINGBROOK CENTRE PHS A,268039,268039
184,2026,281170,R,282300917,,2823009170000,WEBB LISA,No,,17119 JIGSAW PATHWAY,ROUND ROCK,LOT 26 BLK L SPRINGBROOK CENTRE PHS A,343064,343064
185,2026,281171,R,282300918,,2823009180000,MARTIN DANIEL E,No,,17201 JIGSAW PATHWAY,ROUND ROCK,LOT 27 BLK L SPRINGBROOK CENTRE PHS A,308948,308948
186,2026,281172,R,282300919,,2823009190000,ALARCON-CHAVEZ LUIS ENRIQUE &,No,,17203 JIGSAW PATHWAY,,LOT 28 BLK L SPRINGBROOK CENTRE PHS A,375238,375238
187,2026,281173,R,282300920,,2823009200000,AMERICAN HOMES 4 RENT PROPERTIES TWO LLC,No,,17205 JIGSAW PATHWAY,,LOT 29 BLK L SPRINGBROOK CENTRE PHS A,331054,331054
188,2026,281174,R,282300921,,2823009210000,TONG YUE,No,,17207 JIGSAW PATHWAY,,LOT 30 BLK L SPRINGBROOK CENTRE PHS A,289750,289750
189,2026,281175,R,282300922,,2823009220000,SPRINGBROOK CENTRE/SII LTD,No,,1703 BENGAL DR,,DRAINAGE & PUE BLK L SPRINGBROOK CENTRE PHS A,2071,2071
190,2026,281176,R,282300923,,2823009230000,LOVING ELVIS R & LESLIE WILLIA,No,,1701 BENGAL DR,,LOT 32 BLK L SPRINGBROOK CENTRE PHS A,308395,308395
191,2026,281177,R,282300924,,2823009240000,GALVAN-BAHNUK BONITA &,No,,1625 BENGAL DR,,LOT 33 BLK L SPRINGBROOK CENTRE PHS A,359129,359129
192,2026,281178,R,282300925,,2823009250000,INAYA PROPERTIES LLC,No,,1623 BENGAL DR,,LOT 34 BLK L SPRINGBROOK CENTRE PHS A,355247,355247
193,2026,281179,R,282300926,,2823009260000,JACKSON HERBERT & SANDRA D,No,,17210 COPPERHEAD DR,,LOT 35 BLK L SPRINGBROOK CENTRE PHS A,332373,332373
194,2026,281180,R,282300927,,2823009270000,SAMPLE & MALCOLM RVCBL,No,,17208 COPPERHEAD DR,,LOT 36 BLK L SPRINGBROOK CENTRE PHS A,364184,364184
195,2026,281181,R,282300928,,2823009280000,POWERS LAURIE B & JAMES GOING,No,,17206 COPPERHEAD DR,ROUND ROCK,LOT 37 BLK L SPRINGBROOK CENTRE PHS A,308000,308000
196,2026,281182,R,282300929,,2823009290000,KUSHNIR ROMAN,No,,17204 COPPERHEAD DR,ROUND ROCK,LOT 38 BLK L SPRINGBROOK CENTRE PHS A,315828,315828
197,2026,281183,R,282300930,,2823009300000,KEESEE SUSAN,No,,17202 COPPERHEAD DR,ROUND ROCK,LOT 39 BLK L SPRINGBROOK CENTRE PHS A,313448,313448
198,2026,281184,R,282300931,,2823009310000,ALEXANDER ALEX,No,,17200 COPPERHEAD DR,ROUND ROCK,LOT 40 BLK L SPRINGBROOK CENTRE PHS A,340063,340063
199,2026,281185,R,282300932,,2823009320000,CAMINO FUTURO LLC,No,,17130 COPPERHEAD DR,,LOT 41 BLK L SPRINGBROOK CENTRE PHS A,321490,321490
200,2026,281186,R,282300933,,2823009330000,JAMES DAN E & JULIE A JAMES,No,,17128 COPPERHEAD DR,ROUND ROCK,LOT 42 BLK L SPRINGBROOK CENTRE PHS A,354758,354758
201,2026,281187,R,282300934,,2823009340000,GRAHAM JEANNE,No,,17126 COPPERHEAD DR,,LOT 43 BLK L SPRINGBROOK CENTRE PHS A,334618,334618
202,2026,281188,R,282300935,,2823009350000,AL JUMAILI ALI BASHEER HUSSEIN &,No,,17124 COPPERHEAD DR,,LOT 44 BLK L SPRINGBROOK CENTRE PHS A,334069,334069
203,2026,281189,R,282300936,,2823009360000,ESCOBAR ANA,No,,17122 COPPERHEAD DR,,LOT 45 BLK L SPRINGBROOK CENTRE PHS A,343856,343856
204,2026,281190,R,282300937,,2823009370000,DELEON MARGARITA,No,,17120 COPPERHEAD DR,ROUND ROCK,LOT 46 BLK L SPRINGBROOK CENTRE PHS A,366897,366897
205,2026,281191,R,282300938,,2823009380000,DICKERSON JAMES,No,,17118 COPPERHEAD DR,ROUND ROCK,LOT 47 BLK L SPRINGBROOK CENTRE PHS A,375276,375276
206,2026,281192,R,282300939,,2823009390000,SANTOS CLAUDIA MARTINEZ,No,,17116 COPPERHEAD DR,ROUND ROCK,LOT 48 BLK L SPRINGBROOK CENTRE PHS A,316140,316140
207,2026,281193,R,282300940,,2823009400000,SALAMEH HISHAM,No,,17114 COPPERHEAD DR,,LOT 49 BLK L SPRINGBROOK CENTRE PHS A,313114,313114
208,2026,281194,R,282300941,,2823009410000,SANDHU FAMILY TRUST,No,,17112 COPPERHEAD DR,,LOT 50 BLK L SPRINGBROOK CENTRE PHS A,327817,327817
209,2026,281196,R,282301001,,2823010010000,HART BRADLEY & JENNA ROZACKY,No,,17213 COPPERHEAD DR,ROUND ROCK,LOT 31 BLK S SPRINGBROOK CENTRE PHS A,383065,383065
210,2026,281197,R,282301002,,2823010020000,ALANIS NELDA,No,,17215 COPPERHEAD DR,ROUND ROCK,LOT 30 BLK S SPRINGBROOK CENTRE PHS A,310515,310515
211,2026,281198,R,282301003,,2823010030000,CARRIGAN EMMIE S,No,,1617 BENGAL DR,ROUND ROCK,LOT 29 BLK S SPRINGBROOK CENTRE PHS A,307175,307175
212,2026,281199,R,282301004,,2823010040000,WHITIS-NAPOLI TRUST,No,,1615 BENGAL DR,,LOT 28 BLK S SPRINGBROOK CENTRE PHS A,330000,330000
213,2026,281200,R,282301005,,2823010050000,GM BENGAL LLC,No,,1613 BENGAL DR,,LOT 27 BLK S SPRINGBROOK CENTRE PHS A,318406,318406
214,2026,281201,R,282301006,,2823010060000,HARVEY MICHAEL DWAYNE,No,,1611 BENGAL DR,ROUND ROCK,LOT 26 BLK S SPRINGBROOK CENTRE PHS A,352433,352433
215,2026,281202,R,282301007,,2823010070000,NELSON AMY C,No,,17310 IBEX TRL,,LOT 25 BLK S SPRINGBROOK CENTRE PHS A,362483,362483
216,2026,281203,R,282301008,,2823010080000,HU SHENG & DANLU HUANG,No,,17308 IBEX TRL,,LOT 24 BLK S SPRINGBROOK CENTRE PHS A,347554,347554
217,2026,281204,R,282301009,,2823010090000,ORDOYNE ANGELA MICHELLE,No,,17306 IBEX TRL,ROUND ROCK,LOT 23 BLK S SPRINGBROOK CENTRE PHS A,340185,340185
218,2026,281205,R,282301010,,2823010100000,MOSSHART-KEEL EMMA CLAIRE,No,,17304 IBEX TRL,ROUND ROCK,LOT 22 BLK S SPRINGBROOK CENTRE PHS A,397369,397369
219,2026,281206,R,282301011,,2823010110000,RAMESH VIKRAM & DEEPA REDDY,No,,1530 ARUSHA ST,,LOT 21 BLK S SPRINGBROOK CENTRE PHS A,315846,315846
220,2026,281207,R,282301012,,2823010120000,STODDER MUNSON IV,No,,1532 ARUSHA ST,ROUND ROCK,LOT 20 BLK S SPRINGBROOK CENTRE PHS A,328246,328246
221,2026,281208,R,282301013,,2823010130000,SANDERS DAVID LEE,No,,1534 ARUSHA ST,,LOT 19 BLK S SPRINGBROOK CENTRE PHS A,454632,454632
222,2026,281209,R,282301014,,2823010140000,EVERETT CARLA S,No,,1536 ARUSHA ST,ROUND ROCK,LOT 18 BLK S SPRINGBROOK CENTRE PHS A,326338,326338
223,2026,281210,R,282301015,,2823010150000,GUPTE MAITHILI & VENKATESH VASU CHA,No,,1538 ARUSHA ST,,LOT 17 BLK S SPRINGBROOK CENTRE PHS A,347921,347921
224,2026,281211,R,282301016,,2823010160000,HUNTER MICHELE,No,,1600 ARUSHA ST,ROUND ROCK,LOT 16 BLK S SPRINGBROOK CENTRE PHS A,400985,400985
225,2026,281212,R,282301017,,2823010170000,SASSANI FARZAD,No,,1602 ARUSHA ST,,LOT 15 BLK S SPRINGBROOK CENTRE PHS A,352158,352158
226,2026,281213,R,282301018,,2823010180000,JACOBS SARAH,No,,1604 ARUSHA ST,ROUND ROCK,LOT 14 BLK S SPRINGBROOK CENTRE PHS A,307426,307426
227,2026,281214,R,282301019,,2823010190000,VAN GORKOM ERIC,No,,17201 COPPERHEAD DR,,LOT 13 BLK S SPRINGBROOK CENTRE PHS A,310031,310031
228,2026,281215,R,282301020,,2823010200000,SCOTT STEPHEN C & ROSEMARY,No,,17203 COPPERHEAD DR,ROUND ROCK,LOT 12 BLK S SPRINGBROOK CENTRE PHS A,355020,355020
229,2026,281216,R,282301021,,2823010210000,HEMENWAY MARY SARA &,No,,1611 COPPERHEAD CV,,LOT 11 BLK S SPRINGBROOK CENTRE PHS A,327032,327032
230,2026,281217,R,282301022,,2823010220000,LARA RICARDO &,No,,1609 COPPERHEAD CV,,LOT 10 BLK S SPRINGBROOK CENTRE PHS A,301472,301472
231,2026,281218,R,282301023,,2823010230000,BROCKLEHURST WILLIAM JOSEPH &,No,,1607 COPPERHEAD CV,,LOT 9 BLK S SPRINGBROOK CENTRE PHS A,333421,333421
232,2026,281219,R,282301024,,2823010240000,SHOTWELL GREG,No,,1605 COPPERHEAD CV,,LOT 8 BLK S SPRINGBROOK CENTRE PHS A,362909,362909
233,2026,281220,R,282301025,,2823010250000,ORNELAS GABRIEL JR & GUADALUPE,No,,1603 COPPERHEAD CV,,LOT 7 BLK S SPRINGBROOK CENTRE PHS A,395166,395166
234,2026,281221,R,282301026,,2823010260000,RODRIGUEZ GILBERTO,No,,1601 COPPERHEAD CV,ROUND ROCK,LOT 6 BLK S SPRINGBROOK CENTRE PHS A,373756,373756
235,2026,281222,R,282301027,,2823010270000,LARA RICARDO & LATICIA CONSTANCIO,No,,1600 COPPERHEAD CV,ROUND ROCK,LOT 5 BLK S SPRINGBROOK CENTRE PHS A,383720,383720
236,2026,281223,R,282301028,,2823010280000,PATINO ENRIQUE & ELIZABETH MUN,No,,1602 COPPERHEAD CV,,LOT 4 BLK S SPRINGBROOK CENTRE PHS A,352582,352582
237,2026,281224,R,282301029,,2823010290000,WATERS CAROLINE REBECA,No,,1604 COPPERHEAD CV,ROUND ROCK,LOT 3 BLK S SPRINGBROOK CENTRE PHS A,361376,361376
238,2026,281226,R,282301031,,2823010310000,MEES ROGER J & SUE H,No,,17211 COPPERHEAD DR,ROUND ROCK,LOT 1 BLK S SPRINGBROOK CENTRE PHS A,287986,287986
239,2026,281227,R,282301101,,2823011010000,BRYANT EDWARD L & ANGELA C,No,,17109 COPPERHEAD DR,ROUND ROCK,LOT 9 BLK Z SPRINGBROOK CENTRE PHS A,351178,351178
240,2026,281228,R,282301102,,2823011020000,BERLANGA JOSELUIS,No,,17111 COPPERHEAD DR,ROUND ROCK,LOT 8 BLK Z SPRINGBROOK CENTRE PHS A,351088,351088
241,2026,281229,R,282301103,,2823011030000,WILLIAMS STEPHANIE NICOLE,No,,17113 COPPERHEAD DR,ROUND ROCK,LOT 7 BLK Z SPRINGBROOK CENTRE PHS A,370042,370042
242,2026,281230,R,282301104,,2823011040000,PAPA JAMES THOMAS & KIMBERLY K,No,,17115 COPPERHEAD DR,,LOT 6 BLK Z SPRINGBROOK CENTRE PHS A,360978,360978
243,2026,281231,R,282301105,,2823011050000,HO SUNNY,No,,17117 COPPERHEAD DR,,LOT 5 BLK Z SPRINGBROOK CENTRE PHS A,331176,331176
244,2026,281232,R,282301106,,2823011060000,WIMBERLEY JULIANA,No,,17119 COPPERHEAD DR,ROUND ROCK,LOT 4 BLK Z SPRINGBROOK CENTRE PHS A,325994,325994
245,2026,281233,R,282301107,,2823011070000,LIZARRAGA ESTEBAN,No,,17121 COPPERHEAD DR,ROUND ROCK,LOT 3 BLK Z SPRINGBROOK CENTRE PHS A,290522,290522
246,2026,281234,R,282301108,,2823011080000,LIZARRAGA ESTEBEN,No,,17123 COPPERHEAD DR,,LOT 2 BLK Z SPRINGBROOK CENTRE PHS A,308237,308237
247,2026,281235,R,282301109,,2823011090000,ABU-RAYYAN AHMAD,No,,17125 COPPERHEAD DR,ROUND ROCK,LOT 1 BLK Z SPRINGBROOK CENTRE PHS A,330532,330532
248,2026,281236,R,282301110,,2823011100000,VALENZUELA RAUL LIVING TRUST,No,,1605 ARUSHA ST,ROUND ROCK,LOT 24 UNNUMBERED BLK SPRINGBROOK CENTRE PHS A,330823,330823
249,2026,281237,R,282301111,,2823011110000,LOPEZ LUCERO,No,,17118 TORTOISE ST,ROUND ROCK,LOT 23 UNNUMBERED BLK SPRINGBROOK CENTRE PHS A,374561,374561
250,2026,281238,R,282301112,,2823011120000,LUNDIN KATHRYN J,No,,17116 TORTOISE ST,ROUND ROCK,LOT 22 UNNUMBERED BLK SPRINGBROOK CENTRE PHS A,369405,369405
251,2026,281239,R,282301113,,2823011130000,RANAWEERA KAUSHALIE P &,No,,17114 TORTOISE ST,,LOT 21 UNNUMBERED BLK SPRINGBROOK CENTRE PHS A,383846,383846
252,2026,281240,R,282301114,,2823011140000,ROSENBAUM DANIEL PHILIP &,No,,17112 TORTOISE ST,,LOT 20 UNNUMBERED BLK SPRINGBROOK CENTRE PHS A,365343,365343
253,2026,281241,R,282301115,,2823011150000,MARTIN MICHAEL & RITA,No,,17110 TORTOISE ST,ROUND ROCK,LOT 19 UNNUMBERED BLK SPRINGBROOK CENTRE PHS A,349214,349214
254,2026,281242,R,282301116,,2823011160000,KULCZYK EDWARD A & CLAIRE M,No,,17108 TORTOISE ST,,LOT 18 UNNUMBERED BLK SPRINGBROOK CENTRE PHS A,343715,343715
255,2026,281243,R,282301117,,2823011170000,HADI ZIAD & COLLEEN GRACE,No,,17106 TORTOISE ST,ROUND ROCK,LOT 17 UNNUMBERED BLK SPRINGBROOK CENTRE PHS A,351655,351655
256,2026,281244,R,282301201,,2823012010000,BAKER JAMES LYNN & SOILA,No,,17301 IBEX TRL,ROUND ROCK,LOT 7 BLK R SPRINGBROOK CENTRE PHS A,343482,343482
257,2026,281245,R,282301202,,2823012020000,VAN CLEAVE CALVIN LEE &,No,,17303 IBEX TRL,,LOT 6 BLK R SPRINGBROOK CENTRE PHS A,358938,358938
258,2026,281246,R,282301203,,2823012030000,COUILLARD MARK & CAROLE LARA &,No,,17305 IBEX TRL,,LOT 5 BLK R SPRINGBROOK CENTRE PHS A,334922,334922
259,2026,281247,R,282301204,,2823012040000,MATHIAS THEOREN,No,,17307 IBEX TRL,ROUND ROCK,LOT 4 BLK R SPRINGBROOK CENTRE PHS A,351725,351725
260,2026,281248,R,282301205,,2823012050000,PRATT RHONDA,No,,17309 IBEX TRL,ROUND ROCK,LOT 3 BLK R SPRINGBROOK CENTRE PHS A,358747,358747
261,2026,281249,R,282301206,,2823012060000,KING DAVID A & KIM A,No,,17311 IBEX TRL,,LOT 2 BLK R SPRINGBROOK CENTRE PHS A,364959,364959
262,2026,281250,R,282301207,,2823012070000,EDWARDS NERVOUS JR & DIANNE A,No,,17313 IBEX TRL,ROUND ROCK,LOT 1 BLK R SPRINGBROOK CENTRE PHS A,353622,353622
263,2026,281251,R,282301208,,2823012080000,MCCRAY CORINE,No,,1500 ARUSHA ST,ROUND ROCK,LOT 13 BLK R SPRINGBROOK CENTRE PHS A,366701,366701
264,2026,281252,R,282301209,,2823012090000,SHEARS KAY DORA,No,,1502 ARUSHA ST,ROUND ROCK,LOT 12 BLK R SPRINGBROOK CENTRE PHS A,341280,341280
265,2026,281253,R,282301210,,2823012100000,PHILLIPS JULIANNE NICOLE & KEVIN CZENKUSCH,No,,1504 ARUSHA ST,ROUND ROCK,LOT 11 BLK R SPRINGBROOK CENTRE PHS A,362593,362593
266,2026,281254,R,282301211,,2823012110000,VAZQUEZ JUDY,No,,1506 ARUSHA ST,,LOT 10 BLK R SPRINGBROOK CENTRE PHS A,379494,379494
267,2026,281255,R,282301212,,2823012120000,MAYS JONATHAN L & SHELVA M,No,,1508 ARUSHA ST,ROUND ROCK,LOT 9 BLK R SPRINGBROOK CENTRE PHS A,350764,350764
268,2026,281256,R,282301213,,2823012130000,TOWERY JOSEPH C & MARGARET,No,,1510 ARUSHA ST,ROUND ROCK,LOT 8 BLK R SPRINGBROOK CENTRE PHS A,399049,399049
269,2026,281257,R,282301301,,2823013010000,TIELKE DEBBIE LYNN,No,,17105 TORTOISE ST,ROUND ROCK,LOT 31 BLK I SPRINGBROOK CENTRE PHS A,389696,389696
270,2026,281258,R,282301302,,2823013020000,VANWINKLE THOMAS EDISON III & PATRICIA HASTINGS,No,,17107 TORTOISE ST,ROUND ROCK,LOT 30 BLK I SPRINGBROOK CENTRE PHS A,422008,422008
271,2026,281259,R,282301303,,2823013030000,PHAN VU & NGOC BAO LE,No,,17109 TORTOISE ST,ROUND ROCK,LOT 29 BLK I SPRINGBROOK CENTRE PHS A,369937,369937
272,2026,281260,R,282301304,,2823013040000,CARTER MELVIN R,No,,17111 TORTOISE ST,,LOT 28 BLK I SPRINGBROOK CENTRE PHS A,381953,381953
273,2026,281261,R,282301305,,2823013050000,17113 TORTOISE LLC,No,,17113 TORTOISE ST,ROUND ROCK,LOT 27 BLK I SPRINGBROOK CENTRE PHS A,348066,348066
274,2026,281262,R,282301306,,2823013060000,JACENKO JAMES & JESSIE,No,,17115 TORTOISE ST,ROUND ROCK,LOT 26 BLK I SPRINGBROOK CENTRE PHS A,423214,423214
275,2026,281263,R,282301307,,2823013070000,ASHNER CRAIG A & RACHEL,No,,17117 TORTOISE ST,ROUND ROCK,LOT 25 BLK I SPRINGBROOK CENTRE PHS A,352478,352478
276,2026,281264,R,282301308,,2823013080000,HAMILTON TERRIE G,No,,1535 ARUSHA ST,,LOT 24 BLK I SPRINGBROOK CENTRE PHS A,369909,369909
277,2026,281265,R,282301309,,2823013090000,MIRE BRAD,No,,1533 ARUSHA ST,ROUND ROCK,LOT 23 BLK I SPRINGBROOK CENTRE PHS A,350129,350129
278,2026,281266,R,282301310,,2823013100000,KUMARI VEENA,No,,1531 ARUSHA ST,,LOT 22 BLK I SPRINGBROOK CENTRE PHS A,366000,366000
279,2026,281267,R,282301311,,2823013110000,MONCAYO GABINO & MARIA,No,,1529 ARUSHA ST,ROUND ROCK,LOT 21 BLK I SPRINGBROOK CENTRE PHS A,348584,348584
280,2026,281268,R,282301312,,2823013120000,STROUP ASHLEY E & DAVID L II,No,,1527 ARUSHA ST,ROUND ROCK,LOT 20 BLK I SPRINGBROOK CENTRE PHS A,364542,364542
281,2026,281269,R,282301313,,2823013130000,BULL TERESA J,No,,1525 ARUSHA ST,ROUND ROCK,LOT 19 BLK I SPRINGBROOK CENTRE PHS A,328989,328989
282,2026,281270,R,282301314,,2823013140000,HOPKINS MARY LEE,No,,1523 ARUSHA ST,ROUND ROCK,LOT 18 BLK I SPRINGBROOK CENTRE PHS A,355923,355923
283,2026,281271,R,282301315,,2823013150000,CARBAJAL NORBERTO AGUIRRE &,No,,1521 ARUSHA ST,,LOT 17 BLK I SPRINGBROOK CENTRE PHS A,329536,329536
284,2026,281272,R,282301316,,2823013160000,SIM VIBOL & SOMA,No,,1519 ARUSHA ST,ROUND ROCK,LOT 16 BLK I SPRINGBROOK CENTRE PHS A,380636,380636
285,2026,281273,R,282301317,,2823013170000,WEILAND MARIA,No,,1517 ARUSHA ST,ROUND ROCK,LOT 15 BLK I SPRINGBROOK CENTRE PHS A,346898,346898
286,2026,281274,R,282301318,,2823013180000,MACHEN MICHAEL & SARAH,No,,1515 ARUSHA ST,,LOT 14 BLK I SPRINGBROOK CENTRE PHS A,350361,350361
287,2026,281275,R,282301319,,2823013190000,RIMAC PROPERTIES LLC,No,,1513 ARUSHA ST,ROUND ROCK,LOT 13 BLK I SPRINGBROOK CENTRE PHS A,332974,332974
288,2026,281276,R,282301320,,2823013200000,FELICIANO YAZMIN,No,,1511 ARUSHA ST,ROUND ROCK,LOT 12 BLK I SPRINGBROOK CENTRE PHS A,324626,324626
289,2026,281277,R,282301321,,2823013210000,BOON STEPHEN STERLING,No,,1509 ARUSHA ST,,LOT 11 BLK I SPRINGBROOK CENTRE PHS A,419928,419928
290,2026,281278,R,282301322,,2823013220000,WOMACK IAN,No,,1507 ARUSHA ST,ROUND ROCK,LOT 10 BLK I SPRINGBROOK CENTRE PHS A,350210,350210
291,2026,281279,R,282301323,,2823013230000,CORBETT MICHAEL & VICTORIA HICKS,No,,1505 ARUSHA ST,ROUND ROCK,LOT 9 BLK I SPRINGBROOK CENTRE PHS A,377013,377013
292,2026,281280,R,282301324,,2823013240000,KARIM KATHLEEN & RYAN WILSON,No,,1503 ARUSHA ST,,LOT 8 BLK I SPRINGBROOK CENTRE PHS A,300000,300000
293,2026,281281,R,282301325,,2823013250000,MIZE DANIEL E & CHRISTINE S,No,,1501 ARUSHA ST,,LOT 7 BLK I SPRINGBROOK CENTRE PHS A,450691,450691
294,2026,281282,R,282301326,,2823013260000,SCHECHT GEOFFREY LANE,No,,1600 BENGAL DR,,LOT 6 BLK I SPRINGBROOK CENTRE PHS A,405237,405237
295,2026,281283,R,282301327,,2823013270000,BOYCE CHRISTOPHER &,No,,1602 BENGAL DR,,LOT 5 BLK I SPRINGBROOK CENTRE PHS A,374224,374224
296,2026,281284,R,282301328,,2823013280000,HARNESS STEVE K & KAY LYNN,No,,1604 BENGAL DR,,LOT 4 BLK I SPRINGBROOK CENTRE PHS A,347605,347605
297,2026,281285,R,282301329,,2823013290000,ARNDT JAMES R JR & RIKKI L,No,,1606 BENGAL DR,ROUND ROCK,LOT 3 BLK I SPRINGBROOK CENTRE PHS A,375178,375178
298,2026,281286,R,282301330,,2823013300000,STEGER SHERYL LYN,No,,1608 BENGAL DR,ROUND ROCK,LOT 2 BLK I SPRINGBROOK CENTRE PHS A,369792,369792
299,2026,281287,R,282301331,,2823013310000,HERNANDEZ ELMAR,No,,1610 BENGAL DR,ROUND ROCK,LOT 1 BLK I SPRINGBROOK CENTRE PHS A,399008,399008
300,2026,281288,R,282301332,,2823013320000,CONTINENTAL HOMES OF TEXAS LP,No,,1527 W PFLUGERVILLE PKWY,,LOT 41 BLK I SPRINGBROOK CENTRE PHS A,2057,2057
301,2026,281464,R,283210302,WR055453,2832103020000,M4 DISTRICT LAND LLC,No,THE DISTRICT (FUTURE DEVELOPMENT), COUNTY RD 170,,ABS 232 SUR 102 & VAR SUR DARLING S ACR 12.8366 (1-D-1),5591623,1617
302,2026,281465,R,283210303,WR055456,2832103030000,ANDERSON MILFORD C JR ETAL,No,, GREENLAWN BLVD,,ABS 232 SUR 102 DARLING S ACR 5.396 (1-D-1),1880398,705
303,2026,281490,R,283210338,WR324688,2832103380000,CITY OF AUSTIN,No,TEJAS GOLF DRIVING RANGE,3631 GREENLAWN BLVD,,ABS 232 SUR 102 DARLING S ABS 233 SUR 109 DRUMMOND W ACR 32.537,11338494,11338494
304,2026,297073,R,329001034,,3290010340000,CITY OF AUSTIN,No,,5804 SPRINGVILLE LN,,LOT 15 BLK J YARRABEE BEND SEC 4,16152,16152
305,2026,299135,R,339500214,,3395002140000,FUENTES SERGIO & ROSE,No,,15800 FOREST GLEN CV,,LOT 6 *(5.03 ACR) TIMBER HILLS SUBD,664114,664114
306,2026,299136,R,339500215,,3395002150000,JUAREZ FAMILY TRUST,No,, FOREST GLEN CV,,LOT 5 *LESS .92 ACR TIMBER HILLS SUBD,421650,421650
307,2026,299137,R,339500217,,3395002170000,WHITE JESSICA,No,,15701 FOREST GLEN CV,,LOT 9 *(5.01 ACR) TIMBER HILLS SUBD ,648543,648543
308,2026,299158,R,339500238,,3395002380000,SORIANO JOEL,No,, FOREST GLEN CV,,.92 ACR OF LOT 5 TIMBER HILLS SUBD,313565,313565
309,2026,371344,R,293480101,WR464562,2934801010000,DAUGHERTY WILLIAM KEITH & NANC,No,,106 WINDCREST CV,,LOT 106 HUNTINGTON TRAILS,483831,483831
310,2026,371345,R,293480102,WR464561,2934801020000,MOUCATEL ERIC L,No,,101 WINDCREST CV,ROUND ROCK,LOT 105 HUNTINGTON TRAILS,372254,372254
311,2026,371346,R,293480103,WR464560,2934801030000,WILLIAMS KORINTH K &,No,,105 WINDCREST CV,,LOT 104 HUNTINGTON TRAILS,539022,539022
312,2026,371347,R,293480104,WR464550,2934801040000,CANTU CHRISTOPHER G & JENNIFER S,No,,1404 HUNTINGTON TRL,ROUND ROCK,LOT 94 HUNTINGTON TRAILS,467186,467186
313,2026,371348,R,293480105,WR464549,2934801050000,KLAUS REBECCA,No,,1408 HUNTINGTON TRL,,LOT 93 HUNTINGTON TRAILS,353576,353576
314,2026,371349,R,293480106,WR464427,2934801060000,CORTEZ ALBERT & JULIA,No,,1410 HUNTINGTON TRL,ROUND ROCK,LOT 8 FOREST CREEK ESTATES SEC 1,568454,568454
315,2026,371350,R,293480107,WR464426,2934801070000,DEAVER JEREMY & PATRICIA,No,,1416 HUNTINGTON TRL,ROUND ROCK,LOT 7 FOREST CREEK ESTATES SEC 1,604494,604494
316,2026,371351,R,293480108,WR464425,2934801080000,WHITEHEAD SCOTT L & ASHLEY L,No,,1420 HUNTINGTON TRL,ROUND ROCK,LOT 6 FOREST CREEK ESTATES SEC 1,514747,514747
317,2026,371352,R,293480109,WR464424,2934801090000,VICKERS MARK L & CYNTHIA BROWN-VICKERS,No,,1424 HUNTINGTON TRL,ROUND ROCK,LOT 5 FOREST CREEK ESTATES SEC 1,543931,543931
318,2026,371353,R,293480110,WR464423,2934801100000,SANDOVAL PATRICIA ELIZABETH,No,,4312 HUNTINGTON CT,,LOT 4 FOREST CREEK ESTATES SEC 1,578141,578141
319,2026,371354,R,293480111,WR464422,2934801110000,MIRANDA GERARDO & IRYNA,No,,4316 GATTIS SCHOOL RD,ROUND ROCK,LOT 3 LESS 514 SQ FT FOREST CREEK ESTATES SEC 1,595770,595770
320,2026,371355,R,293480112,WR464421,2934801120000,GERARDO MIRANDA,No,,4312 GATTIS SCHOOL RD,,LOT 2 LESS 1653 SQ FT FOREST CREEK ESTATES SEC 1,181998,181998
321,2026,371356,R,293480113,WR464420,2934801130000,MIRANDA GERARDO,No,,4308 GATTIS SCHOOL RD,,LOT 1 LESS 2349 SQ FT FOREST CREEK ESTATES SEC 1,102634,102634
322,2026,371357,R,293480201,WR464539,2934802010000,RATLIFF ROBERT TRUSTEE OF THE,No,,1346 AMISTAD DR,,LOT 30 HUNTINGTON TRAILS,597253,597253
323,2026,371358,R,293480202,WR464538,2934802020000,RODRIGUEZ MARIO & MARIA,No,,1405 HUNTINGTON TRL,ROUND ROCK,LOT 29 HUNTINGTON TRAILS,416635,416635
324,2026,371359,R,293480203,WR464541,2934802030000,TAKVAM KENNETH & MARY R,No,,1401 HUNTINGTON TRL,ROUND ROCK,LOT 49 HUNTINGTON TRAILS,467487,467487
325,2026,371360,R,293480301,WR464532,2934803010000,CHU TONY YUNG & MARY YA-PING,No,,4408 HUNTINGTON CT,ROUND ROCK,LOT 3 HUNTINGTON TRAILS,460848,460848
326,2026,371361,R,293480302,WR464531,2934803020000,KORN MATTHEW & RONICA,No,,4404 HUNTINGTON CT,,LOT 2 HUNTINGTON TRAILS,538509,538509
327,2026,371362,R,293480303,WR464530,2934803030000,TRITSCH MATTHEW THOMAS &,No,,4400 HUNTINGTON CT,ROUND ROCK,LOT 1 HUNTINGTON TRAILS,493539,493539
328,2026,371363,R,293480304,WR464537,2934803040000,BURNS CLYDE G & SYLVIA R,No,,1413 HUNTINGTON TRL,ROUND ROCK,LOT 28 HUNTINGTON TRAILS,405106,405106
329,2026,371364,R,293480305,WR464536,2934803050000,CARTER LINDA LIFE ESTATE % MELVIN TROY KLANIKA & THERESA DAWN SANSOM,No,,1353 AMISTAD DR,ROUND ROCK,LOT 27 HUNTINGTON TRAILS,394016,394016
330,2026,371365,R,293480306,WR464535,2934803060000,ZOCH RICHARD,No,,1349 AMISTAD DR,ROUND ROCK,LOT 26 HUNTINGTON TRAILS,424558,424558
331,2026,371367,R,293480402,WR464429,2934804020000,MENDOZA JOAQUIN MEDINA &,No,,1436 HUNTINGTON TRL,,LOT 10 FOREST CREEK ESTATES SEC 1,520210,520210
332,2026,371368,R,293480403,WR464430,2934804030000,FOY JACK E & KATHRYN P,No,,1440 HUNTINGTON TRL,ROUND ROCK,LOT 11 FOREST CREEK ESTATES SEC 1,428536,428536
333,2026,371369,R,293480404,WR464431,2934804040000,ALARCON MONIQUE,No,,1437 HUNTINGTON TRL,ROUND ROCK,LOT 12 FOREST CREEK ESTATES SEC 1,394285,394285
334,2026,371372,R,293490101,WR464650,2934901010000,TIMS ALAN P,No,,1348 MEADOWILD DR,,LOT 6 HUNTINGTON TRAILS (.173AC TRAVIS CO),101064,101064
335,2026,371373,R,293490102,WR464649,2934901020000,MORTELLARO JOHN LEO,No,,1352 MEADOWILD DR,,LOT 5 HUNTINGTON TRAILS (.256AC TRAVIS CO),103613,103613
336,2026,371374,R,293490103,WR464648,2934901030000,FRAZIER MANAGEMENT TRUST,No,,4412 HUNTINGTON CT,ROUND ROCK,LOT 4 HUNTINGTON TRAILS (.358AC TRAVIS CO),496938,496938
337,2026,371375,R,293490201,WR464668,2934902010000,OLIVARES JESUS JAIMEZ,No,,1404 MEADOWILD CV,,LOT 18 FOREST CREEK ESTATES SEC 1 (.069AC TRAVIS CO),100041,100041
338,2026,371376,R,293490202,WR464669,2934902020000,EURESTI OLIVIA,No,,1400 MEADOWILD CV,ROUND ROCK,LOT 19 FOREST CREEK ESTATES SEC 1 (.046AC TRAVIS CO),484865,484865
339,2026,371377,R,293490203,WR464670,2934902030000,MINCHEW BOB & ANITA,No,,1401 MEADOWILD CV,,LOT 20 FOREST CREEK ESTATES SEC 1 (.141AC TRAVIS CO),101827,101827
340,2026,371378,R,295480101,WR464665,2954801010000,BROWN CHERI L HUNSINGER,No,,1340 WINDCREST DR,ROUND ROCK,LOT 108 HUNTINGTON TRAILS (.516AC TRAVIS CO),415214,415214
341,2026,371379,R,295480102,WR080661,2954801020000,ISSLEIB TERRY & SHARON LYNNE,No,,104 WINDCREST CV,ROUND ROCK,LOT 107 HUNTINGTON TRAILS (.517AC TRAVIS CO),340465,340465
342,2026,371380,R,295480201,WR464663,2954802010000,NGO HIEN QUANG,No,,1328 QUAIL RAVINE,ROUND ROCK,LOT 78 HUNTINGTON TRAILS (.258AC IN TRAVIS CO),599343,599343
343,2026,371381,R,295480202,WR464546,2954802020000,WIECKOWSKI DAVID &,No,,1332 QUAIL RAVINE,ROUND ROCK,LOT 77 HUNTINGTON TRAILS,638617,638617
344,2026,371382,R,295480203,WR464545,2954802030000,YOUNG STEVE & FRANCINE YOUNG,No,,1336 QUAIL RAVINE,ROUND ROCK,LOT 76 HUNTINGTON TRAILS,627001,627001
345,2026,371383,R,295480204,WR464544,2954802040000,JOHNSON JESSICA YOUNG & BRIAN SCOTT,No,,1340 QUAIL RAVINE,ROUND ROCK,LOT 75 HUNTINGTON TRAILS,370174,370174
346,2026,371384,R,295480205,WR464548,2954802050000,BRADSHAW FAMILY TRUST OF 2012,No,,1401 WINDCREST DR,,LOT 92 HUNTINGTON TRAILS,539128,539128
347,2026,371385,R,295480206,WR464547,2954802060000,GUARDIA FEDERICO A,No,,1333 WINDCREST DR,ROUND ROCK,LOT 91 HUNTINGTON TRAILS,474896,474896
348,2026,371386,R,295480207,WR080662,2954802070000,SHARP T J,No,,1329 WINDCREST DR,ROUND ROCK,LOT 90 HUNTINGTON TRAILS (.323AC TRAVIS CO),516028,516028
349,2026,371387,R,295480208,WR464664,2954802080000,GARNER TRACE,No,,1325 WINDCREST DR,,LOT 89 HUNTINGTON TRAILS (.020AC TRAVIS CO),101021,101021
350,2026,371388,R,295480301,WR080775,2954803010000,BRUMAGHIN EDMUND W,No,,1433 WINDCREST DR,ROUND ROCK,LOT 50 HUNTINGTON TRAILS (.331AC TRAVIS CO),443914,443914
351,2026,371389,R,295480302,WR080774,2954803020000,MINZE ALTON L & DEBRA,No,,1429 WINDCREST DR,,LOT 51 HUNTINGTON TRAILS (.420AC TRAVIS CO),374044,374044
352,2026,371390,R,295480303,WR332772,2954803030000,SANCHEZ ALEJANDRO M & ANNE F,No,,1425 WINDCREST DR,ROUND ROCK,LOT 52 HUNTINGTON TRAILS (.541AC TRAVIS CO),452172,452172
353,2026,371391,R,295480304,WR464542,2954803040000,SCHULTZ AARON,No,,1421 WINDCREST DR,ROUND ROCK,LOT 53 HUNTINGTON TRAILS,589626,589626
354,2026,371392,R,295480305,WR464543,2954803050000,CASTELLANOS JESUS,No,,1417 WINDCREST DR,ROUND ROCK,LOT 54 HUNTINGTON TRAILS,425162,425162
355,2026,371393,R,295480306,WR464662,2954803060000,YOUNG JASON & FLOR,No,,1337 QUAIL RAVINE,ROUND ROCK,LOT 55 HUNTINGTON TRAILS (.277AC TRAVIS CO),475495,475495
356,2026,371394,R,295480401,WR080815,2954804010000,SIMON ROLAND FRANK &,No,,1338 AMISTAD DR,,LOT 32 HUNTINGTON TRAILS (.4324AC TRAVIS CO),493980,493980
357,2026,371395,R,295480402,WR464540,2954804020000,TANNERY WAYNE & CATHY,No,,1342 AMISTAD DR,ROUND ROCK,LOT 31 HUNTINGTON TRAILS,457014,457014
358,2026,371396,R,295480403,WR464563,2954804030000,TUPPER RICHARD P & MICHAEL RAY,No,,1345 HUNTINGTON TRL,,LOT 48 HUNTINGTON TRAILS,408282,408282
359,2026,371397,R,295480404,WR464658,2954804040000,LESLIE BRANDY,No,,1341 HUNTINGTON TRL,,LOT 47 HUNTINGTON TRAILS (.224AC TRAVIS CO),449404,449404
360,2026,371398,R,295480501,WR464654,2954805010000,LILES ANDREA AND WAYNE,No,,1328 MEADOWILD DR,,LOT 10 HUNTINGTON TRAILS (.015AC TRAVIS CO),101064,101064
361,2026,371399,R,295480502,WR464653,2954805020000,KOHLMORGAN JOHN,No,,1336 MEADOWILD DR,,LOT 9 HUNTINGTON TRAILS (.086AC TRAVIS CO),101064,101064
362,2026,371400,R,295480503,WR464652,2954805030000,FRIEDEL FRANK & SARA B,No,,1340 MEADOWILD DR,,LOT 8 HUNTINGTON TRAILS (.117AC TRAVIS CO),101064,101064
363,2026,371401,R,295480504,WR464651,2954805040000,MICHAELSON JACK TRUST,No,,1344 MEADOWILD DR,,LOT 7 HUNTINGTON TRAILS (.142AC TRAVIS CO),101064,101064
364,2026,371402,R,295480505,WR464534,2954805050000,MENDEZ FAMILY TRUST,No,,1345 AMISTAD DR,ROUND ROCK,LOT 25 HUNTINGTON TRAILS,479869,479869
365,2026,371403,R,295480506,WR464533,2954805060000,LANGE PAUL & CHRISTIE,No,,1341 AMISTAD DR,ROUND ROCK,LOT 24 HUNTINGTON TRAILS,512079,512079
366,2026,371404,R,295480507,WR355921,2954805070000,GRANADOS GARY & DIANA,No,,1337 AMISTAD DR,,LOT 23 HUNTINGTON TRAILS (.463AC TRAVIS CO),535822,535822
367,2026,371405,R,295480508,WR464655,2954805080000,MAULDIN NED F & MARY L,No,,1333 AMISTAD DR,ROUND ROCK,LOT 22 HUNTINGTON TRAILS (.020AC TRAVIS CO),381870,381870
368,2026,371406,R,295480601,WR464559,2954806010000,BERRY OLIVIA JOSEPHINE & MARK DAVID,No,,1400 WINDCREST DR,ROUND ROCK,LOT 103 HUNTINGTON TRAILS,421855,421855
369,2026,371407,R,295480602,WR464558,2954806020000,FOGLE CHARLOTTE LEE,No,,1404 WINDCREST DR,ROUND ROCK,LOT 102 HUNTINGTON TRAILS,453563,453563
370,2026,371408,R,295480603,WR464557,2954806030000,MARTINEZ TOMAS & SONIA E,No,,1408 WINDCREST DR,ROUND ROCK,LOT 101 HUNTINGTON TRAILS,757401,757401
371,2026,371409,R,295480604,WR464556,2954806040000,JOHNSON CHLOE ANN & RILEY SCOTT,No,,1412 WINDCREST DR,ROUND ROCK,LOT 100 HUNTINGTON TRAILS,518496,518496
372,2026,371410,R,295480605,WR464555,2954806050000,ETTI NICOLE & KELECHUKWU C ANYANWU,No,,1416 WINDCREST DR,,LOT 99 HUNTINGTON TRAILS,557358,557358
373,2026,371411,R,295480606,WR464554,2954806060000,GERHARD MICHAEL & VIVIANA GUTIERREZ,No,,1420 WINDCREST DR,ROUND ROCK,LOT 98 HUNTINGTON TRAILS,666274,666274
374,2026,371412,R,295480607,WR464553,2954806070000,ADAME ALICIA & JOSE,No,,1424 WINDCREST DR,ROUND ROCK,LOT 97 HUNTINGTON TRAILS,385300,385300
375,2026,371413,R,295480608,WR464552,2954806080000,HORSAK THOMAS RANDALL &,No,,1428 WINDCREST DR,ROUND ROCK,LOT 96 HUNTINGTON TRAILS,494825,494825
376,2026,371414,R,295480609,WR464551,2954806090000,YOUNG STEPHEN,No,,1402 HUNTINGTON TRL,ROUND ROCK,LOT 95 HUNTINGTON TRAILS,422831,422831
377,2026,379551,R,280300501,,2803005010000,HABEEB SOJA T,No,,1500 BEDOUIN CT,,LOT 1 BLK JJ SPRINGBROOK CENTRE PHS B SEC 1,386594,386594
378,2026,379552,R,280300502,,2803005020000,MIRO JOAQUIN G,No,,1504 BEDOUIN CT,ROUND ROCK,LOT 2 BLK JJ SPRINGBROOK CENTRE PHS B SEC 1,375319,375319
379,2026,379553,R,280300503,,2803005030000,GOVEA JOSE E &,No,,1508 BEDOUIN CT,,LOT 3 BLK JJ SPRINGBROOK CENTRE PHS B SEC 1,348053,348053
380,2026,379554,R,280300504,,2803005040000,CHRISTOPHER DWIGHT D & BARBARA,No,,1512 BEDOUIN CT,,LOT 4 BLK JJ SPRINGBROOK CENTRE PHS B SEC 1,381286,381286
381,2026,379555,R,280300505,,2803005050000,BENTON KYLE,No,,1516 BEDOUIN CT,ROUND ROCK,LOT 5 BLK JJ SPRINGBROOK CENTRE PHS B SEC 1,323052,323052
382,2026,379556,R,280300506,,2803005060000,MOORE TONYA J & BETTY J COOK,No,,1520 BEDOUIN CT,ROUND ROCK,LOT 6 BLK JJ SPRINGBROOK CENTRE PHS B SEC 1,457179,457179
383,2026,379557,R,280300507,,2803005070000,GLASS DENNIS M & ANITA,No,,1521 BEDOUIN CT,ROUND ROCK,LOT 7 BLK JJ SPRINGBROOK CENTRE PHS B SEC 1,378915,378915
384,2026,379558,R,280300508,,2803005080000,HOLMES DONALD R & RUTHIE M,No,,1517 BEDOUIN CT,ROUND ROCK,LOT 8 BLK JJ SPRINGBROOK CENTRE PHS B SEC 1,333511,333511
385,2026,379559,R,280300509,,2803005090000,ANYANWUH FINNIAN C & MARIA E SOTO,No,,1513 BEDOUIN CT,ROUND ROCK,LOT 9 BLK JJ SPRINGBROOK CENTRE PHS B SEC 1,359027,359027
386,2026,379560,R,280300510,,2803005100000,GILLEY ELIZABETH,No,,1509 BEDOUIN CT,ROUND ROCK,LOT 10 BLK JJ SPRINGBROOK CENTRE PHS B SEC 1,311008,311008
387,2026,379561,R,280300511,,2803005110000,MORGAN JUDITH ANN,No,,1505 BEDOUIN CT,ROUND ROCK,LOT 11 BLK JJ SPRINGBROOK CENTRE PHS B SEC 1,396092,396092
388,2026,379562,R,280300512,,2803005120000,LAU JIMMY,No,,1501 BEDOUIN CT,ROUND ROCK,LOT 12 BLK JJ SPRINGBROOK CENTRE PHS B SEC 1,350873,350873
389,2026,379563,R,280300513,,2803005130000,MATHEWES MICHAEL E,No,,17016 COPPERHEAD DR,,LOT 13 BLK JJ SPRINGBROOK CENTRE PHS B SEC 1,377905,377905
390,2026,379564,R,280300514,,2803005140000,LYPHAM INVESTMENT LLC,No,,17012 COPPERHEAD DR,,LOT 14 BLK JJ SPRINGBROOK CENTRE PHS B SEC 1,415680,415680
391,2026,379565,R,280300515,,2803005150000,WARD DWIGHT W & KARIN DYKE,No,,1504 EMPEROR CT,ROUND ROCK,LOT 15 BLK JJ SPRINGBROOK CENTRE PHS B SEC 1,385411,385411
392,2026,379566,R,280300516,,2803005160000,HUGGANS PARKER FAMILY TRUST,No,,1508 EMPEROR CT,ROUND ROCK,LOT 16 BLK JJ SPRINGBROOK CENTRE PHS B SEC 1,409910,409910
393,2026,379567,R,280300517,,2803005170000,ALONSO RODRIGO G & MARIA E FIGUEROA,No,,1512 EMPEROR CT,,LOT 17 BLK JJ SPRINGBROOK CENTRE PHS B SEC 1,358509,358509
394,2026,379568,R,280300518,,2803005180000,SUH DON D & IN KYUNG,No,,1516 EMPEROR CT,ROUND ROCK,LOT 18 BLK JJ SPRINGBROOK CENTRE PHS B SEC 1,388933,388933
395,2026,379569,R,280300519,,2803005190000,BALASINGHAM MANIKKAM & CAROLINE,No,,1520 EMPEROR CT,ROUND ROCK,LOT 19 BLK JJ SPRINGBROOK CENTRE PHS B SEC 1,505423,505423
396,2026,379570,R,280300520,,2803005200000,MWEZ OLIVER DIUR,No,,1524 EMPEROR CT,ROUND ROCK,LOT 20 BLK JJ SPRINGBROOK CENTRE PHS B SEC 1,391579,391579
397,2026,379571,R,280300521,,2803005210000,GORDON ADAM &,No,,1523 EMPEROR CT,ROUND ROCK,LOT 21 BLK JJ SPRINGBROOK CENTRE PHS B SEC 1,386645,386645
398,2026,379572,R,280300522,,2803005220000,HAMLIN DANIEL & CARA C,No,,1519 EMPEROR CT,ROUND ROCK,LOT 22 BLK JJ SPRINGBROOK CENTRE PHS B SEC 1,512710,512710
399,2026,379573,R,280300523,,2803005230000,BOWLES BRUCE & LESLEY,No,,1515 EMPEROR CT,ROUND ROCK,LOT 23 BLK JJ SPRINGBROOK CENTRE PHS B SEC 1,420795,420795
400,2026,379574,R,280300524,,2803005240000,SINGH YUDHISTER,No,,1509 EMPEROR CT,ROUND ROCK,LOT 24 BLK JJ SPRINGBROOK CENTRE PHS B SEC 1,391190,391190
401,2026,379575,R,280300525,,2803005250000,HENSLEY ERIN KATHLEEN,No,,1505 EMPEROR CT,ROUND ROCK,LOT 25 BLK JJ SPRINGBROOK CENTRE PHS B SEC 1,393839,393839
402,2026,379576,R,280300526,,2803005260000,AYUB MOHAMMAD & ARSHAD BEGUM,No,,1501 EMPEROR CT,,LOT 26 BLK JJ SPRINGBROOK CENTRE PHS B SEC 1,402445,402445
403,2026,379577,R,280300527,,2803005270000,MUSHTAQ MOHAMMAD & KHALIDA N,No,,16801 TORTOISE ST,,LOT 27 BLK JJ SPRINGBROOK CENTRE PHS B SEC 1,387978,387978
404,2026,379578,R,280300528,,2803005280000,TANKERSLEY RICHARD D & SHARON M,No,,16805 TORTOISE ST,ROUND ROCK,LOT 28 BLK JJ SPRINGBROOK CENTRE PHS B SEC 1,382945,382945
405,2026,379579,R,280300529,,2803005290000,BUTLER JEFFERY D & LISA M,No,,16809 TORTOISE ST,ROUND ROCK,LOT 29 BLK JJ SPRINGBROOK CENTRE PHS B SEC 1,306040,306040
406,2026,379580,R,280300530,,2803005300000,BARRY ALEXANDER VINCENT,No,,16813 TORTOISE ST,,LOT 30 BLK JJ SPRINGBROOK CENTRE PHS B SEC 1,368041,368041
407,2026,379581,R,280300531,,2803005310000,CICHOWSKI DULCIE A & JOHN A,No,,16817 TORTOISE ST,ROUND ROCK,LOT 31 BLK JJ SPRINGBROOK CENTRE PHS B SEC 1,425300,425300
408,2026,379582,R,280300532,,2803005320000,NGAIDE AMADOU M & KELLEY IRIS,No,,16819 TORTOISE ST,ROUND ROCK,LOT 32 BLK JJ SPRINGBROOK CENTRE PHS B SEC 1,526110,526110
409,2026,379583,R,280300533,,2803005330000,RAMSEY ROBERT A & LUCILA,No,,16823 TORTOISE ST,ROUND ROCK,LOT 33 BLK JJ SPRINGBROOK CENTRE PHS B SEC 1,431516,431516
410,2026,379584,R,280300534,,2803005340000,TAYLOR HELEN & PERCIVAL,No,,16825 TORTOISE ST,ROUND ROCK,LOT 34 BLK JJ SPRINGBROOK CENTRE PHS B SEC 1,406842,406842
411,2026,379585,R,280300535,,2803005350000,KORRUB GEOFFREY,No,,16827 TORTOISE ST,ROUND ROCK,LOT 35 BLK JJ SPRINGBROOK CENTRE PHS B SEC 1,423593,423593
412,2026,379586,R,280300536,,2803005360000,HEARD MARC ANTHONY,No,,16831 TORTOISE ST,,LOT 36 BLK JJ SPRINGBROOK CENTRE PHS B SEC 1,403755,403755
413,2026,379587,R,280300537,,2803005370000,BARRETT DEANNA,No,,16835 TORTOISE ST,ROUND ROCK,LOT 37 BLK JJ SPRINGBROOK CENTRE PHS B SEC 1,404990,404990
414,2026,379588,R,280300538,,2803005380000,SAUCEDO IGNACIO P & XOCHITL C,No,,16837 TORTOISE ST,ROUND ROCK,LOT 38 BLK JJ SPRINGBROOK CENTRE PHS B SEC 1,365000,365000
415,2026,379589,R,280300539,,2803005390000,WHITE MITCHELL R &,No,,16839 TORTOISE ST,,LOT 39 BLK JJ SPRINGBROOK CENTRE PHS B SEC 1,420286,420286
416,2026,379590,R,280300540,,2803005400000,KRUEGER MICHAEL STEWART,No,,16841 TORTOISE ST,ROUND ROCK,LOT 40 BLK JJ SPRINGBROOK CENTRE PHS B SEC 1,405233,405233
417,2026,379591,R,280300541,,2803005410000,VINCENT JARED,No,,16845 TORTOISE ST,ROUND ROCK,LOT 41 BLK JJ SPRINGBROOK CENTRE PHS B SEC 1,449475,449475
418,2026,379592,R,280300542,,2803005420000,HORNSBY JANET M,No,,16847 TORTOISE ST,ROUND ROCK,LOT 42 BLK JJ SPRINGBROOK CENTRE PHS B SEC 1,362277,362277
419,2026,379593,R,280300543,,2803005430000,16849 TORTOISE LLC,No,,16849 TORTOISE ST,ROUND ROCK,LOT 43 BLK JJ SPRINGBROOK CENTRE PHS B SEC 1,345026,345026
420,2026,379594,R,280300544,,2803005440000,RAMIREZ PAUL,No,,16853 TORTOISE ST,ROUND ROCK,LOT 44 BLK JJ SPRINGBROOK CENTRE PHS B SEC 1,363441,363441
421,2026,379595,R,280300545,,2803005450000,SANTIAGO ELIEZER JR,No,,16855 TORTOISE ST,ROUND ROCK,LOT 45 BLK JJ SPRINGBROOK CENTRE PHS B SEC 1,381315,381315
422,2026,379596,R,280300546,,2803005460000,STAPLES JUSTIN & ABIGAIL STAPLES,No,,16857 TORTOISE ST,,LOT 46 BLK JJ SPRINGBROOK CENTRE PHS B SEC 1,410455,410455
423,2026,379597,R,280300547,,2803005470000,BLASCHKE KENNETH E II & CONNIE,No,,16859 TORTOISE ST,ROUND ROCK,LOT 47 BLK JJ SPRINGBROOK CENTRE PHS B SEC 1,331277,331277
424,2026,379598,R,280300548,,2803005480000,SMITH JAMES ROBERT JR &,No,,16861 TORTOISE ST,,LOT 48 BLK JJ SPRINGBROOK CENTRE PHS B SEC 1,407082,407082
425,2026,379599,R,280300549,,2803005490000,RAY DALTON & KIMBERLY,No,,16865 TORTOISE ST,ROUND ROCK,LOT 49 BLK JJ SPRINGBROOK CENTRE PHS B SEC 1,442680,442680
426,2026,379600,R,280300550,,2803005500000,SPRINGBROOK CENTER OWNERS,No,,16901 TORTOISE ST,,LOT 50 BLK JJ LESS 12632 SF SPRINGBROOK CENTRE PHS B SEC 1,3393,3393
427,2026,379601,R,280300551,,2803005510000,CLAXTON ODESSA BRIAN,No,,16905 TORTOISE ST,ROUND ROCK,LOT 51 BLK JJ SPRINGBROOK CENTRE PHS B SEC 1,464817,464817
428,2026,379602,R,280300552,,2803005520000,RODRIGUEZ JUAN JR & JANIE L,No,,16907 TORTOISE ST,,LOT 52 BLK JJ SPRINGBROOK CENTRE PHS B SEC 1,444018,444018
429,2026,379603,R,280300553,,2803005530000,HACKNEY LARRY D JR & ANUSHA PRABHAKAR,No,,16909 TORTOISE ST,ROUND ROCK,LOT 53 BLK JJ SPRINGBROOK CENTRE PHS B SEC 1,363665,363665
430,2026,379604,R,280300554,,2803005540000,IWAN BRIAN P,No,,16911 TORTOISE ST,,LOT 54 BLK JJ SPRINGBROOK CENTRE PHS B SEC 1,347832,347832
431,2026,379605,R,280300555,,2803005550000,CLARK JAMES RICKY & WILMA WYLA,No,,16915 TORTOISE ST,,LOT 55 BLK JJ SPRINGBROOK CENTRE PHS B SEC 1,437271,437271
432,2026,379606,R,280300556,,2803005560000,PROGRESS RESIDENTIAL BORROWER 23 LLC,No,,16917 TORTOISE ST,ROUND ROCK,LOT 56 BLK JJ SPRINGBROOK CENTRE PHS B SEC 1,400350,400350
433,2026,379607,R,280300557,,2803005570000,JOINER MICHAEL L & VANIA T,No,,16919 TORTOISE ST,ROUND ROCK,LOT 57 BLK JJ SPRINGBROOK CENTRE PHS B SEC 1,356754,356754
434,2026,379608,R,280300558,,2803005580000,MATH CLASS CREATIVE LLC,No,,16921 TORTOISE ST,ROUND ROCK,LOT 58 BLK JJ SPRINGBROOK CENTRE PHS B SEC 1,399051,399051
435,2026,379609,R,280300559,,2803005590000,MAYES BLAKE MAXWELL &,No,,16925 TORTOISE ST,ROUND ROCK,LOT 59 BLK JJ SPRINGBROOK CENTRE PHS B SEC 1,382009,382009
436,2026,379610,R,280300560,,2803005600000,OSBORNE JOHN P SR & ROYSHELL G,No,,16929 TORTOISE ST,,LOT 60 BLK JJ SPRINGBROOK CENTRE PHS B SEC 1,344215,344215
437,2026,379611,R,280300561,,2803005610000,BARAJAS CHRISTINE M &,No,,16933 TORTOISE ST,,LOT 61 BLK JJ SPRINGBROOK CENTRE PHS B SEC 1,416788,416788
438,2026,379612,R,280300562,,2803005620000,PETTY ROBERT W & LILLIE V,No,,16937 TORTOISE ST,ROUND ROCK,LOT 62 BLK JJ SPRINGBROOK CENTRE PHS B SEC 1,351460,351460
439,2026,379613,R,280300563,,2803005630000,DAVIS DANIEL & MISTY,No,,16941 TORTOISE ST,ROUND ROCK,LOT 63 BLK JJ SPRINGBROOK CENTRE PHS B SEC 1,496000,496000
440,2026,379614,R,280300564,,2803005640000,MEDINA ABEL F,No,,16945 TORTOISE ST,ROUND ROCK,LOT 64 BLK JJ SPRINGBROOK CENTRE PHS B SEC 1,395245,395245
441,2026,379615,R,280300565,,2803005650000,SIMPKINS KENNETH R & CATHIE E,No,,16949 TORTOISE ST,,LOT 65 BLK JJ SPRINGBROOK CENTRE PHS B SEC 1,402219,402219
442,2026,379616,R,280300566,,2803005660000,SHMAKOV MIKHAIL,No,,17001 TORTOISE ST,ROUND ROCK,LOT 66 BLK JJ SPRINGBROOK CENTRE PHS B SEC 1,406692,406692
443,2026,379617,R,280300567,,2803005670000,MOYA JUANITA C,No,,17005 TORTOISE ST,ROUND ROCK,LOT 67 BLK JJ SPRINGBROOK CENTRE PHS B SEC 1,396844,396844
444,2026,379619,R,280300569,,2803005690000,HARVEY JAMES HENRY JR,No,,17013 TORTOISE ST,ROUND ROCK,LOT 69 BLK JJ SPRINGBROOK CENTRE PHS B SEC 1,528740,528740
445,2026,379620,R,280300570,,2803005700000,UDDIN MANZURUL NASIM,No,,17015 TORTOISE ST,ROUND ROCK,LOT 70 BLK JJ SPRINGBROOK CENTRE PHS B SEC 1,448676,448676
446,2026,379621,R,280300571,,2803005710000,FAVORS WESLEY H JR &,No,,17019 TORTOISE ST,,LOT 71 BLK JJ SPRINGBROOK CENTRE PHS B SEC 1,496258,496258
447,2026,379622,R,280300572,,2803005720000,HUNTER STEPHEN,No,,17021 TORTOISE ST,ROUND ROCK,LOT 72 BLK JJ SPRINGBROOK CENTRE PHS B SEC 1,495539,495539
448,2026,379623,R,280300573,,2803005730000,BROWN REGINALD D,No,,17025 TORTOISE ST,,LOT 73 BLK JJ SPRINGBROOK CENTRE PHS B SEC 1,457842,457842
449,2026,379624,R,280300574,,2803005740000,SHAHZAD KHURRAM,No,,17029 TORTOISE ST,ROUND ROCK,LOT 74 BLK JJ SPRINGBROOK CENTRE PHS B SEC 1,433851,433851
450,2026,379625,R,280300575,,2803005750000,SEGURA FAUSTINO SANCHEZ ESTATE,No,,17033 TORTOISE ST,,LOT 75 BLK JJ SPRINGBROOK CENTRE PHS B SEC 1,426057,426057
451,2026,379626,R,280300576,,2803005760000,MAY LEAH K & RANDALL B,No,,17037 TORTOISE ST,ROUND ROCK,LOT 76 BLK JJ SPRINGBROOK CENTRE PHS B SEC 1,396828,396828
452,2026,379627,R,280300577,,2803005770000,WOOTON MICHAEL & NICHOLE FULLER,No,,17041 TORTOISE ST,,LOT 77 BLK JJ SPRINGBROOK CENTRE PHS B SEC 1,419266,419266
453,2026,379629,R,280300601,,2803006010000,BARTON BETTY L LIFE ESTATE,No,,17040 TORTOISE ST,ROUND ROCK,LOT 22 BLK KK SPRINGBROOK CENTRE PHS B SEC 1,409306,409306
454,2026,379630,R,280300602,,2803006020000,DEMARIO JEANNETTE MARIE,No,,17036 TORTOISE ST,ROUND ROCK,LOT 21 BLK KK SPRINGBROOK CENTRE PHS B SEC 1,380000,380000
455,2026,379631,R,280300603,,2803006030000,KENDRICK JANE & THOMAS LIVING TRUST,No,,17032 TORTOISE ST,ROUND ROCK,LOT 20 BLK KK SPRINGBROOK CENTRE PHS B SEC 1,346434,346434
456,2026,379632,R,280300604,,2803006040000,PHAM ANTHONY & EVA LUONG,No,,17028 TORTOISE ST,ROUND ROCK,LOT 19 BLK KK SPRINGBROOK CENTRE PHS B SEC 1,372114,372114
457,2026,379633,R,280300605,,2803006050000,MOODY ROBERT T IV & DEBBY D FE,No,,17024 TORTOISE ST,,LOT 18 BLK KK SPRINGBROOK CENTRE PHS B SEC 1,381203,381203
458,2026,379634,R,280300606,,2803006060000,KELLY NATHAN D & LILLY A,No,,17020 TORTOISE ST,ROUND ROCK,LOT 17 BLK KK SPRINGBROOK CENTRE PHS B SEC 1,350231,350231
459,2026,379635,R,280300607,,2803006070000,SHOOTER JACK A,No,,17016 TORTOISE ST,ROUND ROCK,LOT 16 BLK KK SPRINGBROOK CENTRE PHS B SEC 1,386991,386991
460,2026,379636,R,280300608,,2803006080000,NG TRUMAN & TINA,No,,17012 TORTOISE ST,,LOT 15 BLK KK SPRINGBROOK CENTRE PHS B SEC 1,373999,373999
461,2026,379637,R,280300609,,2803006090000,MA ROBERT MENG,No,,17008 TORTOISE ST,ROUND ROCK,LOT 14 BLK KK SPRINGBROOK CENTRE PHS B SEC 1,341998,341998
462,2026,379638,R,280300610,,2803006100000,TRITTIN BRIAN L & LISA C,No,,17004 TORTOISE ST,ROUND ROCK,LOT 13 BLK KK SPRINGBROOK CENTRE PHS B SEC 1,365250,365250
463,2026,379639,R,280300611,,2803006110000,BAILEY PAUL L SR & ELLEN R,No,,17000 TORTOISE ST,ROUND ROCK,LOT 12 BLK KK SPRINGBROOK CENTRE PHS B SEC 1,428031,428031
464,2026,379640,R,280300612,,2803006120000,GONZALEZ ARTURO JR & MARTHA L,No,,17001 COPPERHEAD DR,,LOT 11 BLK KK SPRINGBROOK CENTRE PHS B SEC 1,478733,478733
465,2026,379641,R,280300613,,2803006130000,KIRKLAND WILLIAM R & CAROLYN D,No,,17005 COPPERHEAD DR,ROUND ROCK,LOT 10 BLK KK SPRINGBROOK CENTRE PHS B SEC 1,453707,453707
466,2026,379642,R,280300614,,2803006140000,POTTS NATHAN,No,,17007 COPPERHEAD DR,,LOT 9 BLK KK SPRINGBROOK CENTRE PHS B SEC 1,328860,328860
467,2026,379643,R,280300615,,2803006150000,LIN LIONEL & SUKMANEE,No,,17009 COPPERHEAD DR,,LOT 8 BLK KK SPRINGBROOK CENTRE PHS B SEC 1,409978,409978
468,2026,379644,R,280300616,,2803006160000,SERRINS DEBRA S,No,,17013 COPPERHEAD DR,ROUND ROCK,LOT 7 BLK KK SPRINGBROOK CENTRE PHS B SEC 1,387661,387661
469,2026,379645,R,280300617,,2803006170000,CHAVEZ JOSE LUIS,No,,17015 COPPERHEAD DR,ROUND ROCK,LOT 6 BLK KK SPRINGBROOK CENTRE PHS B SEC 1,393803,393803
470,2026,379646,R,280300618,,2803006180000,BRENK KEITH ALLEN &,No,,17017 COPPERHEAD DR,,LOT 5 BLK KK SPRINGBROOK CENTRE PHS B SEC 1,397000,397000
471,2026,379647,R,280300619,,2803006190000,BASTAR RICHARD GEORGE IV & JANELL BETH,No,,17019 COPPERHEAD DR,ROUND ROCK,LOT 4 BLK KK SPRINGBROOK CENTRE PHS B SEC 1,353302,353302
472,2026,379648,R,280300620,,2803006200000,GARCIA MARIO & HERMINDA,No,,17021 COPPERHEAD DR,ROUND ROCK,LOT 3 BLK KK SPRINGBROOK CENTRE PHS B SEC 1,366791,366791
473,2026,379649,R,280300621,,2803006210000,CALDERON ENDDY R SILVA,No,,17025 COPPERHEAD DR,ROUND ROCK,LOT 2 BLK KK SPRINGBROOK CENTRE PHS B SEC 1,381860,381860
474,2026,379650,R,280300622,,2803006220000,NGUYEN JOHN AND PHUONG HONG HUYNH,No,,17029 COPPERHEAD DR,ROUND ROCK,LOT 1 BLK KK SPRINGBROOK CENTRE PHS B SEC 1,339672,339672
475,2026,379651,R,280300701,,2803007010000,SELF RAYMOND E & DESSA A,No,,1400 JOFFA CT,ROUND ROCK,LOT 27 BLK MM SPRINGBROOK CENTRE PHS B SEC 1,360674,360674
476,2026,379652,R,280300702,,2803007020000,OVERTON RICHARD A & PATRICIA A,No,,1404 JOFFA CT,ROUND ROCK,LOT 26 BLK MM SPRINGBROOK CENTRE PHS B SEC 1,417930,417930
477,2026,379653,R,280300703,,2803007030000,GOODMAN JERROLD D,No,,1408 JOFFA CT,ROUND ROCK,LOT 25 BLK MM SPRINGBROOK CENTRE PHS B SEC 1,361427,361427
478,2026,379654,R,280300704,,2803007040000,ONYEJIAKA SYLVESTER UZOMA &,No,,1412 JOFFA CT,,LOT 24 BLK MM SPRINGBROOK CENTRE PHS B SEC 1,461571,461571
479,2026,379655,R,280300705,,2803007050000,SALINAS ROSANNE,No,,1416 JOFFA CT,ROUND ROCK,LOT 23 BLK MM SPRINGBROOK CENTRE PHS B SEC 1,396975,396975
480,2026,379656,R,280300706,,2803007060000,DANTES HUNTER SCOTT & DAISY DANTES ,No,,1417 JOFFA CT,ROUND ROCK,LOT 22 BLK MM SPRINGBROOK CENTRE PHS B SEC 1,373346,373346
481,2026,379657,R,280300707,,2803007070000,HOLTROP RICHARD L,No,,1415 JOFFA CT,ROUND ROCK,LOT 21 BLK MM SPRINGBROOK CENTRE PHS B SEC 1,412737,412737
482,2026,379658,R,280300708,,2803007080000,DIGGS RUSSELL L IV,No,,16920 COPPERHEAD DR,ROUND ROCK,LOT 20 BLK MM SPRINGBROOK CENTRE PHS B SEC 1,388300,388300
483,2026,379659,R,280300709,,2803007090000,CARPENTER JEFFERY J & TRYNETTE D,No,,16916 COPPERHEAD DR,ROUND ROCK,LOT 19 BLK MM SPRINGBROOK CENTRE PHS B SEC 1,428407,428407
484,2026,379660,R,280300710,,2803007100000,WOODS FAMILY IRREVOCABLE TRUST,No,,16912 COPPERHEAD DR,ROUND ROCK,LOT 18 BLK MM SPRINGBROOK CENTRE PHS B SEC 1,430195,430195
485,2026,379661,R,280300711,,2803007110000,ANTHONY MELISSA KIMBERLY &,No,,16908 COPPERHEAD DR,,LOT 17 BLK MM SPRINGBROOK CENTRE PHS B SEC 1,359358,359358
486,2026,379662,R,280300712,,2803007120000,VU TAO D & NGA TRANG,No,,16904 COPPERHEAD DR,ROUND ROCK,LOT 16 BLK MM SPRINGBROOK CENTRE PHS B SEC 1,344000,344000
487,2026,379663,R,280300713,,2803007130000,PHAN THUAN & SANG LE,No,,16900 COPPERHEAD DR,ROUND ROCK,LOT 15 BLK MM SPRINGBROOK CENTRE PHS B SEC 1,338233,338233
488,2026,379664,R,280300714,,2803007140000,YETT SAMUEL DWIGHT ,No,,16860 TORTOISE ST,,LOT 14 BLK MM SPRINGBROOK CENTRE PHS B SEC 1,361731,361731
489,2026,379665,R,280300715,,2803007150000,PURI WASIM R & SAMINA W,No,,16856 TORTOISE ST,ROUND ROCK,LOT 13 BLK MM SPRINGBROOK CENTRE PHS B SEC 1,428279,428279
490,2026,379666,R,280300716,,2803007160000,LUCKOW TAYLOR & YUXIANG ZHANG,No,,16854 TORTOISE ST,ROUND ROCK,LOT 12 BLK MM SPRINGBROOK CENTRE PHS B SEC 1,399017,399017
491,2026,379667,R,280300717,,2803007170000,BODDEN JAMES R,No,,16850 TORTOISE ST,ROUND ROCK,LOT 11 BLK MM SPRINGBROOK CENTRE PHS B SEC 1,456202,456202
492,2026,379668,R,280300718,,2803007180000,TUPA JEREMY,No,,16846 TORTOISE ST,ROUND ROCK,LOT 10 BLK MM SPRINGBROOK CENTRE PHS B SEC 1,366731,366731
493,2026,379669,R,280300719,,2803007190000,AMSLER ELIZABETH R LIFE ESTATE,No,,16840 TORTOISE ST,ROUND ROCK,LOT 9 BLK MM SPRINGBROOK CENTRE PHS B SEC 1,329964,329964
494,2026,379670,R,280300720,,2803007200000,LY PHAI & BI HIEU,No,,16836 TORTOISE ST,ROUND ROCK,LOT 8 BLK MM SPRINGBROOK CENTRE PHS B SEC 1,373448,373448
495,2026,379671,R,280300721,,2803007210000,CONNERY WILLIAM W II & IRBY,No,,16832 TORTOISE ST,,LOT 7 BLK MM SPRINGBROOK CENTRE PHS B SEC 1,375808,375808
496,2026,379672,R,280300722,,2803007220000,SWEAZEA DENNIS & CATHERINE LIFE ESTATE ,No,,16828 TORTOISE ST,,LOT 6 BLK MM SPRINGBROOK CENTRE PHS B SEC 1,381149,381149
497,2026,379673,R,280300723,,2803007230000,CONNERY WILLIAM,Yes,,16822 TORTOISE ST,ROUND ROCK,LOT 5 BLK MM SPRINGBROOK CENTRE PHS B SEC 1,301000,301000
498,2026,379674,R,280300724,,2803007240000,HAYDEN JONATHAN & TERESA DANG,No,,16814 TORTOISE ST,ROUND ROCK,LOT 4 BLK MM SPRINGBROOK CENTRE PHS B SEC 1,392479,392479
499,2026,379675,R,280300725,,2803007250000,ARIBEANA IKECHI,No,,16808 TORTOISE ST,ROUND ROCK,LOT 3 BLK MM SPRINGBROOK CENTRE PHS B SEC 1,316722,316722
500,2026,379676,R,280300726,,2803007260000,JAMES BENOY & BEENA JOSE-JAMES,No,,16804 TORTOISE ST,ROUND ROCK,LOT 2 BLK MM SPRINGBROOK CENTRE PHS B SEC 1,416727,416727
501,2026,379677,R,280300727,,2803007270000,VAUGHN TERRY R & SHARON K,No,,16800 TORTOISE ST,ROUND ROCK,LOT 1 BLK MM SPRINGBROOK CENTRE PHS B SEC 1,369102,369102
502,2026,379678,R,280300801,,2803008010000,CATES SANDRA & SAMUEL,No,,16948 TORTOISE ST,ROUND ROCK,LOT 21 BLK LL SPRINGBROOK CENTRE PHS B SEC 1,363629,363629
503,2026,379679,R,280300802,,2803008020000,PLUMB GERALD F & TERESA C &,No,,16944 TORTOISE ST,,LOT 20 BLK LL SPRINGBROOK CENTRE PHS B SEC 1,388126,388126
504,2026,379680,R,280300803,,2803008030000,CORREA MARGARITO JR &,No,,16940 TORTOISE ST,,LOT 19 BLK LL SPRINGBROOK CENTRE PHS B SEC 1,363532,363532
505,2026,379681,R,280300804,,2803008040000,TENNIAL BETTY,No,,16936 TORTOISE ST,ROUND ROCK,LOT 18 BLK LL SPRINGBROOK CENTRE PHS B SEC 1,352514,352514
506,2026,379682,R,280300805,,2803008050000,ARECHIGA MANUEL,No,,16932 TORTOISE ST,ROUND ROCK,LOT 17 BLK LL SPRINGBROOK CENTRE PHS B SEC 1,391632,391632
507,2026,379683,R,280300806,,2803008060000,ROBERTS VANESSA NICOLE,No,,16928 TORTOISE ST,,LOT 16 BLK LL SPRINGBROOK CENTRE PHS B SEC 1,333156,333156
508,2026,379684,R,280300807,,2803008070000,MARANDA DEBRAH L,No,,16924 TORTOISE ST,ROUND ROCK,LOT 15 BLK LL SPRINGBROOK CENTRE PHS B SEC 1,313185,313185
509,2026,379685,R,280300808,,2803008080000,RAMIN-HERNANDEZ LINDSEY &,No,,16920 TORTOISE ST,ROUND ROCK,LOT 14 BLK LL SPRINGBROOK CENTRE PHS B SEC 1,427417,427417
510,2026,379686,R,280300809,,2803008090000,BEZZAM JOSEPH J & NEELIMA S,No,,16916 TORTOISE ST,ROUND ROCK,LOT 13 BLK LL SPRINGBROOK CENTRE PHS B SEC 1,488442,488442
511,2026,379687,R,280300810,,2803008100000,ERIAL LLC - SERIES TORTOISE STREET,No,,16910 TORTOISE ST,,LOT 12 BLK LL SPRINGBROOK CENTRE PHS B SEC 1,313712,313712
512,2026,379688,R,280300811,,2803008110000,OSTOJA DARIUS & MELISSA,No,,16901 COPPERHEAD DR,ROUND ROCK,LOT 11 BLK LL SPRINGBROOK CENTRE PHS B SEC 1,406887,406887
513,2026,379689,R,280300812,,2803008120000,GODOY GERMAN E & VICTORIA BRAV,No,,16905 COPPERHEAD DR,,LOT 10 BLK LL SPRINGBROOK CENTRE PHS B SEC 1,320401,320401
514,2026,379690,R,280300813,,2803008130000,GUNTUPALLI SAI DHEERAJ,No,,16909 COPPERHEAD DR,ROUND ROCK,LOT 9 BLK LL SPRINGBROOK CENTRE PHS B SEC 1,460000,460000
515,2026,379691,R,280300814,,2803008140000,LINNEN JOSEPH B JR & MARY M,No,,16911 COPPERHEAD DR,ROUND ROCK,LOT 8 BLK LL SPRINGBROOK CENTRE PHS B SEC 1,339988,339988
516,2026,379692,R,280300815,,2803008150000,THOMAS NANCY JEAN,No,,16915 COPPERHEAD DR,ROUND ROCK,LOT 7 BLK LL SPRINGBROOK CENTRE PHS B SEC 1,375489,375489
517,2026,379693,R,280300816,,2803008160000,GARRETT STEVEN D & KIMBERLY D,No,,16917 COPPERHEAD DR,ROUND ROCK,LOT 6 BLK LL SPRINGBROOK CENTRE PHS B SEC 1,357952,357952
518,2026,379694,R,280300817,,2803008170000,LOPEZ BENJAMIN,No,,16919 COPPERHEAD DR,ROUND ROCK,LOT 5 BLK LL SPRINGBROOK CENTRE PHS B SEC 1,327103,327103
519,2026,379695,R,280300818,,2803008180000,MILLER BABS ,No,,16921 COPPERHEAD DR,ROUND ROCK,LOT 4 BLK LL SPRINGBROOK CENTRE PHS B SEC 1,396727,396727
520,2026,379696,R,280300819,,2803008190000,SHEN IRVIN & MELISSA SHEN,No,,16925 COPPERHEAD DR,ROUND ROCK,LOT 3 BLK LL SPRINGBROOK CENTRE PHS B SEC 1,385160,385160
521,2026,379697,R,280300820,,2803008200000,MILIAN CHRISTINA & EDGAR TORRES,No,,16929 COPPERHEAD DR,,LOT 2 BLK LL SPRINGBROOK CENTRE PHS B SEC 1,374848,374848
522,2026,379698,R,280300821,,2803008210000,JI FANGREN,No,,16931 COPPERHEAD DR,ROUND ROCK,LOT 1 BLK LL SPRINGBROOK CENTRE PHS B SEC 1,347000,347000
523,2026,379822,R,282300943,,2823009430000,SANCHEZ JOSE &,No,,1605 JIGSAW CV,,LOT 12A BLK L SPRINGBROOK CENTRE PHS A AMENDED PLAT OF LTS 10-12 THE,346851,346851
524,2026,379834,R,282360112,,2823601120000,TRAVIS COUNTY ESD # 2,No,PFLUGERVILLE FIRE STATION 4,911 W PFLUGERVILLE PKWY,,LOT 1 BLK P WINDERMERE PHS F SEC 3,1525228,1525228
525,2026,380000,R,288400101,WR366622,2884001010000,BURCH ARLINGTON & PHYLLIS,No,,3020 HILL ST,ROUND ROCK,LOT 11 BLK C FLOWER HILL SEC 1 AMENDING PLAT,296056,296056
526,2026,380001,R,288400102,WR366621,2884001020000,HITZFELD AMY ELIZABETH,No,,3018 HILL ST,ROUND ROCK,LOT 10 BLK C FLOWER HILL SEC 1 AMENDING PLAT,357239,357239
527,2026,380002,R,288400103,WR366620,2884001030000,MORELL OSVALDO &,No,,3016 HILL ST,ROUND ROCK,LOT 9 BLK C FLOWER HILL SEC 1 AMENDING PLAT,322377,322377
528,2026,380003,R,288400104,WR366619,2884001040000,BIGGS MICHAEL A,No,,3014 HILL ST,ROUND ROCK,LOT 8 BLK C FLOWER HILL SEC 1 AMENDING PLAT,337356,337356
529,2026,380004,R,288400105,WR366618,2884001050000,LARA MARELYN VILLATORO &,No,,3012 HILL ST,ROUND ROCK,LOT 7 BLK C FLOWER HILL SEC 1 AMENDING PLAT,287963,287963
530,2026,380005,R,288400106,WR366617,2884001060000,RUIZ REN JEROLD ALVARO &,No,,3010 HILL ST,ROUND ROCK,LOT 6 BLK C FLOWER HILL SEC 1 AMENDING PLAT,338629,338629
531,2026,380006,R,288400107,WR366616,2884001070000,LESZCYNSKI JASON,No,,3008 HILL ST,ROUND ROCK,LOT 5 BLK C FLOWER HILL SEC 1 AMENDING PLAT,320557,320557
532,2026,380007,R,288400108,WR366615,2884001080000,KELLY TREVOR & MONICA,No,,3006 HILL ST,ROUND ROCK,LOT 4 BLK C FLOWER HILL SEC 1 AMENDING PLAT,335026,335026
533,2026,380008,R,288400109,WR366614,2884001090000,KELLY ROBERT & ERICA BADU,No,,3004 HILL ST,,LOT 3 BLK C FLOWER HILL SEC 1 AMENDING PLAT,346157,346157
534,2026,380009,R,288400110,WR366613,2884001100000,TOENJES TODD A &,No,,3002 HILL ST,,LOT 2 BLK C FLOWER HILL SEC 1 AMENDING PLAT,366696,366696
535,2026,380010,R,288400111,WR366612,2884001110000,HIDVEGI ZOLTAN T,No,,3000 HILL ST,,LOT 1 BLK C FLOWER HILL SEC 1 AMENDING PLAT,311151,311151
536,2026,380011,R,288400112,WR366496,2884001120000,FLOWER HILL HOMEOWNERS,No,, FLOWER HILL DR,,LOT 17 FLOWER HILL SEC 1 AMENDING PLAT (PARK) (.326AC TRAVIS CO),1920,1920
537,2026,380012,R,288400201,WR366574,2884002010000,TRAHAN STEVEN & KIMBERLY,No,,2921 FLOWER HILL DR,ROUND ROCK,LOT 11 BLK B FLOWER HILL SEC 1 AMENDING PLAT (.0600AC TRAVIS CO),336470,336470
538,2026,380013,R,288400202,WR366575,2884002020000,VINER EDWARD & JANET,No,,2923 FLOWER HILL DR,,LOT 12 BLK B FLOWER HILL SEC 1 AMENDING PLAT,338187,338187
539,2026,380014,R,288400203,WR366576,2884002030000,LONG DANNY LEE & MI YOUNG LONG,No,,2925 FLOWER HILL DR,ROUND ROCK,LOT 13 BLK B FLOWER HILL SEC 1 AMENDING PLAT,339226,339226
540,2026,380015,R,288400204,WR366577,2884002040000,HORNSBY LAWRENCE TALMADGE,No,,2927 FLOWER HILL DR,ROUND ROCK,LOT 14 BLK B FLOWER HILL SEC 1 AMENDING PLAT,344105,344105
541,2026,380016,R,288400205,WR366578,2884002050000,ROSALES FELIX R,No,,2929 FLOWER HILL DR,ROUND ROCK,LOT 15 BLK B FLOWER HILL SEC 1 AMENDING PLAT,341641,341641
542,2026,380017,R,288400206,WR366579,2884002060000,KOSKA SAVANNAH L & JASON E,No,,2931 FLOWER HILL DR,,LOT 16 BLK B FLOWER HILL SEC 1 AMENDING PLAT,383335,383335
543,2026,380018,R,288400207,WR366580,2884002070000,FLOWER HILL HOMEOWNERS ASSOCIATION INC,No,, FLOWER HILL DR,,LOT 17 BLK B FLOWER HILL SEC 1 AMENDING PLAT (DETENTION AREA/DRAINAGE),1503,1503
544,2026,380019,R,288400208,WR366581,2884002080000,EVANS CLARENCE JR & SANDRA,No,,2935 FLOWER HILL DR,ROUND ROCK,LOT 18 BLK B FLOWER HILL SEC 1 AMENDING PLAT,330466,330466
545,2026,380020,R,288400209,WR366582,2884002090000,LABERGE LISA & LILZ TORRES,No,,3001 FLOWER HILL DR,,LOT 19 BLK B FLOWER HILL SEC 1 AMENDING PLAT,332623,332623
546,2026,380021,R,288400210,WR366583,2884002100000,KRIEGER KEITH & GRISELDA MARTINEZ,No,,3003 FLOWER HILL DR,ROUND ROCK,LOT 20 BLK B FLOWER HILL SEC 1 AMENDING PLAT,340119,340119
547,2026,380022,R,288400211,WR366584,2884002110000,PINARD PETER E,No,,3005 FLOWER HILL DR,AUSTIN,LOT 21 BLK B FLOWER HILL SEC 1 AMENDING PLAT,309221,309221
548,2026,380023,R,288400212,WR366585,2884002120000,BHARUCHA LYLA A & DANNY R AGA,No,,3007 FLOWER HILL DR,ROUND ROCK,LOT 22 BLK B FLOWER HILL SEC 1 AMENDING PLAT,320531,320531
549,2026,380024,R,288400213,WR366586,2884002130000,ISAACSON DAVID ERIC &,No,,3009 FLOWER HILL DR,,LOT 23 BLK B FLOWER HILL SEC 1 AMENDING PLAT,310652,310652
550,2026,380025,R,288400214,WR366587,2884002140000,SERVIN GUADALUPE,No,,3011 FLOWER HILL DR,ROUND ROCK,LOT 24 BLK B FLOWER HILL SEC 1 AMENDING PLAT,340586,340586
551,2026,380026,R,288400215,WR366588,2884002150000,CAROTHERS JERRY YOUNG REVOCABLE LIVING TRUST,No,,3013 FLOWER HILL DR,,LOT 25 BLK B FLOWER HILL SEC 1 AMENDING PLAT,322301,322301
552,2026,380027,R,288400216,WR366589,2884002160000,LIEBENOW MARK R & ROSE A,No,,3015 FLOWER HILL DR,ROUND ROCK,LOT 26 BLK B FLOWER HILL SEC 1 AMENDING PLAT,313483,313483
553,2026,380028,R,288400217,WR366590,2884002170000,JOHNSON GARY E & JOYCE A,No,,3017 FLOWER HILL DR,ROUND ROCK,LOT 27 BLK B FLOWER HILL SEC 1 AMENDING PLAT,369915,369915
554,2026,380030,R,288400219,WR366592,2884002190000,BERRY KENNETH WAYNE,No,,3018 FLOWER HILL DR,ROUND ROCK,LOT 29 BLK B FLOWER HILL SEC 1 AMENDING PLAT,338500,338500
555,2026,380031,R,288400220,WR366593,2884002200000,LUCKOWSKI ERIC & BRANDI W,No,,3016 FLOWER HILL DR,ROUND ROCK,LOT 30 BLK B FLOWER HILL SEC 1 AMENDING PLAT,356928,356928
556,2026,380032,R,288400221,WR366594,2884002210000,JACKSON SONYA & RONALD K,No,,3014 FLOWER HILL DR,ROUND ROCK,LOT 31 BLK B FLOWER HILL SEC 1 AMENDING PLAT,335757,335757
557,2026,380033,R,288400222,WR366595,2884002220000,LYONS REGENA DEE & SHANNON MCN,No,,3012 FLOWER HILL DR,,LOT 32 BLK B FLOWER HILL SEC 1 AMENDING PLAT,340119,340119
558,2026,380034,R,288400223,WR366596,2884002230000,BAUMBACH KATHLEEN E,No,,3010 FLOWER HILL DR,ROUND ROCK,LOT 33 BLK B FLOWER HILL SEC 1 AMENDING PLAT,339080,339080
559,2026,380035,R,288400224,WR366597,2884002240000,ROBICHEAUX EVANS N &,No,,3008 FLOWER HILL DR,,LOT 34 BLK B FLOWER HILL SEC 1 AMENDING PLAT,335415,335415
560,2026,380036,R,288400225,WR366598,2884002250000,DAVIS STANLEY K & ALVA J,No,,3006 FLOWER HILL DR,ROUND ROCK,LOT 35 BLK B FLOWER HILL SEC 1 AMENDING PLAT,342534,342534
561,2026,380037,R,288400226,WR366599,2884002260000,DANIEL PATRICIA A & MICHAEL T,No,,3004 FLOWER HILL DR,ROUND ROCK,LOT 36 BLK B FLOWER HILL SEC 1 AMENDING PLAT,339892,339892
562,2026,380038,R,288400227,WR366600,2884002270000,WARDLOW THEARTIS DOYLE & FRANCES ARLENE,No,,3002 FLOWER HILL DR,ROUND ROCK,LOT 37 BLK B FLOWER HILL SEC 1 AMENDING PLAT,339080,339080
563,2026,380039,R,288400228,WR366601,2884002280000,DONOHUE MICHAEL C & SHEILA K,No,,3000 FLOWER HILL DR,ROUND ROCK,LOT 38 BLK B FLOWER HILL SEC 1 AMENDING PLAT,313681,313681
564,2026,380040,R,288400229,WR366602,2884002290000,POPE ASHLEE L & JERROD,No,,3001 HILL ST,ROUND ROCK,LOT 39 BLK B FLOWER HILL SEC 1 AMENDING PLAT,349893,349893
565,2026,380041,R,288400230,WR366603,2884002300000,TRAN HUY NGOC & VI YEN TRAN,No,,3003 HILL ST,,LOT 40 BLK B FLOWER HILL SEC 1 AMENDING PLAT,342188,342188
566,2026,380042,R,288400231,WR366604,2884002310000,ZERTUCHE LUIS A & LUZ MARIA MERY,No,,3005 HILL ST,ROUND ROCK,LOT 41 BLK B FLOWER HILL SEC 1 AMENDING PLAT,361566,361566
567,2026,380043,R,288400232,WR366605,2884002320000,TSVETKOV KONSTANTIN & MILENA D GEORGIEVA,No,,3007 HILL ST,ROUND ROCK,LOT 42 BLK B FLOWER HILL SEC 1 AMENDING PLAT,329547,329547
568,2026,380044,R,288400233,WR366606,2884002330000,COWAN DAVID B,No,,3009 HILL ST,ROUND ROCK,LOT 43 BLK B FLOWER HILL SEC 1 AMENDING PLAT,347358,347358
569,2026,380045,R,288400234,WR366607,2884002340000,WILLIAMS JASON R,No,,3011 HILL ST,ROUND ROCK,LOT 44 BLK B FLOWER HILL SEC 1 AMENDING PLAT,340211,340211
570,2026,380046,R,288400235,WR366608,2884002350000,FRIEDEL MYRON,No,,3013 HILL ST,ROUND ROCK,LOT 45 BLK B FLOWER HILL SEC 1 AMENDING PLAT,347358,347358
571,2026,380047,R,288400236,WR366609,2884002360000,BREAUX JENNIFER,No,,3015 HILL ST,ROUND ROCK,LOT 46 BLK B FLOWER HILL SEC 1 AMENDING PLAT,324192,324192
572,2026,380048,R,288400237,WR366610,2884002370000,CRAWFORD SHAYNA,No,,3017 HILL ST,ROUND ROCK,LOT 47 BLK B FLOWER HILL SEC 1 AMENDING PLAT,340211,340211
573,2026,380049,R,288400238,WR366611,2884002380000,OCKLETREE SANDRA E,No,,3019 HILL ST,ROUND ROCK,LOT 48 BLK B FLOWER HILL SEC 1 AMENDING PLAT,337021,337021
574,2026,382691,R,554050209,BR34232,5540502090000,TURNER TODD G & COLLEEN S,No,,1509 LIKENESS RD,,LOT 10 BLK A PALEFACE RANCH SUBD SEC 2B PLUS PT ADJ,1049771,1049771
575,2026,384090,P,,,39550000,BRIDGEFARMERS INC,No,BRIDGEFARMER'S CUSTOM TROPHY CO,1938 PICADILLY DR,ROUND ROCK,PERSONAL PROPERTY COMMERCIAL BRIDGEFARMER'S CUSTOM TROPHY CO,206986,206986
576,2026,386031,P,,,96140000,MYRIAD FOOD INC,No,MOTHERS CAFE & GARDEN,16708 PICADILLY CT,ROUND ROCK,PERSONAL PROPERTY COMMERCIAL MOTHERS CAFE & GARDEN,6771,6771
577,2026,387248,P,,,130310000,BLACKMON MOORING OF AUSTIN INC,No,BLACKMON MOORING OF AUSTIN INC,2251 PICADILLY DR,ROUND ROCK,PERSONAL PROPERTY COMMERCIAL BLACKMON MOORING OF AUSTIN INC,131680,131680
578,2026,396404,P,,,501900000,MOERBE ENTERPRISES INC,No,LONE STAR CARPET,1608 ROYSTON LN,ROUND ROCK,PERSONAL PROPERTY COMMERCIAL LONE STAR CARPET,346646,346646
579,2026,404257,P,,WP345015,632720000,RCI DINING SVCS ROUND ROCK INC,No,RICK'S CABARET,3105 S INTERSTATE HY 35,ROUND ROCK,PERSONAL PROPERTY COMMERCIAL RICK'S CABARET,234296,234296
580,2026,418754,P,,,798670000,METRO SERVICES INC,No,METRO SERVICES INC,1800 CENTRAL COMMERCE CT,ROUND ROCK,PERSONAL PROPERTY COMMERCIAL METRO SERVICES INC,385721,385721
581,2026,421547,P,11800000010,,829370000,ALK-ABELLO INC,No,ALK-ABELLO INC,1700 ROYSTON LN,,FURN & FIX/ COMP/ OFFICE EQUIP 1700 ROYSTON LN ROUND ROCK,159600,159600
582,2026,428294,R,280280302,,2802803020000,INIGUEZ L MARIA  ,No,,1745 JERUSALEM DR,ROUND ROCK,LOT 47 BLK NN SPRINGBROOK CENTRE PHS B SEC 2,385796,385796
583,2026,428295,R,280280303,,2802803030000,YANEZ-CARRILLO CARLOS,No,,1741 JERUSALEM DR,ROUND ROCK,LOT 46 BLK NN SPRINGBROOK CENTRE PHS B SEC 2,478806,478806
584,2026,428296,R,280280304,,2802803040000,NUNEZ SKYE TAMMY,No,,1737 JERUSALEM DR,ROUND ROCK,LOT 45 BLK NN SPRINGBROOK CENTRE PHS B SEC 2,399609,399609
585,2026,428297,R,280280305,,2802803050000,ALPINE REALTY MANAGEMENT LLC,No,,1733 JERUSALEM DR,,LOT 44 BLK NN SPRINGBROOK CENTRE PHS B SEC 2,471078,471078
586,2026,428298,R,280280306,,2802803060000,DICKINSON GLORIA,No,,1729 JERUSALEM DR,ROUND ROCK,LOT 43 BLK NN SPRINGBROOK CENTRE PHS B SEC 2,471618,471618
587,2026,428299,R,280280307,,2802803070000,AMH TX PROPERTIES LP,No,,1725 JERUSALEM DR,,LOT 42 BLK NN SPRINGBROOK CENTRE PHS B SEC 2,346120,346120
588,2026,428300,R,280280308,,2802803080000,CLARK JAMES D & ALISON A,No,,1721 JERUSALEM DR,,LOT 41 BLK NN SPRINGBROOK CENTRE PHS B SEC 2,398228,398228
589,2026,428301,R,280280309,,2802803090000,ZAMAN AFSAR U,No,,1717 JERUSALEM DR,,LOT 40 BLK NN SPRINGBROOK CENTRE PHS B SEC 2,383188,383188
590,2026,428302,R,280280310,,2802803100000,BLEVINS MICHAEL II & BRIANNE,No,,1713 JERUSALEM DR,ROUND ROCK,LOT 39 BLK NN SPRINGBROOK CENTRE PHS B SEC 2,406285,406285
591,2026,428303,R,280280311,,2802803110000,KRUGER SAMUEL JOHN & YUBO VERONICA,No,,1709 JERUSALEM DR,,LOT 38 BLK NN SPRINGBROOK CENTRE PHS B SEC 2,382589,382589
592,2026,428304,R,280280312,,2802803120000,CRENSHAW JENNIFER C,No,,1705 JERUSALEM DR,ROUND ROCK,LOT 37 BLK NN SPRINGBROOK CENTRE PHS B SEC 2,326401,326401
593,2026,428305,R,280280313,,2802803130000,SHELAT SHIRISHKUMAR H,No,,1701 JERUSALEM DR,ROUND ROCK,LOT 36 BLK NN SPRINGBROOK CENTRE PHS B SEC 2,363134,363134
594,2026,428306,R,280280314,,2802803140000,VEAL MOZELL P ,No,,1661 JERUSALEM DR,ROUND ROCK,LOT 35 BLK NN SPRINGBROOK CENTRE PHS B SEC 2,452154,452154
595,2026,428307,R,280280315,,2802803150000,ABASOLO KRISTI & DIWOND WASHINGTON,No,,1657 JERUSALEM DR,ROUND ROCK,LOT 34 BLK NN SPRINGBROOK CENTRE PHS B SEC 2,371090,371090
596,2026,428308,R,280280316,,2802803160000,MCGINTY ELIZABETH &,No,,1653 JERUSALEM DR,,LOT 33 BLK NN SPRINGBROOK CENTRE PHS B SEC 2,381663,381663
597,2026,428309,R,280280317,,2802803170000,BOHAN ANDREW,No,,1649 JERUSALEM DR,ROUND ROCK,LOT 32 BLK NN SPRINGBROOK CENTRE PHS B SEC 2,410520,410520
598,2026,428310,R,280280318,,2802803180000,WELLNER CAROL DEE & SIMON H,No,,1645 JERUSALEM DR,ROUND ROCK,LOT 31 BLK NN SPRINGBROOK CENTRE PHS B SEC 2,433958,433958
599,2026,428311,R,280280319,,2802803190000,RASHID TALAT S,No,,1641 JERUSALEM DR,ROUND ROCK,LOT 30 BLK NN SPRINGBROOK CENTRE PHS B SEC 2,509627,509627
600,2026,428312,R,280280320,,2802803200000,LEGRAND KATRINA ROSAN &,No,,1637 JERUSALEM DR,ROUND ROCK,LOT 29 BLK NN SPRINGBROOK CENTRE PHS B SEC 2,338582,338582
601,2026,428313,R,280280321,,2802803210000,MCLEOD JEANNE M & CYNTHIA D BURNS,No,,1633 JERUSALEM DR,ROUND ROCK,LOT 28 BLK NN SPRINGBROOK CENTRE PHS B SEC 2,391092,391092
602,2026,428314,R,280280322,,2802803220000,IACONO MICHAEL,No,,1629 JERUSALEM DR,,LOT 27 BLK NN SPRINGBROOK CENTRE PHS B SEC 2,418220,418220
603,2026,428315,R,280280401,,2802804010000,TRAFTON ARTHUR S & CONNIE S,No,,1634 JERUSALEM DR,,LOT 15 BLK RR SPRINGBROOK CENTRE PHS B SEC 2,383244,383244
604,2026,428316,R,280280402,,2802804020000,BEAUVOIR ELIZABETH MARTINEZ DE,No,,1640 JERUSALEM DR,ROUND ROCK,LOT 14 BLK RR SPRINGBROOK CENTRE PHS B SEC 2,347448,347448
605,2026,428317,R,280280403,,2802804030000,ALVAREZ CHI-WEI & FRANK JR,No,,1646 JERUSALEM DR,,LOT 13 BLK RR SPRINGBROOK CENTRE PHS B SEC 2,375721,375721
606,2026,428318,R,280280404,,2802804040000,HU BIN,No,,1652 JERUSALEM DR,ROUND ROCK,LOT 12 BLK RR SPRINGBROOK CENTRE PHS B SEC 2,323653,323653
607,2026,428319,R,280280405,,2802804050000,MEDINA SERGIO & MARIA L,No,,1658 JERUSALEM DR,ROUND ROCK,LOT 11 BLK RR SPRINGBROOK CENTRE PHS B SEC 2,483877,483877
608,2026,428320,R,280280406,,2802804060000,BINDER BONNIE R  ,No,,1662 JERUSALEM DR,ROUND ROCK,LOT 10 BLK RR SPRINGBROOK CENTRE PHS B SEC 2,438933,438933
609,2026,428321,R,280280407,,2802804070000,OCKLETREE PATRICK N,No,,1700 JERUSALEM DR,ROUND ROCK,LOT 9 BLK RR SPRINGBROOK CENTRE PHS B SEC 2,410652,410652
610,2026,428322,R,280280408,,2802804080000,MURRAY ROGER L & KWI N,No,,1704 JERUSALEM DR,ROUND ROCK,LOT 8 BLK RR SPRINGBROOK CENTRE PHS B SEC 2,392455,392455
611,2026,428323,R,280280409,,2802804090000,PURDY JOSHUA,No,,1708 JERUSALEM DR,ROUND ROCK,LOT 7 BLK RR SPRINGBROOK CENTRE PHS B SEC 2,347320,347320
612,2026,428324,R,280280410,,2802804100000,ZARAGOZA  MARYORE &  ANDRES TRUJILLO,No,,1712 JERUSALEM DR,,LOT 6 BLK RR SPRINGBROOK CENTRE PHS B SEC 2,337594,337594
613,2026,428325,R,280280411,,2802804110000,LE MAI ANH,No,,1716 JERUSALEM DR,ROUND ROCK,LOT 5 BLK RR SPRINGBROOK CENTRE PHS B SEC 2,388733,388733
614,2026,428326,R,280280412,,2802804120000,LISTER THOMAS C,No,BABYS'N'TODDLERS GRP DAY/HOME,1720 JERUSALEM DR,ROUND ROCK,LOT 4 BLK RR SPRINGBROOK CENTRE PHS B SEC 2,420524,420524
615,2026,428327,R,280280413,,2802804130000,FISHER EDWIN H & MERRY ROSS,No,,1724 JERUSALEM DR,ROUND ROCK,LOT 3 BLK RR SPRINGBROOK CENTRE PHS B SEC 2,367220,367220
616,2026,428328,R,280280414,,2802804140000,BREEST DANIEL & ANA,No,,1728 JERUSALEM DR,ROUND ROCK,LOT 2 BLK RR SPRINGBROOK CENTRE PHS B SEC 2,428078,428078
617,2026,428329,R,280280415,,2802804150000,PENA GABINO,No,,1732 JERUSALEM DR,ROUND ROCK,LOT 1 BLK RR SPRINGBROOK CENTRE PHS B SEC 2,511084,511084
618,2026,428330,R,280280416,,2802804160000,WATSON DEBORAH,No,,16838 CRANSTON DR,ROUND ROCK,LOT 42 BLK RR SPRINGBROOK CENTRE PHS B SEC 2,449458,449458
619,2026,428331,R,280280417,,2802804170000,FREEMAN JAMES & SARA E,No,,16836 CRANSTON DR,ROUND ROCK,LOT 41 BLK RR SPRINGBROOK CENTRE PHS B SEC 2,471243,471243
620,2026,428332,R,280280418,,2802804180000,GOULD JOHN MICHAEL JR,No,,16834 CRANSTON DR,ROUND ROCK,LOT 40 BLK RR SPRINGBROOK CENTRE PHS B SEC 2,397370,397370
621,2026,428333,R,280280419,,2802804190000,FISHER CHEMERE,No,,16832 CRANSTON DR,,LOT 39 BLK RR SPRINGBROOK CENTRE PHS B SEC 2,346497,346497
622,2026,428334,R,280280420,,2802804200000,KINKAID DANNY L,No,,16830 CRANSTON DR,ROUND ROCK,LOT 38 BLK RR SPRINGBROOK CENTRE PHS B SEC 2,339816,339816
623,2026,428335,R,280280421,,2802804210000,MCGLOTHLIN JOHN III & BLAIR ADAMS,No,,16828 CRANSTON DR,ROUND ROCK,LOT 37 BLK RR SPRINGBROOK CENTRE PHS B SEC 2,413145,413145
624,2026,428336,R,280280422,,2802804220000,TOTH IRMA A,No,,16826 CRANSTON DR,ROUND ROCK,LOT 36 BLK RR SPRINGBROOK CENTRE PHS B SEC 2,320193,320193
625,2026,428337,R,280280423,,2802804230000,VALASAGANDLA NAGARAJU &,No,,16824 CRANSTON DR,,LOT 35 BLK RR SPRINGBROOK CENTRE PHS B SEC 2,379151,379151
626,2026,428338,R,280280424,,2802804240000,PALMA VIDAL,No,,16820 CRANSTON DR,,LOT 34 BLK RR SPRINGBROOK CENTRE PHS B SEC 2,327733,327733
627,2026,428339,R,280280425,,2802804250000,AL-HASHASH JAWSEM F &,No,,16818 CRANSTON DR,,LOT 33 BLK RR SPRINGBROOK CENTRE PHS B SEC 2,359239,359239
628,2026,428340,R,280280426,,2802804260000,STALL JASON DAREN &,No,,16816 CRANSTON DR,,LOT 32 BLK RR SPRINGBROOK CENTRE PHS B SEC 2,405417,405417
629,2026,428341,R,280280501,,2802805010000,MORIN PATRICIA & CHRISTOPHER JACOB BANDA,No,,16815 CRANSTON DR,ROUND ROCK,LOT 7 BLK PP SPRINGBROOK CENTRE PHS B SEC 2,322556,322556
630,2026,428342,R,280280502,,2802805020000,BELL DONNA B,No,,16819 CRANSTON DR,ROUND ROCK,LOT 6 BLK PP SPRINGBROOK CENTRE PHS B SEC 2,353748,353748
631,2026,428343,R,280280503,,2802805030000,RIGDON RONNIE W & DEBBIE,No,,16823 CRANSTON DR,ROUND ROCK,LOT 5 BLK PP SPRINGBROOK CENTRE PHS B SEC 2,350480,350480
632,2026,428344,R,280280504,,2802805040000,CHEN YI XIAN & YA WEN LIN,No,,16827 CRANSTON DR,ROUND ROCK,LOT 4 BLK PP SPRINGBROOK CENTRE PHS B SEC 2,382055,382055
633,2026,428345,R,280280505,,2802805050000,DHAMANKAR ROHIT,No,,16831 CRANSTON DR,ROUND ROCK,LOT 3 BLK PP SPRINGBROOK CENTRE PHS B SEC 2,323566,323566
634,2026,428346,R,280280506,,2802805060000,RUTLEDGE RAY DOUGLAS EXEMPT TRUST,No,,16835 CRANSTON DR,ROUND ROCK,LOT 2 BLK PP SPRINGBROOK CENTRE PHS B SEC 2,422121,422121
635,2026,428347,R,280280507,,2802805070000,TUONG VAN & MAI HO,No,,16837 CRANSTON DR,ROUND ROCK,LOT 1 BLK PP SPRINGBROOK CENTRE PHS B SEC 2,350108,350108
636,2026,428348,R,280300901,,2803009010000,TODD BILLY R JR & DORIS F,No,,1600 WAR HORSE LN,ROUND ROCK,LOT 23 BLK PP SPRINGBROOK CENTRE PHS B SEC 2,447665,447665
637,2026,428349,R,280300902,,2803009020000,DUCK JOHN P & KRISTI QUINTANILLA,No,,1604 WAR HORSE LN,ROUND ROCK,LOT 22 BLK PP SPRINGBROOK CENTRE PHS B SEC 2,428093,428093
638,2026,428350,R,280300903,,2803009030000,DARBONE VANCE & MALLORY DARBONE,No,,1608 WAR HORSE LN,ROUND ROCK,LOT 21 BLK PP SPRINGBROOK CENTRE PHS B SEC 2,498007,498007
639,2026,428351,R,280300904,,2803009040000,MAYS ROSALYN YVONNE,No,,1612 WAR HORSE LN,ROUND ROCK,LOT 20 BLK PP SPRINGBROOK CENTRE PHS B SEC 2,366847,366847
640,2026,428352,R,280300905,,2803009050000,LOPEZ CARLOS GUADALUPE,No,,1616 WAR HORSE LN,,LOT 19 BLK PP SPRINGBROOK CENTRE PHS B SEC 2,339198,339198
641,2026,428353,R,280300906,,2803009060000,JARAMILLO ROBERTO M,No,,1620 WAR HORSE LN,ROUND ROCK,LOT 18 BLK PP SPRINGBROOK CENTRE PHS B SEC 2,399792,399792
642,2026,428354,R,280300907,,2803009070000,GUEVARA ROBERT P & YOLANDA M,No,,1624 WAR HORSE LN,ROUND ROCK,LOT 17 BLK PP SPRINGBROOK CENTRE PHS B SEC 2,409000,409000
643,2026,428355,R,280300908,,2803009080000,SASUN LLC,No,,1628 WAR HORSE LN,,LOT 16 BLK PP SPRINGBROOK CENTRE PHS B SEC 2,348482,348482
644,2026,428356,R,280300909,,2803009090000,MOSLEY ANDREW B & ERIN A,No,,1627 WAR HORSE LN,,LOT 15 BLK PP SPRINGBROOK CENTRE PHS B SEC 2,428667,428667
645,2026,428357,R,280300910,,2803009100000,REGALADO NORMA ALICIA &,No,,1623 WAR HORSE LN,,LOT 14 BLK PP SPRINGBROOK CENTRE PHS B SEC 2,338067,338067
646,2026,428358,R,280300911,,2803009110000,MARCH DAVID L & NANCY L,No,,1617 WAR HORSE LN,ROUND ROCK,LOT 13 BLK PP SPRINGBROOK CENTRE PHS B SEC 2,353317,353317
647,2026,428359,R,280300912,,2803009120000,RODRIGUEZ FRANCISCO ANTONIO &,No,,16816 CONSTANTINOPLE LN,,LOT 12 BLK PP SPRINGBROOK CENTRE PHS B SEC 2,355968,355968
648,2026,428360,R,280300913,,2803009130000,STERLING LIVING TRUST,No,,16812 CONSTANTINOPLE LN,ROUND ROCK,LOT 11 BLK PP SPRINGBROOK CENTRE PHS B SEC 2,477318,477318
649,2026,428361,R,280300914,,2803009140000,BAKER GAYLEN E,No,,16801 CRANSTON DR,ROUND ROCK,LOT 10 BLK PP SPRINGBROOK CENTRE PHS B SEC 2,327028,327028
650,2026,428362,R,280300915,,2803009150000,IKRAM NARGIS,No,,16805 CRANSTON DR,ROUND ROCK,LOT 9 BLK PP SPRINGBROOK CENTRE PHS B SEC 2,518130,518130
651,2026,428363,R,280300916,,2803009160000,ENAYATI MEHR &,No,,16809 CRANSTON DR,ROUND ROCK,LOT 8 BLK PP SPRINGBROOK CENTRE PHS B SEC 2,349322,349322
652,2026,428364,R,280301001,,2803010010000,WARD STACY K & AMIE B,No,,16801 CONSTANTINOPLE LN,ROUND ROCK,LOT 7 BLK OO SPRINGBROOK CENTRE PHS B SEC 2,399650,399650
653,2026,428365,R,280301002,,2803010020000,JONES ISAAC & WHITNEY,No,,16805 CONSTANTINOPLE LN,ROUND ROCK,LOT 6 BLK OO SPRINGBROOK CENTRE PHS B SEC 2,383773,383773
654,2026,428366,R,280301003,,2803010030000,CHAUDHRY SHAWN,No,,16809 CONSTANTINOPLE LN,,LOT 5 BLK OO SPRINGBROOK CENTRE PHS B SEC 2,356116,356116
655,2026,428368,R,280301005,,2803010050000,OBRIEN NICHOLAS BLAKE,No,,16817 CONSTANTINOPLE LN,ROUND ROCK,LOT 3 BLK OO SPRINGBROOK CENTRE PHS B SEC 2,343788,343788
656,2026,428371,R,280301008,,2803010080000,SULLIVAN ARVELL K & LINDA D SU,No,,1516 JERUSALEM DR,,LOT 14 BLK OO SPRINGBROOK CENTRE PHS B SEC 2,454584,454584
657,2026,428372,R,280301009,,2803010090000,ANDERSON LARRY G & JEANNIE,No,,1520 JERUSALEM DR,ROUND ROCK,LOT 13 BLK OO SPRINGBROOK CENTRE PHS B SEC 2,327463,327463
658,2026,428373,R,280301010,,2803010100000,LEVIN ROBERT & ROSA B &,No,,1524 JERUSALEM DR,ROUND ROCK,LOT 12 BLK OO SPRINGBROOK CENTRE PHS B SEC 2,313265,313265
659,2026,428374,R,280301011,,2803010110000,LEON SANCARLOS &,No,,1528 JERUSALEM DR,ROUND ROCK,LOT 11 BLK OO SPRINGBROOK CENTRE PHS B SEC 2,344623,344623
660,2026,428375,R,280301012,,2803010120000,VANCE BRADY & KIMBERLY,No,,1532 JERUSALEM DR,ROUND ROCK,LOT 10 BLK OO SPRINGBROOK CENTRE PHS B SEC 2,297200,297200
661,2026,428376,R,280301013,,2803010130000,VALDEZ ADELA,No,,1536 JERUSALEM DR,ROUND ROCK,LOT 9 BLK OO SPRINGBROOK CENTRE PHS B SEC 2,323954,323954
662,2026,428377,R,280301014,,2803010140000,KHALIFA-ARBEL ITZHAK & AYELET MICHAWLI-ARBEL,No,,1540 JERUSALEM DR,ROUND ROCK,LOT 8 BLK OO SPRINGBROOK CENTRE PHS B SEC 2,388262,388262
663,2026,428379,R,280301102,,2803011020000,ROSETTA CLASSIE,No,,16808 CRANSTON DR,ROUND ROCK,LOT 30 BLK RR SPRINGBROOK CENTRE PHS B SEC 2,364867,364867
664,2026,428380,R,280301103,,2803011030000,NEIL TED E & CAROL L NEIL,No,,16804 CRANSTON DR,ROUND ROCK,LOT 29 BLK RR SPRINGBROOK CENTRE PHS B SEC 2,398996,398996
665,2026,428381,R,280301104,,2803011040000,SILVA JOSEPH,No,,16800 CRANSTON DR,,LOT 28 BLK RR SPRINGBROOK CENTRE PHS B SEC 2,425056,425056
666,2026,428382,R,280301105,,2803011050000,BOCANEGRA DELIA,No,,16710 CRANSTON DR,ROUND ROCK,LOT 27 BLK RR SPRINGBROOK CENTRE PHS B SEC 2,325439,325439
667,2026,428383,R,280301106,,2803011060000,LANDIS CAROL D,No,,16708 CRANSTON DR,ROUND ROCK,LOT 26 BLK RR SPRINGBROOK CENTRE PHS B SEC 2,344522,344522
668,2026,428384,R,280301107,,2803011070000,MANALO KELLY R & PAUL JORG,No,,16704 CRANSTON DR,,LOT 25 BLK RR SPRINGBROOK CENTRE PHS B SEC 2,396240,396240
669,2026,428385,R,280301108,,2803011080000,WOLFF DAVID,No,,1556 JERUSALEM DR,ROUND ROCK,LOT 24 BLK RR SPRINGBROOK CENTRE PHS B SEC 2,354724,354724
670,2026,428386,R,280301109,,2803011090000,HOFFMAN CHASE,No,,1562 JERUSALEM DR,ROUND ROCK,LOT 23 BLK RR SPRINGBROOK CENTRE PHS B SEC 2,496527,496527
671,2026,428387,R,280301110,,2803011100000,WASHINGTON STANLEY D &,No,,1600 JERUSALEM DR,,LOT 22 BLK RR SPRINGBROOK CENTRE PHS B SEC 2,427730,427730
672,2026,428388,R,280301111,,2803011110000,CHO STEVE S & EMILY M,No,,1604 JERUSALEM DR,ROUND ROCK,LOT 21 BLK RR SPRINGBROOK CENTRE PHS B SEC 2,457315,457315
673,2026,428389,R,280301112,,2803011120000,NGO HANH P N,No,,1608 JERUSALEM DR,ROUND ROCK,LOT 20 BLK RR SPRINGBROOK CENTRE PHS B SEC 2,360777,360777
674,2026,428390,R,280301113,,2803011130000,RUVALCABA JAIME,No,,1612 JERUSALEM DR,,LOT 19 BLK RR SPRINGBROOK CENTRE PHS B SEC 2,337239,337239
675,2026,428391,R,280301114,,2803011140000,CIEPLY WILLIAM & AILEEN B CIEPLY,No,,1618 JERUSALEM DR,ROUND ROCK,LOT 18 BLK RR SPRINGBROOK CENTRE PHS B SEC 2,481584,481584
676,2026,428392,R,280301115,,2803011150000,HOOK KENNETH R & OK JU,No,,1622 JERUSALEM DR,ROUND ROCK,LOT 17 BLK RR SPRINGBROOK CENTRE PHS B SEC 2,402358,402358
677,2026,428394,R,280301201,,2803012010000,CARREON SERGIO & JOSE CARREON,No,,1625 JERUSALEM DR,ROUND ROCK,LOT 26 BLK NN SPRINGBROOK CENTRE PHS B SEC 2,373201,373201
678,2026,428395,R,280301202,,2803012020000,AMIR PADSHAHMIR,No,,1621 JERUSALEM DR,ROUND ROCK,LOT 25 BLK NN SPRINGBROOK CENTRE PHS B SEC 2,399637,399637
679,2026,428396,R,280301203,,2803012030000,KIRKMAN KATHERINE,No,,1617 JERUSALEM DR,ROUND ROCK,LOT 24 BLK NN SPRINGBROOK CENTRE PHS B SEC 2,385205,385205
680,2026,428397,R,280301204,,2803012040000,MOULTON ADAM B & KATHRYN A,No,,1611 JERUSALEM DR,ROUND ROCK,LOT 23 BLK NN SPRINGBROOK CENTRE PHS B SEC 2,407518,407518
681,2026,428398,R,280301205,,2803012050000,LINAN MACK RAY & TIFFANY J,No,,1609 JERUSALEM DR,,LOT 22 BLK NN SPRINGBROOK CENTRE PHS B SEC 2,327473,327473
682,2026,428399,R,280301206,,2803012060000,SLAUGHTER LARRY P,No,,1605 JERUSALEM DR,ROUND ROCK,LOT 21 BLK NN SPRINGBROOK CENTRE PHS B SEC 2,348472,348472
683,2026,428400,R,280301207,,2803012070000,DICKSON THEA H,No,,1601 JERUSALEM DR,ROUND ROCK,LOT 20 BLK NN SPRINGBROOK CENTRE PHS B SEC 2,408211,408211
684,2026,428401,R,280301208,,2803012080000,SPRINGBROOK CENTER OWNERS,No,,16701 PON CT,,LOT 19 BLK NN SPRINGBROOK CENTRE PHS B SEC 2,2208,2208
685,2026,428402,R,280301209,,2803012090000,HARPER PATRICK & KELLI A,No,,16705 PON CT,ROUND ROCK,LOT 18 BLK NN SPRINGBROOK CENTRE PHS B SEC 2,447196,447196
686,2026,428403,R,280301210,,2803012100000,BUITRON STEPHEN & CYNTHIA NAVARRO,No,,1565 JERUSALEM DR,ROUND ROCK,LOT 17 BLK NN SPRINGBROOK CENTRE PHS B SEC 2,419807,419807
687,2026,428404,R,280301211,,2803012110000,ORTIZ JUAN GUERRA JR &,No,,1561 JERUSALEM DR,,LOT 16 BLK NN SPRINGBROOK CENTRE PHS B SEC 2,405360,405360
688,2026,428405,R,280301212,,2803012120000,REEDER STACEE L,No,,1557 JERUSALEM DR,ROUND ROCK,LOT 15 BLK NN SPRINGBROOK CENTRE PHS B SEC 2,409712,409712
689,2026,428406,R,280301213,,2803012130000,MARSH MATTHEW ALEXANDER &,No,,1553 JERUSALEM DR,ROUND ROCK,LOT 14 BLK NN SPRINGBROOK CENTRE PHS B SEC 2,356850,356850
690,2026,428407,R,280301214,,2803012140000,BURSE STANLEY,No,,1549 JERUSALEM DR,,LOT 13 BLK NN SPRINGBROOK CENTRE PHS B SEC 2,404449,404449
691,2026,428408,R,280301215,,2803012150000,RATZ MARIYA LEA,No,,1545 JERUSALEM DR,ROUND ROCK,LOT 12 BLK NN SPRINGBROOK CENTRE PHS B SEC 2,323113,323113
692,2026,428409,R,280301216,,2803012160000,YUSUFALI MUNAVER M,No,,1541 JERUSALEM DR,ROUND ROCK,LOT 11 BLK NN SPRINGBROOK CENTRE PHS B SEC 2,374717,374717
693,2026,428410,R,280301217,,2803012170000,NIETO CARLOS A,No,,1537 JERUSALEM DR,ROUND ROCK,LOT 10 BLK NN SPRINGBROOK CENTRE PHS B SEC 2,403000,403000
694,2026,428411,R,280301218,,2803012180000,MAKKAR YASHPAL & SHALINI,No,,1533 JERUSALEM DR,ROUND ROCK,LOT 9 BLK NN SPRINGBROOK CENTRE PHS B SEC 2,377273,377273
695,2026,428412,R,280301219,,2803012190000,FLORES NORMA LEE &,No,,1529 JERUSALEM DR,,LOT 8 BLK NN SPRINGBROOK CENTRE PHS B SEC 2,398654,398654
696,2026,428413,R,280301220,,2803012200000,RAMIREZ JENNIFER & MARIO,No,,1525 JERUSALEM DR,ROUND ROCK,LOT 7 BLK NN SPRINGBROOK CENTRE PHS B SEC 2,322109,322109
697,2026,428414,R,280301221,,2803012210000,COOK ANDREW ALEXANDER & JOHN A LIFE ESTATE,No,,1521 JERUSALEM DR,ROUND ROCK,LOT 6 BLK NN SPRINGBROOK CENTRE PHS B SEC 2,374717,374717
698,2026,428415,R,280301222,,2803012220000,CRIXELL MICHAEL E &,No,,1517 JERUSALEM DR,,LOT 5 BLK NN SPRINGBROOK CENTRE PHS B SEC 2,406370,406370
699,2026,428416,R,280301223,,2803012230000,GILLESPIE COREY D & BRENDA L,No,,1513 JERUSALEM DR,ROUND ROCK,LOT 4 BLK NN SPRINGBROOK CENTRE PHS B SEC 2,378915,378915
700,2026,428417,R,280301224,,2803012240000,LOURDU RICHARD & JANE ANTONY,No,,1509 JERUSALEM DR,ROUND ROCK,LOT 3 BLK NN SPRINGBROOK CENTRE PHS B SEC 2,386200,386200
701,2026,428418,R,280301225,,2803012250000,WRIGHT DAVID O & CARLA M,No,,1505 JERUSALEM DR,ROUND ROCK,LOT 2 BLK NN SPRINGBROOK CENTRE PHS B SEC 2,384821,384821
702,2026,428419,R,280301226,,2803012260000,SANDI RAMIRO & ANDRIANNA SANDI,No,,1501 JERUSALEM DR,ROUND ROCK,LOT 1 BLK NN SPRINGBROOK CENTRE PHS B SEC 2,467445,467445
703,2026,433038,P,,,844360000,TEXAS ROOFING CO INC,No,TEXAS ROOFING CO,16809 RADHOLME CT,PFLUGERVILLE,PERSONAL PROPERTY COMMERCIAL TEXAS ROOFING CO,2360294,2360294
704,2026,434309,P,,,858330000,INTEC OF AUSTIN,No,INTEC TERRADYNE,1608 ROYSTON  LN,ROUND ROCK,PERSONAL PROPERTY COMMERCIAL INTEC TERRADYNE,90461,90461
705,2026,444916,R,280280427,,2802804270000,OSTER MELINDA,No,,1628 JERUSALEM DR,ROUND ROCK,LOT 16 BLK RR SPRINGBROOK CENTRE PHS B SEC 2,410695,410695
706,2026,445381,R,284330201,,2843302010000,K O LIMITED PARTNERSHIP,No,AUSTIN FOAM PLASTICS,2933 A W GRIMES BLVD,,LOT 1 BLK A *LESS .140A SPRINGBROOK COMMERCIAL SUBD,14470582,14470582
707,2026,445384,R,284330204,,2843302040000,ROBERTS MONICA LOUISE KUTCH &,No,BANISTER TOOL IINC.,3009 A W GRIMES BLVD,,LOT 3 BLK A *LESS .060A SPRINGBROOK COMMERCIAL SUBD RESUB OF LOT 2,4896087,4896087
708,2026,445385,R,284330205,,2843302050000,WHITLOCK INVESTMENTS PROPERTIES II LLC,No,B & H CUSTOMS,2925 A W GRIMES BLVD,,ABS 109 SUR 74 BARKER W ACR 1.033,1204349,1204349
709,2026,451616,P,,WP435433,919820000,MORRISON RUSSELL,No,YOUNGBLOOD AUTOMOTIVE & TIRE,375 W LOUIS HENNA BLVD,AUSTIN,PERSONAL PROPERTY COMMERCIAL YOUNGBLOOD AUTOMOTIVE & TIRE,1121871,1121871
710,2026,452866,P,,WP319384,932870000,BANISTER TOOL INC,No,BANISTER TOOL INC,3009 A W GRIMES BLVD,ROUND ROCK,PERSONAL PROPERTY COMMERCIAL BANISTER TOOL INC,15132,15132
711,2026,454737,P,,WP376280,951010000,DELI MANAGEMENT INC,No,JASON'S DELI,117 E LOUIS HENNA BLVD,ROUND ROCK,PERSONAL PROPERTY COMMERCIAL JASON'S DELI,145613,145613
712,2026,463312,R,278280526,,2782805260000,MANVILLE WATER SUPPLY,No,, ROYSTON LN,,900 SQ FT (WELL SITE #4) LOT 3 BLK C CENTRAL COMMERCE PARK REPLAT OF BLKS A B & C,900,900
713,2026,463315,R,278280529,,2782805290000,MANVILLE WATER SUPPLY,No,, ROYSTON LN,,900 SQ FT (WELL SITE #3) OF LOT 1E BLK C CENTRAL COMMERCE PARK LOT 1 BLK C RESUB,900,900
714,2026,463323,R,278300902,,2783009020000,TWENTY-TWO LINE INC,No,AUSTIN INDOOR SOCCER CENTER,1404 ROYSTON LN,,LOT 2 BLK A PARK AT GRANDE AVENUE SEC 1 THE,3341261,3341261
715,2026,463324,R,278300903,,2783009030000,KBG PROPERTIES LLC,No,CAPITAL CONCESSION,1410 ROYSTON LN,,LOT 1 BLK A PARK AT GRANDE AVENUE SEC 1 THE,1699754,1699754
716,2026,463325,R,278300904,,2783009040000,GRACE FELLOWSHIP CHURCH,No,FIRST FAMILY CHURCH, ROYSTON LN,,ABS 564 SUR 10 MCMILLAN E ACR 11.230,6494498,6494498
717,2026,463338,R,280280324,,2802803240000,MBP PROPERTIES LLC,No,METRO BUSINESS PARK,1800 CENTRAL COMMERCE CT,ROUND ROCK,LOT 1 BLK A METRO BUSINESS PARK,3456882,3456882
718,2026,463492,R,282361237,,2823612370000,PFLUGERVILLE I S D,No,PFLUGERVILLE HIGH SCHOOL AG BARN,914 W PFLUGERVILLE PKWY,,ABS 787 SUR 70 VAN WINKLE J ACR 5.7950,2075209,2075209
719,2026,469790,P,,WP384039,971540000,SMILE BRANDS OF TEXAS LP,No,CASTLE DENTAL CENTER,117 E LOUIS HENNA BLVD,ROUND ROCK,PERSONAL PROPERTY COMMERCIAL CASTLE DENTAL CENTER,168116,168116
720,2026,481075,R,272281002,,2722810020000,VOIGT COURTNEY,No,,15508 LADY LAURA CROSSING,,LOT 10 BLK G SARAH'S CREEK SEC 3,289157,289157
721,2026,481650,R,278280535,,2782805350000,MCEACHERN RAY BRYAN,Yes,GOODYEAR,1709 ROYSTON LN,,LOT 1E&1F BLK C CENTRAL COMMERCE PARK LOT 1 BLK C RESUB,1700000,1700000
722,2026,481809,R,280280428,,2802804280000,KHOURY NASSER,No,,16812 CRANSTON DR,ROUND ROCK,LOT 31 BLK RR SPRINGBROOK CENTRE PHS B SEC 2,403682,403682
723,2026,481812,R,280300216,,2803002160000,BECKSTROM NICOLE & DYLAN SIROWER,No,,17110 COPPERHEAD DR,,LOT 51 BLK L SPRINGBROOK CENTRE PHS A,358349,358349
724,2026,481813,R,280300405,,2803004050000,FALSONE DIANE & CHRISTOPHER,No,,17208 GUANA CAY DR,ROUND ROCK,LOT 29 BLK S CAMBRIDGE HEIGHTS PHS C SEC 1REPLAT PT OF SPGSBRK CTR PH A,368719,368719
725,2026,481814,R,280300406,,2803004060000,OLIVAS MANUEL JR,No,,17206 GUANA CAY DR,,LOT 28 BLK S CAMBRIDGE HEIGHTS PHS C SEC 1REPLAT PT OF SPGSBRK CTR PH A,321233,321233
726,2026,481815,R,280300407,,2803004070000,RIMAC PROPERTIES LLC,No,,17204 GUANA CAY DR,,LOT 27 BLK S CAMBRIDGE HEIGHTS PHS C SEC 1REPLAT PT OF SPGSBRK CTR PH A,380680,380680
727,2026,481816,R,280300408,,2803004080000,STOUT BRYAN R & ANGELA R,No,,17202 GUANA CAY DR,ROUND ROCK,LOT 26 BLK S CAMBRIDGE HEIGHTS PHS C SEC 1REPLAT PT OF SPGSBRK CTR PH A,376347,376347
728,2026,481817,R,280300409,,2803004090000,LAVALLE ELVIS & DIANA,No,,17200 GUANA CAY DR,ROUND ROCK,LOT 24 BLK S CAMBRIDGE HEIGHTS PHS C SEC 1REPLAT PT OF SPGSBRK CTR PH A,356242,356242
729,2026,481818,R,280300410,,2803004100000,MACAULAY THOMAS & JACKLYN,No,,17201 GUANA CAY DR,ROUND ROCK,LOT 23 BLK S CAMBRIDGE HEIGHTS PHS C SEC 1REPLAT PT OF SPGSBRK CTR PH A,492066,492066
730,2026,481894,R,282230301,WR394845,2822303010000,GREENLAWN VENTURES LLC,Yes,GREENLAWN PLAZA,3590 GREENLAWN BLVD,,2.321AC OF LOT 1 BLK A JOHNSON LEIF SUBD,5800000,5800000
731,2026,481895,R,282230302,WR351309,2822303020000,AUSPRO ENTERPRISES LP,No,PLANET K,3227 S INTERSTATE HY 35,ROUND ROCK,0.9215AC OF LOT 4 BLK A COIL SUBD,998830,998830
732,2026,481896,R,282230303,WR351308,2822303030000,AUSPRO ENTERPRISES LP,No,CANTU IMPORTS & SERVICES,3219 S INTERSTATE HY 35,ROUND ROCK,0.899AC OF LOT 3 BLK A COIL SUBD,587407,587407
733,2026,481911,R,282300314,,2823003140000,CITY OF PFLUGERVILLE,No,,17500 MARFA LIGHTS TRL, ,LOT 40 BLK O CAMBRIDGE HEIGHTS PHS A SEC 1-B,263861,263861
734,2026,481922,R,282300325,,2823003250000,PENA JUAN,No,,1621 HUECO MOUNTAIN TRL, ,LOT 11 BLK O CAMBRIDGE HEIGHTS PHS B SEC 1,313816,313816
735,2026,481923,R,282300326,,2823003260000,CARY VALERIE S,No,,1619 HUECO MOUNTAIN TRL, ,LOT 10 BLK O CAMBRIDGE HEIGHTS PHS B SEC 1,277119,277119
736,2026,481924,R,282300327,,2823003270000,WILLIAMS JEFFREY D,No,,1617 HUECO MOUNTAIN TRL, ,LOT 9 BLK O CAMBRIDGE HEIGHTS PHS B SEC 1,284464,284464
737,2026,481925,R,282300328,,2823003280000,RIPPENKROEGER MICHAEL,No,,1615 HUECO MOUNTAIN TRL, ,LOT 8 BLK O CAMBRIDGE HEIGHTS PHS B SEC 1,319730,319730
738,2026,481926,R,282300329,,2823003290000,KING NATALIE C,No,,1613 HUECO MOUNTAIN TRL, ,LOT 7 BLK O CAMBRIDGE HEIGHTS PHS B SEC 1,289137,289137
739,2026,481927,R,282300330,,2823003300000,HERNANDEZ GILBERTO & MINERVA &,No,,1611 HUECO MOUNTAIN TRL, ,LOT 6 BLK O CAMBRIDGE HEIGHTS PHS B SEC 1,290362,290362
740,2026,481928,R,282300331,,2823003310000,SPACERAM INVESTMENTS LP,No,,1609 HUECO MOUNTAIN TRL, ,LOT 5 BLK O CAMBRIDGE HEIGHTS PHS B SEC 1,284462,284462
741,2026,481929,R,282300332,,2823003320000,OSORIO HECTOR & ALMA,No,,1607 HUECO MOUNTAIN TRL, ,LOT 4 BLK O CAMBRIDGE HEIGHTS PHS B SEC 1,319730,319730
742,2026,481930,R,282300333,,2823003330000,CHISSELL PATRICIA MCKINSEY,No,,1605 HUECO MOUNTAIN TRL, ,LOT 3 BLK O CAMBRIDGE HEIGHTS PHS B SEC 1,296224,296224
743,2026,481931,R,282300334,,2823003340000,BROWN CHARMAINE YVONNE & JASON PAUL CHOATE,No,,1603 HUECO MOUNTAIN TRL, ,LOT 2 BLK O CAMBRIDGE HEIGHTS PHS B SEC 1,298925,298925
744,2026,481932,R,282300335,,2823003350000,GEHA FAMILY LLC,No,,1601 HUECO MOUNTAIN TRL, ,LOT 1 BLK O CAMBRIDGE HEIGHTS PHS B SEC 1,290925,290925
745,2026,481933,R,282300829,,2823008290000,CALVILLO EDGAR & JULIE SO,No,,1700 CRANSTON CV,,LOT 12 BLK M SPRINGBROOK CENTRE PHS A,353255,353255
746,2026,481934,R,282301334,,2823013340000,CAMBRIDGE HEIGHTS OWNERS ASSOCIATION INC,No,,1507 W PFLUGERVILLE PKWY,,LOT 47 BLK S CAMBRIDGE HEIGHTS PHS A SEC 1-B,2406,2406
747,2026,481941,R,282301341,,2823013410000,LAND GARY DON,No,,17302 MARFA LIGHTS TRL,ROUND ROCK,LOT 40 BLK S CAMBRIDGE HEIGHTS PHS C SEC 1REPLAT PT OF SPGSBRK CTR PH A,381108,381108
748,2026,481942,R,282301342,,2823013420000,SCHARF GREGORY K & KITT L,No,,17300 MARFA LIGHTS TRL,ROUND ROCK,LOT 39 BLK S CAMBRIDGE HEIGHTS PHS C SEC 1REPLAT PT OF SPGSBRK CTR PH A,354954,354954
749,2026,481943,R,282301343,,2823013430000,WINDERMERE UTILITY COMPANY INC,No,,1419 CORAL CAY LN,,LOT 38 BLK S CAMBRIDGE HEIGHTS PHS C SEC 1REPLAT PT OF SPGSBRK CTR PH A,112344,112344
750,2026,481944,R,282301344,,2823013440000,FERGUSON RYAN J & MIKALA M WRIGHT,No,,1417 CORAL CAY LN,ROUND ROCK,LOT 37 BLK S CAMBRIDGE HEIGHTS PHS C SEC 1REPLAT PT OF SPGSBRK CTR PH A,342003,342003
751,2026,481945,R,282301345,,2823013450000,VANDERDYS OTTO & STEPHANIE,No,,1415 CORAL CAY LN,,LOT 36 BLK S CAMBRIDGE HEIGHTS PHS C SEC 1REPLAT PT OF SPGSBRK CTR PH A,363580,363580
752,2026,481946,R,282301346,,2823013460000,SANCHEZ MARY,No,,1413 CORAL CAY LN,ROUND ROCK,LOT 35 BLK S CAMBRIDGE HEIGHTS PHS C SEC 1REPLAT PT OF SPGSBRK CTR PH A,324190,324190
753,2026,481947,R,282301347,,2823013470000,GREENE JOE & STEPHANIE L,No,,17218 GUANA CAY DR,ROUND ROCK,LOT 34 BLK S CAMBRIDGE HEIGHTS PHS C SEC 1REPLAT PT OF SPGSBRK CTR PH A,366297,366297
754,2026,481948,R,282301348,,2823013480000,MORENO MICHAEL R & ELAINE S,No,,17216 GUANA CAY DR,ROUND ROCK,LOT 33 BLK S CAMBRIDGE HEIGHTS PHS C SEC 1REPLAT PT OF SPGSBRK CTR PH A,369769,369769
755,2026,481949,R,282301349,,2823013490000,CASTILLO DAVID R & EFLEDA D,No,,17214 GUANA CAY DR,ROUND ROCK,LOT 32 BLK S CAMBRIDGE HEIGHTS PHS C SEC 1REPLAT PT OF SPGSBRK CTR PH A,345368,345368
756,2026,481950,R,282301350,,2823013500000,BOSWELL DALE & MARY REVOCABLE TRUST,No,,17212 GUANA CAY DR,ROUND ROCK,LOT 31 BLK S CAMBRIDGE HEIGHTS PHS C SEC 1REPLAT PT OF SPGSBRK CTR PH A,330116,330116
757,2026,481951,R,282301351,,2823013510000,BURKETT ZACHARY GLENN,No,,17210 GUANA CAY DR,ROUND ROCK,LOT 30 BLK S CAMBRIDGE HEIGHTS PHS C SEC 1REPLAT PT OF SPGSBRK CTR PH A,408434,408434
758,2026,481952,R,282301401,,2823014010000,SLAGLE ROCKY WAYNE,No,,17600 VAN HORN CT, ,LOT 15 BLK D CAMBRIDGE HEIGHTS PHS A SEC 1-B,290200,290200
759,2026,481953,R,282301402,,2823014020000,CENTENO JULIAN D JR,No,,1518 VAN HORN DR, ,LOT 16 BLK D CAMBRIDGE HEIGHTS PHS A SEC 1-B,290098,290098
760,2026,481954,R,282301403,,2823014030000,GILANI NUMAN,No,,1520 VAN HORN DR, ,LOT 17 BLK D CAMBRIDGE HEIGHTS PHS A SEC 1-B,346617,346617
761,2026,481955,R,282301404,,2823014040000,BARKER MELISSA,No,,1522 VAN HORN DR, ,LOT 18 BLK D CAMBRIDGE HEIGHTS PHS A SEC 1-B,335116,335116
762,2026,481956,R,282301501,,2823015010000,GRAND AVENUE AT I-35 LTD,No,,17501 MARFA LIGHTS TRL, ,LOT 46 BLK B CAMBRIDGE HEIGHTS PHS A SEC 1-B,284257,284257
763,2026,481957,R,282301502,,2823015020000,ESPINOSA MARK ANTHONY,No,,1523 VAN HORN DR, ,LOT 45 BLK B CAMBRIDGE HEIGHTS PHS A SEC 1-B,339137,339137
764,2026,481958,R,282301503,,2823015030000,VICKREY ANGELA,No,,1521 VAN HORN DR, ,LOT 44 BLK B CAMBRIDGE HEIGHTS PHS A SEC 1-B,351433,351433
765,2026,481959,R,282301504,,2823015040000,SOLANO YECENIA,No,,1519 VAN HORN DR, ,LOT 43 BLK B CAMBRIDGE HEIGHTS PHS A SEC 1-B,296479,296479
766,2026,481960,R,282301505,,2823015050000,VILLARREAL ERICA J,No,,1517 VAN HORN DR, ,LOT 42 BLK B CAMBRIDGE HEIGHTS PHS A SEC 1-B,315577,315577
767,2026,481961,R,282301506,,2823015060000,ECKERT ALAN C III,No,,1515 VAN HORN DR, ,LOT 41 BLK B CAMBRIDGE HEIGHTS PHS A SEC 1-B,306613,306613
768,2026,481962,R,282301601,,2823016010000,CRITES JAMES L & DONNA K,No,,17203 GUANA CAY DR,ROUND ROCK,LOT 22 BLK S CAMBRIDGE HEIGHTS PHS C SEC 1REPLAT PT OF SPGSBRK CTR PH A,388728,388728
769,2026,481963,R,282301602,,2823016020000,MEDLIN DAVID,No,,17205 GUANA CAY DR,ROUND ROCK,LOT 21 BLK S CAMBRIDGE HEIGHTS PHS C SEC 1REPLAT PT OF SPGSBRK CTR PH A,397542,397542
770,2026,481964,R,282301603,,2823016030000,GAVIN JOHN T,No,,17207 GUANA CAY DR,ROUND ROCK,LOT 20 BLK S CAMBRIDGE HEIGHTS PHS C SEC 1REPLAT PT OF SPGSBRK CTR PH A,371416,371416
771,2026,481965,R,282301604,,2823016040000,LOFTON JULIUS M & PAMELA S,No,,1409 CORAL CAY LN,ROUND ROCK,LOT 19 BLK S CAMBRIDGE HEIGHTS PHS C SEC 1REPLAT PT OF SPGSBRK CTR PH A,379079,379079
772,2026,481966,R,282301605,,2823016050000,ELLISON FRANK JR & BRENDA J,No,,1407 CORAL CAY LN,ROUND ROCK,LOT 18 BLK S CAMBRIDGE HEIGHTS PHS C SEC 1REPLAT PT OF SPGSBRK CTR PH A,396353,396353
773,2026,481967,R,282301701,,2823017010000,KRUGER PAMELA SUE,No,,17506 DEL CITY DR, ,LOT 20 BLK J CAMBRIDGE HEIGHTS PHS B SEC 1,335256,335256
774,2026,481968,R,282301702,,2823017020000,DAM TRAVIS & TUONGUYEN LIFE ESTATE,No,,17504 DEL CITY DR, ,LOT 21 BLK J CAMBRIDGE HEIGHTS PHS B SEC 1,317797,317797
775,2026,481969,R,282301703,,2823017030000,HAUTE MONTAGNE PROPERTIES LLC-DEL CITY SERIES 1812,No,,17502 DEL CITY DR, ,LOT 22 BLK J CAMBRIDGE HEIGHTS PHS B SEC 1,302567,302567
776,2026,481970,R,282301704,,2823017040000,CRUZ TONIA & MIGUEL AVILA,No,,1600 HUECO MOUNTAIN TRL, ,LOT 24 BLK J CAMBRIDGE HEIGHTS PHS B SEC 1,310342,310342
777,2026,481971,R,282301705,,2823017050000,BOLF BRANDEN & BRITTONEE,No,,1602 HUECO MOUNTAIN TRL, ,LOT 25 BLK J CAMBRIDGE HEIGHTS PHS B SEC 1,316221,316221
778,2026,481972,R,282301706,,2823017060000,CORKILL STEVEN MICHAEL &,No,,1604 HUECO MOUNTAIN TRL, ,LOT 26 BLK J CAMBRIDGE HEIGHTS PHS B SEC 1,309357,309357
779,2026,481973,R,282301707,,2823017070000,1606 PROPERTIES LLC,No,,1606 HUECO MOUNTAIN TRL, ,LOT 27 BLK J CAMBRIDGE HEIGHTS PHS B SEC 1,279761,279761
780,2026,481974,R,282301708,,2823017080000,VAN LOAN NANCY,No,,1608 HUECO MOUNTAIN TRL, ,LOT 28 BLK J CAMBRIDGE HEIGHTS PHS B SEC 1,283904,283904
781,2026,481975,R,282301709,,2823017090000,BAILEY LYNNE E,No,,1610 HUECO MOUNTAIN TRL, ,LOT 29 BLK J CAMBRIDGE HEIGHTS PHS B SEC 1,279759,279759
782,2026,481976,R,282301710,,2823017100000,RUMSEY DANIEL O,No,,1612 HUECO MOUNTAIN TRL, ,LOT 30 BLK J CAMBRIDGE HEIGHTS PHS B SEC 1,318277,318277
783,2026,481977,R,282301711,,2823017110000,BREWER JENNIFER L,No,,17405 SALT FLAT LN, ,LOT 1 BLK J CAMBRIDGE HEIGHTS PHS B SEC 1,298554,298554
784,2026,481978,R,282301712,,2823017120000,RICHARDS WINSTON,No,,17407 SALT FLAT LN, ,LOT 2 BLK J CAMBRIDGE HEIGHTS PHS B SEC 1,286550,286550
785,2026,481979,R,282301713,,2823017130000,STARA TYLER,No,,17409 SALT FLAT LN, ,LOT 3 BLK J CAMBRIDGE HEIGHTS PHS B SEC 1,290015,290015
786,2026,481980,R,282301714,,2823017140000,NGO TIMOTHY,No,,17411 SALT FLAT LN, ,LOT 4 BLK J CAMBRIDGE HEIGHTS PHS B SEC 1,292652,292652
787,2026,481983,R,282331501,,2823315010000,RODRIGUEZ JOEL G & SHELLY R,No,,1513 VAN HORN DR, ,LOT 40 BLK B CAMBRIDGE HEIGHTS PHS A SEC 1-B,296948,296948
788,2026,481984,R,282331502,,2823315020000,SMITH PATRICIA A,No,,1511 VAN HORN DR, ,LOT 39 BLK B CAMBRIDGE HEIGHTS PHS A SEC 1-B,340643,340643
789,2026,481985,R,282331503,,2823315030000,KENION WALTER A JR,No,,1509 VAN HORN DR, ,LOT 38 BLK B CAMBRIDGE HEIGHTS PHS A SEC 1-B,344440,344440
790,2026,481986,R,282331504,,2823315040000,KRAUSE CORINNA MARIE,No,,1507 VAN HORN DR, ,LOT 37 BLK B CAMBRIDGE HEIGHTS PHS A SEC 1-B,340615,340615
791,2026,481987,R,282331505,,2823315050000,MARTINEZ-URENA IGNACIO &,No,,1505 VAN HORN DR, ,LOT 36 BLK B CAMBRIDGE HEIGHTS PHS A SEC 1-B,295862,295862
792,2026,481988,R,282331506,,2823315060000,REITZ ELLIS & PAUL DISSER,No,,1503 VAN HORN DR, ,LOT 35 BLK B CAMBRIDGE HEIGHTS PHS A SEC 1-B,339870,339870
793,2026,481989,R,282331507,,2823315070000,DOAN YEN THI,No,,1501 VAN HORN DR, ,LOT 34 BLK B CAMBRIDGE HEIGHTS PHS A SEC 1-B,357505,357505
794,2026,481990,R,282331508,,2823315080000,DENSMORE DRAYE,No,,17601 FORT LEATON DR, ,LOT 33 BLK B CAMBRIDGE HEIGHTS PHS A SEC 1-B,335212,335212
795,2026,481991,R,282331601,,2823316010000,HUNTER MICHAEL K & AMELIA T CR,No,,17312 ABACO HARBOUR LN,,LOT 13 BLK R CAMBRIDGE HEIGHTS PHS C SEC 1REPLAT PT OF SPGSBRK CTR PH A,395701,395701
796,2026,481992,R,282331602,,2823316020000,DASH ESTATES LLC - 17310 ABACO,No,,17310 ABACO HARBOUR LN,,LOT 14 BLK R CAMBRIDGE HEIGHTS PHS C SEC 1REPLAT PT OF SPGSBRK CTR PH A,420669,420669
797,2026,481993,R,282331603,,2823316030000,SECHOVEC CARE DIANE & LUKE LANEY,No,,17308 ABACO HARBOUR LN,ROUND ROCK,LOT 15 BLK R CAMBRIDGE HEIGHTS PHS C SEC 1REPLAT PT OF SPGSBRK CTR PH A,368556,368556
798,2026,481994,R,282331604,,2823316040000,COKER LINDA,No,,17306 ABACO HARBOUR LN,ROUND ROCK,LOT 16 BLK R CAMBRIDGE HEIGHTS PHS C SEC 1REPLAT PT OF SPGSBRK CTR PH A,377570,377570
799,2026,481995,R,282331605,,2823316050000,MARTIN ANDREW & ABIGAIL,No,,17304 ABACO HARBOUR LN,,LOT 17 BLK R CAMBRIDGE HEIGHTS PHS C SEC 1REPLAT PT OF SPGSBRK CTR PH A,396050,396050
800,2026,481996,R,282331606,,2823316060000,BERDING DAVID W & TAMARA S,No,,17302 ABACO HARBOUR LN,ROUND ROCK,LOT 18 BLK R CAMBRIDGE HEIGHTS PHS C SEC 1REPLAT PT OF SPGSBRK CTR PH A,422997,422997
801,2026,481997,R,282331607,,2823316070000,HAVILAND KARL G & JILL M,No,,1400 CORAL CAY LN,,LOT 19 BLK R CAMBRIDGE HEIGHTS PHS C SEC 1REPLAT PT OF SPGSBRK CTR PH A,367229,367229
802,2026,481998,R,282331608,,2823316080000,RENWICK JINNAPAK & COREY,No,,1402 CORAL CAY LN,ROUND ROCK,LOT 20 BLK R CAMBRIDGE HEIGHTS PHS C SEC 1REPLAT PT OF SPGSBRK CTR PH A,352000,352000
803,2026,481999,R,282331609,,2823316090000,GUERRA JOHN H & JENNIFER J,No,,1404 CORAL CAY LN,ROUND ROCK,LOT 21 BLK R CAMBRIDGE HEIGHTS PHS C SEC 1REPLAT PT OF SPGSBRK CTR PH A,321889,321889
804,2026,482000,R,282331610,,2823316100000,BROOKS JONATHAN & REBECCA BREWSTER,No,,17301 GUANA CAY DR,ROUND ROCK,LOT 22 BLK R CAMBRIDGE HEIGHTS PHS C SEC 1REPLAT PT OF SPGSBRK CTR PH A,485528,485528
805,2026,482001,R,282331611,,2823316110000,WHITNEY RALPH F & EARLENE K,No,,17303 GUANA CAY DR,ROUND ROCK,LOT 23 BLK R CAMBRIDGE HEIGHTS PHS C SEC 1REPLAT PT OF SPGSBRK CTR PH A,397255,397255
806,2026,482002,R,282331612,,2823316120000,SCHUBACH KONRAD R & CAMILA D,No,,17305 GUANA CAY DR,,LOT 24 BLK R CAMBRIDGE HEIGHTS PHS C SEC 1REPLAT PT OF SPGSBRK CTR PH A,362848,362848
807,2026,482003,R,282331613,,2823316130000,KINCAID SHELLEY,No,,17307 GUANA CAY DR,ROUND ROCK,LOT 25 BLK R CAMBRIDGE HEIGHTS PHS C SEC 1REPLAT PT OF SPGSBRK CTR PH A,338056,338056
808,2026,482004,R,282331614,,2823316140000,MCKOWN STEVEN L & CONNIE A,No,,17309 GUANA CAY DR,ROUND ROCK,LOT 26 BLK R CAMBRIDGE HEIGHTS PHS C SEC 1REPLAT PT OF SPGSBRK CTR PH A,387066,387066
809,2026,482005,R,282331615,,2823316150000,LAMBERT GARY D,No,,17311 GUANA CAY DR,ROUND ROCK,LOT 27 BLK R CAMBRIDGE HEIGHTS PHS C SEC 1REPLAT PT OF SPGSBRK CTR PH A,340958,340958
810,2026,482006,R,282331616,,2823316160000,JOHNSON JACKSON & JENNIFER BOLLWEG,No,,17313 GUANA CAY DR,ROUND ROCK,LOT 28 BLK R CAMBRIDGE HEIGHTS PHS C SEC 1REPLAT PT OF SPGSBRK CTR PH A,395654,395654
811,2026,482007,R,282331617,,2823316170000,SANTANA DE OLIVEIRA LUIS H &,No,,17314 GUANA CAY DR,,LOT 29 BLK R CAMBRIDGE HEIGHTS PHS C SEC 1REPLAT PT OF SPGSBRK CTR PH A,423554,423554
812,2026,482008,R,282331618,,2823316180000,HERBER JENNIFER A,No,,17312 GUANA CAY DR,ROUND ROCK,LOT 30 BLK R CAMBRIDGE HEIGHTS PHS C SEC 1REPLAT PT OF SPGSBRK CTR PH A,319000,319000
813,2026,482009,R,282331619,,2823316190000,BROWN LAURA L & CHRISTINE FOX,No,,17310 GUANA CAY DR,ROUND ROCK,LOT 31 BLK R CAMBRIDGE HEIGHTS PHS C SEC 1 REPLAT PT OF SPGSBRK CTR PH A,388905,388905
814,2026,482010,R,282331620,,2823316200000,MASLBAS DANIELLE JULIE &,No,,17308 GUANA CAY DR,,LOT 32 BLK R CAMBRIDGE HEIGHTS PHS C SEC 1REPLAT PT OF SPGSBRK CTR PH A,368983,368983
815,2026,482011,R,282331621,,2823316210000,IACONELLI JOAN SR &,No,,17306 GUANA CAY DR,,LOT 33 BLK R CAMBRIDGE HEIGHTS PHS C SEC 1 REPLAT PT OF SPGSBRK CTR PH A,393365,393365
816,2026,482012,R,282331701,,2823317010000,PHELPS CHARLES M,No,,1305 ABACO HARBOUR CV,ROUND ROCK,LOT 38 BLK P CAMBRIDGE HEIGHTS PHS C SEC 1REPLAT PT OF SPGSBRK CTR PH A,369596,369596
817,2026,482013,R,282331702,,2823317020000,PANDASALA LAPONDA,No,,1303 ABACO HARBOUR CV,ROUND ROCK,LOT 37 BLK P CAMBRIDGE HEIGHTS PHS C SEC 1REPLAT PT OF SPGSBRK CTR PH A,326705,326705
818,2026,482014,R,282331703,,2823317030000,HARRY RONALD & SONYA,No,,1301 ABACO HARBOUR CV,ROUND ROCK,LOT 36 BLK P CAMBRIDGE HEIGHTS PHS C SEC 1REPLAT PT OF SPGSBRK CTR PH A,402228,402228
819,2026,482015,R,282331704,,2823317040000,HERNANDEZ CARLOS A,No,,1300 ABACO HARBOUR CV,ROUND ROCK,LOT 35 BLK P CAMBRIDGE HEIGHTS PHS C SEC 1 REPLAT PT OF SPGBRK CTR PH A,354021,354021
820,2026,482016,R,282331705,,2823317050000,SHELTON JANICE & CHARLIE,No,,1302 ABACO HARBOUR CV,ROUND ROCK,LOT 34 BLK P CAMBRIDGE HEIGHTS PHS C SEC 1REPLAT PT OF SPGSBRK CTR PH A,403693,403693
821,2026,482017,R,282331706,,2823317060000,CHANDLER VERONICA MEDINA &,No,,1304 ABACO HARBOUR CV,ROUND ROCK,LOT 33 BLK P CAMBRIDGE HEIGHTS PHS C SEC 1REPLAT PT OF SPGSBRK CTR PH A,321035,321035
822,2026,482018,R,282331707,,2823317070000,GOLDEN NICOLE J,No,,1306 ABACO HARBOUR CV,ROUND ROCK,LOT 32 BLK P CAMBRIDGE HEIGHTS PHS C SEC 1REPLAT PT OF SPGSBRK CTR PH A,392953,392953
823,2026,482019,R,282331708,,2823317080000,CAMBRIDGE HEIGHTS OWNERS ASSOCIATION INC,No,, CAMBRIDGE HEIGHTS DR,,LOT 39 BLK P CAMBRIDGE HEIGHTS PHS C SEC 1REPLAT PT OF SPGSBRK CTR PH A,842,842
824,2026,482020,R,282331801,,2823318010000,WOODS GRAYSON & LINDSEY,No,,1405 CORAL CAY LN,,LOT 17 BLK S CAMBRIDGE HEIGHTS PHS C SEC 1REPLAT PT OF SPGSBRK CTR PH A,366233,366233
825,2026,482021,R,282331802,,2823318020000,JONES JOHN A,No,,1403 CORAL CAY LN,ROUND ROCK,LOT 16 BLK S CAMBRIDGE HEIGHTS PHS C SEC 1REPLAT PT OF SPGSBRK CTR PH A,328826,328826
826,2026,482022,R,282331803,,2823318030000,THAI HAILEY HOI,No,,1401 CORAL CAY LN,ROUND ROCK,LOT 15 BLK S CAMBRIDGE HEIGHTS PHS C SEC 1REPLAT PT OF SPGSBRK CTR PH A,356458,356458
827,2026,482023,R,282331804,,2823318040000,HODGENS JOHN R & MARTHA G,No,,1317 CORAL CAY LN,ROUND ROCK,LOT 14 BLK S CAMBRIDGE HEIGHTS PHS C SEC 1REPLAT PT OF SPGSBRK CTR PH A,373374,373374
828,2026,482024,R,282331805,,2823318050000,BROWN E LEEANN & ELDON R,No,,1315 CORAL CAY LN,ROUND ROCK,LOT 13 BLK S CAMBRIDGE HEIGHTS PHS C SEC 1REPLAT PT OF SPGSBRK CTR PH A,365862,365862
829,2026,482025,R,282331806,,2823318060000,PAIVA SHAUN MICHAEL & JOLIE DNAE,No,,1313 CORAL CAY LN,,LOT 12 BLK S CAMBRIDGE HEIGHTS PHS C SEC 1REPLAT PT OF SPGSBRK CTR PH A,335739,335739
830,2026,482026,R,282331807,,2823318070000,FLECKENSTEIN CHRISTOPHER,No,,1311 CORAL CAY LN,ROUND ROCK,LOT 11 BLK S CAMBRIDGE HEIGHTS PHS C SEC 1REPLAT PT OF SPGSBRK CTR PH A,386718,386718
831,2026,482027,R,282331808,,2823318080000,KELLEY CALEB,No,,1309 CORAL CAY LN,,LOT 10 BLK S CAMBRIDGE HEIGHTS PHS C SEC 1REPLAT PT OF SPGSBRK CTR PH A,344233,344233
832,2026,482028,R,282331809,,2823318090000,MELGAR MIGUEL,No,,1307 CORAL CAY LN,ROUND ROCK,LOT 9 BLK S CAMBRIDGE HEIGHTS PHS C SEC 1REPLAT PT OF SPGSBRK CTR PH A,351224,351224
833,2026,482029,R,282331810,,2823318100000,VARAHA PROPERTY VENTURES LLC,No,,1305 CORAL CAY LN,,LOT 8 BLK S CAMBRIDGE HEIGHTS PHS C SEC 1REPLAT PT OF SPGSBRK CTR PH A,321649,321649
834,2026,482030,R,282331811,,2823318110000,MATTHEWS ANTHONY M & LAURIE L,No,,1303 CORAL CAY LN,ROUND ROCK,LOT 7 BLK S CAMBRIDGE HEIGHTS PHS C SEC 1REPLAT PT OF SPGSBRK CTR PH A,352662,352662
835,2026,482031,R,282331812,,2823318120000,DAHUD SORAYA,No,,1301 CORAL CAY LN,ROUND ROCK,LOT 6 BLK S CAMBRIDGE HEIGHTS PHS C SEC 1REPLAT PT OF SPGSBRK CTR PH A,343868,343868
836,2026,482032,R,282331813,,2823318130000,MORENO JUAN PABLO & JOHN D MORENO,No,,1300 CORAL CAY LN,ROUND ROCK,LOT 5 BLK S CAMBRIDGE HEIGHTS PHS C SEC 1REPLAT PT OF SPGSBRK CTR PH A,377285,377285
837,2026,482033,R,282331814,,2823318140000,GOMEZ ABNER OSTORGA &,No,,1302 CORAL CAY LN,,LOT 4 BLK S CAMBRIDGE HEIGHTS PHS C SEC 1REPLAT PT OF SPGSBRK CTR PH A,377810,377810
838,2026,482034,R,282331815,,2823318150000,DICKINSON RICHARD & REBECCA CHERYL READ,No,,1312 CORAL CAY LN,ROUND ROCK,LOT 2 BLK S CAMBRIDGE HEIGHTS PHS C SEC 1REPLAT PT OF SPGSBRK CTR PH A,370865,370865
839,2026,482035,R,282331816,,2823318160000,LITSCHEWSKI JAMES M,Yes,,1314 CORAL CAY LN,ROUND ROCK,LOT 3 BLK S CAMBRIDGE HEIGHTS PHS C SEC 1REPLAT PT OF SPGSBRK CTR PH A,390000,390000
840,2026,482058,R,284180214,WR384502,2841802140000,BRATTON CEMETERY,No,CEMETERY BRATTON, LA FRONTERA BLVD,,ABS 719 SUR 101 SPREECHER A ACR 1.156,500940,500940
841,2026,482059,R,284180215,WR352463,2841802150000,TREA DISTRICT ON LA FRONTERA LLC,No,DISTRICT AT  LA FRONTERA,2811 LA FRONTERA BLVD,,LOT 1 BLK A LIMESTONE RIDGE APARTMENTS AMENDED (22.0770 AC IN TRAVIS CO),78921672,78921672
842,2026,482070,R,284230101,WR056701,2842301010000,FRONTERA CROSSING LLC,No,FRONTERA CROSSING,101 W LOUIS HENNA BLVD,,FARMERS INSURANCE TRACT SEC 1 LESS 1.241AC,26645590,26645590
843,2026,482074,R,284230201,WR351307,2842302010000,SILDIL REAL ESTATE HOLDINGS LLC,No,WHITTLESEY LANDSCAPE SUPPLY / CANTU IMPORTS,3219 S INTERSTATE HY 35,ROUND ROCK,LOT 2 BLK A COIL SUBD,620730,620730
844,2026,482075,R,284230202,WR351306,2842302020000,SILDIL REAL ESTATE HOLDINGS LLC,No,WHITTLESEY LANDSCAPE SUPPLY,3219 S INTERSTATE HY 35,ROUND ROCK,LOT 1 BLK A COIL SUBD,377336,377336
845,2026,482076,R,284230203,WR055455,2842302030000,WHITTLESEY LANDSCAPE SUPPLIES,No,WHITTLESEY LANDSCAPE SUPPLY,3219 S INTERSTATE HY 35,,ABS 232 SUR 102 DARLING S & ABS 100 SUR 103 BRATTON WM ACR 1.5512 ,486506,486506
846,2026,482081,R,284230208,WR374574,2842302080000,HALLE PROPERTIES L L C,No,DISCOUNT TIRE,3145 S INTERSTATE HY 35,,LOT 3C BLK A ROUND ROCK CROSSING,1994632,1994632
847,2026,482091,R,284230217,WR362130,2842302170000,CAPITAL CITY-SOCRATES LTD,No,, COUNTY RD 170,,LOT 1 *LESS 2.184A SOCRATES SUBD (.036AC TRAVIS CO),3136,3136
848,2026,482093,R,284230218,WR372313,2842302180000,ROUND ROCK CROSSINGS CORNER LP,No,ROUND ROCK CROSSING, LOUIS HENNA BLVD,,"LOT 4C BLK 1 LESS .261A SOCRATES ADDN PHS II REPLAT OF LOT 2,4C&4D (2.438AC TRAVIS CO)",6525242,6525242
849,2026,482112,R,284300501,,2843005010000,ALEXANDER DUANE A & BELINDA C,No,,17610 VAN HORN CT, ,LOT 10 BLK D CAMBRIDGE HEIGHTS PHS A SEC 1-B,290933,290933
850,2026,482113,R,284300502,,2843005020000,DZAFERBEGOVIC IMRAN & MIRJANA,No,,17608 VAN HORN CT, ,LOT 11 BLK D CAMBRIDGE HEIGHTS PHS A SEC 1-B,345770,345770
851,2026,482114,R,284300503,,2843005030000,BURTON LANCE D,No,,17606 VAN HORN CT, ,LOT 12 BLK D CAMBRIDGE HEIGHTS PHS A SEC 1-B,377478,377478
852,2026,482115,R,284300504,,2843005040000,FARMER TERRY L & MARGARET T,No,,17604 VAN HORN CT, ,LOT 13 BLK D CAMBRIDGE HEIGHTS PHS A SEC 1-B,285548,285548
853,2026,482116,R,284300505,,2843005050000,BONG CHONG,No,,17602 VAN HORN CT, ,LOT 14 BLK D CAMBRIDGE HEIGHTS PHS A SEC 1-B,355469,355469
854,2026,482117,R,284300506,,2843005060000,AYALA OSCAR JR,No,,17511 MARFA LIGHTS TRL,ROUND ROCK,LOT 19 BLK D CAMBRIDGE HEIGHTS PHS A SEC 2,315575,315575
855,2026,482118,R,284300507,,2843005070000,MARTINEZ-MERCADO JOSE ANTONIO,No,,17513 MARFA LIGHTS TRL, ,LOT 20 BLK D CAMBRIDGE HEIGHTS PHS A SEC 2,378146,378146
856,2026,482119,R,284300508,,2843005080000,SCHWEIGER MATTHEW J &,No,,17515 MARFA LIGHTS TRL, ,LOT 21 BLK D CAMBRIDGE HEIGHTS PHS A SEC 2,338804,338804
857,2026,482120,R,284300509,,2843005090000,SHORT MARLON,No,,17601 MARFA LIGHTS TRL, ,LOT 22 BLK D CAMBRIDGE HEIGHTS PHS A SEC 2,344756,344756
858,2026,482121,R,284300510,,2843005100000,OJEDA SOFIA,No,,17603 MARFA LIGHTS TRL, ,LOT 23 BLK D CAMBRIDGE HEIGHTS PHS A SEC 2,306944,306944
859,2026,482122,R,284300511,,2843005110000,DAO VU ANH & KELLY ANH DAO,No,,17605 MARFA LIGHTS TRL, ,LOT 24 BLK D CAMBRIDGE HEIGHTS PHS A SEC 2,341083,341083
860,2026,482123,R,284300512,,2843005120000,NARVAEZ RUBEN D JR,No,,17607 MARFA LIGHTS TRL, ,LOT 25 BLK D CAMBRIDGE HEIGHTS PHS A SEC 2,358824,358824
861,2026,482124,R,284300513,,2843005130000,MOJICA CARLOS & ELISA GARZA MO,No,,1525 BALMORHEA LN, ,LOT 26 BLK D CAMBRIDGE HEIGHTS PHS A SEC 2,327072,327072
862,2026,482125,R,284300514,,2843005140000,PERKINS ANNIE R,No,,1523 BALMORHEA LN, ,LOT 27 BLK D CAMBRIDGE HEIGHTS PHS A SEC 2,290432,290432
863,2026,482126,R,284300601,,2843006010000,CHAVANA JAMES A & LINDA CHAVAN,No,,1600 LOBO MOUNTAIN LN, ,LOT 10 BLK E CAMBRIDGE HEIGHTS PHS A SEC 2,359914,359914
864,2026,482127,R,284300701,,2843007010000,PARROTT NGAMTA,No,,1516 LOBO MOUNTAIN LN, ,LOT 95 BLK H CAMBRIDGE HEIGHTS PHS A SEC 2,338002,338002
865,2026,482128,R,284300702,,2843007020000,BOOTH ROBERT P,No,,1518 LOBO MOUNTAIN LN, ,LOT 94 BLK H CAMBRIDGE HEIGHTS PHS A SEC 2,354707,354707
866,2026,482129,R,284300703,,2843007030000,JUAREZ FRANCISCO MARTINEZ,No,,1520 LOBO MOUNTAIN LN, ,LOT 93 BLK H CAMBRIDGE HEIGHTS PHS A SEC 2,357045,357045
867,2026,482130,R,284300704,,2843007040000,ROGERS BRIAN K & LISA R,No,,1522 LOBO MOUNTAIN LN, ,LOT 92 BLK H CAMBRIDGE HEIGHTS PHS A SEC 2,358469,358469
868,2026,482131,R,284300801,,2843008010000,CORNEJO JOSE & JOSEFINA,No,,1601 LOBO MOUNTAIN LN, ,LOT 11 BLK F CAMBRIDGE HEIGHTS PHS A SEC 2,339543,339543
869,2026,482132,R,284300802,,2843008020000,CITY OF PFLUGERVILLE,No,,17700 MARFA LIGHTS TRL, ,LOT 14 BLK G CAMBRIDGE HEIGHTS PHS A SEC 2,854,854
870,2026,482133,R,284300803,,2843008030000,ZIPP SHERRY KUCHENBROD LIFE ESTATE,No,,1600 BALMORHEA LN, ,LOT 13 BLK F CAMBRIDGE HEIGHTS PHS A SEC 2,347507,347507
871,2026,482134,R,284300901,,2843009010000,NEWMAN MICHELLE MERCADO,No,,17704 BALMORHEA CT, ,LOT 30 BLK C CAMBRIDGE HEIGHTS PHS A SEC 2,337220,337220
872,2026,482135,R,284300902,,2843009020000,HARIHARAN VARUN & RADINA KRASIMIROVA PANGELOVA,No,,17702 BALMORHEA CT, ,LOT 31 BLK C CAMBRIDGE HEIGHTS PHS A SEC 2,347079,347079
873,2026,482136,R,284300903,,2843009030000,SIBAJA ABEL & VANESSA DUARTE,No,,17700 BALMORHEA CT, ,LOT 32 BLK C CAMBRIDGE HEIGHTS PHS A SEC 2,344421,344421
874,2026,482137,R,284300904,,2843009040000,VR FAMILY REVOCABLE TRUST,No,,17701 MARFA LIGHTS TRL, ,LOT 33 BLK C CAMBRIDGE HEIGHTS PHS A SEC 2,338579,338579
875,2026,482138,R,284300905,,2843009050000,EMMA AARON & MARIN E,No,,17703 MARFA LIGHTS TRL, ,LOT 34 BLK C CAMBRIDGE HEIGHTS PHS A SEC 2,366541,366541
876,2026,482139,R,284300906,,2843009060000,GARZA DUSTIN T,No,,17705 MARFA LIGHTS TRL, ,LOT 35 BLK C CAMBRIDGE HEIGHTS PHS A SEC 2,298787,298787
877,2026,482141,R,284300908,,2843009080000,PAK REVOCABLE LIVING TRUST,No,,1525 LOBO MOUNTAIN LN, ,LOT 37 BLK C CAMBRIDGE HEIGHTS PHS A SEC 2,382757,382757
878,2026,482142,R,284300909,,2843009090000,SALAZAR JOSE & FATIMA P,No,,1523 LOBO MOUNTAIN LN, ,LOT 38 BLK C CAMBRIDGE HEIGHTS PHS A SEC 2,294571,294571
879,2026,482143,R,284300910,,2843009100000,DRAY LENORA Z,No,,1521 LOBO MOUNTAIN LN, ,LOT 39 BLK C CAMBRIDGE HEIGHTS PHS A SEC 2,312000,312000
880,2026,482144,R,284300911,,2843009110000,ARELLANO RAUNEL CARDOS &,No,,1519 LOBO MOUNTAIN LN, ,LOT 40 BLK C CAMBRIDGE HEIGHTS PHS A SEC 2,312949,312949
881,2026,482145,R,284301001,,2843010010000,GURMU ARIAM F,No,,1601 BALMORHEA LN, ,LOT 13 BLK G CAMBRIDGE HEIGHTS PHS A SEC 2,295099,295099
882,2026,482146,R,284301002,,2843010020000,GOMEZ MARTHA I & MIGUEL A GOMEZ ZARAGOZA,No,,1600 MENTONE DR, ,LOT 15 BLK G CAMBRIDGE HEIGHTS PHS A SEC 2,286806,286806
883,2026,482147,R,284301003,,2843010030000,LUTOSTANSKI STEPHEN & MEGAN,No,,1602 MENTONE DR, ,LOT 16 BLK G CAMBRIDGE HEIGHTS PHS B SEC 1,327686,327686
884,2026,482148,R,284301004,,2843010040000,CADENA JOHN A & ROSA I LEAL,No,,1604 MENTONE DR, ,LOT 17 BLK G CAMBRIDGE HEIGHTS PHS B SEC 1,288216,288216
885,2026,482149,R,284301005,,2843010050000,COULTER RACHEL & JAMES DAVIS III,No,,1606 MENTONE DR, ,LOT 18 BLK G CAMBRIDGE HEIGHTS PHS B SEC 1,287328,287328
886,2026,482150,R,284301006,,2843010060000,KEBEDE TSEHAI & SOLOMON ABRAHA,No,,1608 MENTONE DR, ,LOT 19 BLK G CAMBRIDGE HEIGHTS PHS B SEC 1,283321,283321
887,2026,482151,R,284301007,,2843010070000,DESAI FAMILY REVOCABLE TRUST,No,,1610 MENTONE DR, ,LOT 20 BLK G CAMBRIDGE HEIGHTS PHS B SEC 1,290709,290709
888,2026,482152,R,284301008,,2843010080000,HOLLY EDWARD F JR,No,,1612 MENTONE DR, ,LOT 21 BLK G CAMBRIDGE HEIGHTS PHS B SEC 1,313990,313990
889,2026,482153,R,284301009,,2843010090000,KUYINU ADERINSOLA & FREDA OKUNDAYE,No,,1614 MENTONE DR, ,LOT 22 BLK G CAMBRIDGE HEIGHTS PHS B SEC 1,286036,286036
890,2026,482154,R,284301010,,2843010100000,RIVERA FERNANDO LUIS &,No,,1616 MENTONE DR, ,LOT 23 BLK G CAMBRIDGE HEIGHTS PHS B SEC 1,286617,286617
891,2026,482155,R,284301011,,2843010110000,LARIOS RAUL GONZALEZ &,No,,1618 MENTONE DR, ,LOT 24 BLK G CAMBRIDGE HEIGHTS PHS B SEC 1,295191,295191
892,2026,482156,R,284301012,,2843010120000,CIGARAN SUSANA C VIVANCO &,No,,1620 MENTONE DR, ,LOT 25 BLK G CAMBRIDGE HEIGHTS PHS B SEC 1,313990,313990
893,2026,482157,R,284301101,,2843011010000,ALCANTARA BARTOLO & ELENA MARTE,No,,17501 SALT FLAT LN, ,LOT 5 BLK J CAMBRIDGE HEIGHTS PHS B SEC 1,315869,315869
894,2026,482158,R,284301102,,2843011020000,MCCANN DEMETRIA J,No,,17503 SALT FLAT LN, ,LOT 6 BLK J CAMBRIDGE HEIGHTS PHS B SEC 1,283904,283904
895,2026,482159,R,284301103,,2843011030000,BARTH ERIC & UYEN,No,,17505 SALT FLAT LN, ,LOT 7 BLK J CAMBRIDGE HEIGHTS PHS B SEC 1,313926,313926
896,2026,482160,R,284301104,,2843011040000,IRIZARRY IRMA I,No,,17507 SALT FLAT LN, ,LOT 8 BLK J CAMBRIDGE HEIGHTS PHS B SEC 1,281811,281811
897,2026,482161,R,284301105,,2843011050000,TRAN PHAT V,No,,17509 SALT FLAT LN, ,LOT 9 BLK J CAMBRIDGE HEIGHTS PHS B SEC 1,286725,286725
898,2026,482162,R,284301106,,2843011060000,MUNOZ JORGE,No,,17511 SALT FLAT LN, ,LOT 10 BLK J CAMBRIDGE HEIGHTS PHS B SEC 1,289647,289647
899,2026,482163,R,284301107,,2843011070000,BUSBY AJAHNA,No,,17513 SALT FLAT LN,ROUND ROCK,LOT 11 BLK J CAMBRIDGE HEIGHTS PHS B SEC 1,304686,304686
900,2026,482164,R,284301108,,2843011080000,NGUYEN PHUOC D & VINH K NGUYEN,No,,17515 SALT FLAT LN, ,LOT 12 BLK J CAMBRIDGE HEIGHTS PHS B SEC 1,289897,289897
901,2026,482165,R,284301109,,2843011090000,CITY OF PFLUGERVILLE,No,, SALT FLAT LN, ,LOT 23 BLK J CAMBRIDGE HEIGHTS PHS B SEC 1,1028,1028
902,2026,482166,R,284301110,,2843011100000,NAZARI FERESHTEH,No,,17518 DEL CITY DR, ,LOT 14 BLK J CAMBRIDGE HEIGHTS PHS B SEC 1,288925,288925
903,2026,482167,R,284301111,,2843011110000,SEN-AGRAWAL FAMILY TRUST,No,,17516 DEL CITY DR, ,LOT 15 BLK J CAMBRIDGE HEIGHTS PHS B SEC 1,312366,312366
904,2026,482168,R,284301112,,2843011120000,VANDERVLUGT JOHN T,No,,17514 DEL CITY DR, ,LOT 16 BLK J CAMBRIDGE HEIGHTS PHS B SEC 1,295236,295236
905,2026,482169,R,284301113,,2843011130000,BLY PAT C,No,,17512 DEL CITY DR, ,LOT 17 BLK J CAMBRIDGE HEIGHTS PHS B SEC 1,286725,286725
906,2026,482170,R,284301114,,2843011140000,WILDE JESSICA,No,,17510 DEL CITY DR, ,LOT 18 BLK J CAMBRIDGE HEIGHTS PHS B SEC 1,309632,309632
907,2026,482171,R,284301115,,2843011150000,PATEL SUCHIT & RIPA,No,,17508 DEL CITY DR, ,LOT 19 BLK J CAMBRIDGE HEIGHTS PHS B SEC 1,288364,288364
908,2026,482172,R,284301201,,2843012010000,CAMBRIDGE HEIGHTS OWNERS ASSOCIATION INC,No,,17514 MARFA LIGHTS TRL, ,LOT 41 BLK O CAMBRIDGE HEIGHTS PHS A SEC 2,2014,2014
909,2026,482174,R,284330301,,2843303010000,CONTINENTAL HOMES OF TEXAS LP,No,, COUNTY RD 170,,UNNUMBERED LT LESS .030A CAMBRIDGE HEIGHTS PHS A SEC 1-A (RESERVED ROW) (.003A IN TRAVIS CO),842,842
910,2026,482175,R,284330302,,2843303020000,CAMBRIDGE HEIGHTS OWNERS ASSOCIATION INC,No,,1500 PECOS RIVER TRL,,LOT 117 BLK H LESS .050A CAMBRIDGE HEIGHTS PHS A SEC 1-A (.057A IN TRAVIS CO),889,889
911,2026,482177,R,284330303,,2843303030000,HOANG TRANG HUONG & ADAM SAL MADET,No,,17901 QUITMAN MOUNTAIN WAY, ,LOT 116 BLK H CAMBRIDGE HEIGHTS PHS A SEC 1-A,349306,349306
912,2026,482178,R,284330304,,2843303040000,ELLISON ROSALEE & MARK,No,,17903 QUITMAN MOUNTAIN WAY, ,LOT 115 BLK H CAMBRIDGE HEIGHTS PHS A SEC 1-A,506888,506888
913,2026,482179,R,284330305,,2843303050000,OWUKORI JERICA,No,,17905 QUITMAN MOUNTAIN WAY, ,LOT 114 BLK H CAMBRIDGE HEIGHTS PHS A SEC 1-A,338839,338839
914,2026,482181,R,284330306,,2843303060000,URECH CRYSTAL,No,,17904 QUITMAN MOUNTAIN WAY, ,LOT 109 BLK H CAMBRIDGE HEIGHTS PHS A SEC 1-A,422944,422944
915,2026,482183,R,284330307,,2843303070000,KHAN ALI SALEEM & SHELLY L,No,,17902 QUITMAN MOUNTAIN WAY, ,LOT 108 BLK H CAMBRIDGE HEIGHTS PHS A SEC 1-A,363139,363139
916,2026,482184,R,284330308,,2843303080000,MYERS JENNIFER,No,,17900 QUITMAN MOUNTAIN WAY, ,LOT 107 BLK H CAMBRIDGE HEIGHTS PHS A SEC 1-A,362138,362138
917,2026,482185,R,284330309,,2843303090000,CAMBRIDGE HEIGHTS OWNERS ASSOCIATION INC,No,,17818 QUITMAN MOUNTAIN WAY, ,LOT 106 BLK H CAMBRIDGE HEIGHTS PHS A SEC 1-A,1501,1501
918,2026,482186,R,284330310,,2843303100000,DEMPSEY CLINTON  & NOELLE,No,,17816 QUITMAN MOUNTAIN WAY, ,LOT 105 BLK H CAMBRIDGE HEIGHTS PHS A SEC 1-A,362382,362382
919,2026,482187,R,284330311,,2843303110000,MOFFETT JAMES MASON,No,,17814 QUITMAN MOUNTAIN WAY, ,LOT 104 BLK H CAMBRIDGE HEIGHTS PHS A SEC 1-A,298070,298070
920,2026,482188,R,284330312,,2843303120000,LANDERS JANELLE,No,,17812 QUITMAN MOUNTAIN WAY, ,LOT 103 BLK H CAMBRIDGE HEIGHTS PHS A SEC 1-B,289116,289116
921,2026,482189,R,284330313,,2843303130000,LUNA ERIK & DIANE SPITZFADEN,No,,17810 QUITMAN MOUNTAIN WAY, ,LOT 102 BLK H CAMBRIDGE HEIGHTS PHS A SEC 1-B,299369,299369
922,2026,482190,R,284330314,,2843303140000,SILLE RUDOLPH VALENTINO,No,,1504 LOBO MOUNTAIN LN, ,LOT 101 BLK H CAMBRIDGE HEIGHTS PHS A SEC 2,358833,358833
923,2026,482191,R,284330315,,2843303150000,PHAM NOAH T,No,,1506 LOBO MOUNTAIN LN, ,LOT 100 BLK H CAMBRIDGE HEIGHTS PHS A SEC 2,295237,295237
924,2026,482192,R,284330316,,2843303160000,MURRAY MATTHEW CHARLES & ADRIANNA,No,,1508 LOBO MOUNTAIN LN,ROUND ROCK,LOT 99 BLK H CAMBRIDGE HEIGHTS PHS A SEC 2,343935,343935
925,2026,482193,R,284330317,,2843303170000,BERGER RYAN,No,,1510 LOBO MOUNTAIN LN, ,LOT 98 BLK H CAMBRIDGE HEIGHTS PHS A SEC 2,336490,336490
926,2026,482194,R,284330318,,2843303180000,BRUBAKER PATRICIA M,No,,1512 LOBO MOUNTAIN LN, ,LOT 97 BLK H CAMBRIDGE HEIGHTS PHS A SEC 2,372147,372147
927,2026,482195,R,284330319,,2843303190000,MANJUNATH BADDAM FAMILY TRUST,No,,1514 LOBO MOUNTAIN LN, ,LOT 96 BLK H CAMBRIDGE HEIGHTS PHS A SEC 2,297485,297485
928,2026,482196,R,284330401,,2843304010000,ZURITA SERGIO & ADELA VALADEZ,No,,17603 FORT LEATON DR, ,LOT 32 BLK B CAMBRIDGE HEIGHTS PHS A SEC 1-B,289195,289195
929,2026,482197,R,284330402,,2843304020000,CANTRELL JERRY R,No,,17605 FORT LEATON DR, ,LOT 31 BLK B CAMBRIDGE HEIGHTS PHS A SEC 1-B,293237,293237
930,2026,482198,R,284330403,,2843304030000,HAEFNER MEGHAN CLARE,No,,17607 FORT LEATON DR, ,LOT 30 BLK B CAMBRIDGE HEIGHTS PHS A SEC 1-B,296579,296579
931,2026,482199,R,284330404,,2843304040000,WILFORD SARA,No,,17609 FORT LEATON DR, ,LOT 29 BLK B CAMBRIDGE HEIGHTS PHS A SEC 1-B,360083,360083
932,2026,482200,R,284330405,,2843304050000,VARELA-SOTO OBED,No,,1507 BALMORHEA LN, ,LOT 28 BLK B CAMBRIDGE HEIGHTS PHS A SEC 1-B,332657,332657
933,2026,482201,R,284330406,,2843304060000,SANCHEZ FAMILY LIVING TRUST,No,,1505 BALMORHEA LN, ,LOT 27 BLK B CAMBRIDGE HEIGHTS PHS A SEC 1-B,332138,332138
934,2026,482202,R,284330407,,2843304070000,REISZNER JEREMY & CRYSTAL BALD,No,,1503 BALMORHEA LN, ,LOT 26 BLK B CAMBRIDGE HEIGHTS PHS A SEC 1-B,290112,290112
935,2026,482203,R,284330408,,2843304080000,PALMA VIDAL,No,,1501 BALMORHEA LN, ,LOT 25 BLK B CAMBRIDGE HEIGHTS PHS A SEC 1-B,296652,296652
936,2026,482204,R,284330409,,2843304090000,EVASCO MARTI L & TERRY L KNUTH & EDWIN S KNUTH,No,,1409 BALMORHEA LN, ,LOT 24 BLK B CAMBRIDGE HEIGHTS PHS A SEC 1-B,337939,337939
937,2026,482205,R,284330410,,2843304100000,BLUEPRINT MANAGEMENT LLC,No,,1407 BALMORHEA LN, ,LOT 23 BLK B CAMBRIDGE HEIGHTS PHS A SEC 1-B,291052,291052
938,2026,482206,R,284330411,,2843304110000,GRAY JANICE L & GREGORY D,No,,1405 BALMORHEA LN, ,LOT 22 BLK B CAMBRIDGE HEIGHTS PHS A SEC 1-B,352485,352485
939,2026,482207,R,284330412,,2843304120000,CONNATSER ROSE MARIE & JACK EDWIN,No,,1403 BALMORHEA LN, ,LOT 21 BLK B CAMBRIDGE HEIGHTS PHS A SEC 1-B,344636,344636
940,2026,482208,R,284330413,,2843304130000,DELAROSA MARIA O &,No,,1401 BALMORHEA LN,,LOT 20 BLK B CAMBRIDGE HEIGHTS PHS A SEC 1-B,420925,420925
941,2026,482209,R,284330414,,2843304140000,FUENTES JUAN FEDERICO,No,,1400 BALMORHEA LN, ,LOT 19 BLK B CAMBRIDGE HEIGHTS PHS A SEC 1-B,294509,294509
942,2026,482210,R,284330415,,2843304150000,STEIN VALERIE I,No,,1402 BALMORHEA LN, ,LOT 18 BLK B CAMBRIDGE HEIGHTS PHS A SEC 1-B,348352,348352
943,2026,482211,R,284330416,,2843304160000,WHITE AUBREE NICOLE,No,,1404 BALMORHEA LN, ,LOT 17 BLK B CAMBRIDGE HEIGHTS PHS A SEC 1-B,292274,292274
944,2026,482212,R,284330417,,2843304170000,LADINOS FRANCISCO L,No,,1406 BALMORHEA LN, ,LOT 16 BLK B CAMBRIDGE HEIGHTS PHS A SEC 1-B,311333,311333
945,2026,482213,R,284330418,,2843304180000,HUMPHREY ROBERT L JR & SUSAN,No,,17705 QUITMAN MOUNTAIN WAY, ,LOT 15 BLK B CAMBRIDGE HEIGHTS PHS A SEC 1-B,353492,353492
946,2026,482214,R,284330419,,2843304190000,HELMS DOUGLAS E & ROSA,No,,17707 QUITMAN MOUNTAIN WAY, ,LOT 14 BLK B CAMBRIDGE HEIGHTS PHS A SEC 1-B,298235,298235
947,2026,482215,R,284330420,,2843304200000,GOULD JONATHAN R III &,No,,17709 QUITMAN MOUNTAIN WAY, ,LOT 13 BLK B CAMBRIDGE HEIGHTS PHS A SEC 1-B,291451,291451
948,2026,482216,R,284330421,,2843304210000,GOULD JONATHAN RICHARD III &,No,,17711 QUITMAN MOUNTAIN WAY, ,LOT 12 BLK B CAMBRIDGE HEIGHTS PHS A SEC 1-B,452829,452829
949,2026,482217,R,284330422,,2843304220000,AL DOORI YASIR & FARAH AL MUSAWI,No,,17713 QUITMAN MOUNTAIN WAY, ,LOT 11 BLK B CAMBRIDGE HEIGHTS PHS A SEC 1-B,334088,334088
950,2026,482218,R,284330423,,2843304230000,HAJDA MELISSA J,No,,17715 QUITMAN MOUNTAIN WAY, ,LOT 10 BLK B CAMBRIDGE HEIGHTS PHS A SEC 1-B,291849,291849
951,2026,482219,R,284330424,,2843304240000,THOMAS JOHN & SUSAN JOHN,No,,17801 QUITMAN MOUNTAIN WAY, ,LOT 9 BLK B CAMBRIDGE HEIGHTS PHS A SEC 1-B,348502,348502
952,2026,482220,R,284330425,,2843304250000,OSUNA-PAGAN ARLINE I & MARISOL ACOSTA,No,,17803 QUITMAN MOUNTAIN WAY, ,LOT 8 BLK B CAMBRIDGE HEIGHTS PHS A SEC 1-B,337494,337494
953,2026,482221,R,284330426,,2843304260000,MONTEALVO MIGUEL V & MARIA,No,,17805 QUITMAN MOUNTAIN WAY, ,LOT 7 BLK B CAMBRIDGE HEIGHTS PHS A SEC 1-B,334243,334243
954,2026,482222,R,284330427,,2843304270000,SPENCER JONATHAN & JILL,No,,17807 QUITMAN MOUNTAIN WAY, ,LOT 6 BLK B CAMBRIDGE HEIGHTS PHS A SEC 1-B,390061,390061
955,2026,482223,R,284330428,,2843304280000,DAHL AMANDA T & MICHAEL JR,No,,17809 QUITMAN MOUNTAIN WAY, ,LOT 5 BLK B CAMBRIDGE HEIGHTS PHS A SEC 1-B,323129,323129
956,2026,482224,R,284330429,,2843304290000,WENG YVONNE & TONY T HSIUNG,No,,17811 QUITMAN MOUNTAIN WAY, ,LOT 4 BLK B CAMBRIDGE HEIGHTS PHS A SEC 1-B,310719,310719
957,2026,482225,R,284330430,,2843304300000,KULKARNI DHRUV,No,,17813 QUITMAN MOUNTAIN WAY, ,LOT 3 BLK B CAMBRIDGE HEIGHTS PHS A SEC 1-B,340648,340648
958,2026,482226,R,284330431,,2843304310000,TAVERA-FLORES PAULA,No,,17815 QUITMAN MOUNTAIN WAY, ,LOT 2 BLK B CAMBRIDGE HEIGHTS PHS A SEC 1-A,293522,293522
959,2026,482227,R,284330432,,2843304320000,REED KENNETH & CANDY,No,,17817 QUITMAN MOUNTAIN WAY, ,LOT 1 BLK B CAMBRIDGE HEIGHTS PHS A SEC 1-A,378093,378093
960,2026,482228,R,284330433,,2843304330000,CAMBRIDGE HEIGHTS OWNERS ASSOCIATION INC,No,, PECOS RIVER TRL, ,LOT 57 BLK B *LESS .330A CAMBRIDGE HEIGHTS PHS A SEC 1-B,1076,1076
961,2026,482230,R,284330501,,2843305010000,TREJO RICKY B,No,,17800 QUITMAN MOUNTAIN WAY, ,LOT 1 BLK C CAMBRIDGE HEIGHTS PHS A SEC 1-B,289276,289276
962,2026,482231,R,284330502,,2843305020000,CHU TSAI C,No,,17714 QUITMAN MOUNTAIN WAY, ,LOT 2 BLK C CAMBRIDGE HEIGHTS PHS A SEC 1-B,291858,291858
963,2026,482232,R,284330503,,2843305030000,PULIPAKA SHILPA,No,,17712 QUITMAN MOUNTAIN WAY, ,LOT 3 BLK C CAMBRIDGE HEIGHTS PHS A SEC 1-B,286806,286806
964,2026,482233,R,284330504,,2843305040000,WAGNER LIA,No,,17710 QUITMAN MOUNTAIN WAY, ,LOT 4 BLK C CAMBRIDGE HEIGHTS PHS A SEC 1-B,295991,295991
965,2026,482234,R,284330505,,2843305050000,SHEA ROBYN,No,,17708 QUITMAN MOUNTAIN WAY, ,LOT 5 BLK C CAMBRIDGE HEIGHTS PHS A SEC 1-B,307282,307282
966,2026,482235,R,284330506,,2843305060000,CARREON FAMILY REVOCABLE TRUST,No,,17706 QUITMAN MOUNTAIN WAY, ,LOT 6 BLK C CAMBRIDGE HEIGHTS PHS A SEC 1-B,337293,337293
967,2026,482236,R,284330507,,2843305070000,CRAYTON LAVERTA M,No,,17704 QUITMAN MOUNTAIN WAY, ,LOT 7 BLK C CAMBRIDGE HEIGHTS PHS A SEC 1-B,332772,332772
968,2026,482237,R,284330508,,2843305080000,OLDAG DARREN L & KERRY L DENNEHY,No,,17702 QUITMAN MOUNTAIN WAY, ,LOT 8 BLK C CAMBRIDGE HEIGHTS PHS A SEC 1-B,348327,348327
969,2026,482238,R,284330509,,2843305090000,WASHINGTON EDDIE G & JACQUELIN,No,,17700 QUITMAN MOUNTAIN WAY, ,LOT 9 BLK C CAMBRIDGE HEIGHTS PHS A SEC 1-B,337603,337603
970,2026,482239,R,284330510,,2843305100000,SANCHEZ FRANCISCO C & LYDIA V,No,,17701 FORT LEATON DR, ,LOT 10 BLK C CAMBRIDGE HEIGHTS PHS A SEC 2,350287,350287
971,2026,482240,R,284330511,,2843305110000,MEED MICHAEL V & SONIA I ARBON,No,,17703 FORT LEATON DR, ,LOT 11 BLK C CAMBRIDGE HEIGHTS PHS A SEC 2,337492,337492
972,2026,482241,R,284330512,,2843305120000,LENZ TAYLOR M & AARON W,No,,17705 FORT LEATON DR, ,LOT 12 BLK C CAMBRIDGE HEIGHTS PHS A SEC 2,352275,352275
973,2026,482242,R,284330513,,2843305130000,PARKER BENJAMIN DUFFY &,No,,17707 FORT LEATON DR, ,LOT 13 BLK C CAMBRIDGE HEIGHTS PHS A SEC 2,336653,336653
974,2026,482243,R,284330514,,2843305140000,JOSIC ZARKO & KATICA,No,,17709 FORT LEATON DR, ,LOT 14 BLK C CAMBRIDGE HEIGHTS PHS A SEC 2,352286,352286
975,2026,482244,R,284330515,,2843305150000,WALLACE WADE,No,,17711 FORT LEATON DR, ,LOT 15 BLK C CAMBRIDGE HEIGHTS PHS A SEC 2,289143,289143
976,2026,482245,R,284330516,,2843305160000,BRADLEY RICHARD D JR,No,,17713 FORT LEATON DR, ,LOT 16 BLK C CAMBRIDGE HEIGHTS PHS A SEC 2,342932,342932
977,2026,482246,R,284330517,,2843305170000,DODSON KYLE L,No,,17712 FORT LEATON DR, ,LOT 17 BLK C CAMBRIDGE HEIGHTS PHS A SEC 2,297924,297924
978,2026,482247,R,284330518,,2843305180000,COMPEAN-NIETO MARIA LIDIA,No,,17710 FORT LEATON DR, ,LOT 18 BLK C CAMBRIDGE HEIGHTS PHS A SEC 2,346356,346356
979,2026,482248,R,284330519,,2843305190000,MCCAUGHEY WILLIAM & LISA LUJAN,No,,17708 FORT LEATON DR, ,LOT 19 BLK C CAMBRIDGE HEIGHTS PHS A SEC 2,405868,405868
980,2026,482249,R,284330520,,2843305200000,ONTIVEROS JENNIFER LYNDIE,No,,17706 FORT LEATON DR, ,LOT 20 BLK C CAMBRIDGE HEIGHTS PHS A SEC 2,348451,348451
981,2026,482250,R,284330521,,2843305210000,CANYON CLAY LLC,No,,17704 FORT LEATON DR, ,LOT 21 BLK C CAMBRIDGE HEIGHTS PHS A SEC 2,286725,286725
982,2026,482251,R,284330522,,2843305220000,MCGRATH DAVID,No,,17702 FORT LEATON DR, ,LOT 22 BLK C CAMBRIDGE HEIGHTS PHS A SEC 2,295334,295334
983,2026,482252,R,284330523,,2843305230000,BRADFORD BRYAN C,No,,17700 FORT LEATON DR, ,LOT 23 BLK C CAMBRIDGE HEIGHTS PHS A SEC 2,342102,342102
984,2026,482253,R,284330524,,2843305240000,PROGRESS RESIDENTIAL BORROWER 23 LLC,No,,17701 BALMORHEA CT, ,LOT 24 BLK C CAMBRIDGE HEIGHTS PHS A SEC 2,351722,351722
985,2026,482254,R,284330525,,2843305250000,JONES JORDAN WESLEY,No,,17703 BALMORHEA CT, ,LOT 25 BLK C CAMBRIDGE HEIGHTS PHS A SEC 2,338545,338545
986,2026,482255,R,284330526,,2843305260000,SANCHEZ EDGAR I,No,,17705 BALMORHEA CT, ,LOT 26 BLK C CAMBRIDGE HEIGHTS PHS A SEC 2,346897,346897
987,2026,482256,R,284330527,,2843305270000,CARBAJAL VICTOR R,No,,17707 BALMORHEA CT, ,LOT 27 BLK C CAMBRIDGE HEIGHTS PHS A SEC 2,349670,349670
988,2026,482257,R,284330528,,2843305280000,LATIKER LANEITA J,No,,17708 BALMORHEA CT, ,LOT 28 BLK C CAMBRIDGE HEIGHTS PHS A SEC 2,410038,410038
989,2026,482258,R,284330529,,2843305290000,LAHNA KHADIJA,No,,17706 BALMORHEA CT, ,LOT 29 BLK C CAMBRIDGE HEIGHTS PHS A SEC 2,362208,362208
990,2026,482259,R,284330530,,2843305300000,GREENWAY JESS HOUSTON &,No,,1517 LOBO MOUNTAIN LN, ,LOT 41 BLK C CAMBRIDGE HEIGHTS PHS A SEC 2,364002,364002
991,2026,482260,R,284330531,,2843305310000,RAKE CHRISTOPHER,No,,1515 LOBO MOUNTAIN LN, ,LOT 42 BLK C CAMBRIDGE HEIGHTS PHS A SEC 2,323598,323598
992,2026,482261,R,284330532,,2843305320000,CONG XING & CATHERINE HUANG,No,,1513 LOBO MOUNTAIN LN, ,LOT 43 BLK C CAMBRIDGE HEIGHTS PHS A SEC 2,338793,338793
993,2026,482262,R,284330533,,2843305330000,SHEDENHELM WADE O & ERICA,No,,1511 LOBO MOUNTAIN LN, ,LOT 44 BLK C CAMBRIDGE HEIGHTS PHS A SEC 2,355128,355128
994,2026,482263,R,284330534,,2843305340000,SCHMIDT DOROTHY A,No,,1509 LOBO MOUNTAIN LN, ,LOT 45 BLK C CAMBRIDGE HEIGHTS PHS A SEC 2,335415,335415
995,2026,482264,R,284330535,,2843305350000,SOLIMAN HUSSAIN & LATIFA ETTALEB,No,,1507 LOBO MOUNTAIN LN, ,LOT 46 BLK C CAMBRIDGE HEIGHTS PHS A SEC 2,316292,316292
996,2026,482265,R,284330536,,2843305360000,ROGERS BRIAN K &,No,,1505 LOBO MOUNTAIN LN, ,LOT 47 BLK C CAMBRIDGE HEIGHTS PHS A SEC 2,360819,360819
997,2026,482266,R,284330537,,2843305370000,PETTY GLENDA,No,,1503 LOBO MOUNTAIN LN, ,LOT 48 BLK C CAMBRIDGE HEIGHTS PHS A SEC 2,347020,347020
998,2026,482267,R,284330538,,2843305380000,AGUILAR JOSE M,No,,1501 LOBO MOUNTAIN LN, ,LOT 49 BLK C CAMBRIDGE HEIGHTS PHS A SEC 2,340499,340499
999,2026,482268,R,284330601,,2843306010000,PREYER DEBRA,No,,17608 FORT LEATON DR, ,LOT 1 BLK D CAMBRIDGE HEIGHTS PHS A SEC 1-B,323358,323358
1000,2026,482269,R,284330602,,2843306020000,TURNER ROSE K,No,,17606 FORT LEATON DR, ,LOT 2 BLK D CAMBRIDGE HEIGHTS PHS A SEC 1-B,292317,292317
1001,2026,482270,R,284330603,,2843306030000,STANTON MARK,No,,17604 FORT LEATON DR, ,LOT 3 BLK D CAMBRIDGE HEIGHTS PHS A SEC 1-B,307182,307182
1002,2026,482271,R,284330604,,2843306040000,THIBODEAUX BRENDA ANN,No,,17600 FORT LEATON DR, ,LOT 4 BLK D CAMBRIDGE HEIGHTS PHS A SEC 1-B,334608,334608
1003,2026,482272,R,284330605,,2843306050000,HOSEK STEPHEN & CAROLYN,No,,17601 VAN HORN CT, ,LOT 5 BLK D CAMBRIDGE HEIGHTS PHS A SEC 1-B,293952,293952
1004,2026,482273,R,284330606,,2843306060000,STICKLEN GWENDOLYN F,No,,17603 VAN HORN CT, ,LOT 6 BLK D CAMBRIDGE HEIGHTS PHS A SEC 1-B,339905,339905
1005,2026,482274,R,284330607,,2843306070000,CAWTHRON CHASE & AUSTIN SCHENKEL,No,,17605 VAN HORN CT, ,LOT 7 BLK D CAMBRIDGE HEIGHTS PHS A SEC 1-B,338834,338834
1006,2026,482275,R,284330608,,2843306080000,LOPEZ-SANCHEZ JOSE ALFREDO &,No,,17607 VAN HORN CT, ,LOT 8 BLK D CAMBRIDGE HEIGHTS PHS A SEC 1-B,378227,378227
1007,2026,482276,R,284330609,,2843306090000,NINO JEREMY,No,,17609 VAN HORN CT, ,LOT 9 BLK D CAMBRIDGE HEIGHTS PHS A SEC 1-B,339939,339939
1008,2026,482277,R,284330610,,2843306100000,EDGIN STEVEN THOMAS,No,,1521 BALMORHEA LN, ,LOT 28 BLK D CAMBRIDGE HEIGHTS PHS A SEC 2,351695,351695
1009,2026,482278,R,284330611,,2843306110000,SMITH JULIA C,No,,1519 BALMORHEA LN, ,LOT 29 BLK D CAMBRIDGE HEIGHTS PHS A SEC 2,368795,368795
1010,2026,482279,R,284330612,,2843306120000,MALDONADO CHRISTINE R &,No,,1517 BALMORHEA LN, ,LOT 30 BLK D CAMBRIDGE HEIGHTS PHS A SEC 2,349027,349027
1011,2026,482280,R,284330613,,2843306130000,CURTIS MICHAEL,No,,1515 BALMORHEA LN, ,LOT 31 BLK D CAMBRIDGE HEIGHTS PHS A SEC 2,337639,337639
1012,2026,482281,R,284330614,,2843306140000,KHAZAEI HAMIDREZA,No,,1513 BALMORHEA LN, ,LOT 32 BLK D CAMBRIDGE HEIGHTS PHS A SEC 2,332026,332026
1013,2026,482282,R,284330615,,2843306150000,DAVIS LOBERTA C,No,,1511 BALMORHEA LN, ,LOT 33 BLK D CAMBRIDGE HEIGHTS PHS A SEC 2,358573,358573
1014,2026,482353,R,286260102,WR391655,2862601020000,AMICORP ENTERPRISES INC,No,CHRISTIAN BROTHERS AUTO SVC (IMPS IN WMSN CO), E LOUIS HENNA BLVD,,LOT 4 BLK A RAMTRON SUBD AMENDING PLAT OF (.040AC TRAVIS CO),189200,189200
1015,2026,482355,R,286260103,WR391653,2862601030000,GREENLAWN LLC,No,CHEVRON / CW,409 E LOUIS HENNA BLVD,,LOT 3 BLK A RAMTRON SUBD AMENDING PLAT OF (1.496AC TRAVIS CO),1258745,1258745
1016,2026,482357,R,286260104,WR391652,2862601040000,SONIC DEVELOPMENT OF CENTRAL T,Yes,SONIC,405 E LOUIS HENNA BLVD,,LOT 2 BLK A RAMTRON SUBD AMENDING PLAT OF,842816,842816
1017,2026,482358,R,286260105,WR055452,2862601050000,WMB PARTNERS LTD,No,, COUNTY RD 170,,ABS 232 SUR 102 DARLING S ACR 2.6009 (.488AC TRAVIS CO),1076304,1076304
1018,2026,482383,R,288380104,WR395830,2883801040000,JOE BITNER BROKER LLC,No,,2838 SOUTHAMPTON WAY,,LOT 14A-14B BLK B WESTCHESTER PARK (.0211AC TRAVIS CO),418268,418268
1019,2026,482385,R,288380201,WR395823,2883802010000,HUNNINGHAKE KRISTIN,No,,2849 SOUTHAMPTON WAY,,LOT 25A BLK A WESTCHESTER PARK (.004AC TRAVIS CO),236668,236668
1020,2026,482389,R,288380203,WR395821,2883802030000,WARD GEOFFREY D &,No,,2847 SOUTHAMPTON WAY,,LOT 24A&24B BLK A WESTCHESTER PARK (.0576 AC TRAVIS CO),435310,435310
1021,2026,482393,R,288380205,WR395819,2883802050000,THAI THAO T & TRUONG-AN THAI,No,,2845 SOUTHAMPTON WAY,,LOT 23A & 23B BLK A WESTCHESTER PARK (0.1087AC TRAVIS CO),386183,386183
1022,2026,482397,R,288380207,WR395817,2883802070000,DUKE ROGER,No,,2843 SOUTHAMPTON WAY,,LOT 22A & 22B BLK A WESTCHESTER PARK (.1580AC TRAVIS CO),404070,404070
1023,2026,482400,R,288380209,WR395815,2883802090000,SINGH MANDEEP,No,,2841 SOUTHAMPTON WAY,,LOT 21A & 21B BLK A WESTCHESTER PARK,421127,421127
1024,2026,482402,R,288380211,WR395813,2883802110000,WATSON J M & PEARL TRUSTEES,No,,2839 SOUTHAMPTON WAY,,LOT 20A&20B BLK A WESTCHESTER PARK,391061,391061
1025,2026,482404,R,288380213,WR395806,2883802130000,LE JESSICA,No,,2837 SOUTHAMPTON WAY,,LOT 19A&19B BLK A WESTCHESTER PARK,434903,434903
1026,2026,482405,R,288400113,WR391530,2884001130000,CLOUD GARY W & R MICHELLE,No,,2900 HILL VIEW CV,ROUND ROCK,LOT 37 BLK C FLOWER HILL SEC 2-A,363182,363182
1027,2026,482407,R,288400115,WR391532,2884001150000,PHAN THAI & NGA NGUYEN,No,,2904 HILL VIEW CV,ROUND ROCK,LOT 39 BLK C FLOWER HILL SEC 2-A,298351,298351
1028,2026,482412,R,288400118,WR391535,2884001180000,EUBANK MELANIE A,No,,2910 HILL VIEW CV,,LOT 42 BLK C FLOWER HILL SEC 2-A (.152AC IN TRAVIS CO),351160,351160
1029,2026,482414,R,288400119,WR391536,2884001190000,ALOBAIDI ZAID,No,,2912 HILL VIEW CV,,LOT 43 BLK C FLOWER HILL SEC 2-A (.139AC IN TRAVIS),308560,308560
1030,2026,482419,R,288400122,WR391539,2884001220000,BHATIA ASEEM KUMAR &,No,,2913 HILL VIEW CV,,LOT 46 BLK C FLOWER HILL SEC 2-A,325260,325260
1031,2026,482421,R,288400124,WR391541,2884001240000,M4M PROPERTIES LLC,No,,2909 HILL VIEW CV,ROUND ROCK,LOT 48 BLK C FLOWER HILL SEC 2-A,315793,315793
1032,2026,482425,R,288400128,WR391545,2884001280000,SHEPPARD SHANNON MCKAYLA,No,,2901 HILL VIEW CV,ROUND ROCK,LOT 52 BLK C FLOWER HILL SEC 2-A,298940,298940
1033,2026,482426,R,288400129,WR391546,2884001290000,TWO HEIRS LLC HILL STREET,No,,3060 HILL ST,ROUND ROCK,LOT 53 BLK C FLOWER HILL SEC 2-A,278938,278938
1034,2026,482427,R,288400130,WR391547,2884001300000,SHABBIR HASNAIN,No,,3058 HILL ST,ROUND ROCK,LOT 54 BLK C FLOWER HILL SEC 2-A,276052,276052
1035,2026,482429,R,288400132,WR391549,2884001320000,SHABBIR HASNAIN & SHAGUFTA HASNAIN,No,,3054 HILL ST,,LOT 56 BLK C FLOWER HILL SEC 2-A,312526,312526
1036,2026,482430,R,288400133,WR391550,2884001330000,PRIEST LAWRENCE,No,,3052 HILL ST,ROUND ROCK,LOT 57 BLK C FLOWER HILL SEC 2-A,296734,296734
1037,2026,482431,R,288400134,WR391551,2884001340000,RUIZ OLGA PATRICIA,No,,3050 HILL ST,ROUND ROCK,LOT 58 BLK C FLOWER HILL SEC 2-A,334370,334370
1038,2026,482432,R,288400135,WR391552,2884001350000,RAMIREZ JULIAN JR & IRMA,No,,3048 HILL ST,ROUND ROCK,LOT 59 BLK C FLOWER HILL SEC 2-A,322723,322723
1039,2026,482433,R,288400136,WR391553,2884001360000,LOZANO JUAN FRANCISCO & VERONICA VASQUEZ,No,,3046 HILL ST,ROUND ROCK,LOT 60 BLK C FLOWER HILL SEC 2-A,329126,329126
1040,2026,482434,R,288400137,WR391554,2884001370000,GAMBELL JEREMY JR & ALICIA,No,,3044 HILL ST,ROUND ROCK,LOT 61 BLK C FLOWER HILL SEC 2-A,320969,320969
1041,2026,482435,R,288400138,WR391555,2884001380000,GARCIA RAUL & CARRIE,No,,3034 HILL ST,ROUND ROCK,LOT 62 BLK C FLOWER HILL SEC 2-A,276005,276005
1042,2026,482436,R,288400139,WR391556,2884001390000,REYES RAMON C   ,No,,3032 HILL ST,ROUND ROCK,LOT 63 BLK C FLOWER HILL SEC 2-A,340902,340902
1043,2026,482437,R,288400140,WR391557,2884001400000,BRAHMBHATT LOMESH B & URMILA PATEL,No,,3030 HILL ST,ROUND ROCK,LOT 64 BLK C FLOWER HILL SEC 2-A,330155,330155
1044,2026,482438,R,288400141,WR391558,2884001410000,KERN NANCY,No,,3028 HILL ST,ROUND ROCK,LOT 65 BLK C FLOWER HILL SEC 2-A,326857,326857
1045,2026,482439,R,288400142,WR391559,2884001420000,ATES RAY SR & CAROLYN M,No,,3026 HILL ST,ROUND ROCK,LOT 66 BLK C FLOWER HILL SEC 2-A,393758,393758
1046,2026,482440,R,288400143,WR391560,2884001430000,RILEY DELON,No,,3024 HILL ST,ROUND ROCK,LOT 67 BLK C FLOWER HILL SEC 2-A,328830,328830
1047,2026,482441,R,288400144,WR391561,2884001440000,WILSON PATRICE N,No,,3022 HILL ST,ROUND ROCK,LOT 68 BLK C FLOWER HILL SEC 2-A,317414,317414
1048,2026,482443,R,288400240,WR395804,2884002400000,VERA CANDIDO & AMELIA,No,,2835 SOUTHAMPTON WAY,,LOT 18A&18B BLK A WESTCHESTER PARK,418943,418943
1049,2026,482445,R,288400242,WR395802,2884002420000,SOUTHAMPTON LLC,No,,2833 SOUTHAMPTON WAY,ROUND ROCK,LOT 17A&17B BLK A WESTCHESTER PARK,427849,427849
1050,2026,482447,R,288400244,WR395800,2884002440000,2014 DAVID J CURTISS &,No,,2831 SOUTHAMPTON WAY,,LOT 16A&16B BLK A WESTCHESTER PARK,396422,396422
1051,2026,482449,R,288400246,WR395798,2884002460000,SANDERS RAYMOND W & SHARON A 2010 TRUST,No,,2829 SOUTHAMPTON WAY,,LOT 15A&15B BLK A WESTCHESTER PARK,411126,411126
1052,2026,482451,R,288400248,WR395796,2884002480000,SELTOR REAL ESTATE LLC,No,,2827 SOUTHAMPTON WAY,,LOT 14A&14B BLK A WESTCHESTER PARK,412174,412174
1053,2026,482453,R,288400250,WR395794,2884002500000,KAMAT NACHIKET MOHANDAS &,No,,2825 SOUTHAMPTON WAY,,LOT 13A&13B BLK A WESTCHESTER PARK,405585,405585
1054,2026,482456,R,288400252,WR395792,2884002520000,GOVINDACHARI ARAVIND,No,,2823 SOUTHAMPTON WAY,,LOT 12A&12B BLK A WESTCHESTER PARK (0.1423AC TRAVIS CO),270208,270208
1055,2026,482458,R,288400253,WR395790,2884002530000,REAL ESTATE PORTFOLIO MNGMT LLC,No,,2821 SOUTHAMPTON WAY,,LOT 11B BLK A WESTCHESTER PARK (.014AC TRAVIS CO),266101,266101
1056,2026,482460,R,288400255,WR391526,2884002550000,CROSLEY KENNETH E  & JOHNNY GIBSON,No,,3029 HILL ST,ROUND ROCK,LOT 34 BLK B FLOWER HILL SEC 2-A,343645,343645
1057,2026,482461,R,288400256,WR391525,2884002560000,SILLA NDAKHTE & SEYNABOU THAM,No,,3031 HILL ST,,LOT 33 BLK B FLOWER HILL SEC 2-A,341719,341719
1058,2026,482462,R,288400257,WR391524,2884002570000,MATA KARYNA,No,,3033 HILL ST,ROUND ROCK,LOT 32 BLK B FLOWER HILL SEC 2-A,331604,331604
1059,2026,482463,R,288400258,WR391523,2884002580000,BROWN ADAM & STACY,No,,3035 HILL ST,ROUND ROCK,LOT 31 BLK B FLOWER HILL SEC 2-A,330695,330695
1060,2026,482464,R,288400259,WR391522,2884002590000,OMSHIVA PROPERTIES LLC,No,,3037 HILL ST,,LOT 30 BLK B FLOWER HILL SEC 2-A,348739,348739
1061,2026,482465,R,288400260,WR391521,2884002600000,RODRIGUEZ FRANCISCO P,No,,3039 HILL ST,ROUND ROCK,LOT 29 BLK B FLOWER HILL SEC 2-A,319957,319957
1062,2026,482466,R,288400261,WR391520,2884002610000,807 PURPLE MARTIN LLC,No,,3041 HILL ST,,LOT 28 BLK B FLOWER HILL SEC 2-A,356292,356292
1063,2026,482467,R,288400262,WR391519,2884002620000,BORNSTEIN STEVEN MICHAEL &,No,,3043 HILL ST,,LOT 27 BLK B FLOWER HILL SEC 2-A,298865,298865
1064,2026,482468,R,288400263,WR391518,2884002630000,GALEAS YARITZA BRAND &,No,,3045 HILL ST,,LOT 26 BLK B FLOWER HILL SEC 2-A,298514,298514
1065,2026,482469,R,288400264,WR391517,2884002640000,GONZALEZ JACKELINE,No,,3047 HILL ST,,LOT 25 BLK B FLOWER HILL SEC 2-A,315734,315734
1066,2026,482470,R,288400265,WR391516,2884002650000,FLOYD CHRISTOPHER EUGENE,No,,3049 HILL ST,,LOT 24 BLK B FLOWER HILL SEC 2-A,348000,348000
1067,2026,482471,R,288400266,WR391515,2884002660000,ARETY VENU VINOD,No,,3051 HILL ST,,LOT 23 BLK B FLOWER HILL SEC 2-A,321882,321882
1068,2026,482472,R,288400267,WR391514,2884002670000,ALDANA MELANIE TRIMBLE,No,,3053 HILL ST,ROUND ROCK,LOT 22 BLK B FLOWER HILL SEC 2-A,322068,322068
1069,2026,482473,R,288400268,WR391513,2884002680000,BELL JOHN A & JESSICA L,No,,3055 HILL ST,ROUND ROCK,LOT 21 BLK B FLOWER HILL SEC 2-A,333501,333501
1070,2026,482474,R,288400269,WR391512,2884002690000,NAGAYA KYOKO,No,,3057 HILL ST,ROUND ROCK,LOT 20 BLK B FLOWER HILL SEC 2-A,297616,297616
1071,2026,482475,R,288400270,WR391511,2884002700000,SHABBIR HASNAIN,No,,3059 HILL ST,ROUND ROCK,LOT 19 BLK B FLOWER HILL SEC 2-A,329466,329466
1072,2026,482476,R,288400271,WR391510,2884002710000,HERNANDEZ GEORGE G &,No,,3061 HILL ST,ROUND ROCK,LOT 18 BLK B FLOWER HILL SEC 2-A,337699,337699
1073,2026,482477,R,288400272,WR391509,2884002720000,CITY OF ROUND ROCK,No,,3063 HILL ST,,LOT 17 BLK B FLOWER HILL SEC 2-A (DRAINAGE EASEMENT),1730,1730
1074,2026,482478,R,288400273,WR391508,2884002730000,AMPCA VENTURES LLC,No,,3065 HILL ST,,LOT 16 BLK B FLOWER HILL SEC 2-A,292851,292851
1075,2026,482479,R,288400274,WR391507,2884002740000,KREIS MOLLY & JUSTIN,No,,3067 HILL ST,ROUND ROCK,LOT 15 BLK B FLOWER HILL SEC 2-A,292851,292851
1076,2026,482480,R,288400275,WR391506,2884002750000,TRAM DU B & TIEN T HUYNH,No,,3069 HILL ST,,LOT 14 BLK B FLOWER HILL SEC 2-A,350436,350436
1077,2026,482481,R,288400276,WR391505,2884002760000,KHAN FIAZ & ANGELA L,No,,3071 HILL ST,ROUND ROCK,LOT 13 BLK B FLOWER HILL SEC 2-A,314655,314655
1078,2026,482482,R,288400277,WR391504,2884002770000,PALANYLAYA SIRIKIRTHI &,No,,3073 HILL ST,,LOT 12 BLK B FLOWER HILL SEC 2-A,335166,335166
1079,2026,482483,R,288400278,WR391503,2884002780000,CRAWFORD RACHELLE L & DEBRA TOMME,No,,3075 HILL ST,ROUND ROCK,LOT 11 BLK B FLOWER HILL SEC 2-A,308436,308436
1080,2026,482484,R,288400301,WR395824,2884003010000,GRAHAM TERRY S 2012 TRUST,No,,2826 SOUTHAMPTON WAY,,LOT 11B BLK B WESTCHESTER PARK (.0024AC IN TRAVIS CO),58000,58000
1081,2026,482488,R,288400303,WR395826,2884003030000,ABELSON TRUST,No,,2828 SOUTHAMPTON WAY,,LOT 12A-12B BLK B WESTCHESTER PARK (.2039AC TRAVIS CO),388629,388629
1082,2026,482641,R,290400101,WR391502,2904001010000,JEGADEESAN SHREENIDHI,No,,3077 HILL ST,ROUND ROCK,LOT 10 BLK B FLOWER HILL SEC 2-A,350096,350096
1083,2026,482642,R,290400201,WR396744,2904002010000,GAUNA RAMIRO,No,,2801 HIGH POINT CV,,LOT 36 BLK C FLOWER HILL SEC 2-A (.015AC TRAVIS CO),311765,311765
1084,2026,482806,R,293480114,,2934801140000,WALLACE LUCIAN J & CAROLYN B,No,,4244 GATTIS SCHOOL RD,ROUND ROCK,ABS 568 SUR 12 MATTHEWS E W ACR 2.50 (HOMESTEAD),981128,981128
1085,2026,482807,R,293480114,,2934801140001,WALLACE LUCIAN J & CAROLYN B,No,, GATTIS SCHOOL RD,,ABS 568 SUR 12 MATTHEWS E W ACR 12.3720 (NON-HOMESTEAD) (1-D-1),989760,1319
1086,2026,482808,R,293480115,,2934801150000,MCCORVEY REAL ESTATE HOLDINGS LTD,Yes,,4214 GATTIS SCHOOL RD,,ABS 568 SUR 12 MATTHEWS E W ACR 7.3190,1235729,1235729
1087,2026,482812,R,293480501,,2934805010000,KAUFMAN SONIA MARGARET LIFE ESTATE,No,,4251 GATTIS SCHOOL RD,,ABS 2381 SUR 1 MAXEY J W ABS 200 SUR 71 CONRAD P ACR 3.9750,733644,733644
1088,2026,482814,R,293480503,,2934805030000,PFLUGERVILLE ISD,No,DEARING ELEMENTEARY,4301 GATTIS SCHOOL RD,,ABS 200 SUR 71 CONRAD P & ABS 2381 SUR 1 MAXEY JW ACR 10.8240,27005921,27005921
1089,2026,482817,R,293480506,,2934805060000,PHILLIPS BEVERLY D,No,,4251 GATTIS SCHOOL RD,,ABS 2381 SUR 1 MAXEY J W & ABS 200 SUR 71 CONRAD P ACR 4.0840,2058095,2058095
1090,2026,489036,P,,WP386723,1016340000,DISCOUNT TIRE CO OF TEXAS INC,No,DISCOUNT TIRE CO OF TEXAS INC,3115 S INTERSTATE HY 35,AUSTIN,PERSONAL PROPERTY COMMERCIAL DISCOUNT TIRE CO OF TEXAS INC,716902,716902
1091,2026,492077,P,2-013200-000010,,1046780000,AUSTIN FOAM PLASTICS INC,No,AUSTIN FOAM PLASTICS INC,2933 A W GRIMES BLVD,ROUND ROCK,M&E-F&F 2933 A W GRIMES BLVD,3327360,3327360
1092,2026,506664,R,278280807,,2782808070000,HUTCHINSON HOLDINGS LLC,Yes,MEDWAY PLASTICS CORPORATION,1600 ROYSTON LN,,LOT 2 BLK A RPS,6871663,6871663
1093,2026,506665,R,278280808,,2782808080000,COMMERCE NE 1800 LLC,No,TEXAS PLUMBING SUPPLY,1800 ROYSTON LN,,ABS 564 SUR 110 MCMILLAN E ACR 7.673,5694897,5694897
1094,2026,506666,R,278280901,,2782809010000,SCHUBKEGEL GERALD ROSS,No,,16424 CENTRAL COMMERCE DR,,ABS 564 SUR 110 MCMILLAN E ACR .93 S#53530365AD,262567,262567
1095,2026,506718,R,280280110,,2802801100000,PFLUGERVILLE I S D,No,CALDWELL ELEMENTARY SCHOOL,1718 PICADILLY DR,,ABS 2538 SUR 103 CASNER J ACR 8.733,15563119,15563119
1096,2026,506965,R,282280601,,2822806010000,WANG MINSHINE,No,,17308 VALENTINE DR, ,LOT 4 BLK N CAMBRIDGE HEIGHTS PHS B SEC 4,330287,330287
1097,2026,506966,R,282280602,,2822806020000,FLORES RICHARD,No,,17306 VALENTINE DR, ,LOT 5 BLK N CAMBRIDGE HEIGHTS PHS B SEC 4,279431,279431
1098,2026,506967,R,282280603,,2822806030000,TINAJERO LEON & MARIA M,No,,17304 VALENTINE DR, ,LOT 6 BLK N CAMBRIDGE HEIGHTS PHS B SEC 4,288986,288986
1099,2026,506968,R,282280604,,2822806040000,FARMER CHRISTOPHER J & ERIKA,No,,17302 VALENTINE DR, ,LOT 7 BLK N CAMBRIDGE HEIGHTS PHS B SEC 4,286981,286981
1100,2026,506969,R,282280605,,2822806050000,NEGRETE SERGIO JR & STEPHANIE K,No,,17300 VALENTINE DR, ,LOT 8 BLK N CAMBRIDGE HEIGHTS PHS B SEC 4,295032,295032
1101,2026,506970,R,282280606,,2822806060000,FUSELIER CLARISSA & MICAH STACHKUNAS,No,,1825 BARILLA MOUNTAIN TRL, ,LOT 9 BLK N CAMBRIDGE HEIGHTS PHS B SEC 4,343923,343923
1102,2026,506971,R,282280607,,2822806070000,WANG RONGXING & YAN LIU,No,,1823 BARILLA MOUNTAIN TRL, ,LOT 10 BLK N CAMBRIDGE HEIGHTS PHS B SEC 4,292125,292125
1103,2026,506972,R,282280608,,2822806080000,MAIER DAVID,No,,1821 BARILLA MOUNTAIN TRL, ,LOT 11 BLK N CAMBRIDGE HEIGHTS PHS B SEC 4,307692,307692
1104,2026,506973,R,282280609,,2822806090000,HEINSELMAN COURTNEY LYNN,No,,1808 W PFLUGERVILLE PKWY, ,LOT 45 BLK N CAMBRIDGE HEIGHTS PHS B SEC 4,291951,291951
1105,2026,506974,R,282280610,,2822806100000,WINTER STEPHEN M & JOCELYN H B,No,,1810 W PFLUGERVILLE PKWY, ,LOT 46 BLK N CAMBRIDGE HEIGHTS PHS B SEC 4,295517,295517
1106,2026,506975,R,282280611,,2822806110000,COLEMAN ELIZABETH & MATTHEW COLEMAN,No,,1812 W PFLUGERVILLE PKWY, ,LOT 47 BLK N CAMBRIDGE HEIGHTS PHS B SEC 4,322965,322965
1107,2026,506976,R,282280612,,2822806120000,SERIAL TSEGEWOINI G,No,,1814 W PFLUGERVILLE PKWY, ,LOT 48 BLK N CAMBRIDGE HEIGHTS PHS B SEC 4,287279,287279
1108,2026,506977,R,282280613,,2822806130000,FERRI MARK,No,,1816 W PFLUGERVILLE PKWY, ,LOT 49 BLK N CAMBRIDGE HEIGHTS PHS B SEC 4,312687,312687
1109,2026,506978,R,282280614,,2822806140000,SANKARI KHALED SAMI,No,,1818 W PFLUGERVILLE PKWY, ,LOT 50 BLK N CAMBRIDGE HEIGHTS PHS B SEC 4,290844,290844
1110,2026,506979,R,282280615,,2822806150000,BOWMAN KATHRYN L,No,,1820 W PFLUGERVILLE PKWY, ,LOT 51 BLK N CAMBRIDGE HEIGHTS PHS B SEC 4,288499,288499
1111,2026,506980,R,282300336,,2823003360000,THOMAS LYNDI R,No,,1600 W PFLUGERVILLE PKWY, ,LOT 39 BLK O CAMBRIDGE HEIGHTS PHS B SEC 2,297466,297466
1112,2026,506981,R,282300337,,2823003370000,PERALTA VICTOR MIGUEL &,No,,1602 W PFLUGERVILLE PKWY, ,LOT 38 BLK O CAMBRIDGE HEIGHTS PHS B SEC 2,295649,295649
1113,2026,506982,R,282300338,,2823003380000,SANTISTEBAN BECQUER & MELISSA,No,,1604 W PFLUGERVILLE PKWY, ,LOT 37 BLK O CAMBRIDGE HEIGHTS PHS B SEC 2,289706,289706
1114,2026,506983,R,282300339,,2823003390000,JACKSON JENNIFER MARIE,No,,1606 W PFLUGERVILLE PKWY, ,LOT 36 BLK O CAMBRIDGE HEIGHTS PHS B SEC 2,289785,289785
1115,2026,506984,R,282300340,,2823003400000,GARCIA ENRIQUE,No,,1608 W PFLUGERVILLE PKWY, ,LOT 35 BLK O CAMBRIDGE HEIGHTS PHS B SEC 2,316782,316782
1116,2026,506985,R,282300341,,2823003410000,RODRIGUEZ MARIVEL,No,,1610 W PFLUGERVILLE PKWY, ,LOT 34 BLK O CAMBRIDGE HEIGHTS PHS B SEC 2,286532,286532
1117,2026,506986,R,282300342,,2823003420000,HOGEDA RICHARD & ALBERTA JESSICA,No,,1612 W PFLUGERVILLE LOOP, ,LOT 33 BLK O CAMBRIDGE HEIGHTS PHS B SEC 2,284999,284999
1118,2026,506987,R,282300343,,2823003430000,KING DONNA,No,,1614 W PFLUGERVILLE PKWY, ,LOT 32 BLK O CAMBRIDGE HEIGHTS PHS B SEC 2,291034,291034
1119,2026,506988,R,282300344,,2823003440000,SERVIN ADRIAN,No,,1616 W PFLUGERVILLE PKWY, ,LOT 31 BLK O CAMBRIDGE HEIGHTS PHS B SEC 2,282576,282576
1120,2026,506989,R,282300345,,2823003450000,USENER REBECCA C & DANIEL D,No,,1618 W PFLUGERVILLE PKWY, ,LOT 30 BLK O CAMBRIDGE HEIGHTS PHS B SEC 2,314523,314523
1121,2026,506990,R,282300346,,2823003460000,MOLINA CECILIA,No,,1620 W PFLUGERVILLE PKWY, ,LOT 29 BLK O CAMBRIDGE HEIGHTS PHS B SEC 2,286646,286646
1122,2026,506991,R,282300347,,2823003470000,BRAZIL KRYSTYNE A,No,,1622 W PFLUGERVILLE PKWY, ,LOT 28 BLK O CAMBRIDGE HEIGHTS PHS B SEC 2,286509,286509
1123,2026,506992,R,282300348,,2823003480000,TSAO JANIE & CHAO-YI KUO,No,,1624 W PFLUGERVILLE PKWY, ,LOT 27 BLK O CAMBRIDGE HEIGHTS PHS B SEC 2,315075,315075
1124,2026,506993,R,282300349,,2823003490000,KISLAYA AND NISHALI REVOCABLE TRUST,No,,1626 W PFLUGERVILLE PKWY, ,LOT 26 BLK O CAMBRIDGE HEIGHTS PHS B SEC 2,322510,322510
1125,2026,506994,R,282300350,,2823003500000,HILL MICHAEL & MICHELLE METTER,No,,1628 W PFLUGERVILLE PKWY, ,LOT 25 BLK O CAMBRIDGE HEIGHTS PHS B SEC 2,321318,321318
1126,2026,506995,R,282300351,,2823003510000,DAYALA KARTHIK,No,,1630 W PFLUGERVILLE LOOP, ,LOT 24 BLK O CAMBRIDGE HEIGHTS PHS B SEC 2,283201,283201
1127,2026,506996,R,282300352,,2823003520000,HACKEBEIL WILBURN F & ANNIE H,No,,1632 W PFLUGERVILLE LOOP, ,LOT 23 BLK O CAMBRIDGE HEIGHTS PHS B SEC 2,287822,287822
1128,2026,506997,R,282300353,,2823003530000,WU YAO-JEN 2020 TRUST,No,,1634 W PFLUGERVILLE PKWY, ,LOT 22 BLK O CAMBRIDGE HEIGHTS PHS B SEC 2,292308,292308
1129,2026,506998,R,282300354,,2823003540000,SAHA ABHIJIT & BARNALI PAUL,No,,1636 W PFLUGERVILLE PKWY, ,LOT 21 BLK O CAMBRIDGE HEIGHTS PHS B SEC 2,322280,322280
1130,2026,506999,R,282300355,,2823003550000,DIAZ ANA,No,,1638 W PFLUGERVILLE PKWY, ,LOT 20 BLK O CAMBRIDGE HEIGHTS PHS B SEC 2,288486,288486
1131,2026,507000,R,282300356,,2823003560000,POULOS APRIL,No,,17305 TOYAHVILLE TRL, ,LOT 19 BLK O CAMBRIDGE HEIGHTS PHS B SEC 2,288817,288817
1132,2026,507001,R,282300357,,2823003570000,REY MICHAEL L &,No,,17307 TOYAHVILLE TRL, ,LOT 18 BLK O CAMBRIDGE HEIGHTS PHS B SEC 2,297993,297993
1133,2026,507002,R,282300358,,2823003580000,GOMEZ MIGUEL ANGEL & LILA GONZALEZ,No,,17309 TOYAHVILLE TRL, ,LOT 17 BLK O CAMBRIDGE HEIGHTS PHS B SEC 2,318303,318303
1134,2026,507003,R,282300359,,2823003590000,SULE FLORENCE N,No,,1631 HUECO MOUNTAIN TRL, ,LOT 16 BLK O CAMBRIDGE HEIGHTS PHS B SEC 2,296059,296059
1135,2026,507004,R,282300360,,2823003600000,STEINOCHER MARY T & DONALD,No,,1629 HUECO MOUNTAIN TRL, ,LOT 15 BLK O CAMBRIDGE HEIGHTS PHS B SEC 2,288878,288878
1136,2026,507005,R,282300361,,2823003610000,COLLINS ROBERT M JR & MICHELLE,No,,1627 HUECO MOUNTAIN TRL, ,LOT 14 BLK O CAMBRIDGE HEIGHTS PHS B SEC 2,286345,286345
1137,2026,507006,R,282300362,,2823003620000,JOHNSON BRENT & CHERYL REVOCABLE,No,,1625 HUECO MOUNTAIN TRL, ,LOT 13 BLK O CAMBRIDGE HEIGHTS PHS B SEC 2,312233,312233
1138,2026,507007,R,282300363,,2823003630000,TURHAN SERKAN & SEDA,No,,1623 HUECO MOUNTAIN TRL, ,LOT 12 BLK O CAMBRIDGE HEIGHTS PHS B SEC 2,290138,290138
1139,2026,507008,R,282301352,,2823013520000,WASHINGTON GREGORY W & JENNIFE,No,,17402 MARFA LIGHTS TRL,,LOT 45 BLK S CAMBRIDGE HEIGHTS PHS C SEC 2REPLAT PT OF SPGBRK CTR PHS A,369970,369970
1140,2026,507009,R,282301353,,2823013530000,WYATT JOHN W & REBECCA,No,,17400 MARFA LIGHTS TRL,ROUND ROCK,LOT 44 BLK S CAMBRIDGE HEIGHTS PHS C SEC 2REPLAT PT OF SPGBRK CTR PHS A,325098,325098
1141,2026,507010,R,282301354,,2823013540000,GAVIN BILLY J,No,,17308 MARFA LIGHTS TRL,ROUND ROCK,LOT 43 BLK S CAMBRIDGE HEIGHTS PHS C SEC 2REPLAT PT OF SPGBRK CTR PHS A,374706,374706
1142,2026,507011,R,282301355,,2823013550000,JONES NATALIE,No,,17306 MARFA LIGHTS TRL,ROUND ROCK,LOT 42 BLK S CAMBRIDGE HEIGHTS PHS C SEC 2REPLAT PT OF SPGBRK CTR PHS A,374427,374427
1143,2026,507012,R,282301356,,2823013560000,NGUYEN YVONNE REVOCABLE LIVING,No,,17304 MARFA LIGHTS TRL,ROUND ROCK,LOT 41 BLK S CAMBRIDGE HEIGHTS PHS C SEC 2REPLAT PT OF SPGBRK CTR PHS A,367155,367155
1144,2026,507013,R,282301801,,2823018010000,VILLARROEL MANUEL J & KARMINA,No,,17308 CASA PIEDRA PL, ,LOT 25 BLK K CAMBRIDGE HEIGHTS PHS B SEC 3,293016,293016
1145,2026,507014,R,282301802,,2823018020000,GUERRA CATHERINE,No,,17306 CASA PIEDRA PL, ,LOT 26 BLK K CAMBRIDGE HEIGHTS PHS B SEC 3,320259,320259
1146,2026,507015,R,282301803,,2823018030000,CRISCI SUSAN,No,,17304 CASA PIEDRA PL, ,LOT 27 BLK K CAMBRIDGE HEIGHTS PHS B SEC 3,283592,283592
1147,2026,507016,R,282301804,,2823018040000,PRESTI ANDREA & GIANLUCA,No,,17302 CASA PIEDRA PL, ,LOT 28 BLK K CAMBRIDGE HEIGHTS PHS B SEC 3,312201,312201
1148,2026,507017,R,282301805,,2823018050000,SWEET ALEC,No,,17300 CASA PIEDRA PL, ,LOT 29 BLK K CAMBRIDGE HEIGHTS PHS B SEC 3,310421,310421
1149,2026,507018,R,282301806,,,DOAN QUYEN-ANH TU &,No,,17301 VALENTINE DR, ,LOT 1 BLK K CAMBRIDGE HEIGHTS PHS B SEC 4,319717,319717
1150,2026,507019,R,282301807,,2823018070000,REGALLO LARRY & KATHY,No,,17303 VALENTINE DR, ,LOT 2 BLK K CAMBRIDGE HEIGHTS PHS B SEC 4,279967,279967
1151,2026,507020,R,282301808,,2823018080000,LEAL LAURA,No,,17305 VALENTINE DR, ,LOT 3 BLK K CAMBRIDGE HEIGHTS PHS B SEC 4,275824,275824
1152,2026,507021,R,282301901,,2823019010000,RANDALL AMBER & TATE RANDALL,No,,1716 BARILLA MOUNTAIN TRL, ,LOT 21 BLK L CAMBRIDGE HEIGHTS PHS B SEC 3,317994,317994
1153,2026,507022,R,282301902,,2823019020000,YU MICHAEL S & CORY LEE JACKSON,No,,1718 BARILLA MOUNTAIN TRL, ,LOT 22 BLK L CAMBRIDGE HEIGHTS PHS B SEC 3,282969,282969
1154,2026,507023,R,282301903,,2823019030000,NGUYEN PHUNG V & LY T,No,,1720 BARILLA MOUNTAIN TRL, ,LOT 23 BLK L CAMBRIDGE HEIGHTS PHS B SEC 3,330621,330621
1155,2026,507024,R,282301904,,2823019040000,ZAVALA LISSETTE &,No,,1722 BARILLA MOUNTAIN TRL, ,LOT 24 BLK L CAMBRIDGE HEIGHTS PHS B SEC 3,294405,294405
1156,2026,507025,R,282301905,,2823019050000,FONSECA SAN JUANITA ISABEL,No,,1724 BARILLA MOUNTAIN TRL, ,LOT 25 BLK L CAMBRIDGE HEIGHTS PHS B SEC 3,293453,293453
1157,2026,507026,R,282301906,,2823019060000,FAROOQUI UZAIR,No,,1800 BARILLA MOUNTAIN TRL, ,LOT 26 BLK L CAMBRIDGE HEIGHTS PHS B SEC 3,300455,300455
1158,2026,507027,R,282301907,,2823019070000,BUDMON JAMES M,No,,1802 BARILLA MOUNTAIN TRL, ,LOT 27 BLK L CAMBRIDGE HEIGHTS PHS B SEC 3,282365,282365
1159,2026,507028,R,282301908,,2823019080000,GUTIERREZ SERGIO & MARIA E,No,,1804 BARILLA MOUNTAIN TRL, ,LOT 28 BLK L CAMBRIDGE HEIGHTS PHS B SEC 3,311625,311625
1160,2026,507029,R,282301909,,2823019090000,MARTIN NANCY,No,,1806 BARILLA MOUNTAIN TRL, ,LOT 29 BLK L CAMBRIDGE HEIGHTS PHS B SEC 3,384575,384575
1161,2026,507030,R,282301910,,2823019100000,ARULLO LLC,No,,17305 CASA PIEDRA PL, ,LOT 1 BLK L CAMBRIDGE HEIGHTS PHS B SEC 3,289860,289860
1162,2026,507031,R,282301911,,2823019110000,KIDANE ABEL,No,,17307 CASA PIEDRA PL, ,LOT 2 BLK L CAMBRIDGE HEIGHTS PHS B SEC 3,282626,282626
1163,2026,507032,R,282301912,,2823019120000,PILAND BRIAN J & JUANITA M,No,,17309 CASA PIEDRA PL, ,LOT 3 BLK L CAMBRIDGE HEIGHTS PHS B SEC 3,319078,319078
1164,2026,507033,R,282301913,,2823019130000,PATOLE VISHAL V,No,,17311 CASA PIEDRA PL, ,LOT 4 BLK L CAMBRIDGE HEIGHTS PHS B SEC 3,294211,294211
1165,2026,507034,R,282302001,,2823020010000,BROWN JORDAN D & RUTH S ZARATE,No,,17410 TOYAHVILLE TRL,ROUND ROCK,LOT 11 BLK M CAMBRIDGE HEIGHTS PHS B SEC 2,292477,292477
1166,2026,507035,R,282302002,,2823020020000,QUANG TUAN TRUNG,No,,17408 TOYAHVILLE TRL, ,LOT 12 BLK M CAMBRIDGE HEIGHTS PHS B SEC 2,362258,362258
1167,2026,507036,R,282302003,,2823020030000,CHODON PHUNTSOK & TSERING & TE,No,,17406 TOYAHVILLE TRL, ,LOT 13 BLK M CAMBRIDGE HEIGHTS PHS B SEC 2,293483,293483
1168,2026,507037,R,282302004,,2823020040000,KRESTON CLARK E JR,No,,17404 TOYAHVILLE TRL, ,LOT 14 BLK M CAMBRIDGE HEIGHTS PHS B SEC 2,310605,310605
1169,2026,507038,R,282302005,,2823020050000,ROSARION SONETCHKA VIERGE,No,,1700 HUECO MOUNTAIN TRL, ,LOT 15 BLK M CAMBRIDGE HEIGHTS PHS B SEC 2,319746,319746
1170,2026,507039,R,282302006,,2823020060000,LITTRELL RYAN THOMAS & ETAL,No,,1702 HUECO MOUNTAIN TRL, ,LOT 16 BLK M CAMBRIDGE HEIGHTS PHS B SEC 2,294627,294627
1171,2026,507040,R,282302007,,2823020070000,MOCADA RODRIGUEZ JOSE G,No,,1704 HUECO MOUNTAIN TRL, ,LOT 17 BLK M CAMBRIDGE HEIGHTS PHS B SEC 3,315302,315302
1172,2026,507041,R,282302008,,2823020080000,CALLEJAS ERICK &,No,,1706 HUECO MOUNTAIN TRL, ,LOT 18 BLK M CAMBRIDGE HEIGHTS PHS B SEC 3,289903,289903
1173,2026,507042,R,282302009,,2823020090000,TAK KHUSHIRAM & KIRAN,No,,1713 BARILLA MOUNTAIN TRL, ,LOT 1 BLK M CAMBRIDGE HEIGHTS PHS B SEC 3,313034,313034
1174,2026,507043,R,282302010,,2823020100000,ENRIQUEZ MIGUEL II,No,,1711 BARILLA MOUNTAIN TRL, ,LOT 2 BLK M CAMBRIDGE HEIGHTS PHS B SEC 3,288624,288624
1175,2026,507044,R,282302101,,2823021010000,CAVAZOS ARTHUR M,No,,17412 SALT FLAT LN, ,LOT 8 BLK I CAMBRIDGE HEIGHTS PHS B SEC 1,290694,290694
1176,2026,507045,R,282302102,,2823021020000,SHAILA PROPERTIES LLC,No,,17410 SALT FLAT LN, ,LOT 9 BLK I CAMBRIDGE HEIGHTS PHS B SEC 1,313523,313523
1177,2026,507046,R,282302103,,2823021030000,PLUNKETT JOSHUA A,No,,17408 SALT FLAT LN, ,LOT 10 BLK I CAMBRIDGE HEIGHTS PHS B SEC 1,291404,291404
1178,2026,507047,R,282302104,,2823021040000,TRAN NHUT Q,No,,17406 SALT FLAT LN, ,LOT 11 BLK I CAMBRIDGE HEIGHTS PHS B SEC 1,320043,320043
1179,2026,507048,R,282302105,,2823021050000,VERMA KAMINI,No,,17404 SALT FLAT LN, ,LOT 12 BLK I CAMBRIDGE HEIGHTS PHS B SEC 1,289191,289191
1180,2026,507049,R,282302106,,2823021060000,HOBBS SALLIE ANN & ALEJANDRO RODRIGUEZ,No,,1616 HUECO MOUNTAIN TRL, ,LOT 14 BLK I CAMBRIDGE HEIGHTS PHS B SEC 1,317273,317273
1181,2026,507050,R,282302107,,2823021070000,HOAGLAND SHERRY,No,,1618 HUECO MOUNTAIN TRL, ,LOT 15 BLK I CAMBRIDGE HEIGHTS PHS B SEC 2,296467,296467
1182,2026,507051,R,282302108,,2823021080000,LUU MICHEAL,No,,1620 HUECO MOUNTAIN TRL, ,LOT 16 BLK I CAMBRIDGE HEIGHTS PHS B SEC 2,277088,277088
1183,2026,507052,R,282302109,,2823021090000,FEALY SOPHIA RUTH,No,,1622 HUECO MOUNTAIN TRL, ,LOT 17 BLK I CAMBRIDGE HEIGHTS PHS B SEC 2,309095,309095
1184,2026,507053,R,282302110,,2823021100000,CAUSEY ANISHA DIANE,No,,1624 HUECO MOUNTAIN TRL, ,LOT 18 BLK I CAMBRIDGE HEIGHTS PHS B SEC 2,297638,297638
1185,2026,507054,R,282302111,,2823021110000,REDDING DONALD V & SANDY M,No,,1626 HUECO MOUNTAIN TRL, ,LOT 19 BLK I CAMBRIDGE HEIGHTS PHS B SEC 2,287514,287514
1186,2026,507055,R,282302112,,2823021120000,CITY OF PFLUGERVILLE,No,,17403 TOYAHVILLE TRL, ,LOT 13 BLK I CAMBRIDGE HEIGHTS PHS B SEC 2,1003,1003
1187,2026,507056,R,282302113,,2823021130000,SILVEY AMY M & JEFFREY C,No,,17405 TOYAHVILLE TRL, ,LOT 1 BLK I CAMBRIDGE HEIGHTS PHS B SEC 2,286429,286429
1188,2026,507057,R,282302114,,2823021140000,CARDENAS KATALINA R & RUBEN,No,,17407 TOYAHVILLE TRL, ,LOT 2 BLK I CAMBRIDGE HEIGHTS PHS B SEC 2,320446,320446
1189,2026,507058,R,282302115,,2823021150000,PORTER DAN,No,,17409 TOYAHVILLE TRL, ,LOT 3 BLK I CAMBRIDGE HEIGHTS PHS B SEC 2,287349,287349
1190,2026,507059,R,282302116,,2823021160000,WOOD DEE JONETTE,No,,17411 TOYAHVILLE TRL, ,LOT 4 BLK I CAMBRIDGE HEIGHTS PHS B SEC 2,288008,288008
1191,2026,507060,R,282302117,,2823021170000,DIAZ ANGEL,No,,17413 TOYAHVILLE TRL, ,LOT 5 BLK I CAMBRIDGE HEIGHTS PHS B SEC 2,321796,321796
1192,2026,507061,R,282302201,,2823022010000,ARMENDARIZ DANIEL MARCELO,No,,1819 BARILLA MOUNTAIN TRL, ,LOT 12 BLK N CAMBRIDGE HEIGHTS PHS B SEC 3,284862,284862
1193,2026,507062,R,282302202,,2823022020000,SHV HOMES 3 LLC,No,,1817 BARILLA MOUNTAIN TRL, ,LOT 13 BLK N CAMBRIDGE HEIGHTS PHS B SEC 3,307694,307694
1194,2026,507063,R,282302203,,2823022030000,GONZALEZ JEANETTE,No,,1815 BARILLA MOUNTAIN TRL, ,LOT 14 BLK N CAMBRIDGE HEIGHTS PHS B SEC 3,277139,277139
1195,2026,507064,R,282302204,,2823022040000,NGUYEN HOANG & ALEXANDRIA,No,,1813 BARILLA MOUNTAIN TRL, ,LOT 15 BLK N CAMBRIDGE HEIGHTS PHS B SEC 3,322177,322177
1196,2026,507065,R,282302205,,2823022050000,WALKER MICHELLE DIANNE,No,,1811 BARILLA MOUNTAIN TRL, ,LOT 16 BLK N CAMBRIDGE HEIGHTS PHS B SEC 3,300327,300327
1197,2026,507066,R,282302206,,2823022060000,JORGENSON KASEY,No,,1809 BARILLA MOUNTAIN TRL, ,LOT 17 BLK N CAMBRIDGE HEIGHTS PHS B SEC 3,288743,288743
1198,2026,507067,R,282302207,,2823022070000,ROUDEBUSH MARK R,No,,1807 BARILLA MOUNTAIN TRL, ,LOT 18 BLK N CAMBRIDGE HEIGHTS PHS B SEC 3,281646,281646
1199,2026,507068,R,282302208,,2823022080000,SALINAS-LEON JUAN ANTONIO,No,,1805 BARILLA MOUNTAIN TRL, ,LOT 19 BLK N CAMBRIDGE HEIGHTS PHS B SEC 3,292662,292662
1200,2026,507069,R,282302209,,2823022090000,HOLUB COROLYN,No,,1803 BARILLA MOUNTAIN TRL, ,LOT 20 BLK N CAMBRIDGE HEIGHTS PHS B SEC 3,311494,311494
1201,2026,507070,R,282302210,,2823022100000,HAFNER BRAD,No,,1801 BARILLA MOUNTAIN TRL, ,LOT 21 BLK N CAMBRIDGE HEIGHTS PHS B SEC 3,297334,297334
1202,2026,507071,R,282302211,,2823022110000,JANSSEN CASIE L,No,,1731 BARILLA MOUNTAIN TRL, ,LOT 22 BLK N CAMBRIDGE HEIGHTS PHS B SEC 3,328415,328415
1203,2026,507072,R,282302212,,2823022120000,CALDWELL DAVID F,No,,1729 BARILLA MOUNTAIN TRL, ,LOT 23 BLK N CAMBRIDGE HEIGHTS PHS B SEC 3,295269,295269
1204,2026,507073,R,282302213,,2823022130000,ALYASSRI SAINEB S &,No,,1727 BARILLA MOUNTAIN TRL, ,LOT 24 BLK N CAMBRIDGE HEIGHTS PHS B SEC 3,291438,291438
1205,2026,507074,R,282302214,,2823022140000,LOPEZ STEVE,No,,1725 BARILLA MOUNTAIN TRL, ,LOT 25 BLK N CAMBRIDGE HEIGHTS PHS B SEC 3,285888,285888
1206,2026,507075,R,282302215,,2823022150000,RAMIREZ SANDRA VIRGINA ELIZABETH VALENCIA,No,,17312 TOYAHVILLE TRL, ,LOT 26 BLK N CAMBRIDGE HEIGHTS PHS B SEC 2,284752,284752
1207,2026,507076,R,282302216,,2823022160000,HERNANDEZ STEVEN PERRY JR,No,,17310 TOYAHVILLE TRL, ,LOT 27 BLK N CAMBRIDGE HEIGHTS PHS B SEC 2,284643,284643
1208,2026,507077,R,282302217,,2823022170000,URTADO FELIX,No,,17308 TOYAHVILLE TRL, ,LOT 28 BLK N CAMBRIDGE HEIGHTS PHS B SEC 2,280017,280017
1209,2026,507078,R,282302218,,2823022180000,KAWULA ADAM,No,,17306 TOYAHVILLE TRL, ,LOT 29 BLK N CAMBRIDGE HEIGHTS PHS B SEC 2,288894,288894
1210,2026,507079,R,282302219,,2823022190000,WOOD KEVIN L & JENNIFER P,No,,17304 TOYAHVILLE TRL, ,LOT 30 BLK N CAMBRIDGE HEIGHTS PHS B SEC 2,313406,313406
1211,2026,507080,R,282302220,,2823022200000,FLORES ENRIQUE &,No,,1700 W PFLUGERVILLE PKWY, ,LOT 31 BLK N CAMBRIDGE HEIGHTS PHS B SEC 4,288668,288668
1212,2026,507081,R,282302221,,2823022210000,CHAN ERIC,No,,1702 W PFLUGERVILLE PKWY, ,LOT 32 BLK N CAMBRIDGE HEIGHTS PHS B SEC 4,282159,282159
1213,2026,507082,R,282302222,,2823022220000,GUIAMELON MAJA LISSA C,No,,1704 W PFLUGERVILLE PKWY, ,LOT 33 BLK N CAMBRIDGE HEIGHTS PHS B SEC 4,288291,288291
1214,2026,507083,R,282302223,,2823022230000,ABUNDIA SAUL,No,,1706 W PFLUGERVILLE PKWY, ,LOT 34 BLK N CAMBRIDGE HEIGHTS PHS B SEC 4,305198,305198
1215,2026,507084,R,282302224,,2823022240000,LOONEY JULIA,No,,1708 W PFLUGERVILLE PKWY, ,LOT 35 BLK N CAMBRIDGE HEIGHTS PHS B SEC 4,305446,305446
1216,2026,507085,R,282302225,,2823022250000,HE YAN & QIANZHI WU,No,,1710 W PFLUGERVILLE PKWY, ,LOT 36 BLK N CAMBRIDGE HEIGHTS PHS B SEC 4,313657,313657
1217,2026,507086,R,282302226,,2823022260000,GUEDEA MICHAEL R,No,,1712 W PFLUGERVILLE PKWY, ,LOT 37 BLK N CAMBRIDGE HEIGHTS PHS B SEC 4,297474,297474
1218,2026,507087,R,282302227,,2823022270000,SOFY YOUSOR AL & SADDIK AL SOFY &,No,,1714 W PFLUGERVILLE PKWY, ,LOT 38 BLK N CAMBRIDGE HEIGHTS PHS B SEC 4,298854,298854
1219,2026,507088,R,282302228,,2823022280000,ZAVALA FRANCISCO &,No,,1716 W PFLUGERVILLE PKWY, ,LOT 39 BLK N CAMBRIDGE HEIGHTS PHS B SEC 4,292913,292913
1220,2026,507089,R,282302229,,2823022290000,FAKHOURY MICHAEL RAYMOND,No,,1718 W PFLUGERVILLE PKWY, ,LOT 40 BLK N CAMBRIDGE HEIGHTS PHS B SEC 4,310524,310524
1221,2026,507090,R,282302230,,2823022300000,TUNIC JAGODA & SASA MARIC,No,,1800 W PFLUGERVILLE PKWY, ,LOT 41 BLK N CAMBRIDGE HEIGHTS PHS B SEC 4,279438,279438
1222,2026,507091,R,282302231,,2823022310000,LYNCH DAVID MICHAEL JR,No,,1802 W PFLUGERVILLE PKWY, ,LOT 42 BLK N CAMBRIDGE HEIGHTS PHS B SEC 4,309899,309899
1223,2026,507092,R,282302232,,2823022320000,AKIMOFF JUSTIN GREGORY,No,,1804 W PFLUGERVILLE PKWY, ,LOT 43 BLK N CAMBRIDGE HEIGHTS PHS B SEC 4,287654,287654
1224,2026,507093,R,282302233,,2823022330000,BAILEY ADAM RANDAL &,No,,1806 W PFLUGERVILLE PKWY, ,LOT 44 BLK N CAMBRIDGE HEIGHTS PHS B SEC 4,309800,309800
1225,2026,507094,R,282302301,,2823023010000,COCKRELL WALTER J & SIGRUN,No,,1422 MARSH HARBOUR DR,ROUND ROCK,LOT 9 BLK P CAMBRIDGE HEIGHTS PHS C SEC 2REPLAT PT OF SPGBRK CTR PHS A,438306,438306
1226,2026,507095,R,282302302,,2823023020000,ILBOUDO JOHN T,No,,1424 MARSH HARBOUR DR,ROUND ROCK,LOT 8 BLK P CAMBRIDGE HEIGHTS PHS C SEC 2REPLAT PT OF SPGBRK CTR PHS A,418531,418531
1227,2026,507096,R,282302303,,2823023030000,TREVINO HUMBERTO & IRMA L,No,,1505 W PFLUGERVILLE PKWY,ROUND ROCK,LOT 7 BLK P CAMBRIDGE HEIGHTS PHS C SEC 2REPLAT PT OF SPGBRK CTR PHS A,402431,402431
1228,2026,507097,R,282302304,,2823023040000,BOYALAPALLI SAMUEL & ANUGRAH,No,,1503 W PFLUGERVILLE PKWY,ROUND ROCK,LOT 6 BLK P CAMBRIDGE HEIGHTS PHS C SEC 2REPLAT PT OF SPGBRK CTR PHS A,376090,376090
1229,2026,507098,R,282302305,,2823023050000,DOUGLAS MICHAEL & SUSIE NGUYEN,No,,1501 W PFLUGERVILLE PKWY,ROUND ROCK,LOT 5 BLK P CAMBRIDGE HEIGHTS PHS C SEC 2REPLAT PT OF SPGBRK CTR PHS A,398964,398964
1230,2026,507099,R,282302401,,2823024010000,UBALLE PAUL R & DIANE R,No,,1418 MANJACK CAY DR,,LOT 23 BLK Q CAMBRIDGE HEIGHTS PHS C SEC 2REPLAT PT OF SPGBRK CTR PHS A,394232,394232
1231,2026,507100,R,282302402,,2823024020000,ARNOLD JIMMY,No,,1420 MANJACK CAY DR,ROUND ROCK,LOT 24 BLK Q CAMBRIDGE HEIGHTS PHS C SEC 2REPLAT PT OF SPGBRK CTR PHS A,355000,355000
1232,2026,507101,R,282302403,,2823024030000,PHAM CUONG & LY,No,,1423 MARSH HARBOUR DR,ROUND ROCK,LOT 1 BLK Q CAMBRIDGE HEIGHTS PHS C SEC 2REPLAT PT OF SPGBRK CTR PHS A,352973,352973
1233,2026,507102,R,282302404,,2823024040000,JAIME CESAR,No,,1421 MARSH HARBOUR DR,ROUND ROCK,LOT 2 BLK Q CAMBRIDGE HEIGHTS PHS C SEC 2REPLAT PT OF SPGBRK CTR PHS A,374018,374018
1234,2026,507103,R,282302501,,2823025010000,BROWN DAVID LEWIS,No,,17304 GUANA CAY DR,ROUND ROCK,LOT 34 BLK R CAMBRIDGE HEIGHTS PHS C SEC 1REPLAT PT OF SPGSBRK CTR PH A,375542,375542
1235,2026,507104,R,282302502,,2823025020000,ULUTURK YAKUP & NAZIK ULUTURK,No,,17302 GUANA CAY DR,ROUND ROCK,LOT 35 BLK R CAMBRIDGE HEIGHTS PHS C SEC 1REPLAT PT OF SPGSBRK CTR PH A,369227,369227
1236,2026,507105,R,282302503,,2823025030000,PENA MIGUEL E & NANCEE D,No,,1412 CORAL CAY LN,ROUND ROCK,LOT 36 BLK R CAMBRIDGE HEIGHTS PHS C SEC 1REPLAT PT OF SPGSBRK CTR PH A,377292,377292
1237,2026,507106,R,282302504,,2823025040000,RANGEL ROBERT M & SARA J,No,,1414 CORAL CAY LN,ROUND ROCK,LOT 37 BLK R CAMBRIDGE HEIGHTS PHS C SEC 1REPLAT PT OF SPGSBRK CTR PH A,388975,388975
1238,2026,507107,R,282302505,,2823025050000,SMITH STEPHEN J & MISSY E,No,,1416 CORAL CAY LN,ROUND ROCK,LOT 38 BLK R CAMBRIDGE HEIGHTS PHS C SEC 1REPLAT PT OF SPGSBRK CTR PH A,330030,330030
1239,2026,507108,R,282302506,,2823025060000,CERRITO CLORINDA P & ISAIAS G,No,,17303 MARFA LIGHTS TRL,ROUND ROCK,LOT 1 BLK R CAMBRIDGE HEIGHTS PHS C SEC 2REPLAT PT OF SPGBRK CTR PHS A,388979,388979
1240,2026,507109,R,282302507,,2823025070000,ANKLAM JOHN & SPRING,No,,17305 MARFA LIGHTS TRL,ROUND ROCK,LOT 2 BLK R CAMBRIDGE HEIGHTS PHS C SEC 2REPLAT PT OF SPGBRK CTR PHS A,383361,383361
1241,2026,507110,R,282302508,,2823025080000,BRITTON LAWRENCE M JR,No,,17307 MARFA LIGHTS TRL,ROUND ROCK,LOT 3 BLK R CAMBRIDGE HEIGHTS PHS C SEC 2REPLAT PT OF SPGBRK CTR PHS A,405886,405886
1242,2026,507111,R,282302509,,2823025090000,DIEP TOM DAC & HUE DANG,No,,1417 MANJACK CAY DR,,LOT 4 BLK R CAMBRIDGE HEIGHTS PHS C SEC 2REPLAT PT OF SPGBRK CTR PHS A,398904,398904
1243,2026,507115,R,282331509,,2823315090000,GUERRERO YAMILE ,No,,1410 W PFLUGERVILLE PKWY, ,LOT 55A CAMBRIDGE HEIGHTS PHS A SEC 5 AMEND PLAT OF LTS 54&55 BLKB,323174,323174
1244,2026,507116,R,282331510,,2823315100000,NIKNAM BAHRAM & DEBBIE,No,,1412 W PFLUGERVILLE PKWY, ,LOT 54A CAMBRIDGE HEIGHTS PHS A SEC 5 AMEND PLAT OF LTS 54&55 BLK B,314340,314340
1245,2026,507117,R,282331511,,2823315110000,LETTNER ROSE MONIKA,No,,1414 W PFLUGERVILLE PKWY, ,LOT 53 BLK B CAMBRIDGE HEIGHTS PHS A SEC 5,343471,343471
1246,2026,507118,R,282331512,,2823315120000,ALVAREZ GILBERTO,No,,1416 W PFLUGERVILLE PKWY, ,LOT 52 BLK B CAMBRIDGE HEIGHTS PHS A SEC 5,343358,343358
1247,2026,507119,R,282331513,,2823315130000,KRAPPA JENNA,No,,1418 W PFLUGERVILLE PKWY, ,LOT 51 BLK B CAMBRIDGE HEIGHTS PHS A SEC 5,343657,343657
1248,2026,507120,R,282331514,,2823315140000,RODRIGUEZ FAMILY TRUST,No,,1420 W PFLUGERVILLE PKWY, ,LOT 50 BLK B CAMBRIDGE HEIGHTS PHS A SEC 5,379816,379816
1249,2026,507121,R,282331515,,2823315150000,PARISH LASTACY A & KIMBERLY R,No,,1422 W PFLUGERVILLE PKWY, ,LOT 49 BLK B CAMBRIDGE HEIGHTS PHS A SEC 5,338186,338186
1250,2026,507122,R,282331516,,2823315160000,NGUYEN TRANG T,No,,1424 W PFLUGERVILLE PKWY, ,LOT 48 BLK B CAMBRIDGE HEIGHTS PHS A SEC 5,352465,352465
1251,2026,507123,R,282331517,,2823315170000,BAJRAMI NEHAT,No,,1426 W PFLUGERVILLE PKWY, ,LOT 47 BLK B CAMBRIDGE HEIGHTS PHS A SEC 5,340207,340207
1252,2026,507124,R,282331622,,2823316220000,HORNSBY CHRISTOPHER,No,,1415 MANJACK CAY DR,ROUND ROCK,LOT 5 BLK R CAMBRIDGE HEIGHTS PHS C SEC 2REPLAT PT OF SPGBRK CTR PHS A,375273,375273
1253,2026,507126,R,282331624,,2823316240000,VANDIVER DANA L,No,,1411 MANJACK CAY DR,,LOT 7 BLK R CAMBRIDGE HEIGHTS PHS C SEC 2REPLAT PT OF SPGBRK CTR PHS A,368063,368063
1254,2026,507127,R,282331625,,2823316250000,FUNKHOUSER LINDSAY,No,,1409 MANJACK CAY DR,,LOT 8 BLK R CAMBRIDGE HEIGHTS PHS C SEC 2REPLAT PT OF SPGBRK CTR PHS A,371587,371587
1255,2026,507128,R,282331626,,2823316260000,HICKS ANDREW & KELLIE MURPHREE,No,,1407 MANJACK CAY DR,ROUND ROCK,LOT 9 BLK R CAMBRIDGE HEIGHTS PHS C SEC 2REPLAT PT OF SPGBRK CTR PHS A,323000,323000
1256,2026,507129,R,282331627,,2823316270000,NGUYEN HUNG & HA,No,,1405 MANJACK CAY DR,,LOT 10 BLK R CAMBRIDGE HEIGHTS PHS C SEC 2REPLAT PT OF SPGBRK CTR PHS A,345613,345613
1257,2026,507130,R,282331628,,2823316280000,RANE CHINMAY APPA & STACY MARSHALL,No,,1403 MANJACK CAY DR,,LOT 11 BLK R CAMBRIDGE HEIGHTS PHS C SEC 2REPLAT PT OF SPGBRK CTR PHS A,359807,359807
1258,2026,507131,R,282331629,,2823316290000,SCHRAUB DONALD L JR & LISA,No,,17314 ABACO HARBOUR LN,ROUND ROCK,LOT 12 BLK R CAMBRIDGE HEIGHTS PHS C SEC 2REPLAT PT OF SPGBRK CTR PHS A,372242,372242
1259,2026,507132,R,282331709,,2823317090000,VEGA DANIEL SR,No,,1307 MARSH HARBOUR CV,ROUND ROCK,LOT 31 BLK P CAMBRIDGE HEIGHTS PHS C SEC 2REPLAT PT OF SPGBRK CTR PHS A,407317,407317
1260,2026,507133,R,282331710,,2823317100000,NGUYEN DUOC T & CHI T BUI,No,,1305 MARSH HARBOUR CV,ROUND ROCK,LOT 30 BLK P CAMBRIDGE HEIGHTS PHS C SEC 2REPLAT PT OF SPGBRK CTR PHS A,340744,340744
1261,2026,507134,R,282331711,,2823317110000,ERIVES LUIS & ANNA,No,,1303 MARSH HARBOUR CV,ROUND ROCK,LOT 29 BLK P CAMBRIDGE HEIGHTS PHS C SEC 2REPLAT PT OF SPGBRK CTR PHS A,387045,387045
1262,2026,507135,R,282331712,,2823317120000,TOTH PAUL S & DAPHNE J FRANKLIN,No,,1301 MARSH HARBOUR CV,ROUND ROCK,LOT 28 BLK P CAMBRIDGE HEIGHTS PHS C SEC 2 REPLAT PT OF SPGBRK CTR PHS A,333955,333955
1263,2026,507136,R,282331713,,2823317130000,BRITO ANNE C,No,,1300 MARSH HARBOUR CV,ROUND ROCK,LOT 27 BLK P CAMBRIDGE HEIGHTS PHS C SEC 2REPLAT PT OF SPGBRK CTR PHS A,332098,332098
1264,2026,507137,R,282331714,,2823317140000,MCKINLEY EVELYN,No,,1302 MARSH HARBOUR CV,ROUND ROCK,LOT 26 BLK P CAMBRIDGE HEIGHTS PHS C SEC 2 REPLAT PT OF SPGBRK CTR PHS A,398180,398180
1265,2026,507138,R,282331715,,2823317150000,ROSYLITE REALTY LLC,No,,1304 MARSH HARBOUR CV,ROUND ROCK,LOT 25 BLK P CAMBRIDGE HEIGHTS PHS C SEC 2REPLAT PT OF SPGBRK CTR PHS A,354122,354122
1266,2026,507139,R,282331716,,2823317160000,BAINTER BRUCE C & LIZABETH A,No,,1306 MARSH HARBOUR CV,ROUND ROCK,LOT 24 BLK P CAMBRIDGE HEIGHTS PHS C SEC 2REPLAT PT OF SPGBRK CTR PHS A,375286,375286
1267,2026,507140,R,282331717,,2823317170000,SALEEM KAMRAN &,No,,17405 ABACO HARBOUR LN,,LOT 23 BLK P CAMBRIDGE HEIGHTS PHS C SEC 2REPLAT PT OF SPGBRK CTR PHS A,380000,380000
1268,2026,507141,R,282331718,,2823317180000,HOVHANNISYAN MARGARIT & PARGEV GABRIELYAN,No,,17407 ABACO HARBOUR LN,ROUND ROCK,LOT 22 BLK P CAMBRIDGE HEIGHTS PHS C SEC 2REPLAT PT OF SPGBRK CTR PHS A,357238,357238
1269,2026,507142,R,282331719,,2823317190000,MARTINEZ NICHOLAS ANDRE & MEAGAN E,No,,17409 ABACO HARBOUR LN,ROUND ROCK,LOT 21 BLK P CAMBRIDGE HEIGHTS PHS C SEC 2REPLAT PT OF SPGBRK CTR PHS A,353624,353624
1270,2026,507143,R,282331720,,2823317200000,GONZALES CRAIG E & HAN N GONZA,No,,1400 MARSH HARBOUR DR,,LOT 20 BLK P CAMBRIDGE HEIGHTS PHS C SEC 2REPLAT PT OF SPGBRK CTR PHS A,333967,333967
1271,2026,507144,R,282331721,,2823317210000,WILSON RONEY & PRINCESS M ALLE,No,,1402 MARSH HARBOUR DR,,LOT 19 BLK P CAMBRIDGE HEIGHTS PHS C SEC 2REPLAT PT OF SPGBRK CTR PHS A,342902,342902
1272,2026,507145,R,282331722,,2823317220000,MCMURRAY ANDRE P & CHRISTY,No,,1404 MARSH HARBOUR DR,ROUND ROCK,LOT 18 BLK P CAMBRIDGE HEIGHTS PHS C SEC 2REPLAT PT OF SPGBRK CTR PHS A,393577,393577
1273,2026,507146,R,282331723,,2823317230000,CAWLEY MICHAEL & AMY CLICK,No,,1406 MARSH HARBOUR DR,,LOT 17 BLK P CAMBRIDGE HEIGHTS PHS C SEC 2REPLAT PT OF SPGBRK CTR PHS A,391362,391362
1274,2026,507147,R,282331724,,2823317240000,KAPELLER EARL & SHARON REVOCABLE,No,,1408 MARSH HARBOUR DR,ROUND ROCK,LOT 16 BLK P CAMBRIDGE HEIGHTS PHS C SEC 2REPLAT PT OF SPGBRK CTR PHS A,375571,375571
1275,2026,507148,R,282331725,,2823317250000,DORWART THERESA CLAIRE,No,,1410 MARSH HARBOUR DR,ROUND ROCK,LOT 15 BLK P CAMBRIDGE HEIGHTS PHS C SEC 2REPLAT PT OF SPGBRK CTR PHS A,392139,392139
1276,2026,507149,R,282331726,,2823317260000,MANESS KENNETH,No,,1412 MARSH HARBOUR DR,ROUND ROCK,LOT 14 BLK P CAMBRIDGE HEIGHTS PHS C SEC 2REPLAT PT OF SPGBRK CTR PHS A,406371,406371
1277,2026,507150,R,282331727,,2823317270000,UONG DOMINIC C & DONNA,No,,1414 MARSH HARBOUR DR,ROUND ROCK,LOT 13 BLK P CAMBRIDGE HEIGHTS PHS C SEC 2REPLAT PT OF SPGBRK CTR PHS A,408583,408583
1278,2026,507151,R,282331728,,2823317280000,BECKNER SARA & GARETT,No,,1416 MARSH HARBOUR DR,,LOT 12 BLK P CAMBRIDGE HEIGHTS PHS C SEC 2REPLAT PT OF SPGBRK CTR PHS A,353416,353416
1279,2026,507152,R,282331729,,2823317290000,CATCOTT JESSICA,No,,1418 MARSH HARBOUR DR,,LOT 11 BLK P CAMBRIDGE HEIGHTS PHS C SEC 2REPLAT PT OF SPGBRK CTR PHS A,394050,394050
1280,2026,507153,R,282331730,,2823317300000,BUSK GUY EDWARD JR &,No,,1420 MARSH HARBOUR DR,ROUND ROCK,LOT 10 BLK P CAMBRIDGE HEIGHTS PHS C SEC 2REPLAT PT OF SPGBRK CTR PHS A,345922,345922
1281,2026,507154,R,282331731,,2823317310000,DELGADILLO VALENTIN & MARTINA ROMAN,No,,1427 W PFLUGERVILLE PKWY,ROUND ROCK,LOT 4 BLK P CAMBRIDGE HEIGHTS PHS C SEC 2REPLAT PT OF SPGBRK CTR PHS A,386461,386461
1282,2026,507155,R,282331732,,2823317320000,SIGAMALA RAVINDRANATH,No,,1425 W PFLUGERVILLE PKWY,ROUND ROCK,LOT 3 BLK P CAMBRIDGE HEIGHTS PHS C SEC 2REPLAT PT OF SPGBRK CTR PHS A,353722,353722
1283,2026,507156,R,282331733,,2823317330000,GARY-WYATT MELODY,No,,1423 W PFLUGERVILLE PKWY,ROUND ROCK,LOT 2 BLK P CAMBRIDGE HEIGHTS PHS C SEC 2REPLAT PT OF SPGBRK CTR PHS A,394439,394439
1284,2026,507157,R,282331734,,2823317340000,TALBERT MARIA D,No,,1421 W PFLUGERVILLE PKWY,ROUND ROCK,LOT 1 BLK P CAMBRIDGE HEIGHTS PHS C SEC 2REPLAT PT OF SPGBRK CTR PHS A,367602,367602
1285,2026,507159,R,282331901,,2823319010000,DIEP PHAT C & LINH M NGUYEN,No,,1419 MARSH HARBOUR DR,ROUND ROCK,LOT 3 BLK Q CAMBRIDGE HEIGHTS PHS C SEC 2REPLAT PT OF SPGBRK CTR PHS A,325640,325640
1286,2026,507160,R,282331902,,2823319020000,MARTINEZ EUSTAQUIO & MARIA C,No,,1417 MARSH HARBOUR DR,ROUND ROCK,LOT 4 BLK Q CAMBRIDGE HEIGHTS PHS C SEC 2REPLAT PT OF SPGBRK CTR PHS A,392923,392923
1287,2026,507161,R,282331903,,2823319030000,FLORES HECTOR DANIEL,No,,1415 MARSH HARBOUR DR,ROUND ROCK,LOT 5 BLK Q CAMBRIDGE HEIGHTS PHS C SEC 2 REPLAT PT OF SPGBRK CTR PHS A,403658,403658
1288,2026,507162,R,282331904,,2823319040000,NGUYEN XUAN VINH &,No,,1413 MARSH HARBOUR DR,,LOT 6 BLK Q CAMBRIDGE HEIGHTS PHS C SEC 2REPLAT PT OF SPGBRK CTR PHS A,339000,339000
1289,2026,507163,R,282331905,,2823319050000,RAHIMIAN MONA,No,,1411 MARSH HARBOUR DR,ROUND ROCK,LOT 7 BLK Q CAMBRIDGE HEIGHTS PHS C SEC 2REPLAT PT OF SPGBRK CTR PHS A,336932,336932
1290,2026,507164,R,282331906,,2823319060000,DUDLEY CHARLES W & LORRAINE,No,,1409 MARSH HARBOUR DR,ROUND ROCK,LOT 8 BLK Q CAMBRIDGE HEIGHTS PHS C SEC 2REPLAT PT OF SPGBRK CTR PHS A,351334,351334
1291,2026,507165,R,282331907,,2823319070000,LIAO JINGJIN,No,,1407 MARSH HARBOUR DR,,LOT 9 BLK Q CAMBRIDGE HEIGHTS PHS C SEC 2REPLAT PT OF SPGBRK CTR PHS A,395199,395199
1292,2026,507166,R,282331908,,2823319080000,MOORE LORI LYNN,No,,1405 MARSH HARBOUR DR,ROUND ROCK,LOT 10 BLK Q CAMBRIDGE HEIGHTS PHS C SEC 2REPLAT PT OF SPGBRK CTR PHS A,377622,377622
1293,2026,507167,R,282331909,,2823319090000,MURPHY KATHERINE,No,,1403 MARSH HARBOUR DR,,LOT 11 BLK Q CAMBRIDGE HEIGHTS PHS C SEC 2REPLAT PT OF SPGBRK CTR PHS A,345986,345986
1294,2026,507168,R,282331910,,2823319100000,HEDDEN ANDREW,No,,17404 ABACO HARBOUR LN,PFLUGERVILLE,LOT 12 BLK Q CAMBRIDGE HEIGHTS PHS C SEC 2REPLAT PT OF SPGBRK CTR PHS A,400435,400435
1295,2026,507169,R,282331911,,2823319110000,AL BEHADRI MOHAMMED ABDULLA & ,No,,17402 ABACO HARBOUR LN,,LOT 13 BLK Q CAMBRIDGE HEIGHTS PHS C SEC 2REPLAT PT OF SPGBRK CTR PHS A,371248,371248
1296,2026,507170,R,282331912,,2823319120000,NICHOLS JOSEPH ANTHONY &,No,,17400 ABACO HARBOUR LN,,LOT 14 BLK Q CAMBRIDGE HEIGHTS PHS C SEC 2REPLAT PT OF SPGBRK CTR PHS A,412993,412993
1297,2026,507171,R,282331913,,2823319130000,JOHN ANGELA VEGA &,No,,1402 MANJACK CAY DR,,LOT 15 BLK Q CAMBRIDGE HEIGHTS PHS C SEC 2REPLAT PT OF SPGBRK CTR PHS A,395758,395758
1298,2026,507172,R,282331914,,2823319140000,PALMER MATTHEW J & STEPHENIE D,No,,1404 MANJACK CAY DR,,LOT 16 BLK Q CAMBRIDGE HEIGHTS PHS C SEC 2REPLAT PT OF SPGBRK CTR PHS A,372427,372427
1299,2026,507174,R,282331916,,2823319160000,SALAS JIMMY,No,,1408 MANJACK CAY DR,,LOT 18 BLK Q CAMBRIDGE HEIGHTS PHS C SEC 2REPLAT PT OF SPGBRK CTR PHS A,436620,436620
1300,2026,507175,R,282331917,,2823319170000,TITAPAS ROXANNA Q,No,,1410 MANJACK CAY DR,,LOT 19 BLK Q CAMBRIDGE HEIGHTS PHS C SEC 2REPLAT PT OF SPGBRK CTR PHS A,395187,395187
1301,2026,507176,R,282331918,,2823319180000,ANDIS ESTER & RICHARD J,No,,1412 MANJACK CAY DR,,LOT 20 BLK Q CAMBRIDGE HEIGHTS PHS C SEC 2REPLAT PT OF SPGBRK CTR PHS A,372115,372115
1302,2026,507178,R,282331920,,2823319200000,COLVIN VERGINA O,No,,1416 MANJACK CAY DR,,LOT 22 BLK Q CAMBRIDGE HEIGHTS PHS C SEC 2REPLAT PT OF SPGBRK CTR PHS A,375509,375509
1303,2026,507198,R,284200206,WR408056,2842002060000,451 W LOUIS HENNA LLC,No,VACANT,451 W LOUIS HENNA BLVD,,LOT 2 K2 SUBD,2163100,2163100
1304,2026,507201,R,284200209,WR408055,2842002090000,ROUND ROCK MP RK6 LLC,No,PHYSCIANS CENTRE,505 W LOUIS HENNA BLVD,,LOT 1 K2 SUBD,5840267,5840267
1305,2026,507202,R,284200210,WR408057,2842002100000,NNN REIT LP,No,CHUCK-E-CHEESE,401 W LOUIS HENNA BLVD,,LOT 3 K2 SUBD,3883995,3883995
1306,2026,507203,R,284200211,WR416454,2842002110000,YBAT SHOP LLC,No,YOUNGBLOOD AUTO / ENTERPRISE,375 W LOUIS HENNA BLVD,AUSTIN,LOT 4B BLK A K2 SUBD REPLAT OF LOT 4 FARMERS INSURANCE TRACT SEC 3 REPLAT OF LOT 3 BLK A,1766000,1766000
1307,2026,507204,R,284200212,WR416453,2842002120000,LOUIS HENNA PLAZA LLC,Yes,K-2 PLAZA,399 W LOUIS HENNA BLVD,,LOT 4A BLK A K2 SUBD REPLAT OF LOT 4 FARMERS INSURANCE TRACT SEC 3 REPLAT OF LOT 3 BLK A,2091240,2091240
1308,2026,507205,R,284280101,,2842801010000,DE HOYOS JUAN PABLO,No,,17314 VALENTINE DR, ,LOT 1 BLK N CAMBRIDGE HEIGHTS PHS B SEC 4,296300,296300
1309,2026,507206,R,284280102,,2842801020000,WYNN LOREN P,No,,17312 VALENTINE DR, ,LOT 2 BLK N CAMBRIDGE HEIGHTS PHS B SEC 4,287729,287729
1310,2026,507207,R,284280103,,2842801030000,TAYLOR KATHERINE A,No,,17310 VALENTINE DR, ,LOT 3 BLK N CAMBRIDGE HEIGHTS PHS B SEC 4,307894,307894
1311,2026,507208,R,284300117,,2843001170000,HARVEYJOE,No,,1608 CANDELARIA MESA DR, ,LOT 80 BLK H CAMBRIDGE HEIGHTS PHS A SEC 4,338795,338795
1312,2026,507209,R,284300118,,2843001180000,KELM BRYAN T,No,,1610 CANDELARIA MESA DR, ,LOT 79 BLK H CAMBRIDGE HEIGHTS PHS A SEC 4,339447,339447
1313,2026,507210,R,284300119,,2843001190000,VAN ZANDT REBECCA & RACHELLE,No,,1612 CANDELARIA MESA DR, ,LOT 78 BLK H CAMBRIDGE HEIGHTS PHS A SEC 4,352122,352122
1314,2026,507211,R,284300120,,2843001200000,JOSHI SHIVANGI & AMIT SINGH RANA,No,,1614 CANDELARIA MESA DR, ,LOT 77 BLK H CAMBRIDGE HEIGHTS PHS A SEC 4,380383,380383
1315,2026,507212,R,284300121,,2843001210000,RAMON NORMA A,No,,1616 CANDELARIA MESA DR, ,LOT 76 BLK H CAMBRIDGE HEIGHTS PHS A SEC 4,351240,351240
1316,2026,507213,R,284300122,,2843001220000,VILLATORO CARLOS H & THELMA,No,,1700 CANDELARIA MESA DR, ,LOT 75 BLK H CAMBRIDGE HEIGHTS PHS A SEC 4,312567,312567
1317,2026,507214,R,284300123,,2843001230000,AH4R I TX LLC,No,,1702 CANDELARIA MESA DR, ,LOT 74 BLK H CAMBRIDGE HEIGHTS PHS A SEC 4,291835,291835
1318,2026,507215,R,284300124,,2843001240000,VIVAS YONATHAN MUCHACHO,No,,1704 CANDELARIA MESA DR, ,LOT 73 BLK H CAMBRIDGE HEIGHTS PHS A SEC 4 (.102AC IN TRAVIS CO),337765,337765
1319,2026,507217,R,284300125,,2843001250000,MARIN HECTOR A M &,No,,17704 LIMPIA CREEK DR, ,LOT 56 BLK H CAMBRIDGE HEIGHTS PHS A SEC 3 (.053AC IN TRAVIS CO),354684,354684
1320,2026,507219,R,284300126,,2843001260000,PALAFOX GERARDO M,No,,17702 LIMPIA CREEK DR, ,LOT 55 BLK H CAMBRIDGE HEIGHTS PHS A SEC 3 (.103AC IN TRAVIS CO),338647,338647
1321,2026,507221,R,284300127,,2843001270000,DENG RUILI & RUHONG CAI,No,,17700 LIMPIA CREEK DR, ,LOT 54 BLK H CAMBRIDGE HEIGHTS PHS A SEC 3,326559,326559
1322,2026,507222,R,284300128,,2843001280000,AGUERO CLEOPATRA &,No,,17608 LIMPIA CREEK DR, ,LOT 53 BLK H CAMBRIDGE HEIGHTS PHS A SEC 3,337677,337677
1323,2026,507223,R,284300129,,2843001290000,JESMANI AHMAD S &,No,,17606 LIMPIA CREEK DR, ,LOT 52 BLK H CAMBRIDGE HEIGHTS PHS A SEC 3,296089,296089
1324,2026,507224,R,284300130,,2843001300000,SUNDARAMURTHY GOPINATH,No,,17604 LIMPIA CREEK DR, ,LOT 51 BLK H CAMBRIDGE HEIGHTS PHS A SEC 3,369720,369720
1325,2026,507225,R,284300131,,2843001310000,NANDIN JACQUELIN K,No,,17602 LIMPIA CREEK DR, ,LOT 50 BLK H CAMBRIDGE HEIGHTS PHS A SEC 3,346470,346470
1326,2026,507226,R,284300132,,2843001320000,PRIOR PERRY & LYNNE FAMILY TRUST,No,,17600 LIMPIA CREEK DR, ,LOT 49 BLK H CAMBRIDGE HEIGHTS PHS A SEC 3,335683,335683
1327,2026,507227,R,284300133,,2843001330000,1919 INVESTMENTS LLC ,No,,17508 LIMPIA CREEK DR, ,LOT 48 BLK H CAMBRIDGE HEIGHTS PHS A SEC 3,316092,316092
1328,2026,507228,R,284300134,,2843001340000,HAUGE RUDOLPH KRISTIAN,No,,17506 LIMPIA CREEK DR, ,LOT 47 BLK H CAMBRIDGE HEIGHTS PHS A SEC 3,334714,334714
1329,2026,507229,R,284300135,,2843001350000,GANDY EMILY & MATTHEW HELGREN,No,,17504 LIMPIA CREEK DR, ,LOT 46 BLK H CAMBRIDGE HEIGHTS PHS A SEC 3,330751,330751
1330,2026,507230,R,284300136,,2843001360000,FULLER JOHN J,No,,17502 LIMPIA CREEK DR, ,LOT 45 BLK H CAMBRIDGE HEIGHTS PHS A SEC 3,341279,341279
1331,2026,507231,R,284300137,,2843001370000,KODE FAMILY TRUST,No,,17500 LIMPIA CREEK DR, ,LOT 44 BLK H CAMBRIDGE HEIGHTS PHS A SEC 3,355079,355079
1332,2026,507232,R,284300138,,2843001380000,JONES SCOTT LIVING TRUST,No,,17501 LIMPIA CREEK DR, ,LOT 43 BLK H CAMBRIDGE HEIGHTS PHS A SEC 3,341094,341094
1333,2026,507233,R,284300139,,2843001390000,ZHOU BO & HONGYAN ZHANG,No,,17503 LIMPIA CREEK DR, ,LOT 42 BLK H CAMBRIDGE HEIGHTS PHS A SEC 3,386738,386738
1334,2026,507234,R,284300140,,2843001400000,ACKERSON GARRY,No,,17505 LIMPIA CREEK DR, ,LOT 41 BLK H CAMBRIDGE HEIGHTS PHS A SEC 3,341144,341144
1335,2026,507235,R,284300141,,2843001410000,LOPEZ MARIA ELENA,No,,17507 LIMPIA CREEK DR, ,LOT 40 BLK H CAMBRIDGE HEIGHTS PHS A SEC 3,336696,336696
1336,2026,507236,R,284300142,,2843001420000,CAMBRIDGE HEIGHTS OWNERS ASSOCIATION INC,No,, BALMORHEA LN, ,LOT 25 BLK F CAMBRIDGE HEIGHTS PHS A SEC 3,821,821
1337,2026,507238,R,284300143,,2843001430000,OGDEN KIMBERLY ANN & CHARLES D,No,,17512 SALT FLAT LN, ,LOT 38 BLK H CAMBRIDGE HEIGHTS PHS B SEC 1,282442,282442
1338,2026,507239,R,284300144,,2843001440000,ABBASZADEH FARHAUD &,No,,17510 SALT FLAT LN, ,LOT 37 BLK H CAMBRIDGE HEIGHTS PHS B SEC 1,285104,285104
1339,2026,507240,R,284300145,,2843001450000,MORALES NANCY,No,,17508 SALT FLAT LN, ,LOT 36 BLK H CAMBRIDGE HEIGHTS PHS B SEC 1,285863,285863
1340,2026,507241,R,284300146,,2843001460000,MCDAVID MITCHELL & PHOEBE GLAVE,No,,17506 SALT FLAT LN, ,LOT 35 BLK H CAMBRIDGE HEIGHTS PHS B SEC 1,300142,300142
1341,2026,507242,R,284300147,,2843001470000,GOMEZ CHELSEA JAYE & TOMAS GOMEZ,No,,17504 SALT FLAT LN, ,LOT 34 BLK H CAMBRIDGE HEIGHTS PHS B SEC 1,308329,308329
1342,2026,507243,R,284300148,,2843001480000,DEMPSEY HARRY CLINTON & PAULINE RUTH,No,,17502 SALT FLAT LN,ROUND ROCK,LOT 33 BLK H CAMBRIDGE HEIGHTS PHS B SEC 1,289105,289105
1343,2026,507244,R,284300149,,2843001490000,KVINTA EMILY,No,,17500 SALT FLAT LN, ,LOT 32 BLK H CAMBRIDGE HEIGHTS PHS B SEC 1,294434,294434
1344,2026,507263,R,284300166,,2843001660000,LEFFERD GORDON,No,,17416 VALENTINE DR, ,LOT 8 BLK H CAMBRIDGE HEIGHTS PHS B SEC 4 (.057AC IN TRAVIS CO),293807,293807
1345,2026,507265,R,284300167,,2843001670000,BENNETT MEAGAN,No,,17414 VALENTINE DR, ,LOT 7 BLK H CAMBRIDGE HEIGHTS PHS B SEC 4,289218,289218
1346,2026,507266,R,284300168,,2843001680000,PEKA CURTIS DARRIN & ELIZABETH ANNE PEKA,No,,17410 VALENTINE DR, ,LOT 6 BLK H CAMBRIDGE HEIGHTS PHS B SEC 4,323583,323583
1347,2026,507267,R,284300169,,2843001690000,ROMAN JOHN & JUDITH,No,,17408 VALENTINE DR, ,LOT 5 BLK H CAMBRIDGE HEIGHTS PHS B SEC 4,289216,289216
1348,2026,507268,R,284300170,,2843001700000,BARTHOLOMEW CLAYTON & MEGHAN,No,,17406 VALENTINE DR, ,LOT 4 BLK H CAMBRIDGE HEIGHTS PHS B SEC 4,279504,279504
1349,2026,507269,R,284300171,,2843001710000,HERMES MICHAEL A & JESSAMYN F WEST,No,,17404 VALENTINE DR, ,LOT 3 BLK H CAMBRIDGE HEIGHTS PHS B SEC 4,317932,317932
1350,2026,507270,R,284300172,,2843001720000,BUI DINH KIM & LIEN NGOC MAI NGUYEN,No,,17402 VALENTINE DR, ,LOT 2 BLK H CAMBRIDGE HEIGHTS PHS B SEC 4,285653,285653
1351,2026,507271,R,284300173,,2843001730000,MAPLE TRUST,No,,17400 VALENTINE DR, ,LOT 1 BLK H CAMBRIDGE HEIGHTS PHS B SEC 4,308180,308180
1352,2026,507272,R,284300174,,2843001740000,BORGE REYNALDO C,No,,1706 CANDELARIA MESA DR, ,LOT 72 BLK H CAMBRIDGE HEIGHTS PHS A SEC 4 (.0149AC IN TRAVIS CO),102503,102503
1353,2026,507296,R,284300602,,2843006020000,GUERRA CIRO III & MELINDA R,No,,1602 LOBO MOUNTAIN LN, ,LOT 11 BLK E CAMBRIDGE HEIGHTS PHS A SEC 4,372461,372461
1354,2026,507297,R,284300603,,2843006030000,SEVERSON STANLEY ADAM,No,,1604 LOBO MOUNTAIN LN, ,LOT 12 BLK E CAMBRIDGE HEIGHTS PHS A SEC 4,373104,373104
1355,2026,507298,R,284300604,,2843006040000,BRENEPP LLC,No,,1606 LOBO MOUNTAIN LN, ,LOT 13 BLK E CAMBRIDGE HEIGHTS PHS A SEC 4,312934,312934
1356,2026,507299,R,284300605,,2843006050000,VANDERHOFF ISAIAH ANDREW &,No,,1608 LOBO MOUNTAIN LN,ROUND ROCK,LOT 14 BLK E CAMBRIDGE HEIGHTS PHS A SEC 4,351315,351315
1357,2026,507300,R,284300606,,2843006060000,WHISTON JEFFREY,No,,1610 LOBO MOUNTAIN LN, ,LOT 15 BLK E CAMBRIDGE HEIGHTS PHS A SEC 4,331999,331999
1358,2026,507301,R,284300607,,2843006070000,MCKIM BARBARA OATH TRUST,No,,1700 LOBO MOUNTAIN LN, ,LOT 16 BLK E CAMBRIDGE HEIGHTS PHS A SEC 4,398632,398632
1359,2026,507302,R,284300608,WR474585,2843006080000,SEIDEL DEREK & SHANNON KATHLEEN,No,,1702 LOBO MOUNTAIN LN, ,LOT 17 BLK E CAMBRIDGE HEIGHTS PHS A SEC 4 (.100AC IN TRAVIS CO),376961,376961
1360,2026,507304,R,284300609,,2843006090000,STREETER STEVEN B & NATALIA,No,,1704 LOBO MOUNTAIN LN, ,LOT 18 BLK E CAMBRIDGE HEIGHTS PHS A SEC 4 (.008AC IN TRAVIS CO),364179,364179
1361,2026,507306,R,284300610,,2843006100000,KOZDERELI DENIZ,No,,1711 CANDELARIA MESA DR, ,LOT 3 BLK E CAMBRIDGE HEIGHTS PHS A SEC 4 (.039AC IN TRAVIS CO),338560,338560
1362,2026,507308,R,284300611,,2843006110000,ASTON CHARLES GARRETT &,No,,1709 CANDELARIA MESA DR, ,LOT 4 BLK E CAMBRIDGE HEIGHTS PHS A SEC 4 (.142AC IN TRAVIS CO),377067,377067
1363,2026,507310,R,284300612,,2843006120000,CORTEZ AMANDA A & KEVIN S DAVISON,No,,1707 CANDELARIA MESA DR, ,LOT 5 BLK E CAMBRIDGE HEIGHTS PHS A SEC 4,336419,336419
1364,2026,507311,R,284300613,,2843006130000,CLARK MARYKATE & DEREAN,No,,1705 CANDELARIA MESA DR, ,LOT 6 BLK E CAMBRIDGE HEIGHTS PHS A SEC 4,316103,316103
1365,2026,507312,R,284300614,,2843006140000,FENTANES JARED & JOAQUIN &,No,,1703 CANDELARIA MESA DR, ,LOT 7 BLK E CAMBRIDGE HEIGHTS PHS A SEC 4,341439,341439
1366,2026,507313,R,284300615,,2843006150000,FENTANES JOAQUIN III,No,,1701 CANDELARIA MESA DR, ,LOT 8 BLK E CAMBRIDGE HEIGHTS PHS A SEC 4,309475,309475
1367,2026,507314,R,284300616,,2843006160000,CAMBRIDGE HEIGHTS OWNERS ASSOCIATION INC,No,,17802 MARFA LIGHTS TRL, ,LOT 25 BLK F CAMBRIDGE HEIGHTS PHS A SEC 4,821,821
1368,2026,507317,R,284300705,,2843007050000,ENRIQUEZ OSCAR E,No,,1615 CANDELARIA MESA DR, ,LOT 91 BLK H CAMBRIDGE HEIGHTS PHS A SEC 4,338668,338668
1369,2026,507318,R,284300706,,2843007060000,SUNDARAM MANIKANDAN MEENAKSHI &,No,,1613 CANDELARIA MESA DR, ,LOT 90 BLK H CAMBRIDGE HEIGHTS PHS A SEC 4,353550,353550
1370,2026,507319,R,284300707,,2843007070000,SHELTON ROBERT,No,,1611 CANDELARIA MESA DR, ,LOT 89 BLK H CAMBRIDGE HEIGHTS PHS A SEC 4,339040,339040
1371,2026,507320,R,284300708,,2843007080000,AMANTE MARIVIC G & DAN V,No,,1609 CANDELARIA MESA DR, ,LOT 88 BLK H CAMBRIDGE HEIGHTS PHS A SEC 4,392514,392514
1372,2026,507321,R,284300804,,2843008040000,JORDAN CHARLES P,No,,1602 BALMORHEA LN, ,LOT 14 BLK F CAMBRIDGE HEIGHTS PHS A SEC 3,299000,299000
1373,2026,507322,R,284300805,,2843008050000,EDMONDS KACIE N,No,,1604 BALMORHEA LN, ,LOT 15 BLK F CAMBRIDGE HEIGHTS PHS A SEC 3,357408,357408
1374,2026,507323,R,284300806,,2843008060000,BULLOCH DAVID L,No,,1606 BALMORHEA LN, ,LOT 16 BLK F CAMBRIDGE HEIGHTS PHS A SEC 3,339596,339596
1375,2026,507324,R,284300807,,2843008070000,ALVARADO ALFREDO JR & CELIA,No,,1608 BALMORHEA LN, ,LOT 17 BLK F CAMBRIDGE HEIGHTS PHS A SEC 3,281000,281000
1376,2026,507325,R,284300808,,2843008080000,AHAMMED MOHAMMED TUSAR &,No,,1610 BALMORHEA LN,ROUND ROCK,LOT 18 BLK F CAMBRIDGE HEIGHTS PHS A SEC 3,253071,253071
1377,2026,507326,R,284300809,,2843008090000,CAMBION LLC,No,,1612 BALMORHEA LN, ,LOT 19 BLK F CAMBRIDGE HEIGHTS PHS A SEC 3,356529,356529
1378,2026,507327,R,284300810,,2843008100000,FLOYD BONNIE SINCLAIR,No,,1614 BALMORHEA LN, ,LOT 20 BLK F CAMBRIDGE HEIGHTS PHS A SEC 3,338479,338479
1379,2026,507328,R,284300811,,2843008110000,ROGERS BRIAN K & LISA R,No,,1616 BALMORHEA LN, ,LOT 21 BLK F CAMBRIDGE HEIGHTS PHS A SEC 3,340741,340741
1380,2026,507329,R,284300812,,2843008120000,GONZALEZ VINCE J,No,,1618 BALMORHEA LN, ,LOT 22 BLK F CAMBRIDGE HEIGHTS PHS A SEC 3,330489,330489
1381,2026,507330,R,284300813,,2843008130000,MILLER WILLIAM C,No,,1620 BALMORHEA LN, ,LOT 23 BLK F CAMBRIDGE HEIGHTS PHS A SEC 3,336850,336850
1382,2026,507331,R,284300814,,2843008140000,AUSMARK PROPERTIES LLC-BALMORHEA,No,,1622 BALMORHEA LN, ,LOT 24 BLK F CAMBRIDGE HEIGHTS PHS A SEC 3,322399,322399
1383,2026,507332,R,284300815,,2843008150000,TOSTADO OCTAVIO,No,,1705 LOBO MOUNTAIN LN, ,LOT 1 BLK F CAMBRIDGE HEIGHTS PHS A SEC 4,347230,347230
1384,2026,507333,R,284300816,,2843008160000,COX-LOWDER KATELYN RACANNE,No,,1703 LOBO MOUNTAIN LN, ,LOT 2 BLK F CAMBRIDGE HEIGHTS PHS A SEC 4,337984,337984
1385,2026,507334,R,284300817,,2843008170000,HOWARD TIFFANY L,No,,1701 LOBO MOUNTAIN LN, ,LOT 3 BLK F CAMBRIDGE HEIGHTS PHS A SEC 4,304314,304314
1386,2026,507335,R,284300818,,2843008180000,NOREN PAUL E,No,,1615 LOBO MOUNTAIN LN, ,LOT 4 BLK F CAMBRIDGE HEIGHTS PHS A SEC 4,337989,337989
1387,2026,507336,R,284300819,,2843008190000,CALLOWAY MILAN & AMANDA CALLOWAY,No,,1613 LOBO MOUNTAIN LN, ,LOT 5 BLK F CAMBRIDGE HEIGHTS PHS A SEC 4,411536,411536
1388,2026,507337,R,284300820,,2843008200000,MONTENEGRO MARK & KACY,No,,1611 LOBO MOUNTAIN LN, ,LOT 6 BLK F CAMBRIDGE HEIGHTS PHS A SEC 4,354966,354966
1389,2026,507338,R,284300821,,2843008210000,MERTZ MATTHEW A,No,,1609 LOBO MOUNTAIN LN, ,LOT 7 BLK F CAMBRIDGE HEIGHTS PHS A SEC 4,338424,338424
1390,2026,507339,R,284300822,,2843008220000,STEELE LAUREN &,No,,1607 LOBO MOUNTAIN LN, ,LOT 8 BLK F CAMBRIDGE HEIGHTS PHS A SEC 4,313039,313039
1391,2026,507340,R,284300823,,2843008230000,TURNER-FOSTER CHANTE MONIQUE,No,,1605 LOBO MOUNTAIN LN, ,LOT 9 BLK F CAMBRIDGE HEIGHTS PHS A SEC 4,343530,343530
1392,2026,507341,R,284300824,,2843008240000,MONROE ANTONIO DEWAYNE,No,,1603 LOBO MOUNTAIN LN, ,LOT 10 BLK F CAMBRIDGE HEIGHTS PHS A SEC 4,362444,362444
1393,2026,507342,R,284301013,,2843010130000,PORRAS ADRIAN & CATHY,No,,1622 MENTONE DR, ,LOT 26 BLK G CAMBRIDGE HEIGHTS PHS A SEC 3,354170,354170
1394,2026,507343,R,284301014,,2843010140000,TODD DONNA,No,,1624 MENTONE DR, ,LOT 27 BLK G CAMBRIDGE HEIGHTS PHS A SEC 3,338759,338759
1395,2026,507344,R,284301015,,2843010150000,GARNETT LAURIE L,No,,1625 BALMORHEA LN, ,LOT 1 BLK G CAMBRIDGE HEIGHTS PHS A SEC 3,353477,353477
1396,2026,507345,R,284301016,,2843010160000,COLLIER SCOTT M & LAURA A COLLIER,No,,1623 BALMORHEA LN, ,LOT 2 BLK G CAMBRIDGE HEIGHTS PHS A SEC 3,365515,365515
1397,2026,507346,R,284301017,,2843010170000,PHILLIPS LAURA A,No,,1621 BALMORHEA LN, ,LOT 3 BLK G CAMBRIDGE HEIGHTS PHS A SEC 3,316170,316170
1398,2026,507347,R,284301018,,2843010180000,ROSUELLO JESSICA CARLA,No,,1619 BALMORHEA LN, ,LOT 4 BLK G CAMBRIDGE HEIGHTS PHS A SEC 3,354203,354203
1399,2026,507348,R,284301019,,2843010190000,NORDMAN KARL T & DIANNA L,No,,1617 BALMORHEA LN, ,LOT 5 BLK G CAMBRIDGE HEIGHTS PHS A SEC 3,332693,332693
1400,2026,507349,R,284301020,,2843010200000,PLUNKETT BLAINE,No,,1615 BALMORHEA LN, ,LOT 6 BLK G CAMBRIDGE HEIGHTS PHS A SEC 3,304335,304335
1401,2026,507350,R,284301021,,2843010210000,OMER MOHAMUD ADEM,No,,1613 BALMORHEA LN, ,LOT 7 BLK G CAMBRIDGE HEIGHTS PHS A SEC 3,336375,336375
1402,2026,507351,R,284301022,,2843010220000,LYLES JEREMY WAYNE,No,,1611 BALMORHEA LN, ,LOT 8 BLK G CAMBRIDGE HEIGHTS PHS A SEC 3,353457,353457
1403,2026,507352,R,284301023,,2843010230000,CARPENTER DARREN K & JANET L,No,,1609 BALMORHEA LN, ,LOT 9 BLK G CAMBRIDGE HEIGHTS PHS A SEC 3,342387,342387
1404,2026,507353,R,284301024,,2843010240000,RASCON JOSE TITO & PATRICIA,No,,1607 BALMORHEA LN, ,LOT 10 BLK G CAMBRIDGE HEIGHTS PHS A SEC 3,306037,306037
1405,2026,507354,R,284301025,,2843010250000,HERNDON EDWARD D & BRENDA L,No,,1605 BALMORHEA LN, ,LOT 11 BLK G CAMBRIDGE HEIGHTS PHS A SEC 3,338800,338800
1406,2026,507355,R,284301026,,2843010260000,LOPEZ PAUL,No,,1603 BALMORHEA LN, ,LOT 12 BLK G CAMBRIDGE HEIGHTS PHS A SEC 3,296059,296059
1407,2026,507356,R,284301301,,2843013010000,AGUILAR EMILIO & ADRIANA,No,,17307 VALENTINE DR, ,LOT 4 BLK K CAMBRIDGE HEIGHTS PHS B SEC 4,284992,284992
1408,2026,507357,R,284301302,,2843013020000,LOEFFL MATTHEW & MICHAEL LOEFFL,No,,17309 VALENTINE DR, ,LOT 5 BLK K CAMBRIDGE HEIGHTS PHS B SEC 4,281611,281611
1409,2026,507358,R,284301303,,2843013030000,GURROLA SAMUEL MARK & IMELDA A,No,,17311 VALENTINE DR, ,LOT 6 BLK K CAMBRIDGE HEIGHTS PHS B SEC 4,308430,308430
1410,2026,507359,R,284301304,,2843013040000,KRIEGER DARIN D & KATHLEEN,No,,17401 VALENTINE DR, ,LOT 7 BLK K CAMBRIDGE HEIGHTS PHS B SEC 4,293283,293283
1411,2026,507360,R,284301305,,2843013050000,CAMBRIDGE HEIGHTS OWNERS ASSOCIATION INC,No,,17403 VALENTINE DR, ,LOT 8 BLK K CAMBRIDGE HEIGHTS PHS B SEC 4,856,856
1412,2026,507361,R,284301306,,2843013060000,COOK ELLA,No,,17405 VALENTINE DR, ,LOT 9 BLK K CAMBRIDGE HEIGHTS PHS B SEC 4,277403,277403
1413,2026,507362,R,284301307,,2843013070000,MORELL OSVALDO & HORTENCIA R H,No,,17407 VALENTINE DR, ,LOT 10 BLK K CAMBRIDGE HEIGHTS PHS B SEC 4,287957,287957
1414,2026,507363,R,284301308,,2843013080000,ALLEN ANDREW S IV,No,,17409 VALENTINE DR, ,LOT 11 BLK K CAMBRIDGE HEIGHTS PHS B SEC 4,314291,314291
1415,2026,507364,R,284301309,,2843013090000,NWOLISA LEWIS,No,,17411 VALENTINE DR, ,LOT 12 BLK K CAMBRIDGE HEIGHTS PHS B SEC 4,283285,283285
1416,2026,507365,R,284301310,,2843013100000,GUERRA HECTOR L & XIOMARA LOPE,No,,17413 VALENTINE DR, ,LOT 13 BLK K CAMBRIDGE HEIGHTS PHS B SEC 4,279454,279454
1417,2026,507366,R,284301311,,2843013110000,GOVIL ANUPAM & SEEMA,No,,17415 VALENTINE DR, ,LOT 14 BLK K CAMBRIDGE HEIGHTS PHS B SEC 4,281651,281651
1418,2026,507367,R,284301312,,2843013120000,HERRERA MICHAEL ERIC,No,,17419 VALENTINE DR, ,LOT 15 BLK K CAMBRIDGE HEIGHTS PHS B SEC 4 (.073AC IN TRAVIS CO),330445,330445
1419,2026,507369,R,284301313,,2843013130000,VEMBUNARAYANAN JANARDHANAN &,No,,17416 CASA PIEDRA PL, ,LOT 16 BLK K CAMBRIDGE HEIGHTS PHS B SEC 3 (.144AC IN TRAVIS CO),276439,276439
1420,2026,507371,R,284301314,,2843013140000,OSWAL NAMITA A,No,,17414 CASA PIEDRA PL, ,LOT 17 BLK K CAMBRIDGE HEIGHTS PHS B SEC 3,283283,283283
1421,2026,507372,R,284301315,,2843013150000,KHAN SHARJIL,No,,17412 CASA PIEDRA PL, ,LOT 18 BLK K CAMBRIDGE HEIGHTS PHS B SEC 3,290562,290562
1422,2026,507373,R,284301316,,2843013160000,ACUNA NEFTALI,No,,17410 CASA PIEDRA PL, ,LOT 19 BLK K CAMBRIDGE HEIGHTS PHS B SEC 3,293837,293837
1423,2026,507374,R,284301317,,2843013170000,ALVAREZ JOSE H & EVA L,No,,17408 CASA PIEDRA PL, ,LOT 20 BLK K CAMBRIDGE HEIGHTS PHS B SEC 3,277401,277401
1424,2026,507375,R,284301318,,2843013180000,SEALY ERLISE V,No,,17406 CASA PIEDRA PL, ,LOT 21 BLK K CAMBRIDGE HEIGHTS PHS B SEC 3,294735,294735
1425,2026,507376,R,284301319,,2843013190000,SAMANIEGO JENNIFER LYNN,No,,17404 CASA PIEDRA PL, ,LOT 22 BLK K CAMBRIDGE HEIGHTS PHS B SEC 3,290271,290271
1426,2026,507377,R,284301320,,2843013200000,CAMBRIDGE HEIGHTS OWNERS ASSOCIATION INC,No,,17402 CASA PIEDRA PL, ,LOT 19 BLK M CAMBRIDGE HEIGHTS PHS B SEC 3,862,862
1427,2026,507378,R,284301321,,2843013210000,AREVALO SEFERINO JR & LORI ANN,No,,17400 CASA PIEDRA PL, ,LOT 23 BLK K CAMBRIDGE HEIGHTS PHS B SEC 3,308429,308429
1428,2026,507379,R,284301322,,2843013220000,FAROOQUI UZAIR,No,,17310 CASA PIEDRA PL, ,LOT 24 BLK K CAMBRIDGE HEIGHTS PHS B SEC 3,283592,283592
1429,2026,507380,R,284301401,,2843014010000,CARDENAS JUAN A & ROSA D,No,,17401 CASA PIEDRA PL, ,LOT 5 BLK L CAMBRIDGE HEIGHTS PHS B SEC 3,293452,293452
1430,2026,507381,R,284301402,,2843014020000,CRESPO EDWIN,No,,17405 CASA PIEDRA PL, ,LOT 7 BLK L CAMBRIDGE HEIGHTS PHS B SEC 3,285548,285548
1431,2026,507382,R,284301403,,2843014030000,TEMPLE STANLEY,No,,17407 CASA PIEDRA PL, ,LOT 8 BLK L CAMBRIDGE HEIGHTS PHS B SEC 3,292254,292254
1432,2026,507383,R,284301404,,2843014040000,TUCHI FAMILY TRUST,No,,17409 CASA PIEDRA PL, ,LOT 9 BLK L CAMBRIDGE HEIGHTS PHS B SEC 3,318132,318132
1433,2026,507384,R,284301405,,2843014050000,GERT IRINA,No,,17411 CASA PIEDRA PL, ,LOT 10 BLK L CAMBRIDGE HEIGHTS PHS B SEC 3,307694,307694
1434,2026,507385,R,284301406,,2843014060000,CHUNG PHUONG N & DUY N,No,,17413 CASA PIEDRA PL, ,LOT 11 BLK L CAMBRIDGE HEIGHTS PHS B SEC 3,286601,286601
1435,2026,507386,R,284301407,,2843014070000,REDDING DANIEL CALVIN & SARAH O SCHAAL,No,,17415 CASA PIEDRA PL, ,LOT 12 BLK L CAMBRIDGE HEIGHTS PHS B SEC 3,293267,293267
1436,2026,507387,R,284301408,,2843014080000,WASHINGTON LESTER,No,,17417 CASA PIEDRA PL, ,LOT 13 BLK L CAMBRIDGE HEIGHTS PHS B SEC 3,286091,286091
1437,2026,507388,R,284301409,,2843014090000,GARCIA AMY ELIZABETH,No,,1700 BARILLA MOUNTAIN TRL, ,LOT 14 BLK L CAMBRIDGE HEIGHTS PHS B SEC 3,301413,301413
1438,2026,507389,R,284301410,,2843014100000,AVELAR-VACA DZUARA,No,,1702 BARILLA MOUNTAIN TRL,ROUND ROCK,LOT 15 BLK L CAMBRIDGE HEIGHTS PHS B SEC 3,309026,309026
1439,2026,507390,R,284301411,,2843014110000,HAGERUP JASON S & MELAINA R,No,,1704 BARILLA MOUNTAIN TRL, ,LOT 16 BLK L CAMBRIDGE HEIGHTS PHS B SEC 3,307694,307694
1440,2026,507391,R,284301412,,2843014120000,NGUYEN LIEN NGOCMAI & DINH KIM BUI,No,,1706 BARILLA MOUNTAIN TRL, ,LOT 17 BLK L CAMBRIDGE HEIGHTS PHS B SEC 3,292254,292254
1441,2026,507392,R,284301413,,2843014130000,QUIROZ ERIC VIDUARRIE & LORETT,No,,1708 BARILLA MOUNTAIN TRL, ,LOT 18 BLK L CAMBRIDGE HEIGHTS PHS B SEC 3,287529,287529
1442,2026,507393,R,284301414,,2843014140000,KAUR HARBANS REVOCABLE TRUST,No,,1710 BARILLA MOUNTAIN TRL, ,LOT 19 BLK L CAMBRIDGE HEIGHTS PHS B SEC 3,280284,280284
1443,2026,507394,R,284301415,,2843014150000,BOYLE BRANDON,No,,1712 BARILLA MOUNTAIN TRL, ,LOT 20 BLK L CAMBRIDGE HEIGHTS PHS B SEC 3,299453,299453
1444,2026,507395,R,284301501,,2843015010000,MENDOZA MONICA ANN,No,,1709 BARILLA MOUNTAIN TRL, ,LOT 3 BLK M CAMBRIDGE HEIGHTS PHS B SEC 3,289359,289359
1445,2026,507396,R,284301502,,2843015020000,GREER CHRISTOPHER,No,,1707 BARILLA MOUNTAIN TRL, ,LOT 4 BLK M CAMBRIDGE HEIGHTS PHS B SEC 3,290443,290443
1446,2026,507397,R,284301503,,2843015030000,MAK CALVIN &,No,,1705 BARILLA MOUNTAIN TRL, ,LOT 5 BLK M CAMBRIDGE HEIGHTS PHS B SEC 3,280610,280610
1447,2026,507398,R,284301504,,2843015040000,CHAVEZ RAUL TREJO & RUPERTA R,No,,1703 BARILLA MOUNTAIN TRL, ,LOT 6 BLK M CAMBRIDGE HEIGHTS PHS B SEC 3,287033,287033
1448,2026,507399,R,284301505,,2843015050000,LAKSHIMINARAYANAN MAHADEVAN &,No,,1701 BARILLA MOUNTAIN TRL, ,LOT 7 BLK M CAMBRIDGE HEIGHTS PHS B SEC 3,319076,319076
1449,2026,507400,R,284301506,,2843015060000,TORRES EDUARDO M,No,,17416 TOYAHVILLE TRL, ,LOT 8 BLK M CAMBRIDGE HEIGHTS PHS B SEC 2,290569,290569
1450,2026,507401,R,284301507,,2843015070000,ROBISON SUSAN,No,,17414 TOYAHVILLE TRL, ,LOT 9 BLK M CAMBRIDGE HEIGHTS PHS B SEC 2,280187,280187
1451,2026,507402,R,284301508,,2843015080000,KOMATINENI VENKATA S KUMAR ET,No,,17412 TOYAHVILLE TRL, ,LOT 10 BLK M CAMBRIDGE HEIGHTS PHS B SEC 2,286505,286505
1452,2026,507403,R,284301601,,2843016010000,VO LANG KIM &,No,,17415 TOYAHVILLE TRL, ,LOT 6 BLK I CAMBRIDGE HEIGHTS PHS B SEC 2,294985,294985
1453,2026,507404,R,284301602,,2843016020000,VIGIL JESEL E &,No,,17417 TOYAHVILLE TRL, ,LOT 7 BLK I CAMBRIDGE HEIGHTS PHS B SEC 2,306392,306392
1454,2026,507406,R,284330320,,2843303200000,MIRANDA JORGE,No,,1607 CANDELARIA MESA DR, ,LOT 87 BLK H CAMBRIDGE HEIGHTS PHS A SEC 4,312544,312544
1455,2026,507407,R,284330321,,2843303210000,TAKYAR SHOHREH,No,,1605 CANDELARIA MESA DR, ,LOT 86 BLK H CAMBRIDGE HEIGHTS PHS A SEC 4,350067,350067
1456,2026,507408,R,284330322,,2843303220000,HEINTZ NYDIA C,No,,1603 CANDELARIA MESA DR, ,LOT 85 BLK H CAMBRIDGE HEIGHTS PHS A SEC 4,316853,316853
1457,2026,507409,R,284330323,,2843303230000,HERNANDEZ FELIPE & GENEVIEVE,No,,1601 CANDELARIA MESA DR, ,LOT 84 BLK H CAMBRIDGE HEIGHTS PHS A SEC 4,345163,345163
1458,2026,507410,R,284330324,,2843303240000,ODELL BRIAN & REBECCA,No,,1602 CANDELARIA MESA DR, ,LOT 83 BLK H CAMBRIDGE HEIGHTS PHS A SEC 4,293000,293000
1459,2026,507411,R,284330325,,2843303250000,NUNLEY RODNEY WAYNE,No,,1604 CANDELARIA MESA DR, ,LOT 82 BLK H CAMBRIDGE HEIGHTS PHS A SEC 4,374445,374445
1460,2026,507412,R,284330326,,2843303260000,ODENHEIMER AVRAHEM NETANEL & MARIA VLADIMIROV,No,,1606 CANDELARIA MESA DR, ,LOT 81 BLK H CAMBRIDGE HEIGHTS PHS A SEC 4,340319,340319
1461,2026,507413,R,284330327,,2843303270000,RODRIGUEZ LISA A &,No,,17907 QUITMAN MOUNTAIN WAY, ,LOT 113 BLK H CAMBRIDGE HEIGHTS PHS A SEC 1-A (.122AC IN TRAVIS CO),384020,384020
1462,2026,507415,R,284330328,,2843303280000,NGUYEN TUAN MINH,No,,17906 QUITMAN MOUNTAIN WAY, ,LOT 110 BLK H CAMBRIDGE HEIGHTS PHS A SEC 1-A (.093AC IN TRAVIS CO),320468,320468
1463,2026,507668,R,293480507,,2934805070000,CISNEROS THOMAS III,No,,4257 GATTIS SCHOOL RD,,ABS 2381 SUR 1 MAXEY J W ABS 200 SUR 71 CONRAD P ACR 4.1130,369279,369279
1464,2026,507669,R,293480508,,2934805080000,CISNEROS SANDRA B,No,,4257 GATTIS SCHOOL RD,,ABS 2381 SUR 1 MAXEY J W & ABS 200 SUR 71 CONRAD P ACR 1.9570,1138675,1138675
1465,2026,515861,P,,,1076430000,LONGHORN INC,No,LONGHORN INC,1935 PICADILLY DR,PFLUGERVILLE,PERSONAL PROPERTY COMMERCIAL LONGHORN INC,945815,945815
1466,2026,516718,P,,WP406274,1084720000,CONCENTRA HEALTH SERVICES INC,No,CONCENTRA MEDICAL CENTER #4592,117 E LOUIS HENNA BLVD,ROUND ROCK,PERSONAL PROPERTY COMMERCIAL CONCENTRA MEDICAL CENTER #4592,136361,136361
1467,2026,517949,P,,,1096950000,AIR CRAFT INC,No,AIR CRAFT INC,1916 PICADILLY DR,ROUND ROCK,PERSONAL PROPERTY COMMERCIAL AIR CRAFT INC,459195,459195
1468,2026,519544,P,,WP409625,1113030000,LEIF JOHNSON FORD II LTD,No,LEIF JOHNSON COLLISION CENTER,3301 S INTERSTATE HY 35,PFLUGERVILLE,PERSONAL PROPERTY COMMERCIAL LEIF JOHNSON COLLISION CENTER,580048,580048
1469,2026,529464,R,284230105,WR413776,2842301050000,BRE/ESA P PORTFOLIO TXNC PROP LP,No,EXTENDED STAY #6197,16950 N INTERSTATE HY 35,,LOT 1 BLK A FARMERS INSURANCE TRACT SEC 2 (COMMERCIAL PERSONAL PROPERTY),6226172,6226172
1470,2026,529854,R,290400202,,2904002020000,CITY OF ROUND ROCK,No,, GATTIS SCHOOL RD,,ABS 440 JENKINS S ACR 10.059 (2.684AC TRAVIS CO),1051608,1051608
1471,2026,529856,R,290460101,,2904601010000,HARTE FRANCIS A & MARIA,No,,4308 CISCO VALLEY DR,,LOT 5 BLK A GREENRIDGE PHS 1,335390,335390
1472,2026,529857,R,290460102,,2904601020000,WILLIAMS ALPHONZE & JENNIFER,No,,4306 CISCO VALLEY DR,ROUND ROCK,LOT 4 BLK A GREENRIDGE PHS 1,371157,371157
1473,2026,529858,R,290460103,,2904601030000,WALTERS KATHERINE J,No,,4304 CISCO VALLEY DR,,LOT 3 BLK A GREENRIDGE PHS 1,331721,331721
1474,2026,529859,R,290460104,,2904601040000,ROBINSON SHUKRI REVOCABLE LIVING,No,,4302 CISCO VALLEY DR,,LOT 2 BLK A GREENRIDGE PHS 1,398794,398794
1475,2026,529860,R,290460105,,2904601050000,GONZALEZ MAURICE PAUL,No,,4300 CISCO VALLEY DR,,LOT 1 BLK A GREENRIDGE PHS 1,400638,400638
1476,2026,529861,R,290460201,,2904602010000,JONES JAMES & JOYCE,No,,4301 CISCO VALLEY DR,ROUND ROCK,LOT 1 BLK C GREENRIDGE PHS 1,367600,367600
1477,2026,529862,R,290460202,,2904602020000,DOMINGUEZ JOSE L & LORENA,No,,4303 CISCO VALLEY DR,ROUND ROCK,LOT 2 BLK C GREENRIDGE PHS 1,432143,432143
1478,2026,529863,R,290460203,,2904602030000,SANTIAGO BRIAN,No,,4305 CISCO VALLEY DR,,LOT 3 BLK C GREENRIDGE PHS 1,371573,371573
1479,2026,529864,R,290460204,,2904602040000,NWAOZO STELLA N & ROMANUS O,No,,4307 CISCO VALLEY DR,ROUND ROCK,LOT 4 BLK C GREENRIDGE PHS 1,425490,425490
1480,2026,529865,R,290460205,,2904602050000,NAGAR DYMPHNA,No,,4309 CISCO VALLEY DR,,LOT 5 BLK C GREENRIDGE PHS 1,359800,359800
1481,2026,529866,R,290460301,,2904603010000,BAREFIELD LAMONT M,No,,4206 CISCO VALLEY DR,ROUND ROCK,LOT 55 BLK D GREENRIDGE PHS 1,474234,474234
1482,2026,529867,R,290460302,,2904603020000,PRADO ROBERTO,No,,4204 CISCO VALLEY DR,ROUND ROCK,LOT 54 BLK D GREENRIDGE PHS 1,368702,368702
1483,2026,529868,R,290460303,,2904603030000,SHORTS BARBARA,No,,4202 CISCO VALLEY DR,ROUND ROCK,LOT 53 BLK D GREENRIDGE PHS 1,374926,374926
1484,2026,529869,R,290460304,,2904603040000,CODY BRETTJET LYN,No,,4200 CISCO VALLEY DR,ROUND ROCK,LOT 52 BLK D GREENRIDGE PHS 1,454434,454434
1485,2026,529870,R,290460305,,2904603050000,KURKAL REKHA,No,,4112 CISCO VALLEY DR,,LOT 51 BLK D GREENRIDGE PHS 1,363317,363317
1486,2026,529871,R,290460306,,2904603060000,VEMURI JAGADISH CHOWDRY,No,,4110 CISCO VALLEY DR,ROUND ROCK,LOT 50 BLK D GREENRIDGE PHS 1,473419,473419
1487,2026,529872,R,290460307,,2904603070000,SABIH ERFAN & NADA KHAMIS &,No,,4108 CISCO VALLEY DR,,LOT 49 BLK D GREENRIDGE PHS 1,336799,336799
1488,2026,529873,R,290460308,,2904603080000,HINSON JOHN,No,,4106 CISCO VALLEY DR,PFLUGERVILLE,LOT 48 BLK D GREENRIDGE PHS 1,357400,357400
1489,2026,529874,R,290460309,,2904603090000,NWOLISA LAWRENCE & IFEYINWA,No,,4104 CISCO VALLEY DR,ROUND ROCK,LOT 47 BLK D GREENRIDGE PHS 1,372616,372616
1490,2026,529875,R,290460310,,2904603100000,MATAMOROS ERLINDA REVOCABLE TRUST,No,,4102 CISCO VALLEY DR,ROUND ROCK,LOT 46 BLK D GREENRIDGE PHS 1,300960,300960
1491,2026,529876,R,290460311,,2904603110000,RODRIGUEZ EDGARDO & AURORA,No,,4100 CISCO VALLEY DR,ROUND ROCK,LOT 45 BLK D GREENRIDGE PHS 1,404210,404210
1492,2026,529877,R,290460312,,2904603120000,SANTOYO TERESO III &,No,,4012 CISCO VALLEY DR,,LOT 44 BLK D GREENRIDGE PHS 1,534502,534502
1493,2026,529878,R,290460313,,2904603130000,BLUE SPARROW FREIGHT LLC,No,,4010 CISCO VALLEY DR,,LOT 43 BLK D GREENRIDGE PHS 1,280253,280253
1494,2026,529879,R,290460314,,2904603140000,DERZHI ALEXANDER NAUMOVICH,No,,4008 CISCO VALLEY DR,,LOT 42 BLK D GREENRIDGE PHS 1,480706,480706
1495,2026,529880,R,290460315,,2904603150000,LA JOIE REAL ESTATE LLC SERIES C,No,,4006 CISCO VALLEY DR,,LOT 41 BLK D GREENRIDGE PHS 1,347403,347403
1496,2026,529881,R,290460316,,2904603160000,KOTULA CHRISTOPHER,No,,800 CISCO VALLEY CV,,LOT 40 BLK D GREENRIDGE PHS 1,335219,335219
1497,2026,529882,R,290460317,,2904603170000,DOVE TRACY L,No,,802 CISCO VALLEY CV,ROUND ROCK,LOT 39 BLK D GREENRIDGE PHS 1,429325,429325
1498,2026,529883,R,290460318,,2904603180000,TIUMALU DANIEL & SABINA,No,,804 CISCO VALLEY CV,ROUND ROCK,LOT 38 BLK D GREENRIDGE PHS 1,457865,457865
1499,2026,529884,R,290460319,,2904603190000,GONZALEZ ERNESTO & TERESA F,No,,807 CISCO VALLEY CV,ROUND ROCK,LOT 37 BLK D GREENRIDGE PHS 1,389316,389316
1500,2026,529885,R,290460320,,2904603200000,AXELRAD SAMUEL & CARMELITA RENEE,No,,805 CISCO VALLEY CV,ROUND ROCK,LOT 36 BLK D GREENRIDGE PHS 1,324157,324157
1501,2026,529886,R,290460321,,2904603210000,PAWLUKIEWICZ ALEXANDER ETAL,No,,803 CISCO VALLEY CV,ROUND ROCK,LOT 35 BLK D GREENRIDGE PHS 1,445134,445134
1502,2026,529888,R,290460401,,2904604010000,WOODS WENDY D,No,,4003 CISCO VALLEY DR,ROUND ROCK,LOT 2 BLK E GREENRIDGE PHS 1,525117,525117
1503,2026,529889,R,290460402,,2904604020000,BARDELEBEN JOE & BRITTANY,No,,4005 CISCO VALLEY DR,ROUND ROCK,LOT 3 BLK E GREENRIDGE PHS 1,357000,357000
1504,2026,529890,R,290460403,,2904604030000,STEINFELDT THOR M,No,,4007 CISCO VALLEY DR,,LOT 4 BLK E GREENRIDGE PHS 1,446971,446971
1505,2026,529891,R,290460404,,2904604040000,DAVIS MICHAEL G & CHRISTINE M,No,,4009 CISCO VALLEY DR,,LOT 5 BLK E GREENRIDGE PHS 1,294298,294298
1506,2026,529892,R,290460405,,2904604050000,MCIVER CLAUDE,No,,4101 CISCO VALLEY DR,ROUND ROCK,LOT 6 BLK E GREENRIDGE PHS 1,372832,372832
1507,2026,529893,R,290460406,,2904604060000,GUPTA SANJAY & SUNITA,No,,4103 CISCO VALLEY DR,ROUND ROCK,LOT 7 BLK E GREENRIDGE PHS 1,457848,457848
1508,2026,529894,R,290460407,,2904604070000,DIAZ PABLO ROBERTO RUIZ & SAVANNAH MARLENE ROCHA,No,,4105 CISCO VALLEY DR,ROUND ROCK,LOT 8 BLK E GREENRIDGE PHS 1,363491,363491
1509,2026,529895,R,290460408,,2904604080000,TETRAULT RICHARD C,No,,4107 CISCO VALLEY DR,ROUND ROCK,LOT 9 BLK E GREENRIDGE PHS 1,497314,497314
1510,2026,529896,R,290460409,,2904604090000,ZHU XUEJUN,No,,4109 CISCO VALLEY DR,ROUND ROCK,LOT 10 BLK E GREENRIDGE PHS 1,368245,368245
1511,2026,529897,R,290460410,,2904604100000,SEGURA PEDRO R & JULIA O,No,,4111 CISCO VALLEY DR,ROUND ROCK,LOT 11 BLK E GREENRIDGE PHS 1,392149,392149
1512,2026,529898,R,290460411,,2904604110000,CLINTON KERY L & MARY O,No,,4113 CISCO VALLEY DR,ROUND ROCK,LOT 12 BLK E GREENRIDGE PHS 1,280511,280511
1513,2026,529899,R,290460412,,2904604120000,BERRY BARBARA,No,,4201 CISCO VALLEY DR,ROUND ROCK,LOT 13 BLK E GREENRIDGE PHS 1,343246,343246
1514,2026,529900,R,290460413,,2904604130000,EMERSON TERESA A,No,,4203 CISCO VALLEY DR,,LOT 14 BLK E GREENRIDGE PHS 1,281294,281294
1515,2026,529901,R,290460414,,2904604140000,MENDOZA ALBERT R & ROSE M,No,,4205 CISCO VALLEY DR,,LOT 15 BLK E GREENRIDGE PHS 1,351312,351312
1516,2026,529902,R,290460415,,2904604150000,BROWN JOSEPH E & MITSUKO,No,,4207 CISCO VALLEY DR,ROUND ROCK,LOT 16 BLK E GREENRIDGE PHS 1,518491,518491
1517,2026,529906,R,293460101,,2934601010000,GREENRIDGE (PFLUGERVILLE) HOA INC,No,,4033 GATTIS SCHOOL RD,,LOT 22 BLK A GREENRIDGE PHS 1 (LANDSCAPE EASEMENT) (0.0287AC IN TRAVIS CO),867,867
1518,2026,529907,R,293460102,,2934601020000,MITCHELL KATHERINE &,No,,20020 CHEYENNE VALLEY DR,,LOT 21 BLK A GREENRIDGE PHS 1 (0.2143AC IN TRAVIS CO),575603,575603
1519,2026,529909,R,293460104,,2934601040000,GONZALEZ GRACIELA,No,,20012 CHEYENNE VALLEY DR,ROUND ROCK,LOT 19 BLK A GREENRIDGE PHS 1,329854,329854
1520,2026,529910,R,293460105,,2934601050000,ARIAS RAFAEL PACHECO,No,,4416 CISCO VALLEY DR,ROUND ROCK,LOT 18 BLK A GREENRIDGE PHS 1,461242,461242
1521,2026,529913,R,293460108,,2934601080000,ALCANTARA MARIA & LOTH,No,,4502 TINY SEED CV,ROUND ROCK,LOT 15 BLK A GREENRIDGE PHS 1,400792,400792
1522,2026,529915,R,293460110,,2934601100000,VARGAS JOE III & SIKYU RIOS,No,,4410 CISCO VALLEY DR,ROUND ROCK,LOT 13 BLK A GREENRIDGE PHS 1,465248,465248
1523,2026,529916,R,293460111,,2934601110000,KALAM H A TRUST,No,,4408 CISCO VALLEY DR,ROUND ROCK,LOT 12 BLK A GREENRIDGE PHS 1,362912,362912
1524,2026,529917,R,293460112,,2934601120000,S4F LIVING TRUST,No,,4406 CISCO VALLEY DR,,LOT 11 BLK A GREENRIDGE PHS 1,358750,358750
1525,2026,529918,R,293460113,,2934601130000,BELL LEROY & SALLY,No,,4404 CISCO VALLEY DR,ROUND ROCK,LOT 10 BLK A GREENRIDGE PHS 1,338556,338556
1526,2026,529919,R,293460114,,2934601140000,ARMENTA MICHELLE & FABIAN,No,,4402 CISCO VALLEY DR,ROUND ROCK,LOT 9 BLK A GREENRIDGE PHS 1,392230,392230
1527,2026,529920,R,293460115,,2934601150000,ROBINSON MARIBEL MARROQUIN &,No,,4400 CISCO VALLEY DR,,LOT 8 BLK A GREENRIDGE PHS 1,423493,423493
1528,2026,529921,R,293460116,,2934601160000,GARCIA HILARIO &,No,,4312 CISCO VALLEY DR,,LOT 7 BLK A GREENRIDGE PHS 1,388257,388257
1529,2026,529922,R,293460117,,2934601170000,SORRELLS TERRANCE,No,,4310 CISCO VALLEY DR,ROUND ROCK,LOT 6 BLK A GREENRIDGE PHS 1,449975,449975
1530,2026,529923,R,293460118,,2934601180000,DECK RONALD & RYAN,No,, GATTIS SCHOOL RD,,ABS 440 JENKINS S ACR .240,2614,2614
1531,2026,529924,R,293460201,,2934602010000,PINON RIGOBERTO F,No,,4501 CISCO VALLEY DR,,LOT 17 BLK B GREENRIDGE PHS 1,457817,457817
1532,2026,529925,R,293460202,,2934602020000,PEMBRICK ERLINDA &,No,,4503 CISCO VALLEY DR,,LOT 16 BLK B GREENRIDGE PHS 1,294249,294249
1533,2026,529926,R,293460203,,2934602030000,ABURTO SAMANTHA JACKLYN &,No,,4505 CISCO VALLEY DR,ROUND ROCK,LOT 15 BLK B GREENRIDGE PHS 1,448123,448123
1534,2026,529927,R,293460204,,2934602040000,GREATHOUSE CARLA F & EURAL,No,,4507 CISCO VALLEY DR,ROUND ROCK,LOT 14 BLK B GREENRIDGE PHS 1,383995,383995
1535,2026,529928,R,293460205,,2934602050000,PARSA UDAYARANI & MOHIDDIN KAHN,No,,4508 CISCO VALLEY DR,ROUND ROCK,LOT 13 BLK B GREENRIDGE PHS 1,365019,365019
1536,2026,529929,R,293460206,,2934602060000,YOSHIKAWA KENNETH,No,,4506 CISCO VALLEY DR,,LOT 12 BLK B GREENRIDGE PHS 1,355061,355061
1537,2026,529930,R,293460207,,2934602070000,JACKSON KELVIN & ARLENE L,No,,4504 CISCO VALLEY DR,ROUND ROCK,LOT 11 BLK B GREENRIDGE PHS 1,513014,513014
1538,2026,529931,R,293460208,,2934602080000,ALLEN CASANDRA R & RICHARD E,No,,4502 CISCO VALLEY DR,ROUND ROCK,LOT 10 BLK B GREENRIDGE PHS 1,489874,489874
1539,2026,529932,R,293460209,,2934602090000,NELLORE FAMILY TRUST,No,,4500 CISCO VALLEY DR,ROUND ROCK,LOT 9 BLK B GREENRIDGE PHS 1,551453,551453
1540,2026,529933,R,293460210,,2934602100000,MIDDLEBROOKS DEVINO & FRANCES,No,,807 CHEYENNE VALLEY CV,ROUND ROCK,LOT 8 BLK B GREENRIDGE PHS 1,572489,572489
1541,2026,529935,R,293460212,,2934602120000,GONZALEZ ANTONIE & GARRET GONZALEZ,No,,803 CHEYENNE VALLEY CV,ROUND ROCK,LOT 6 BLK B GREENRIDGE PHS 1,463119,463119
1542,2026,529936,R,293460213,,2934602130000,ZAHROONI SALEH & BASMEH,No,,801 CHEYENNE VALLEY CV,ROUND ROCK,LOT 5 BLK B GREENRIDGE PHS 1,459867,459867
1543,2026,529937,R,293460214,,2934602140000,SOTO JORGE A &,No,,800 CHEYENNE VALLEY CV,ROUND ROCK,LOT 4 BLK B GREENRIDGE PHS 1,368898,368898
1544,2026,529938,R,293460215,,2934602150000,VALDES IUSER JORDA,No,,802 CHEYENNE VALLEY CV,ROUND ROCK,LOT 3 BLK B GREENRIDGE PHS 1,340189,340189
1545,2026,529939,R,293460216,,2934602160000,GILL RANDY,No,,804 CHEYENNE VALLEY CV,ROUND ROCK,LOT 2 BLK B GREENRIDGE PHS 1,352614,352614
1546,2026,529940,R,293460217,,2934602170000,JORDAN GEORGE,No,,806 CHEYENNE VALLEY CV,ROUND ROCK,LOT 1 BLK B GREENRIDGE PHS 1,505103,505103
1547,2026,529941,R,293460218,,2934602180000,GREENRIDGE (PFLUGERVILLE) HOA INC,No,, GATTIS SCHOOL RD,,LOT 90 BLK B GREENRIDGE PHS 1 (DRAINAGE EASEMENT),4000,4000
1548,2026,529944,R,293460301,,2934603010000,YOSHIKAWA JAMES LIFE ESTATE,No,,4311 CISCO VALLEY DR,,LOT 6 BLK C GREENRIDGE PHS 1,324519,324519
1549,2026,529945,R,293460302,,2934603020000,YOSHIKAWA KAREN H,No,,4401 CISCO VALLEY DR,,LOT 7 BLK C GREENRIDGE PHS 1,332361,332361
1550,2026,529946,R,293460303,,2934603030000,HARKAWAT SNEHAL,No,,4403 CISCO VALLEY DR,ROUND ROCK,LOT 8 BLK C GREENRIDGE PHS 1,446548,446548
1551,2026,529947,R,293460304,,2934603040000,NICKOLS IVONNE B & EMELY LEIVA,No,,4405 CISCO VALLEY DR,ROUND ROCK,LOT 9 BLK C GREENRIDGE PHS 1,331733,331733
1552,2026,529948,R,293460305,,2934603050000,ARP 2014-1 BORROWER LLC,No,,4407 CISCO VALLEY DR,,LOT 10 BLK C GREENRIDGE PHS 1,363200,363200
1553,2026,529949,R,293460306,,2934603060000,HAYNES LISA GRAHAM,No,,4409 CISCO VALLEY DR,ROUND ROCK,LOT 11 BLK C GREENRIDGE PHS 1,347612,347612
1554,2026,529950,R,293460307,,2934603070000,GETTING JASON L,No,,4411 CISCO VALLEY DR,ROUND ROCK,LOT 12 BLK C GREENRIDGE PHS 1,373694,373694
1555,2026,529951,R,293460308,,2934603080000,IMAM MUHAMMAD HAIDER & NISHAT,No,,4413 CISCO VALLEY DR,,LOT 13 BLK C GREENRIDGE PHS 1,290727,290727
1556,2026,529952,R,293460309,,2934603090000,WIRZ CHARLES & JENNIFER,No,,4415 CISCO VALLEY DR,ROUND ROCK,LOT 14 BLK C GREENRIDGE PHS 1,446504,446504
1557,2026,529953,R,293460310,,2934603100000,OLYMPUS BORROWER LLC,No,,4417 CISCO VALLEY DR,ROUND ROCK,LOT 15 BLK C GREENRIDGE PHS 1,371077,371077
1558,2026,529956,R,293460402,,2934604020000,A&J LEASING LLC,No,TRIPLE C MOTORS/LANDSCAPING,4068 GATTIS SCHOOL RD,,ABS 2719 RANDALL J H ACR 1.8060,1496092,1496092
1559,2026,529957,R,293460403,,2934604030000,SUMAR PROPERTIES LLC,No,,4046 GATTIS SCHOOL RD,ROUND ROCK,ABS 2719 RANDALL J H ACR 1.01 (.6707AC TRAVIS CO),420604,420604
1560,2026,529959,R,293460404,WR464404,2934604040000,PRINZ DAVID,No,,4032 GATTIS SCHOOL RD,,LOT 2 WILD PLUM VALLEY (0.4010 AC TRAVIS CO),336925,336925
1561,2026,529961,R,293460405,WR416862,2934604050000,GONZALEZ ISRAEL & GENOBEVA A,No,,1 VALLEY CREEK DR,,LOT B WILD PLUM VALLEY RESUB OF LOT 5A THE (.373AC IN TRAVIS CO),150022,150022
1562,2026,529964,R,293480509,,2934805090000,BOWMAN PATRICIA A &,No,, GATTIS SCHOOL RD,,ABS 2381 SUR 1 MAXEY J W ACR 6.8730 (1-D-1W),1496939,1330
1563,2026,529965,R,293480510,,2934805100000,BOWMAN PATRICIA A &,No,, GATTIS SCHOOL RD,,ABS 200 SUR 71 CONRAD P ACR 15.790 (1-D-1W),702801,6714
1564,2026,529966,R,293480511,,2934805110000,BOWMAN PATRICIA A,No,,4205 GATTIS SCHOOL RD,,ABS 200 SUR 71 CONRAD P ACR .890,599548,599548
1565,2026,537956,P,,WP420123,1143240000,CEC ENTERTAINMENT INC,No,CHUCK E CHEESE,401 W LOUIS HENNA BLVD,ROUND ROCK,PERSONAL PROPERTY COMMERCIAL CHUCK E CHEESE,418277,418277
1566,2026,538204,P,,,1145500000,L & W SUPPLY CORPORATION,No,L & W ROUND ROCK,16820 CALPLY DR,ROUND ROCK,PERSONAL PROPERTY COMMERCIAL L & W ROUND ROCK,7504121,7504121
1567,2026,538715,P,,WP418468,1149810000,SONIC DRIVE IN ROUND ROCK LOUS HENNA LP,No,SONIC DRIVE-IN #4086,405 E LOUIS HENNA BLVD,ROUND ROCK,PERSONAL PROPERTY COMMERCIAL SONIC DRIVE-IN #4086,62615,62615
1568,2026,550022,R,282280125,,2822801250000,MAHARAJ PREMNATH &,No,,1815 KAFKA CIR,,LOT 2 BLK F MEADOWS AT CAMBRIDGE HEIGHTS PHS 1 CORRECTION PLAT OF,430374,430374
1569,2026,550023,R,282280126,,2822801260000,ORTEGA CHEZELLE,No,,1813 KAFKA CIR,,LOT 3 BLK F MEADOWS AT CAMBRIDGE HEIGHTS PHS 1 CORRECTION PLAT OF,384391,384391
1570,2026,550024,R,282280127,,2822801270000,WILSAN STEVAN J & CHARLOTTE M,No,,1811 KAFKA CIR,ROUND ROCK,LOT 4 BLK F MEADOWS AT CAMBRIDGE HEIGHTS PHS 1 CORRECTION PLAT OF,407431,407431
1571,2026,550025,R,282280128,,2822801280000,MAUK GLENN H & RAE JEAN SHORE-MAUK,No,,1809 KAFKA CIR,,LOT 5 BLK F MEADOWS AT CAMBRIDGE HEIGHTS PHS 1 CORRECTION PLAT OF,379565,379565
1572,2026,550026,R,282280129,,2822801290000,MEADOWS AT CAMBRIDGE HEIGHTS,No,,1807 KAFKA CIR,,LOT 6 BLK F MEADOWS AT CAMBRIDGE HEIGHTS PHS 1 CORRECTION PLAT OF (OPEN SPACE & DRAINAGE),886,886
1573,2026,550027,R,282280130,,2822801300000,SKYLINE HUB LLC,No,,1805 KAFKA CIR,,LOT 7 BLK F MEADOWS AT CAMBRIDGE HEIGHTS PHS 1 CORRECTION PLAT OF,417895,417895
1574,2026,550028,R,282280131,,2822801310000,HAMPTON SHANNON & RYAN J BUCK,No,,1803 KAFKA CIR,ROUND ROCK,LOT 8 BLK F MEADOWS AT CAMBRIDGE HEIGHTS PHS 1 CORRECTION PLAT OF,482754,482754
1575,2026,550029,R,282280132,,2822801320000,PEREZ PATRICIO,No,,1801 KAFKA CIR,ROUND ROCK,LOT 9 BLK F MEADOWS AT CAMBRIDGE HEIGHTS PHS 1 CORRECTION PLAT OF,386601,386601
1576,2026,550030,R,282280133,,2822801330000,ROTHENBERG JEFFREY MARC & JOAN,No,,1800 KAFKA CIR,ROUND ROCK,LOT 10 BLK F MEADOWS AT CAMBRIDGE HEIGHTS PHS 1 CORRECTION PLAT OF,450573,450573
1577,2026,550031,R,282280134,,2822801340000,PATTERSON STEPHANIE J,No,,1802 KAFKA CIR,ROUND ROCK,LOT 11 BLK F MEADOWS AT CAMBRIDGE HEIGHTS PHS 1 CORRECTION PLAT OF,405066,405066
1578,2026,550032,R,282280135,,2822801350000,MEADOWS AT CAMBRIDGE HEIGHTS,No,,1804 KAFKA CIR,,LOT 12 BLK F MEADOWS AT CAMBRIDGE HEIGHTS PHS 1 CORRECTION PLAT OF (OPEN SPACE & DRAINAGE),1022,1022
1579,2026,550033,R,282280136,,2822801360000,CHANDRAMOHAN FNU AJAY PADOOR & SWARUPA PARAYIL,No,,1806 KAFKA CIR,,LOT 13 BLK F MEADOWS AT CAMBRIDGE HEIGHTS PHS 1 CORRECTION PLAT OF,394708,394708
1580,2026,550034,R,282280137,,2822801370000,LE TRI & HELENE LE,No,,1808 KAFKA CIR,ROUND ROCK,LOT 14 BLK F MEADOWS AT CAMBRIDGE HEIGHTS PHS 1 CORRECTION PLAT OF,424581,424581
1581,2026,550035,R,282280138,,2822801380000,OCONNOR ELSA &,No,,1810 KAFKA CIR,ROUND ROCK,LOT 15 BLK F MEADOWS AT CAMBRIDGE HEIGHTS PHS 1 CORRECTION PLAT OF,385434,385434
1582,2026,550036,R,282280139,,2822801390000,BRITTON GRADY C,No,,1812 KAFKA CIR,ROUND ROCK,LOT 16 BLK F MEADOWS AT CAMBRIDGE HEIGHTS PHS 1 CORRECTION PLAT OF,391371,391371
1583,2026,550037,R,282280140,,2822801400000,RUCKER JENNIFER M,No,,1809 SILONE CIR,ROUND ROCK,LOT 17 BLK F MEADOWS AT CAMBRIDGE HEIGHTS PHS 1 CORRECTION PLAT OF,417128,417128
1584,2026,550038,R,282280141,,2822801410000,MARTINEZ MARIO R,No,,1807 SILONE CIR,ROUND ROCK,LOT 18 BLK F MEADOWS AT CAMBRIDGE HEIGHTS PHS 1 CORRECTION PLAT OF,426941,426941
1585,2026,550039,R,282280142,,2822801420000,MONTELLANO FRANCISCO,No,,1805 SILONE CIR,ROUND ROCK,LOT 19 BLK F MEADOWS AT CAMBRIDGE HEIGHTS PHS 1 CORRECTION PLAT OF,393569,393569
1586,2026,550040,R,282280143,,2822801430000,QUEEN LOUIS J & CHERYL L,No,,1801 SILONE CIR,ROUND ROCK,LOT 20 BLK F MEADOWS AT CAMBRIDGE HEIGHTS PHS 1 CORRECTION PLAT OF,443751,443751
1587,2026,550041,R,282280144,,2822801440000,OLVERA CASEY CARSON & ISAAC,No,,1800 SILONE CIR,,LOT 21 BLK F MEADOWS AT CAMBRIDGE HEIGHTS PHS 1 CORRECTION PLAT OF,435559,435559
1588,2026,550042,R,282280145,,2822801450000,LOKEN CHAD A & KRISTIN E,No,,1802 SILONE CIR,ROUND ROCK,LOT 22 BLK F MEADOWS AT CAMBRIDGE HEIGHTS PHS 1 CORRECTION PLAT OF,385853,385853
1589,2026,550043,R,282280146,,2822801460000,MEADOWS AT CAMBRIDGE HEIGHTS,No,,1804 SILONE CIR,,LOT 23 BLK F MEADOWS AT CAMBRIDGE HEIGHTS PHS 1 CORRECTION PLAT OF (OPEN SPACE & DRAINAGE),979,979
1590,2026,550044,R,282280147,,2822801470000,CHRISTOPHEL JOELLEN & STEPHEN,No,,1806 SILONE CIR,ROUND ROCK,LOT 24 BLK F MEADOWS AT CAMBRIDGE HEIGHTS PHS 1 CORRECTION PLAT OF,357000,357000
1591,2026,550045,R,282280148,,2822801480000,BENITEZ EDITH CARBAJAL,No,,1808 SILONE CIR,ROUND ROCK,LOT 25 BLK F MEADOWS AT CAMBRIDGE HEIGHTS PHS 1 CORRECTION PLAT OF,399603,399603
1592,2026,550046,R,282280149,,2822801490000,PHAM HUYEN & VAN NGUYEN,No,,1809 TOLSTOY CIR,ROUND ROCK,LOT 26 BLK F MEADOWS AT CAMBRIDGE HEIGHTS PHS 1 CORRECTION PLAT OF,374723,374723
1593,2026,550047,R,282280150,,2822801500000,FOWLER BRANDLE L & CONSTANCE,No,,1807 TOLSTOY CIR,ROUND ROCK,LOT 27 BLK F MEADOWS AT CAMBRIDGE HEIGHTS PHS 1 CORRECTION PLAT OF,391029,391029
1594,2026,550048,R,282280151,,2822801510000,NEELEY ERIKA D,No,,1803 TOLSTOY CIR,ROUND ROCK,LOT 28 BLK F MEADOWS AT CAMBRIDGE HEIGHTS PHS 1 CORRECTION PLAT OF,426783,426783
1595,2026,550049,R,282280152,,2822801520000,BRENEPP LLC,No,,1801 TOLSTOY CIR,,LOT 29 BLK F MEADOWS AT CAMBRIDGE HEIGHTS PHS 1 CORRECTION PLAT OF,347180,347180
1596,2026,550050,R,282280153,,2822801530000,LONGHI JORGE A JR,No,,1800 TOLSTOY CIR,,LOT 30 BLK F MEADOWS AT CAMBRIDGE HEIGHTS PHS 1 CORRECTION PLAT OF,337416,337416
1597,2026,550051,R,282280154,,2822801540000,BURTON RICHARD A & ELIZABETH D,No,,1802 TOLSTOY CIR,ROUND ROCK,LOT 31 BLK F MEADOWS AT CAMBRIDGE HEIGHTS PHS 1 CORRECTION PLAT OF,423718,423718
1598,2026,550052,R,282280155,,2822801550000,CAMACHO PRISCILLA M & KENNETH,No,,1804 TOLSTOY CIR,ROUND ROCK,LOT 32 BLK F MEADOWS AT CAMBRIDGE HEIGHTS PHS 1 CORRECTION PLAT OF,338889,338889
1599,2026,550053,R,282280156,,2822801560000,MATHIS MARK &,No,,1806 TOLSTOY CIR,,LOT 33 BLK F MEADOWS AT CAMBRIDGE HEIGHTS PHS 1 CORRECTION PLAT OF,407029,407029
1600,2026,550054,R,282280157,,2822801570000,MEADOWS AT CAMBRIDGE HEIGHTS,No,,1808 TOLSTOY CIR,,LOT 34 BLK F MEADOWS AT CAMBRIDGE HEIGHTS PHS 1 CORRECTION PLAT OF (OPEN SPACE & DRAINAGE),1031,1031
1601,2026,550055,R,282280158,,2822801580000,VELASQUEZ PETER & BELINDA MUNGIA,No,,1900 TOLSTOY CIR,ROUND ROCK,LOT 35 BLK F MEADOWS AT CAMBRIDGE HEIGHTS PHS 1 CORRECTION PLAT OF,435235,435235
1602,2026,550056,R,282280159,,2822801590000,MCNAMARA JONATHAN S,No,,1902 TOLSTOY CIR,ROUND ROCK,LOT 36 BLK F MEADOWS AT CAMBRIDGE HEIGHTS PHS 1 CORRECTION PLAT OF,363304,363304
1603,2026,550057,R,282280160,,2822801600000,PAPAGNO JIMMY & DONNA,No,,1904 TOLSTOY CIR,ROUND ROCK,LOT 37 BLK F MEADOWS AT CAMBRIDGE HEIGHTS PHS 1 CORRECTION PLAT OF,404028,404028
1604,2026,550058,R,282280161,,2822801610000,WETTA KENNETH EDWARD,No,,1906 TOLSTOY CIR,ROUND ROCK,LOT 38 BLK F MEADOWS AT CAMBRIDGE HEIGHTS PHS 1 CORRECTION PLAT OF,359259,359259
1605,2026,550059,R,282280162,,2822801620000,CHITSEY HOLDINGS LLC,No,,1911 W PFLUGERVILLE LOOP,,LOT 39 BLK F MEADOWS AT CAMBRIDGE HEIGHTS PHS 1 CORRECTION PLAT OF,382194,382194
1606,2026,550060,R,282280163,,2822801630000,ADAMS MARK LYNN & ,No,,1909 W PFLUGERVILLE PKWY,ROUND ROCK,LOT 40 BLK F MEADOWS AT CAMBRIDGE HEIGHTS PHS 1 CORRECTION PLAT OF,435859,435859
1607,2026,550061,R,282280164,,2822801640000,HENDERSON JAMES B,No,,1907 W PFLUGERVILLE PKWY,ROUND ROCK,LOT 41 BLK F MEADOWS AT CAMBRIDGE HEIGHTS PHS 1 CORRECTION PLAT OF,391120,391120
1608,2026,550062,R,282280165,,2822801650000,INDRAKANTI VENKATA N &,No,,1905 W PFLUGERVILLE PKWY,,LOT 42 BLK F MEADOWS AT CAMBRIDGE HEIGHTS PHS 1 CORRECTION PLAT OF,354000,354000
1609,2026,550063,R,282280166,,2822801660000,AMARETH YORNG K,No,,1901 W PFLUGERVILLE PKWY,PFLUGERVILLE,LOT 43 BLK F MEADOWS AT CAMBRIDGE HEIGHTS PHS 1 CORRECTION PLAT OF,409732,409732
1610,2026,550064,R,282280167,,2822801670000,MILAN DINORAH JOZHABEL,No,,1815 W PFLUGERVILLE PKWY,ROUND ROCK,LOT 44 BLK F MEADOWS AT CAMBRIDGE HEIGHTS PHS 1 CORRECTION PLAT OF,477874,477874
1611,2026,550065,R,282280168,,2822801680000,KIM SUHIE & JAEJUN ,No,,1813 W PFLUGERVILLE PKWY,,LOT 45 BLK F MEADOWS AT CAMBRIDGE HEIGHTS PHS 1 CORRECTION PLAT OF,384724,384724
1612,2026,550066,R,282280169,,2822801690000,SRIPATHI & ANJANA REVOCABLE TRUST,No,,1811 W PFLUGERVILLE PKWY,,LOT 46 BLK F MEADOWS AT CAMBRIDGE HEIGHTS PHS 1 CORRECTION PLAT OF,405844,405844
1613,2026,550067,R,282280616,,2822806160000,BAJRAMI MITAT,No,,1900 W PFLUGERVILLE PKWY, ,LOT 1 BLK C MEADOWS AT CAMBRIDGE HEIGHTS PHS 1 CORRECTION PLAT OF,352509,352509
1614,2026,550068,R,282280617,,2822806170000,MCCARTHUR TERRY JOE,No,,1902 W PFLUGERVILLE PKWY, ,LOT 2 BLK C MEADOWS AT CAMBRIDGE HEIGHTS PHS 1 CORRECTION PLAT OF,345471,345471
1615,2026,550069,R,282280618,,2822806180000,MEI YI,No,,1904 W PFLUGERVILLE PKWY, ,LOT 3 BLK C MEADOWS AT CAMBRIDGE HEIGHTS PHS 1 CORRECTION PLAT OF,380476,380476
1616,2026,550070,R,282280619,,2822806190000,LOPEZ HELEM MILLAN &,No,,1906   W PFLUGERVILLE PKWY, ,LOT 4 BLK C MEADOWS AT CAMBRIDGE HEIGHTS PHS 1 CORRECTION PLAT OF,324611,324611
1617,2026,550071,R,282280620,,2822806200000,WOODSIDE SHIRLEY & WOODY,No,,1908 W PFLUGERVILLE PKWY, ,LOT 5 BLK C MEADOWS AT CAMBRIDGE HEIGHTS PHS 1 CORRECTION PLAT OF,346666,346666
1618,2026,550072,R,282280621,,2822806210000,SIMPSON MORGAN & ANDREA,No,,1910 W PFLUGERVILLE PKWY, ,LOT 6 BLK C MEADOWS AT CAMBRIDGE HEIGHTS PHS 1 CORRECTION PLAT OF,351611,351611
1619,2026,550073,R,282280622,,2822806220000,RICHEY RACHEL,No,,1912 W PFLUGERVILLE PKWY, ,LOT 7 BLK C MEADOWS AT CAMBRIDGE HEIGHTS PHS 1 CORRECTION PLAT OF,361495,361495
1620,2026,550074,R,282280623,,2822806230000,ALLEN SAM M,No,,1909 PASTERNAK DR, ,LOT 10 BLK C MEADOWS AT CAMBRIDGE HEIGHTS PHS 1 CORRECTION PLAT OF,346729,346729
1621,2026,550075,R,282280624,,2822806240000,ROGERS BRIAN & LISA WILLS-ROGERS,No,,1907 PASTERNAK DR, ,LOT 11 BLK C MEADOWS AT CAMBRIDGE HEIGHTS PHS 1 CORRECTION PLAT OF,366611,366611
1622,2026,550076,R,282280625,,2822806250000,FIELDS JUSTIN MICHAEL &,No,,1905 PASTERNAK DR, ,LOT 12 BLK C MEADOWS AT CAMBRIDGE HEIGHTS PHS 1 CORRECTION PLAT OF,388650,388650
1623,2026,550077,R,282280626,,2822806260000,SAMPER SERGIO,No,,1903 PASTERNAK DR, ,LOT 13 BLK C MEADOWS AT CAMBRIDGE HEIGHTS PHS 1 CORRECTION PLAT OF,390567,390567
1624,2026,550078,R,282280627,,2822806270000,PADILLA AMY & JOHN,No,,1901 PASTERNAK DR, ,LOT 14 BLK C MEADOWS AT CAMBRIDGE HEIGHTS PHS 1 CORRECTION PLAT OF,374198,374198
1625,2026,550079,R,282280701,,2822807010000,FLIPPO JUNG M & JASON,No,,17302 ZOLA LN, ,LOT 27 BLK E MEADOWS AT CAMBRIDGE HEIGHTS PHS 1 CORRECTION PLAT OF,364767,364767
1626,2026,550080,R,282280702,,2822807020000,ADAMS JORDAN,No,,17300 ZOLA LN,ROUND ROCK,LOT 28 BLK E MEADOWS AT CAMBRIDGE HEIGHTS PHS 1 CORRECTION PLAT OF,345355,345355
1627,2026,550081,R,282280703,,2822807030000,MEADOWS AT CAMBRIDGE HEIGHTS,No,,2000 W PFLUGERVILLE PKWY, ,"LOT 29 BLK E MEADOWS AT CAMBRIDGE HEIGHTS PHS 1 CORRECTION PLAT OF (PEDS WAY,DRAINAGE&LANDSCAPE)",834,834
1628,2026,550082,R,282280801,,2822808010000,MEADOWS AT CAMBRIDGE HEIGHTS,No,,2001 W PFLUGERVILLE PKWY,,"LOT 2 BLK G MEADOWS AT CAMBRIDGE HEIGHTS PHS 1 CORRECTION PLAT OF (OPEN SPACE,DRNGE&LANDSCAPE)",841,841
1629,2026,550083,R,282280802,,2822808020000,GUEVARA RIGOBERTO & GLADYS,No,,17206 ZOLA LN,ROUND ROCK,LOT 3 BLK G MEADOWS AT CAMBRIDGE HEIGHTS PHS 1 CORRECTION PLAT OF,403361,403361
1630,2026,550084,R,282280803,,2822808030000,COLLINS TERRY T & MELANIE I &,No,,17204 ZOLA LN,,LOT 4 BLK G MEADOWS AT CAMBRIDGE HEIGHTS PHS 1 CORRECTION PLAT OF,376967,376967
1631,2026,550085,R,282280804,,2822808040000,BARNES TRACY,No,,17202 ZOLA LN,ROUND ROCK,LOT 5 BLK G MEADOWS AT CAMBRIDGE HEIGHTS PHS 1 CORRECTION PLAT OF,343045,343045
1632,2026,550086,R,282280805,,2822808050000,HARRIS MARIKA & KARLA,No,,17200 ZOLA LN,ROUND ROCK,LOT 6 BLK G MEADOWS AT CAMBRIDGE HEIGHTS PHS 1 CORRECTION PLAT OF,400021,400021
1633,2026,550087,R,282280806,,2822808060000,AUTEN PEGY & GREGORY I WILLIS,No,,17120 ZOLA LN,ROUND ROCK,LOT 7 BLK G MEADOWS AT CAMBRIDGE HEIGHTS PHS 1 CORRECTION PLAT OF,376604,376604
1634,2026,550088,R,282280807,,2822808070000,CRISOSTOMO DANIEL GAMBA & EMLYNN POMIDA TORTONA,No,,17118 ZOLA LN,ROUND ROCK,LOT 8 BLK G MEADOWS AT CAMBRIDGE HEIGHTS PHS 1 CORRECTION PLAT OF,387976,387976
1635,2026,550089,R,282280808,,2822808080000,HERRERA JUDITH,No,,17116 ZOLA LN,ROUND ROCK,LOT 9 BLK G MEADOWS AT CAMBRIDGE HEIGHTS PHS 1 CORRECTION PLAT OF,422214,422214
1636,2026,550090,R,282280809,,2822808090000,LE DON & MAIVY NGUYEN,No,,17114 ZOLA LN,,LOT 10 BLK G MEADOWS AT CAMBRIDGE HEIGHTS PHS 1 CORRECTION PLAT OF,326748,326748
1637,2026,550091,R,282280810,,2822808100000,SIMPSON SABRINA D,No,,17112 ZOLA LN,ROUND ROCK,LOT 11 BLK G MEADOWS AT CAMBRIDGE HEIGHTS PHS 1 CORRECTION PLAT OF,458916,458916
1638,2026,550092,R,282280811,,2822808110000,PATRICK JEFFREY A,Yes,,17110 ZOLA LN,ROUND ROCK,LOT 12 BLK G MEADOWS AT CAMBRIDGE HEIGHTS PHS 1 CORRECTION PLAT OF,337000,337000
1639,2026,550093,R,282280812,,2822808120000,VIDOURIA ANDREW,No,,17108 ZOLA LN,ROUND ROCK,LOT 13 BLK G MEADOWS AT CAMBRIDGE HEIGHTS PHS 1 CORRECTION PLAT OF,343041,343041
1640,2026,550094,R,282280813,,2822808130000,ESCUDIER HENRY,No,,17106 ZOLA LN,ROUND ROCK,LOT 14 BLK G MEADOWS AT CAMBRIDGE HEIGHTS PHS 1 CORRECTION PLAT OF,364238,364238
1641,2026,550095,R,282280814,,2822808140000,JENNINGS CHARLES F &,No,,17104 ZOLA LN,ROUND ROCK,LOT 15 BLK G MEADOWS AT CAMBRIDGE HEIGHTS PHS 1 CORRECTION PLAT OF,504893,504893
1642,2026,550096,R,282280815,,2822808150000,DRAIN ALICIA MARIE,No,,17102 ZOLA LN,ROUND ROCK,LOT 16 BLK G MEADOWS AT CAMBRIDGE HEIGHTS PHS 1 CORRECTION PLAT OF,453347,453347
1643,2026,550097,R,282280816,,2822808160000,SCHUBERT STEPHEN C,No,,17100 ZOLA LN,ROUND ROCK,LOT 17 BLK G MEADOWS AT CAMBRIDGE HEIGHTS PHS 1 CORRECTION PLAT OF,415284,415284
1644,2026,550098,R,282280817,,2822808170000,BISTLINE JACK WESLEY,No,,17101 ZOLA LN,,LOT 18 BLK G MEADOWS AT CAMBRIDGE HEIGHTS PHS 1 CORRECTION PLAT OF,355163,355163
1645,2026,550099,R,282280818,,2822808180000,MEADOWS AT CAMBRIDGE HEIGHTS,No,,17103 ZOLA LN,,LOT 19 BLK G MEADOWS AT CAMBRIDGE HEIGHTS PHS 1 CORRECTION PLAT OF (OPEN SPACE & DRAINAGE),1073,1073
1646,2026,550100,R,282280819,,2822808190000,ANDERSON RONALD E,No,,17105 ZOLA LN,ROUND ROCK,LOT 20 BLK G MEADOWS AT CAMBRIDGE HEIGHTS PHS 1 CORRECTION PLAT OF,394163,394163
1647,2026,550101,R,282280820,,2822808200000,VISEL CLIFFORD,No,,17107 ZOLA LN,ROUND ROCK,LOT 21 BLK G MEADOWS AT CAMBRIDGE HEIGHTS PHS 1 CORRECTION PLAT OF,396844,396844
1648,2026,550102,R,282280821,,2822808210000,YACHIMSKI JOHN F & OTILA B,No,,17109 ZOLA LN,,LOT 22 BLK G MEADOWS AT CAMBRIDGE HEIGHTS PHS 1 CORRECTION PLAT OF,345550,345550
1649,2026,550103,R,282280822,,2822808220000,DREYER GINGER MARIE & VALERIE CRUZ ROCHA,No,,17111 ZOLA LN,ROUND ROCK,LOT 23 BLK G MEADOWS AT CAMBRIDGE HEIGHTS PHS 1 CORRECTION PLAT OF,430146,430146
1650,2026,550104,R,282280823,,2822808230000,CAMI KONSTANTINOS,No,,17113 ZOLA LN,ROUND ROCK,LOT 24 BLK G MEADOWS AT CAMBRIDGE HEIGHTS PHS 1 CORRECTION PLAT OF,406263,406263
1651,2026,550105,R,282280824,,2822808240000,CARNELL LESLEY & PATRICIA,No,,17115 ZOLA LN,ROUND ROCK,LOT 25 BLK G MEADOWS AT CAMBRIDGE HEIGHTS PHS 1 CORRECTION PLAT OF,342915,342915
1652,2026,550106,R,282280825,,2822808250000,SHAH KAMRAN & RIZWANA AYUB,No,,17117 ZOLA LN,ROUND ROCK,LOT 26 BLK G MEADOWS AT CAMBRIDGE HEIGHTS PHS 1 CORRECTION PLAT OF,409234,409234
1653,2026,550107,R,282280826,,2822808260000,TREMEWAN DONALD R & PATSY G,No,,17118 FITZGERALD LN,,LOT 27 BLK G MEADOWS AT CAMBRIDGE HEIGHTS PHS 1 CORRECTION PLAT OF,409177,409177
1654,2026,550108,R,282280827,,2822808270000,FEHR RAY E,No,,17116 FITZGERALD LN,ROUND ROCK,LOT 28 BLK G MEADOWS AT CAMBRIDGE HEIGHTS PHS 1 CORRECTION PLAT OF,343573,343573
1655,2026,550109,R,282280828,,2822808280000,ROBERTSON ANDREW & SHANNON,No,,17114 FITZGERALD LN,ROUND ROCK,LOT 29 BLK G MEADOWS AT CAMBRIDGE HEIGHTS PHS 1 CORRECTION PLAT OF,402092,402092
1656,2026,550110,R,282280829,,2822808290000,CLAIBORN ROBERT S RANDY M WADE,No,,17112 FITZGERALD LN,ROUND ROCK,LOT 30 BLK G MEADOWS AT CAMBRIDGE HEIGHTS PHS 1 CORRECTION PLAT OF,376324,376324
1657,2026,550111,R,282280830,,2822808300000,FALCON ANDREA NICOLE,No,,17110 FITZGERALD LN,ROUND ROCK,LOT 31 BLK G MEADOWS AT CAMBRIDGE HEIGHTS PHS 1 CORRECTION PLAT OF,369600,369600
1658,2026,550112,R,282280831,,2822808310000,PRATT TYNE,No,,17108 FITZGERALD LN,ROUND ROCK,LOT 32 BLK G MEADOWS AT CAMBRIDGE HEIGHTS PHS 1 CORRECTION PLAT OF,355052,355052
1659,2026,550113,R,282280832,,2822808320000,STIEFERMAN HERMAN J & DANA J,No,,17106 FITZGERALD LN,ROUND ROCK,LOT 33 BLK G MEADOWS AT CAMBRIDGE HEIGHTS PHS 1 CORRECTION PLAT OF,376324,376324
1660,2026,550114,R,282280833,,2822808330000,GERDES DONALD EUGENE LIFE ESTATE & RACHAEL ANN LIFE ESTATE,No,,17104 FITZGERALD LN,ROUND ROCK,LOT 34 BLK G MEADOWS AT CAMBRIDGE HEIGHTS PHS 1 CORRECTION PLAT OF,405751,405751
1661,2026,550115,R,282280834,,2822808340000,KODALI SANTOSH,No,,17102 FITZGERALD LN,,LOT 35 BLK G MEADOWS AT CAMBRIDGE HEIGHTS PHS 1 CORRECTION PLAT OF,382769,382769
1662,2026,550116,R,282280835,,2822808350000,YIU AARON & APRIL RATANAVARAVUT,No,,17012 FITZGERALD LN,ROUND ROCK,LOT 36 BLK G MEADOWS AT CAMBRIDGE HEIGHTS PHS 1 CORRECTION PLAT OF,344320,344320
1663,2026,550117,R,282280836,,2822808360000,MEADOWS AT CAMBRIDGE HEIGHTS,No,, FITZGERALD LN,,LOT 38 BLK G MEADOWS AT CAMBRIDGE HEIGHTS PHS 1 CORRECTION PLAT OF (OPEN SPACE & DRAINAGE),800,800
1664,2026,550118,R,282280837,,2822808370000,PFLUGERVILLE I S D,No,,16900 FITZGERALD LN,,LOT 39 BLK G MEADOWS AT CAMBRIDGE HEIGHTS PHS 1 CORRECTION PLAT OF (OPEN SPACE & DRAINAGE),201,201
1665,2026,550299,R,284260101,WR394238,2842601010000,WHITTLESEY REAL ESTATE HOLDINGS LLC,No,WHITTLESEY LANDSCAPE SUPPLIES,3551 GREENLAWN BLVD,,ABS 232 SUR 102 DARLING S ABS 100 SUR 103 BRATTON WM ACR 8.178,1994905,1994905
1666,2026,550304,R,284260201,WR367633,2842602010000,SILDIL REAL ESTATE HOLDINGS LLC,No,, S INTERSTATE HY 35,ROUND ROCK,ABS 232 SUR 102 DARLING S & ABS 100 SUR 103 BRATTON WM ACR 3.11,162566,162566
1667,2026,550305,R,284280104,,2842801040000,YIKES UNLIMITED LLC,No,,17301 ORWELL LN, ,LOT 15 BLK C MEADOWS AT CAMBRIDGE HEIGHTS PHS 1 CORRECTION PLAT OF,388500,388500
1668,2026,550306,R,284280105,,2842801050000,FERRARI GAIL TRUST,No,,17303 ORWELL LN, ,LOT 16 BLK C MEADOWS AT CAMBRIDGE HEIGHTS PHS 1 CORRECTION PLAT OF,345634,345634
1669,2026,550307,R,284280106,,2842801060000,SMITH B,No,,17305 ORWELL LN, ,LOT 17 BLK C MEADOWS AT CAMBRIDGE HEIGHTS PHS 1 CORRECTION PLAT OF,338571,338571
1670,2026,550308,R,284280107,,2842801070000,VHORA NAZIRMOHMED S,No,,17307 ORWELL LN, ,LOT 18 BLK C MEADOWS AT CAMBRIDGE HEIGHTS PHS 1 CORRECTION PLAT OF,349887,349887
1671,2026,550309,R,284280108,,2842801080000,SHAO NING & ZHEN XU,No,,17309 ORWELL LN, ,LOT 19 BLK C MEADOWS AT CAMBRIDGE HEIGHTS PHS 1 CORRECTION PLAT OF,381862,381862
1672,2026,550315,R,284280206,,2842802060000,HERNANDEZ EDUARDO,No,,2109 HUXLEY LN, ,LOT 6 BLK A MEADOWS AT CAMBRIDGE HEIGHTS PHS 1 CORRECTION PLAT OF (.201A IN TRAVIS CO),364807,364807
1673,2026,550316,R,284280207,,2842802070000,HARVEY LESLIE R,No,,2107 HUXLEY LN, ,LOT 7 BLK A MEADOWS AT CAMBRIDGE HEIGHTS PHS 1 CORRECTION PLAT OF,371335,371335
1674,2026,550317,R,284280208,,2842802080000,NGUYEN TEDDY THIEN,No,,2105 HUXLEY LN, ,LOT 8 BLK A MEADOWS AT CAMBRIDGE HEIGHTS PHS 1 CORRECTION PLAT OF,388363,388363
1675,2026,550318,R,284280209,,2842802090000,BLAIR TRACI KIM,No,,2103 HUXLEY LN, ,LOT 9 BLK A MEADOWS AT CAMBRIDGE HEIGHTS PHS 1 CORRECTION PLAT OF,344802,344802
1676,2026,550319,R,284280210,,2842802100000,VELASCO-GARCIA EVELIA,No,,2101 HUXLEY LN, ,LOT 10 BLK A MEADOWS AT CAMBRIDGE HEIGHTS PHS 1 CORRECTION PLAT OF,322000,322000
1677,2026,550334,R,284280401,,2842804010000,CONTINENTAL HOMES OF TEXAS LP,No,,2001 WARNER RANCH DR, ,LOT 1 BLK E MEADOWS AT CAMBRIDGE HEIGHTS PHS 1 CORRECTION PLAT OF (OPEN SPACE & LANDSCAPE),836,836
1678,2026,550335,R,284280402,,2842804020000,FULLER JACLYNN,No,,2017 HUXLEY LN, ,LOT 2 BLK E MEADOWS AT CAMBRIDGE HEIGHTS PHS 1 CORRECTION PLAT OF,320135,320135
1679,2026,550336,R,284280403,,2842804030000,FORTELL JACQUELINE K,No,,2015 HUXLEY LN, ,LOT 3 BLK E MEADOWS AT CAMBRIDGE HEIGHTS PHS 1 CORRECTION PLAT OF,368290,368290
1680,2026,550337,R,284280404,,2842804040000,BRINK ERIC &,No,,2013 HUXLEY LN, ,LOT 4 BLK E MEADOWS AT CAMBRIDGE HEIGHTS PHS 1 CORRECTION PLAT OF,386028,386028
1681,2026,550338,R,284280405,,2842804050000,MITCHELL STEPHEN T,No,,2011 HUXLEY LN, ,LOT 5 BLK E MEADOWS AT CAMBRIDGE HEIGHTS PHS 1 CORRECTION PLAT OF,311414,311414
1682,2026,550339,R,284280406,,2842804060000,HANEY MICHAEL,No,,2009 HUXLEY LN, ,LOT 6 BLK E MEADOWS AT CAMBRIDGE HEIGHTS PHS 1 CORRECTION PLAT OF,354248,354248
1683,2026,550340,R,284280407,,2842804070000,NGUYEN PHUOC & MICHELLE,No,,2007 HUXLEY LN, ,LOT 7 BLK E MEADOWS AT CAMBRIDGE HEIGHTS PHS 1 CORRECTION PLAT OF,368230,368230
1684,2026,550341,R,284280408,,2842804080000,JEIS LLC,No,,2005 HUXLEY LN, ,LOT 8 BLK E MEADOWS AT CAMBRIDGE HEIGHTS PHS 1 CORRECTION PLAT OF,361689,361689
1685,2026,550342,R,284280409,,2842804090000,RAHMAN MOKHLASUR,No,,2003 HUXLEY LN, ,LOT 9 BLK E MEADOWS AT CAMBRIDGE HEIGHTS PHS 1 CORRECTION PLAT OF,368953,368953
1686,2026,550343,R,284280410,,2842804100000,GARCIA CANDELARIO & REBECCA H,No,,17416 ZOLA LN, ,LOT 10 BLK E MEADOWS AT CAMBRIDGE HEIGHTS PHS 1 CORRECTION PLAT OF (.143A IN TRAVIS CO),386206,386206
1687,2026,550344,R,284280411,,2842804110000,REDEAUX VANESSA,No,,17414 ZOLA LN, ,LOT 11 BLK E MEADOWS AT CAMBRIDGE HEIGHTS PHS 1 CORRECTION PLAT OF,321424,321424
1688,2026,550345,R,284280412,,2842804120000,RITA MICHELE,Yes,,17412 ZOLA LN, ,LOT 12 BLK E MEADOWS AT CAMBRIDGE HEIGHTS PHS 1 CORRECTION PLAT OF,335000,335000
1689,2026,550346,R,284280413,,2842804130000,PEREIRA EDUARDO GARCIA,No,,17410 ZOLA LN, ,LOT 13 BLK E MEADOWS AT CAMBRIDGE HEIGHTS PHS 1 CORRECTION PLAT OF,310671,310671
1690,2026,550347,R,284280414,,2842804140000,GOODE ANDREW B,No,,17408 ZOLA LN, ,LOT 14 BLK E MEADOWS AT CAMBRIDGE HEIGHTS PHS 1 CORRECTION PLAT OF,365111,365111
1691,2026,550348,R,284280415,,2842804150000,COLLINS MICHELE D & BEATRICE G,No,,17406 ZOLA LN, ,LOT 15 BLK E MEADOWS AT CAMBRIDGE HEIGHTS PHS 1 CORRECTION PLAT OF,353782,353782
1692,2026,550349,R,284280416,,2842804160000,AITHAL SHANKAR S & SHALINI AREHOLE-,No,,17404 ZOLA LN, ,LOT 16 BLK E MEADOWS AT CAMBRIDGE HEIGHTS PHS 1 CORRECTION PLAT OF,371884,371884
1693,2026,550350,R,284280417,,2842804170000,ANDRUS JOHN MONTGOMERY & ADILAH AMALIA,No,,17402 ZOLA LN, ,LOT 17 BLK E MEADOWS AT CAMBRIDGE HEIGHTS PHS 1 CORRECTION PLAT OF,373320,373320
1694,2026,550351,R,284280418,,2842804180000,OKAFOR EMMANUEL,No,,17400 ZOLA LN, ,LOT 18 BLK E MEADOWS AT CAMBRIDGE HEIGHTS PHS 1 CORRECTION PLAT OF,344881,344881
1695,2026,550352,R,284280419,,2842804190000,KUPEC STEVE & MIMI LIVING TRUST,No,,17318 ZOLA LN, ,LOT 19 BLK E MEADOWS AT CAMBRIDGE HEIGHTS PHS 1 CORRECTION PLAT OF,404185,404185
1696,2026,550353,R,284280420,,2842804200000,WEST MEGAN V,No,,17316 ZOLA LN, ,LOT 20 BLK E MEADOWS AT CAMBRIDGE HEIGHTS PHS 1 CORRECTION PLAT OF,345544,345544
1697,2026,550354,R,284280421,,2842804210000,TERRY LUKE & KARI,No,,17314 ZOLA LN, ,LOT 21 BLK E MEADOWS AT CAMBRIDGE HEIGHTS PHS 1 CORRECTION PLAT OF,364350,364350
1698,2026,550355,R,284280422,,2842804220000,THOMAS CLINTON JON & TWANA J,No,,17312 ZOLA LN, ,LOT 22 BLK E MEADOWS AT CAMBRIDGE HEIGHTS PHS 1 CORRECTION PLAT OF,366698,366698
1699,2026,550356,R,284280423,,2842804230000,MIGL REBECCA & MICHAEL DUBE,No,,17310 ZOLA LN, ,LOT 23 BLK E MEADOWS AT CAMBRIDGE HEIGHTS PHS 1 CORRECTION PLAT OF,402110,402110
1700,2026,550357,R,284280424,,2842804240000,MILLER LARRY F & BICH T NGUYEN,No,,17308 ZOLA LN, ,LOT 24 BLK E MEADOWS AT CAMBRIDGE HEIGHTS PHS 1 CORRECTION PLAT OF,322000,322000
1701,2026,550358,R,284280425,,2842804250000,METZGER VANESSA I,No,,17306 ZOLA LN, ,LOT 25 BLK E MEADOWS AT CAMBRIDGE HEIGHTS PHS 1 CORRECTION PLAT OF,300000,300000
1702,2026,550359,R,284280426,,2842804260000,CHURCHILL JOHN & KRISTEN,No,,17304 ZOLA LN, ,LOT 26 BLK E MEADOWS AT CAMBRIDGE HEIGHTS PHS 1 CORRECTION PLAT OF,368242,368242
1703,2026,550360,R,284280501,,2842805010000,LE VAN,No,,17412 ORWELL LN, ,LOT 21 BLK D MEADOWS AT CAMBRIDGE HEIGHTS PHS 1 CORRECTION PLAT OF (.1149AC IN TRAVIS CO),396659,396659
1704,2026,550361,R,284280502,,2842805020000,COOK SAMANTHA  ETAL,No,,17410 ORWELL LN, ,LOT 20 BLK D MEADOWS AT CAMBRIDGE HEIGHTS PHS 1 CORRECTION PLAT OF,353446,353446
1705,2026,550362,R,284280503,,2842805030000,FORD TIMOTHY R & DEANNA M,No,,17408 ORWELL LN, ,LOT 19 BLK D MEADOWS AT CAMBRIDGE HEIGHTS PHS 1 CORRECTION PLAT OF,345223,345223
1706,2026,550363,R,284280504,,2842805040000,LI KAHIN & SHENG FEN WANG,No,,17406 ORWELL LN, ,LOT 18 BLK D MEADOWS AT CAMBRIDGE HEIGHTS PHS 1 CORRECTION PLAT OF,373014,373014
1707,2026,550364,R,284280505,,2842805050000,ZHANG HUI,No,,17404 ORWELL LN, ,LOT 17 BLK D MEADOWS AT CAMBRIDGE HEIGHTS PHS 1 CORRECTION PLAT OF,364809,364809
1708,2026,550365,R,284280506,,2842805060000,CLARK ROCKY W & PENNY A,No,,17402 ORWELL LN, ,LOT 16 BLK D MEADOWS AT CAMBRIDGE HEIGHTS PHS 1 CORRECTION PLAT OF,359842,359842
1709,2026,550366,R,284280507,,2842805070000,ALCANTARA BARTOLO & ELENA MARTE,No,,17306 ORWELL LN, ,LOT 15 BLK D MEADOWS AT CAMBRIDGE HEIGHTS PHS 1 CORRECTION PLAT OF,359370,359370
1710,2026,550367,R,284280508,,2842805080000,MANI ABRAHAM THOPPIL,No,,17304 ORWELL LN, ,LOT 14 BLK D MEADOWS AT CAMBRIDGE HEIGHTS PHS 1 CORRECTION PLAT OF,363226,363226
1711,2026,550368,R,284280509,,2842805090000,STHAPIT SRILINA,No,,17302 ORWELL LN, ,LOT 13 BLK D MEADOWS AT CAMBRIDGE HEIGHTS PHS 1 CORRECTION PLAT OF,355583,355583
1712,2026,550369,R,284280510,,2842805100000,BERMAN MICHAEL B FAMILY TRUST,No,,17300 ORWELL LN, ,LOT 12 BLK D MEADOWS AT CAMBRIDGE HEIGHTS PHS 1 CORRECTION PLAT OF,343679,343679
1713,2026,550370,R,284280511,,2842805110000,AKINBORO AKINTUNDE,No,,17311 ZOLA LN, ,LOT 11 BLK D MEADOWS AT CAMBRIDGE HEIGHTS PHS 1 CORRECTION PLAT OF,323107,323107
1714,2026,550371,R,284280512,,2842805120000,GARCIA LUIS JR,No,,17313 ZOLA LN, ,LOT 10 BLK D MEADOWS AT CAMBRIDGE HEIGHTS PHS 1 CORRECTION PLAT OF,305221,305221
1715,2026,550372,R,284280513,,2842805130000,DE LA CERDA CAROLINE CRISTINA &,No,,17315 ZOLA LN, ,LOT 9 BLK D MEADOWS AT CAMBRIDGE HEIGHTS PHS 1 CORRECTION PLAT OF,386221,386221
1716,2026,550373,R,284280514,,2842805140000,MORENO MONICA ELSE & ROBERT WILSON,No,,17317 ZOLA LN, ,LOT 8 BLK D MEADOWS AT CAMBRIDGE HEIGHTS PHS 1 CORRECTION PLAT OF,363256,363256
1717,2026,550374,R,284280515,,2842805150000,CITY OF PFLUGERVILLE,No,,17401 ZOLA LN, ,LOT 7 BLK D MEADOWS AT CAMBRIDGE HEIGHTS PHS 1 CORRECTION PLAT OF (PARK),2032,2032
1718,2026,550375,R,284280516,,2842805160000,COLEMAN MATTHEW & ELIZABETH,No,,17403 ZOLA LN, ,LOT 6 BLK D MEADOWS AT CAMBRIDGE HEIGHTS PHS 1 CORRECTION PLAT OF,403864,403864
1719,2026,550376,R,284280517,,2842805170000,MCGINNIS LIVING TRUST,No,,17405 ZOLA LN, ,LOT 5 BLK D MEADOWS AT CAMBRIDGE HEIGHTS PHS 1 CORRECTION PLAT OF,344659,344659
1720,2026,550377,R,284280518,,2842805180000,SHAIKH PARVEZ & NISHA KHAJA FAHIM,No,,17407 ZOLA LN, ,LOT 4 BLK D MEADOWS AT CAMBRIDGE HEIGHTS PHS 1 CORRECTION PLAT OF,373542,373542
1721,2026,550378,R,284280519,,2842805190000,17409 ZOLA LANE TRUST,No,,17409 ZOLA LN, ,LOT 3 BLK D MEADOWS AT CAMBRIDGE HEIGHTS PHS 1 CORRECTION PLAT OF,345221,345221
1722,2026,550379,R,284280520,,2842805200000,PEREZ JOSE SEBASTIAN & IRMA LI,No,,17411 ZOLA LN, ,LOT 2 BLK D MEADOWS AT CAMBRIDGE HEIGHTS PHS 1 CORRECTION PLAT OF,362561,362561
1723,2026,550380,R,284280521,,2842805210000,TRUONG THUAN D & LE MY TRAN,No,,17413 ZOLA LN, ,LOT 1 BLK D MEADOWS AT CAMBRIDGE HEIGHTS PHS 1 CORRECTION PLAT OF (.1231AC IN TRAVIS CO),356222,356222
1724,2026,550382,R,284280602,,2842806020000,BLICK KOURTNEY & JONATHAN,No,,17401 ORWELL LN, ,LOT 10 BLK H MEADOWS AT CAMBRIDGE HEIGHTS PHS 1 CORRECTION PLAT OF,352938,352938
1725,2026,550383,R,284280603,,2842806030000,LIM SIEW K,No,,17403 ORWELL LN, ,LOT 9 BLK H MEADOWS AT CAMBRIDGE HEIGHTS PHS 1 CORRECTION PLAT OF,361712,361712
1726,2026,550384,R,284280604,,2842806040000,MONTGOMERY CHRISTINA TRUST,No,,17405 ORWELL LN, ,LOT 8 BLK H MEADOWS AT CAMBRIDGE HEIGHTS PHS 1 CORRECTION PLAT OF,358762,358762
1727,2026,550385,R,284280701,,2842807010000,DIMAS REYMUNDO JR,No,,1913 PASTERNAK DR, ,LOT 8 BLK C MEADOWS AT CAMBRIDGE HEIGHTS PHS 1 CORRECTION PLAT OF,457735,457735
1728,2026,550386,R,284280702,,2842807020000,ROBISCH MATTHEW A,No,,1911 PASTERNAK DR, ,LOT 9 BLK C MEADOWS AT CAMBRIDGE HEIGHTS PHS 1 CORRECTION PLAT OF,366397,366397
1729,2026,550388,R,284301801,,2843018010000,GUILLEN DAVID E & JOSEPH P THO,No,,17407 ORWELL LN, ,LOT 7 BLK H MEADOWS AT CAMBRIDGE HEIGHTS PHS 1 CORRECTION PLAT OF,345672,345672
1730,2026,550389,R,284301802,,2843018020000,SALAS ROBERT M,No,,17409 ORWELL LN, ,LOT 6 BLK H MEADOWS AT CAMBRIDGE HEIGHTS PHS 1 CORRECTION PLAT OF,378212,378212
1731,2026,550390,R,284301803,,2843018030000,GICHANGAH ANN W,No,,17411 ORWELL LN, ,LOT 5 BLK H MEADOWS AT CAMBRIDGE HEIGHTS PHS 1 CORRECTION PLAT OF,363634,363634
1732,2026,550391,R,284301804,,2843018040000,SEGURA SANDRA L,No,,17413 ORWELL LN, ,LOT 4 BLK H MEADOWS AT CAMBRIDGE HEIGHTS PHS 1 CORRECTION PLAT OF (.0918AC IN TRAVIS CO),378318,378318
1733,2026,550879,R,288430102,,2884301020000,ROLISON RHONDA & EUGENE,No,KB HOME,19509 CHEYENNE VALLEY DR,ROUND ROCK,LOT 1 BLK L GREENRIDGE PHS 6,409068,409068
1734,2026,550880,R,288430103,,2884301030000,ABBOTT THOMAS IAN &,No,,19513 CHEYENNE VALLEY DR,ROUND ROCK,LOT 2 BLK L GREENRIDGE PHS 6,327601,327601
1735,2026,550881,R,288430104,,2884301040000,CARCAMO MARIO & JAIME CARCAMO,No,,19517 CHEYENNE VALLEY DR,ROUND ROCK,LOT 3 BLK L GREENRIDGE PHS 6,373106,373106
1736,2026,550882,R,288430105,,2884301050000,INEICHEN KIMBERLY N,No,,19521 CHEYENNE VALLEY DR,ROUND ROCK,LOT 4 BLK L GREENRIDGE PHS 6,494800,494800
1737,2026,550883,R,288430106,,2884301060000,CISNEROS EVETTE D,No,,19525 CHEYENNE VALLEY DR,ROUND ROCK,LOT 5 BLK L GREENRIDGE PHS 6,590769,590769
1738,2026,550884,R,288430107,,2884301070000,ROMERO MARGARITA IDALIA,No,,309 S BOONE VALLEY DR,,LOT 6 BLK L GREENRIDGE PHS 6,336793,336793
1739,2026,550885,R,288430108,,2884301080000,KAUR GURDEEP,No,,313 S BOONE VALLEY DR,,LOT 7 BLK L GREENRIDGE PHS 6,381396,381396
1740,2026,550887,R,288430110,,2884301100000,ARROYO LUZ C,No,,321 S BOONE VALLEY DR,,LOT 8 BLK L GREENRIDGE PHS 6,328391,328391
1741,2026,550888,R,288430111,,2884301110000,BROWN SHAQUAN ANDRE & RIO PETROFF,No,,401 S BOONE VALLEY DR,,LOT 9 BLK L GREENRIDGE PHS 6,558662,558662
1742,2026,550889,R,288430112,,2884301120000,NGUYEN DANNY & CAROLYN,Yes,,405 S BOONE VALLEY DR,,LOT 10 BLK L GREENRIDGE PHS 6,421000,421000
1743,2026,550890,R,288430113,,2884301130000,FALCON LEONARD,No,,409 S BOONE VALLEY DR,,LOT 11 BLK L GREENRIDGE PHS 6,390973,390973
1744,2026,550891,R,288430114,,2884301140000,MENDOZA PATRICIA,No,,413 S BOONE VALLEY DR,,LOT 12 BLK L GREENRIDGE PHS 6,332222,332222
1745,2026,550892,R,288430115,,2884301150000,DUNCAN JESSE,No,,417 S BOONE VALLEY DR,,LOT 13 BLK L GREENRIDGE PHS 6,371661,371661
1746,2026,550893,R,288430201,,2884302010000,FOULTZ WALT & TAMARA,No,,412 S BOONE VALLEY DR,,LOT 24 BLK M GREENRIDGE PHS 6,550930,550930
1747,2026,550894,R,288430202,,2884302020000,ONWERE CHRISTIANAH & PHILEMON,No,,408 S BOONE VALLEY DR,,LOT 25 BLK M GREENRIDGE PHS 6,491294,491294
1748,2026,550895,R,288430203,,2884302030000,JOHNSON CHRISTOPHER C & SERENA FUYU,No,,404 S BOONE VALLEY DR,,LOT 26 BLK M GREENRIDGE PHS 6,544339,544339
1749,2026,550896,R,288430204,,2884302040000,MONTGOMERY MICHAEL L,No,,400 S BOONE VALLEY DR,,LOT 27 BLK M GREENRIDGE PHS 6,467859,467859
1750,2026,550897,R,288430205,,2884302050000,CALDWELL ANDRE,No,,308 S BOONE VALLEY DR,,LOT 28 BLK M GREENRIDGE PHS 6,369302,369302
1751,2026,550898,R,288430206,,2884302060000,ANISIMOV TINA LANDRY,No,,304 S BOONE VALLEY DR,,LOT 29 BLK M GREENRIDGE PHS 6,543053,543053
1752,2026,550899,R,288430207,,2884302070000,RABB GREGORY P & DEBORAH A,No,,300 S BOONE VALLEY DR,ROUND ROCK,LOT 1 BLK M GREENRIDGE PHS 6,388766,388766
1753,2026,550900,R,288430208,,2884302080000,LAZCANO ALEXIS,No,,19537 CHEYENNE VALLEY DR,ROUND ROCK,LOT 2 BLK M GREENRIDGE PHS 6,345621,345621
1754,2026,550901,R,288430209,,2884302090000,CLUTE TIFFANY & JOHN MARK CELY,No,,19541 CHEYENNE VALLEY DR,ROUND ROCK,LOT 3 BLK M GREENRIDGE PHS 6,421927,421927
1755,2026,550902,R,288430210,,2884302100000,THOMAS SCOTT E & SHEILA M,No,,19601 CHEYENNE VALLEY DR,ROUND ROCK,LOT 4 BLK M GREENRIDGE PHS 6,445129,445129
1756,2026,550903,R,288430211,,2884302110000,KAKARNA SANKEERTH,No,,19605 CHEYENNE VALLEY DR,ROUND ROCK,LOT 5 BLK M GREENRIDGE PHS 6,435556,435556
1757,2026,550904,R,288430212,,2884302120000,WASHINGTON FRANK JR & CHARLENE EVELYN,No,,19609 CHEYENNE VALLEY DR,,LOT 6 BLK M GREENRIDGE PHS 6,345621,345621
1758,2026,550905,R,288460101,,2884601010000,CRAYTON ANGELA S,No,,19613 CHEYENNE VALLEY DR,ROUND ROCK,LOT 7 BLK M GREENRIDGE PHS 6,374641,374641
1759,2026,550907,R,288460103,,2884601030000,ARANDA JAMES,No,,19621 CHEYENNE VALLEY DR,ROUND ROCK,LOT 9 BLK M GREENRIDGE PHS 6,364188,364188
1760,2026,550908,R,288460104,,2884601040000,HODGKINS CALEB & COURTNEY WHITE,No,,19625 CHEYENNE VALLEY DR,ROUND ROCK,LOT 10 BLK M GREENRIDGE PHS 6,455125,455125
1761,2026,550909,R,288460105,,2884601050000,MANUEL NOEL,No,,19629 CHEYENNE VALLEY DR,,LOT 11 BLK M GREENRIDGE PHS 6,346878,346878
1762,2026,550910,R,288460106,,2884601060000,ADAPA ESHWARA,No,,19633 CHEYENNE VALLEY DR,ROUND ROCK,LOT 12 BLK M GREENRIDGE PHS 6,428468,428468
1763,2026,550911,R,288460107,,2884601070000,GUZMAN-TORRES YADIRA &,No,,19512 SAN CHISOLM DR,,LOT 13 BLK M GREENRIDGE PHS 6,425898,425898
1764,2026,550912,R,288460108,,2884601080000,ALEXANDER PAMELA LIFE ESTATE,No,,19508 SAN CHISOLM DR,ROUND ROCK,LOT 14 BLK M GREENRIDGE PHS 6,470621,470621
1765,2026,550913,R,288460109,,2884601090000,CRENSHAW ROBERT A & LAKISHA M,No,,19504 SAN CHISOLM DR,ROUND ROCK,LOT 15 BLK M GREENRIDGE PHS 6,429182,429182
1766,2026,550914,R,288460110,,2884601100000,GONZALEZ JULIO MARTINEZ &,No,,19500 SAN CHISOLM DR,,LOT 16 BLK M GREENRIDGE PHS 6,552370,552370
1767,2026,550915,R,288460111,,2884601110000,SWAN JARED & NOLITA,No,,516 S BOONE VALLEY DR,,LOT 17 BLK M GREENRIDGE PHS 6,541730,541730
1768,2026,550916,R,288460112,,2884601120000,CAVALIERE JASON,No,,512 S BOONE VALLEY DR,,LOT 18 BLK M GREENRIDGE PHS 6,373981,373981
1769,2026,550917,R,288460113,,2884601130000,CHARRIER SHAWN D & NINGNING WANG,No,,508 S BOONE VALLEY DR,,LOT 19 BLK M GREENRIDGE PHS 6,430619,430619
1770,2026,550918,R,288460114,,2884601140000,RUVALCABA JAIME & MIRIAM,No,,504 S BOONE VALLEY DR,,LOT 20 BLK M GREENRIDGE PHS 6,372731,372731
1771,2026,550919,R,288460115,,2884601150000,RUVALCABA SALOME & VALENTINA,No,,500 S BOONE VALLEY DR,,LOT 21 BLK M GREENRIDGE PHS 6,509250,509250
1772,2026,550920,R,288460116,,2884601160000,PATEL JIGNESH,No,,424 S BOONE VALLEY DR,,LOT 22 BLK M GREENRIDGE PHS 6,534799,534799
1773,2026,550921,R,288460117,,2884601170000,WU JIAN & JENNIFER X,No,,416 S BOONE VALLEY DR,ROUND ROCK,LOT 23 BLK M GREENRIDGE PHS 6,514740,514740
1774,2026,550922,R,288460201,,2884602010000,LINARES EDWIN R & ELVIA M RECINOS,No,,19501 SAN CHISOLM DR,ROUND ROCK,LOT 9 BLK N GREENRIDGE PHS 6,396612,396612
1775,2026,550923,R,288460202,,2884602020000,GEVA GILLOR,No,,19505 SAN CHISOLM DR,ROUND ROCK,LOT 10 BLK N GREENRIDGE PHS 6,480827,480827
1776,2026,550924,R,288460203,,2884602030000,BABBITT CHAD & BRENDA,No,,19509 SAN CHISOLM DR,ROUND ROCK,LOT 11 BLK N GREENRIDGE PHS 6,471514,471514
1777,2026,550925,R,288460204,,2884602040000,ROSALES JACOB J,No,,19513 SAN CHISOLM DR,ROUND ROCK,LOT 12 BLK N GREENRIDGE PHS 6,437690,437690
1778,2026,550926,R,288460301,,2884603010000,CHANDRASEKHAR VINAY & SANDHYA,No,,421 S BOONE VALLEY DR,ROUND ROCK,LOT 14 BLK L GREENRIDGE PHS 6,353886,353886
1779,2026,550927,R,288460302,,2884603020000,MENDOZA JOSE CARLOS,No,,425 S BOONE VALLEY DR,,LOT 15 BLK L GREENRIDGE PHS 6,492895,492895
1780,2026,550928,R,288460303,,2884603030000,KILBORN MARK & DANA KILBORN,No,,501 S BOONE VALLEY DR,,LOT 16 BLK L GREENRIDGE PHS 6,453608,453608
1781,2026,550929,R,288460304,,2884603040000,HASKINS JERRY JAMES,No,,505 S BOONE VALLEY DR,,LOT 17 BLK L GREENRIDGE PHS 6,580186,580186
1782,2026,550930,R,288460305,,2884603050000,RAVI KRISHNAMOORTHY,No,,509 S BOONE VALLEY DR,,LOT 18 BLK L GREENRIDGE PHS 6,468110,468110
1783,2026,550931,R,288460306,,2884603060000,ANDERSON HIEN ,No,,513 S BOONE VALLEY DR,,LOT 19 BLK L GREENRIDGE PHS 6,578767,578767
1784,2026,550932,R,288460307,,2884603070000,DEMERAUDE DIANA MICHELLE &,No,,517 S BOONE VALLEY DR,,LOT 20 BLK L GREENRIDGE PHS 6,515026,515026
1785,2026,550933,R,288460308,,2884603080000,MCCREA MARTIN & MELISSA MCCREA,No,,521 S BOONE VALLEY DR,,LOT 21 BLK L GREENRIDGE PHS 6,363625,363625
1786,2026,550934,R,288460309,,2884603090000,NAVARRO EDWIN OMAR GONZALES &,No,,525 BOONE VALLEY DR,,LOT 22 BLK L GREENRIDGE PHS 6,515260,515260
1787,2026,550935,R,288460310,,2884603100000,SARELLA PAUL A,No,,601 S BOONE VALLEY DR,,LOT 23 BLK L GREENRIDGE PHS 6,354844,354844
1788,2026,550947,R,290430101,,2904301010000,ALI HUSSEIN ABD,No,,19608 CHEYENNE VALLEY DR,ROUND ROCK,LOT 26 BLK D GREENRIDGE PHS 6,346653,346653
1789,2026,550948,R,290430102,,2904301020000,STEPHENS HARRIETT B,No,,19604 CHEYENNE VALLEY DR,ROUND ROCK,LOT 25 BLK D GREENRIDGE PHS 6,416127,416127
1790,2026,550949,R,290430103,,2904301030000,COLLINS RICHARD NEAL,No,,19600 CHEYENNE VALLEY DR,ROUND ROCK,LOT 24 BLK D GREENRIDGE PHS 6,376599,376599
1791,2026,550950,R,290430104,,2904301040000,QUIROZ GREGORY & ROSEMARY,No,,19905 SAP CV,ROUND ROCK,LOT 23 BLK D GREENRIDGE PHS 6,491539,491539
1792,2026,550951,R,290430105,,2904301050000,SUNKU SURESH,No,,19909 SAP CV,ROUND ROCK,LOT 22 BLK D GREENRIDGE PHS 6,554684,554684
1793,2026,550952,R,290430106,,2904301060000,MORSE MICHAEL & KARLA,No,,19913 SAP CV,,LOT 21 BLK D GREENRIDGE PHS 6,484000,484000
1794,2026,550953,R,290430107,,2904301070000,JOYNER CYNTHIA G,No,,19912 SAP CV,ROUND ROCK,LOT 20 BLK D GREENRIDGE PHS 6,640639,640639
1795,2026,550954,R,290430108,,2904301080000,KINNEY JANET M & JACK A,No,,19908 SAP CV,ROUND ROCK,LOT 19 BLK D GREENRIDGE PHS 6,449979,449979
1796,2026,550955,R,290430109,,2904301090000,MULING REALTY LLC SERIES B,No,,19904 SAP CV,ROUND ROCK,LOT 18 BLK D GREENRIDGE PHS 6,537386,537386
1797,2026,550956,R,290430110,,2904301100000,IBANEZ REUBEN & RHODA,No,,19900 SAP CV,ROUND ROCK,LOT 17 BLK D GREENRIDGE PHS 6,450755,450755
1798,2026,550957,R,290430111,,2904301110000,NANGIA YUVRAJ & DIVYANSHA ARORA,No,,212 N BOONE VALLEY DR,ROUND ROCK,LOT 16 BLK D GREENRIDGE PHS 6,432213,432213
1799,2026,550958,R,290430112,,2904301120000,ZHANG XIN & RUNYU LIU,No,,208 N BOONE VALLEY DR,,LOT 15 BLK D GREENRIDGE PHS 6,374400,374400
1800,2026,550959,R,290430113,,2904301130000,YBARRA RODOLFO R &,No,,204 N BOONE VALLEY DR,,LOT 14 BLK D GREENRIDGE PHS 6,483965,483965
1801,2026,550960,R,290430114,,2904301140000,SILVESTRI GIOVANNI EUGENIO,No,,200 N BOONE VALLEY DR,,LOT 13 BLK D GREENRIDGE PHS 6,562904,562904
1802,2026,550961,R,290430115,,2904301150000,BRIER RICHARD & FLOYD R BRIER JR,No,,201 N BOONE VALLEY DR,,LOT 12 BLK D GREENRIDGE PHS 6,519628,519628
1803,2026,550962,R,290430116,,2904301160000,GOMEZ RUTH C & MARK EDMUND TRIMBLE,No,,205 N BOONE VALLEY DR,,LOT 11 BLK D GREENRIDGE PHS 6,363730,363730
1804,2026,550963,R,290430117,,2904301170000,MCCONNELL ERIC & CHANTELLE VALDEZ,No,,209 N BOONE VALLEY DR,,LOT 10 BLK D GREENRIDGE PHS 6,445550,445550
1805,2026,550964,R,290430118,,2904301180000,REID ROBERT & LAVERNE FRANCIS REVOCABLE TRUST,No,,213 N BOONE VALLEY DR,,LOT 9 BLK D GREENRIDGE PHS 6,361340,361340
1806,2026,550965,R,290430119,,2904301190000,CABRERA ALEXY LEON &,No,,19901 LIME CV,,LOT 8 BLK D GREENRIDGE PHS 6,456756,456756
1807,2026,550966,R,290430120,,2904301200000,JONES ROY F & WILLIE,No,,19905 LIME CV,ROUND ROCK,LOT 7 BLK D GREENRIDGE PHS 6,499463,499463
1808,2026,550967,R,290430121,,2904301210000,MAHMOOD ZAHID,No,,19909 LIME CV,ROUND ROCK,LOT 6 BLK D GREENRIDGE PHS 6,571914,571914
1809,2026,550968,R,290430122,,2904301220000,BAI XUEJING,No,,19913 LIME CV,ROUND ROCK,LOT 5 BLK D GREENRIDGE PHS 6,459645,459645
1810,2026,550969,R,290430123,,2904301230000,CULBREATH JAMES BYRON &,No,,19912 LIME CV,ROUND ROCK,LOT 4 BLK D GREENRIDGE PHS 6,612133,612133
1811,2026,550970,R,290430124,,2904301240000,RANI MANJU,No,,19908 LIME CV,ROUND ROCK,LOT 3 BLK D GREENRIDGE PHS 6,570448,570448
1812,2026,550971,R,290430125,,2904301250000,WEST CHRISTOPHER & ANGEL,No,,19504 CHEYENNE VALLEY DR,ROUND ROCK,LOT 2 BLK D GREENRIDGE PHS 6,488806,488806
1813,2026,550972,R,290430126,,2904301260000,HARTMAN MELISSA & MICHAEL,No,,19500 CHEYENNE VALLEY DR,,LOT 1 BLK D GREENRIDGE PHS 6,434683,434683
1814,2026,550973,R,290460206,,2904602060000,MONITA IGNACIO C & KAHEALANI C,No,,19820 SAN CHISOLM DR,ROUND ROCK,LOT 22 BLK C GREENRIDGE PHS 2,436042,436042
1815,2026,550974,R,290460207,,2904602070000,HOFFMAN VERONIQUE EILEEN &,No,,19816 SAN CHISOLM DR,ROUND ROCK,LOT 23 BLK C GREENRIDGE PHS 2,473781,473781
1816,2026,550975,R,290460208,,2904602080000,SCHRAMM RICHARD R & HOPE,No,,19812 SAN CHISOLM DR,,LOT 24 BLK C GREENRIDGE PHS 2,294696,294696
1817,2026,550976,R,290460209,,2904602090000,ABONA SARAH,No,,19808 SAN CHISOLM DR,,LOT 25 BLK C GREENRIDGE PHS 2,351159,351159
1818,2026,550977,R,290460210,,2904602100000,LUGO DANIEL & THERESA GLASGOW,No,,19804 SAN CHISOLM DR,ROUND ROCK,LOT 26 BLK C GREENRIDGE PHS 2,363784,363784
1819,2026,550978,R,290460211,,2904602110000,NIEVES HERLINDA,No,,19800 SAN CHISOLM DR,ROUND ROCK,LOT 27 BLK C GREENRIDGE PHS 2,501642,501642
1820,2026,550979,R,290460323,,2904603230000,JONNALAGADDA VENKATA K M & PADMAJA,No,,19528 SAN CHISOLM DR,ROUND ROCK,LOT 33 BLK D GREENRIDGE PHS 2,495003,495003
1821,2026,550980,R,290460324,,2904603240000,ZAZEN PROPERTIES LLC,No,,19524 SAN CHISOLM DR,,LOT 32B BLK D GREENRIDGE PHS 6,560317,560317
1822,2026,550982,R,290460326,,2904603260000,RIVERA SEBASTIAN & WENDY,No,,19628 CHEYENNE VALLEY DR,ROUND ROCK,LOT 31 BLK D GREENRIDGE PHS 6,423368,423368
1823,2026,550983,R,290460327,,2904603270000,BILLINGTON ALAN,No,,19624 CHEYENNE VALLEY DR,ROUND ROCK,LOT 30 BLK D GREENRIDGE PHS 6,380124,380124
1824,2026,550985,R,290460329,,2904603290000,ALLISON CLYDE E & LUCINDA A,No,,19616 CHEYENNE VALLEY DR,ROUND ROCK,LOT 28 BLK D GREENRIDGE PHS 6,374641,374641
1825,2026,550987,R,290460416,,2904604160000,GREENOUGH DAVID,No,,19724 SAN CHISOLM DR,ROUND ROCK,LOT 17 BLK E GREENRIDGE PHS 2,535077,535077
1826,2026,550988,R,290460417,,2904604170000,JONES WILLIAM TIMOTHY CALEB & ANDREANA SHI MEI FOO,No,,19720 SAN CHISOLM DR,ROUND ROCK,LOT 18 BLK E GREENRIDGE PHS 2,312892,312892
1827,2026,550989,R,290460418,,2904604180000,PROGRESS RESIDENTIAL BORROWER 23 LLC,No,,19716 SAN CHISOLM DR,ROUND ROCK,LOT 19 BLK E GREENRIDGE PHS 2,328600,328600
1828,2026,550990,R,290460419,,2904604190000,ANDERSEN DARLENE &,No,,19712 SAN CHISOLM DR,,LOT 20 BLK E GREENRIDGE PHS 2,443360,443360
1829,2026,550991,R,290460420,,2904604200000,PALOMO LELA &,No,,19708 SAN CHISOLM DR,,LOT 21 BLK E GREENRIDGE PHS 2,368915,368915
1830,2026,550992,R,290460421,,2904604210000,MARTIN JARON,No,,19704 SAN CHISOLM DR,ROUND ROCK,LOT 22 BLK E GREENRIDGE PHS 2,449614,449614
1831,2026,550993,R,290460422,,2904604220000,JAMES D'ANDRE RASHON &,No,,19700 SAN CHISOLM DR,,LOT 23 BLK E GREENRIDGE PHS 2,445313,445313
1832,2026,550994,R,290460423,,2904604230000,SYED MUTABARIZUDDIN &,No,,19628 SAN CHISOLM DR,ROUND ROCK,LOT 24 BLK E GREENRIDGE PHS 2,536337,536337
1833,2026,550995,R,290460424,,2904604240000,THOMAS FAMILY TRUST & YASHAR FAMILY TRUST,No,,19624 SAN CHISOLM DR,,LOT 25 BLK E GREENRIDGE PHS 2,294963,294963
1834,2026,550996,R,290460425,,2904604250000,KARDOS JENNY C & MICHAEL B,No,,19620 SAN CHISOLM DR,,LOT 26 BLK E GREENRIDGE PHS 2,327886,327886
1835,2026,550997,R,290460426,,2904604260000,SINGH SULAKHAN,No,,19616 SAN CHISOLM DR,ROUND ROCK,LOT 27 BLK E GREENRIDGE PHS 2,475247,475247
1836,2026,550998,R,290460427,,2904604270000,NYERGES JAMES ROSS,No,,19612 SAN CHISOLM DR,ROUND ROCK,LOT 28 BLK E GREENRIDGE PHS 2,390345,390345
1837,2026,550999,R,290460428,,2904604280000,GUERRA OSBEL HURTADO &,No,,19608 SAN CHISOLM DR,ROUND ROCK,LOT 29 BLK E GREENRIDGE PHS 2,337600,337600
1838,2026,551000,R,290460429,,2904604290000,KOGER LONNIE R & TABITHA G,No,,4001 CISCO VALLEY DR,ROUND ROCK,LOT 1 BLK E GREENRIDGE PHS 2,551249,551249
1839,2026,551001,R,290460501,,2904605010000,FLEMING CARLOS & DANIELLE,No,,19920 CHEYENNE VALLEY DR,ROUND ROCK,LOT 10 BLK F GREENRIDGE PHS 2,360761,360761
1840,2026,551002,R,290460502,,2904605020000,GARRETT JEFFERY G & ALICIA G,No,,19916 CHEYENNE VALLEY DR,ROUND ROCK,LOT 11 BLK F GREENRIDGE PHS 2,466280,466280
1841,2026,551004,R,290460504,,2904605040000,MCDONALD MICHAEL &,No,,19908 CHEYENNE VALLEY DR,,LOT 13 BLK F GREENRIDGE PHS 2,430077,430077
1842,2026,551006,R,290460506,,2904605060000,CORONADO JOE D &,No,,19900 CHEYENNE VALLEY DR,,LOT 15 BLK F GREENRIDGE PHS 2,482308,482308
1843,2026,551007,R,290460507,,2904605070000,COX LACY & EDWARD REED,No,,19801 SAN CHISOLM DR,ROUND ROCK,LOT 1 BLK F GREENRIDGE PHS 2,328451,328451
1844,2026,551008,R,290460508,,2904605080000,FINKEY RYAN,No,,19805 SAN CHISOLM DR,ROUND ROCK,LOT 2 BLK F GREENRIDGE PHS 2,334979,334979
1845,2026,551009,R,290460509,,2904605090000,NISHIMOTO SCOTT N,No,,19809 SAN CHISOLM DR,,LOT 3 BLK F GREENRIDGE PHS 2,294886,294886
1846,2026,551010,R,290460510,,2904605100000,HERNANDEZ-PEVEAR COLLEEN,No,,19813 SAN CHISOLM DR,ROUND ROCK,LOT 4 BLK F GREENRIDGE PHS 2,364661,364661
1847,2026,551011,R,290460511,,2904605110000,LIGGIO DENNIS MATTHEW,No,,19821 SAN CHISOLM DR,ROUND ROCK,LOT 5 BLK F GREENRIDGE PHS 2,507143,507143
1848,2026,551012,R,290460512,,2904605120000,POPE BRIAN & MARIA,No,,19825 SAN CHISOLM DR,ROUND ROCK,LOT 6 BLK F GREENRIDGE PHS 2,357413,357413
1849,2026,551013,R,290460601,,2904606010000,LOVEJOY EASTER P,No,,532 SEED CV,,LOT 79 BLK B GREENRIDGE PHS 3,502945,502945
1850,2026,551014,R,290460602,,2904606020000,CHRISTIAN RODNEY &,No,,528 SEED CV,,LOT 78 BLK B GREENRIDGE PHS 3,465641,465641
1851,2026,551015,R,290460603,,2904606030000,KERSEY PAMELA A,No,,524 SEED CV,ROUND ROCK,LOT 77 BLK B GREENRIDGE PHS 3,318386,318386
1852,2026,551016,R,290460604,,2904606040000,KENEBREW AMOS & CAROL,No,,520 SEED CV,ROUND ROCK,LOT 76 BLK B GREENRIDGE PHS 3,529942,529942
1853,2026,551017,R,290460605,,2904606050000,PAA-CULANAG ALICIA,No,, SEED CV,,LOT 75 BLK B GREENRIDGE PHS 3,370991,370991
1854,2026,551018,R,290460606,,2904606060000,ELLIS TEODORA FELIPE &,No,,512 SEED CV,,LOT 74 BLK B GREENRIDGE PHS 3,302390,302390
1855,2026,551019,R,290460607,,2904606070000,FERRARI MARC & MELINDA,No,,508 SEED CV,ROUND ROCK,LOT 73 BLK B GREENRIDGE PHS 3,467540,467540
1856,2026,551020,R,290460608,,2904606080000,AGARWAL SACHIN,No,,504 SEED CV,,LOT 72 BLK B GREENRIDGE PHS 3,480350,480350
1857,2026,551021,R,290460609,,2904606090000,BAZAN PILAR,No,,500 SEED CV,ROUND ROCK,LOT 71 BLK B GREENRIDGE PHS 3,391248,391248
1858,2026,551022,R,290460610,,2904606100000,NGUYEN MICHAEL N & DIANA D,No,,501 SEED CV,ROUND ROCK,LOT 70 BLK B GREENRIDGE PHS 3,525963,525963
1859,2026,551023,R,290460611,,2904606110000,STEPHENS GREGHORY D & ANNETTE M,No,,505 SEED CV,ROUND ROCK,LOT 69 BLK B GREENRIDGE PHS 3,460632,460632
1860,2026,551024,R,290460612,,2904606120000,GARCIA KENNETH & MICHELLE,No,,509 SEED CV,ROUND ROCK,LOT 68 BLK B GREENRIDGE PHS 3,358527,358527
1861,2026,551025,R,290460613,,2904606130000,BRUSH KAILYN &,No,,513 SEED CV,ROUND ROCK,LOT 67 BLK B GREENRIDGE PHS 3,404696,404696
1862,2026,551027,R,290460615,,2904606150000,ROY STEPHEN & CAITLIN CONNER,No,,521 SEED CV,ROUND ROCK,LOT 65 BLK B GREENRIDGE PHS 3,363991,363991
1863,2026,551028,R,290460616,,2904606160000,REQUENA JOSE J & ANGELLENA M,No,,525 SEED CV,ROUND ROCK,LOT 64 BLK B GREENRIDGE PHS 3,463995,463995
1864,2026,551029,R,290460617,,2904606170000,GUERRERO BENNY & SANDRA,No,,20308 DARK TREE CV,ROUND ROCK,LOT 63 BLK B GREENRIDGE PHS 3,539086,539086
1865,2026,551030,R,290460618,,2904606180000,CANNON DUSTIN J & MERA C,No,,20304 DARK TREE CV,ROUND ROCK,LOT 62 BLK B GREENRIDGE PHS 3,490638,490638
1866,2026,551031,R,290460619,,2904606190000,MUTH MATTHEW & JENNIFER MUTH,No,,20300 DARK TREE CV,ROUND ROCK,LOT 61 BLK B GREENRIDGE PHS 3,457958,457958
1867,2026,551032,R,290460620,,2904606200000,MANCIA VICTOR M AVILA &,No,,616 DARK TREE LN,ROUND ROCK,LOT 60 BLK B GREENRIDGE PHS 3,506020,506020
1868,2026,551033,R,290460621,,2904606210000,CHINTAPALLI VEERA VENKATA SATYANARAYANA MURTHY & PADMINI VELIDI,No,,612 DARK TREE LN,ROUND ROCK,LOT 59 BLK B GREENRIDGE PHS 3,430266,430266
1869,2026,551034,R,290460622,,2904606220000,GARY JIMMY & DENETRICE,No,,608 DARK TREE LN,ROUND ROCK,LOT 58 BLK B GREENRIDGE PHS 3,471452,471452
1870,2026,551035,R,290460623,,2904606230000,BAUTISTA-DELGADO JULIO &,No,,604 DARK TREE LN,,LOT 57 BLK B GREENRIDGE PHS 3,459881,459881
1871,2026,551036,R,290460624,,2904606240000,RAMOS ELIZABETH DAISY,No,,600 DARK TREE LN,ROUND ROCK,LOT 56 BLK B GREENRIDGE PHS 3,302316,302316
1872,2026,551037,R,290460625,,2904606250000,FELTON VICKIE,No,,512 DARK TREE LN,ROUND ROCK,LOT 55 BLK B GREENRIDGE PHS 3,343432,343432
1873,2026,551038,R,290460626,,2904606260000,QUINTERO OSCAR,No,,508 DARK TREE LN,ROUND ROCK,LOT 54 BLK B GREENRIDGE PHS 3,358908,358908
1874,2026,551039,R,290460627,,2904606270000,SZABO CAROLOTA,No,,504 DARK TREE LN,ROUND ROCK,LOT 53 BLK B GREENRIDGE PHS 3,401472,401472
1875,2026,551040,R,290460628,,2904606280000,ROMERO TITO & CLAUDIA,No,,500 DARK TREE LN,ROUND ROCK,LOT 52 BLK B GREENRIDGE PHS 3,470000,470000
1876,2026,551041,R,290460629,,2904606290000,GOPAL VIJAY K & HANSA V,No,,501 DARK TREE LN,ROUND ROCK,LOT 51 BLK B GREENRIDGE PHS 3,548667,548667
1877,2026,551042,R,290460630,,2904606300000,FIGUEROA JOSE M & LOURDES FIGUEROA,No,,505 DARK TREE LN,ROUND ROCK,LOT 50 BLK B GREENRIDGE PHS 3,482090,482090
1878,2026,551043,R,290460631,,2904606310000,PETERS MICHAEL J REVOCABLE LIVING TRUST,No,,509 DARK TREE LN,,LOT 49 BLK B GREENRIDGE PHS 3,341154,341154
1879,2026,551044,R,290460632,,2904606320000,ALVARADO RAUL,No,,513 DARK TREE LN,ROUND ROCK,LOT 48 BLK B GREENRIDGE PHS 3,508230,508230
1880,2026,551045,R,290460633,,2904606330000,RAMIREZ MARTIN & HORTENSIA,No,,520 PALADINE PL,,LOT 47 BLK B GREENRIDGE PHS 3,456992,456992
1881,2026,551046,R,290460634,,2904606340000,ERWIN BROCK A,No,,516 PALADINE PL,ROUND ROCK,LOT 46 BLK B GREENRIDGE PHS 3,515469,515469
1882,2026,551047,R,290460635,,2904606350000,FIELDS DARRYL L,No,,512 PALADINE PL,,LOT 45 BLK B GREENRIDGE PHS 3,548938,548938
1883,2026,551048,R,290460636,,2904606360000,NAVARRO ROMNEY,No,,508 PALADINE PL,,LOT 44 BLK B GREENRIDGE PHS 3,494433,494433
1884,2026,551049,R,290460637,,2904606370000,BAUMGARTNER JESSE R & ROSE,No,,504 PALADINE PL,,LOT 43 BLK B GREENRIDGE PHS 3,550345,550345
1885,2026,551050,R,290460638,,2904606380000,CRUZ PHILLIP JR & LUCKY M URIAS,No,,500 PALADINE PL,,LOT 42 BLK B GREENRIDGE PHS 3,552891,552891
1886,2026,551051,R,290460639,,2904606390000,VEAL JIMMY LOUIS &,No,,19825 CHEYENNE VALLEY DR,,LOT 41 BLK B GREENRIDGE PHS 3,507415,507415
1887,2026,551052,R,290460640,,2904606400000,GREIG TRISTIAN,No,,19829 CHEYENNE VALLEY DR,ROUND ROCK,LOT 40 BLK B GREENRIDGE PHS 2,463588,463588
1888,2026,551053,R,290460641,,2904606410000,ALEGRIA ANDY ISAAC &,No,,19901 CHEYENNE VALLEY DR,,LOT 39 BLK B GREENRIDGE PHS 2,364151,364151
1889,2026,551054,R,290460642,,2904606420000,ARRIAGA JUAN ALFREDO,No,,19905 CHEYENNE VALLEY DR,ROUND ROCK,LOT 38 BLK B GREENRIDGE PHS 2,356717,356717
1890,2026,551055,R,290460643,,2904606430000,RUIZ JORGE & SHALEEN,No,,19909 CHEYENNE VALLEY DR,ROUND ROCK,LOT 37 BLK B GREENRIDGE PHS 2,391779,391779
1891,2026,551056,R,290460644,,2904606440000,NWOGU AMAECHI & FLORENCE,No,,19913 CHEYENNE VALLEY DR,ROUND ROCK,LOT 36 BLK B GREENRIDGE PHS 2,508000,508000
1892,2026,551058,R,290460646,,2904606460000,CASTRO DAVID,No,,19921 CHEYENNE VALLEY DR,ROUND ROCK,LOT 34 BLK B GREENRIDGE PHS 2,500709,500709
1893,2026,551059,R,290460647,,2904606470000,TRAMMELL ANTHONY,No,,19925 CHEYENNE VALLEY DR,,LOT 33 BLK B GREENRIDGE PHS 2,453509,453509
1894,2026,551060,R,290460701,,2904607010000,MOLINA REYNALDO &,No,,20301 DARK TREE CV,,LOT 89 BLK B GREENRIDGE PHS 3,394646,394646
1895,2026,551061,R,290460702,,2904607020000,ROY SOURJYA SINHA,No,,20305 DARK TREE CV,ROUND ROCK,LOT 88 BLK B GREENRIDGE PHS 3,374030,374030
1896,2026,551062,R,290460703,,2904607030000,CHOI SIMON,No,,20309 DARK TREE CV,,LOT 87 BLK B GREENRIDGE PHS 3,298236,298236
1897,2026,551063,R,290460704,,2904607040000,AVELLANEDA JUAN DAVID,No,,20313 DARK TREE CV,ROUND ROCK,LOT 86 BLK B GREENRIDGE PHS 3,350872,350872
1898,2026,551064,R,290460705,,2904607050000,KONIG KATIE & KLAUS,No,,20317 DARK TREE CV,,LOT 85 BLK B GREENRIDGE PHS 3,342155,342155
1899,2026,551066,R,290460802,,2904608020000,GREENRIDGE (PFLUGERVILLE) HOMEOWNERS ASSN INC,No,,19529 SAN CHISOLM DR,,LOT 2 BLK G GREENRIDGE PHS 2,21932,21932
1900,2026,551067,R,290460803,,2904608030000,MORALES YOLANDA NICOLE,No,,19601 SAN CHISOLM DR,ROUND ROCK,LOT 3 BLK G GREENRIDGE PHS 2,495248,495248
1901,2026,551068,R,290460804,,2904608040000,OVALLE EMILIO E,No,,19605 SAN CHISOLM DR,ROUND ROCK,LOT 4 BLK G GREENRIDGE PHS 2,302776,302776
1902,2026,551069,R,290460805,,2904608050000,CARCAMO MARISELA GARCIA,No,,19609 SAN CHISOLM DR,ROUND ROCK,LOT 5 BLK G GREENRIDGE PHS 2,394785,394785
1903,2026,551070,R,290460806,,2904608060000,TALBOT DAYNA LEE & GINA KAY,No,,19613 SAN CHISOLM DR,,LOT 6 BLK G GREENRIDGE PHS 2,342514,342514
1904,2026,551071,R,290460807,,2904608070000,LOPEZ DAISY,No,,19617 SAN CHISOLM DR,ROUND ROCK,LOT 7 BLK G GREENRIDGE PHS 2,312848,312848
1905,2026,551072,R,290460808,,2904608080000,ZENG FANWEN,No,,19621 SAN CHISOLM DR,,LOT 8 BLK G GREENRIDGE PHS 2,369278,369278
1906,2026,551073,R,290460809,,2904608090000,AKINTAYO ENIOLA & GABRIEL ,No,,19625 SAN CHISOLM DR,,LOT 9 BLK G GREENRIDGE PHS 2,520318,520318
1907,2026,551074,R,290460810,,2904608100000,RUSSELL JESSICA & BRANDON RUSSELL,No,,19629 SAN CHISOLM DR,ROUND ROCK,LOT 10 BLK G GREENRIDGE PHS 2,365571,365571
1908,2026,551075,R,290460811,,2904608110000,MARRA REMO F & KIMBERLY J ESPEJO,No,,19701 SAN CHISOLM DR,,LOT 11 BLK G GREENRIDGE PHS 2,340509,340509
1909,2026,551076,R,290460812,,2904608120000,CELEY TERESA GARNER,No,,19705 SAN CHISOLM DR,,LOT 12 BLK G GREENRIDGE PHS 2,347291,347291
1910,2026,551077,R,290460813,,2904608130000,NASR WALID DAVID,No,,19709 SAN CHISOLM DR,,LOT 13 BLK G GREENRIDGE PHS 2,343957,343957
1911,2026,551078,R,290460814,,2904608140000,PULIDO MARIA C,No,,19713 SAN CHISOLM DR,ROUND ROCK,LOT 14 BLK G GREENRIDGE PHS 2,489619,489619
1912,2026,551079,R,290460815,,2904608150000,HELMICK MIRANDA JOHANNA &,No,,19717 SAN CHISOLM DR,ROUND ROCK,LOT 15 BLK G GREENRIDGE PHS 2,300804,300804
1913,2026,551080,R,290460816,,2904608160000,JUNGE JACOB EDWARD & ARDIAN SELIMI,No,,19721 SAN CHISOLM DR,,LOT 16 BLK G GREENRIDGE PHS 2,443264,443264
1914,2026,551081,R,290460817,,2904608170000,LAU JESSICA & CONRAD,No,,19725 SAN CHISOLM DR,ROUND ROCK,LOT 17 BLK G GREENRIDGE PHS 2,381107,381107
1915,2026,551082,R,290460818,,2904608180000,SHEIKH MOHAMMED &,No,,19828 CHEYENNE VALLEY DR,,LOT 18 BLK G GREENRIDGE PHS 2,555932,555932
1916,2026,551083,R,290460819,,2904608190000,AFENKHENA FRANK,No,,19824 CHEYENNE VALLEY DR,ROUND ROCK,LOT 19 BLK G GREENRIDGE PHS 3,481000,481000
1917,2026,551084,R,290460820,,2904608200000,VANGAIL MANAGEMENT RESOURCES LLC,No,,19820 CHEYENNE VALLEY DR,,LOT 20 BLK G GREENRIDGE PHS 3,341454,341454
1918,2026,551085,R,290460821,,2904608210000,MARTINEZ JOAQUIN & MIDALIA MUNOZ,No,,19816 CHEYENNE VALLEY DR,ROUND ROCK,LOT 21 BLK G GREENRIDGE PHS 3,470981,470981
1919,2026,551086,R,290460822,,2904608220000,HANKS CHRISTOPHER & MICHELE R,No,,19812 CHEYENNE VALLEY DR,ROUND ROCK,LOT 22 BLK G GREENRIDGE PHS 3,531184,531184
1920,2026,551087,R,290460901,,2904609010000,THOTENGERA MUKESH,No,,501 PALADINE PL,ROUND ROCK,LOT 1 BLK H GREENRIDGE PHS 3,576499,576499
1921,2026,551088,R,290460902,,2904609020000,HEARN JOHN DANIEL,No,,505 PALADINE PL,,LOT 2 BLK H GREENRIDGE PHS 3,411653,411653
1922,2026,551089,R,290460903,,2904609030000,CARIAS JUANA & RENE,No,,509 PALADINE PL,,LOT 3 BLK H GREENRIDGE PHS 3,326358,326358
1923,2026,551090,R,290460904,,2904609040000,PAZMINO EDGAR C,No,,513 PALADINE PL,,LOT 4 BLK H GREENRIDGE PHS 3,520323,520323
1924,2026,551091,R,290460905,,2904609050000,GONZALEZ ADALBERTO & BRENDA,No,,517 PALADINE PL,,LOT 5 BLK H GREENRIDGE PHS 3,362539,362539
1925,2026,551092,R,290460906,,2904609060000,MARQUEZ-PEREZ LETICIA,No,,521 PALADINE PL,,LOT 6 BLK H GREENRIDGE PHS 3,491097,491097
1926,2026,551093,R,290460907,,2904609070000,SAMPLE TAMIKO R & MICHAEL F,No,,525 PALADINE PL,,LOT 7 BLK H GREENRIDGE PHS 3,522379,522379
1927,2026,551094,R,290461001,,2904610010000,MENDEZ TIBURCIO & EMMA MENDEZ,No,,20109 TREE SAP WAY,,LOT 35 BLK I GREENRIDGE PHS 3,419915,419915
1928,2026,551095,R,290461002,,2904610020000,NORAVIAN AVANESS,No,,20113 TREE SAP WAY,,LOT 36 BLK I GREENRIDGE PHS 3,385527,385527
1929,2026,551096,R,290461003,,2904610030000,ELAM ROGER A II & JAIME E KARPINSKI,No,,20201 TREE SAP WAY,ROUND ROCK,LOT 37 BLK I GREENRIDGE PHS 3,494671,494671
1930,2026,551097,R,290461004,,2904610040000,CHUNG CHOENG M,No,,20205 TREE SAP WAY,,LOT 38 BLK I GREENRIDGE PHS 3,332109,332109
1931,2026,551098,R,290461005,,2904610050000,BHUTA SONAL,No,,20209 TREE SAP WAY,ROUND ROCK,LOT 39 BLK I GREENRIDGE PHS 3,461045,461045
1932,2026,551099,R,290461006,,2904610060000,DODD ADAM SPENCER,No,,20213 TREE SAP WAY,ROUND ROCK,LOT 40 BLK I GREENRIDGE PHS 3,392317,392317
1933,2026,551100,R,290461007,,2904610070000,NUGENT TIM SR & LAURA,No,,613 DARK TREE LN,,LOT 41 BLK I GREENRIDGE PHS 3,487039,487039
1934,2026,551101,R,290461008,,2904610080000,ONUOHA GILBERT & MARTHA,No,,617 DARK TREE LN,ROUND ROCK,LOT 42 BLK I GREENRIDGE PHS 3,464528,464528
1935,2026,551102,R,290461009,,2904610090000,FULLER HUGH,No,,621 DARK TREE LN,,LOT 43 BLK I GREENRIDGE PHS 3,329222,329222
1936,2026,551103,R,290461010,,2904610100000,SITTLER DOUGLAS E & JOYCE,No,,625 DARK TREE LN,ROUND ROCK,LOT 44 BLK I GREENRIDGE PHS 3,446752,446752
1937,2026,551104,R,290461011,,2904610110000,SHIELDS MARLENE & RANDY LEWIS,No,,701 DARK TREE LN,,LOT 45 BLK I GREENRIDGE PHS 3,502225,502225
1938,2026,551105,R,290461012,,2904610120000,KAST COLLEEN MCKENNA & KEVIN,No,,705 DARK TREE LN,ROUND ROCK,LOT 46 BLK I GREENRIDGE PHS 3,328064,328064
1939,2026,551106,R,290461101,,2904611010000,JARAMILLO GRISEL,No,,19517 SAN CHISOLM DR,ROUND ROCK,LOT 1 BLK N GREENRIDGE PHS 6,449613,449613
1940,2026,551108,R,293460221,,2934602210000,GLAAB JESSICA,No,,20321 DARK TREE CV,ROUND ROCK,LOT 84 BLK B GREENRIDGE PHS 3,354970,354970
1941,2026,551109,R,293460222,,2934602220000,MINA CHRISTIAN N,No,,20325 DARK TREE CV,ROUND ROCK,LOT 83 BLK B GREENRIDGE PHS 3,388157,388157
1942,2026,551110,R,293460223,,2934602230000,BLANK DAVID GARRETT,No,,20329 DARK TREE CV,ROUND ROCK,LOT 82 BLK B GREENRIDGE PHS 3,368052,368052
1943,2026,551111,R,293460224,,2934602240000,KEARSING SCOTT & JENNIFER,No,,20324 DARK TREE CV,ROUND ROCK,LOT 81 BLK B GREENRIDGE PHS 3,536647,536647
1944,2026,551112,R,293460225,,2934602250000,GARCIA FRANCISCO M & WANDA L,No,,20320 DARK TREE CV,ROUND ROCK,LOT 80 BLK B GREENRIDGE PHS 3,577014,577014
1945,2026,551113,R,293460226,,2934602260000,ROJAS GRACIELA,No,,19901 SAN CHISOLM DR,ROUND ROCK,LOT 32 BLK B GREENRIDGE PHS 2,315228,315228
1946,2026,551114,R,293460227,,2934602270000,19905 SAN CHISOLM TRUST,No,,19905 SAN CHISOLM DR,ROUND ROCK,LOT 31 BLK B GREENRIDGE PHS 2,460722,460722
1947,2026,551115,R,293460228,,2934602280000,PAL ASHUTOSH & NIDHI,No,,19909 SAN CHISOLM DR,ROUND ROCK,LOT 30 BLK B GREENRIDGE PHS 2,362654,362654
1948,2026,551116,R,293460229,,2934602290000,ZAMARRIPA-ESCARENO MAYRA,No,,19913 SAN CHISOLM DR,,LOT 29 BLK B GREENRIDGE PHS 2,355368,355368
1949,2026,551117,R,293460230,,2934602300000,OJIYI FELICIA CHINWE,No,,19917 SAN CHISOLM DR,ROUND ROCK,LOT 28 BLK B GREENRIDGE PHS 2,427069,427069
1950,2026,551118,R,293460231,,2934602310000,ESPINOZA ALVARO A,No,,19921 SAN CHISOLM DR,ROUND ROCK,LOT 27 BLK B GREENRIDGE PHS 2,490651,490651
1951,2026,551119,R,293460232,,2934602320000,ROGEL VIVIANA,No,,19925 SAN CHISOLM DR,ROUND ROCK,LOT 26 BLK B GREENRIDGE PHS 2,385686,385686
1952,2026,551120,R,293460233,,2934602330000,OROZCO MIGUEL ANGEL & MARIA VEGA,No,,19929 SAN CHISOLM DR,ROUND ROCK,LOT 25 BLK B GREENRIDGE PHS 2,382014,382014
1953,2026,551121,R,293460234,,2934602340000,DAVIS ARCHIE LEE,No,,19924 SAN CHISOLM DR,ROUND ROCK,LOT 24 BLK B GREENRIDGE PHS 2,426117,426117
1954,2026,551122,R,293460235,,2934602350000,LANCE HOWARD IRELAND,No,,19920 SAN CHISOLM DR,ROUND ROCK,LOT 23 BLK B GREENRIDGE PHS 2,378779,378779
1955,2026,551123,R,293460236,,2934602360000,WILLIS JAMAUN D,No,,19916 SAN CHISOLM DR,ROUND ROCK,LOT 22 BLK B GREENRIDGE PHS 2,447297,447297
1956,2026,551124,R,293460237,,2934602370000,CARDENAS MARGUIS ELISE & ALEANDER LOEWE,No,,19912 SAN CHISOLM DR,ROUND ROCK,LOT 21 BLK B GREENRIDGE PHS 2,313842,313842
1957,2026,551125,R,293460238,,2934602380000,COSLEY JOHNNA & DELANEY,No,,19908 SAN CHISOLM DR,ROUND ROCK,LOT 20 BLK B GREENRIDGE PHS 2,342535,342535
1958,2026,551126,R,293460239,,2934602390000,OHRSTROM LEA,No,,19904 SAN CHISOLM DR,ROUND ROCK,LOT 19 BLK B GREENRIDGE PHS 2,301241,301241
1959,2026,551127,R,293460240,,2934602400000,SMITH ALMEATER J,No,,19900 SAN CHISOLM DR,ROUND ROCK,LOT 18 BLK B GREENRIDGE PHS 2,457986,457986
1960,2026,551128,R,293460311,,2934603110000,KHALID FAMILY TRUST,No,,19844 SAN CHISOLM DR,,LOT 16 BLK C GREENRIDGE PHS 2,559074,559074
1961,2026,551129,R,293460312,,2934603120000,ABEBE YONAS T,No,,19840 SAN CHISOLM DR,ROUND ROCK,LOT 17 BLK C GREENRIDGE PHS 2,455322,455322
1962,2026,551130,R,293460313,,2934603130000,KOTHA SAIKRISHNA MANGALA & KANTHI,No,,19836 SAN CHISOLM DR,,LOT 18 BLK C GREENRIDGE PHS 2,487911,487911
1963,2026,551131,R,293460314,,2934603140000,SMITH SCOTT E & CARRIE D SMITH,No,,19832 SAN CHISOLM DR,ROUND ROCK,LOT 19 BLK C GREENRIDGE PHS 2,526569,526569
1964,2026,551132,R,293460315,,2934603150000,SHAIKH SAAD & MINA & EJAZ A SHAIKH,No,,19828 SAN CHISOLM DR,ROUND ROCK,LOT 20 BLK C GREENRIDGE PHS 2,465710,465710
1965,2026,551133,R,293460316,,2934603160000,RAMOZ CARLOS E CARBALLO &,No,,19824 SAN CHISOLM DR,,LOT 21 BLK C GREENRIDGE PHS 2,347020,347020
1966,2026,551134,R,293460501,,2934605010000,BOWMAN PATRICIA A &,No,, GATTIS SCHOOL RD,,ABS 200 SUR 71 CONRAD P ACR 9.84910 (1-D-1W),332604,1905
1967,2026,551135,R,293460502,,2934605020000,BOWMAN PATRICIA A &,No,, GATTIS SCHOOL RD,,ABS 2381 SUR 1 MAXEY J W ACR 5.2877 (1-D-1W),1151661,1023
1968,2026,551136,R,293460601,,2934606010000,WHEAT MARTHA LINH NGOC NGUYEN,No,,19833 SAN CHISOLM DR,ROUND ROCK,LOT 7 BLK F GREENRIDGE PHS 2,350206,350206
1969,2026,551137,R,293460602,,2934606020000,VILLARREAL JOSE MARIO & MARIA,No,,19841 SAN CHISOLM DR,,LOT 8 BLK F GREENRIDGE PHS 2,373323,373323
1970,2026,551138,R,293460603,,2934606030000,GRAY EDWIN DARRELL,No,,19845 SAN CHISOLM DR,,LOT 9 BLK F GREENRIDGE PHS 2,392290,392290
1971,2026,571629,R,278300906,,2783009060000,K-2 C AUSTIN LLC,No,TURKEY CREEK W-SALE NURSERY, ROYSTON LN,,ABS 564 SUR 10 MCMILLAN E ACR 12.500 (1-D-1),1180204,1634
1972,2026,571681,R,280280327,,2802803270000,GONSALVEZ HOLDINGS LLC,No,MECHANICAL & PROCESS SYSTEMS,1804 CENTRAL COMMERCE CT,,LOT 1 BLK A SPRINGBROOK INDUSTRIAL PARK SEC I,2077493,2077493
1973,2026,571683,R,280280329,,2802803290000,BELL2 PROPERTIES LLC,Yes,SPRINGBROOK 3 (BIO-WEST),1812 CENTRAL COMMERCE CT,,LOT 3 BLK A SPRINGBROOK INDUSTRIAL PARK SEC I,764962,764962
1974,2026,571684,R,280280330,,2802803300000,JRP PHARR VENTURE LTD,No,SPRINGBROOK 4 (AMC INDUSTRIES),1816 CENTRAL COMMERCE CT,,LOT 4&5 BLK A SPRINGBROOK INDUSTRIAL PARK SEC I,1001377,1001377
1975,2026,571954,R,282260105,WR451437,2822601050000,KS EAGLE INVESTING LLC,No,TEJAS GOLF DRIVING RANGE,3631 GREENLAWN BLVD,,ABS 232 SUR 102 DARLING S ACR .9800,51492,51492
1976,2026,572499,R,288430116,,2884301160000,GREENRIDGE (PFLUGERVILLE),No,, S BOONE VALLEY DR,,LOT 27A BLK L GREENRIDGE PHS 6 REPLAT OF LOT 27 (DRAINAGE EASEMENT),2415,2415
1977,2026,572500,R,288430117,,2884301170000,MANVILLE WATER SUPPLY CORPORAT,No,, S BOONE VALLEY DR,,LOT 27B BLK L GREENRIDGE PHS 6 REPLAT OF LOT 27 (WATER & WATER FACILTY ESMT),1285,1285
1978,2026,576922,R,592160243,,5921602430000,GUEVARA CLOVIS M & DIANNE GUEVARA,No,,28700 VALLEY RD,MARBLE FALLS,ABS 482 SUR 7 LANE C ACR 15.933,933349,933349
1979,2026,576982,R,284230202,WR449062,2842302020001,WHITTLESEY LANDSCAPE SUPPLIES,No,WHITTLESEY LANDSCAPE SUPPLY,3219 S INTERSTATE HY 35,ROUND ROCK,IMPS ONLY LOT 1 BLK A COIL SUBD,89574,89574
1980,2026,580316,P,,,1238870000,MR WAYNES WORLD OF CARS LLC,No,WAYNES WORLD OF CARS,2124 PICADILLY DR,,PERSONAL PROPERTY COMMERCIAL WAYNES WORLD OF CARS,22051,22051
1981,2026,580463,P,,,1240400000,MERIT ELECTRIC COMPANY,No,MERIT ELECTRIC COMPANY,16708 PICADILLY CT,PFLUGERVILLE,PERSONAL PROPERTY COMMERCIAL MERIT ELECTRIC COMPANY,166270,166270
1982,2026,586404,R,282260106,WR454826,2822601060000,KS EAGLE INVESTING LLC,No,TEJAS GOLF DRIVING RANGE DRIVEWAY,3631 GREENLAWN BLVD,,LOT 1A BLK B JOHNSON LEIF SUBD REPLAT OF LOT 1,70946,70946
1983,2026,586408,R,284230227,WR455191,2842302270000,B H 3021-3203 SOUTH IH35 LLC,Yes,ROUND ROCK CROSSING,3151 S INTERSTATE HY 35,ROUND ROCK,1.0959AC OF LOT 4 ROUND ROCK GATEWAY SEC 4,2395861,2395861
1984,2026,698633,P,,WP454744,6986330000,BEST BUY STORES LP,No,BEST BUY #859,3201 S INTERSTATE HY 35,ROUND ROCK,PERSONAL PROPERTY COMMERCIAL BEST BUY #859,2552130,2552130
1985,2026,698635,P,,WP454745,6986350000,VITAMIN SHOPPE INDUSTRIES INC,No,VITAMIN SHOPPE THE,3151 S INTERSTATE HY 35,ROUND ROCK,PERSONAL PROPERTY COMMERCIAL VITAMIN SHOPPE THE,173648,173648
1986,2026,698637,P,,WP454747,6986370000,WILDER ENTERPRISES,No,GREAT CLIPS,3021 S INTERSTATE HY 35,ROUND ROCK,PERSONAL PROPERTY COMMERCIAL GREAT CLIPS,2175,2175
1987,2026,698653,P,,WP454749,6986530000,MICHAELS STORES INC,No,MICHAELS ARTS & CRAFTS,3021 S INTERSTATE HY 35,ROUND ROCK,PERSONAL PROPERTY COMMERCIAL MICHAELS ARTS & CRAFTS,389274,389274
1988,2026,701236,R,280280801,,2802808010000,LASTLOT 2000 L T D,No,16805 RADHOLME CT,16805 RADHOLME CT,,LOT 5 BLK A SPRINGBROOK INDUSTRIAL PARK SEC 2,2829481,2829481
1989,2026,701238,R,282280901,,2822809010000,NORTH TEXAS DISTRICT COUNCIL OF,No,ALL NATIONS ASSEMBLY OF GOD,16804 RADHOLME CT,,LOT 10 BLK A SPRINGBROOK INDUSTRIAL PARK SEC 2,2320871,2320871
1990,2026,701239,R,282280902,,2822809020000,TXVESTNET LLC,No,IN CHARGE ELECTRICAL,16808 RADHOLME CT,,LOT 9 BLK A SPRINGBROOK INDUSTRIAL PARK SEC 2,4244222,4244222
1991,2026,701240,R,282280903,,2822809030000,MEJN GROUP HOLDINGS LLC,No,VESTIS,16812 RADHOLME CT,,LOT 8 BLK A SPRINGBROOK INDUSTRIAL PARK SEC 2,1376259,1376259
1992,2026,701241,R,282280904,,2822809040000,FLIPPO JASON & JUNG,Yes,SIGNATURE HOME IMPROVEMENTS,16813 RADHOLME CT,ROUND ROCK,LOT 7 BLK A SPRINGBROOK INDUSTRIAL PARK SEC 2,2631720,2631720
1993,2026,701242,R,282280905,,2822809050000,VRER ENTERPRISES LLC,No,TEXAS ROOFING CO,16809 RADHOLME CT,ROUND ROCK,LOT 6 BLK A SPRINGBROOK INDUSTRIAL PARK SEC 2,1799036,1799036
1994,2026,701844,R,282260107,WR463448,2822601070000,RIVER CITY PARTNERS LTD,No,, PICADILLY DR,,ABS 233 SUR 109 DRUMMOND W ACR .7130,31058,31058
1995,2026,702832,P,,,7028320000,T R I AIR TESTING INC,No,T R I AIR TESTING INC,1801 CENTRAL COMMERCE CT,,PERSONAL PROPERTY COMMERCIAL T R I AIR TESTING INC,485080,485080
1996,2026,702889,R,284230229,WR455183,2842302290000,B H 3021-3203 SOUTH IH35 LLC,No,ROUND ROCK CROSSING / BEST BUY,3201 S INTERSTATE HY 35,ROUND ROCK,6.3801AC OF LOT 2 ROUND ROCK GATEWAY SEC 2 FINAL REPLAT OF ,5900000,5900000
1997,2026,702890,R,284230230,WR455201,2842302300000,B H 3021-3203 SOUTH IH35 LLC,Yes,ROUND ROCK GATEWAY,3107 S INTERSTATE HY 35,ROUND ROCK,4.4082AC OF LOT 5 BLK A ROUND ROCK GATEWAY SEC 5 FINAL REPLAT OF ,12322994,12322994
1998,2026,703092,R,295480103,WR459219,2954801030000,CHAMBERS KEITH ALLEN &,No,,114 JUSTIN LEONARD DR,,LOT 8 BLK A FOREST CREEK SEC 34 (.1354A TRAVIS CO),526997,526997
1999,2026,703093,R,295480104,WR459220,2954801040000,PRABHU SUNIL,No,,116 JUSTIN LEONARD DR,,LOT 9 BLK A FOREST CREEK SEC 34 (.0601A TRAVIS CO),95000,95000
2000,2026,703097,R,293460701,WR459215,2934607010000,RAO SHOBHA AJIT,No,,106 JUSTIN LEONARD DR,,LOT 4 BLK A FOREST CREEK SEC 34 (.0337A TRAVIS CO),95000,95000
2001,2026,703098,R,293460702,WR459216,2934607020000,NGUYEN ANH T & ANDREW H CAO,No,,108 JUSTIN LEONARD DR,,LOT 5 BLK A FOREST CREEK SEC 34 (.0967A TRAVIS CO),480265,480265
2002,2026,703099,R,293460703,WR459217,2934607030000,WILSON PATRICIA WHITE LIFE ESTATE &,No,,110 JUSTIN LEONARD DR,,LOT 6 BLK A FOREST CREEK SEC 34 (.1405A TRAVIS CO),520929,520929
2003,2026,706097,R,283210338,WR451437,2832103380001,TEJAS GOLF NORTH LP,No,TEJAS GOLF DRIVING RANGE,3631 GREENLAWN BLVD,,ABS 232 SUR 102 DARLING S ABS 233 SUR 109 DRUMMOND W ACR 32.537 (IMPR ONLY),487956,487956
2004,2026,706300,P,,,7063000000,ULTIMATE FACE COSMETICS INC,No,ULTIMATE FACE COSMETICS INC,16917 JOE BARBEE DR,ROUND ROCK,PERSONAL PROPERTY COMMERCIAL ULTIMATE FACE COSMETICS INC,496001,496001
2005,2026,708529,P,,,7085290000,TORRES JOSE JESUS,No,AUS TEX TRANSMISSION,16804 CALPLY DR,ROUND ROCK,PERSONAL PROPERTY COMMERCIAL AUS TEX TRANSMISSION,103205,103205
2006,2026,714870,R,280260208,,2802602080000,BIG TRAVEL BIKE LLC,No,TOWER NETWORK SERVICES,2000 PICADILLY DR,,LOT 1B BLK A SPRINGBROOK II BUSINESS PARK,2556383,2556383
2007,2026,714871,R,280260209,,2802602090000,KALIK LEASING LLC,No,CAPITAL SKATEPARK & PRO SHOP,2008 PICADILLY DR,,LOT 1A BLK A SPRINGBROOK II BUSINESS PARK,1568343,1568343
2008,2026,714873,R,280260207,,2802602070000,TOLL ROAD INVESTMENT NUMBER 1,Yes,NATIONAL SCOOTER COMPANY,1950 PICADILLY DR,,LOT 2 BLK A SPRINGBROOK II BUSINESS PARK,1793000,1793000
2009,2026,714874,R,280280705,,2802807050000,MIJELI ENTERPRISES LLC,No,, PICADILLY DR,,LOT 12B BLK A LESS .820A SPRINGBROOK II BUSINESS PARK,136,136
2010,2026,714876,R,280280707,,2802807070000,PICADILLY M E PARTNERS LTD,No,AIM,16800 RADHOLME CT,,LOT 11B BLK A SPRINGBROOK II BUSINESS PARK,1553222,1553222
2011,2026,714877,R,280280708,,2802807080000,PRIMERA IGLESIA BAUTISTA,No,PRIMERA IGLESIA BAUTISTA,16802 RADHOLME CT,,LOT 11A BLK A SPRINGBROOK II BUSINESS PARK,470285,470285
2012,2026,714878,R,280280803,,2802808030000,JOHNSON CRAIG W,No,TEXAS HYDRAULICS & PNEUMATICS,16803 RADHOLME CT,ROUND ROCK,LOT 4B BLK A SPRINGBROOK II BUSINESS PARK,1222839,1222839
2013,2026,714879,R,280280804,,2802808040000,PICADILLY M E PARTNERS LTD,No,,16801 RADHOLME CT,,LOT 4A BLK A SPRINGBROOK II BUSINESS PARK,1982490,1982490
2014,2026,715435,P,,,7154350000,UNITED-BILT HOMES INC,No,UNITED-BILT HOMES,3590 GREENLAWN BLVD,,PERSONAL PROPERTY COMMERCIAL UNITED-BILT HOMES,62680,62680
2015,2026,715450,P,,WP456559,7154500000,SALLY BEAUTY SUPPLY LLC,No,SALLY BEAUTY SUPPLY #3395,3021 S INTERSTATE HY 35,,PERSONAL PROPERTY COMMERCIAL SALLY BEAUTY SUPPLY #3395,67587,67587
2016,2026,716874,R,286260107,WR468122,2862601070000,CSIM 2024 SHOPS AT GREENLAWN RTL,Yes,SHOPS AT GREENLAWN - PARTIAL IN TCO, GREENLAWN BLVD,,LOT 1 BLK A SHOPS AT GREENLAWN THE (0.9858AC IN TRAVIS CO),12150000,12150000
2017,2026,716889,R,284330207,,2843302070000,BEH PARTNERS LLC,No,ACCENT FOODS,2913 A W GRIMES BLVD,,LOT 2 BLK A PFAIRWAY OFFICE PARK,11244668,11244668
2018,2026,716910,R,282260110,WR472057,2822601100000,PICADILLY HOLDINGS LLC,No,RODMAN CONSTRUCTION OFFICE,2336 PICADILLY DR,,LOT 2 RODMAN SUBD,4267830,4267830
2019,2026,716911,R,282260111,WR472056,2822601110000,PICADILLY HOLDINGS LLC,No,DNT CONSTRUCTION,2400 PICADILLY DR,,LOT 1 RODMAN SUBD,2386355,2386355
2020,2026,716926,R,284230232,WR468397,2842302320000,RCI HOLDINGS INC,No,RICK'S CABARET,3105 S INTERSTATE HY 35,ROUND ROCK,1.9617AC OF LOT 2 BLK A ROUND ROCK GATEWAY SEC 6,2047338,2047338
2021,2026,716927,R,284230233,WR468396,2842302330000,RCI HOLDINGS INC,No,RICK'S CABARET (PARKING),3101 S INTERSTATE HY 35,ROUND ROCK,LOT 1 BLK A ROUND ROCK GATEWAY SEC 6,711844,711844
2022,2026,717016,R,284230234,WR468268,2842302340000,ROUND ROCK CROSSINGS CORNER LP,No,, LOUIS HENNA BLVD,,LOT 2 BLK A COMERICA (.3053AC IN TRAVIS CO),381946,381946
2023,2026,717592,P,,WP456729,7175920000,ROGER WARD NORTH AMERICAN,No,ROGER WARD NORTH AMERICAN,2251 PICADILLY DR,AUSTIN,PERSONAL PROPERTY COMMERCIAL ROGER WARD NORTH AMERICAN,436481,436481
2024,2026,724063,R,280280709,,2802807090000,MIJELI ENTERPRISES LLC,Yes,HIP HOUNDS,1912 PICADILLY DR,ROUND ROCK,.820A OF LOT 12B BLK A SPRINGBROOK II BUSINESS PARK,1110000,1110000
2025,2026,724065,R,280280710,,2802807100000,AIR CRAFT INC,No,AIR CRAFT,1916 PICADILLY DR,ROUND ROCK,LOT 12A BLK A SPRINGBROOK II BUSINESS PARK,1288277,1288277
2026,2026,724470,R,282331739,,2823317390000,DBD NOCIGS 2019-37 LLC,No,CVS,1301 W PFLUGERVILLE PKWY,,LOT 40A BLK P CAMBRIDGE HEIGHTS COMMERCIAL SUBD REVISED PLAT LT 40 BL P,6613327,6613327
2027,2026,727013,P,,,7270130000,ATX GLAZING LLC,No,ATX GLAZING LLC,1808 CENTRAL COMMERCE CT,ROUND ROCK,PERSONAL PROPERTY COMMERCIAL ATX GLAZING LLC,438044,438044
2028,2026,727979,P,,,7279790000,MIKE CRIXELL LLC,No,NATIVE CREATIVE,1517 JERUSALEM DR,PFLUGERVILLE,PERSONAL PROPERTY COMMERCIAL NATIVE CREATIVE,11957,11957
2029,2026,729346,R,290460823,,2904608230000,LOPONI NELSON & TUNU RAMADHANI,No,,19808 CHEYENNE VALLEY DR,ROUND ROCK,LOT 23 BLK G GREENRIDGE PHS 4,374557,374557
2030,2026,729347,R,290460824,,2904608240000,SINGH BABLOO G & DAISY A,No,,19804 CHEYENNE VALLEY DR,ROUND ROCK,LOT 24 BLK G GREENRIDGE PHS 4,489037,489037
2031,2026,729348,R,290460825,,2904608250000,POURGHORAISHI SAYED R & DEONNE POOVEY,No,,19800 CHEYENNE VALLEY DR,,LOT 25 BLK G GREENRIDGE PHS 4,337423,337423
2032,2026,729349,R,290460826,,2904608260000,BUI PHAN THI,No,,19732 CHEYENNE VALLEY DR,ROUND ROCK,LOT 26 BLK G GREENRIDGE PHS 4,353494,353494
2033,2026,729350,R,290460827,,2904608270000,AL-OBAIDI ZAID,No,,19728 CHEYENNE VALLEY DR,ROUND ROCK,LOT 27 BLK G GREENRIDGE PHS 4,474000,474000
2034,2026,729351,R,290460828,,2904608280000,THIRUPATHY KRISHNAMOORTHI & MANGALA GOWRI KRISHNAMOORTHI,No,,19724 CHEYENNE VALLEY DR,ROUND ROCK,LOT 28 BLK G GREENRIDGE PHS 4,502176,502176
2035,2026,729352,R,290460829,,2904608290000,SCHERBING TERESA A,No,,19720 CHEYENNE VALLEY DR,ROUND ROCK,LOT 29 BLK G GREENRIDGE PHS 4,338390,338390
2036,2026,729353,R,290460830,,2904608300000,BOCKNITE MICHAELE A,No,,19716 CHEYENNE VALLEY DR,ROUND ROCK,LOT 30 BLK G GREENRIDGE PHS 4,472502,472502
2037,2026,729354,R,290461014,,2904610140000,WATSON LAURA G &,No,,20009 TREE SAP WAY,,LOT 26 BLK I GREENRIDGE PHS 4,418178,418178
2038,2026,729355,R,290461015,,2904610150000,CARTER ADAM L & ADREANNA C,No,,20013 TREE SAP WAY,,LOT 27 BLK I GREENRIDGE PHS 4,456466,456466
2039,2026,729356,R,290461016,,2904610160000,ONWENI FELICIA & JOSEPH,No,,20017 TREE SAP WAY,ROUND ROCK,LOT 28 BLK I GREENRIDGE PHS 4,418321,418321
2040,2026,729357,R,290461017,,2904610170000,ALEXANDER JONATHAN M & KATHLEEN M,No,,20021 TREE SAP WAY,ROUND ROCK,LOT 29 BLK I GREENRIDGE PHS 4,379743,379743
2041,2026,729358,R,290461018,,2904610180000,HAYAMA ELAINE HARUMI,No,,20025 TREE SAP WAY,ROUND ROCK,LOT 30 BLK I GREENRIDGE PHS 4,348539,348539
2042,2026,729359,R,290461019,,2904610190000,OMOYENI FLORENCE & MOSES,No,,20029 TREE SAP WAY,ROUND ROCK,LOT 31 BLK I GREENRIDGE PHS 4,507803,507803
2043,2026,729360,R,290461020,,2904610200000,GRAHAM MATTHEW H & KIMBERLY M,No,,20033 TREE SAP WAY,ROUND ROCK,LOT 32 BLK I GREENRIDGE PHS 4,434353,434353
2044,2026,729361,R,290461021,,2904610210000,MATA MARIA G,No,,20101 TREE SAP WAY,ROUND ROCK,LOT 33 BLK I GREENRIDGE PHS 4,438185,438185
2045,2026,729362,R,290461022,,2904610220000,TEMPLETON WILLIAM SR & JANICE M,No,,20105 TREE SAP WAY,ROUND ROCK,LOT 34 BLK I GREENRIDGE PHS 4,499784,499784
2046,2026,729363,R,290460908,,2904609080000,CHAMSEDDINE ALYSSA & SHANE ERWIN,No,,528 CASTEBAR DR,ROUND ROCK,LOT 8 BLK H GREENRIDGE PHS 4,506416,506416
2047,2026,729364,R,290460909,,2904609090000,GULIANI ANJANA & RATTAN MALHOTRA,No,,524 CASTEBAR DR,,LOT 9 BLK H GREENRIDGE PHS 4,355419,355419
2048,2026,729365,R,290460910,,2904609100000,ELBANHAWY AHMAD,No,,520 CASTEBAR DR,ROUND ROCK,LOT 10 BLK H GREENRIDGE PHS 4,380672,380672
2049,2026,729366,R,290460911,,2904609110000,AMUNDSEN AMIE & ROBERT B,No,,516 CASTEBAR DR,ROUND ROCK,LOT 11 BLK H GREENRIDGE PHS 4,354040,354040
2050,2026,729367,R,290460912,,2904609120000,BEKKA CHAWKY,No,,512 CASTEBAR DR,ROUND ROCK,LOT 12 BLK H GREENRIDGE PHS 4,377368,377368
2051,2026,729368,R,290460913,,2904609130000,TRIPATHI SARVESH KUMAR &,No,,508 CASTEBAR DR,ROUND ROCK,LOT 13 BLK H GREENRIDGE PHS 4,457814,457814
2052,2026,729369,R,290460914,,2904609140000,LEBNET PROPERTIES LLC,No,,504 CASTEBAR DR,ROUND ROCK,LOT 14 BLK H GREENRIDGE PHS 4,378920,378920
2053,2026,729370,R,290460915,,2904609150000,GREGORY RAYMOND & CHARLENE,No,,500 CASTEBAR DR,ROUND ROCK,LOT 15 BLK H GREENRIDGE PHS 4,450025,450025
2054,2026,729371,R,290461201,,2904612010000,SHEIKH SAMEER & NARGIS IKROM,No,,501 CASTEBAR DR,ROUND ROCK,LOT 1 BLK J GREENRIDGE PHS 4,504061,504061
2055,2026,729372,R,290461202,,2904612020000,CUMENTO MARY CAROLINE,No,,505 CASTEBAR DR,ROUND ROCK,LOT 2 BLK J GREENRIDGE PHS 4,448987,448987
2056,2026,729373,R,290461203,,2904612030000,LEBNET PROPERTIES LLC,No,,509 CASTEBAR DR,ROUND ROCK,LOT 3 BLK J GREENRIDGE PHS 4,444648,444648
2057,2026,729374,R,290461204,,2904612040000,PICCIONI DENNIS P & CRISTINA,No,,513 CASTEBAR DR,ROUND ROCK,LOT 4 BLK J GREENRIDGE PHS 4,371326,371326
2058,2026,729375,R,290461205,,2904612050000,SHEETZ ANDREW M,No,,517 CASTEBAR DR,ROUND ROCK,LOT 5 BLK J GREENRIDGE PHS 4,341643,341643
2059,2026,729376,R,290461206,,2904612060000,CABUTO CONSUELO,No,,521 CASTEBAR DR,ROUND ROCK,LOT 6 BLK J GREENRIDGE PHS 4,336138,336138
2060,2026,729377,R,290461207,,2904612070000,BARRERAS JENNIFER,No,,525 CASTEBAR DR,ROUND ROCK,LOT 7 BLK J GREENRIDGE PHS 4,407281,407281
2061,2026,729378,R,290461208,,2904612080000,FOWLER JACKIE LYNN,No,,529 CASTEBAR DR,ROUND ROCK,LOT 8 BLK J GREENRIDGE PHS 4,367346,367346
2062,2026,729379,R,290461209,,2904612090000,NAVARRO RUBEN &,No,,533 CASTEBAR DR,ROUND ROCK,LOT 9 BLK J GREENRIDGE PHS 4,527549,527549
2063,2026,729380,R,290461210,,2904612100000,PERCEPTION INVESTMENTS LLC,No,,537 CASTEBAR DR,ROUND ROCK,LOT 10 BLK J GREENRIDGE PHS 4,476292,476292
2064,2026,729381,R,290461211,,2904612110000,GLOVER DORA,No,,536 DINGE BAY DR,,LOT 11 BLK J GREENRIDGE PHS 4,386543,386543
2065,2026,729382,R,290461212,,2904612120000,SEGOVIA LYDIA & MATTHEW SHEIN,No,,532 DINGE BAY DR,ROUND ROCK,LOT 12 BLK J GREENRIDGE PHS 4,456038,456038
2066,2026,729383,R,290461213,,2904612130000,GONZALES JASON & KIMBERLEE SANCHEZ,No,,528 DINGE BAY DR,,LOT 13 BLK J GREENRIDGE PHS 4,460150,460150
2067,2026,729384,R,290461214,,2904612140000,MCCORMICK JOSEPH PAUL JR,No,,524 DINGE BAY DR,,LOT 14 BLK J GREENRIDGE PHS 4,380499,380499
2068,2026,729385,R,290461215,,2904612150000,CHOUDHRY TALAT & ANWAR,No,,520 DINGE BAY DR,,LOT 15 BLK J GREENRIDGE PHS 4,431160,431160
2069,2026,729386,R,290461216,,2904612160000,DAVIS JIM KELLY & ASHLEY,No,,516 DINGE BAY DR,ROUND ROCK,LOT 16 BLK J GREENRIDGE PHS 4,391204,391204
2070,2026,729387,R,290461217,,2904612170000,PRUETT CRAIG D & MICHELLE,No,,512 DINGE BAY DR,,LOT 17 BLK J GREENRIDGE PHS 4,464905,464905
2071,2026,729388,R,290461218,,2904612180000,BAHL ROSS & REBECCA,No,,508 DINGE BAY DR,ROUND ROCK,LOT 18 BLK J GREENRIDGE PHS 4,471364,471364
2072,2026,729389,R,290461219,,2904612190000,SCHROER HARRISON & HSIU-TING CHEN,No,,504 DINGE BAY DR,,LOT 19 BLK J GREENRIDGE PHS 4,359914,359914
2073,2026,729390,R,290461220,,2904612200000,OLVERA JOSE LUIS,No,,500 DINGE BAY DR,,LOT 20 BLK J GREENRIDGE PHS 4,399134,399134
2074,2026,729391,R,290461301,,2904613010000,SONI KALPESHKUMAR AMBUBHAI,No,,501 DINGE BAY DR,,LOT 1 BLK K GREENRIDGE PHS 4,431525,431525
2075,2026,729392,R,290461302,,2904613020000,ROBERTS RONNIE D & LATASHA,No,,505 DINGE BAY DR,ROUND ROCK,LOT 2 BLK K GREENRIDGE PHS 4,382466,382466
2076,2026,729393,R,290461303,,2904613030000,SAM IME PATRICK,No,,509 DINGE BAY DR,,LOT 3 BLK K GREENRIDGE PHS 4,454955,454955
2077,2026,729394,R,290461304,,2904613040000,MURPHY CHERYL ANNE & JON RORRY,No,,513 DINGE BAY DR,,LOT 4 BLK K GREENRIDGE PHS 4,353286,353286
2078,2026,729395,R,290461305,,2904613050000,UMAP AVINASH,No,,517 DINGE BAY DR,ROUND ROCK,LOT 5 BLK K GREENRIDGE PHS 4,431551,431551
2079,2026,729396,R,290461306,,2904613060000,ACOSTA ERIK,No,,521 DINGE BAY DR,,LOT 6 BLK K GREENRIDGE PHS 4,453869,453869
2080,2026,729397,R,290461307,,2904613070000,DELEONARDIS JOHN M & LEANNA B,No,,525 DINGE BAY DR,,LOT 7 BLK K GREENRIDGE PHS 4,353286,353286
2081,2026,729398,R,290461308,,2904613080000,GARZA JORGE ENRIQUE,No,,529 DINGE BAY DR,,LOT 8 BLK K GREENRIDGE PHS 4,431874,431874
2082,2026,729399,R,290461309,,2904613090000,NGUYEN DANNY & CAROLYN,Yes,,533 DINGE BAY DR,,LOT 9 BLK K GREENRIDGE PHS 4,451000,451000
2083,2026,729400,R,290461310,,2904613100000,SPENCER STEVEN MATTHEW &,No,,537 DINGE BAY DR,,LOT 10 BLK K GREENRIDGE PHS 4,392585,392585
2084,2026,729401,R,290461013,,2904610130000,GREENRIDGE (PFLUGERVILLE),No,, DARK TREE LN,,LOT 47 BLK I GREENRIDGE PHS 4 (DRAINAGE EASEMENT),4000,4000
2085,2026,729405,R,293460407,WR475177,2934604070000,FOREST CREEK MEDICAL CENTER LP,No,FOREST CREEK MEDICAL CENTER,4112 LINKS LN,,LOT 1 BLK A FOREST CREEK SEC 39 WEST (3.5512A TRAVIS CO),10356926,10356926
2086,2026,729407,R,293460408,WR475178,2934604080000,BETTINA PROPERTIES LLC,Yes,GODDARD SCHOOL,4076 GATTIS SCHOOL RD,ROUND ROCK,LOT 2 BLK A FOREST CREEK SEC 39 WEST,2500000,2500000
2087,2026,737043,P,,,7370430000,TEAM GEC PROPERTIES LLC,No,GEC REAL ESTATE,2911 A W GRIMES BLVD,,PERSONAL PROPERTY COMMERCIAL GEC REAL ESTATE,6594,6594
2088,2026,737772,P,,,7377720000,TEXAS HYDRAULICS &,No,TEXAS HYDRAULICS & PNEUMATICS INC,16803 RADHOLME CT,ROUND ROCK,PERSONAL PROPERTY COMMERCIAL TEXAS HYDRAULICS & PNEUMATICS INC,182479,182479
2089,2026,743841,P,,,7438410000,ALWAYS INTEGRITY MACHINING LLC,No,ALWAYS INTEGRITY MACHINING LLC,16800 RADHOLME CT,ROUND ROCK,PERSONAL PROPERTY COMMERCIAL ALWAYS INTEGRITY MACHINING LLC,304346,304346
2090,2026,744290,P,,WP460589,7442900000,LUXOTTICA OF AMERICA INC,No,LENSCRAFTERS STORE #03211,3107 S INTERSTATE HY 35,ROUND ROCK,PERSONAL PROPERTY COMMERCIAL LENSCRAFTERS STORE #03211,279834,279834
2091,2026,744311,P,,WP460583,7443110000,DR KEITH DENNIS & ASSOCIATES,No,ROUND ROCK VISION,3107 S INTERSTATE HY 35,,PERSONAL PROPERTY COMMERCIAL ROUND ROCK VISION,120480,120480
2092,2026,747316,P,,WP461352,7473160000,S M P PROPERTIES LLC,No,S M P PROPERTIES LLC,117 E LOUIS HENNA BLVD,,PERSONAL PROPERTY COMMERCIAL S M P PROPERTIES LLC,6325,6325
2093,2026,750146,R,280280348,,2802803480000,LYNE REALTY L P,No,SPRINGBROOK 16 (PREFERRED PUMP),16704 PICADILLY CT,,LOT 16-A BLK A SPRINGBROOK INDUSTRIAL PARK SEC 1 AMD PLAT LTS 16-18 BL A,1888000,1888000
2094,2026,750147,R,280280349,,2802803490000,TEXAS CENTER L L C,No,TEXAS CENTER,16708 PICADILLY CT,,TEXAS CENTER CONDOMINIUMS AMENDED (COMMON AREA),5929106,5929106
2095,2026,756771,P,,,7567710000,LANDMARK ELECTRIC,No,LANDMARK ELECTRIC,2008 PICADILLY DR,PFLUGERVILLE,PERSONAL PROPERTY COMMERCIAL LANDMARK ELECTRIC,64261,64261
2096,2026,758679,P,,,7586790000,INFINITY CONVERSIONS LLC,No,INFINITY CONVERSIONS,1942 PICADILLY DR,ROUND ROCK,PERSONAL PROPERTY COMMERCIAL INFINITY CONVERSIONS,45841,45841
2097,2026,758689,P,,,7586890000,IGLESIA PFLUGERVILLE,No,PRIMERA IGLESIA BAUTISTA DE PFLUGERVILLE,16802 RADHOLME CT,ROUND ROCK,PERSONAL PROPERTY COMMERCIAL PRIMERA IGLESIA  BAUTISTA DE PFLUGERVILLE,24504,24504
2098,2026,760953,P,,,7609530000,TEXAS HUNTING AND OFF-ROAD II LLC,No,B H CUSTOMS,2925 A W GRIMES BLVD,ROUND ROCK,PERSONAL PROPERTY COMMERCIAL B H CUSTOMS,128482,128482
2099,2026,763415,R,280260303,,2802603030000,WRENCH PRO LLC,No,WAYNES WORLD OF CARS,2124 PICADILLY DR,,LOT 4 CALPLY SUBD,752558,752558
2100,2026,763478,R,282260135,,2822601350000,PICADILLY BUSINESS PARK LLC,No,,17009 JOE BARBEE DR,,LOT 3-5 BLK A PICADILLY BUSINESS PARK CORRECTED,2149420,2149420
2101,2026,763624,R,293460705,,2934607050000,ROUND ROCK M3-05 LLC,No,,408 CORRAL DE TIERRA DR,,LOT 3 BLK A FOREST CREEK SEC 39,222437,222437
2102,2026,763625,R,293460706,,2934607060000,ROUND ROCK M3-05 LLC,No,,404 CORRAL DE TIERRA DR,,LOT 2 BLK A FOREST CREEK SEC 39,222437,222437
2103,2026,763626,R,293460707,,2934607070000,ROUND ROCK M3-05 LLC,No,,400 CORRAL DE TIERRA DR,,LOT 1 BLK A FOREST CREEK SEC 39,222437,222437
2104,2026,763627,R,293460708,,2934607080000,LINKS AT FOREST CREEK OWNERS ASSOCIATION,No,,308 CORRAL DE TIERRA DR,,"LOT 58 BLK A FOREST CREEK SEC 39 (.7650A IN TRAVIS CTY) (OPEN SPACE, DRAINAGE & LANDSCAPE EASEMENT)",350,350
2105,2026,763628,R,293460709,,2934607090000,LINKS AT FOREST CREEK OWNERS ASSOCIATION,No,,301 CORRAL DE TIERRA DR,,"LOT 59 BLK A FOREST CREEK SEC 39 (.1940A IN TRAVIS CTY) (OPEN SPACE, DRAINAGE & LANDSCAPE EASEMENT)",350,350
2106,2026,763629,R,293460710,,2934607100000,ROUND ROCK M3-05 LLC,No,,305 CORRAL DE TIERRA DR,,LOT 31 BLK A FOREST CREEK SEC 39,223184,223184
2107,2026,763630,R,293460711,,2934607110000,NOTARO FAMILY REVOCABLE TRUST,No,,309 CORRAL DE TIERRA DR,,LOT 32 BLK A FOREST CREEK SEC 39,223184,223184
2108,2026,763631,R,293460712,,2934607120000,ROUND ROCK M3-05 LLC,No,,308 LAGUNA SECA LN,,LOT 29 BLK A FOREST CREEK SEC 39,220861,220861
2109,2026,763632,R,293460713,,2934607130000,PICARD BENJAMIN H & SUSANNA LEE,No,,304 LAGUNA SECA LN,,LOT 30 BLK A FOREST CREEK SEC 39,220861,220861
2110,2026,763633,R,293460714,,2934607140000,LINKS AT FOREST CREEK OWNERS ASSOCIATION,No,, POPPY HILLS TRL,,LOT 57 BLK A FOREST CREEK SEC 39 (3.7520A IN TRAVIS CTY) (PRIVATE STREET & DRAINAGE EASEMENT),350,350
2111,2026,763634,R,293460715,,2934607150000,LINKS AT FOREST CREEK OWNERS ASSOCIATION,No,,301 LAGUNA SECA LN,,"LOT 60 BLK A FOREST CREEK SEC 39 (OPEN SPACE, DRAINAGE & LANDSCAPE EASEMENT)",350,350
2112,2026,763635,R,293460716,,2934607160000,ROUND ROCK M3-05 LLC,No,,305 LAGUNA SECA LN,,LOT 27 BLK A FOREST CREEK SEC 39,220861,220861
2113,2026,763636,R,293460717,,2934607170000,ROUND ROCK M3-05 LLC,No,,309 LAGUNA SECA LN,,LOT 28 BLK A FOREST CREEK SEC 39,220861,220861
2114,2026,763637,R,293460718,,2934607180000,ROUND ROCK M3-05 LLC,No,,308 MONTEREY PINES DR,,LOT 25 BLK A FOREST CREEK SEC 39,220861,220861
2115,2026,763638,R,293460719,,2934607190000,WEISS ROBERT & ANNE,No,,304 MONTEREY PINES DR,,LOT 26 BLK A FOREST CREEK SEC 39,203634,203634
2116,2026,763640,R,293460720,,2934607200000,LINKS AT FOREST CREEK OWNERS ASSOCIATION,No,,4129 LINKS LN,,"LOT 61 BLK A FOREST CREEK SEC 39 (OPEN SPACE, DRAINAGE & LANDSCAPE EASEMENT)",350,350
2117,2026,763641,R,293460721,,2934607210000,LEUNG KIT MUI & GEORGE WANG,No,,305 MONTEREY PINES DR,,LOT 24 BLK A FOREST CREEK SEC 39,220861,220861
2118,2026,763643,R,293460723,,2934607230000,BRADLEY FAMILY PARTNERSHIP LTD,No,,20405 POPPY HILLS TRL,,LOT 22 BLK A FOREST CREEK SEC 39,220861,220861
2119,2026,763644,R,293460724,,2934607240000,BARRETT MAURICE & ANTOINETTE,No,,20409 POPPY HILLS TRL,ROUND ROCK,LOT 21 BLK A FOREST CREEK SEC 39,220861,220861
2120,2026,763645,R,293460725,,2934607250000,LOW FAMILY LIVING TRUST,No,,20413 POPPY HILLS TRL,,LOT 20 BLK A FOREST CREEK SEC 39,220124,220124
2121,2026,763646,R,293460726,,2934607260000,WILLIAMS MACHAEL A & MAGDA VANA,No,,20417 POPPY HILLS TRL,,LOT 19 BLK A FOREST CREEK SEC 39,220124,220124
2122,2026,763647,R,293460727,,2934607270000,LINKS AT FOREST CREEK OWNERS ASSOCIATION,No,LINKS AT FOREST CREEK APARTMENT HOMES,20404 POPPY HILLS TRL,,LOT 33 BLK A FOREST CREEK SEC 39 (AMENITY CENTER),2130,2130
2123,2026,763648,R,293460728,,2934607280000,ROUND ROCK M3-05 LLC,No,,20316 POPPY HILLS TRL,,LOT 34 BLK A FOREST CREEK SEC 39,220861,220861
2124,2026,763649,R,293460729,,2934607290000,SANTIAGO DANTE C JR LIVING TRUST &,No,,20312 POPPY HILLS TRL,,LOT 35 BLK A FOREST CREEK SEC 39,220861,220861
2125,2026,763650,R,293460730,,2934607300000,ROUND ROCK M3-05 LLC,No,,20308 POPPY HILLS TRL,,LOT 36 BLK A FOREST CREEK SEC 39,220861,220861
2126,2026,763651,R,293460731,,2934607310000,ROUND ROCK M3-05 LLC,No,,20304 POPPY HILLS TRL,,LOT 37 BLK A FOREST CREEK SEC 39,220861,220861
2127,2026,763652,R,293460732,,2934607320000,ROUND ROCK M3-05 LLC,No,,401 CORRAL DE TIERRA DR,,LOT 38 BLK A FOREST CREEK SEC 39,220861,220861
2128,2026,763653,R,293460733,,2934607330000,ROUND ROCK M3-05 LLC,No,,403 CORRAL DE TIERRA DR,,LOT 39 BLK A FOREST CREEK SEC 39,220861,220861
2129,2026,763654,R,293460734,,2934607340000,ROUND ROCK M3-05 LLC,No,,420 PASADERA LN,,LOT 43 BLK A FOREST CREEK SEC 39,220861,220861
2130,2026,763655,R,293460735,,2934607350000,ROUND ROCK M3-05 LLC,No,,416 PASADERA LN,,LOT 44 BLK A FOREST CREEK SEC 39,220861,220861
2131,2026,763656,R,293460736,,2934607360000,JMB COMMERCIAL PROPERTY INVESTMENTS LP,No,,412 PASADERA LN,,LOT 45 BLK A FOREST CREEK SEC 39,220861,220861
2132,2026,763657,R,293480117,,2934801170000,ROUND ROCK M3-05 LLC,No,,20421 POPPY HILLS TRL,,LOT 18 BLK A FOREST CREEK SEC 39,222437,222437
2133,2026,763658,R,293480118,,2934801180000,ROUND ROCK M3-05 LLC,No,,20501 POPPY HILLS TRL,,LOT 17 BLK A FOREST CREEK SEC 39,222437,222437
2134,2026,763659,R,293480119,,2934801190000,ROUND ROCK M3-05 LLC,No,,20509 POPPY HILLS TRL,,LOT 16 BLK A FOREST CREEK SEC 39,222437,222437
2135,2026,763660,R,293480120,,2934801200000,ROUND ROCK M3-05 LLC,No,,20513 POPPY HILLS TRL,,LOT 15 BLK A FOREST CREEK SEC 39,222437,222437
2136,2026,763661,R,293480121,,2934801210000,ROUND ROCK M3-05 LLC,No,,20517 POPPY HILLS TRL,,LOT 14 BLK A FOREST CREEK SEC 39,222437,222437
2137,2026,763662,R,293480122,,2934801220000,ROUND ROCK M3-05 LLC,No,,20521 POPPY HILLS TRL,,LOT 13 BLK A FOREST CREEK SEC 39,222437,222437
2138,2026,763663,R,293480123,,2934801230000,ROUND ROCK M3-05 LLC,No,,20601 POPPY HILLS TRL,,LOT 12 BLK A FOREST CREEK SEC 39,222437,222437
2139,2026,763664,R,293480124,,2934801240000,ROUND ROCK M3-05 LLC,No,,20605 POPPY HILLS TRL,,LOT 11 BLK A FOREST CREEK SEC 39,222437,222437
2140,2026,763665,R,293480125,,2934801250000,ROUND ROCK M3-05 LLC,No,,20609 POPPY HILLS TRL,,LOT 10 BLK A FOREST CREEK SEC 39,222437,222437
2141,2026,763666,R,293480126,,2934801260000,ROUND ROCK M3-05 LLC,No,,20613 POPPY HILLS TRL,,LOT 9 BLK A FOREST CREEK SEC 39,222437,222437
2142,2026,763667,R,293480127,,2934801270000,ROUND ROCK M3-05 LLC,No,,20617 POPPY HILLS TRL,,LOT 8 BLK A FOREST CREEK SEC 39,222437,222437
2143,2026,763668,R,293480128,,2934801280000,ROUND ROCK M3-05 LLC,No,,20621 POPPY HILLS TRL,,LOT 7 BLK A FOREST CREEK SEC 39,221811,221811
2144,2026,763669,R,293480129,,2934801290000,ROUND ROCK M3-05 LLC,No,,20625 POPPY HILLS TRL,,LOT 6 BLK A FOREST CREEK SEC 39,222437,222437
2145,2026,763670,R,293480130,,2934801300000,ROUND ROCK M3-05 LLC,No,,500 CORRAL DE TIERRA DR,,LOT 5 BLK A FOREST CREEK SEC 39,222437,222437
2146,2026,763671,R,293480131,,2934801310000,ROUND ROCK M3-05 LLC,No,,412 CORRAL DE TIERRA DR,,LOT 4 BLK A FOREST CREEK SEC 39,222437,222437
2147,2026,763672,R,293480132,,2934801320000,ROUND ROCK M3-05 LLC,No,,409 CORRAL DE TIERRA DR,,LOT 40 BLK A FOREST CREEK SEC 39,220861,220861
2148,2026,763673,R,293480133,,2934801330000,ROUND ROCK M3-05 LLC,No,,428 PASADERA LN,,LOT 41 BLK A FOREST CREEK SEC 39,220861,220861
2149,2026,763674,R,293480134,,2934801340000,ROUND ROCK M3-05 LLC,No,,424 PASADERA LN,,LOT 42 BLK A FOREST CREEK SEC 39,220861,220861
2150,2026,763677,R,293480135,,2934801350000,KEELAND TRUST,No,,401 PASADERA LN,,LOT 46 BLK A FOREST CREEK SEC 39,223184,223184
2151,2026,763678,R,293480136,,2934801360000,HOLDER ROBERT,No,,405 PASADERA LN,ROUND ROCK,LOT 47 BLK A FOREST CREEK SEC 39,223184,223184
2152,2026,763679,R,293480137,,2934801370000,CHOW LUZ & CHARLES FAMILY TRUST,No,,409 PASADERA LN,ROUND ROCK,LOT 48 BLK A FOREST CREEK SEC 39,220861,220861
2153,2026,763680,R,293480138,,2934801380000,DRIGGS FRED M,No,,413 PASADERA LN,ROUND ROCK,LOT 49 BLK A FOREST CREEK SEC 39,220861,220861
2154,2026,763681,R,293480139,,2934801390000,ROUND ROCK M3-05 LLC,No,,417 PASADERA LN,,LOT 50 BLK A FOREST CREEK SEC 39,220861,220861
2155,2026,763682,R,293480140,,2934801400000,ROUND ROCK M3-05 LLC,No,,20612 POPPY HILLS TRL,,LOT 51 BLK A FOREST CREEK SEC 39,220861,220861
2156,2026,763683,R,293480141,,2934801410000,ROUND ROCK M3-05 LLC,No,,20604 POPPY HILLS TRL,,LOT 52 BLK A FOREST CREEK SEC 39,220861,220861
2157,2026,763684,R,293480142,,2934801420000,ROUND ROCK M3-05 LLC,No,,20600 POPPY HILLS TRL,,LOT 53 BLK A FOREST CREEK SEC 39,220861,220861
2158,2026,763685,R,293480143,,2934801430000,ROUND ROCK M3-05 LLC,No,,20520 POPPY HILLS TRL,,LOT 54 BLK A FOREST CREEK SEC 39,220861,220861
2159,2026,763686,R,293480144,,2934801440000,ROUND ROCK M3-05 LLC,No,,20516 POPPY HILLS TRL,,LOT 55 BLK A FOREST CREEK SEC 39,223184,223184
2160,2026,763687,R,293480145,,2934801450000,ROUND ROCK M3-05 LLC,No,,20512 POPPY HILLS TRL,,LOT 56 BLK A FOREST CREEK SEC 39,223184,223184
2161,2026,763698,R,293480146,WR459218,2934801460000,COX CARLENE & JOHN,No,,112 JUSTIN LEONARD DR,ROUND ROCK,LOT 7 BLK A FOREST CREEK SEC 34 (.1586A TRAVIS CO),572093,572093
2162,2026,764067,R,284330902,,2843309020000,CALVARY CHAPEL REAL LIFE,No,,2911 A W GRIMES BLVD,,UNT 1 BLD 1 TALLGRASS MEDICAL &PROFESSIONAL OFFICE PARK CONDOMINIUMS AMD PLUS 2.809 % INT IN COM AREA,368532,368532
2163,2026,764069,R,284330904,,2843309040000,MARTIN DAVID E REAL ESTATE HOLDINGS LLC,No,,2911 A W GRIMES BLVD,,UNT 3 BLD 1 TALLGRASS MEDICAL &PROFESSIONAL OFFICE PARK CONDOMINIUMS AMD PLUS 2.809 % INT IN COM AREA,368532,368532
2164,2026,764072,R,284330907,,2843309070000,JONATHAN CALLIA ENTERPRISES LLC,No,,2911 A W GRIMES BLVD,,TALLGRASS MEDICAL &PROFESSIONAL OFFICE PARK CONDOMINIUMS AMD BLD 1 UNT 4-6 PLUS 8.4270 % INT IN COM AREA,1105596,1105596
2165,2026,764073,R,284330908,,2843309080000,GEC PROPERTIES INC,No,,2911 A W GRIMES BLVD,,UNT 1 BLD 2 TALLGRASS MEDICAL &PROFESSIONAL OFFICE PARK CONDOMINIUMS AMD PLUS 2.24 % INT IN COM AREA,294768,294768
2166,2026,764074,R,284330909,,2843309090000,GEC PROPERTIES INC,No,,2911 A W GRIMES BLVD,,UNT 2 BLD 2 TALLGRASS MEDICAL &PROFESSIONAL OFFICE PARK CONDOMINIUMS AMD PLUS 2.24 % INT IN COM AREA,301049,301049
2167,2026,764075,R,284330910,,2843309100000,VERMA JAY,No,,2911 A W GRIMES BLVD,,UNT 3 BLD 2 TALLGRASS MEDICAL &PROFESSIONAL OFFICE PARK CONDOMINIUMS AMD PLUS 2.24 % INT IN COM AREA,301049,301049
2168,2026,764076,R,284330911,,2843309110000,PSYCHDR PLLC,No,,2911 A W GRIMES BLVD,,UNT 4 BLD 2 TALLGRASS MEDICAL &PROFESSIONAL OFFICE PARK CONDOMINIUMS AMD PLUS 2.24 % INT IN COM AREA,301049,301049
2169,2026,764077,R,284330912,,2843309120000,GRIMES 301 LLC,No,,2911 A W GRIMES BLVD,,UNT 1 BLD 3 TALLGRASS MEDICAL &PROFESSIONAL OFFICE PARK CONDOMINIUMS AMD PLUS 2.24 % INT IN COM AREA,301049,301049
2170,2026,764078,R,284330913,,2843309130000,MONDEL HOMES INC,No,,2911 A W GRIMES BLVD,,UNT 2 BLD 3 TALLGRASS MEDICAL &PROFESSIONAL OFFICE PARK CONDOMINIUMS AMD PLUS 2.24 % INT IN COM AREA,301049,301049
2171,2026,764079,R,284330914,,2843309140000,MONDEL HOMES INC,No,,2911 A W GRIMES BLVD,,UNT 3 BLD 3 TALLGRASS MEDICAL &PROFESSIONAL OFFICE PARK CONDOMINIUMS AMD PLUS 2.24 % INT IN COM AREA,301049,301049
2172,2026,764080,R,284330915,,2843309150000,DL HART PROPERTY HOLDINGS LLC,No,,2911 A W GRIMES BLVD,,UNT 4 BLD 3 TALLGRASS MEDICAL &PROFESSIONAL OFFICE PARK CONDOMINIUMS AMD PLUS 2.24 % INT IN COM AREA,301049,301049
2173,2026,764081,R,284330916,,2843309160000,RIVER PLACE ESTATES LLC,No,,2911 A W GRIMES BLVD,,UNT 1-5 BLD 4 TALLGRASS MEDICAL &PROFESSIONAL OFFICE PARK CONDOMINIUMS AMD PLUS 11.2 % INT IN COM AREA,1311949,1311949
2174,2026,764086,R,284330921,,2843309210000,COMMUNITY OPTIONS INC,No,,2911 A W GRIMES BLVD,,UNT 1 BLD 5 TALLGRASS MEDICAL &PROFESSIONAL OFFICE PARK CONDOMINIUMS AMD PLUS 4.494 % INT IN COM AREA,344660,344660
2175,2026,764087,R,284330922,,2843309220000,COMMUNITY OPTIONS INC,No,,2911 A W GRIMES BLVD,,UNT 2 BLD 5 TALLGRASS MEDICAL &PROFESSIONAL OFFICE PARK CONDOMINIUMS AMD PLUS 4.494 % INT IN COM AREA,344660,344660
2176,2026,764088,R,284330923,,2843309230000,COMMUNITY OPTIONS INC,No,,2911 A W GRIMES BLVD,,UNT 3 BLD 5 TALLGRASS MEDICAL &PROFESSIONAL OFFICE PARK CONDOMINIUMS AMD PLUS 4.494 % INT IN COM AREA,344660,344660
2177,2026,764089,R,284330924,,2843309240000,COMMUNITY OPTIONS INC,No,,2911 A W GRIMES BLVD,,UNT 4 BLD 5 TALLGRASS MEDICAL &PROFESSIONAL OFFICE PARK CONDOMINIUMS AMD PLUS 4.494 % INT IN COM AREA,344660,344660
2178,2026,764094,R,284330929,,2843309290000,RAZZLE DAZZLE PROPERTIES TOO LLC,No,,2911 A W GRIMES BLVD,,UNT 1 BLD 6 TALLGRASS MEDICAL &PROFESSIONAL OFFICE PARK CONDOMINIUMS AMD PLUS 4.494 % INT IN COM AREA,344660,344660
2179,2026,764095,R,284330930,,2843309300000,RAZZLE DAZZLE PROPERTIES TOO LLC,No,,2911 A W GRIMES BLVD,,UNT 2 BLD 6 TALLGRASS MEDICAL &PROFESSIONAL OFFICE PARK CONDOMINIUMS AMD PLUS 4.494 % INT IN COM AREA,344660,344660
2180,2026,764096,R,284330931,,2843309310000,RAZZLE DAZZLE PROPERTIES TOO LLC,No,,2911 A W GRIMES BLVD,,UNT 3 BLD 6 TALLGRASS MEDICAL &PROFESSIONAL OFFICE PARK CONDOMINIUMS AMD PLUS 4.494 % INT IN COM AREA,344660,344660
2181,2026,764097,R,284330932,,2843309320000,RAZZLE DAZZLE PROPERTIES TOO LLC,No,,2911 A W GRIMES BLVD,,UNT 4 BLD 6 TALLGRASS MEDICAL &PROFESSIONAL OFFICE PARK CONDOMINIUMS AMD PLUS 4.494 % INT IN COM AREA,344660,344660
2182,2026,764102,R,284330937,,2843309370000,ASHIKAWA 3 LLC,No,,2911 A W GRIMES BLVD,,UNT 1 BLD 7 TALLGRASS MEDICAL &PROFESSIONAL OFFICE PARK CONDOMINIUMS AMD PLUS 2.24 % INT IN COM AREA,323036,323036
2183,2026,764103,R,284330938,,2843309380000,ASHIKAWA 3 LLC,No,,2911 A W GRIMES BLVD,,UNT 2 BLD 7 TALLGRASS MEDICAL &PROFESSIONAL OFFICE PARK CONDOMINIUMS AMD PLUS 2.24 % INT IN COM AREA,323036,323036
2184,2026,764104,R,284330939,,2843309390000,JPC ESTATES LLC,No,,2911 A W GRIMES BLVD,,UNT 3 BLD 7 TALLGRASS MEDICAL &PROFESSIONAL OFFICE PARK CONDOMINIUMS AMD PLUS 2.24 % INT IN COM AREA,323036,323036
2185,2026,764105,R,284330940,,2843309400000,JPC ESTATES LLC,No,,2911 A W GRIMES BLVD,,UNT 4 BLD 7 TALLGRASS MEDICAL &PROFESSIONAL OFFICE PARK CONDOMINIUMS AMD PLUS 2.24 % INT IN COM AREA,323036,323036
2186,2026,764106,R,284330941,,2843309410000,SUNSETRT LLC,No,,2911 A W GRIMES BLVD,,UNT 5 BLD 7 TALLGRASS MEDICAL &PROFESSIONAL OFFICE PARK CONDOMINIUMS AMD PLUS 2.24 % INT IN COM AREA,323036,323036
2187,2026,764107,R,284330942,,2843309420000,J&R HOME INVESTMENTS,No,,2911 A W GRIMES BLVD,,UNT 6 BLD 7 TALLGRASS MEDICAL &PROFESSIONAL OFFICE PARK CONDOMINIUMS AMD PLUS 2.24 % INT IN COM AREA,323036,323036
2188,2026,764108,R,284330943,,2843309430000,TORO HOLDINGS LLC,No,,2911 A W GRIMES BLVD,,UNT 7 BLD 7 TALLGRASS MEDICAL &PROFESSIONAL OFFICE PARK CONDOMINIUMS AMD PLUS 2.24 % INT IN COM AREA,323036,323036
2189,2026,764109,R,284330944,,2843309440000,TORO HOLDINGS LLC,No,,2911 A W GRIMES BLVD,,UNT 8 BLD 7 TALLGRASS MEDICAL &PROFESSIONAL OFFICE PARK CONDOMINIUMS AMD PLUS 2.24 % INT IN COM AREA,323036,323036
2190,2026,765165,P,,,7651650000,KS EAGLE INVESTING LLC,No,PUBLIC GOLF DRIVING RANGE,3533 GREENLAWN BLVD,ROUND ROCK,PERSONAL PROPERTY COMMERCIAL PUBLIC GOLF DRIVING RANGE,21091,21091
2191,2026,775156,P,,,7751560000,TOWER ELEVATOR SYSTEMS INC,No,TOWER ELEVATOR SYSTEMS,2000 PICADILLY DR,ROUND ROCK,PERSONAL PROPERTY COMMERCIAL TOWER ELEVATOR SYSTEMS,112074,112074
2192,2026,776859,R,280280350,,2802803500000,1821 PROPERTY LLC,No,TITUS ELECTRIC,1821 CENTRAL COMMERCE CT,ROUND ROCK,LOT 1A TENSOR CORPORATION SUBD REPLAT OF LOT 1,3079456,3079456
2193,2026,776860,R,280280351,,2802803510000,K & L HOLDINGS L L C,Yes,SRS BUILDING PRODUCTS,1809 CENTRAL COMMERCE CT,,LOT 2A TENSOR CORPORATION SUBD REPLAT OF LOT 1,2057000,2057000
2194,2026,776861,R,280280352,,2802803520000,TEXAS RESEARCH INTERNATIONAL REAL ESTATE LLC,No,TRI BUSINESS PARK,1801 CENTRAL COMMERCE CT,,LOT 3A TENSOR CORPORATION SUBD REPLAT OF LOT 1,5625411,5625411
2195,2026,776864,R,278280810,,2782808100000,FIX 2000 LLC,No,COMFORT SYS. USA,1720 ROYSTON LN,,LOT 3-4 ROBERTS GEORGE F SUBD 3,5801205,5801205
2196,2026,777282,R,293460503,,2934605030000,TRAVIS COUNTY,No,, LINKS LN,,ABS 200 SUR 71 CONRAD P ABS 2381 SUR 1 MAXEY J ACR 2.8044,610798,610798
2197,2026,777414,R,290461311,,2904613110000,DUNN JONATHAN R & KRISTEN M,No,,540 BROWN JUNIPER WAY,ROUND ROCK,LOT 11 BLK K GREENRIDGE PHS 5,404110,404110
2198,2026,777416,R,290461313,,2904613130000,KEY MATTHEW & ELIZABETH,No,,532 BROWN JUNIPER WAY,ROUND ROCK,LOT 13 BLK K GREENRIDGE PHS 5,381283,381283
2199,2026,777418,R,290461315,,2904613150000,BRIONES RAY H & IROZIMA C,No,,524 BROWN JUNIPER WAY,ROUND ROCK,LOT 15 BLK K GREENRIDGE PHS 5,422442,422442
2200,2026,777420,R,290461317,,2904613170000,RIA DHARMENDRA & PRIYANKA PURI,No,,516 BROWN JUNIPER WAY,ROUND ROCK,LOT 17 BLK K GREENRIDGE PHS 5,397811,397811
2201,2026,777421,R,290461318,,2904613180000,TO JEFFREY VAN & LOAN QUE TRAN,No,,512 BROWN JUNIPER WAY,ROUND ROCK,LOT 18 BLK K GREENRIDGE PHS 5,427889,427889
2202,2026,777422,R,290461319,,2904613190000,HOWELL JOHN R & KELLY M,No,,508 BROWN JUNIPER WAY,ROUND ROCK,LOT 19 BLK K GREENRIDGE PHS 5,336716,336716
2203,2026,777423,R,290461320,,2904613200000,FLATO CLARK,No,,504 BROWN JUNIPER WAY,ROUND ROCK,LOT 20 BLK K GREENRIDGE PHS 5,356505,356505
2204,2026,777424,R,290461321,,2904613210000,GORI ELSIE DELIA,No,,500 BROWN JUNIPER WAY,,LOT 21 BLK K GREENRIDGE PHS 5,415074,415074
2205,2026,777426,R,290461102,,2904611020000,WASHINGTON WENDOLYN J,No,,501 BROWN JUNIPER WAY,ROUND ROCK,LOT 2 BLK N GREENRIDGE PHS 5,396266,396266
2206,2026,777428,R,290461104,,2904611040000,LRP 2023 GIFT TRUST,No,,509 BROWN JUNIPER WAY,,LOT 4 BLK N GREENRIDGE PHS 5,501574,501574
2207,2026,777429,R,290461023,,2904610230000,NGUYEN TUAN & HAU TRAN,No,,19913 NEEDLE PINE DR,ROUND ROCK,LOT 4 BLK I GREENRIDGE PHS 5,372355,372355
2208,2026,777430,R,290461024,,2904610240000,FRIEDMAN INGRID BECKMANN,No,,19917 NEEDLE PINE DR,ROUND ROCK,LOT 5 BLK I GREENRIDGE PHS 5,480507,480507
2209,2026,777431,R,290461025,,2904610250000,LIENEMANN MARK ALAN & AMY JANE LIEN,No,,19921 NEEDLE PINE DR,ROUND ROCK,LOT 6 BLK I GREENRIDGE PHS 5,397126,397126
2210,2026,777432,R,290461026,,2904610260000,CASSANO ANTHONY R & RHONDA R,No,,19925 NEEDLE PINE DR,ROUND ROCK,LOT 7 BLK I GREENRIDGE PHS 5,413060,413060
2211,2026,777433,R,290461027,,2904610270000,BELL DIONYSIUS,No,,20001 NEEDLE PINE DR,ROUNG ROCK,LOT 8 BLK I GREENRIDGE PHS 5,380251,380251
2212,2026,777434,R,290461028,,2904610280000,VILLARREAL GILBERT & CLAUDIA,No,,20005 NEEDLE PINE DR,ROUND ROCK,LOT 9 BLK I GREENRIDGE PHS 5,415052,415052
2213,2026,777435,R,290461029,,2904610290000,EANES GARY DAVID,No,,20009 NEEDLE PINE DR,ROUND ROCK,LOT 10 BLK I GREENRIDGE PHS 5,397054,397054
2214,2026,777436,R,290461030,,2904610300000,LE CHRISTI VU & STAN,No,,20013 NEEDLE PINE DR,ROUND ROCK,LOT 11 BLK I GREENRIDGE PHS 5,438069,438069
2215,2026,777437,R,290461031,,2904610310000,BECKERS HERBERT & ADRIANA,No,,20017 NEEDLE PINE DR,ROUND ROCK,LOT 12 BLK I GREENRIDGE PHS 5,385129,385129
2216,2026,777438,R,290461032,,2904610320000,LOZANO GIOVANNA,No,,20021 NEEDLE PINE DR,,LOT 13 BLK I GREENRIDGE PHS 5,409380,409380
2217,2026,777439,R,290461033,,2904610330000,MOORE KARINA R,No,,20025 NEEDLE PINE DR,ROUND ROCK,LOT 14 BLK I GREENRIDGE PHS 5,378856,378856
2218,2026,777440,R,290461034,,2904610340000,STEELE LORI BETH & BURT POLMANN,No,,20029 NEEDLE PINE DR,ROUND ROCK,LOT 15 BLK I GREENRIDGE PHS 5,434271,434271
2219,2026,777442,R,290461036,,2904610360000,FURNACE BENJAMIN & THERESA,No,,20024 NEEDLE PINE DR,ROUND ROCK,LOT 17 BLK I GREENRIDGE PHS 5,379099,379099
2220,2026,777443,R,290461037,,2904610370000,LOPEZ FREDDY DIAZ &,No,,20020 NEEDLE PINE DR,,LOT 18 BLK I GREENRIDGE PHS 5,413054,413054
2221,2026,777444,R,290461038,,2904610380000,CASTELLANOS ADRIANA R & NAHUM,No,,20016 NEEDLE PINE DR,ROUND ROCK,LOT 19 BLK I GREENRIDGE PHS 5,429899,429899
2222,2026,777445,R,290461039,,2904610390000,SICKERT MAGNUS & AMANDA SCHARF,No,,20012 NEEDLE PINE DR,ROUND ROCK,LOT 20 BLK I GREENRIDGE PHS 5,387582,387582
2223,2026,777446,R,290461040,,2904610400000,GONZALEZ CRISTIAN &,No,,20008 NEEDLE PINE DR,,LOT 21 BLK I GREENRIDGE PHS 5,420268,420268
2224,2026,777447,R,290461041,,2904610410000,CHANG JIM,No,,20004 NEEDLE PINE DR,,LOT 22 BLK I GREENRIDGE PHS 5,382000,382000
2225,2026,777448,R,290461042,,2904610420000,CLAYTON DARREN M,No,,20000 NEEDLE PINE DR,,LOT 23 BLK I GREENRIDGE PHS 5,360674,360674
2226,2026,777450,R,290461402,,2904614020000,MCNICHOLAS PHILLIP P & PEGGY M TUCKER,No,,19917 BARK WAY,ROUND ROCK,LOT 1 BLK O GREENRIDGE PHS 5,432336,432336
2227,2026,777451,R,290461403,,2904614030000,JONES MARVIN JR & DANIELLE,No,,19916 MID BARK PASS,ROUND ROCK,LOT 2 BLK O GREENRIDGE PHS 5,466343,466343
2228,2026,777452,R,290461404,,2904614040000,SAMI OLUMUYIWA & OLUBUKOLA,No,,19912 MID BARK PASS,ROUND ROCK,LOT 3 BLK O GREENRIDGE PHS 5,455731,455731
2229,2026,777454,R,290461501,,2904615010000,ADHIKARI PANKAJ,No,,19913 MID BARK PASS,ROUND ROCK,LOT 10 BLK P GREENRIDGE PHS 5,397554,397554
2230,2026,777455,R,290461502,,2904615020000,BARSCH CYNTHIA A & DREW J,No,,19917 MID BARK PASS,ROUND ROCK,LOT 1 BLK P GREENRIDGE PHS 5,362511,362511
2231,2026,777457,R,290461504,,2904615040000,JOHNSON DION D,No,,19912 TREE SAP WAY,ROUND ROCK,LOT 3 BLK P GREENRIDGE PHS 5,372217,372217
2232,2026,777459,R,290461602,,2904616020000,ESPINOZA OCTAVIO G,No,,19917 TREE SAP WAY,ROUND ROCK,LOT 1 BLK Q GREENRIDGE PHS 5,391331,391331
2233,2026,777460,R,290461603,,2904616030000,BELL TIMOTHY & ELISA BELL,No,,19916 NEEDLE PINE DR,ROUND ROCK,LOT 2 BLK Q GREENRIDGE PHS 5,436461,436461
2234,2026,777461,R,290461604,,2904616040000,MACIAS EDMUNDO & DEYAHNIRA,No,,19912 NEEDLE PINE DR,ROUND ROCK,LOT 3 BLK Q GREENRIDGE PHS 5,438003,438003
2235,2026,777462,R,288460205,,2884602050000,DECKER MARK,No,,19912 BARK WAY,ROUND ROCK,LOT 5 BLK N GREENRIDGE PHS 5,386969,386969
2236,2026,777463,R,288460206,,2884602060000,DAO TRANG THI DIEM,No,,19908 BARK WAY,ROUND ROCK,LOT 6 BLK N GREENRIDGE PHS 5,380804,380804
2237,2026,777464,R,288460207,,2884602070000,LARA DOROTHY,No,,19904 BARK WAY,ROUND ROCK,LOT 7 BLK N GREENRIDGE PHS 5,456006,456006
2238,2026,777465,R,288460208,,2884602080000,ANZALDUA JESSE,No,,19900 BARK WAY,ROUND ROCK,LOT 8 BLK N GREENRIDGE PHS 5,456154,456154
2239,2026,777467,R,288460311,,2884603110000,SIMPSON VANCE D & PATRICIA,No,,605 S BOONE VALLEY DR,,LOT 24 BLK L GREENRIDGE PHS 5,437652,437652
2240,2026,777468,R,288460312,,2884603120000,USAPOD LIVING TRUST,No,,609 S BOONE VALLEY DR,,LOT 25 BLK L GREENRIDGE PHS 5,362515,362515
2241,2026,777469,R,288460313,,2884603130000,BELL OLIVIA DENISE,No,,613 S BOONE VALLEY DR,,LOT 26 BLK L GREENRIDGE PHS 5,404849,404849
2242,2026,777470,R,288460401,,2884604010000,SPIROVA MILENA &,No,,19908 MID BARK PASS,,LOT 4 BLK O GREENRIDGE PHS 5,467277,467277
2243,2026,777471,R,288460402,,2884604020000,GRAEF COLETTE A & MATTHEW J,No,,19904 MID BARK PASS,ROUND ROCK,LOT 5 BLK O GREENRIDGE PHS 5,412320,412320
2244,2026,777472,R,288460403,,2884604030000,NEANS ADAM & ALLEGRA,No,,19900 MID BARK PASS,ROUND ROCK,LOT 6 BLK O GREENRIDGE PHS 5,478131,478131
2245,2026,777473,R,288460404,,2884604040000,SCHREIBER RACHEL MARIE & STUART LAMAR TOLLISON,No,,19901 BARK WAY,,LOT 7 BLK O GREENRIDGE PHS 5,485548,485548
2246,2026,777474,R,288460405,,2884604050000,VO LY TAN,No,,19905 BARK WAY,,LOT 8 BLK O GREENRIDGE PHS 5,353024,353024
2247,2026,777475,R,288460406,,2884604060000,ALEXANDER MAURICE SR & KIMBERLY ALEXANDER,No,,19909 BARK WAY,,LOT 9 BLK O GREENRIDGE PHS 5,450155,450155
2248,2026,777476,R,288460501,,2884605010000,MARTINEZ LILLIAN,No,,19908 TREE SAP WAY,ROUND ROCK,LOT 4 BLK P GREENRIDGE PHS 5,374102,374102
2249,2026,777477,R,288460502,,2884605020000,MEIDAN GILAT & YANIV MEIDAN,No,,19904 TREE SAP WAY,ROUND ROCK,LOT 5 BLK P GREENRIDGE PHS 5,361855,361855
2250,2026,777479,R,288460504,,2884605040000,16 TOURNAMENT LLC,No,,19901 MID BARK PASS,,LOT 7 BLK P GREENRIDGE PHS 5,413052,413052
2251,2026,777480,R,288460505,,2884605050000,PATSCHKE JANICE,No,,19905 MID BARK PASS,ROUND ROCK,LOT 8 BLK P GREENRIDGE PHS 5,374102,374102
2252,2026,777481,R,288460506,,2884605060000,PARKER JAMES R JR & CAROLYN A,No,,19909 MID BARK PASS,ROUND ROCK,LOT 9 BLK P GREENRIDGE PHS 5,433263,433263
2253,2026,777482,R,288460601,,2884606010000,FOROUGHI SAEED & DENISE M,No,,19908 NEEDLE PINE DR,ROUND ROCK,LOT 4 BLK Q GREENRIDGE PHS 5,488406,488406
2254,2026,777483,R,288460602,,2884606020000,COWAN RICHARD & DARTY CATHLENE ADAMS,No,,19904 NEEDLE PINE DR,ROUND ROCK,LOT 5 BLK Q GREENRIDGE PHS 5,480563,480563
2255,2026,777484,R,288460603,,2884606030000,VO HANNAH HANH & HAI THANH TRAN,No,,19900 NEEDLE PINE DR,,LOT 6 BLK Q GREENRIDGE PHS 5,414117,414117
2256,2026,777485,R,288460604,,2884606040000,PEREZ ROCKY & STACY HERRERA,No,,19901 TREE SAP WAY,ROUND ROCK,LOT 7 BLK Q GREENRIDGE PHS 5,357763,357763
2257,2026,777486,R,288460605,,2884606050000,NGUYEN ANTHONY,No,,19905 TREE SAP WAY,ROUND ROCK,LOT 8 BLK Q GREENRIDGE PHS 5,448648,448648
2258,2026,777487,R,288460606,,2884606060000,BALASUBRAMANIAN SAKTHIVEL & PRIYADHARSHINI AGORAMOORTHY,No,,19909 TREE SAP WAY,,LOT 9 BLK Q GREENRIDGE PHS 5,405919,405919
2259,2026,777490,R,288460701,,2884607010000,WILHELM VICTOR E & LINDA M,No,,19901 NEEDLE PINE DR,ROUND ROCK,LOT 1 BLK I GREENRIDGE PHS 5,412873,412873
2260,2026,777491,R,288460702,,2884607020000,HANAK BRANDY RENEE,No,,19905 NEEDLE PINE DR,ROUND ROCK,LOT 2 BLK I GREENRIDGE PHS 5,364090,364090
2261,2026,777492,R,288460703,,2884607030000,LY DOMINIC HOANGTHANH & ANNA THI TRAN,No,,19909 NEEDLE PINE DR,ROUND ROCK,LOT 3 BLK I GREENRIDGE PHS 5,402711,402711
2262,2026,777495,R,288460801,,2884608010000,RICHARDSON BILLY R & ALYSE M,No,,617 S BOONE VALLEY DR,,LOT 1 BLK R GREENRIDGE PHS 5,488632,488632
2263,2026,777496,R,288460802,,2884608020000,VELASQUEZ JUAN III,No,,621 S BOONE VALLEY DR,,LOT 2 BLK R GREENRIDGE PHS 5,393674,393674
2264,2026,777497,R,288460803,,2884608030000,RUMSEY JULIE,No,,625 S BOONE VALLEY DR,,LOT 3 BLK R GREENRIDGE PHS 5,363443,363443
2265,2026,777498,R,288460804,,2884608040000,LONG GARRETT,No,,629 S BOONE VALLEY DR,,LOT 4 BLK R GREENRIDGE PHS 5,335090,335090
2266,2026,777500,R,288460806,,2884608060000,PATSCHKE JANICE,No,,705 S BOONE VALLEY DR,,LOT 6 BLK R GREENRIDGE PHS 5,363474,363474
2267,2026,777501,R,288460807,,2884608070000,FMNG FAMILY REVOCABLE TRUST,No,,709 BOONE VALLEY DR,,LOT 7 BLK R GREENRIDGE PHS 5,468341,468341
2268,2026,777502,R,288460808,,2884608080000,THOMAS ERIC J,No,,713 S BOONE VALLEY DR,,LOT 8 BLK R GREENRIDGE PHS 5,362272,362272
2269,2026,777503,R,288460809,,2884608090000,KIRKPATRICK TIMOTHY & THUY NGUYEN,No,,717 S BOONE VALLEY DR,,LOT 9 BLK R GREENRIDGE PHS 5,440756,440756
2270,2026,777504,R,288460810,,2884608100000,RANDLE CASSANDRA A,No,,721 S BOONE VALLEY DR,,LOT 10 BLK R GREENRIDGE PHS 5,439805,439805
2271,2026,777505,R,288460811,,2884608110000,MOEHLMAN BRIAN L &,No,,725 S BOONE VALLEY DR,,LOT 11 BLK R GREENRIDGE PHS 5,362297,362297
2272,2026,777506,R,288460812,,2884608120000,GRAHAM AMBER & DUSTIN JAMES,No,,729 S BOONE VALLEY DR,,LOT 12 BLK R GREENRIDGE PHS 5,374439,374439
2273,2026,777507,R,288460813,,2884608130000,SALISBURY BLAKE AUSTIN,No,,801 S BOONE VALLEY DR,,LOT 13 BLK R GREENRIDGE PHS 5,364806,364806
2274,2026,777508,R,288460814,,2884608140000,VASQUEZ EDWARD E & REBECCA,No,,805 S BOONE VALLEY DR,,LOT 14 BLK R GREENRIDGE PHS 5,524905,524905
2275,2026,777510,R,290461044,,2904610440000,AYELE DAGNACHEW & ELSABETH FEREDE,No,,20005 TREE SAP WAY,ROUND ROCK,LOT 25 BLK I GREENRIDGE PHS 5,354928,354928
2276,2026,780217,P,,,7802170000,THIRD BASE ROUND ROCK LLC,No,THIRD BASE,3107 S INTERSTATE HY 35,ROUND ROCK,PERSONAL PROPERTY COMMERCIAL THIRD BASE,87450,87450
2277,2026,781051,P,,,7810510000,SALVATION ARMY THE,No,SALVATION ARMY FAMILY STORE,601 W LOUIS HENNA BLVD,ROUND ROCK,PERSONAL PROPERTY COMMERCIAL SALVATION ARMY FAMILY STORE,27265,27265
2278,2026,782948,R,278300907,,2783009070000,S HADDAD LLC,No,,1000 GRAND AVENUE PKWY,,LOT 2 BLK A HOPPE SUBD,397529,397529
2279,2026,782949,R,278300908,,2783009080000,FOXGLOVE PROPERTIES LTD,No,GRAND AVENUE CENTER,1100 GRAND AVENUE PKWY,,LOT 1 BLK A HOPPE SUBD,3068734,3068734
2280,2026,787305,P,,,7873050000,DURFLINGER TODD,No,DURFLINGER TODD,2911 A W GRIMES BLVD,PFLUGERVILLE,PERSONAL PROPERTY COMMERCIAL DURFLINGER TODD,4952,4952
2281,2026,787356,P,,,7873560000,DOLLAR TREE STORES INC,No,DOLLAR TREE #1162,3021 S INTERSTATE HY 35,ROUND ROCK,PERSONAL PROPERTY COMMERCIAL DOLLAR TREE #1162,125228,125228
2282,2026,787426,P,,,7874260000,ALL NATIONS ASSEMBLY OF GOD,No,ALL NATIONS CHURCH,16804 RADHOLME CT,ROUND ROCK,PERSONAL PROPERTY COMMERCIAL ALL NATIONS CHURCH,11100,11100
2283,2026,791592,P,,,7915920000,EAR NOSE THROAT & ALLERGY OF AUS,No,EAR NOSE THROAT & ALLERGY OF AUSTIN,4112 LINKS LN,ROUND ROCK,PERSONAL PROPERTY COMMERCIAL EAR NOSE THROAT & ALLERGY OF AUSTIN,7513,7513
2284,2026,791618,P,,,7916180000,AUSTIN GASTROENTEROLOGY PA,No,AUSTIN GASTROENTEROLOGY PA,4112 LINKS LN,ROUND ROCK,PERSONAL PROPERTY COMMERCIAL AUSTIN GASTROENTEROLOGY PA,18737,18737
2285,2026,791622,P,,,7916220000,CAPITAL AREA PRIMARY CARE,No,BRUSHY CREEK FAMILY PHYSICIANS,4112 LINKS LN,ROUND ROCK,PERSONAL PROPERTY COMMERCIAL BRUSHY CREEK FAMILY PHYSICIANS,32946,32946
2286,2026,791627,P,,,7916270000,KU BON HEUNG,No,E Z SOLUTION COMPUTER REPAIR,17315 ZOLA LN,ROUND ROCK,PERSONAL PROPERTY COMMERCIAL E Z SOLUTION COMPUTER REPAIR,4498,4498
2287,2026,791634,P,,,7916340000,CLINICAL PATHOLOGY LABORATORIES INC,No,CLINICAL PATHOLOGY LABORATORY,4112 LINKS LN,ROUND ROCK,PERSONAL PROPERTY COMMERCIAL CLINICAL PATHOLOGY LABORATORY,7028,7028
2288,2026,791641,P,,,7916410000,DNT CONSTRUCTION LLC,No,DNT CONSTRUCTION,2300 PICADILLY DR,ROUND ROCK,PERSONAL PROPERTY COMMERCIAL DNT CONSTRUCTION,25983637,25983637
2289,2026,791847,P,,,7918470000,START SMART INC,No,GODDARD SCHOOL THE,4076 GATTIS SCHOOL RD,ROUND ROCK,PERSONAL PROPERTY COMMERCIAL GODDARD SCHOOL THE,47743,47743
2290,2026,792744,P,,,7927440000,SRS DISTRIBUTION INC,No,SOUTHERN SHINGLES,1821 CENTRAL COMMERCE CT,ROUND ROCK ,PERSONAL PROPERTY COMMERCIAL SOUTHERN SHINGLES,9020540,9020540
2291,2026,801017,P,,,8010170000,TEXAS IRRIGATION SUPPLY,No,TEXAS IRRIGATION SUPPLY,16813 JOE BARBEE DR,ROUND ROCK,PERSONAL PROPERTY COMMERCIAL TEXAS IRRIGATION SUPPLY,1548985,1548985
2292,2026,802021,R,284230235,WR455179,2842302350000,B H 3021-3203 SOUTH IH35 LLC,Yes,ROUND ROCK CROSSING, S INTERSTATE HY 35,ROUND ROCK,5.3187 A OF LOT 3 ROUND ROCK GATEWAY SEC 3 & 1.6643 A OF LOT 1 ROUND ROCK GATEWAY SEC 1 FINAL REPLAT OF,8881123,8881123
2293,2026,802025,R,284230236,WR455179,2842302360000,B H 3021-3203 SOUTH IH35 LLC,Yes,ROUND ROCK CROSSING,3021 S INTERSTATE HY 35,ROUND ROCK,9.1717 A OF LOT 1 ROUND ROCK GATEWAY SEC 1 FINAL REPLAT OF(8.9357 AC TRAVIS CO),10998048,10998048
2294,2026,802049,R,284230237,WR455188,2842302370000,B H 3021-3203 SOUTH IH35 LLC,Yes,ROUND ROCK CROSSING / GANDER MTN,3203 S INTERSTATE HY 35,ROUND ROCK,7.7913 A OF LOT 3 ROUND ROCK GATEWAY SEC 3,9991886,9991886
2295,2026,810393,P,,,8103930000,SISU DEVICES LLC,No,SISU DEVICES,1520 ROYSTON LN,AUSTIN,PERSONAL PROPERTY COMMERCIAL SISU DEVICES,563206,563206
2296,2026,813648,R,276430702,,2764307020000,TIMMERMANN COMMERCIAL INVESTMENTS LP,No,, W PFLUGERVILLE PKWY,,ABS 689 SUR 6 STUART T G ABS 99 SUR 3 BLESSING H ACR 14.0304 (1-D-1),2444657,4651
2297,2026,814537,P,,,8145370000,GONSALVEZ MICHAEL,No,MECHANICAL & PROCESS SYSTEMS LLC,1804 CENTRAL COMMERCE CT,ROUND ROCK,PERSONAL PROPERTY COMMERCIAL MECHANICAL & PROCESS SYSTEMS LLC,2329834,2329834
2298,2026,818853,R,284330118,,2843301180000,MEEKS PFLUGERVILLE LLC,No,7-ELEVEN,17511 SCHULTZ LN,,LOT 4C SPRINGBROOK COMMERCIAL SUBD REPLAT OF LOT 4B BLK A AMENDING PLAT OF LOT 4 BLK A OF REUSB OF LOT 2 BLK A,1371278,1371278
2299,2026,818854,R,284330119,,2843301190000,TEXSTAR TRIANGLE LLC,No,, SCHULTZ LN,,LOT 4B SPRINGBROOK COMMERCIAL SUBD REPLAT OF LOT 4B BLK A AMENDING PLAT OF LOT 4 BLK A OF REUSB OF LOT 2 BLK A,559602,559602
2300,2026,819508,P,,,8195080000,ISLAMIC CENTER OF PFLUGERVILLE,No,ISLAMIC CENTER OF PFLUGERVILLE,920 W PFLUGERVILLE PKWY,PFLUGERVILLE,PERSONAL PROPERTY COMMERCIAL ISLAMIC CENTER OF PFLUGERVILLE,7447,7447
2301,2026,819647,P,,,8196470000,LUTHERAN SCHOOL ASSN OF THE,No,CONCORDIA HIGH SCHOOL,1500 ROYSTON LN,ROUND ROCK,PERSONAL PROPERTY COMMERCIAL CONCORDIA HIGH SCHOOL,61368,61368
2302,2026,819683,P,,,8196830000,READY CABLE INC,No,READY CABLE,1608 ROYSTON LN,ROUND ROCK,PERSONAL PROPERTY COMMERCIAL READY CABLE,412675,412675
2303,2026,822663,P,,,8226630000,MMK HOLDINGS LP,No,PLANET K,3227 S INTERSTATE HY 35,,PERSONAL PROPERTY COMMERCIAL PLANET K,180084,180084
2304,2026,824387,P,,,8243870000,REYNOLDS DENISE PSY D,No,REYNOLDS DENISE PSY D,2911 A W GRIMES BLVD,ROUND ROCK,PERSONAL PROPERTY COMMERCIAL REYNOLDS DENISE PSY D,315,315
2305,2026,825189,P,,,8251890000,TEXAS PLUMBING SUPPLY CO,No,TEXAS PLUMBING SUPPLY CO,1800 ROYSTON LN,ROUND ROCK,PERSONAL PROPERTY COMMERCIAL TEXAS PLUMBING SUPPLY CO,2515108,2515108
2306,2026,829000,P,,,8290000000,TIFF'S ATX 2 HOLDING COMPANY INC,No,TIFFS TREATS,117 E LOUIS HENNA BLVD,ROUND ROCK,PERSONAL PROPERTY COMMERCIAL TIFFS TREATS,67135,67135
2307,2026,833368,P,,,8333680000,MANNIX AUTOMOTIVE LLC,No,MANNIX AUTOMOTIVE LLC,16708 PICADILLY CT,ROUND ROCK,PERSONAL PROPERTY COMMERCIAL MANNIX AUTOMOTIVE LLC,32678,32678
2308,2026,833371,P,,,8333710000,IN CHARGE ELECTRICAL SVCS LLC,No,IN CHARGE ELECTRICAL SERVICES,16808 RADHOLME CT,ROUND ROCK,PERSONAL PROPERTY COMMERCIAL IN CHARGE ELECTRICAL SERVICES,3115257,3115257
2309,2026,836430,P,,,8364300000,CRAWFORD ELECTRIC SUPPLY CO INC,No,CRAWFORD ELECTRIC SUPPLY CO INC,2251 PICADILLY DR,ROUND ROCK,PERSONAL PROPERTY COMMERCIAL CRAWFORD ELECTRIC SUPPLY CO INC,822126,822126
2310,2026,838713,P,,,8387130000,LAFON WAX CENTERS LLC,No,EUROPEAN WAX CENTER ROUND ROCK,117 E LOUIS HENNA BLVD,ROUND ROCK,PERSONAL PROPERTY COMMERCIAL EUROPEAN WAX CENTER ROUND ROCK,32817,32817
2311,2026,839556,P,,,8395560000,INTEGRATED GENUINE,No,INTEGRATED GENUINE SOLUTIONS INC,1800 CENTRAL COMMERCE CT,ROUND ROCK,PERSONAL PROPERTY COMMERCIAL INTEGRATED GENUINE SOLUTIONS INC,19166,19166
2312,2026,842921,P,2-013200-000015,,8429210000,AUSTIN FOAM PLASTICS INC,No,AUSTIN FOAM PLASTICS INC,2933 A W GRIMES BLVD,,INVENTORY 2933 A W GRIMES BLVD,766720,766720
2313,2026,845342,R,284200220,,2842002200000,ANAZ VENTURES LLC,No,HOLIDAY INN EXPRESS & SUITES ROUND ROCK,301 W LOUIS HENNA BLVD,,LOT 1 BLK A FRONTERA CROSSING PHS II,10264347,10264347
2314,2026,845343,R,284200221,,2842002210000,FRONTERA CROSSING LLC,No,FRONTERA CROSSING (PARKING),201 W LOUIS HENNA BLVD,,LOT 2 BLK A FRONTERA CROSSING PHS II,1517459,1517459
2315,2026,847789,P,,,8477890000,CANTU IMPORTS LLC,No,CANTU NURSERY & LANDSCAPING,3223 S INTERSTATE HY 35,,PERSONAL PROPERTY COMMERCIAL CANTU NURSERY & LANDSCAPING,56746,56746
2316,2026,847983,P,,,8479830000,CLASSIC FLOORS OF TEXAS INC,No,CLASSIC FLOORS OF TEXAS,4046 GATTIS SCHOOL RD,ROUND ROCK,PERSONAL PROPERTY COMMERCIAL CLASSIC FLOORS OF TEXAS,11168,11168
2317,2026,851390,P,,,8513900000,WORK BRAND TRAINING CO LLC THE,No,DEFIANT CROSS FIT,16801 RADHOLME CT,ROUND ROCK,PERSONAL PROPERTY COMMERCIAL DEFIANT CROSS FIT,62807,62807
2318,2026,853287,P,,,8532870000,CHISHOLM TRAIL PEDIATRICS INC PA,No,CHISHOLM TRAIL PEDIATRICS INC PA,4112 LINKS LN,ROUND ROCK,PERSONAL PROPERTY COMMERCIAL CHISHOLM TRAIL PEDIATRICS INC PA,177550,177550
2319,2026,854943,P,,,8549430000,MATT FAJKUS ARCHITECTURE LLC,No,MF ARCHITECTURE,900 E 6 ST,AUSTIN,PERSONAL PROPERTY COMMERCIAL MF ARCHITECTURE,49861,49861
2320,2026,860704,P,,,8607040000,SUNBELT RENTALS INC,No,SUNBELT RENTALS INC #756,16801 JOE BARBEE DR,ROUND ROCK,PERSONAL PROPERTY COMMERCIAL SUNBELT RENTALS INC #756,2344197,2344197
2321,2026,861475,P,,,8614750000,UTILITY TESTING SERVICES OF TEXAS,No,UTILITY TESTING SERVICES OF TEXAS,1400 GRAND AVENUE PKWY,,PERSONAL PROPERTY COMMERCIAL UTILITY TESTING SERVICES OF TEXAS,17821,17821
2322,2026,864153,P,,,8641530000,SISU HOLDINGS LLC,No,SISU DEVICES,1520 ROYSTON LN,,PERSONAL PROPERTY COMMERCIAL SISU DEVICES,103752,103752
2323,2026,864179,P,,,8641790000,SAMSUNG ELECTRONICS AMERICA LLC,No,SAMSUNG ELECTRONICS AMERICA INC,3201 S INTERSTATE HY 35,ROUND ROCK,PERSONAL PROPERTY COMMERCIAL SAMSUNG ELECTRONICS AMERICA INC,30715,30715
2324,2026,864833,P,,,8648330000,M & J SALONS INC,No,SALONS BY JC,3021 S INTERSTATE HY 35,ROUND ROCK,PERSONAL PROPERTY COMMERCIAL SALONS BY JC,12631,12631
2325,2026,866882,P,,P130122,8668820000,CRAMBLIT INC,No,TRIPLE C MOTORS,4068 GATTIS SCHOOL RD,ROUND ROCK,PERSONAL PROPERTY SPECIAL INV TRIPLE C MOTORS,0,0
2326,2026,868839,P,,,8688390000,BIG SIX LLC THE,No,FIREHOUSE SUBS # 380,3151 S INTERSTATE HY 35,ROUND ROCK,PERSONAL PROPERTY COMMERCIAL FIREHOUSE SUBS # 380,21886,21886
2327,2026,871136,P,,,8711360000,AIRROSTI REHAB CENTERS LLC,No,AIRROSTI,4112 LINKS LN,ROUND ROCK,PERSONAL PROPERTY COMMERCIAL AIRROSTI,15231,15231
2328,2026,871145,P,,,8711450000,BARKS A LOT PET RESORT INC,No,BARKS A LOT PET RESORT,4251 GATTIS SCHOOL RD,ROUND ROCK,PERSONAL PROPERTY COMMERCIAL BARKS A LOT PET RESORT,17074,17074
2329,2026,871685,P,,,8716850000,RWB RENOVATIONS LLC,No,REBATH OF AUSTIN,1410 ROYSTON LN,ROUND ROCK,PERSONAL PROPERTY COMMERCIAL REBATH OF AUSTIN,183646,183646
2330,2026,871763,P,,,8717630000,GREAT BASIN INDUSTRIAL LLC,No,GREAT BASIN INDUSTRIAL LLC,16813 CALPLY DR,ROUND ROCK,PERSONAL PROPERTY COMMERCIAL GREAT BASIN INDUSTRIAL LLC,91555,91555
2331,2026,872457,P,,,8724570000,COMMERCIAL VAN INTERIORS INC,No,COMMERCIAL VAN INTERIORS INC,16805 RADHOLME CT,ROUND ROCK,PERSONAL PROPERTY COMMERCIAL COMMERCIAL VAN INTERIORS INC,292290,292290
2332,2026,872751,P,,,8727510000,ESPARAZA MARISA,No,ESPARAZA MARIA,3021 S INTERSTATE HY 35,ROUND ROCK,PERSONAL PROPERTY COMMERCIAL ESPARAZA MARISA,221,221
2333,2026,872754,P,,,8727540000,NGO MAI,No,NGO MAI,3021 S INTERSTATE HY 35,ROUND ROCK,PERSONAL PROPERTY COMMERCIAL NGO MAI,238,238
2334,2026,872769,P,,,8727690000,GUFFEY VICKI,No,GUFFEY VICKI,3021 S INTERSTATE HY 35,ROUND ROCK,PERSONAL PROPERTY COMMERCIAL GUFFEY VICKI,238,238
2335,2026,872772,P,,,8727720000,STURM JONATHAN,No,STURM JONATHAN,3021 S INTERSTATE HY 35,ROUND ROCK,PERSONAL PROPERTY COMMERCIAL STURM JONATHAN,300,300
2336,2026,872778,P,,,8727780000,CALDERWOOD MERIDETH,No,CALDERWOOD MERIDETH,3021 S INTERSTATE HY 35,ROUND ROCK,PERSONAL PROPERTY COMMERCIAL CALDERWOOD MERIDETH,210,210
2337,2026,872785,P,,,8727850000,HOLLANDER DEDE,No,HOLLANDER DEDE,3021 S INTERSTATE HY 35,ROUND ROCK,PERSONAL PROPERTY COMMERCIAL HOLLANDER DEDE,1298,1298
2338,2026,872791,P,,,8727910000,CARDONA JODI,No,CARDONA JODI,3021 S INTERSTATE HY 35,ROUND ROCK,PERSONAL PROPERTY COMMERCIAL CARDONA JODI,226,226
2339,2026,872792,P,,,8727920000,SWAFFIELD ANNA,No,SWAFFIELD ANNA,3021 S INTERSTATE HY 35,ROUND ROCK,PERSONAL PROPERTY COMMERCIAL SWAFFIELD ANNA,237,237
2340,2026,872799,P,,,7827990000,BANUELOS MARIA,No,BANUELOS MARIA,3021 S INTERSTATE HY 35,ROUND ROCK,PERSONAL PROPERTY COMMERCIAL BANUELOS MARIA,226,226
2341,2026,872804,P,,,8728040000,ABBOTT SHELLY,No,ABBOTT SHELLY,3021 S INTERSTATE HY 35,ROUND ROCK,PERSONAL PROPERTY COMMERCIAL ABBOTT SHELLY,253,253
2342,2026,872805,P,,,8728050000,HAAN DANA,No,HAAN DANA,3021 S INTERSTATE HY 35,ROUND ROCK,PERSONAL PROPERTY COMMERCIAL HAAN DANA,226,226
2343,2026,872806,P,,,8728060000,WECKER BROOKE,No,WECKER BROOKE,3021 S INTERSTATE HY 35,ROUND ROCK,PERSONAL PROPERTY COMMERCIAL WECKER BROOKE,286,286
2344,2026,872810,P,,,8728100000,BARTON MICHAEL,No,BARTON MICHAEL,3021 S INTERSTATE HY 35,ROUND ROCK,PERSONAL PROPERTY COMMERCIAL BARTON MICHAEL,543,543
2345,2026,872811,P,,,8728110000,KEMENY LAURA,No,KEMENY LAURA,3021 S INTERSTATE HY 35,ROUND ROCK,PERSONAL PROPERTY COMMERCIAL KEMENY LAURA,4612,4612
2346,2026,872815,P,,,8728150000,OWENS ARA,No,OWENS ARA,3021 S INTERSTATE HY 35,ROUND ROCK,PERSONAL PROPERTY COMMERCIAL OWENS ARA,212,212
2347,2026,872816,P,,,8728160000,PHYLOW KORI,No,PHYLOW KORI,3021 S INTERSTATE HY 35,ROUND ROCK,PERSONAL PROPERTY COMMERCIAL PHYLOW KORI,2079,2079
2348,2026,872826,P,,,8728260000,QUALLS JOSEPH,No,QUALLS JOSEPH,3021 S INTERSTATE HY 35,ROUND ROCK,PERSONAL PROPERTY COMMERCIAL QUALLS JOSEPH,296,296
2349,2026,873101,P,,,8731010000,7-ELEVEN INC,No,7-ELEVEN INC,17511 SCHULTZ LN,PFLUGERVILLE,PERSONAL PROPERTY COMMERCIAL 7-ELEVEN INC,74029,74029
2350,2026,874673,P,,,8746730000,MICRON TECHNOLOGY INC,No,MICRON TECHNOLOGY INC,101 W LOUIS HENNA BLVD,,PERSONAL PROPERTY COMMERCIAL MICRON TECHNOLOGY INC,1804469,1804469
2351,2026,876510,P,,,8765100000,MICROSOFT CORPORATION,No,MICROSOFT CORPORATION,3201 S INTERSTATE HY 35,ROUND ROCK,PERSONAL PROPERTY COMMERCIAL MICROSOFT CORPORATION,31339,31339
2352,2026,877573,R,286330150,WR419227,2863301500000,BT-OH LLC,No,, SCHULTZ LN,,GLEN ELLYN SEC 2 BLK A LOT 1,62060,62060
2353,2026,878232,R,129920506,,1299205060000,12532 CANYON GLEN DRIVE LLC,No,,5200 ESPADAS CT,,LOT 60 BLK E SWEETWATER RANCH SEC 1 VILLAGE L PHS 2 AMD,614604,614604
2354,2026,878233,R,129920507,,1299205070000,KATTANGURU SHISHIR REDDY,No,,5204 ESPADAS CT,AUSTIN,LOT 61 BLK E SWEETWATER RANCH SEC 1 VILLAGE L PHS 2 AMD,681867,681867
2355,2026,878234,R,129920508,,1299205080000,RUWALI YOGESH KUMAR &,No,,5208 ESPADAS CT,,LOT 62 BLK E SWEETWATER RANCH SEC 1 VILLAGE L PHS 2 AMD,729028,729028
2356,2026,878235,R,129920509,,1299205090000,LEAL FERNANDO III & KIMBERLY ANN MARTINDALE-LEAL,No,,5212 ESPADAS CT,AUSTIN,LOT 63 BLK E SWEETWATER RANCH SEC 1 VILLAGE L PHS 2 AMD,783167,783167
2357,2026,878236,R,129920510,,1299205100000,PATEL ASHWIN & DIPTI,No,,5209 ESPADAS CT,,LOT 64 BLK E SWEETWATER RANCH SEC 1 VILLAGE L PHS 2 AMD,695037,695037
2358,2026,878237,R,129920511,,1299205110000,KAISERMAN ELON SHIMON &,No,,5205 ESPADAS CT,,LOT 65 BLK E SWEETWATER RANCH SEC 1 VILLAGE L PHS 2 AMD,600550,600550
2359,2026,882542,P,,,8825420000,GILCHRIST HOLDINGS LLC,No,AMAZING LASH STUDIO,3021 S INTERSTATE HY 35,ROUND ROCK,PERSONAL PROPERTY COMMERCIAL AMAZING LASH STUDIO,29237,29237
2360,2026,882673,P,,,8826730000,PBE LLC,No,PBE LLC,2251 PICADILLY DR,ROUND ROCK,PERSONAL PROPERTY COMMERCIAL PBE LLC,293057,293057
2361,2026,884914,P,,,8849140000,MIJELI ENTERPRISES LLC,No,HIP HOUNDS,1912 PICADILLY DR,PFLUGERVILLE,PERSONAL PROPERTY COMMERCIAL HIP HOUNDS,41193,41193
2362,2026,885782,P,,,8857820000,1900 LAKELINE LLC,No,WASH N ROLL EXPRESS CARWASH,1300 W PFLUGERVILLE PKWY,,PERSONAL PROPERTY COMMERCIAL WASH N ROLL EXPRESS CARWASH,47076,47076
2363,2026,886391,P,,,8863910000,ANAZ VENTURES LLC,No,HOLIDAY INN EXPRESS & SUITE ROUND ROCK,301 W LOUIS HENNA BLVD,ROUND ROCK,PERSONAL PROPERTY COMMERCIAL HOLIDAY INN EXPRESS & SUITE ROUND ROCK,1,1
2364,2026,886548,P,,,8865480000,AUGUSTIN FADIA,No,AUGUSTIN FADIA,3021 S INTERSTATE HY 35,ROUND ROCK,PERSONAL PROPERTY COMMERCIAL AUGUSTIN FADIA,217,217
2365,2026,886570,P,,,8865700000,DRURY KAITLYN,No,DRURY KAITLYN,3021 S INTERSTATE HY 35,ROUND ROCK,PERSONAL PROPERTY COMMERCIAL DRURY KAITLYN,204,204
2366,2026,886574,P,,,8865740000,VASQUEZ CRYSTAL,No,VASQUEZ CRYSTAL,3021 S INTERSTATE HY 35,ROUND ROCK,PERSONAL PROPERTY COMMERCIAL VASQUEZ CRYSTAL,242,242
2367,2026,886576,P,,,8865760000,MCDONALD HAROLD,No,MCDONALD HAROLD,3021 S INTERSTATE HY 35,ROUND ROCK,PERSONAL PROPERTY COMMERCIAL MCDONALD HAROLD,232,232
2368,2026,888956,R,276551740,,2765517400000,HAYS PATRICK J & CHRISTIE B,No,,3905 LYNDSEY MARIE LN,,LOT 16 BLK RR VILLAGES OF HIDDEN LAKE PHS 6B-3,414420,414420
2369,2026,888989,R,284260107,,2842601070000,MULCH MOUNTAINVIEW LLC,Yes,,3451 GREENLAWN BLVD,,LOT 2 BLK A HOLLYBROOK RANCH (OS/DRN),632883,632883
2370,2026,888991,R,282260140,,2822601400000,MULCH MOUNTAINVIEW LLC,No,, GREENLAWN BLVD,,LOT 3 BLK A HOLLYBROOK RANCH (OS/DRN),229605,229605
2371,2026,890213,P,,,8902130000,CLARITY DENTAL IMAGING CENTER LLC,No,CLARITY DENTAL IMAGING CENTER LLC,2911 A W GRIMES BLVD,PFLUGERVILLE,PERSONAL PROPERTY COMMERCIAL CALRITY DENTAL IMAGING CENTER LLC,13084,13084
2372,2026,890411,R,280301302,,2803013020000,INAMETI HOLDING CO LLC,No,BECAUSE WE CARE LEARNING ACADEMY ,1317 PICADILLY DR,,UNT 2A PICADILLY OFFICE CONDOMINIUMS PLUS 33.33 % INT IN COM AREA,1323662,1323662
2373,2026,890412,R,280301303,,2803013030000,S&R SHRESTHA LLC,No,ACTION BEHAVIOR CENTER : PFLUGERVILLE BRIDGE,1317 PICADILLY DR,,UNT 2B PICADILLY OFFICE CONDOMINIUMS PLUS 33.33 % INT IN COM AREA,1342208,1342208
2374,2026,890413,R,280301304,,2803013040000,INAMETI HOLDING CO LLC,No,,1317 PICADILLY DR,,UNT 2C PICADILLY OFFICE CONDOMINIUMS PLUS 33.33 % INT IN COM AREA,1391124,1391124
2375,2026,892018,R,280181505,,2801815050000,MANSOUR CHRISTINE H &,No,,15932 CADOZ DR,,LOT 11 BLK C TRAVESIA SUBD,417236,417236
2376,2026,892701,R,282281009,,2822810090000,REDDY SANDEEP JAMITHI,No,,2012 IRON RAIL TER,,UNT 8 GREENLAWN VILLAGE CONDOMINIUMS PLUS .4424 % INT IN COM AREA,389942,389942
2377,2026,892711,R,282281019,,2822810190000,FRATTAROLI NICHOLAS A,No,,17105 SPANISH STAR DR,ROUND ROCK,UNT 19 GREENLAWN VILLAGE CONDOMINIUMS PLUS .4424 % INT IN COM AREA,391744,391744
2378,2026,892714,R,282281022,,2822810220000,PONG JEN-KEI,No,,17017 SPANISH STAR DR,ROUND ROCK,UNT 22 GREENLAWN VILLAGE CONDOMINIUMS PLUS 0.4424 % INT IN COM AREA,402904,402904
2379,2026,892775,R,282281083,,2822810830000,SALDANA YSIDORO A,No,,17004 PRESTONS BRAID LN,ROUND ROCK,UNT 83 GREENLAWN VILLAGE CONDOMINIUMS PLUS .4424 % INT IN COM AREA,345853,345853
2380,2026,892776,R,282281084,,2822810840000,SINGH BLAVIR & RAJWINDER KAUR,No,,17006 PRESTONS BRAID LN,ROUND ROCK,UNT 84 GREENLAWN VILLAGE CONDOMINIUMS PLUS .4424 % INT IN COM AREA,373475,373475
2381,2026,892795,R,282281103,,2822811030000,WILLIAMS ODEL O,No,,17105 PRESTONS BRAID LN,,UNT 103 GREENLAWN VILLAGE CONDOMINIUMS PLUS .4424 % INT IN COM AREA,294170,294170
2382,2026,892800,R,282281108,,2822811080000,YANG TINA,No,,17013 PRESTONS BRAID LN,ROUND ROCK,UNT 108 GREENLAWN VILLAGE CONDOMINIUMS PLUS .4424 % INT IN COM AREA,321019,321019
2383,2026,892810,R,282281118,,2822811180000,PATEL VINAY & NITA,No,,17006 SPANISH STAR DR,ROUND ROCK,UNT 118 GREENLAWN VILLAGE CONDOMINIUMS PLUS .4424 % INT IN COM AREA,423647,423647
2384,2026,892817,R,282281125,,2822811250000,TRAN LINH & DUNG,No,,17102 SPANISH STAR DR,ROUND ROCK,UNT 125 GREENLAWN VILLAGE CONDOMINIUMS PLUS .4424 % INT IN COM AREA,348487,348487
2385,2026,893463,R,293491202,,2934912020000,"WILLIAMSON CNTY WATER, SEWER,",No,, MUIRFIELD BEND DR,,LOT 6 BLK A STAR RANCH PHS 2 SEC 3,133860,133860
2386,2026,893464,R,293491203,,2934912030000,FJF INVESTMENT LLC,No,Denny’s,21030 N SH 130 SVRD SB,,LOT 5 BLK A STAR RANCH PHS 2 SEC 3,1524614,1524614
2387,2026,894141,P,,,8941410000,THRIVE COUNSELING LLC,No,THRIVEWORKS TEXAS LLC,2911 A W GRIMES BLVD,ROUND ROCK,PERSONAL PROPERTY COMMERCIAL THRIVEWORKS TEXAS LLC,6389,6389
2388,2026,894481,R,286361001,,2863610010000,GLEN ELLYN RESIDENTIAL COMMUNITY INC,No,, BRIDEKIRK DR,,LOT 1 BLK I GLEN ELLYN SEC 1 (OS),1182,1182
2389,2026,894482,R,286361002,,2863610020000,SACHDEVA JYOTI & KARAN KUMAR,No,,2737 BRIDEKIRK DR,,LOT 2 BLK I GLEN ELLYN SEC 1,348347,348347
2390,2026,894483,R,286361003,,2863610030000,VAN MICHAEL H,No,,2733 BRIDEKIRK DR,,LOT 3 BLK I GLEN ELLYN SEC 1,344318,344318
2391,2026,894484,R,286361004,,2863610040000,CARRILLO CRISTINA R &,No,,2729 BRIDEKIRK DR,,LOT 4 BLK I GLEN ELLYN SEC 1,382413,382413
2392,2026,894485,R,286361005,,2863610050000,RAMSAY CHEYENNE,No,,2725 BRIDEKIRK DR,ROUND ROCK,LOT 5 BLK I GLEN ELLYN SEC 1,392281,392281
2393,2026,894486,R,286361006,,2863610060000,STUBBS THOMAS LEE & SOPHIA LEE,No,,2721 BRIDEKIRK DR,,LOT 6 BLK I GLEN ELLYN SEC 1,353713,353713
2394,2026,894487,R,286361007,,2863610070000,CULBERTSON JENNY LEE,No,,2717 BRIDEKIRK DR,ROUND ROCK,LOT 7 BLK I GLEN ELLYN SEC 1,371937,371937
2395,2026,894488,R,286361008,,2863610080000,TRAN AN THI,No,,2713 BRIDEKIRK DR,,LOT 8 BLK I GLEN ELLYN SEC 1,335324,335324
2396,2026,894489,R,286361009,,2863610090000,SAMY STEPHEN ANTHONY &,No,,2709 BRIDEKIRK DR,,LOT 9 BLK I GLEN ELLYN SEC 1,347145,347145
2397,2026,894490,R,286361010,,2863610100000,NGUYEN DUY HANH &,No,,2705 BRIDEKIRK DR,ROUND ROCK,LOT 10 BLK I GLEN ELLYN SEC 1,370438,370438
2398,2026,894491,R,286361011,,2863610110000,PHAN CAMTU,No,,2701 BRIDEKIRK DR,ROUND ROCK,LOT 11 BLK I GLEN ELLYN SEC 1,383476,383476
2399,2026,894492,R,286361012,,2863610120000,GLEN ELLYN RESIDENTIAL COMMUNITY INC,No,, BRIDEKIRK DR,,LOT 12 BLK I GLEN ELLYN SEC 1 (OS),1000,1000
2400,2026,894493,R,286361101,,2863611010000,GLEN ELLYN RESIDENTIAL COMMUNITY INC,No,, BRIDEKIRK DR DR,,LOT 1 BLK A GLEN ELLYN SEC 1 (OS),1265,1265
2401,2026,894494,R,286361102,,2863611020000,LOA CARLOS JR,No,,2009 BIRKBY CT,ROUND ROCK,LOT 2 BLK A GLEN ELLYN SEC 1,354764,354764
2402,2026,894495,R,286361103,,2863611030000,WILD PEARL VENTURES LLC,No,,2005 BIRKBY CT,ROUND ROCK,LOT 3 BLK A GLEN ELLYN SEC 1,388884,388884
2403,2026,894496,R,286361104,,2863611040000,BELA IVY,No,,2001 BIRKBY CT,,LOT 4 BLK A GLEN ELLYN SEC 1,337934,337934
2404,2026,894497,R,286361105,,2863611050000,VO CUC T & NGOC T NGO,No,,2000 BIRKBY CT,ROUND ROCK,LOT 5 BLK A GLEN ELLYN SEC 1 (0.1728AC IN TRAVIS CO),386251,386251
2405,2026,894498,R,286361106,,2863611060000,GLEN ELLYN RESIDENTIAL COMMUNITY INC,No,, BRIDEKIRK DR DR,,LOT 21 BLK A GLEN ELLYN SEC 1 (OS) (0.3137AC IN TRAVIS CO),1352,1352
2406,2026,894499,R,286330151,,2863301510000,ZHANG WEI,No,,2969 BRIDEKIRK DR DR,,LOT 82 BLK A GLEN ELLYN SEC 1,433678,433678
2407,2026,894500,R,286330152,,2863301520000,SOARES BRENO DE ASSIS & EDEMIVALDO COSTA SOARES,No,,2965 BRIDEKIRK DR DR,,LOT 83 BLK A GLEN ELLYN SEC 1,425644,425644
2408,2026,894501,R,286330153,,2863301530000,NAGARAKANTI KAILASHNATH,No,,2961 BRIDEKIRK DR DR,,LOT 84 BLK A GLEN ELLYN SEC 1,459783,459783
2409,2026,894502,R,286330154,,2863301540000,DAPCEVICH ROBERT PAUL & LAURA MICHELLE OHARA,No,,2957 BRIDEKIRK DR DR,,LOT 85 BLK A GLEN ELLYN SEC 1 BLK A LTS 85-99 & BLK D LTS 1&9 AMD,446159,446159
2410,2026,894503,R,286330155,,2863301550000,SUBRAMANIAM VENKATRAMAN &,No,,2953 BRIDEKIRK DR DR,,LOT 86 BLK A GLEN ELLYN SEC 1 BLK A LTS 85-99 & BLK D LTS 1&9 AMD,430543,430543
2411,2026,894504,R,286330156,,2863301560000,EDWARDS ANN MARIE,No,,2949 BRIDEKIRK DR DR,,LOT 87 BLK A GLEN ELLYN SEC 1 BLK A LTS 85-99 & BLK D LTS 1&9 AMD,344425,344425
2412,2026,894505,R,286330157,,2863301570000,ISLAM NADIM,No,,2945 BRIDEKIRK DR DR,,LOT 88 BLK A GLEN ELLYN SEC 1 BLK A LTS 85-99 & BLK D LTS 1&9 AMD,367470,367470
2413,2026,894506,R,286330158,,2863301580000,ALAM MD SHAIFUL,No,,2941 BRIDEKIRK DR DR,,LOT 89 BLK A GLEN ELLYN SEC 1 BLK A LTS 85-99 & BLK D LTS 1&9 AMD,380362,380362
2414,2026,894507,R,286330159,,2863301590000,MALIREDY SAILAJA,No,,2937 BRIDEKIRK DR DR,,LOT 90 BLK A GLEN ELLYN SEC 1 BLK A LTS 85-99 & BLK D LTS 1&9 AMD,374178,374178
2415,2026,894508,R,286330160,,2863301600000,HUYNH SON MINH & THAO T VO,No,,2933 BRIDEKIRK DR DR,,LOT 91 BLK A GLEN ELLYN SEC 1 BLK A LTS 85-99 & BLK D LTS 1&9 AMD,367460,367460
2416,2026,894509,R,286330161,,2863301610000,WATTS GARY L & HUA HAN,No,,2929 BRIDEKIRK DR,ROUND ROCK,LOT 92 BLK A GLEN ELLYN SEC 1 BLK A LTS 85-99 & BLK D LTS 1&9 AMD,344444,344444
2417,2026,894510,R,286330162,,2863301620000,PHAN CAMTU,No,,2925 BRIDEKIRK DR DR,,LOT 93 BLK A GLEN ELLYN SEC 1 BLK A LTS 85-99 & BLK D LTS 1&9 AMD,367453,367453
2418,2026,894511,R,286330163,,2863301630000,MUZZAFFAR MOHAMMED AHMED &,No,,2921 BRIDEKIRK DR DR,,LOT 94 BLK A GLEN ELLYN SEC 1 BLK A LTS 85-99 & BLK D LTS 1&9 AMD,428975,428975
2419,2026,894512,R,286330164,,2863301640000,CAO XIANG & JING ZHAO,No,,2917 BRIDEKIRK DR DR,,LOT 95 BLK A GLEN ELLYN SEC 1 BLK A LTS 85-99 & BLK D LTS 1&9 AMD,374161,374161
2420,2026,894513,R,286330165,,2863301650000,FARMAN ROBYN D GREGG &,No,,2913 BRIDEKIRK DR DR,,LOT 96 BLK A GLEN ELLYN SEC 1 BLK A LTS 85-99 & BLK D LTS 1&9 AMD,434613,434613
2421,2026,894514,R,286330166,,2863301660000,AKTER ANWARA & MOMENA H AHMED,No,,2909 BRIDEKIRK DR DR,,LOT 97 BLK A GLEN ELLYN SEC 1 BLK A LTS 85-99 & BLK D LTS 1&9 AMD,367440,367440
2422,2026,894515,R,286330167,,2863301670000,TAN YI WEN & CHRISTOPHER CHU,No,,2905 BRIDEKIRK DR DR,,LOT 98 BLK A GLEN ELLYN SEC 1 BLK A LTS 85-99 & BLK D LTS 1&9 AMD,374152,374152
2423,2026,894516,R,286330168,,2863301680000,ONG JAMES,No,,2901 BRIDEKIRK DR DR,,LOT 99 BLK A GLEN ELLYN SEC 1 BLK A LTS 85-99 & BLK D LTS 1&9 AMD,368984,368984
2424,2026,894517,R,286360408,,2863604080000,LU ZENG XIAN,No,,2829 BRIDEKIRK DR DR,,LOT 1 BLK D GLEN ELLYN SEC 1 BLK A LTS 85-99 & BLK D LTS 1&9 AMD,437504,437504
2425,2026,894518,R,286360409,,2863604090000,MONARREZ ANALLY & KEVIN CARRILLO,No,,2825 BRIDEKIRK DR DR,,LOT 2 BLK D GLEN ELLYN SEC 1,383078,383078
2426,2026,894519,R,286360410,,2863604100000,BOGDANIC DRAGOMIR J & PRISCILLA M &,No,,2821 BRIDEKIRK DR DR,,LOT 3 BLK D GLEN ELLYN SEC 1,375690,375690
2427,2026,894520,R,286360411,,2863604110000,OLIVEIRA MARIA LOURDES,No,,2817 BRIDEKIRK DR DR,,LOT 4 BLK D GLEN ELLYN SEC 1,362873,362873
2428,2026,894521,R,286360412,,2863604120000,MIDIDADDI VIJENDERNATH G &,No,,2813 BRIDEKIRK DR DR,,LOT 5 BLK D GLEN ELLYN SEC 1,373987,373987
2429,2026,894522,R,286360413,,2863604130000,ROBERTS NICHOLAS S & MICHELLE K,No,,2809 BRIDEKIRK DR DR,,LOT 6 BLK D GLEN ELLYN SEC 1,426844,426844
2430,2026,894523,R,286360414,,2863604140000,MEDANCIC SANDA R & FERNANDO L ABELA,No,,2805 BRIDEKIRK DR DR,,LOT 7 BLK D GLEN ELLYN SEC 1,344260,344260
2431,2026,894524,R,286360415,,2863604150000,VO LY T,No,,2801 BRIDEKIRK DR DR,,LOT 8 BLK D GLEN ELLYN SEC 1,430315,430315
2432,2026,894525,R,286360416,,2863604160000,GLEN ELLYN RESIDENTIAL COMMUNITY INC,No,, BRIDEKIRK DR DR,,LOT 9 BLK D GLEN ELLYN SEC 1 BLK A LTS 85-99 & BLK D LTS 1&9 AMD (OS/DRN),2500,2500
2433,2026,894530,R,286361205,,2863612050000,LI XINGZHE & YUN HE,No,,1518 AUTUMN SAGE WAY,,LOT 3 BLK E GLEN ELLYN SEC 1,374510,374510
2434,2026,894531,R,286361206,,2863612060000,DMELLO JOEL & SYLVIA,No,,1522 AUTUMN SAGE WAY,,LOT 2 BLK E GLEN ELLYN SEC 1,374934,374934
2435,2026,894533,R,286361208,,2863612080000,MOHAN KRISHNA,No,,2031 PORT ELLEN DR,,LOT 14 BLK E GLEN ELLYN SEC 1,384688,384688
2436,2026,894534,R,286361209,,2863612090000,PAUL TULIKA & ARIT PAUL,No,,2027 PORT ELLEN DR,,LOT 13 BLK E GLEN ELLYN SEC 1,428737,428737
2437,2026,894535,R,286361210,,2863612100000,EUBANKS HAYLEY JEAN,No,,2023 PORT ELLEN DR,ROUND ROCK,LOT 12 BLK E GLEN ELLYN SEC 1,373211,373211
2438,2026,894536,R,286361211,,2863612110000,KARIM MOHAMMED S,No,,2019 PORT ELLEN DR,ROUND ROCK,LOT 11 BLK E GLEN ELLYN SEC 1,429070,429070
2439,2026,894537,R,286361212,,2863612120000,JHA FAMILY LIVING TRUST,No,,2710 PORT ELLEN DR,,LOT 10 BLK E GLEN ELLYN SEC 1,375287,375287
2440,2026,894538,R,286361213,,2863612130000,KHAN SHAHIDUR R,No,,2714 PORT ELLEN DR,,LOT 9 BLK E GLEN ELLYN SEC 1,431648,431648
2441,2026,894539,R,286361214,,2863612140000,KOUL SUNIL & AMARJYOTI LIVING TRUST,No,,2718 BRIDEKIRK DR,ROUND ROCK,LOT 8 BLK E GLEN ELLYN SEC 1,433284,433284
2442,2026,894540,R,286361301,,2863613010000,GOLDEN QUATRO PROPERTIES LLC,No,,2800 BRIDEKIRK DR,,LOT 13 BLK F GLEN ELLYN SEC 1,369435,369435
2443,2026,894541,R,286361302,,2863613020000,QIAN EDWIN LIANG,No,,2804 BRIDEKIRK DR,,LOT 12 BLK F GLEN ELLYN SEC 1,428797,428797
2444,2026,894542,R,286361303,,2863613030000,PHELPS-WARD ANGELA E &,No,,2808 BRIDEKIRK DR,,LOT 11 BLK F GLEN ELLYN SEC 1,367454,367454
2445,2026,894543,R,286361304,,2863613040000,ZHU XINMIN & FAN WANG,No,,2812 BRIDEKIRK DR,,LOT 10 BLK F GLEN ELLYN SEC 1,374752,374752
2446,2026,894544,R,286361305,,2863613050000,KOTHAKOTA VEERA & ANOOSHA AREPALLI,No,,2816 BRIDEKIRK DR,ROUND ROCK,LOT 9 BLK F GLEN ELLYN SEC 1,441698,441698
2447,2026,894545,R,286361306,,2863613060000,GLEN ELLYN RESIDENTIAL COMMUNITY INC,No,, BRIDEKIRK DR,,LOT 8 BLK F GLEN ELLYN SEC 1 (OS),1038,1038
2448,2026,894553,R,286361314,,2863613140000,VEMULA SURESH & SWETHA CHERUKU,No,,1527 AUTUMN SAGE WAY,,LOT 19 BLK F GLEN ELLYN SEC 1,370617,370617
2449,2026,894554,R,286361315,,2863613150000,GANDHI FAMILY TRUST,No,,1523 AUTUMN SAGE WAY,,LOT 18 BLK F GLEN ELLYN SEC 1,427419,427419
2450,2026,894555,R,286361316,,2863613160000,PENUGONDA SRIKAANTH,No,,1519 AUTUMN SAGE WAY,ROUND ROCK,LOT 17 BLK F GLEN ELLYN SEC 1,380629,380629
2451,2026,894556,R,286361317,,2863613170000,CHENNAMANENI ANUDEEP RAO,No,,1515 AUTUMN SAGE WAY,ROUND ROCK,LOT 16 BLK F GLEN ELLYN SEC 1,428849,428849
2452,2026,894557,R,286361318,,2863613180000,WEI WEI,No,,1511 AUTUMN SAGE WAY,,LOT 15 BLK F GLEN ELLYN SEC 1,374051,374051
2453,2026,894558,R,286361319,,2863613190000,SRINIVAS FAMILY REVOCABLE TRUST,No,,1507 AUTUMN SAGE WAY,,LOT 14 BLK F GLEN ELLYN SEC 1,370863,370863
2454,2026,894559,R,286361401,,2863614010000,CHEREMISOVA EKATERINA,No,,18430 STEVIE RAY DR,ROUND ROCK,LOT 17 BLK G GLEN ELLYN SEC 1,367310,367310
2455,2026,894563,R,286361405,,2863614050000,NOORZAI ABASEEN & NILOFAR,No,,2900 BRIDEKIRK DR,,LOT 13 BLK G GLEN ELLYN SEC 1,430908,430908
2456,2026,894564,R,286330901,,2863309010000,SLEDGE RIANDRO &,No,,2904 BRIDEKIRK DR,,LOT 12 BLK G GLEN ELLYN SEC 1,367272,367272
2457,2026,894565,R,286330902,,2863309020000,PHILLIPS MARIA M,No,,2908 BRIDEKIRK DR,ROUND ROCK,LOT 11 BLK G GLEN ELLYN SEC 1,428797,428797
2458,2026,894566,R,286330903,,2863309030000,ARELLANO LUIS,No,,2912 BRIDEKIRK DR,,LOT 10 BLK G GLEN ELLYN SEC 1,349827,349827
2459,2026,894567,R,286330904,,2863309040000,FANOS MEDHAT & MANAL FALTAS,No,,2916 BRIDEKIRK DR,ROUND ROCK,LOT 9 BLK G GLEN ELLYN SEC 1,425000,425000
2460,2026,894568,R,286330905,,2863309050000,ENG CECILIA ASSET MEDICAID,No,,2920 BRIDEKIRK DR,,LOT 8 BLK G GLEN ELLYN SEC 1,344260,344260
2461,2026,894569,R,286330906,,2863309060000,TAKAO MICHAEL,No,,2924 BRIDEKIRK DR,,LOT 7 BLK G GLEN ELLYN SEC 1,373987,373987
2462,2026,894570,R,286330907,,2863309070000,KHAN HYDER & SAMEENA,No,,2928 BRIDEKIRK DR,ROUND ROCK,LOT 6 BLK G GLEN ELLYN SEC 1,428797,428797
2463,2026,894571,R,286330908,,2863309080000,HOOVER JON & CRYSTAL,No,,2932 BRIDEKIRK DR,ROUND ROCK,LOT 5 BLK G GLEN ELLYN SEC 1,344260,344260
2464,2026,894572,R,286330909,,2863309090000,VALYAKARNAM FAMILY REVOCABLE TRUST,No,,2936 BRIDEKIRK DR,,LOT 4 BLK G GLEN ELLYN SEC 1,367272,367272
2465,2026,894573,R,286330910,,2863309100000,SESHADRI FAMILY 2008 REVOCABLE TRUST,No,,2940 BRIDEKIRK DR,,LOT 3 BLK G GLEN ELLYN SEC 1,344260,344260
2466,2026,894574,R,286330911,,2863309110000,GREEN DEBORAH D & ELROY,No,,2944 BRIDEKIRK DR,ROUND ROCK,LOT 2 BLK G GLEN ELLYN SEC 1,443798,443798
2467,2026,894575,R,286330912,,2863309120000,KAYE NANCY J & GERARD W,No,,2948 BRIDEKIRK DR,ROUND ROCK,LOT 1 BLK G GLEN ELLYN SEC 1,377436,377436
2468,2026,894576,R,286330913,,2863309130000,GLEN ELLYN RESIDENTIAL COMMUNITY INC,No,, PORT ELLEN DR,,LOT 27 BLK G GLEN ELLYN SEC 1 (OS),1031,1031
2469,2026,894577,R,286330914,,2863309140000,YAYLA TORAMAN & BAKYTKUL,No,,2125 PORT ELLEN DR,ROUND ROCK,LOT 26 BLK G GLEN ELLYN SEC 1 (.1342AC IN TRAVIS CO),441394,441394
2470,2026,894578,R,286330915,,2863309150000,NURSE CECILIO A,No,,2121 PORT ELLEN DR,ROUND ROCK,LOT 25 BLK G GLEN ELLYN SEC 1 (.177 AC IN TRAVIS CO),339388,339388
2471,2026,894579,R,286330916,,2863309160000,BOZ YUNUS,No,,2117 PORT ELLEN DR,ROUND ROCK,LOT 24 BLK G GLEN ELLYN SEC 1,374983,374983
2472,2026,894580,R,286330917,,2863309170000,WILSON TONIA & WILLIAM UHLHORN,No,,2113 PORT ELLEN DR,ROUND ROCK,LOT 23 BLK G GLEN ELLYN SEC 1,358366,358366
2473,2026,894581,R,286330918,,2863309180000,ARZOLA CHRISTOPHER,No,,2109 PORT ELLEN DR,ROUND ROCK,LOT 22 BLK G GLEN ELLYN SEC 1,449826,449826
2474,2026,894582,R,286330919,,2863309190000,JIA HELEN J &,No,,2105 PORT ELLEN DR,,LOT 21 BLK G GLEN ELLYN SEC 1,469265,469265
2475,2026,894583,R,286330920,,2863309200000,EQUITY TRUST COMPANY CUSTODIAN,No,,2101 PORT ELLEN DR,,LOT 20 BLK G GLEN ELLYN SEC 1,460771,460771
2476,2026,897302,R,231550426,,2315504260000,ANDERSON LINDA MARIA,No,,10904 CHARGER WAY,,LOT 21 BLK F HERITAGE POINT AT WILDHORSE RANCH SEC 2,337202,337202
2477,2026,898639,R,293520814,,2935208140000,AUSTINCS7LLC,Yes,7 ELEVEN,1429 MUIRFIELD BEND DR,,LOT 1A-R BLK A STAR RANCH SEC 4 BLK A LTS 1A-R - 4A-R,1162341,1162341
2478,2026,898641,R,295520603,,2955206030000,VELKA FAMILY TRUST,No,MCDONALD'S,4929 GATTIS SCHOOL RD,,LOT 3A-R BLK A STAR RANCH SEC 4 BLK A LTS 1A-R - 4A-R (0.3548 AC IN TRAVIS CO),3697625,3697625
2479,2026,898642,R,295520604,,2955206040000,STAR GOLF DEVELOPMENT INC,No,BLACK ROCK COFFEE BAR,5013 GATTIS SCHOOL RD,,LOT 4A-R BLK A STAR RANCH SEC 4 BLK A LTS 1A-R - 4A-R (0.3306 AC IN TRAVIS CO),2213122,2213122
2480,2026,898858,P,,,8988580000,MATTRESS FIRM INC,No,MATTRESS FIRM #4087,3590 GREENLAWN BLVD,ROUND ROCK,PERSONAL PROPERTY COMMERCIAL MATTRESS FIRM #4087,42650,42650
2481,2026,898859,P,2-000682-001960,,8988590000,CELLCO PARTNERSHIP,No,VERIZON,3590 GREENLAWN BLVD,ROUND ROCK,Cell Equipment 16401 1/2 ROCKY RIDGE RD,98090,98090
2482,2026,898861,P,,,8988610000,RTG FURNITURE OF TEXAS LP,No,ROOMS TO GO #2206,3589 GREENLAWN BLVD,ROUND ROCK,PERSONAL PROPERTY COMMERCIAL ROOMS TO GO #2206,487420,487420
2483,2026,898864,P,,,8988640000,BLISS NAIL BAR LLC,No,BLISS NAIL BAR LLC,3107 S INTERSTATE HY 35,ROUND ROCK,PERSONAL PROPERTY COMMERCIAL BLISS NAIL BAR LLC,35345,35345
2484,2026,898891,P,,,8988910000,HAAS CHAD,No,TEAM HAAS JUDO JIU JITSU LLC,17005 JOE BARBEE DR,ROUND ROCK,PERSONAL PROPERTY COMMERCIAL TEAM HAAS JUDO JIU JITSU LLC,11511,11511
2485,2026,899082,P,,,8990820000,THE CAMP TX INC,No,CAMP TRANSFORMATION CENTER THE,16708 PICADILLY CT,ROUND ROCK,PERSONAL PROPERTY COMMERCIAL CAMP TRANSFORMATION CENTER THE,115506,115506
2486,2026,899134,P,,,8991340000,CLEANING GUYS LLC THE,No,C G ENVIRONMENTAL CLEANING GUYS,1816 CENTRAL COMMERCE CT,ROUND ROCK,PERSONAL PROPERTY COMMERCIAL C G ENVIRONMENTAL CLEANING GUYS,344497,344497
2487,2026,899440,P,,,8994400000,MEDWAY PLASTICS CORPORATION,No,MEDWAY PLASTICS CORPORATION,1600 ROYSTON LN,ROUND ROCK,PERSONAL PROPERTY COMMERCIAL MEDWAY PLASTICS CORPORATION,2270921,2270921
2488,2026,899441,P,,,8994410000,GENERAL SHALE BRICK INC,No,RED RIVER BRICK ,1409 ROYSTON LN,ROUND ROCK,PERSONAL PROPERTY COMMERCIAL RED RIVER BRICK,564871,564871
2489,2026,900188,P,,,9001880000,GREENE KATESHIA L,No,BEAUTIFULLY MADE HAIR & FACES,2800 S INTERSTATE HY 35,ROUND ROCK,PERSONAL PROPERTY COMMERCIAL BEAUTIFULLY MADE HAIR & FACES,501,501
2490,2026,903072,P,,,9030720000,CHOICE ATM ENTERPRISES INC,No,CHOICE ATM ENTERPRISES INC,17005 JOE BARBEE DR,ROUND ROCK,PERSONAL PROPERTY COMMERCIAL CHOICE ATM ENTERPRISES INC,2219,2219
2491,2026,903080,P,,,9030800000,RAPELLA MARK,No,RAPELLA MARK,17005 JOE BARBEE DR,ROUND ROCK,PERSONAL PROPERTY COMMERCIAL RAPELLA MARK,34981,34981
2492,2026,903940,P,,,9039400000,ESPINOZA GRISELDA,No,ESPINOZA GRISELDA,3021 S INTERSTATE HY 35,ROUND ROCK,PERSONAL PROPERTY COMMERCIAL ESPINOZA GRISELDA,169,169
2493,2026,903943,P,,,9039430000,LASATER KADIE,No,LASATER KADIE,3021 S INTERSTATE HY 35,ROUND ROCK,PERSONAL PROPERTY COMMERCIAL LASATER KADIE,186,186
2494,2026,903944,P,,,9039440000,DAUGHTERY STEPHANIE,No,DAUGHTERY STEPHANIE,3021 S INTERSTATE HY 35,ROUND ROCK,PERSONAL PROPERTY COMMERCIAL DAUGHTERY STEPHANIE,196,196
2495,2026,903947,P,,,9039470000,MORALES DIANE,No,MORALES DIANE,3021 S INTERSTATE HY 35,ROUND ROCK,PERSONAL PROPERTY COMMERCIAL MORALES DIANE,219,219
2496,2026,903955,P,,,9039550000,PAULINO MARLIN,No,PAULINO MARLIN,3021 S INTERSTATE HY 35,ROUND ROCK,PERSONAL PROPERTY COMMERCIAL PAULINO MARLIN,218,218
2497,2026,903956,P,,,9039560000,ST HILAIRE BERQUIS,No,ST HILAIRE BERQUIS,3021 S INTERSTATE HY 35,ROUND ROCK,PERSONAL PROPERTY COMMERCIAL ST HILAIRE BERQUIS,218,218
2498,2026,903959,P,,,9039590000,CURTIS BRIDGET,No,CURTIS BRIDGET,3021 S INTERSTATE HY 35,ROUND ROCK,PERSONAL PROPERTY COMMERCIAL CURTIS BRIDGET,205,205
2499,2026,903960,P,,,9039600000,SORRELL TRACY,No,SORRELL TRACY,3021 S INTERSTATE HY 35,ROUND ROCK,PERSONAL PROPERTY COMMERCIAL SORRELL TRACY,200,200
2500,2026,904612,R,280280805,,2802808050000,BRIDGEFARMER HOLDINGS LLC,Yes,BRIDGEFARMERS,1938 PICADILLY DR,ROUND ROCK,LOT 3B SPRINGBROOK II BUSINESS PARK REPLAT LT 3,1111000,1111000
2501,2026,904613,R,280280806,,2802808060000,STRATA TRUST COMPANY CUSTODIAN FBO,No,INFINITY CONVERSIONS,1942 PICADILLY DR,,LOT 3A SPRINGBROOK II BUSINESS PARK REPLAT LT 3,1107269,1107269
2502,2026,907792,R,284300198,,2843001980000,KARKI BINOD & SHRISTEE GHIMIRE,No,,1016 PALO DURO CV,,LOT 44 BLK R WARNER RANCH PHS 2 SEC 4 (0.0742AC IN TRAVIS CO),147060,147060
2503,2026,907793,R,284300199,,2843001990000,CHAPLIN ADRIAN & DORIS CHAPLIN,No,,1020 PALO DURO CV,,LOT 43 BLK R WARNER RANCH PHS 2 SEC 4 (0.2229AC IN TRAVIC CO),152172,152172
2504,2026,908637,P,,,9086370000,MARTIN ENDODONTICS PA,No,MARTIN ENDODONTICS,2911 A W GRIMES BLVD,PFLUGERVILLE,PERSONAL PROPERTY COMMERCIAL MARTIN ENDODONTICS,45448,45448
2505,2026,909351,P,,,9093510000,CVS PHARMACY INC,No,CVS PHARMACY # 7735,1301 W PFLUGERVILLE PKWY,,PERSONAL PROPERTY COMMERCIAL CVS PHARMACY # 7735,1319993,1319993
2506,2026,909514,P,,,9095140000,FARNIA MAHYA,No,SONRISAS DENTAL CENTER,505 W LOUIS HENNA BLVD,,PERSONAL PROPERTY COMMERCIAL SONRISAS DENTAL CENTER,307181,307181
2507,2026,910164,R,280301401,,2803014010000,HOSEA PROPERTIES LTD,No,, GRAND AVENUE PKWY,,LOT 3 WINDERMERE PARKE GARDEN VILLAS SEC 1,212246,212246
2508,2026,910165,R,280301402,,2803014020000,HOSEA PROPERTIES LTD,No,, GRAND AVENUE PKWY,,LOT 2 WINDERMERE PARKE GARDEN VILLAS SEC 1,992,992
2509,2026,910166,R,280301403,,2803014030000,HOSEA PROPERTIES LTD,No,, GRAND AVENUE PKWY,,LOT 1 WINDERMERE PARKE GARDEN VILLAS SEC 1,275953,275953
2510,2026,910686,P,,,9106860000,CONTRACT DELIVERY SERVICES INC,No,CONTRACT DELIVERY SERVICES INC,16813 RADHOLME CT,ROUND ROCK,PERSONAL PROPERTY COMMERCIAL CONTRACT DELIVERY SERVICES INC,854763,854763
2511,2026,911896,P,,,9118960000,CHEMTOS LLC,No,CHEMTOS LLC,16713 PICADILLY CT,ROUND ROCK,PERSONAL PROPERTY COMMERCIAL CHEMTOS LLC,26099,26099
2512,2026,911897,P,,,9118970000,THAKURZ LLC,No,THAKURZ LLC,16713 PICADILLY CT,PFLUGERVILLE,PERSONAL PROPERTY COMMERCIAL THAKURZ LLC,2304,2304
2513,2026,921587,R,282260218,,2822602180000,HWY 71 STORE LTD,No,PICADILLY BUSINESS PARK,17016 JOE BARBEE DR,,LOT 2A PICADILLY BUSINESS PARK CORRECTED AMD LTS 2-5 & 14-17 BLK B,5182933,5182933
2514,2026,925981,R,282281150,,2822811500000,DEHGHANI AMIN &,No,,17410 CRAZY ARM RD,,UNT 218 GREENLAWN VILLAGE CONDOMINIUMS PLUS .4424 % INT IN COM AREA,474831,474831
2515,2026,925997,R,282281166,,2822811660000,MARTIN REX & RONG SUN,No,,17311 CRAZY ARM RD,,UNT 234 GREENLAWN VILLAGE CONDOMINIUMS PLUS .4424 % INT IN COM AREA,350422,350422
2516,2026,926012,R,282281181,,2822811810000,VELLINGIRI MANJU & SARAVANKUMAR,No,,17305 HEADSTOCK RD,,UNT 249 GREENLAWN VILLAGE CONDOMINIUMS PLUS .4424 % INT IN COM AREA,392414,392414
2517,2026,926016,R,282281185,,2822811850000,BROUGHAM NANCY J,No,,17313 HEADSTOCK RD,,UNT 253 GREENLAWN VILLAGE CONDOMINIUMS PLUS .4424 % INT IN COM AREA,337159,337159
2518,2026,926020,R,282281189,,2822811890000,ROSSOW KIERSTYN GRACE & GIAVANNA ANGELA PASTUCCI,No,,17405 HEADSTOCK RD,ROUND ROCK,UNT 257 GREENLAWN VILLAGE CONDOMINIUMS PLUS 0.4424 % INT IN COM AREA,332237,332237
2519,2026,926031,R,282281200,,2822812000000,VO NUOI QUANG & NGUYEN THUY,No,,2014 FRETBOARD ST,,UNT 268 GREENLAWN VILLAGE CONDOMINIUMS PLUS 0.4424 % INT IN COM AREA,311464,311464
2520,2026,926058,R,282281227,,2822812270000,SUTARIA DHARMIK & SWETA NAVADIA,No,,2018 EBONY DOVE ST,,UNT 295 GREENLAWN VILLAGE CONDOMINIUMS PLUS .4424 % INT IN COM AREA,391116,391116
2521,2026,926072,P,,,9260720000,MICRON SEMICONDUCTOR PRODUCTS INC,No,MICRON SEMICONDUCTOR PRODUCTS INC,101 W LOUIS HENNA BLVD,,PERSONAL PROPERTY COMMERCIAL MICRON SEMICONDUCTOR PRODUCTS INC,355643,355643
2522,2026,928917,P,,,9289170000,COMPACTOR RENTAL SYSTEMS OF DELAWARE INC,No,COMPACTOR RENTAL SYSTEMS OF DELAWARE INC,3021 S INTERSTATE HY 35,ROUND ROCK,PERSONAL PROPERTY COMMERCIAL COMPACTOR RENTAL SYSTEMS OF DELAWARE INC,850,850
2523,2026,930274,P,,,9302740000,TRISMART SOLAR LLC,No,TRISMART SOLAR LLC,17012 JOE BARBEE  DR,,PERSONAL PROPERTY COMMERCIAL TRISMART SOLAR LLC,8397,8397
2524,2026,931331,P,,,9313310000,BLUEWATER STORAGE LLC,No,BLUEWATER BOAT & RV STORAGE,16720 CENTRAL COMMERCE DR,ROUND ROCK,PERSONAL PROPERTY COMMERCIAL BLUEWATER BOAT & RV STORAGE,44260,44260
2525,2026,931397,P,,,9313970000,K STYLEZ ROOFING & CONSTRUCTION,No,K STYLEZ ROOFING & CONSTRUCTION,16801 RADHOLME CT,ROUND ROCK,PERSONAL PROPERTY COMMERCIAL K STYLEZ ROOFING & CONSTRUCTION,5139,5139
2526,2026,931398,P,,,9313980000,GRADIENT RACING LLC,No,GRADIENT RACING LLC,1950 PICADILLY DR,ROUND ROCK,PERSONAL PROPERTY COMMERCIAL GRADIENT RACING LLC,61310,61310
2527,2026,933841,R,284260109,WR055456,2842601090000,IDEA PUBLIC SCHOOLS,No,,3001 GREENLAWN BLVD,,LOT 1 BLK A IDEA GREENLAWN SUBD (9.8985 AC IN TRAVIS CO),4417816,4417816
2528,2026,937165,MH,293480112,,2934801120101,MIRANDA ZUBIETA GERARDO,No,,4316 GATTIS SCHOOL RD,,PERSONAL PROPERTY MH S#BEL011477TX L#NTA1889397,73963,73963
2529,2026,941476,R,114031903,,1140319030000,TSLIANG TRUST,No,,2004 WINSTED LN,,UNT B 2004 WINSTEAD CONDOMINIUMS PLUS 58.0 % INT IN COM AREA,1133728,1133728
2530,2026,943629,P,,,9436290000,ROGERS CALVIN DOUGLAS & BETH A,No,BASF CORPORATION,2001 PICADILLY DR,ROUND ROCK,PERSONAL PROPERTY COMMERCIAL BASF CORPORATION,4678,4678
2531,2026,948911,P,,,9489110000,MATT PARKER ELECTRIC LLC,No,MATT PARKER ELECTRIC LLC,17005 JOE BARBEE DR,ROUND ROCK,PERSONAL PROPERTY COMMERCIAL MATT PARKER ELECTRIC LLC,42118,42118
2532,2026,948914,P,,,9489140000,TENAX PARTNERS LLC,No,EQUIPT GRAPHICS SOLUTIONS AUSTIN,16805 RADHOLME CT,ROUND ROCK,PERSONAL PROPERTY COMMERCIAL EQUIPT GRAPHICS SOLUTIONS AUSTIN,145360,145360
2533,2026,948915,P,,,9489150000,PUDDINCAKE LLC,No,TEST GUAGE AND BACKFLOW SUPPLY,16801 RADHOLME CT,ROUND ROCK,PERSONAL PROPERTY COMMERCIAL TEST GUAGE AND BACKFLOW SUPPLY,24431,24431
2534,2026,948920,P,,,9489200000,API GROUP INC,No,WESTERN STATES FIRE PROTECTION CO,1801 CENTRAL COMMERCE CT,ROUND ROCK,PERSONAL PROPERTY COMMERCIAL WESTERN STATES FIRE PROTECTION CO,210764,210764
2535,2026,948924,P,,,9489240000,COMMERCIAL KITCHEN FACTORIES AUSTIN LLC,No,COMMERCIAL KITCHEN FACTORIES AUSTIN LLC,16708 PICADILLY CT,ROUND ROCK,PERSONAL PROPERTY COMMERCIAL COMMERCIAL KITCHEN FACTORIES AUSTIN LLC,23199,23199
2536,2026,952713,P,,,9527130000,INTUIT INC,No,INTUIT INC,3201 S INTERSTATE HY 35,ROUND ROCK,PERSONAL PROPERTY COMMERCIAL INTUIT INC,1163,1163
2537,2026,952726,P,,,9527260000,GCP APPLIED TECHNOLOGIES,No,GCP APPLIED TECHNOLOGIES,2412 PICADILLY DR,ROUND ROCK,PERSONAL PROPERTY COMMERCIAL GCP APPLIED TECHNOLOGIES,19535,19535
2538,2026,952771,P,,,9527710000,SERVICE PROS INSTALLATION GROUP,No,SERVICE PROS INSTALLATION GROUP,2116 PICADILLY DR,ROUND ROCK,PERSONAL PROPERTY COMMERCIAL SERVICE PROS INSTALLATION GROUP,15367,15367
2539,2026,953431,P,,,9534310000,MASTER BUILDERS ADMIXTURES US LLC,No,MBCC GROUP,2001 PICADILLY DR,ROUND ROCK,PERSONAL PROPERTY COMMERCIAL MBCC GROUP,51787,51787
2540,2026,953922,R,280331702,,2803317020000,CENG PARTNER LLC,No,, GRAND AVENUE PKWY,,PICADILLY ESTATES REPLAT LOT 3 BLK A BLK A LOT 3B,4305097,4305097
2541,2026,953923,R,280300582,,2803005820000,KNOX BRYAN,No,, GRAND AVENUE PKWY,,PICADILLY ESTATES REPLAT LOT 3 BLK A BLK A LOT 3A,408925,408925
2542,2026,962766,P,,,9627660000,NHAN PHUONG LLC,No,PRO NAILS & SKIN,117 E LOUIS  HENNA BLVD,ROUND ROCK,PERSONAL PROPERTY COMMERCIAL PRO NAILS & SKIN,12194,12194
2543,2026,963555,R,282301032,,2823010320000,DEMECIO COJ-JIATZ,No,,17213 COPPERHEAD DR,ROUND ROCK,LOT 2 BLK S SPRINGBROOK CENTRE PHS A,105976,105976
2544,2026,963763,P,,,9637630000,SUNBELT RENTALS INC,No,SUNBELT RENTALS #1379,16809 CALPLY DR,ROUND ROCK,PERSONAL PROPERTY SPECIAL INV SUNBELT RENTALS #1379,62684,62684
2545,2026,967015,P,,,9670150000,GOBRANDS TEXAS LLC,No,GOBRANDS TEXAS LLC,16920 JOE BARBEE DR,PFLUGERVILLE,PERSONAL PROPERTY COMMERCIAL GOBRANDS TEXAS LLC,285320,285320
2546,2026,967473,R,284281201,,2842812010000,CIELO EAST CITY HOMES COA INC,No,, CAROUSEL DR,,CIELO NORTH PHS 2 BLK C LOT 1 (OPEN SPACE),592,592
2547,2026,967477,R,284281103,,2842811030000,RCG REAL ORCHARD-MASONWOOD LLC,No,, PFLUGERVILLE PKWY,,CIELO NORTH PHS 2 BLK A LOT 2,1413086,1413086
2548,2026,967507,P,,,9675070000,JEFF LORENGER,No,THE HON COMPANY,1600 ROYSTON LN,ROUND ROCK,PERSONAL PROPERTY COMMERCIAL THE HON COMPANY,22693,22693
2549,2026,968179,R,286230202,,2862302020000,DAYTON HUDSON CORP,No,TARGET/ROUND ROCK,121 LOUIS HENNA BLVD,,SOCRATES ADDN PHS II RPT LT 2 BLK 1 OF LT 2 & 4C BLK 1 BLK A LOT 2B (0.800AC IN TRAVIS CO),8344735,8344735
2550,2026,970592,R,284261001,,2842610010000,M4 DISTRICT LAND LLC,No,, GIBSON RD,,DISTRICT PHS 1 THE BLK A LOT 1 (1-D-1),154470,45
2551,2026,970593,R,284261002,,2842610020000,M4 DISTRICT LAND LLC,No,, MARSHALL CIR,,DISTRICT PHS 1 THE BLK A LOT 2 (1-D-1),943210,273
2552,2026,970594,R,284261003,,2842610030000,M4 DISTRICT LAND LLC,No,, MARSHALL CIR,,DISTRICT PHS 1 THE BLK A LOT 4 (1-D-1),812750,235
2553,2026,970595,R,284261004,,2842610040000,M4 DISTRICT LAND LLC,No,, MARSHALL CIR,,DISTRICT PHS 1 THE BLK A LOT 3 (1-D-1),108890,31
2554,2026,970596,R,284261101,,2842611010000,M4 DISTRICT PHASE I LLC,No,, MARSHALL CIR,,DISTRICT PHS 1 THE BLK E LOT 1 (1-D-1),2251870,651
2555,2026,970597,R,286260201,,2862602010000,M4 DISTRICT LAND LLC,No,, MARSHALL CIR,,DISTRICT PHS 1 THE BLK C LOT 1 (1-D-1) (8.3036AC IN TRAVIS COUNTY),5209440,1507
2556,2026,970598,R,286260108,,2862601080000,M4 DISTRICT LAND LLC,No,, MARSHALL CIR,,DISTRICT PHS 1 THE BLK B LOT 1 (1-D-1) (13.4909AC IN TRAVIS COUNTY),6087770,1761
2557,2026,972931,R,284281302,,2842813020000,BATHINI PRASANNA LAKSHMI,No,,17405 TORNEO DR,,CIELO WEST CITY HOMES CONDOMINIUMS UNT 1 PLUS 1.1904 % INT IN COM AREA,311386,311386
2558,2026,972932,R,284281303,,2842813030000,JAZZ STREET INVESTMENTS LLC,No,,17403 TORNEO DR,,CIELO WEST CITY HOMES CONDOMINIUMS UNT 2 PLUS 1.1904 % INT IN COM AREA,42657,42657
2559,2026,972933,R,284281304,,2842813040000,KAST KELVIN,No,,17401 TORNEO DR,,CIELO WEST CITY HOMES CONDOMINIUMS UNT 3 PLUS 1.1904 % INT IN COM AREA,370556,370556
2560,2026,972934,R,284281305,,2842813050000,JAZZ STREET INVESTMENTS LLC,No,,17400 TORNEO DR,,CIELO WEST CITY HOMES CONDOMINIUMS UNT 4 PLUS 1.1904 % INT IN COM AREA,42657,42657
2561,2026,972935,R,284281306,,2842813060000,CHILUKURI KALPANA &,No,,17402 TORNEO DR,, CIELO WEST CITY HOMES CONDOMINIUMS UNT 5 PLUS 1.1904 % INT IN COM AREA,393563,393563
2562,2026,972936,R,284281307,,2842813070000,JAZZ STREET INVESTMENTS LLC,No,,17404 TORNEO DR,,CIELO WEST CITY HOMES CONDOMINIUMS UNT 6 PLUS 1.1904 % INT IN COM AREA,42657,42657
2563,2026,972937,R,284281308,,2842813080000,JAZZ STREET INVESTMENTS LLC,No,,17406 TORNEO DR,,CIELO WEST CITY HOMES CONDOMINIUMS UNT 7 PLUS 1.1904 % INT IN COM AREA,42657,42657
2564,2026,972938,R,284281309,,2842813090000,JAZZ STREET INVESTMENTS LLC,No,,17408 TORNEO DR,,CIELO WEST CITY HOMES CONDOMINIUMS UNT 8 PLUS 1.1904 % INT IN COM AREA,42657,42657
2565,2026,972939,R,284281310,,2842813100000,JAZZ STREET INVESTMENTS LLC,No,,17410 TORNEO DR,,CIELO WEST CITY HOMES CONDOMINIUMS UNT 9 PLUS 1.1904 % INT IN COM AREA,42657,42657
2566,2026,972940,R,284281311,,2842813110000,JAZZ STREET INVESTMENTS LLC,No,,17412 TORNEO DR,,CIELO WEST CITY HOMES CONDOMINIUMS UNT 10 PLUS 1.1904 % INT IN COM AREA,42657,42657
2567,2026,972941,R,284281312,,2842813120000,JAZZ STREET INVESTMENTS LLC,No,,17414 TORNEO DR,,CIELO WEST CITY HOMES CONDOMINIUMS UNT 11 PLUS 1.1904 % INT IN COM AREA,42657,42657
2568,2026,972942,R,284281313,,2842813130000,JAZZ STREET INVESTMENTS LLC,No,,17416 TORNEO DR,,CIELO WEST CITY HOMES CONDOMINIUMS UNT 12 PLUS 1.1904 % INT IN COM AREA,42657,42657
2569,2026,972943,R,284281314,,2842813140000,JAZZ STREET INVESTMENTS LLC,No,,17418 TORNEO DR,,CIELO WEST CITY HOMES CONDOMINIUMS UNT 13 PLUS 1.1904 % INT IN COM AREA,42657,42657
2570,2026,972944,R,284281315,,2842813150000,JAZZ STREET INVESTMENTS LLC,No,,17420 TORNEO DR,,CIELO WEST CITY HOMES CONDOMINIUMS UNT 14 PLUS 1.1904 % INT IN COM AREA,42657,42657
2571,2026,972945,R,284281316,,2842813160000,JAZZ STREET INVESTMENTS LLC,No,,17422 TORNEO DR,,CIELO WEST CITY HOMES CONDOMINIUMS UNT 15 PLUS 1.1904 % INT IN COM AREA,42657,42657
2572,2026,972946,R,284281317,,2842813170000,MASONWOOD HOMES LLC,No,,17500 TORNEO DR,,CIELO WEST CITY HOMES CONDOMINIUMS UNT 16 PLUS 1.1904 % INT IN COM AREA,42657,42657
2573,2026,972947,R,284281318,,2842813180000,JAZZ STREET INVESTMENTS LLC,No,,17502 TORNEO DR,,CIELO WEST CITY HOMES CONDOMINIUMS UNT 17 PLUS 1.1904 % INT IN COM AREA,42657,42657
2574,2026,972948,R,284281319,,2842813190000,JAZZ STREET INVESTMENTS LLC,No,,17504 TORNEO DR,, CIELO WEST CITY HOMES CONDOMINIUMS UNT 18 PLUS 1.1904 % INT IN COM AREA,42657,42657
2575,2026,972949,R,284281320,,2842813200000,DINH ASHLEY & CHRISTINA NAVARRO,No,,17506 TORNEO DR,,CIELO WEST CITY HOMES CONDOMINIUMS UNT 19 PLUS 1.1904 % INT IN COM AREA,149237,149237
2576,2026,972950,R,284281321,,2842813210000,JAZZ STREET INVESTMENTS LLC,No,,17508 TORNEO DR,,CIELO WEST CITY HOMES CONDOMINIUMS UNT 20 PLUS 1.1904 % INT IN COM AREA,42657,42657
2577,2026,972951,R,284281322,,2842813220000,JAZZ STREET INVESTMENTS LLC,No,,17510 TORNEO DR,,CIELO WEST CITY HOMES CONDOMINIUMS UNT 21 PLUS 1.1904 % INT IN COM AREA,42657,42657
2578,2026,972952,R,284281323,,2842813230000,MASONWOOD HOMES LLC,No,,17512 TORNEO DR,,CIELO WEST CITY HOMES CONDOMINIUMS UNT 22 PLUS 1.1904 % INT IN COM AREA,179512,179512
2579,2026,972953,R,284281324,,2842813240000,JAZZ STREET INVESTMENTS LLC,No,,17514 TORNEO DR,,CIELO WEST CITY HOMES CONDOMINIUMS UNT 23 PLUS 1.1904 % INT IN COM AREA,42657,42657
2580,2026,972954,R,284281325,,2842813250000,MENDEZ KEVIN ALEXANDER &,No,,17516 TORNEO DR,,CIELO WEST CITY HOMES CONDOMINIUMS UNT 24 PLUS 1.1904 % INT IN COM AREA,393563,393563
2581,2026,972955,R,284281326,,2842813260000,JAZZ STREET INVESTMENTS LLC,No,,2320 MAZMORRA ST,,CIELO WEST CITY HOMES CONDOMINIUMS UNT 25 PLUS 1.1904 % INT IN COM AREA,42657,42657
2582,2026,972956,R,284281327,,2842813270000,JAZZ STREET INVESTMENTS LLC,No,,2318 MAZMORRA ST,,CIELO WEST CITY HOMES CONDOMINIUMS UNT 26 PLUS 1.1904 % INT IN COM AREA,42657,42657
2583,2026,972957,R,284281328,,2842813280000,JAZZ STREET INVESTMENTS LLC,No,,2316 MAZMORRA ST,,CIELO WEST CITY HOMES CONDOMINIUMS UNT 27 PLUS 1.1904 % INT IN COM AREA,42657,42657
2584,2026,972958,R,284281329,,2842813290000,TSAI ANGIE & YULE JOHN LIN,No,,2314 MAZMORRA ST,,CIELO WEST CITY HOMES CONDOMINIUMS UNT 28 PLUS 1.1904 % INT IN COM AREA,356124,356124
2585,2026,972959,R,284281330,,2842813300000,SACHIT MARWAN & SURA AL JUBORI,No,,2312 MAZMORRA ST,, CIELO WEST CITY HOMES CONDOMINIUMS UNT 29 PLUS 1.1904 % INT IN COM AREA,393563,393563
2586,2026,972960,R,284281331,,2842813310000,MASONWOOD HOMES LLC,No,,2310 MAZMORRA ST,,CIELO WEST CITY HOMES CONDOMINIUMS UNT 30 PLUS 1.1904 % INT IN COM AREA,42657,42657
2587,2026,972961,R,284281332,,2842813320000,LI YUMENG & LI GUAN,No,,2308 MAZMORRA ST,,CIELO WEST CITY HOMES CONDOMINIUMS UNT 31 PLUS 1.1904 % INT IN COM AREA,332113,332113
2588,2026,972962,R,284281333,,2842813330000,JAZZ STREET INVESTMENTS LLC,No,,2306 MAZMORRA ST,,CIELO WEST CITY HOMES CONDOMINIUMS UNT 32 PLUS 1.1904 % INT IN COM AREA,42657,42657
2589,2026,972963,R,284281334,,2842813340000,LYN KRISTEN PAN & SEAN,No,,17506 EL HIDALGO DR,,CIELO WEST CITY HOMES CONDOMINIUMS UNT 33 PLUS 1.1904 % INT IN COM AREA,352001,352001
2590,2026,972964,R,284281335,,2842813350000,MASONWOOD HOMES LLC,No,,17508 EL HIDALGO DR,, CIELO WEST CITY HOMES CONDOMINIUMS UNT 34 PLUS 1.1904 % INT IN COM AREA,42657,42657
2591,2026,972965,R,284281336,,2842813360000,MASONWOOD HOMES LLC,No,,17510 EL HIDALGO DR,,CIELO WEST CITY HOMES CONDOMINIUMS UNT 35 PLUS 1.1904 % INT IN COM AREA,42657,42657
2592,2026,972966,R,284281337,,2842813370000,JAZZ STREET INVESTMENTS LLC,No,,17513 EL HIDALGO DR,, CIELO WEST CITY HOMES CONDOMINIUMS UNT 36 PLUS 1.1904 % INT IN COM AREA,42657,42657
2593,2026,972967,R,284281338,,2842813380000,JAZZ STREET INVESTMENTS LLC,No,,17511 EL HIDALGO DR,,CIELO WEST CITY HOMES CONDOMINIUMS UNT 37 PLUS 1.1904 % INT IN COM AREA,42657,42657
2594,2026,972968,R,284281339,,2842813390000,JAZZ STREET INVESTMENTS LLC,No,,17509 EL HIDALGO DR,,CIELO WEST CITY HOMES CONDOMINIUMS UNT 38 PLUS 1.1904 % INT IN COM AREA,42657,42657
2595,2026,972969,R,284281340,,2842813400000,JAZZ STREET INVESTMENTS LLC,No,,17507 EL HIDALGO DR,,CIELO WEST CITY HOMES CONDOMINIUMS UNT 39 PLUS 1.1904 % INT IN COM AREA,42657,42657
2596,2026,972970,R,284281341,,2842813410000,JAZZ STREET INVESTMENTS LLC,No,,17505 EL HIDALGO DR,,CIELO WEST CITY HOMES CONDOMINIUMS UNT 40 PLUS 1.1904 % INT IN COM AREA,42657,42657
2597,2026,972971,R,284281342,,2842813420000,JAZZ STREET INVESTMENTS LLC,No,,17503 EL HIDALGO DR,,CIELO WEST CITY HOMES CONDOMINIUMS UNT 41 PLUS 1.1904 % INT IN COM AREA,94191,94191
2598,2026,972972,R,284281343,,2842813430000,MURUGESAN ARUN &,No,,17501 EL HIDALGO DR,,CIELO WEST CITY HOMES CONDOMINIUMS UNT 42 PLUS 1.1904 % INT IN COM AREA,415698,415698
2599,2026,972973,R,284281344,,2842813440000,JAZZ STREET INVESTMENTS LLC,No,,17411 EL HIDALGO DR,,CIELO WEST CITY HOMES CONDOMINIUMS UNT 43 PLUS 1.1904 % INT IN COM AREA,42657,42657
2600,2026,972974,R,284281345,,2842813450000,JAZZ STREET INVESTMENTS LLC,No,,17409 EL HIDALGO DR,,CIELO WEST CITY HOMES CONDOMINIUMS UNT 44 PLUS 1.1904 % INT IN COM AREA,42657,42657
2601,2026,972975,R,284281346,,2842813460000,JAZZ STREET INVESTMENTS LLC,No,,17407 EL HIDALGO DR,,CIELO WEST CITY HOMES CONDOMINIUMS UNT 45 PLUS 1.1904 % INT IN COM AREA,42657,42657
2602,2026,972976,R,284281347,,2842813470000,JAZZ STREET INVESTMENTS LLC,No,,17405 EL HIDALGO DR,,CIELO WEST CITY HOMES CONDOMINIUMS UNT 46 PLUS 1.1904 % INT IN COM AREA,42657,42657
2603,2026,972977,R,284281348,,2842813480000,JAZZ STREET INVESTMENTS LLC,No,,17401 EL HIDALGO DR,,CIELO WEST CITY HOMES CONDOMINIUMS UNT 47 PLUS 1.1904 % INT IN COM AREA,42657,42657
2604,2026,972978,R,284281349,,2842813490000,JAZZ STREET INVESTMENTS LLC,No,,2301 COPA LN,,CIELO WEST CITY HOMES CONDOMINIUMS UNT 48 PLUS 1.1904 % INT IN COM AREA,42657,42657
2605,2026,972979,R,284281350,,2842813500000,JAZZ STREET INVESTMENTS LLC,No,,2303 COPA LN,,CIELO WEST CITY HOMES CONDOMINIUMS UNT 49 PLUS 1.1904 % INT IN COM AREA,42657,42657
2606,2026,972980,R,284281351,,2842813510000,JAZZ STREET INVESTMENTS LLC,No,,2305 COPA LN,, CIELO WEST CITY HOMES CONDOMINIUMS UNT 50 PLUS 1.1904 % INT IN COM AREA,42657,42657
2607,2026,972981,R,284281352,,2842813520000,JAZZ STREET INVESTMENTS LLC,No,,2307 COPA LN,,CIELO WEST CITY HOMES CONDOMINIUMS UNT 51 PLUS 1.1904 % INT IN COM AREA,42657,42657
2608,2026,972982,R,284281353,,2842813530000,MASONWOOD HOMES LLC,No,,2309 COPA LN,,CIELO WEST CITY HOMES CONDOMINIUMS UNT 52 PLUS 1.1904 % INT IN COM AREA,42657,42657
2609,2026,972983,R,284281354,,2842813540000,JAZZ STREET INVESTMENTS LLC,No,,2311 COPA LN,,CIELO WEST CITY HOMES CONDOMINIUMS UNT 53 PLUS 1.1904 % INT IN COM AREA,42657,42657
2610,2026,972984,R,284281355,,2842813550000,JAZZ STREET INVESTMENTS LLC,No,,17407 TORNEO DR,,CIELO WEST CITY HOMES CONDOMINIUMS UNT 54 PLUS 1.1904 % INT IN COM AREA,42657,42657
2611,2026,972985,R,284281356,,2842813560000,JAZZ STREET INVESTMENTS LLC,No,,17409 TORNEO DR,,CIELO WEST CITY HOMES CONDOMINIUMS UNT 55 PLUS 1.1904 % INT IN COM AREA,42657,42657
2612,2026,972986,R,284281357,,2842813570000,JAZZ STREET INVESTMENTS LLC,No,,2314 COPA LN,,CIELO WEST CITY HOMES CONDOMINIUMS UNT 56 PLUS 1.1904 % INT IN COM AREA,42657,42657
2613,2026,972987,R,284281358,,2842813580000,JAZZ STREET INVESTMENTS LLC,No,,2312 COPA LN,,CIELO WEST CITY HOMES CONDOMINIUMS UNT 57 PLUS 1.1904 % INT IN COM AREA,42657,42657
2614,2026,972988,R,284281359,,2842813590000,JAZZ STREET INVESTMENTS LLC,No,,2310 COPA LN,,CIELO WEST CITY HOMES CONDOMINIUMS UNT 58 PLUS 1.1904 % INT IN COM AREA,42657,42657
2615,2026,972989,R,284281360,,2842813600000,MASONWOOD HOMES LLC,No,,2308 COPA LN,,CIELO WEST CITY HOMES CONDOMINIUMS UNT 59 PLUS 1.1904 % INT IN COM AREA,42657,42657
2616,2026,972990,R,284281361,,2842813610000,JAZZ STREET INVESTMENTS LLC,No,,2306 COPA LN,,CIELO WEST CITY HOMES CONDOMINIUMS UNT 60 PLUS 1.1904 % INT IN COM AREA,42657,42657
2617,2026,972991,R,284281362,,2842813620000,JAZZ STREET INVESTMENTS LLC,No,,2304 COPA LN,,CIELO WEST CITY HOMES CONDOMINIUMS UNT 61 PLUS 1.1904 % INT IN COM AREA,42657,42657
2618,2026,972992,R,284281363,,2842813630000,JAZZ STREET INVESTMENTS LLC,No,,2302 COPA LN,,CIELO WEST CITY HOMES CONDOMINIUMS UNT 62 PLUS 1.1904 % INT IN COM AREA,42657,42657
2619,2026,972993,R,284281364,,2842813640000,JAZZ STREET INVESTMENTS LLC,No,,2301 CASTILLO DR,,CIELO WEST CITY HOMES CONDOMINIUMS UNT 63 PLUS 1.1904 % INT IN COM AREA,42657,42657
2620,2026,972994,R,284281365,,2842813650000,MENDEZ PATRICK,No,,2303 CASTILLO DR,,CIELO WEST CITY HOMES CONDOMINIUMS UNT 64 PLUS 1.1904 % INT IN COM AREA,314127,314127
2621,2026,972995,R,284281366,,2842813660000,JAZZ STREET INVESTMENTS LLC,No,,2305 CASTILLO DR,,CIELO WEST CITY HOMES CONDOMINIUMS UNT 65 PLUS 1.1904 % INT IN COM AREA,42657,42657
2622,2026,972996,R,284281367,,2842813670000,JAZZ STREET INVESTMENTS LLC,No,,2307 CASTILLO DR,,CIELO WEST CITY HOMES CONDOMINIUMS UNT 66 PLUS 1.1904 % INT IN COM AREA,42657,42657
2623,2026,972997,R,284281368,,2842813680000,JAZZ STREET INVESTMENTS LLC,No,,2309 CASTILLO DR,,CIELO WEST CITY HOMES CONDOMINIUMS UNT 67 PLUS 1.1904 % INT IN COM AREA,42657,42657
2624,2026,972998,R,284281369,,2842813690000,JAZZ STREET INVESTMENTS LLC,No,,2311 CASTILLO DR,,CIELO WEST CITY HOMES CONDOMINIUMS UNT 68 PLUS 1.1904 % INT IN COM AREA,42657,42657
2625,2026,972999,R,284281370,,2842813700000,JAZZ STREET INVESTMENTS LLC,No,,2313 CASTILLO DR,,CIELO WEST CITY HOMES CONDOMINIUMS UNT 69 PLUS 1.1904 % INT IN COM AREA,42657,42657
2626,2026,973000,R,284281371,,2842813710000,SHADOMED LLC,No,,2312 CASTILLO DR,,CIELO WEST CITY HOMES CONDOMINIUMS UNT 70 PLUS 1.1904 % INT IN COM AREA,311386,311386
2627,2026,973001,R,284281372,,2842813720000,MASONWOOD HOMES LLC,No,,2310 CASTILLO DR,,CIELO WEST CITY HOMES CONDOMINIUMS UNT 71 PLUS 1.1904 % INT IN COM AREA,315940,315940
2628,2026,973002,R,284281373,,2842813730000,MASONWOOD HOMES LLC,No,,2308 CASTILLO DR,,CIELO WEST CITY HOMES CONDOMINIUMS UNT 72 PLUS 1.1904 % INT IN COM AREA,42657,42657
2629,2026,973003,R,284281374,,2842813740000,PEYSON HOLDINGS LLC,No,,2306 CASTILLO DR,,CIELO WEST CITY HOMES CONDOMINIUMS UNT 73 PLUS 1.1904 % INT IN COM AREA,305268,305268
2630,2026,973004,R,284281375,,2842813750000,JAZZ STREET INVESTMENTS LLC,No,,2304 CASTILLO DR,,CIELO WEST CITY HOMES CONDOMINIUMS UNT 74 PLUS 1.1904 % INT IN COM AREA,42657,42657
2631,2026,973005,R,284281376,,2842813760000,LYN SEAN,No,,17500 EL HIDALGO DR,,CIELO WEST CITY HOMES CONDOMINIUMS UNT 75 PLUS 1.1904 % INT IN COM AREA,350183,350183
2632,2026,973006,R,284281377,,2842813770000,LI TIANSHAN,No,,17502 EL HIDALGO DR,,CIELO WEST CITY HOMES CONDOMINIUMS UNT 76 PLUS 1.1904 % INT IN COM AREA,311386,311386
2633,2026,973007,R,284281378,,2842813780000,LAZAR RHEA ANN ETAL,No,,2305 MAZMORRA ST,,CIELO WEST CITY HOMES CONDOMINIUMS UNT 77 PLUS 1.1904 % INT IN COM AREA,332113,332113
2634,2026,973008,R,284281379,,2842813790000,MASONWOOD HOMES LLC,No,,2307 MAZMORRA ST,,CIELO WEST CITY HOMES CONDOMINIUMS UNT 78 PLUS 1.1904 % INT IN COM AREA,42657,42657
2635,2026,973009,R,284281380,,2842813800000,JAZZ STREET INVESTMENTS LLC,No,,2309 MAZMORRA ST,,CIELO WEST CITY HOMES CONDOMINIUMS UNT 79 PLUS 1.1904 % INT IN COM AREA,42657,42657
2636,2026,973010,R,284281381,,2842813810000,JAZZ STREET INVESTMENTS LLC,No,,2311 MAZMORRA ST,,CIELO WEST CITY HOMES CONDOMINIUMS UNT 80 PLUS 1.1904 % INT IN COM AREA,42657,42657
2637,2026,973011,R,284281382,,2842813820000,JAZZ STREET INVESTMENTS LLC,No,,17507 TORNEO DR,,CIELO WEST CITY HOMES CONDOMINIUMS UNT 81 PLUS 1.1904 % INT IN COM AREA,42657,42657
2638,2026,973012,R,284281383,,2842813830000,LIN QIQI,No,,17509 TORNEO DR,, CIELO WEST CITY HOMES CONDOMINIUMS UNT 82 PLUS 1.1904 % INT IN COM AREA,352001,352001
2639,2026,973013,R,284281384,,2842813840000,JAZZ STREET INVESTMENTS LLC,No,,17511 TORNEO DR,,CIELO WEST CITY HOMES CONDOMINIUMS UNT 83 PLUS 1.1904 % INT IN COM AREA,42657,42657
2640,2026,973014,R,284281385,,2842813850000,JAZZ STREET INVESTMENTS LLC,No,,17513 TORNEO DR,,CIELO WEST CITY HOMES CONDOMINIUMS UNT 84 PLUS 1.1904 % INT IN COM AREA,42657,42657
2641,2026,974471,R,283210701,WR055455,2832107010000,SILDIL REAL ESTATE HOLDINGS LLC,No,WHITTLESEY LANDSCAPE SUPPLY,3219 S INTERSTATE HY 35,,ABS 232 SUR 102 DARLING S & ABS 100 SUR 103 BRATTON WM ACR 16.35,5127883,5127883
2642,2026,974472,R,284230238,WR055455,2842302380000,WHITTLESEY LANDSCAPE SUPPLIES,No,WHITTLESEY LANDSCAPE SUPPLY,3219 S INTERSTATE HY 35,,ABS 100 SUR 103 BRATTON WM ACR 0.1688,52941,52941
2643,2026,974501,P,,,9745010000,KC CUTS LLC,No,KNOCKOUTS HAIRCUTS FOR MEN,117 E LOUIS HENNA BLVD,ROUND ROCK,PERSONAL PROPERTY COMMERCIAL KNOCKOUTS HAIRCUTS FOR MEN,6708,6708
2644,2026,975942,P,,,9759420000,AMITY MANAGEMENT LLC,No,ROPEACE,117 E LOUIS HENNA BLVD,ROUND ROCK,PERSONAL PROPERTY COMMERCIAL ROPEACE,37513,37513
2645,2026,975945,P,,,9759450000,OFELIA MEDINA RODRIGUEZ,No,ADOS SALON,409 E LOUIS HENNA BLVD,ROUND ROCK,PERSONAL PROPERTY COMMERCIAL ADOS SALON,7274,7274
2646,2026,977447,P,,,9774470000,PROGRESSIVE CASUALTY INS CO,No, PROGRESSIVE CASUALTY INSURANCE CO,101 W LOUIS HENNA BLVD,AUSTIN,PERSONAL PROPERTY COMMERCIAL PROGRESSIVE CASUALTY INSURANCE CO,88619,88619
2647,2026,977509,P,,,9775090000,SITEONE LANDSCAPE SUPPLY LLC,No,SITEONE LANDSCAPE SUPPLY LLC,3219 S INTERSTATE HY 35,ROUND ROCK ,PERSONAL PROPERTY COMMERCIAL SITEONE LANDSCAPE SUPPLY LLC,7531274,7531274
2648,2026,977958,P,,,9779580000,SUNBELT RENTALS INC,No,SUNBELT RENTALS INC,16809  CALPLY  DR,ROUND ROCK ,PERSONAL PROPERTY COMMERCIAL SUNBELT RENTALS INC,862358,862358
2649,2026,978178,R,284330211,,2843302110000,MC2 KIDS ACADEMY LLC,No,, SCHULTZ LN,,SCHULTZ ADDN BLK A LOT 2,322780,322780
2650,2026,978179,R,284330212,,2843302120000,BRINELY INVESTMENT LLC,No,STARBUCKS,17510 SCHULTZ LN,PFLUGERVILLE,SCHULTZ ADDN BLK A LOT 1,1913064,1913064
2651,2026,980687,R,282230604,,2822306040000,RIVER CITY PARTNERS LTD,No,, N INTERSTATE HY 35,,ROOMS TO GO SUBD LOT 4B,33728,33728
2652,2026,980688,R,282230605,,2822306050000,GOLDFINCH-RR PROPERTIES LLC,No,ROOMS TO GO,3589 GREENLAWN BLVD,,ROOMS TO GO SUBD LOT 1B,9471528,9471528
2653,2026,980689,R,282230606,,2822306060000,2023 GREENLAWN LLC,No,,3581 GREENLAWN BLVD,,ROOMS TO GO SUBD LOT 2B,967800,967800
2654,2026,980690,R,282260141,,2822601410000,GOLDFINCH-RR PROPERTIES LLC,No,, GREENLAWN BLVD,,ROOMS TO GO SUBD LOT 3B,301334,301334
2655,2026,981660,P,,,9816600000,GREENLAWN LLC,No,RR EXPRESS,409 E LOUIS HENNA BLVD,ROUND ROCK,PERSONAL PROPERTY COMMERCIAL RR EXPRESS,335702,335702
2656,2026,984107,R,280260214,,2802602140000,PICADILLY 2006 LP,No,,16801 CALPLY DR,,CALPLY SUBD AMD LOTS 1-2 & 13 LOT 1A,2049080,2049080
2657,2026,984510,P,,,9845100000,NOELS WHITETIGERS TAEKWONDO LLC,No,TAEKWONDO,3203 S INTERSTATE HY 35,ROUND ROCK ,PERSONAL COMMERCIAL PROPERTY TAEKWONDO,1424,1424
2658,2026,984512,P,,,9845120000,NATIONWIDE MANAGEMENT JV LLC ,No,SRI KRISHNA INDIAN CUISINE,3203 S  INTERSTATE HY 35,ROUND ROCK ,PERSONAL COMMERCIAL PROPERTY SRI KRISHNA CUISINE,47214,47214
2659,2026,984513,P,,,9845130000,F3 TRADING COMPANY LLC,No,SPICE GARDEN THE,3107 S INTERSTATE HY 35,ROUND ROCK ,PERSONAL COMMERCIAL PROPERTY SPICE GARDEN THE,140699,140699
2660,2026,984514,P,,,9845140000,NIEH AND LIANG HOLDINGS LLC,No,SHARETEA,3107 S INTERSTATE HY 35,ROUND ROCK ,PERSONAL COMMERCIAL PROPERTY SHARTEA,103915,103915
2661,2026,984515,P,,,9845150000,LITTLE GYM ROUND ROCK LLC,No,LITTLE GYM ROUND ROCK LLC,3203 S INTERSTATE HY 35,ROUND ROCK ,PERSONAL COMMERCIAL PROPERTY LITTLE GYM ROUND ROCK LLC,11349,11349
2662,2026,984953,P,,,9849530000,BELTRAN ELECTRIC LLC,No,CELTRAN ELECTRIC,1800 CENTRAL COMMERCE CT,ROUND ROCK,PERSONAL PROPERTY COMMERCIAL BELTRAN ELECTRIC,16635,16635
2663,2026,984954,P,,,9849540000,STAR GLASS SOLUTIONS LLC,No,STAR GLASS SOLUTIONS,1800 CENTRAL COMMERCE CT,ROUND ROCK,PERSONAL PROPERTY COMMERCIAL STAR GLASS SOLUTIONS,38173,38173
2664,2026,984958,P,,,9849580000,DCL TRADING,No,GOLDEN HOME AUSTIN,2251 PICADILLY DR,ROUND ROCK,PERSONAL PROPERTY COMMERCIAL GOLDEN HOME AUSTIN,1048198,1048198
2665,2026,984959,P,,,9849590000,TURTLE & HUGHES INC,No,TURTLE ELECTRICAL,2251 PICADILLY DR,ROUND ROCK,PERSONAL PROPERTY COMMERCIAL TURTLE ELECTRICAL,883170,883170
2666,2026,985137,P,,,9851370000,RANGER PRINT HOUSE LLC,No,RANGER PRINT HOUSE ,16801 RADHOLME  CT,ROUND ROCK ,PERSONAL COMMERCIAL PROPERTY RANGER PRINT HOUSE,19349,19349
2667,2026,985138,P,,,9851380000,L2M GROUP LLC,No,ALLSTATE PLUMBING HEAT & AIR ,16800 RADHOLME CT,ROUND ROCK ,PERSONAL COMMERCIAL PROPERTY ALLSTATE PLUMBING HEAT & AIR,124190,124190
2668,2026,985140,P,,,9851400000,SAINT JOAN OF ARC EPISCOPAL CHURCH ,No,SAINT JOAN OF ARC,16708 PICADILLY CT,ROUND ROCK,PERSONAL PROPERTY COMMERCIAL SAINT JOAN OF ARC,4275,4275
2669,2026,985141,P,,,9851410000,COBB MECHANICAL CONTRACTORS INC,No,COBB MECHANICAL CONTRACTORS,16721 PICADILLY CT,ROUND ROCK ,PERSONAL COMMERCIAL PROPERTY COBB MECHANICAL CONTRACTORS ,203684,203684
2670,2026,985142,P,,,9851420000,SIRI GRANITE INC,No,SIRI GRANITE INC ,16705 PICADILLY  CT,ROND ROCK ,PERSONAL COMMERCIAL PROPERTY SIRI GRANITE,297171,297171
2671,2026,988914,P,,,9889140000,BANISTER TOOL INC,No,BANISTER TOOL INC,3009 A W GRIMES BLVD,ROUND ROCK,PERSONAL PROPERTY COMMERCIAL BANISTER TOOL INC,1616429,1616429
2672,2026,991949,P,,,9919490000,TEXAS ASSOCIATION OF SCHOOL BOARDS,No,TEXAS ASSOCIATION OF SCHOOL BOARDS,1622 MENTONE DR,ROUND ROCK,PERSONAL PROPERTY COMMERCIAL TEXAS ASSOCIATION OF SCHOOL BOARDS,857,857
2673,2026,999956,P,,,9999560000,OFS BY NACL LLC,No,OFS BY NACL LLC,16920 JOE BARBEE DR,ROUND ROCK,PERSONAL PROPERTY COMMERCIAL OFS BY NACL LLC,1572200,1572200
2674,2026,1003311,P,,,10033110000,TENG HAO SUSHI LLC,No,SUSHI NINI,117 E LOUIS HENNA BLVD,ROUND ROCK,PERSONAL PROPERTY COMMERCIAL SUSHI NINI,105619,105619
2675,2026,1007898,R,284302001,,2843020010000,ASHTON AUSTIN RESIDENTIAL LLC,No,, CADE LAKE,,CADE LAKE SEC 1 BLK A LOT 2 (1.7874AC IN TRAVIS CO),314068,314068
2676,2026,1007899,R,284302002,,2843020020000,ROUND ROCK KOREAN PRESBYTERIAN CHURCH,No,,2011 CADE LAKE,,CADE LAKE SEC 1 BLK A LOT 3 (0.5791AC IN TRAVIS CO),244481,244481
2677,2026,1008007,P,,,10080070000,GUILD GATOR SERVICES LLC,No,GUILD GATOR SERVICES LLC,16713 JOE BARBEE DR,ROUND ROCK,PERSONAL PROPERTY COMMERCIAL GUILD GATOR SERVICES LLC,105281,105281
2678,2026,1012138,P,,,10121380000,WHITE CAP L.P.,No,WHITE CAP,16713 CENTRAL COMMERCE DR,ROUND ROCK,PERSONAL PROPERTY COMMERCIAL WHITE CAP,1515436,1515436
2679,2026,1013916,R,284260902,,2842609020000,M4 DISTRICT LAND LLC,No,, MARSHALL CIR,,DISTRICT THE PHS 1 RPLT LT 1 BLK F LOT 1A,2129480,2129480
2680,2026,1013917,R,284260903,,2842609030000,M4 DISTRICT LAND LLC,No,, MARSHALL CIR,,DISTRICT THE PHS 1 RPLT LT 1 BLK F LOT 3A,255840,255840
2681,2026,1013918,R,284260904,,2842609040000,M4 DISTRICT PHASE I LLC,No,, MARSHALL CIR,,DISTRICT THE PHS 1 RPLT LT 1 BLK F LOT 2A,1373310,1373310
2682,2026,962919,P,,,9629190000,CABINETS & COUNTERTOPS CASTLE LLC,No,CABINETS & COUNTERTOPS CASTLE LLC,17005 JOE BARBEE DR, ROUND ROCK,PERSONAL PROPERTY COMMERCIAL CABINETS & COUNTERTOPS LLC,14449,14449
2683,2026,1015425,R,284301323,,2843013230000,CAMBRIDGE HEIGHTS OWNERS ASSOCIATION INC,No,, CASA PIEDRA PL, ,LOT 8 BLK K CAMBRIDGE HEIGHTS PHS B SEC 3,800,800
2684,2026,1015426,R,284301416,,2843014160000,CAMBRIDGE HEIGHTS OWNERS ASSOCIATION INC,No,, CASA PIEDRA PL, ,LOT 6 BLK L  CAMBRIDGE HEIGHTS PHS B SEC 3,800,800
2685,2026,1015428,R,284302101,,2843021010000,CAMBRIDGE HEIGHTS OWNERS ASSOCIATION INC,No,,17403 VALENTINE DR, ,LOT 1A BLK H CAMBRIDGE HEIGHTS PHS B SEC 4,837,837
2686,2026,1015429,R,284300619,,2843006190000,CAMBRIDGE HEIGHTS OWNERS ASSOCIATION INC,No,, CANDELARIA MESA DR, ,LOT 9 BLK E CAMBRIDGE HEIGHTS PHS A SEC 4,839,839
2687,2026,1015430,R,284302201,,2843022010000,CAMBRIDGE HEIGHTS OWNERS ASSOCIATION INC,No,, LIMPIA CREEK  DR, ,LOT 57 BLK H CAMBRIDGE HEIGHTS PHS A SEC 3 (0.0083AC IN TRAVIS CO),839,839
2688,2026,1015431,R,284301027,,2843010270000,CAMBRIDGE HEIGHTS OWNERS ASSOCIATION INC,No,,1621 MENTONE DR, ,LOT 28 BLK G CAMBRIDGE HEIGHTS PHS A SEC 3,856,856
2689,2026,1015432,R,284302301,,2843023010000,CAMBRIDGE HEIGHTS OWNERS ASSOCIATION INC,No,, LIMPIA CREEK  DR, ,LOT 39 BLK H CAMBRIDGE HEIGHTS PHS A SEC 3,822,822
2690,2026,1015433,R,282302011,,2823020110000,CITY OF PFLUGERVILLE,No,,17403 TOYAHVILLE TRL, ,LOT 19 BLK M CAMBRIDGE HEIGHTS PHS B SEC 2,862,862
2691,2026,1015465,R,282302118,,2823021180000,CITY OF PFLUGERVILLE,No,, SALT FLAT LN, ,LOT 13 BLK I CAMBRIDGE HEIGHTS PHS B SEC 1,850,850
2692,2026,1015466,R,284302401,,2843024010000,CITY OF PFLUGERVILLE,No,, SALT FLAT LN, ,LOT 39 BLK H CAMBRIDGE HEIGHTS PHS B SEC 1,822,822
2693,2026,1015467,R,284301116,,2843011160000,CITY OF PFLUGERVILLE,No,, SALT FLAT LN, ,LOT 13 BLK J CAMBRIDGE HEIGHTS PHS B SEC 1,853,853
2694,2026,1015481,R,284300825,,2843008250000,CITY OF PFLUGERVILLE,No,,17700 MARFA LIGHTS TRL, ,LOT 12 BLK F CAMBRIDGE HEIGHTS PHS A SEC 2,953,953
2695,2026,1015482,R,284300620,,2843006200000,CITY OF PFLUGERVILLE,No,,17700 MARFA LIGHTS TRL, ,LOT 9 BLK E CAMBRIDGE HEIGHTS PHS A SEC 2,840,840
2696,2026,1015487,R,282331817,,2823318170000,CAMBRIDGE HEIGHTS OWNERS ASSOCIATION INC,No,, CAMBRIDGE HEIGHTS DR,,LOT 1 BLK S *LESS .120A CAMBRIDGE HEIGHTS PHS C SEC 1REPLAT PT OF SPGSBRK CTR PH A,1115,1115
2697,2026,1016679,P,,,10166790000,SSP AUSTIN LLC,No,DESI BROTHERS,3203 S INTERSTATE HY 35,ROUND ROCK ,PERSONAL PROPERTY COMMERCIAL DESI BROTHERS,1719900,1719900
2698,2026,1016680,P,,,10166800000,DB LIQUOR ROUND ROCK LLC,No,DB LIQUOR,3203  S INTERSTATE HY 35,ROUND ROCK,PERSONAL PROPERTY COMMECIAL DB LIQUOR,251195,251195
2699,2026,1016681,P,,,10166810000,DESI CHOWRASTHA ROUND ROCK LLC,No,DESI CHOWRASTHA,3203 S INTERSTATE HY 35,ROUND ROCK,PERSONAL PROPERTY COMMERCIAL DESI CHOWRASTHA,75600,75600
