"Property ID","Geographic ID","Type","Property Address","Legal Description","Owner Name","Doing Business As","Appraised Value"
"R545694",,,"4055 FLOWSTONE LN, ROUND ROCK, TX  78681","S11096 - HIGHLANDS AT MAYFIELD RANCH SEC 3, BLOCK G, Lot 12","SAMIREDDY, TARUN & MANASA REDDY KARNATI",
"R391282",,,"8327 LOFTY LN, ROUND ROCK, TX  78681","S7134 - Stone Canyon Sec 8c, BLOCK O, Lot 187","ADDY, DEBAROTI",
"R533239",,,"101 CARRACK DR, ROUND ROCK, TX  78681","S10763 - HIGHLAND HORIZON PH 3, BLOCK B, Lot 1, ACRES 0.16","ARAVA, SAM & RUHA P PRASANNA SUDHAKAR",
"R528395",,,"3821 BAINBRIDGE CV, ROUND ROCK, TX  78681","S10662 - HIGHLANDS AT MAYFIELD RANCH BAINBRIDGE COVE (AMD), BLOCK A, Lot 7, ACRES 0.28","KHAN, MOHSIN",
"R596004",,,"4442 HANNOVER WAY, ROUND ROCK, TX  78681","S12327 - HIGHLANDS AT MAYFIELD RANCH SEC 10B, BLOCK W, Lot 8","CHENNA, MUKUND KUMAR",
"R488181",,,"5305 SENDERO SPRINGS DR, ROUND ROCK, TX  78681","S9436 - SENDERO SPRINGS SEC 5, BLOCK J, Lot 3","VENKATESAN, GURUPRASATH & NITHYA SUBRAMANIAN",
"R511367",,,"309 ENTRADA WAY, ROUND ROCK, TX  78681","S10107 - SENDERO SPRINGS SEC 6, BLOCK C, Lot 18, ACRES 0.222","MITUL GIRISHBHAI PATEL & NIKITA YASHVANTBHAI PATEL CO TRUSTEES OF THE PATEL FAMI",
"R520627",,,"552 CASCADA LN, ROUND ROCK, TX  78681","S10365 - SENDERO SPRINGS SEC 7, BLOCK S, Lot 26","RAMAMOORTHY &THIRUVENI ANNAM VENKATARATHNAM, SATHEESH KUMAR",
"R414094",,,"2711 CEDAR SPRINGS PL, ROUND ROCK, TX  78681","S7608 - Behrens Ranch Ph B Sec 2, BLOCK B, Lot 28","JADHAV, AMOL & ANURADHA JALIND KHANDAGALE",
"R454493",,,"3774 CASTLE ROCK DR, ROUND ROCK, TX  78681","S8609 - PRESERVE AT STONE OAK PH 3 SEC 4 (REPLAT), BLOCK S, Lot 12","BOKKA, ANUSHA",
"R479842",,,"3421 CITRINE PL, ROUND ROCK, TX  78681","S9108 - WALSH RANCH SEC 1, BLOCK F, Lot 15","SRIGIRI, LAXMAN SRINIVAS & SMITHA DHARMAVARAM",
"R483791",,,"2933 AGAVE LOOP, ROUND ROCK, TX  78681","S9294 - BEHRENS RANCH PH D SEC 3B, BLOCK C, Lot 1","KRISHNAMOORTHY, HARI & SRIVIDYA R VIJAYAN",
"R577157",,,"4517 ARQUES AVE, ROUND ROCK, TX  78681","S11919 - HIGHLANDS AT MAYFIELDS RANCH SEC 12B, BLOCK Q, Lot 26","MUNIKRISHNAPPA, SANJU",
"R429411",,,"3201 GOLDENOAK CIR, ROUND ROCK, TX  78681","S8125 - Behrens Ranch Ph C Sec 1-c, BLOCK B, Lot 28","NILKANTH, MANISH LANDGE & DEEPTHI MANISH",
"R415838",,,"4103 RISA CT, ROUND ROCK, TX  78681","S7769 - Sendero Springs Sec 1, BLOCK B, Lot 17","MISHRA, FNU AMITOSH & RICHA AGARWAL",
"R604616",,,"7277 SHOSHONI LOOP, ROUND ROCK, TX  78681","S12477 - RESERVE AT WYOMING SPRINGS, BLOCK B, Lot 10","JAIN, AMIT & JAY ANUBHUTI",
"R488124",,,"5501 SENDERO SPRINGS DR, ROUND ROCK, TX  78681","S9436 - SENDERO SPRINGS SEC 5, BLOCK H, Lot 15","BEHERA, BISWA RANJAN & MAMATAMAYI",
"R479787",,,"3312 BASALT CV, ROUND ROCK, TX  78681","S9108 - WALSH RANCH SEC 1, BLOCK C, Lot 25","JOSHI, DURGESH & ASHWINI",
"R530072",,,"3451 MAYFIELD RANCH BLVD, UNIT #335, ROUND ROCK, TX  78681","C622 - PRESERVE AT MAYFIELD RANCH CONDO, UNIT 335, 0.641% COMMON AREA INTEREST","HARDAS, PRANAO & MANJUSHA KALASHIKAR",
"R414197",,,"3503 HIDDEN OAKS CV, ROUND ROCK, TX  78681","S7833 - Behrens Ranch Ph B Sec 3, BLOCK E, Lot 12","KAUR, HARINDER PREET & HARSIMRAN SINGH AULAKH",
"R423761",,,"3233 ARROYO BLUFF LN, ROUND ROCK, TX  78681","S7952 - Preserve At Stone Oak Ph 3 Sec 2, BLOCK G, Lot 9","JANMOHAMED, RAZA & MASUMA",
"R335599",,,"1907 CEDAR BEND DR, ROUND ROCK, TX  78681","S5779 - Woods Sec 5b (amended Pt Sec 5), BLOCK G, Lot 12","SHAH, HEMANT & INA",
"R479796",,,"3304 ALEXANDRITE WAY, ROUND ROCK, TX  78681","S9108 - WALSH RANCH SEC 1, BLOCK D, Lot 4","RAO, SANJAY & SUPRIYA",
"R650241",,,"1649 CARDINAL LN, ROUND ROCK, TX  78681","S13315 - SAULS RANCH EAST, BLOCK B, Lot 17","YADAV, RITIKA & RANJAN KATHURIA",
"R062034",,,"1715 FOXFIRE DR, ROUND ROCK, TX  78681","CREEKBEND SEC 1, BLOCK F, LOT 23","NARUMANCHI, PADMINI",
"R650785",,,"2605 SAM BASS RD, UNIT #102, ROUND ROCK, TX  78681","C793 - CLEAR CREEK RANCH CONDO, UNIT 102, 0.90% COMMON AREA INTEREST","JAIN, SMIT & SAKSHI PATNI",
"R372905",,,"6055 ALMELO DR, ROUND ROCK, TX  78681","S6707 - Cat Hollow Sec A Ph 5, BLOCK F, Lot 26","MUPPALLA, RAVIKIRAN & PALLAVI MEKA",
"R060611",,,"509 OLD WEST DR, ROUND ROCK, TX  78681","CHISHOLM VALLEY SOUTH SEC 3, BLOCK K, LOT 1","HAMIDI, MOHAMMAD",
"R487944",,,"2681 MIRASOL LOOP, ROUND ROCK, TX  78681","S9439 - BEHRENS RANCH PH F SEC 2, BLOCK A, Lot 20","JOHN, SHIJI & DEEPAK THOMAS",
"R552307",,,"3859 BROADWAY PATH, ROUND ROCK, TX  78681","S11277 - HIGHLANDS AT MAYFIELD RANCH SEC 12A, BLOCK P, Lot 12","RACHERLA, KIRAN K & PRASHANTHI SAYINI",
"R479873",,,"3518 CITRINE PL, ROUND ROCK, TX  78681","S9108 - WALSH RANCH SEC 1, BLOCK H, Lot 19","HINGE, NAYANISH DILIPKUMAR & SNEHA NAGRIKAR",
"R414118",,,"2816 STONECREEK PL, ROUND ROCK, TX  78681","S7608 - Behrens Ranch Ph B Sec 2, BLOCK C, Lot 1","POLURI, SYAMA S & JANAKI K CHIMALAMARRI",
"R547470",,,"4616 KATHERINE DR, ROUND ROCK, TX  78681","C652 - GARDENS AT MAYFIELD CONDOS, UNIT 406, 0.833% COMMON AREA INTEREST, 0.1469 AC","DAVID, RAJESH & FLORENCE SINDHIYA RAJESH",
"R497847",,,"3064 AGAVE LOOP, ROUND ROCK, TX  78681","S9743 - BEHRENS RANCH PH D SEC 4, BLOCK E, Lot 13","KHAIRNAR, DEEPAK & SONALI",
"R497851",,,"3080 AGAVE LOOP, ROUND ROCK, TX  78681","S9743 - BEHRENS RANCH PH D SEC 4, BLOCK E, Lot 17","POULOSE, JESSY P & REGI P",
"R335354",,,"16719 SABERTOOTH DR, ROUND ROCK, TX  78681","S5746 - Cat Hollow Sec 5-a, BLOCK D, Lot 10","VARTAK, DARSHAN ARUN",
"R587536",,,"1505 REPRISE BND, ROUND ROCK, TX  78681","S12126 - HAIRY MAN PH 1, BLOCK B, Lot 17","JALAGAM, SRINIVASA RAO & MAMATHA",
"R533320",,,"100 LANDS END CV, ROUND ROCK, TX  78681","S10763 - HIGHLAND HORIZON PH 3, BLOCK E, Lot 12, ACRES 0.34","DEVULAPALLI MALLIK & RAJYALAKSHMI RAYAPROLU",
"R466716",,,"3008 EDGECREEK PL, ROUND ROCK, TX  78681","S8846 - BEHRENS RANCH PH C SEC 2, BLOCK A, Lot 8","MEHTA, ACHINT & NEHA",
"R429405",,,"3225 GOLDENOAK CIR, ROUND ROCK, TX  78681","S8125 - Behrens Ranch Ph C Sec 1-c, BLOCK B, Lot 22","KALRA, MANISH & VANDANA",
"R460554",,,"827 HIDDEN GLEN DR, ROUND ROCK, TX  78681","S8715 - HIDDEN GLEN PH 5A, BLOCK N, Lot 6","SAPRE, AJAY ANAND & RACHNA RINGE",
"R370317",,,"8420 SEA ASH CIR, ROUND ROCK, TX  78681","S6536 - Stone Canyon Sec 4, BLOCK DD, Lot 23","KARMAKER HARAN C & PARBATI TRUSTEES UNDER THE H & P KARMAKER LIVING TRUST",
"R498426",,,"2295 PARK PLACE CIR, ROUND ROCK, TX  78681","S9758 - ARBOR PLACE PH 1, BLOCK B, Lot 2","SUBBA RAO KONDUBHATLA & LAKSHMI BHAVANI TRS VT2RR TRIBE TRUST",
"R520608",,,"418 CASCADA LN, ROUND ROCK, TX  78681","S10365 - SENDERO SPRINGS SEC 7, BLOCK S, Lot 7","AMIT KAUL & NYMPHAEA MAKROO TRS AMIT NYMPHAEA LIVING TRUST",
"R479778",,,"3600 ALEXANDRITE WAY, ROUND ROCK, TX  78681","S9108 - WALSH RANCH SEC 1, BLOCK C, Lot 5","TALUKDAR, BEDANTA & PRIYANKA",
"R391043",,,"9023 WILDWATER WAY, ROUND ROCK, TX  78681","S7133 - Stone Canyon Sec 7a, BLOCK I, Lot 21","SINGH, VIJAY & RUMA",
"R520604",,,"402 CASCADA LN, ROUND ROCK, TX  78681","S10365 - SENDERO SPRINGS SEC 7, BLOCK S, Lot 3","GOKHALE, BHUSHAN",
"R378968",,,"3803 TAILFEATHER DR, ROUND ROCK, TX  78681","S6851 - Stone Oak At Round Rock Sec 3, BLOCK H, Lot 2","KRISHNAMRAJU, KISHORE & NEHA VENUGOPAL RAJU TRUSTEES OF THE KNTV TRUST",
"R459287",,,"3788 FOSSILWOOD WAY, ROUND ROCK, TX  78681","S8711 - VILLAGE AT MAYFIELD RANCH PH 4, BLOCK A, Lot 3","SINGH, VIPUL KUMAR & SAANYA",
"R650423",,,"2143 SARABANDA ST, ROUND ROCK, TX  78681","S13315 - SAULS RANCH EAST, BLOCK F, Lot 45","MOHAN, BALAJI & HEMALATHA RADHAKRISHNAN",
"R650388",,,"1200 SONATA PL, ROUND ROCK, TX  78681","S13315 - SAULS RANCH EAST, BLOCK F, Lot 10","MAHATME, NIHAAR NILESH & MAHIMA DHUME",
"R430977",,,"2924 PLANTATION DR, ROUND ROCK, TX  78681","S8139 - Hidden Glen Ph 4a, BLOCK J, Lot 92","PARASARAM, BHASKAR KUMAR & MANJULA GANGAPATNAM",
"R650267",,,"2308 BANDA BND, ROUND ROCK, TX  78681","S13315 - SAULS RANCH EAST, BLOCK C, Lot 23","AROKIASAMY, AKILAN & RICHITHA MARY RAJU",
"R357937",,,"16802 BAILEY JEAN DR, ROUND ROCK, TX  78681","S6301 - Cat Hollow Sec A Ph 1, BLOCK K, Lot 18","ANAND MURTHY & RAMYA VENKATACHALAM CO-TRS MURTHY-VENKATACHALAM LIVING TRUST",
"R533238",,,"500 CARINA DR, ROUND ROCK, TX  78681","S10763 - HIGHLAND HORIZON PH 3, BLOCK A, Lot 11, ACRES 0.17","GUDURI, VENU GOPAL & SWAPNA VUDUTHA",
"R351516",,,"17865 PARK VALLEY DR, ROUND ROCK, TX  78681","S6211 - Stone Canyon Sec 1, BLOCK L, Lot 11","VOGGU, PALLAVI",
"R415875",,,"4605 AZUL CV, ROUND ROCK, TX  78681","S7769 - Sendero Springs Sec 1, BLOCK K, Lot 108","KUMAR, GYANESHWER & SWETA RANI",
"R482854",,,"2528 MIRASOL LOOP, ROUND ROCK, TX  78681","S9281 - BEHRENS RANCH PH F SEC 1, BLOCK C, Lot 10","HABEEB MOHAMED JANI AHAMED & SHAJITHA FARHATH MOHAMED NASARDEEN",
"R520595",,,"721 CASCADA LN, ROUND ROCK, TX  78681","S10365 - SENDERO SPRINGS SEC 7, BLOCK R, Lot 45","SUDHAKAR, YASHAVANTHA KUMAR GUDIGENAHALLI",
"R530089",,,"3451 MAYFIELD RANCH BLVD, UNIT #505, ROUND ROCK, TX  78681","C622 - PRESERVE AT MAYFIELD RANCH CONDO, UNIT 505, 0.641% COMMON AREA INTEREST","RAGU, CHAITANYA P (TOD)",
"R552362",,,"4123 VAN NESS AVE, ROUND ROCK, TX  78681","S11276 - HIGHLANDS AT MAYFIELD RANCH SEC 4A, BLOCK H, Lot 46","PATEL, VIKAS H",
"R059885",,,"2803 GREAT OAKS DR, ROUND ROCK, TX  78681","S3264 - Brushy Creek North Sec 2, BLOCK 12, Lot 5","VAID, UMAR JA",
"R460900",,,"5017 SENDERO SPRINGS DR, ROUND ROCK, TX  78681","S8713 - SENDERO SPRINGS SEC 4, BLOCK N, Lot 4","YERRAM, LENIN & SRILAKSHMI",
"R520606",,,"410 CASCADA LN, ROUND ROCK, TX  78681","S10365 - SENDERO SPRINGS SEC 7, BLOCK S, Lot 5","DUVVA, MANOJ",
"R511316",,,"105 W ADELANTA PL, ROUND ROCK, TX  78681","S10107 - SENDERO SPRINGS SEC 6, BLOCK B, Lot 14, ACRES 0.177","NELAMANGALA, GANESH BABU & GEETHA GOPINATH",
"R530609",,,"4021 MASON CV, ROUND ROCK, TX  78681","S10686 - HIGHLANDS AT MAYFIELD RANCH SEC 2B, BLOCK I, Lot 6","EDAKKUNNY, REVINDRAN (TOD) & RENUKA RAVINDRAN (TOD)",
"R501715",,,"3056 PORTULACA DR, ROUND ROCK, TX  78681","S9835 - BEHRENS RANCH PH D SEC 6, BLOCK H, Lot 9","CHINNAM, CHANDRA & SATYAVATHI",
"R479885",,,"3912 OBSIDIAN LN, ROUND ROCK, TX  78681","S9108 - WALSH RANCH SEC 1, BLOCK I, Lot 9","NARSARIA, VISHAL & NISHAT ERFANI",
"R462046",,,"3710 GENTLE WINDS LN, ROUND ROCK, TX  78681","S8749 - VILLAGE AT MAYFIELD RANCH PH 2B, BLOCK C, Lot 27","SHARMA, ALOK & DIVYA",
"R547493",,,"4754 COLLINS ST, ROUND ROCK, TX  78681","C652 - GARDENS AT MAYFIELD CONDOS, UNIT 603, 0.833% COMMON AREA INTEREST, 0.1725 AC","NEGI, SUMIT & MADHU RAWAT",
"R335241",,,"16813 JUDY SCHOLL WAY, ROUND ROCK, TX  78681","S5747 - Cat Hollow Sec 13, BLOCK A, Lot 6","RODRIGUES, JERONIMO P & LAIFONG F RODRIGUES",
"R596003",,,"4438 HANNOVER WAY, ROUND ROCK, TX  78681","S12327 - HIGHLANDS AT MAYFIELD RANCH SEC 10B, BLOCK W, Lot 7","POGULA, ANIRVED",
"R600408",,,"4301 MAYFIELD RANCH BLVD, ROUND ROCK, TX  78681","S12403 - HIGHLANDS AT MAYFIELD RANCH SEC 11, BLOCK V, Lot 2","SEKHARBABU MAKKAPATI & KALPANA CHOWDARY POLAVARAPU MUNIRATHNAM",
"R441261",,,"3237 WINDING RIVER TRL, ROUND ROCK, TX  78681","S8302 - Preserve At Stone Oak Ph 4 Sec 2, BLOCK AA, Lot 42","OBEROI, MAMTA",
"R520586",,,"103 FAROLA CV, ROUND ROCK, TX  78681","S10365 - SENDERO SPRINGS SEC 7, BLOCK R, Lot 36","YADAV, ABHISHEK & NUTAN KUMARI",
"R587568",,,"1412 REPRISE BND, ROUND ROCK, TX  78681","S12126 - HAIRY MAN PH 1, BLOCK D, Lot 1","VIJAY, KISHORE VARMA VEGESNA TARAKA &  JAYA SOWJANYA BHIPATHIRAJU",
"R414275",,,"2348 BERWICK DR, ROUND ROCK, TX  78681","S7814 - Hidden Glen Ph 1, BLOCK E, Lot 1","KAUL, DEEPAK & DIMPLE",
"R498417",,,"2128 PARK PLACE CIR, ROUND ROCK, TX  78681","S9758 - ARBOR PLACE PH 1, BLOCK A, Lot 43","HARIA, AVISH A  & ACHI A",
"R598009",,,"4623 ARQUES AVE, ROUND ROCK, TX  78681","S12379 - HIGHLANDS AT MAYFIELD RANCH SEC 14, BLOCK S, Lot 11","DAMANI, YASHOVARDHAN",
"R600376",,,"4376 MAYFIELD RANCH BLVD, ROUND ROCK, TX  78681","S12403 - HIGHLANDS AT MAYFIELD RANCH SEC 11, BLOCK G, Lot 124","RUPJI, AMEY",
"R349855",,,"2023 BENT TREE LOOP, ROUND ROCK, TX  78681","S6141 - Bent Tree Sec 2, BLOCK E, Lot 2","MUBIN, ASHIRUL & SEYEDA NAHAR",
"R430986",,,"2827 PLANTATION DR, ROUND ROCK, TX  78681","S8139 - Hidden Glen Ph 4a, BLOCK J, Lot 101","KATHIRESAN, GANESH & VIDHYA SHANKARI NATARAJAN",
"R460575",,,"800 FOLSOM CV, ROUND ROCK, TX  78681","S8715 - HIDDEN GLEN PH 5A, BLOCK N, Lot 10","GAWAI, VISHAL MADHAO (TOD) & TANUJA AVINASH DEO (TOD)",
"R650712",,,"2605 SAM BASS RD, UNIT #29, ROUND ROCK, TX  78681","C793 - CLEAR CREEK RANCH CONDO, UNIT 29, 0.90% COMMON AREA INTEREST","YENUGADHATI, JYOTSNA",
"R378467",,,"4443 HUNTERS LODGE DR, ROUND ROCK, TX  78681","S6805 - Vista Oaks Sec 6b, BLOCK A, Lot 6","KALLAKUNTA, SAHITH",
"R604614",,,"7245 SHOSHONI LOOP, ROUND ROCK, TX  78681","S12477 - RESERVE AT WYOMING SPRINGS, BLOCK B, Lot 8","NAGESH, GIREESH KUMAR MACHANI",
"R604636",,,"7286 SHOSHONI LOOP, ROUND ROCK, TX  78681","S12477 - RESERVE AT WYOMING SPRINGS, BLOCK C, Lot 20","MAHANTY, SANJIB KUMAR & SUDIPTA SATPATI",
"R498398",,,"2200 PARK PLACE CIR, ROUND ROCK, TX  78681","S9758 - ARBOR PLACE PH 1, BLOCK A, Lot 24","ASLAM, JAVED & SHAZIA JAVED",
"R391180",,,"7001 COOL CANYON CV, ROUND ROCK, TX  78681","S7071 - Stone Canyon Sec 8a, BLOCK O, Lot 142","ANBUMONY, KASI LAKSHMAN KARTHI & VARSHA MASILAMANI",
"R528391",,,"3805 BAINBRIDGE CV, ROUND ROCK, TX  78681","S10662 - HIGHLANDS AT MAYFIELD RANCH BAINBRIDGE COVE (AMD), BLOCK A, Lot 3, ACRES 0.24","DESAI, VIVEK & VISHWA",
"R604621",,,"7200 SHOSHONI LOOP, ROUND ROCK, TX  78681","S12477 - RESERVE AT WYOMING SPRINGS, BLOCK C, Lot 1","KOUSHIK, AGRAHARA SREENIVASA KIRAN (TOD) & JYOTHI (TOD)",
"R380972",,,"2630 HENLEY DR, ROUND ROCK, TX  78681","S6949 - Wood Glen Sec 3, BLOCK B, Lot 3","KUKKADY, NAUFAL (TOD) & NIDA SHARIEF (TOD)",
"R650251",,,"1406 CARDINAL LN, ROUND ROCK, TX  78681","S13315 - SAULS RANCH EAST, BLOCK C, Lot 7","NALLAGATLA, VENKATA JAGADEESH & PRIYANKA ATLURI",
"R423321",,,"8123 CAMPECHE BAY PL, ROUND ROCK, TX  78681","S8021 - Cat Hollow Sec B, BLOCK E, Lot 14","PAREKH, PRASHANT A & NEHA D SHAH",
"R358465",,,"16637 MALAGA HILLS DR, ROUND ROCK, TX  78681","S6332 - Cat Hollow Sec A Ph 3, BLOCK G, Lot 21","SANKLIPUR, ANAND BASAVANNEPPA & ABHILASHA SRIVASTAV",
"R462067",,,"3765 GENTLE WINDS LN, ROUND ROCK, TX  78681","S8749 - VILLAGE AT MAYFIELD RANCH PH 2B, BLOCK D, Lot 9","YADAV, MEETHIL VIJAY & SHRADHA SURESH RAJPURE",
"R498505",,,"2265 PARK PLACE CIR, ROUND ROCK, TX  78681","S9763 - ARBOR PLACE PH 2, BLOCK C, Lot 5","RAJAGOPAL, RAJ SAPTARISHI & GEETHA",
"R533616",,,"3451 MAYFIELD RANCH BLVD, UNIT #254, ROUND ROCK, TX  78681","C622 - PRESERVE AT MAYFIELD RANCH CONDO, UNIT 254, 0.641% COMMON AREA INTEREST","MASANAM, MALLIKHARJUNA RAO & RAMYA PRIYA BALLA",
"R533321",,,"101 NAUTICAL CIR, ROUND ROCK, TX  78681","S10763 - HIGHLAND HORIZON PH 3, BLOCK E, Lot 13, ACRES 0.41","KODURI, NARAYANA & SAILAJA",
"R359321",,,"17716 BOX CANYON TER, ROUND ROCK, TX  78681","S6416 - Stone Canyon Sec 2, BLOCK L, Lot 37","SHAH, SHEFALI SATYEN (TOD)",
"R587546",,,"1541 REPRISE BND, ROUND ROCK, TX  78681","S12126 - HAIRY MAN PH 1, BLOCK B, Lot 26","NERUSU, RAJESH & RAMYA AREPU",
"R650338",,,"1317 ROBIN TRL, ROUND ROCK, TX  78681","S13315 - SAULS RANCH EAST, BLOCK E, Lot 48","ENJA, MANASA & BHARADWAJ VENKATESAN",
"R391032",,,"8002 MAGIC MOUNTAIN CV, ROUND ROCK, TX  78681","S7133 - Stone Canyon Sec 7a, BLOCK I, Lot 10","RAWAT, ANKIT & SRESHTA RAJ RAMDASPALLI",
"R533300",,,"517 CARINA DR, ROUND ROCK, TX  78681","S10763 - HIGHLAND HORIZON PH 3, BLOCK C, Lot 19, ACRES 0.19","PARTHASARATHY, BADRINARAYAN & PRIYANKA RAJENDRA IYER",
"R390959",,,"8500 GLEN CANYON DR, ROUND ROCK, TX  78681","S7098 - Stone Canyon Sec 6c, BLOCK E, Lot 5","JAGOTA, MADHUR",
"R545653",,,"4022 FLOWSTONE LN, ROUND ROCK, TX  78681","S11096 - HIGHLANDS AT MAYFIELD RANCH SEC 3, BLOCK B, Lot 29","SHIVAPURAM, SANJAYKUMAR K & MONIKA ANJALI",
"R358318",,,"7007 ALBACETE LN, ROUND ROCK, TX  78681","S6331 - Cat Hollow Sec A Ph 2, BLOCK H, Lot 18","SIJARIA, RAJESH KUMAR & SHILPI K GUPTA",
"R547454",,,"4547 KATHERINE DR, ROUND ROCK, TX  78681","C652 - GARDENS AT MAYFIELD CONDOS, UNIT 206, 0.833% COMMON AREA INTEREST, 0.1562 AC","KAPIL JAKHAR & PARUL JHORAR CO-TRS OF THE JAKHAR LIVING TRUST",
"R391107",,,"7422 MAGIC MOUNTAIN LN W, ROUND ROCK, TX  78681","S7135 - Stone Canyon Sec 7b, BLOCK I, Lot 77","MARGHASAHAYAM, SRINIVASAN",
"R479577",,,"3519 ALEXANDRITE WAY, ROUND ROCK, TX  78681","S9060 - WALSH RANCH SEC 3, BLOCK A, Lot 20","BANSAL, SHIV KUMAR & KONIKA AGGARWAL",
"R440796",,,"3216 RANCH PARK TRL, ROUND ROCK, TX  78681","S8265 - Behrens Ranch Ph C Sec 5, BLOCK H, Lot 38","KUSHWAHA, SUNDEEP KUMAR (TOD) & JYOTSNA VERMA (TOD)",
"R650709",,,"2605 SAM BASS RD, UNIT #26, ROUND ROCK, TX  78681","C793 - CLEAR CREEK RANCH CONDO, UNIT 26, 0.90% COMMON AREA INTEREST","DESHMUKH, PALLAV (TOD) & BHAGYASHREE BHALCHANDRA (TOD)",
"R650248",,,"1318 CARDINAL LN, ROUND ROCK, TX  78681","S13315 - SAULS RANCH EAST, BLOCK C, Lot 4","GHADIYARAM, KRISHNA KARTIK & VIJAYA MADHURI YADDANAPUDI",
"R424318",,,"4508 ARIA CV, ROUND ROCK, TX  78681","S8049 - Sendero Springs Sec 2, BLOCK K, Lot 52","VASUDEVAN, BHARATH & RAMYA",
"R533661",,,"3451 MAYFIELD RANCH BLVD, UNIT #712, ROUND ROCK, TX  78681","C622 - PRESERVE AT MAYFIELD RANCH CONDO, UNIT 712, 0.641% COMMON AREA INTEREST","MADHUKAR, AMIT & SWATI VATSA",
"R483823",,,"2964 AGAVE LOOP, ROUND ROCK, TX  78681","S9294 - BEHRENS RANCH PH D SEC 3B, BLOCK E, Lot 37","GEORGE, PRAMOD DANIEL & RENJINI JOSE",
"R460546",,,"808 HIDDEN GLEN DR, ROUND ROCK, TX  78681","S8715 - HIDDEN GLEN PH 5A, BLOCK M, Lot 65","RANGARI, AMIT HARIDAS & VAISHALI AMIT",
"R520652",,,"117 ALONDRA WAY, ROUND ROCK, TX  78681","S10365 - SENDERO SPRINGS SEC 7, BLOCK S, Lot 51","VIKRAM REDDY KANKANALA & SWATHI VENMULA OF VKSV FAMILY REVOCABLE TRUST",
"R520630",,,"568 CASCADA LN, ROUND ROCK, TX  78681","S10365 - SENDERO SPRINGS SEC 7, BLOCK S, Lot 29","KAILASAM, VIJAYAKUMAR (TOD)",
"R597381",,,"1314 OVERTURE PL, ROUND ROCK, TX  78681","S12337 - HAIRY MAN PH 2, BLOCK A, Lot 6","KAIRAMKONDA, SRINIVAS & CHAITRA ARSHANAPALLI",
"R488168",,,"4328 ANGELICO LN, ROUND ROCK, TX  78681","S9436 - SENDERO SPRINGS SEC 5, BLOCK I, Lot 19","KRISHNASAMY, SOMASUNDARAM & PAVITHRA RAJAMANI",
"R466796",,,"2537 CHAROLAIS CT, ROUND ROCK, TX  78681","S8781 - BEHRENS RANCH PH E SEC 1, BLOCK B, Lot 34","SATHYANARAYANAN, SHRIRAM & ANJANI K MITIKIRI",
"R488128",,,"4200 CANCELO WAY, ROUND ROCK, TX  78681","S9436 - SENDERO SPRINGS SEC 5, BLOCK H, Lot 19","LOHCHAB, HANNY (TOD) &RITIKA RAKESHBHAI SOOD (TOD)",
"R587565",,,"1706 REPRISE BND, ROUND ROCK, TX  78681","S12126 - HAIRY MAN PH 1, BLOCK C, Lot 17","MORTHALA, RAHUL",
"R650661",,,"200 TESLA CIR, ROUND ROCK, TX  78681","C792 - SOLARA AT HIGHLAND HORIZION TOWNHOMES, UNIT 200, 9.09% COMMON AREA INTEREST","KUMAR, SILPA",
"R440793",,,"3228 RANCH PARK TRL, ROUND ROCK, TX  78681","S8265 - Behrens Ranch Ph C Sec 5, BLOCK H, Lot 35","LEE QUINTIN & APARNA RAMAN",
"R460913",,,"3012 ASOMBRA LN, ROUND ROCK, TX  78681","S8713 - SENDERO SPRINGS SEC 4, BLOCK N, Lot 21","CHOUBEY, RAVI P & APARNA K",
"R423180",,,"8319 CAMPECHE BAY PL, ROUND ROCK, TX  78681","S8021 - Cat Hollow Sec B, BLOCK B, Lot 36","ODAYAMMATATH, BIJU & SEENA SHANKAR TRUSTEES OF THE NAMBIAR FAMILY REVOCABLE TRST",
"R520634",,,"612 CASCADA LN, ROUND ROCK, TX  78681","S10365 - SENDERO SPRINGS SEC 7, BLOCK S, Lot 33","SRINIVAS, DWARAKA NATH & HEMA",
"R361133",,,"1208 LACEY OAK LOOP, ROUND ROCK, TX  78681","S6273 - Oak Hollow, BLOCK C, Lot 5","PARUCHURI, SRINIVASA R & PADMAJA PALADUGU",
"R498504",,,"2275 PARK PLACE CIR, ROUND ROCK, TX  78681","S9763 - ARBOR PLACE PH 2, BLOCK C, Lot 4","RAO, SRINATH R & VIDYA N SRINATH",
"R604626",,,"7246 SHOSHONI LOOP, ROUND ROCK, TX  78681","S12477 - RESERVE AT WYOMING SPRINGS, BLOCK C, Lot 10","INDRAKANTI, SHRAVAN KUMAR & NAGARAJU RASHMI",
"R533328",,,"412 SOUTHERN CARINA DR, ROUND ROCK, TX  78681","S10763 - HIGHLAND HORIZON PH 3, BLOCK E, Lot 20, ACRES 0.31","ANU DIVAKARAN & MAHESH NAIR TRS DIVAKARAN & NAIR LIVING TRUST",
"R339312",,,"16904 KORAT LN, ROUND ROCK, TX  78681","S5896 - Cat Hollow Sec 1-a, BLOCK D, Lot 7","DE SILVA NANDA (LE)",
"R520653",,,"115 ALONDRA WAY, ROUND ROCK, TX  78681","S10365 - SENDERO SPRINGS SEC 7, BLOCK S, Lot 52","SHRESTHA, SUMAN K & ANU",
"R533233",,,"520 CARINA DR, ROUND ROCK, TX  78681","S10763 - HIGHLAND HORIZON PH 3, BLOCK A, Lot 6, ACRES 0.15","DASARA, SOMA SEKHAR & LAKSHMI RAJITHA THOTA",
"R071841",,,"801 BLUFF DR, ROUND ROCK, TX  78681","ROUND ROCK WEST SEC 3 REV, LOT PT 7, (AKA LOT 7C)","VAKHARIA, DINESH J TRUSTEE OF THE VAKHARIA REVOC LIVING TRUST",
"R533637",,,"3451 MAYFIELD RANCH BLVD, UNIT #602, ROUND ROCK, TX  78681","C622 - PRESERVE AT MAYFIELD RANCH CONDO, UNIT 602, 0.641% COMMON AREA INTEREST","VELAYUTHAM, RAMESHKUMAR",
"R533232",,,"600 CARINA DR, ROUND ROCK, TX  78681","S10763 - HIGHLAND HORIZON PH 3, BLOCK A, Lot 5, ACRES 0.15","SAMIR JAGDISHBHAI PATEL & DHRUTI SAMIR PATEL CO TRS S&D PATEL LIVING TRUST",
"R478427",,,"3263 SANIBEL CT, ROUND ROCK, TX  78681","S9037 - HIDDEN GLEN PH 5B, BLOCK M, Lot 44","KADAM, VINAY & PRACHI SHETYE",
"R081243",,,"2204 PARKLAND CV, ROUND ROCK, TX  78681","OAKLANDS SEC 3A, BLOCK H, LOT 25","CHINNASWAMY, ROHITH & MYTHILY JAGANATHAN",
"R535583",,,"3823 ASHBURY RD, ROUND ROCK, TX  78681","S10797 - HIGHLANDS AT MAYFIELD RANCH SEC 7, BLOCK DD, Lot 7","GOPALAKRISBNAN, KARMACHANDRAN",
"R441205",,,"3208 BLUE RIDGE DR, ROUND ROCK, TX  78681","S8246 - Preserve At Stone Oak Ph 4 Sec 1, BLOCK CC, Lot 3","GUPTA, SNEHAL",
"R597976",,,"3821 WINNIE PL, ROUND ROCK, TX  78681","S12379 - HIGHLANDS AT MAYFIELD RANCH SEC 14, BLOCK G, Lot 139","MAHAJAN, ANIRUDHA ATUL & MANASI RAVINDRA SUBHEDAR",
"R092551",,,"1523 LATIGO TRCE, ROUND ROCK, TX  78681","HERMITAGE THE SEC 2, BLOCK F, LOT 27","DMELLO, INDRA AGNES",
"R405321",,,"1348 BECCA TEAL PL, ROUND ROCK, TX  78681","S7562 - Wood Glen Sec 6, BLOCK A, Lot 10","BHOJ, ANANTH N & VIDYA PANDARINATH",
"R405389",,,"3202 WHISPERING WOODS CT, ROUND ROCK, TX  78681","S7555 - Behrens Ranch Ph B Sec 1, BLOCK E, Lot 41","SHARMA, RAJIV & AARINA",
"R370361",,,"8813 GLEN CANYON DR, ROUND ROCK, TX  78681","S6627 - Stone Canyon Sec 6b, BLOCK H, Lot 9","SATASIA, KANUBHAI G",
"R303137",,,"8500 PRIEST RIVER DR, ROUND ROCK, TX  78681","FERN BLUFF SEC 2 AMD, BLOCK B, LOT 4","SWAMINATHAN SELVAKUMAR & KAVITHA RATHINAM (RS)",
"R511350",,,"100 E ADELANTA PL, ROUND ROCK, TX  78681","S10107 - SENDERO SPRINGS SEC 6, BLOCK C, Lot 1, ACRES 0.165","HASSAN, SYED & TANJIMA HUSSAIN",
"R431950",,,"3612 DERBY TRL, ROUND ROCK, TX  78681","S8188 - Mayfield Ranch Sec 1, BLOCK L, Lot 9","DHARMAGADDA, TUSHNEEM & LISA R INCHANI",
"R429423",,,"3332 GOLDENOAK CIR, ROUND ROCK, TX  78681","S8125 - Behrens Ranch Ph C Sec 1-c, BLOCK D, Lot 2","NARAYANAN, MAHESH & POORNIMA RAJAGOPALAN",
"R533267",,,"201 GENNAKER DR, ROUND ROCK, TX  78681","S10763 - HIGHLAND HORIZON PH 3, BLOCK B, Lot 29, ACRES 0.14","SALIM, TANUJA & SHIRAZ SALEEM",
"R487932",,,"2729 MIRASOL LOOP, ROUND ROCK, TX  78681","S9439 - BEHRENS RANCH PH F SEC 2, BLOCK A, Lot 8","NIZAMBAD, PAVAN K & KAVITHA KRISHNASWAMY",
"R604602",,,"7324 SHOSHONI TRL, ROUND ROCK, TX  78681","S12477 - RESERVE AT WYOMING SPRINGS, BLOCK A, Lot 7","VIJAYA, SREEVEENA DHARWAR & VASUKI NAGENDRA",
"R453968",,,"3611 FOSSILWOOD WAY, ROUND ROCK, TX  78681","S8649 - VILLAGE AT MAYFIELD RANCH PH 2A, BLOCK D, Lot 24","MELEVEETIL, SREEJITH A & SEENA NARAYANAN",
"R059238",,,"810 POWDERHORN DR, ROUND ROCK, TX  78681","S3258 - Brushy Creek Sec 1 (or South), BLOCK 10, Lot 29","SELVAM, MUKUNDHAN",
"R466722",,,"3005 SUMAC CT, ROUND ROCK, TX  78681","S8846 - BEHRENS RANCH PH C SEC 2, BLOCK A, Lot 14","SIBAL, ANISH & MINOO ARORA",
"R547458",,,"4561 KATHERINE DR, ROUND ROCK, TX  78681","C652 - GARDENS AT MAYFIELD CONDOS, UNIT 210, 0.833% COMMON AREA INTEREST, 0.142 AC","BALASUBRAMANIAN, RAJESH KUMAR & POORNITHA RAMESH KUMAR",
"R390906",,,"17406 MONTANA FALLS DR, ROUND ROCK, TX  78681","S7098 - Stone Canyon Sec 6c, BLOCK A, Lot 7","MADURU, SHIVA KUMAR",
"R443202",,,"3752 TURETELLA DR, ROUND ROCK, TX  78681","S8407 - Village Of Mayfield Ranch Ph 1, BLOCK B, Lot 38","TIWARI, ANIRUDH & TANVI DILIP KOTIBHASKAR",
"R487943",,,"2685 MIRASOL LOOP, ROUND ROCK, TX  78681","S9439 - BEHRENS RANCH PH F SEC 2, BLOCK A, Lot 19","KARANAM, CHANDRASEKHAR",
"R587525",,,"1512 OVERTURE PL, ROUND ROCK, TX  78681","S12126 - HAIRY MAN PH 1, BLOCK B, Lot 6","NEDIAKALA, MEHARO MOHAN & HONEY SEBASTIAN",
"R577161",,,"3819 PARK POINT PATH, ROUND ROCK, TX  78681","S11919 - HIGHLANDS AT MAYFIELDS RANCH SEC 12B, BLOCK Q, Lot 30","SHAH, SAGARKUMAR N & VIDHI SHAILESH",
"R440783",,,"3308 RANCH PARK TRL, ROUND ROCK, TX  78681","S8265 - Behrens Ranch Ph C Sec 5, BLOCK H, Lot 25","BHASKAR & SNEHA A MANAM COTRS BHASKAR & SNEHA MANAM FAMILY LIVING TRUST",
"R483856",,,"2909 PORTULACA DR, ROUND ROCK, TX  78681","S9295 - BEHRENS RANCH PH D SEC 5, BLOCK B, Lot 48","KUMAR, MANOJ K & BONISHA SOUNDARRAJA",
"R522795",,,"3451 MAYFIELD RANCH BLVD, UNIT #309, ROUND ROCK, TX  78681","C622 - PRESERVE AT MAYFIELD RANCH CONDO, UNIT 309, 0.641% COMMON AREA INTEREST","BHATT, UMA & BHARAT K",
"R479764",,,"3595 ALEXANDRITE WAY, ROUND ROCK, TX  78681","S9108 - WALSH RANCH SEC 1, BLOCK A, Lot 1","GOLLA, SUBHASH & MADHURI DARA",
"R087483",,,"1901 SPRINGWATER DR, ROUND ROCK, TX  78681","OAKLANDS THE SEC 1-A, BLOCK A, LOT 17","RASTE, NEHA NITIN & PHANEENDRA PAGADALA",
"R479795",,,"3300 ALEXANDRITE WAY, ROUND ROCK, TX  78681","S9108 - WALSH RANCH SEC 1, BLOCK D, Lot 3","BALAKRISHNAN, SURESH & ANIMA PACHAT",
"R650448",,,"1043 SONATA PL, ROUND ROCK, TX  78681","S13315 - SAULS RANCH EAST, BLOCK G, Lot 21","NAGELLA, NISHANTH & BINDU ELAKURTHI",
"R482823",,,"2641 MIRASOL LOOP, ROUND ROCK, TX  78681","S9281 - BEHRENS RANCH PH F SEC 1, BLOCK A, Lot 30","RAJU VENKATA  LAKKAMRAJU & ANURADHA LAKKAMRAJU TRS RAKA TRUST",
"R488937",,,"2410 GREAT OAKS DR, UNIT #403, ROUND ROCK, TX  78681","C736 - WOODS AT GREAT OAKS CONDO, BUILDING 4, UNIT 403, 2.632% COMMON AREA INTEREST, (PH 4)","CHIRAYATH, VINOD",
"R650751",,,"2605 SAM BASS RD, UNIT #68, ROUND ROCK, TX  78681","C793 - CLEAR CREEK RANCH CONDO, UNIT 68, 0.90% COMMON AREA INTEREST","VADDI, KAVYAJA & PAVAN KUMAR KANCHERLAPALLI",
"R501726",,,"2616 DALEA ST, ROUND ROCK, TX  78681","S9835 - BEHRENS RANCH PH D SEC 6, BLOCK H, Lot 20","CHIGURUPATI, SADASIVA RAO (TOD) & ANURADHA ALOKAM (TOD)",
"R547481",,,"4651 KATHERINE DR, ROUND ROCK, TX  78681","C652 - GARDENS AT MAYFIELD CONDOS, UNIT 502, 0.833% COMMON AREA INTEREST, 0.1183 AC","VENNAVALLI, HEMANTHA K & LEELAVATHI",
"R587533",,,"2436 SOPRANO WAY, ROUND ROCK, TX  78681","S12126 - HAIRY MAN PH 1, BLOCK B, Lot 14","JOSHI, GANESH & URVASHI NIGHOJKAR",
"R547516",,,"3825 CHANCE LOOP, ROUND ROCK, TX  78681","C652 - GARDENS AT MAYFIELD CONDOS, UNIT 710, 0.833% COMMON AREA INTEREST, 0.1264 AC","NAGARAJAN, SUDHAKARAN & SUGANYA ARTHANARI",
"R587549",,,"1603 REPRISE BND, ROUND ROCK, TX  78681","S12126 - HAIRY MAN PH 1, BLOCK C, Lot 1","NARAYANA, MADHUSUDHAN & NISHA JINNAGARA KEMPAIAH",
"R351354",,,"3613 GALENA HILLS LOOP, ROUND ROCK, TX  78681","S5968 - Vista Oaks Sec 3 B, BLOCK C, Lot 16","JAVED, AISHA M & MOHAMMED MUSTAFA MUNAWER KHAN",
"R358458",,,"6007 ALMELO DR, ROUND ROCK, TX  78681","S6332 - Cat Hollow Sec A Ph 3, BLOCK F, Lot 32","CHARU PANDHI TR OF THE CHARU PANDHI LIVING TRUST",
"R487183",,,"3309 PINE NEEDLE CIR, ROUND ROCK, TX  78681","S9339 - VILLAGE AT MAYFIELD RANCH PH 5, BLOCK G, Lot 26","PULIADI, JOTHILAL",
"R522802",,,"3451 MAYFIELD RANCH BLVD, UNIT #317, ROUND ROCK, TX  78681","C622 - PRESERVE AT MAYFIELD RANCH CONDO, UNIT 317, 0.641% COMMON AREA INTEREST","SINGHAL, SHRAWAN",
"R399878",,,"16529 AVARANCHE WAY, ROUND ROCK, TX  78681","S7304 - Cat Hollow Sec A Ph 6, BLOCK M, Lot 101","HIMANI, FATIMA A & ASIF S",
"R587556",,,"1701 REPRISE CV, ROUND ROCK, TX  78681","S12126 - HAIRY MAN PH 1, BLOCK C, Lot 8","SHINDE, SATYAJIT & UTKARSHA PATIL",
"R399224",,,"4326 ROCK HILL RD, ROUND ROCK, TX  78681","S7375 - Vista Oaks Sec 6c, BLOCK B, Lot 6","APARNA SATYAVOLU MOHAN POTHUKUCHI TRUST",
"R533295",,,"140 GENNAKER DR, ROUND ROCK, TX  78681","S10763 - HIGHLAND HORIZON PH 3, BLOCK C, Lot 14, ACRES 0.16","VENKALA, CHENNAKESAVA REDDY & MANGATAYARU GUDURI",
"R533237",,,"504 CARINA DR, ROUND ROCK, TX  78681","S10763 - HIGHLAND HORIZON PH 3, BLOCK A, Lot 10, ACRES 0.15","PARVATANENI, SATISH & BRAHMANI YELLINA",
"R304312",,,"8201 LONGDRAW DR, ROUND ROCK, TX  78681","FERN BLUFF SEC 3A, BLOCK E, LOT 16","RAMAKRISHNAN, NARESH & VIVINYA GUNASEKARAN",
"R460886",,,"4002 MIRADOR CV, ROUND ROCK, TX  78681","S8713 - SENDERO SPRINGS SEC 4, BLOCK K, Lot 18","FERNANDES, RISBURT & PREETI PETER DSOUZA",
"R650747",,,"2605 SAM BASS RD, UNIT #64, ROUND ROCK, TX  78681","C793 - CLEAR CREEK RANCH CONDO, UNIT 64, 0.90% COMMON AREA INTEREST","SHARMA, ADITYA & SHIVIKA JAGWANI",
"R511344",,,"100 CASCADA LN, ROUND ROCK, TX  78681","S10107 - SENDERO SPRINGS SEC 6, BLOCK B, Lot 42, ACRES 0.206","MISHRA, VIVEK K & DIVYA",
"R530582",,,"4010 GEARY ST, ROUND ROCK, TX  78681","S10686 - HIGHLANDS AT MAYFIELD RANCH SEC 2B, BLOCK F, Lot 13","JAIN, VIVEK K & SHUBHAM",
"R611278",,,"7805 LARAMIE BND, ROUND ROCK, TX  78681","S12592 - RESERVE AT WYOMING SPRINGS (BLK C LTS 30 & 31 AMD), BLOCK C, Lot 30, ACRES 0.6462","KANTIPUDI, PRAVEEN KUMAR & SRUTHI ANDRU",
"R604608",,,"7205 SHOSHONI LOOP, ROUND ROCK, TX  78681","S12477 - RESERVE AT WYOMING SPRINGS, BLOCK B, Lot 2","VUPPALA, VIJAYA BHASKER & SHAILAJA MERUGU",
"R604633",,,"7274 SHOSHONI LOOP, ROUND ROCK, TX  78681","S12477 - RESERVE AT WYOMING SPRINGS, BLOCK C, Lot 17","ENUGONDA, VENKATA SURENDRA PRATHAP",
"R059759",,,"2503 GREAT OAKS DR, ROUND ROCK, TX  78681","S3265 - Brushy Creek North Sec 1, BLOCK 4, Lot 16","BALASUBRAMANIAN, KAMESH SIVARAMAN & VEENA KAMESH",
"R359327",,,"17702 BOX CANYON TER, ROUND ROCK, TX  78681","S6416 - Stone Canyon Sec 2, BLOCK L, Lot 43","SINGH, LAKHBIR & TAJINDER KAUR",
"R520592",,,"104 FAROLA CV, ROUND ROCK, TX  78681","S10365 - SENDERO SPRINGS SEC 7, BLOCK R, Lot 42","BODDU, KARUNAKAR REDDY & HARITHA R",
"R466763",,,"2548 SALORN WAY, ROUND ROCK, TX  78681","S8781 - BEHRENS RANCH PH E SEC 1, BLOCK A, Lot 12","GOVINDAN, SANKAR & LAXMI NANDAKUMAR MENON",
"R423190",,,"8320 CAMPECHE BAY PL, ROUND ROCK, TX  78681","S8021 - Cat Hollow Sec B, BLOCK B, Lot 46","RAO, SHESHAGIRI & SHUBHALAKSHMI S",
"R303854",,,"8301 BROKEN BRANCH DR, ROUND ROCK, TX  78681","FERN BLUFF SEC 3A, BLOCK A, LOT 12","ASHOK, VELAYUDHAM G",
"R479591",,,"3327 MARCASITE DR, ROUND ROCK, TX  78681","S9060 - WALSH RANCH SEC 3, BLOCK B, Lot 4","MALEMPATI, SARADA & SAMBASIVA R VELAMA",
"R414085",,,"2706 CEDAR SPRINGS PL, ROUND ROCK, TX  78681","S7608 - Behrens Ranch Ph B Sec 2, BLOCK B, Lot 19","PAREKH, BRIJITA & PRASHANT",
"R370367",,,"9000 WILDWATER, ROUND ROCK, TX  78681","STONE CANYON SEC 6B, BLOCK H, LOT 15","SARKAR RAJKUMAR & MUKHERJEE MAFHUBANTI TRUSTEES OF THE SARKAR MUKHERJEE TRUST",
"R600420",,,"4359 MAYFIELD RANCH BLVD, ROUND ROCK, TX  78681","S12403 - HIGHLANDS AT MAYFIELD RANCH SEC 11, BLOCK V, Lot 14","AHMAD, FAHIM & NOORAM CHOUDHURY",
"R597387",,,"2443 SOPRANO WAY, ROUND ROCK, TX  78681","S12337 - HAIRY MAN PH 2, BLOCK A, Lot 13","KUNWOR, PUSPA & RANJU PATHAK",
"R399989",,,"3324 CANTERA WAY, ROUND ROCK, TX  78681","S7346 - Preserve At Stone Oak Ph 2 Sec 2, BLOCK H, Lot 16","BIR, ADITI",
"R533622",,,"3451 MAYFIELD RANCH BLVD, UNIT #264, ROUND ROCK, TX  78681","C622 - PRESERVE AT MAYFIELD RANCH CONDO, UNIT 264, 0.641% COMMON AREA INTEREST","VADDAGIRI & SOUMYA PRANESH, MURALI",
"R597994",,,"3821 SIR NOAH TUCKER DR, ROUND ROCK, TX  78681","S12379 - HIGHLANDS AT MAYFIELD RANCH SEC 14, BLOCK R, Lot 24","MANNAVA, DILIP & SUSHMA PATHURL",
"R598017",,,"4339 HOOD PARK DR, ROUND ROCK, TX  78681","S12379 - HIGHLANDS AT MAYFIELD RANCH SEC 14, BLOCK U, Lot 17","CHALUVADI, SINDHURA",
"R597972",,,"3820 WINNIE PL, ROUND ROCK, TX  78681","S12379 - HIGHLANDS AT MAYFIELD RANCH SEC 14, BLOCK G, Lot 135","RANGANATHAN, KASTURI",
"R533231",,,"604 CARINA DR, ROUND ROCK, TX  78681","S10763 - HIGHLAND HORIZON PH 3, BLOCK A, Lot 4, ACRES 0.15","MARYALA, SUNIL KUMAR & SUJATHA",
"R533234",,,"516 CARINA DR, ROUND ROCK, TX  78681","S10763 - HIGHLAND HORIZON PH 3, BLOCK A, Lot 7, ACRES 0.15","DAVERPALLY, ASHOK KUMAR & SREE SWATHY SALAPU",
"R533296",,,"144 GENNAKER DR, ROUND ROCK, TX  78681","S10763 - HIGHLAND HORIZON PH 3, BLOCK C, Lot 15, ACRES 0.15","MARELLA, NAGESHWAR REDDY & SWAROOPA KOTHAPALLY",
"R423265",,,"3106 PERUGA LN, ROUND ROCK, TX  78681","S8021 - Cat Hollow Sec B, BLOCK C, Lot 6","SIRAJ, MOHAMMAD",
"R498413",,,"2144 PARK PLACE CIR, ROUND ROCK, TX  78681","S9758 - ARBOR PLACE PH 1, BLOCK A, Lot 39","GULATI, ANURANJAN & NEERU",
"R511278",,,"105 E ADELANTA PL, ROUND ROCK, TX  78681","S10107 - SENDERO SPRINGS SEC 6, BLOCK A, Lot 3, ACRES 0.17","CHRISTIAN, JAGDISH SAMUEL & NUTAN JAGDISH",
"R488114",,,"3507 EAGLE WAY, ROUND ROCK, TX  78681","S9436 - SENDERO SPRINGS SEC 5, BLOCK H, Lot 5","ARORA, ANIL & MANINDER KAUR",
"R418697",,,"2700 COVINGTON PL, ROUND ROCK, TX  78681","S7912 - Behrens Ranch Ph D Sec 2, BLOCK F, Lot 1","PATEL, HARDIKPRASAD",
"R533292",,,"128 GENNAKER DR, ROUND ROCK, TX  78681","S10763 - HIGHLAND HORIZON PH 3, BLOCK C, Lot 11, ACRES 0.19","JAIN, ASEEM",
"R547495",,,"4748 COLLINS ST, ROUND ROCK, TX  78681","C652 - GARDENS AT MAYFIELD CONDOS, UNIT 605, 0.833% COMMON AREA INTEREST, 0.1338 AC","RAMAMURTHY, PRAKASH & SANTHI PRAKASH",
"R415858",,,"3401 LUMINOSO LN W, ROUND ROCK, TX  78681","S7769 - Sendero Springs Sec 1, BLOCK D, Lot 8","JAMNAGERWALLA, ZAINAB & JUZAR & RASHIDA A",
"R302557",,,"1012 HAWK CT, ROUND ROCK, TX  78681","S4280 - Oakcreek Sec 1, BLOCK K, Lot 57, ACRES 0.165","BILAL, ASR",
"R595998",,,"4418 HANNOVER WAY, ROUND ROCK, TX  78681","S12327 - HIGHLANDS AT MAYFIELD RANCH SEC 10B, BLOCK W, Lot 2","AROLKER, SWAPNIL & MONICA RAVAN",
"R478527",,,"3201 MAYFIELD RANCH CV, ROUND ROCK, TX  78681","S9151 - MAYFIELD RANCH ENCLAVE PH 1, Lot 1","JAIN, YOGESH (TOD) & SURBHI (TOD)",
"R547525",,,"3802 CHANCE LOOP, ROUND ROCK, TX  78681","C652 - GARDENS AT MAYFIELD CONDOS, UNIT 719, 0.833% COMMON AREA INTEREST, 0.148 AC","WAGLE, NARAYAN & LAXMI LAMICHHANE",
"R466864",,,"2427 SALORN WAY, ROUND ROCK, TX  78681","S8855 - BEHRENS RANCH PH E SEC 2, BLOCK B, Lot 16","SAKTHIVEL THANGAVEL & THARANI N GOPALAKRISHNAN OF STTG FMLY RVCBL TST",
"R379039",,,"2603 BRUNSTON CT, ROUND ROCK, TX  78681","S6866 - Wood Glen Sec 1 Ph 3, BLOCK A, Lot 51","NILESHKUMAR C & DIPA B PATEL CO TRS NDTI REVOCABLE TRUST",
"R429458",,,"3010 BRIAR OAK LN, ROUND ROCK, TX  78681","S8125 - Behrens Ranch Ph C Sec 1-c, BLOCK F, Lot 9","GUPTA, SAMEER & ABHILASHA",
"R423229",,,"3200 AQUILA CT, ROUND ROCK, TX  78681","S8021 - Cat Hollow Sec B, BLOCK B, Lot 85","BOHRA, MAHESH S & ANSHU",
"R533310",,,"208 SOUTHERN CARINA DR, ROUND ROCK, TX  78681","S10763 - HIGHLAND HORIZON PH 3, BLOCK E, Lot 2, ACRES 0.3","ROPIREDDY, DEEPAK & ANUPAMA ALAREDDY",
"R414123",,,"2826 STONECREEK PL, ROUND ROCK, TX  78681","S7608 - Behrens Ranch Ph B Sec 2, BLOCK C, Lot 6","GAURAV AGARWAL & RUCHIKA GUPTA AS CO-TRS OF THE GARG FAMILY REVOCABLE TRUST",
"R460838",,,"3001 ANGELICO CV, ROUND ROCK, TX  78681","S8713 - SENDERO SPRINGS SEC 4, BLOCK F, Lot 18","GUJRAL, KAMALPREET S & RADHIKA P CHAVAN",
"R487946",,,"2673 MIRASOL LOOP, ROUND ROCK, TX  78681","S9439 - BEHRENS RANCH PH F SEC 2, BLOCK A, Lot 22","THANGAVELU, GOVINDASAMY",
"R547514",,,"3833 CHANCE LOOP, ROUND ROCK, TX  78681","C652 - GARDENS AT MAYFIELD CONDOS, UNIT 708, 0.833% COMMON AREA INTEREST, 0.1605 AC","HARISH BONDLAPATI & MAMATHA RUPINENI TRUSTEES OF BONDALAPATI LIVING TRUST",
"R423178",,,"8303 CAMPECHE BAY PL, ROUND ROCK, TX  78681","S8021 - Cat Hollow Sec B, BLOCK B, Lot 34","BANDARUPALLI, PRASAD & MANJULA",
"R547484",,,"4656 KATHERINE DR, ROUND ROCK, TX  78681","C652 - GARDENS AT MAYFIELD CONDOS, UNIT 505, 0.833% COMMON AREA INTEREST, 0.1441 AC","GIRDHAR, AMIT",
"R552280",,,"4222 ARQUES AVE, ROUND ROCK, TX  78681","S11277 - HIGHLANDS AT MAYFIELD RANCH SEC 12A, BLOCK A, Lot 128","RAO, RAVI & RATNA",
"R547562",,,"4508 BRANDON CT, ROUND ROCK, TX  78681","C652 - GARDENS AT MAYFIELD CONDOS, UNIT 1107, 0.833% COMMON AREA INTEREST, 0.1281 AC","RAGHAVENDRA, SATHYANARAYANA RAO",
"R547547",,,"4620 COLLINS ST, ROUND ROCK, TX  78681","C652 - GARDENS AT MAYFIELD CONDOS, UNIT 908, 0.833% COMMON AREA INTEREST, 0.1273 AC","KADIAM, VINAY KUMAR",
"R547566",,,"4516 BRANDON CT, ROUND ROCK, TX  78681","C652 - GARDENS AT MAYFIELD CONDOS, UNIT 1111, 0.833% COMMON AREA INTEREST, 0.1874 AC","DAVULURI, HANUMANTHARAO D & APARNA DEVI GANDRU",
"R466733",,,"3010 STONECREEK DR, ROUND ROCK, TX  78681","S8846 - BEHRENS RANCH PH C SEC 2, BLOCK B, Lot 42","NAIR, SMITHA SATHINADHAN (TOD) & TAMAGHNA MANDAL (TOD)",
"R488188",,,"4224 ADAGIO PL, ROUND ROCK, TX  78681","S9436 - SENDERO SPRINGS SEC 5, BLOCK J, Lot 14","BANDARU, GOPI & SUREKHA KALAGA VENKATA LAKSHMI",
"R453499",,,"3841 LAGOONA DR, ROUND ROCK, TX  78681","S8524 - MAYFIELD RANCH SEC 6, BLOCK H, Lot 4, ACRES 0.17, [TU Pct]","DASGUPTA, ANIRUDDHA (TOD) & PALLAVI (TOD)",
"R467450",,,"2981 OVERLAND, ROUND ROCK, TX  78681","S8810 - BRUSHY CREEK SEC 5, BLOCK A, Lot 9","SIRAVOORI, SUBRAMANYA",
"R587542",,,"1525 REPRISE BND, ROUND ROCK, TX  78681","S12126 - HAIRY MAN PH 1, BLOCK B, Lot 22","CHETHAN HOSKOPPA & SUJNA T JAGANNATH CO TRS CHETHAN SUJNA LIVING TRUST",
"R424304",,,"3302 LUMINOSO LN E, ROUND ROCK, TX  78681","S8049 - Sendero Springs Sec 2, BLOCK K, Lot 38","DESHPANDE, SAMIR & DEEPA",
"R533337",,,"304 SOUTHERN CARINA DR, ROUND ROCK, TX  78681","S10763 - HIGHLAND HORIZON PH 3, BLOCK E, Lot 29, ACRES 0.28","SAGAR, SRINIVAS & SAHANA",
"R300862",,,"1504 SYLVIA LN, ROUND ROCK, TX  78681","SOMERSET II, BLOCK A, LOT 32","KAUSIKA, VARUN",
"R498451",,,"3013 MIDWOOD LN, ROUND ROCK, TX  78681","S9758 - ARBOR PLACE PH 1, BLOCK D, Lot 13","LAKSHMINARAYANAN KRISHNAMURTHY & HAMSA SANKARAN TRS LKHS LIVING TRUST",
"R604643",,,"7701 RAWLINS CV, ROUND ROCK, TX  78681","S12477 - RESERVE AT WYOMING SPRINGS, BLOCK C, Lot 7","ARPAN HARSHADBHAI SHAH & TOSHA ARPAN SHAH TRS A&T SHAH FAMILY LIVING TRUST",
"R443223",,,"3741 TURETELLA DR, ROUND ROCK, TX  78681","S8407 - Village Of Mayfield Ranch Ph 1, BLOCK C, Lot 10","ACHARYA HARSH (TOD) & CHANDNI SHAH",
"R650235",,,"1613 CARDINAL LN, ROUND ROCK, TX  78681","S13315 - SAULS RANCH EAST, BLOCK B, Lot 11","BRAR, JASNOOR & GURPREET SINGH",
"R520635",,,"616 CASCADA LN, ROUND ROCK, TX  78681","S10365 - SENDERO SPRINGS SEC 7, BLOCK S, Lot 34","BURLA, VENUGOPAL",
"R429395",,,"3265 GOLDENOAK CIR, ROUND ROCK, TX  78681","S8125 - Behrens Ranch Ph C Sec 1-c, BLOCK B, Lot 12","DALVI, JITENDRA & KIRTI MANJREKAR",
"R533277",,,"81 MARITIME WAY, ROUND ROCK, TX  78681","S10763 - HIGHLAND HORIZON PH 3, BLOCK B, Lot 39, ACRES 0.21","PATLOLLA, PRAVEEN REDDY (TOD)",
"R650233",,,"1605 CARDINAL LN, ROUND ROCK, TX  78681","S13315 - SAULS RANCH EAST, BLOCK B, Lot 9","NATARAJAN, GANESH KARTHIK & VEERA SANTOSHI CHANDANALAKSHMI SOLASA",
"R391233",,,"7209 TWO JACKS TRL, ROUND ROCK, TX  78681","S7071 - Stone Canyon Sec 8a, BLOCK S, Lot 4","BASKARAN KANNAN & AKILA BASKARAN CO TRS BASKARAN LIVING TRUST",
"R448278",,,"3752 CERULEAN WAY, ROUND ROCK, TX  78681","S8441 - MAYFIELD RANCH SEC 5, BLOCK S, Lot 36","PATINHARAYIL, PREETH K & HARI P K VEEDU & ET AL",
"R533261",,,"133 GENNAKER DR, ROUND ROCK, TX  78681","S10763 - HIGHLAND HORIZON PH 3, BLOCK B, Lot 23, ACRES 0.14","AGRAWAL, VIKASKUMAR ASHOKKUMAR",
"R533242",,,"201 CARRACK DR, ROUND ROCK, TX  78681","S10763 - HIGHLAND HORIZON PH 3, BLOCK B, Lot 4, ACRES 0.14","JOSHI, VIVEK & MUMAL",
"R604637",,,"7290 SHOSHONI LOOP, ROUND ROCK, TX  78681","S12477 - RESERVE AT WYOMING SPRINGS, BLOCK C, Lot 21","ROUTHU, KARUNAKAR & NEELIMA CHENNAMANENI",
"R604611",,,"7217 SHOSHONI LOOP, ROUND ROCK, TX  78681","S12477 - RESERVE AT WYOMING SPRINGS, BLOCK B, Lot 5","TIWAN, DEEPAM & PRIYANKA AGRAWAL",
"R498424",,,"2100 PARK PLACE CIR, ROUND ROCK, TX  78681","S9758 - ARBOR PLACE PH 1, BLOCK A, Lot 50","ANEESH, GEORGE & GINU",
"R440795",,,"3220 RANCH PARK TRL, ROUND ROCK, TX  78681","S8265 - Behrens Ranch Ph C Sec 5, BLOCK H, Lot 37","SHAH, VISHAL & NAMRATA",
"R604654",,,"7821 LARAMIE BND, ROUND ROCK, TX  78681","S12477 - RESERVE AT WYOMING SPRINGS, BLOCK C, Lot 34","UDAY K BHEEMA & KRISHNA K PARISA TRS UDAY K BHEEMA & KRISHNA K PARISA TRUST",
"R351616",,,"18008 ROSEBUD PL, ROUND ROCK, TX  78681","S6211 - Stone Canyon Sec 1, BLOCK O, Lot 37","KONDEPUDI, PAVAN",
"R569852",,,"3938 STANYAN DR, ROUND ROCK, TX  78681","S11722 - HIGHLANDS AT MAYFIELD RANCH SEC 9, BLOCK L, Lot 12","KANNAN, BALRAJ & SHAMA RAM",
"R533655",,,"3451 MAYFIELD RANCH BLVD, UNIT #706, ROUND ROCK, TX  78681","C622 - PRESERVE AT MAYFIELD RANCH CONDO, UNIT 706, 0.641% COMMON AREA INTEREST","SHRESTHA, NABIN & BINITA",
"R511309",,,"120 W ADELANTA PL, ROUND ROCK, TX  78681","S10107 - SENDERO SPRINGS SEC 6, BLOCK B, Lot 7, ACRES 0.183","NARAYANASWAMY, SRIDHAR (TOD)",
"R598023",,,"4315 HOOD PARK DR, ROUND ROCK, TX  78681","S12379 - HIGHLANDS AT MAYFIELD RANCH SEC 14, BLOCK U, Lot 23","SOMARAJU, CHANDRASEKARA R",
"R441287",,,"4121 PEBBLE RIDGE CV, ROUND ROCK, TX  78681","S8302 - Preserve At Stone Oak Ph 4 Sec 2, BLOCK BB, Lot 6","BANGAD, ANAND JAGDISH",
"R598025",,,"4307 HOOD PARK DR, ROUND ROCK, TX  78681","S12379 - HIGHLANDS AT MAYFIELD RANCH SEC 14, BLOCK U, Lot 25","MOPIDEVI, NARASIMHA RAO & SNEHA PRIYA KOCHARLAKOTA",
"R318158",,,"3814 NEWLAND DR, ROUND ROCK, TX  78681","VISTA OAKS REV 1A & 1B, BLOCK E, LOT 23","AGGARWAL, MANISH & BARKHA ARORA",
"R520622",,,"536 CASCADA LN, ROUND ROCK, TX  78681","S10365 - SENDERO SPRINGS SEC 7, BLOCK S, Lot 21","DATAR, YOGESH G & PRANJALI DESHPANDE",
"R467463",,,"2978 OVERLAND, ROUND ROCK, TX  78681","S8810 - BRUSHY CREEK SEC 5, BLOCK B, Lot 4","PANDA, GAUTAM PRASAD & PAYAL MOHAPATRA",
"R441263",,,"3229 WINDING RIVER TRL, ROUND ROCK, TX  78681","S8302 - Preserve At Stone Oak Ph 4 Sec 2, BLOCK AA, Lot 44","AKKARAJU. VISWANATH SHARMA & SURYA PHANI VANDANA ERANKI",
"R547541",,,"4600 COLLINS ST, ROUND ROCK, TX  78681","C652 - GARDENS AT MAYFIELD CONDOS, UNIT 902, 0.833% COMMON AREA INTEREST, 0.1383 AC","VEERAMANENI, AJAY K (TOD) & SWETHA CHEPYALA (TOD)",
"R604590",,,"7801 PINEDALE CV, ROUND ROCK, TX  78681","S12477 - RESERVE AT WYOMING SPRINGS, BLOCK A, Lot 14","KODALI, BHARATH & CHAITANYA KAITA",
"R482827",,,"2625 MIRASOL LOOP, ROUND ROCK, TX  78681","S9281 - BEHRENS RANCH PH F SEC 1, BLOCK A, Lot 34","JATLA, APPARAO & SAROJINI",
"R466829",,,"2696 SALORN WAY, ROUND ROCK, TX  78681","S8855 - BEHRENS RANCH PH E SEC 2, BLOCK A, Lot 39","GOGATE, MAYURESH P & MUKTA M",
"R414121",,,"2822 STONECREEK PL, ROUND ROCK, TX  78681","S7608 - Behrens Ranch Ph B Sec 2, BLOCK C, Lot 4","ABBAS, NASIR & TASNEEM",
"R604615",,,"7249 SHOSHONI LOOP, ROUND ROCK, TX  78681","S12477 - RESERVE AT WYOMING SPRINGS, BLOCK B, Lot 9","ALAGIYA, RAVI RAMESHBHAI & RADHIKA BALVANTBHAI CHOHALIYA",
"R391311",,,"7401 TWO JACKS TRL, ROUND ROCK, TX  78681","S7134 - Stone Canyon Sec 8c, BLOCK O, Lot 216","ASATKAR, RITU VISHAL",
"R405422",,,"2905 ARBOR CT, ROUND ROCK, TX  78681","S7555 - Behrens Ranch Ph B Sec 1, BLOCK E, Lot 74","SEHGAL, ANSHUL & RICHA",
"R414195",,,"3504 HIDDEN OAKS CV, ROUND ROCK, TX  78681","S7833 - Behrens Ranch Ph B Sec 3, BLOCK E, Lot 10","BHUJABAL, BRAJENDRA & VAISHALI PRADHAN",
"R501708",,,"3028 PORTULACA DR, ROUND ROCK, TX  78681","S9835 - BEHRENS RANCH PH D SEC 6, BLOCK H, Lot 2","AMALRAJ, LOYOLA & MARY LOYOLA",
"R478535",,,"3214 MAYFIELD RANCH CV, ROUND ROCK, TX  78681","S9151 - MAYFIELD RANCH ENCLAVE PH 1, Lot 9","INAMDAR, SIDDHESH RAJESH & PREKSHA GUPTA",
"R306787",,,"8201 MILLER FALLS DR, ROUND ROCK, TX  78681","FERN BLUFF SEC 3A, BLOCK G, LOT 9","MADALIA, ATULKUMAR K & DAYABEN",
"R311565",,,"16909 SABERTOOTH DR, ROUND ROCK, TX  78681","CAT HOLLOW SEC 7, BLOCK D, LOT 8, ACRES .158","LOKHANDWALA, MURTUZA TAHER & ZAHABIYA MHOWWALA",
"R423277",,,"3107 AQUILA CT, ROUND ROCK, TX  78681","S8021 - Cat Hollow Sec B, BLOCK C, Lot 18","SRIVASTAVA, SATYA P & SANGEETA",
"R497830",,,"2851 NOLINA LN, ROUND ROCK, TX  78681","S9743 - BEHRENS RANCH PH D SEC 4, BLOCK D, Lot 4","IYER, SATHEESH G & PUSHKALA",
"R488159",,,"4411 ANGELICO LN, ROUND ROCK, TX  78681","S9436 - SENDERO SPRINGS SEC 5, BLOCK H, Lot 50","SHARMA, VISHAL",
"R479565",,,"3567 ALEXANDRITE WAY, ROUND ROCK, TX  78681","S9060 - WALSH RANCH SEC 3, BLOCK A, Lot 8","NAGARAJAN, RAJARAM & LAKSHMI RAMAMURTHY",
"R488146",,,"4414 ANGELICO LN, ROUND ROCK, TX  78681","S9436 - SENDERO SPRINGS SEC 5, BLOCK H, Lot 37","PRASAD, SACHIN (TOD) & NANCY VERMA (TOD)",
"R351381",,,"3736 GALENA HILLS LOOP, ROUND ROCK, TX  78681","S5968 - Vista Oaks Sec 3 B, BLOCK E, Lot 12","KARLE, BHUSHAN GAJANAN & MANJIRI AROLE",
"R587543",,,"1529 REPRISE BND, ROUND ROCK, TX  78681","S12126 - HAIRY MAN PH 1, BLOCK B, Lot 23","ACHANTA VENKATA CHAITANYA & YAMINI MADDIRALA",
"R443196",,,"3728 TURETELLA DR, ROUND ROCK, TX  78681","S8407 - Village Of Mayfield Ranch Ph 1, BLOCK B, Lot 32","BANDYOPADHYAY, SUBHODIP",
"R390976",,,"8617 GLEN CANYON DR, ROUND ROCK, TX  78681","S7098 - Stone Canyon Sec 6c, BLOCK I, Lot 40","PREMA, PRAVEEN & FNU GIBI",
"R520640",,,"716 CASCADA LN, ROUND ROCK, TX  78681","S10365 - SENDERO SPRINGS SEC 7, BLOCK S, Lot 39","BOMMANABOINA SRINIVAS R & MAMATHA Y JANGITI CO-TREES OF THE MAMTHAVASU FAMILY TR",
"R466777",,,"2644 SALORN WAY, ROUND ROCK, TX  78681","S8781 - BEHRENS RANCH PH E SEC 1, BLOCK A, Lot 26","MAHAT, RAJENDRA KUMAR & RUBINA CHAPAGAIN",
"R586864",,,"775 WHITETAIL DR, ROUND ROCK, TX  78681","S12112 - HIGHLANDS AT MAYFIELD RANCH SEC 13, BLOCK Q, Lot 7","NITHINKEERTHI TRUST",
"R498435",,,"2116 PARK OAK DR, ROUND ROCK, TX  78681","S9758 - ARBOR PLACE PH 1, BLOCK C, Lot 1","REDDY, RAMA MOHAN THULASI & RAMA DEVI RAMA MOHAN",
"R501679",,,"3041 PORTULACA DR, ROUND ROCK, TX  78681","S9835 - BEHRENS RANCH PH D SEC 6, BLOCK A, Lot 11","PARIHAR, ARVIND & VARTIKA BHATI",
"R488100",,,"3605 CURTIS DR, ROUND ROCK, TX  78681","S9436 - SENDERO SPRINGS SEC 5, BLOCK G, Lot 1","BAKTHAVATHSALAM, RAMESH BABU & MAHALAKSHMI RAMESH BABU",
"R501701",,,"2605 DALEA ST, ROUND ROCK, TX  78681","S9835 - BEHRENS RANCH PH D SEC 6, BLOCK G, Lot 2","AYYASWAMY, RAJESWARI & SENTHIL KUMAR PARANGUSAM",
"R479594",,,"3339 MARCASITE DR, ROUND ROCK, TX  78681","S9060 - WALSH RANCH SEC 3, BLOCK B, Lot 7","BAJAJ, MANISH K & SONIA DEORAH",
"R423305",,,"8136 CAMPECHE BAY PL, ROUND ROCK, TX  78681","S8021 - Cat Hollow Sec B, BLOCK D, Lot 26","MAKINEEDI, SREENIVAS",
"R533330",,,"404 SOUTHERN CARINA DR, ROUND ROCK, TX  78681","S10763 - HIGHLAND HORIZON PH 3, BLOCK E, Lot 22, ACRES 0.29","DEVATHI SUDHAKAR & RAMANI PADMAJA PERLA",
"R540617",,,"3836 KYLER GLEN RD, ROUND ROCK, TX  78681","S11003 - HIGHLANDS AT MAYFIELD RANCH SEC 8, BLOCK AA, Lot 22","VELE, YUVRAJ & PRAJAKTA AROLKER",
"R547522",,,"3813 CHANCE LOOP, ROUND ROCK, TX  78681","C652 - GARDENS AT MAYFIELD CONDOS, UNIT 716, 0.833% COMMON AREA INTEREST, 0.1285 AC","RAHUL B KALLURWAR & SONALI S CHAKKARWAR TRS RAAS FAMILY TRUST",
"R520570",,,"441 CASCADA LN, ROUND ROCK, TX  78681","S10365 - SENDERO SPRINGS SEC 7, BLOCK R, Lot 20","DHUNGEL, NEELAM & PREETI SINGH",
"R520642",,,"724 CASCADA LN, ROUND ROCK, TX  78681","S10365 - SENDERO SPRINGS SEC 7, BLOCK S, Lot 41","REMESH C RAMACHANDRAN & ARATHI GOPALAKRISHNAN OF REMESH FAMILY LIVING TRUST",
"R520554",,,"301 CASCADA LN, ROUND ROCK, TX  78681","S10365 - SENDERO SPRINGS SEC 7, BLOCK R, Lot 4","MADINEDI, KIRAN KUMAR",
"R483770",,,"2819 MIRASOL DR, ROUND ROCK, TX  78681","S9294 - BEHRENS RANCH PH D SEC 3B, BLOCK A, Lot 50","BHATT, JHARNA",
"R014989",,,"1907 BLACKJACK CV, ROUND ROCK, TX  78681","WOODS THE  SEC 4, BLOCK H, LOT 16","NARAYANAN, ANJANAH & ADITYA RAO",
"R496348",,,"3440 TOURMALINE TRL, ROUND ROCK, TX  78681","S9618 - WALSH RANCH SEC 4, BLOCK E, Lot 25","HAKEEM, IMTIYAZ & ASMAT Q SIDDIQI",
"R390851",,,"2824 CHATELLE DR, ROUND ROCK, TX  78681","S7219 - Wood Glen Sec 4 Ph 1, BLOCK D, Lot 11","SHAH, DEPESH & JUGNA",
"R520596",,,"725 CASCADA LN, ROUND ROCK, TX  78681","S10365 - SENDERO SPRINGS SEC 7, BLOCK R, Lot 46","CHACKO, BINOJ & SHERLY",
"R520613",,,"438 CASCADA LN, ROUND ROCK, TX  78681","S10365 - SENDERO SPRINGS SEC 7, BLOCK S, Lot 12","KROTHAPALLI, SRILAKSHMI & SREENIVASA R SUNKARA",
"R479559",,,"3591 ALEXANDRITE WAY, ROUND ROCK, TX  78681","S9060 - WALSH RANCH SEC 3, BLOCK A, Lot 2","VERMA, LOKESH & ASHISH THREJA",
"R440781",,,"3316 RANCH PARK TRL, ROUND ROCK, TX  78681","S8265 - Behrens Ranch Ph C Sec 5, BLOCK H, Lot 23","KRISHNAN, RAGHURAM & NITYA S BABU",
"R414228",,,"2450 ARBOR DR, ROUND ROCK, TX  78681","S7833 - Behrens Ranch Ph B Sec 3, BLOCK F, Lot 2","VERMA, PRAVEEN KUMAR & DIVYA",
"R372904",,,"6057 ALMELO DR, ROUND ROCK, TX  78681","S6707 - Cat Hollow Sec A Ph 5, BLOCK F, Lot 25","SAKLANI, SUNIL & NEENA",
"R392116",,,"4411 SUMMERCREST LOOP S, ROUND ROCK, TX  78681","S7231 - Vista Oaks Sec 4b, BLOCK A, Lot 27","PULAKHANDAM, WINNER",
"R478460",,,"1120 WAIMEA BND, ROUND ROCK, TX  78681","S9120 - HIDDEN GLEN PH 6B, BLOCK I, Lot 31","BALUSA, MAHESH & VARIJA",
"R431983",,,"3830 DERBY TRL, ROUND ROCK, TX  78681","S8188 - Mayfield Ranch Sec 1, BLOCK T, Lot 24","JAIN, SIDDHARTH & GARIMA",
"R587590",,,"2500 SOPRANO WAY, ROUND ROCK, TX  78681","S12126 - HAIRY MAN PH 1, BLOCK D, Lot 22","GAURAV KUMAR SRIVASTAVA & BHOOMIJA SRIVASTAVA OF GSBS FAMILY REVOCABLE TRUST",
"R650229",,,"1507 CARDINAL LN, ROUND ROCK, TX  78681","S13315 - SAULS RANCH EAST, BLOCK B, Lot 5","VARATHARAJAN, MANOJ KUMAR & KIRTHIKA MOHAN",
"R311102",,,"8319 GLEN CANYON DR, ROUND ROCK, TX  78681","FERN BLUFF SEC 2, BLOCK D, LOT 5","MEMON, MUHAMMAD TAHA",
"R475438",,,"4003 CREST CV, ROUND ROCK, TX  78681","S9086 - MAYFIELD RANCH SEC 8, BLOCK C, Lot 21","KUMAR, SHAILENDRA & PRAVINA KOTA",
"R460568",,,"801 FOLSOM CV, ROUND ROCK, TX  78681","S8715 - HIDDEN GLEN PH 5A, BLOCK O, Lot 6","REDDYREDDY, SRIDHAR R & SHRUTHI",
"R302521",,,"2112 MOCKINGBIRD DR, ROUND ROCK, TX  78681","S4280 - Oakcreek Sec 1, BLOCK K, Lot 21, ACRES 0.188","HASSAN, SYED",
"R487931",,,"2733 MIRASOL LOOP, ROUND ROCK, TX  78681","S9439 - BEHRENS RANCH PH F SEC 2, BLOCK A, Lot 7","SHILARNAV, SHASHI & ROSHNI SINHA",
"R520589",,,"116 FAROLA CV, ROUND ROCK, TX  78681","S10365 - SENDERO SPRINGS SEC 7, BLOCK R, Lot 39","MOHAN, ARAVIND KUMAR",
"R598011",,,"4631 ARQUES AVE, ROUND ROCK, TX  78681","S12379 - HIGHLANDS AT MAYFIELD RANCH SEC 14, BLOCK S, Lot 13","SHARMA, SHUBHAMAY",
"R577126",,,"4444 ARQUES AVE, ROUND ROCK, TX  78681","S11919 - HIGHLANDS AT MAYFIELDS RANCH SEC 12B, BLOCK A, Lot 161","NUTALAPATI, KARTHIK & MEENAKSHI KODATI",
"R520581",,,"553 CASCADA LN, ROUND ROCK, TX  78681","S10365 - SENDERO SPRINGS SEC 7, BLOCK R, Lot 31","KAZA, VENKATA PRIYATHAM & ESHA RAO LINGAMANENI",
"R522800",,,"3451 MAYFIELD RANCH BLVD, UNIT #314, ROUND ROCK, TX  78681","C622 - PRESERVE AT MAYFIELD RANCH CONDO, UNIT 314, 0.641% COMMON AREA INTEREST","KANDUKURI, ASHOK & CHANDRAKALA KANAPARTHI",
"R596000",,,"4426 HANNOVER WAY, ROUND ROCK, TX  78681","S12327 - HIGHLANDS AT MAYFIELD RANCH SEC 10B, BLOCK W, Lot 4","KANDULA, RAJ KUMAR & PADMAVATHI MUMMIDISETTY",
"R598020",,,"4327 HOOD PARK DR, ROUND ROCK, TX  78681","S12379 - HIGHLANDS AT MAYFIELD RANCH SEC 14, BLOCK U, Lot 20","KALYANI, SANGAMESH S & NISCHINTH H VENKATARAMAN",
"R479597",,,"3512 ALEXANDRITE WAY, ROUND ROCK, TX  78681","S9060 - WALSH RANCH SEC 3, BLOCK B, Lot 10","GOKHALE, SALIL (RS) & KIM (RS)",
"R533248",,,"225 CARRACK DR, ROUND ROCK, TX  78681","S10763 - HIGHLAND HORIZON PH 3, BLOCK B, Lot 10, ACRES 0.14","MOHANTY, CHANDRASEKHAR & RUPA PATNAIK",
"R335618",,,"1815 CEDAR BEND DR, ROUND ROCK, TX  78681","S5779 - Woods Sec 5b (amended Pt Sec 5), BLOCK G, Lot 23","PANDEY, SHARADCHANDRA & DEEPTI S",
"R586902",,,"778 WHITETAIL DR, ROUND ROCK, TX  78681","S12112 - HIGHLANDS AT MAYFIELD RANCH SEC 13, BLOCK U, Lot 1","TADIKAMALLA, DIVYA & KIRAN KUMAR ATYAM",
"R478531",,,"3217 MAYFIELD RANCH CV, ROUND ROCK, TX  78681","S9151 - MAYFIELD RANCH ENCLAVE PH 1, Lot 5","NARAYANA, RAGHAVENDRA S & SHWETHA PADMANABHA",
"R650711",,,"2605 SAM BASS RD, UNIT #28, ROUND ROCK, TX  78681","C793 - CLEAR CREEK RANCH CONDO, UNIT 28, 0.90% COMMON AREA INTEREST","MODI, GEETA & SAMIR",
"R483867",,,"2603 SAWGRASS LN, ROUND ROCK, TX  78681","S9295 - BEHRENS RANCH PH D SEC 5, BLOCK F, Lot 1","KOTHA, VAMSEE KRISHNA & SRI SANTHI PABBARAJU",
"R501412",,,"1885 MAYFIELD DR, ROUND ROCK, TX  78681","S9863 - BRUSHY BEND PARK (LTS 90 & 91 AMD), Lot 91B, ACRES 1.32","QURESHI, ARSHAD M & LUBNA A",
"R479853",,,"3920 WALSH RANCH BLVD, ROUND ROCK, TX  78681","S9108 - WALSH RANCH SEC 1, BLOCK F, Lot 26","PATWAL, NIDHI & ANOOP KUMAR",
"R530097",,,"3451 MAYFIELD RANCH BLVD, UNIT #513, ROUND ROCK, TX  78681","C622 - PRESERVE AT MAYFIELD RANCH CONDO, UNIT 513, 0.641% COMMON AREA INTEREST","MAHADEVAPURAM, RAKESH & DIVYA MUTHAVARAPU",
"R440821",,,"3401 SOPHORA CT, ROUND ROCK, TX  78681","S8265 - Behrens Ranch Ph C Sec 5, BLOCK J, Lot 4","NARENDRA, PRADYUMNA",
"R415929",,,"3106 LUMINOSO LN E, ROUND ROCK, TX  78681","S7769 - Sendero Springs Sec 1, BLOCK M, Lot 7","MANI, NETHAJI & SUJITHA GANESAN",
"R302481",,,"1010 BLUE BIRD CT, ROUND ROCK, TX  78681","S4280 - Oakcreek Sec 1, BLOCK J, Lot 36, ACRES 0.171","MURALI, SRIHARI",
"R358351",,,"16723 MARSALA SPRINGS DR, ROUND ROCK, TX  78681","S6331 - Cat Hollow Sec A Ph 2, BLOCK J, Lot 1","MADDUKURI, ACHYUTA DILEEP & VARDHIKA KANTANA",
"R059859",,,"2803 CARMEL DR, ROUND ROCK, TX  78681","S3265 - Brushy Creek North Sec 1, BLOCK 11, Lot 4","RAJ, SUDEEP & GOWRI VIJAY",
"R511310",,,"124 W ADELANTA PL, ROUND ROCK, TX  78681","S10107 - SENDERO SPRINGS SEC 6, BLOCK B, Lot 8, ACRES 0.397","PATIL, ASHISH NAGORAO & AKSHAYA KAMBLE",
"R533324",,,"104 NAUTICAL CIR, ROUND ROCK, TX  78681","S10763 - HIGHLAND HORIZON PH 3, BLOCK E, Lot 16, ACRES 0.43","MODI, PRAVEEN KUMAR & NIDHI AGARWAL",
"R563879",,,"4132 PRESIDIO LN, ROUND ROCK, TX  78681","S11579 - HIGHLANDS AT MAYFIELD RANCH SEC 4B, BLOCK J, Lot 8","GANTA, SUMEDHROY C & SNIGDHA GINJUPALLY",
"R424328",,,"4412 PASADA LN, ROUND ROCK, TX  78681","S8049 - Sendero Springs Sec 2, BLOCK K, Lot 62","KANABAR, JASMIN & MADHUMITA DE",
"R460912",,,"3010 ASOMBRA LN, ROUND ROCK, TX  78681","S8713 - SENDERO SPRINGS SEC 4, BLOCK N, Lot 20","VENKATESH RAMABADRAN & RENGANAYAKI VENKATESH OF RAMABADRAN FAMILY REVOCABLE TST",
"R587560",,,"1717 REPRISE CV, ROUND ROCK, TX  78681","S12126 - HAIRY MAN PH 1, BLOCK C, Lot 12","LAKSHMINARAYANA VENKATARAMIAH & SHYLAJA SIDDAPPA TRS OF LVSS FAMILY REVOC TRUST",
"R448255",,,"3833 AZUR LN, ROUND ROCK, TX  78681","S8441 - MAYFIELD RANCH SEC 5, BLOCK N, Lot 13","CHALLA, PRADYUMNA & VALLI ANUHYA SANKARABHOTLA",
"R378995",,,"5011 BARLOW DR, ROUND ROCK, TX  78681","S6914 - Cat Hollow Sec C Ph 2, BLOCK D, Lot 21","AGARWAL, SHYAM & AANCHAL",
"R482853",,,"2532 MIRASOL LOOP, ROUND ROCK, TX  78681","S9281 - BEHRENS RANCH PH F SEC 1, BLOCK C, Lot 9","MURTHY, RAMESH & SUSHAMA WOORAVAKONDA",
"R060894",,,"605 BUCKBOARD BLVD, ROUND ROCK, TX  78681","CHISHOLM VALLEY SEC 4, BLOCK M, LOT 6","CARNAGEY, CYNTHIA ANN",
"R303653",,,"8500 TAD PARK, ROUND ROCK, TX  78681","FERN BLUFF SEC 2, BLOCK G, LOT 11","ANILKUMAR, AMIBIKUTTY",
"R424327",,,"4406 PASADA LN, ROUND ROCK, TX  78681","S8049 - Sendero Springs Sec 2, BLOCK K, Lot 61","SINGH, ANOOP & MARTHA VAYALIPARAMBIL",
"R483786",,,"2973 AGAVE LOOP, ROUND ROCK, TX  78681","S9294 - BEHRENS RANCH PH D SEC 3B, BLOCK B, Lot 8","NAYAK, CHANDRA SEKHAR & PADMAPAKHUDA MISHRA",
"R522714",,,"3451 MAYFIELD RANCH BLVD, UNIT #331, ROUND ROCK, TX  78681","C622 - PRESERVE AT MAYFIELD RANCH CONDO, UNIT 331, 0.641% COMMON AREA INTEREST","MOHAMMAD, AZEEM",
"R586871",,,"747 WHITETAIL DR, ROUND ROCK, TX  78681","S12112 - HIGHLANDS AT MAYFIELD RANCH SEC 13, BLOCK Q, Lot 14","AWASTHI, PHALAKSH & KAIVALYA JONNALAGADDA",
"R483801",,,"2871 NOLINA LN, ROUND ROCK, TX  78681","S9294 - BEHRENS RANCH PH D SEC 3B, BLOCK D, Lot 9","NALLAPANENI, NIRANJAN B & VINELA GANGA TRUSTEES OF THE N & G LIVING TRUST",
"R650329",,,"1349 ROBIN TRL, ROUND ROCK, TX  78681","S13315 - SAULS RANCH EAST, BLOCK E, Lot 39","KAMDAR, PARAS MUKESH & RUPALI JAIN",
"R063621",,,"1800 PIN OAK LN, ROUND ROCK, TX  78681","S3696 - Great Oaks, Lot 76, ACRES 1.14","GOBAL, PRASANNA & RAVI ORUGUNTY",
"R547558",,,"4500 BRANDON CT, ROUND ROCK, TX  78681","C652 - GARDENS AT MAYFIELD CONDOS, UNIT 1103, 0.833% COMMON AREA INTEREST, 0.1971 AC","MAHENDRAKAR, PRATIK & TEJASWI TALLURU",
"R511296",,,"109 BRISA BEND WAY, ROUND ROCK, TX  78681","S10107 - SENDERO SPRINGS SEC 6, BLOCK A, Lot 21, ACRES 0.185","RAVAL, VISHAL GIRISHKUMAR & BHAVINIBEN VISHNUPRASAD VYAS",
"R454003",,,"3725 PINE NEEDLE CIR, ROUND ROCK, TX  78681","S8649 - VILLAGE AT MAYFIELD RANCH PH 2A, BLOCK E, Lot 5","SUCHISMITA MOHARANA & SANTOSH KUMAR BISWAL",
"R479809",,,"3620 AQUAMARINE DR, ROUND ROCK, TX  78681","S9108 - WALSH RANCH SEC 1, BLOCK E, Lot 9","MOVVA, CHANDRA SEKHAR & MADHURI SUNKARA",
"R479852",,,"3916 WALSH RANCH BLVD, ROUND ROCK, TX  78681","S9108 - WALSH RANCH SEC 1, BLOCK F, Lot 25","PATTABIRAMAN, SWAMINATHAN & VIDYA RAMACHANDRAN",
"R429417",,,"3117 GOLDENOAK CIR, ROUND ROCK, TX  78681","S8125 - Behrens Ranch Ph C Sec 1-c, BLOCK B, Lot 34","PAREKH, PRASHANT & NEHA SHAH",
"R533336",,,"308 SOUTHERN CARINA DR, ROUND ROCK, TX  78681","S10763 - HIGHLAND HORIZON PH 3, BLOCK E, Lot 28, ACRES 0.28","ROOPIREDDY, SREEKANTH",
"R586881",,,"707 WHITETAIL DR, ROUND ROCK, TX  78681","S12112 - HIGHLANDS AT MAYFIELD RANCH SEC 13, BLOCK Q, Lot 24","BOMMERLA, SAMRAT & SOWMYA B BHURAM",
"R587603",,,"1419 ALTO LN, ROUND ROCK, TX  78681","S12126 - HAIRY MAN PH 1, BLOCK D, Lot 35","BHAMIDIPATTY, SRIKANTH & SOUMYA VEMURI",
"R650421",,,"2119 SARABANDA ST, ROUND ROCK, TX  78681","S13315 - SAULS RANCH EAST, BLOCK F, Lot 43","NATARAJAN, SRIRAM & DEEPIKA MAHALINGAM",
"R587599",,,"1608 REPRISE BND, ROUND ROCK, TX  78681","S12126 - HAIRY MAN PH 1, BLOCK D, Lot 31","MACHAVARAPU, SATYA S",
"R479831",,,"3537 CITRINE PL, ROUND ROCK, TX  78681","S9108 - WALSH RANCH SEC 1, BLOCK F, Lot 4","BHATTACHARJEE, DEBASHISH (TOD)",
"R423155",,,"8221 LIBERTY WALK, ROUND ROCK, TX  78681","S8021 - Cat Hollow Sec B, BLOCK A, Lot 3","KULDEEP SINGH SENGAR & ARCHANA SINGH",
"R501713",,,"3048 PORTULACA DR, ROUND ROCK, TX  78681","S9835 - BEHRENS RANCH PH D SEC 6, BLOCK H, Lot 7","SADASIVUNI, KRISHNA & SUJATHA DOLAI",
"R566767",,,"4204 SOMA CV, ROUND ROCK, TX  78681","S11631 - HIGHLANDS AT MAYFIELD RANCH SEC 6B, BLOCK G, Lot 65","SASIDHARAN BIBINGHOSH & ISABEL R GHOSH",
"R352534",,,"2001 WOODGLEN DR, ROUND ROCK, TX  78681","S6297 - Wood Glen Sec 1 Ph 1-a (amended), BLOCK B, Lot 1","TOOR, GAGAN S & MANISHA W",
"R511317",,,"101 W ADELANTA PL, ROUND ROCK, TX  78681","S10107 - SENDERO SPRINGS SEC 6, BLOCK B, Lot 15, ACRES 0.225","GAJULA, NAGARAJU & HARITHA B CHANGALAPURAM",
"R357938",,,"16804 BAILEY JEAN DR, ROUND ROCK, TX  78681","S6301 - Cat Hollow Sec A Ph 1, BLOCK K, Lot 19","SHAH, BARKHA",
"R467404",,,"430 VALONA LOOP, ROUND ROCK, TX  78681","S8806 - BRUSHY CREEK SEC 4, BLOCK B, Lot 37","SADASIVAN, SAJEEV & SMITHA MAHILAMANI SASIDHARAN",
"R488186",,,"4220 ADAGIO PL, ROUND ROCK, TX  78681","S9436 - SENDERO SPRINGS SEC 5, BLOCK J, Lot 12","AGRAWAL, SHUBHAM & MITALI MITTAL",
"R550255",,,"3704 KEARNEY LN, ROUND ROCK, TX  78681","S11232 - HIGHLANDS AT MAYFIELD RANCH SEC 5, BLOCK O, Lot 2","AKUNDI, RAMALINGA S & RAMANI V",
"R424371",,,"4103 PASADA LN, ROUND ROCK, TX  78681","S8049 - Sendero Springs Sec 2, BLOCK M, Lot 24","JAIN, KUNAL & APARNA",
"R373007",,,"6025 RONCHAMPS DR, ROUND ROCK, TX  78681","S6705 - Cat Hollow Sec A Ph 4, BLOCK O, Lot 17","BALIJEPALLY, MURALI & PURNAMMA",
"R511365",,,"105 CASCADA LN, ROUND ROCK, TX  78681","S10107 - SENDERO SPRINGS SEC 6, BLOCK C, Lot 16, ACRES 0.17","MEHTA, SUNIL KUMAR & SUCHITRA",
"R520566",,,"405 CASCADA LN, ROUND ROCK, TX  78681","S10365 - SENDERO SPRINGS SEC 7, BLOCK R, Lot 16","KALARIA, KALPIT KHIMJIBHAI & KARMISTHA M GOTHI",
"R393788",,,"805 CHISELPOINT CV, ROUND ROCK, TX  78681","S7285 - Preserve At Stone Oak Ph 1 Sec 4, BLOCK C, Lot 67","CHACKO, JOSEPH M",
"R533256",,,"113 GENNAKER DR, ROUND ROCK, TX  78681","S10763 - HIGHLAND HORIZON PH 3, BLOCK B, Lot 18, ACRES 0.15","KURIAN, JINU & BENITA BENNY",
"R540628",,,"4148 HAIGHT ST, ROUND ROCK, TX  78681","S11003 - HIGHLANDS AT MAYFIELD RANCH SEC 8, BLOCK BB, Lot 6","PATEL, PAVAN & MONIKA",
"R390920",,,"17417 MONTANA FALLS DR, ROUND ROCK, TX  78681","S7098 - Stone Canyon Sec 6c, BLOCK C, Lot 2","MADALIA, KANTILAL C & HANSAGAUAI K",
"R338126",,,"2400 MAYFIELD DR, ROUND ROCK, TX  78681","S6854 - Brushy Bend Park Sec 2 Ph 2 (replat Lts 4 & 5), Lot 5C, ACRES 1.508","BHALANI, ASHISH & TEJAL",
"R511335",,,"404 ENTRADA WAY, ROUND ROCK, TX  78681","S10107 - SENDERO SPRINGS SEC 6, BLOCK B, Lot 33, ACRES 0.202","SHAH, SAMEER VINOD",
"R358422",,,"16620 MALAGA HILLS DR, ROUND ROCK, TX  78681","S6332 - Cat Hollow Sec A Ph 3, BLOCK B, Lot 24","KUNDURU, CHINNAPA & SIVA K",
"R441008",,,"3648 CERULEAN WAY, ROUND ROCK, TX  78681","S8223 - Mayfield Ranch Sec 4, BLOCK S, Lot 20","BHAGWAT, RAJESH AND HIRANMAYEE JOSHI TRUSTEES OF BHAGWAT FAMILY TRUST",
"R488103",,,"3503 CURTIS DR, ROUND ROCK, TX  78681","S9436 - SENDERO SPRINGS SEC 5, BLOCK G, Lot 4","ARUMUGAM, KANNAPPAN & NACHAMAI VISWANATHAN",
"R598005",,,"3820 SIR NOAH TUCKER DR, ROUND ROCK, TX  78681","S12379 - HIGHLANDS AT MAYFIELD RANCH SEC 14, BLOCK S, Lot 6","KANCHERLA, SIRISHA & SRIKANTH REDDY",
"R415938",,,"3003 SENDERO SPRINGS DR, ROUND ROCK, TX  78681","S7769 - Sendero Springs Sec 1, BLOCK M, Lot 29","MOHANTY, KAMAKSHYA PRASAD",
"R533644",,,"3451 MAYFIELD RANCH BLVD, UNIT #609, ROUND ROCK, TX  78681","C622 - PRESERVE AT MAYFIELD RANCH CONDO, UNIT 609, 0.641% COMMON AREA INTEREST","ALLA, VENKATA & ANNAPURNA SUNKAVALLI",
"R535555",,,"3966 COLE VALLEY LN, ROUND ROCK, TX  78681","S10797 - HIGHLANDS AT MAYFIELD RANCH SEC 7, BLOCK A, Lot 50","VAIDYA, SAUMITRA",
"R424300",,,"4212 PASADA LN, ROUND ROCK, TX  78681","S8049 - Sendero Springs Sec 2, BLOCK K, Lot 34","GANDHE, ADITYA",
"R520638",,,"708 CASCADA LN, ROUND ROCK, TX  78681","S10365 - SENDERO SPRINGS SEC 7, BLOCK S, Lot 37","NANDIGAM, KIRAN & YAMINI ALAPATI",
"R460773",,,"3553 DOLOMITE TRL, ROUND ROCK, TX  78681","S8720 - VILLAGE AT MAYFIELD RANCH PH 3, BLOCK E, Lot 40","ROY, SANTANU & PARAMITA MUKHERJEE",
"R595993",,,"4621 POST LN, ROUND ROCK, TX  78681","S12327 - HIGHLANDS AT MAYFIELD RANCH SEC 10B, BLOCK V, Lot 26","DESAI, PRAHLAD JERAMDAS & ANJANABEN PRAHLAD",
"R533307",,,"84 MARITIME WAY, ROUND ROCK, TX  78681","S10763 - HIGHLAND HORIZON PH 3, BLOCK D, Lot 5, ACRES 0.14","GOLI, HIMAN & GAYATHRI DEVI KALVA",
"R479827",,,"3333 ALEXANDRITE WAY, ROUND ROCK, TX  78681","S9108 - WALSH RANCH SEC 1, BLOCK E, Lot 57","NIRAGHATAM, PAVAN K & PRAVALLIKA S KAUTHA",
"R511301",,,"129 BRISA BEND WAY, ROUND ROCK, TX  78681","S10107 - SENDERO SPRINGS SEC 6, BLOCK A, Lot 26, ACRES 0.166","KABILAN, SHANKAR & SUJITHA JAYAKUMAR",
"R032631",,,"2400 WALSH DR, ROUND ROCK, TX  78681","S3255 - Brushy Bend Park, Lot 104, ACRES 0.68","CHIVUKULA, ADITYA & ADITI RANGANATH",
"R604640",,,"7704 RAWLINS CV, ROUND ROCK, TX  78681","S12477 - RESERVE AT WYOMING SPRINGS, BLOCK C, Lot 4","BOTKE, SOHAN RAVINDRA & NEHA PACHADE",
"R414159",,,"2914 STONECREEK DR, ROUND ROCK, TX  78681","S7608 - Behrens Ranch Ph B Sec 2, BLOCK C, Lot 42","SRIKRISHNAN, YOGESHWAR & KOKILA SAIRAMAN",
"R303857",,,"8229 BROKEN BRANCH DR, ROUND ROCK, TX  78681","FERN BLUFF SEC 3A, BLOCK A, LOT 15","MANNEPALLI, SWATHI & SRINIVASA GUDIPATI",
"R650724",,,"2605 SAM BASS RD, UNIT #41, ROUND ROCK, TX  78681","C793 - CLEAR CREEK RANCH CONDO, UNIT 41, 0.90% COMMON AREA INTEREST","VANGALA, SWAMY YASASWI & HARSHITHA VANALA",
"R650716",,,"2605 SAM BASS RD, UNIT #33, ROUND ROCK, TX  78681","C793 - CLEAR CREEK RANCH CONDO, UNIT 33, 0.90% COMMON AREA INTEREST","SANKARALINGAM, MURALIKRISHNAN & INDIRAPRIYADARSHINI NAGAPPAN",
"R370323",,,"8607 COLUMBIA FALLS DR, ROUND ROCK, TX  78681","S6627 - Stone Canyon Sec 6b, BLOCK E, Lot 24","PUNJA RAMESH (TOD) & SHARANYA R PUNJA (TOD)",
"R378520",,,"4305 INDIAN OAKS DR, ROUND ROCK, TX  78681","S6805 - Vista Oaks Sec 6b, BLOCK E, Lot 19","DHANANI, ADIL & HUSSAIN & DINAR",
"R466781",,,"2655 SALORN WAY, ROUND ROCK, TX  78681","S8781 - BEHRENS RANCH PH E SEC 1, BLOCK B, Lot 1","PARAG VED & VIDYA VED AS CO-TRS OF THE CLEARWATER LIVING TRUST",
"R479573",,,"3535 ALEXANDRITE WAY, ROUND ROCK, TX  78681","S9060 - WALSH RANCH SEC 3, BLOCK A, Lot 16","HIRANI, FAIYAZ & BATUL",
"R460826",,,"5002 SENDERO SPRINGS DR, ROUND ROCK, TX  78681","S8713 - SENDERO SPRINGS SEC 4, BLOCK F, Lot 6","PATEL, NIMESH & AMI",
"R357954",,,"8014 BRIENNE DR, ROUND ROCK, TX  78681","S6301 - Cat Hollow Sec A Ph 1, BLOCK L, Lot 4","DESAI, SNEHA & KANDARP DESAI",
"R391260",,,"9001 SUNBURST TER, ROUND ROCK, TX  78681","S7136 - Stone Canyon Sec 8b, BLOCK O, Lot 181","BOLLEPALLI, KARTHIK & VARSHA RAMACHANDRAN",
"R399220",,,"4318 ROCK HILL RD, ROUND ROCK, TX  78681","S7375 - Vista Oaks Sec 6c, BLOCK B, Lot 2","KATARIYA, PRADEEP & RICHA JHA",
"R650222",,,"1315 CARDINAL LN, ROUND ROCK, TX  78681","S13315 - SAULS RANCH EAST, BLOCK A, Lot 18","GOKA, KALYANI & GIRISH KUMAR KONDAVEETI",
"R440836",,,"3427 RANCH PARK TRL, ROUND ROCK, TX  78681","S8265 - Behrens Ranch Ph C Sec 5, BLOCK L, Lot 3","DHARMA R KOLLI & MEENA KOLLI CO TRUSTEES OF THE KOLLI LIVING TRUST",
"R423876",,,"3745 CASTLE ROCK DR, ROUND ROCK, TX  78681","S7949 - Preserve At Stone Oak Ph 3 Sec 3, BLOCK O, Lot 42","RAJAGOPALAN, SAIRAM",
"R587561",,,"1721 REPRISE CV, ROUND ROCK, TX  78681","S12126 - HAIRY MAN PH 1, BLOCK C, Lot 13","DIGUMARTI, SWAPNA & PRAVEEN JAYARAMA REDDY",
"R303844",,,"8321 BROKEN BRANCH DR, ROUND ROCK, TX  78681","FERN BLUFF SEC 3A, BLOCK A, LOT 2","GAJERA, KISHOR G & GUNVANT H",
"R498399",,,"2196 PARK PLACE CIR, ROUND ROCK, TX  78681","S9758 - ARBOR PLACE PH 1, BLOCK A, Lot 25","BHAKTA, ABHILASH & NEETA",
"R391284",,,"8323 LOFTY LN, ROUND ROCK, TX  78681","S7134 - Stone Canyon Sec 8c, BLOCK O, Lot 189","AGRAWAL, ROSHAN LAL",
"R604644",,,"7701 LARAMIE BND, ROUND ROCK, TX  78681","S12477 - RESERVE AT WYOMING SPRINGS, BLOCK C, Lot 24","RATHI, SUNIL & SWATI LAXMINARAYAN BHUTADA",
"R311729",,,"16912 TOMCAT DR, ROUND ROCK, TX  78681","CAT HOLLOW SEC 7, BLOCK H, LOT 7, ACRES .160","JAIN, SUBHASH & SHASHI",
"R349859",,,"2031 BENT TREE LOOP, ROUND ROCK, TX  78681","S6141 - Bent Tree Sec 2, BLOCK E, Lot 6","PADALKAR, AJINKYA & SWAPNA A",
"R479570",,,"3547 ALEXANDRITE WAY, ROUND ROCK, TX  78681","S9060 - WALSH RANCH SEC 3, BLOCK A, Lot 13","AHMED, SOHAIL & SYEDA KISHWAR SAYEED",
"R533329",,,"408 SOUTHERN CARINA DR, ROUND ROCK, TX  78681","S10763 - HIGHLAND HORIZON PH 3, BLOCK E, Lot 21, ACRES 0.29","SIDDHARTH P PAREKH & KOMAL SIDDHARTH PAREKH TRS OF THE PAREKH LIVING TRUST",
"R498499",,,"2244 PARK PLACE CIR, ROUND ROCK, TX  78681","S9763 - ARBOR PLACE PH 2, BLOCK A, Lot 13","SRINIVAS SUBRAMANIAM & ASHWINI VIDYASAGAR OF SUBRAMANIAM FMLY RVCBL LVG TST",
"R460842",,,"5103 SENDERO SPRINGS DR, ROUND ROCK, TX  78681","S8713 - SENDERO SPRINGS SEC 4, BLOCK I, Lot 3","MATHEW, BIBU & SINI SARA SAM",
"R414136",,,"2817 STONECREEK PL, ROUND ROCK, TX  78681","S7608 - Behrens Ranch Ph B Sec 2, BLOCK C, Lot 19","JHA, AMIT",
"R650239",,,"1641 CARDINAL LN, ROUND ROCK, TX  78681","S13315 - SAULS RANCH EAST, BLOCK B, Lot 15","RAO, RAJ M & SARANYA MALLAWARAPU",
"R650278",,,"1306 ROBIN TRL, ROUND ROCK, TX  78681","S13315 - SAULS RANCH EAST, BLOCK D, Lot 9","SHET, VINAY & UMA BORKAR",
"R569787",,,"3825 STANYAN DR, ROUND ROCK, TX  78681","S11722 - HIGHLANDS AT MAYFIELD RANCH SEC 9, BLOCK A, Lot 81","AROLKER, SWAPNIL SANJEEV & MONICA RAVAN",
"R440771",,,"3356 RANCH PARK TRL, ROUND ROCK, TX  78681","S8265 - Behrens Ranch Ph C Sec 5, BLOCK H, Lot 13","KARUPPIAH SANTHOSH B & MEENAKSHI SANTHOSH BABU",
"R358389",,,"16612 CORDILLERA DR, ROUND ROCK, TX  78681","S6332 - Cat Hollow Sec A Ph 3, BLOCK A, Lot 7","SHAH, MAYANK & HETA",
"R372932",,,"16739 MARSALA SPRINGS DR, ROUND ROCK, TX  78681","S6705 - Cat Hollow Sec A Ph 4, BLOCK G, Lot 5","KOMARANALLI, SHIVABASAVA K & VINUTHA MALLIKARJUNAPPA",
"R466786",,,"2500 CHAROLAIS CT, ROUND ROCK, TX  78681","S8781 - BEHRENS RANCH PH E SEC 1, BLOCK B, Lot 24","GODBOLE, RUTVIK & ANUJA CHITALE",
"R032636",,,"2001 VIVIAN DR, ROUND ROCK, TX  78681","S10432 - BRUSHY BEND PARK SEC 2 PH 1 (LTS 18&19 AMD), Lot 18-B, ACRES 1.005","MAHALE, SUNIL V",
"R587555",,,"1635 REPRISE BND, ROUND ROCK, TX  78681","S12126 - HAIRY MAN PH 1, BLOCK C, Lot 7","RATHI, MANISH & RICHA",
"R460827",,,"5004 SENDERO SPRINGS DR, ROUND ROCK, TX  78681","S8713 - SENDERO SPRINGS SEC 4, BLOCK F, Lot 7","SUBBA RAJU DATLA & SANDHYA DEVI DATLA CO-TRS OF THE SD FAMILY REVOCABLE TRUST",
"R483782",,,"2953 AGAVE LOOP, ROUND ROCK, TX  78681","S9294 - BEHRENS RANCH PH D SEC 3B, BLOCK B, Lot 4","KOSARAJU SRIDHAR & RAJANI TRUSTEES OF THE KOSARAJU FAMILY TRUST",
"R522698",,,"3451 MAYFIELD RANCH BLVD, UNIT #218, ROUND ROCK, TX  78681","C622 - PRESERVE AT MAYFIELD RANCH CONDO, UNIT 218, 0.641% COMMON AREA INTEREST","SHARMA, ANURAG",
"R498500",,,"2240 PARK PLACE CIR, ROUND ROCK, TX  78681","S9763 - ARBOR PLACE PH 2, BLOCK A, Lot 14","JOSE, VINEETH PETER",
"R335273",,,"16914 JUDY SCHOLL WAY, ROUND ROCK, TX  78681","S5747 - Cat Hollow Sec 13, BLOCK A, Lot 38","MALSHE, SALIL DATTATRAY & MONICA SALIL",
"R358280",,,"16723 CHAMONIX TER, ROUND ROCK, TX  78681","S6331 - Cat Hollow Sec A Ph 2, BLOCK C, Lot 18","CHAUDHURI, AVIJIT & SUMANA SAR",
"R479620",,,"3426 ALEXANDRITE WAY, ROUND ROCK, TX  78681","S9060 - WALSH RANCH SEC 3, BLOCK C, Lot 16","REDDY, RAMESH G (TOD) & NAVITHA GALA (TOD)",
"R488152",,,"4426 ANGELICO LN, ROUND ROCK, TX  78681","S9436 - SENDERO SPRINGS SEC 5, BLOCK H, Lot 43","VAZZALWAR, GIRISH",
"R479562",,,"3579 ALEXANDRITE WAY, ROUND ROCK, TX  78681","S9060 - WALSH RANCH SEC 3, BLOCK A, Lot 5","GOPALAKRISHNAN, THANIGAIVEL & LAVANYA PRABAKAR",
"R443231",,,"3709 TURETELLA DR, ROUND ROCK, TX  78681","S8407 - Village Of Mayfield Ranch Ph 1, BLOCK C, Lot 18","SATHNUR, SURENDRANATH B & SANJEEVI SURENDRANATH",
"R533304",,,"104 BINNACLE DR, ROUND ROCK, TX  78681","S10763 - HIGHLAND HORIZON PH 3, BLOCK D, Lot 2, ACRES 0.18","KARUNAKARAN, JEGAN & ARCHANA D PRABHU",
"R479578",,,"3515 ALEXANDRITE WAY, ROUND ROCK, TX  78681","S9060 - WALSH RANCH SEC 3, BLOCK A, Lot 21","MEKALA, GAUTAM & SHARMILA",
"R511327",,,"304 ENTRADA WAY, ROUND ROCK, TX  78681","S10107 - SENDERO SPRINGS SEC 6, BLOCK B, Lot 25, ACRES 0.227","KOUKUNTLA, HARSHAVARDHAN & SNEHALATHA",
"R059873",,,"2901 GREAT OAKS DR, ROUND ROCK, TX  78681","S3264 - Brushy Creek North Sec 2, BLOCK 10, Lot 7","PRATAP SINGH AND MUNNI GOYAL REVOCABLE LIVING TRUST",
"R520624",,,"540 CASCADA LN, ROUND ROCK, TX  78681","S10365 - SENDERO SPRINGS SEC 7, BLOCK S, Lot 23","THIAGARAJAN, VENKATESH",
"R520614",,,"442 CASCADA LN, ROUND ROCK, TX  78681","S10365 - SENDERO SPRINGS SEC 7, BLOCK S, Lot 13","ALLURI, ADITYA PRAHLAD & DEEKSHI DATLA",
"R361094",,,"1225 LACEY OAK LOOP, ROUND ROCK, TX  78681","S6273 - Oak Hollow, BLOCK A, Lot 41","ARYAL, SAMBIT & JYOTI BHANDARI",
"R467433",,,"607 SPANISH OAK TER, ROUND ROCK, TX  78681","S8806 - BRUSHY CREEK SEC 4, BLOCK E, Lot 4","MUSTAQIM, DAOOD",
"R497808",,,"3013 AGAVE LOOP, ROUND ROCK, TX  78681","S9743 - BEHRENS RANCH PH D SEC 4, BLOCK B, Lot 17","KHETRAPAL, VISHAL & ADITI ANAND",
"R552325",,,"3812 BROADWAY PATH, ROUND ROCK, TX  78681","S11277 - HIGHLANDS AT MAYFIELD RANCH SEC 12A, BLOCK Q, Lot 57","TUMMALA, RAMOJI RAO & DEEPTHI MALLELA",
"R520654",,,"111 ALONDRA WAY, ROUND ROCK, TX  78681","S10365 - SENDERO SPRINGS SEC 7, BLOCK S, Lot 53","NIKAM, KUNAL & AMRUTA SALEKAR",
"R520650",,,"125 ALONDRA WAY, ROUND ROCK, TX  78681","S10365 - SENDERO SPRINGS SEC 7, BLOCK S, Lot 49","AMULA, NARESH RAJU & BHAGYALAXMI PRATHAP ADEPU",
"R452421",,,"1113 NATIVE GARDEN CV, ROUND ROCK, TX  78681","S8593 - HIDDEN GLEN PH 3B, BLOCK J, Lot 30","SHETH, MINESH PUNJALAL",
"R511346",,,"108 CASCADA LN, ROUND ROCK, TX  78681","S10107 - SENDERO SPRINGS SEC 6, BLOCK B, Lot 44, ACRES 0.154","YENNAM, SANGAMESWAR & ARCHANA GANGISETTY",
"R598003",,,"3812 SIR NOAH TUCKER DR, ROUND ROCK, TX  78681","S12379 - HIGHLANDS AT MAYFIELD RANCH SEC 14, BLOCK S, Lot 4","MARUTHI, DINESHKUMAR & ANANDA AISHWARYA VIDYA THANIGAI MURUGAN",
"R373000",,,"16521 AVARANCHE WAY, ROUND ROCK, TX  78681","S6705 - Cat Hollow Sec A Ph 4, BLOCK O, Lot 10","NATH, DWARAKA",
"R390188",,,"3037 BENT TREE LOOP, ROUND ROCK, TX  78681","S7126 - Bent Tree Sec 3, BLOCK H, Lot 18","SHIVA, KUMAR KUNDUR MAHADEVAPPA & USHA HOSURAPPA",
"R545681",,,"3625 ASHBURY RD, ROUND ROCK, TX  78681","S11096 - HIGHLANDS AT MAYFIELD RANCH SEC 3, BLOCK F, Lot 49","MATHUR, ALOK",
"R501720",,,"2942 DESERT CANDLE DR, ROUND ROCK, TX  78681","S9835 - BEHRENS RANCH PH D SEC 6, BLOCK H, Lot 14","FAROOQ, SYED SAYIR & BANOOQA BANDAY",
"R460552",,,"835 HIDDEN GLEN DR, ROUND ROCK, TX  78681","S8715 - HIDDEN GLEN PH 5A, BLOCK N, Lot 4","DHOTRE, KIRAN & BAGESHRI",
"R358398",,,"6006 BARLETTA RD, ROUND ROCK, TX  78681","S6332 - Cat Hollow Sec A Ph 3, BLOCK A, Lot 16","SINGH, SUNIL & ARATI",
"R530601",,,"3713 ASHBURY RD, ROUND ROCK, TX  78681","S10686 - HIGHLANDS AT MAYFIELD RANCH SEC 2B, BLOCK F, Lot 32","KISHOR, VIMAL & EKTA UPADHYAY",
"R479800",,,"3332 ALEXANDRITE WAY, ROUND ROCK, TX  78681","S9108 - WALSH RANCH SEC 1, BLOCK D, Lot 8","AVUTU, RAVEENDRA & ARUNDHATHI",
"R498838",,,"7215 WYOMING SPRINGS DR, UNIT #2A, ROUND ROCK, TX  78681","C761 - 7215 WYOMING SPRINGS PROFESSIONAL PARK CONDO, BUILDING 2, UNIT 2A, 22.51% COMMON AREA INTEREST","SAAT ENTERPRISES LLC",
"R604645",,,"7705 LARAMIE BND, ROUND ROCK, TX  78681","S12477 - RESERVE AT WYOMING SPRINGS, BLOCK C, Lot 25","NUSETTY, SAIRAM & SRILAKSHMI MADASU",
"R479884",,,"3916 OBSIDIAN LN, ROUND ROCK, TX  78681","S9108 - WALSH RANCH SEC 1, BLOCK I, Lot 8","PATEL, DHARMESH M & JIGNASHA D",
"R405433",,,"2414 ARBOR DR, ROUND ROCK, TX  78681","S7555 - Behrens Ranch Ph B Sec 1, BLOCK G, Lot 8","HUNNOLLI, JAGDISH B",
"R414344",,,"2603 WHITEHURST DR, ROUND ROCK, TX  78681","S7804 - Wood Glen Sec 4 Ph 2, BLOCK E, Lot 26","BADRINARAYANAN, AJAY",
"R448215",,,"3814 AZUR LN, ROUND ROCK, TX  78681","S8441 - MAYFIELD RANCH SEC 5, BLOCK M, Lot 13","ADDY, SUNIT K & SUBHA M",
"R059399",,,"600 HILL CV, ROUND ROCK, TX  78681","S3261 - Brushy Creek Sec 2, BLOCK 13, Lot 50","PARTHASARATHY, VIJAY & NARMADHADEVI RAJAGOPAL",
"R399830",,,"2304 CAMINO DEL VERDES PL, ROUND ROCK, TX  78681","S7398 - Behrens Ranch Ph A, BLOCK A, Lot 3","ATLURI, SOWMYA & SUNIL",
"R479806",,,"3632 AQUAMARINE DR, ROUND ROCK, TX  78681","S9108 - WALSH RANCH SEC 1, BLOCK E, Lot 6","SHARMA, MONAMI & MANISHA",
"R650304",,,"2320 CANTATA CV, ROUND ROCK, TX  78681","S13315 - SAULS RANCH EAST, BLOCK E, Lot 14","KULKARNI, SHRINIDHI & DIVYA SARAF",
"R414229",,,"2448 ARBOR DR, ROUND ROCK, TX  78681","S7833 - Behrens Ranch Ph B Sec 3, BLOCK F, Lot 3","PEMMASANI, SRINIVASA RAO & TULASI",
"R597996",,,"3813 SIR NOAH TUCKER DR, ROUND ROCK, TX  78681","S12379 - HIGHLANDS AT MAYFIELD RANCH SEC 14, BLOCK R, Lot 26","VORUNGANTI, PREETI (TOD) & CHAITANYA DIVVELA (TOD)",
"R650259",,,"1444 CARDINAL LN, ROUND ROCK, TX  78681","S13315 - SAULS RANCH EAST, BLOCK C, Lot 15","TEJASVI, ARUN KUMAR & PRARTHANA SHIVABASAPPA",
"R650249",,,"1400 CARDINAL LN, ROUND ROCK, TX  78681","S13315 - SAULS RANCH EAST, BLOCK C, Lot 5","GUPTA, PRACHI & MADHAV KUMAR SINGH",
"R402673",,,"3607 LAUREL BAY LOOP, ROUND ROCK, TX  78681","S7488 - Vista Oaks Sec 5b Ph 2, BLOCK A, Lot 25","GOPALAKRISHNAN, KARTHIK & LAKSHMI VALLIOOR KRISHNAN",
"R598018",,,"4335 HOOD PARK DR, ROUND ROCK, TX  78681","S12379 - HIGHLANDS AT MAYFIELD RANCH SEC 14, BLOCK U, Lot 18","RAJEEV C KUNHUMVEETTIL & SITHARA V PALERI CO-TRS OF THE SITHARA RAJEEV TRUST",
"R650243",,,"1657 CARDINAL LN, ROUND ROCK, TX  78681","S13315 - SAULS RANCH EAST, BLOCK B, Lot 19","MENDIRATTA, MANNAN",
"R374974",,,"4011 CARGILL DR, ROUND ROCK, TX  78681","S6801 - Cat Hollow Sec C Ph 1, BLOCK E, Lot 25","GANDHI, HARSHAD S & SUREKHA",
"R475485",,,"3933 SAPPHIRE LOOP, ROUND ROCK, TX  78681","S9099 - MAYFIELD RANCH SEC 9, BLOCK C, Lot 9","MOHAPATRA, JAYANTA K & ANURADHA",
"R352529",,,"2509 PLANTATION DR, ROUND ROCK, TX  78681","S6297 - Wood Glen Sec 1 Ph 1-a (amended), BLOCK A, Lot 48","CHANDRAMOHAN, SHANKAR SANKARA REDDIAR",
"R429453",,,"3250 GOLDENOAK CIR, ROUND ROCK, TX  78681","S8125 - Behrens Ranch Ph C Sec 1-c, BLOCK F, Lot 4","AIER, BENDANG YANGER & SUNGJEMLILA",
"R547506",,,"4717 COLLINS ST, ROUND ROCK, TX  78681","C652 - GARDENS AT MAYFIELD CONDOS, UNIT 616, 0.833% COMMON AREA INTEREST, 0.1662 AC","SAMANT, AMIT",
"R453538",,,"3822 SKY LN, ROUND ROCK, TX  78681","S8524 - MAYFIELD RANCH SEC 6, BLOCK J, Lot 14","SHASTRY, GURU ABHISHEK & FNU SMITHA",
"R462068",,,"3761 GENTLE WINDS LN, ROUND ROCK, TX  78681","S8749 - VILLAGE AT MAYFIELD RANCH PH 2B, BLOCK D, Lot 10","ADDALA SAI VENKATA CHANDRA SEKHAR & SIREESHA KONDOJU",
"R563883",,,"4148 PRESIDIO LN, ROUND ROCK, TX  78681","S11579 - HIGHLANDS AT MAYFIELD RANCH SEC 4B, BLOCK J, Lot 12","KARTHIK, RAJASEKAR & ARUNA DHANAPAL",
"R358353",,,"16719 MARSALA SPRINGS DR, ROUND ROCK, TX  78681","S6331 - Cat Hollow Sec A Ph 2, BLOCK J, Lot 3","RAVISHA K SURYANARAYANA & GAYATHRI SRINIVAS TRS RSGS FAMILY REVOCABLE TRUST",
"R414139",,,"2722 CEDAR SPRINGS PL, ROUND ROCK, TX  78681","S7608 - Behrens Ranch Ph B Sec 2, BLOCK C, Lot 22","GOWDA, RAKESH & FIZA TAI",
"R479802",,,"3648 AQUAMARINE DR, ROUND ROCK, TX  78681","S9108 - WALSH RANCH SEC 1, BLOCK E, Lot 2","GANAPATHY, TAMILSELVAN & RAMYA BALASUBRAMANIAM",
"R414165",,,"2500 ECHO WOOD PL, ROUND ROCK, TX  78681","S7608 - Behrens Ranch Ph B Sec 2, BLOCK C, Lot 48","PATEL, ARPITA V",
"R429397",,,"3257 GOLDENOAK CIR, ROUND ROCK, TX  78681","S8125 - Behrens Ranch Ph C Sec 1-c, BLOCK B, Lot 14","NAGAKRISHNAN, RAMAKRISHNAN & VIDHYA SIVASANKARAN",
"R498408",,,"2160 PARK PLACE CIR, ROUND ROCK, TX  78681","S9758 - ARBOR PLACE PH 1, BLOCK A, Lot 34","NARRA, SRIDHAR & HARITHA",
"R577134",,,"4476 ARQUES AVE, ROUND ROCK, TX  78681","S11919 - HIGHLANDS AT MAYFIELDS RANCH SEC 12B, BLOCK A, Lot 169","GANGAL, MUDIT & SWATI NIGAM",
"R391320",,,"8314 LOFTY LN, ROUND ROCK, TX  78681","S7134 - Stone Canyon Sec 8c, BLOCK Q, Lot 35","DESHMUKH, ANIKET P & ANUPRITA ANIKET",
"R460753",,,"3504 PINE NEEDLE CIR, ROUND ROCK, TX  78681","S8720 - VILLAGE AT MAYFIELD RANCH PH 3, BLOCK A, Lot 74","ARULNAMBI RAJU & SUGUNA GOVERNOR OF ARSG FAMILY REVOCABLE TRUST",
"R483831",,,"3009 PORTULACA DR, ROUND ROCK, TX  78681","S9295 - BEHRENS RANCH PH D SEC 5, BLOCK A, Lot 3","NANDULA, VITHAL & SRILATHA VANGALA",
"R520607",,,"414 CASCADA LN, ROUND ROCK, TX  78681","S10365 - SENDERO SPRINGS SEC 7, BLOCK S, Lot 6","CONTRACTOR, SHAIK S A & SADIA SULTANA",
"R511325",,,"105 CALIMA CV, ROUND ROCK, TX  78681","S10107 - SENDERO SPRINGS SEC 6, BLOCK B, Lot 23, ACRES 0.208","MADAREDDI, KISHORE & SAI MEENA POLIREDDY",
"R520605",,,"406 CASCADA LN, ROUND ROCK, TX  78681","S10365 - SENDERO SPRINGS SEC 7, BLOCK S, Lot 4","PILLAI, PRAVEEN S & SRUTHI P",
"R466765",,,"2556 SALORN WAY, ROUND ROCK, TX  78681","S8781 - BEHRENS RANCH PH E SEC 1, BLOCK A, Lot 14","GAONKAR, VINAY & VEENA",
"R520617",,,"454 CASCADA LN, ROUND ROCK, TX  78681","S10365 - SENDERO SPRINGS SEC 7, BLOCK S, Lot 16","SHAIK, ISMAIL",
"R511348",,,"200 CASCADA LN, ROUND ROCK, TX  78681","S10107 - SENDERO SPRINGS SEC 6, BLOCK B, Lot 46, ACRES 0.188","RAO, MAULINKUMAR",
"R577112",,,"4316 ARQUES AVE, ROUND ROCK, TX  78681","S11919 - HIGHLANDS AT MAYFIELDS RANCH SEC 12B, BLOCK A, Lot 147","RAO, RAGHUPATI (TOD) & SHANTI (TOD)",
"R533297",,,"148 GENNAKER DR, ROUND ROCK, TX  78681","S10763 - HIGHLAND HORIZON PH 3, BLOCK C, Lot 16, ACRES 0.16","NARAYANANKUTTYKARNAVAR, MANOJ & KAVITHA NAIR",
"R479828",,,"3549 CITRINE PL, ROUND ROCK, TX  78681","S9108 - WALSH RANCH SEC 1, BLOCK F, Lot 1","RAVIKUMAR, ARCHANA & SANDEEP GOVINDRAJ",
"R520585",,,"571 CASCADA LN, ROUND ROCK, TX  78681","S10365 - SENDERO SPRINGS SEC 7, BLOCK R, Lot 35","CHULLIYAN, SREEJITH POTHANDAVIDA",
"R650246",,,"1310 CARDINAL LN, ROUND ROCK, TX  78681","S13315 - SAULS RANCH EAST, BLOCK C, Lot 2","DCRUZ, CLIVE NEVIL & RASHMI ROSE DSOUZA",
"R399885",,,"16543 AVARANCHE WAY, ROUND ROCK, TX  78681","S7304 - Cat Hollow Sec A Ph 6, BLOCK M, Lot 108","KOUNDINYA, RAGHU & PRIYA",
"R569819",,,"4205 LYNETTE LN, ROUND ROCK, TX  78681","S11722 - HIGHLANDS AT MAYFIELD RANCH SEC 9, BLOCK A, Lot 113","JALAN, ARJUN & STUTI TULSHYAN",
"R400089",,,"2643 HENLEY DR, ROUND ROCK, TX  78681","S7402 - Wood Glen Sec 5 Ph 2, BLOCK A, Lot 15","VANKA, SRINIVASU RAO",
"R520626",,,"548 CASCADA LN, ROUND ROCK, TX  78681","S10365 - SENDERO SPRINGS SEC 7, BLOCK S, Lot 25","GOGINENI, SRIKANTH & SRI CHANDANA SARANU",
"R349879",,,"2114 BENT TREE CT, ROUND ROCK, TX  78681","S6141 - Bent Tree Sec 2, BLOCK F, Lot 27","SWAMI, TUSAR & LOVELEEN M",
"R479785",,,"3320 BASALT CV, ROUND ROCK, TX  78681","S9108 - WALSH RANCH SEC 1, BLOCK C, Lot 23","PONNUSWAMY, DOMINIC & EVA V DOMINIC",
"R597384",,,"2431 SOPRANO WAY, ROUND ROCK, TX  78681","S12337 - HAIRY MAN PH 2, BLOCK A, Lot 10","TIRUPATI, VENKATA L & RENUKA GUNJI",
"R600400",,,"4324 MAYFIELD RANCH BLVD, ROUND ROCK, TX  78681","S12403 - HIGHLANDS AT MAYFIELD RANCH SEC 11, BLOCK U, Lot 10","HIMA BINDU CHINIGIRI TRUSTEE FOR THE CHINIGIRI FAMILY LIVING TRUST",
"R598012",,,"4639 ARQUES AVE, ROUND ROCK, TX  78681","S12379 - HIGHLANDS AT MAYFIELD RANCH SEC 14, BLOCK S, Lot 14","OLLALWAR, RAVEEN",
"R497861",,,"2836 NOLINA LN, ROUND ROCK, TX  78681","S9743 - BEHRENS RANCH PH D SEC 4, BLOCK E, Lot 28","RAMESH, SRIRAM & SOWMIYA SRINIVASAN",
"R600392",,,"4582 POST LOOP, ROUND ROCK, TX  78681","S12403 - HIGHLANDS AT MAYFIELD RANCH SEC 11, BLOCK S, Lot 9","PRODDUTURI, HARISH KUMAR & NAGA DIVYA KUCHI",
"R488954",,,"2410 GREAT OAKS DR, UNIT #804, ROUND ROCK, TX  78681","C736 - WOODS AT GREAT OAKS CONDO, BUILDING 8, UNIT 804, 2.632% COMMON AREA INTEREST, (PH 8)","SHARMA, KSHITIJ & VAISHALI",
"R501712",,,"3044 PORTULACA DR, ROUND ROCK, TX  78681","S9835 - BEHRENS RANCH PH D SEC 6, BLOCK H, Lot 6","THALLURI, MURALI & LATHA",
"R372993",,,"16507 AVARANCHE WAY, ROUND ROCK, TX  78681","S6705 - Cat Hollow Sec A Ph 4, BLOCK O, Lot 3","SHAH, RAJESH (TOD) & HANSA (TOD)",
"R520639",,,"712 CASCADA LN, ROUND ROCK, TX  78681","S10365 - SENDERO SPRINGS SEC 7, BLOCK S, Lot 38","PADHI, PRASANTA & SUBRATA PANDA",
"R415892",,,"4003 LINDO LOOP, ROUND ROCK, TX  78681","S7769 - Sendero Springs Sec 1, BLOCK K, Lot 125","SAMPATHKUMAR, SELVAKUMAR & RAMYA RAJENDRAN",
"R533283",,,"204 CARRACK DR, ROUND ROCK, TX  78681","S10763 - HIGHLAND HORIZON PH 3, BLOCK C, Lot 2, ACRES 0.17","GHOSH, KAUSHIK & ANINDITA PAUL",
"R302322",,,"2310 FALCON DR, ROUND ROCK, TX  78681","S4280 - Oakcreek Sec 1, BLOCK C, Lot 3, ACRES 0.153","MEVAWALA, CHAITANYA",
"R423176",,,"8205 CAMPECHE BAY PL, ROUND ROCK, TX  78681","S8021 - Cat Hollow Sec B, BLOCK B, Lot 32","SANGARAJU, VENKATA MANIKANTA",
"R358411",,,"16631 CORDILLERA DR, ROUND ROCK, TX  78681","S6332 - Cat Hollow Sec A Ph 3, BLOCK B, Lot 13","MANIKAL, PRASHANT & NAMRATA",
"R459292",,,"3768 FOSSILWOOD WAY, ROUND ROCK, TX  78681","S8711 - VILLAGE AT MAYFIELD RANCH PH 4, BLOCK A, Lot 8","SAVIER, MARTIN V & NITHYALAKSHMI JOTHI",
"R604663",,,"7708 LARAMIE BND, ROUND ROCK, TX  78681","S12477 - RESERVE AT WYOMING SPRINGS, BLOCK C, Lot 43","SHAH, MILONI KOTHARI & PRATIK K",
"R604596",,,"7300 SHOSHONI TRL, ROUND ROCK, TX  78681","S12477 - RESERVE AT WYOMING SPRINGS, BLOCK A, Lot 1","SRIVASTAVA, AYUSH JAGRAJ & SOONI LOONA",
"R604610",,,"7213 SHOSHONI LOOP, ROUND ROCK, TX  78681","S12477 - RESERVE AT WYOMING SPRINGS, BLOCK B, Lot 4","PATURI, SIVAKUMAR & PRATYUSHA",
"R566778",,,"4205 SOMA CV, ROUND ROCK, TX  78681","S11631 - HIGHLANDS AT MAYFIELD RANCH SEC 6B, BLOCK G, Lot 76","KUMARI, NEELIMA & LAKSHMI SILPA ASURU",
"R424293",,,"4004 SENDERO SPRINGS DR, ROUND ROCK, TX  78681","S8049 - Sendero Springs Sec 2, BLOCK F, Lot 4","MADAM, VAMSI & GREESHMA NISSANKALA",
"R390873",,,"8507 SEA ASH CIR, ROUND ROCK, TX  78681","S7074 - Stone Canyon Sec 5b, BLOCK O, Lot 92","DEBNATH, ANANDA",
"R390190",,,"3033 BENT TREE LOOP, ROUND ROCK, TX  78681","S7126 - Bent Tree Sec 3, BLOCK H, Lot 20","TRIPATHI, ANKIT MANI & DIVYA SAXENA",
"R479803",,,"3644 AQUAMARINE DR, ROUND ROCK, TX  78681","S9108 - WALSH RANCH SEC 1, BLOCK E, Lot 3","GUMBULA, SRINIVASA R & REKHA S R GUMBULA",
"R414369",,,"2709 VAQUERA CT, ROUND ROCK, TX  78681","S7804 - Wood Glen Sec 4 Ph 2, BLOCK H, Lot 12","MAJETY, RAMESH & BHRAMARAVALLI PULLELA",
"R551682",,,"4602 HIGHTOWER DR, ROUND ROCK, TX  78681","S11240 - BRUSHY BEND PARK LT 95 (AMD), Lot 95-B, ACRES 1.252","BAJAJ, TUSHAR & LEENA",
"R496397",,,"3425 AQUAMARINE DR, ROUND ROCK, TX  78681","S9618 - WALSH RANCH SEC 4, BLOCK H, Lot 12","GUJJA, USHA & RAJSEKHAR PATLOLA",
"R547543",,,"4604 COLLINS ST, ROUND ROCK, TX  78681","C652 - GARDENS AT MAYFIELD CONDOS, UNIT 904, 0.833% COMMON AREA INTEREST, 0.1036 AC","SUNDARARAJAN, JAGHANNAATHAN & SRIDEVI JAGHANNAATHAN",
"R547469",,,"4613 KATHERINE DR, ROUND ROCK, TX  78681","C652 - GARDENS AT MAYFIELD CONDOS, UNIT 405, 0.833% COMMON AREA INTEREST, 0.171 AC","BHATTACHARJEE, ABESH & HAIMANTI",
"R487963",,,"2686 MIRASOL LOOP, ROUND ROCK, TX  78681","S9439 - BEHRENS RANCH PH F SEC 2, BLOCK C, Lot 29","JAYABALAKRISHNAN, RAGUNATH & KALPANA CHELLAMUTHU",
"R460857",,,"4215 ADAGIO PL, ROUND ROCK, TX  78681","S8713 - SENDERO SPRINGS SEC 4, BLOCK I, Lot 32","GOPINATH, VIKRAM & RENUKA TADAKAL",
"R650307",,,"2332 CANTATA CV, ROUND ROCK, TX  78681","S13315 - SAULS RANCH EAST, BLOCK E, Lot 17","BAGCHI, ARCHI & NEELAKSHI YUVARAJ KOTNIS",
"R598015",,,"4655 ARQUES AVE, ROUND ROCK, TX  78681","S12379 - HIGHLANDS AT MAYFIELD RANCH SEC 14, BLOCK S, Lot 17","CHIDAMBARAM RAMACHANDRAN & NALINI RAMADOSS AS CO-TRS OF THE NALINI CHIDA TRUST",
"R405445",,,"2331 MASONWOOD WAY, ROUND ROCK, TX  78681","S7555 - Behrens Ranch Ph B Sec 1, BLOCK G, Lot 20","AMALRAJ, JOSEPH & CATHERINE ALEXISPONNIAH",
"R483787",,,"2981 AGAVE LOOP, ROUND ROCK, TX  78681","S9294 - BEHRENS RANCH PH D SEC 3B, BLOCK B, Lot 9","THORAT, SANJEEV BHIMRAO & SUPRIYA SANJEEV THORAT",
"R586873",,,"739 WHITETAIL DR, ROUND ROCK, TX  78681","S12112 - HIGHLANDS AT MAYFIELD RANCH SEC 13, BLOCK Q, Lot 16","SIDDIQUI, MOHAMMED YOUSUFUDDIN & SYEDA NAJIA RAZVI",
"R374742",,,"4013 BARLOW DR, ROUND ROCK, TX  78681","S6801 - Cat Hollow Sec C Ph 1, BLOCK A, Lot 11","HASSAN, SYEDA KHUSHRU",
"R372991",,,"16503 AVARANCHE WAY, ROUND ROCK, TX  78681","S6705 - Cat Hollow Sec A Ph 4, BLOCK O, Lot 1","VIVEKANANDAN, SARAYU P (RS) & VINOTH K RAVADY (RS)",
"R497842",,,"3044 AGAVE LOOP, ROUND ROCK, TX  78681","S9743 - BEHRENS RANCH PH D SEC 4, BLOCK E, Lot 8","SUDHEER K PEDDIREDDY & ANJANI D KANKANALA TRUSTEES OF THE SURANIKETH TRUST",
"R454001",,,"3741 PINE NEEDLE CIR, ROUND ROCK, TX  78681","S8649 - VILLAGE AT MAYFIELD RANCH PH 2A, BLOCK E, Lot 3","SENGUPTA, PRIYADARSHINI & AGNIMITRO CHAKRABARTI",
"R483861",,,"2929 PORTULACA DR, ROUND ROCK, TX  78681","S9295 - BEHRENS RANCH PH D SEC 5, BLOCK B, Lot 53","NAIK, DEEPA & SRIRAMAM ANUSURI",
"R479826",,,"3329 ALEXANDRITE WAY, ROUND ROCK, TX  78681","S9108 - WALSH RANCH SEC 1, BLOCK E, Lot 56","BANKER, ASHISH V & VYOMA MAJMUDAR-BANKER",
"R497846",,,"3060 AGAVE LOOP, ROUND ROCK, TX  78681","S9743 - BEHRENS RANCH PH D SEC 4, BLOCK E, Lot 12","VANIPENTA, BALAKRISHNA REDDY & DEEPTHI",
"R597393",,,"1413 REPRISE BND, ROUND ROCK, TX  78681","S12337 - HAIRY MAN PH 2, BLOCK A, Lot 19","SINGH, NITIN & AKANKSHI",
"R587605",,,"1411 ALTO LN, ROUND ROCK, TX  78681","S12126 - HAIRY MAN PH 1, BLOCK D, Lot 37","TRIPATHI, PRITESH & ANJU",
"R597399",,,"1401 OVERTURE PL, ROUND ROCK, TX  78681","S12337 - HAIRY MAN PH 2, BLOCK E, Lot 5","MODEM, DEVIKA & VENKATA PAVAN KUMAR SANKARAPU",
"R650426",,,"2155 SARABANDA ST, ROUND ROCK, TX  78681","S13315 - SAULS RANCH EAST, BLOCK F, Lot 48","GUPTE, PAYAL SANDIP & HARSHAD PRADEEP KHANOLKAR",
"R498477",,,"3024 WOOD SPRINGS LN, ROUND ROCK, TX  78681","S9758 - ARBOR PLACE PH 1, BLOCK F, Lot 7","KHAN, UZMA",
"R498387",,,"2288 PARK PLACE CIR, ROUND ROCK, TX  78681","S9758 - ARBOR PLACE PH 1, BLOCK A, Lot 3","GUDAPATI, ANIL P (TOD)",
"R496396",,,"3429 AQUAMARINE DR, ROUND ROCK, TX  78681","S9618 - WALSH RANCH SEC 4, BLOCK H, Lot 11","SATASIA, JITESHKUMAR & NIRALI",
"R429381",,,"3009 GOLDENOAK CIR, ROUND ROCK, TX  78681","S8125 - Behrens Ranch Ph C Sec 1-c, BLOCK A, Lot 25","MATHEW, JOSEPH NEDUMTHOTTIYIL",
"R479851",,,"3912 WALSH RANCH BLVD, ROUND ROCK, TX  78681","S9108 - WALSH RANCH SEC 1, BLOCK F, Lot 24","GANDHE, ADITYA & MEGHANA",
"R479613",,,"3328 MARCASITE DR, ROUND ROCK, TX  78681","S9060 - WALSH RANCH SEC 3, BLOCK C, Lot 9","BHATTARAI, PARAS M",
"R335215",,,"2304 OAK SPRINGS CV, ROUND ROCK, TX  78681","S5767 - Oakland Sec 3b, BLOCK H, Lot 39","GHIYA, RUTWIK & PRERNA SHAH",
"R462038",,,"1168 WAIMEA BND, ROUND ROCK, TX  78681","S8746 - HIDDEN GLEN PH 6A, BLOCK I, Lot 19","AFSAH, AREEB (TOD) & GHAZALA RASHID (TOD)",
"R604593",,,"7813 PINEDALE CV, ROUND ROCK, TX  78681","S12477 - RESERVE AT WYOMING SPRINGS, BLOCK A, Lot 17","SRINIVASAN KRISHNAMOORTHY & INDUMATHI KARTHIKEYAN COTRS SRINI INDU LIVING TRUST",
"R533331",,,"400 SOUTHERN CARINA DR, ROUND ROCK, TX  78681","S10763 - HIGHLAND HORIZON PH 3, BLOCK E, Lot 23, ACRES 0.27","PATEL, PIKUL B & MAANSI PIPARIA",
"R498415",,,"2136 PARK PLACE CIR, ROUND ROCK, TX  78681","S9758 - ARBOR PLACE PH 1, BLOCK A, Lot 41","BHARGAVA, AJAY & SAPNA",
"R479807",,,"3628 AQUAMARINE DR, ROUND ROCK, TX  78681","S9108 - WALSH RANCH SEC 1, BLOCK E, Lot 7","IYENGAR, KARTHIKKUMAR RAMESH & ROSHNEE RAVIKUMAR",
"R587539",,,"1513 REPRISE BND, ROUND ROCK, TX  78681","S12126 - HAIRY MAN PH 1, BLOCK B, Lot 19","SAH, SUJEET",
"R399903",,,"7114 AVIGNON DR, ROUND ROCK, TX  78681","S7304 - Cat Hollow Sec A Ph 6, BLOCK P, Lot 8","ALI, ABDUL NOORMOHD",
"R587583",,,"2528 SOPRANO WAY, ROUND ROCK, TX  78681","S12126 - HAIRY MAN PH 1, BLOCK D, Lot 15","RAY, RAVI & ANU RAI",
"R414078",,,"2809 STONECREEK PL, ROUND ROCK, TX  78681","S7608 - Behrens Ranch Ph B Sec 2, BLOCK B, Lot 12","SANCHANIYA, SANJAYKUMAR V & MEHA S",
"R501714",,,"3052 PORTULACA DR, ROUND ROCK, TX  78681","S9835 - BEHRENS RANCH PH D SEC 6, BLOCK H, Lot 8","KALLARAKKAL, BABURAJ & ANJU MUKUNDAN",
"R604656",,,"7829 LARAMIE BND, ROUND ROCK, TX  78681","S12477 - RESERVE AT WYOMING SPRINGS, BLOCK C, Lot 36","ETIKALA, CHAITHANYA PRAKASH & SINDOORA JAYAPRAKASH",
"R061120",,,"2204 SILVER SPUR, ROUND ROCK, TX  78681","CHISHOLM VALLEY WEST SEC 3 (AMD), BLOCK N, LOT 12","HUSAIN A DALAL & FATEMA H KADWALWALA TRS HUSAIN & FATEMA TRUST",
"R460768",,,"3533 DOLOMITE TRL, ROUND ROCK, TX  78681","S8720 - VILLAGE AT MAYFIELD RANCH PH 3, BLOCK E, Lot 35","KALYANARAMAN, RAGHURAMAN & SUNITHA SURYANARAYAN",
"R467420",,,"505 SPRINGBOK DR, ROUND ROCK, TX  78681","S8806 - BRUSHY CREEK SEC 4, BLOCK D, Lot 3","SUNDARARAJAN, SURESH & JANANI RAJAGOPALAN",
"R479887",,,"3904 OBSIDIAN LN, ROUND ROCK, TX  78681","S9108 - WALSH RANCH SEC 1, BLOCK I, Lot 11","KOLPEKWAR, ABHIJEET & SONALI BIREWAR",
"R483785",,,"2965 AGAVE LOOP, ROUND ROCK, TX  78681","S9294 - BEHRENS RANCH PH D SEC 3B, BLOCK B, Lot 7","REDDY, VENKAT M & MADHAVI GAJULA",
"R533259",,,"125 GENNAKER DR, ROUND ROCK, TX  78681","S10763 - HIGHLAND HORIZON PH 3, BLOCK B, Lot 21, ACRES 0.14","KOTA, GUNA SEKHAR & SARIKA SAMARTHI",
"R498449",,,"3021 MIDWOOD LN, ROUND ROCK, TX  78681","S9758 - ARBOR PLACE PH 1, BLOCK D, Lot 11","VINODH VENKATARAMANAN& SUNEETHA CHINNAPAPAKKAGARI OF VENKATARAMANAN RVCBL LVG TR",
"R318153",,,"3830 NEWLAND DR, ROUND ROCK, TX  78681","VISTA OAKS REV 1A & 1B, BLOCK E, LOT 19","MASNA, NAREN VIKRAM RAJ",
"R414291",,,"1753 WEST END PL, ROUND ROCK, TX  78681","S7814 - Hidden Glen Ph 1, BLOCK E, Lot 17","SHUKLA, SHAMEN & ARCHANA",
"R604607",,,"7201 SHOSHONI LOOP, ROUND ROCK, TX  78681","S12477 - RESERVE AT WYOMING SPRINGS, BLOCK B, Lot 1","SHRIVASTAVA, PRATEEK & SWATI",
"R520584",,,"565 CASCADA LN, ROUND ROCK, TX  78681","S10365 - SENDERO SPRINGS SEC 7, BLOCK R, Lot 34","MOHAN, MANOJ & SREEVIDHYA AJAYAN",
"R475400",,,"4104 SAPPHIRE LOOP, ROUND ROCK, TX  78681","S9086 - MAYFIELD RANCH SEC 8, BLOCK A, Lot 2","IMMALRAJU, SATAVAHANA VARMA & SITARA SURAVARAPU",
"R423303",,,"8132 CAMPECHE BAY PL, ROUND ROCK, TX  78681","S8021 - Cat Hollow Sec B, BLOCK D, Lot 24","PAMU, KISHORE",
"R351633",,,"8307 FERN BLUFF AVE, ROUND ROCK, TX  78681","S6211 - Stone Canyon Sec 1, BLOCK O, Lot 54","GHAI, SANJEEV",
"R498484",,,"2167 PARK PLACE CIR, ROUND ROCK, TX  78681","S9758 - ARBOR PLACE PH 1, BLOCK F, Lot 14","NARULA, JINNY & MEENU",
"R597392",,,"1417 REPRISE BND, ROUND ROCK, TX  78681","S12337 - HAIRY MAN PH 2, BLOCK A, Lot 18","VISWANATHAN, LALITHA & KARTHICK RAJASEKARAN",
"R414244",,,"2347 MASONWOOD WAY, ROUND ROCK, TX  78681","S7833 - Behrens Ranch Ph B Sec 3, BLOCK F, Lot 18","MURUGESAN, UMASHANKAR & SATHYA SWAMINATHAN",
"R302452",,,"2316 MOCKINGBIRD DR, ROUND ROCK, TX  78681","S4280 - Oakcreek Sec 1, BLOCK J, Lot 10, ACRES 0.142","CHOWDHURY, MOHAMMAD",
"R466831",,,"2704 SALORN WAY, ROUND ROCK, TX  78681","S8855 - BEHRENS RANCH PH E SEC 2, BLOCK A, Lot 41","BHAGAVAN , VIVEK & AISHWARYA LAKSHMI SUNDARAM",
"R511372",,,"209 ENTRADA WAY, ROUND ROCK, TX  78681","S10107 - SENDERO SPRINGS SEC 6, BLOCK C, Lot 23, ACRES 0.165","GOPALAKRISHNAN, HARISH",
"R352501",,,"2011 INVERNESS DR, ROUND ROCK, TX  78681","S6297 - Wood Glen Sec 1 Ph 1-a (amended), BLOCK A, Lot 7","DAS, BIVAS & SHUBHRA DATTA",
"R414089",,,"2701 CEDAR SPRINGS PL, ROUND ROCK, TX  78681","S7608 - Behrens Ranch Ph B Sec 2, BLOCK B, Lot 23","VIPUL SHUKLA & MAMTA VIPUL SHUKLA AS TRUSTEES OF THE SHUKLA LIVING TRUST",
"R374953",,,"4061 CARGILL DR, ROUND ROCK, TX  78681","S6801 - Cat Hollow Sec C Ph 1, BLOCK E, Lot 4","SUBBHURAAM, VINITHASREE & RAMAKRISHNAN SARPINIYAR KRISHNASAMY",
"R604629",,,"7258 SHOSHONI LOOP, ROUND ROCK, TX  78681","S12477 - RESERVE AT WYOMING SPRINGS, BLOCK C, Lot 13","REDDY GABBUR, RAVINDRA & KAVITHA",
"R108617",,,"2457 DEER TRAIL CI, ROUND ROCK, TX  78681","AW0179 AW0179 - Dillard, J.h. Sur., ACRES 1.64","ANSARI, MUHAMMAD & AMNA IMAM",
"R522700",,,"3451 MAYFIELD RANCH BLVD, UNIT #222, ROUND ROCK, TX  78681","C622 - PRESERVE AT MAYFIELD RANCH CONDO, UNIT 222, 0.641% COMMON AREA INTEREST","ANAND LAXMAN MHATRE & SUCHITA ANAND MHATRE CO-TRS OF THE MHATRE LIVING TRUST",
"R604627",,,"7250 SHOSHONI LOOP, ROUND ROCK, TX  78681","S12477 - RESERVE AT WYOMING SPRINGS, BLOCK C, Lot 11","DASARI, DILEEP & MOUNIKA NIMMAGADDA",
"R402667",,,"3539 LAUREL BAY LOOP, ROUND ROCK, TX  78681","S7488 - Vista Oaks Sec 5b Ph 2, BLOCK A, Lot 20","SINGH, PRAGYA & SIDDHARTH SHASTRI",
"R650211",,,"1447 CARDINAL LN, ROUND ROCK, TX  78681","S13315 - SAULS RANCH EAST, BLOCK A, Lot 7","SRIRAMOJU, RAVI SATYANARAYANA & SUKANYA SANGOJU",
"R478458",,,"1128 WAIMEA BND, ROUND ROCK, TX  78681","S9120 - HIDDEN GLEN PH 6B, BLOCK I, Lot 29","VIRMANI, VIKRAM & SANNY",
"R533619",,,"3451 MAYFIELD RANCH BLVD, UNIT #260, ROUND ROCK, TX  78681","C622 - PRESERVE AT MAYFIELD RANCH CONDO, UNIT 260, 0.641% COMMON AREA INTEREST","BEKAL, PRIYANKA PAVANA & GUATHAM UDAYAKUMAR",
"R479575",,,"3527 ALEXANDRITE WAY, ROUND ROCK, TX  78681","S9060 - WALSH RANCH SEC 3, BLOCK A, Lot 18","SARDA, GAUTAM G & SUMITA G",
"R414208",,,"3403 LAZY OAK CV, ROUND ROCK, TX  78681","S7833 - Behrens Ranch Ph B Sec 3, BLOCK E, Lot 23","PARTHASARATHY, BHARATH & PRIYANKA THIRUVENGADACHARI",
"R586867",,,"763 WHITETAIL DR, ROUND ROCK, TX  78681","S12112 - HIGHLANDS AT MAYFIELD RANCH SEC 13, BLOCK Q, Lot 10","PILLA, BHAVANA & VASUDEV KARTHEEK AKKUR",
"R059942",,,"4206 DEER TRACT, ROUND ROCK, TX  78681","S3264 - Brushy Creek North Sec 2, BLOCK 14, Lot 26","KULSHRESTHA, NARAYAN & UMAMAHESWARI RAMANATHAN",
"R440794",,,"3224 RANCH PARK TRL, ROUND ROCK, TX  78681","S8265 - Behrens Ranch Ph C Sec 5, BLOCK H, Lot 36","PADHEE, GOPAL R & NILEPTA MISHRA",
"R650282",,,"1234 ROBIN TRL, ROUND ROCK, TX  78681","S13315 - SAULS RANCH EAST, BLOCK D, Lot 13","KAMISETTI, SRINIVASU & SATYASREE",
"R440820",,,"3405 SOPHORA CT, ROUND ROCK, TX  78681","S8265 - Behrens Ranch Ph C Sec 5, BLOCK J, Lot 3","SHETTY, SUMEET HAREKALA & SANJANA",
"R037916",,,"2102 SPANISH OAK TRL, ROUND ROCK, TX  78681","SPANISH OAK TERRACE  PHASE 1, BLOCK B, LOT 6, ACRES 5.18","SULEMAN, MUHAMMAD AATER",
"R496365",,,"3939 WALSH RANCH CV, ROUND ROCK, TX  78681","S9618 - WALSH RANCH SEC 4, BLOCK E, Lot 42","SHARMA, PALLAV",
"R600423",,,"4371 MAYFIELD RANCH BLVD, ROUND ROCK, TX  78681","S12403 - HIGHLANDS AT MAYFIELD RANCH SEC 11, BLOCK V, Lot 17","SANGANI, SUNIL KUMAR",
"R511321",,,"112 CALIMA CV, ROUND ROCK, TX  78681","S10107 - SENDERO SPRINGS SEC 6, BLOCK B, Lot 19, ACRES 0.424","NANDAKUMAR SIVAPERUMAL & VANATHI S KANI OF NANDAVAN-NANDAKUMAR & VANATHI LVG TST",
"R372884",,,"7008 EVANS DR, ROUND ROCK, TX  78681","S6707 - Cat Hollow Sec A Ph 5, BLOCK F, Lot 5","RANGANATHAN, VENKATESWARAN",
"R429415",,,"3125 GOLDENOAK CIR, ROUND ROCK, TX  78681","S8125 - Behrens Ranch Ph C Sec 1-c, BLOCK B, Lot 32","PATEL, JIGNESH & PINAL",
"R487962",,,"2690 MIRASOL LOOP, ROUND ROCK, TX  78681","S9439 - BEHRENS RANCH PH F SEC 2, BLOCK C, Lot 28","KALIAPERUMAL ARUMUGAM & UMA KANNAIYAN OF VEL WISDOM TRUST",
"R359475",,,"2421 CLOUD PEAK LN, ROUND ROCK, TX  78681","S6352 - Stone Canyon Sec 3, BLOCK AA, Lot 11","MANIKUNDALAM, RAVI K",
"R540614",,,"3824 KYLER GLEN RD, ROUND ROCK, TX  78681","S11003 - HIGHLANDS AT MAYFIELD RANCH SEC 8, BLOCK AA, Lot 19","BHAKTA, NIRAV R & POONAMBEN J",
"R453476",,,"3829 VALLARTA LN, ROUND ROCK, TX  78681","S8524 - MAYFIELD RANCH SEC 6, BLOCK F, Lot 19","KAMLESH & SHREYA SHAH COTRS URMI REVOCABLE TRUST & KILLOL SHAH",
"R498436",,,"2112 PARK OAK DR, ROUND ROCK, TX  78681","S9758 - ARBOR PLACE PH 1, BLOCK C, Lot 2","JACOB, LIJOY & JOMOL LIJOY",
"R520559",,,"321 CASCADA LN, ROUND ROCK, TX  78681","S10365 - SENDERO SPRINGS SEC 7, BLOCK R, Lot 9","GHATE, SUCHARIT M & NIHARIKA NIDHI",
"R547527",,,"3801 CHANCE LOOP, ROUND ROCK, TX  78681","C652 - GARDENS AT MAYFIELD CONDOS, UNIT 721, 0.833% COMMON AREA INTEREST, 0.1908 AC","PATEL, DIXIT",
"R547532",,,"3900 TAVAREZ ST, ROUND ROCK, TX  78681","C652 - GARDENS AT MAYFIELD CONDOS, UNIT 801, 0.833% COMMON AREA INTEREST, 0.1426 AC","VEERUBHOTLA, ADITYA & APARNA MOKKAPATI",
"R311436",,,"8340 LIBERTY WALK, ROUND ROCK, TX  78681","CAT HOLLOW SEC 3, BLOCK A, LOT 1, ACRES .16","CHALAMALACHETTY, SATYA & SRINIVASU SEELAM",
"R466791",,,"2520 CHAROLAIS CT, ROUND ROCK, TX  78681","S8781 - BEHRENS RANCH PH E SEC 1, BLOCK B, Lot 29","PALSULE, NINAD SADASHIV",
"R478444",,,"1121 WAIMEA BND, ROUND ROCK, TX  78681","S9120 - HIDDEN GLEN PH 6B, BLOCK H, Lot 6","BOJJIREDDY, KARUNAKAR & DEEPA PADMANABHAN",
"R399841",,,"2326 CAMINO DEL VERDES PL, ROUND ROCK, TX  78681","S7398 - Behrens Ranch Ph A, BLOCK A, Lot 14","JHAVAR, SAMEER & RAAGSUDHA",
"R533250",,,"233 CARRACK DR, ROUND ROCK, TX  78681","S10763 - HIGHLAND HORIZON PH 3, BLOCK B, Lot 12, ACRES 0.14","KHAN, AMJAD S",
"R533289",,,"230 CARRACK DR, ROUND ROCK, TX  78681","S10763 - HIGHLAND HORIZON PH 3, BLOCK C, Lot 8, ACRES 0.25","THANKAPPAN, SHINE",
"R390962",,,"8506 GLEN CANYON DR, ROUND ROCK, TX  78681","S7098 - Stone Canyon Sec 6c, BLOCK E, Lot 8","CHAKRAVARTY, DIPANJAN",
"R349857",,,"2027 BENT TREE LOOP, ROUND ROCK, TX  78681","S6141 - Bent Tree Sec 2, BLOCK E, Lot 4","KUMAR, RANGARAJAN",
"R533268",,,"205 GENNAKER DR, ROUND ROCK, TX  78681","S10763 - HIGHLAND HORIZON PH 3, BLOCK B, Lot 30, ACRES 0.14","YARIJARLA, VIJAY RAJ & SANDHYA",
"R399840",,,"2324 CAMINO DEL VERDES PL, ROUND ROCK, TX  78681","S7398 - Behrens Ranch Ph A, BLOCK A, Lot 13","CHOWDHURY, HASAN & NASHIDA ALAM",
"R597377",,,"1315 OVERTURE PL, ROUND ROCK, TX  78681","S12337 - HAIRY MAN PH 2, BLOCK A, Lot 2","NETHI, MANOJ KUMAR & ISHWARYA PARSI",
"R604631",,,"7266 SHOSHONI LOOP, ROUND ROCK, TX  78681","S12477 - RESERVE AT WYOMING SPRINGS, BLOCK C, Lot 15","VELEGA, RAJKUMAR SESHA PAVAN",
"R581841",,,"4312 SUTTER CV, ROUND ROCK, TX  78681","S12035 - HIGHLANDS AT MAYFIELD RANCH SEC 10A, BLOCK V, Lot 54","DUDDU, RAJASEKHAR & REENA BANGALORE SHANKARAPPA",
"R511361",,,"128 BRISA BEND WAY, ROUND ROCK, TX  78681","S10107 - SENDERO SPRINGS SEC 6, BLOCK C, Lot 12, ACRES 0.174","NAIDU, HEMADRI",
"R414340",,,"3004 WHITEHURST CV, ROUND ROCK, TX  78681","S7804 - Wood Glen Sec 4 Ph 2, BLOCK E, Lot 22","NIRMAL, NILESH GAJANANRAO & RITA VASUDEO LABDE",
"R414210",,,"3300 TEXANA CT, ROUND ROCK, TX  78681","S7833 - Behrens Ranch Ph B Sec 3, BLOCK E, Lot 25","ALEXANDER, ALLWIN & PRIYA RAJAN JOHN",
"R391234",,,"7207 TWO JACKS TRL, ROUND ROCK, TX  78681","S7071 - Stone Canyon Sec 8a, BLOCK S, Lot 5","RAVIKUMAR, KRISHNAKUMAR MAYURAM & PRIYA RAMASWAMY",
"R390957",,,"8418 GLEN CANYON DR, ROUND ROCK, TX  78681","S7098 - Stone Canyon Sec 6c, BLOCK E, Lot 3","BATRA, SHALINI LEENA",
"R530093",,,"3451 MAYFIELD RANCH BLVD, UNIT #509, ROUND ROCK, TX  78681","C622 - PRESERVE AT MAYFIELD RANCH CONDO, UNIT 509, 0.641% COMMON AREA INTEREST","SURE, SRINIVASA RAO & VENKATA S KURAPATI",
"R530071",,,"3451 MAYFIELD RANCH BLVD, UNIT #334, ROUND ROCK, TX  78681","C622 - PRESERVE AT MAYFIELD RANCH CONDO, UNIT 334, 0.641% COMMON AREA INTEREST","DASAR, SUNDAR & KANCHNA P SUNDARARAJAN",
"R520644",,,"114 ALONDRA WAY, ROUND ROCK, TX  78681","S10365 - SENDERO SPRINGS SEC 7, BLOCK S, Lot 43","MOPURI, SRINIVAS & VIJAYA",
"R414239",,,"2337 MASONWOOD WAY, ROUND ROCK, TX  78681","S7833 - Behrens Ranch Ph B Sec 3, BLOCK F, Lot 13","DEVARAJAN, VIJHAY & VIJAYALAKSHMI SRINIVASAN",
"R498458",,,"3012 MIDWOOD LN, ROUND ROCK, TX  78681","S9758 - ARBOR PLACE PH 1, BLOCK E, Lot 4","PAHLAJANI, NIRAJ H & ANOKHI JAMBUSARIA-PAHLAJANI",
"R523489",,,"4001 MASON CV, ROUND ROCK, TX  78681","S10465 - HIGHLANDS AT MAYFIELD RANCH SEC 2A, BLOCK I, Lot 1","PATEL, BIPIN (TOD) & SAGUNA (TOD)",
"R597396",,,"1413 OVERTURE PL, ROUND ROCK, TX  78681","S12337 - HAIRY MAN PH 2, BLOCK E, Lot 2","BAYANENI, SHAAN & SUNITHA KILARI",
"R598022",,,"4319 HOOD PARK DR, ROUND ROCK, TX  78681","S12379 - HIGHLANDS AT MAYFIELD RANCH SEC 14, BLOCK U, Lot 22","RAZA, FARRUKH SYED MOHAMMED",
"R600398",,,"4316 MAYFIELD RANCH BLVD, ROUND ROCK, TX  78681","S12403 - HIGHLANDS AT MAYFIELD RANCH SEC 11, BLOCK U, Lot 8","ANGADI, REVANTH KUMAR & SWAPNA KUNTI",
"R390824",,,"2725 LOYAGA DR, ROUND ROCK, TX  78681","S7219 - Wood Glen Sec 4 Ph 1, BLOCK B, Lot 28","THAKKAR, PRANAV HEMANT & RAMYA VANKA",
"R060697",,,"513 PURPLE SAGE DR, ROUND ROCK, TX  78681","CHISHOLM VALLEY SOUTH SEC 4 PHASE 2, BLOCK E, LOT 13","SRINIVASAN, SUCHITA",
"R615185",,,"4002 FLOWSTONE LN, ROUND ROCK, TX  78681","S12663 - HIGHLANDS AT MAYFIELD RANCH SEC 3A, BLOCK B, Lot 34","SINGU, ASHRITHA & SRINIVAS SAJJA",
"R547518",,,"3821 CHANCE LOOP, ROUND ROCK, TX  78681","C652 - GARDENS AT MAYFIELD CONDOS, UNIT 712, 0.833% COMMON AREA INTEREST, 0.1162 AC","PRAKASH BALAKRISHNAN & SHEETAL RAHU CO TR PRAKASH SHEETAL LIVING TRUST",
"R423263",,,"3102 PERUGA LN, ROUND ROCK, TX  78681","S8021 - Cat Hollow Sec B, BLOCK C, Lot 4","PERISETTY, CHANDRA SEKHAR & SABITHA",
"R423644",,,"1143 STONE FOREST TRL, ROUND ROCK, TX  78681","S7930 - Preserve At Stone Oak Ph 3 Sec 1, BLOCK C, Lot 110","MEKA, APARNA",
"R300668",,,"1808 SYLVIA LN, ROUND ROCK, TX  78681","SOMERSET II, BLOCK A, LOT 6-7, ACRES .24","VOHRA, MANAV & KRITI MIDHA",
"R498508",,,"2253 PARK PLACE CIR, ROUND ROCK, TX  78681","S9763 - ARBOR PLACE PH 2, BLOCK C, Lot 8","SIJO VADAKKAN & LITTY ROSE VADAKKAN TRUSTEES OF THE LASA TRUST",
"R479846",,,"3405 CITRINE PL, ROUND ROCK, TX  78681","S9108 - WALSH RANCH SEC 1, BLOCK F, Lot 19","THAKKU, THILIPKUMAR MOHAN & YOGISWARI T",
"R440924",,,"1105 CORONADO CV, ROUND ROCK, TX  78681","S8291 - Hidden Glen Ph 3a, BLOCK J, Lot 44","MEHTA, BIMAL C & VIRAJ B",
"R488136",,,"4309 ADAGIO PL, ROUND ROCK, TX  78681","S9436 - SENDERO SPRINGS SEC 5, BLOCK H, Lot 27","JOSEPH, SMITHA & MATHEW CHACKO",
"R415912",,,"4200 LINDO LOOP, ROUND ROCK, TX  78681","S7769 - Sendero Springs Sec 1, BLOCK L, Lot 5","KURUNTHOTTICAL ZENIN J & RAJU Z TRUSTEES OF KURUNTHOTTICAL FAMILY LIVING TRUST",
"R380985",,,"2500 RESNICK DR, ROUND ROCK, TX  78681","S6949 - Wood Glen Sec 3, BLOCK E, Lot 1","PANDEYA, SHYNO CHACKO & NEEL",
"R501684",,,"3061 PORTULACA DR, ROUND ROCK, TX  78681","S9835 - BEHRENS RANCH PH D SEC 6, BLOCK A, Lot 16","AGRAWAL, DIVYANSHU & NEHA LAHOTI",
"R650719",,,"2605 SAM BASS RD, UNIT #36, ROUND ROCK, TX  78681","C793 - CLEAR CREEK RANCH CONDO, UNIT 36, 0.90% COMMON AREA INTEREST","BHATT, JWALANT & KARISHMA HIMANSHU DESAI",
"R351432",,,"3600 ASPEN LEAF, ROUND ROCK, TX  78681","S5907 - Vista Oaks Sec 3a, BLOCK A, Lot 17","SUNDOJA, SAMAR & POOJA GUPTA",
"R429428",,,"3117 POINTE PL, ROUND ROCK, TX  78681","S8125 - Behrens Ranch Ph C Sec 1-c, BLOCK D, Lot 7","ABRAHAM, RUBY & RENJITH KOSHY JOHN",
"R650244",,,"1661 CARDINAL LN, ROUND ROCK, TX  78681","S13315 - SAULS RANCH EAST, BLOCK B, Lot 20","GALI, RAJESH & BINDU SREE GADDAM",
"R424360",,,"3204 LUMINOSO LN E, ROUND ROCK, TX  78681","S8049 - Sendero Springs Sec 2, BLOCK M, Lot 13","PATEL, MANISH & MITA",
"R423912",,,"3627 SPRING CANYON TRL, ROUND ROCK, TX  78681","S7949 - Preserve At Stone Oak Ph 3 Sec 3, BLOCK Q, Lot 11","NAGUBANDI, MAHENDRA",
"R393498",,,"2017 KIMBROOK DR, ROUND ROCK, TX  78681","S7277 - Wood Glen Sec 2 Ph 2, BLOCK B, Lot 10","VENKATESH, NEELAKANTAN & JYOTHI",
"R511313",,,"117 W ADELANTA PL, ROUND ROCK, TX  78681","S10107 - SENDERO SPRINGS SEC 6, BLOCK B, Lot 11, ACRES 0.371","PATEL, KARTIK N & REEMA GULATI",
"R501729",,,"2604 DALEA ST, ROUND ROCK, TX  78681","S9835 - BEHRENS RANCH PH D SEC 6, BLOCK H, Lot 23","DESAI, MANISH & SEEMA",
"R511295",,,"105 BRISA BEND WAY, ROUND ROCK, TX  78681","S10107 - SENDERO SPRINGS SEC 6, BLOCK A, Lot 20, ACRES 0.184","GUPTA, SAURABH",
"R336606",,,"17822 PARK VALLEY DR, ROUND ROCK, TX  78681","S5752 - Fern Bluff 1-b, Lot 1, ACRES 0.211","RAMASWAMY, JAIRAM & JAMIE LYNN BELL",
"R479766",,,"3417 ALEXANDRITE WAY, ROUND ROCK, TX  78681","S9108 - WALSH RANCH SEC 1, BLOCK A, Lot 32","RAMANI, NANDINI & RAM MOWDHGALYA MANI",
"R533274",,,"305 GENNAKER DR, ROUND ROCK, TX  78681","S10763 - HIGHLAND HORIZON PH 3, BLOCK B, Lot 36","BALUSU, KRISHNA (TOD) & INDIRA  BOPPANA (TOD)",
"R498507",,,"2257 PARK PLACE CIR, ROUND ROCK, TX  78681","S9763 - ARBOR PLACE PH 2, BLOCK C, Lot 7","ALI, KHALEEL & ZEHRA MOOSA",
"R431031",,,"2713 PLANTATION DR, ROUND ROCK, TX  78681","S8151 - Hidden Glen Ph 4b, BLOCK K, Lot 3","NAMA, LUNA R & RAGHUNATH S",
"R479838",,,"3509 CITRINE PL, ROUND ROCK, TX  78681","S9108 - WALSH RANCH SEC 1, BLOCK F, Lot 11","KASARLA, VENKATA & SHAILAJA",
"R520637",,,"704 CASCADA LN, ROUND ROCK, TX  78681","S10365 - SENDERO SPRINGS SEC 7, BLOCK S, Lot 36","MARKANTI, MAHESH & APARNA MUDIRAJ",
"R373011",,,"6033 RONCHAMPS DR, ROUND ROCK, TX  78681","S6705 - Cat Hollow Sec A Ph 4, BLOCK O, Lot 21","VALMIKI, ANAND & HIMABINDU",
"R440803",,,"3253 RANCH PARK TRL, ROUND ROCK, TX  78681","S8265 - Behrens Ranch Ph C Sec 5, BLOCK I, Lot 2","KUMAR, SANTOSH & MONEE",
"R547515",,,"3829 CHANCE LOOP, ROUND ROCK, TX  78681","C652 - GARDENS AT MAYFIELD CONDOS, UNIT 709, 0.833% COMMON AREA INTEREST, 0.191 AC","KARNATI, KRISHNA VENI & RANGANATH YERRAGUNTA",
"R547524",,,"3809 CHANCE LOOP, ROUND ROCK, TX  78681","C652 - GARDENS AT MAYFIELD CONDOS, UNIT 718, 0.833% COMMON AREA INTEREST, 0.1381 AC","KANNAPPAN, LAKSHMANAN & CHELLAM CHOCKALINGAM",
"R478448",,,"1105 WAIMEA BND, ROUND ROCK, TX  78681","S9120 - HIDDEN GLEN PH 6B, BLOCK H, Lot 10","NAIR, AJIT KUMAR GOPALAKRISHNAN & SARASWATHI KAVITHA PILLAI,",
"R466852",,,"2667 SALORN WAY, ROUND ROCK, TX  78681","S8855 - BEHRENS RANCH PH E SEC 2, BLOCK B, Lot 4","NAGA SUBRAHMANYAM YATHAM & SANDHYA YATHAM LVING TRUST",
"R351586",,,"18121 WHITEWATER CV, ROUND ROCK, TX  78681","S6211 - Stone Canyon Sec 1, BLOCK O, Lot 7","APARNA SATYAVOLU MOHAN POTHUKUCHI TRUST",
"R405444",,,"2329 MASONWOOD WAY, ROUND ROCK, TX  78681","S7555 - Behrens Ranch Ph B Sec 1, BLOCK G, Lot 19","DASGUPTA, TAMOJIT & MALLIKA",
"R466724",,,"3000 SUMAC CT, ROUND ROCK, TX  78681","S8846 - BEHRENS RANCH PH C SEC 2, BLOCK A, Lot 16","GHIMIRE, GIRI RAJ & BIJAYA GYENWALEE GHIMIRE",
"R497811",,,"3025 AGAVE LOOP, ROUND ROCK, TX  78681","S9743 - BEHRENS RANCH PH D SEC 4, BLOCK B, Lot 20","MURALIDHARAN SUBRAMANIAN & RUPA GOVINDATAJAN TRS  MSRG FAMILY REVOCABLE TRUST",
"R372933",,,"16741 MARSALA SPRINGS DR, ROUND ROCK, TX  78681","S6705 - Cat Hollow Sec A Ph 4, BLOCK G, Lot 6","NARAVARAM, SRINIVASA & NEERAJA",
"R497835",,,"3002 AGAVE LOOP, ROUND ROCK, TX  78681","S9743 - BEHRENS RANCH PH D SEC 4, BLOCK E, Lot 1","CHOPRA, ALOK & SHOMITA",
"R370192",,,"8419 SEA ASH CIR, ROUND ROCK, TX  78681","S6536 - Stone Canyon Sec 4, BLOCK O, Lot 103","DIVAKARAN, VIJAY & THIRUMAGAL MURUGAN",
"R511281",,,"117 E ADELANTA PL, ROUND ROCK, TX  78681","S10107 - SENDERO SPRINGS SEC 6, BLOCK A, Lot 6, ACRES 0.155","PALLE BALAKRISHNA, BHASKARA",
"R587547",,,"1545 REPRISE BND, ROUND ROCK, TX  78681","S12126 - HAIRY MAN PH 1, BLOCK B, Lot 27","SARMAH, MRINAL J & PRASANTI",
"R587558",,,"1709 REPRISE BND, ROUND ROCK, TX  78681","S12126 - HAIRY MAN PH 1, BLOCK C, Lot 10","GOEL, PANKAJ & ALKA",
"R587604",,,"1415 ALTO LN, ROUND ROCK, TX  78681","S12126 - HAIRY MAN PH 1, BLOCK D, Lot 36","VUPPLA, VIKRAM & SREEMANASWINI SAPARAM",
"R650765",,,"2605 SAM BASS RD, UNIT #82, ROUND ROCK, TX  78681","C793 - CLEAR CREEK RANCH CONDO, UNIT 82, 0.90% COMMON AREA INTEREST","CHAUDHRY, RISHABH & MUSKAAN MULCHANDANI",
"R392970",,,"602 ROCK FACE CT, ROUND ROCK, TX  78681","S7265 - Preserve At Stone Oak Ph 1 Sec 3, BLOCK C, Lot 53","SINGH, NARENDRA & VISHAKHA GAUTAM",
"R520556",,,"309 CASCADA LN, ROUND ROCK, TX  78681","S10365 - SENDERO SPRINGS SEC 7, BLOCK R, Lot 6","RAJ, RENJU",
"R587551",,,"1611 REPRISE BND, ROUND ROCK, TX  78681","S12126 - HAIRY MAN PH 1, BLOCK C, Lot 3","SINGH & SANKATE SHARMA, DEEPA",
"R358407",,,"16623 CORDILLERA DR, ROUND ROCK, TX  78681","S6332 - Cat Hollow Sec A Ph 3, BLOCK B, Lot 9","SAMALA, SUNITHA",
"R483794",,,"2925 AGAVE LOOP, ROUND ROCK, TX  78681","S9294 - BEHRENS RANCH PH D SEC 3B, BLOCK C, Lot 3","NAMBURI, NAGARAJU & SUSHAMA",
"R466730",,,"3022 STONECREEK DR, ROUND ROCK, TX  78681","S8846 - BEHRENS RANCH PH C SEC 2, BLOCK B, Lot 39","GAJJAR, TAPASDIP M & AHUTIBEN J DESAI",
"R511349",,,"204 CASCADA LN, ROUND ROCK, TX  78681","S10107 - SENDERO SPRINGS SEC 6, BLOCK B, Lot 47, ACRES 0.282","VELAYUDHAN, SUCHITHRA RAMAN & SREEKANT CHADAYAN",
"R533625",,,"3451 MAYFIELD RANCH BLVD, UNIT #267, ROUND ROCK, TX  78681","C622 - PRESERVE AT MAYFIELD RANCH CONDO, UNIT 267, 0.641% COMMON AREA INTEREST","DASARI, UDAY KUMAR",
"R540645",,,"4153 HAIGHT ST, ROUND ROCK, TX  78681","S11003 - HIGHLANDS AT MAYFIELD RANCH SEC 8, BLOCK CC, Lot 4","PANDEY, ANAND R & FNU NIKETA",
"R488190",,,"4228 ADAGIO PL, ROUND ROCK, TX  78681","S9436 - SENDERO SPRINGS SEC 5, BLOCK J, Lot 16","PRAVEEN KUMAR CHAKKA & RAJYALAKSHMI CHAKKA LIVING TRUST",
"R650315",,,"2319 CANTATA CV, ROUND ROCK, TX  78681","S13315 - SAULS RANCH EAST, BLOCK E, Lot 25","KAMIREDDI, SRIKANTH & VASAVI YAGNALA",
"R423181",,,"8327 CAMPECHE BAY PL, ROUND ROCK, TX  78681","S8021 - Cat Hollow Sec B, BLOCK B, Lot 37","PALEPU, BHASKAR A & SOWJANYA AMIRAPU",
"R498448",,,"3025 MIDWOOD LN, ROUND ROCK, TX  78681","S9758 - ARBOR PLACE PH 1, BLOCK D, Lot 10","RAJAT CHAUDHRY & PUJA SACHDEV CHAUDHRY CO-TRS OF THE RPC LIVING TRUST",
"R414205",,,"3409 LAZY OAK CV, ROUND ROCK, TX  78681","S7833 - Behrens Ranch Ph B Sec 3, BLOCK E, Lot 20","KHARORE, PRADEEP KUMAR & RASHMI RANI",
"R361380",,,"3601 NEWLAND PL, ROUND ROCK, TX  78681","S6279 - Vista Oaks Sec 2b Amending Plat, Lot 38","SARAF, PARIMAL & SUMEDHA GANJOO",
"R533264",,,"145 GENNAKER DR, ROUND ROCK, TX  78681","S10763 - HIGHLAND HORIZON PH 3, BLOCK B, Lot 26, ACRES 0.14","ARTHAM, AARTHI & SATISH",
"R597995",,,"3817 SIR NOAH TUCKER DR, ROUND ROCK, TX  78681","S12379 - HIGHLANDS AT MAYFIELD RANCH SEC 14, BLOCK R, Lot 25","KATBI, MOHAMMAD NAZIR ARABI",
"R414270",,,"2345 BERWICK DR, ROUND ROCK, TX  78681","S7814 - Hidden Glen Ph 1, BLOCK D, Lot 11","KULKARNI, MUKUND KUMAR & ROOPA",
"R374967",,,"4031 CARGILL DR, ROUND ROCK, TX  78681","S6801 - Cat Hollow Sec C Ph 1, BLOCK E, Lot 18","VALECHA, NAMRATA ET AL",
"R520580",,,"549 CASCADA LN, ROUND ROCK, TX  78681","S10365 - SENDERO SPRINGS SEC 7, BLOCK R, Lot 30","SENAPATI, BISWA & LEEPIKA JENA",
"R487197",,,"3327 PINE NEEDLE CIR, ROUND ROCK, TX  78681","S9339 - VILLAGE AT MAYFIELD RANCH PH 5, BLOCK H, Lot 12","CHATTERJEE, ANUPAMA & MELISSA",
"R511314",,,"113 W ADELANTA PL, ROUND ROCK, TX  78681","S10107 - SENDERO SPRINGS SEC 6, BLOCK B, Lot 12, ACRES 0.264","SHAH, HARSHIL",
"R530566",,,"3631 HERMANN ST, ROUND ROCK, TX  78681","S10686 - HIGHLANDS AT MAYFIELD RANCH SEC 2B, BLOCK C, Lot 7","ANEKAR, SUKUMAR RATNAKAR & MITHILA CHAUDHARI,",
"R315200",,,"8202 LONGDRAW DR, ROUND ROCK, TX  78681","FERN BLUFF SEC 3A, BLOCK G, LOT 18","GAJERA, GUNVANT H & EHAVANA",
"R597993",,,"3825 SIR NOAH TUCKER DR, ROUND ROCK, TX  78681","S12379 - HIGHLANDS AT MAYFIELD RANCH SEC 14, BLOCK R, Lot 23","SATHYANARAYAN, NAGARAJ & JAYASHREE SRINIVAS",
"R453541",,,"3810 SKY LN, ROUND ROCK, TX  78681","S8524 - MAYFIELD RANCH SEC 6, BLOCK J, Lot 17","CHANDRA, ARUNCHANDRA",
"R487960",,,"2698 MIRASOL LOOP, ROUND ROCK, TX  78681","S9439 - BEHRENS RANCH PH F SEC 2, BLOCK C, Lot 26","RAVISWARAN, ARVIND",
"R423848",,,"3652 SPRING CANYON TRL, ROUND ROCK, TX  78681","S7949 - Preserve At Stone Oak Ph 3 Sec 3, BLOCK O, Lot 10","ARUNACHALAMSARAVANAN, SABARI KARTHIK & MEERA ASOKAN",
"R466745",,,"3113 EDGECREEK PL, ROUND ROCK, TX  78681","S8846 - BEHRENS RANCH PH C SEC 2, BLOCK C, Lot 4","KOKA, PRITHVI KANTH & SHALINI RAO KOOCHADI",
"R533303",,,"100 BINNACLE DR, ROUND ROCK, TX  78681","S10763 - HIGHLAND HORIZON PH 3, BLOCK D, Lot 1, ACRES 0.18","JNAWALI, SHASHWAT & SANCHITA SUBEDI",
"R511358",,,"116 BRISA BEND WAY, ROUND ROCK, TX  78681","S10107 - SENDERO SPRINGS SEC 6, BLOCK C, Lot 9, ACRES 0.159","PALADUGU, PAVAN KUMAR & SANTHI VASIREDDY",
"R358445",,,"6001 BARLETTA RD, ROUND ROCK, TX  78681","S6332 - Cat Hollow Sec A Ph 3, BLOCK E, Lot 1","KUMAR, FNU UDAY",
"R414116",,,"2507 ECHO WOOD PL, ROUND ROCK, TX  78681","BEHRENS RANCH PH B SEC 2, BLOCK B, LOT 50","KULKARNI, ABHISHEK & BHAVYA HANGALA SRINIVASAN",
"R511302",,,"133 BRISA BEND WAY, ROUND ROCK, TX  78681","S10107 - SENDERO SPRINGS SEC 6, BLOCK A, Lot 27, ACRES 0.187","BUDHWANI, SHABNAM & ALTAF M JALALUDDIN",
"R370360",,,"8810 GLEN CANYON DR, ROUND ROCK, TX  78681","S6627 - Stone Canyon Sec 6b, BLOCK F, Lot 29","PATEL, HARISH C & PANNA H CO-TRUSTEES OF THE HARISH & PANNA PATEL REVOC TRUST",
"R547490",,,"4668 KATHERINE DR, ROUND ROCK, TX  78681","C652 - GARDENS AT MAYFIELD CONDOS, UNIT 511, 0.833% COMMON AREA INTEREST, 0.2068 AC","KOGANTI NARASIMHA RAO (TOD) & LAKSHMI SOUJANYA PANCHUMARTHI (TOD)",
"R454509",,,"3932 TAPADO CANYON TRL, ROUND ROCK, TX  78681","S8609 - PRESERVE AT STONE OAK PH 3 SEC 4 (REPLAT), BLOCK EE, Lot 9","GURME, VIJAYKUMAR",
"R483802",,,"2900 AGAVE LOOP, ROUND ROCK, TX  78681","S9294 - BEHRENS RANCH PH D SEC 3B, BLOCK D, Lot 10","MUSHTAFFA, SHABEEB SHEIK & NOORUNISA SIRAJ BASHA",
"R604632",,,"7270 SHOSHONI LOOP, ROUND ROCK, TX  78681","S12477 - RESERVE AT WYOMING SPRINGS, BLOCK C, Lot 16","MALARAJU, SATISH KUMAR & SRAVANTHI",
"R488081",,,"3007 HELADA CT, ROUND ROCK, TX  78681","S9436 - SENDERO SPRINGS SEC 5, BLOCK F, Lot 26","GOYAL, DHIRAJ & TANIKA MITTAL",
"R440865",,,"1707 WEST END PL, ROUND ROCK, TX  78681","S8254 - Hidden Glen Ph 2b, BLOCK B, Lot 4","JILLAPALLI, RAVI K & REGINA",
"R479777",,,"3604 ALEXANDRITE WAY, ROUND ROCK, TX  78681","S9108 - WALSH RANCH SEC 1, BLOCK C, Lot 4","AZEEZ, SABU & SHABNA SHARAFUDEEN",
"R302272",,,"8436 FERN BLUFF AVE, ROUND ROCK, TX  78681","FERN BLUFF SEC 1, BLOCK A, LOT 7","WARAICH, RASHID",
"R488123",,,"5503 SENDERO SPRINGS DR, ROUND ROCK, TX  78681","S9436 - SENDERO SPRINGS SEC 5, BLOCK H, Lot 14","GUNDA, SIMHA & SIRI",
"R370356",,,"8802 GLEN CANYON DR, ROUND ROCK, TX  78681","STONE CANYON SEC 6B, BLOCK F, LOT 25","RAHMAN, AQUILUR & DORINA M BANO",
"R454511",,,"1171 STONE FOREST TRL, ROUND ROCK, TX  78681","S8609 - PRESERVE AT STONE OAK PH 3 SEC 4 (REPLAT), BLOCK EE, Lot 11","KOMMERA, CHANDRASHEKAR R & SWAROOPA R NARAHARI",
"R414232",,,"2442 ARBOR DR, ROUND ROCK, TX  78681","S7833 - Behrens Ranch Ph B Sec 3, BLOCK F, Lot 6","KOTHAPALLI, VENKATA",
"R462037",,,"1172 WAIMEA BND, ROUND ROCK, TX  78681","S8746 - HIDDEN GLEN PH 6A, BLOCK I, Lot 18","ROUF, EMRAN & RABEYA KHATUN",
"R441225",,,"3910 ROLLING CANYON TRL, ROUND ROCK, TX  78681","S8246 - Preserve At Stone Oak Ph 4 Sec 1, BLOCK DD, Lot 15","GADIRAJU, SHASHI PAVAN & PRAMODA BATTIPROLU",
"R487157",,,"3332 PINE NEEDLE CIR, ROUND ROCK, TX  78681","S9339 - VILLAGE AT MAYFIELD RANCH PH 5, BLOCK A, Lot 94","BORAH, ABHIJIT & MRIGOPRIYA TAMULI",
"R081299",,,"901 OAK PARK DR, ROUND ROCK, TX  78681","OAKLANDS SEC 3A, BLOCK E, LOT 9","VISHNUBHOTLA, PRASAD & RAMANIMANI",
"R483780",,,"2945 AGAVE LOOP, ROUND ROCK, TX  78681","S9294 - BEHRENS RANCH PH D SEC 3B, BLOCK B, Lot 2","VADLAMUDI, RAVI",
"R650205",,,"1423 CARDINAL LN, ROUND ROCK, TX  78681","S13315 - SAULS RANCH EAST, BLOCK A, Lot 1","BANERJEE, SHUBHENDU & GARGY",
"R059832",,,"3805 CURTIS DR, ROUND ROCK, TX  78681","S3265 - Brushy Creek North Sec 1, BLOCK 9, Lot 2","SOORI, NILANTHI (TOD)",
"R547507",,,"3850 CHANCE LOOP, ROUND ROCK, TX  78681","C652 - GARDENS AT MAYFIELD CONDOS, UNIT 701, 0.833% COMMON AREA INTEREST, 0.2065 AC","BHALANI RAJIV & REENA RAIYANI",
"R479840",,,"3501 CITRINE PL, ROUND ROCK, TX  78681","S9108 - WALSH RANCH SEC 1, BLOCK F, Lot 13","THAMBIDURAI, CHANDRU & KAVITHA ANANDAN",
"R587541",,,"1521 REPRISE BND, ROUND ROCK, TX  78681","S12126 - HAIRY MAN PH 1, BLOCK B, Lot 21","ANNAMALAI MUTHUVALLIAPPAN & ANNAM MUTHUVALLIAPPAN",
"R552379",,,"4116 PRESIDIO LN, ROUND ROCK, TX  78681","S11276 - HIGHLANDS AT MAYFIELD RANCH SEC 4A, BLOCK J, Lot 4","DUGGIRALA, RAVIKRISHNA & INDIRA",
"R552339",,,"4118 KINGSLEY AVE, ROUND ROCK, TX  78681","S11276 - HIGHLANDS AT MAYFIELD RANCH SEC 4A, BLOCK H, Lot 7","GANTIMURTHY, VENKATA SURYA",
"R587557",,,"1705 REPRISE BND, ROUND ROCK, TX  78681","S12126 - HAIRY MAN PH 1, BLOCK C, Lot 9","GOTTUMUKKALA, SREE SATYA RAJEE",
"R600373",,,"4585 POST LOOP, ROUND ROCK, TX  78681","S12403 - HIGHLANDS AT MAYFIELD RANCH SEC 11, BLOCK G, Lot 119","RAJIV SUBHASH NAIK & KOMAL REVANKAR TRS NAIK FAMILY LIVING TRUST",
"R479607",,,"3552 ALEXANDRITE WAY, ROUND ROCK, TX  78681","S9060 - WALSH RANCH SEC 3, BLOCK B, Lot 20","BATHLA, KARISHMA & ABHISHEK",
"R547557",,,"3954 TAVAREZ ST, ROUND ROCK, TX  78681","C652 - GARDENS AT MAYFIELD CONDOS, UNIT 1102, 0.833% COMMON AREA INTEREST, 0.189 AC","BASANA, JYOTSNA SWAPNA & SIVAPRASAD AKASAM",
"R650272",,,"1340 ROBIN TRL, ROUND ROCK, TX  78681","S13315 - SAULS RANCH EAST, BLOCK D, Lot 3","PANDRANGI, VIJAY & LAKSHMI NIHARIKA PATIBANDA",
"R581805",,,"841 WHITETAIL DR, ROUND ROCK, TX  78681","S12035 - HIGHLANDS AT MAYFIELD RANCH SEC 10A, BLOCK T, Lot 13","PANNEERSELVAM, PRASANTH & SWETHA SRIDHARAN",
"R587586",,,"2516 SOPRANO WAY, ROUND ROCK, TX  78681","S12126 - HAIRY MAN PH 1, BLOCK D, Lot 18","CEELAM RAJABHUSHAN RAO & SAKUNTHALA VEGESNA",
"R587576",,,"2517 SOPRANO WAY, ROUND ROCK, TX  78681","S12126 - HAIRY MAN PH 1, BLOCK D, Lot 8","SHRESTHA, NABIN & JYOTI M",
"R533662",,,"3451 MAYFIELD RANCH BLVD, UNIT #713, ROUND ROCK, TX  78681","C622 - PRESERVE AT MAYFIELD RANCH CONDO, UNIT 713, 0.641% COMMON AREA INTEREST","YAMDATI SREENIVASULU & KRISHNA CHAITANYA KATARI",
"R533930",,,"7220 WYOMING SPRINGS DR, UNIT #1401, ROUND ROCK, TX  78681","C638 - ROCKWELL VILLAGE CONDO, BUILDING 14, UNIT 1401, 1.887% COMMON AREA INTEREST","ADMANE, SACHIN",
"R465294",,,"3804 CREST LN, ROUND ROCK, TX  78681","S8798 - MAYFIELD RANCH SEC 7, BLOCK E, Lot 14","SINHA, NIRNAY K & DANIELLE N",
"R361028",,,"3618 WINDHILL LOOP, ROUND ROCK, TX  78681","S6323 - Stone Oak At Round Rock Sec 2, BLOCK A, Lot 11","BANERJEE, KALYAN & SUDESHNA",
"R522709",,,"3451 MAYFIELD RANCH BLVD, UNIT #234, ROUND ROCK, TX  78681","C622 - PRESERVE AT MAYFIELD RANCH CONDO, UNIT 234, 0.641% COMMON AREA INTEREST","RANGNEKAR, RAJESH S",
"R399909",,,"7126 AVIGNON DR, ROUND ROCK, TX  78681","S7304 - Cat Hollow Sec A Ph 6, BLOCK P, Lot 14","SOGANI, ANKUR & RASHIKA GANGWAL",
"R604603",,,"7328 SHOSHONI TRL, ROUND ROCK, TX  78681","S12477 - RESERVE AT WYOMING SPRINGS, BLOCK A, Lot 8","CHINDANOOR, SREENIVASULU & SRUJANA SEAGU",
"R400091",,,"2647 HENLEY DR, ROUND ROCK, TX  78681","S7402 - Wood Glen Sec 5 Ph 2, BLOCK A, Lot 17","DARUKA, ANUP K & PRAGYNA P SAMANTARAY",
"R604592",,,"7809 PINEDALE CV, ROUND ROCK, TX  78681","S12477 - RESERVE AT WYOMING SPRINGS, BLOCK A, Lot 16","SUBAIR, SAMJAS CHERATTIYIL & SELMA NAZAR",
"R520583",,,"561 CASCADA LN, ROUND ROCK, TX  78681","S10365 - SENDERO SPRINGS SEC 7, BLOCK R, Lot 33","SATHY, MANOJ SOMAN & ANU MANOJ",
"R511369",,,"301 ENTRADA WAY, ROUND ROCK, TX  78681","S10107 - SENDERO SPRINGS SEC 6, BLOCK C, Lot 20, ACRES 0.168","GIRI, PANKAJ & APANA BARTAULA",
"R440914",,,"1104 CORONADO CV, ROUND ROCK, TX  78681","S8291 - Hidden Glen Ph 3a, BLOCK J, Lot 34","RANGWALLA SUJAL C & AMY H SHAH COTRUSTEES OF THE SC RANGWALLA & AH SHAH REVOC TR",
"R520625",,,"544 CASCADA LN, ROUND ROCK, TX  78681","S10365 - SENDERO SPRINGS SEC 7, BLOCK S, Lot 24","MALLELA, SURESH KUMAR & RAGINI ANNAMANENI",
"R552271",,,"3809 BROADWAY PATH, ROUND ROCK, TX  78681","S11277 - HIGHLANDS AT MAYFIELD RANCH SEC 12A, BLOCK A, Lot 119","CHHATWAL, RANDHIR & BHAWNA",
"R361350",,,"4106 SPRINGWILLOW LN, ROUND ROCK, TX  78681","S6279 - Vista Oaks Sec 2b Amending Plat, Lot 8","BHAT, ADITYA & RUJUTA D",
"R533335",,,"312 SOUTHERN CARINA DR, ROUND ROCK, TX  78681","S10763 - HIGHLAND HORIZON PH 3, BLOCK E, Lot 27, ACRES 0.29","GUPTA, UMA K & MUKESH R & PAAYAL R",
"R352545",,,"2023 WOODGLEN DR, ROUND ROCK, TX  78681","S6297 - Wood Glen Sec 1 Ph 1-a (amended), BLOCK B, Lot 12","BHADAURIYA, MRITYUNJAY SINGH & BRIJESH RATHORE",
"R460544",,,"816 HIDDEN GLEN DR, ROUND ROCK, TX  78681","S8715 - HIDDEN GLEN PH 5A, BLOCK M, Lot 63","NARAYANA, GANESH PRASAD",
"R392725",,,"3228 ARROYO BLUFF LN, ROUND ROCK, TX  78681","S7252 - Preserve At Stone Oak Ph 2 Sec 1, BLOCK F, Lot 56","CHADALAWADA, VENKATA NAGA SAI RANGA RAO",
"R351622",,,"18011 ROSEBUD PL, ROUND ROCK, TX  78681","S6211 - Stone Canyon Sec 1, BLOCK O, Lot 43","SHAH, DWIP R & NIPA D",
"R479871",,,"3510 CITRINE PL, ROUND ROCK, TX  78681","S9108 - WALSH RANCH SEC 1, BLOCK H, Lot 17","MUTHYALA, SRINIVAS & APARNA MAMIDI",
"R597998",,,"3805 SIR NOAH TUCKER DR, ROUND ROCK, TX  78681","S12379 - HIGHLANDS AT MAYFIELD RANCH SEC 14, BLOCK R, Lot 28","NACHIAPPAN, THENAPPAN",
"R414127",,,"2834 STONECREEK PL, ROUND ROCK, TX  78681","S7608 - Behrens Ranch Ph B Sec 2, BLOCK C, Lot 10","RAJ, NAGALAKSHMI",
"R533653",,,"3451 MAYFIELD RANCH BLVD, UNIT #703, ROUND ROCK, TX  78681","C622 - PRESERVE AT MAYFIELD RANCH CONDO, UNIT 703, 0.641% COMMON AREA INTEREST","KATTA, SATISH KUMAR",
"R414157",,,"2619 CRESTFIELD PL, ROUND ROCK, TX  78681","S7608 - Behrens Ranch Ph B Sec 2, BLOCK C, Lot 40","BAPAT, NEERAJ & SONAL DIXIT",
"R423722",,,"3713 CASTLE ROCK DR, ROUND ROCK, TX  78681","S7930 - Preserve At Stone Oak Ph 3 Sec 1, BLOCK V, Lot 14","YADAV, SANJAY & SHALINI SONI",
"R335234",,,"506 BROOKSTONE CT, ROUND ROCK, TX  78681","S7110 - Oaklands Sec 3a, 3b, & 2-revised Amending Plat, BLOCK H, Lot 58","KODUKULA, SIVARAMA K & KAMESWARI",
"R448273",,,"3732 CERULEAN WAY, ROUND ROCK, TX  78681","S8441 - MAYFIELD RANCH SEC 5, BLOCK S, Lot 31","SHENDE, AKSHAY & PINKI",
"R604647",,,"7713 LARAMIE BND, ROUND ROCK, TX  78681","S12477 - RESERVE AT WYOMING SPRINGS, BLOCK C, Lot 27","GUDAPATI, LAKSHMI BHARATA & ANIL PRAKASH",
"R577111",,,"4312 ARQUES AVE, ROUND ROCK, TX  78681","S11919 - HIGHLANDS AT MAYFIELDS RANCH SEC 12B, BLOCK A, Lot 146","VANAPARTHI, ANVESH",
"R431960",,,"3901 DERBY CV, ROUND ROCK, TX  78681","S8188 - Mayfield Ranch Sec 1, BLOCK S, Lot 43","JOSHI, SAMIR S & ASHA",
"R650691",,,"2605 SAM BASS RD, UNIT #8, ROUND ROCK, TX  78681","C793 - CLEAR CREEK RANCH CONDO, UNIT 8, 0.90% COMMON AREA INTEREST","SELVARAJ, SHREE VIVEK",
"R466752",,,"2504 SALORN WAY, ROUND ROCK, TX  78681","S8781 - BEHRENS RANCH PH E SEC 1, BLOCK A, Lot 1","GANESULA, NAREEN KUMAR",
"R424331",,,"4418 PASADA LN, ROUND ROCK, TX  78681","S8049 - Sendero Springs Sec 2, BLOCK K, Lot 65","SANNIDHI, RAM",
"R059990",,,"3201 OAK BEND DR, ROUND ROCK, TX  78681","S3264 - Brushy Creek North Sec 2, BLOCK 17, Lot 1","RAJKUMARI, ANURUPA & VISHAL CHITTRANJAN ASLOT",
"R498403",,,"2180 PARK PLACE CIR, ROUND ROCK, TX  78681","S9758 - ARBOR PLACE PH 1, BLOCK A, Lot 29","CHARUGUNDLA, ANIL & SAUMYA UPPALURI",
"R361074",,,"1251 LACEY OAK LOOP, ROUND ROCK, TX  78681","S6273 - Oak Hollow, BLOCK A, Lot 21","AMANDEEP SINGH & VINDER SINGH AS CO-TRS OF THE ASVS FAMILY REVOCABLE TRUST",
"R358277",,,"16729 CHAMONIX TER, ROUND ROCK, TX  78681","S6331 - Cat Hollow Sec A Ph 2, BLOCK C, Lot 15","KASBEKAR, GIRISH MADHAV & VINITA GIRISH OF GIRISH & VINITA KASBEKAR RVCBL TST",
"R059013",,,"1704 BRUSHY BEND DR, ROUND ROCK, TX  78681","S3256 - Brushy Bend Park Sec 2 Phase 1, Lot 44, ACRES 0.93","ARIKATLA, DHANIL REDDY & PADMINI KUSAM",
"R352503",,,"2015 INVERNESS DR, ROUND ROCK, TX  78681","S6297 - Wood Glen Sec 1 Ph 1-a (amended), BLOCK A, Lot 9","THANGARAJ, SAKTHI SRI GANESH",
"R488147",,,"4416 ANGELICO LN, ROUND ROCK, TX  78681","S9436 - SENDERO SPRINGS SEC 5, BLOCK H, Lot 38","BALASUBRAMANIAN, DEEPAK & SHUVEENA RAMACHANDRAN",
"R511298",,,"117 BRISA BEND WAY, ROUND ROCK, TX  78681","S10107 - SENDERO SPRINGS SEC 6, BLOCK A, Lot 23, ACRES 0.243","BRAHMBHATT, DHAVAL & HETAL",
"R650206",,,"1427 CARDINAL LN, ROUND ROCK, TX  78681","S13315 - SAULS RANCH EAST, BLOCK A, Lot 2","KULKARNI, ANUJ GIRISH & ROHITA MAL",
"R453527",,,"3826 VALLARTA LN, ROUND ROCK, TX  78681","S8524 - MAYFIELD RANCH SEC 6, BLOCK I, Lot 8","BASKARAN, KARTHIKEYAN",
"R547498",,,"4740 COLLINS ST, ROUND ROCK, TX  78681","C652 - GARDENS AT MAYFIELD CONDOS, UNIT 608, 0.833% COMMON AREA INTEREST, 0.1641 AC","VASAGAM BHARATH MANICKA & RAJESWARI JAYAVARADHAN",
"R547489",,,"4667 KATHERINE DR, ROUND ROCK, TX  78681","C652 - GARDENS AT MAYFIELD CONDOS, UNIT 510, 0.833% COMMON AREA INTEREST, 0.1484 AC","BHATTACHARJEE, SUDIPTA & JABA",
"R577153",,,"4445 ARQUES AVE, ROUND ROCK, TX  78681","S11919 - HIGHLANDS AT MAYFIELDS RANCH SEC 12B, BLOCK M, Lot 12","KOKKULA, SADANANDAM & ARCHANA",
"R479833",,,"3529 CITRINE PL, ROUND ROCK, TX  78681","S9108 - WALSH RANCH SEC 1, BLOCK F, Lot 6","SHRAWAGI NITIN & RINKU NITIN SHRAWAGI TRUSTEES NSRS FAMILY REVOCABLE TRUST",
"R423242",,,"105 NORTH FIELD ST, ROUND ROCK, TX  78681","S8021 - Cat Hollow Sec B, BLOCK B, Lot 98","PATIL, SWAPNIL",
"R520621",,,"532 CASCADA LN, ROUND ROCK, TX  78681","S10365 - SENDERO SPRINGS SEC 7, BLOCK S, Lot 20","LAXMINARAYANA CHAITANYA TALAVATA & SNEHALATA GANAPATI HEDGE",
"R370410",,,"9008 MAGIC MOUNTAIN LN, ROUND ROCK, TX  78681","S6625 - Stone Canyon Sec 6a, BLOCK G, Lot 8","SHRINIWAR, AKSHAY & AARTI",
"R370389",,,"8028 WHITWORTH LN, ROUND ROCK, TX  78681","STONE CANYON SEC 6A, BLOCK F, LOT 44","DEVASIA, BINU & ASHA P",
"R358273",,,"7042 RAMBOLLET TER, ROUND ROCK, TX  78681","S6331 - Cat Hollow Sec A Ph 2, BLOCK C, Lot 11","BHAT, ADITYA & RUJUTA NEVE",
"R520561",,,"329 CASCADA LN, ROUND ROCK, TX  78681","S10365 - SENDERO SPRINGS SEC 7, BLOCK R, Lot 11","PANDEY, MRITYUNJAY & MADHAVI",
"R650768",,,"2605 SAM BASS RD, UNIT #85, ROUND ROCK, TX  78681","C793 - CLEAR CREEK RANCH CONDO, UNIT 85, 0.90% COMMON AREA INTEREST","KAUTHA, PAVANA CHANDRIKA & SAMARESH SRIPADA",
"R390941",,,"9008 DEURNE DR, ROUND ROCK, TX  78681","S7098 - Stone Canyon Sec 6c, BLOCK C, Lot 23","VENKATESAN, ANIRUDH",
"R466767",,,"2604 SALORN WAY, ROUND ROCK, TX  78681","S8781 - BEHRENS RANCH PH E SEC 1, BLOCK A, Lot 16","KUNDU, AMIT & RUCHI",
"R520579",,,"521 CASCADA LN, ROUND ROCK, TX  78681","S10365 - SENDERO SPRINGS SEC 7, BLOCK R, Lot 29","BHEEM REDDY, ABHILASH R & PRATHIBA",
"R587588",,,"2508 SOPRANO WAY, ROUND ROCK, TX  78681","S12126 - HAIRY MAN PH 1, BLOCK D, Lot 20","DEVINENI DHRUVA KUMAR & HARITHA MANNURU",
"R587589",,,"2504 SOPRANO WAY, ROUND ROCK, TX  78681","S12126 - HAIRY MAN PH 1, BLOCK D, Lot 21","NAGUBANDI, MAHENDRA & SREE PRIYA ARTHAM",
"R587587",,,"2512 SOPRANO WAY, ROUND ROCK, TX  78681","S12126 - HAIRY MAN PH 1, BLOCK D, Lot 19","SRINIVASA SHARATH & SARIKA MARAGOWDANAHALLI SURESH",
"R084346",,,"1604 BLACKJACK DR, ROUND ROCK, TX  78681","WOODS SEC 2 AMEND, BLOCK I, LOT 14","DONGAONKAR, GAURAV & SAUDAMINI S KADAM",
"R650242",,,"1653 CARDINAL LN, ROUND ROCK, TX  78681","S13315 - SAULS RANCH EAST, BLOCK B, Lot 18","VIVEKANAND POLAVARAPU & SUSHMA MANAVA TRS POLAVARAPU LIVING TRUST",
"R488166",,,"4324 ANGELICO LN, ROUND ROCK, TX  78681","S9436 - SENDERO SPRINGS SEC 5, BLOCK I, Lot 17","SWATANTRAN, BHARAT & UMA BHARAT",
"R520553",,,"1009 CASCADA CT, ROUND ROCK, TX  78681","S10365 - SENDERO SPRINGS SEC 7, BLOCK R, Lot 3","MALIK, SONALI & AVINASH",
"R483783",,,"2957 AGAVE LOOP, ROUND ROCK, TX  78681","S9294 - BEHRENS RANCH PH D SEC 3B, BLOCK B, Lot 5","RATHORE, HIMMAT SINGH & RENU RATNAWAT",
"R520587",,,"107 FAROLA CV, ROUND ROCK, TX  78681","S10365 - SENDERO SPRINGS SEC 7, BLOCK R, Lot 37","KAMMA, CHALAPATHIRAO & SANGEETA MANNEPALLI",
"R650305",,,"2324 CANTATA CV, ROUND ROCK, TX  78681","S13315 - SAULS RANCH EAST, BLOCK E, Lot 15","POHANI, ASHOK K & ASTHA",
"R488174",,,"4229 ADAGIO PL, ROUND ROCK, TX  78681","S9436 - SENDERO SPRINGS SEC 5, BLOCK I, Lot 25","RAVI SHANKAR CHERUKURI & SRILAKSHMI KUNAPAREDDY OF RCSK FAMILY REVOCABLE TRUST",
"R459308",,,"3712 FOSSILWOOD WAY, ROUND ROCK, TX  78681","S8711 - VILLAGE AT MAYFIELD RANCH PH 4, BLOCK A, Lot 23","VARUGHESE, JELIN & ALICE JELIN",
"R604588",,,"7329 SHOSHONI TRL, ROUND ROCK, TX  78681","S12477 - RESERVE AT WYOMING SPRINGS, BLOCK A, Lot 12","KALLU, PRANEETH REDDY",
"R349921",,,"3004 DESERT WILLOW CV, ROUND ROCK, TX  78681","S6141 - Bent Tree Sec 2, BLOCK I, Lot 5","LATIF, AMAL",
"R498463",,,"3029 WOOD SPRINGS LN, ROUND ROCK, TX  78681","S9758 - ARBOR PLACE PH 1, BLOCK E, Lot 9","KUMAR GOPAL RAO & MEERA KUMAR TRS KUMAR MEERA FAMILY REVOC LIV TRUST",
"R501703",,,"2613 DALEA ST, ROUND ROCK, TX  78681","S9835 - BEHRENS RANCH PH D SEC 6, BLOCK G, Lot 4","SHAH, TARANG",
"R423304",,,"8134 CAMPECHE BAY PL, ROUND ROCK, TX  78681","S8021 - Cat Hollow Sec B, BLOCK D, Lot 25","PANCHAL, BHUMIKA",
"R379086",,,"2050 KIMBROOK DR, ROUND ROCK, TX  78681","S6865 - Wood Glen Sec 2 Ph 1, BLOCK A, Lot 57","NAG, AYAN & SUCHARITA",
"R595975",,,"4431 HANNOVER WAY, ROUND ROCK, TX  78681","S12327 - HIGHLANDS AT MAYFIELD RANCH SEC 10B, BLOCK G, Lot 93","KAUR, RAKSHIT",
"R511353",,,"112 E ADELANTA PL, ROUND ROCK, TX  78681","S10107 - SENDERO SPRINGS SEC 6, BLOCK C, Lot 4, ACRES 0.136","KUMAR, MANOJ KUMAR & BONISHA SOUNDARRAJA",
"R429380",,,"3013 GOLDENOAK CIR, ROUND ROCK, TX  78681","S8125 - Behrens Ranch Ph C Sec 1-c, BLOCK A, Lot 24","SINGH, SAGAR KUMAR KHOKHA & HEMALI",
"R497848",,,"3068 AGAVE LOOP, ROUND ROCK, TX  78681","S9743 - BEHRENS RANCH PH D SEC 4, BLOCK E, Lot 14","GOPAL, PRADEEP & REKHA NAGABHUSANA",
"R487939",,,"2701 MIRASOL LOOP, ROUND ROCK, TX  78681","S9439 - BEHRENS RANCH PH F SEC 2, BLOCK A, Lot 15","MUSUNURU, PRASAD V & SANDHYA ADUSUMILLI",
"R498509",,,"2249 PARK PLACE CIR, ROUND ROCK, TX  78681","S9763 - ARBOR PLACE PH 2, BLOCK C, Lot 9","MALLURU, PURUSHOTHAMA R & SATYASREE V",
"R441168",,,"3117 BLUE RIDGE DR, ROUND ROCK, TX  78681","S8246 - Preserve At Stone Oak Ph 4 Sec 1, BLOCK AA, Lot 8","SURESH, ASHA & SURESH VENUKUTTAN",
"R399898",,,"7104 AVIGNON DR, ROUND ROCK, TX  78681","S7304 - Cat Hollow Sec A Ph 6, BLOCK P, Lot 3","HAZARI, RAJEEV & JYOTI GABA",
"R483832",,,"3013 PORTULACA DR, ROUND ROCK, TX  78681","S9295 - BEHRENS RANCH PH D SEC 5, BLOCK A, Lot 4","SIDDAVATAM, PRASAD & SAILAJA CHADARAM TRUSTEES OF SIDDAVATAM & CHADARAM LIV TR",
"R533230",,,"608 CARINA DR, ROUND ROCK, TX  78681","S10763 - HIGHLAND HORIZON PH 3, BLOCK A, Lot 3, ACRES 0.15","SATOSKAR, ANIRUDDHA & PUJA KANVINDE",
"R414076",,,"2805 STONECREEK PL, ROUND ROCK, TX  78681","S7608 - Behrens Ranch Ph B Sec 2, BLOCK B, Lot 10","GADDAM, KRISHNA REDDY & KAVITHA GONDI",
"R545666",,,"3660 BAINBRIDGE ST, ROUND ROCK, TX  78681","S11096 - HIGHLANDS AT MAYFIELD RANCH SEC 3, BLOCK C, Lot 19","RASTOGL, AKASH",
"R595978",,,"4443 HANNOVER WAY, ROUND ROCK, TX  78681","S12327 - HIGHLANDS AT MAYFIELD RANCH SEC 10B, BLOCK G, Lot 96","SUBEDI, KUL P & GAYATRI BARAL",
"R423196",,,"8308 CAMPECHE BAY PL, ROUND ROCK, TX  78681","S8021 - Cat Hollow Sec B, BLOCK B, Lot 52","SRINATH & SATYA DEVI KOMIRISETTI TRUSTEES OF KOMIRISETTI FAMILY TRUST",
"R358312",,,"7019 ALBACETE LN, ROUND ROCK, TX  78681","S6331 - Cat Hollow Sec A Ph 2, BLOCK H, Lot 12","KIRUBAKARAN, JEBARSON & JOANNE TONG",
"R552384",,,"4144 VAN NESS AVE, ROUND ROCK, TX  78681","S11276 - HIGHLANDS AT MAYFIELD RANCH SEC 4A, BLOCK K, Lot 2","JAMDAR, RAVIKUMAR TULSHIRAM",
"R430963",,,"2614 PLANTATION DR, ROUND ROCK, TX  78681","S8139 - Hidden Glen Ph 4a, BLOCK J, Lot 55","GOHIL, HINESH D & BEENA",
"R375019",,,"5003 CLEVES ST, ROUND ROCK, TX  78681","S6801 - Cat Hollow Sec C Ph 1, BLOCK F, Lot 20","NADIPILLI, SIVAKUMAR & LALITHA BANDARU",
"R563886",,,"4176 VAN NESS AVE, ROUND ROCK, TX  78681","S11579 - HIGHLANDS AT MAYFIELD RANCH SEC 4B, BLOCK K, Lot 10","SEN, BAISHALI R",
"R311518",,,"8512 BOBCAT DR, ROUND ROCK, TX  78681","CAT HOLLOW SEC 7, BLOCK A, LOT 21, ACRES .146","AHMED, ARFAN & SALMA",
"R650707",,,"2605 SAM BASS RD, UNIT #24, ROUND ROCK, TX  78681","C793 - CLEAR CREEK RANCH CONDO, UNIT 24, 0.90% COMMON AREA INTEREST","KARTHIKEYAN GANESH RAM RAMANUJAM & KEERTHANA VENKATESAN",
"R479774",,,"3601 ALEXANDRITE WAY, ROUND ROCK, TX  78681","S9108 - WALSH RANCH SEC 1, BLOCK C, Lot 1","MARIAPPAN, BALAJI & SHALINI MURUGAN",
"R488187",,,"4222 ADAGIO PL, ROUND ROCK, TX  78681","S9436 - SENDERO SPRINGS SEC 5, BLOCK J, Lot 13","SANKARARAMAIYER, RAMGANESH",
"R547551",,,"3941 TAVAREZ ST, ROUND ROCK, TX  78681","C652 - GARDENS AT MAYFIELD CONDOS, UNIT 1002, 0.833% COMMON AREA INTEREST, 0.1419 AC","MANDA, ARAVIND K",
"R497845",,,"3056 AGAVE LOOP, ROUND ROCK, TX  78681","S9743 - BEHRENS RANCH PH D SEC 4, BLOCK E, Lot 11","SHARMA, NITIN",
"R430994",,,"2905 LAUREL GROVE WAY, ROUND ROCK, TX  78681","S8139 - Hidden Glen Ph 4a, BLOCK J, Lot 109","GUDA, RAGHU & REDDI SARITHA NANDALURI",
"R547513",,,"3837 CHANCE LOOP, ROUND ROCK, TX  78681","C652 - GARDENS AT MAYFIELD CONDOS, UNIT 707, 0.833% COMMON AREA INTEREST, 0.1261 AC","SAMPATH, LOGESHBABU",
"R547520",,,"3817 CHANCE LOOP, ROUND ROCK, TX  78681","C652 - GARDENS AT MAYFIELD CONDOS, UNIT 714, 0.833% COMMON AREA INTEREST, 0.1191 AC","SUBBAPILLAI, CHIDAMBARAM",
"R418695",,,"3002 COVINGTON PL, ROUND ROCK, TX  78681","S7912 - Behrens Ranch Ph D Sec 2, BLOCK E, Lot 11","VINOD N ALLURI & DIVYA PENMETHSA OF ALLURI FAMILY TRUST",
"R311751",,,"8414 HILLROCK DR, ROUND ROCK, TX  78681","CAT HOLLOW SEC 9, BLOCK B, LOT 2, ACRES .137","MAJUMDAR, SUDEEP & SAGARIKA DEY",
"R460863",,,"4203 ADAGIO PL, ROUND ROCK, TX  78681","S8713 - SENDERO SPRINGS SEC 4, BLOCK I, Lot 38","PATEL, DILIP B & PRAGNA D",
"R467380",,,"224 VALONA LOOP, ROUND ROCK, TX  78681","S8806 - BRUSHY CREEK SEC 4, BLOCK B, Lot 13","KARPE, SHANKER",
"R569855",,,"3950 STANYAN DR, ROUND ROCK, TX  78681","S11722 - HIGHLANDS AT MAYFIELD RANCH SEC 9, BLOCK L, Lot 15","DEVTA, PRIYANKKUMAR BHARATKUMAR & GANDHI, MEGIIA DIPAK",
"R462072",,,"3745 GENTLE WINDS LN, ROUND ROCK, TX  78681","S8749 - VILLAGE AT MAYFIELD RANCH PH 2B, BLOCK D, Lot 14","FEROZ, MUHAMMAD FAISAL",
"R418685",,,"3040 COVINGTON PL, ROUND ROCK, TX  78681","S7912 - Behrens Ranch Ph D Sec 2, BLOCK E, Lot 1","RATHI, GOURAV",
"R405381",,,"2415 ARBOR DR, ROUND ROCK, TX  78681","S7555 - Behrens Ranch Ph B Sec 1, BLOCK D, Lot 21","GHODKE, RANJIT",
"R650302",,,"2312 CANTATA CV, ROUND ROCK, TX  78681","S13315 - SAULS RANCH EAST, BLOCK E, Lot 12","RAVIKUMAR, AKSHAY & NAGA KOUSHIK TRUSTEES OF ARPKSB FAM REVOC LIVING TRUST",
"R061688",,,"1709 CHINCOTEAGUE WAY, ROUND ROCK, TX  78681","CIMARRON SEC 8, BLOCK G, LOT 2","DESAI, DINESH G",
"R440784",,,"3304 RANCH PARK TRL, ROUND ROCK, TX  78681","S8265 - Behrens Ranch Ph C Sec 5, BLOCK H, Lot 26","BALAKRISHNAN, SARAVANAN & VINODHINI ANBURAJ",
"R497827",,,"2839 NOLINA LN, ROUND ROCK, TX  78681","S9743 - BEHRENS RANCH PH D SEC 4, BLOCK D, Lot 1","TANNIRU, MURALI & NAGAJYOTHI MAILAVARAN",
"R531635",,,"3551 SAM BASS RD, ROUND ROCK, TX  78681","S10695 - TONKAWA LAKE (LTS 3 & 4 REPLAT), Lot 3-A, ACRES 1.106","KORAPALA, JANARDHANA & VEDA K GUGGULLA",
"R511312",,,"121 W ADELANTA PL, ROUND ROCK, TX  78681","S10107 - SENDERO SPRINGS SEC 6, BLOCK B, Lot 10, ACRES 0.275","PADIDAM, SIVA PRASAD",
"R650739",,,"2605 SAM BASS RD, UNIT #56, ROUND ROCK, TX  78681","C793 - CLEAR CREEK RANCH CONDO, UNIT 56, 0.90% COMMON AREA INTEREST","SUGUNAN, DHANASEKAR & EZHILARASI DHANASEKAR",
"R511343",,,"405 ENTRADA WAY, ROUND ROCK, TX  78681","S10107 - SENDERO SPRINGS SEC 6, BLOCK B, Lot 41, ACRES 0.464","THEKKEKARA, JOEL & TINA MANGATU",
"R379022",,,"5010 BARLOW DR, ROUND ROCK, TX  78681","S6914 - Cat Hollow Sec C Ph 2, BLOCK F, Lot 36","DWIVEDULA, RAMA KANAKA KAMESWARI",
"R497809",,,"3017 AGAVE LOOP, ROUND ROCK, TX  78681","S9743 - BEHRENS RANCH PH D SEC 4, BLOCK B, Lot 18","DEEPAK DANI & ANU ARORA TRS DEEPAK DANI & ANU ARORA LIVING TRUST",
"R302669",,,"1202 ROBIN TRL, ROUND ROCK, TX  78681","OAKCREEK SEC 1, BLOCK N, LOT 27, ACRES .161","DESAI, PRAKASH (TOD) & LINDA (TOD)",
"R522715",,,"3451 MAYFIELD RANCH BLVD, UNIT #401, ROUND ROCK, TX  78681","C622 - PRESERVE AT MAYFIELD RANCH CONDO, UNIT 401, 0.641% COMMON AREA INTEREST","VIMJAM SRIKANTH & SAI SIVANI CHAVA",
"R064932",,,"1801 STAGECOACH TRL, ROUND ROCK, TX  78681","HERMITAGE THE, BLOCK B, LOT 26","KONDA, VIJAYA KUMAR & SAVITA KAVETI",
"R650722",,,"2605 SAM BASS RD, UNIT #39, ROUND ROCK, TX  78681","C793 - CLEAR CREEK RANCH CONDO, UNIT 39, 0.90% COMMON AREA INTEREST","GUNDAVARAPU, SIDHARTHA & JYOTHSNA SREE",
"R315197",,,"8106 LONGDRAW DR, ROUND ROCK, TX  78681","FERN BLUFF SEC 3A, BLOCK G, LOT 15","KOTTAKARAN, TITTO & ASWATHY SAJU",
"R587534",,,"2440 SOPRANO WAY, ROUND ROCK, TX  78681","S12126 - HAIRY MAN PH 1, BLOCK B, Lot 15","SHAH, SHAUNAK KISHOR & SHAILI DILIPKUMAR",
"R533338",,,"300 SOUTHERN CARINA DR, ROUND ROCK, TX  78681","S10763 - HIGHLAND HORIZON PH 3, BLOCK E, Lot 30, ACRES 0.27","JANI VISHAL M & JANI BOSKI TRUSTEES  VISHAL & BOSKI JANI REVOCABLE LIVING TR",
"R399934",,,"7109 AVIGNON DR, ROUND ROCK, TX  78681","S7304 - Cat Hollow Sec A Ph 6, BLOCK Q, Lot 32","BALASUBRAMANIAN, KARTHIKEYAN",
"R650714",,,"2605 SAM BASS RD, UNIT #31, ROUND ROCK, TX  78681","C793 - CLEAR CREEK RANCH CONDO, UNIT 31, 0.90% COMMON AREA INTEREST","ADAPA, SHRAVAN KUMAR (TOD) & SUNITHA MULKA (TOD)",
"R650220",,,"2615 CORTO CV, ROUND ROCK, TX  78681","S13315 - SAULS RANCH EAST, BLOCK A, Lot 16","KOLLA, ARAVIND KUMAR & BHARANI GOUD JADALA",
"R482850",,,"2604 MIRASOL LOOP, ROUND ROCK, TX  78681","S9281 - BEHRENS RANCH PH F SEC 1, BLOCK C, Lot 6","MADDIPATLA, CHANDRA M & CHARITHA",
"R483778",,,"2941 AGAVE LOOP, ROUND ROCK, TX  78681","S9294 - BEHRENS RANCH PH D SEC 3B, BLOCK B, Lot 1","SUNDARAMURTHY, SARAVANAN (RS) & SWARNALATHA SARAVANAN (RS)",
"R604606",,,"7333 SHOSHONI TRL, ROUND ROCK, TX  78681","S12477 - RESERVE AT WYOMING SPRINGS, BLOCK A, Lot 11","SIDDAMSHETTI, VAMSHI KRISHNA & DEVI SRAVANTHI YALAMARTHY",
"R414180",,,"2441 ARBOR DR, ROUND ROCK, TX  78681","S7833 - Behrens Ranch Ph B Sec 3, BLOCK D, Lot 8","TAKALKAR, ROHIT & SHWETA DEGWEKAR",
"R460855",,,"4322 ANGELICO LN, ROUND ROCK, TX  78681","S8713 - SENDERO SPRINGS SEC 4, BLOCK I, Lot 16","MEKA, UDAYA & NAGA",
"R488178",,,"4221 ADAGIO PL, ROUND ROCK, TX  78681","S9436 - SENDERO SPRINGS SEC 5, BLOCK I, Lot 29","MURTHY, VIJAYAVIGNESH KARUNAKARA & VANDANA RAJAN",
"R339284",,,"8213 MANX DR, ROUND ROCK, TX  78681","S5896 - Cat Hollow Sec 1-a, BLOCK C, Lot 5","DUTTA SHIVNATH TRUSTEE OF REVOCABLE LIVING TRUST",
"R351444",,,"3503 GALENA HILLS LOOP, ROUND ROCK, TX  78681","S5907 - Vista Oaks Sec 3a, BLOCK B, Lot 2","MANDAL, SIDDHARTH & PAPIYA DASGUPTA",
"R393505",,,"2043 KIMBROOK DR, ROUND ROCK, TX  78681","S7277 - Wood Glen Sec 2 Ph 2, BLOCK B, Lot 17","SRIDHARAN, SREENATH & MITHRA SATHISHKUMAR",
"R525237",,,"3811 ASHBURY RD, ROUND ROCK, TX  78681","S10549 - HIGHLANDS AT MAYFIELD RANCH SEC 1, BLOCK DD, Lot 11","SAMBATH, ASHWINI & DEEPAK MUSUWATHI  EKANATH",
"R372491",,,"2045 CRABAPPLE CV, ROUND ROCK, TX  78681","S6629 - Benttree Sec 1 Amend Lts 20-23 Blk A, BLOCK A, Lot 22A","VASKAR, HEMANT",
"R533243",,,"205 CARRACK DR, ROUND ROCK, TX  78681","S10763 - HIGHLAND HORIZON PH 3, BLOCK B, Lot 5, ACRES 0.14","SHARDA, SUBHADRA",
"R372886",,,"7014 EVANS DR, ROUND ROCK, TX  78681","CAT HOLLOW SEC A PH 5, BLOCK F, LOT 7","RAMARAJU, RAVINDRARAJ & KUMARI DEVI SIVAM",
"R488158",,,"4413 ANGELICO LN, ROUND ROCK, TX  78681","S9436 - SENDERO SPRINGS SEC 5, BLOCK H, Lot 49","GANESAN, MEERA",
"R459331",,,"3749 FOSSILWOOD WAY, ROUND ROCK, TX  78681","S8711 - VILLAGE AT MAYFIELD RANCH PH 4, BLOCK B, Lot 13","KODISVARAN SUNDARESAN & SANKARI DEVY ARUMUGAM TRUSTEES OF THE SARASWATHI TRUST",
"R615190",,,"3613 BAINBRIDGE ST, ROUND ROCK, TX  78681","S12663 - HIGHLANDS AT MAYFIELD RANCH SEC 3A, BLOCK B, Lot 39","TARUN CHANDRA REDDY SAMIREDDY & MANASA REDDY KARNATI",
"R530560",,,"3655 HERMANN ST, ROUND ROCK, TX  78681","S10686 - HIGHLANDS AT MAYFIELD RANCH SEC 2B, BLOCK C, Lot 1","SEN, BHARATI",
"R466863",,,"2423 SALORN WAY, ROUND ROCK, TX  78681","S8855 - BEHRENS RANCH PH E SEC 2, BLOCK B, Lot 15","PUROHIT, MEHUL",
"R497838",,,"3014 AGAVE LOOP, ROUND ROCK, TX  78681","S9743 - BEHRENS RANCH PH D SEC 4, BLOCK E, Lot 4","AKADE, KETAN & APURVA DEEPAK PIMPARKAR",
"R497820",,,"3061 AGAVE LOOP, ROUND ROCK, TX  78681","S9743 - BEHRENS RANCH PH D SEC 4, BLOCK B, Lot 29","KASBEKAR, PRASHANTH & MADHURI TODUR",
"R587563",,,"1714 REPRISE BND, ROUND ROCK, TX  78681","S12126 - HAIRY MAN PH 1, BLOCK C, Lot 15","MISTRY, PAAVAN MUKESH (TOD) & URVI (TOD)",
"R467471",,,"2977 OVERLAND, ROUND ROCK, TX  78681","S8810 - BRUSHY CREEK SEC 5, BLOCK B, Lot 12","PILLAI, GANGADHARAN",
"R415880",,,"4504 CORAZON CV, ROUND ROCK, TX  78681","S7769 - Sendero Springs Sec 1, BLOCK K, Lot 113","RAWAT, MURTAZA (RS) & SARAH (RS) & RAWAT, NOORUDDIN (RS) & FOUZIA (RS)",
"R650717",,,"2605 SAM BASS RD, UNIT #34, ROUND ROCK, TX  78681","C793 - CLEAR CREEK RANCH CONDO, UNIT 34, 0.90% COMMON AREA INTEREST","VIJAINDRA RAMESH MANCHIKANTI & ANURADHA RAJASHEKAR BALARAM",
"R598019",,,"4331 HOOD PARK DR, ROUND ROCK, TX  78681","S12379 - HIGHLANDS AT MAYFIELD RANCH SEC 14, BLOCK U, Lot 19","SARAF, ARCHIT & POOJA GUPTA",
"R399913",,,"16530 AVARANCHE WAY, ROUND ROCK, TX  78681","S7304 - Cat Hollow Sec A Ph 6, BLOCK Q, Lot 11","KOTHAPALLI, SESHA & SATYA",
"R351524",,,"17909 BOX CANYON TER, ROUND ROCK, TX  78681","S6211 - Stone Canyon Sec 1, BLOCK L, Lot 19","SATASIA, BHARAT C & BHAVISHA B",
"R479830",,,"3541 CITRINE PL, ROUND ROCK, TX  78681","S9108 - WALSH RANCH SEC 1, BLOCK F, Lot 3","THAZHATHEKALATHIL, VARUN & FNU BINDIA SUKUMAR",
"R604619",,,"7289 SHOSHONI LOOP, ROUND ROCK, TX  78681","S12477 - RESERVE AT WYOMING SPRINGS, BLOCK B, Lot 13","GOTKHINDIKAR, KAPIL RAMESH (TOD) & PRACHI GULAB PADWAL (TOD)",
"R650230",,,"1511 CARDINAL LN, ROUND ROCK, TX  78681","S13315 - SAULS RANCH EAST, BLOCK B, Lot 6","TIPPANI, PRAVEEN KUMAR & LAKSHMI KOPPALA",
"R091028",,,"608 CREEKMONT DR, ROUND ROCK, TX  78681","CREEKMONT WEST, BLOCK B, LOT 28","BOHARA, KAPIL & RITU",
"R488167",,,"4326 ANGELICO LN, ROUND ROCK, TX  78681","S9436 - SENDERO SPRINGS SEC 5, BLOCK I, Lot 18","NARISEPALLY, RAJEEV",
"R600369",,,"4569 POST LOOP, ROUND ROCK, TX  78681","S12403 - HIGHLANDS AT MAYFIELD RANCH SEC 11, BLOCK G, Lot 115","ROOPA RAMAIAH NAGARAJ TR OF THE R NAGARAJ REVOCABLE TRUST",
"R429421",,,"3101 GOLDENOAK CIR, ROUND ROCK, TX  78681","S8125 - Behrens Ranch Ph C Sec 1-c, BLOCK B, Lot 38","RAJBHANDARI, BINIT & NEEMA A",
"R479888",,,"3900 OBSIDIAN LN, ROUND ROCK, TX  78681","S9108 - WALSH RANCH SEC 1, BLOCK I, Lot 12","ALI, ASILA",
"R370412",,,"8019 WHITWORTH LN, ROUND ROCK, TX  78681","STONE CANYON SEC 6A, BLOCK G, LOT 10","VEMIREDDY, SURESH V & BHAVANI MADISETTI-VEMIREDDY",
"R650237",,,"1633 CARDINAL LN, ROUND ROCK, TX  78681","S13315 - SAULS RANCH EAST, BLOCK B, Lot 13","VELAGANDULA, JAYADEV & SWETHA ERUKULLA",
"R533660",,,"3451 MAYFIELD RANCH BLVD, UNIT #711, ROUND ROCK, TX  78681","C622 - PRESERVE AT MAYFIELD RANCH CONDO, UNIT 711, 0.641% COMMON AREA INTEREST","SHARMA, ABHISHEK & ANTIM DADHEECH",
"R462028",,,"1125 CASTLE PATH, ROUND ROCK, TX  78681","S8746 - HIDDEN GLEN PH 6A, BLOCK I, Lot 3","DAS, RUBUL & MANASHI",
"R650433",,,"2221 SARABANDA ST, ROUND ROCK, TX  78681","S13315 - SAULS RANCH EAST, BLOCK G, Lot 6","RAJURKAR, DIGVIJAY ET AL",
"R650328",,,"1353 ROBIN TRL, ROUND ROCK, TX  78681","S13315 - SAULS RANCH EAST, BLOCK E, Lot 38","ATUL JAIN & ANJU JAIN TRS AJ FAMILY REVOCABLE TRUST",
"R414187",,,"2368 MASONWOOD WAY, ROUND ROCK, TX  78681","S7833 - Behrens Ranch Ph B Sec 3, BLOCK E, Lot 2","BHATIA, MANPREET S & SUPREET KAUR",
"R650327",,,"1357 ROBIN TRL, ROUND ROCK, TX  78681","S13315 - SAULS RANCH EAST, BLOCK E, Lot 37","SINGH, SURENDRA VIKRAM & RASHMI BALAKRISHNA KAMATH",
"R483860",,,"2925 PORTULACA DR, ROUND ROCK, TX  78681","S9295 - BEHRENS RANCH PH D SEC 5, BLOCK B, Lot 52","ALLAHABADI, PRASHANT ARORA & CHEROO SINGH",
"R087468",,,"2101 SPRING HOLLOW PATH, ROUND ROCK, TX  78681","OAKLANDS THE SEC 1-A, BLOCK A, LOT 10","RAKHAR, DHANMATIE L",
"R370252",,,"8302 FERN BLUFF AVE, ROUND ROCK, TX  78681","S6536 - Stone Canyon Sec 4, BLOCK CC, Lot 16","MEKALA, VASU R",
"R488142",,,"4402 ANGELICO LN, ROUND ROCK, TX  78681","S9436 - SENDERO SPRINGS SEC 5, BLOCK H, Lot 33","RAGHAVAN, SRINIVASA M & SAVITHA RANGARAJ",
"R530584",,,"4018 GEARY ST, ROUND ROCK, TX  78681","S10686 - HIGHLANDS AT MAYFIELD RANCH SEC 2B, BLOCK F, Lot 15","MOTAPARTHI, PAVAN KUMAR & SAHITYA NUNNA",
"R533325",,,"100 NAUTICAL CIR, ROUND ROCK, TX  78681","S10763 - HIGHLAND HORIZON PH 3, BLOCK E, Lot 17, ACRES 0.41","PATEL, RAJIV YOGENDRA & KAVITA",
"R497810",,,"3021 AGAVE LOOP, ROUND ROCK, TX  78681","S9743 - BEHRENS RANCH PH D SEC 4, BLOCK B, Lot 19","MOHANTY, SUNAYAN",
"R511324",,,"109 CALIMA CV, ROUND ROCK, TX  78681","S10107 - SENDERO SPRINGS SEC 6, BLOCK B, Lot 22, ACRES 0.174","BUSIREDDY, SRINIVAS & UMA VANGALA",
"R497859",,,"2844 NOLINA LN, ROUND ROCK, TX  78681","S9743 - BEHRENS RANCH PH D SEC 4, BLOCK E, Lot 26","MASTHAN, SHIEK MOYDHEEN SHIEK & NAZEERA NAZRULLAHKHAN",
"R335231",,,"512 BROOKSTONE CT, ROUND ROCK, TX  78681","S5767 - Oakland Sec 3b, BLOCK H, Lot 55","PATEL, RUPANDE",
"R414095",,,"2713 CEDAR SPRINGS PL, ROUND ROCK, TX  78681","S7608 - Behrens Ranch Ph B Sec 2, BLOCK B, Lot 29","VAMSI KRISHNA MOHAN VELURI & NEERALI MAHENDRA SHAH",
"R650276",,,"1318 ROBIN TRL, ROUND ROCK, TX  78681","S13315 - SAULS RANCH EAST, BLOCK D, Lot 7","ARJA, PUSHPAK V RAYUDU & GEETHA MNALLAMOTU",
"R528745",,,"1000 HIDDEN RIDGE CT, ROUND ROCK, TX  78681","S10644 - HIDDEN TRAILS, BLOCK A, Lot 13, ACRES 1.353","PAVAN INTURI & PRAVEENA DESU TRS PIPD FAMILY REVOCABLE TRUST",
"R650431",,,"2213 SARABANDA ST, ROUND ROCK, TX  78681","S13315 - SAULS RANCH EAST, BLOCK G, Lot 4","VETSA SAI SAMPAT APUROOP & VINEELA SUGGALA",
"R650755",,,"2605 SAM BASS RD, UNIT #72, ROUND ROCK, TX  78681","C793 - CLEAR CREEK RANCH CONDO, UNIT 72, 0.90% COMMON AREA INTEREST","RAVICHANDRAN, VIVEK & SELVA PRIYA RADHA KRISHNAN",
"R414288",,,"1747 WEST END PL, ROUND ROCK, TX  78681","S7814 - Hidden Glen Ph 1, BLOCK E, Lot 14","BORKAR, SANDEEP",
"R587594",,,"1540 REPRISE BND, ROUND ROCK, TX  78681","S12126 - HAIRY MAN PH 1, BLOCK D, Lot 26","MULAKALAPALLE, DAVID RAJU & SUNITHA PRIYADARSHINI MYLA,",
"R533236",,,"508 CARINA DR, ROUND ROCK, TX  78681","S10763 - HIGHLAND HORIZON PH 3, BLOCK A, Lot 9, ACRES 0.15","BONASU, SRI DURGA PRASAD & APARNA GUNDABATHULA",
"R488177",,,"4223 ADAGIO PL, ROUND ROCK, TX  78681","S9436 - SENDERO SPRINGS SEC 5, BLOCK I, Lot 28","VENIGALLA KEDAR PURNA CHANDU & SANTHOSH KUMARI VENIGALLA",
"R533640",,,"3451 MAYFIELD RANCH BLVD, UNIT #605, ROUND ROCK, TX  78681","C622 - PRESERVE AT MAYFIELD RANCH CONDO, UNIT 605, 0.641% COMMON AREA INTEREST","KOMMURI, SREEDHAR",
"R487950",,,"2657 MIRASOL LOOP, ROUND ROCK, TX  78681","S9439 - BEHRENS RANCH PH F SEC 2, BLOCK A, Lot 26","CHITTA RANJAN BARIK & SUJATA SWAIN CO TRS BARIK FAMILY TRUST",
"R604597",,,"7304 SHOSHONI TRL, ROUND ROCK, TX  78681","S12477 - RESERVE AT WYOMING SPRINGS, BLOCK A, Lot 2","SINGH, PARMINDER & GEETA ARUN DHONGADE",
"R441233",,,"3208 CANYON LEDGE CV, ROUND ROCK, TX  78681","S8246 - Preserve At Stone Oak Ph 4 Sec 1, BLOCK DD, Lot 23","PATHAK, TARA NANDAN",
"R530614",,,"4022 MASON CV, ROUND ROCK, TX  78681","S10686 - HIGHLANDS AT MAYFIELD RANCH SEC 2B, BLOCK I, Lot 14","VIJAYAPPAN, SAUGANTH",
"R488189",,,"4226 ADAGIO PL, ROUND ROCK, TX  78681","S9436 - SENDERO SPRINGS SEC 5, BLOCK J, Lot 15","PARAMANATHAN, GANESSAN & SHARMILLA VASANTHKUMAR",
"R423186",,,"8328 CAMPECHE BAY PL, ROUND ROCK, TX  78681","S8021 - Cat Hollow Sec B, BLOCK B, Lot 42","PALEPU, BHASKAR ARAVIND & SOWJANYA AMIRAPU",
"R487942",,,"2689 MIRASOL LOOP, ROUND ROCK, TX  78681","S9439 - BEHRENS RANCH PH F SEC 2, BLOCK A, Lot 18","SIBY, JESS & SIBY JOSE",
"R372983",,,"6014 RONCHAMPS DR, ROUND ROCK, TX  78681","S6705 - Cat Hollow Sec A Ph 4, BLOCK M, Lot 92","TOMAR, DEEPAK KUMAR & ADITY BEDI",
"R335984",,,"2013 PLANTATION DR, ROUND ROCK, TX  78681","S5796 - Benttree Sec 1, BLOCK F, Lot 5","TONGBRAM, RONEL & VICTORIA DEVI OINAM",
"R467361",,,"2983 FREEMONT ST, ROUND ROCK, TX  78681","S8806 - BRUSHY CREEK SEC 4, BLOCK A, Lot 8","IPE, MARIAMMA & THOMAS",
"R488148",,,"4418 ANGELICO LN, ROUND ROCK, TX  78681","S9436 - SENDERO SPRINGS SEC 5, BLOCK H, Lot 39","THODATI, BRAHMANANDA & LAVANYA PULICHINTHALA",
"R375016",,,"5011 CLEVES ST, ROUND ROCK, TX  78681","S6801 - Cat Hollow Sec C Ph 1, BLOCK F, Lot 17","SABNIS, HEMA",
"R462077",,,"3725 GENTLE WINDS LN, ROUND ROCK, TX  78681","S8749 - VILLAGE AT MAYFIELD RANCH PH 2B, BLOCK D, Lot 19","AJWANI, NANDKUMAR & DEEPA",
"R595988",,,"4601 POST LN, ROUND ROCK, TX  78681","S12327 - HIGHLANDS AT MAYFIELD RANCH SEC 10B, BLOCK V, Lot 21","NELVAGAL, NAGENDRA NAGARAJ",
"R359497",,,"206 CLOUD PEAK CV, ROUND ROCK, TX  78681","S6352 - Stone Canyon Sec 3, BLOCK AA, Lot 33","PATEL, MUKESH K & DIKSHA M",
"R370340",,,"8616 COLUMBIA FALLS DR, ROUND ROCK, TX  78681","STONE CANYON SEC 6B, BLOCK F, LOT 9","PATEL, NILPA JAYENDRA",
"R498510",,,"2245 PARK PLACE CIR, ROUND ROCK, TX  78681","S9763 - ARBOR PLACE PH 2, BLOCK C, Lot 10","PILLAI, UDAYAKUMAR BALAKRISHNA & PRIYA UDAYAKUMAR",
"R440817",,,"2562 ARBOR DR, ROUND ROCK, TX  78681","S8265 - Behrens Ranch Ph C Sec 5, BLOCK I, Lot 16","CHAKRAVARTHY, ARVINDKUMAR R & SOBHANA NARASIMHAN",
"R598021",,,"4323 HOOD PARK DR, ROUND ROCK, TX  78681","S12379 - HIGHLANDS AT MAYFIELD RANCH SEC 14, BLOCK U, Lot 21","RAVI MATTA & ABHIJNA RAVINDRANATH BATTEPATI",
"R483873",,,"2850 MIRASOL DR, ROUND ROCK, TX  78681","S9295 - BEHRENS RANCH PH D SEC 5, BLOCK F, Lot 7","PAL, HEMENDRA & DEEPA RATHORE",
"R604599",,,"7312 SHOSHONI TRL, ROUND ROCK, TX  78681","S12477 - RESERVE AT WYOMING SPRINGS, BLOCK A, Lot 4","KALAGA, SAMBHU PRASAD & PIDATHALA SAI LAKSHMI LOCHNANAM",
"R373013",,,"6037 RONCHAMPS DR, ROUND ROCK, TX  78681","S6705 - Cat Hollow Sec A Ph 4, BLOCK O, Lot 23","DORAISAMY, VIJAYA PRAKASH & SRIVALLI MARIMUTHU",
"R604620",,,"7293 SHOSHONI LOOP, ROUND ROCK, TX  78681","S12477 - RESERVE AT WYOMING SPRINGS, BLOCK B, Lot 14","SALUJA, NEERAJ",
"R488076",,,"5202 SENDERO SPRINGS DR, ROUND ROCK, TX  78681","S9436 - SENDERO SPRINGS SEC 5, BLOCK F, Lot 21","NATARAJAN, CHANDRAMOHAN & ANITHA KARUPPUSWAMY",
"R467481",,,"2997 PEACE MAKER, ROUND ROCK, TX  78681","S8810 - BRUSHY CREEK SEC 5, BLOCK C, Lot 1","PARMER, KRISHNAKANT & BHAVNA K",
"R483859",,,"2921 PORTULACA DR, ROUND ROCK, TX  78681","S9295 - BEHRENS RANCH PH D SEC 5, BLOCK B, Lot 51","TUMMALA, RAVI K & SRIDEVI RAVULAPALLI",
"R522706",,,"3451 MAYFIELD RANCH BLVD, UNIT #228, ROUND ROCK, TX  78681","C622 - PRESERVE AT MAYFIELD RANCH CONDO, UNIT 228, 0.641% COMMON AREA INTEREST","KHOWAJA, HUMAIRA",
"R479611",,,"3320 MARCASITE DR, ROUND ROCK, TX  78681","S9060 - WALSH RANCH SEC 3, BLOCK C, Lot 7","MURTHY, GANESH PRASAD RAMACHANDRA & ANITHA SIRI",
"R650767",,,"2605 SAM BASS RD, UNIT #84, ROUND ROCK, TX  78681","C793 - CLEAR CREEK RANCH CONDO, UNIT 84, 0.90% COMMON AREA INTEREST","TANDON, SHRUTI & RAHUL",
"R304030",,,"17601 LAKE PINES DR, ROUND ROCK, TX  78681","FERN BLUFF SEC 3A, BLOCK C, LOT 3","ISHAQ, ALI & NABIHA GUL HASSAN",
"R351641",,,"8340 FERN BLUFF AVE, ROUND ROCK, TX  78681","S6211 - Stone Canyon Sec 1, BLOCK CC, Lot 6","KHAN, SOHAIL & ERUM QURESHI",
"R533229",,,"612 CARINA DR, ROUND ROCK, TX  78681","S10763 - HIGHLAND HORIZON PH 3, BLOCK A, Lot 2, ACRES 0.15","MALEPATI, RAMESH & ANURADHA TRUSTEES OF MALEPATI FAM TRUST",
"R431987",,,"3808 DERBY TRL, ROUND ROCK, TX  78681","S8188 - Mayfield Ranch Sec 1, BLOCK T, Lot 28","BELLE, ASHWIN & ASHWINI TELLAR",
"R467403",,,"428 VALONA LOOP, ROUND ROCK, TX  78681","S8806 - BRUSHY CREEK SEC 4, BLOCK B, Lot 36","BISWABHUSAN SENAPATI & TAPASI TAPASADATTA OF SENAPATI FMLY RVCBL LVG TST",
"R423232",,,"3112 AQUILA CT, ROUND ROCK, TX  78681","S8021 - Cat Hollow Sec B, BLOCK B, Lot 88","JAMBUNATHAN, SIVAKUMAR & BINDHU SARASWATHI",
"R487958",,,"2706 MIRASOL LOOP, ROUND ROCK, TX  78681","S9439 - BEHRENS RANCH PH F SEC 2, BLOCK C, Lot 24","KARANAM, VENKATA & SWATI SAMBANGI",
"R650298",,,"2301 BANDA BND, ROUND ROCK, TX  78681","S13315 - SAULS RANCH EAST, BLOCK E, Lot 8","SUBRAMANIAM, SHAILESH & AMBIKA RAJAGOPALAN",
"R302497",,,"1008 WREN CT, ROUND ROCK, TX  78681","S4280 - Oakcreek Sec 1, BLOCK J, Lot 46, ACRES 0.133","CHOWDHARY, MUKESH (TOD) & APARNA (TOD)",
"R540603",,,"3805 STANYAN DR, ROUND ROCK, TX  78681","S11003 - HIGHLANDS AT MAYFIELD RANCH SEC 8, BLOCK A, Lot 76","PATEL, BHAVIN & NIRALI",
"R550275",,,"3713 KIRBY CV, ROUND ROCK, TX  78681","S11232 - HIGHLANDS AT MAYFIELD RANCH SEC 5, BLOCK O, Lot 28","BUSARAJAN, JAIRAM & JEEVANI MALLU",
"R415934",,,"3202 LUMINOSO LN E, ROUND ROCK, TX  78681","S7769 - Sendero Springs Sec 1, BLOCK M, Lot 12","ANAND GUPTA & VANDITA KRISHNA AS CO-TRS OF THE GUPTAS LIVING TRUST",
"R650277",,,"1312 ROBIN TRL, ROUND ROCK, TX  78681","S13315 - SAULS RANCH EAST, BLOCK D, Lot 8","ANKUR AJAYKUMAR SAH & EKTA SAINI AS CO-TRS OF THE SAH SAINI LIVING TRUST",
"R091100",,,"1109 CRESTVIEW ST, ROUND ROCK, TX  78681","CREEKMONT WEST, BLOCK E, LOT 12","CHODAVADIA, ARVIND & MINA",
"R488149",,,"4420 ANGELICO LN, ROUND ROCK, TX  78681","S9436 - SENDERO SPRINGS SEC 5, BLOCK H, Lot 40","VENKAT, RAMACHANDRAN & MEENSKSHI",
"R498501",,,"2287 PARK PLACE CIR, ROUND ROCK, TX  78681","S9763 - ARBOR PLACE PH 2, BLOCK C, Lot 1","PUDIEDUTH, GIRISH LAL & SREEJAYA THANDAYANKANDY",
"R520593",,,"713 CASCADA LN, ROUND ROCK, TX  78681","S10365 - SENDERO SPRINGS SEC 7, BLOCK R, Lot 43","KALRO, RAVINDER & SOUJANYA MASNA",
"R597397",,,"1409 OVERTURE PL, ROUND ROCK, TX  78681","S12337 - HAIRY MAN PH 2, BLOCK E, Lot 3","GANDHI, DARSHAN",
"R402724",,,"3207 ASH GLEN LN, ROUND ROCK, TX  78681","S7484 - Vista Oaks Sec 5c, BLOCK B, Lot 22","MATURI, NAGA VENKATA PRAVEEN",
"R547526",,,"3805 CHANCE LOOP, ROUND ROCK, TX  78681","C652 - GARDENS AT MAYFIELD CONDOS, UNIT 720, 0.833% COMMON AREA INTEREST, 0.1543 AC","KAKANI, SATYA PRASAD & KALPANA PONNAM",
"R547528",,,"4712 COLLINS ST, ROUND ROCK, TX  78681","C652 - GARDENS AT MAYFIELD CONDOS, UNIT 722, 0.833% COMMON AREA INTEREST, 0.1633 AC","DEVADIGA, SUDARSHAN",
"R604652",,,"7813 LARAMIE BND, ROUND ROCK, TX  78681","S12477 - RESERVE AT WYOMING SPRINGS, BLOCK C, Lot 32","SINGH, ALOK RANJAN & GULSHAN",
"R681965",,,"2120 SARABANDA ST, ROUND ROCK, TX  78681","S13828 - SAULS RANCH EAST(BLK A LTS 10-12BLK E LTS 30,56-68), BLOCK E, Lot 56A","MANI, SARAVANARAJ & DHANALAKSHMI SAMBANDHAM",
"R399945",,,"3357 CANTERA WAY, ROUND ROCK, TX  78681","S7346 - Preserve At Stone Oak Ph 2 Sec 2, BLOCK F, Lot 7","KOSWATTA, PANDUKA",
"R467475",,,"305 VALONA DR, ROUND ROCK, TX  78681","S8810 - BRUSHY CREEK SEC 5, BLOCK B, Lot 16","GANNABOINA, MANJU & JOJY GEORGE VARGHESE",
"R460911",,,"3008 ASOMBRA LN, ROUND ROCK, TX  78681","S8713 - SENDERO SPRINGS SEC 4, BLOCK N, Lot 19","MODI, SAMIR & GEETA",
"R498495",,,"2264 PARK PLACE CIR, ROUND ROCK, TX  78681","S9763 - ARBOR PLACE PH 2, BLOCK A, Lot 8","DESHPANDE, DILIP D & GEETA",
"R587582",,,"2532 SOPRANO WAY, ROUND ROCK, TX  78681","S12126 - HAIRY MAN PH 1, BLOCK D, Lot 14","KAMAKOTI RAMESH & SINDHUJA RAMESH",
"R487189",,,"3508 CHALKSTONE LN, ROUND ROCK, TX  78681","S9339 - VILLAGE AT MAYFIELD RANCH PH 5, BLOCK H, Lot 4","SANAGAR, ASHISH & SONALI ASHISH",
"R533287",,,"222 CARRACK DR, ROUND ROCK, TX  78681","S10763 - HIGHLAND HORIZON PH 3, BLOCK C, Lot 6, ACRES 0.16","SHAKYA, ROSISH",
"R452406",,,"1125 HIDDEN GLEN DR, ROUND ROCK, TX  78681","S8593 - HIDDEN GLEN PH 3B, BLOCK J, Lot 14","MRINAL RAJKHOWA & NANDITA PATHAK TRS OF THE RAJKHOWA FAMILY TRUST",
"R533228",,,"616 CARINA DR, ROUND ROCK, TX  78681","S10763 - HIGHLAND HORIZON PH 3, BLOCK A, Lot 1, ACRES 0.17","RAMESH & SUJANA NERNURU FAMILY LIVING TRUST",
"R547477",,,"4636 KATHERINE DR, ROUND ROCK, TX  78681","C652 - GARDENS AT MAYFIELD CONDOS, UNIT 413, 0.833% COMMON AREA INTEREST, 0.1465 AC","KOTA, KEERTHAN REDDY & UDAYA SREE BUCHIREDDY",
"R390977",,,"8615 GLEN CANYON DR, ROUND ROCK, TX  78681","S7098 - Stone Canyon Sec 6c, BLOCK I, Lot 41","SATASIA, LALITKUMAR G & VILASBEN L",
"R431016",,,"2724 PLANTATION DR, ROUND ROCK, TX  78681","S8151 - Hidden Glen Ph 4b, BLOCK J, Lot 67","SUBRAMANYAM, NAVEEN & MRUDULA NAVEEN",
"R363263",,,"2203 FALKIRK DR, ROUND ROCK, TX  78681","S6460 - Wood Glen Sec 1 Ph 2, BLOCK D, Lot 19","NAWANGE, PAWAN & LAAVANYA SHRIRAM",
"R604638",,,"7294 SHOSHONI LOOP, ROUND ROCK, TX  78681","S12477 - RESERVE AT WYOMING SPRINGS, BLOCK C, Lot 22","BADHAN, NITIN ASHOK & PRIYANKA NITIN",
"R604657",,,"7833 LARAMIE BND, ROUND ROCK, TX  78681","S12477 - RESERVE AT WYOMING SPRINGS, BLOCK C, Lot 37","AGISETTI, GOPI KRISHNA & KIRAN MAI",
"R487964",,,"2682 MIRASOL LOOP, ROUND ROCK, TX  78681","S9439 - BEHRENS RANCH PH F SEC 2, BLOCK C, Lot 30","PERIYANAN, MANICKAM",
"R335892",,,"2001 RED OAK CIR, ROUND ROCK, TX  78681","S5796 - Benttree Sec 1, BLOCK A, Lot 1","GOVANDE, VINAYAK & ARCHANA",
"R497852",,,"3084 AGAVE LOOP, ROUND ROCK, TX  78681","S9743 - BEHRENS RANCH PH D SEC 4, BLOCK E, Lot 18","MANI, RAJESH",
"R466789",,,"2512 CHAROLAIS CT, ROUND ROCK, TX  78681","S8781 - BEHRENS RANCH PH E SEC 1, BLOCK B, Lot 27","VELPULA, RAMESH & VANI BUDHATI",
"R552270",,,"3805 BROADWAY PATH, ROUND ROCK, TX  78681","S11277 - HIGHLANDS AT MAYFIELD RANCH SEC 12A, BLOCK A, Lot 118","YALAMANCHI, SRIKANTH & NIKITA KANKANALA",
"R483865",,,"2945 PORTULACA DR, ROUND ROCK, TX  78681","S9295 - BEHRENS RANCH PH D SEC 5, BLOCK B, Lot 57","GIDITURI, SRINIVAS",
"R487935",,,"2717 MIRASOL LOOP, ROUND ROCK, TX  78681","S9439 - BEHRENS RANCH PH F SEC 2, BLOCK A, Lot 11","RAMACHANDRAN, SRIRAMAN (TOD) & VANISREE JAYAKUMAR (TOD)",
"R520628",,,"556 CASCADA LN, ROUND ROCK, TX  78681","S10365 - SENDERO SPRINGS SEC 7, BLOCK S, Lot 27","AWASTHY & PRACHI PANDEY, PRAVEEN",
"R467424",,,"610 SPANISH OAK TER, ROUND ROCK, TX  78681","S8806 - BRUSHY CREEK SEC 4, BLOCK D, Lot 7","MALLIREDDY, RAMAHANUMANTHA & SWETHA KUNDLA",
"R586891",,,"738 WHITETAIL DR, ROUND ROCK, TX  78681","S12112 - HIGHLANDS AT MAYFIELD RANCH SEC 13, BLOCK R, Lot 9","MAGIKAR, AMIT & MRUNAL LELE",
"R399829",,,"2302 CAMINO DEL VERDES PL, ROUND ROCK, TX  78681","S7398 - Behrens Ranch Ph A, BLOCK A, Lot 2, ACRES 0.658","ALAM, SYED FARID & UZMA RAHMAN FAROOQI",
"R487953",,,"2726 MIRASOL LOOP, ROUND ROCK, TX  78681","S9439 - BEHRENS RANCH PH F SEC 2, BLOCK C, Lot 19","SHANMUGARAJA, RAJA A & NARMADHA",
"R059154",,,"909 SPRING TREE, ROUND ROCK, TX  78681","S3258 - Brushy Creek Sec 1 (or South), BLOCK 7, Lot 4","SWATI SONI TRUSTEE OF THE KRISSHIA GAURIK TRUST",
"R547460",,,"4565 KATHERINE DR, ROUND ROCK, TX  78681","C652 - GARDENS AT MAYFIELD CONDOS, UNIT 212, 0.833% COMMON AREA INTEREST, 0.1401 AC","BOLLEMPALLI, HARINI",
"R522785",,,"3451 MAYFIELD RANCH BLVD, UNIT #215, ROUND ROCK, TX  78681","C622 - PRESERVE AT MAYFIELD RANCH CONDO, UNIT 215, 0.641% COMMON AREA INTEREST","ROY, ANUP & MOUMITA P",
"R479588",,,"3315 MARCASITE DR, ROUND ROCK, TX  78681","S9060 - WALSH RANCH SEC 3, BLOCK B, Lot 1","SAMINENI, VENU & KALPANA GONDI",
"R370350",,,"8706 GLEN CANYON DR, ROUND ROCK, TX  78681","STONE CANYON SEC 6B, BLOCK F, LOT 19","GAJERA, VALJI & HIRA & KAUSHIK & DEVIKA",
"R059101",,,"3707 HILLSIDE DR, ROUND ROCK, TX  78681","S3258 - Brushy Creek Sec 1 (or South), BLOCK 5, Lot 3","NALABALAPU, PRADEEP",
"R520599",,,"735 CASCADA LN, ROUND ROCK, TX  78681","S10365 - SENDERO SPRINGS SEC 7, BLOCK R, Lot 49","VELAGAPUDI, KRISHNAMURTHY & BHARATHI",
"R335305",,,"16714 SABERTOOTH DR, ROUND ROCK, TX  78681","S5746 - Cat Hollow Sec 5-a, BLOCK B, Lot 4","YELESWARAPU, CHANDRASHEKHAR",
"R460792",,,"3504 DOLOMITE TRL, ROUND ROCK, TX  78681","S8720 - VILLAGE AT MAYFIELD RANCH PH 3, BLOCK F, Lot 15","VISWESWARAIAH, SHASHIDHAR & A SUBRAMANYA",
"R414267",,,"1903 NUELTIN CT, ROUND ROCK, TX  78681","S7814 - Hidden Glen Ph 1, BLOCK D, Lot 8","PERUMALIL, MANOJ & THRIVENY BALAN",
"R303851",,,"8307 BROKEN BRANCH DR, ROUND ROCK, TX  78681","FERN BLUFF SEC 3A, BLOCK A, LOT 9","KASHYAP, HARI & ANITA",
"R488143",,,"4406 ANGELICO LN, ROUND ROCK, TX  78681","S9436 - SENDERO SPRINGS SEC 5, BLOCK H, Lot 34","DHANANI, KAMAL & DEVAL",
"R467367",,,"2971 FREEMONT ST, ROUND ROCK, TX  78681","S8806 - BRUSHY CREEK SEC 4, BLOCK A, Lot 14","BHATNAGAR, FNU MALINI & FNU ANIL VISHNU RAMAN",
"R358010",,,"8139 HAWICK DR, ROUND ROCK, TX  78681","S6301 - Cat Hollow Sec A Ph 1, BLOCK M, Lot 50","PATEL, MEHUL  B & SHWETA",
"R466754",,,"2512 SALORN WAY, ROUND ROCK, TX  78681","S8781 - BEHRENS RANCH PH E SEC 1, BLOCK A, Lot 3","GUDIPATI, SRINIVAS S & GURU ARULMANI RAJENDRAN",
"R650324",,,"1652 CARDINAL LN, ROUND ROCK, TX  78681","S13315 - SAULS RANCH EAST, BLOCK E, Lot 34","ATHIMOOLAM, JAYAPRAKASH NARAYANAN & REVATHY KANNAN",
"R511293",,,"204 E ADELANTA PL, ROUND ROCK, TX  78681","S10107 - SENDERO SPRINGS SEC 6, BLOCK A, Lot 18, ACRES 0.155","TYAGI, SANDEEP NARAIN & PREETI CHAUHAN",
"R335945",,,"2104 SMOKE TREE TRL, ROUND ROCK, TX  78681","S5796 - Benttree Sec 1, BLOCK C, Lot 3","PATEL, DINESHCHANDRA (TOD) & NIRANJANA (TOD)",
"R650256",,,"1432 CARDINAL LN, ROUND ROCK, TX  78681","S13315 - SAULS RANCH EAST, BLOCK C, Lot 12","RATHI, GAURAV & NEHA RANA",
"R358362",,,"16701 MARSALA SPRINGS DR, ROUND ROCK, TX  78681","S6331 - Cat Hollow Sec A Ph 2, BLOCK J, Lot 12","SAVITALA, SRINIVASA KUMAR & POORNEWARA",
"R405420",,,"2909 ARBOR CT, ROUND ROCK, TX  78681","S7555 - Behrens Ranch Ph B Sec 1, BLOCK E, Lot 72","RAVI S ORUGUNTY & PRASANNA GOBAL CO TRS ORUGUNTY GOBAL LIV TRUST",
"R538100",,,"2001 SAM BASS RD, ROUND ROCK, TX  78681","S10898 - KOSHY SUB, Lot 1, ACRES 4.2366","SAMUEL, KOSHY (TOD) & SARAMMA GEORGE (TOD)",
"R460874",,,"4206 ADAGIO PL, ROUND ROCK, TX  78681","S8713 - SENDERO SPRINGS SEC 4, BLOCK J, Lot 11","SINGH, TARA (TOD) & KALPANA BANGARI (TOD)",
"R547538",,,"3913 TAVAREZ ST, ROUND ROCK, TX  78681","C652 - GARDENS AT MAYFIELD CONDOS, UNIT 807, 0.833% COMMON AREA INTEREST, 0.1381 AC","KALLEMPUDI, REKHAKEERTHI (TOD) & SHASHIKANTH P (TOD)",
"R379847",,,"8710 SEA ASH CIR, ROUND ROCK, TX  78681","S6934 - Stone Canyon Sec 5a, BLOCK Y, Lot 24","SAKSENA, SANJAY KUMAR & ASHIMA",
"R370386",,,"8022 WHITWORTH LN, ROUND ROCK, TX  78681","S6625 - Stone Canyon Sec 6a, BLOCK F, Lot 41","JOSHI, ANAND PRAKASH & SHIKHA",
"R429404",,,"3229 GOLDENOAK CIR, ROUND ROCK, TX  78681","S8125 - Behrens Ranch Ph C Sec 1-c, BLOCK B, Lot 21","SRINIVASAN, PRASANNA & VAISHNA VI RAMANUJAM",
"R650268",,,"2312 BANDA BND, ROUND ROCK, TX  78681","S13315 - SAULS RANCH EAST, BLOCK C, Lot 24","VENUTURUPALLI, MANOHAR VENKATA & SUBHADRA BALA",
"R650322",,,"1644 CARDINAL LN, ROUND ROCK, TX  78681","S13315 - SAULS RANCH EAST, BLOCK E, Lot 32","TALWAR, HARSH & APURVA ARUNKUMAR WALUNJ",
"R533630",,,"3451 MAYFIELD RANCH BLVD, UNIT #359, ROUND ROCK, TX  78681","C622 - PRESERVE AT MAYFIELD RANCH CONDO, UNIT 359, 0.641% COMMON AREA INTEREST","THEEPIREDDY, CHANDRASHEKAR & RAJITHA",
"R596001",,,"4430 HANNOVER WAY, ROUND ROCK, TX  78681","S12327 - HIGHLANDS AT MAYFIELD RANCH SEC 10B, BLOCK W, Lot 5","CHAKKILAM, DIVYA & VEERAPRATAP GHANTASALA",
"R060504",,,"707 BUFFALO PASS, ROUND ROCK, TX  78681","CHISHOLM VALLEY SEC 1, BLOCK F, LOT 4","SIVARAJAN, HEMARANI",
"R466860",,,"2699 SALORN WAY, ROUND ROCK, TX  78681","S8855 - BEHRENS RANCH PH E SEC 2, BLOCK B, Lot 12","KULKARNI, RAVINDRA & MAMATA R",
"R335345",,,"8602 TOMCAT CV, ROUND ROCK, TX  78681","S5746 - Cat Hollow Sec 5-a, BLOCK C, Lot 22","NATARAJAN, LALGUDI V & SEETHA NATARAJAN & RAJESH RAMAN",
"R418664",,,"3039 COVINGTON PL, ROUND ROCK, TX  78681","S7912 - Behrens Ranch Ph D Sec 2, BLOCK D, Lot 1","KUNAL JAIN & SHUBRA JAIN TRS OF THE JAIN FAMILY TRUST",
"R423274",,,"3113 AQUILA CT, ROUND ROCK, TX  78681","S8021 - Cat Hollow Sec B, BLOCK C, Lot 15","KARMSHIL, RAHUL",
"R462073",,,"3741 GENTLE WINDS LN, ROUND ROCK, TX  78681","S8749 - VILLAGE AT MAYFIELD RANCH PH 2B, BLOCK D, Lot 15","PAWAR, NIKHIL CHANDRAKANT",
"R479854",,,"3924 WALSH RANCH BLVD, ROUND ROCK, TX  78681","S9108 - WALSH RANCH SEC 1, BLOCK F, Lot 27","SHAH, PRITESH PARESHKUMAR & DRASHTI D KOTHARI",
"R586868",,,"759 WHITETAIL DR, ROUND ROCK, TX  78681","S12112 - HIGHLANDS AT MAYFIELD RANCH SEC 13, BLOCK Q, Lot 11","KALLURI, SAI",
"R487172",,,"3501 CHALKSTONE LN, ROUND ROCK, TX  78681","S9339 - VILLAGE AT MAYFIELD RANCH PH 5, BLOCK G, Lot 15","GOVINDHARAJ, SARAVANAN (TOD) & DIVYA (TOD)",
"R650342",,,"1301 ROBIN TRL, ROUND ROCK, TX  78681","S13315 - SAULS RANCH EAST, BLOCK E, Lot 52","SONANI, RAJ & DHRUTI",
"R440815",,,"2548 ARBOR DR, ROUND ROCK, TX  78681","S8265 - Behrens Ranch Ph C Sec 5, BLOCK I, Lot 14","KULSHRESTHA, PUNEET",
"R498447",,,"3029 MIDWOOD LN, ROUND ROCK, TX  78681","S9758 - ARBOR PLACE PH 1, BLOCK D, Lot 9","MAYASAMUDRAM, RANGESH & ARATHI",
"R522791",,,"3451 MAYFIELD RANCH BLVD, UNIT #305, ROUND ROCK, TX  78681","C622 - PRESERVE AT MAYFIELD RANCH CONDO, UNIT 305, 0.641% COMMON AREA INTEREST","TUMMALAPELLY, SRINIVAS & SARITHA SURAVARAM",
"R440760",,,"3440 RANCH PARK TRL, ROUND ROCK, TX  78681","S8265 - Behrens Ranch Ph C Sec 5, BLOCK H, Lot 2","SUBRAMANIAN, ASHOKKUMAR & AMITHA GAJENDRAVARADHAN",
"R466778",,,"2648 SALORN WAY, ROUND ROCK, TX  78681","S8781 - BEHRENS RANCH PH E SEC 1, BLOCK A, Lot 27","DESAI, CHIRAG N & JINAL N DHARIA",
"R511326",,,"101 CALIMA CV, ROUND ROCK, TX  78681","S10107 - SENDERO SPRINGS SEC 6, BLOCK B, Lot 24, ACRES 0.208","GUTTAPALEM, KRISHNA & SINDURI AGRAHARAM",
"R431047",,,"2904 CUERO CV, ROUND ROCK, TX  78681","S8142 - Wood Glen Sec 7, BLOCK L, Lot 57","MAHADEVAN, CHANDRAMOULI & SUKANYA CHANDRAMOULI",
"R498439",,,"3000 OAK VISTA LN, ROUND ROCK, TX  78681","S9758 - ARBOR PLACE PH 1, BLOCK D, Lot 1","JOHN PAULOSE & ANNAMMA JOHN TRS JOHN & ANNAMMA PAULOSE REVOCABLE TRUST",
"R400013",,,"1111 FOSSIL CV, ROUND ROCK, TX  78681","S7346 - Preserve At Stone Oak Ph 2 Sec 2, BLOCK H, Lot 40","APARNA SATYAVOLU MOHAN POTHUKUCHI TRUST",
"R375004",,,"5035 CLEVES ST, ROUND ROCK, TX  78681","S6801 - Cat Hollow Sec C Ph 1, BLOCK F, Lot 5","TYAGI, ADITYA",
"R414202",,,"3406 LAZY OAK CV, ROUND ROCK, TX  78681","S7833 - Behrens Ranch Ph B Sec 3, BLOCK E, Lot 17","VOHRA, PAWAN K & GUNISHA SAGAR",
"R335648",,,"1809 GRAY OAK DR, ROUND ROCK, TX  78681","S5779 - Woods Sec 5b (amended Pt Sec 5), BLOCK L, Lot 17","FARUQUEE, SAHAAR & ZAIMA ANAM",
"R533262",,,"137 GENNAKER DR, ROUND ROCK, TX  78681","S10763 - HIGHLAND HORIZON PH 3, BLOCK B, Lot 24, ACRES 0.14","POLISETTY, KALYAN KUMAR & RAYMA",
"R414161",,,"2910 STONECREEK DR, ROUND ROCK, TX  78681","S7608 - Behrens Ranch Ph B Sec 2, BLOCK C, Lot 44","BHAGAVATH K PICHIKALA & SREELATHA PICHIKALA OF THE ISP FAMILY REVOCABLE TRUST",
"R372871",,,"6040 ALMELO DR, ROUND ROCK, TX  78681","S6707 - Cat Hollow Sec A Ph 5, BLOCK E, Lot 24","PILLAY, SANJAY & JYOTI",
"R059158",,,"901 SPRING TREE, ROUND ROCK, TX  78681","S3258 - Brushy Creek Sec 1 (or South), BLOCK 7, Lot 8","ABHISHEK, VERMA & AISHWARYA RASTOGI TRUSTEES OF VERMA RASTOGI 2020 REV TRUST",
"R414070",,,"2806 STONECREEK PL, ROUND ROCK, TX  78681","S7608 - Behrens Ranch Ph B Sec 2, BLOCK B, Lot 4","ARORA, AMANJEET S & MIRIAM",
"R466811",,,"2621 SALORN WAY, ROUND ROCK, TX  78681","S8781 - BEHRENS RANCH PH E SEC 1, BLOCK B, Lot 49","PILLAI, VINOD V & NISHA",
"R550251",,,"3709 KEARNEY LN, ROUND ROCK, TX  78681","S11232 - HIGHLANDS AT MAYFIELD RANCH SEC 5, BLOCK N, Lot 17","DASAR, SHILPA & TUSHAR MAHAPATRA",
"R483874",,,"2900 PORTULACA DR, ROUND ROCK, TX  78681","S9295 - BEHRENS RANCH PH D SEC 5, BLOCK F, Lot 8","SHEKHAWAT, BHAVANI SINGH & NEELAM",
"R600409",,,"4305 MAYFIELD RANCH BLVD, ROUND ROCK, TX  78681","S12403 - HIGHLANDS AT MAYFIELD RANCH SEC 11, BLOCK V, Lot 3","PENMETCHA ANJANEYA, PARVATHI & KRISHNA",
"R462217",,,"3105 QUAIL RUN, ROUND ROCK, TX  78681","S8691 - SENDERO SPRINGS SEC 3, BLOCK B, Lot 8","AKULA, RAJESH & SANTHOSHI PAIDIPARTHY",
"R596002",,,"4434 HANNOVER WAY, ROUND ROCK, TX  78681","S12327 - HIGHLANDS AT MAYFIELD RANCH SEC 10B, BLOCK W, Lot 6","ANDRU, SRAVYA",
"R358316",,,"7011 ALBACETE LN, ROUND ROCK, TX  78681","S6331 - Cat Hollow Sec A Ph 2, BLOCK H, Lot 16","GANI, S MARUF & SHABANA M SATTAR",
"R511345",,,"104 CASCADA LN, ROUND ROCK, TX  78681","S10107 - SENDERO SPRINGS SEC 6, BLOCK B, Lot 43, ACRES 0.156","KUMAR, NAVEEN & MAMTA",
"R497841",,,"3028 AGAVE LOOP, ROUND ROCK, TX  78681","S9743 - BEHRENS RANCH PH D SEC 4, BLOCK E, Lot 7","SHAH, NIRAV",
"R550263",,,"4213 HANNOVER WAY, ROUND ROCK, TX  78681","S11232 - HIGHLANDS AT MAYFIELD RANCH SEC 5, BLOCK O, Lot 10","JOMY, MANJU & JOMY P JOSEPH",
"R414245",,,"2349 MASONWOOD WAY, ROUND ROCK, TX  78681","S7833 - Behrens Ranch Ph B Sec 3, BLOCK F, Lot 19","SUBRAMANIAN, SARADHA S & SATISH SAINATH",
"R496395",,,"3501 AQUAMARINE DR, ROUND ROCK, TX  78681","S9618 - WALSH RANCH SEC 4, BLOCK H, Lot 10","SIDDIQUI, AKHEEL A & SAMEERA FATIMA",
"R498444",,,"3020 OAK VISTA LN, ROUND ROCK, TX  78681","S9758 - ARBOR PLACE PH 1, BLOCK D, Lot 6","CHANDY ANEESH & JENNY THOMAS JACOB TRUSTEES OF THE JAC TRUST",
"R604591",,,"7805 PINEDALE CV, ROUND ROCK, TX  78681","S12477 - RESERVE AT WYOMING SPRINGS, BLOCK A, Lot 15","BHOSALE, PRAFULL & SUSANA SALAPU",
"R511283",,,"201 E ADELANTA PL, ROUND ROCK, TX  78681","S10107 - SENDERO SPRINGS SEC 6, BLOCK A, Lot 8, ACRES 0.155","BHEEMINENI, VIJAY (TOD) & ANUSHA MAROTU (TOD)",
"R482855",,,"2524 MIRASOL LOOP, ROUND ROCK, TX  78681","S9281 - BEHRENS RANCH PH F SEC 1, BLOCK C, Lot 11","PRODDUTURU, SUKESH R & LAXMI",
"R496370",,,"3427 TOURMALINE TRL, ROUND ROCK, TX  78681","S9618 - WALSH RANCH SEC 4, BLOCK G, Lot 3","IRRINKI, SATYANARAYANA & ANUPAMA S",
"R429372",,,"3804 IRIS CV, ROUND ROCK, TX  78681","S8128 - Mayfield Ranch Sec 3, BLOCK M, Lot 2","PATIL, AKSHAY & AARTI JAGTAP",
"R604589",,,"7325 SHOSHONI TRL, ROUND ROCK, TX  78681","S12477 - RESERVE AT WYOMING SPRINGS, BLOCK A, Lot 13","SUBHANI, ZESHAUN MOHAMMAD (TOD) & AMBERIN SYEDDAH (TOD)",
"R483822",,,"2804 NOLINA LN, ROUND ROCK, TX  78681","S9294 - BEHRENS RANCH PH D SEC 3B, BLOCK E, Lot 36","TEWARI, ABHAY & CHHAVI PANDEY",
"R375015",,,"5013 CLEVES ST, ROUND ROCK, TX  78681","S6801 - Cat Hollow Sec C Ph 1, BLOCK F, Lot 16","CHANDRAN, ABHISHEK RAVI & SHWETA DASARI",
"R059548",,,"3206 FREEMONT ST, ROUND ROCK, TX  78681","S3261 - Brushy Creek Sec 2, BLOCK 22, Lot 15","CHAUHAN, MOLLY & SARANSH",
"R358453",,,"16632 CORDILLERA DR, ROUND ROCK, TX  78681","S6332 - Cat Hollow Sec A Ph 3, BLOCK E, Lot 28","VYKUNTA, RAMA S",
"R414233",,,"2440 ARBOR DR, ROUND ROCK, TX  78681","S7833 - Behrens Ranch Ph B Sec 3, BLOCK F, Lot 7","SOMEPALLI, PRASANTHI & ASHOK VEMURI",
"R520569",,,"439 CASCADA LN, ROUND ROCK, TX  78681","S10365 - SENDERO SPRINGS SEC 7, BLOCK R, Lot 19","KANAKASABAPATHY, RATHINESWARAN",
"R454022",,,"3559 PINE NEEDLE CIR, ROUND ROCK, TX  78681","S8649 - VILLAGE AT MAYFIELD RANCH PH 2A, BLOCK E, Lot 24","PATEL, NIRAJ",
"R600391",,,"4578 POST LOOP, ROUND ROCK, TX  78681","S12403 - HIGHLANDS AT MAYFIELD RANCH SEC 11, BLOCK S, Lot 8","LANKALA, DILEEP KUMAR REDDY",
"R520598",,,"731 CASCADA LN, ROUND ROCK, TX  78681","S10365 - SENDERO SPRINGS SEC 7, BLOCK R, Lot 48","RAGHAVENDRA PRASAD SURAPURAJU & DEEPA NUNAPALLI",
"R302346",,,"2403 MOCKINGBIRD DR, ROUND ROCK, TX  78681","S4280 - Oakcreek Sec 1, BLOCK E, Lot 14, ACRES 0.245","KALAPATAPU, SAI M & NAGA M KOTA",
"R545719",,,"4032 FLOWSTONE LN, ROUND ROCK, TX  78681","S11096 - HIGHLANDS AT MAYFIELD RANCH SEC 3, BLOCK LL, Lot 13","KAR, SOURAV & JAYASHREE",
"R650264",,,"1504 CARDINAL LN, ROUND ROCK, TX  78681","S13315 - SAULS RANCH EAST, BLOCK C, Lot 20","CHOWDARY, HIDAYATULLAH & FARHEENA TAZEE SYEDA",
"R569827",,,"3817 LOMBARD ST, ROUND ROCK, TX  78681","S11722 - HIGHLANDS AT MAYFIELD RANCH SEC 9, BLOCK AA, Lot 6","RASTE, NEHA NITIN & PHANEENDRA PAGADALA",
"R405424",,,"2901 ARBOR CT, ROUND ROCK, TX  78681","S7555 - Behrens Ranch Ph B Sec 1, BLOCK E, Lot 76","AGARWAL, NEHA & VARUN MATHUR",
"R414209",,,"3401 LAZY OAK CV, ROUND ROCK, TX  78681","S7833 - Behrens Ranch Ph B Sec 3, BLOCK E, Lot 24","SHARMA, KULDEEP & POONAM KUMARI",
"R479850",,,"3908 WALSH RANCH BLVD, ROUND ROCK, TX  78681","S9108 - WALSH RANCH SEC 1, BLOCK F, Lot 23","PALYAM, INDRANEEL REDDY & SWATHI ALLADA",
"R462258",,,"3406 CORTINA LN, ROUND ROCK, TX  78681","S8691 - SENDERO SPRINGS SEC 3, BLOCK D, Lot 12","SHARMA, ABHISHEK & ANTIM DADHEECH",
"R483781",,,"2949 AGAVE LOOP, ROUND ROCK, TX  78681","S9294 - BEHRENS RANCH PH D SEC 3B, BLOCK B, Lot 3","SHRESTA FAMILY TRUST",
"R501709",,,"3032 PORTULACA DR, ROUND ROCK, TX  78681","S9835 - BEHRENS RANCH PH D SEC 6, BLOCK H, Lot 3","PAIDIMARRI, KISHORE & KRISHNA S KONKIMALLA",
"R358433",,,"16623 MALAGA HILLS DR, ROUND ROCK, TX  78681","S6332 - Cat Hollow Sec A Ph 3, BLOCK C, Lot 39","NAHARI TAL & MARIA SABSHIN",
"R405360",,,"2678 HENLEY DR, ROUND ROCK, TX  78681","S7562 - Wood Glen Sec 6, BLOCK B, Lot 34","KUPPUSWAMY,PALAMADAI V & MALATHI, REKHA & GAJWANI VISWANATHAN",
"R650209",,,"1439 CARDINAL LN, ROUND ROCK, TX  78681","S13315 - SAULS RANCH EAST, BLOCK A, Lot 5","BHARGAVA, PRAVEEN & VARSHA",
"R431022",,,"2748 PLANTATION DR, ROUND ROCK, TX  78681","S8151 - Hidden Glen Ph 4b, BLOCK J, Lot 73","YELURU, AMAR & MADHURI",
"R587570",,,"1420 REPRISE BND, ROUND ROCK, TX  78681","S12126 - HAIRY MAN PH 1, BLOCK D, Lot 3","BHATTACHARJEE, PUSHPAK & PRAGYA",
"R587567",,,"1416 ALTO LN, ROUND ROCK, TX  78681","S12126 - HAIRY MAN PH 1, BLOCK C, Lot 19","BHOGADI, KUMAD BINDU",
"R520594",,,"717 CASCADA LN, ROUND ROCK, TX  78681","S10365 - SENDERO SPRINGS SEC 7, BLOCK R, Lot 44","VALAPPIL, SIVAPRASAD PATTANMARU",
"R372907",,,"6051 ALMELO DR, ROUND ROCK, TX  78681","S6707 - Cat Hollow Sec A Ph 5, BLOCK F, Lot 28","PATEL, NEHA J & JAYESH V",
"R467422",,,"509 SPRINGBOK DR, ROUND ROCK, TX  78681","S8806 - BRUSHY CREEK SEC 4, BLOCK D, Lot 5","KUMAR, KRISHNA B & SUDHA K",
"R430966",,,"2824 PLANTATION DR, ROUND ROCK, TX  78681","S8139 - Hidden Glen Ph 4a, BLOCK J, Lot 81","MALLUHI, QUTAIBAH",
"R520615",,,"446 CASCADA LN, ROUND ROCK, TX  78681","S10365 - SENDERO SPRINGS SEC 7, BLOCK S, Lot 14","SEEPANA, SRI HARI N & SHILPA",
"R604618",,,"7285 SHOSHONI LOOP, ROUND ROCK, TX  78681","S12477 - RESERVE AT WYOMING SPRINGS, BLOCK B, Lot 12","BALAJI D KANIGICHERLA & MADHAVI KANIGICHERLA OF BDK & MK FAMILY TRUST",
"R467365",,,"2975 FREEMONT ST, ROUND ROCK, TX  78681","S8806 - BRUSHY CREEK SEC 4, BLOCK A, Lot 12","DHURJATI, SASIDHAR V & PADMA P",
"R399917",,,"16538 AVARANCHE WAY, ROUND ROCK, TX  78681","S7304 - Cat Hollow Sec A Ph 6, BLOCK Q, Lot 15","SAI, SASHVAT & JAYITA SINHA",
"R369485",,,"8000 WHITWORTH LN, ROUND ROCK, TX  78681","S6625 - Stone Canyon Sec 6a, BLOCK F, Lot 30","MENHDIRATTA, RAKESH & RAJNI",
"R370259",,,"8210 FERN BLUFF AVE, ROUND ROCK, TX  78681","S6536 - Stone Canyon Sec 4, BLOCK CC, Lot 23","RAVISHANKAR, YAMINI & VASANTHSEKAR SHEKAR",
"R597398",,,"1405 OVERTURE PL, ROUND ROCK, TX  78681","S12337 - HAIRY MAN PH 2, BLOCK E, Lot 4","SUNDARAM, DEEPAK BABU THAKKU & JANANI GUNYA AMARNATH",
"R533924",,,"7220 WYOMING SPRINGS DR, UNIT #1204, ROUND ROCK, TX  78681","C638 - ROCKWELL VILLAGE CONDO, BUILDING 12, UNIT 1204, 1.887% COMMON AREA INTEREST","MITTAL, GAURAV",
"R545655",,,"4014 FLOWSTONE LN, ROUND ROCK, TX  78681","S11096 - HIGHLANDS AT MAYFIELD RANCH SEC 3, BLOCK B, Lot 31","MISHRA, SWAYAM PRAKASH",
"R577139",,,"4508 ARQUES AVE, ROUND ROCK, TX  78681","S11919 - HIGHLANDS AT MAYFIELDS RANCH SEC 12B, BLOCK A, Lot 174","SACHDEVA, KAPIL",
"R479843",,,"3417 CITRINE PL, ROUND ROCK, TX  78681","S9108 - WALSH RANCH SEC 1, BLOCK F, Lot 16","BAGEPALLY, VENKATESH & CHARITHA",
"R535579",,,"3839 ASHBURY RD, ROUND ROCK, TX  78681","S10797 - HIGHLANDS AT MAYFIELD RANCH SEC 7, BLOCK DD, Lot 3","VASIREDDY, VENKATA SAI PAVAN",
"R488075",,,"5200 SENDERO SPRINGS DR, ROUND ROCK, TX  78681","S9436 - SENDERO SPRINGS SEC 5, BLOCK F, Lot 20","PANJOLIA, RAJVENESH & MINAL SHARMA",
"R465266",,,"4007 MASSEY WAY, ROUND ROCK, TX  78681","S8798 - MAYFIELD RANCH SEC 7, BLOCK D, Lot 17","BHATTACHARYA, SUVASHIS & LESLIE ACOSTA-BHATTACHARYA",
"R423159",,,"120 NORTH FIELD ST, ROUND ROCK, TX  78681","S8021 - Cat Hollow Sec B, BLOCK A, Lot 7","GOKLANI, MONIL & NIHARIKA NARAIN",
"R488091",,,"3007 CANCELO CV, ROUND ROCK, TX  78681","S9436 - SENDERO SPRINGS SEC 5, BLOCK F, Lot 36","SONI, SANDIP DILIP & SEJAL SANDIP",
"R303892",,,"8109 BROKEN BRANCH DR, ROUND ROCK, TX  78681","FERN BLUFF SEC 3A, BLOCK A, LOT 31","SATASIA, VIPUL C & GITABEN",
"R431032",,,"2717 PLANTATION DR, ROUND ROCK, TX  78681","S8151 - Hidden Glen Ph 4b, BLOCK K, Lot 4","SHALINI, FNU & FNU ANURAG",
"R604613",,,"7241 SHOSHONI LOOP, ROUND ROCK, TX  78681","S12477 - RESERVE AT WYOMING SPRINGS, BLOCK B, Lot 7","MEHTA, AKHIL & SUCHITA POKHARNA",
"R577117",,,"4408 ARQUES AVE, ROUND ROCK, TX  78681","S11919 - HIGHLANDS AT MAYFIELDS RANCH SEC 12B, BLOCK A, Lot 152","KAMAT, ARUN & SHILPA",
"R533319",,,"104 LANDS END CV, ROUND ROCK, TX  78681","S10763 - HIGHLAND HORIZON PH 3, BLOCK E, Lot 11, ACRES 0.34","ALETI, SHARATH C & SRAVYA GONGALLA",
"R566791",,,"4329 HANNOVER WAY, ROUND ROCK, TX  78681","S11631 - HIGHLANDS AT MAYFIELD RANCH SEC 6B, BLOCK O, Lot 19","JAYARAM, VENKATESH & ASHWINI LALITHA HUCHAHANUMEGOWDA",
"R390921",,,"17419 MONTANA FALLS DR, ROUND ROCK, TX  78681","S7098 - Stone Canyon Sec 6c, BLOCK C, Lot 3","MADALIA, BHAVINKUMAR & AEKTA MADALIA",
"R440772",,,"3352 RANCH PARK TRL, ROUND ROCK, TX  78681","S8265 - Behrens Ranch Ph C Sec 5, BLOCK H, Lot 14","GADWAL GOVIND RAO & SAMITRA RAO GADWAL, TRUSTEES OF GOVIND & SUMITRA GADWAL TRUS",
"R351422",,,"3510 GALENA HILLS LOOP, ROUND ROCK, TX  78681","S5907 - Vista Oaks Sec 3a, BLOCK A, Lot 7","ERRABOLU, RAMESH & SARITHA TIRUCHUNAPALLY",
"R335590",,,"1917 CEDAR BEND DR, ROUND ROCK, TX  78681","S5779 - Woods Sec 5b (amended Pt Sec 5), BLOCK G, Lot 7","CHILUKURI, LAKSHMI PRADEEPTI & SASIKANTH MANNE",
"R460904",,,"5009 SENDERO SPRINGS DR, ROUND ROCK, TX  78681","S8713 - SENDERO SPRINGS SEC 4, BLOCK N, Lot 8","AHUJA, ANSHU MANI",
"R552326",,,"3808 BROADWAY PATH, ROUND ROCK, TX  78681","S11277 - HIGHLANDS AT MAYFIELD RANCH SEC 12A, BLOCK Q, Lot 58","NAGAMALLA, BHARATH",
"R523440",,,"3733 BAINBRIDGE ST, ROUND ROCK, TX  78681","S10465 - HIGHLANDS AT MAYFIELD RANCH SEC 2A, BLOCK B, Lot 5","SINGH, MANOJ & SANGEETA PRIYADARSHINI",
"R479786",,,"3316 BASALT CV, ROUND ROCK, TX  78681","S9108 - WALSH RANCH SEC 1, BLOCK C, Lot 24","CHENNURU, VENKATESWARA R",
"R650212",,,"1451 CARDINAL LN, ROUND ROCK, TX  78681","S13315 - SAULS RANCH EAST, BLOCK A, Lot 8","MURTHY, VINAY KRISHNA & ADITI SHANKAR",
"R460545",,,"812 HIDDEN GLEN DR, ROUND ROCK, TX  78681","S8715 - HIDDEN GLEN PH 5A, BLOCK M, Lot 64","ABRAHAM, TEJI T & BEENU M",
"R483852",,,"2831 MIRASOL DR, ROUND ROCK, TX  78681","S9295 - BEHRENS RANCH PH D SEC 5, BLOCK A, Lot 47","KAIMAL, RAJESH & SREEJA SREEKUMARAN",
"R547485",,,"4659 KATHERINE DR, ROUND ROCK, TX  78681","C652 - GARDENS AT MAYFIELD CONDOS, UNIT 506, 0.833% COMMON AREA INTEREST, 0.1094 AC","NELLUTLA, CHAITANYA",
"R414302",,,"1754 WEST END PL, ROUND ROCK, TX  78681","S7814 - Hidden Glen Ph 1, BLOCK F, Lot 9","CHERIAN, ALEX",
"R483887",,,"3001 PORTULACA DR, ROUND ROCK, TX  78681","S9295 - BEHRENS RANCH PH D SEC 5, BLOCK A, Lot 1","MODE, CHANDRA SHEKAR & SAKETHA BELIDE",
"R349858",,,"2029 BENT TREE LOOP, ROUND ROCK, TX  78681","S6141 - Bent Tree Sec 2, BLOCK E, Lot 5","THODDIL, NAVEEN KALAMAR & GAYATHRY GIRISAN",
"R501725",,,"2620 DALEA ST, ROUND ROCK, TX  78681","S9835 - BEHRENS RANCH PH D SEC 6, BLOCK H, Lot 19","DHANDAPANI, MURALIDHARAN (TOD)",
"R462240",,,"4100 COLINA CV, ROUND ROCK, TX  78681","S8691 - SENDERO SPRINGS SEC 3, BLOCK C, Lot 16","MOHITE, DHAIRYASHIL & RASIKA SURVE",
"R511329",,,"312 ENTRADA WAY, ROUND ROCK, TX  78681","S10107 - SENDERO SPRINGS SEC 6, BLOCK B, Lot 27, ACRES 0.184","KORADA, NAVEEN KUMAR & CHANDINI BOYINA",
"R336679",,,"2317 WOODWAY SOUTH, ROUND ROCK, TX  78681","S5814 - Oaklands Sec 4, BLOCK A, Lot 15","APARNA SATYAVOLU MOHAN POTHUKUCHI TRUST",
"R462247",,,"3407 CORTINA LN, ROUND ROCK, TX  78681","S8691 - SENDERO SPRINGS SEC 3, BLOCK C, Lot 23","NITIN JUMAR RATHI & SURUCHI PARWAL TRS NRSP FAMILY REVOCABLE TRUST",
"R460849",,,"4308 ANGELICO LN, ROUND ROCK, TX  78681","S8713 - SENDERO SPRINGS SEC 4, BLOCK I, Lot 10","VASISTA, GAUTAM & GAUTAME",
"R335344",,,"8604 TOMCAT CV, ROUND ROCK, TX  78681","S5746 - Cat Hollow Sec 5-a, BLOCK C, Lot 21","NATARAJAN, KARTHIK & SHARIKA",
"R511330",,,"316 ENTRADA WAY, ROUND ROCK, TX  78681","S10107 - SENDERO SPRINGS SEC 6, BLOCK B, Lot 28, ACRES 0.162","PATCHIPULUSU, RAMESH",
"R497816",,,"3045 AGAVE LOOP, ROUND ROCK, TX  78681","S9743 - BEHRENS RANCH PH D SEC 4, BLOCK B, Lot 25","GOVINDARAJU, VENKATESAN",
"R586862",,,"783 WHITETAIL DR, ROUND ROCK, TX  78681","S12112 - HIGHLANDS AT MAYFIELD RANCH SEC 13, BLOCK Q, Lot 5","GAJULA, RAVIKANTH",
"R587552",,,"1615 REPRISE BND, ROUND ROCK, TX  78681","S12126 - HAIRY MAN PH 1, BLOCK C, Lot 4","KOMMA, GOPI CHAND & RAMYA DEVI",
"R358272",,,"7040 RAMBOLLET TER, ROUND ROCK, TX  78681","S6331 - Cat Hollow Sec A Ph 2, BLOCK C, Lot 10","SURAPANENI, CHAITANYA K",
"R520562",,,"335 CASCADA LN, ROUND ROCK, TX  78681","S10365 - SENDERO SPRINGS SEC 7, BLOCK R, Lot 12","CHODISETTI, SURESH KUMAR & SARITHA DEVI NUNNA",
"R392980",,,"3940 UPPER PASSAGE LN, ROUND ROCK, TX  78681","S7265 - Preserve At Stone Oak Ph 1 Sec 3, BLOCK C, Lot 63","AHMED, ASIM",
"R460799",,,"3508 SHELLCASTLE LN, ROUND ROCK, TX  78681","S8720 - VILLAGE AT MAYFIELD RANCH PH 3, BLOCK G, Lot 12","MAMTORA, HEMANT RAMESH & NIHARIKA",
"R467440",,,"423 VALONA LOOP, ROUND ROCK, TX  78681","S8806 - BRUSHY CREEK SEC 4, BLOCK E, Lot 11","PAPINENI, RAVI K & APARNA C JILLELLAMUDI",
"R587591",,,"1528 REPRISE BND, ROUND ROCK, TX  78681","S12126 - HAIRY MAN PH 1, BLOCK D, Lot 23","YANDE, SAMEER V & SUSHMITA S",
"R581820",,,"846 WHITETAIL DR, ROUND ROCK, TX  78681","S12035 - HIGHLANDS AT MAYFIELD RANCH SEC 10A, BLOCK V, Lot 33","ZAIDI, JAFFER HYDER",
"R604630",,,"7262 SHOSHONI LOOP, ROUND ROCK, TX  78681","S12477 - RESERVE AT WYOMING SPRINGS, BLOCK C, Lot 14","SHAH, BULBUL & PRATIK",
"R440838",,,"3419 RANCH PARK TRL, ROUND ROCK, TX  78681","S8265 - Behrens Ranch Ph C Sec 5, BLOCK L, Lot 5","ARUNKUMAR SADASIVAN & SWETHA SHANKAR CO TRS AS FAMILY REVOCABLE TRUST",
"R533323",,,"109 NAUTICAL CIR, ROUND ROCK, TX  78681","S10763 - HIGHLAND HORIZON PH 3, BLOCK E, Lot 15, ACRES 0.51","BAWA, ASAD TRUSTEE OF THE BAWA FAMILY REVOCABLE TRUST DATED SEPTEMBER 16, 2017",
"R604624",,,"7226 SHOSHONI LOOP, ROUND ROCK, TX  78681","S12477 - RESERVE AT WYOMING SPRINGS, BLOCK C, Lot 9","TALLURY, CHAKRADHAR VENKATA VINAYAKA & HARIKA BHASKARA",
"R604639",,,"7700 RAWLINS CV, ROUND ROCK, TX  78681","S12477 - RESERVE AT WYOMING SPRINGS, BLOCK C, Lot 3","PADMANABHA C UDDARAJU & BHASKARA S VADAPALLI OF UDDARAJU FAMILY REVOCABLE TRUST",
"R391088",,,"9013 MOUNTAIN MIST LN, ROUND ROCK, TX  78681","S7135 - Stone Canyon Sec 7b, BLOCK I, Lot 58","VASUDEVAN, ELANGOVAN",
"R501702",,,"2609 DALEA ST, ROUND ROCK, TX  78681","S9835 - BEHRENS RANCH PH D SEC 6, BLOCK G, Lot 3","RAWULWAR, HARI & SWARUPA R",
"R374754",,,"5103 LEGHORN CV, ROUND ROCK, TX  78681","S6801 - Cat Hollow Sec C Ph 1, BLOCK D, Lot 48","KHAN, MOHAMMAD & GHAZALA HAROON KHAN",
"R511285",,,"209 E ADELANTA PL, ROUND ROCK, TX  78681","S10107 - SENDERO SPRINGS SEC 6, BLOCK A, Lot 10, ACRES 0.162","RAVULAPATI, BHARATH K & LAKSHMI L PRAGADA",
"R498430",,,"3017 OAK VISTA LN, ROUND ROCK, TX  78681","S9758 - ARBOR PLACE PH 1, BLOCK B, Lot 6","LATIF, FAISAL (TOD) & NUZHAT MUFTI LATIF (TOD)",
"R520574",,,"501 CASCADA LN, ROUND ROCK, TX  78681","S10365 - SENDERO SPRINGS SEC 7, BLOCK R, Lot 24","SASIMOHANAN, SHYJU & DIVYA DEVADAS",
"R380866",,,"4215 KINGSBURG DR, ROUND ROCK, TX  78681","S6947 - Vista Oaks Sec 4a Final Plat, BLOCK E, Lot 2","MITHINTI, SAI NIRANJAN & SYAMALA SOWJANYA VEERUBHOTLA",
"R460840",,,"5107 SENDERO SPRINGS DR, ROUND ROCK, TX  78681","S8713 - SENDERO SPRINGS SEC 4, BLOCK I, Lot 1","GOTTIPAMULA & LALITHA SMRUTHI KOPPU, SANTOSH KUMAR",
"R511360",,,"124 BRISA BEND WAY, ROUND ROCK, TX  78681","S10107 - SENDERO SPRINGS SEC 6, BLOCK C, Lot 11, ACRES 0.159","RAGHUPATHY, DURGA PRASAD & SWAPNA SRI CHAPARA",
"R312400",,,"8501 HILL ROCK DR, ROUND ROCK, TX  78681","CAT HOLLOW SEC 9, BLOCK H, LOT 4, ACRES .160","PARIKH, CHANDRAKANT (TOD) & PRAVINA (TOD)",
"R460541",,,"828 HIDDEN GLEN DR, ROUND ROCK, TX  78681","S8715 - HIDDEN GLEN PH 5A, BLOCK M, Lot 60","RAGHUNANDAN GIRIYAPPA SHIVARAM & SONIA SALIGRAMA SATISHKUMAR",
"R478410",,,"3208 SANIBEL CT, ROUND ROCK, TX  78681","S9037 - HIDDEN GLEN PH 5B, BLOCK M, Lot 27","SINGHAL, BHARAT",
"R060478",,,"600 BUFFALO PASS, ROUND ROCK, TX  78681","CHISHOLM VALLEY SEC 1, BLOCK A, LOT 18","BALKISSOON, RAMRUP STEVE",
"R511332",,,"324 ENTRADA WAY, ROUND ROCK, TX  78681","S10107 - SENDERO SPRINGS SEC 6, BLOCK B, Lot 30, ACRES 0.149","AGARWAL, LALIT & JEUTY SWARGIARY",
"R390153",,,"3005 PLANTATION DR, ROUND ROCK, TX  78681","S7126 - Bent Tree Sec 3, BLOCK G, Lot 3","PANSE, SHRIRANG & NEHA PALSULE",
"R424355",,,"4309 PASADA LN, ROUND ROCK, TX  78681","S8049 - Sendero Springs Sec 2, BLOCK K, Lot 89","SINGHAL, SANDEEP & RUBY GOEL",
"R379026",,,"5018 BARLOW DR, ROUND ROCK, TX  78681","S6914 - Cat Hollow Sec C Ph 2, BLOCK F, Lot 40","MAHMOOD, AMJAD",
"R520655",,,"107 ALONDRA WAY, ROUND ROCK, TX  78681","S10365 - SENDERO SPRINGS SEC 7, BLOCK S, Lot 54","KUMAR, RAJIV",
"R441290",,,"4133 PEBBLE RIDGE CV, ROUND ROCK, TX  78681","S8302 - Preserve At Stone Oak Ph 4 Sec 2, BLOCK BB, Lot 9","SINGH, PRIYANKA & UMESH",
"R566772",,,"4224 SOMA CV, ROUND ROCK, TX  78681","S11631 - HIGHLANDS AT MAYFIELD RANCH SEC 6B, BLOCK G, Lot 70","ADIYALA, RAHUL",
"R358335",,,"7014 ALBACETE LN, ROUND ROCK, TX  78681","S6331 - Cat Hollow Sec A Ph 2, BLOCK I, Lot 15","TADEPALLI, NARASIMHA RAO",
"R604635",,,"7282 SHOSHONI LOOP, ROUND ROCK, TX  78681","S12477 - RESERVE AT WYOMING SPRINGS, BLOCK C, Lot 19","YADAVALLI, SREENIVAS (TOD)",
"R496351",,,"3428 TOURMALINE TRL, ROUND ROCK, TX  78681","S9618 - WALSH RANCH SEC 4, BLOCK E, Lot 28","CHETIA, CHIRANJEET & NEHA GARG",
"R423294",,,"8112 CAMPECHE BAY PL, ROUND ROCK, TX  78681","S8021 - Cat Hollow Sec B, BLOCK D, Lot 15","GANESH, PERINKULAM I",
"R372925",,,"6017 ALMELO DR, ROUND ROCK, TX  78681","S6707 - Cat Hollow Sec A Ph 5, BLOCK F, Lot 46","RADHAKRISHMNAN, KANNAN & HEMALATHA ALAGUKONARGANAPATHY",
"R466712",,,"3005 EDGECREEK PL, ROUND ROCK, TX  78681","S8846 - BEHRENS RANCH PH C SEC 2, BLOCK A, Lot 4","GANESH, KARTHIK THOTTA & NAGAKANIKA RAJA",
"R487967",,,"2664 MIRASOL LOOP, ROUND ROCK, TX  78681","S9439 - BEHRENS RANCH PH F SEC 2, BLOCK C, Lot 33","PALIMATTOM, JAIMY",
"R611279",,,"7809 LARAMIE BND, ROUND ROCK, TX  78681","S12592 - RESERVE AT WYOMING SPRINGS (BLK C LTS 30 & 31 AMD), BLOCK C, Lot 31, ACRES 0.4098","KADIRI, PRASAD & VIJAYA NAGAPPA LAKKUNDI",
"R460555",,,"823 HIDDEN GLEN DR, ROUND ROCK, TX  78681","S8715 - HIDDEN GLEN PH 5A, BLOCK N, Lot 7","MATHUR, SAURABH PRAKASH & MOHITA",
"R440841",,,"3407 RANCH PARK TRL, ROUND ROCK, TX  78681","S8265 - Behrens Ranch Ph C Sec 5, BLOCK L, Lot 8","MUTHAIYAN, ARUN & SRIDEVI CHANDRASEKARAN",
"R415923",,,"3006 E LUMINOSO LN, ROUND ROCK, TX  78681","S7769 - Sendero Springs Sec 1, BLOCK M, Lot 1","CHANDA, RAJKUMAR & ANNIE GEETHA SAMIRAJ",
"R547564",,,"4512 BRANDON CT, ROUND ROCK, TX  78681","C652 - GARDENS AT MAYFIELD CONDOS, UNIT 1109, 0.833% COMMON AREA INTEREST, 0.1306 AC","KOLLIPARA, KIRAN KUMAR & DURGA ANOOSHA PANDRANGI",
"R496369",,,"3431 TOURMALINE TRL, ROUND ROCK, TX  78681","S9618 - WALSH RANCH SEC 4, BLOCK G, Lot 2","JANMOHAMED, AARIF R (TOD) & SABIRA A (TOD)",
"R587537",,,"1509 REPRISE BND, ROUND ROCK, TX  78681","S12126 - HAIRY MAN PH 1, BLOCK B, Lot 18","KUMAR, ANIL & NAYANA RAO SUBRAMANYA",
"R547456",,,"4551 KATHERINE DR, ROUND ROCK, TX  78681","C652 - GARDENS AT MAYFIELD CONDOS, UNIT 208, 0.833% COMMON AREA INTEREST, 0.2093 AC","RAMATH, SHYMAN K & AMBILI REGHUNATH",
"R487192",,,"3347 PINE NEEDLE CIR, ROUND ROCK, TX  78681","S9339 - VILLAGE AT MAYFIELD RANCH PH 5, BLOCK H, Lot 7","VIJAYAN, ANKITA & SANJAY RADHAKRISHNAN",
"R533651",,,"3451 MAYFIELD RANCH BLVD, UNIT #616, ROUND ROCK, TX  78681","C622 - PRESERVE AT MAYFIELD RANCH CONDO, UNIT 616, 0.641% COMMON AREA INTEREST","JULAKANTI, VAMSIDHAR & SREELEKHA KARANAM",
"R405436",,,"2313 MASONWOOD WAY, ROUND ROCK, TX  78681","S7555 - Behrens Ranch Ph B Sec 1, BLOCK G, Lot 11","KAJWADKAR, DEOVRAT & RUMA",
"R478443",,,"1125 WAIMEA BND, ROUND ROCK, TX  78681","S9120 - HIDDEN GLEN PH 6B, BLOCK H, Lot 5","KANDUKURI, GOUTAMI & SURYA KIRAN PEDDIGARI",
"R525246",,,"3905 COLE VALLEY LN, ROUND ROCK, TX  78681","S10549 - HIGHLANDS AT MAYFIELD RANCH SEC 1, BLOCK EE, Lot 8","SINGHANIA, RAHUL",
"R359493",,,"2412 CLOUD PEAK LN, ROUND ROCK, TX  78681","S6352 - Stone Canyon Sec 3, BLOCK AA, Lot 29","SANKAR, SUKANYA & SANKAR KRISHNASWAMY",
"R545638",,,"3665 BAINBRIDGE ST, ROUND ROCK, TX  78681","S11096 - HIGHLANDS AT MAYFIELD RANCH SEC 3, BLOCK B, Lot 14","MAZUMDER, ABHIRUP (TOD) & PRIYANKA BHOWMICK (TOD)",
"R535572",,,"3836 ASHBURY RD, ROUND ROCK, TX  78681","S10797 - HIGHLANDS AT MAYFIELD RANCH SEC 7, BLOCK A, Lot 67","BHARGAVA, ANIRUDH & KANUPRIYA",
"R483838",,,"2909 DESERT CANDLE DR, ROUND ROCK, TX  78681","S9295 - BEHRENS RANCH PH D SEC 5, BLOCK A, Lot 34","NELOGAL, CHANDRASHEKAR & VINUTHA T",
"R587544",,,"1533 REPRISE BND, ROUND ROCK, TX  78681","S12126 - HAIRY MAN PH 1, BLOCK B, Lot 24","BEVARA, BALAMURALIKRUSHNA & SANTOSHIKUMARI",
"R482849",,,"2608 MIRASOL LOOP, ROUND ROCK, TX  78681","S9281 - BEHRENS RANCH PH F SEC 1, BLOCK C, Lot 5","TADEPALLI, VIJAYARAMARAO & VENKATASATY ASREE ACHANTA",
"R462213",,,"3113 QUAIL RUN, ROUND ROCK, TX  78681","S8691 - SENDERO SPRINGS SEC 3, BLOCK B, Lot 4","PABOLU, SANGEETHA & CHIRANJEEVI GADIPARTHI",
"R302547",,,"1007 HAWK CT, ROUND ROCK, TX  78681","S4280 - Oakcreek Sec 1, BLOCK K, Lot 47, ACRES 0.156","KRISHNA, KIRAN KUMAR & SHRUTHI KIRAN",
"R440898",,,"3116 LAS COLINAS WAY, ROUND ROCK, TX  78681","S8291 - Hidden Glen Ph 3a, BLOCK G, Lot 16","RAKESH GADOO & LATA GADOO TRS GADOO LIVING TRUST",
"R414132",,,"2825 STONECREEK PL, ROUND ROCK, TX  78681","S7608 - Behrens Ranch Ph B Sec 2, BLOCK C, Lot 15","NAGARAJA, RAVI & ANITHA K BHASKARPANDIT",
"R312863",,,"1508 LANTERN LIGHT DR, ROUND ROCK, TX  78681","SAM BASS TRAILS SEC 1, BLOCK I, LOT 22, ACRES .125","PANDEY, SHARMILA & THAKUR DANGI",
"R440979",,,"3831 NOE LN, ROUND ROCK, TX  78681","S8223 - Mayfield Ranch Sec 4, BLOCK R, Lot 14","NATARAJAN, HARIPRASAD",
"R081266",,,"908 SWEETWATER CV, ROUND ROCK, TX  78681","OAKLANDS SEC 3A, BLOCK H, LOT 2","QADRI OMERUZZIA SYED & SHAZIA AZIZ CO TRUSTEES OF THE OQ AND SA FAMILY REV TRUST",
"R483798",,,"2909 AGAVE LOOP, ROUND ROCK, TX  78681","S9294 - BEHRENS RANCH PH D SEC 3B, BLOCK C, Lot 7","RAGHU JADALA & RADHIKA THUMMALAPALLY CO-TRS OF THE RJRT FAMILY REVOCABLE TRUST",
"R501724",,,"2624 DALEA ST, ROUND ROCK, TX  78681","S9835 - BEHRENS RANCH PH D SEC 6, BLOCK H, Lot 18","MEDAM, SRINIVASA RAO & SWAPNA",
"R587540",,,"1517 REPRISE BND, ROUND ROCK, TX  78681","S12126 - HAIRY MAN PH 1, BLOCK B, Lot 20","RANGANATHAN BALAJI & SANGEETA LALA",
"R488933",,,"2410 GREAT OAKS DR, UNIT #303, ROUND ROCK, TX  78681","C736 - WOODS AT GREAT OAKS CONDO, BUILDING 3, UNIT 303, 2.632% COMMON AREA INTEREST, (PH 3)","THIRUKONDA, VENKATESH",
"R424348",,,"4415 PASADA LN, ROUND ROCK, TX  78681","S8049 - Sendero Springs Sec 2, BLOCK K, Lot 82","GARG, VISHAL & SONAL & KAILASH GARG (TOD)",
"R586889",,,"746 WHITETAIL DR, ROUND ROCK, TX  78681","S12112 - HIGHLANDS AT MAYFIELD RANCH SEC 13, BLOCK R, Lot 7","TAREQUE MUHAMMAD & NAHID SULTANA",
"R587592",,,"1532 REPRISE BND, ROUND ROCK, TX  78681","S12126 - HAIRY MAN PH 1, BLOCK D, Lot 24","MOPARTHI RAJESH & VENKATA S CHUNDURI",
"R525241",,,"3925 COLE VALLEY LN, ROUND ROCK, TX  78681","S10549 - HIGHLANDS AT MAYFIELD RANCH SEC 1, BLOCK EE, Lot 3","KULKARNI, ALPESH & KISHORI DEVIDASRAO ADE",
"R302472",,,"1003 BLUE BIRD CT, ROUND ROCK, TX  78681","S4280 - Oakcreek Sec 1, BLOCK J, Lot 29, ACRES 0.142","GALA, VINIT & VIDHI SHAH",
"R547450",,,"4539 KATHERINE DR, ROUND ROCK, TX  78681","C652 - GARDENS AT MAYFIELD CONDOS, UNIT 202, 0.833% COMMON AREA INTEREST, 0.1353 AC","VENKATESHA, SHARATH & KRITHIKA KADABA HIRIYANNAIAH",
"R391172",,,"7017 COOL CANYON CV, ROUND ROCK, TX  78681","S7071 - Stone Canyon Sec 8a, BLOCK O, Lot 134","MAHENDRA NAGARAJAN & PREETHI JANAKARAJAN TRS MNPJ FAMILY REVOCABLE TRUST",
"R511357",,,"112 BRISA BEND WAY, ROUND ROCK, TX  78681","S10107 - SENDERO SPRINGS SEC 6, BLOCK C, Lot 8, ACRES 0.168","KOTTAKKALATHIL, RENEESH",
"R440831",,,"3404 SOPHORA CT, ROUND ROCK, TX  78681","S8265 - Behrens Ranch Ph C Sec 5, BLOCK K, Lot 6","GUPTA, ANSHUL (RS) & ROOPSI CHALANA (RS)",
"R460750",,,"3516 PINE NEEDLE CIR, ROUND ROCK, TX  78681","S8720 - VILLAGE AT MAYFIELD RANCH PH 3, BLOCK A, Lot 71","KURUBARAHALLI NATARAJU, RITHESH RAJ & CHAITRA KEMPAIAH",
"R357952",,,"8018 BRIENNE DR, ROUND ROCK, TX  78681","S6301 - Cat Hollow Sec A Ph 1, BLOCK L, Lot 2","VELLANKI SIVARAMA & KEERTHI NITTA",
"R466848",,,"2440 SALORN WAY, ROUND ROCK, TX  78681","S8855 - BEHRENS RANCH PH E SEC 2, BLOCK A, Lot 58","VIJAYAKUMAR, ARUN & ASWATHI PANKAJAKSHAN",
"R547511",,,"3841 CHANCE LOOP, ROUND ROCK, TX  78681","C652 - GARDENS AT MAYFIELD CONDOS, UNIT 705, 0.833% COMMON AREA INTEREST, 0.1385 AC","CHENNUPATI, LASHIDHAR (TOD) & PHANI CHANDRA KATRAGADDA (TOD)",
"R496385",,,"3912 ALABASTER CV, ROUND ROCK, TX  78681","S9618 - WALSH RANCH SEC 4, BLOCK G, Lot 18","PATIL, VISHWESH SURESH & SUSMITHA JONNALA",
"R650226",,,"1215 OAKLANDS DR, ROUND ROCK, TX  78681","S13315 - SAULS RANCH EAST, BLOCK B, Lot 2","NADIKATLA, BALAKESAVARAJU & MANOJNA VUNGARALA",
"R335299",,,"8503 CHAT LN, ROUND ROCK, TX  78681","S5746 - Cat Hollow Sec 5-a, BLOCK A, Lot 6","CHAKRABORTI, SUPARNA",
"R511366",,,"101 CASCADA LN, ROUND ROCK, TX  78681","S10107 - SENDERO SPRINGS SEC 6, BLOCK C, Lot 17, ACRES 0.2","IYER, RAJESH S & PARVATHY V",
"R466768",,,"2608 SALORN WAY, ROUND ROCK, TX  78681","S8781 - BEHRENS RANCH PH E SEC 1, BLOCK A, Lot 17","MANDODDI, SATISH KUMAR & DEEPTHI GUNTUPALLI",
"R604612",,,"7221 SHOSHONI LOOP, ROUND ROCK, TX  78681","S12477 - RESERVE AT WYOMING SPRINGS, BLOCK B, Lot 6","SHAH, ASHISH DILIPKUMAR & HIMANI ASHISHKUMAR",
"R530098",,,"3451 MAYFIELD RANCH BLVD, UNIT #514, ROUND ROCK, TX  78681","C622 - PRESERVE AT MAYFIELD RANCH CONDO, UNIT 514, 0.641% COMMON AREA INTEREST","KEKRE, GAURAV & HEENA MANJREKAR",
"R600367",,,"4561 POST LOOP, ROUND ROCK, TX  78681","S12403 - HIGHLANDS AT MAYFIELD RANCH SEC 11, BLOCK G, Lot 113","OBEROI, AKASH (TOD)",
"R604655",,,"7825 LARAMIE BND, ROUND ROCK, TX  78681","S12477 - RESERVE AT WYOMING SPRINGS, BLOCK C, Lot 35","ARAVIND CHANDRAMOHAN & SHIVA S KRISHNAMMAL GANESAN TRS AMMU TRUST",
"R339585",,,"1941 PLANTATION DR, ROUND ROCK, TX  78681","S5879 - Plantation Sec 2, BLOCK A, Lot 21","PERSAUD, VIJAY R & ANITA P TRUSTEES OF PERSAUD LIVING TRUST",
"R460741",,,"3552 PINE NEEDLE CIR, ROUND ROCK, TX  78681","S8720 - VILLAGE AT MAYFIELD RANCH PH 3, BLOCK A, Lot 62","SARKAR, CHANDRA BHANU & DEBALINA CHAKRABARTI",
"R487940",,,"2697 MIRASOL LOOP, ROUND ROCK, TX  78681","S9439 - BEHRENS RANCH PH F SEC 2, BLOCK A, Lot 16","PACHIAPPAN, SRIDHAR",
"R483875",,,"2904 PORTULACA DR, ROUND ROCK, TX  78681","S9295 - BEHRENS RANCH PH D SEC 5, BLOCK F, Lot 9","VEERAMACHANENI, SASANKA & VANITA L NAIDU",
"R429429",,,"3128 GOLDENOAK CIR, ROUND ROCK, TX  78681","S8125 - Behrens Ranch Ph C Sec 1-c, BLOCK D, Lot 8","VISWANATHAN, GANESH & REKHA GAJWANI",
"R497850",,,"3076 AGAVE LOOP, ROUND ROCK, TX  78681","S9743 - BEHRENS RANCH PH D SEC 4, BLOCK E, Lot 16","NARAYANASWAMY, SRIDHAR (TOD)",
"R358451",,,"16636 CORDILLERA DR, ROUND ROCK, TX  78681","S6332 - Cat Hollow Sec A Ph 3, BLOCK E, Lot 26","SHANKAR, ANILKUMAR & LAKSHMI SHANMUGANATHAN",
"R460850",,,"4310 ANGELICO LN, ROUND ROCK, TX  78681","S8713 - SENDERO SPRINGS SEC 4, BLOCK I, Lot 11","DHANANI, ADIL & SANOBAR PATEL",
"R359488",,,"2434 CLOUD PEAK LN, ROUND ROCK, TX  78681","S6352 - Stone Canyon Sec 3, BLOCK AA, Lot 24","SHAFI, AYUB",
"R533278",,,"85 MARITIME WAY, ROUND ROCK, TX  78681","S10763 - HIGHLAND HORIZON PH 3, BLOCK B, Lot 40, ACRES 0.16","MATHUR, SOURABH",
"R440810",,,"2508 ARBOR DR, ROUND ROCK, TX  78681","S8265 - Behrens Ranch Ph C Sec 5, BLOCK I, Lot 9","PRAJAPATI, KIRANKUMAR A & KINNARI",
"R460876",,,"4321 ANGELICO LN, ROUND ROCK, TX  78681","S8713 - SENDERO SPRINGS SEC 4, BLOCK K, Lot 8","BANSAL, SHIV KUMAR",
"R441309",,,"3325 WINDING RIVER TRL, ROUND ROCK, TX  78681","S8302 - Preserve At Stone Oak Ph 4 Sec 2, BLOCK CC, Lot 16","SUYOG DUTT JAIN & ESHA KOTHARI AS CO-TRS OF THE JAIN KOTHARI LIVING TRUST",
"R460854",,,"4320 ANGELICO LN, ROUND ROCK, TX  78681","S8713 - SENDERO SPRINGS SEC 4, BLOCK I, Lot 15","SHEKATKAR, HARSHAL & ARCHANA",
"R488088",,,"3006 CANCELO CV, ROUND ROCK, TX  78681","S9436 - SENDERO SPRINGS SEC 5, BLOCK F, Lot 33","KELKAR, ADITYA & AARTI MOHAN SWADI",
"R335291",,,"8720 TIN ROOF CV, ROUND ROCK, TX  78681","S5747 - Cat Hollow Sec 13, BLOCK B, Lot 14","AMIN, RAJUL R & SEJAL R COTRUSTEES OF THE RRA & SRA REVOCABLE LIVING TRUST",
"R533917",,,"7220 WYOMING SPRINGS DR, UNIT #201, ROUND ROCK, TX  78681","C638 - ROCKWELL VILLAGE CONDO, BUILDING 2, UNIT 201, 1.887% COMMON AREA INTEREST","CHANDRASEKHAR, BABU",
"R501707",,,"2629 DALEA ST, ROUND ROCK, TX  78681","S9835 - BEHRENS RANCH PH D SEC 6, BLOCK G, Lot 8","KATHPALIA, RAKESH K & SURUCHII",
"R418677",,,"3013 COVINGTON PL, ROUND ROCK, TX  78681","S7912 - Behrens Ranch Ph D Sec 2, BLOCK D, Lot 14","RAO, PRATHIMA & AJAY",
"R311559",,,"16914 SABERTOOTH DR, ROUND ROCK, TX  78681","CAT HOLLOW SEC 7, BLOCK D, LOT 3, ACRES .166","WAREE, JUKDINEENAD",
"R393816",,,"1006 BALANCED ROCK PL, ROUND ROCK, TX  78681","S7285 - Preserve At Stone Oak Ph 1 Sec 4, BLOCK C, Lot 95","PANDEY, KAMAL & MANIKA BHATTACHARJEE",
"R528394",,,"3817 BAINBRIDGE CV, ROUND ROCK, TX  78681","S10662 - HIGHLANDS AT MAYFIELD RANCH BAINBRIDGE COVE (AMD), BLOCK A, Lot 6, ACRES 0.23","SREERAMULU, DIWAKAR & RASHMI TRIYAMBAK BANDODKAR",
"R061877",,,"2001 SHADOWBROOK CIR, ROUND ROCK, TX  78681","SHADOWBROOK, BLOCK B, LOT 9","DATTA, RAJAT & ULLA I W",
"R429457",,,"3100 BRIAR OAK LN, ROUND ROCK, TX  78681","S8125 - Behrens Ranch Ph C Sec 1-c, BLOCK F, Lot 8","AKKERA VISHAL GOVINDA REDDY & MANASA CHANDRA NALAM",
"R577121",,,"4424 ARQUES AVE, ROUND ROCK, TX  78681","S11919 - HIGHLANDS AT MAYFIELDS RANCH SEC 12B, BLOCK A, Lot 156","PARALKAR, ASHISH & SHILPA TRUSTEES OF PARALKAR TRUST",
"R650240",,,"1645 CARDINAL LN, ROUND ROCK, TX  78681","S13315 - SAULS RANCH EAST, BLOCK B, Lot 16","SARVA, LAXMI & SANTOSH PRABHALA",
"R372936",,,"16747 MARSALA SPRINGS DR, ROUND ROCK, TX  78681","S6705 - Cat Hollow Sec A Ph 4, BLOCK G, Lot 9","JAIN, RICHA & ANKUR JAIN",
"R552321",,,"3828 BROADWAY PATH, ROUND ROCK, TX  78681","S11277 - HIGHLANDS AT MAYFIELD RANCH SEC 12A, BLOCK Q, Lot 53","KULKARNI, ROHIT N & APURVA GODSE",
"R497831",,,"2855 NOLINA LN, ROUND ROCK, TX  78681","S9743 - BEHRENS RANCH PH D SEC 4, BLOCK D, Lot 5","RAMAKRISHNAN, RAMDAS M",
"R483883",,,"2608 SAWGRASS LN, ROUND ROCK, TX  78681","S9295 - BEHRENS RANCH PH D SEC 5, BLOCK G, Lot 12","TADI, VENKATESWARA REDDY & SUJATHA",
"R466836",,,"2813 SALORN CV, ROUND ROCK, TX  78681","S8855 - BEHRENS RANCH PH E SEC 2, BLOCK A, Lot 46","BOYAPATI, BHANU PRASAD & SOWMYA KATRAGADDA",
"R302784",,,"1105 QUAIL LN, ROUND ROCK, TX  78681","OAKCREEK SEC 2, BLOCK G, LOT 8","MEHTA, HIMALI ASHOKKUMAR",
"R479799",,,"3328 ALEXANDRITE WAY, ROUND ROCK, TX  78681","S9108 - WALSH RANCH SEC 1, BLOCK D, Lot 7","SRINIVAS PENDYAL BALASUBRAMANYAM & SANJUKTA KUSARI SRINIVAS OF S&S LIVING TRUST",
"R453978",,,"3736 PINE NEEDLE CIR, ROUND ROCK, TX  78681","S8649 - VILLAGE AT MAYFIELD RANCH PH 2A, BLOCK D, Lot 34","KUMAR, ANKITA & ANUNEET",
"R533308",,,"88 MARITIME WAY, ROUND ROCK, TX  78681","S10763 - HIGHLAND HORIZON PH 3, BLOCK D, Lot 6, ACRES 0.17","ABHAY HIRALALJI SABU & GANGASAGAR ABHAY SABU OF SABU LIVING TRUST",
"R569831",,,"3801 LOMBARD ST, ROUND ROCK, TX  78681","S11722 - HIGHLANDS AT MAYFIELD RANCH SEC 9, BLOCK AA, Lot 10","PATTNAIK RAMYA & PRIYANKA ARYA",
"R399897",,,"7102 AVIGNON DR, ROUND ROCK, TX  78681","S7304 - Cat Hollow Sec A Ph 6, BLOCK P, Lot 2","SASIDHAR, SANTHI & VISHNU CHAKKUNGATHODIYIL GOVIND",
"R511351",,,"104 E ADELANTA PL, ROUND ROCK, TX  78681","S10107 - SENDERO SPRINGS SEC 6, BLOCK C, Lot 2, ACRES 0.136","AKKARAJU, VENKATA M & SARITHA",
"R429406",,,"3221 GOLDENOAK CIR, ROUND ROCK, TX  78681","S8125 - Behrens Ranch Ph C Sec 1-c, BLOCK B, Lot 23","VATTIKONDA, GIRIDHAR & VEENA",
"R336681",,,"2313 WOODWAY SOUTH, ROUND ROCK, TX  78681","S5814 - Oaklands Sec 4, BLOCK A, Lot 17","PUNJABI, NARENDRA",
"R533621",,,"3451 MAYFIELD RANCH BLVD, UNIT #263, ROUND ROCK, TX  78681","C622 - PRESERVE AT MAYFIELD RANCH CONDO, UNIT 263, 0.641% COMMON AREA INTEREST","TALATHI, PRESHIT PRAKASH",
"R374952",,,"4063 CARGILL DR, ROUND ROCK, TX  78681","S6801 - Cat Hollow Sec C Ph 1, BLOCK E, Lot 3","MEENEKKODATH, SMITHA",
"R483797",,,"2913 AGAVE LOOP, ROUND ROCK, TX  78681","S9294 - BEHRENS RANCH PH D SEC 3B, BLOCK C, Lot 6","THAKKALAPALLI, VENKATA & PRAMATHI JANAGAMA",
"R522717",,,"3451 MAYFIELD RANCH BLVD, UNIT #403, ROUND ROCK, TX  78681","C622 - PRESERVE AT MAYFIELD RANCH CONDO, UNIT 403, 0.641% COMMON AREA INTEREST","ARAMADAKA, ASWARTHAREDDY & SIREESHA REDDY VALLEM",
"R587529",,,"2420 SOPRANO WAY, ROUND ROCK, TX  78681","S12126 - HAIRY MAN PH 1, BLOCK B, Lot 10","SAIROHIT CHADALAPAKA & NIRANJAN CHADALAPAKA & SRI SITA MAHA LAKSHMI CHADALAPAKA",
"R462253",,,"3103 LAZADA LN, ROUND ROCK, TX  78681","S8691 - SENDERO SPRINGS SEC 3, BLOCK D, Lot 2","RAHUL GAGRANI & SHWETA GAGRANI OF RGSG FAMILY REVOCABLE TRUST",
"R335208",,,"509 OAK PARK DR, ROUND ROCK, TX  78681","S5767 - Oakland Sec 3b, BLOCK G, Lot 12","MANTRAVADI, VASUDHA & VINOD KONDRAGUNTA",
"R032687",,,"4701 KNOLLWOOD CIR, ROUND ROCK, TX  78681","S3252 - Brushy Bend Park Sec 2 Phase 2, Lot 13 N PT, ACRES 1.625","CHALASANI, RAJESH & PAMELA",
"R390991",,,"8617 PRIEST RIVER DR, ROUND ROCK, TX  78681","S7098 - Stone Canyon Sec 6c, BLOCK K, Lot 13","SATASIA, CHATURBHAI",
"R466851",,,"2663 SALORN WAY, ROUND ROCK, TX  78681","S8855 - BEHRENS RANCH PH E SEC 2, BLOCK B, Lot 3","DAGGOLU, VINOD K",
"R459305",,,"3724 FOSSILWOOD WAY, ROUND ROCK, TX  78681","S8711 - VILLAGE AT MAYFIELD RANCH PH 4, BLOCK A, Lot 20","VARGHESE, BEENA BIJU & BIJU K",
"R479614",,,"3332 MARCASITE DR, ROUND ROCK, TX  78681","S9060 - WALSH RANCH SEC 3, BLOCK C, Lot 10","VENKATARAMAN, SRINIVASAN & NANDITA SRINIVASAN",
"R081268",,,"805 OAK PARK DR, ROUND ROCK, TX  78681","OAKLANDS SEC 3A, BLOCK F, LOT 38","HARESH, PADMA",
"R540640",,,"4119 CAPORA WAY, ROUND ROCK, TX  78681","S11003 - HIGHLANDS AT MAYFIELD RANCH SEC 8, BLOCK BB, Lot 18","SHARMA RAKESH & ANJU",
"R525270",,,"3908 COLE VALLEY LN, ROUND ROCK, TX  78681","S10549 - HIGHLANDS AT MAYFIELD RANCH SEC 1, BLOCK FF, Lot 25","MAHALINGAM, SUMITHA BHARGAVI",
"R498392",,,"2224 PARK PLACE CIR, ROUND ROCK, TX  78681","S9758 - ARBOR PLACE PH 1, BLOCK A, Lot 18","GOEL, MAYANK",
"R587598",,,"1604 REPRISE BND, ROUND ROCK, TX  78681","S12126 - HAIRY MAN PH 1, BLOCK D, Lot 30","MEHTA, SOHAN & GEETA",
"R650309",,,"2340 CANTATA CV, ROUND ROCK, TX  78681","S13315 - SAULS RANCH EAST, BLOCK E, Lot 19","SINGLA, ANURAG & DEEPALI JOSHI",
"R650283",,,"1230 ROBIN TRL, ROUND ROCK, TX  78681","S13315 - SAULS RANCH EAST, BLOCK D, Lot 14","SINGH, MALKIYAT & AMANDEEP KAUR",
"R479563",,,"3575 ALEXANDRITE WAY, ROUND ROCK, TX  78681","S9060 - WALSH RANCH SEC 3, BLOCK A, Lot 6","KRISHNAMURTHY, SENTHIL & PADMINI KALYANKRISHNAN",
"R402696",,,"3606 LAUREL BAY LOOP, ROUND ROCK, TX  78681","S7488 - Vista Oaks Sec 5b Ph 2, BLOCK C, Lot 13","DESHPANDE, PUSHKAR PRAKASH & TRUPTI PUSHKAR",
"R405399",,,"3201 WHISPERING WOODS CT, ROUND ROCK, TX  78681","S7555 - Behrens Ranch Ph B Sec 1, BLOCK E, Lot 51","CHANDRAMOULI, KARTHIK (TOD) & SUBHASHINI NATARAJAN (TOD)",
"R522799",,,"3451 MAYFIELD RANCH BLVD, UNIT #313, ROUND ROCK, TX  78681","C622 - PRESERVE AT MAYFIELD RANCH CONDO, UNIT 313, 0.641% COMMON AREA INTEREST","JAGDISH HIRAY & POONAM HIRAY TRS  HIRAY FAMILY REVOCABLE LIVING TRUST",
"R520656",,,"103 ALONDRA WAY, ROUND ROCK, TX  78681","S10365 - SENDERO SPRINGS SEC 7, BLOCK S, Lot 55","KARIM, FAISAL & ABDUL",
"R380958",,,"2617 HENLEY DR, ROUND ROCK, TX  78681","S6949 - Wood Glen Sec 3, BLOCK A, Lot 24","NADKARNI, PRASHANT & BEENA COTRUSTEES OF PRASHANT & BEENA NADKARNI RVCBLE TRST",
"R483793",,,"2929 AGAVE LOOP, ROUND ROCK, TX  78681","S9294 - BEHRENS RANCH PH D SEC 3B, BLOCK C, Lot 2","AMIT JAIN & ANSHU JAIN AS CO TRUSTEES OF THE JAIN FAMILY LIVING TRUST",
"R650783",,,"2605 SAM BASS RD, UNIT #100, ROUND ROCK, TX  78681","C793 - CLEAR CREEK RANCH CONDO, UNIT 100, 0.90% COMMON AREA INTEREST","CHOUDHURY, DIGANTO & SHIVANI REDDY",
"R399996",,,"3302 CANTERA WAY, ROUND ROCK, TX  78681","S7346 - Preserve At Stone Oak Ph 2 Sec 2, BLOCK H, Lot 23","GAUR, NITIN",
"R520632",,,"604 CASCADA LN, ROUND ROCK, TX  78681","S10365 - SENDERO SPRINGS SEC 7, BLOCK S, Lot 31","NANIWADEKAR, BHUSHAN",
"R552318",,,"3840 BROADWAY PATH, ROUND ROCK, TX  78681","S11277 - HIGHLANDS AT MAYFIELD RANCH SEC 12A, BLOCK Q, Lot 50","SHIRALIKAR, AKSHAY & AMRUTA PONKSHE",
"R479886",,,"3908 OBSIDIAN LN, ROUND ROCK, TX  78681","S9108 - WALSH RANCH SEC 1, BLOCK I, Lot 10","VANKALAPATI, PRASHANTH & AKSHATA",
"R374970",,,"4019 CARGILL DR, ROUND ROCK, TX  78681","S6801 - Cat Hollow Sec C Ph 1, BLOCK E, Lot 21","JAIN, AMIT & JAY ANUBHUTI",
"R528398",,,"3830 BAINBRIDGE CV, ROUND ROCK, TX  78681","S10662 - HIGHLANDS AT MAYFIELD RANCH BAINBRIDGE COVE (AMD), BLOCK A, Lot 10, ACRES 0.42","SUJEETH, PUTHALATH K & LATHA TRUSTEES OF THE PKS & LS REVOCABLE TRUST",
"R587581",,,"2536 SOPRANO WAY, ROUND ROCK, TX  78681","S12126 - HAIRY MAN PH 1, BLOCK D, Lot 13","TADISINA, RANJITH REDDY & SANDHYA RANI KARRA",
"R520597",,,"729 CASCADA LN, ROUND ROCK, TX  78681","S10365 - SENDERO SPRINGS SEC 7, BLOCK R, Lot 47","MUTHUVELU, BHARATHKUMAR & DIVIA MANI",
"R597389",,,"2451 SOPRANO WAY, ROUND ROCK, TX  78681","S12337 - HAIRY MAN PH 2, BLOCK A, Lot 15","ANTARKAR, AMOGH SUNIL  & RENUKA UDAYKUMAR JOSHI",
"R496390",,,"3917 OBSIDIAN LN, ROUND ROCK, TX  78681","S9618 - WALSH RANCH SEC 4, BLOCK H, Lot 5","BANSAL, DEEPAK",
"R303936",,,"8001 BROKEN BRANCH DR, ROUND ROCK, TX  78681","FERN BLUFF SEC 3A, BLOCK A, LOT 39","IYENGAR, SRINIVASAN & GEETHANJALI NARASIMHAN",
"R597376",,,"1319 OVERTURE PL, ROUND ROCK, TX  78681","S12337 - HAIRY MAN PH 2, BLOCK A, Lot 1","MANDALA, RAMADEVI (TOD)",
"R522723",,,"3451 MAYFIELD RANCH BLVD, UNIT #409, ROUND ROCK, TX  78681","C622 - PRESERVE AT MAYFIELD RANCH CONDO, UNIT 409, 0.641% COMMON AREA INTEREST","PATEL, PRAVIN & RAMILA (LE)",
"R597992",,,"3829 SIR NOAH TUCKER DR, ROUND ROCK, TX  78681","S12379 - HIGHLANDS AT MAYFIELD RANCH SEC 14, BLOCK R, Lot 22","VIJAY BHARGAV KASTURI & LAHARIKA KISHAN RAO POCHAMPALLI",
"R511306",,,"108 W ADELANTA PL, ROUND ROCK, TX  78681","S10107 - SENDERO SPRINGS SEC 6, BLOCK B, Lot 4, ACRES 0.163","PATHAK, NABAJIT & TRIBENI NATH",
"R087710",,,"950 BLUE SPRING CIR, ROUND ROCK, TX  78681","OAKLANDS THE SEC 1-B, BLOCK H, LOT 77","VENKATESWARAN, KALYANARAMAN",
"R533294",,,"136 GENNAKER DR, ROUND ROCK, TX  78681","S10763 - HIGHLAND HORIZON PH 3, BLOCK C, Lot 13, ACRES 0.17","PARAMPALLI, GOPI & MEENA",
"R392135",,,"4205 N SUMMERCREST LOOP, ROUND ROCK, TX  78681","S7231 - Vista Oaks Sec 4b, BLOCK B, Lot 3","KOPPURAVURI, NAGA VENKATA MALLI & ATHNI VEMPATY",
"R479572",,,"3539 ALEXANDRITE WAY, ROUND ROCK, TX  78681","S9060 - WALSH RANCH SEC 3, BLOCK A, Lot 15","DESHPANDE, NARAYAN R & SWEETY GIRASE",
"R533244",,,"209 CARRACK DR, ROUND ROCK, TX  78681","S10763 - HIGHLAND HORIZON PH 3, BLOCK B, Lot 6, ACRES 0.14","VENKATA BASKARA GANGADHAR PENTAKOTA & HAINDAVI PENTAKOTA TRUSTEES OF THE PENTAKO",
"R600422",,,"4367 MAYFIELD RANCH BLVD, ROUND ROCK, TX  78681","S12403 - HIGHLANDS AT MAYFIELD RANCH SEC 11, BLOCK V, Lot 16","CHABUKSWAR, SHAMRAO BHAGWAT & SOUBHAGYA KADAM",
"R497812",,,"3029 AGAVE LOOP, ROUND ROCK, TX  78681","S9743 - BEHRENS RANCH PH D SEC 4, BLOCK B, Lot 21","ASOKAN, DEVI",
"R302687",,,"8419 PRIEST RIVER DR, ROUND ROCK, TX  78681","FERN BLUFF SEC 2 AMD, BLOCK A, LOT 12","SATHASIVAM, VIVEK & NISHA KUPPUSWAMY",
"R577144",,,"3824 PARK POINT PATH, ROUND ROCK, TX  78681","S11919 - HIGHLANDS AT MAYFIELDS RANCH SEC 12B, BLOCK M, Lot 2","ARSEKAR, NIKHIL & NETRA NIKHIL",
"R339310",,,"8381 LIBERTY WALK, ROUND ROCK, TX  78681","S5896 - Cat Hollow Sec 1-a, BLOCK D, Lot 5","PAUL, CHIRANJIB  & MONAMI PAUL ROY",
"R391232",,,"7301 TWO JACKS TRL, ROUND ROCK, TX  78681","S7071 - Stone Canyon Sec 8a, BLOCK S, Lot 3","DHARMENDRA MOHANCHANDRA SAMANT & SHILPA DHARMENDRA SAMANT OF SAMANT LIVING TRUST",
"R440837",,,"3423 RANCH PARK TRL, ROUND ROCK, TX  78681","S8265 - Behrens Ranch Ph C Sec 5, BLOCK L, Lot 4","GALA, KAUSHAL S & VIJETA K",
"R595974",,,"4427 HANNOVER WAY, ROUND ROCK, TX  78681","S12327 - HIGHLANDS AT MAYFIELD RANCH SEC 10B, BLOCK G, Lot 92","DARIMADUGU, KASI VISWESWARI",
"R475494",,,"4005 SAPPHIRE LOOP, ROUND ROCK, TX  78681","S9099 - MAYFIELD RANCH SEC 9, BLOCK C, Lot 18","KURA, SWAPNA",
"R479568",,,"3555 ALEXANDRITE WAY, ROUND ROCK, TX  78681","S9060 - WALSH RANCH SEC 3, BLOCK A, Lot 11","KULKARNI, CHAITANYA & GAYATRI",
"R650723",,,"2605 SAM BASS RD, UNIT #40, ROUND ROCK, TX  78681","C793 - CLEAR CREEK RANCH CONDO, UNIT 40, 0.90% COMMON AREA INTEREST","GABBUR, RAVINDRA REDDY",
"R650271",,,"1362 ROBIN TRL, ROUND ROCK, TX  78681","S13315 - SAULS RANCH EAST, BLOCK D, Lot 2","BHATTACHARYA, SANDIP & SANJANA BASU",
"R423784",,,"3258 ARROYO BLUFF LN, ROUND ROCK, TX  78681","S7952 - Preserve At Stone Oak Ph 3 Sec 2, BLOCK L, Lot 6","MOHAN, SELVAKUMAR & KALPANA GOWRI SIGAMANI",
"R391002",,,"8803 PRIEST RIVER DR, ROUND ROCK, TX  78681","S7098 - Stone Canyon Sec 6c, BLOCK K, Lot 24","SATASIA, GHANSHAM G & CHAMPABEN G",
"R550241",,,"4212 HANNOVER WAY, ROUND ROCK, TX  78681","S11232 - HIGHLANDS AT MAYFIELD RANCH SEC 5, BLOCK N, Lot 7","PATEL, VIDIT & KHUSHBU",
"R497833",,,"2863 NOLINA LN, ROUND ROCK, TX  78681","S9743 - BEHRENS RANCH PH D SEC 4, BLOCK D, Lot 7","MOHAMMAD SADIQ, MALERAVALAPPIL ABDUL",
"R418671",,,"3025 COVINGTON PL, ROUND ROCK, TX  78681","S7912 - Behrens Ranch Ph D Sec 2, BLOCK D, Lot 8","VENNAM, SRINIVAS & VIJETHA ADAPA",
"R454011",,,"3665 PINE NEEDLE CIR, ROUND ROCK, TX  78681","S8649 - VILLAGE AT MAYFIELD RANCH PH 2A, BLOCK E, Lot 13","JENA, SANDEEP KUMAR & FNU DEBAJANI",
"R650766",,,"2605 SAM BASS RD, UNIT #83, ROUND ROCK, TX  78681","C793 - CLEAR CREEK RANCH CONDO, UNIT 83, 0.90% COMMON AREA INTEREST","THAKORE, AKSHATA & NITAI PATEL",
"R650273",,,"1336 ROBIN TRL, ROUND ROCK, TX  78681","S13315 - SAULS RANCH EAST, BLOCK D, Lot 4","JAIN, PRABHAT & ISHANI",
"R482858",,,"2512 MIRASOL LOOP, ROUND ROCK, TX  78681","S9281 - BEHRENS RANCH PH F SEC 1, BLOCK C, Lot 14","MUMMADAVARAPU KAMESHWARA PANDU RANGA (TOD) & HIMA BINDU CHEEDARALA (TOD)",
"R479782",,,"3305 BASALT CV, ROUND ROCK, TX  78681","S9108 - WALSH RANCH SEC 1, BLOCK C, Lot 20","AGARWAL, AMIT & ALKA",
"R547502",,,"4729 COLLINS ST, ROUND ROCK, TX  78681","C652 - GARDENS AT MAYFIELD CONDOS, UNIT 612, 0.833% COMMON AREA INTEREST, 0.1374 AC","VASA VIJAYA, BHASKARA & LEELA PADMA VARADA",
"R488105",,,"3502 EAGLE WAY, ROUND ROCK, TX  78681","S9436 - SENDERO SPRINGS SEC 5, BLOCK G, Lot 6","ANAND, SAURABH & MALVIKA SAGAR",
"R379107",,,"2130 WOODSTON DR, ROUND ROCK, TX  78681","S6865 - Wood Glen Sec 2 Ph 1, BLOCK C, Lot 5","PETHKAR, AVINASH GOVIND & PRITI AVINASH",
"R405440",,,"2321 MASONWOOD WAY, ROUND ROCK, TX  78681","S7555 - Behrens Ranch Ph B Sec 1, BLOCK G, Lot 15","POUNDARIK, CHIRAYU & RITU",
"R533654",,,"3451 MAYFIELD RANCH BLVD, UNIT #705, ROUND ROCK, TX  78681","C622 - PRESERVE AT MAYFIELD RANCH CONDO, UNIT 705, 0.641% COMMON AREA INTEREST","KRISHNASWAMY, RAMESH",
"R598008",,,"4619 ARQUES AVE, ROUND ROCK, TX  78681","S12379 - HIGHLANDS AT MAYFIELD RANCH SEC 14, BLOCK S, Lot 10","SAMPATH, SARAVANAN",
"R597986",,,"4624 ARQUES AVE, ROUND ROCK, TX  78681","S12379 - HIGHLANDS AT MAYFIELD RANCH SEC 14, BLOCK G, Lot 149","VERMA, DEEPAK & DEEPIKA BHATI",
"R374977",,,"4004 BARLOW DR, ROUND ROCK, TX  78681","S6801 - Cat Hollow Sec C Ph 1, BLOCK E, Lot 28","PATEL, DIPAK I & LATA D",
"R498452",,,"3009 MIDWOOD LN, ROUND ROCK, TX  78681","S9758 - ARBOR PLACE PH 1, BLOCK D, Lot 14","SUNDARAM, RAVIKUMAR & SELVI RAVIKUMAR",
"R460896",,,"4001 ARBOL CV, ROUND ROCK, TX  78681","S8713 - SENDERO SPRINGS SEC 4, BLOCK K, Lot 28","VAIDYA, NEERAJA",
"R533642",,,"3451 MAYFIELD RANCH BLVD, UNIT #607, ROUND ROCK, TX  78681","C622 - PRESERVE AT MAYFIELD RANCH CONDO, UNIT 607, 0.641% COMMON AREA INTEREST","BATTINA, VEERA VENKTA BULLE KAMA RAJU & KRISHNAVENI",
"R650275",,,"1322 ROBIN TRL, ROUND ROCK, TX  78681","S13315 - SAULS RANCH EAST, BLOCK D, Lot 6","MADHU, MAHESH (TOD) & SOWMYA MAHESH (TOD)",
"R370320",,,"8426 SEA ASH CIR, ROUND ROCK, TX  78681","S6536 - Stone Canyon Sec 4, BLOCK DD, Lot 26","AHMED, BISMA & TAHIR & SAMINA AHMED",
"R467482",,,"2995 PEACEMAKER ST, ROUND ROCK, TX  78681","S8810 - BRUSHY CREEK SEC 5, BLOCK C, Lot 2","RACHAKONDA, HARIKANTH",
"R414090",,,"2703 CEDAR SPRINGS PL, ROUND ROCK, TX  78681","S7608 - Behrens Ranch Ph B Sec 2, BLOCK B, Lot 24","BIKESH KUMAR & PRATIMA SINGH TRS OF THE KUMAR FAMILY REVOCABLE LIVING TRUST",
"R650301",,,"2308 CANTATA CV, ROUND ROCK, TX  78681","S13315 - SAULS RANCH EAST, BLOCK E, Lot 11","NITIN RAJ GUPTA & SHALINI GUPTA CO-TRS OF THE JMD JOINT REVOCABLE LIVING TRUST",
"R483816",,,"2828 NOLINA LN, ROUND ROCK, TX  78681","S9294 - BEHRENS RANCH PH D SEC 3B, BLOCK E, Lot 30","SINGH, DEEP & SUSHILA",
"R084401",,,"1603 BLACKJACK DR, ROUND ROCK, TX  78681","WOODS SEC 2 AMEND, BLOCK I, LOT 5","DEVASIA, BASIL & PEARL KRISTEL VERGHESE",
"R650386",,,"1208 SONATA PL, ROUND ROCK, TX  78681","S13315 - SAULS RANCH EAST, BLOCK F, Lot 8","KARIMUTHU RENGASAMY & RATHI KARIMUTHU",
"R488145",,,"4412 ANGELICO LN, ROUND ROCK, TX  78681","S9436 - SENDERO SPRINGS SEC 5, BLOCK H, Lot 36","SHALINI GAUTHAM & GAUTHAM MUTHURAVICHANDRAN",
"R533291",,,"124 GENNAKER DR, ROUND ROCK, TX  78681","S10763 - HIGHLAND HORIZON PH 3, BLOCK C, Lot 10, ACRES 0.19","TIWARI, PARIMAL & BABITA CHAUBE",
"R405441",,,"2323 MASONWOOD WAY, ROUND ROCK, TX  78681","S7555 - Behrens Ranch Ph B Sec 1, BLOCK G, Lot 16","ASANANI, NAYAN J",
"R547549",,,"4628 COLLINS ST, ROUND ROCK, TX  78681","C652 - GARDENS AT MAYFIELD CONDOS, UNIT 910, 0.833% COMMON AREA INTEREST, 0.1324 AC","RAMAKRISHNAN RAMAN & SAVITHA SUNDARAM TRUSTEES SAVITHA RAMAN FAMILY TRUST",
"R372872",,,"6026 ALMELO DR, ROUND ROCK, TX  78681","CAT HOLLOW SEC A PH 5, BLOCK E, LOT 25","GODBOLE, DEVENDRA (TOD) & RANJANA (TOD)",
"R650318",,,"2307 CANTATA CV, ROUND ROCK, TX  78681","S13315 - SAULS RANCH EAST, BLOCK E, Lot 28","SHARMA, ABHINAV & CHANDNI PANDEY",
"R405398",,,"3203 WHISPERING WOODS CT, ROUND ROCK, TX  78681","S7555 - Behrens Ranch Ph B Sec 1, BLOCK E, Lot 50","TELANG, ANSHU DEEPAK & ANKUSH AGARWAL",
"R479602",,,"3532 ALEXANDRITE WAY, ROUND ROCK, TX  78681","S9060 - WALSH RANCH SEC 3, BLOCK B, Lot 15","DHARAMPURIA, KALPESH & REENA",
"R650316",,,"2315 CANTATA CV, ROUND ROCK, TX  78681","S13315 - SAULS RANCH EAST, BLOCK E, Lot 26","PARIMI, SANDEEP & USHA PALLAVI DUDDU",
"R581803",,,"849 WHITETAIL DR, ROUND ROCK, TX  78681","S12035 - HIGHLANDS AT MAYFIELD RANCH SEC 10A, BLOCK T, Lot 11","DURAISAMY, HARIHARASUDHAN & DHARANI ARUMUGAM",
"R597997",,,"3809 SIR NOAH TUCKER DR, ROUND ROCK, TX  78681","S12379 - HIGHLANDS AT MAYFIELD RANCH SEC 14, BLOCK R, Lot 27","JANAKIRAMAN, PRABHU & DEEPA MURTHY",
"R501704",,,"2617 DALEA ST, ROUND ROCK, TX  78681","S9835 - BEHRENS RANCH PH D SEC 6, BLOCK G, Lot 5","SAANI, RAM MOHAN & REKHA SUDHA",
"R423306",,,"8200 CAMPECHE BAY PL, ROUND ROCK, TX  78681","S8021 - Cat Hollow Sec B, BLOCK D, Lot 27","THIVAKARAN, MAHENDRAN & JOTHIKA",
"R466774",,,"2632 SALORN WAY, ROUND ROCK, TX  78681","S8781 - BEHRENS RANCH PH E SEC 1, BLOCK A, Lot 23","SHARMA, TARUN & MAYURA DESHMUKH",
"R479814",,,"3600 AQUAMARINE DR, ROUND ROCK, TX  78681","S9108 - WALSH RANCH SEC 1, BLOCK E, Lot 14","KULKARNI, YOGESH & MEDHA",
"R533260",,,"129 GENNAKER DR, ROUND ROCK, TX  78681","S10763 - HIGHLAND HORIZON PH 3, BLOCK B, Lot 22, ACRES 0.14","SRIVASTAVA, SOURABH & PRAGYA",
"R554827",,,"7220 WYOMING SPRINGS DR, UNIT #1003, ROUND ROCK, TX  78681","C638 - ROCKWELL VILLAGE CONDO, BUILDING 10, UNIT 1003, 1.887% COMMON AREA INTEREST","RAMASAMY, SITHAMBARAM",
"R497829",,,"2847 NOLINA LN, ROUND ROCK, TX  78681","S9743 - BEHRENS RANCH PH D SEC 4, BLOCK D, Lot 3","DANDEKAR, MEGHANA SHREE",
"R372979",,,"6022 RONCHAMPS DR, ROUND ROCK, TX  78681","S6705 - Cat Hollow Sec A Ph 4, BLOCK M, Lot 88","KUMARASWAMY, SELVANATHAN & YAMUNALINIE PATHMANATHAN",
"R587573",,,"2505 SOPRANO WAY, ROUND ROCK, TX  78681","S12126 - HAIRY MAN PH 1, BLOCK D, Lot 5","BHAVSAR & APURVA WAVHAL, SAGAR",
"R415888",,,"4404 CIERNE CV, ROUND ROCK, TX  78681","S7769 - Sendero Springs Sec 1, BLOCK K, Lot 121","VADIVEL, HARIPRASAD (RS) & PRAGATHI KUMAR (RS)",
"R414217",,,"3314 TEXANA CT, ROUND ROCK, TX  78681","S7833 - Behrens Ranch Ph B Sec 3, BLOCK E, Lot 32","PATEL, ANUJ ALKESHBHAI & HIMALI DESAI",
"R511304",,,"100 W ADELANTA PL, ROUND ROCK, TX  78681","S10107 - SENDERO SPRINGS SEC 6, BLOCK B, Lot 2, ACRES 0.187","NARASIMHAN, ADITYA KRISHNAN & SAMAYA",
"R414370",,,"2711 VAQUERA CT, ROUND ROCK, TX  78681","S7804 - Wood Glen Sec 4 Ph 2, BLOCK H, Lot 13","KOTASTHANE, KOTASTHANE (TOD)",
"R478532",,,"3221 MAYFIELD RANCH CV, ROUND ROCK, TX  78681","S9151 - MAYFIELD RANCH ENCLAVE PH 1, Lot 6","NAGARAJ, CHETAN THATHA & FNU PRIYANKA VENKATESH",
"R448265",,,"3700 CERULEAN WAY, ROUND ROCK, TX  78681","S8441 - MAYFIELD RANCH SEC 5, BLOCK S, Lot 23","KULKARNI, PARAG D & HIMANI",
"R587584",,,"2524 SOPRANO WAY, ROUND ROCK, TX  78681","S12126 - HAIRY MAN PH 1, BLOCK D, Lot 16","SETHURAMAN, SWAMINATHAN & SOUNDARYALAKSHMI SUNDARARA",
"R511290",,,"216 E ADELANTA PL, ROUND ROCK, TX  78681","S10107 - SENDERO SPRINGS SEC 6, BLOCK A, Lot 15, ACRES 0.273","AKBAR, SHADAB & AFSHAN R",
"R479844",,,"3413 CITRINE PL, ROUND ROCK, TX  78681","S9108 - WALSH RANCH SEC 1, BLOCK F, Lot 17","RANABIJULI, PRASHANTA K",
"R487175",,,"3513 CHALKSTONE LN, ROUND ROCK, TX  78681","S9339 - VILLAGE AT MAYFIELD RANCH PH 5, BLOCK G, Lot 18","KISHORE, SAURABH & DIKSHA GARG",
"R441192",,,"4024 ENCHANTED ROCK CV, ROUND ROCK, TX  78681","S8246 - Preserve At Stone Oak Ph 4 Sec 1, BLOCK AA, Lot 32","MISHRA, LOKESH & DEEPIKA SHARMA",
"R475460",,,"3952 SAPPHIRE LOOP, ROUND ROCK, TX  78681","S9099 - MAYFIELD RANCH SEC 9, BLOCK A, Lot 35","DESAI, DHAVAL & PRACHI",
"R462235",,,"4005 COLINA CV, ROUND ROCK, TX  78681","S8691 - SENDERO SPRINGS SEC 3, BLOCK C, Lot 11","GOPALAN, SIVARAJA & PRABHA BALASUBRAMANIAN",
"R361359",,,"4103 SPRINGWILLOW LN, ROUND ROCK, TX  78681","S6279 - Vista Oaks Sec 2b Amending Plat, Lot 17","CHAKKUMCAL, SOUMYA & AJO",
"R358319",,,"7005 ALBACETE LN, ROUND ROCK, TX  78681","S6331 - Cat Hollow Sec A Ph 2, BLOCK H, Lot 19","VIDYADHAR, SANJAY & ANITHA CHANDRAN",
"R358359",,,"16707 MARSALA SPRINGS DR, ROUND ROCK, TX  78681","S6331 - Cat Hollow Sec A Ph 2, BLOCK J, Lot 9","KRISHNAMURTHY, RAMAPRIYA & PADMAVATHI RAMACHANDRAN",
"R520568",,,"433 CASCADA LN, ROUND ROCK, TX  78681","S10365 - SENDERO SPRINGS SEC 7, BLOCK R, Lot 18","CHITNIS, VENKATESH D & TEJASWINI PUROHIT",
"R535587",,,"3937 COLE VALLEY LN, ROUND ROCK, TX  78681","S10797 - HIGHLANDS AT MAYFIELD RANCH SEC 7, BLOCK DD, Lot 13","SHRESTHA, SUMAN C & NAMRATA",
"R487171",,,"3570 DOLOMITE TRL, ROUND ROCK, TX  78681","S9339 - VILLAGE AT MAYFIELD RANCH PH 5, BLOCK G, Lot 5","THAMPY SUSHIL & THAMPY DEEPTY TRUSTEES OF THAMPY LIVING TRUST",
"R372996",,,"16513 AVARANCHE WAY, ROUND ROCK, TX  78681","S6705 - Cat Hollow Sec A Ph 4, BLOCK O, Lot 6","YEOLE, ASHISH & ANISHA SINNARKAR",
"R650771",,,"2605 SAM BASS RD, UNIT #88, ROUND ROCK, TX  78681","C793 - CLEAR CREEK RANCH CONDO, UNIT 88, 0.90% COMMON AREA INTEREST","ACHARYA, UDAY & BHUMIKA UDAY",
"R650303",,,"2316 CANTATA CV, ROUND ROCK, TX  78681","S13315 - SAULS RANCH EAST, BLOCK E, Lot 13","AGGARWAL, DEEPTI & PRAKARAM JOSHI",
"R498472",,,"3004 WOOD SPRINGS LN, ROUND ROCK, TX  78681","S9758 - ARBOR PLACE PH 1, BLOCK F, Lot 2","OOMMEN, TINU & SAM MATHEW",
"R496393",,,"3509 AQUAMARINE DR, ROUND ROCK, TX  78681","S9618 - WALSH RANCH SEC 4, BLOCK H, Lot 8","PARUCHURI, PHANISREE & RAMAKRISHNA M NALLAM",
"R405412",,,"2304 MASONWOOD WAY, ROUND ROCK, TX  78681","S7555 - Behrens Ranch Ph B Sec 1, BLOCK E, Lot 64","THIMMACHARY, MANJUNATH BANGALORE & SARASWATHY NEELAKANTA",
"R650299",,,"2300 CANTATA CV, ROUND ROCK, TX  78681","S13315 - SAULS RANCH EAST, BLOCK E, Lot 9","SINGLA, ABHIMANYU & SUCHETA SHARMA",
"R059288",,,"1001 GREAT OAKS CV, ROUND ROCK, TX  78681","S3258 - Brushy Creek Sec 1 (or South), BLOCK 11, Lot 5","LAKSHMINARAYANAN, NISHANTH",
"R547510",,,"3842 CHANCE LOOP, ROUND ROCK, TX  78681","C652 - GARDENS AT MAYFIELD CONDOS, UNIT 704, 0.833% COMMON AREA INTEREST, 0.2209 AC","PALETY, VENKATA BADARINADH & ANURADHA",
"R587550",,,"1607 REPRISE BND, ROUND ROCK, TX  78681","S12126 - HAIRY MAN PH 1, BLOCK C, Lot 2","SHARMA, DEBARSHI (TOD) & PINKUMONI (TOD)",
"R487966",,,"2674 MIRASOL LOOP, ROUND ROCK, TX  78681","S9439 - BEHRENS RANCH PH F SEC 2, BLOCK C, Lot 32","VISWANATHAN, ASWATHRAM & SNEHA SANKAR",
"R597378",,,"1311 OVERTURE PL, ROUND ROCK, TX  78681","S12337 - HAIRY MAN PH 2, BLOCK A, Lot 3","CHOUDHARY, ANKUR & SWATI SHARMA",
"R460797",,,"3516 SHELLCASTLE LN, ROUND ROCK, TX  78681","S8720 - VILLAGE AT MAYFIELD RANCH PH 3, BLOCK G, Lot 10","MANI, BIJOY",
"R547505",,,"4721 COLLINS ST, ROUND ROCK, TX  78681","C652 - GARDENS AT MAYFIELD CONDOS, UNIT 615, 0.833% COMMON AREA INTEREST, 0.1355 AC","SAHA, RUMEL",
"R060869",,,"1502 ROUNDUP TRL, ROUND ROCK, TX  78681","CHISHOLM VALLEY SEC 4, BLOCK K, LOT 32","DE SILVA, PAVITHRA MODITHA",
"R423888",,,"3669 SPRING CANYON TRL, ROUND ROCK, TX  78681","S7949 - Preserve At Stone Oak Ph 3 Sec 3, BLOCK P, Lot 1","VENKATESH RAMAMOORTHY & GAYATHRI DHANDAPANI TRS VRGD FAMILY REVOCABLE TRUST",
"R650208",,,"1435 CARDINAL LN, ROUND ROCK, TX  78681","S13315 - SAULS RANCH EAST, BLOCK A, Lot 4","RAGHU GANDHI & AASTHA CHAUHAN TRS AR GANDHI FAMILY REVOCABLE LIVING TRUST",
"R650434",,,"2225 SARABANDA ST, ROUND ROCK, TX  78681","S13315 - SAULS RANCH EAST, BLOCK G, Lot 7","SHETTY, KUNAL & JAHNAVI DEVIREDDY",
"R415865",,,"3102 CANTERA CT, ROUND ROCK, TX  78681","S7769 - Sendero Springs Sec 1, BLOCK K, Lot 98","CHAWLA, VISHAL & GEETU MANWANI",
"R374728",,,"4033 BARLOW DR, ROUND ROCK, TX  78681","S6801 - Cat Hollow Sec C Ph 1, BLOCK A, Lot 1","SUKHATANKAR, NETRA L & LAXMIKANT M",
"R650362",,,"2204 SARABANDA ST, ROUND ROCK, TX  78681","S13315 - SAULS RANCH EAST, BLOCK E, Lot 72","PATEL, ATIT AJAY & PUSHPAM BAWEJA",
"R466850",,,"2659 SALORN WAY, ROUND ROCK, TX  78681","S8855 - BEHRENS RANCH PH E SEC 2, BLOCK B, Lot 2","SUBRAMANIAN, KAMALABASKARAN",
"R479881",,,"3625 AQUAMARINE DR, ROUND ROCK, TX  78681","S9108 - WALSH RANCH SEC 1, BLOCK I, Lot 5","AHUJA, GIRISH & SUNAINA SETHI",
"R563852",,,"3617 KYLER GLEN CV, ROUND ROCK, TX  78681","S11579 - HIGHLANDS AT MAYFIELD RANCH SEC 4B, BLOCK G, Lot 42","DEEPTI, FNU SUNKU LEELA",
"R372887",,,"7018 EVANS DR, ROUND ROCK, TX  78681","S6707 - Cat Hollow Sec A Ph 5, BLOCK F, Lot 8","MADHU, MAHESH (TOD) & SOWMYA MAHESH (TOD)",
"R479810",,,"3616 AQUAMARINE DR, ROUND ROCK, TX  78681","S9108 - WALSH RANCH SEC 1, BLOCK E, Lot 10","PULLAKHANDAM, KALYANI & HARI",
"R479849",,,"3904 WALSH RANCH BLVD, ROUND ROCK, TX  78681","S9108 - WALSH RANCH SEC 1, BLOCK F, Lot 22","MULA, PAVAN R & SAI K",
"R460898",,,"4205 ANGELICO LN, ROUND ROCK, TX  78681","S8713 - SENDERO SPRINGS SEC 4, BLOCK N, Lot 2","GHODAKE, HEMANT M & VANITA H",
"R587602",,,"1423 ALTO LN, ROUND ROCK, TX  78681","S12126 - HAIRY MAN PH 1, BLOCK D, Lot 34","JAYAKUMAR MADHAN PRABHU & MAMATA MARIYAPPA",
"R587601",,,"1616 REPRISE BND, ROUND ROCK, TX  78681","S12126 - HAIRY MAN PH 1, BLOCK D, Lot 33","PUCHAKAYALA, SRI KANTH & VISHNU T REDNAM",
"R533305",,,"108 BINNACLE DR, ROUND ROCK, TX  78681","S10763 - HIGHLAND HORIZON PH 3, BLOCK D, Lot 3, ACRES 0.23","TOTTEMPUDI, DEEPAK & JYOTHIRMAYEE PARUCHURI",
"R533255",,,"109 GENNAKER DR, ROUND ROCK, TX  78681","S10763 - HIGHLAND HORIZON PH 3, BLOCK B, Lot 17, ACRES 0.17","PATHAK, NOUMIT H & MALIN N",
"R650221",,,"2611 CORTO CV, ROUND ROCK, TX  78681","S13315 - SAULS RANCH EAST, BLOCK A, Lot 17","NEERUMALLA, SANTHOSH KUMAR & MOUNIKA MANCHALA",
"R650729",,,"2605 SAM BASS RD, UNIT #46, ROUND ROCK, TX  78681","C793 - CLEAR CREEK RANCH CONDO, UNIT 46, 0.90% COMMON AREA INTEREST","CHATWAL, DHRUV",
"R587566",,,"1702 REPRISE BND, ROUND ROCK, TX  78681","S12126 - HAIRY MAN PH 1, BLOCK C, Lot 18","REDDY, ANUGU ARJUN & ROHINI REDDY MARAM",
"R448275",,,"3740 CERULEAN WAY, ROUND ROCK, TX  78681","S8441 - MAYFIELD RANCH SEC 5, BLOCK S, Lot 33","JAIN, PIYUSH (TOD) & AAKANKSHA (TOD)",
"R525252",,,"3822 SKYVIEW WAY, ROUND ROCK, TX  78681","S10549 - HIGHLANDS AT MAYFIELD RANCH SEC 1, BLOCK FF, Lot 4","BASU, AMITAVA & SUDIPTA SHOME",
"R604609",,,"7209 SHOSHONI LOOP, ROUND ROCK, TX  78681","S12477 - RESERVE AT WYOMING SPRINGS, BLOCK B, Lot 3","NANJUNDAPPA, MANOHAR REDDY & JYOTHI JANAKALOTI RAMACHANDRA REDDY",
"R390825",,,"2724 LOYAGA DR, ROUND ROCK, TX  78681","S7219 - Wood Glen Sec 4 Ph 1, BLOCK C, Lot 1","CHIPLUNKAR, KAUSTUBH & SHWETA GANGAL",
"R520573",,,"455 CASCADA LN, ROUND ROCK, TX  78681","S10365 - SENDERO SPRINGS SEC 7, BLOCK R, Lot 23","DESHMUKH, DUSHYANT",
"R520636",,,"700 CASCADA LN, ROUND ROCK, TX  78681","S10365 - SENDERO SPRINGS SEC 7, BLOCK S, Lot 35","TOTAPALLY, VIJAYA KUMAR SHARMA",
"R482857",,,"2516 MIRASOL LOOP, ROUND ROCK, TX  78681","S9281 - BEHRENS RANCH PH F SEC 1, BLOCK C, Lot 13","BOPPANA, SUDDHA & SUPOSH DANDAMUDI",
"R511354",,,"116 E ADELANTA PL, ROUND ROCK, TX  78681","S10107 - SENDERO SPRINGS SEC 6, BLOCK C, Lot 5, ACRES 0.166","TATITURI, RAJA SEKHAR",
"R087450",,,"2117 SPRING HOLLOW PATH, ROUND ROCK, TX  78681","OAKLANDS THE SEC 1-A, BLOCK A, LOT 2","MUSHTAQ, AMER",
"R391273",,,"8406 LOFTY LN, ROUND ROCK, TX  78681","S7136 - Stone Canyon Sec 8b, BLOCK Q, Lot 23","ANNAMALAI, PARI N & THENAMMAI S",
"R393867",,,"3579 ROCK SHELF LN, ROUND ROCK, TX  78681","S7285 - Preserve At Stone Oak Ph 1 Sec 4, BLOCK I, Lot 20","AHMED, SHAHAWAZ & MARYAM MALIK",
"R483788",,,"2985 AGAVE LOOP, ROUND ROCK, TX  78681","S9294 - BEHRENS RANCH PH D SEC 3B, BLOCK B, Lot 10","PERIASAMY, MANIKANDA P & CATHERINE S FRANCIS",
"R587519",,,"2417 SOPRANO WAY, ROUND ROCK, TX  78681","S12126 - HAIRY MAN PH 1, BLOCK A, Lot 8","SNIGDHA, FARHANA SHARMIN & IBRAHIM AHMED",
"R032671",,,"4703 SAM BASS RD, ROUND ROCK, TX  78681","S6854 - Brushy Bend Park Sec 2 Ph 2 (replat Lts 4 & 5), Lot 4A, ACRES 4.247","GOTETI, KRISHNA",
"R597977",,,"3817 WINNIE PL, ROUND ROCK, TX  78681","S12379 - HIGHLANDS AT MAYFIELD RANCH SEC 14, BLOCK G, Lot 140","ZENDE, RAVI",
"R423728",,,"3702 CASTLE ROCK DR, ROUND ROCK, TX  78681","S7930 - Preserve At Stone Oak Ph 3 Sec 1, BLOCK W, Lot 6","MALATESHA, RATHNAKARA UDRE",
"R586857",,,"4600 ARQUES AVE, ROUND ROCK, TX  78681","S12112 - HIGHLANDS AT MAYFIELD RANCH SEC 13, BLOCK G, Lot 155","RAGHU R RAVURI MR TR RAGHU R & GAGAN C RAVURI TRUST",
"R511289",,,"220 E ADELANTA PL, ROUND ROCK, TX  78681","S10107 - SENDERO SPRINGS SEC 6, BLOCK A, Lot 14, ACRES 0.213","BADRI, SREENIVAS",
"R318317",,,"4054 HONEY BEAR LOOP, ROUND ROCK, TX  78681","VISTA OAKS REV 1A & 1B, BLOCK I, LOT 11","UMAPATHY, AISHWARYA & SURYA KUMAR SELVAM",
"R600403",,,"4336 MAYFIELD RANCH BLVD, ROUND ROCK, TX  78681","S12403 - HIGHLANDS AT MAYFIELD RANCH SEC 11, BLOCK U, Lot 13","MATHAPATI, MADAYYA SACHIN",
"R423275",,,"3111 AQUILA CT, ROUND ROCK, TX  78681","S8021 - Cat Hollow Sec B, BLOCK C, Lot 16","SARAF, ANUPAMA",
"R496383",,,"3917 ALABASTER CV, ROUND ROCK, TX  78681","S9618 - WALSH RANCH SEC 4, BLOCK G, Lot 16","DIWADKAR, SHOBHA MILIND & MILIND",
"R533271",,,"217 GENNAKER DR, ROUND ROCK, TX  78681","S10763 - HIGHLAND HORIZON PH 3, BLOCK B, Lot 33, ACRES 0.14","SIRIVELLA, SUJAN VIJAY ANAND (TOD) & FLAVIA SOWJANYA SUDHA (TOD)",
"R440800",,,"3200 RANCH PARK TRL, ROUND ROCK, TX  78681","S8265 - Behrens Ranch Ph C Sec 5, BLOCK H, Lot 42","CHATTERJEE, RAJKUMAR & ASMITA",
"R511286",,,"213 E ADELANTA PL, ROUND ROCK, TX  78681","S10107 - SENDERO SPRINGS SEC 6, BLOCK A, Lot 11, ACRES 0.233","JAGANNATHAN, ARVIND & RATNAVA MOITRA",
"R302320",,,"2314 FALCON DR, ROUND ROCK, TX  78681","S4280 - Oakcreek Sec 1, BLOCK C, Lot 1, ACRES 0.177","BASSI, ANKUSH (TOD)",
"R466770",,,"2616 SALORN WAY, ROUND ROCK, TX  78681","S8781 - BEHRENS RANCH PH E SEC 1, BLOCK A, Lot 19","GEORGE, JIBY & GIJA JIBY",
"R304023",,,"17604 LAKE PINES DR, ROUND ROCK, TX  78681","S3615 - Fern Bluff Sec 3a, BLOCK B, Lot 12","SATASIA, BHAVESHKUMAR & INDU",
"R339601",,,"1934 SAVANNAH DR, ROUND ROCK, TX  78681","S6476 - Plantation Sec 2 (replat Of Blk B Lts 15-24, 26 & 27, BLOCK B, Lot 20","KAZI, AAMIR D & SAMINA A",
"R566766",,,"4200 SOMA CV, ROUND ROCK, TX  78681","S11631 - HIGHLANDS AT MAYFIELD RANCH SEC 6B, BLOCK G, Lot 64","VUDAYAGIRI, SHANTARAM & VENUMADHAVI",
"R650219",,,"2619 CORTO CV, ROUND ROCK, TX  78681","S13315 - SAULS RANCH EAST, BLOCK A, Lot 15","KOTIPALLI, SIVA PAVAN KUMAR & SHARMILA",
"R487961",,,"2694 MIRASOL LOOP, ROUND ROCK, TX  78681","S9439 - BEHRENS RANCH PH F SEC 2, BLOCK C, Lot 27","IYER, HARIPRASAD & LALITHA JANARDHANAN",
"R400056",,,"7303 W MAGIC MTN LN, ROUND ROCK, TX  78681","S7538 - Stone Canyon Sec 7c Amended, BLOCK J, Lot 5","SHARMA, SANJAY & KIRAN",
"R586880",,,"711 WHITETAIL DR, ROUND ROCK, TX  78681","S12112 - HIGHLANDS AT MAYFIELD RANCH SEC 13, BLOCK Q, Lot 23","BANDI, ARAVINDER REDDY",
"R370130",,,"4222 KINGSBURG DR, ROUND ROCK, TX  78681","S6617 - Vista Oaks Sec 6a, BLOCK E, Lot 9","BANERJEE, ARIJIT & NATASHA",
"R547548",,,"4624 COLLINS ST, ROUND ROCK, TX  78681","C652 - GARDENS AT MAYFIELD CONDOS, UNIT 909, 0.833% COMMON AREA INTEREST, 0.1102 AC","KOLLA, PAVAN",
"R587545",,,"1537 REPRISE BND, ROUND ROCK, TX  78681","S12126 - HAIRY MAN PH 1, BLOCK B, Lot 25","JAGTAP, SHAILAJA ARVIND",
"R520571",,,"445 CASCADA LN, ROUND ROCK, TX  78681","S10365 - SENDERO SPRINGS SEC 7, BLOCK R, Lot 21","PAPUDIPPU, SREEDHAR R & SWATHI R CHERUKUMULINTI",
"R520576",,,"509 CASCADA LN, ROUND ROCK, TX  78681","S10365 - SENDERO SPRINGS SEC 7, BLOCK R, Lot 26","GARG, ARVIND KUMAR",
"R424326",,,"4400 PASADA LN, ROUND ROCK, TX  78681","S8049 - Sendero Springs Sec 2, BLOCK K, Lot 60","VAVADIYA, JIGNESH K & RASHMI",
"R452411",,,"1120 NATIVE GARDEN CV, ROUND ROCK, TX  78681","S8593 - HIDDEN GLEN PH 3B, BLOCK J, Lot 20","GANDHI, MADHAVI GODA & SUNEET DIPAK",
"R533627",,,"3451 MAYFIELD RANCH BLVD, UNIT #353, ROUND ROCK, TX  78681","C622 - PRESERVE AT MAYFIELD RANCH CONDO, UNIT 353, 0.641% COMMON AREA INTEREST","VARATHARAJ, NARENDRAN & GAYATHRI KRISHNAMOORTHY",
"R533273",,,"301 GENNAKER DR, ROUND ROCK, TX  78681","S10763 - HIGHLAND HORIZON PH 3, BLOCK B, Lot 35, ACRES 0.14","JOSHI, AMIT K & CHITRALEKHA R",
"R650296",,,"2309 BANDA BND, ROUND ROCK, TX  78681","S13315 - SAULS RANCH EAST, BLOCK E, Lot 6","DESAI, SAVITA & GIRISH DALVI",
"R650769",,,"2605 SAM BASS RD, UNIT #86, ROUND ROCK, TX  78681","C793 - CLEAR CREEK RANCH CONDO, UNIT 86, 0.90% COMMON AREA INTEREST","ELANGO, KAMESH & KALPANA JAYAPAL",
"R511359",,,"120 BRISA BEND WAY, ROUND ROCK, TX  78681","S10107 - SENDERO SPRINGS SEC 6, BLOCK C, Lot 10, ACRES 0.159","KALRA, MANISH",
"R452388",,,"1110 HIDDEN GLEN DR, ROUND ROCK, TX  78681","HIDDEN GLEN PH 3B, BLOCK I, Lot 35","PATEL, KALPESH S & BIJAL",
"R459323",,,"3781 FOSSILWOOD WAY, ROUND ROCK, TX  78681","S8711 - VILLAGE AT MAYFIELD RANCH PH 4, BLOCK B, Lot 5","VADDADI SATISH KUMAR & SUJINI KUMARI BEJAWADA",
"R479839",,,"3505 CITRINE PL, ROUND ROCK, TX  78681","S9108 - WALSH RANCH SEC 1, BLOCK F, Lot 12","VELLORE BASKER, SRIDHAR & DHAYALAN, PAPITHA",
"R423197",,,"8306 CAMPECHE BAY PL, ROUND ROCK, TX  78681","S8021 - Cat Hollow Sec B, BLOCK B, Lot 53","MAHAMBARE, YESHWANT (TOD) & ANAGHA (TOD)",
"R358418",,,"16628 MALAGA HILLS DR, ROUND ROCK, TX  78681","S6332 - Cat Hollow Sec A Ph 3, BLOCK B, Lot 20","RAMAN, VIJAY & ADITI KRISHNA PRASAD",
"R440780",,,"3320 RANCH PARK TRL, ROUND ROCK, TX  78681","S8265 - Behrens Ranch Ph C Sec 5, BLOCK H, Lot 22","DABIRU, SATYA SRINIVAS",
"R498450",,,"3017 MIDWOOD LN, ROUND ROCK, TX  78681","S9758 - ARBOR PLACE PH 1, BLOCK D, Lot 12","MITTAL, VISHAL & RITU JINDAL",
"R587585",,,"2520 SOPRANO WAY, ROUND ROCK, TX  78681","S12126 - HAIRY MAN PH 1, BLOCK D, Lot 17","GURU, SOWMYANARAYANAN SOUNDARARAJAN & GAYATHRE KANNAN",
"R483862",,,"2933 PORTULACA DR, ROUND ROCK, TX  78681","S9295 - BEHRENS RANCH PH D SEC 5, BLOCK B, Lot 54","SANGHVI, TEJAS & KILLOL SHAH",
"R460846",,,"4300 ANGELICO LN, ROUND ROCK, TX  78681","S8713 - SENDERO SPRINGS SEC 4, BLOCK I, Lot 7","SOORIANARAYANAN, RAGHUNANDH & RAMYA VENKATARAMAN",
"R059032",,,"506 STONEBRIDGE DR, ROUND ROCK, TX  78681","S3258 - Brushy Creek Sec 1 (or South), BLOCK 1, Lot 4","SHROFF, CHIRAG H & ANISHA",
"R604594",,,"7817 PINEDALE CV, ROUND ROCK, TX  78681","S12477 - RESERVE AT WYOMING SPRINGS, BLOCK A, Lot 18","JEYARAJAGOPAL, JAYAKUMAR & JANAKI VADIVU GANDHI",
"R087673",,,"703 OAKLANDS DR, ROUND ROCK, TX  78681","OAKLANDS THE SEC 1-A, BLOCK H, LOT 51","ELANGOVAN, RAJDURAI & RIZWANA BEGUM RAJDURAI",
"R650706",,,"2605 SAM BASS RD, UNIT #23, ROUND ROCK, TX  78681","C793 - CLEAR CREEK RANCH CONDO, UNIT 23, 0.90% COMMON AREA INTEREST","GUPTA, SHOBHA",
"R604622",,,"7204 SHOSHONI LOOP, ROUND ROCK, TX  78681","S12477 - RESERVE AT WYOMING SPRINGS, BLOCK C, Lot 2","UPPALA, VENKAT REDDY & SOWMYA KETHIREDDY",
"R405382",,,"2413 ARBOR DR, ROUND ROCK, TX  78681","S7555 - Behrens Ranch Ph B Sec 1, BLOCK D, Lot 22","RAMA, HITESH",
"R399916",,,"16536 AVARANCHE WAY, ROUND ROCK, TX  78681","S7304 - Cat Hollow Sec A Ph 6, BLOCK Q, Lot 14","NAIR, SUNIL & SHILPA",
"R431941",,,"3829 DERBY TRL, ROUND ROCK, TX  78681","S8188 - Mayfield Ranch Sec 1, BLOCK J, Lot 8","RAVEENDRAN SUBBIAH & MAREESWARI SENGIAH CO TRS RAVEENDRAN LIVING TRUST",
"R520618",,,"520 CASCADA LN, ROUND ROCK, TX  78681","S10365 - SENDERO SPRINGS SEC 7, BLOCK S, Lot 17","SIDDAMURTHY, MANJESH",
"P518418",,,"2000 IH 35 #G1, ROUND ROCK, TX  78681","BUSINESS PERSONAL PROPERTY @ 2000 S IH 35 #G1","BANGALORE TIFFIN ROOM INDIAN CUISINE",
"P510845",,,"2800 S IH 35 #180-15, ROUND ROCK, TX  78681","BUSINESS PERSONAL PROPERTY @ 2800 S IH 35 #180-15","MEH KANWAL",
"P503056",,,"130 SUNDANCE PKWY #100, ROUND ROCK, TX  78681","BUSINESS PERSONAL PROPERTY @ 130 SUNDANCE PKWY STE 100","MAN PASAND SUPERMARKET",
