"PROPERTY ID","ACCOUNT","OWNER NAME","OWNER ADDRESS","SITUS ADDRESS","LEGAL DESCRIPTION","NEIGHBORHOOD CODE","ABSTRACT","SUBDIVISION","PROPERTY TYPE","2026 ASSESSED VALUE","2026 MARKET VALUE"
"R402882","R-17-W308-810E-0008-0008","CHEW, JOSEPH A & COURTNEY M CHAN","14428 MOWSBURY DR  AUSTIN, TX 78717","14428 MOWSBURY DR, AUSTIN, TX  78717","S7489 - Avery Ranch West Ph 1, BLOCK E, Lot 8","L591503E"," ","S7489 - Avery Ranch West Ph 1","Real","$398,548","$398,548"
"R424636","R-17-W308-111V-0027-0008","RAMACHANDRAN, RAKESH (TOD)","4512 THREE ARROWS CT  CEDAR PARK, TX 78613-4838","11321 FLETCHER HALL LN, AUSTIN, TX  78717","S8039 - Avery Ranch Far West Ph 1 Sec 1, BLOCK V, Lot 27","L591503E"," ","S8039 - Avery Ranch Far West Ph 1 Sec 1","Real","$435,088","$435,088"
"R411382","R-17-W308-820H-0051-0008","HOXWORTH, ERIC P & GINGER","15000 BANBRIDGE TRL  AUSTIN, TX 78717","15000 BANBRIDGE TRL, AUSTIN, TX  78717","S7715 - Avery Ranch West Ph 2, BLOCK H, Lot 51","L591503E"," ","S7715 - Avery Ranch West Ph 2","Real","$632,325","$632,325"
"R424590","R-17-W308-111U-0009-0008","COLLIER, KERRIE","11304 HATTERY LN  AUSTIN, TX 78717","11304 HATTERY LN, AUSTIN, TX  78717","S8039 - Avery Ranch Far West Ph 1 Sec 1, BLOCK U, Lot 9","L591503E"," ","S8039 - Avery Ranch Far West Ph 1 Sec 1","Real","$510,179","$510,179"
"R424613","R-17-W308-111V-0004-0008","WANG, DANIEL & KYLEEN CHEN","9625 BRIANS PATH  AUSTIN, TX 78717","11312 CONCHOS RIVER TR, AUSTIN, TX  78717","S8039 - Avery Ranch Far West Ph 1 Sec 1, BLOCK V, Lot 4","L591503E"," ","S8039 - Avery Ranch Far West Ph 1 Sec 1","Real","$475,817","$475,817"
"R514599","R-17-W308-134D-0023-0008","FENG MENG & CHUNMEI LI TRS FENG MENG & CHUNMEI LI FAMILY TRUST","853 POLARIS AVE  FOSTER CITY, CA 94404","13720 LOLETA WAY, AUSTIN, TX  78717","S10209 - AVERY RANCH FAR WEST PH 3 SEC 4, BLOCK D, Lot 23, ACRES 0.174","L591503E"," ","S10209 - AVERY RANCH FAR WEST PH 3 SEC 4","Real","$517,315","$517,315"
"R411313","R-17-W308-820C-0016-0008","CHUNG CHI LEUNG & CHAN CHOI CHUN J TRUSTEES OF CHI LEUNG CHUNG & CHOI CHUN J CHA","10733 CULBERTSON DR  CUPERTINO, CA 95014","14305 MOWSBURY DR, AUSTIN, TX  78717","S7715 - Avery Ranch West Ph 2, BLOCK C, Lot 16","L591503E"," ","S7715 - Avery Ranch West Ph 2","Real","$468,652","$468,652"
"R441871","R-17-W308-113A-A010-0008","SARKISSOVA, IRYNA","50 SIERRA VISTA AVE APT 117 MOUNTAIN VIEW, CA 94043-4484","14812 MISTLETOE HEIGHTS DR, AUSTIN, TX  78717","S8244 - Avery Ranch Far West Ph 1 Sec 3, BLOCK AA, Lot 10","L591503E"," ","S8244 - Avery Ranch Far West Ph 1 Sec 3","Real","$433,845","$433,845"
"R441971","R-17-W308-114B-B015-0008","LI, SEN & BIYUN ZHOU","1320 CASSIOPEIA WAY  AUSTIN, TX 78732","11209 DODGE CATTLE DR, AUSTIN, TX  78717","S8285 - Avery Ranch Far West Ph 1 Sec 4, BLOCK BB, Lot 15","L591503E"," ","S8285 - Avery Ranch Far West Ph 1 Sec 4","Real","$468,053","$468,053"
"R441994","R-17-W308-114C-0061-0008","LIU, CHENGWEN & HAN LIAO","109 BEARING CV AUSTIN, TX 78717-4941","10905 DODGE CATTLE DR, AUSTIN, TX  78717","S8285 - Avery Ranch Far West Ph 1 Sec 4, BLOCK C, Lot 61","L591503E"," ","S8285 - Avery Ranch Far West Ph 1 Sec 4","Real","$448,939","$448,939"
"R442017","R-17-W308-114C-C010-0008","WALTERS, CHAD R & SARAH M","10912 CRAZY WELL DR AUSTIN, TX 78717-4598","10912 CRAZY WELL DR, AUSTIN, TX  78717","S8285 - Avery Ranch Far West Ph 1 Sec 4, BLOCK CC, Lot 10","L591503E"," ","S8285 - Avery Ranch Far West Ph 1 Sec 4","Real","$510,852","$510,852"
"R466075","R-17-W308-115Q-0015-0008","BHARGAVA, AMAN & NEHA","11608 MCDOWS HOLE LN  AUSTIN, TX 78717-4696","11608 MC DOWS HOLE LN, AUSTIN, TX  78717","S8768 - AVERY RANCH FAR WEST PH 1 SEC 5, BLOCK Q, Lot 15","L591503E"," ","S8768 - AVERY RANCH FAR WEST PH 1 SEC 5","Real","$511,035","$511,035"
"R507165","R-17-W308-132A-0004-0008","LAI, ZHANYU","13933 TURKEY HOLLOW TRL  AUSTIN, TX 78717-4863","13933 TURKEY HOLLOW TRL, AUSTIN, TX  78717","S10030 - AVERY RANCH FAR WEST PH 3 SEC 2, BLOCK A, Lot 4, ACRES 0.162","L591503E"," ","S10030 - AVERY RANCH FAR WEST PH 3 SEC 2","Real","$460,214","$460,214"
"R525339","R-17-W308-135A-H013","FAZIO, ELIZABETH","11620 SEWICKLEY CT  AUSTIN, TX 78717","11620 SEWICKLEY CT, AUSTIN, TX  78717","S10994 - AVERY RANCH FAR WEST PH 3 SEC 5 & 5-A (AMD), BLOCK H, Lot 13A","L591503E"," ","S10994 - AVERY RANCH FAR WEST PH 3 SEC 5 & 5-A (AMD)","Real","$516,380","$516,380"
"R402888","R-17-W308-810E-0014-0008","KARUMANCHI, PRAVEENA & KALPANA DODDAM","7908 NASHFARA CV  AUSTIN, TX 78759","14520 MOWSBURY DR, AUSTIN, TX  78717","S7489 - Avery Ranch West Ph 1, BLOCK E, Lot 14","L591503E"," ","S7489 - Avery Ranch West Ph 1","Real","$387,748","$387,748"
"R411336","R-17-W308-820F-0006-0008","KHORSANDIAN, TRUDI D","11956 BERNARDO PLAZA DR   151 SAN DIEGO, CA 92128","14501 WHARTON PARK TRL, AUSTIN, TX  78717","S7715 - Avery Ranch West Ph 2, BLOCK F, Lot 6","L591503E"," ","S7715 - Avery Ranch West Ph 2","Real","$505,165","$505,165"
"R411359","R-17-W308-820G-0031-0008","GONZALEZ CARBALLO, GUILLERMO & MARIELA GATELL FLORES","10737 QUARRY OAKS TRL  AUSTIN, TX 78717-4437","10737 QUARRY OAKS TRL, AUSTIN, TX  78717","S7715 - Avery Ranch West Ph 2, BLOCK G, Lot 31","L591503E"," ","S7715 - Avery Ranch West Ph 2","Real","$643,012","$643,012"
"R411399","R-17-W308-820H-0073-0008","WALTER GEORGE M & FAYE M TRUSTEES OF WALTER REVOCABLE TRUST","10932 QUARRY OAKS TRL AUSTIN, TX 78717-4439","10932 QUARRY OAKS TRL, AUSTIN, TX  78717","S7715 - Avery Ranch West Ph 2, BLOCK H, Lot 73","L591503E"," ","S7715 - Avery Ranch West Ph 2","Real","$576,758","$576,758"
"R411505","R-17-W308-820Q-0023-0008","QUAYLE, PETER E","106 W SHORE DR LAKE ARIEL, PA 18436-9415","10508 DUNHAM FOREST RD, AUSTIN, TX  78717","S7715 - Avery Ranch West Ph 2, BLOCK Q, Lot 23","L591503E"," ","S7715 - Avery Ranch West Ph 2","Real","$437,075","$437,075"
"R424653","R-17-W308-112R-0016-0008","TRRPABAEEK LLC AEB STKPL SERIES","10917 ROY BUTLER  AUSTIN, TX 78717","11508 STAKED PLAINS DR, UNIT #5, AUSTIN, TX  78717","S8057 - Avery Ranch Far West Ph 1 Sec 2, BLOCK R, Lot 16","L591503E"," ","S8057 - Avery Ranch Far West Ph 1 Sec 2","Real","$514,752","$514,752"
"R424659","R-17-W308-112W-0002-0008","GOKHALE, & BHAKTI S SANAP","10507 SCOTLAND WELL DR  AUSTIN, TX 78750-3444","11712 FLETCHER HALL LN, AUSTIN, TX  78717","S8057 - Avery Ranch Far West Ph 1 Sec 2, BLOCK W, Lot 2","L591503E"," ","S8057 - Avery Ranch Far West Ph 1 Sec 2","Real","$604,645","$604,645"
"R442057","R-17-W308-114F-F012-0008","POWER, JEFF & CARLA","11101 LOS COMANCHEROS RD  AUSTIN, TX 78717","11101 LOS COMANCHEROS RD, AUSTIN, TX  78717","S8285 - Avery Ranch Far West Ph 1 Sec 4, BLOCK FF, Lot 12","L591503E"," ","S8285 - Avery Ranch Far West Ph 1 Sec 4","Real","$514,818","$514,818"
"R455516","R-17-W311-800B-0040-0008","AVERY RANCH OWNERS ASSOCIATION INC","9601 AMBERGLEN BLVD  #STE 150 AUSTIN, TX 78729","11125 CASITAS DR, AUSTIN, TX  78717","S8794 - CASITAS AT AVERY RANCH(SECOND AMENDED PLAT), BLOCK B, Lot 40, ACRES 0.07, (LANDSCAPE)","L591503E"," ","S8794 - CASITAS AT AVERY RANCH(SECOND AMENDED PLAT)","Real","$300","$300"
"R466098","R-17-W308-115N-0014-0008","MENON, RAJESH & SUMA","14424 HOMESTEAD VILLAGE CIR AUSTIN, TX 78717-4792","14424 HOMESTEAD VILLAGE CIR, AUSTIN, TX  78717","S8768 - AVERY RANCH FAR WEST PH 1 SEC 5, BLOCK N, Lot 14","L591503E"," ","S8768 - AVERY RANCH FAR WEST PH 1 SEC 5","Real","$638,910","$638,910"
"R475253","R-17-W308-121K-0008-0008","YANG, XUECHEN  & CHUNHUA ZHAO","9709 MCKNIGHT LOOP AUSTIN, TX 78717-4668","14124 ROUNTREE RANCH LN, AUSTIN, TX  78717","S9184 - AVERY RANCH FAR WEST PH 2 SEC 1, BLOCK K, Lot 8","L591503E"," ","S9184 - AVERY RANCH FAR WEST PH 2 SEC 1","Real","$619,407","$619,407"
"R486738","R-17-W308-123E-0024-0008","LAO, JAMES HUNG (TOD) & HOLLY NGUYEN (TOD)","11213 OLD QUARRY RD  AUSTIN, TX 78717-4878","11213 OLD QUARRY RD, AUSTIN, TX  78717","S9414 - AVERY RANCH FAR WEST PH 2 SEC 3, BLOCK E, Lot 24","L591503E"," ","S9414 - AVERY RANCH FAR WEST PH 2 SEC 3","Real","$578,874","$578,874"
"R489282","R-17-W308-124B-0042-0008","RAO, RAJESH APPALA (TOD) & BABITHA GANTEELA (TOD)","14036 TURKEY HOLLOW TRL  AUSTIN, TX 78717-4892","14036 TURKEY HOLLOW TRL, AUSTIN, TX  78717","S9460 - AVERY RANCH FAR WEST PH 2 SEC 4, BLOCK B, Lot 42","L591503E"," ","S9460 - AVERY RANCH FAR WEST PH 2 SEC 4","Real","$583,858","$583,858"
"R489305","R-17-W308-124D-0018-0008","SWANSON, JACOB N & CAITLIN A","14220 CANYON TRL  AUSTIN, TX 78717","14220 CANYON TRL, AUSTIN, TX  78717","S9460 - AVERY RANCH FAR WEST PH 2 SEC 4, BLOCK D, Lot 18","L591503E"," ","S9460 - AVERY RANCH FAR WEST PH 2 SEC 4","Real","$456,688","$456,688"
"R507182","R-17-W308-132B-0012-0008","YEEM, XIAOYAN XU & STEPHEN LAI EAN","2345 MASONWOOD WAY ROUND ROCK, TX 78681-2162","11201 WYOLA BND, AUSTIN, TX  78717","S10030 - AVERY RANCH FAR WEST PH 3 SEC 2, BLOCK B, Lot 12, ACRES 0.099","L591503E"," ","S10030 - AVERY RANCH FAR WEST PH 3 SEC 2","Real","$442,326","$442,326"
"R515208","R-17-W308-1000-A105-0008","SCHLOTTBOHM, GLORIA E","13913 TURKEY HOLLOW TRL  AUSTIN, TX 78717","13913 TURKEY HOLLOW TRL, AUSTIN, TX  78717","S10225 - AVERY RANCH FAR WEST TURKEY HOLLOW TRAIL ADD, BLOCK A, Lot 105, ACRES 0.17","L591503E"," ","S10225 - AVERY RANCH FAR WEST TURKEY HOLLOW TRAIL ADD","Real","$514,956","$514,956"
"R402782","R-17-W308-810A-0018-0008","ROGERS, JANET CAROLYN","14621 SWINLEY FOREST CV AUSTIN, TX 78717-4423","14621 SWINLEY FOREST CV, AUSTIN, TX  78717","S7489 - Avery Ranch West Ph 1, BLOCK A, Lot 18","L591503E"," ","S7489 - Avery Ranch West Ph 1","Real","$435,148","$435,148"
"R402822","R-17-W308-810B-0005-0008","GARNER, TIFFANY","14405 MOWSBURY DR AUSTIN, TX 78717-4428","14405 MOWSBURY DR, AUSTIN, TX  78717","S7489 - Avery Ranch West Ph 1, BLOCK B, Lot 5","L591503E"," ","S7489 - Avery Ranch West Ph 1","Real","$407,425","$407,425"
"R402929","R-17-W308-810H-0006-0008","BOGUE, CLINT","10716 KILKEE CV  AUSTIN, TX 78717","10716 KILKEE CV, AUSTIN, TX  78717","S7489 - Avery Ranch West Ph 1, BLOCK H, Lot 6","L591503E"," ","S7489 - Avery Ranch West Ph 1","Real","$457,277","$457,277"
"R402990","R-17-W308-810L-0003-0008","ALI L H STOW & RYAN C H STOW OF ALI L H STOW & RYAN C H STOW LIVING TRUST","10207 CIENEGA CV  AUSTIN, TX 78717-5384","14609 BALLIMAMORE DR, AUSTIN, TX  78717","S7489 - Avery Ranch West Ph 1, BLOCK L, Lot 3","L591503E"," ","S7489 - Avery Ranch West Ph 1","Real","$648,470","$648,470"
"R411296","R-17-W308-820B-0033-0008","MORRIS, EMILY A & SCOTT WHITMAN DAVIS","14424 BALLYCASTLE TRL  AUSTIN, TX 78717","14424 BALLYCASTLE TRL, AUSTIN, TX  78717","S7715 - Avery Ranch West Ph 2, BLOCK B, Lot 33","L591503E"," ","S7715 - Avery Ranch West Ph 2","Real","$443,462","$443,462"
"R411299","R-17-W308-820B-0036-0008","TANG, WAI KWOK","4533 DOYLE RD  SAN JOSE, CA 95129","14412 BALLYCASTLE TRL, AUSTIN, TX  78717","S7715 - Avery Ranch West Ph 2, BLOCK B, Lot 36","L591503E"," ","S7715 - Avery Ranch West Ph 2","Real","$454,189","$454,189"
"R411445","R-17-W308-820J-0003-0008","DEBEVOISE, CRAIG & KRISTI","14509 BALLIMAMORE DR  AUSTIN, TX 78717","14509 BALLIMAMORE DR, AUSTIN, TX  78717","S7715 - Avery Ranch West Ph 2, BLOCK J, Lot 3","L591503E"," ","S7715 - Avery Ranch West Ph 2","Real","$624,518","$624,518"
"R424550","R-17-W308-111C-0131-0008","CORNETT, TIMOTHY ALAN & KATHEINE WEISE CORNETT","11208 FLETCHER HALL LN  AUSTIN, TX 78717","11208 FLETCHER HALL LN, AUSTIN, TX  78717","S8039 - Avery Ranch Far West Ph 1 Sec 1, BLOCK C, Lot 131","L591503E"," ","S8039 - Avery Ranch Far West Ph 1 Sec 1","Real","$500,534","$500,534"
"R424553","R-17-W308-111M-0002-0008","AVERY RANCH OWNERS ASSOC INC","PO BOX 702348 DALLAS, TX 75370-2348","11300 STAKED PLAINS DR, AUSTIN, TX  78717","S8039 - Avery Ranch Far West Ph 1 Sec 1, BLOCK M, Lot 2, ACRES 0.26, (OPEN SPACE)","L591503E"," ","S8039 - Avery Ranch Far West Ph 1 Sec 1","Real","$300","$300"
"R424596","R-17-W308-111U-0015-0008","SLIMAN, ELHAM & MOHAMMED JAWAD ELGHOUL","11112 HATTERY LN  AUSTIN, TX 78717","11112 HATTERY LN, AUSTIN, TX  78717","S8039 - Avery Ranch Far West Ph 1 Sec 1, BLOCK U, Lot 15","L591503E"," ","S8039 - Avery Ranch Far West Ph 1 Sec 1","Real","$500,349","$500,349"
"R424699","R-17-W308-112Z-0007-0008","JACKSON, SANDRA Y","14616 STOCK TANK CV  AUSTIN, TX 78717","14616 STOCK TANK CV, AUSTIN, TX  78717","S8057 - Avery Ranch Far West Ph 1 Sec 2, BLOCK Z, Lot 7","L591503E"," ","S8057 - Avery Ranch Far West Ph 1 Sec 2","Real","$672,355","$672,355"
"R441908","R-17-W308-113C-0092-0008","ARMSTRONG, JEREMY FREDRICK","14704 SHALLOW WATER CV  AUSTIN, TX 78717","14704 SHALLOW WATER CV, AUSTIN, TX  78717","S8244 - Avery Ranch Far West Ph 1 Sec 3, BLOCK C, Lot 92","L591503E"," ","S8244 - Avery Ranch Far West Ph 1 Sec 3","Real","$485,240","$485,240"
"R441911","R-17-W308-113C-0095-0008","IZAWA, CHIHARU & TAE","11213 SHALLOW WATER CV  AUSTIN, TX 78717","11213 SHALLOW WATER CV, AUSTIN, TX  78717","S8244 - Avery Ranch Far West Ph 1 Sec 3, BLOCK C, Lot 95","L591503E"," ","S8244 - Avery Ranch Far West Ph 1 Sec 3","Real","$479,132","$479,132"
"R442011","R-17-W308-114C-C004-0008","ZHUANG, WENJIE","32 NEW SEASON IRVINE, CA 92602-2477","11108 LOS COMANCHEROS RD, AUSTIN, TX  78717","S8285 - Avery Ranch Far West Ph 1 Sec 4, BLOCK CC, Lot 4","L591503E"," ","S8285 - Avery Ranch Far West Ph 1 Sec 4","Real","$507,350","$507,350"
"R455450","R-17-W311-800A-0017-0008","ZHANG, JIAQING (TOD)","10908 CASITAS DR  AUSTIN, TX 78717","10908 CASITAS DR, AUSTIN, TX  78717","S8794 - CASITAS AT AVERY RANCH(SECOND AMENDED PLAT), BLOCK A, Lot 17","L591503E"," ","S8794 - CASITAS AT AVERY RANCH(SECOND AMENDED PLAT)","Real","$481,127","$481,127"
"R455456","R-17-W311-800A-0023-0008","PAI, PAUL","10932 CASITAS DR AUSTIN, TX 78717-3874","10932 CASITAS DR, AUSTIN, TX  78717","S8794 - CASITAS AT AVERY RANCH(SECOND AMENDED PLAT), BLOCK A, Lot 23","L591503E"," ","S8794 - CASITAS AT AVERY RANCH(SECOND AMENDED PLAT)","Real","$661,415","$661,415"
"R465620","R-17-W308-116Y-0002-0008","JOSHI ABHIJEET B & SARIKA A JOSHI TRUSTEES OF A & S JOSHI REVOCABLE LIVING TRUST","11900 SPRINGS HEAD LOOP  AUSTIN, TX 78717-4674","11900 SPRINGS HEAD LOOP, AUSTIN, TX  78717","S8860 - AVERY RANCH FAR WEST PH 1 SEC 6, BLOCK Y, Lot 2","L591503E"," ","S8860 - AVERY RANCH FAR WEST PH 1 SEC 6","Real","$506,853","$506,853"
"R465640","R-17-W308-116Z-0031-0008","ONG DAVID & ALLISON TRUSTEES ONG FAMILY TRUST","4327 LARWIN AVE  CYPRESS, CA 90630","15008 STAKED PLAINS LOOP, AUSTIN, TX  78717","S8860 - AVERY RANCH FAR WEST PH 1 SEC 6, BLOCK Z, Lot 31","L591503E"," ","S8860 - AVERY RANCH FAR WEST PH 1 SEC 6","Real","$429,240","$429,240"
"R465995","R-17-W308-115H-0004-0008","NUNEZ, SYLVESTER & TERESA B","16017 DOUBLE EAGLE DR AUSTIN, TX 78717-3814","14512 HOMESTEAD VILLAGE CIR, AUSTIN, TX  78717","S8768 - AVERY RANCH FAR WEST PH 1 SEC 5, BLOCK H, Lot 4","L591503E"," ","S8768 - AVERY RANCH FAR WEST PH 1 SEC 5","Real","$517,868","$517,868"
"R466012","R-17-W308-115L-0011-0008","JAMBUDI, PRATHIT & SIDDHIBEN","48812 SEMILLON DR  FREMONT, CA 94539","14401 STAKED PLAINS LOOP, AUSTIN, TX  78717","S8768 - AVERY RANCH FAR WEST PH 1 SEC 5, BLOCK L, Lot 11","L591503E"," ","S8768 - AVERY RANCH FAR WEST PH 1 SEC 5","Real","$505,015","$505,015"
"R466018","R-17-W308-115M-0012-0008","HAN, XULIANG & JINYU LI","2208 CLINTONS CLOUD CT AUSTIN, TX 78738-5594","11421 DOG LEG DR, AUSTIN, TX  78717","S8768 - AVERY RANCH FAR WEST PH 1 SEC 5, BLOCK M, Lot 12","L591503E"," ","S8768 - AVERY RANCH FAR WEST PH 1 SEC 5","Real","$493,255","$493,255"
"R466058","R-17-W308-115P-0005-0008","SISTRUNK, MARK","14412 STAKED PLAINS LOOP AUSTIN, TX 78717-4461","14412 STAKED PLAINS LOOP, AUSTIN, TX  78717","S8768 - AVERY RANCH FAR WEST PH 1 SEC 5, BLOCK P, Lot 5","L591503E"," ","S8768 - AVERY RANCH FAR WEST PH 1 SEC 5","Real","$435,569","$435,569"
"R475207","R-17-W308-121K-0002-0008","VILLARREAL, JOSE A III & JENNIFFER","14100 ROUNTREE RANCH LN  AUSTIN, TX 78717","14100 ROUNTREE RANCH LN, AUSTIN, TX  78717","S9184 - AVERY RANCH FAR WEST PH 2 SEC 1, BLOCK K, Lot 2","L591503E"," ","S9184 - AVERY RANCH FAR WEST PH 2 SEC 1","Real","$517,880","$517,880"
"R475213","R-17-W308-121L-0001-0008","SINHA, AUM C (TOD)","15408 STAKED PLAINS LOOP  AUSTIN, TX 78717-4852","15408 STAKED PLAINS LOOP, AUSTIN, TX  78717","S9184 - AVERY RANCH FAR WEST PH 2 SEC 1, BLOCK L, Lot 1","L591503E"," ","S9184 - AVERY RANCH FAR WEST PH 2 SEC 1","Real","$644,314","$644,314"
"R486678","R-17-W308-123B-0001-0008","AVERY RANCH OWNERS ASSOCIATION INC","9601 AMBERGLEN BLVD  #STE 150 AUSTIN, TX 78729","11100 STAKED PLAINS DR, AUSTIN, TX  78717","S9414 - AVERY RANCH FAR WEST PH 2 SEC 3, BLOCK B, Lot 1, ACRES 0.143, (LANDSCAPE)","L591503E"," ","S9414 - AVERY RANCH FAR WEST PH 2 SEC 3","Real","$300","$300"
"R489322","R-17-W308-124F-0003-0008","QI, LE & XIA LI","1820 98TH AVE NE BELLEVUE, WA 98004-2619","11216 MC KINNEY SPRING DR, AUSTIN, TX  78717","S9460 - AVERY RANCH FAR WEST PH 2 SEC 4, BLOCK F, Lot 3","L591503E"," ","S9460 - AVERY RANCH FAR WEST PH 2 SEC 4","Real","$441,475","$441,475"
"R505962","R-17-W308-131C-0004-0008","SCHEIDER, MICHAEL & LESLIE NEELEY","11512 RUNNING BRUSH LN  AUSTIN, TX 78717","11512 RUNNING BRUSH LN, AUSTIN, TX  78717","S9966 - AVERY RANCH FAR WEST PH 3 SEC 1, BLOCK C, Lot 4, ACRES 0.124","L591503E"," ","S9966 - AVERY RANCH FAR WEST PH 3 SEC 1","Real","$442,024","$442,024"
"R514545","R-17-W308-133E-0001-0008","GOEL, ARUNIMA & AMIT RAMESH RAO","11600 YEADON WAY  AUSTIN, TX 78717","11600 YEADON WAY, AUSTIN, TX  78717","S10208 - AVERY RANCH FAR WEST PH 3 SEC 3, BLOCK E, Lot 1, ACRES 0.149","L591503E"," ","S10208 - AVERY RANCH FAR WEST PH 3 SEC 3","Real","$452,958","$452,958"
"R525048","R-17-W308-135H-0008","BORODETSKY YLENA (TOD)","3757 FOSSILWOOD WAY  ROUND ROCK, TX 78681","11600 SEWICKLEY CT, AUSTIN, TX  78717","S10513 - AVERY RANCH FAR WEST PH 3 SEC 5, BLOCK H, Lot 8","L591503E"," ","S10513 - AVERY RANCH FAR WEST PH 3 SEC 5","Real","$460,144","$460,144"
"R525062","R-17-W308-135M-0014","DHOTRE, KIRAN & BAGESHRI","835 HIDDEN GLEN DR  ROUND ROCK, TX 78681-2423","11504 READING WAY, AUSTIN, TX  78717","S10513 - AVERY RANCH FAR WEST PH 3 SEC 5, BLOCK M, Lot 14","L591503E"," ","S10513 - AVERY RANCH FAR WEST PH 3 SEC 5","Real","$638,398","$638,398"
"R533364","R-17-W308-136M-0004","LAW, HUAY-BING & CRYSTAL LIU","11320 READING WAY  AUSTIN, TX 78717-5080","11320 READING WAY, AUSTIN, TX  78717","S10765 - AVERY RANCH FAR WEST PH 3 SEC 6, BLOCK M, Lot 4","L591503E"," ","S10765 - AVERY RANCH FAR WEST PH 3 SEC 6","Real","$604,847","$604,847"
"R538409","R-17-W308-137H-0038","GOHIL, NAIKUR & RUCHA PAMAR","12124 HARPSTER BND  AUSTIN, TX 78717","12124 HARPSTER BND, AUSTIN, TX  78717","S10895 - AVERY RANCH FAR WEST PH 3 SEC 7, BLOCK H, Lot 38","L591503E"," ","S10895 - AVERY RANCH FAR WEST PH 3 SEC 7","Real","$587,457","$587,457"
"R402802","R-17-W308-810A-0038-0008","MARCIA FELDT BATES TRUSTEE OF THE FELDT BATES TRUST","10612 ROYAL TARA CV  AUSTIN, TX 78717","10612 ROYAL TARA CV, AUSTIN, TX  78717","S7489 - Avery Ranch West Ph 1, BLOCK A, Lot 38","L591503E"," ","S7489 - Avery Ranch West Ph 1","Real","$477,194","$477,194"
"R402845","R-17-W308-810B-0042-0008","SHARFMAN, TIMOTHY MITCHELL","14409 LILLEY BROOK CV  AUSTIN, TX 78717","14409 LILLEY BROOK CV, AUSTIN, TX  78717","S7489 - Avery Ranch West Ph 1, BLOCK B, Lot 42","L591503E"," ","S7489 - Avery Ranch West Ph 1","Real","$444,538","$444,538"
"R402865","R-17-W308-810B-0062-0008","CHIN, YUNG-PING (TOD) & MARIA Y MEI (TOD)","12728 COUNCIL BLUFF DR  AUSTIN, TX 78727","14416 LILLEY BROOK CV, AUSTIN, TX  78717","S7489 - Avery Ranch West Ph 1, BLOCK B, Lot 62","L591503E"," ","S7489 - Avery Ranch West Ph 1","Real","$404,134","$404,134"
"R402909","R-17-W308-810F-0025-0008","DORNHECKER, MIKEL WARREN & JUDITH A","10724 N CANOA HILLS TRL AUSTIN, TX 78717-4403","10724 CANOA HILLS TRL N, AUSTIN, TX  78717","S7489 - Avery Ranch West Ph 1, BLOCK F, Lot 25","L591503E"," ","S7489 - Avery Ranch West Ph 1","Real","$501,047","$501,047"
"R402946","R-17-W308-810H-0023-0008","DAVIS, KASEY LAYNE (TOD) & NATALIE ANN (TOD)","14709 BANBRIDGE TRL  AUSTIN, TX 78717","14709 BANBRIDGE TRL, AUSTIN, TX  78717","S7489 - Avery Ranch West Ph 1, BLOCK H, Lot 23","L591503E"," ","S7489 - Avery Ranch West Ph 1","Real","$587,471","$587,471"
"R402952","R-17-W308-810H-0029-0008","BIGGS, MICHAEL J","14733 BANBRIDGE TRL  AUSTIN, TX 78717","14733 BANBRIDGE TRL, AUSTIN, TX  78717","S7489 - Avery Ranch West Ph 1, BLOCK H, Lot 29","L591503E"," ","S7489 - Avery Ranch West Ph 1","Real","$629,185","$629,185"
"R403011","R-17-W308-810Q-0002-0008","HATHI, KAUSHIK & INDU LILADHAR-HATHI","45945 SENTINEL PL  FREMONT, CA 94539","14324 MOWSBURY DR, AUSTIN, TX  78717","S7489 - Avery Ranch West Ph 1, BLOCK Q, Lot 2","L591503E"," ","S7489 - Avery Ranch West Ph 1","Real","$386,653","$386,653"
"R403017","R-17-W308-810N-0001-0008","KO, ALAN S & PEI-SHAN KO","412 RIDGETOP BND  CEDAR PARK, TX 78613","14529 BALLYCASTLE TRL, AUSTIN, TX  78717","S7489 - Avery Ranch West Ph 1, BLOCK N, Lot 1","L591503E"," ","S7489 - Avery Ranch West Ph 1","Real","$426,622","$426,622"
"R411316","R-17-W308-820D-0002-0008","GARZA, KIMBERLE ANN","10505 DUNHAM FOREST RD  AUSTIN, TX 78717","10505 DUNHAM FOREST RD, AUSTIN, TX  78717","S7715 - Avery Ranch West Ph 2, BLOCK D, Lot 2","L591503E"," ","S7715 - Avery Ranch West Ph 2","Real","$435,788","$435,788"
"R411356","R-17-W308-820G-0028-0008","BRANCHING OAK PROPERTIES LLC","400 GOODNIGHT DR  GEORGETOWN, TX 78628","10809 QUARRY OAKS TRL, AUSTIN, TX  78717","S7715 - Avery Ranch West Ph 2, BLOCK G, Lot 28","L591503E"," ","S7715 - Avery Ranch West Ph 2","Real","$537,563","$537,563"
"R411362","R-17-W308-820G-0034-0008","Unknown","Unknown","10725 QUARRY OAKS TRL, AUSTIN, TX  78717","S7715 - Avery Ranch West Ph 2, BLOCK G, Lot 34","L591503E"," ","S7715 - Avery Ranch West Ph 2","Real","$552,711","$552,711"
"R411379","R-17-W308-820H-0048-0008","FU, YUHONG & YANG XIANG","10133 TULAROSA PASS  AUSTIN, TX 78729","15012 BANBRIDGE TRL, AUSTIN, TX  78717","S7715 - Avery Ranch West Ph 2, BLOCK H, Lot 48","L591503E"," ","S7715 - Avery Ranch West Ph 2","Real","$493,249","$493,249"
"R411422","R-17-W308-820H-0096-0008","SCHEURER, STEPHEN M","14309 PADBROOK PARK CV AUSTIN, TX 78717-4443","14309 PADBROOK PARK CV, AUSTIN, TX  78717","S7715 - Avery Ranch West Ph 2, BLOCK H, Lot 96","L591503E"," ","S7715 - Avery Ranch West Ph 2","Real","$454,353","$454,353"
"R411442","R-17-W308-820I-0021-0008","MCCANN, MELANIE D & JOHN","14508 BANBRIDGE TRL  AUSTIN, TX 78717","14508 BANBRIDGE TRL, AUSTIN, TX  78717","S7715 - Avery Ranch West Ph 2, BLOCK I, Lot 21","L591503E"," ","S7715 - Avery Ranch West Ph 2","Real","$441,596","$441,596"
"R411459","R-17-W308-820J-0019-0008","WU, XINDI & ZHOU, RUOYI TRUSTEES OF WU-ZHOU FAMILY LIVING TRUST","PO BOX 4202 INCLINE VILLAGE, NV 89450-4204","14504 BALLYCLARC DR, AUSTIN, TX  78717","S7715 - Avery Ranch West Ph 2, BLOCK J, Lot 19","L591503E"," ","S7715 - Avery Ranch West Ph 2","Real","$533,447","$533,447"
"R411465","R-17-W308-820N-0006-0008","YANG, QIONG & CHAO LEI","14509 BALLYCASTLE TRL  AUSTIN, TX 78717-4425","14509 BALLYCASTLE TRL, AUSTIN, TX  78717","S7715 - Avery Ranch West Ph 2, BLOCK N, Lot 6","L591503E"," ","S7715 - Avery Ranch West Ph 2","Real","$441,765","$441,765"
"R411485","R-17-W308-820N-0026-0008","RUGGIRELLO, RICHARD TODD & KYLE MACIVER","14213 BALLYCASTLE TRL  AUSTIN, TX 78717-4434","14213 BALLYCASTLE TRL, AUSTIN, TX  78717","S7715 - Avery Ranch West Ph 2, BLOCK N, Lot 26","L591503E"," ","S7715 - Avery Ranch West Ph 2","Real","$454,189","$454,189"
"R411502","R-17-W308-820Q-0020-0008","CHU, WING SZE & KELVIN CHUN-LIANG NG","1153 ERIN WAY  CAMPBELL, CA 95008","10520 DUNHAM FOREST RD, AUSTIN, TX  78717","S7715 - Avery Ranch West Ph 2, BLOCK Q, Lot 20","L591503E"," ","S7715 - Avery Ranch West Ph 2","Real","$506,924","$506,924"
"R424573","R-17-W308-111T-0012-0008","DAVIS, MICHIEL D & ABRAHAM J NASSER","14608 SPRINGS EDGE DR AUSTIN, TX 78717-4473","14608 SPRINGS EDGE DR, AUSTIN, TX  78717","S8039 - Avery Ranch Far West Ph 1 Sec 1, BLOCK T, Lot 12","L591503E"," ","S8039 - Avery Ranch Far West Ph 1 Sec 1","Real","$475,817","$475,817"
"R424616","R-17-W308-111V-0007-0008","SMART, SONJA MARIE","11300 CONCHOS RIVER TRL  AUSTIN, TX 78717","11300 CONCHOS RIVER TRL, AUSTIN, TX  78717","S8039 - Avery Ranch Far West Ph 1 Sec 1, BLOCK V, Lot 7","L591503E"," ","S8039 - Avery Ranch Far West Ph 1 Sec 1","Real","$431,402","$431,402"
"R424633","R-17-W308-111V-0024-0008","HASENBEIN, JOHN J & CLAUDIA C BARCENAS CARDENAS","9300 SAN LUCAS AUSTIN, TX 78737-1228","11305 FLETCHER HALL LN, AUSTIN, TX  78717","S8039 - Avery Ranch Far West Ph 1 Sec 1, BLOCK V, Lot 24","L591503E"," ","S8039 - Avery Ranch Far West Ph 1 Sec 1","Real","$432,655","$432,655"
"R424639","R-17-W308-111V-0030-0008","HWANG, MAO SHENG & HSING MEI WANG","11333 FLETCHER HALL  AUSTIN, TX 78717","11333 FLETCHER HALL LN, AUSTIN, TX  78717","S8039 - Avery Ranch Far West Ph 1 Sec 1, BLOCK V, Lot 30","L591503E"," ","S8039 - Avery Ranch Far West Ph 1 Sec 1","Real","$436,737","$436,737"
"R424656","R-17-W308-112R-0019-0008","BALASUNDARAM, KARTHIK & SANGEETHA SHANMUGAM","15300 STAKED PLAINS LOOP  AUSTIN, TX 78717","15300 STAKED PLAINS LOOP, AUSTIN, TX  78717","S8057 - Avery Ranch Far West Ph 1 Sec 2, BLOCK R, Lot 19","L591503E"," ","S8057 - Avery Ranch Far West Ph 1 Sec 2","Real","$587,038","$587,038"
"R424679","R-17-W308-112W-0022-0008","GEORGE M WALTER & FAYE M WALTER TRUSTEE OF THE WALTER REVOCABLE TRUST","10932 QUARRY OAKS TRL AUSTIN, TX 78717-4439","11601 MISTY WHITE DR, AUSTIN, TX  78717","S8057 - Avery Ranch Far West Ph 1 Sec 2, BLOCK W, Lot 22","L591503E"," ","S8057 - Avery Ranch Far West Ph 1 Sec 2","Real","$452,514","$452,514"
"R441888","R-17-W308-113C-0045-0008","SIKES, KIMBERLY A","11408 DODGE CATTLE DR AUSTIN, TX 78717-4488","11408 DODGE CATTLE DR, AUSTIN, TX  78717","S8244 - Avery Ranch Far West Ph 1 Sec 3, BLOCK C, Lot 45","L591503E"," ","S8244 - Avery Ranch Far West Ph 1 Sec 3","Real","$424,026","$424,026"
"R441931","R-17-W308-113D-D007-0008","ORTA, TOMAS, III","11308 SHALLOW WATER RD  AUSTIN, TX 78717","11308 SHALLOW WATER RD, AUSTIN, TX  78717","S8244 - Avery Ranch Far West Ph 1 Sec 3, BLOCK DD, Lot 7","L591503E"," ","S8244 - Avery Ranch Far West Ph 1 Sec 3","Real","$444,936","$444,936"
"R441951","R-17-W308-113G-G010-0008","BARBER, LISA & BLAKE","11104 SHALLOW WATER RD  AUSTIN, TX 78717","11104 SHALLOW WATER RD, AUSTIN, TX  78717","S8244 - Avery Ranch Far West Ph 1 Sec 3, BLOCK GG, Lot 10","L591503E"," ","S8244 - Avery Ranch Far West Ph 1 Sec 3","Real","$442,015","$442,015"
"R441974","R-17-W308-114B-B018-0008","NECAISE, JOHN J & KERRY A","11221 DODGE CATTLE DR  AUSTIN, TX 78717","11221 DODGE CATTLE DR, AUSTIN, TX  78717","S8285 - Avery Ranch Far West Ph 1 Sec 4, BLOCK BB, Lot 18","L591503E"," ","S8285 - Avery Ranch Far West Ph 1 Sec 4","Real","$446,157","$446,157"
"R441991","R-17-W308-114C-0058-0008","WANG, BASIL & QIAO LIANG","10821 DODGE CATTLE  AUSTIN, TX 78717","10821 DODGE CATTLE DR, AUSTIN, TX  78717","S8285 - Avery Ranch Far West Ph 1 Sec 4, BLOCK C, Lot 58","L591503E"," ","S8285 - Avery Ranch Far West Ph 1 Sec 4","Real","$447,800","$447,800"
"R442014","R-17-W308-114C-C007-0008","Unknown","Unknown","11016 LOS COMANCHEROS RD, AUSTIN, TX  78717","S8285 - Avery Ranch Far West Ph 1 Sec 4, BLOCK CC, Lot 7","L591503E"," ","S8285 - Avery Ranch Far West Ph 1 Sec 4","Real","$438,445","$438,445"
"R442037","R-17-W308-114E-E009-0008","MUTHUKRISHNAN, SANKARA SUBBIAH","425 HIGHLAND HORIZON  AUSTIN, TX 78717","11204 CRAZY WELL DR, AUSTIN, TX  78717","S8285 - Avery Ranch Far West Ph 1 Sec 4, BLOCK EE, Lot 9","L591503E"," ","S8285 - Avery Ranch Far West Ph 1 Sec 4","Real","$452,280","$452,280"
"R455430","R-17-W311-800A-0001-0008","AVERY RANCH OWNERS ASSOCIATION INC","9601 AMBERGLEN BLVD  #STE 150 AUSTIN, TX 78729","CASITAS DR, AUSTIN, TX  78717","S8794 - CASITAS AT AVERY RANCH(SECOND AMENDED PLAT), BLOCK A, Lot 1, ACRES 0.25, (OPEN SPACE)","L591503E"," ","S8794 - CASITAS AT AVERY RANCH(SECOND AMENDED PLAT)","Real","$300","$300"
"R455436","R-17-W311-800A-0003-0008","BAGUL, KAPIL ARVIND & LEENA MANOHAR PATIL","10720 CASITAS DR  AUSTIN, TX 78717","10720 CASITAS DR, AUSTIN, TX  78717","S8794 - CASITAS AT AVERY RANCH(SECOND AMENDED PLAT), BLOCK A, Lot 3","L591503E"," ","S8794 - CASITAS AT AVERY RANCH(SECOND AMENDED PLAT)","Real","$500,444","$500,444"
"R455473","R-17-W311-800A-0040-0008","GONG, GUOJI & CHUNFENG ZANG","11116 CASITAS DR  AUSTIN, TX 78717-3876","11116 CASITAS DR, AUSTIN, TX  78717","S8794 - CASITAS AT AVERY RANCH(SECOND AMENDED PLAT), BLOCK A, Lot 40","L591503E"," ","S8794 - CASITAS AT AVERY RANCH(SECOND AMENDED PLAT)","Real","$532,531","$532,531"
"R455493","R-17-W311-800B-0017-0008","KIM YOO INVESTMENTS LLC SERIES 10829 CASITAS DR","15101 CALAVERAS DR  AUSTIN, TX 78717-4597","10829 CASITAS DR, AUSTIN, TX  78717","S8794 - CASITAS AT AVERY RANCH(SECOND AMENDED PLAT), BLOCK B, Lot 17","L591503E"," ","S8794 - CASITAS AT AVERY RANCH(SECOND AMENDED PLAT)","Real","$449,326","$449,326"
"R455513","R-17-W311-800B-0037-0008","CHAN, KEVIN TAKHAY","6801 W COURTYARD DR AUSTIN, TX 78730-5015","11117 CASITAS DR, AUSTIN, TX  78717","S8794 - CASITAS AT AVERY RANCH(SECOND AMENDED PLAT), BLOCK B, Lot 37","L591503E"," ","S8794 - CASITAS AT AVERY RANCH(SECOND AMENDED PLAT)","Real","$459,618","$459,618"
"R465597","R-17-W308-116C-0032-0008","BULLOCK, KIMBERLY JOY","111 NORWOOD LOOP  DRIPPING SPRINGS, TX 78620-3339","12005 SPRINGS HEAD LOOP, AUSTIN, TX  78717","S8860 - AVERY RANCH FAR WEST PH 1 SEC 6, BLOCK C, Lot 32","L591503E"," ","S8860 - AVERY RANCH FAR WEST PH 1 SEC 6","Real","$485,990","$485,990"
"R466038","R-17-W308-115M-0032-0008","KIM, MICHAEL","14217 ROUNTREE RANCH LN AUSTIN, TX 78717-4821","14217 ROUNTREE RANCH LN, AUSTIN, TX  78717","S8768 - AVERY RANCH FAR WEST PH 1 SEC 5, BLOCK M, Lot 32","L591503E"," ","S8768 - AVERY RANCH FAR WEST PH 1 SEC 5","Real","$445,615","$445,615"
"R466055","R-17-W308-115P-0002-0008","JP & WM FAMILY REVOCABLE TRUST","10741 CHESTNUT RIDGE RD  AUSTIN, TX 78726","14402 STAKED PLAINS LOOP, AUSTIN, TX  78717","S9167 - AVERY RANCH FAR WEST PH 1 SEC 5 (BLK P LTS 1-4 AMD), BLOCK P, Lot 2","L591503E"," ","S9167 - AVERY RANCH FAR WEST PH 1 SEC 5 (BLK P LTS 1-4 AMD)","Real","$479,364","$479,364"
"R466078","R-17-W308-115Q-0018-0008","RAPEEPISARN, AMORNPON","15316 STAKED PLAINS LOOP  AUSTIN, TX 78717-4462","15316 STAKED PLAINS LOOP, AUSTIN, TX  78717","S8768 - AVERY RANCH FAR WEST PH 1 SEC 5, BLOCK Q, Lot 18","L591503E"," ","S8768 - AVERY RANCH FAR WEST PH 1 SEC 5","Real","$452,241","$452,241"
"R466081","R-17-W308-115Q-0021-0008","SINHA, SANJIV C (TOD)","11513 GOLD CAVE DR  AUSTIN, TX 78717","11513 GOLD CAVE DR, AUSTIN, TX  78717","S8768 - AVERY RANCH FAR WEST PH 1 SEC 5, BLOCK Q, Lot 21","L591503E"," ","S8768 - AVERY RANCH FAR WEST PH 1 SEC 5","Real","$464,373","$464,373"
"R466095","R-17-W308-115R-0020-0008","SALUNKE, RAVINDRA & SWAPNA KARMARKAR","15304 STAKED PLAINS LOOP  AUSTIN, TX 78717","15304 STAKED PLAINS LOOP, AUSTIN, TX  78717","S8768 - AVERY RANCH FAR WEST PH 1 SEC 5, BLOCK R, Lot 20","L591503E"," ","S8768 - AVERY RANCH FAR WEST PH 1 SEC 5","Real","$492,367","$492,367"
"R475230","R-17-W308-121N-0002-0008","REICHERT, JENNIFER LYNN","11633 RUNNING BRUSH LN  AUSTIN, TX 78717","11633 RUNNING BRUSH LN, AUSTIN, TX  78717","S9184 - AVERY RANCH FAR WEST PH 2 SEC 1, BLOCK N, Lot 2","L591503E"," ","S9184 - AVERY RANCH FAR WEST PH 2 SEC 1","Real","$461,303","$461,303"
"R475250","R-17-W308-121Q-0046-0008","AVERY RANCH OWNERS ASSOCIATION INC","9601 AMBERGLEN BLVD  #STE 150 AUSTIN, TX 78729","11713 RUNNING BRUSH CV, AUSTIN, TX  78717","S9184 - AVERY RANCH FAR WEST PH 2 SEC 1, BLOCK Q, Lot 46, ACRES 1.083, (OPEN SPACE)","L591503E"," ","S9184 - AVERY RANCH FAR WEST PH 2 SEC 1","Real","$325","$325"
"R475274","R-17-W308-122H-0021-0008","HO, HOANG DUC & JIANI CHE","11600 RUNNING BRUSH LN AUSTIN, TX 78717-4851","11600 RUNNING BRUSH LN, AUSTIN, TX  78717","S9185 - AVERY RANCH FAR WEST PH 2 SEC 2, BLOCK H, Lot 21","L591503E"," ","S9185 - AVERY RANCH FAR WEST PH 2 SEC 2","Real","$475,482","$475,482"
"R475294","R-17-W308-122M-0018-0008","KARA, SEFA","11517 RUNNING BRUSH LN  AUSTIN, TX 78717","11517 RUNNING BRUSH LN, AUSTIN, TX  78717","S9185 - AVERY RANCH FAR WEST PH 2 SEC 2, BLOCK M, Lot 18","L591503E"," ","S9185 - AVERY RANCH FAR WEST PH 2 SEC 2","Real","$512,771","$512,771"
"R486675","R-17-W308-123A-0018-0008","CLAUSE, VINCENT & BLAIRE","11205 PERSIMMON GAP DR  AUSTIN, TX 78717","11205 PERSIMMON GAP DR, AUSTIN, TX  78717","S9414 - AVERY RANCH FAR WEST PH 2 SEC 3, BLOCK A, Lot 18","L591503E"," ","S9414 - AVERY RANCH FAR WEST PH 2 SEC 3","Real","$466,755","$466,755"
"R486698","R-17-W308-123C-0006-0008","SUN, YATING","11116 OLD QUARRY RD  AUSTIN, TX 78717","11116 OLD QUARRY RD, AUSTIN, TX  78717","S9414 - AVERY RANCH FAR WEST PH 2 SEC 3, BLOCK C, Lot 6","L591503E"," ","S9414 - AVERY RANCH FAR WEST PH 2 SEC 3","Real","$479,842","$479,842"
"R486718","R-17-W308-123E-0004-0008","WANG, QINGYUN & MIN LI","14613 STOCK TANK CV  AUSTIN, TX 78717-4469","11212 PERSIMMON GAP DR, AUSTIN, TX  78717","S9414 - AVERY RANCH FAR WEST PH 2 SEC 3, BLOCK E, Lot 4","L591503E"," ","S9414 - AVERY RANCH FAR WEST PH 2 SEC 3","Real","$443,673","$443,673"
"R486735","R-17-W308-123E-0021-0008","JING, FEI","11201 OLD QUARRY RD  AUSTIN, TX 78717-4878","11201 OLD QUARRY RD, AUSTIN, TX  78717","S9414 - AVERY RANCH FAR WEST PH 2 SEC 3, BLOCK E, Lot 21","L591503E"," ","S9414 - AVERY RANCH FAR WEST PH 2 SEC 3","Real","$438,948","$438,948"
"R486741","R-17-W308-123E-0027-0008","HOE, WOONG & JENNY M HWANG","11225 OLD QUARRY RD  AUSTIN, TX 78717","11225 OLD QUARRY RD, AUSTIN, TX  78717","S9414 - AVERY RANCH FAR WEST PH 2 SEC 3, BLOCK E, Lot 27","L591503E"," ","S9414 - AVERY RANCH FAR WEST PH 2 SEC 3","Real","$463,425","$463,425"
"R489279","R-17-W308-124B-0039-0008","BEAN, GREGORY G & TAMMY","14101 CANYON TRL  AUSTIN, TX 78717","14101 CANYON TRL, AUSTIN, TX  78717","S9460 - AVERY RANCH FAR WEST PH 2 SEC 4, BLOCK B, Lot 39","L591503E"," ","S9460 - AVERY RANCH FAR WEST PH 2 SEC 4","Real","$609,150","$609,150"
"R489302","R-17-W308-124D-0002-0008","JONES, GARY L & CHRISTINE","14109 MARATHON RD  AUSTIN, TX 78717","14109 MARATHON RD, AUSTIN, TX  78717","S9460 - AVERY RANCH FAR WEST PH 2 SEC 4, BLOCK D, Lot 2","L591503E"," ","S9460 - AVERY RANCH FAR WEST PH 2 SEC 4","Real","$577,146","$577,146"
"R489325","R-17-W308-124F-0006-0008","LANIER, DEBORAH L","11204 MCKINNEY SPRING DR  AUSTIN, TX 78717","11204 MC KINNEY SPRING DR, AUSTIN, TX  78717","S9460 - AVERY RANCH FAR WEST PH 2 SEC 4, BLOCK F, Lot 6","L591503E"," ","S9460 - AVERY RANCH FAR WEST PH 2 SEC 4","Real","$441,475","$441,475"
"R507162","R-17-W308-132A-0001-0008","LEE, ANGELA","14009 TURKEY HOLLOW TRL  AUSTIN, TX 78717","14009 TURKEY HOLLOW TRL, AUSTIN, TX  78717","S10030 - AVERY RANCH FAR WEST PH 3 SEC 2, BLOCK A, Lot 1, ACRES 0.158","L591503E"," ","S10030 - AVERY RANCH FAR WEST PH 3 SEC 2","Real","$552,921","$552,921"
"R507185","R-17-W308-132B-0015-0008","WILKINS, TRINA L & YVETTE MUNOZ (RS)","11109 WYOLA BND  AUSTIN, TX 78717","11109 WYOLA BND, AUSTIN, TX  78717","S10030 - AVERY RANCH FAR WEST PH 3 SEC 2, BLOCK B, Lot 15, ACRES 0.123","L591503E"," ","S10030 - AVERY RANCH FAR WEST PH 3 SEC 2","Real","$448,795","$448,795"
"R514548","R-17-W308-133F-0007-0008","SPENCER, JEREMY & VANESSA","11621 HARPSTER BND  AUSTIN, TX 78717","11621 HARPSTER BND, AUSTIN, TX  78717","S10208 - AVERY RANCH FAR WEST PH 3 SEC 3, BLOCK F, Lot 7, ACRES 0.169","L591503E"," ","S10208 - AVERY RANCH FAR WEST PH 3 SEC 3","Real","$514,873","$514,873"
"R514568","R-17-W308-133G-0015-0008","PHAM, HA & GIAO HUYNH","915 VALLEY VIEW DR CEDAR PARK, TX 78641-3789","11500 HARPSTER BND, AUSTIN, TX  78717","S10208 - AVERY RANCH FAR WEST PH 3 SEC 3, BLOCK G, Lot 15, ACRES 0.127","L591503E"," ","S10208 - AVERY RANCH FAR WEST PH 3 SEC 3","Real","$477,010","$477,010"
"R514602","R-17-W308-134D-0026-0008","PALANISWAMY, KUMARA GURU","12428 CARDINAL FLOWER DR AUSTIN, TX 78739-2161","13708 LOLETA WAY, AUSTIN, TX  78717","S10209 - AVERY RANCH FAR WEST PH 3 SEC 4, BLOCK D, Lot 26, ACRES 0.177","L591503E"," ","S10209 - AVERY RANCH FAR WEST PH 3 SEC 4","Real","$454,613","$454,613"
"R525068","R-17-W308-135M-0020","KHAN, SAFWAN M & FARJANA SIKDER","12421 NE 153RD PL WOODINVILLE, WA 98072-4676","11528 READING WAY, AUSTIN, TX  78717","S10513 - AVERY RANCH FAR WEST PH 3 SEC 5, BLOCK M, Lot 20","L591503E"," ","S10513 - AVERY RANCH FAR WEST PH 3 SEC 5","Real","$630,591","$630,591"
"R533344","R-17-W308-136H-0023","GEORGE, MAJO","109 WILD BLUEBELL CV GEORGETOWN, TX 78628-3925","11608 READING CT, AUSTIN, TX  78717","S10765 - AVERY RANCH FAR WEST PH 3 SEC 6, BLOCK H, Lot 23","L591503E"," ","S10765 - AVERY RANCH FAR WEST PH 3 SEC 6","Real","$582,204","$582,204"
"R538412","R-17-W308-137H-0052","KHAN, MOHAMMAD SAYEM","12129 WICKLINE WAY  AUSTIN, TX 78717","12129 WICKLINE WAY, AUSTIN, TX  78717","S10895 - AVERY RANCH FAR WEST PH 3 SEC 7, BLOCK H, Lot 52","L591503E"," ","S10895 - AVERY RANCH FAR WEST PH 3 SEC 7","Real","$459,915","$459,915"
"R538432","R-17-W308-137H-0071","MODH, MAHESH & KANTA","12005 HARPSTER BND  AUSTIN, TX 78717","12005 HARPSTER BND, AUSTIN, TX  78717","S10895 - AVERY RANCH FAR WEST PH 3 SEC 7, BLOCK H, Lot 71","L591503E"," ","S10895 - AVERY RANCH FAR WEST PH 3 SEC 7","Real","$473,628","$473,628"
"R538435","R-17-W308-137H-0074","VONTERI, SUNANDA","15046 CALAVERAS DR AUSTIN, TX 78717-4870","11909 HARPSTER BND, AUSTIN, TX  78717","S10895 - AVERY RANCH FAR WEST PH 3 SEC 7, BLOCK H, Lot 74","L591503E"," ","S10895 - AVERY RANCH FAR WEST PH 3 SEC 7","Real","$458,834","$458,834"
"R402765","R-17-W308-810A-0001-0008","SANCHEZ, VICTORIA S","14601 BALLYCASTLE TRL  AUSTIN, TX 78717","14601 BALLYCASTLE TRL, AUSTIN, TX  78717","S7489 - Avery Ranch West Ph 1, BLOCK A, Lot 1","L591503E"," ","S7489 - Avery Ranch West Ph 1","Real","$498,979","$498,979"
"R402779","R-17-W308-810A-0015-0008","GONZALEZ ELISA (LE)","14609 SWINLEY FOREST CV  AUSTIN, TX 78717","14609 SWINLEY FOREST CV, AUSTIN, TX  78717","S7489 - Avery Ranch West Ph 1, BLOCK A, Lot 15","L591503E"," ","S7489 - Avery Ranch West Ph 1","Real","$431,122","$431,122"
"R402785","R-17-W308-810A-0021-0008","SANDERS, FREDERICK E","PO BOX 5564 COMPTON, CA 90224-5564","14620 SWINLEY FOREST CV, AUSTIN, TX  78717","S7489 - Avery Ranch West Ph 1, BLOCK A, Lot 21","L591503E"," ","S7489 - Avery Ranch West Ph 1","Real","$449,213","$449,213"
"R402788","R-17-W308-810A-0024-0008","SHAH, HARSH NARENDRA","8280 KATHERINE CLAIRE CT SAN DIEGO, CA 92127-4104","14608 SWINLEY FOREST CV, AUSTIN, TX  78717","S7489 - Avery Ranch West Ph 1, BLOCK A, Lot 24","L591503E"," ","S7489 - Avery Ranch West Ph 1","Real","$408,355","$408,355"
"R402799","R-17-W308-810A-0035-0008","DEL ROSARIO, DEREK & ELIZABETH LAROQUE","10624 ROYAL TARA CV  AUSTIN, TX 78717","10624 ROYAL TARA CV, AUSTIN, TX  78717","S7489 - Avery Ranch West Ph 1, BLOCK A, Lot 35","L591503E"," ","S7489 - Avery Ranch West Ph 1","Real","$462,977","$462,977"
"R402805","R-17-W308-810A-0041-0008","SHENDE, TANMAY & NITI OZE","10601 ROYAL TARA CV  AUSTIN, TX 78717","10601 ROYAL TARA CV, AUSTIN, TX  78717","S7489 - Avery Ranch West Ph 1, BLOCK A, Lot 41","L591503E"," ","S7489 - Avery Ranch West Ph 1","Real","$538,158","$538,158"
"R402811","R-17-W308-810A-0047-0008","WU, JUN","ROOM 201, NO. 24 NONG 155 LIAN HUA NAN ROAD SHANGHAI CHINA 200237","10625 ROYAL TARA CV, AUSTIN, TX  78717","S7489 - Avery Ranch West Ph 1, BLOCK A, Lot 47","L591503E"," ","S7489 - Avery Ranch West Ph 1","Real","$413,629","$413,629"
"R402825","R-17-W308-810B-0008-0008","CAMPO, JOSEPH F","54 LA TOYA TRL WIMBERLEY, TX 78676-3619","14417 MOWSBURY DR, AUSTIN, TX  78717","S7489 - Avery Ranch West Ph 1, BLOCK B, Lot 8","L591503E"," ","S7489 - Avery Ranch West Ph 1","Real","$408,397","$408,397"
"R402828","R-17-W308-810B-0011-0008","BYRD, STEVEN ANDREW & LAUREN KELLY","14429 MOWSBURY DR  AUSTIN, TX 78717","14429 MOWSBURY DR, AUSTIN, TX  78717","S7489 - Avery Ranch West Ph 1, BLOCK B, Lot 11","L591503E"," ","S7489 - Avery Ranch West Ph 1","Real","$436,550","$436,550"
"R402834","R-17-W308-810B-0017-0008","YANG, MIKE & LIN","7930 CASTLE PEAKE TRL AUSTIN, TX 78726-4132","14521 MOWSBURY DR, AUSTIN, TX  78717","S7489 - Avery Ranch West Ph 1, BLOCK B, Lot 17","L591503E"," ","S7489 - Avery Ranch West Ph 1","Real","$441,689","$441,689"
"R402842","R-17-W308-810B-0025-0008","WONG, CHI LEUNG & KING SHAN LUI","14524 BALLYCASTLE TRL  AUSTIN, TX 78717","14524 BALLYCASTLE TRL, AUSTIN, TX  78717","S7489 - Avery Ranch West Ph 1, BLOCK B, Lot 25","L591503E"," ","S7489 - Avery Ranch West Ph 1","Real","$423,332","$423,332"
"R402848","R-17-W308-810B-0045-0008","ZHONG, SHI & TINGTING ZHOU","4202 FRONT RANGE LN  AUSTIN, TX 78732-1612","14421 LILLEY BROOK CV, AUSTIN, TX  78717","S7489 - Avery Ranch West Ph 1, BLOCK B, Lot 45","L591503E"," ","S7489 - Avery Ranch West Ph 1","Real","$430,229","$430,229"
"R402862","R-17-W308-810B-0059-0008","CHEN, JIAN & SHU-YA PENG","13400 BRIARWICK DR UNIT 2503 AUSTIN, TX 78729-1773","14428 LILLEY BROOK CV, AUSTIN, TX  78717","S7489 - Avery Ranch West Ph 1, BLOCK B, Lot 59","L591503E"," ","S7489 - Avery Ranch West Ph 1","Real","$403,359","$403,359"
"R402868","R-17-W308-810B-0065-0008","AVERY RANCH OWNERS ASSOC INC","PO BOX 702348 DALLAS, TX 75370-2348","14329 MOWSBURY DR, AUSTIN, TX  78717","S7489 - Avery Ranch West Ph 1, BLOCK B, Lot 65, ACRES 0.22, (OPEN SPACE)","L591503E"," ","S7489 - Avery Ranch West Ph 1","Real","$300","$300"
"R402885","R-17-W308-810E-0011-0008","PRICKLY PEAR REALTY LLC","5004 PLACID PL  AUSTIN, TX 78731","14508 MOWSBURY DR, AUSTIN, TX  78717","S7489 - Avery Ranch West Ph 1, BLOCK E, Lot 11","L591503E"," ","S7489 - Avery Ranch West Ph 1","Real","$432,006","$432,006"
"R402906","R-17-W308-810F-0022-0008","FOYT, NATHAN & GLYNDA V","10725 SYCAMORE HILLS RD  AUSTIN, TX 78717-4402","10725 SYCAMORE HILLS RD, AUSTIN, TX  78717","S7489 - Avery Ranch West Ph 1, BLOCK F, Lot 22","L591503E"," ","S7489 - Avery Ranch West Ph 1","Real","$524,332","$524,332"
"R402926","R-17-W308-810H-0003-0008","SINGH, SAMARESH KUMAR & AMRITA","10728 KILKEE CV  AUSTIN, TX 78717","10728 KILKEE CV, AUSTIN, TX  78717","S7489 - Avery Ranch West Ph 1, BLOCK H, Lot 3","L591503E"," ","S7489 - Avery Ranch West Ph 1","Real","$613,983","$613,983"
"R402932","R-17-W308-810H-0009-0008","HATTON, SHANE P & CINDI","10704 KILKEE CV  AUSTIN, TX 78717-4409","10704 KILKEE CV, AUSTIN, TX  78717","S7489 - Avery Ranch West Ph 1, BLOCK H, Lot 9","L591503E"," ","S7489 - Avery Ranch West Ph 1","Real","$451,698","$451,698"
"R402935","R-17-W308-810H-0012-0008","KHAN, ZOHEB (TOD) & GAURI ANIL WAGLE (TOD)","10705 KILKEE CV  AUSTIN, TX 78717-4409","10705 KILKEE CV, AUSTIN, TX  78717","S7489 - Avery Ranch West Ph 1, BLOCK H, Lot 12","L591503E"," ","S7489 - Avery Ranch West Ph 1","Real","$576,925","$576,925"
"R402949","R-17-W308-810H-0026-0008","PANDA, SATCHI","145 BLACK MOUNTAIN CIR  FREMONT, CA 94536","14721 BANBRIDGE TRL, AUSTIN, TX  78717","S7489 - Avery Ranch West Ph 1, BLOCK H, Lot 26","L591503E"," ","S7489 - Avery Ranch West Ph 1","Real","$536,550","$536,550"
"R402969","R-17-W308-810I-0014-0008","BROWNING, MARGARET M","10804 N CANOA HILLS TRL  AUSTIN, TX 78717-4404","10804 CANOA HILLS TRL N, AUSTIN, TX  78717","S7489 - Avery Ranch West Ph 1, BLOCK I, Lot 14","L591503E"," ","S7489 - Avery Ranch West Ph 1","Real","$464,446","$464,446"
"R402972","R-17-W308-810I-0017-0008","VENKATESAN, APARNA & VISHAL KHANAPURE","112 DASHER DR CEDAR PARK, TX 78613-7818","14528 BANBRIDGE TRL, AUSTIN, TX  78717","S7489 - Avery Ranch West Ph 1, BLOCK I, Lot 17","L591503E"," ","S7489 - Avery Ranch West Ph 1","Real","$576,705","$576,705"
"R402993","R-17-W308-810L-0006-0008","MURSHED, MOHAMMAD MONZUR & SADIA","14604 BALLYCLARC DR  AUSTIN, TX 78717-4411","14604 BALLYCLARC DR, AUSTIN, TX  78717","S7489 - Avery Ranch West Ph 1, BLOCK L, Lot 6","L591503E"," ","S7489 - Avery Ranch West Ph 1","Real","$632,886","$632,886"
"R403014","R-17-W308-810Q-0005-0008","BASANEZ, FRANCISCO","2163 LIMA LOOP  LAREDO, TX 78045","14312 MOWSBURY DR, AUSTIN, TX  78717","S7489 - Avery Ranch West Ph 1, BLOCK Q, Lot 5","L591503E"," ","S7489 - Avery Ranch West Ph 1","Real","$381,602","$381,602"
"R411293","R-17-W308-820B-0030-0008","CONGRESS SUMMIT LLC","505 CASCADA LN  ROUND ROCK, TX 78681","14504 BALLYCASTLE TRL, AUSTIN, TX  78717","S7715 - Avery Ranch West Ph 2, BLOCK B, Lot 30","L591503E"," ","S7715 - Avery Ranch West Ph 2","Real","$416,582","$416,582"
"R411319","R-17-W308-820D-0005-0008","GEE, ROBERT & MAJELLA MCMAHON GEE","2146 12TH AVE SAN FRANCISCO, CA 94116-1901","10517 DUNHAM FOREST RD, AUSTIN, TX  78717","S7715 - Avery Ranch West Ph 2, BLOCK D, Lot 5","L591503E"," ","S7715 - Avery Ranch West Ph 2","Real","$506,114","$506,114"
"R411339","R-17-W308-820F-0009-0008","BILLINGSLEY, SHAWNDREE N","PO BOX 881494 LOS ANGELES, CA 90009-3001","14513 WHARTON PARK TRL, AUSTIN, TX  78717","S7715 - Avery Ranch West Ph 2, BLOCK F, Lot 9","L591503E"," ","S7715 - Avery Ranch West Ph 2","Real","$457,131","$457,131"
"R411376","R-17-W308-820H-0045-0008","TEREDESAI, PARAG R & MONICA","17924 CIVORNO DR PFLUGERVILLE, TX 78660-6991","15021 BANBRIDGE TRL, AUSTIN, TX  78717","S7715 - Avery Ranch West Ph 2, BLOCK H, Lot 45(PT)","L591503E"," ","S7715 - Avery Ranch West Ph 2","Real","$545,063","$545,063"
"R411388","R-17-W308-820H-0062-0008","AGHILI, MOHAMMAD R & AFSANEH","14512 BALLIMAMORE DR  AUSTIN, TX 78717-4412","14512 BALLIMAMORE DR, AUSTIN, TX  78717","S7715 - Avery Ranch West Ph 2, BLOCK H, Lot 62","L591503E"," ","S7715 - Avery Ranch West Ph 2","Real","$529,891","$529,891"
"R411396","R-17-W308-820H-0070-0008","VALDIVIA, AGUSTIN & MYRIAM HABIB","11004 QUARRY OAKS TRL  AUSTIN, TX 78717","11004 QUARRY OAKS TRL, AUSTIN, TX  78717","S7715 - Avery Ranch West Ph 2, BLOCK H, Lot 70","L591503E"," ","S7715 - Avery Ranch West Ph 2","Real","$717,368","$717,368"
"R411402","R-17-W308-820H-0076-0008","CAMEZ, JORGE A & MARICRUZ VALLE","10500 AVERY CLUB DR UNIT 3 AUSTIN, TX 78717-3937","10920 QUARRY OAKS TRL, AUSTIN, TX  78717","S7715 - Avery Ranch West Ph 2, BLOCK H, Lot 76","L591503E"," ","S7715 - Avery Ranch West Ph 2","Real","$678,986","$678,986"
"R411405","R-17-W308-820H-0079-0008","GUEVARA, ALBERTO REY","10908 QUARRY OAKS TRL  AUSTIN, TX 78717","10908 QUARRY OAKS TRL, AUSTIN, TX  78717","S7715 - Avery Ranch West Ph 2, BLOCK H, Lot 79","L591503E"," ","S7715 - Avery Ranch West Ph 2","Real","$575,028","$575,028"
"R411419","R-17-W308-820H-0093-0008","AVERY RANCH OWNERS ASSOCIATION INC","9601 AMBERGLEN BLVD  #STE 150 AUSTIN, TX 78729","14304 PADBROOK PARK CV, AUSTIN, TX  78717","S7715 - Avery Ranch West Ph 2, BLOCK H, Lot 93, ACRES 0.289, (DRAINAGE EASEMENT)","L591503E"," ","S7715 - Avery Ranch West Ph 2","Real","$300","$300"
"R411428","R-17-W308-820H-0102-0008","AVERY RANCH OWNERS ASSOC INC","PO BOX 702348 DALLAS, TX 75370-2348","QUARRY OAKS TRL, AUSTIN, TX  78717","S7715 - Avery Ranch West Ph 2, BLOCK H, Lot 102, ACRES 0.01, (LANDSCAPE)","L591503E"," ","S7715 - Avery Ranch West Ph 2","Real","$300","$300"
"R411439","R-17-W308-820I-0011-0008","FLORES, BERNABE","14533 BALLYCLARC DR AUSTIN, TX 78717-4410","14533 BALLYCLARC DR, AUSTIN, TX  78717","S7715 - Avery Ranch West Ph 2, BLOCK I, Lot 11","L591503E"," ","S7715 - Avery Ranch West Ph 2","Real","$633,497","$633,497"
"R411451","R-17-W308-820J-0009-0008","ALLI, RENE & CARMEN","14533 BALLIMAMORE DR AUSTIN, TX 78717-4412","14533 BALLIMAMORE DR, AUSTIN, TX  78717","S7715 - Avery Ranch West Ph 2, BLOCK J, Lot 9","L591503E"," ","S7715 - Avery Ranch West Ph 2","Real","$445,375","$445,375"
"R411462","R-17-W308-820N-0003-0008","SALAKO TOLUWANIMI & CATHERINE LIGAD","14521 BALLYCASTLE TRL  AUSTIN, TX 78717-4425","14521 BALLYCASTLE TRL, AUSTIN, TX  78717","S7715 - Avery Ranch West Ph 2, BLOCK N, Lot 3","L591503E"," ","S7715 - Avery Ranch West Ph 2","Real","$470,831","$470,831"
"R411482","R-17-W308-820N-0023-0008","WILLAMSON, THOMAS","14301 BALLYCASTLE TRL AUSTIN, TX 78717-4435","14301 BALLYCASTLE TRL, AUSTIN, TX  78717","S7715 - Avery Ranch West Ph 2, BLOCK N, Lot 23","L591503E"," ","S7715 - Avery Ranch West Ph 2","Real","$445,696","$445,696"
"R424533","R-17-W308-111C-0114-0008","DURKAN, MEHMET & ILKNUR","11404 FLETCHER HALL LN  AUSTIN, TX 78717","11404 FLETCHER HALL LN, AUSTIN, TX  78717","S8039 - Avery Ranch Far West Ph 1 Sec 1, BLOCK C, Lot 114","L591503E"," ","S8039 - Avery Ranch Far West Ph 1 Sec 1","Real","$453,032","$453,032"
"R424536","R-17-W308-111C-0117-0008","HAN, YAOTANG & XIUHUA WANG","11328 FLETCHER HALL LN  AUSTIN, TX 78717-4455","11328 FLETCHER HALL LN, AUSTIN, TX  78717","S8039 - Avery Ranch Far West Ph 1 Sec 1, BLOCK C, Lot 117","L591503E"," ","S8039 - Avery Ranch Far West Ph 1 Sec 1","Real","$461,217","$461,217"
"R424542","R-17-W308-111C-0123-0008","SOLTAU, NICHOLAS","11304 FLETCHER HALL LN  AUSTIN, TX 78717","11304 FLETCHER HALL LN, AUSTIN, TX  78717","S8039 - Avery Ranch Far West Ph 1 Sec 1, BLOCK C, Lot 123","L591503E"," ","S8039 - Avery Ranch Far West Ph 1 Sec 1","Real","$475,817","$475,817"
"R424556","R-17-W308-111M-0005-0008","RUO CHEN MA & XIAOLIN MA TRS CASITA MAMA REVOCABLE LIVING TRUST","788 110TH AVE NE #APT N2208 BELLEVUE, WA 98004-8395","11312 STAKED PLAINS DR, AUSTIN, TX  78717","S8039 - Avery Ranch Far West Ph 1 Sec 1, BLOCK M, Lot 5","L591503E"," ","S8039 - Avery Ranch Far West Ph 1 Sec 1","Real","$519,096","$519,096"
"R424559","R-17-W308-111M-0008-0008","BUGBEE, CHRISTOPHER BRIAN & HEIDI DAWNE","11324 STAKED PLAINS DR  AUSTIN, TX 78717","11324 STAKED PLAINS DR, AUSTIN, TX  78717","S8039 - Avery Ranch Far West Ph 1 Sec 1, BLOCK M, Lot 8","L591503E"," ","S8039 - Avery Ranch Far West Ph 1 Sec 1","Real","$547,832","$547,832"
"R424570","R-17-W308-111T-0009-0008","GU, JIEXUN & SENG HOW","62 MEDFORD  IRVINE, CA 92620-2153","11408 HATTERY LN, AUSTIN, TX  78717","S8039 - Avery Ranch Far West Ph 1 Sec 1, BLOCK T, Lot 9","L591503E"," ","S8039 - Avery Ranch Far West Ph 1 Sec 1","Real","$468,915","$468,915"
"R424576","R-17-W308-111T-0015-0008","KELLY, REBECCA ELIZABETH","14620 SPRINGS EDGE DR  AUSTIN, TX 78717-4473","14620 SPRINGS EDGE DR, AUSTIN, TX  78717","S8039 - Avery Ranch Far West Ph 1 Sec 1, BLOCK T, Lot 15","L591503E"," ","S8039 - Avery Ranch Far West Ph 1 Sec 1","Real","$417,081","$417,081"
"R424593","R-17-W308-111U-0012-0008","MESAROVIC, VLADIMIR & IVONNE NATAL-NIEVES","6900 RIMNER CV  AUSTIN, TX 78759","11212 HATTERY LN, AUSTIN, TX  78717","S8039 - Avery Ranch Far West Ph 1 Sec 1, BLOCK U, Lot 12","L591503E"," ","S8039 - Avery Ranch Far West Ph 1 Sec 1","Real","$434,373","$434,373"
"R424605","R-17-W308-111U-0024-0008","AHMAD, ASIF U & NAZIA ALAM","11301 CONCHOS RIVER TRL  AUSTIN, TX 78717","11301 CONCHOS RIVER TRL, AUSTIN, TX  78717","S8039 - Avery Ranch Far West Ph 1 Sec 1, BLOCK U, Lot 24","L591503E"," ","S8039 - Avery Ranch Far West Ph 1 Sec 1","Real","$437,267","$437,267"
"R424642","R-17-W308-112C-0110-0008","Unknown","Unknown","11420 FLETCHER HALL LN, AUSTIN, TX  78717","S8057 - Avery Ranch Far West Ph 1 Sec 2, BLOCK C, Lot 110","L591503E"," ","S8057 - Avery Ranch Far West Ph 1 Sec 2","Real","$447,626","$447,626"
"R424676","R-17-W308-112W-0019-0008","LELLIS, ANDREW D (TOD) & ANNA NICOLE (TOD)","11517 MISTY WHITE DR  AUSTIN, TX 78717-4466","11517 MISTY WHITE DR, AUSTIN, TX  78717","S8057 - Avery Ranch Far West Ph 1 Sec 2, BLOCK W, Lot 19","L591503E"," ","S8057 - Avery Ranch Far West Ph 1 Sec 2","Real","$641,878","$641,878"
"R424682","R-17-W308-112W-0025-0008","WILLIAMS, JOHN","11613 MISTY WHITE DR AUSTIN, TX 78717-4467","11613 MISTY WHITE DR, AUSTIN, TX  78717","S8057 - Avery Ranch Far West Ph 1 Sec 2, BLOCK W, Lot 25","L591503E"," ","S8057 - Avery Ranch Far West Ph 1 Sec 2","Real","$551,344","$551,344"
"R424696","R-17-W308-112Z-0004-0008","NALAMALAPU, VINOD REDDY & PRATHIBA DUVVURI","2454 CEDAR MEADOW LN CEDAR PARK, TX 78641-6236","11600 MISTY WHITE DR, AUSTIN, TX  78717","S8057 - Avery Ranch Far West Ph 1 Sec 2, BLOCK Z, Lot 4","L591503E"," ","S8057 - Avery Ranch Far West Ph 1 Sec 2","Real","$541,088","$541,088"
"R424705","R-17-W308-112Z-0013-0008","PARK, ERIC","3946 STANYAN DR ROUND ROCK, TX 78681-2489","11516 MISTY WHITE DR, AUSTIN, TX  78717","S8057 - Avery Ranch Far West Ph 1 Sec 2, BLOCK Z, Lot 13","L591503E"," ","S8057 - Avery Ranch Far West Ph 1 Sec 2","Real","$449,814","$449,814"
"R441868","R-17-W308-113A-A007-0008","BOYSEN, VICTORIA ELIZABETH & BRET HOFFMAN","14800 MISTLETOE HEIGHTS DR  AUSTIN, TX 78717-4485","14800 MISTLETOE HEIGHTS DR, AUSTIN, TX  78717","S8244 - Avery Ranch Far West Ph 1 Sec 3, BLOCK AA, Lot 7","L591503E"," ","S8244 - Avery Ranch Far West Ph 1 Sec 3","Real","$528,407","$528,407"
"R441877","R-17-W308-113A-A016-0008","RABORN, JOSHUA & LEANNE","14908 MISTLETOE HEIGHTS DR  AUSTIN, TX 78717-4490","14908 MISTLETOE HEIGHTS DR, AUSTIN, TX  78717","S8244 - Avery Ranch Far West Ph 1 Sec 3, BLOCK AA, Lot 16","L591503E"," ","S8244 - Avery Ranch Far West Ph 1 Sec 3","Real","$505,273","$505,273"
"R441891","R-17-W308-113C-0075-0008","HAPTAR, ANTON & HANNA","11020 SHALLOW WATER RD  AUSTIN, TX 78717-4681","11020 SHALLOW WATER RD, AUSTIN, TX  78717","S8244 - Avery Ranch Far West Ph 1 Sec 3, BLOCK C, Lot 75","L591503E"," ","S8244 - Avery Ranch Far West Ph 1 Sec 3","Real","$439,306","$439,306"
"R441894","R-17-W308-113C-0078-0008","GRADY, CLAIRE","11008 SHALLOW WATER RD  AUSTIN, TX 78717","11008 SHALLOW WATER RD, AUSTIN, TX  78717","S8244 - Avery Ranch Far West Ph 1 Sec 3, BLOCK C, Lot 78","L591503E"," ","S8244 - Avery Ranch Far West Ph 1 Sec 3","Real","$456,816","$456,816"
"R441900","R-17-W308-113C-0084-0008","CK PROPERTY GROUP LLC","14624 SWINLEY FOREST CV  AUSTIN, TX 78717","14700 LA LLORONA LN, AUSTIN, TX  78717","S8244 - Avery Ranch Far West Ph 1 Sec 3, BLOCK C, Lot 84","L591503E"," ","S8244 - Avery Ranch Far West Ph 1 Sec 3","Real","$506,563","$506,563"
"R441914","R-17-W308-113C-0098-0008","XU, MIN","16735 CHAMONIX TER  ROUND ROCK, TX 78681","11301 SHALLOW WATER CV, AUSTIN, TX  78717","S8244 - Avery Ranch Far West Ph 1 Sec 3, BLOCK C, Lot 98","L591503E"," ","S8244 - Avery Ranch Far West Ph 1 Sec 3","Real","$424,974","$424,974"
"R441928","R-17-W308-113D-D004-0008","BARELA, MARTIN & FANGLI ZHAN","14809 MISTLETOE HEIGHTS DR  AUSTIN, TX 78717","14809 MISTLETOE HEIGHTS DR, AUSTIN, TX  78717","S8244 - Avery Ranch Far West Ph 1 Sec 3, BLOCK DD, Lot 4","L591503E"," ","S8244 - Avery Ranch Far West Ph 1 Sec 3","Real","$505,271","$505,271"
"R441934","R-17-W308-113D-D010-0008","AVERY RANCH OWNERS ASSOC INC & ETAL","PO BOX 702348 DALLAS, TX 75370-2348","14808 SLINGSHOT RD, AUSTIN, TX  78717","S8244 - Avery Ranch Far West Ph 1 Sec 3, BLOCK DD, Lot 10, ACRES 0.3814, (OPEN SPACE)","L591503E"," ","S8244 - Avery Ranch Far West Ph 1 Sec 3","Real","$300","$300"
"R441954","R-17-W308-113Z-0017-0008","PINERO, DANIEL THOMAS","14724 STAKED PLAINS LOOP AUSTIN, TX 78717-4460","14724 STAKED PLAINS LOOP, AUSTIN, TX  78717","S8244 - Avery Ranch Far West Ph 1 Sec 3, BLOCK Z, Lot 17","L591503E"," ","S8244 - Avery Ranch Far West Ph 1 Sec 3","Real","$474,295","$474,295"
"R441977","R-17-W308-114B-B021-0008","DHAMIJA MANISH KRISHAN & MANU CHANGOTRA","10671 GROVELAND DR  LOS ALTOS, TX 94024","11305 DODGE CATTLE DR, AUSTIN, TX  78717","S8285 - Avery Ranch Far West Ph 1 Sec 4, BLOCK BB, Lot 21","L591503E"," ","S8285 - Avery Ranch Far West Ph 1 Sec 4","Real","$509,661","$509,661"
"R441997","R-17-W308-114C-0064-0008","SON, JUNG-HYUN & AHREUM G","3920 LOGAN RIDGE DR  CEDAR PARK, TX 78613","10917 DODGE CATTLE DR, AUSTIN, TX  78717","S8285 - Avery Ranch Far West Ph 1 Sec 4, BLOCK C, Lot 64","L591503E"," ","S8285 - Avery Ranch Far West Ph 1 Sec 4","Real","$439,673","$439,673"
"R442034","R-17-W308-114E-E006-0008","JERRY WANG & JUDY WANG TRS OF THE JNTJH WANG TRUST","245 CHESAPEAKE LN  SOUTHLAKE, TX 76092-8101","11216 CRAZY WELL DR, AUSTIN, TX  78717","S8285 - Avery Ranch Far West Ph 1 Sec 4, BLOCK EE, Lot 6","L591503E"," ","S8285 - Avery Ranch Far West Ph 1 Sec 4","Real","$430,995","$430,995"
"R442040","R-17-W308-114E-E012-0008","LAVAGNI, ERIC A & DANIELA P","11113 CRAZY WELL DR  AUSTIN, TX 78717","11205 LOS COMANCHEROS RD, AUSTIN, TX  78717","S8285 - Avery Ranch Far West Ph 1 Sec 4, BLOCK EE, Lot 12","L591503E"," ","S8285 - Avery Ranch Far West Ph 1 Sec 4","Real","$400,556","$400,556"
"R442054","R-17-W308-114F-F009-0008","DONOHOE, MARY LOUISE DEPUY JR","110 E LAKESHORE DR  DRIPPING SPRINGS, TX 78620","11000 CRAZY WELL DR, AUSTIN, TX  78717","S8285 - Avery Ranch Far West Ph 1 Sec 4, BLOCK FF, Lot 9","L591503E"," ","S8285 - Avery Ranch Far West Ph 1 Sec 4","Real","$423,255","$423,255"
"R442060","R-17-W308-114F-F015-0008","LAVAGNI, ERIC A","11113 LOS COMANCHEROS RD  AUSTIN, TX 78717","11113 LOS COMANCHEROS RD, AUSTIN, TX  78717","S8285 - Avery Ranch Far West Ph 1 Sec 4, BLOCK FF, Lot 15","L591503E"," ","S8285 - Avery Ranch Far West Ph 1 Sec 4","Real","$448,291","$448,291"
"R442063","R-17-W308-114G-G013-0008","LIU, YONGBIAO","11205 CRAZY WELL DR  AUSTIN, TX 78717-4429","11205 CRAZY WELL DR, AUSTIN, TX  78717","S8285 - Avery Ranch Far West Ph 1 Sec 4, BLOCK GG, Lot 13","L591503E"," ","S8285 - Avery Ranch Far West Ph 1 Sec 4","Real","$439,052","$439,052"
"R455439","R-17-W311-800A-0006-0008","RAMASWAMY, SRIKRISHNA","10732 CASITAS DR  AUSTIN, TX 78717","10732 CASITAS DR, AUSTIN, TX  78717","S8794 - CASITAS AT AVERY RANCH(SECOND AMENDED PLAT), BLOCK A, Lot 6","L591503E"," ","S8794 - CASITAS AT AVERY RANCH(SECOND AMENDED PLAT)","Real","$635,574","$635,574"
"R455453","R-17-W311-800A-0020-0008","CARLETON JOHN & DIANA TRUST","10920 CASITAS DR  AUSTIN, TX 78717","10920 CASITAS DR, AUSTIN, TX  78717","S8794 - CASITAS AT AVERY RANCH(SECOND AMENDED PLAT), BLOCK A, Lot 20","L591503E"," ","S8794 - CASITAS AT AVERY RANCH(SECOND AMENDED PLAT)","Real","$532,338","$532,338"
"R455462","R-17-W311-800A-0029-0008","NOLL, STEWART M","11004 CASITAS DR  AUSTIN, TX 78717","11004 CASITAS DR, AUSTIN, TX  78717","S8794 - CASITAS AT AVERY RANCH(SECOND AMENDED PLAT), BLOCK A, Lot 29","L591503E"," ","S8794 - CASITAS AT AVERY RANCH(SECOND AMENDED PLAT)","Real","$638,799","$638,799"
"R455476","R-17-W311-800A-0043-0008","AVERY RANCH OWNERS ASSOCIATION INC","9601 AMBERGLEN BLVD  #STE 150 AUSTIN, TX 78729","CASITAS DR, AUSTIN, TX  78717","S8794 - CASITAS AT AVERY RANCH(SECOND AMENDED PLAT), BLOCK A, Lot 43, ACRES 0.14, (OPEN SPACE)","L591503E"," ","S8794 - CASITAS AT AVERY RANCH(SECOND AMENDED PLAT)","Real","$300","$300"
"R455496","R-17-W311-800B-0020-0008","TANG KEVIN & JENNIFER","10905 CASITAS DR AUSTIN, TX 78717-3874","10905 CASITAS DR, AUSTIN, TX  78717","S8794 - CASITAS AT AVERY RANCH(SECOND AMENDED PLAT), BLOCK B, Lot 20","L591503E"," ","S8794 - CASITAS AT AVERY RANCH(SECOND AMENDED PLAT)","Real","$500,523","$500,523"
"R465600","R-17-W308-116C-0035-0008","WEI, HUAI (TOD)","8224 FOUNTAIN SPRINGS DR  PLANO, TX 75025-3997","12017 SPRINGS HEAD LOOP, AUSTIN, TX  78717","S8860 - AVERY RANCH FAR WEST PH 1 SEC 6, BLOCK C, Lot 35","L591503E"," ","S8860 - AVERY RANCH FAR WEST PH 1 SEC 6","Real","$493,400","$493,400"
"R465603","R-17-W308-116C-0038-0008","WINZELER, ELENA M & SANDOR M UNGI","12029 SPRINGS HEAD LOOP  AUSTIN, TX 78717","12029 SPRINGS HEAD LOOP, AUSTIN, TX  78717","S8860 - AVERY RANCH FAR WEST PH 1 SEC 6, BLOCK C, Lot 38","L591503E"," ","S8860 - AVERY RANCH FAR WEST PH 1 SEC 6","Real","$515,647","$515,647"
"R465609","R-17-W308-116X-0002-0008","GEER, JASON DUANE & KRISTEN KAY","11704 SPRINGS HEAD LOOP  AUSTIN, TX 78717","11704 SPRINGS HEAD LOOP, AUSTIN, TX  78717","S8860 - AVERY RANCH FAR WEST PH 1 SEC 6, BLOCK X, Lot 2","L591503E"," ","S8860 - AVERY RANCH FAR WEST PH 1 SEC 6","Real","$500,891","$500,891"
"R465617","R-17-W308-116X-0018-0008","WARE, NITIN & NILAM","11720 SPRINGS HEAD LOOP  AUSTIN, TX 78717","11720 SPRINGS HEAD LOOP, AUSTIN, TX  78717","S8860 - AVERY RANCH FAR WEST PH 1 SEC 6, BLOCK X, Lot 18","L591503E"," ","S8860 - AVERY RANCH FAR WEST PH 1 SEC 6","Real","$426,849","$426,849"
"R465623","R-17-W308-116Y-0006-0008","FERNANDO, ANTON L & NIRANJA V","15001 STAKED PLAINS LOOP  AUSTIN, TX 78717","15001 STAKED PLAINS LOOP, AUSTIN, TX  78717","S8860 - AVERY RANCH FAR WEST PH 1 SEC 6, BLOCK Y, Lot 6","L591503E"," ","S8860 - AVERY RANCH FAR WEST PH 1 SEC 6","Real","$507,854","$507,854"
"R465626","R-17-W308-116Y-0009-0008","LACEK, BRENDAN & CRISTIN HERRMANN","12020 SPRINGS HEAD LOOP  AUSTIN, TX 78717","12020 SPRINGS HEAD LOOP, AUSTIN, TX  78717","S8860 - AVERY RANCH FAR WEST PH 1 SEC 6, BLOCK Y, Lot 9","L591503E"," ","S8860 - AVERY RANCH FAR WEST PH 1 SEC 6","Real","$501,892","$501,892"
"R465637","R-17-W308-116Z-0028-0008","LEE, TAEKHUN & JULIE KIM","14924 STAKED PLAINS LOOP  AUSTIN, TX 78717","14924 STAKED PLAINS LOOP, AUSTIN, TX  78717","S8860 - AVERY RANCH FAR WEST PH 1 SEC 6, BLOCK Z, Lot 28","L591503E"," ","S8860 - AVERY RANCH FAR WEST PH 1 SEC 6","Real","$446,702","$446,702"
"R465992","R-17-W308-115H-0001-0008","KOTADIA, PRATIK RAMJIBHAI & JAYA PRATIK","14500 HOMESTEAD VILLAGE CIR  AUSTIN, TX 78717-4799","14500 HOMESTEAD VILLAGE CIR, AUSTIN, TX  78717","S8768 - AVERY RANCH FAR WEST PH 1 SEC 5, BLOCK H, Lot 1","L591503E"," ","S8768 - AVERY RANCH FAR WEST PH 1 SEC 5","Real","$518,137","$518,137"
"R465998","R-17-W308-115H-0007-0008","VON EINSIEDEL WANG, KATRYN C & GEORGE Y WANG","14524 HOMESTEAD VILLAGE CIR  AUSTIN, TX 78717","14524 HOMESTEAD VILLAGE CIR, AUSTIN, TX  78717","S8768 - AVERY RANCH FAR WEST PH 1 SEC 5, BLOCK H, Lot 7","L591503E"," ","S8768 - AVERY RANCH FAR WEST PH 1 SEC 5","Real","$594,048","$594,048"
"R466015","R-17-W308-115L-0014-0008","GUPTE, ANUP & MAYURA","15709 JEFFS LN  AUSTIN, TX 78717","14317 STAKED PLAINS LOOP, AUSTIN, TX  78717","S8768 - AVERY RANCH FAR WEST PH 1 SEC 5, BLOCK L, Lot 14","L591503E"," ","S8768 - AVERY RANCH FAR WEST PH 1 SEC 5","Real","$474,946","$474,946"
"R466035","R-17-W308-115M-0029-0008","KEAIS, JANET","14305 ROUNDTREE RNCH   76531 AUSTIN, TX 78717","14305 ROUNTREE RANCH LN, AUSTIN, TX  78717","S8768 - AVERY RANCH FAR WEST PH 1 SEC 5, BLOCK M, Lot 29","L591503E"," ","S8768 - AVERY RANCH FAR WEST PH 1 SEC 5","Real","$432,520","$432,520"
"R475210","R-17-W308-121K-0005-0008","MORI, KYLE & KIMBERLY","14112 ROUNTREE RANCH LN  AUSTIN, TX 78717","14112 ROUNTREE RANCH LN, AUSTIN, TX  78717","S9184 - AVERY RANCH FAR WEST PH 2 SEC 1, BLOCK K, Lot 5","L591503E"," ","S9184 - AVERY RANCH FAR WEST PH 2 SEC 1","Real","$650,213","$650,213"
"R475227","R-17-W308-121M-0007-0008","TIRUVAN, SANTOSH R & ZAREENA S SYED","16686 GAYLORD ST THORNTON, CO 80602-7469","15525 STAKED PLAINS LOOP, AUSTIN, TX  78717","S9184 - AVERY RANCH FAR WEST PH 2 SEC 1, BLOCK M, Lot 7","L591503E"," ","S9184 - AVERY RANCH FAR WEST PH 2 SEC 1","Real","$646,133","$646,133"
"R475233","R-17-W308-121N-0005-0008","ZHOU, SHUAIYUAN & JINGYI XIAO","15417 STAKED PLAINS LOOP  AUSTIN, TX 78717","15417 STAKED PLAINS LOOP, AUSTIN, TX  78717","S9184 - AVERY RANCH FAR WEST PH 2 SEC 1, BLOCK N, Lot 5","L591503E"," ","S9184 - AVERY RANCH FAR WEST PH 2 SEC 1","Real","$593,297","$593,297"
"R475236","R-17-W308-121Q-0032-0008","BORKOTOKY, PARASHAR & KASTURI GOSWAMI","11616 RUNNING BRUSH LN  AUSTIN, TX 78717","11616 RUNNING BRUSH LN, AUSTIN, TX  78717","S9184 - AVERY RANCH FAR WEST PH 2 SEC 1, BLOCK Q, Lot 32","L591503E"," ","S9184 - AVERY RANCH FAR WEST PH 2 SEC 1","Real","$656,475","$656,475"
"R475260","R-17-W308-122H-0007-0008","ACEVEDO, JOSE J & GUILLERMINA","15005 BOQUILLAS CANYON DR  AUSTIN, TX 78717-4825","15005 BOQUILLAS CANYON DR, AUSTIN, TX  78717","S9185 - AVERY RANCH FAR WEST PH 2 SEC 2, BLOCK H, Lot 7","L591503E"," ","S9185 - AVERY RANCH FAR WEST PH 2 SEC 2","Real","$449,245","$449,245"
"R475271","R-17-W308-122H-0018-0008","FRETENBOROUGH KIER ALLEN & MIA GENESIS WILKES","11528 RUNNING BRUSH LN  AUSTIN, TX 78717-4849","11528 RUNNING BRUSH LN, AUSTIN, TX  78717","S9185 - AVERY RANCH FAR WEST PH 2 SEC 2, BLOCK H, Lot 18","L591503E"," ","S9185 - AVERY RANCH FAR WEST PH 2 SEC 2","Real","$456,332","$456,332"
"R475277","R-17-W308-122J-0002-0008","WILDE, JEFFREY & KENDRA","14005 ROUNTREE RANCH LN  AUSTIN, TX 78717","14005 ROUNTREE RANCH LN, AUSTIN, TX  78717","S9185 - AVERY RANCH FAR WEST PH 2 SEC 2, BLOCK J, Lot 2","L591503E"," ","S9185 - AVERY RANCH FAR WEST PH 2 SEC 2","Real","$561,862","$565,144"
"R475283","R-17-W308-122J-0014-0008","LIU, YU & RUOSHI LI","14008 BOQUILLAS CANYON DR  AUSTIN, TX 78717","14008 BOQUILLAS CANYON DR, AUSTIN, TX  78717","S9185 - AVERY RANCH FAR WEST PH 2 SEC 2, BLOCK J, Lot 14","L591503E"," ","S9185 - AVERY RANCH FAR WEST PH 2 SEC 2","Real","$510,332","$510,332"
"R475291","R-17-W308-122M-0015-0008","LIU, TUO & SIMAN WEI","11505 RUNNING BRUSH LN  AUSTIN, TX 78717","11505 RUNNING BRUSH LN, AUSTIN, TX  78717","S9185 - AVERY RANCH FAR WEST PH 2 SEC 2, BLOCK M, Lot 15","L591503E"," ","S9185 - AVERY RANCH FAR WEST PH 2 SEC 2","Real","$452,792","$452,792"
"R475297","R-17-W308-122M-0021-0008","ELESSAWY, WAEL","11529 RUNNING BRUSH LN AUSTIN, TX 78717-4849","11529 RUNNING BRUSH LN, AUSTIN, TX  78717","S9185 - AVERY RANCH FAR WEST PH 2 SEC 2, BLOCK M, Lot 21","L591503E"," ","S9185 - AVERY RANCH FAR WEST PH 2 SEC 2","Real","$520,670","$520,670"
"R486658","R-17-W308-123A-0001-0008","AVERY RANCH OWNERS ASSOCIATION INC","9601 AMBERGLEN BLVD  #STE 150 AUSTIN, TX 78729","14208 MARATHON RD, AUSTIN, TX  78717","S9414 - AVERY RANCH FAR WEST PH 2 SEC 3, BLOCK A, Lot 1, ACRES 1.117, (PARK)","L591503E"," ","S9414 - AVERY RANCH FAR WEST PH 2 SEC 3","Real","$13,883","$13,883"
"R486661","R-17-W308-123A-0004-0008","SIKDER, MUHAMMAD A & NAYER Q","14232 MARATHON RD  AUSTIN, TX 78717","14232 MARATHON RD, AUSTIN, TX  78717","S9414 - AVERY RANCH FAR WEST PH 2 SEC 3, BLOCK A, Lot 4","L591503E"," ","S9414 - AVERY RANCH FAR WEST PH 2 SEC 3","Real","$447,925","$447,925"
"R486667","R-17-W308-123A-0010-0008","PALMER, DAVID HOLT","14316 MARATHON RD  AUSTIN, TX 78717","14316 MARATHON RD, AUSTIN, TX  78717","S9414 - AVERY RANCH FAR WEST PH 2 SEC 3, BLOCK A, Lot 10","L591503E"," ","S9414 - AVERY RANCH FAR WEST PH 2 SEC 3","Real","$451,618","$451,618"
"R486684","R-17-W308-123B-0007-0008","ROY, KAUSHIK & SHARMILI TRUSTEES OF KAUSHIK AND SHARMILI LIVING TRUST","322 SUNFISH CT FOSTER CITY, CA 94404-1912","11113 PERSIMMON GAP DR, AUSTIN, TX  78717","S9414 - AVERY RANCH FAR WEST PH 2 SEC 3, BLOCK B, Lot 7","L591503E"," ","S9414 - AVERY RANCH FAR WEST PH 2 SEC 3","Real","$478,173","$478,173"
"R486695","R-17-W308-123B-0018-0008","PETERMAN, RYAN LEWIS","434 NOE ST  SAN FRANCISCO, CA 94114","14129 WILLOW TANK DR, AUSTIN, TX  78717","S9414 - AVERY RANCH FAR WEST PH 2 SEC 3, BLOCK B, Lot 18","L591503E"," ","S9414 - AVERY RANCH FAR WEST PH 2 SEC 3","Real","$449,613","$449,613"
"R486701","R-17-W308-123C-0009-0008","KORTHALS, WILLIAM EDWARD & ABBEY B","11104 OLD QUARRY RD  AUSTIN, TX 78717","11104 OLD QUARRY RD, AUSTIN, TX  78717","S9414 - AVERY RANCH FAR WEST PH 2 SEC 3, BLOCK C, Lot 9","L591503E"," ","S9414 - AVERY RANCH FAR WEST PH 2 SEC 3","Real","$483,310","$483,310"
"R486715","R-17-W308-123E-0001-0008","SAJID, KHUSRO & MUNAWAR FARAH IQBAL","9609 INDINA HILLS DR  AUSTIN, TX 78717","11224 PERSIMMON GAP DR, AUSTIN, TX  78717","S9414 - AVERY RANCH FAR WEST PH 2 SEC 3, BLOCK E, Lot 1","L591503E"," ","S9414 - AVERY RANCH FAR WEST PH 2 SEC 3","Real","$506,393","$506,393"
"R486721","R-17-W308-123E-0007-0008","MCDEARMON, REBECCA JANICE & ALAN","11200 PERSIMMON GAP DR AUSTIN, TX 78717-4880","11200 PERSIMMON GAP DR, AUSTIN, TX  78717","S9414 - AVERY RANCH FAR WEST PH 2 SEC 3, BLOCK E, Lot 7","L591503E"," ","S9414 - AVERY RANCH FAR WEST PH 2 SEC 3","Real","$458,230","$458,230"
"R489262","R-17-W308-124B-0022-0008","BLANCHETTE, EARL E & VICTORIA L","14113 WILLOW TANK DR  AUSTIN, TX 78717-4883","14113 WILLOW TANK DR, AUSTIN, TX  78717","S9460 - AVERY RANCH FAR WEST PH 2 SEC 4, BLOCK B, Lot 22","L591503E"," ","S9460 - AVERY RANCH FAR WEST PH 2 SEC 4","Real","$512,339","$512,339"
"R489299","R-17-W308-124C-0014-0008","KIM YOO INVESTMENTS LLC SERIES 14104 WILLOW TANK DR","15101 CALAVERAS DR  AUSTIN, TX 78717-4597","14104 WILLOW TANK DR, AUSTIN, TX  78717","S9460 - AVERY RANCH FAR WEST PH 2 SEC 4, BLOCK C, Lot 14","L591503E"," ","S9460 - AVERY RANCH FAR WEST PH 2 SEC 4","Real","$469,161","$469,161"
"R489311","R-17-W308-124D-0024-0008","POLLARD, JACOB & KRISTIN OH","14116 CANYON TRL  AUSTIN, TX 78717","14116 CANYON TRL, AUSTIN, TX  78717","S9460 - AVERY RANCH FAR WEST PH 2 SEC 4, BLOCK D, Lot 24","L591503E"," ","S9460 - AVERY RANCH FAR WEST PH 2 SEC 4","Real","$523,650","$523,650"
"R489319","R-17-W308-124D-0032-0008","MURPHREE, SUSAN D","11221 MCKINNEY SPRINGS DR AUSTIN, TX 78717-4891","11221 MC KINNEY SPRING DR, AUSTIN, TX  78717","S9460 - AVERY RANCH FAR WEST PH 2 SEC 4, BLOCK D, Lot 32","L591503E"," ","S9460 - AVERY RANCH FAR WEST PH 2 SEC 4","Real","$451,716","$451,716"
"R489328","R-17-W308-124F-0009-0008","CHAM, KIM CHWEE","11112 MCKINNEY SPRING DR  AUSTIN, TX 78717","11112 MC KINNEY SPRING DR, AUSTIN, TX  78717","S9460 - AVERY RANCH FAR WEST PH 2 SEC 4, BLOCK F, Lot 9","L591503E"," ","S9460 - AVERY RANCH FAR WEST PH 2 SEC 4","Real","$436,517","$436,517"
"R489342","R-17-W308-124B-0052-0008","AVERY RANCH OWNERS ASSOCIATION INC","9601 AMBERGLEN BLVD  #STE 150 AUSTIN, TX 78729","14041 TURKEY HOLLOW TRL, AUSTIN, TX  78717","S9460 - AVERY RANCH FAR WEST PH 2 SEC 4, BLOCK B, Lot 52, ACRES 0.77, (OPEN SPACE)","L591503E"," ","S9460 - AVERY RANCH FAR WEST PH 2 SEC 4","Real","$300","$300"
"R507179","R-17-W308-132B-0009-0008","MALOTT, VICTORIA MICHELLE","11213 WYOLA BND  AUSTIN, TX 78717","11213 WYOLA BND, AUSTIN, TX  78717","S10030 - AVERY RANCH FAR WEST PH 3 SEC 2, BLOCK B, Lot 9, ACRES 0.166","L591503E"," ","S10030 - AVERY RANCH FAR WEST PH 3 SEC 2","Real","$532,857","$532,857"
"R507188","R-17-W308-132C-0001-0008","SHOLOKHOV, DANIL","13918 TURKEY HOLLOW TRL  AUSTIN, TX 78717","13918 TURKEY HOLLOW TRL, AUSTIN, TX  78717","S10030 - AVERY RANCH FAR WEST PH 3 SEC 2, BLOCK C, Lot 1, ACRES 0.134","L591503E"," ","S10030 - AVERY RANCH FAR WEST PH 3 SEC 2","Real","$465,060","$465,060"
"R507202","R-17-W308-132C-0015-0008","RAUT, ASMITA G","2506 LOU HOLLOW PL  CEDAR PARK, TX 78613-3107","13912 MARATHON RD, AUSTIN, TX  78717","S10030 - AVERY RANCH FAR WEST PH 3 SEC 2, BLOCK C, Lot 15, ACRES 0.138","L591503E"," ","S10030 - AVERY RANCH FAR WEST PH 3 SEC 2","Real","$432,970","$432,970"
"R514551","R-17-W308-133F-0010-0008","LAU, TINA & CRAIG SUN","18919 LIBERTY LANDING DR  CYPRESS, TX 77433-5006","11609 HARPSTER BND, AUSTIN, TX  78717","S10208 - AVERY RANCH FAR WEST PH 3 SEC 3, BLOCK F, Lot 10, ACRES 0.129","L591503E"," ","S10208 - AVERY RANCH FAR WEST PH 3 SEC 3","Real","$457,801","$457,801"
"R514560","R-17-W308-133G-0007-0008","TRINE, ERIC & QUYNH N","13809 TURKEY HOLLOW TRL  AUSTIN, TX 78717","13809 TURKEY HOLLOW TRL, AUSTIN, TX  78717","S10208 - AVERY RANCH FAR WEST PH 3 SEC 3, BLOCK G, Lot 7, ACRES 0.17","L591503E"," ","S10208 - AVERY RANCH FAR WEST PH 3 SEC 3","Real","$462,345","$462,345"
"R514571","R-17-W308-133G-0018-0008","MURTHY, PRATHEEK LAKUR KRISHNA & VAISHNAVI CHITLOOR VENKATESH","1816 CULLERA DR LEANDER, TX 78641-5507","11512 HARPSTER BND, AUSTIN, TX  78717","S10208 - AVERY RANCH FAR WEST PH 3 SEC 3, BLOCK G, Lot 18, ACRES 0.254","L591503E"," ","S10208 - AVERY RANCH FAR WEST PH 3 SEC 3","Real","$505,559","$505,559"
"R514585","R-17-W308-134D-0009-0008","FRITSCH, ERIC N & KENDALL M","11613 YEADON WAY  AUSTIN, TX 78717","11613 YEADON WAY, AUSTIN, TX  78717","S10209 - AVERY RANCH FAR WEST PH 3 SEC 4, BLOCK D, Lot 9, ACRES 0.158","L591503E"," ","S10209 - AVERY RANCH FAR WEST PH 3 SEC 4","Real","$597,186","$597,186"
"R514605","R-17-W308-134E-0004-0008","SAUREZ ALONSO JOSE SERAVALLI & JAGODA KRECISZ SZYMANSKA","11612 YEADON WAY  AUSTIN, TX 78717-4982","11612 YEADON WAY, AUSTIN, TX  78717","S10209 - AVERY RANCH FAR WEST PH 3 SEC 4, BLOCK E, Lot 4, ACRES 0.129","L591503E"," ","S10209 - AVERY RANCH FAR WEST PH 3 SEC 4","Real","$459,803","$459,803"
"R525045","R-17-W308-135H-0005","KUPPUSWAMY, VENKATESH AUNGADU & UMAMAGESHWARI PURUSHOTHAMAN","11613 SANTA ELENA LN  AUSTIN, TX 78717","11613 SANTA ELENA LN, AUSTIN, TX  78717","S10513 - AVERY RANCH FAR WEST PH 3 SEC 5, BLOCK H, Lot 5","L591503E"," ","S10513 - AVERY RANCH FAR WEST PH 3 SEC 5","Real","$568,259","$568,259"
"R525065","R-17-W308-135M-0017","SINGH, MANMEET & HARPREET WALIA","11516 READING WAY  AUSTIN, TX 78717","11516 READING WAY, AUSTIN, TX  78717","S10513 - AVERY RANCH FAR WEST PH 3 SEC 5, BLOCK M, Lot 17","L591503E"," ","S10513 - AVERY RANCH FAR WEST PH 3 SEC 5","Real","$669,634","$669,634"
"R525336","R-17-W308-135A-H001","PHAM, KEVIN & CYNTHIA YI","11709 SANTA ELENA LN  AUSTIN, TX 78717-5078","11709 SANTA ELENA LN, AUSTIN, TX  78717","S10514 - AVERY RANCH FAR WEST PH 3 SEC 5-A, BLOCK H, Lot 1","L591503E"," ","S10514 - AVERY RANCH FAR WEST PH 3 SEC 5-A","Real","$666,952","$666,952"
"R525342","R-17-W308-135A-M028","FENG, XIANYONG & KEHUA YOU","11700 SANTA ELENA LN  AUSTIN, TX 78717","11700 SANTA ELENA LN, AUSTIN, TX  78717","S10514 - AVERY RANCH FAR WEST PH 3 SEC 5-A, BLOCK M, Lot 28","L591503E"," ","S10514 - AVERY RANCH FAR WEST PH 3 SEC 5-A","Real","$652,081","$652,081"
"R533347","R-17-W308-136H-0030","POUDYAL, MANISH & ASMITA GYAWALI","11613 READING CT  AUSTIN, TX 78717","11613 READING CT, AUSTIN, TX  78717","S10765 - AVERY RANCH FAR WEST PH 3 SEC 6, BLOCK H, Lot 30","L591503E"," ","S10765 - AVERY RANCH FAR WEST PH 3 SEC 6","Real","$621,371","$621,371"
"R533361","R-17-W308-136M-0001","AVERY RANCH OWNERS ASSOCIATION INC","9601 AMBERGLEN BLVD  #STE 150 AUSTIN, TX 78729","11300 READING WAY, AUSTIN, TX  78717","S10765 - AVERY RANCH FAR WEST PH 3 SEC 6, BLOCK M, Lot 1, ACRES 0.84, (AMENITY AREA)","L591503E"," ","S10765 - AVERY RANCH FAR WEST PH 3 SEC 6","Real","$122,919","$122,919"
"R533367","R-17-W308-136M-0007","MANDEKAR, MAHESH & SNEHA KADAM","11400 READING WAY  AUSTIN, TX 78717","11400 READING WAY, AUSTIN, TX  78717","S10765 - AVERY RANCH FAR WEST PH 3 SEC 6, BLOCK M, Lot 7","L591503E"," ","S10765 - AVERY RANCH FAR WEST PH 3 SEC 6","Real","$514,510","$514,510"
"R538415","R-17-W308-137H-0055","DE ANDRADE, RICARDO F & ERICA A","12117 WICKLINE WAY  AUSTIN, TX 78717","12117 WICKLINE WAY, AUSTIN, TX  78717","S10895 - AVERY RANCH FAR WEST PH 3 SEC 7, BLOCK H, Lot 55","L591503E"," ","S10895 - AVERY RANCH FAR WEST PH 3 SEC 7","Real","$465,039","$465,039"
"R538429","R-17-W308-137H-0068","BASHAR, SAM K & SETERA","12020 WICKLINE WAY  AUSTIN, TX 78717","12020 WICKLINE WAY, AUSTIN, TX  78717","S10895 - AVERY RANCH FAR WEST PH 3 SEC 7, BLOCK H, Lot 68","L591503E"," ","S10895 - AVERY RANCH FAR WEST PH 3 SEC 7","Real","$517,324","$517,324"
"R538438","R-17-W308-137H-0077","VERMA, ANKUSH & ASHU","11813 HARPSTER BND  AUSTIN, TX 78717","11813 HARPSTER BND, AUSTIN, TX  78717","S10895 - AVERY RANCH FAR WEST PH 3 SEC 7, BLOCK H, Lot 77","L591503E"," ","S10895 - AVERY RANCH FAR WEST PH 3 SEC 7","Real","$467,253","$467,253"
"R538449","R-17-W308-137J-0013","KIM, DOHYEONG & WISUN NOH","12112 WICKLINE WAY  AUSTIN, TX 78717","12112 WICKLINE WAY, AUSTIN, TX  78717","S10895 - AVERY RANCH FAR WEST PH 3 SEC 7, BLOCK J, Lot 13","L591503E"," ","S10895 - AVERY RANCH FAR WEST PH 3 SEC 7","Real","$510,921","$510,921"
"R538452","R-17-W308-137J-0016","PIEPER, SCOTT MARSHALL & JULIE CAROL BROWDER","12100 WICKLINE WAY  AUSTIN, TX 78717","12100 WICKLINE WAY, AUSTIN, TX  78717","S10895 - AVERY RANCH FAR WEST PH 3 SEC 7, BLOCK J, Lot 16","L591503E"," ","S10895 - AVERY RANCH FAR WEST PH 3 SEC 7","Real","$586,025","$586,025"
"R402768","R-17-W308-810A-0004-0008","SHARMA, SAUMYA","1880 LEE WAY  MILPITAS, CA 95035-9010","14613 BALLYCASTLE TRL, AUSTIN, TX  78717","AVERY RANCH WEST PH 1, BLOCK A, LOT 4","L591503E"," ","S7489 - Avery Ranch West Ph 1","Real","$436,562","$436,562"
"R402771","R-17-W308-810A-0007-0008","MOLINA, CARLOS & AMANDA","14616 BALLYCASTLE TRL  AUSTIN, TX 78717","14616 BALLYCASTLE TRL, AUSTIN, TX  78717","S7489 - Avery Ranch West Ph 1, BLOCK A, Lot 7","L591503E"," ","S7489 - Avery Ranch West Ph 1","Real","$509,983","$509,983"
"R402777","R-17-W308-810A-0013-0008","SHEA BULB LLC","385 RIVER OAKS PKWY APT 1043 SAN JOSE, CA 95134-3469","10513 CANOA HILLS TRL S, AUSTIN, TX  78717","S7489 - Avery Ranch West Ph 1, BLOCK A, Lot 13","L591503E"," ","S7489 - Avery Ranch West Ph 1","Real","$447,989","$447,989"
"R402780","R-17-W308-810A-0016-0008","ANDERSON, LINDLEY","14613 SWINLEY FOREST CV  AUSTIN, TX 78717","14613 SWINLEY FOREST CV, AUSTIN, TX  78717","S7489 - Avery Ranch West Ph 1, BLOCK A, Lot 16","L591503E"," ","S7489 - Avery Ranch West Ph 1","Real","$423,922","$423,922"
"R402791","R-17-W308-810A-0027-0008","AVERY RANCH OWNERS ASSOC INC","PO BOX 702348 DALLAS, TX 75370-2348","14701 AVERY RANCH BLVD, AUSTIN, TX  78717","S7489 - Avery Ranch West Ph 1, BLOCK A, Lot 27, ACRES 8.11, (OPEN SPACE)","L591503E"," ","S7489 - Avery Ranch West Ph 1","Real","$2,433","$2,433"
"R402794","R-17-W308-810A-0030-0008","KIRAN KUMAR CHINTALAPATI & LASYA VATSAVAYA COTRS KCLV FAMILY REVOCABLE TRUST","2448 BEL PAESE BND  LEANDER, TX 78641-4776","10644 ROYAL TARA CV, AUSTIN, TX  78717","S7489 - Avery Ranch West Ph 1, BLOCK A, Lot 30","L591503E"," ","S7489 - Avery Ranch West Ph 1","Real","$452,709","$452,709"
"R402800","R-17-W308-810A-0036-0008","SEEBER, TRACY ANN TRUSTEE OF TRACY SEEBER LIV TR & ALAN HOSKINS","20279 ESTUARY LN NEWPORT BEACH, CA 92660-5606","10620 ROYAL TARA CV, AUSTIN, TX  78717","S7489 - Avery Ranch West Ph 1, BLOCK A, Lot 36","L591503E"," ","S7489 - Avery Ranch West Ph 1","Real","$513,640","$513,640"
"R402808","R-17-W308-810A-0044-0008","SADSAD, CHRISTOPHER V","10613 ROYAL TARA CV AUSTIN, TX 78717-4450","10613 ROYAL TARA CV, AUSTIN, TX  78717","S7489 - Avery Ranch West Ph 1, BLOCK A, Lot 44","L591503E"," ","S7489 - Avery Ranch West Ph 1","Real","$473,043","$473,043"
"R402814","R-17-W308-810A-0050-0008","HAMED, SYED N","10637 ROYAL TARA CV  AUSTIN, TX 78717","10637 ROYAL TARA CV, AUSTIN, TX  78717","S7489 - Avery Ranch West Ph 1, BLOCK A, Lot 50","L591503E"," ","S7489 - Avery Ranch West Ph 1","Real","$434,421","$434,421"
"R402820","R-17-W308-810B-0003-0008","PIGERA, NOEL L","16608 BARRHEAD CV AUSTIN, TX 78717-5511","10529 HAINSWORTH PARK, AUSTIN, TX  78717","S7489 - Avery Ranch West Ph 1, BLOCK B, Lot 3","L591503E"," ","S7489 - Avery Ranch West Ph 1","Real","$428,808","$428,808"
"R402831","R-17-W308-810B-0014-0008","ZHANG, XIAOYAN YANNI (TOD) & TING HO (TOD)","2015 RUE DE ST TROPEZ AUSTIN, TX 78746-1951","14509 MOWSBURY DR, AUSTIN, TX  78717","S7489 - Avery Ranch West Ph 1, BLOCK B, Lot 14","L591503E"," ","S7489 - Avery Ranch West Ph 1","Real","$428,050","$428,050"
"R402840","R-17-W308-810B-0023-0008","BARNES, LESLIE","10508 CANOA HILLS TRL  AUSTIN, TX 78717","10508 CANOA HILLS TRL S, AUSTIN, TX  78717","S7489 - Avery Ranch West Ph 1, BLOCK B, Lot 23","L591503E"," ","S7489 - Avery Ranch West Ph 1","Real","$434,789","$434,789"
"R402851","R-17-W308-810B-0048-0008","SURESH, SAI NISHANT","14433 LILLEY BROOK CV  AUSTIN, TX 78717","14433 LILLEY BROOK CV, AUSTIN, TX  78717","S7489 - Avery Ranch West Ph 1, BLOCK B, Lot 48","L591503E"," ","S7489 - Avery Ranch West Ph 1","Real","$415,909","$415,909"
"R402854","R-17-W308-810B-0051-0008","GEOGHAN, KEVIN","14445 LILLEY BROOK CV AUSTIN, TX 78717-4432","14445 LILLEY BROOK CV, AUSTIN, TX  78717","S7489 - Avery Ranch West Ph 1, BLOCK B, Lot 51","L591503E"," ","S7489 - Avery Ranch West Ph 1","Real","$445,252","$445,252"
"R402871","R-17-W308-810C-0002-0008","NI, CHIA-LUNG & LI-HUA CHEN","9913 MORGAN CREEK DR  AUSTIN, TX 78717","10520 HAINSWORTH PARK DR, AUSTIN, TX  78717","S7489 - Avery Ranch West Ph 1, BLOCK C, Lot 2","L591503E"," ","S7489 - Avery Ranch West Ph 1","Real","$410,435","$410,435"
"R402874","R-17-W308-810C-0005-0008","LIM, IVAN","504 KODIAK TRL  CEDAR PARK, TX 78613-4108","10508 HAINSWORTH PARK, AUSTIN, TX  78717","S7489 - Avery Ranch West Ph 1, BLOCK C, Lot 5","L591503E"," ","S7489 - Avery Ranch West Ph 1","Real","$427,823","$427,823"
"R402880","R-17-W308-810E-0006-0008","LE, THINH TRONG","PO BOX 200241 AUSTIN, TX 78720","14420 MOWSBURY DR, AUSTIN, TX  78717","S7489 - Avery Ranch West Ph 1, BLOCK E, Lot 6","L591503E"," ","S7489 - Avery Ranch West Ph 1","Real","$409,703","$409,703"
"R402891","R-17-W308-810E-0017-0008","AVERY RANCH OWNERS ASSOC INC","PO BOX 702348 DALLAS, TX 75370-2348","CANOA HILLS TRL, AUSTIN, TX  78717","S7489 - Avery Ranch West Ph 1, BLOCK E, Lot 17, ACRES 0.01, (LANDSCAPE)","L591503E"," ","S7489 - Avery Ranch West Ph 1","Real","$300","$300"
"R402895","R-17-W308-810F-0011-0008","WANKHEDE, ABHIJEET & PRACHI MAID","14521 WHARTON PARK TRL  AUSTIN, TX 78717","14521 WHARTON PARK TRL, AUSTIN, TX  78717","S7489 - Avery Ranch West Ph 1, BLOCK F, Lot 11","L591503E"," ","S7489 - Avery Ranch West Ph 1","Real","$456,360","$456,360"
"R402898","R-17-W308-810F-0014-0008","WONG, YAN YI","14533 WHARTON PARK TRL AUSTIN, TX 78717","14533 WHARTON PARK TRL, AUSTIN, TX  78717","S7489 - Avery Ranch West Ph 1, BLOCK F, Lot 14","L591503E"," ","S7489 - Avery Ranch West Ph 1","Real","$456,559","$456,559"
"R402901","R-17-W308-810F-0017-0008","CHAE, WOO HYUN & EUNAE LEE","14524 WHARTON PARK TRL  AUSTIN, TX 78717-4408","14524 WHARTON PARK TRL, AUSTIN, TX  78717","S7489 - Avery Ranch West Ph 1, BLOCK F, Lot 17","L591503E"," ","S7489 - Avery Ranch West Ph 1","Real","$571,580","$571,580"
"R402912","R-17-W308-810G-0009-0008","PAZ JENARO & ALISSA B JONES","14516 WHARTON PARK TRL  AUSTIN, TX 78717-4408","14516 WHARTON PARK TRL, AUSTIN, TX  78717","S7489 - Avery Ranch West Ph 1, BLOCK G, Lot 9","L591503E"," ","S7489 - Avery Ranch West Ph 1","Real","$567,246","$567,246"
"R402915","R-17-W308-810G-0012-0008","HU, SHAOTING & QINGLONG LI","10716 SYCAMORE HILLS RD  AUSTIN, TX 78717","10716 SYCAMORE HILLS RD, AUSTIN, TX  78717","S7489 - Avery Ranch West Ph 1, BLOCK G, Lot 12","L591503E"," ","S7489 - Avery Ranch West Ph 1","Real","$548,758","$548,758"
"R402918","R-17-W308-810G-0015-0008","BUSH, ANTHONY & AMY","14500 TEMPLEMORE CV  AUSTIN, TX 78717","14500 TEMPLEMORE CV, AUSTIN, TX  78717","S7489 - Avery Ranch West Ph 1, BLOCK G, Lot 15","L591503E"," ","S7489 - Avery Ranch West Ph 1","Real","$637,106","$637,106"
"R402921","R-17-W308-810G-0018-0008","STERN, FRED R & MARILYN J","10720 SYCAMORE HILLS RD AUSTIN, TX 78717-4402","10720 SYCAMORE HILLS RD, AUSTIN, TX  78717","S7489 - Avery Ranch West Ph 1, BLOCK G, Lot 18","L591503E"," ","S7489 - Avery Ranch West Ph 1","Real","$538,499","$538,499"
"R402927","R-17-W308-810H-0004-0008","DADARKAR, MANAS & KAJAL SAHANI","3805 ARROW WOOD RD CEDAR PARK, TX 78613-7679","10724 KILKEE CV, AUSTIN, TX  78717","S7489 - Avery Ranch West Ph 1, BLOCK H, Lot 4","L591503E"," ","S7489 - Avery Ranch West Ph 1","Real","$495,562","$495,562"
"R402938","R-17-W308-810H-0015-0008","BONAB, ELMIRA M","13117 COUNTRY LAKE DR AUSTIN, TX 78732-1900","10717 KILKEE CV, AUSTIN, TX  78717","S7489 - Avery Ranch West Ph 1, BLOCK H, Lot 15","L591503E"," ","S7489 - Avery Ranch West Ph 1","Real","$504,722","$504,722"
"R402944","R-17-W308-810H-0021-0008","CHEN, JIANSHENG","15231 CALAVERAS DR  AUSTIN, TX 78717","14701 BANBRIDGE TRL, AUSTIN, TX  78717","S7489 - Avery Ranch West Ph 1, BLOCK H, Lot 21","L591503E"," ","S7489 - Avery Ranch West Ph 1","Real","$544,364","$544,364"
"R402955","R-17-W308-810H-0032-0008","VAN DINH, LAN ANH & ZACHARY BARDWELL","14805 BANBRIDGE TRL  AUSTIN, TX 78717","14805 BANBRIDGE TRL, AUSTIN, TX  78717","S7489 - Avery Ranch West Ph 1, BLOCK H, Lot 32","L591503E"," ","S7489 - Avery Ranch West Ph 1","Real","$510,918","$510,918"
"R402958","R-17-W308-810H-0035-0008","TYLER, DIANE C & PATRICK HOWARD","14909 BANBRIDGE TRL  AUSTIN, TX 78717","14909 BANBRIDGE TRL, AUSTIN, TX  78717","S7489 - Avery Ranch West Ph 1, BLOCK H, Lot 35","L591503E"," ","S7489 - Avery Ranch West Ph 1","Real","$614,943","$614,943"
"R402964","R-17-W308-810H-0054-0008","WARREN, GLENN R","9621 INDINA HLS  AUSTIN, TX 78717","10908 CANOA HILLS TRL N, AUSTIN, TX  78717","S7489 - Avery Ranch West Ph 1, BLOCK H, Lot 54","L591503E"," ","S7489 - Avery Ranch West Ph 1","Real","$531,329","$531,329"
"R402976","R-17-W308-810J-0011-0008","GOUSSET, GILDAS ANDRE & SOPHIE","14540 BALLYCLARC DR  AUSTIN, TX 78717","14540 BALLYCLARC DR, AUSTIN, TX  78717","S7489 - Avery Ranch West Ph 1, BLOCK J, Lot 11","L591503E"," ","S7489 - Avery Ranch West Ph 1","Real","$494,937","$494,937"
"R402979","R-17-W308-810K-0003-0008","AL-SUKHNI, HASSAN & JUAMANA ABU-INAP","612 GLACIAL STREAM LN  CEDAR PARK, TX 78613-7865","10909 CANOA HILLS TRL N, AUSTIN, TX  78717","S7489 - Avery Ranch West Ph 1, BLOCK K, Lot 3","L591503E"," ","S7489 - Avery Ranch West Ph 1","Real","$621,046","$621,046"
"R402982","R-17-W308-810K-0006-0008","ADVANI, SHARMILA","14820 BANBRIDGE TRL  AUSTIN, TX 78717","14820 BANBRIDGE TRL, AUSTIN, TX  78717","S7489 - Avery Ranch West Ph 1, BLOCK K, Lot 6","L591503E"," ","S7489 - Avery Ranch West Ph 1","Real","$601,822","$601,822"
"R402988","R-17-W308-810L-0001-0008","SAVALE, AMEYA & DEVINA ARVIND","14601 BALLIMAMORE DR  AUSTIN, TX 78717","14601 BALLIMAMORE DR, AUSTIN, TX  78717","S7489 - Avery Ranch West Ph 1, BLOCK L, Lot 1","L591503E"," ","S7489 - Avery Ranch West Ph 1","Real","$525,880","$525,880"
"R402996","R-17-W308-810L-0009-0008","COCKE, WILLIAM G & VALERIA I","14616 BALLYCLARC DR  AUSTIN, TX 78717","14616 BALLYCLARC DR, AUSTIN, TX  78717","S7489 - Avery Ranch West Ph 1, BLOCK L, Lot 9","L591503E"," ","S7489 - Avery Ranch West Ph 1","Real","$506,726","$506,726"
"R402999","R-17-W308-810M-0003-0008","ERRAMILLI, VISHNU & SRAVYA GARLADENNE","14609 BALLYCLARC DR AUSTIN, TX 78717-4411","14609 BALLYCLARC DR, AUSTIN, TX  78717","S7489 - Avery Ranch West Ph 1, BLOCK M, Lot 3","L591503E"," ","S7489 - Avery Ranch West Ph 1","Real","$510,144","$510,144"
"R403002","R-17-W308-810M-0006-0008","YIM, DAVID Y & SUE H","118 MORNINGSIDE DR S WESTPORT, CT 06880-6303","14600 BANBRIDGE TRL, AUSTIN, TX  78717","S7489 - Avery Ranch West Ph 1, BLOCK M, Lot 6","L591503E"," ","S7489 - Avery Ranch West Ph 1","Real","$535,456","$535,456"
"R411294","R-17-W308-820B-0031-0008","CHEN, WARD & WENDY LIN","373 BREA HILLS AVE  BREA, CA 92823","14500 BALLYCASTLE TRL, AUSTIN, TX  78717","S7715 - Avery Ranch West Ph 2, BLOCK B, Lot 31","L591503E"," ","S7715 - Avery Ranch West Ph 2","Real","$493,000","$493,000"
"R411302","R-17-W308-820B-0039-0008","VENKATA, ANUP KUMAR DASARI & SAVITRI MADDULA","6471 CANTERBURY CT  SAN JOSE, CA 95129","14400 BALLYCASTLE TRL, AUSTIN, TX  78717","S7715 - Avery Ranch West Ph 2, BLOCK B, Lot 39","L591503E"," ","S7715 - Avery Ranch West Ph 2","Real","$468,252","$468,252"
"R411305","R-17-W308-820C-0008-0008","TIAN, XIAO & XIAORAN TANG","14308 BALLYCASTLE TRL  AUSTIN, TX 78717","14308 BALLYCASTLE TRL, AUSTIN, TX  78717","S7715 - Avery Ranch West Ph 2, BLOCK C, Lot 8","L591503E"," ","S7715 - Avery Ranch West Ph 2","Real","$468,252","$468,252"
"R411311","R-17-W308-820C-0014-0008","SMITH-PALLISER, JOHN C & COURTNEY STEBBINS","10521 FOSSEWAY DR  AUSTIN, TX 78717","10521 FOSSEWAY DR, AUSTIN, TX  78717","S7715 - Avery Ranch West Ph 2, BLOCK C, Lot 14","L591503E"," ","S7715 - Avery Ranch West Ph 2","Real","$475,144","$475,144"
"R411322","R-17-W308-820D-0008-0008","MOORE, CHARLES K & SUSAN G DUCKETT","10504 FOSSEWAY DR  AUSTIN, TX 78717","10504 FOSSEWAY DR, AUSTIN, TX  78717","S7715 - Avery Ranch West Ph 2, BLOCK D, Lot 8","L591503E"," ","S7715 - Avery Ranch West Ph 2","Real","$478,288","$478,288"
"R411325","R-17-W308-820D-0011-0008","C K MCALLEN INVESTMENT LLC","PO BOX 37242 HOUSTON, TX 77237-7242","10516 FOSSEWAY DR, AUSTIN, TX  78717","S7715 - Avery Ranch West Ph 2, BLOCK D, Lot 11","L591503E"," ","S7715 - Avery Ranch West Ph 2","Real","$472,155","$472,155"
"R411328","R-17-W308-820D-0014-0008","BOU, MANUEL F & PAULA IVETTE PAGAN","14209 MOWSBURY  DR  AUSTIN, TX 78717","14209 MOWSBURY DR, AUSTIN, TX  78717","S7715 - Avery Ranch West Ph 2, BLOCK D, Lot 14","L591503E"," ","S7715 - Avery Ranch West Ph 2","Real","$412,736","$412,736"
"R411334","R-17-W308-820F-0004-0008","SANCHEZ LUIS & WHITNEY DOZIER & ADRIANA SANCHEZ & LUIS ALBERTO SANCHEZ","14413 WHARTON PARK TRL  AUSTIN, TX 78717","14413 WHARTON PARK TRL, AUSTIN, TX  78717","S7715 - Avery Ranch West Ph 2, BLOCK F, Lot 4","L591503E"," ","S7715 - Avery Ranch West Ph 2","Real","$452,753","$452,753"
"R411342","R-17-W308-820G-0002-0008","POUNDS, JONATHAN","14404 WHARTON PARK TRL  AUSTIN, TX 78717","14404 WHARTON PARK TRL, AUSTIN, TX  78717","S7715 - Avery Ranch West Ph 2, BLOCK G, Lot 2","L591503E"," ","S7715 - Avery Ranch West Ph 2","Real","$536,568","$536,568"
"R411345","R-17-W308-820G-0005-0008","ANNE MARIE LEUNG & KIRBY KON LEUNG TRS OF THE LEUNG LIVING TRUST","14416 WHARTON PARK TRL  AUSTIN, TX 78717-4442","14416 WHARTON PARK TRL, AUSTIN, TX  78717","S7715 - Avery Ranch West Ph 2, BLOCK G, Lot 5","L591503E"," ","S7715 - Avery Ranch West Ph 2","Real","$565,785","$565,785"
"R411348","R-17-W308-820G-0008-0008","ATHERTON, STEVEN ANDREW & MELISSA RENE SHURTLEFF","14512 WHARTON PARK TRL  AUSTIN, TX 78717","14512 WHARTON PARK TRL, AUSTIN, TX  78717","S7715 - Avery Ranch West Ph 2, BLOCK G, Lot 8","L591503E"," ","S7715 - Avery Ranch West Ph 2","Real","$614,459","$614,459"
"R411351","R-17-W308-820G-0023-0008","GARNER, PATRICK","10829 QUARRY OAKS TRL AUSTIN, TX 78717-4438","10829 QUARRY OAKS TRL, AUSTIN, TX  78717","S7715 - Avery Ranch West Ph 2, BLOCK G, Lot 23","L591503E"," ","S7715 - Avery Ranch West Ph 2","Real","$453,767","$453,767"
"R411365","R-17-W308-820G-0037-0008","MERX, CHRISTIAN & ELMA O DEL REAL SOTO","10716 RATHDOWNEY CV  AUSTIN, TX 78717","10716 RATHDOWNEY CV, AUSTIN, TX  78717","S7715 - Avery Ranch West Ph 2, BLOCK G, Lot 37","L591503E"," ","S7715 - Avery Ranch West Ph 2","Real","$550,522","$550,522"
"R411368","R-17-W308-820G-0040-0008","JOHN LYDICK TRUST","10713 RATHDOWNEY CV  AUSTIN, TX 78717","10713 RATHDOWNEY CV, AUSTIN, TX  78717","S7715 - Avery Ranch West Ph 2, BLOCK G, Lot 40","L591503E"," ","S7715 - Avery Ranch West Ph 2","Real","$636,913","$636,913"
"R411385","R-17-W308-820H-0059-0008","GARIS, TROY A & ANGELA L","14524 BALLIMAMORE DR AUSTIN, TX 78717-4412","14524 BALLIMAMORE DR, AUSTIN, TX  78717","S7715 - Avery Ranch West Ph 2, BLOCK H, Lot 59","L591503E"," ","S7715 - Avery Ranch West Ph 2","Real","$622,399","$622,399"
"R411391","R-17-W308-820H-0065-0008","GOMEZ, GABRIEL & LARISSA RAE","LARISSA RAE GOMEZ 11005 QUARRY OAKS TRL AUSTIN, TX 78717-4440","11005 QUARRY OAKS TRL, AUSTIN, TX  78717","S7715 - Avery Ranch West Ph 2, BLOCK H, Lot 65","L591503E"," ","S7715 - Avery Ranch West Ph 2","Real","$458,090","$458,090"
"R411397","R-17-W308-820H-0071-0008","NIED, PETER & DHYANA","18601 EXPEDITION TRL LAGO VISTA, TX 78645-2195","11000 QUARRY OAKS TRL, AUSTIN, TX  78717","S7715 - Avery Ranch West Ph 2, BLOCK H, Lot 71","L591503E"," ","S7715 - Avery Ranch West Ph 2","Real","$657,531","$657,531"
"R411408","R-17-W308-820H-0082-0008","OUDA, IBRAHIM & GAIL","10828 QUARRY OAKS TRL  AUSTIN, TX 78717","10828 QUARRY OAKS TRL, AUSTIN, TX  78717","S7715 - Avery Ranch West Ph 2, BLOCK H, Lot 82","L591503E"," ","S7715 - Avery Ranch West Ph 2","Real","$611,659","$611,659"
"R411411","R-17-W308-820H-0085-0008","AVERY RANCH OWNERS ASSOC INC","PO BOX 702348 DALLAS, TX 75370-2348","14300 PADBROOK PARK CV, AUSTIN, TX  78717","S7715 - Avery Ranch West Ph 2, BLOCK H, Lot 85/PT, ACRES 3.293, (DRAINAGE EASEMENT)","L591503E"," ","S7715 - Avery Ranch West Ph 2","Real","$988","$988"
"R411414","R-17-W308-820H-0088-0008","ROBINSON, ADAM C","14324 PADBROOK PARK CV  AUSTIN, TX 78717","14324 PADBROOK PARK CV, AUSTIN, TX  78717","S7715 - Avery Ranch West Ph 2, BLOCK H, Lot 88","L591503E"," ","S7715 - Avery Ranch West Ph 2","Real","$506,309","$506,309"
"R411425","R-17-W308-820H-0099-0008","JIA, XIN & LIU PAN","14321 PADBROOK PARK CV AUSTIN, TX 78717-4443","14321 PADBROOK PARK CV, AUSTIN, TX  78717","S7715 - Avery Ranch West Ph 2, BLOCK H, Lot 99","L591503E"," ","S7715 - Avery Ranch West Ph 2","Real","$499,522","$499,522"
"R411431","R-17-W308-820I-0003-0008","CHOUNG, WONDO & SOOAH KIM","10909 QUARRY OAKS TRL  AUSTIN, TX 78717","10909 QUARRY OAKS TRL, AUSTIN, TX  78717","S7715 - Avery Ranch West Ph 2, BLOCK I, Lot 3","L591503E"," ","S7715 - Avery Ranch West Ph 2","Real","$620,714","$620,714"
"R411434","R-17-W308-820I-0006-0008","WALTER REVOCABLE LIVING TRUST","8124 TAHOE PARK  AUSTIN, TX 78726","14513 BALLYCLARC DR, AUSTIN, TX  78717","S7715 - Avery Ranch West Ph 2, BLOCK I, Lot 6","L591503E"," ","S7715 - Avery Ranch West Ph 2","Real","$454,768","$454,768"
"R411440","R-17-W308-820I-0019-0008","LAKV DECATURE INC","3285 PINKERTON DR SAN JOSE, CA 95148-2751","14516 BANBRIDGE TRL, AUSTIN, TX  78717","S7715 - Avery Ranch West Ph 2, BLOCK I, Lot 19","L591503E"," ","S7715 - Avery Ranch West Ph 2","Real","$506,740","$506,740"
"R411448","R-17-W308-820J-0006-0008","DELAMATER MARY CHRISTINE (TOD)","14521 BALLIMAMORE DR  AUSTIN, TX 78717","14521 BALLIMAMORE DR, AUSTIN, TX  78717","S7715 - Avery Ranch West Ph 2, BLOCK J, Lot 6","L591503E"," ","S7715 - Avery Ranch West Ph 2","Real","$529,377","$529,377"
"R411457","R-17-W308-820J-0017-0008","RAWASHDEH, TAYMOOR","14512 BALLYCLARC DR  AUSTIN, TX 78717","14512 BALLYCLARC DR, AUSTIN, TX  78717","S7715 - Avery Ranch West Ph 2, BLOCK J, Lot 17","L591503E"," ","S7715 - Avery Ranch West Ph 2","Real","$499,613","$499,613"
"R411468","R-17-W308-820N-0009-0008","OTENYI, NELSON EKENE & GIFT JOSEPH","14433 BALLYCASTLE TRL  AUSTIN, TX 78717-4436","14433 BALLYCASTLE TRL, AUSTIN, TX  78717","S7715 - Avery Ranch West Ph 2, BLOCK N, Lot 9","L591503E"," ","S7715 - Avery Ranch West Ph 2","Real","$475,581","$475,581"
"R411471","R-17-W308-820N-0012-0008","JAIN, GAURAV & SHIPRA","10104 CHESTNUT RIDGE RD  AUSTIN, TX 78726","14421 BALLYCASTLE TRL, AUSTIN, TX  78717","S7715 - Avery Ranch West Ph 2, BLOCK N, Lot 12","L591503E"," ","S7715 - Avery Ranch West Ph 2","Real","$475,581","$475,581"
"R411474","R-17-W308-820N-0015-0008","BRIGGS, KAYUSE L","14409 BALLYCASTLE TRL AUSTIN, TX 78717-4436","14409 BALLYCASTLE TRL, AUSTIN, TX  78717","S7715 - Avery Ranch West Ph 2, BLOCK N, Lot 15","L591503E"," ","S7715 - Avery Ranch West Ph 2","Real","$415,012","$415,012"
"R411480","R-17-W308-820N-0021-0008","HANNEGAN, ANTHONY & ANDREA SCHWENDEMAN","2000 WOOD GLEN DR  ROUND ROCK, TX 78681","14309 BALLYCASTLE TRL, AUSTIN, TX  78717","S7715 - Avery Ranch West Ph 2, BLOCK N, Lot 21","L591503E"," ","S7715 - Avery Ranch West Ph 2","Real","$413,780","$413,780"
"R411488","R-17-W308-820N-0029-0008","NORTEY, JEREMY ALVIN","14201 BALLYCASTLE TRL  AUSTIN, TX 78717","14201 BALLYCASTLE TRL, AUSTIN, TX  78717","S7715 - Avery Ranch West Ph 2, BLOCK N, Lot 29","L591503E"," ","S7715 - Avery Ranch West Ph 2","Real","$442,112","$442,112"
"R411491","R-17-W308-820Q-0009-0008","MICHAEL & DONNA CHEGWIDDEN REVOCABLE TRUST","14300 MOWSBURY DR  AUSTIN, TX 78717-4427","14300 MOWSBURY DR, AUSTIN, TX  78717","S7715 - Avery Ranch West Ph 2, BLOCK Q, Lot 9","L591503E"," ","S7715 - Avery Ranch West Ph 2","Real","$409,445","$409,445"
"R411494","R-17-W308-820Q-0012-0008","GRAJALES, BONNIE (TOD)","14208 MOWSBURY DR  AUSTIN, TX 78717","14208 MOWSBURY DR, AUSTIN, TX  78717","S7715 - Avery Ranch West Ph 2, BLOCK Q, Lot 12","L591503E"," ","S7715 - Avery Ranch West Ph 2","Real","$424,082","$424,082"
"R411497","R-17-W308-820Q-0015-0008","JEFFREY, STEPHANIE","10540 DUNHAM FOREST RD  AUSTIN, TX 78717","10540 DUNHAM FOREST RD, AUSTIN, TX  78717","S7715 - Avery Ranch West Ph 2, BLOCK Q, Lot 15","L591503E"," ","S7715 - Avery Ranch West Ph 2","Real","$419,370","$419,370"
"R411508","R-17-W308-820Q-0026-0008","PEREIRA, LEONOR COX","14108 BALLYCASTLE TRL  AUSTIN, TX 78717-4447","14108 BALLYCASTLE TRL, AUSTIN, TX  78717","S7715 - Avery Ranch West Ph 2, BLOCK Q, Lot 26","L591503E"," ","S7715 - Avery Ranch West Ph 2","Real","$440,704","$440,704"
"R411511","R-17-W308-820Q-0029-0008","ANDREWS, JENNIFER E","14109 BALLYCASTLE TRL  AUSTIN, TX 78717-4447","14109 BALLYCASTLE TRL, AUSTIN, TX  78717","S7715 - Avery Ranch West Ph 2, BLOCK Q, Lot 29","L591503E"," ","S7715 - Avery Ranch West Ph 2","Real","$436,992","$436,992"
"R411514","R-17-W308-820Q-0032-0008","AVERY RANCH OWNERS ASSOC INC","PO BOX 702348 DALLAS, TX 75370-2348","14101 BALLYCASTLE TRL, AUSTIN, TX  78717","S7715 - Avery Ranch West Ph 2, BLOCK Q, Lot 32, ACRES 3.36, (DRAINAGE EASEMENT)","L591503E"," ","S7715 - Avery Ranch West Ph 2","Real","$1,008","$1,008"
"R424528","R-17-W308-111C-0004-0008","AVERY RANCH OWNERS ASSOC INC","PO BOX 702348 DALLAS, TX 75370-2348","14166 1/2 AVERY RANCH BLVD, AUSTIN, TX  78717","S8039 - Avery Ranch Far West Ph 1 Sec 1, BLOCK C, Lot 4, ACRES 23.58, (OPEN SPACE, DRAINAGE EASEMENT)","L591503E"," ","S8039 - Avery Ranch Far West Ph 1 Sec 1","Real","$7,074","$7,074"
"R424539","R-17-W308-111C-0120-0008","ZHANG, XIANG & CARINA FAN OPEL","25811 MISTY MOUNTAIN LN  KATY, TX 77494-1368","11316 FLETCHER HALL LN, AUSTIN, TX  78717","S8039 - Avery Ranch Far West Ph 1 Sec 1, BLOCK C, Lot 120","L591503E"," ","S8039 - Avery Ranch Far West Ph 1 Sec 1","Real","$451,451","$451,451"
"R424548","R-17-W308-111C-0129-0008","CAROL ANN HUGHES TR OF THE CAROL HUGHES TRUST","77 VIA BACCHUS  ALISO VIEJO, CA 92656-1602","11216 FLETCHER HALL LN, AUSTIN, TX  78717","S8039 - Avery Ranch Far West Ph 1 Sec 1, BLOCK C, Lot 129","L591503E"," ","S8039 - Avery Ranch Far West Ph 1 Sec 1","Real","$458,415","$458,415"
"R424562","R-17-W308-111T-0001-0008","DAO, HUY PHUC MINH & HANG NGUYEN TUE LE","13002 112TH AVE NE KIRKLAND, WA 98034","14629 STAKED PLAINS LOOP, AUSTIN, TX  78717","S8039 - Avery Ranch Far West Ph 1 Sec 1, BLOCK T, Lot 1","L591503E"," ","S8039 - Avery Ranch Far West Ph 1 Sec 1","Real","$514,821","$514,821"
"R424565","R-17-W308-111T-0004-0008","PANIGRAHI, SWETALINA & ABHISHEK DAS","14617 STAKED PLAINS LOOP  AUSTIN, TX 78717","14617 STAKED PLAINS LOOP, AUSTIN, TX  78717","S8039 - Avery Ranch Far West Ph 1 Sec 1, BLOCK T, Lot 4","L591503E"," ","S8039 - Avery Ranch Far West Ph 1 Sec 1","Real","$452,551","$452,551"
"R424579","R-17-W308-111T-0018-0008","LEE, JAEHYUN & HYE WON BAEK","14708 SPRINGS EDGE DR  AUSTIN, TX 78717","14708 SPRINGS EDGE DR, AUSTIN, TX  78717","S8039 - Avery Ranch Far West Ph 1 Sec 1, BLOCK T, Lot 18","L591503E"," ","S8039 - Avery Ranch Far West Ph 1 Sec 1","Real","$447,380","$447,380"
"R424582","R-17-W308-111U-0001-0008","SWOR, BYRON","14617 SPRINGS EDGE DR  AUSTIN, TX 78717","14617 SPRINGS EDGE DR, AUSTIN, TX  78717","S8039 - Avery Ranch Far West Ph 1 Sec 1, BLOCK U, Lot 1","L591503E"," ","S8039 - Avery Ranch Far West Ph 1 Sec 1","Real","$446,626","$446,626"
"R424588","R-17-W308-111U-0007-0008","WALTER REVOCABLE LIVING TRUST","8124 TAHOE PARK  AUSTIN, TX 78726","11312 HATTERY LN, AUSTIN, TX  78717","S8039 - Avery Ranch Far West Ph 1 Sec 1, BLOCK U, Lot 7","L591503E"," ","S8039 - Avery Ranch Far West Ph 1 Sec 1","Real","$470,780","$470,780"
"R424599","R-17-W308-111U-0018-0008","DARE, CHARLES CLINTON (LE)","11100 HATTERY LN  AUSTIN, TX 78717","11100 HATTERY LN, AUSTIN, TX  78717","S8039 - Avery Ranch Far West Ph 1 Sec 1, BLOCK U, Lot 18","L591503E"," ","S8039 - Avery Ranch Far West Ph 1 Sec 1","Real","$443,471","$443,471"
"R424602","R-17-W308-111U-0021-0008","WANG, TIMMIE DUNTING & DAVID REESE FOOSHEE","11213 CONCHOS RIVER TRL AUSTIN, TX 78717-4472","11213 CONCHOS RIVER TRL, AUSTIN, TX  78717","S8039 - Avery Ranch Far West Ph 1 Sec 1, BLOCK U, Lot 21","L591503E"," ","S8039 - Avery Ranch Far West Ph 1 Sec 1","Real","$473,906","$473,906"
"R424611","R-17-W308-111V-0002-0008","HARRELL, MICHAEL WAYNE","1605 NASH AVE  AUSTIN, TX 78704","11320 CONCHOS RIVER TRL, AUSTIN, TX  78717","S8039 - Avery Ranch Far West Ph 1 Sec 1, BLOCK V, Lot 2","L591503E"," ","S8039 - Avery Ranch Far West Ph 1 Sec 1","Real","$416,330","$416,330"
"R424619","R-17-W308-111V-0010-0008","WATANABE, RIRI & EMMANUEL A PAGE","5892 BROOKHILL LN FRISCO, TX 75034-4653","11216 CONCHOS RIVER TRL, AUSTIN, TX  78717","S8039 - Avery Ranch Far West Ph 1 Sec 1, BLOCK V, Lot 10","L591503E"," ","S8039 - Avery Ranch Far West Ph 1 Sec 1","Real","$492,512","$492,512"
"R424622","R-17-W308-111V-0013-0008","ZAFAR, MUSTAFA KAMAL & GULIMIRE ABULIZI","11204 CONCHOS RIVER TRL  AUSTIN, TX 78717-4472","11204 CONCHOS RIVER TRL, AUSTIN, TX  78717","S8039 - Avery Ranch Far West Ph 1 Sec 1, BLOCK V, Lot 13","L591503E"," ","S8039 - Avery Ranch Far West Ph 1 Sec 1","Real","$481,885","$481,885"
"R424625","R-17-W308-111V-0016-0008","LUKER, JAMIE R","11004 HATTERY LN AUSTIN, TX 78717-4477","11004 HATTERY LN, AUSTIN, TX  78717","AVERY RANCH FAR WEST PH 1 SEC 1, BLOCK V, LOT 16","L591503E"," ","S8039 - Avery Ranch Far West Ph 1 Sec 1","Real","$431,491","$431,491"
"R424634","R-17-W308-111V-0025-0008","MANOEL, EDSON TRUSTEE OF EDSON MANOEL LIVING TRUST","16309 ALMADEN DR  AUSTIN, TX 78717-3889","11309 FLETCHER HALL LN, AUSTIN, TX  78717","S8039 - Avery Ranch Far West Ph 1 Sec 1, BLOCK V, Lot 25","L591503E"," ","S8039 - Avery Ranch Far West Ph 1 Sec 1","Real","$508,491","$508,491"
"R424645","R-17-W308-112P-0008-0008","HANSEN, GEORGE A & KATHY S OF GEORGE A HANSEN & KATHY S HANSEN LIVING TRUST","14424 STAKED PLAINS LOOP  AUSTIN, TX 78717-4461","14424 STAKED PLAINS LOOP, AUSTIN, TX  78717","S8057 - Avery Ranch Far West Ph 1 Sec 2, BLOCK P, Lot 8","L591503E"," ","S8057 - Avery Ranch Far West Ph 1 Sec 2","Real","$521,255","$521,255"
"R424651","R-17-W308-112R-0014-0008","BHASKAR, PERI & KAMINI GOWDAA","10509 MEDINAH GREENS DR  AUSTIN, TX 78717-3803","11508 STAKED PLAINS DR #3, AUSTIN, TX  78717","AVERY RANCH FAR WEST PH 1 SEC 2, BLOCK R, LOT 14","L591503E"," ","S8057 - Avery Ranch Far West Ph 1 Sec 2","Real","$569,952","$569,952"
"R424662","R-17-W308-112W-0005-0008","LU, GUANGHUI & JIANLAN","4220 ALBANS ST  HOUSTON, TX 77005-1008","11700 FLETCHER HALL LN, AUSTIN, TX  78717","S8057 - Avery Ranch Far West Ph 1 Sec 2, BLOCK W, Lot 5","L591503E"," ","S8057 - Avery Ranch Far West Ph 1 Sec 2","Real","$503,248","$503,248"
"R424665","R-17-W308-112W-0008-0008","TANG, HAOWEN A","11608 FLETCHER HALL LN  AUSTIN, TX 78717","11608 FLETCHER HALL LN, AUSTIN, TX  78717","S8057 - Avery Ranch Far West Ph 1 Sec 2, BLOCK W, Lot 8","L591503E"," ","S8057 - Avery Ranch Far West Ph 1 Sec 2","Real","$455,957","$455,957"
"R424668","R-17-W308-112W-0011-0008","NGUYEN, JADE & XUAN KHAI V NGUYEN & THIEN TRUONG","11512 FLETCHER HALL LN  AUSTIN, TX 78717","11512 FLETCHER HALL LN, AUSTIN, TX  78717","S8057 - Avery Ranch Far West Ph 1 Sec 2, BLOCK W, Lot 11","L591503E"," ","S8057 - Avery Ranch Far West Ph 1 Sec 2","Real","$453,589","$453,589"
"R424685","R-17-W308-112X-0004-0008","YACOUB, ZAHER & ALAA AZZAM","15215 STAKED PLAINS LOOP  AUSTIN, TX 78717","15215 STAKED PLAINS LOOP, AUSTIN, TX  78717","S8057 - Avery Ranch Far West Ph 1 Sec 2, BLOCK X, Lot 4","L591503E"," ","S8057 - Avery Ranch Far West Ph 1 Sec 2","Real","$645,816","$645,816"
"R424688","R-17-W308-112X-0007-0008","SCHMID, MATTHEW & TRANG","15201 STAKED PLAINS LOOP  AUSTIN, TX 78717","15201 STAKED PLAINS LOOP, AUSTIN, TX  78717","S8057 - Avery Ranch Far West Ph 1 Sec 2, BLOCK X, Lot 7","L591503E"," ","S8057 - Avery Ranch Far West Ph 1 Sec 2","Real","$471,755","$471,755"
"R424694","R-17-W308-112Z-0002-0008","SHONM LLC","9113 CASTLE PINES DR  AUSTIN, TX 78717-3972","11612 MISTY WHITE DR, AUSTIN, TX  78717","S8057 - Avery Ranch Far West Ph 1 Sec 2, BLOCK Z, Lot 2","L591503E"," ","S8057 - Avery Ranch Far West Ph 1 Sec 2","Real","$446,185","$446,185"
"R424702","R-17-W308-112Z-0010-0008","SUBRAMANIAN, THENMOZHI & JAGANMANI NATESAN","14609 STOCK TANK CV  AUSTIN, TX 78717","14609 STOCK TANK CV, AUSTIN, TX  78717","S8057 - Avery Ranch Far West Ph 1 Sec 2, BLOCK Z, Lot 10","L591503E"," ","S8057 - Avery Ranch Far West Ph 1 Sec 2","Real","$694,872","$694,872"
"R424708","R-17-W308-112Z-0016-0008","AA SHASTA LLC","PO BOX 200907 AUSTIN, TX 78720-0907","14720 STAKED PLAINS LOOP, AUSTIN, TX  78717","S8057 - Avery Ranch Far West Ph 1 Sec 2, BLOCK Z, Lot 16","L591503E"," ","S8057 - Avery Ranch Far West Ph 1 Sec 2","Real","$630,372","$630,372"
"R441863","R-17-W308-113A-A002-0008","ROY G LEWIS & KATHLEEN M LEWIS CO TRS ROY & KATHLEEN LEWIS REVOCABLE TRUST","14813 STAKED PLAINS LOOP  AUSTIN, TX 78717-4484","14813 STAKED PLAINS LOOP, AUSTIN, TX  78717","S8244 - Avery Ranch Far West Ph 1 Sec 3, BLOCK AA, Lot 2","L591503E"," ","S8244 - Avery Ranch Far West Ph 1 Sec 3","Real","$592,342","$592,342"
"R441874","R-17-W308-113A-A013-0008","SHADOWEN, ROBERT & XIN WANG","11124 CALLANISH PARK DR  AUSTIN, TX 78750","14824 MISTLETOE HEIGHTS DR, AUSTIN, TX  78717","S8244 - Avery Ranch Far West Ph 1 Sec 3, BLOCK AA, Lot 13","L591503E"," ","S8244 - Avery Ranch Far West Ph 1 Sec 3","Real","$437,144","$437,144"
"R441880","R-17-W308-113B-B002-0008","TYURIN, ALEXEY & GALINA TYURINA","11304 LOS COMANCHEROS RD  AUSTIN, TX 78717","11304 LOS COMANCHEROS RD, AUSTIN, TX  78717","S8244 - Avery Ranch Far West Ph 1 Sec 3, BLOCK BB, Lot 2","L591503E"," ","S8244 - Avery Ranch Far West Ph 1 Sec 3","Real","$445,133","$445,133"
"R441897","R-17-W308-113C-0081-0008","LIN, YICHEN","360 NUECES ST APT 4202 AUSTIN, TX 78701-4293","14709 LA LLORONA LN, AUSTIN, TX  78717","S8244 - Avery Ranch Far West Ph 1 Sec 3, BLOCK C, Lot 81","L591503E"," ","S8244 - Avery Ranch Far West Ph 1 Sec 3","Real","$485,240","$485,240"
"R441906","R-17-W308-113C-0090-0008","MA, TIEN JUI & LAN HUA WU","14701 SHALLOW WATER CV AUSTIN, TX 78717-4497","14701 SHALLOW WATER CV, AUSTIN, TX  78717","S8244 - Avery Ranch Far West Ph 1 Sec 3, BLOCK C, Lot 90","L591503E"," ","S8244 - Avery Ranch Far West Ph 1 Sec 3","Real","$472,214","$472,214"
"R441917","R-17-W308-113C-0101-0008","LIOU INNA WEN YIN TRUSTEE OF INNA W LIOU 2008 TRUST","895 ILIMA CT  PALO ALTO, CA 94306-2616","11313 SHALLOW WATER RD, AUSTIN, TX  78717","S8244 - Avery Ranch Far West Ph 1 Sec 3, BLOCK C, Lot 101","L591503E"," ","S8244 - Avery Ranch Far West Ph 1 Sec 3","Real","$481,517","$481,517"
"R441920","R-17-W308-113C-0104-0008","WORSTER, BRIAN CHRISTOPHER & LISA","11401 SHALLOW WATER RD  AUSTIN, TX 78717","11401 SHALLOW WATER RD, AUSTIN, TX  78717","S8244 - Avery Ranch Far West Ph 1 Sec 3, BLOCK C, Lot 104","L591503E"," ","S8244 - Avery Ranch Far West Ph 1 Sec 3","Real","$485,240","$485,240"
"R441923","R-17-W308-113C-0107-0008","LIAO, JAMES","11413 SHALLOW WATER RD  AUSTIN, TX 78717","11413 SHALLOW WATER RD, AUSTIN, TX  78717","S8244 - Avery Ranch Far West Ph 1 Sec 3, BLOCK C, Lot 107","L591503E"," ","S8244 - Avery Ranch Far West Ph 1 Sec 3","Real","$437,136","$437,136"
"R441929","R-17-W308-113D-D005-0008","WILSON, LISA A","11316 SHALLOW WATER RD  AUSTIN, TX 78717","11316 SHALLOW WATER RD, AUSTIN, TX  78717","S8244 - Avery Ranch Far West Ph 1 Sec 3, BLOCK DD, Lot 5","L591503E"," ","S8244 - Avery Ranch Far West Ph 1 Sec 3","Real","$443,579","$443,579"
"R441937","R-17-W308-113D-D013-0008","RUBIO, HECTOR MANUEL","14820 SLINGSHOT RD AUSTIN, TX 78717-4493","14820 SLINGSHOT RD, AUSTIN, TX  78717","S8244 - Avery Ranch Far West Ph 1 Sec 3, BLOCK DD, Lot 13","L591503E"," ","S8244 - Avery Ranch Far West Ph 1 Sec 3","Real","$515,930","$515,930"
"R441940","R-17-W308-113E-E002-0008","BLANCAFLOR, FLORENCE C","14817 SLINGSHOT RD  AUSTIN, TX 78717","14817 SLINGSHOT RD, AUSTIN, TX  78717","S8244 - Avery Ranch Far West Ph 1 Sec 3, BLOCK EE, Lot 2","L591503E"," ","S8244 - Avery Ranch Far West Ph 1 Sec 3","Real","$453,149","$453,149"
"R441943","R-17-W308-113G-G002-0008","DISSELDORP, SANDER MARTINUS ADRIANUS & MIKU TAKANO","11212 SHALLOW WATER RD  AUSTIN, TX 78717","11212 SHALLOW WATER RD, AUSTIN, TX  78717","S8244 - Avery Ranch Far West Ph 1 Sec 3, BLOCK GG, Lot 2","L591503E"," ","S8244 - Avery Ranch Far West Ph 1 Sec 3","Real","$438,985","$438,985"
"R441946","R-17-W308-113G-G005-0008","GAU, YUAN CHEE & JENG JONG","10604 TWEEDSMUIR DR  AUSTIN, TX 78750","11200 SHALLOW WATER RD, AUSTIN, TX  78717","S8244 - Avery Ranch Far West Ph 1 Sec 3, BLOCK GG, Lot 5","L591503E"," ","S8244 - Avery Ranch Far West Ph 1 Sec 3","Real","$444,798","$444,798"
"R441957","R-17-W308-113Z-0020-0008","UMARJI, BHARAT & SHRILAKSHMI AYACHIT","14808 STAKED PLAINS LOOP  AUSTIN, TX 78717-4484","14808 STAKED PLAINS LOOP, AUSTIN, TX  78717","S8244 - Avery Ranch Far West Ph 1 Sec 3, BLOCK Z, Lot 20","L591503E"," ","S8244 - Avery Ranch Far West Ph 1 Sec 3","Real","$690,759","$690,759"
"R441960","R-17-W308-114B-B004-0008","SHEA BULB LLC","385 RIVER OAKS PKWY APT 1043 SAN JOSE, CA 95134-3469","11232 LOS COMANCHEROS RD, AUSTIN, TX  78717","S8285 - Avery Ranch Far West Ph 1 Sec 4, BLOCK BB, Lot 4","L591503E"," ","S8285 - Avery Ranch Far West Ph 1 Sec 4","Real","$416,599","$416,599"
"R441963","R-17-W308-114B-B007-0008","DEVARAJ, GNANARANI","21 WINDING RD  ISELIN, NJ 08830-2134","11220 LOS COMANCHEROS RD, AUSTIN, TX  78717","S8285 - Avery Ranch Far West Ph 1 Sec 4, BLOCK BB, Lot 7","L591503E"," ","S8285 - Avery Ranch Far West Ph 1 Sec 4","Real","$451,316","$451,316"
"R441969","R-17-W308-114B-B013-0008","FAROOK, MOHAMMED G & SHAILA HAKIM","1520 HINTERWALD ST LEANDER, TX 78641-4891","11201 DODGE CATTLE DR, AUSTIN, TX  78717","S8285 - Avery Ranch Far West Ph 1 Sec 4, BLOCK BB, Lot 13","L591503E"," ","S8285 - Avery Ranch Far West Ph 1 Sec 4","Real","$500,454","$500,454"
"R441980","R-17-W308-114B-B024-0008","KOIRALA, SHESH R & LATA KOIRALA","11317 DODGE CATTLE DR  AUSTIN, TX 78717","11317 DODGE CATTLE DR, AUSTIN, TX  78717","S8285 - Avery Ranch Far West Ph 1 Sec 4, BLOCK BB, Lot 24","L591503E"," ","S8285 - Avery Ranch Far West Ph 1 Sec 4","Real","$475,983","$475,983"
"R441983","R-17-W308-114C-0049-0008","MAIER, RALPH","15104 DODGE CATTLE CV  AUSTIN, TX 78717","15104 DODGE CATTLE CV, AUSTIN, TX  78717","S8285 - Avery Ranch Far West Ph 1 Sec 4, BLOCK C, Lot 49","L591503E"," ","S8285 - Avery Ranch Far West Ph 1 Sec 4","Real","$578,976","$578,976"
"R441992","R-17-W308-114C-0059-0008","STOTTS, DOUGLAS M","1232 CHALLENGER  LAKEWAY, TX 78734-3850","10825 DODGE CATTLE DR, AUSTIN, TX  78717","S8285 - Avery Ranch Far West Ph 1 Sec 4, BLOCK C, Lot 59","L591503E"," ","S8285 - Avery Ranch Far West Ph 1 Sec 4","Real","$484,874","$484,874"
"R442000","R-17-W308-114C-0067-0008","LIBERSAT, JILLIAN","11101 CRAZY WELL DR  AUSTIN, TX 78717-4679","11101 CRAZY WELL DR, AUSTIN, TX  78717","S8285 - Avery Ranch Far West Ph 1 Sec 4, BLOCK C, Lot 67","L591503E"," ","S8285 - Avery Ranch Far West Ph 1 Sec 4","Real","$458,497","$458,497"
"R442003","R-17-W308-114C-0070-0008","LAVAGNI, ERIC A & DANIELA P","11113 CRAZY WELL DR  AUSTIN, TX 78717","11113 CRAZY WELL DR, AUSTIN, TX  78717","S8285 - Avery Ranch Far West Ph 1 Sec 4, BLOCK C, Lot 70","L591503E"," ","S8285 - Avery Ranch Far West Ph 1 Sec 4","Real","$406,802","$406,802"
"R442009","R-17-W308-114C-C002-0008","JOSHI, SAURABH YASHWANT & SONIYA","15913 DOUBLE EAGLE DR AUSTIN, TX 78717-3813","11116 LOS COMANCHEROS RD, AUSTIN, TX  78717","S8285 - Avery Ranch Far West Ph 1 Sec 4, BLOCK CC, Lot 2","L591503E"," ","S8285 - Avery Ranch Far West Ph 1 Sec 4","Real","$479,132","$479,132"
"R442020","R-17-W308-114C-C013-0008","DUBOIS, ALEX","11005 DODGE CATTLE DR  AUSTIN, TX 78717","11005 DODGE CATTLE DR, AUSTIN, TX  78717","S8285 - Avery Ranch Far West Ph 1 Sec 4, BLOCK CC, Lot 13","L591503E"," ","S8285 - Avery Ranch Far West Ph 1 Sec 4","Real","$459,910","$459,910"
"R442023","R-17-W308-114C-C016-0008","WEIR, TRACEY E  & MELVIN H JOHNSON III","534 RIVER DOWN RD  GEORGETOWN, TX 78628","11017 DODGE CATTLE DR, AUSTIN, TX  78717","S8285 - Avery Ranch Far West Ph 1 Sec 4, BLOCK CC, Lot 16","L591503E"," ","S8285 - Avery Ranch Far West Ph 1 Sec 4","Real","$435,072","$435,072"
"R442026","R-17-W308-114C-C019-0008","HOOPER, MELISSA","11105 DODGE CATTLE DR  AUSTIN, TX 78717","11105 DODGE CATTLE DR, AUSTIN, TX  78717","S8285 - Avery Ranch Far West Ph 1 Sec 4, BLOCK CC, Lot 19","L591503E"," ","S8285 - Avery Ranch Far West Ph 1 Sec 4","Real","$442,535","$442,535"
"R442029","R-17-W308-114C-C022-0008","NO KIDS NEVER MARRIED LLC","4700 W JASMINE AVE  MCALLEN, TX 78501","11117 DODGE CATTLE DR, AUSTIN, TX  78717","S8285 - Avery Ranch Far West Ph 1 Sec 4, BLOCK CC, Lot 22","L591503E"," ","S8285 - Avery Ranch Far West Ph 1 Sec 4","Real","$405,986","$405,986"
"R442043","R-17-W308-114E-E015-0008","NOESSER, JOHN ANDREW","11217 LOS COMANCHEROS RD  AUSTIN, TX 78717","11217 LOS COMANCHEROS RD, AUSTIN, TX  78717","S8285 - Avery Ranch Far West Ph 1 Sec 4, BLOCK EE, Lot 15","L591503E"," ","S8285 - Avery Ranch Far West Ph 1 Sec 4","Real","$446,432","$446,432"
"R442046","R-17-W308-114F-F001-0008","LIM, NAKSOOK JUNG & JUNGIN","11132 CRAZY WELL DR  AUSTIN, TX 78717-4679","11132 CRAZY WELL DR, AUSTIN, TX  78717","S8285 - Avery Ranch Far West Ph 1 Sec 4, BLOCK FF, Lot 1","L591503E"," ","S8285 - Avery Ranch Far West Ph 1 Sec 4","Real","$454,625","$454,625"
"R442049","R-17-W308-114F-F004-0008","WHITESIDE, LUKE CRAIG & YUELIN WEI","11120 CRAZY WELL DR  AUSTIN, TX 78717","11120 CRAZY WELL DR, AUSTIN, TX  78717","S8285 - Avery Ranch Far West Ph 1 Sec 4, BLOCK FF, Lot 4","L591503E"," ","S8285 - Avery Ranch Far West Ph 1 Sec 4","Real","$438,445","$438,445"
"R442055","R-17-W308-114F-F010-0008","MIEMBAN, PERSHILUZ MADRIDEO & CLIFFORD MARIANO","11009 LOS COMANCHEROS RD AUSTIN, TX 78717-4544","11009 LOS COMANCHEROS RD, AUSTIN, TX  78717","S8285 - Avery Ranch Far West Ph 1 Sec 4, BLOCK FF, Lot 10","L591503E"," ","S8285 - Avery Ranch Far West Ph 1 Sec 4","Real","$440,395","$440,395"
"R442066","R-17-W308-114G-G016-0008","HAIJUN CAO & LEI NI TRS CAO NI REVOCABLE TRUST","1580 SUNNYSLOPE AVE  BELMONT, CA 94002-3732","11217 CRAZY WELL DR, AUSTIN, TX  78717","S8285 - Avery Ranch Far West Ph 1 Sec 4, BLOCK GG, Lot 16","L591503E"," ","S8285 - Avery Ranch Far West Ph 1 Sec 4","Real","$452,718","$452,718"
"R442069","R-17-W308-114G-G019-0008","RUIZ ALEJANDRO MIGUEL LOPEZ & JULIETA GLORIA MARIA MONTES DE OCA ARREDONDO","11229 CRAZY WELL DR  AUSTIN, TX 78717","11229 CRAZY WELL DR, AUSTIN, TX  78717","S8285 - Avery Ranch Far West Ph 1 Sec 4, BLOCK GG, Lot 19","L591503E"," ","S8285 - Avery Ranch Far West Ph 1 Sec 4","Real","$518,357","$518,357"
"R455442","R-17-W311-800A-0009-0008","MASUD, ABU M","10808 CASITAS DR  AUSTIN, TX 78717","10808 CASITAS DR, AUSTIN, TX  78717","S8794 - CASITAS AT AVERY RANCH(SECOND AMENDED PLAT), BLOCK A, Lot 9","L591503E"," ","S8794 - CASITAS AT AVERY RANCH(SECOND AMENDED PLAT)","Real","$638,653","$638,653"
"R455445","R-17-W311-800A-0012-0008","NGUYEN, CONG & NANCY","10820 CASITAS DR  AUSTIN, TX 78717","10820 CASITAS DR, AUSTIN, TX  78717","S8794 - CASITAS AT AVERY RANCH(SECOND AMENDED PLAT), BLOCK A, Lot 12","L591503E"," ","S8794 - CASITAS AT AVERY RANCH(SECOND AMENDED PLAT)","Real","$649,638","$649,638"
"R455448","R-17-W311-800A-0015-0008","ROBINSON, BRIAN & CECILIA","10900 CASITAS DR  AUSTIN, TX 78717","10900 CASITAS DR, AUSTIN, TX  78717","S8794 - CASITAS AT AVERY RANCH(SECOND AMENDED PLAT), BLOCK A, Lot 15","L591503E"," ","S8794 - CASITAS AT AVERY RANCH(SECOND AMENDED PLAT)","Real","$663,681","$663,681"
"R455459","R-17-W311-800A-0026-0008","AVERY RANCH OWNERS ASSOCIATION INC","9601 AMBERGLEN BLVD  #STE 150 AUSTIN, TX 78729","CASITAS DR, AUSTIN, TX  78717","S8794 - CASITAS AT AVERY RANCH(SECOND AMENDED PLAT), BLOCK A, Lot 26, ACRES 1.49, (GREENBELT)","L591503E"," ","S8794 - CASITAS AT AVERY RANCH(SECOND AMENDED PLAT)","Real","$447","$447"
"R455465","R-17-W311-800A-0032-0008","VEROCK, TAWANNA KAY","11016 CASITAS DR  AUSTIN, TX 78717","11016 CASITAS DR, AUSTIN, TX  78717","S8794 - CASITAS AT AVERY RANCH(SECOND AMENDED PLAT), BLOCK A, Lot 32","L591503E"," ","S8794 - CASITAS AT AVERY RANCH(SECOND AMENDED PLAT)","Real","$474,132","$474,132"
"R455468","R-17-W311-800A-0035-0008","HARRIS, DAVID & KAREN","11028 CASITAS  AUSTIN, TX 78717","11028 CASITAS DR, AUSTIN, TX  78717","S8794 - CASITAS AT AVERY RANCH(SECOND AMENDED PLAT), BLOCK A, Lot 35","L591503E"," ","S8794 - CASITAS AT AVERY RANCH(SECOND AMENDED PLAT)","Real","$479,383","$479,383"
"R455471","R-17-W311-800A-0038-0008","MACK, DEBORAH","11108 CASITAS DR AUSTIN, TX 78717-3876","11108 CASITAS DR, AUSTIN, TX  78717","S8794 - CASITAS AT AVERY RANCH(SECOND AMENDED PLAT), BLOCK A, Lot 38","L591503E"," ","S8794 - CASITAS AT AVERY RANCH(SECOND AMENDED PLAT)","Real","$480,557","$480,557"
"R455479","R-17-W311-800B-0003-0008","JACOB, JISS JOE & ANU T GEORGE","3505 BRANCH HOLW LEANDER, TX 78641-3217","10709 CASITAS DR, AUSTIN, TX  78717","S8794 - CASITAS AT AVERY RANCH(SECOND AMENDED PLAT), BLOCK B, Lot 3","L591503E"," ","S8794 - CASITAS AT AVERY RANCH(SECOND AMENDED PLAT)","Real","$578,657","$578,657"
"R455482","R-17-W311-800B-0006-0008","SEKHARAN ANSA & VANI GANGU TRUSTEES OF GANGU & SEKHARAN LIVING TRUST","19336 KERWIN RANCH CT  SARATOGA, CA 95070","10721 CASITAS DR, AUSTIN, TX  78717","S8794 - CASITAS AT AVERY RANCH(SECOND AMENDED PLAT), BLOCK B, Lot 6","L591503E"," ","S8794 - CASITAS AT AVERY RANCH(SECOND AMENDED PLAT)","Real","$500,566","$500,566"
"R455485","R-17-W311-800B-0009-0008","GUPTA, GUNJAN & AMIT GOEL","10733 CASITAS DR  AUSTIN, TX 78717","10733 CASITAS DR, AUSTIN, TX  78717","S8794 - CASITAS AT AVERY RANCH(SECOND AMENDED PLAT), BLOCK B, Lot 9","L591503E"," ","S8794 - CASITAS AT AVERY RANCH(SECOND AMENDED PLAT)","Real","$429,957","$429,957"
"R455491","R-17-W311-800B-0015-0008","KNOX, THOMAS W & NATALIE M","10821 CASITAS DR AUSTIN, TX 78717-3873","10821 CASITAS DR, AUSTIN, TX  78717","S8794 - CASITAS AT AVERY RANCH(SECOND AMENDED PLAT), BLOCK B, Lot 15","L591503E"," ","S8794 - CASITAS AT AVERY RANCH(SECOND AMENDED PLAT)","Real","$500,566","$500,566"
"R455499","R-17-W311-800B-0023-0008","RUPP, CHAD & LAURA HERNANDEZ-RUPP","10917 CASITAS DR  AUSTIN, TX 78717","10917 CASITAS DR, AUSTIN, TX  78717","S8794 - CASITAS AT AVERY RANCH(SECOND AMENDED PLAT), BLOCK B, Lot 23","L591503E"," ","S8794 - CASITAS AT AVERY RANCH(SECOND AMENDED PLAT)","Real","$493,305","$493,305"
"R455502","R-17-W311-800B-0026-0008","GOLOVIN, NIKITA & MARIIA VLASOVA","10933 CASITAS DR  AUSTIN, TX 78717-3874","10933 CASITAS DR, AUSTIN, TX  78717","S8794 - CASITAS AT AVERY RANCH(SECOND AMENDED PLAT), BLOCK B, Lot 26","L591503E"," ","S8794 - CASITAS AT AVERY RANCH(SECOND AMENDED PLAT)","Real","$604,797","$604,797"
"R455505","R-17-W311-800B-0029-0008","BALCEZAK CAROL LYNN TRUST","11005 CASITAS DR  AUSTIN, TX 78717","11005 CASITAS DR, AUSTIN, TX  78717","S8794 - CASITAS AT AVERY RANCH(SECOND AMENDED PLAT), BLOCK B, Lot 29","L591503E"," ","S8794 - CASITAS AT AVERY RANCH(SECOND AMENDED PLAT)","Real","$648,052","$648,052"
"R455508","R-17-W311-800B-0032-0008","WENJING MAO & JIE PEI TRS JP & WM FAMILY REVOCABLE TRUST","10741 CHESTNUT RIDGE RD  AUSTIN, TX 78726-1358","11017 CASITAS DR, AUSTIN, TX  78717","S8794 - CASITAS AT AVERY RANCH(SECOND AMENDED PLAT), BLOCK B, Lot 32","L591503E"," ","S8794 - CASITAS AT AVERY RANCH(SECOND AMENDED PLAT)","Real","$408,633","$408,633"
"R455514","R-17-W311-800B-0038-0008","ARETY, VENU V & PRASANTHI K","3101 LYME RIDGE DR  LEANDER, TX 78641","11121 CASITAS DR, AUSTIN, TX  78717","S8794 - CASITAS AT AVERY RANCH(SECOND AMENDED PLAT), BLOCK B, Lot 38","L591503E"," ","S8794 - CASITAS AT AVERY RANCH(SECOND AMENDED PLAT)","Real","$464,318","$464,318"
"R465586","R-17-W308-116C-0021-0008","MENDOZA, JAYSON & LEIDY","8300 WEXFORD DR AUSTIN, TX 78759-4438","11713 SPRINGS HEAD LOOP, AUSTIN, TX  78717","S8860 - AVERY RANCH FAR WEST PH 1 SEC 6, BLOCK C, Lot 21","L591503E"," ","S8860 - AVERY RANCH FAR WEST PH 1 SEC 6","Real","$503,894","$503,894"
"R465589","R-17-W308-116C-0024-0008","LAURINEC, JENNIFER E & CHARLES PARKER VACLAVIK","11725 SPRINGS HEAD LOOP  AUSTIN, TX 78717","11725 SPRINGS HEAD LOOP, AUSTIN, TX  78717","S8860 - AVERY RANCH FAR WEST PH 1 SEC 6, BLOCK C, Lot 24","L591503E"," ","S8860 - AVERY RANCH FAR WEST PH 1 SEC 6","Real","$514,956","$514,956"
"R465606","R-17-W308-116C-0041-0008","MEDINA, RAYMUNDO J","12041 SPRINGS HEAD LOOP  AUSTIN, TX 78717","12041 SPRINGS HEAD LOOP, AUSTIN, TX  78717","S8860 - AVERY RANCH FAR WEST PH 1 SEC 6, BLOCK C, Lot 41","L591503E"," ","S8860 - AVERY RANCH FAR WEST PH 1 SEC 6","Real","$461,719","$461,719"
"R465615","R-17-W308-116X-0016-0008","BROWN, CHRISTOPHER KENT & HEATHER ANNE","11812 SPRINGS HEAD LOOP  AUSTIN, TX 78717","11812 SPRINGS HEAD LOOP, AUSTIN, TX  78717","S8860 - AVERY RANCH FAR WEST PH 1 SEC 6, BLOCK X, Lot 16","L591503E"," ","S8860 - AVERY RANCH FAR WEST PH 1 SEC 6","Real","$568,824","$568,824"
"R465618","R-17-W308-116X-0019-0008","SAMUELS, LISE RENEE","11716 SPRINGS HEAD LOOP  AUSTIN, TX 78717","11716 SPRINGS HEAD LOOP, AUSTIN, TX  78717","S8860 - AVERY RANCH FAR WEST PH 1 SEC 6, BLOCK X, Lot 19","L591503E"," ","S8860 - AVERY RANCH FAR WEST PH 1 SEC 6","Real","$426,597","$426,597"
"R465629","R-17-W308-116Y-0012-0008","FANG, YUANYUAN & YIMIN XU","APT 4A BUILDING 1 LANE 568 JULU ROAD SHANGHAI CHINA 200040","11916 SPRINGS HEAD LOOP, AUSTIN, TX  78717","S8860 - AVERY RANCH FAR WEST PH 1 SEC 6, BLOCK Y, Lot 12","L591503E"," ","S8860 - AVERY RANCH FAR WEST PH 1 SEC 6","Real","$442,535","$442,535"
"R465632","R-17-W308-116Z-0023-0008","MCCULLOUGH, THOMAS ALAN & KRISTEN R","14904 STAKED PLAINS LOOP AUSTIN, TX 78717-4491","14904 STAKED PLAINS LOOP, AUSTIN, TX  78717","S8860 - AVERY RANCH FAR WEST PH 1 SEC 6, BLOCK Z, Lot 23","L591503E"," ","S8860 - AVERY RANCH FAR WEST PH 1 SEC 6","Real","$486,123","$486,123"
"R465993","R-17-W308-115H-0002-0008","LACHAPELLE, JEAN-MAXIME","14504 HOMESTEAD VILLAGE CIR  AUSTIN, TX 78717","14504 HOMESTEAD VILLAGE CIR, AUSTIN, TX  78717","S8768 - AVERY RANCH FAR WEST PH 1 SEC 5, BLOCK H, Lot 2","L591503E"," ","S8768 - AVERY RANCH FAR WEST PH 1 SEC 5","Real","$572,784","$572,784"
"R466001","R-17-W308-115K-0001-0008","AVERY RANCH OWNERS ASSOCIATION INC","PO BOX 702348 DALLAS, TX 75370-2348","STAKED PLAINS LOOP, AUSTIN, TX  78717","S8768 - AVERY RANCH FAR WEST PH 1 SEC 5, BLOCK K, Lot 1, ACRES 2.106, (OPEN SPACE)","L591503E"," ","S8768 - AVERY RANCH FAR WEST PH 1 SEC 5","Real","$632","$632"
"R466004","R-17-W308-115L-0003-0008","HUMAYUN, ASIM M & AFSHEEN","14300 ROUNTREE RANCH LN  AUSTIN, TX 78717","14300 ROUNTREE RANCH LN, AUSTIN, TX  78717","S8768 - AVERY RANCH FAR WEST PH 1 SEC 5, BLOCK L, Lot 3","L591503E"," ","S8768 - AVERY RANCH FAR WEST PH 1 SEC 5","Real","$506,477","$506,477"
"R466010","R-17-W308-115L-0009-0008","PEIR, ROBERT W","10149 DIANELLA LN  AUSTIN, TX 78759","11412 DOG LEG DR, AUSTIN, TX  78717","S8768 - AVERY RANCH FAR WEST PH 1 SEC 5, BLOCK L, Lot 9","L591503E"," ","S8768 - AVERY RANCH FAR WEST PH 1 SEC 5","Real","$438,627","$438,627"
"R466021","R-17-W308-115M-0015-0008","ALMIE PROPERTIES LLC","1 GREEN HILL RD  CHESTER, NJ 07930","11409 DOG LEG DR, AUSTIN, TX  78717","S8768 - AVERY RANCH FAR WEST PH 1 SEC 5, BLOCK M, Lot 15","L591503E"," ","S8768 - AVERY RANCH FAR WEST PH 1 SEC 5","Real","$475,742","$475,742"
"R466024","R-17-W308-115M-0018-0008","BORKOWICZ, JULIA DANIELA & DAVID GLENN","14412 ROUNTREE RANCH LN  AUSTIN, TX 78717","14412 ROUNTREE RANCH LN, AUSTIN, TX  78717","S8768 - AVERY RANCH FAR WEST PH 1 SEC 5, BLOCK M, Lot 18","L591503E"," ","S8768 - AVERY RANCH FAR WEST PH 1 SEC 5","Real","$516,471","$516,471"
"R466027","R-17-W308-115M-0021-0008","FLYNN, MICHAEL S (LE) & VIRGINIA G FLYNN (LE)","14413 ROUNTREE RANCH LN  AUSTIN, TX 78717-4823","14413 ROUNTREE RANCH LN, AUSTIN, TX  78717","S8768 - AVERY RANCH FAR WEST PH 1 SEC 5, BLOCK M, Lot 21","L591503E"," ","S8768 - AVERY RANCH FAR WEST PH 1 SEC 5","Real","$456,829","$456,829"
"R466041","R-17-W308-115M-0035-0008","AVERY RANCH OWNERS ASSOCIATION INC","PO BOX 702348 DALLAS, TX 75370-2348","NEARABOUT RD, AUSTIN, TX  78717","S8768 - AVERY RANCH FAR WEST PH 1 SEC 5, BLOCK M, Lot 35, ACRES 0.13, (LANDSCAPE)","L591503E"," ","S8768 - AVERY RANCH FAR WEST PH 1 SEC 5","Real","$300","$300"
"R466044","R-17-W308-115N-0003-0008","LOPES, LEANDRO MACHADO & FABIANA CASTRO PORTO S","14208 ROUNTREE RANCH LN  AUSTIN, TX 78717","14208 ROUNTREE RANCH LN, AUSTIN, TX  78717","S8768 - AVERY RANCH FAR WEST PH 1 SEC 5, BLOCK N, Lot 3","L591503E"," ","S8768 - AVERY RANCH FAR WEST PH 1 SEC 5","Real","$458,507","$458,507"
"R466047","R-17-W308-115N-0006-0008","WILT, ANDREW R & LINDA S","14220 ROUNTREE RANCH LN  AUSTIN, TX 78717","14220 ROUNTREE RANCH LN, AUSTIN, TX  78717","S8768 - AVERY RANCH FAR WEST PH 1 SEC 5, BLOCK N, Lot 6","L591503E"," ","S8768 - AVERY RANCH FAR WEST PH 1 SEC 5","Real","$525,012","$525,012"
"R466050","R-17-W308-115N-0009-0008","TRIPP, DARYL A & DIANA D","14400 HOMESTEAD VILLAGE CIR  AUSTIN, TX 78717","14400 HOMESTEAD VILLAGE CIR, AUSTIN, TX  78717","S8768 - AVERY RANCH FAR WEST PH 1 SEC 5, BLOCK N, Lot 9","L591503E"," ","S8768 - AVERY RANCH FAR WEST PH 1 SEC 5","Real","$647,840","$647,840"
"R466061","R-17-W308-115Q-0001-0008","BENAVIDES, MARK W","14304 HOMESTEAD VILLAGE CIR AUSTIN, TX 78717-4699","14304 HOMESTEAD VILLAGE CIR, AUSTIN, TX  78717","S8768 - AVERY RANCH FAR WEST PH 1 SEC 5, BLOCK Q, Lot 1","L591503E"," ","S8768 - AVERY RANCH FAR WEST PH 1 SEC 5","Real","$653,126","$653,126"
"R466064","R-17-W308-115Q-0004-0008","STEWART, ANNWEN","14316 HOMESTEAD VILLAGE CIR AUSTIN, TX 78717-4699","14316 HOMESTEAD VILLAGE CIR, AUSTIN, TX  78717","S8768 - AVERY RANCH FAR WEST PH 1 SEC 5, BLOCK Q, Lot 4","L591503E"," ","S8768 - AVERY RANCH FAR WEST PH 1 SEC 5","Real","$578,511","$578,511"
"R466067","R-17-W308-115Q-0007-0008","VARATHAPPAN, SOUNDARARAJAN & RADHA VELUSAMY","14316 STAKED PLAINS LOOP  AUSTIN, TX 78717","14316 STAKED PLAINS LOOP, AUSTIN, TX  78717","S8768 - AVERY RANCH FAR WEST PH 1 SEC 5, BLOCK Q, Lot 7","L591503E"," ","S8768 - AVERY RANCH FAR WEST PH 1 SEC 5","Real","$442,642","$442,642"
"R466084","R-17-W308-115R-0001-0008","MCDONNELL, WILLIAM J & HYE JOON KIM, III","11617 MCDOWS HOLE LN  AUSTIN , TX 78717","11617 MC DOWS HOLE LN, AUSTIN, TX  78717","S8768 - AVERY RANCH FAR WEST PH 1 SEC 5, BLOCK R, Lot 1","L591503E"," ","S8768 - AVERY RANCH FAR WEST PH 1 SEC 5","Real","$517,808","$517,808"
"R466087","R-17-W308-115R-0004-0008","KRUPNIK, VLADIMIR MARK","11605 MCDOWS HOLE LN  AUSTIN, TX 78717","11605 MC DOWS HOLE LN, AUSTIN, TX  78717","S8768 - AVERY RANCH FAR WEST PH 1 SEC 5, BLOCK R, Lot 4","L591503E"," ","S8768 - AVERY RANCH FAR WEST PH 1 SEC 5","Real","$452,975","$452,975"
"R466093","R-17-W308-115R-0010-0008","GINTHER, GRAY L & RISA U","14412 SHOWDOWN LN AUSTIN, TX 78717-4470","14412 SHOWDOWN LN, AUSTIN, TX  78717","S8768 - AVERY RANCH FAR WEST PH 1 SEC 5, BLOCK R, Lot 10","L591503E"," ","S8768 - AVERY RANCH FAR WEST PH 1 SEC 5","Real","$482,754","$482,754"
"R473398","R-17-W308-114C-0003-A008","AUSTIN CITY OF","PO BOX 1088 AUSTIN, TX 78767-1088","DODGE CATTLE DR, AUSTIN, TX  78717","S8285 - Avery Ranch Far West Ph 1 Sec 4, BLOCK C, Lot 3 pt, ACRES 0.26, (OPEN SPACE)","L591503E"," ","S8285 - Avery Ranch Far West Ph 1 Sec 4","Real","$300","$300"
"R475199","R-17-W308-121H-0002-0008","DEVANGAN, HEMENDER & DEEPTI","5118 HAWTHORNE BEND DR  KATY, TX 77494-1953","14125 ROUNTREE RANCH LN, AUSTIN, TX  78717","S9184 - AVERY RANCH FAR WEST PH 2 SEC 1, BLOCK H, Lot 2","L591503E"," ","S9184 - AVERY RANCH FAR WEST PH 2 SEC 1","Real","$638,565","$638,565"
"R475205","R-17-W308-121J-0007-0008","SHAH, AVNI & SARIN","14101 ROUNTREE RANCH LN  AUSTIN, TX 78717","14101 ROUNTREE RANCH LN, AUSTIN, TX  78717","S9184 - AVERY RANCH FAR WEST PH 2 SEC 1, BLOCK J, Lot 7","L591503E"," ","S9184 - AVERY RANCH FAR WEST PH 2 SEC 1","Real","$504,069","$504,069"
"R475216","R-17-W308-121L-0004-0008","GU, LIYANG","15420 STAKED PLAINS LOOP  AUSTIN, TX 78717-4852","15420 STAKED PLAINS LOOP, AUSTIN, TX  78717","S9184 - AVERY RANCH FAR WEST PH 2 SEC 1, BLOCK L, Lot 4","L591503E"," ","S9184 - AVERY RANCH FAR WEST PH 2 SEC 1","Real","$621,924","$621,924"
"R475219","R-17-W308-121L-0007-0008","RAO, SANJAY & SUPRIYA S","3304 ALEXANDRITE WAY  ROUND ROCK, TX 78681-2440","15504 STAKED PLAINS LOOP, AUSTIN, TX  78717","S9184 - AVERY RANCH FAR WEST PH 2 SEC 1, BLOCK L, Lot 7","L591503E"," ","S9184 - AVERY RANCH FAR WEST PH 2 SEC 1","Real","$624,731","$624,731"
"R475222","R-17-W308-121M-0002-0008","NABAR, CHETAN & MANASI M TRUSTEES OF NABAR FAMILY TRUST","1141 ROCKEFELLER DR SUNNYVALE, CA 94087","15505 STAKED PLAINS LOOP, AUSTIN, TX  78717","S9184 - AVERY RANCH FAR WEST PH 2 SEC 1, BLOCK M, Lot 2","L591503E"," ","S9184 - AVERY RANCH FAR WEST PH 2 SEC 1","Real","$646,511","$646,511"
"R475228","R-17-W308-121M-0008-0008","KUMAR, JEETESH & PRITI PRAMODINI","15529 STAKED PLAINS LOOP  AUSTIN, TX 78717","15529 STAKED PLAINS LOOP, AUSTIN, TX  78717","S9184 - AVERY RANCH FAR WEST PH 2 SEC 1, BLOCK M, Lot 8","L591503E"," ","S9184 - AVERY RANCH FAR WEST PH 2 SEC 1","Real","$588,824","$588,824"
"R475239","R-17-W308-121Q-0035-0008","RAMON H MALDONADO & FRANCES A MALDONADO TRS ETHAN X MALDONADO REVOCABLE TRUST","258 ROYAL DUNES CIR  PORT ARANSAS, TX 78373-4979","11628 RUNNING BRUSH LN, AUSTIN, TX  78717","S9184 - AVERY RANCH FAR WEST PH 2 SEC 1, BLOCK Q, Lot 35","L591503E"," ","S9184 - AVERY RANCH FAR WEST PH 2 SEC 1","Real","$667,271","$667,271"
"R475242","R-17-W308-121Q-0038-0008","BERRY, CLAY CAMERON","11704 RUNNING BRUSH CV  AUSTIN, TX 78717","11704 RUNNING BRUSH CV, AUSTIN, TX  78717","S9184 - AVERY RANCH FAR WEST PH 2 SEC 1, BLOCK Q, Lot 38","L591503E"," ","S9184 - AVERY RANCH FAR WEST PH 2 SEC 1","Real","$736,139","$736,139"
"R475248","R-17-W308-121Q-0044-0008","GUERRA, JOSE M & CELINA BERENICE GARCIA DAVILA","11648 RUNNING BRUSH LN  AUSTIN, TX 78717","11648 RUNNING BRUSH LN, AUSTIN, TX  78717","S9184 - AVERY RANCH FAR WEST PH 2 SEC 1, BLOCK Q, Lot 44","L591503E"," ","S9184 - AVERY RANCH FAR WEST PH 2 SEC 1","Real","$656,003","$656,003"
"R475256","R-17-W308-121N-0007-0008","BELL, GABRIEL L","15425 STAKED PLAINS LOOP  AUSTIN, TX 78717","15425 STAKED PLAINS LOOP, AUSTIN, TX  78717","S9184 - AVERY RANCH FAR WEST PH 2 SEC 1, BLOCK N, Lot 7","L591503E"," ","S9184 - AVERY RANCH FAR WEST PH 2 SEC 1","Real","$456,139","$456,139"
"R475263","R-17-W308-122H-0010-0008","NILESH KHARE & ASHWINI KHARE TRS KHARE LIVING TRUST","4541 GOLF VISTA DR  AUSTIN, TX 78730-3564","14025 BOQUILLAS CANYON DR, AUSTIN, TX  78717","S9185 - AVERY RANCH FAR WEST PH 2 SEC 2, BLOCK H, Lot 10","L591503E"," ","S9185 - AVERY RANCH FAR WEST PH 2 SEC 2","Real","$445,506","$445,506"
"R475266","R-17-W308-122H-0013-0008","KUNKA, KUMARAN R","11910 VISCAYA WAY  AUSTIN, TX 78726","14013 BOQUILLAS CANYON DR, AUSTIN, TX  78717","S9185 - AVERY RANCH FAR WEST PH 2 SEC 2, BLOCK H, Lot 13","L591503E"," ","S9185 - AVERY RANCH FAR WEST PH 2 SEC 2","Real","$451,649","$451,649"
"R475272","R-17-W308-122H-0019-0008","LOH, JERRY CHUNG","11532 RUNNING BRUSH LN  AUSTIN, TX 78717","11532 RUNNING BRUSH LN, AUSTIN, TX  78717","S9185 - AVERY RANCH FAR WEST PH 2 SEC 2, BLOCK H, Lot 19","L591503E"," ","S9185 - AVERY RANCH FAR WEST PH 2 SEC 2","Real","$451,986","$451,986"
"R475280","R-17-W308-122J-0011-0008","SCHLEPPEY, STEVEN W & GRACE H","14020 BOQUILLAS CANYON DR AUSTIN, TX 78717-4824","14020 BOQUILLAS CANYON DR, AUSTIN, TX  78717","S9185 - AVERY RANCH FAR WEST PH 2 SEC 2, BLOCK J, Lot 11","L591503E"," ","S9185 - AVERY RANCH FAR WEST PH 2 SEC 2","Real","$478,400","$478,400"
"R475300","R-17-W308-122N-0010-0008","TANG, GENG & CHUNLEI CHU","14000 CHISOS TRL  AUSTIN, TX 78717","14000 CHISOS TRL, AUSTIN, TX  78717","S9185 - AVERY RANCH FAR WEST PH 2 SEC 2, BLOCK N, Lot 10","L591503E"," ","S9185 - AVERY RANCH FAR WEST PH 2 SEC 2","Real","$580,374","$580,374"
"R486664","R-17-W308-123A-0007-0008","CHOU, TA-CHENG","14304 MARATHON RD  AUSTIN, TX 78717","14304 MARATHON RD, AUSTIN, TX  78717","S9414 - AVERY RANCH FAR WEST PH 2 SEC 3, BLOCK A, Lot 7","L591503E"," ","S9414 - AVERY RANCH FAR WEST PH 2 SEC 3","Real","$452,608","$452,608"
"R486673","R-17-W308-123A-0016-0008","TEEKAY, MOKTHAR & MINOL SHAMREEN","11213 PERSIMMON GAP DR  AUSTIN, TX 78717","11213 PERSIMMON GAP DR, AUSTIN, TX  78717","S9414 - AVERY RANCH FAR WEST PH 2 SEC 3, BLOCK A, Lot 16","L591503E"," ","S9414 - AVERY RANCH FAR WEST PH 2 SEC 3","Real","$507,129","$507,129"
"R486681","R-17-W308-123B-0004-0008","MEYU INVESTMENTS LLC","1022 233RD PL NE SAMMAMISH, WA 98074-7288","11125 PERSIMMON GAP DR, AUSTIN, TX  78717","S9414 - AVERY RANCH FAR WEST PH 2 SEC 3, BLOCK B, Lot 4","L591503E"," ","S9414 - AVERY RANCH FAR WEST PH 2 SEC 3","Real","$442,180","$442,180"
"R486687","R-17-W308-123B-0010-0008","TRUONG, GIANG HOANG & HOA TUYET THI NGUYEN","14918 GALENA DR  AUSTIN, TX 78717","11101 PERSIMMON GAP DR, AUSTIN, TX  78717","S9414 - AVERY RANCH FAR WEST PH 2 SEC 3, BLOCK B, Lot 10","L591503E"," ","S9414 - AVERY RANCH FAR WEST PH 2 SEC 3","Real","$453,218","$453,218"
"R486690","R-17-W308-123B-0013-0008","GUNASEKARAN, ASHOK & LALITHA SUNDARAMURTHY","19400 DE HAVILLAND DR  SARATOGA, CA 95070","14213 WILLOW TANK DR, AUSTIN, TX  78717","S9414 - AVERY RANCH FAR WEST PH 2 SEC 3, BLOCK B, Lot 13","L591503E"," ","S9414 - AVERY RANCH FAR WEST PH 2 SEC 3","Real","$470,844","$470,844"
"R486704","R-17-W308-123D-0006-0008","RAJKUMAR SENGOTTUVEL & KAYALVIZHI SABESAN CO TR RS & KS FAMILY REVOCABLE TRUST","14205 MARATHON RD  AUSTIN, TX 78717","14205 MARATHON RD, AUSTIN, TX  78717","S9414 - AVERY RANCH FAR WEST PH 2 SEC 3, BLOCK D, Lot 6","L591503E"," ","S9414 - AVERY RANCH FAR WEST PH 2 SEC 3","Real","$512,416","$512,416"
"R486707","R-17-W308-123D-0009-0008","WOMACK, BRIAN W & JENNIFER","14217 MARATHON RD AUSTIN, TX 78717-4881","14217 MARATHON RD, AUSTIN, TX  78717","S9414 - AVERY RANCH FAR WEST PH 2 SEC 3, BLOCK D, Lot 9","L591503E"," ","S9414 - AVERY RANCH FAR WEST PH 2 SEC 3","Real","$454,497","$454,497"
"R486713","R-17-W308-123D-0015-0008","AMACHANDRAN, JAYAPRAKASH & SAVITA JAYAPRAKASH","33412 PONY LOOP  FREMONT, CA 94555-3511","11204 OLD QUARRY RD, AUSTIN, TX  78717","S9414 - AVERY RANCH FAR WEST PH 2 SEC 3, BLOCK D, Lot 15","L591503E"," ","S9414 - AVERY RANCH FAR WEST PH 2 SEC 3","Real","$521,050","$521,050"
"R486716","R-17-W308-123E-0002-0008","LEE, CHUN C & CHETANA SINGH","2736 NW FARGO ST  CAMAS, WA 98607-8638","11220 PERSIMMON GAP DR, AUSTIN, TX  78717","S9414 - AVERY RANCH FAR WEST PH 2 SEC 3, BLOCK E, Lot 2","L591503E"," ","S9414 - AVERY RANCH FAR WEST PH 2 SEC 3","Real","$504,590","$504,590"
"R486724","R-17-W308-123E-0010-0008","SANMING LLC","9804 MORGAN CRK  AUSTIN, TX 78717","11120 PERSIMMON GAP DR, AUSTIN, TX  78717","S9414 - AVERY RANCH FAR WEST PH 2 SEC 3, BLOCK E, Lot 10","L591503E"," ","S9414 - AVERY RANCH FAR WEST PH 2 SEC 3","Real","$509,074","$509,074"
"R486727","R-17-W308-123E-0013-0008","TURNER, CATHERINE ANN (TOD)","11100 PERSIMMON GAP DR  AUSTIN, TX 78717","11100 PERSIMMON GAP DR, AUSTIN, TX  78717","S9414 - AVERY RANCH FAR WEST PH 2 SEC 3, BLOCK E, Lot 13","L591503E"," ","S9414 - AVERY RANCH FAR WEST PH 2 SEC 3","Real","$442,839","$442,839"
"R486730","R-17-W308-123E-0016-0008","SWAMINATHAN MAHALINGAM & SRIVIDHYA MAHALINGAM OF MAHALINGAM TRUST","2159 CEYNOWA LN  SAN JOSE, CA 95121-1466","11109 OLD QUARRY RD, AUSTIN, TX  78717","S9414 - AVERY RANCH FAR WEST PH 2 SEC 3, BLOCK E, Lot 16","L591503E"," ","S9414 - AVERY RANCH FAR WEST PH 2 SEC 3","Real","$453,218","$453,218"
"R486736","R-17-W308-123E-0022-0008","ARNOLD, ANTHONY & JENNIFER","11205 OLD QUARRY RD  AUSTIN, TX 78717","11205 OLD QUARRY RD, AUSTIN, TX  78717","S9414 - AVERY RANCH FAR WEST PH 2 SEC 3, BLOCK E, Lot 22","L591503E"," ","S9414 - AVERY RANCH FAR WEST PH 2 SEC 3","Real","$516,567","$516,567"
"R486744","R-17-W308-123B-0052-0008","AVERY RANCH OWNERS ASSOCIATION INC","PO BOX 702348 DALLAS, TX 75370-2348","STAKED PLAINS DR, AUSTIN, TX  78717","S9414 - AVERY RANCH FAR WEST PH 2 SEC 3, BLOCK B, Lot 52, ACRES 0.49, (DRAINAGE EASEMENT)","L591503E"," ","S9414 - AVERY RANCH FAR WEST PH 2 SEC 3","Real","$300","$300"
"R489265","R-17-W308-124B-0025-0008","PEDERSEN, JAN S GOOD","16115 ROBINWOOD LN  SAN ANTONIO, TX 78248","14101 WILLOW TANK DR, AUSTIN, TX  78717","S9460 - AVERY RANCH FAR WEST PH 2 SEC 4, BLOCK B, Lot 25","L591503E"," ","S9460 - AVERY RANCH FAR WEST PH 2 SEC 4","Real","$439,202","$439,202"
"R489268","R-17-W308-124B-0028-0008","PINELO, RENATO","9316 VILLA NORTE DR AUSTIN, TX 78726-2362","11108 PANTHER JUNCTION TRL, AUSTIN, TX  78717","S9460 - AVERY RANCH FAR WEST PH 2 SEC 4, BLOCK B, Lot 28","L591503E"," ","S9460 - AVERY RANCH FAR WEST PH 2 SEC 4","Real","$444,934","$444,934"
"R489271","R-17-W308-124B-0031-0008","MINOR, FRANCISCO RUELAS & MONICA L VALDOVINOS FLORES","14209 CANYON TRL  AUSTIN, TX 78717","14209 CANYON TRL, AUSTIN, TX  78717","S9460 - AVERY RANCH FAR WEST PH 2 SEC 4, BLOCK B, Lot 31","L591503E"," ","S9460 - AVERY RANCH FAR WEST PH 2 SEC 4","Real","$445,591","$445,591"
"R489274","R-17-W308-124B-0034-0008","BAPU APARAJIT MALLIJAWAHAR & SURYA RATHANLAL","14121 CANYON TRL  AUSTIN, TX 78717","14121 CANYON TRL, AUSTIN, TX  78717","S9460 - AVERY RANCH FAR WEST PH 2 SEC 4, BLOCK B, Lot 34","L591503E"," ","S9460 - AVERY RANCH FAR WEST PH 2 SEC 4","Real","$470,175","$470,175"
"R489285","R-17-W308-124B-0045-0008","BURBY, JOSHUA W & KRISTEN J","14037 TURKEY HOLLOW TRL  AUSTIN, TX 78717-4892","14037 TURKEY HOLLOW TRL, AUSTIN, TX  78717","S9460 - AVERY RANCH FAR WEST PH 2 SEC 4, BLOCK B, Lot 45","L591503E"," ","S9460 - AVERY RANCH FAR WEST PH 2 SEC 4","Real","$511,913","$511,913"
"R489288","R-17-W308-124B-0048-0008","MILLER, DAVID L & MICHELLE","14025 TURKEY HOLLOW TRL AUSTIN, TX 78717-4892","14025 TURKEY HOLLOW TRL, AUSTIN, TX  78717","S9460 - AVERY RANCH FAR WEST PH 2 SEC 4, BLOCK B, Lot 48","L591503E"," ","S9460 - AVERY RANCH FAR WEST PH 2 SEC 4","Real","$598,037","$598,037"
"R489291","R-17-W308-124B-0051-0008","YE, BIN & HONG TONG","16529 ALONG CREEK CV  AUSTIN, TX 78717","14013 TURKEY HOLLOW TRL, AUSTIN, TX  78717","S9460 - AVERY RANCH FAR WEST PH 2 SEC 4, BLOCK B, Lot 51","L591503E"," ","S9460 - AVERY RANCH FAR WEST PH 2 SEC 4","Real","$444,486","$444,486"
"R489308","R-17-W308-124D-0021-0008","FAROOK, MOHAMMED G","14208 CANYON TRL  AUSTIN, TX 78717","14208 CANYON TRL, AUSTIN, TX  78717","S9460 - AVERY RANCH FAR WEST PH 2 SEC 4, BLOCK D, Lot 21","L591503E"," ","S9460 - AVERY RANCH FAR WEST PH 2 SEC 4","Real","$576,789","$576,789"
"R489320","R-17-W308-124F-0001-0008","BUI, LUAN & DIEP DANG","11224 MCKINNEY SPRINGS DR  AUSTIN, TX 78717-5111","11224 MC KINNEY SPRING DR, AUSTIN, TX  78717","S9460 - AVERY RANCH FAR WEST PH 2 SEC 4, BLOCK F, Lot 1","L591503E"," ","S9460 - AVERY RANCH FAR WEST PH 2 SEC 4","Real","$447,163","$447,163"
"R489331","R-17-W308-124F-0012-0008","SHARMA, VINAYAK B & SUKIRTI MISRA","313 IVEY FARMS RD FARRAGUT, TN 37934-2308","11100 MC KINNEY SPRING DR, AUSTIN, TX  78717","S9460 - AVERY RANCH FAR WEST PH 2 SEC 4, BLOCK F, Lot 12","L591503E"," ","S9460 - AVERY RANCH FAR WEST PH 2 SEC 4","Real","$510,871","$510,871"
"R489334","R-17-W308-124G-0015-0008","CARNRIGHT, RICHARD ANTHONY","14008 MARATHON RD  AUSTIN, TX 78717","14008 MARATHON RD, AUSTIN, TX  78717","S9460 - AVERY RANCH FAR WEST PH 2 SEC 4, BLOCK G, Lot 15","L591503E"," ","S9460 - AVERY RANCH FAR WEST PH 2 SEC 4","Real","$440,413","$440,413"
"R505965","R-17-W308-131C-0007-0008","DE LA MORA MIGUELA HERNANDEZ & ANA ELVA TREVINO CUELLAR","11500 RUNNING BRUSH LN  AUSTIN, TX 78717","11500 RUNNING BRUSH LN, AUSTIN, TX  78717","S9966 - AVERY RANCH FAR WEST PH 3 SEC 1, BLOCK C, Lot 7, ACRES 0.141","L591503E"," ","S9966 - AVERY RANCH FAR WEST PH 3 SEC 1","Real","$501,898","$501,898"
"R505968","R-17-W308-131C-0010-0008","LYUBENOVA, TSVETOMIRA V & LYUBOSLAV K LYUNBENOV","11424 RUNNING BRUSH LN  AUSTIN, TX 78717","11424 RUNNING BRUSH LN, AUSTIN, TX  78717","S9966 - AVERY RANCH FAR WEST PH 3 SEC 1, BLOCK C, Lot 10, ACRES 0.173","L591503E"," ","S9966 - AVERY RANCH FAR WEST PH 3 SEC 1","Real","$534,163","$534,163"
"R505971","R-17-W308-131C-0013-0008","PONNIAH, MICHEAL A ALEXIS &  SUBHASHINI RADHAKRISHNAN","11412 RUNNING BRUSH LN  AUSTIN, TX 78717","11412 RUNNING BRUSH LN, AUSTIN, TX  78717","S9966 - AVERY RANCH FAR WEST PH 3 SEC 1, BLOCK C, Lot 13, ACRES 0.184","L591503E"," ","S9966 - AVERY RANCH FAR WEST PH 3 SEC 1","Real","$457,340","$457,340"
"R505974","R-17-W308-131C-0016-0008","DEVARAJU, CHETHAN & APARNA SAVANT","11400 RUNNING BRUSH LN  AUSTIN, TX 78717","11400 RUNNING BRUSH LN, AUSTIN, TX  78717","S9966 - AVERY RANCH FAR WEST PH 3 SEC 1, BLOCK C, Lot 16, ACRES 0.248","L591503E"," ","S9966 - AVERY RANCH FAR WEST PH 3 SEC 1","Real","$598,459","$598,459"
"R507168","R-17-W308-132A-0007-0008","PAUL, WILMAISON & JOHANNA CATHERINE MONTANEZ","13921 TURKEY HOLLOW TRL  AUSTIN, TX 78717","13921 TURKEY HOLLOW TRL, AUSTIN, TX  78717","S10030 - AVERY RANCH FAR WEST PH 3 SEC 2, BLOCK A, Lot 7, ACRES 0.126","L591503E"," ","S10030 - AVERY RANCH FAR WEST PH 3 SEC 2","Real","$503,692","$503,692"
"R507171","R-17-W308-132B-0001-0008","ROY, SUMANTA & LOPAMUDRA","13921 MARATHON RD  AUSTIN, TX 78717","13921 MARATHON RD, AUSTIN, TX  78717","S10030 - AVERY RANCH FAR WEST PH 3 SEC 2, BLOCK B, Lot 1, ACRES 0.141","L591503E"," ","S10030 - AVERY RANCH FAR WEST PH 3 SEC 2","Real","$527,584","$527,584"
"R507177","R-17-W308-132B-0007-0008","BOLAR, SAMIR","11221 WYOLA BND  AUSTIN, TX 78717","11221 WYOLA BND, AUSTIN, TX  78717","S10030 - AVERY RANCH FAR WEST PH 3 SEC 2, BLOCK B, Lot 7, ACRES 0.109","L591503E"," ","S10030 - AVERY RANCH FAR WEST PH 3 SEC 2","Real","$465,583","$465,583"
"R507180","R-17-W308-132B-0010-0008","GUNDERSON, PATRICK J & MAUREEN J","615 CUTLASS  LAKEWAY, TX 78734-4315","11209 WYOLA BND, AUSTIN, TX  78717","S10030 - AVERY RANCH FAR WEST PH 3 SEC 2, BLOCK B, Lot 10, ACRES 0.19","L591503E"," ","S10030 - AVERY RANCH FAR WEST PH 3 SEC 2","Real","$639,739","$639,739"
"R507191","R-17-W308-132C-0004-0008","RAMAN, ARVIND SHANKAR & AARTHI VENKATAKRISHNAN","13930 TURKEY HOLLOW TRL  AUSTIN, TX 78717-4863","13930 TURKEY HOLLOW TRL, AUSTIN, TX  78717","S10030 - AVERY RANCH FAR WEST PH 3 SEC 2, BLOCK C, Lot 4, ACRES 0.133","L591503E"," ","S10030 - AVERY RANCH FAR WEST PH 3 SEC 2","Real","$579,427","$579,427"
"R507194","R-17-W308-132C-0007-0008","GAN, RICHARD (TOD) & MIN TZU HSU (TOD)","12914 SCHLEICHER TRL AUSTIN, TX 78732","11218 WYOLA BND, AUSTIN, TX  78717","S10030 - AVERY RANCH FAR WEST PH 3 SEC 2, BLOCK C, Lot 7, ACRES 0.135","L591503E"," ","S10030 - AVERY RANCH FAR WEST PH 3 SEC 2","Real","$436,389","$436,389"
"R510870","R-17-W308-100A-0001-0008","KUMAR, SAMEER & KOMAL NILESHKUMAR MODHIYA","11320 WYOLA BND  AUSTIN, TX 78717","11320 WYOLA BND, AUSTIN, TX  78717","S10151 - AVERY RANCH FAR WEST PH 2 SEC 3 &WYOLA BND ADD(AMD), BLOCK A, Lot 1, ACRES 0.301","L591503E"," ","S10151 - AVERY RANCH FAR WEST PH 2 SEC 3 &WYOLA BND ADD(AMD)","Real","$463,769","$463,769"
"R510876","R-17-W308-100A-0007-0008","MARK LEE AND JINAH KIM 2007 FAMILY TRUST","1258 HEARST DR PLEASANTON, CA 94566","11238 WYOLA BND, AUSTIN, TX  78717","S10114 - AVERY RANCH FAR WEST WYOLA BEND ADD, BLOCK A, Lot 7, ACRES 0.145","L591503E"," ","S10114 - AVERY RANCH FAR WEST WYOLA BEND ADD","Real","$525,729","$525,729"
"R514543","R-17-W308-133D-0027-0008","GUO, KEVIN HUNTER & CHRISTINE CHEN","13704 LOLETA WAY  AUSTIN, TX 78717","13704 LOLETA WAY, AUSTIN, TX  78717","S10208 - AVERY RANCH FAR WEST PH 3 SEC 3, BLOCK D, Lot 27, ACRES 0.19","L591503E"," ","S10208 - AVERY RANCH FAR WEST PH 3 SEC 3","Real","$520,763","$520,763"
"R514554","R-17-W308-133G-0001-0008","MARLOW, MARIE DEANNE","13909 TURKEY HOLLOW TRL  AUSTIN, TX 78717","13909 TURKEY HOLLOW TRL, AUSTIN, TX  78717","S10208 - AVERY RANCH FAR WEST PH 3 SEC 3, BLOCK G, Lot 1, ACRES 0.125","L591503E"," ","S10208 - AVERY RANCH FAR WEST PH 3 SEC 3","Real","$435,847","$435,847"
"R514557","R-17-W308-133G-0004-0008","KOEN, JENNIFER A & KENT V","13821 TURKEY HOLLOW TRL  AUSTIN, TX 78717","13821 TURKEY HOLLOW TRL, AUSTIN, TX  78717","S10208 - AVERY RANCH FAR WEST PH 3 SEC 3, BLOCK G, Lot 4, ACRES 0.13","L591503E"," ","S10208 - AVERY RANCH FAR WEST PH 3 SEC 3","Real","$500,103","$500,103"
"R514574","R-17-W308-133G-0021-0008","DONEPUDI, NAGENDRA B & JAYAMADHURI PENUMARTHI","10324 CHESTNUT RIDGE RD  AUSTIN, TX 78726","11608 HARPSTER BND, AUSTIN, TX  78717","S10208 - AVERY RANCH FAR WEST PH 3 SEC 3, BLOCK G, Lot 21, ACRES 0.264","L591503E"," ","S10208 - AVERY RANCH FAR WEST PH 3 SEC 3","Real","$438,057","$438,057"
"R514577","R-17-W308-133G-0024-0008","KRISHNA, GOPAL","11620 HARPSTER BND  AUSTIN, TX 78717","11620 HARPSTER BND, AUSTIN, TX  78717","S10208 - AVERY RANCH FAR WEST PH 3 SEC 3, BLOCK G, Lot 24, ACRES 0.232","L591503E"," ","S10208 - AVERY RANCH FAR WEST PH 3 SEC 3","Real","$481,982","$481,982"
"R514580","R-17-W308-133G-0027-0008","GROSSLING, GEORGE A & CYNTHIA L","11708 HARPSTER BND  AUSTIN, TX 78717","11708 HARPSTER BND, AUSTIN, TX  78717","S10208 - AVERY RANCH FAR WEST PH 3 SEC 3, BLOCK G, Lot 27, ACRES 0.224","L591503E"," ","S10208 - AVERY RANCH FAR WEST PH 3 SEC 3","Real","$522,331","$522,331"
"R514588","R-17-W308-134D-0012-0008","VALDES CHAVARRIA, GUSTAVO ADOLFO","11625 YEADON WAY  AUSTIN, TX 78717","11625 YEADON WAY, AUSTIN, TX  78717","S10209 - AVERY RANCH FAR WEST PH 3 SEC 4, BLOCK D, Lot 12, ACRES 0.176","L591503E"," ","S10209 - AVERY RANCH FAR WEST PH 3 SEC 4","Real","$591,778","$591,778"
"R514591","R-17-W308-134D-0015-0008","BYTHEWOOD, BENJAMIN D","13912 LOLETA WAY  AUSTIN, TX 78717","13912 LOLETA WAY, AUSTIN, TX  78717","S10209 - AVERY RANCH FAR WEST PH 3 SEC 4, BLOCK D, Lot 15, ACRES 0.217","L591503E"," ","S10209 - AVERY RANCH FAR WEST PH 3 SEC 4","Real","$515,317","$515,317"
"R514597","R-17-W308-134D-0021-0008","ZHOU, LI","2208 ADONAI TRL  LEANDER, TX 78641","13812 LOLETA WAY, AUSTIN, TX  78717","S10209 - AVERY RANCH FAR WEST PH 3 SEC 4, BLOCK D, Lot 21, ACRES 0.171","L591503E"," ","S10209 - AVERY RANCH FAR WEST PH 3 SEC 4","Real","$525,925","$525,925"
"R514608","R-17-W308-134E-0007-0008","SUNDEEP AMIRINENI & HARITHA KADIYALA CO TRUSTEES OF THE AMIRINENI LIVING TRUST","4402 LOGAN RIDGE DR  CEDAR PARK, TX 78613","11628 YEADON WAY, AUSTIN, TX  78717","S10209 - AVERY RANCH FAR WEST PH 3 SEC 4, BLOCK E, Lot 7, ACRES 0.146","L591503E"," ","S10209 - AVERY RANCH FAR WEST PH 3 SEC 4","Real","$592,141","$592,141"
"R514611","R-17-W308-134E-0010-0008","ANAND, ASHISH","441 MONAHANS DR GEORGETOWN, TX 78628-7190","11621 FAUBIAN LN, AUSTIN, TX  78717","S10209 - AVERY RANCH FAR WEST PH 3 SEC 4, BLOCK E, Lot 10, ACRES 0.146","L591503E"," ","S10209 - AVERY RANCH FAR WEST PH 3 SEC 4","Real","$447,543","$447,543"
"R514614","R-17-W308-134E-0013-0008","GUNNAM, SRI S AALEKHYA & LEELA S GUDIMETLA","241 CRYSTAL BROOK DR  LIBERTY HILL, TX 78642-2279","11609 FAUBIAN LN, AUSTIN, TX  78717","S10209 - AVERY RANCH FAR WEST PH 3 SEC 4, BLOCK E, Lot 13, ACRES 0.14","L591503E"," ","S10209 - AVERY RANCH FAR WEST PH 3 SEC 4","Real","$594,570","$594,570"
"R514620","R-17-W308-134F-0006-0008","SMITH, JACOB & KIMBERLY CHOU","11624 FAUBIAN LN  AUSTIN, TX 78717","11624 FAUBIAN LN, AUSTIN, TX  78717","S10209 - AVERY RANCH FAR WEST PH 3 SEC 4, BLOCK F, Lot 6, ACRES 0.166","L591503E"," ","S10209 - AVERY RANCH FAR WEST PH 3 SEC 4","Real","$505,094","$505,094"
"R515210","R-17-W308-1000-C102-0008","KAKOVSKYI, VIACHESLAV & TETIANA KAKOVSKA","14224 CANYON TRL AUSTIN, TX 78717-4889","13914 TURKEY HOLLOW TRL, AUSTIN, TX  78717","S10225 - AVERY RANCH FAR WEST TURKEY HOLLOW TRAIL ADD, BLOCK C, Lot 102, ACRES 0.151","L591503E"," ","S10225 - AVERY RANCH FAR WEST TURKEY HOLLOW TRAIL ADD","Real","$424,187","$424,187"
"R515213","R-17-W308-1000-G104-0008","KUMAR, DHARMENDRA & NEETA","13911 TURKEY HOLLOW TRL  AUSTIN, TX 78717","13911 TURKEY HOLLOW TRL, AUSTIN, TX  78717","S10225 - AVERY RANCH FAR WEST TURKEY HOLLOW TRAIL ADD, BLOCK G, Lot 104, ACRES 0.174","L591503E"," ","S10225 - AVERY RANCH FAR WEST TURKEY HOLLOW TRAIL ADD","Real","$465,159","$465,159"
"R525051","R-17-W308-135H-0011","CHOW, WAI CHU","11612 SEWICKLEY CT  AUSTIN, TX 78717","11612 SEWICKLEY CT, AUSTIN, TX  78717","S10513 - AVERY RANCH FAR WEST PH 3 SEC 5, BLOCK H, Lot 11","L591503E"," ","S10513 - AVERY RANCH FAR WEST PH 3 SEC 5","Real","$568,561","$568,561"
"R525054","R-17-W308-135H-0017","ALI, MOHAMMED M","11613 SEWICKLEY CT  AUSTIN, TX 78717","11613 SEWICKLEY CT, AUSTIN, TX  78717","S10513 - AVERY RANCH FAR WEST PH 3 SEC 5, BLOCK H, Lot 17","L591503E"," ","S10513 - AVERY RANCH FAR WEST PH 3 SEC 5","Real","$563,274","$563,274"
"R525060","R-17-W308-135M-0012","ACHMANOV, IOURI","11420 READING WAY  AUSTIN, TX 78717","11420 READING WAY, AUSTIN, TX  78717","S10513 - AVERY RANCH FAR WEST PH 3 SEC 5, BLOCK M, Lot 12","L591503E"," ","S10513 - AVERY RANCH FAR WEST PH 3 SEC 5","Real","$530,695","$530,695"
"R525071","R-17-W308-135M-0023","KIM, SEON HA & MAN SEUNG HAN","11608 SANTA ELENA LN  AUSTIN, TX 78717","11608 SANTA ELENA LN, AUSTIN, TX  78717","S10513 - AVERY RANCH FAR WEST PH 3 SEC 5, BLOCK M, Lot 23","L591503E"," ","S10513 - AVERY RANCH FAR WEST PH 3 SEC 5","Real","$652,924","$652,924"
"R525074","R-17-W308-135M-0026","KIM, ALEX J & ALMA E","11620 SANTA ELENA LN  AUSTIN, TX 78717","11620 SANTA ELENA LN, AUSTIN, TX  78717","S10513 - AVERY RANCH FAR WEST PH 3 SEC 5, BLOCK M, Lot 26","L591503E"," ","S10513 - AVERY RANCH FAR WEST PH 3 SEC 5","Real","$645,515","$645,515"
"R525337","R-17-W308-135A-H002","JUNG, TONY K","11705 SANTA ELENA LN  AUSTIN, TX 78717","11705 SANTA ELENA LN, AUSTIN, TX  78717","S10514 - AVERY RANCH FAR WEST PH 3 SEC 5-A, BLOCK H, Lot 2","L591503E"," ","S10514 - AVERY RANCH FAR WEST PH 3 SEC 5-A","Real","$454,541","$454,541"
"R533350","R-17-W308-136H-0033","ADEPU, VAMSHI KRISHNA & RAVALI RUKMINI ACHANTA","3810 BRUSHY CREEK RD  #UNIT 89 CEDAR PARK, TX 78613-2648","11601 READING CT, AUSTIN, TX  78717","S10765 - AVERY RANCH FAR WEST PH 3 SEC 6, BLOCK H, Lot 33","L591503E"," ","S10765 - AVERY RANCH FAR WEST PH 3 SEC 6","Real","$504,031","$504,031"
"R533353","R-17-W308-136H-0036","BRUK, VADIM & SVETLANA MALCHIKOVA","11305 READING WAY  AUSTIN, TX 78717-5080","11305 READING WAY, AUSTIN, TX  78717","S10765 - AVERY RANCH FAR WEST PH 3 SEC 6, BLOCK H, Lot 36","L591503E"," ","S10765 - AVERY RANCH FAR WEST PH 3 SEC 6","Real","$474,041","$474,041"
"R538400","R-17-W308-137A-H043","TIWARI, RAJKIRAN & GAYATRI","1167 BEDFORD DR CAMARILLO, CA 93010-3233","12221 WICKLINE WAY, AUSTIN, TX  78717","S10888 - AVERY RANCH FAR WEST PH 3 SEC 7-A, BLOCK H, Lot 43","L591503E"," ","S10888 - AVERY RANCH FAR WEST PH 3 SEC 7-A","Real","$484,096","$484,096"
"R538403","R-17-W308-137A-H046","AHUJA, SAURABH & REEMA CHHABRA","12215 WICKLINE WAY  AUSTIN, TX 78717","12215 WICKLINE WAY, AUSTIN, TX  78717","S10888 - AVERY RANCH FAR WEST PH 3 SEC 7-A, BLOCK H, Lot 46","L591503E"," ","S10888 - AVERY RANCH FAR WEST PH 3 SEC 7-A","Real","$594,819","$594,819"
"R538418","R-17-W308-137H-0058","JAYARAJ, PANNER SELVAM & NALINI PRIYADARSHINI YEDDULA,","12105 WICKLINE WAY  AUSTIN, TX 78717","12105 WICKLINE WAY, AUSTIN, TX  78717","S10895 - AVERY RANCH FAR WEST PH 3 SEC 7, BLOCK H, Lot 58","L591503E"," ","S10895 - AVERY RANCH FAR WEST PH 3 SEC 7","Real","$463,427","$463,427"
"R538421","R-17-W308-137H-0060","BASHAR, FARHANA & ABDUL K SARWAR","220 SUMMER ALCOVE WAY  AUSTIN, TX 78732","12009 WICKLINE WAY, AUSTIN, TX  78717","S10895 - AVERY RANCH FAR WEST PH 3 SEC 7, BLOCK H, Lot 60","L591503E"," ","S10895 - AVERY RANCH FAR WEST PH 3 SEC 7","Real","$425,453","$425,453"
"R538424","R-17-W308-137H-0063","PEDRAZA, FREDDY & MARITZA A GARCIA","12000 WICKLINE WAY  AUSTIN, TX 78717","12000 WICKLINE WAY, AUSTIN, TX  78717","S10895 - AVERY RANCH FAR WEST PH 3 SEC 7, BLOCK H, Lot 63","L591503E"," ","S10895 - AVERY RANCH FAR WEST PH 3 SEC 7","Real","$673,800","$673,800"
"R538441","R-17-W308-137H-0080","ABDUL KHADER & NAZIA ABDUL KHADER OF PATTEWALA REVOCABLE LIVING TRUST","11801 HARPSTER BND  AUSTIN, TX 78717-5089","11801 HARPSTER BND, AUSTIN, TX  78717","S10895 - AVERY RANCH FAR WEST PH 3 SEC 7, BLOCK H, Lot 80","L591503E"," ","S10895 - AVERY RANCH FAR WEST PH 3 SEC 7","Real","$464,771","$464,771"
"R538444","R-17-W308-137J-0008","PRASHANT, FNU","12129 HARPSTER BND  AUSTIN, TX 78717","12129 HARPSTER BND, AUSTIN, TX  78717","S10895 - AVERY RANCH FAR WEST PH 3 SEC 7, BLOCK J, Lot 8","L591503E"," ","S10895 - AVERY RANCH FAR WEST PH 3 SEC 7","Real","$572,782","$572,782"
"R402766","R-17-W308-810A-0002-0008","ABDE FARUQUI & NOREEN MUNSHI TSTES OF ABDE & NOREEN FARUQUI LVG TST","1146 FOREST CREEK DR  SAN JOSE, CA 95129","14605 BALLYCASTLE TRL, AUSTIN, TX  78717","S7489 - Avery Ranch West Ph 1, BLOCK A, Lot 2","L591503E"," ","S7489 - Avery Ranch West Ph 1","Real","$500,314","$500,314"
"R402769","R-17-W308-810A-0005-0008","DESJARDINS, DENNIS & HEATHER D","14617 BALLYCASTLE TRL  AUSTIN, TX 78717","14617 BALLYCASTLE TRL, AUSTIN, TX  78717","S7489 - Avery Ranch West Ph 1, BLOCK A, Lot 5","L591503E"," ","S7489 - Avery Ranch West Ph 1","Real","$480,726","$480,726"
"R402772","R-17-W308-810A-0008-0008","ESPARZA, SANDRA","14612 BALLYCASTLE TRL AUSTIN, TX 78717-4426","14612 BALLYCASTLE TRL, AUSTIN, TX  78717","S7489 - Avery Ranch West Ph 1, BLOCK A, Lot 8","L591503E"," ","S7489 - Avery Ranch West Ph 1","Real","$439,036","$439,036"
"R402774","R-17-W308-810A-0010-0008","ZHAN, YUTING & HAO FU","9605 NE 13TH ST  CLYDE HILL, WA 98004","14604 BALLYCASTLE TRL, AUSTIN, TX  78717","S7489 - Avery Ranch West Ph 1, BLOCK A, Lot 10","L591503E"," ","S7489 - Avery Ranch West Ph 1","Real","$427,070","$427,070"
"R402775","R-17-W308-810A-0011-0008","GUARINO MARK & JENNIFER","14600 BALLYCASTLE TRL AUSTIN, TX 78717-4426","14600 BALLYCASTLE TRL, AUSTIN, TX  78717","S7489 - Avery Ranch West Ph 1, BLOCK A, Lot 11","L591503E"," ","S7489 - Avery Ranch West Ph 1","Real","$478,313","$478,313"
"R402783","R-17-W308-810A-0019-0008","NOLAN, DANIEL","14625 SWINLEY FOREST CV AUSTIN, TX 78717-4423","14625 SWINLEY FOREST CV, AUSTIN, TX  78717","S7489 - Avery Ranch West Ph 1, BLOCK A, Lot 19","L591503E"," ","S7489 - Avery Ranch West Ph 1","Real","$430,524","$430,524"
"R402786","R-17-W308-810A-0022-0008","BOZHALKIN, DANIIL & IANA BOZHALKINA","14616 SWINLEY FOREST CV AUSTIN, TX 78717-4423","14616 SWINLEY FOREST CV, AUSTIN, TX  78717","S7489 - Avery Ranch West Ph 1, BLOCK A, Lot 22","L591503E"," ","S7489 - Avery Ranch West Ph 1","Real","$468,941","$468,941"
"R402789","R-17-W308-810A-0025-0008","304 APACHE TRAIL LLC","7301 RR 620 N STE 155-335 AUSTIN, TX 78726-4539","14604 SWINLEY FOREST CV, AUSTIN, TX  78717","S7489 - Avery Ranch West Ph 1, BLOCK A, Lot 25","L591503E"," ","S7489 - Avery Ranch West Ph 1","Real","$445,421","$445,421"
"R402792","R-17-W308-810A-0028-0008","AVERY RANCH OWNERS ASSOC INC","PO BOX 702348 DALLAS, TX 75370-2348","10617 CANONA HILLS TRL S, AUSTIN, TX  78717","S7489 - Avery Ranch West Ph 1, BLOCK A, Lot 28, ACRES 0.02, (LANDSCAPE)","L591503E"," ","S7489 - Avery Ranch West Ph 1","Real","$300","$300"
"R402795","R-17-W308-810A-0031-0008","ZHU, HEZI","1704 DISCOVERY BLVD CEDAR PARK, TX 78613-7256","10640 ROYAL TARA CV, AUSTIN, TX  78717","S7489 - Avery Ranch West Ph 1, BLOCK A, Lot 31","L591503E"," ","S7489 - Avery Ranch West Ph 1","Real","$473,753","$473,753"
"R402797","R-17-W308-810A-0033-0008","WU, DENGGOU & HUA CHEN","10632 ROYAL TARA CV  AUSTIN, TX 78717-4450","10632 ROYAL TARA CV, AUSTIN, TX  78717","S7489 - Avery Ranch West Ph 1, BLOCK A, Lot 33","L591503E"," ","S7489 - Avery Ranch West Ph 1","Real","$567,540","$567,540"
"R402803","R-17-W308-810A-0039-0008","FREEMAN, CHERYL & ROBERT D","10604 ROYAL TARA CV AUSTIN, TX 78717-4450","10604 ROYAL TARA CV, AUSTIN, TX  78717","S7489 - Avery Ranch West Ph 1, BLOCK A, Lot 39","L591503E"," ","S7489 - Avery Ranch West Ph 1","Real","$532,066","$532,066"
"R402806","R-17-W308-810A-0042-0008","YANG, SEUNG YEOP & SAMNOUN KIM","9904 KABAR TRL  AUSTIN, TX 78759","10605 ROYAL TARA CV, AUSTIN, TX  78717","S7489 - Avery Ranch West Ph 1, BLOCK A, Lot 42","L591503E"," ","S7489 - Avery Ranch West Ph 1","Real","$448,850","$448,850"
"R402809","R-17-W308-810A-0045-0008","SHAH, NIHAR P","615 RAGING RIVER RD  CEDAR PARK, TX 78613-3185","10617 ROYAL TARA CV, AUSTIN, TX  78717","S7489 - Avery Ranch West Ph 1, BLOCK A, Lot 45","L591503E"," ","S7489 - Avery Ranch West Ph 1","Real","$446,989","$446,989"
"R402812","R-17-W308-810A-0048-0008","KESSEL, GENEVA MARKERT","10629 ROYAL TARA CV AUSTIN, TX 78717-4450","10629 ROYAL TARA CV, AUSTIN, TX  78717","S7489 - Avery Ranch West Ph 1, BLOCK A, Lot 48","L591503E"," ","S7489 - Avery Ranch West Ph 1","Real","$444,070","$444,070"
"R402815","R-17-W308-810A-0051-0008","WU & PU DONG, YE","3075 WARBURTON AVE SANTA CLARA, CA 95051-2917","10641 ROYAL TARA CV, AUSTIN, TX  78717","S7489 - Avery Ranch West Ph 1, BLOCK A, Lot 51","L591503E"," ","S7489 - Avery Ranch West Ph 1","Real","$451,751","$451,751"
"R402817","R-17-W308-810A-0053-0008","HUNTER, JAMES KENNETH","10649 ROYAL TARA CV  AUSTIN, TX 78717","10649 ROYAL TARA CV, AUSTIN, TX  78717","S7489 - Avery Ranch West Ph 1, BLOCK A, Lot 53","L591503E"," ","S7489 - Avery Ranch West Ph 1","Real","$438,483","$438,483"
"R402823","R-17-W308-810B-0006-0008","GOMEZ PEDRO E & MARGARITA M","ZULUAGA 14409 MOWSBURY DR AUSTIN, TX 78717-4428","14409 MOWSBURY DR, AUSTIN, TX  78717","S7489 - Avery Ranch West Ph 1, BLOCK B, Lot 6","L591503E"," ","S7489 - Avery Ranch West Ph 1","Real","$435,490","$435,490"
"R402826","R-17-W308-810B-0009-0008","CHANG, STEVEN","6221 LEDGE MOUNTAIN DR AUSTIN, TX 78731-3716","14421 MOWSBURY DR, AUSTIN, TX  78717","S7489 - Avery Ranch West Ph 1, BLOCK B, Lot 9","L591503E"," ","S7489 - Avery Ranch West Ph 1","Real","$477,285","$477,285"
"R402829","R-17-W308-810B-0012-0008","ISLAM, SAIFUL","10904 ROY BUTLER DR  AUSTIN, TX 78717-3907","14501 MOWSBURY DR, AUSTIN, TX  78717","S7489 - Avery Ranch West Ph 1, BLOCK B, Lot 12","L591503E"," ","S7489 - Avery Ranch West Ph 1","Real","$429,065","$429,065"
"R402832","R-17-W308-810B-0015-0008","RAO THEJASHREE LAKSHMAN & SACHIN SHIVARAMA NAYAK","14513 MOWSBURY DR  AUSTIN, TX 78717","14513 MOWSBURY DR, AUSTIN, TX  78717","S7489 - Avery Ranch West Ph 1, BLOCK B, Lot 15","L591503E"," ","S7489 - Avery Ranch West Ph 1","Real","$459,267","$459,267"
"R402835","R-17-W308-810B-0018-0008","SOUNDARAPANDIAN, DIVYA & NANDAKUMAR GNANASEKARAN","1304 BLUE CREEK LN GEORGETOWN, TX 78628-3166","14525 MOWSBURY DR, AUSTIN, TX  78717","S7489 - Avery Ranch West Ph 1, BLOCK B, Lot 18","L591503E"," ","S7489 - Avery Ranch West Ph 1","Real","$409,113","$409,113"
"R402837","R-17-W308-810B-0020-0008","CHEN, SHU-LIN & WAN-JIUN","4801 MISTY BROOK CV AUSTIN, TX 78727-6817","10524 CANOA HILLS TRL S, AUSTIN, TX  78717","S7489 - Avery Ranch West Ph 1, BLOCK B, Lot 20","L591503E"," ","S7489 - Avery Ranch West Ph 1","Real","$457,750","$457,750"
"R402843","R-17-W308-810B-0040-0008","CHETIA, CHIRANJEET","3428 TOURMALINE TRL  ROUND ROCK, TX 78681-2464","14401 LILLEY BROOK CV, AUSTIN, TX  78717","S7489 - Avery Ranch West Ph 1, BLOCK B, Lot 40","L591503E"," ","S7489 - Avery Ranch West Ph 1","Real","$438,431","$438,431"
"R402846","R-17-W308-810B-0043-0008","GARCIA, JOE A","14413 LILLEY BROOK CV AUSTIN, TX 78717-4431","14413 LILLEY BROOK CV, AUSTIN, TX  78717","S7489 - Avery Ranch West Ph 1, BLOCK B, Lot 43","L591503E"," ","S7489 - Avery Ranch West Ph 1","Real","$441,654","$441,654"
"R402849","R-17-W308-810B-0046-0008","LIANG, LIANG & QI ZHU","15816 PEARSON BROTHERS DR  AUSTIN, TX 78717","14425 LILLEY BROOK CV, AUSTIN, TX  78717","S7489 - Avery Ranch West Ph 1, BLOCK B, Lot 46","L591503E"," ","S7489 - Avery Ranch West Ph 1","Real","$447,832","$447,832"
"R402855","R-17-W308-810B-0052-0008","GRAY, JAMES L IV & EMILY L","14449 LILLEY BROOK CV  AUSTIN, TX 78717-4432","14449 LILLEY BROOK CV, AUSTIN, TX  78717","S7489 - Avery Ranch West Ph 1, BLOCK B, Lot 52","L591503E"," ","S7489 - Avery Ranch West Ph 1","Real","$509,369","$509,369"
"R402857","R-17-W308-810B-0054-0008","KLIGER, EDUARD & YANA","14448 LILLEY BROOK CV  AUSTIN, TX 78717-4432","14448 LILLEY BROOK CV, AUSTIN, TX  78717","S7489 - Avery Ranch West Ph 1, BLOCK B, Lot 54","L591503E"," ","S7489 - Avery Ranch West Ph 1","Real","$509,581","$509,581"
"R402858","R-17-W308-810B-0055-0008","MERCHANT, SABRINA & KEVIN STUMPH","429 RIDGETOP BND  CEDAR PARK, TX 78613","14444 LILLEY BROOK CV, AUSTIN, TX  78717","S7489 - Avery Ranch West Ph 1, BLOCK B, Lot 55","L591503E"," ","S7489 - Avery Ranch West Ph 1","Real","$477,004","$477,004"
"R402860","R-17-W308-810B-0057-0008","ARAUSA, MICHELLE","14436 LILLEY BROOK CV AUSTIN, TX 78717-4432","14436 LILLEY BROOK CV, AUSTIN, TX  78717","S7489 - Avery Ranch West Ph 1, BLOCK B, Lot 57","L591503E"," ","S7489 - Avery Ranch West Ph 1","Real","$427,814","$427,814"
"R402863","R-17-W308-810B-0060-0008","RAGHUNATH BALAKRISHNA & LEKHA TRUSTEES OF RAGHUNATH LIVING TRUST","5030 BIRKDALE WAY  SAN JOSE, CA 95138","14424 LILLEY BROOK CV, AUSTIN, TX  78717","S7489 - Avery Ranch West Ph 1, BLOCK B, Lot 60","L591503E"," ","S7489 - Avery Ranch West Ph 1","Real","$461,563","$461,563"
"R402866","R-17-W308-810B-0063-0008","NIETO, ARIEL A ABAD","14412 LILLEY BROOK CV  AUSTIN, TX 78717","14412 LILLEY BROOK CV, AUSTIN, TX  78717","S7489 - Avery Ranch West Ph 1, BLOCK B, Lot 63","L591503E"," ","S7489 - Avery Ranch West Ph 1","Real","$430,361","$430,361"
"R402869","R-17-W308-810B-0066-0008","AVERY RANCH OWNERS ASSOC INC","PO BOX 702348 DALLAS, TX 75370-2348","10516 LILLEY BROOK CV, AUSTIN, TX  78717","S7489 - Avery Ranch West Ph 1, BLOCK B, Lot 66, ACRES 0.13, (OPEN SPACE)","L591503E"," ","S7489 - Avery Ranch West Ph 1","Real","$300","$300"
"R402872","R-17-W308-810C-0003-0008","ONG RAY KUM-POH & EMILY BENG-SWEE SOH TR OF ONG FAMILY TRUST","34583 HEADWATER CT  MURRIETA, CA 92563-3387","10516 HAINSWORTH PARK, AUSTIN, TX  78717","S7489 - Avery Ranch West Ph 1, BLOCK C, Lot 3","L591503E"," ","S7489 - Avery Ranch West Ph 1","Real","$430,919","$430,919"
"R402875","R-17-W308-810E-0001-0008","IVIE, EMMA KATHERINE & KEVIN WESLEY FOLBRECHT","14400 MOWSBURY DR  AUSTIN, TX 78717-4428","14400 MOWSBURY DR, AUSTIN, TX  78717","S7489 - Avery Ranch West Ph 1, BLOCK E, Lot 1","L591503E"," ","S7489 - Avery Ranch West Ph 1","Real","$413,806","$413,806"
"R402877","R-17-W308-810E-0003-0008","JUNG, JAEHUN & YOUNGSIL SONG","14408 MOWSBURY DR  AUSTIN, TX 78717","14408 MOWSBURY DR, AUSTIN, TX  78717","S7489 - Avery Ranch West Ph 1, BLOCK E, Lot 3","L591503E"," ","S7489 - Avery Ranch West Ph 1","Real","$390,689","$390,689"
"R402878","R-17-W308-810E-0004-0008","CUTRONE, JAMES","14412 MOWSBURY DR  AUSTIN, TX 78717","14412 MOWSBURY DR, AUSTIN, TX  78717","S7489 - Avery Ranch West Ph 1, BLOCK E, Lot 4","L591503E"," ","S7489 - Avery Ranch West Ph 1","Real","$381,567","$381,567"
"R402883","R-17-W308-810E-0009-0008","SONG, PRISCILLA SUK & PAUL YOUN","5705 NAVAJO DRAW LN AUSTIN, TX 78738-4408","14500 MOWSBURY DR, AUSTIN, TX  78717","S7489 - Avery Ranch West Ph 1, BLOCK E, Lot 9","L591503E"," ","S7489 - Avery Ranch West Ph 1","Real","$434,789","$434,789"
"R402886","R-17-W308-810E-0012-0008","TRUONG, DANG NGUYET-THI","14512 MOWSBURY DR  AUSTIN, TX 78717","14512 MOWSBURY DR, AUSTIN, TX  78717","S7489 - Avery Ranch West Ph 1, BLOCK E, Lot 12","L591503E"," ","S7489 - Avery Ranch West Ph 1","Real","$395,978","$395,978"
"R402889","R-17-W308-810E-0015-0008","MADDI, SUDHAKAR &SRINIVASA RAO MASANAM & CHINAVENKATA RATNAM CHIRAKALA","5804 VIEJO DR AUSTIN, TX 78738","14524 MOWSBURY DR, AUSTIN, TX  78717","S7489 - Avery Ranch West Ph 1, BLOCK E, Lot 15","L591503E"," ","S7489 - Avery Ranch West Ph 1","Real","$455,282","$455,282"
"R402892","R-17-W308-810E-0018-0008","AVERY RANCH OWNERS ASSOC INC","PO BOX 702348 DALLAS, TX 75370-2348","QUARRY OAKS TRL, AUSTIN, TX  78717","S7489 - Avery Ranch West Ph 1, BLOCK E, Lot 18, ACRES 0.01, (LANDSCAPE)","L591503E"," ","S7489 - Avery Ranch West Ph 1","Real","$300","$300"
"R402896","R-17-W308-810F-0012-0008","MEASELES, BROOKE & CALEB","14525 WHARTON PARK TRL  AUSTIN, TX 78717-4408","14525 WHARTON PARK TRL, AUSTIN, TX  78717","S7489 - Avery Ranch West Ph 1, BLOCK F, Lot 12","L591503E"," ","S7489 - Avery Ranch West Ph 1","Real","$470,081","$470,081"
"R402899","R-17-W308-810F-0015-0008","SOFINOWSKI, RICHARD S & JEANNETTE L","4908 HIGH GATE DR AUSTIN, TX 78730-3445","14532 WHARTON PARK TRL, AUSTIN, TX  78717","S7489 - Avery Ranch West Ph 1, BLOCK F, Lot 15","L591503E"," ","S7489 - Avery Ranch West Ph 1","Real","$453,197","$453,197"
"R402904","R-17-W308-810F-0020-0008","GONZALES, TODD A & DAROLYN B","10717 SYCAMORE HILLS RD  AUSTIN, TX 78717","10717 SYCAMORE HILLS RD, AUSTIN, TX  78717","S7489 - Avery Ranch West Ph 1, BLOCK F, Lot 20","L591503E"," ","S7489 - Avery Ranch West Ph 1","Real","$516,652","$516,652"
"R402907","R-17-W308-810F-0023-0008","CARTER, MANDOLIN AIMEE","10732 N CANOA HILLS TRL AUSTIN, TX 78717-4403","10732 CANOA HILLS TRL N, AUSTIN, TX  78717","S7489 - Avery Ranch West Ph 1, BLOCK F, Lot 23","L591503E"," ","S7489 - Avery Ranch West Ph 1","Real","$525,549","$525,549"
"R402910","R-17-W308-810F-0026-0008","FRIZELLE, TERRY & JACKIE","10720 CANOA HILLS TRL N AUSTIN, TX 78717","10720 CANOA HILLS TRL N, AUSTIN, TX  78717","S7489 - Avery Ranch West Ph 1, BLOCK F, Lot 26","L591503E"," ","S7489 - Avery Ranch West Ph 1","Real","$652,955","$652,955"
"R402913","R-17-W308-810G-0010-0008","LI, HONGFENG & KANG QUAN","12521 CAPITOL SADDLERY TRL  AUSTIN, TX 78732-2375","10708 SYCAMORE HILLS RD, AUSTIN, TX  78717","S7489 - Avery Ranch West Ph 1, BLOCK G, Lot 10","L591503E"," ","S7489 - Avery Ranch West Ph 1","Real","$453,920","$453,920"
"R402916","R-17-W308-810G-0013-0008","VU, THU BICH & TRIEN TIEN","14505 TEMPLEMORE CV  AUSTIN, TX 78717-4401","14505 TEMPLEMORE CV, AUSTIN, TX  78717","S7489 - Avery Ranch West Ph 1, BLOCK G, Lot 13","L591503E"," ","S7489 - Avery Ranch West Ph 1","Real","$468,890","$468,890"
"R402919","R-17-W308-810G-0016-0008","NWIGWE, OBIOMA & KELLI","14504 TEMPLE MORE CV  AUSTIN, TX 78717","14504 TEMPLEMORE CV, AUSTIN, TX  78717","S7489 - Avery Ranch West Ph 1, BLOCK G, Lot 16","L591503E"," ","S7489 - Avery Ranch West Ph 1","Real","$598,039","$598,039"
"R402924","R-17-W308-810H-0001-0008","AVERY RANCH OWNERS ASSOC INC","PO BOX 702348 DALLAS, TX 75370-2348","CANOA HILLS TRL, AUSTIN, TX  78717","S7489 - Avery Ranch West Ph 1, BLOCK H, Lot 1, ACRES 0.1, (LANDSCAPE)","L591503E"," ","S7489 - Avery Ranch West Ph 1","Real","$300","$300"
"R402930","R-17-W308-810H-0007-0008","BANTAYAN, CONRADO C & MALYN G","10712 KILKEE CV AUSTIN, TX 78717-4409","10712 KILKEE CV, AUSTIN, TX  78717","S7489 - Avery Ranch West Ph 1, BLOCK H, Lot 7","L591503E"," ","S7489 - Avery Ranch West Ph 1","Real","$560,560","$560,560"
"R402933","R-17-W308-810H-0010-0008","JHANJI, AMISHA","10700 KILKEE CV  AUSTIN, TX 78717-4409","10700 KILKEE CV, AUSTIN, TX  78717","S7489 - Avery Ranch West Ph 1, BLOCK H, Lot 10","L591503E"," ","S7489 - Avery Ranch West Ph 1","Real","$448,812","$448,812"
"R402936","R-17-W308-810H-0013-0008","AVERY RANCH OWNERS ASSOC INC","PO BOX 702348 DALLAS, TX 75370-2348","10709 KILKEE CV, AUSTIN, TX  78717","S7489 - Avery Ranch West Ph 1, BLOCK H, Lot 13, ACRES 16.17, (OPEN SPACE)","L591503E"," ","S7489 - Avery Ranch West Ph 1","Real","$4,851","$4,851"
"R402939","R-17-W308-810H-0016-0008","FARLESS, KEVIN EUGENE & REBECCA FAYE","10721 KILKEE CV AUSTIN, TX 78717-4409","10721 KILKEE CV, AUSTIN, TX  78717","S7489 - Avery Ranch West Ph 1, BLOCK H, Lot 16","L591503E"," ","S7489 - Avery Ranch West Ph 1","Real","$576,914","$576,914"
"R402941","R-17-W308-810H-0018-0008","ESCALANTE, FRANCIS C (TOD)","10729 KILKEE CV  AUSTIN, TX 78717","10729 KILKEE CV, AUSTIN, TX  78717","S7489 - Avery Ranch West Ph 1, BLOCK H, Lot 18","L591503E"," ","S7489 - Avery Ranch West Ph 1","Real","$507,279","$507,279"
"R402942","R-17-W308-810H-0019-0008","GALIGEKERE, VISHNUKUMAR & SRIDEVI BAJGUR","14621 BANBRIDGE TRL  AUSTIN, TX 78717","14621 BANBRIDGE TRL, AUSTIN, TX  78717","S7489 - Avery Ranch West Ph 1, BLOCK H, Lot 19","L591503E"," ","S7489 - Avery Ranch West Ph 1","Real","$637,890","$637,890"
"R402947","R-17-W308-810H-0024-0008","MATHUR, SOMIT S & HIRAL S","14713 BANBRIDGE TRL  AUSTIN, TX 78717","14713 BANBRIDGE TRL, AUSTIN, TX  78717","S7489 - Avery Ranch West Ph 1, BLOCK H, Lot 24","L591503E"," ","S7489 - Avery Ranch West Ph 1","Real","$502,988","$502,988"
"R402950","R-17-W308-810H-0027-0008","LEE, HOSHENG & THOMAS H LEE","9800 SPICEWOOD MESA AUSTIN, TX 78759-6830","14725 BANBRIDGE TRL, AUSTIN, TX  78717","S7489 - Avery Ranch West Ph 1, BLOCK H, Lot 27","L591503E"," ","S7489 - Avery Ranch West Ph 1","Real","$596,764","$596,764"
"R402953","R-17-W308-810H-0030-0008","BITTMAN, MARK N & CHRISTINE A","14737 BANBRIDGE TRL AUSTIN, TX 78717-4416","14737 BANBRIDGE TRL, AUSTIN, TX  78717","S7489 - Avery Ranch West Ph 1, BLOCK H, Lot 30","L591503E"," ","S7489 - Avery Ranch West Ph 1","Real","$684,448","$684,448"
"R402956","R-17-W308-810H-0033-0008","HORWITZ, LOUIS CHARLES","14901 BANBRIDGE TRL AUSTIN, TX 78717-4419","14901 BANBRIDGE TRL, AUSTIN, TX  78717","S7489 - Avery Ranch West Ph 1, BLOCK H, Lot 33","L591503E"," ","S7489 - Avery Ranch West Ph 1","Real","$599,521","$599,521"
"R402961","R-17-W308-810H-0038-0008","BAE, ROCKY & CHRISTINA","14921 BANBRIDGE TRL  AUSTIN, TX 78717-4419","14921 BANBRIDGE TRL, AUSTIN, TX  78717","S7489 - Avery Ranch West Ph 1, BLOCK H, Lot 38","L591503E"," ","S7489 - Avery Ranch West Ph 1","Real","$673,811","$673,811"
"R402962","R-17-W308-810H-0052-0008","ISHIMOTO, JACOB & KAYLA","10916 N CANOA HILLS TRL  AUSTIN, TX 78717-4415","10916 CANOA HILLS TRL N, AUSTIN, TX  78717","S7489 - Avery Ranch West Ph 1, BLOCK H, Lot 52","L591503E"," ","S7489 - Avery Ranch West Ph 1","Real","$520,484","$520,484"
"R402967","R-17-W308-810I-0012-0008","RAMACHANDRAN, EARNEST SAMUEL & ANITHA ANANDAN","10812 CANOA HILLS TRL  AUSTIN, TX 78717","10812 CANOA HILLS TRL N, AUSTIN, TX  78717","S7489 - Avery Ranch West Ph 1, BLOCK I, Lot 12","L591503E"," ","S7489 - Avery Ranch West Ph 1","Real","$641,090","$641,090"
"R402970","R-17-W308-810I-0015-0008","LAM, JACQUELINE P","10800 N CANOA HILLS TRL  AUSTIN, TX 78717","10800 CANOA HILLS TRL N, AUSTIN, TX  78717","S7489 - Avery Ranch West Ph 1, BLOCK I, Lot 15","L591503E"," ","S7489 - Avery Ranch West Ph 1","Real","$535,682","$535,682"
"R402973","R-17-W308-810I-0018-0008","SHARMA, PRERNA & ALOK PATHAK","14524 BANBRIDGE TRL  AUSTIN, TX 78717","14524 BANBRIDGE TRL, AUSTIN, TX  78717","S7489 - Avery Ranch West Ph 1, BLOCK I, Lot 18","L591503E"," ","S7489 - Avery Ranch West Ph 1","Real","$467,774","$467,774"
"R402977","R-17-W308-810K-0001-0008","NAUGLE, CHRISTOPHER M & MARIA C","10917 N CANOA HILLS TRL  AUSTIN, TX 78717-4415","10917 CANOA HILLS TRL N, AUSTIN, TX  78717","S7489 - Avery Ranch West Ph 1, BLOCK K, Lot 1","L591503E"," ","S7489 - Avery Ranch West Ph 1","Real","$677,192","$677,192"
"R402980","R-17-W308-810K-0004-0008","ALLEN, DAVID MICHAEL & DEEANN F","10905 N CANOA HILLS TRL  AUSTIN, TX 78717","10905 CANOA HILLS TRL N, AUSTIN, TX  78717","S7489 - Avery Ranch West Ph 1, BLOCK K, Lot 4","L591503E"," ","S7489 - Avery Ranch West Ph 1","Real","$461,368","$461,368"
"R402983","R-17-W308-810K-0007-0008","MEJIA, VICTOR S & EUGENIA H","14816 BANBRIDGE TRL AUSTIN, TX 78717-4417","14816 BANBRIDGE TRL, AUSTIN, TX  78717","S7489 - Avery Ranch West Ph 1, BLOCK K, Lot 7","L591503E"," ","S7489 - Avery Ranch West Ph 1","Real","$644,285","$644,285"
"R402985","R-17-W308-810K-0009-0008","KARNATAK, DIVYANSHU & KAJAL","14808 BANBRIDGE TRL  AUSTIN, TX 78717","14808 BANBRIDGE TRL, AUSTIN, TX  78717","S7489 - Avery Ranch West Ph 1, BLOCK K, Lot 9","L591503E"," ","S7489 - Avery Ranch West Ph 1","Real","$568,918","$568,918"
"R402991","R-17-W308-810L-0004-0008","STEPHENS, ANGELA","14613 BALLIMAMORE DR  AUSTIN, TX 78717","14613 BALLIMAMORE DR, AUSTIN, TX  78717","S7489 - Avery Ranch West Ph 1, BLOCK L, Lot 4","L591503E"," ","S7489 - Avery Ranch West Ph 1","Real","$601,929","$601,929"
"R402994","R-17-W308-810L-0007-0008","SIGCHO, YESENIA & CARLOS","107 OUTPOST CV CEDAR PARK, TX 78613-6297","14608 BALLYCLARC DR, AUSTIN, TX  78717","S7489 - Avery Ranch West Ph 1, BLOCK L, Lot 7","L591503E"," ","S7489 - Avery Ranch West Ph 1","Real","$611,342","$611,342"
"R402997","R-17-W308-810M-0001-0008","BECKY SWANSON O BRIEN TR OF THE O BRIEN FAMILY LIVING TRUST","14601 BALLYCLARC DR  AUSTIN, TX 78717-4411","14601 BALLYCLARC DR, AUSTIN, TX  78717","S7489 - Avery Ranch West Ph 1, BLOCK M, Lot 1","L591503E"," ","S7489 - Avery Ranch West Ph 1","Real","$551,541","$551,541"
"R403000","R-17-W308-810M-0004-0008","GURBANOV, NAMAZ","14613 BALLYCLARC DR  AUSTIN, TX 78717","14613 BALLYCLARC DR, AUSTIN, TX  78717","S7489 - Avery Ranch West Ph 1, BLOCK M, Lot 4","L591503E"," ","S7489 - Avery Ranch West Ph 1","Real","$446,834","$446,834"
"R403003","R-17-W308-810M-0007-0008","WEISS, JOHN DAVID & CHANTAL ALLYSON","14604 BANBRIDGE TRL  AUSTIN, TX 78717","14604 BANBRIDGE TRL, AUSTIN, TX  78717","S7489 - Avery Ranch West Ph 1, BLOCK M, Lot 7","L591503E"," ","S7489 - Avery Ranch West Ph 1","Real","$578,702","$578,702"
"R403005","R-17-W308-810M-0009-0008","MESKAUSKIS, NEIL & GLORIA WU","14612 BANBRIDGE TRL  AUSTIN, TX 78717-4406","14612 BANBRIDGE TRL, AUSTIN, TX  78717","S7489 - Avery Ranch West Ph 1, BLOCK M, Lot 9","L591503E"," ","S7489 - Avery Ranch West Ph 1","Real","$558,971","$558,971"
"R403006","R-17-W308-810M-0010-0008","CAMCI, TIM & FILIZ","913 INGE LN  LEANDER, TX 78641-1587","14616 BANBRIDGE TRL, AUSTIN, TX  78717","S7489 - Avery Ranch West Ph 1, BLOCK M, Lot 10","L591503E"," ","S7489 - Avery Ranch West Ph 1","Real","$582,801","$582,801"
"R403008","R-17-W308-810O-0002-0008","AVERY RANCH OWNERS ASSOC INC","PO BOX 702348 DALLAS, TX 75370-2348","CANOA HILLS TRL, AUSTIN, TX  78717","S7489 - Avery Ranch West Ph 1, BLOCK O, Lot 2, ACRES 0.02, (LANDSCAPE)","L591503E"," ","S7489 - Avery Ranch West Ph 1","Real","$300","$300"
"R403012","R-17-W308-810Q-0003-0008","KRIECK, LISANA","14320 MOWSBURY DR  AUSTIN, TX 78717","14320 MOWSBURY DR, AUSTIN, TX  78717","S7489 - Avery Ranch West Ph 1, BLOCK Q, Lot 3","L591503E"," ","S7489 - Avery Ranch West Ph 1","Real","$391,515","$391,515"
"R403015","R-17-W308-810Q-0006-0008","AVERY RANCH OWNERS ASSOC INC","PO BOX 702348 DALLAS, TX 75370-2348","QUARRY OAKS TRL, AUSTIN, TX  78717","S7489 - Avery Ranch West Ph 1, BLOCK Q, Lot 6, ACRES 0.01, (LANDSCAPE)","L591503E"," ","S7489 - Avery Ranch West Ph 1","Real","$300","$300"
"R403471","R-17-W308-810P-0001-0008","AVERY RANCH OWNERS ASSOC INC","PO BOX 702348 DALLAS, TX 75370-2348","QUARRY OAKS TRL, AUSTIN, TX  78717","S7489 - Avery Ranch West Ph 1, BLOCK P, Lot 1, ACRES 0.03, (LANDSCAPE)","L591503E"," ","S7489 - Avery Ranch West Ph 1","Real","$300","$300"
"R411289","R-17-W308-820B-0026-0008","GRAEBER, HEATHER & ANDREW","14520 BALLYCASTLE TRL  AUSTIN, TX 78717","14520 BALLYCASTLE TRL, AUSTIN, TX  78717","S7715 - Avery Ranch West Ph 2, BLOCK B, Lot 26","L591503E"," ","S7715 - Avery Ranch West Ph 2","Real","$461,980","$461,980"
"R411291","R-17-W308-820B-0028-0008","XIANG, NANCY","3291 BERRYESSA ST APT 3 PALO ALTO, CA 94303-4061","14512 BALLYCASTLE, AUSTIN, TX  78717","S7715 - Avery Ranch West Ph 2, BLOCK B, Lot 28","L591503E"," ","S7715 - Avery Ranch West Ph 2","Real","$465,595","$465,595"
"R411297","R-17-W308-820B-0034-0008","PADDISON, EVAN MICHAEL & GRACE VICTORIA CARTAYA","14420 BALLYCASTLE TRL  AUSTIN, TX 78717-4436","14420 BALLYCASTLE TRL, AUSTIN, TX  78717","S7715 - Avery Ranch West Ph 2, BLOCK B, Lot 34","L591503E"," ","S7715 - Avery Ranch West Ph 2","Real","$508,931","$508,931"
"R411300","R-17-W308-820B-0037-0008","NGUYEN, THANH HUU & THANH-HANG THI PHAM","4600 AVIARA CT  SAN JOSE, CA 95135","14408 BALLYCASTLE TRL, AUSTIN, TX  78717","S7715 - Avery Ranch West Ph 2, BLOCK B, Lot 37","L591503E"," ","S7715 - Avery Ranch West Ph 2","Real","$475,945","$475,945"
"R411303","R-17-W308-820C-0006-0008","SOMASETTY, NAGENDRA R & VANDANA V SETTY","19411 TIMPSON RESERVOIR DR  CYPRESS, TX 77433-4985","14316 BALLYCASTLE TRL, AUSTIN, TX  78717","S7715 - Avery Ranch West Ph 2, BLOCK C, Lot 6","L591503E"," ","S7715 - Avery Ranch West Ph 2","Real","$446,294","$446,294"
"R411306","R-17-W308-820C-0009-0008","ZHOU, NAN","2409 NEVER BEND CV  AUSTIN, TX 78746","14304 BALLYCASTLE TRL, AUSTIN, TX  78717","S7715 - Avery Ranch West Ph 2, BLOCK C, Lot 9","L591503E"," ","S7715 - Avery Ranch West Ph 2","Real","$438,899","$438,899"
"R411308","R-17-W308-820C-0011-0008","WANG, YIGE","10509 FOSSEWAY DR  AUSTIN, TX 78717","10509 FOSSEWAY DR, AUSTIN, TX  78717","S7715 - Avery Ranch West Ph 2, BLOCK C, Lot 11","L591503E"," ","S7715 - Avery Ranch West Ph 2","Real","$428,419","$428,419"
"R411309","R-17-W308-820C-0012-0008","SHEN, JUN & FAN YANG","10513 FOSSEWAY DR  AUSTIN, TX 78717-4445","10513 FOSSEWAY DR, AUSTIN, TX  78717","S7715 - Avery Ranch West Ph 2, BLOCK C, Lot 12","L591503E"," ","S7715 - Avery Ranch West Ph 2","Real","$437,471","$437,471"
"R411314","R-17-W308-820C-0017-0008","MAKKAR, ANKUR & MANPREET BILLING","14309 MOWSBURY DR  AUSTIN, TX 78717","14309 MOWSBURY DR, AUSTIN, TX  78717","S7715 - Avery Ranch West Ph 2, BLOCK C, Lot 17","L591503E"," ","S7715 - Avery Ranch West Ph 2","Real","$507,663","$507,663"
"R411317","R-17-W308-820D-0003-0008","CHEN, YANGKENG & XIA LI","10509 DUNHAM FOREST RD  AUSTIN, TX 78717","10509 DUNHAM FOREST RD, AUSTIN, TX  78717","S7715 - Avery Ranch West Ph 2, BLOCK D, Lot 3","L591503E"," ","S7715 - Avery Ranch West Ph 2","Real","$468,682","$468,682"
"R411320","R-17-W308-820D-0006-0008","ZHAO, CHEN & HSIU-HSIN HUNG","10521 DUNHAM FOREST RD  AUSTIN, TX 78717","10521 DUNHAM FOREST RD, AUSTIN, TX  78717","S7715 - Avery Ranch West Ph 2, BLOCK D, Lot 6","L591503E"," ","S7715 - Avery Ranch West Ph 2","Real","$482,890","$482,890"
"R411323","R-17-W308-820D-0009-0008","HU, SHANSHAN","3720 140TH AVE NE BELLEVUE, WA 98005-1449","10508 FOSSEWAY DR, AUSTIN, TX  78717","S7715 - Avery Ranch West Ph 2, BLOCK D, Lot 9","L591503E"," ","S7715 - Avery Ranch West Ph 2","Real","$468,682","$468,682"
"R411326","R-17-W308-820D-0012-0008","HOROWITZ, RICH & THERESA","11674 CREEK RD POWAY, CA 92064-6115","10520 FOSSEWAY DR, AUSTIN, TX  78717","S7715 - Avery Ranch West Ph 2, BLOCK D, Lot 12","L591503E"," ","S7715 - Avery Ranch West Ph 2","Real","$434,531","$434,531"
"R411331","R-17-W308-820F-0001-0008","SERIES 14401 WHARTON PARK TRAIL SERIES STW VENTURES LLC","8323 SHARL CV  AUSTIN, TX 78737-4042","14401 WHARTON PARK TRL, AUSTIN, TX  78717","S7715 - Avery Ranch West Ph 2, BLOCK F, Lot 1","L591503E"," ","S7715 - Avery Ranch West Ph 2","Real","$445,290","$445,290"
"R411337","R-17-W308-820F-0007-0008","DOWNER FAMILY LIVING TRUST","14505 WHARTON PARK TRL  AUSTIN, TX 78717-4408","14505 WHARTON PARK TRL, AUSTIN, TX  78717","S7715 - Avery Ranch West Ph 2, BLOCK F, Lot 7","L591503E"," ","S7715 - Avery Ranch West Ph 2","Real","$529,891","$529,891"
"R411340","R-17-W308-820F-0028-0008","AVERY RANCH OWNERS ASSOC INC","PO BOX 702348 DALLAS, TX 75370-2348","QUARRY OAKS TRL, AUSTIN, TX  78717","S7715 - Avery Ranch West Ph 2, BLOCK F, Lot 28, ACRES 0.01, (LANDSCAPE)","L591503E"," ","S7715 - Avery Ranch West Ph 2","Real","$300","$300"
"R411343","R-17-W308-820G-0003-0008","BUTLER, LESA","1246 HURON DR  GRAPEVINE, TX 76051-1118","14408 WHARTON PARK TRL, AUSTIN, TX  78717","S7715 - Avery Ranch West Ph 2, BLOCK G, Lot 3","L591503E"," ","S7715 - Avery Ranch West Ph 2","Real","$512,992","$512,992"
"R411346","R-17-W308-820G-0006-0008","COLLINS, CHRISTOPHER","3808 MEDICINE HAT  LEANDER, TX 78641-3691","14504 WHARTON PARK TRL, AUSTIN, TX  78717","S7715 - Avery Ranch West Ph 2, BLOCK G, Lot 6","L591503E"," ","S7715 - Avery Ranch West Ph 2","Real","$561,679","$561,679"
"R411349","R-17-W308-820G-0021-0008","DUCHOUQUETTE, JANETTE A & JOHN C","14513 BANBRIDGE TRL  AUSTIN, TX 78717","14513 BANBRIDGE TRL, AUSTIN, TX  78717","S7715 - Avery Ranch West Ph 2, BLOCK G, Lot 21","L591503E"," ","S7715 - Avery Ranch West Ph 2","Real","$555,936","$555,936"
"R411354","R-17-W308-820G-0026-0008","AVILLA, GREGORY & DEBORAH L","6800 MCNEIL DR  #UNIT 936 AUSTIN, TX 78728","10817 QUARRY OAKS TRL, AUSTIN, TX  78717","S7715 - Avery Ranch West Ph 2, BLOCK G, Lot 26","L591503E"," ","S7715 - Avery Ranch West Ph 2","Real","$593,445","$593,445"
"R411357","R-17-W308-820G-0029-0008","CORBETT, MONA RAE","10805 QUARRY OAKS TRL AUSTIN, TX 78717-4438","10805 QUARRY OAKS TRL, AUSTIN, TX  78717","S7715 - Avery Ranch West Ph 2, BLOCK G, Lot 29","L591503E"," ","S7715 - Avery Ranch West Ph 2","Real","$491,138","$491,138"
"R411360","R-17-W308-820G-0032-0008","MEHTA, SAGAR","10733 QUARRY OAKS TRL  AUSTIN, TX 78717","10733 QUARRY OAKS TRL, AUSTIN, TX  78717","S7715 - Avery Ranch West Ph 2, BLOCK G, Lot 32","L591503E"," ","S7715 - Avery Ranch West Ph 2","Real","$547,262","$547,262"
"R411363","R-17-W308-820G-0035-0008","ZHANG, HONGLIN & JIANER LIN","10708 RATHDOWNEY CV  AUSTIN, TX 78717","10708 RATHDOWNEY CV, AUSTIN, TX  78717","S7715 - Avery Ranch West Ph 2, BLOCK G, Lot 35","L591503E"," ","S7715 - Avery Ranch West Ph 2","Real","$499,608","$499,608"
"R411369","R-17-W308-820G-0041-0008","WRIGHT, JASON","10709 RATHDOWNEY CV AUSTIN, TX 78717-4441","10709 RATHDOWNEY CV, AUSTIN, TX  78717","S7715 - Avery Ranch West Ph 2, BLOCK G, Lot 41","L591503E"," ","S7715 - Avery Ranch West Ph 2","Real","$464,073","$464,073"
"R411371","R-17-W308-820H-0040-0008","SHEN, LEYANG & YINGTING YANG","15001 BANBRIDGE TRL  AUSTIN, TX 78717-4400","15001 BANBRIDGE TRL, AUSTIN, TX  78717","S7715 - Avery Ranch West Ph 2, BLOCK H, Lot 40 (PT)","L591503E"," ","S7715 - Avery Ranch West Ph 2","Real","$623,325","$623,325"
"R411374","R-17-W308-820H-0043-0008","ATKINSON, MARIO","P O BOX 170804 AUSTIN, TX 78718-0804","15013 BANBRIDGE TRL, AUSTIN, TX  78717","S7715 - Avery Ranch West Ph 2, BLOCK H, Lot 43(PT)","L591503E"," ","S7715 - Avery Ranch West Ph 2","Real","$683,034","$683,034"
"R411377","R-17-W308-820H-0046-0008","FREYSSINIER FEDERICO SENDEL & KATHY ROMERO","15020 BANBRIDGE TRL  AUSTIN, TX 78717","15020 BANBRIDGE TRL, AUSTIN, TX  78717","S7715 - Avery Ranch West Ph 2, BLOCK H, Lot 46","L591503E"," ","S7715 - Avery Ranch West Ph 2","Real","$542,092","$542,092"
"R411380","R-17-W308-820H-0049-0008","WIZ, MARC & EMILY IRIS GUZMAN","15008 BANBRIDGE TRL  AUSTIN, TX 78717","15008 BANBRIDGE TRL, AUSTIN, TX  78717","S7715 - Avery Ranch West Ph 2, BLOCK H, Lot 49","L591503E"," ","S7715 - Avery Ranch West Ph 2","Real","$563,501","$563,501"
"R411383","R-17-W308-820H-0057-0008","PHAM, THANH HA T & THANH HODINH","10809 ROY BUTLER DR AUSTIN, TX 78717-3947","14532 BALLIMAMORE DR, AUSTIN, TX  78717","S7715 - Avery Ranch West Ph 2, BLOCK H, Lot 57","L591503E"," ","S7715 - Avery Ranch West Ph 2","Real","$500,904","$500,904"
"R411386","R-17-W308-820H-0060-0008","MEHDIZADEH MOHAMMAD & YASSAMAN BEHBAHANI","14520 BALLIMAMORE DR  AUSTIN, TX 78717-4412","14520 BALLIMAMORE DR, AUSTIN, TX  78717","S7715 - Avery Ranch West Ph 2, BLOCK H, Lot 60","L591503E"," ","S7715 - Avery Ranch West Ph 2","Real","$568,585","$568,585"
"R411389","R-17-W308-820H-0063-0008","BOLTON, KEVIN A & NANCIE M","14508 BALLIMAMORE DR AUSTIN, TX 78717-4412","14508 BALLIMAMORE DR, AUSTIN, TX  78717","S7715 - Avery Ranch West Ph 2, BLOCK H, Lot 63","L591503E"," ","S7715 - Avery Ranch West Ph 2","Real","$491,669","$491,669"
"R411392","R-17-W308-820H-0066-0008","MURILLO, VICTOR & ROSA","11009 QUARRY OAKS TRL  AUSTIN, TX 78717","11009 QUARRY OAKS TRL, AUSTIN, TX  78717","S7715 - Avery Ranch West Ph 2, BLOCK H, Lot 66","L591503E"," ","S7715 - Avery Ranch West Ph 2","Real","$643,903","$643,903"
"R411394","R-17-W308-820H-0068-0008","GEORGE M WALTER & FAYE M WALTER TRUSTEES OF THE WALTER REVOCABLE TRUST","10932 QUARRY OAKS TRL AUSTIN, TX 78717-4439","11012 QUARRY OAKS TRL, AUSTIN, TX  78717","S7715 - Avery Ranch West Ph 2, BLOCK H, Lot 68","L591503E"," ","S7715 - Avery Ranch West Ph 2","Real","$610,373","$610,373"
"R411400","R-17-W308-820H-0074-0008","BUXTON, PIERCE","1 UPPERHILL RD MILL VALLEY, CA 94941-1425","10928 QUARRY OAKS TRL, AUSTIN, TX  78717","S7715 - Avery Ranch West Ph 2, BLOCK H, Lot 74","L591503E"," ","S7715 - Avery Ranch West Ph 2","Real","$536,162","$536,162"
"R411403","R-17-W308-820H-0077-0008","PEDDIMSETTI, VIJAY BHANU","10916 QUARRY OAKS TRL  AUSTIN, TX 78717","10916 QUARRY OAKS TRL, AUSTIN, TX  78717","S7715 - Avery Ranch West Ph 2, BLOCK H, Lot 77","L591503E"," ","S7715 - Avery Ranch West Ph 2","Real","$536,314","$536,314"
"R411406","R-17-W308-820H-0080-0008","MANDE, ROHIT & SHEFALI SANJAY DESHPANDE","10904 QUARRY OAKS TRL  AUSTIN, TX 78717-4439","10904 QUARRY OAKS TRL, AUSTIN, TX  78717","S7715 - Avery Ranch West Ph 2, BLOCK H, Lot 80","L591503E"," ","S7715 - Avery Ranch West Ph 2","Real","$543,333","$543,333"
"R411409","R-17-W308-820H-0083-0008","GANDHI AMMAR JUZER & KARLA MICHELLE ORTIZ LOPEZ","10824 QUARRY OAKS TRL  AUSTIN, TX 78717-4438","10824 QUARRY OAKS TRL, AUSTIN, TX  78717","S7715 - Avery Ranch West Ph 2, BLOCK H, Lot 83","L591503E"," ","S7715 - Avery Ranch West Ph 2","Real","$658,486","$658,486"
"R411412","R-17-W308-820H-0086-0008","AVERY RANCH OWNERS ASSOCIATION INC","9601 AMBERGLEN BLVD  #STE 150 AUSTIN, TX 78729","10724 QUARRY OAKS TRL, AUSTIN, TX  78717","S7715 - Avery Ranch West Ph 2, BLOCK H, Lot 86, ACRES 0.148, (OPEN SPACE)","L591503E"," ","S7715 - Avery Ranch West Ph 2","Real","$300","$300"
"R411417","R-17-W308-820H-0091-0008","STALLINGS, DAVID C & NIKKI M","14312 PADBROOK PARK CV  AUSTIN, TX 78717-4443","14312 PADBROOK PARK CV, AUSTIN, TX  78717","S7715 - Avery Ranch West Ph 2, BLOCK H, Lot 91","L591503E"," ","S7715 - Avery Ranch West Ph 2","Real","$621,992","$621,992"
"R411420","R-17-W308-820H-0094-0008","AVERY RANCH OWNERS ASSOCIATION INC","9601 AMBERGLEN BLVD  #STE 150 AUSTIN, TX 78729","14300 PADBROOK PARK CV, AUSTIN, TX  78717","S7715 - Avery Ranch West Ph 2, BLOCK H, Lot 94, ACRES 0.257, (DETENTION EASEMENT)","L591503E"," ","S7715 - Avery Ranch West Ph 2","Real","$300","$300"
"R411423","R-17-W308-820H-0097-0008","LIONE, JOHN G, Jr","14313 PADBROOK PARK CV  AUSTIN, TX 78717","14313 PADBROOK PARK CV, AUSTIN, TX  78717","S7715 - Avery Ranch West Ph 2, BLOCK H, Lot 97","L591503E"," ","S7715 - Avery Ranch West Ph 2","Real","$555,083","$555,083"
"R411426","R-17-W308-820H-0100-0008","MORRIS, MARY JANE & HENRY JR","14325 PADBROOK PARK CV  AUSTIN, TX 78717-4443","14325 PADBROOK PARK CV, AUSTIN, TX  78717","S7715 - Avery Ranch West Ph 2, BLOCK H, Lot 100","L591503E"," ","S7715 - Avery Ranch West Ph 2","Real","$489,158","$489,158"
"R411429","R-17-W308-820I-0001-0008","MORROW, MICHAEL DALE","10901 QUARRY OAKS TRL  AUSTIN, TX 78717","10901 QUARRY OAKS TRL, AUSTIN, TX  78717","S7715 - Avery Ranch West Ph 2, BLOCK I, Lot 1","L591503E"," ","S7715 - Avery Ranch West Ph 2","Real","$539,572","$539,572"
"R411432","R-17-W308-820I-0004-0008","KYAL, ANURAG","10913 QUARRY OAKS TRL AUSTIN, TX 78717-4439","10913 QUARRY OAKS TRL, AUSTIN, TX  78717","S7715 - Avery Ranch West Ph 2, BLOCK I, Lot 4","L591503E"," ","S7715 - Avery Ranch West Ph 2","Real","$444,622","$444,622"
"R411437","R-17-W308-820I-0009-0008","BARNETT, KEVIN A","14525 BALLYCLARC DR  AUSTIN, TX 78717","14525 BALLYCLARC DR, AUSTIN, TX  78717","S7715 - Avery Ranch West Ph 2, BLOCK I, Lot 9","L591503E"," ","S7715 - Avery Ranch West Ph 2","Real","$617,316","$617,316"
"R411443","R-17-W308-820J-0001-0008","RITCHIE, RYAN C","14501 BALLIMAMORE DR  AUSTIN, TX 78717","14501 BALLIMAMORE DR, AUSTIN, TX  78717","S7715 - Avery Ranch West Ph 2, BLOCK J, Lot 1","L591503E"," ","S7715 - Avery Ranch West Ph 2","Real","$601,270","$601,270"
"R411446","R-17-W308-820J-0004-0008","GOPALAKRISHNAN NAIR, HARIKISHNAN NAIR","212 GASPAR BND  CEDAR PARK, TX 78613","14513 BALLIMAMORE DR, AUSTIN, TX  78717","S7715 - Avery Ranch West Ph 2, BLOCK J, Lot 4","L591503E"," ","S7715 - Avery Ranch West Ph 2","Real","$463,219","$463,219"
"R411449","R-17-W308-820J-0007-0008","SHRIKUNJ TEXAS LLC","5900 BALCONES DR STE 100 AUSTIN, TX 78731","14525 BALLIMAMORE DR, AUSTIN, TX  78717","S7715 - Avery Ranch West Ph 2, BLOCK J, Lot 7","L591503E"," ","S7715 - Avery Ranch West Ph 2","Real","$505,389","$505,389"
"R411452","R-17-W308-820J-0012-0008","TOMILSON, AARON & LIANGXIAO HU","14532 BALLYCLARC DR  AUSTIN, TX 78717","14532 BALLYCLARC DR, AUSTIN, TX  78717","S7715 - Avery Ranch West Ph 2, BLOCK J, Lot 12","L591503E"," ","S7715 - Avery Ranch West Ph 2","Real","$507,193","$507,193"
"R411454","R-17-W308-820J-0014-0008","LI, RUICHANG & MINAN","14524 BALLYCLARC DR  AUSTIN, TX 78717-4410","14524 BALLYCLARC DR, AUSTIN, TX  78717","S7715 - Avery Ranch West Ph 2, BLOCK J, Lot 14","L591503E"," ","S7715 - Avery Ranch West Ph 2","Real","$556,686","$556,686"
"R411455","R-17-W308-820J-0015-0008","COLE, CECIL F FREDDA L HOLMES","14520 BALLYCLARC DR  AUSTIN, TX 78717","14520 BALLYCLARC DR, AUSTIN, TX  78717","S7715 - Avery Ranch West Ph 2, BLOCK J, Lot 15","L591503E"," ","S7715 - Avery Ranch West Ph 2","Real","$443,866","$443,866"
"R411460","R-17-W308-820J-0020-0008","LOOTS, TROY A & PATTI-JO S","14500 BALLYCLARC DR  AUSTIN, TX 78717","14500 BALLYCLARC DR, AUSTIN, TX  78717","S7715 - Avery Ranch West Ph 2, BLOCK J, Lot 20","L591503E"," ","S7715 - Avery Ranch West Ph 2","Real","$512,958","$512,958"
"R411463","R-17-W308-820N-0004-0008","HALL, SHELLY RENEE","14517 BALLYCASTLE TRL AUSTIN, TX 78717-4425","14517 BALLYCASTLE TRL, AUSTIN, TX  78717","S7715 - Avery Ranch West Ph 2, BLOCK N, Lot 4","L591503E"," ","S7715 - Avery Ranch West Ph 2","Real","$438,609","$438,609"
"R411466","R-17-W308-820N-0007-0008","CHOPDE, ANUP & RASIKA","9599 SEAWIND WAY  NEWARK, CA 94560-7342","14505 BALLYCASTLE TRL, AUSTIN, TX  78717","S7715 - Avery Ranch West Ph 2, BLOCK N, Lot 7","L591503E"," ","S7715 - Avery Ranch West Ph 2","Real","$482,481","$482,481"
"R411469","R-17-W308-820N-0010-0008","FITZPATRICK, JEFFERY SEAN & SANDRA DENISE","8 CIGLIANO AISLE  IRVINE, CA 92606","14429 BALLYCASTLE TRL, AUSTIN, TX  78717","S7715 - Avery Ranch West Ph 2, BLOCK N, Lot 10","L591503E"," ","S7715 - Avery Ranch West Ph 2","Real","$501,759","$501,759"
"R411475","R-17-W308-820N-0016-0008","JIMENEZ, YESENIA","14405 BALLYCASTLE TRL AUSTIN, TX 78717-4436","14405 BALLYCASTLE TRL, AUSTIN, TX  78717","S7715 - Avery Ranch West Ph 2, BLOCK N, Lot 16","L591503E"," ","S7715 - Avery Ranch West Ph 2","Real","$415,266","$415,266"
"R411477","R-17-W308-820N-0018-0008","CHOWDHURY, TASKINA","14321 BALLYCASTLE TRL  AUSTIN, TX 78717","14321 BALLYCASTLE TRL, AUSTIN, TX  78717","S7715 - Avery Ranch West Ph 2, BLOCK N, Lot 18","L591503E"," ","S7715 - Avery Ranch West Ph 2","Real","$449,311","$449,311"
"R411483","R-17-W308-820N-0024-0008","SHAH, ANKIT & AANAL","183 JENKINS LN  MOUNTAIN VIEW, CA 94043","14221 BALLYCASTLE TRL, AUSTIN, TX  78717","S7715 - Avery Ranch West Ph 2, BLOCK N, Lot 24","L591503E"," ","S7715 - Avery Ranch West Ph 2","Real","$474,417","$474,417"
"R411486","R-17-W308-820N-0027-0008","GRISER, CHRISTINA & TOBIN","14209 BALLYCASTLE TRL  AUSTIN, TX 78717","14209 BALLYCASTLE TRL, AUSTIN, TX  78717","S7715 - Avery Ranch West Ph 2, BLOCK N, Lot 27","L591503E"," ","S7715 - Avery Ranch West Ph 2","Real","$476,491","$476,491"
"R411489","R-17-W308-820Q-0007-0008","JUAREZ, AMADOR R","14308 MOWSBURY DR AUSTIN, TX 78717-4427","14308 MOWSBURY DR, AUSTIN, TX  78717","S7715 - Avery Ranch West Ph 2, BLOCK Q, Lot 7","L591503E"," ","S7715 - Avery Ranch West Ph 2","Real","$433,739","$433,739"
"R411492","R-17-W308-820Q-0010-0008","ZINUROV, AMIR & ARTUR","14216 MOWSBURY DR  AUSTIN, TX 78717","14216 MOWSBURY DR, AUSTIN, TX  78717","S7715 - Avery Ranch West Ph 2, BLOCK Q, Lot 10","L591503E"," ","S7715 - Avery Ranch West Ph 2","Real","$433,994","$433,994"
"R411495","R-17-W308-820Q-0013-0008","BASAK, TITU & ADITI KARMAKAR","14204 MOWSBURY DR  AUSTIN, TX 78717","14204 MOWSBURY DR, AUSTIN, TX  78717","S7715 - Avery Ranch West Ph 2, BLOCK Q, Lot 13","L591503E"," ","S7715 - Avery Ranch West Ph 2","Real","$418,282","$418,282"
"R411500","R-17-W308-820Q-0018-0008","VUPPALA, VIJAYA BHASKER & SHAILAJA MERUGU","10528 DUNHAM FOREST RD  AUSTIN, TX 78717","10528 DUNHAM FOREST RD, AUSTIN, TX  78717","S7715 - Avery Ranch West Ph 2, BLOCK Q, Lot 18","L591503E"," ","S7715 - Avery Ranch West Ph 2","Real","$489,406","$489,406"
"R411503","R-17-W308-820Q-0021-0008","GARCIA, ALEXANDER R & TAEHEE KIM","15133 THATCHER DR  AUSTIN, TX 78717","10516 DUNHAM FOREST RD, AUSTIN, TX  78717","S7715 - Avery Ranch West Ph 2, BLOCK Q, Lot 21","L591503E"," ","S7715 - Avery Ranch West Ph 2","Real","$450,208","$450,208"
"R411506","R-17-W308-820Q-0024-0008","CASTILLO, JOSEPH & MARCELA","14116 BALLYCASTLE TRL  AUSTIN, TX 78717","14116 BALLYCASTLE TRL, AUSTIN, TX  78717","S7715 - Avery Ranch West Ph 2, BLOCK Q, Lot 24","L591503E"," ","S7715 - Avery Ranch West Ph 2","Real","$438,067","$438,067"
"R411509","R-17-W308-820Q-0027-0008","TUBILLARA, ELVIN DALIPE & CHAYAH","14109 BALLYCASTLE TRL  AUSTIN, TX 78717-4447","14104 BALLYCASTLE TRL, AUSTIN, TX  78717","S7715 - Avery Ranch West Ph 2, BLOCK Q, Lot 27","L591503E"," ","S7715 - Avery Ranch West Ph 2","Real","$475,155","$475,155"
"R411512","R-17-W308-820Q-0030-0008","HARFORD, PETER J","14113 BALLYCASTLE TRL  AUSTIN, TX 78717","14113 BALLYCASTLE TRL, AUSTIN, TX  78717","S7715 - Avery Ranch West Ph 2, BLOCK Q, Lot 30","L591503E"," ","S7715 - Avery Ranch West Ph 2","Real","$476,163","$476,163"
"R424531","R-17-W308-111C-0112-0008","ABDULDAEM, MAZEN & SUSAN","11412 FLETCHER HALL LN AUSTIN, TX 78717","11412 FLETCHER HALL LN, AUSTIN, TX  78717","S8039 - Avery Ranch Far West Ph 1 Sec 1, BLOCK C, Lot 112","L591503E"," ","S8039 - Avery Ranch Far West Ph 1 Sec 1","Real","$503,194","$503,194"
"R424534","R-17-W308-111C-0115-0008","VINITCHI DUMITRU & OLGA PODORNICOVA","11400 FLETCHER HALL LN  AUSTIN, TX 78717","11400 FLETCHER HALL LN, AUSTIN, TX  78717","S8039 - Avery Ranch Far West Ph 1 Sec 1, BLOCK C, Lot 115","L591503E"," ","S8039 - Avery Ranch Far West Ph 1 Sec 1","Real","$448,881","$448,881"
"R424537","R-17-W308-111C-0118-0008","YANG WEIQUN & KAI JI (RS)","10179 CASS PL  CUPERTINO, CA 95014","11324 FLETCHER HALL LN, AUSTIN, TX  78717","S8039 - Avery Ranch Far West Ph 1 Sec 1, BLOCK C, Lot 118","L591503E"," ","S8039 - Avery Ranch Far West Ph 1 Sec 1","Real","$436,737","$436,737"
"R424540","R-17-W308-111C-0121-0008","ZHU, CONGYING","6715 ROUTENBURN ST AUSTIN, TX 78754-3994","11312 FLETCHER HALL LN, AUSTIN, TX  78717","S8039 - Avery Ranch Far West Ph 1 Sec 1, BLOCK C, Lot 121","L591503E"," ","S8039 - Avery Ranch Far West Ph 1 Sec 1","Real","$448,457","$448,457"
"R424543","R-17-W308-111C-0124-0008","CHEN, WEI & JUN LI","11300 FLETCHER HALL LN  AUSTIN, TX 78717","11300 FLETCHER HALL LN, AUSTIN, TX  78717","S8039 - Avery Ranch Far West Ph 1 Sec 1, BLOCK C, Lot 124","L591503E"," ","S8039 - Avery Ranch Far West Ph 1 Sec 1","Real","$440,829","$440,829"
"R424545","R-17-W308-111C-0126-0008","YONG, YEAN KEE & YON DING YEONG","1800 HELIOTROPE CT  AUSTIN, TX 78733","11228 FLETCHER HALL LN, AUSTIN, TX  78717","S8039 - Avery Ranch Far West Ph 1 Sec 1, BLOCK C, Lot 126","L591503E"," ","S8039 - Avery Ranch Far West Ph 1 Sec 1","Real","$436,737","$436,737"
"R424551","R-17-W308-111C-0132-0008","MANCE, JASON","11204 FLETCHER HALL LN  AUSTIN, TX 78717","11204 FLETCHER HALL LN, AUSTIN, TX  78717","S8039 - Avery Ranch Far West Ph 1 Sec 1, BLOCK C, Lot 132","L591503E"," ","S8039 - Avery Ranch Far West Ph 1 Sec 1","Real","$481,885","$481,885"
"R424554","R-17-W308-111M-0003-0008","YAZDI, FRED","11304 STAKED PLAINS DR AUSTIN, TX 78717-4463","11304 STAKED PLAINS DR, AUSTIN, TX  78717","S8039 - Avery Ranch Far West Ph 1 Sec 1, BLOCK M, Lot 3","L591503E"," ","S8039 - Avery Ranch Far West Ph 1 Sec 1","Real","$511,695","$511,695"
"R424557","R-17-W308-111M-0006-0008","ELORREAGA, LAURA G & GILBERT A","11316 STAKED PLAINS DR  AUSTIN, TX 78717","11316 STAKED PLAINS DR, AUSTIN, TX  78717","S8039 - Avery Ranch Far West Ph 1 Sec 1, BLOCK M, Lot 6","L591503E"," ","S8039 - Avery Ranch Far West Ph 1 Sec 1","Real","$596,430","$596,430"
"R424560","R-17-W308-111M-0009-0008","ZHAO, ZHIXUN & ZHAOJUN CHEN","11328 STAKED PLAINS DR  AUSTIN, TX 78717-4463","11328 STAKED PLAINS DR, AUSTIN, TX  78717","S8039 - Avery Ranch Far West Ph 1 Sec 1, BLOCK M, Lot 9","L591503E"," ","S8039 - Avery Ranch Far West Ph 1 Sec 1","Real","$563,078","$563,078"
"R424563","R-17-W308-111T-0002-0008","GILLON, KEITH WILLIAM & RHONDA MICHELLE","14625 STAKED PLAINS LOOP  AUSTIN, TX 78717","14625 STAKED PLAINS LOOP, AUSTIN, TX  78717","S8039 - Avery Ranch Far West Ph 1 Sec 1, BLOCK T, Lot 2","L591503E"," ","S8039 - Avery Ranch Far West Ph 1 Sec 1","Real","$663,933","$663,933"
"R424566","R-17-W308-111T-0005-0008","PREVOST, PAMELA KAYE","14613 Staked Plains LOOP  AUSTIN, TX 78717","14613 STAKED PLAINS LOOP, AUSTIN, TX  78717","S8039 - Avery Ranch Far West Ph 1 Sec 1, BLOCK T, Lot 5","L591503E"," ","S8039 - Avery Ranch Far West Ph 1 Sec 1","Real","$507,713","$507,713"
"R424568","R-17-W308-111T-0007-0008","YU, ZHIFENG & QIANQIAN KU","14605 STAKED PLAINS LOOP  AUSTIN, TX 78717","14605 STAKED PLAINS LOOP, AUSTIN, TX  78717","S8039 - Avery Ranch Far West Ph 1 Sec 1, BLOCK T, Lot 7","L591503E"," ","S8039 - Avery Ranch Far West Ph 1 Sec 1","Real","$597,030","$597,030"
"R424571","R-17-W308-111T-0010-0008","GREATHOUSE, JASON N & ERIKA A","ERIKA ALEXANDRA GREATHOUSE 11404 HATTERY LN AUSTIN, TX 78717","11404 HATTERY LN, AUSTIN, TX  78717","S8039 - Avery Ranch Far West Ph 1 Sec 1, BLOCK T, Lot 10","L591503E"," ","S8039 - Avery Ranch Far West Ph 1 Sec 1","Real","$505,015","$505,015"
"R424574","R-17-W308-111T-0013-0008","CTLTX PROPERTIES LLC 14612 SPRINGS EDGE","3225 MCLEOD DR  #STE 777 LAS VEGAS, NV 89121","14612 SPRINGS EDGE DR, AUSTIN, TX  78717","S8039 - Avery Ranch Far West Ph 1 Sec 1, BLOCK T, Lot 13","L591503E"," ","S8039 - Avery Ranch Far West Ph 1 Sec 1","Real","$479,794","$479,794"
"R424577","R-17-W308-111T-0016-0008","KHORSANDIAN, TRUDI D","11956 BERNARDO PLAZA DR   151 SAN DIEGO, CA 92128","14700 SPRINGS EDGE DR, AUSTIN, TX  78717","S8039 - Avery Ranch Far West Ph 1 Sec 1, BLOCK T, Lot 16","L591503E"," ","S8039 - Avery Ranch Far West Ph 1 Sec 1","Real","$433,098","$433,098"
"R424580","R-17-W308-111T-0019-0008","WERNER, CARSON WILLIAM & ALLISON S","14712 SPRINGS EDGE DR AUSTIN, TX 78717-4474","14712 SPRINGS EDGE DR, AUSTIN, TX  78717","S8039 - Avery Ranch Far West Ph 1 Sec 1, BLOCK T, Lot 19","L591503E"," ","S8039 - Avery Ranch Far West Ph 1 Sec 1","Real","$446,010","$446,010"
"R424583","R-17-W308-111U-0002-0008","ORONA, VICTOR & MONICA A MARTINEZ DE","14613 SPRINGS EDGE DR  AUSTIN, TX 78717","14613 SPRINGS EDGE DR, AUSTIN, TX  78717","S8039 - Avery Ranch Far West Ph 1 Sec 1, BLOCK U, Lot 2","L591503E"," ","S8039 - Avery Ranch Far West Ph 1 Sec 1","Real","$443,166","$443,166"
"R424585","R-17-W308-111U-0004-0008","SUBEDI, MANOHAR & SULOCHANA","14605 SPRINGS EDGE DR  AUSTIN, TX 78717","14605 SPRINGS EDGE DR, AUSTIN, TX  78717","S8039 - Avery Ranch Far West Ph 1 Sec 1, BLOCK U, Lot 4","L591503E"," ","S8039 - Avery Ranch Far West Ph 1 Sec 1","Real","$440,396","$440,396"
"R424586","R-17-W308-111U-0005-0008","SATRO, KRISTINA","14601 SPRINGS EDGE DR  AUSTIN, TX 78717","14601 SPRINGS EDGE DR, AUSTIN, TX  78717","S8039 - Avery Ranch Far West Ph 1 Sec 1, BLOCK U, Lot 5","L591503E"," ","S8039 - Avery Ranch Far West Ph 1 Sec 1","Real","$481,885","$481,885"
"R424591","R-17-W308-111U-0010-0008","CHOY, CHING WING & YAN CHENG","11300 HATTERY LN  AUSTIN, TX 78717","11300 HATTERY LN, AUSTIN, TX  78717","S8039 - Avery Ranch Far West Ph 1 Sec 1, BLOCK U, Lot 10","L591503E"," ","S8039 - Avery Ranch Far West Ph 1 Sec 1","Real","$424,387","$424,387"
"R424594","R-17-W308-111U-0013-0008","HOLSOME, ANTHONY","11208 HATTERY LN AUSTIN, TX 78717-4479","11208 HATTERY LN, AUSTIN, TX  78717","S8039 - Avery Ranch Far West Ph 1 Sec 1, BLOCK U, Lot 13","L591503E"," ","S8039 - Avery Ranch Far West Ph 1 Sec 1","Real","$447,340","$447,340"
"R424597","R-17-W308-111U-0016-0008","CHODOSH, DIONNE","11108 HATTERY LN  AUSTIN, TX 78717","11108 HATTERY LN, AUSTIN, TX  78717","S8039 - Avery Ranch Far West Ph 1 Sec 1, BLOCK U, Lot 16","L591503E"," ","S8039 - Avery Ranch Far West Ph 1 Sec 1","Real","$432,236","$432,236"
"R424600","R-17-W308-111U-0019-0008","CAHN SHARON TRUSTEE OF SHARON CAHN DECLARATION OF TRUST","10672 ROYAL VIEW AVE LAS VEGAS, NV 89144-4114","11205 CONCHOS RIVER TRL, AUSTIN, TX  78717","S8039 - Avery Ranch Far West Ph 1 Sec 1, BLOCK U, Lot 19","L591503E"," ","S8039 - Avery Ranch Far West Ph 1 Sec 1","Real","$508,578","$508,578"
"R424603","R-17-W308-111U-0022-0008","LIU, SILI","11217 CONCHOS RIVER TRL  AUSTIN, TX 78717","11217 CONCHOS RIVER TRL, AUSTIN, TX  78717","S8039 - Avery Ranch Far West Ph 1 Sec 1, BLOCK U, Lot 22","L591503E"," ","S8039 - Avery Ranch Far West Ph 1 Sec 1","Real","$445,015","$445,015"
"R424606","R-17-W308-111U-0025-0008","NORTEY, JEREMY ALVIN","14201 BALLYCASTLE TRL  AUSTIN, TX 78717","11305 CONCHOS RIVER TRL, AUSTIN, TX  78717","S8039 - Avery Ranch Far West Ph 1 Sec 1, BLOCK U, Lot 25","L591503E"," ","S8039 - Avery Ranch Far West Ph 1 Sec 1","Real","$437,474","$437,474"
"R424608","R-17-W308-111U-0027-0008","MEYYAPPAN, VINAITHEERTHAN & ALAMELU CHIDAMBARAM TSTEES OF VINAITHIRHAN FMLY TRST","160 NANTERRE ST  DANVILLE, CA 94506-1939","11313 CONCHOS RIVER TR, AUSTIN, TX  78717","S8039 - Avery Ranch Far West Ph 1 Sec 1, BLOCK U, Lot 27","L591503E"," ","S8039 - Avery Ranch Far West Ph 1 Sec 1","Real","$437,385","$437,385"
"R424614","R-17-W308-111V-0005-0008","BELL, CHRISTOPHER GERARD","2 COLERIDGE LN AUSTIN, TX 78746-2545","11308 CONCHOS RIVER TRL, AUSTIN, TX  78717","S8039 - Avery Ranch Far West Ph 1 Sec 1, BLOCK V, Lot 5","L591503E"," ","S8039 - Avery Ranch Far West Ph 1 Sec 1","Real","$499,150","$499,150"
"R424617","R-17-W308-111V-0008-0008","JOYNER, DAVID R & VICKI L","11224 CONCHOS RIVER TRL  AUSTIN, TX 78717","11224 CONCHOS RIVER TRL, AUSTIN, TX  78717","S8039 - Avery Ranch Far West Ph 1 Sec 1, BLOCK V, Lot 8","L591503E"," ","S8039 - Avery Ranch Far West Ph 1 Sec 1","Real","$426,244","$426,244"
"R424620","R-17-W308-111V-0011-0008","GALVAN, ILDA & EDWARD","11212 CONCHOS RIVER TRL  AUSTIN, TX 78717","11212 CONCHOS RIVER TRL, AUSTIN, TX  78717","S8039 - Avery Ranch Far West Ph 1 Sec 1, BLOCK V, Lot 11","L591503E"," ","S8039 - Avery Ranch Far West Ph 1 Sec 1","Real","$433,656","$433,656"
"R424626","R-17-W308-111V-0017-0008","SULLIVAN, TANIA & JONATHAN","11000 HATTERY LN  AUSTIN, TX 78717-4477","11000 HATTERY LN, AUSTIN, TX  78717","S8039 - Avery Ranch Far West Ph 1 Sec 1, BLOCK V, Lot 17","L591503E"," ","S8039 - Avery Ranch Far West Ph 1 Sec 1","Real","$506,497","$506,497"
"R424628","R-17-W308-111V-0019-0008","LIU, MOJING","3641 ROWLEY DR SAN JOSE, CA 95132-1349","11221 FLETCHER HALL LN, AUSTIN, TX  78717","S8039 - Avery Ranch Far West Ph 1 Sec 1, BLOCK V, Lot 19","L591503E"," ","S8039 - Avery Ranch Far West Ph 1 Sec 1","Real","$443,166","$443,166"
"R424631","R-17-W308-111V-0022-0008","LE, HIEN Q & THANH THUY","11233 FLETCHER HALL LN  AUSTIN, TX 78717","11233 FLETCHER HALL LN, AUSTIN, TX  78717","S8039 - Avery Ranch Far West Ph 1 Sec 1, BLOCK V, Lot 22","L591503E"," ","S8039 - Avery Ranch Far West Ph 1 Sec 1","Real","$443,166","$443,166"
"R424637","R-17-W308-111V-0028-0008","PILLI PHANI KUMAR & BALAMANI CHINNANNAGUDAM TRUSTEES OF PILLI FAMILY REV TRUST","34382 LIVORNA TER   36 FREMONT, CA 94555-1818","11325 FLETCHER HALL LN, AUSTIN, TX  78717","S8039 - Avery Ranch Far West Ph 1 Sec 1, BLOCK V, Lot 28","L591503E"," ","S8039 - Avery Ranch Far West Ph 1 Sec 1","Real","$477,183","$477,183"
"R424640","R-17-W308-112C-0003-0008","AVERY RANCH OWNERS ASSOC INC","PO BOX 702348 DALLAS, TX 75370-2348","STAKED PLAINS LOOP, AUSTIN, TX  78717","S8057 - Avery Ranch Far West Ph 1 Sec 2, BLOCK C, Lot 3, ACRES 0.8297, (DETENTION POND)","L591503E"," ","S8057 - Avery Ranch Far West Ph 1 Sec 2","Real","$300","$300"
"R424643","R-17-W308-112C-0111-0008","PHYLLIS ANN POPPEN TR OF THE PHYLLIS ANN POPPEN LIVING TRUST","11416 FLETCHER HALL LN  AUSTIN, TX 78717-4549","11416 FLETCHER HALL LN, AUSTIN, TX  78717","S8057 - Avery Ranch Far West Ph 1 Sec 2, BLOCK C, Lot 111","L591503E"," ","S8057 - Avery Ranch Far West Ph 1 Sec 2","Real","$439,333","$439,333"
"R424646","R-17-W308-112P-0009-0008","HELD, JOHN K & MARTHA LYLIAM","14421 SHOWDOWN LN AUSTIN, TX 78717-4470","14421 SHOWDOWN LN, AUSTIN, TX  78717","S8057 - Avery Ranch Far West Ph 1 Sec 2, BLOCK P, Lot 9","L591503E"," ","S8057 - Avery Ranch Far West Ph 1 Sec 2","Real","$575,067","$575,067"
"R424648","R-17-W308-112R-0011-0008","ROTERMUND, RODRIGO G","14416 SHOWDOWN LN  AUSTIN, TX 78727","14416 SHOWDOWN LN, AUSTIN, TX  78717","S8057 - Avery Ranch Far West Ph 1 Sec 2, BLOCK R, Lot 11","L591503E"," ","S8057 - Avery Ranch Far West Ph 1 Sec 2","Real","$551,344","$551,344"
"R424649","R-17-W308-112R-0012-0008","MORAN, ENRIQUE BAYARDO & SUSANA MARTINEZ BASULTO","11508 STAKED PLAINS DR   1 AUSTIN, TX 78717","11508 STAKED PLAINS DR, UNIT #1, AUSTIN, TX  78717","AVERY RANCH FAR WEST PH 1 SEC 2, BLOCK R, LOT 12","L591503E"," ","S8057 - Avery Ranch Far West Ph 1 Sec 2","Real","$448,960","$448,960"
"R424654","R-17-W308-112R-0017-0008","ARAUJO DALLA LASTA, BRENO & RALYME M SILVESTRE DALLA LASTA","11508 STAKED PLAINS DR  #UNIT 6 AUSTIN, TX 78717","11508 STAKED PLAINS DR, UNIT #6, AUSTIN, TX  78717","S8057 - Avery Ranch Far West Ph 1 Sec 2, BLOCK R, Lot 17","L591503E"," ","S8057 - Avery Ranch Far West Ph 1 Sec 2","Real","$581,071","$581,071"
"R424660","R-17-W308-112W-0003-0008","MORJAN, ROBERT","11708 FLETCHER HALL LN  AUSTIN, TX 78717-4452","11708 FLETCHER HALL LN, AUSTIN, TX  78717","S8057 - Avery Ranch Far West Ph 1 Sec 2, BLOCK W, Lot 3","L591503E"," ","S8057 - Avery Ranch Far West Ph 1 Sec 2","Real","$505,270","$505,270"
"R424663","R-17-W308-112W-0006-0008","IYER, SATHYANARAYANAN & INDUMATHI THIYAGARAJAN","2343 MAGNOLIA BRIDGE DR  SAN RAMON, CA 94582-2510","11616 FLETCHER HALL LN, AUSTIN, TX  78717","S8057 - Avery Ranch Far West Ph 1 Sec 2, BLOCK W, Lot 6","L591503E"," ","S8057 - Avery Ranch Far West Ph 1 Sec 2","Real","$459,737","$459,737"
"R424669","R-17-W308-112W-0012-0008","DE LA GARZA ADLER, MARTHA EVA (TOD)","11508 FLETCHER HALL LN  AUSTIN, TX 78717","11508 FLETCHER HALL LN, AUSTIN, TX  78717","S8057 - Avery Ranch Far West Ph 1 Sec 2, BLOCK W, Lot 12","L591503E"," ","S8057 - Avery Ranch Far West Ph 1 Sec 2","Real","$452,489","$452,489"
"R424671","R-17-W308-112W-0014-0008","RIVERA-REDONDO, JOSE","11500 FLETCHER HALL LN  AUSTIN, TX 78717-4454","11500 FLETCHER HALL LN, AUSTIN, TX  78717","S8057 - Avery Ranch Far West Ph 1 Sec 2, BLOCK W, Lot 14","L591503E"," ","S8057 - Avery Ranch Far West Ph 1 Sec 2","Real","$604,901","$604,901"
"R424674","R-17-W308-112W-0017-0008","GREGG, KONNIE","11509 MISTY WHITE DR  AUSTIN, TX 78717","11509 MISTY WHITE DR, AUSTIN, TX  78717","S8057 - Avery Ranch Far West Ph 1 Sec 2, BLOCK W, Lot 17","L591503E"," ","S8057 - Avery Ranch Far West Ph 1 Sec 2","Real","$567,231","$567,231"
"R424677","R-17-W308-112W-0020-0008","HAN, XULIANG & JINYU LI","2208 CLINTONS CLOUD CT AUSTIN, TX 78738-5594","11521 MISTY WHITE DR, AUSTIN, TX  78717","S8057 - Avery Ranch Far West Ph 1 Sec 2, BLOCK W, Lot 20","L591503E"," ","S8057 - Avery Ranch Far West Ph 1 Sec 2","Real","$467,262","$467,262"
"R424680","R-17-W308-112W-0023-0008","WANG, BODONG & YIMING ZHANG","1521 MORNING MOON CIR  AUSTIN, TX 78732-6148","11605 MISTY WHITE DR, AUSTIN, TX  78717","S8057 - Avery Ranch Far West Ph 1 Sec 2, BLOCK W, Lot 23","L591503E"," ","S8057 - Avery Ranch Far West Ph 1 Sec 2","Real","$464,225","$464,225"
"R424683","R-17-W308-112W-0026-0008","GEORGE M WALTER & FAYE M WALTER TRUSTEES OF THE WALTER REVOCABLE TRUST","10932 QUARRY OAKS TRL AUSTIN, TX 78717-4439","11617 MISTY WHITE DR, AUSTIN, TX  78717","S8057 - Avery Ranch Far West Ph 1 Sec 2, BLOCK W, Lot 26","L591503E"," ","S8057 - Avery Ranch Far West Ph 1 Sec 2","Real","$541,760","$541,760"
"R424686","R-17-W308-112X-0005-00008","LE, SAMANTHA TRANG","15209 STAKED PLAINS LOOP  AUSTIN, TX 78717-4457","15209 STAKED PLAINS LOOP, AUSTIN, TX  78717","S8057 - Avery Ranch Far West Ph 1 Sec 2, BLOCK X, Lot 5","L591503E"," ","S8057 - Avery Ranch Far West Ph 1 Sec 2","Real","$470,447","$470,447"
"R424689","R-17-W308-112X-0008-0008","WINZELER, LINDA & TED","15115 STAKED PLAINS LOOP  AUSTIN, TX 78717-4458","15115 STAKED PLAINS LOOP, AUSTIN, TX  78717","S8057 - Avery Ranch Far West Ph 1 Sec 2, BLOCK X, Lot 8","L591503E"," ","S8057 - Avery Ranch Far West Ph 1 Sec 2","Real","$517,853","$517,853"
"R424691","R-17-W308-112X-0010-0008","JONES, DAN M & CONNIE L","11701 MISTY WHITE DR AUSTIN, TX 78717-4468","11701 MISTY WHITE DR, AUSTIN, TX  78717","S8057 - Avery Ranch Far West Ph 1 Sec 2, BLOCK X, Lot 10","L591503E"," ","S8057 - Avery Ranch Far West Ph 1 Sec 2","Real","$516,762","$516,762"
"R424697","R-17-W308-112Z-0005-0008","DYBA, ANDREW R & SANDRA A","14608 STOCK TANK CV AUSTIN, TX 78717-4469","14608 STOCK TANK CV, AUSTIN, TX  78717","S8057 - Avery Ranch Far West Ph 1 Sec 2, BLOCK Z, Lot 5","L591503E"," ","S8057 - Avery Ranch Far West Ph 1 Sec 2","Real","$645,938","$645,938"
"R424700","R-17-W308-112Z-0008-0008","MILLER, KYLE H & TERRI C","14617 STOCK TANK CV  AUSTIN, TX 78717","14617 STOCK TANK CV, AUSTIN, TX  78717","S8057 - Avery Ranch Far West Ph 1 Sec 2, BLOCK Z, Lot 8","L591503E"," ","S8057 - Avery Ranch Far West Ph 1 Sec 2","Real","$660,401","$660,401"
"R424703","R-17-W308-112Z-0011-0008","HARRISON, EDWARD M & MAXINE KAPLAN (RS)","14605 STOCK TANK CV  AUSTIN, TX 78717","14605 STOCK TANK CV, AUSTIN, TX  78717","S8057 - Avery Ranch Far West Ph 1 Sec 2, BLOCK Z, Lot 11","L591503E"," ","S8057 - Avery Ranch Far West Ph 1 Sec 2","Real","$516,542","$516,542"
"R424706","R-17-W308-112Z-0014-0008","JONES MERRILY (LE)","11512 MISTY WHITE DR  AUSTIN, TX 78717","11512 MISTY WHITE DR, AUSTIN, TX  78717","S8057 - Avery Ranch Far West Ph 1 Sec 2, BLOCK Z, Lot 14","L591503E"," ","S8057 - Avery Ranch Far West Ph 1 Sec 2","Real","$543,885","$543,885"
"R441866","R-17-W308-113A-A005-0008","GOVINDARAJ, SURESHKUMAR & SWAPNA MAHENDRA BABU","9708 LISI ANNE DR AUSTIN, TX 78717-3885","11416 SHALLOW WATER RD, AUSTIN, TX  78717","S8244 - Avery Ranch Far West Ph 1 Sec 3, BLOCK AA, Lot 5","L591503E"," ","S8244 - Avery Ranch Far West Ph 1 Sec 3","Real","$453,105","$453,105"
"R441869","R-17-W308-113A-A008-0008","FENG, DANIEL Z & WENDY W XIE","7109 BAREFOOT CV AUSTIN, TX 78730-1524","14804 MISTLETOE HEIGHTS DR, AUSTIN, TX  78717","S8244 - Avery Ranch Far West Ph 1 Sec 3, BLOCK AA, Lot 8","L591503E"," ","S8244 - Avery Ranch Far West Ph 1 Sec 3","Real","$433,845","$433,845"
"R441872","R-17-W308-113A-A011-0008","EKLOV, ERIK DAVID & ANN-SOFIE GUNBORG EKLOV","3410 DAY STAR CV AUSTIN, TX 78746-1433","14816 MISTLETOE HEIGHTS DR, AUSTIN, TX  78717","S8244 - Avery Ranch Far West Ph 1 Sec 3, BLOCK AA, Lot 11","L591503E"," ","S8244 - Avery Ranch Far West Ph 1 Sec 3","Real","$442,051","$442,051"
"R441875","R-17-W308-113A-A014-0008","AREVALO, MAURICIO","14900 MISTLETOE HEIGHTS DR  AUSTIN, TX 78717","14900 MISTLETOE HEIGHTS DR, AUSTIN, TX  78717","S8244 - Avery Ranch Far West Ph 1 Sec 3, BLOCK AA, Lot 14","L591503E"," ","S8244 - Avery Ranch Far West Ph 1 Sec 3","Real","$422,856","$422,856"
"R441878","R-17-W308-113A-A017-0008","FALANA, AKINBOWALE VICTOR & OYETOLA LEAH","14912 MISTLETOE HEIGHTS DR  AUSTIN, TX 78717","14912 MISTLETOE HEIGHTS DR, AUSTIN, TX  78717","S8244 - Avery Ranch Far West Ph 1 Sec 3, BLOCK AA, Lot 17","L591503E"," ","S8244 - Avery Ranch Far West Ph 1 Sec 3","Real","$514,596","$514,596"
"R441883","R-17-W308-113B-B026-0008","ASAZU, TAKEHIRO","4705 ROWENA AVE  AUSTIN, TX 78751-3103","14909 MISTLETOE HEIGHTS DR, AUSTIN, TX  78717","S8244 - Avery Ranch Far West Ph 1 Sec 3, BLOCK BB, Lot 26","L591503E"," ","S8244 - Avery Ranch Far West Ph 1 Sec 3","Real","$453,395","$453,395"
"R441886","R-17-W308-113C-0043-0008","TEULON, TODD CATAMARAN & LUZ B CEDANO TEULON","14905 STAKED PLAINS LOOP  AUSTIN, TX 78717","14905 STAKED PLAINS LOOP, AUSTIN, TX  78717","S8244 - Avery Ranch Far West Ph 1 Sec 3, BLOCK C, Lot 43","L591503E"," ","S8244 - Avery Ranch Far West Ph 1 Sec 3","Real","$548,006","$548,006"
"R441889","R-17-W308-113C-0046-0008","MCMILLAN, GREGORY K & CAROL A","11404 DODGE CATTLE DR  AUSTIN, TX 78717","11404 DODGE CATTLE DR, AUSTIN, TX  78717","S8244 - Avery Ranch Far West Ph 1 Sec 3, BLOCK C, Lot 46","L591503E"," ","S8244 - Avery Ranch Far West Ph 1 Sec 3","Real","$477,440","$477,440"
"R441892","R-17-W308-113C-0076-0008","SU, WEI-CHENG","717 216TH AVE NE SAMMAMISH, WA 98074-3924","11016 SHALLOW WATER RD, AUSTIN, TX  78717","S8244 - Avery Ranch Far West Ph 1 Sec 3, BLOCK C, Lot 76","L591503E"," ","S8244 - Avery Ranch Far West Ph 1 Sec 3","Real","$453,192","$453,192"
"R441895","R-17-W308-113C-0079-0008","AZIZ, SYED Z & FATEMA BEGUM COTRUSTEES OF AZIZ & BEGUM FMLY RVCBLE TRST 9/16/17","17705 SILENT HARBOR LOOP  PFLUGERVILLE, TX 78660-2267","11004 SHALLOW WATER RD, AUSTIN, TX  78717","S8244 - Avery Ranch Far West Ph 1 Sec 3, BLOCK C, Lot 79","L591503E"," ","S8244 - Avery Ranch Far West Ph 1 Sec 3","Real","$506,781","$506,781"
"R441898","R-17-W308-113C-0082-0008","STEPHANIE REESE TR OF THE STEPHANIE REESE LIVING TRUST","14705 LA LLORONA LN  AUSTIN, TX 78717","14705 LA LLORONA LN, AUSTIN, TX  78717","S8244 - Avery Ranch Far West Ph 1 Sec 3, BLOCK C, Lot 82","L591503E"," ","S8244 - Avery Ranch Far West Ph 1 Sec 3","Real","$429,059","$429,059"
"R441901","R-17-W308-113C-0085-0008","ZHAO, DASHAN & LILI DU","PMB 90347 700 LAVACA STE STE 1400 AUSTIN, TX 78701-3102","14704 LA LLORONA LN, AUSTIN, TX  78717","S8244 - Avery Ranch Far West Ph 1 Sec 3, BLOCK C, Lot 85","L591503E"," ","S8244 - Avery Ranch Far West Ph 1 Sec 3","Real","$479,207","$479,207"
"R441903","R-17-W308-113C-0087-0008","JAN, JAMES J & MAUREEN A","14712 LA LLORONA LN  AUSTIN, TX 78717","14712 LA LLORONA LN, AUSTIN, TX  78717","S8244 - Avery Ranch Far West Ph 1 Sec 3, BLOCK C, Lot 87","L591503E"," ","S8244 - Avery Ranch Far West Ph 1 Sec 3","Real","$564,926","$564,926"
"R441904","R-17-W308-113C-0088-0008","ALLMAN, MELISSA LUCY & JOHN GEORGE","14709 SHALLOW WATER CV  AUSTIN, TX 78717","14709 SHALLOW WATER CV, AUSTIN, TX  78717","S8244 - Avery Ranch Far West Ph 1 Sec 3, BLOCK C, Lot 88","L591503E"," ","S8244 - Avery Ranch Far West Ph 1 Sec 3","Real","$510,097","$510,097"
"R441909","R-17-W308-113C-0093-0008","MA, TIEN JUI & LAN HUA WU","14701 SHALLOW WATER CV AUSTIN, TX 78717-4497","14708 SHALLOW WATER CV, AUSTIN, TX  78717","S8244 - Avery Ranch Far West Ph 1 Sec 3, BLOCK C, Lot 93","L591503E"," ","S8244 - Avery Ranch Far West Ph 1 Sec 3","Real","$506,563","$506,563"
"R441912","R-17-W308-113C-0096-0008","GAMONEDA, JONATHAN J & MARILYN D","11217 SHALLOW WATER RD  AUSTIN, TX 78717","11217 SHALLOW WATER RD, AUSTIN, TX  78717","S8244 - Avery Ranch Far West Ph 1 Sec 3, BLOCK C, Lot 96","L591503E"," ","S8244 - Avery Ranch Far West Ph 1 Sec 3","Real","$427,864","$427,864"
"R441915","R-17-W308-113C-0099-0008","KHAN, MATI U & NILOFART K & FAIZA","5655 COTTONTAIL DR WAUNAKEE, WI 53597-8928","11305 SHALLOW WATER RD, AUSTIN, TX  78717","S8244 - Avery Ranch Far West Ph 1 Sec 3, BLOCK C, Lot 99","L591503E"," ","S8244 - Avery Ranch Far West Ph 1 Sec 3","Real","$467,311","$467,311"
"R441918","R-17-W308-113C-0102-0008","LAMB, MATTHEW V & JENNIFER","11317 SHALLOW WATER RD  AUSTIN, TX 78717","11317 SHALLOW WATER RD, AUSTIN, TX  78717","S8244 - Avery Ranch Far West Ph 1 Sec 3, BLOCK C, Lot 102","L591503E"," ","S8244 - Avery Ranch Far West Ph 1 Sec 3","Real","$514,198","$514,198"
"R441921","R-17-W308-113C-0105-0008","GENERALOV, DENIS A & JOLIE Y","11405 SHALLOW WATER RD  AUSTIN, TX 78717","11405 SHALLOW WATER RD, AUSTIN, TX  78717","S8244 - Avery Ranch Far West Ph 1 Sec 3, BLOCK C, Lot 105","L591503E"," ","S8244 - Avery Ranch Far West Ph 1 Sec 3","Real","$514,198","$514,198"
"R441924","R-17-W308-113C-0108-0008","RUMBARGER, ROBERT B & ANJA MONIKA","14725 STAKED PLAINS LOOP AUSTIN, TX 78717-4558","14725 STAKED PLAINS LOOP, AUSTIN, TX  78717","S8244 - Avery Ranch Far West Ph 1 Sec 3, BLOCK C, Lot 108","L591503E"," ","S8244 - Avery Ranch Far West Ph 1 Sec 3","Real","$604,944","$604,944"
"R441926","R-17-W308-113D-D002-0008","NISHIKAWA, MAKOTO & YOKO","17613 CYPRESS CIR CARSON, CA 90746-7416","14817 MISTLETOE HEIGHTS DR, AUSTIN, TX  78717","S8244 - Avery Ranch Far West Ph 1 Sec 3, BLOCK DD, Lot 2","L591503E"," ","S8244 - Avery Ranch Far West Ph 1 Sec 3","Real","$511,220","$511,220"
"R441932","R-17-W308-113D-D008-0008","ROBINSON, KEATON JAY","11304 SHALLOW WATER RD  AUSTIN, TX 78717-4482","11304 SHALLOW WATER RD, AUSTIN, TX  78717","S8244 - Avery Ranch Far West Ph 1 Sec 3, BLOCK DD, Lot 8","L591503E"," ","S8244 - Avery Ranch Far West Ph 1 Sec 3","Real","$435,282","$435,282"
"R441935","R-17-W308-113D-D011-0008","MOLINAR, LARRY ROBERT & MARY E","11 ROYAL MANOR DR  ODESSA, TX 79765-4800","14812 SLINGSHOT RD, AUSTIN, TX  78717","S8244 - Avery Ranch Far West Ph 1 Sec 3, BLOCK DD, Lot 11","L591503E"," ","S8244 - Avery Ranch Far West Ph 1 Sec 3","Real","$445,243","$445,243"
"R441938","R-17-W308-113D-D014-0008","QI, YANLING & SUHUA WANG","7505 YAUPON DR AUSTIN, TX 78759-6465","11309 LOS COMANCHEROS RD, AUSTIN, TX  78717","S8244 - Avery Ranch Far West Ph 1 Sec 3, BLOCK DD, Lot 14","L591503E"," ","S8244 - Avery Ranch Far West Ph 1 Sec 3","Real","$453,192","$453,192"
"R441941","R-17-W308-113E-E003-0008","MALOUF, JENNIFER & SPENCER FLORES","3351 DEER CREEK LN GLENDALE, CA 91208-1166","14813 SLINGSHOT RD, AUSTIN, TX  78717","S8244 - Avery Ranch Far West Ph 1 Sec 3, BLOCK EE, Lot 3","L591503E"," ","S8244 - Avery Ranch Far West Ph 1 Sec 3","Real","$504,879","$504,879"
"R441944","R-17-W308-113G-G003-0008","MOSS, STEPHEN JON","11208 SHALLOW WATER RD  AUSTIN, TX 78717-4495","11208 SHALLOW WATER RD, AUSTIN, TX  78717","S8244 - Avery Ranch Far West Ph 1 Sec 3, BLOCK GG, Lot 3","L591503E"," ","S8244 - Avery Ranch Far West Ph 1 Sec 3","Real","$406,944","$406,944"
"R441949","R-17-W308-113G-G008-0008","FAROOK, MOHAMMED G & SHAILA HAKIM","1520 HINTERWALD ST LEANDER, TX 78641-4891","11112 SHALLOW WATER RD, AUSTIN, TX  78717","S8244 - Avery Ranch Far West Ph 1 Sec 3, BLOCK GG, Lot 8","L591503E"," ","S8244 - Avery Ranch Far West Ph 1 Sec 3","Real","$428,960","$428,960"
"R441952","R-17-W308-113G-G011-0008","DIN SHAHEEN JAVED (TOD) & JAVED MUNANARUD (TOD)","9413 CASTLE PINES DR  AUSTIN, TX 78717","11100 SHALLOW WATER RD, AUSTIN, TX  78717","S8244 - Avery Ranch Far West Ph 1 Sec 3, BLOCK GG, Lot 11","L591503E"," ","S8244 - Avery Ranch Far West Ph 1 Sec 3","Real","$479,165","$479,165"
"R441955","R-17-W308-113Z-0018-0008","ANGUS, MATTHEW T & SHANNAH R","14800 STAKED PLAINS LOOP  AUSTIN, TX 78717","14800 STAKED PLAINS LOOP, AUSTIN, TX  78717","S8244 - Avery Ranch Far West Ph 1 Sec 3, BLOCK Z, Lot 18","L591503E"," ","S8244 - Avery Ranch Far West Ph 1 Sec 3","Real","$565,287","$565,287"
"R441958","R-17-W308-113Z-0021-0008","COX, RALPH MARVIN (TOD) & MILDRED SUE (TOD)","14812 STAKED PLAINS LOOP  AUSTIN, TX 78717","14812 STAKED PLAINS LOOP, AUSTIN, TX  78717","S8244 - Avery Ranch Far West Ph 1 Sec 3, BLOCK Z, Lot 21","L591503E"," ","S8244 - Avery Ranch Far West Ph 1 Sec 3","Real","$517,347","$517,347"
"R441961","R-17-W308-114B-B005-0008","GEMEI MEL YANG CO-TRS OF THE GYBS FAMILY REVOCABLR TRUST","11228 LOS COMANCHEROS RD  AUSTIN, TX 78717-4492","11228 LOS COMANCHEROS RD, AUSTIN, TX  78717","S8285 - Avery Ranch Far West Ph 1 Sec 4, BLOCK BB, Lot 5","L591503E"," ","S8285 - Avery Ranch Far West Ph 1 Sec 4","Real","$473,112","$473,112"
"R441964","R-17-W308-114B-B008-0008","WONG, MELISA C & BENEDICT C","3023 WOODSIDE MEADOWS RD  PLEASANT HILL, CA 94523-3188","11216 LOS COMANCHEROS RD, AUSTIN, TX  78717","S8285 - Avery Ranch Far West Ph 1 Sec 4, BLOCK BB, Lot 8","L591503E"," ","S8285 - Avery Ranch Far West Ph 1 Sec 4","Real","$440,018","$440,018"
"R441966","R-17-W308-114B-B010-0008","FELICIANO, EDWIN G & ALETTEYA","11208 LOS COMANCHEROS RD AUSTIN, TX 78717-4673","11208 LOS COMANCHEROS RD, AUSTIN, TX  78717","S8285 - Avery Ranch Far West Ph 1 Sec 4, BLOCK BB, Lot 10","L591503E"," ","S8285 - Avery Ranch Far West Ph 1 Sec 4","Real","$446,432","$446,432"
"R441972","R-17-W308-114B-B016-0008","KESKE, DAVID & KRISTINA","11213 DODGE CATTLE DR  AUSTIN, TX 78717","11213 DODGE CATTLE DR, AUSTIN, TX  78717","S8285 - Avery Ranch Far West Ph 1 Sec 4, BLOCK BB, Lot 16","L591503E"," ","S8285 - Avery Ranch Far West Ph 1 Sec 4","Real","$436,182","$436,182"
"R441975","R-17-W308-114B-B019-0008","TONG, STEPHEN WAI YIN & SHUXIA PAN","8201 MENLO PARK  ROUND ROCK, TX 78681","11225 DODGE CATTLE DR, AUSTIN, TX  78717","S8285 - Avery Ranch Far West Ph 1 Sec 4, BLOCK BB, Lot 19","L591503E"," ","S8285 - Avery Ranch Far West Ph 1 Sec 4","Real","$437,520","$437,520"
"R441978","R-17-W308-114B-B022-0008","GIRIN & MANISHA MEHTA REVOCABLE TRUST","11309 DODGE CATTLE DR  AUSTIN, TX 78717-4487","11309 DODGE CATTLE DR, AUSTIN, TX  78717","S8285 - Avery Ranch Far West Ph 1 Sec 4, BLOCK BB, Lot 22","L591503E"," ","S8285 - Avery Ranch Far West Ph 1 Sec 4","Real","$434,981","$434,981"
"R441981","R-17-W308-114C-0003-0008","AVERY RANCH OWNERS ASSOC INC","PO BOX 702348 DALLAS, TX 75370-2348","DODGE CATTLE DR, AUSTIN, TX  78717","S8285 - Avery Ranch Far West Ph 1 Sec 4, BLOCK C, Lot 3 pt, ACRES 0.8928, (OPEN SPACE)","L591503E"," ","S8285 - Avery Ranch Far West Ph 1 Sec 4","Real","$300","$300"
"R441984","R-17-W308-114C-0050-0008","HENNING, BENJAMIN DAVID & HALLEY REYNOLDS","15108 DODGE CATTLE CV  AUSTIN, TX 78717","15108 DODGE CATTLE CV, AUSTIN, TX  78717","S8285 - Avery Ranch Far West Ph 1 Sec 4, BLOCK C, Lot 50","L591503E"," ","S8285 - Avery Ranch Far West Ph 1 Sec 4","Real","$659,334","$659,334"
"R441986","R-17-W308-114C-0052-0008","DRAKE, KENNETH & LESLIE","15109 DODGE CATTLE CV  AUSTIN, TX 78717","15109 DODGE CATTLE CV, AUSTIN, TX  78717","S8285 - Avery Ranch Far West Ph 1 Sec 4, BLOCK C, Lot 52","L591503E"," ","S8285 - Avery Ranch Far West Ph 1 Sec 4","Real","$642,350","$642,350"
"R441989","R-17-W308-114C-0056-0008","CHEN, YAN & CHAOXIN QIU","6222 RIVER PLACE BLVD AUSTIN, TX 78730-1142","10813 DODGE CATTLE DR, AUSTIN, TX  78717","S8285 - Avery Ranch Far West Ph 1 Sec 4, BLOCK C, Lot 56","L591503E"," ","S8285 - Avery Ranch Far West Ph 1 Sec 4","Real","$472,182","$472,182"
"R441995","R-17-W308-114C-0062-0008","URBAN, JONATHAN D & MARY CATHERINE","10909 DODGE CATTLE DR AUSTIN, TX 78717-4499","10909 DODGE CATTLE DR, AUSTIN, TX  78717","S8285 - Avery Ranch Far West Ph 1 Sec 4, BLOCK C, Lot 62","L591503E"," ","S8285 - Avery Ranch Far West Ph 1 Sec 4","Real","$458,665","$458,665"
"R441998","R-17-W308-114C-0065-0008","ELASHRI, ALI SAMEH IBRAHIM","10921 DODGE CATTLE DR  AUSTIN, TX 78717-4499","10921 DODGE CATTLE DR, AUSTIN, TX  78717","S8285 - Avery Ranch Far West Ph 1 Sec 4, BLOCK C, Lot 65","L591503E"," ","S8285 - Avery Ranch Far West Ph 1 Sec 4","Real","$509,481","$509,481"
"R442001","R-17-W308-114C-0068-0008","SCHIEVELBEIN, STEVEN S & ANGELA F","11105 CRAZY WELL DR AUSTIN, TX 78717-4679","11105 CRAZY WELL DR, AUSTIN, TX  78717","S8285 - Avery Ranch Far West Ph 1 Sec 4, BLOCK C, Lot 68","L591503E"," ","S8285 - Avery Ranch Far West Ph 1 Sec 4","Real","$446,432","$446,432"
"R442004","R-17-W308-114C-0071-0008","XU, SHUANG","2333 LOOKOUT RANGE DR  LEANDER, TX 78641","11117 CRAZY WELL DR, AUSTIN, TX  78717","S8285 - Avery Ranch Far West Ph 1 Sec 4, BLOCK C, Lot 71","L591503E"," ","S8285 - Avery Ranch Far West Ph 1 Sec 4","Real","$458,935","$458,935"
"R442006","R-17-W308-114C-0073-0008","KASIVISWANATHAN, VENKITRAMAN &SWAPNA  S N SUBRAMAN IYER","821 AVERY CT  SAN RAMON, CA 94582-5904","14813 LA LLORONA LN, AUSTIN, TX  78717","S8285 - Avery Ranch Far West Ph 1 Sec 4, BLOCK C, Lot 73","L591503E"," ","S8285 - Avery Ranch Far West Ph 1 Sec 4","Real","$514,596","$514,596"
"R442007","R-17-W308-114C-0074-0008","KETTLER, DAVID B JR & MELISSA A","14809 LA LLORONA LN  AUSTIN, TX 78717","14809 LA LLORONA LN, AUSTIN, TX  78717","S8285 - Avery Ranch Far West Ph 1 Sec 4, BLOCK C, Lot 74","L591503E"," ","S8285 - Avery Ranch Far West Ph 1 Sec 4","Real","$454,058","$454,058"
"R442012","R-17-W308-114C-C005-0008","KHANH DINH NGUYEN & LYNN VU REVOCABLE LIVING TRUST","11104 LOS COMANCHEROS RD  AUSTIN, TX 78717-4546","11104 LOS COMANCHEROS RD, AUSTIN, TX  78717","S8285 - Avery Ranch Far West Ph 1 Sec 4, BLOCK CC, Lot 5","L591503E"," ","S8285 - Avery Ranch Far West Ph 1 Sec 4","Real","$477,668","$477,668"
"R442015","R-17-W308-114C-C008-0008","SUJAL VORA & MEGHNA VORA CO TRS OF THE SUMEUGH LIVING TRUST","4939 FORMBY CT  SAN JOSE, CA 95138-2128","11012 LOS COMANCHEROS RD, AUSTIN, TX  78717","S8285 - Avery Ranch Far West Ph 1 Sec 4, BLOCK CC, Lot 8","L591503E"," ","S8285 - Avery Ranch Far West Ph 1 Sec 4","Real","$448,353","$448,353"
"R442018","R-17-W308-114C-C011-0008","ZHU, HAOYI & RUI ZUO","10908 CRAZY WELL DR  AUSTIN, TX 78717-4598","10908 CRAZY WELL DR, AUSTIN, TX  78717","S8285 - Avery Ranch Far West Ph 1 Sec 4, BLOCK CC, Lot 11","L591503E"," ","S8285 - Avery Ranch Far West Ph 1 Sec 4","Real","$509,684","$509,684"
"R442021","R-17-W308-114C-C014-0008","CAZARIAN, STELLA & HORATIO","11009 DODGE CATTLE DR  AUSTIN, TX 78717-4529","11009 DODGE CATTLE DR, AUSTIN, TX  78717","S8285 - Avery Ranch Far West Ph 1 Sec 4, BLOCK CC, Lot 14","L591503E"," ","S8285 - Avery Ranch Far West Ph 1 Sec 4","Real","$446,502","$446,502"
"R442024","R-17-W308-114C-C017-0008","LEVINE, AARON M & LIZA R","11021 DODGE CATTLE DR AUSTIN, TX 78717-4529","11021 DODGE CATTLE DR, AUSTIN, TX  78717","S8285 - Avery Ranch Far West Ph 1 Sec 4, BLOCK CC, Lot 17","L591503E"," ","S8285 - Avery Ranch Far West Ph 1 Sec 4","Real","$449,364","$449,364"
"R442027","R-17-W308-114C-C020-0008","CUTCHER, RALPH H SR & LUCIA M","11109 DODGE CATTLE DR AUSTIN, TX 78717-4542","11109 DODGE CATTLE DR, AUSTIN, TX  78717","S8285 - Avery Ranch Far West Ph 1 Sec 4, BLOCK CC, Lot 20","L591503E"," ","S8285 - Avery Ranch Far West Ph 1 Sec 4","Real","$450,117","$450,117"
"R442032","R-17-W308-114E-E004-0008","SHANG, YUE & YUHANG JIANG","342 102ND AVE  #UNIT 303 BELLEVUE, WA 98004","11224 CRAZY WELL DR, AUSTIN, TX  78717","S8285 - Avery Ranch Far West Ph 1 Sec 4, BLOCK EE, Lot 4","L591503E"," ","S8285 - Avery Ranch Far West Ph 1 Sec 4","Real","$470,876","$470,876"
"R442035","R-17-W308-114E-E007-0008","JEFFREY Y LO & PATTY TRAN TRUSTEES OF THE JETTY TRUST","11212 CRAZY WELL DR  AUSTIN, TX 78717","11212 CRAZY WELL DR, AUSTIN, TX  78717","S8285 - Avery Ranch Far West Ph 1 Sec 4, BLOCK EE, Lot 7","L591503E"," ","S8285 - Avery Ranch Far West Ph 1 Sec 4","Real","$421,804","$421,804"
"R442038","R-17-W308-114E-E010-0008","RAMACHANDRA, HARISH","3906 BLACK GOLD BND  CEDAR PARK, TX 78613-2494","11200 CRAZY WELL DR, AUSTIN, TX  78717","S8285 - Avery Ranch Far West Ph 1 Sec 4, BLOCK EE, Lot 10","L591503E"," ","S8285 - Avery Ranch Far West Ph 1 Sec 4","Real","$425,249","$425,249"
"R442041","R-17-W308-114E-E013-0008","YUK KI MUI & KATY MUI CO-TRS OF THE YUK KI MUI MD INC RETIREMENT TRUST","1811 GRACE AVE  ARCADIA, CA 91006-4631","11209 LOS COMANCHEROS RD, AUSTIN, TX  78717","S8285 - Avery Ranch Far West Ph 1 Sec 4, BLOCK EE, Lot 13","L591503E"," ","S8285 - Avery Ranch Far West Ph 1 Sec 4","Real","$441,259","$441,259"
"R442047","R-17-W308-114F-F002-0008","ZHANG, YIXIN","11 S 12TH ST APT 4129 PHOENIX, AZ 85034-2362","11128 CRAZY WELL DR, AUSTIN, TX  78717","S8285 - Avery Ranch Far West Ph 1 Sec 4, BLOCK FF, Lot 2","L591503E"," ","S8285 - Avery Ranch Far West Ph 1 Sec 4","Real","$432,784","$432,784"
"R442052","R-17-W308-114F-F007-0008","PRASHANT JAIN & ATIKA UMMAT CO-TRUSTEES OF THE BENEVOLENT TRUST","10102 TALLEYRAN DR  AUSTIN, TX 78750","11008 CRAZY WELL DR, AUSTIN, TX  78717","S8285 - Avery Ranch Far West Ph 1 Sec 4, BLOCK FF, Lot 7","L591503E"," ","S8285 - Avery Ranch Far West Ph 1 Sec 4","Real","$507,131","$507,131"
"R442058","R-17-W308-114F-F013-0008","LAD, SANKET MURARI & SWATI JAYWANT BAIKAR","11105 LOS COMANCHEROS RD  AUSTIN, TX 78717","11105 LOS COMANCHEROS RD, AUSTIN, TX  78717","S8285 - Avery Ranch Far West Ph 1 Sec 4, BLOCK FF, Lot 13","L591503E"," ","S8285 - Avery Ranch Far West Ph 1 Sec 4","Real","$452,243","$452,243"
"R442061","R-17-W308-114F-F016-0008","STANLEY INVESTMENT LLC","5327 PECK RD  #UNIT A EL MONTE, CA 91732-1130","11117 LOS COMANCHEROS RD, AUSTIN, TX  78717","S8285 - Avery Ranch Far West Ph 1 Sec 4, BLOCK FF, Lot 16","L591503E"," ","S8285 - Avery Ranch Far West Ph 1 Sec 4","Real","$514,596","$514,596"
"R442064","R-17-W308-114G-G014-0008","LU, XIAOMIN & DALING XU","3213 SUMMER CANYON DR AUSTIN, TX 78732-1906","11209 CRAZY WELL DR, AUSTIN, TX  78717","S8285 - Avery Ranch Far West Ph 1 Sec 4, BLOCK GG, Lot 14","L591503E"," ","S8285 - Avery Ranch Far West Ph 1 Sec 4","Real","$439,948","$439,948"
"R442067","R-17-W308-114G-G017-0008","YANG, JUNQI","11221 CRAZY WELL DR  AUSTIN, TX 78717","11221 CRAZY WELL DR, AUSTIN, TX  78717","S8285 - Avery Ranch Far West Ph 1 Sec 4, BLOCK GG, Lot 17","L591503E"," ","S8285 - Avery Ranch Far West Ph 1 Sec 4","Real","$510,838","$510,838"
"R442070","R-17-W308-114G-G020-0008","NAGA, PRAVEEN NEPPALLI","400 JACARANDA DR FREMONT, CA 94539-3896","11233 CRAZY WELL DR, AUSTIN, TX  78717","S8285 - Avery Ranch Far West Ph 1 Sec 4, BLOCK GG, Lot 20","L591503E"," ","S8285 - Avery Ranch Far West Ph 1 Sec 4","Real","$430,671","$430,671"
"R455437","R-17-W311-800A-0004-0008","CROW, PAULA","22 TEMELEC CIR  SONOMA, CA 95476-8046","10724 CASITAS DR, AUSTIN, TX  78717","S8794 - CASITAS AT AVERY RANCH(SECOND AMENDED PLAT), BLOCK A, Lot 4","L591503E"," ","S8794 - CASITAS AT AVERY RANCH(SECOND AMENDED PLAT)","Real","$495,908","$495,908"
"R455440","R-17-W311-800A-0007-0008","REY, FERNANDO (LE) & BEATRIZ C (LE)","10800 CASITAS DR  AUSTIN, TX 78717-3873","10800 CASITAS DR, AUSTIN, TX  78717","S8794 - CASITAS AT AVERY RANCH(SECOND AMENDED PLAT), BLOCK A, Lot 7","L591503E"," ","S8794 - CASITAS AT AVERY RANCH(SECOND AMENDED PLAT)","Real","$483,491","$483,491"
"R455443","R-17-W311-800A-0010-0008","MANSOURI, IMAN & NADIA MOHAMMAD MIRZAI","10812 CASITAS DR  AUSTIN, TX 78717","10812 CASITAS DR, AUSTIN, TX  78717","S8794 - CASITAS AT AVERY RANCH(SECOND AMENDED PLAT), BLOCK A, Lot 10","L591503E"," ","S8794 - CASITAS AT AVERY RANCH(SECOND AMENDED PLAT)","Real","$630,212","$630,212"
"R455446","R-17-W311-800A-0013-0008","YE, PING (TOD) & HONGQIN SONG (TOD)","8732 WAFER ASH WAY  AUSTIN, TX 78750","10824 CASITAS DR, AUSTIN, TX  78717","S8794 - CASITAS AT AVERY RANCH(SECOND AMENDED PLAT), BLOCK A, Lot 13","L591503E"," ","S8794 - CASITAS AT AVERY RANCH(SECOND AMENDED PLAT)","Real","$488,771","$488,771"
"R455451","R-17-W311-800A-0018-0008","FANG, IRENE GUOZHENG (TOD)","10912 CASITAS DR  AUSTIN, TX 78717","10912 CASITAS DR, AUSTIN, TX  78717","S8794 - CASITAS AT AVERY RANCH(SECOND AMENDED PLAT), BLOCK A, Lot 18","L591503E"," ","S8794 - CASITAS AT AVERY RANCH(SECOND AMENDED PLAT)","Real","$485,970","$485,970"
"R455454","R-17-W311-800A-0021-0008","CEYLAN, SANVER & ZEHRA","10924 CASITAS DR AUSTIN, TX 78717-3874","10924 CASITAS DR, AUSTIN, TX  78717","S8794 - CASITAS AT AVERY RANCH(SECOND AMENDED PLAT), BLOCK A, Lot 21","L591503E"," ","S8794 - CASITAS AT AVERY RANCH(SECOND AMENDED PLAT)","Real","$628,016","$628,016"
"R455457","R-17-W311-800A-0024-0008","Unknown","Unknown","10936 CASITAS DR, AUSTIN, TX  78717","S8794 - CASITAS AT AVERY RANCH(SECOND AMENDED PLAT), BLOCK A, Lot 24","L591503E"," ","S8794 - CASITAS AT AVERY RANCH(SECOND AMENDED PLAT)","Real","$473,325","$473,325"
"R455460","R-17-W311-800A-0027-0008","AVERY RANCH OWNERS ASSOC INC","PO BOX 702348 DALLAS, TX 75370-2348","10944 CASITAS DR, AUSTIN, TX  78717","S8794 - CASITAS AT AVERY RANCH(SECOND AMENDED PLAT), BLOCK A, Lot 27, ACRES 0.11, (ACCESS EASEMENT)","L591503E"," ","S8794 - CASITAS AT AVERY RANCH(SECOND AMENDED PLAT)","Real","$300","$300"
"R455463","R-17-W311-800A-0030-0008","CAPPOLINO, DAVID W (TOD) & KAREN (TOD)","11008 CASITAS DR  AUSTIN, TX 78717-3875","11008 CASITAS DR, AUSTIN, TX  78717","S8794 - CASITAS AT AVERY RANCH(SECOND AMENDED PLAT), BLOCK A, Lot 30","L591503E"," ","S8794 - CASITAS AT AVERY RANCH(SECOND AMENDED PLAT)","Real","$471,370","$471,370"
"R455466","R-17-W311-800A-0033-0008","RAJASEKAR, ARUNKUMAR","11020 CASITAS DR  AUSTIN, TX 78717","11020 CASITAS DR, AUSTIN, TX  78717","S8794 - CASITAS AT AVERY RANCH(SECOND AMENDED PLAT), BLOCK A, Lot 33","L591503E"," ","S8794 - CASITAS AT AVERY RANCH(SECOND AMENDED PLAT)","Real","$654,457","$654,457"
"R455474","R-17-W311-800A-0041-0008","TORRES, SON CHU & JI MAN KWAK","11120 CASITAS DR  AUSTIN, TX 78717","11120 CASITAS DR, AUSTIN, TX  78717","S8794 - CASITAS AT AVERY RANCH(SECOND AMENDED PLAT), BLOCK A, Lot 41","L591503E"," ","S8794 - CASITAS AT AVERY RANCH(SECOND AMENDED PLAT)","Real","$625,610","$625,610"
"R455477","R-17-W311-800B-0001-0008","AVERY RANCH OWNERS ASSOCIATION INC","9601 AMBERGLEN BLVD  #STE 150 AUSTIN, TX 78729","CASITAS DR, AUSTIN, TX  78717","S8794 - CASITAS AT AVERY RANCH(SECOND AMENDED PLAT), BLOCK B, Lot 1, ACRES 0.07, (OPEN SPACE)","L591503E"," ","S8794 - CASITAS AT AVERY RANCH(SECOND AMENDED PLAT)","Real","$300","$300"
"R455480","R-17-W311-800B-0004-0008","SALEMAN, BETTY J","10713 CASITAS DR  AUSTIN, TX 78717","10713 CASITAS DR, AUSTIN, TX  78717","S8794 - CASITAS AT AVERY RANCH(SECOND AMENDED PLAT), BLOCK B, Lot 4","L591503E"," ","S8794 - CASITAS AT AVERY RANCH(SECOND AMENDED PLAT)","Real","$467,279","$467,279"
"R455483","R-17-W311-800B-0007-0008","SANTOLUCITO, SALVADOR & BELINDA","3201 ELM RIDGE DR  LEANDER, TX 78641","10725 CASITAS DR, AUSTIN, TX  78717","S8794 - CASITAS AT AVERY RANCH(SECOND AMENDED PLAT), BLOCK B, Lot 7","L591503E"," ","S8794 - CASITAS AT AVERY RANCH(SECOND AMENDED PLAT)","Real","$441,282","$441,282"
"R455486","R-17-W311-800B-0010-0008","SIU, AUSTIN","10801 CASITAS DR  AUSTIN, TX 78717","10801 CASITAS DR, AUSTIN, TX  78717","S8794 - CASITAS AT AVERY RANCH(SECOND AMENDED PLAT), BLOCK B, Lot 10","L591503E"," ","S8794 - CASITAS AT AVERY RANCH(SECOND AMENDED PLAT)","Real","$451,981","$451,981"
"R455488","R-17-W311-800B-0012-0008","KOO, IRWIN T","10809 CASITAS DR  AUSTIN, TX 78717","10809 CASITAS DR, AUSTIN, TX  78717","S8794 - CASITAS AT AVERY RANCH(SECOND AMENDED PLAT), BLOCK B, Lot 12","L591503E"," ","S8794 - CASITAS AT AVERY RANCH(SECOND AMENDED PLAT)","Real","$445,930","$445,930"
"R455494","R-17-W311-800B-0018-0008","JOHNSTON, JENNIFER & MARK","10833 CASITAS DR AUSTIN, TX 78717-3873","10833 CASITAS DR, AUSTIN, TX  78717","S8794 - CASITAS AT AVERY RANCH(SECOND AMENDED PLAT), BLOCK B, Lot 18","L591503E"," ","S8794 - CASITAS AT AVERY RANCH(SECOND AMENDED PLAT)","Real","$605,899","$605,899"
"R455497","R-17-W311-800B-0021-0008","FOSTER, SUSAN M (TOD)","10909 CASITAS DR  AUSTIN, TX 78717","10909 CASITAS DR, AUSTIN, TX  78717","S8794 - CASITAS AT AVERY RANCH(SECOND AMENDED PLAT), BLOCK B, Lot 21","L591503E"," ","S8794 - CASITAS AT AVERY RANCH(SECOND AMENDED PLAT)","Real","$459,980","$459,980"
"R455500","R-17-W311-800B-0024-0008","TRAN, VINH & HANH THI DIEU HOANG","10921 CASITAS DR  AUSTIN, TX 78717","10921 CASITAS DR, AUSTIN, TX  78717","S8794 - CASITAS AT AVERY RANCH(SECOND AMENDED PLAT), BLOCK B, Lot 24","L591503E"," ","S8794 - CASITAS AT AVERY RANCH(SECOND AMENDED PLAT)","Real","$456,587","$456,587"
"R455503","R-17-W311-800B-0027-0008","CHEN, CHIA-LIN","10600 ROY BUTLER DR AUSTIN, TX 78717-3906","10937 CASITAS DR, AUSTIN, TX  78717","S8794 - CASITAS AT AVERY RANCH(SECOND AMENDED PLAT), BLOCK B, Lot 27","L591503E"," ","S8794 - CASITAS AT AVERY RANCH(SECOND AMENDED PLAT)","Real","$442,362","$442,362"
"R455506","R-17-W311-800B-0030-0008","KIM, JUNGHEON & KAYLA SEOUNGEUN","11009 CASITAS DR  AUSTIN, TX 78717","11009 CASITAS DR, AUSTIN, TX  78717","S8794 - CASITAS AT AVERY RANCH(SECOND AMENDED PLAT), BLOCK B, Lot 30","L591503E"," ","S8794 - CASITAS AT AVERY RANCH(SECOND AMENDED PLAT)","Real","$453,842","$453,842"
"R455509","R-17-W311-800B-0033-0008","LE, KEVIN (TOD)","100 TERRY LN  LEANDER, TX 78641-8486","11021 CASITAS DR, AUSTIN, TX  78717","S8794 - CASITAS AT AVERY RANCH(SECOND AMENDED PLAT), BLOCK B, Lot 33","L591503E"," ","S8794 - CASITAS AT AVERY RANCH(SECOND AMENDED PLAT)","Real","$462,247","$462,247"
"R455511","R-17-W311-800B-0035-0008","TSANG, ALBERT CHIU HANG & LIU MIN TRUSTEES OF TSANG LIU FAMILY TRUST","1408 BELLINGHAM WAY  SUNNYVALE, CA 94087","11101 CASITAS DR, AUSTIN, TX  78717","S8794 - CASITAS AT AVERY RANCH(SECOND AMENDED PLAT), BLOCK B, Lot 35","L591503E"," ","S8794 - CASITAS AT AVERY RANCH(SECOND AMENDED PLAT)","Real","$624,997","$624,997"
"R465584","R-17-W308-116C-0004-0008","AVERY RANCH OWNERS ASSOCIATION INC","9601 AMBERGLEN BLVD  #STE 150 AUSTIN, TX 78729","SPRINGS HEAD LOOP, AUSTIN, TX  78717","S8860 - AVERY RANCH FAR WEST PH 1 SEC 6, BLOCK C, Lot 4, ACRES 3.66, (DETENTION POND)","L591503E"," ","S8860 - AVERY RANCH FAR WEST PH 1 SEC 6","Real","$1,098","$1,098"
"R465587","R-17-W308-116C-0022-0008","HADDAD, MAHDI & FAYE WANG","11717 SPRINGS HEAD LOOP  AUSTIN, TX 78717","11717 SPRINGS HEAD LOOP, AUSTIN, TX  78717","S8860 - AVERY RANCH FAR WEST PH 1 SEC 6, BLOCK C, Lot 22","L591503E"," ","S8860 - AVERY RANCH FAR WEST PH 1 SEC 6","Real","$530,607","$530,607"
"R465592","R-17-W308-116C-0027-0008","GREEN, KELLY PATRICK & JOY","11801 SPRINGS HEAD LOOP AUSTIN, TX 78717-4418","11801 SPRINGS HEAD LOOP, AUSTIN, TX  78717","S8860 - AVERY RANCH FAR WEST PH 1 SEC 6, BLOCK C, Lot 27","L591503E"," ","S8860 - AVERY RANCH FAR WEST PH 1 SEC 6","Real","$544,883","$544,883"
"R465595","R-17-W308-116C-0030-0008","WHITLEY, TRAVIS DOSTER","11821 SPRINGS HEAD LOOP  AUSTIN, TX 78717","11821 SPRINGS HEAD LOOP, AUSTIN, TX  78717","S8860 - AVERY RANCH FAR WEST PH 1 SEC 6, BLOCK C, Lot 30","L591503E"," ","S8860 - AVERY RANCH FAR WEST PH 1 SEC 6","Real","$515,019","$515,019"
"R465598","R-17-W308-116C-0033-0008","HASSAN, AHMAD","12009 SPRINGS HEAD LOOP  AUSTIN, TX 78717","12009 SPRINGS HEAD LOOP, AUSTIN, TX  78717","S8860 - AVERY RANCH FAR WEST PH 1 SEC 6, BLOCK C, Lot 33","L591503E"," ","S8860 - AVERY RANCH FAR WEST PH 1 SEC 6","Real","$511,666","$511,666"
"R465601","R-17-W308-116C-0036-0008","ENGLISHBY, CATHERINE H","12021 SPRINGS HEAD LOOP  AUSTIN, TX 78717","12021 SPRINGS HEAD LOOP, AUSTIN, TX  78717","S8860 - AVERY RANCH FAR WEST PH 1 SEC 6, BLOCK C, Lot 36","L591503E"," ","S8860 - AVERY RANCH FAR WEST PH 1 SEC 6","Real","$470,665","$470,665"
"R465604","R-17-W308-116C-0039-0008","TRRPABAEEK LLC ABB SH SERIES","10917 ROY BUTLER  AUSTIN, TX 78717","12033 SPRINGS HEAD LOOP, AUSTIN, TX  78717","S8860 - AVERY RANCH FAR WEST PH 1 SEC 6, BLOCK C, Lot 39","L591503E"," ","S8860 - AVERY RANCH FAR WEST PH 1 SEC 6","Real","$456,004","$456,004"
"R465607","R-17-W308-116C-0042-0008","PANTAZOPOULOS, EUTHEMIOS C & MAYRA M","4411 HENNIG DR  AUSTIN, TX 78738-1627","12045 SPRINGS HEAD LOOP, AUSTIN, TX  78717","S8860 - AVERY RANCH FAR WEST PH 1 SEC 6, BLOCK C, Lot 42","L591503E"," ","S8860 - AVERY RANCH FAR WEST PH 1 SEC 6","Real","$436,304","$436,304"
"R465610","R-17-W308-116X-0011-0008","VALENCIA, GILBERTO OCHOA","11832 SPRINGS HEAD LOOP  AUSTIN, TX 78717","11832 SPRINGS HEAD LOOP, AUSTIN, TX  78717","S8860 - AVERY RANCH FAR WEST PH 1 SEC 6, BLOCK X, Lot 11","L591503E"," ","S8860 - AVERY RANCH FAR WEST PH 1 SEC 6","Real","$455,058","$455,058"
"R465612","R-17-W308-116X-0013-0008","HINDERER, BETTY K","11824 SPRINGS HEAD LOOP AUSTIN, TX 78717-4418","11824 SPRINGS HEAD LOOP, AUSTIN, TX  78717","S8860 - AVERY RANCH FAR WEST PH 1 SEC 6, BLOCK X, Lot 13","L591503E"," ","S8860 - AVERY RANCH FAR WEST PH 1 SEC 6","Real","$428,067","$428,067"
"R465613","R-17-W308-116X-0014-0008","LI, PENG","4470 W SUNSET BLVD STE 107 PMB 93172 LOS ANGELES, CA 90027-6309","11820 SPRINGS HEAD LOOP, AUSTIN, TX  78717","S8860 - AVERY RANCH FAR WEST PH 1 SEC 6, BLOCK X, Lot 14","L591503E"," ","S8860 - AVERY RANCH FAR WEST PH 1 SEC 6","Real","$499,501","$499,501"
"R465621","R-17-W308-116Y-0004-0008","SONG, JIONGJIONG & CHUNXIAO YE","11925 PALISADES PKWY  AUSTIN, TX 78732","15009 STAKED PLAINS LOOP, AUSTIN, TX  78717","S8860 - AVERY RANCH FAR WEST PH 1 SEC 6, BLOCK Y, Lot 4","L591503E"," ","S8860 - AVERY RANCH FAR WEST PH 1 SEC 6","Real","$502,918","$502,918"
"R465624","R-17-W308-116Y-0007-0008","ASBAS FAMILY TRUST","508 RILEY TRL  CEDAR PARK, TX 78613","12036 SPRINGS HEAD LOOP, AUSTIN, TX  78717","S8860 - AVERY RANCH FAR WEST PH 1 SEC 6, BLOCK Y, Lot 7","L591503E"," ","S8860 - AVERY RANCH FAR WEST PH 1 SEC 6","Real","$429,454","$429,454"
"R465627","R-17-W308-116Y-0010-0008","REHL, GLENN","7983 E BAUER RD  ANAHEIM, CA 92808-2204","12012 SPRINGS HEAD LOOP, AUSTIN, TX  78717","S8860 - AVERY RANCH FAR WEST PH 1 SEC 6, BLOCK Y, Lot 10","L591503E"," ","S8860 - AVERY RANCH FAR WEST PH 1 SEC 6","Real","$436,107","$436,107"
"R465630","R-17-W308-116Y-0013-0008","FOMENKO, LORI & AMIR ERFANIAN","11912 SPRINGS HEAD LOOP  AUSTIN, TX 78717-4674","11912 SPRINGS HEAD LOOP, AUSTIN, TX  78717","S8860 - AVERY RANCH FAR WEST PH 1 SEC 6, BLOCK Y, Lot 13","L591503E"," ","S8860 - AVERY RANCH FAR WEST PH 1 SEC 6","Real","$456,063","$456,063"
"R465635","R-17-W308-116Z-0026-0008","NAGATOMI, NAKAHIRO & PRO-TING HUANG","14916 STAKED PLAINS LOOP  AUSTIN, TX 78717","14916 STAKED PLAINS LOOP, AUSTIN, TX  78717","S8860 - AVERY RANCH FAR WEST PH 1 SEC 6, BLOCK Z, Lot 26","L591503E"," ","S8860 - AVERY RANCH FAR WEST PH 1 SEC 6","Real","$475,577","$475,577"
"R465638","R-17-W308-116Z-0029-0008","XU, KE & LIQING ZHOU","23090 SE 52ND ST  ISSAQUAH, WA 98029","15000 STAKED PLAINS LOOP, AUSTIN, TX  78717","S8860 - AVERY RANCH FAR WEST PH 1 SEC 6, BLOCK Z, Lot 29","L591503E"," ","S8860 - AVERY RANCH FAR WEST PH 1 SEC 6","Real","$431,502","$431,502"
"R465641","R-17-W308-116X-0020-0008","REN, HAOXING","9520 INDINA HILLS DR  AUSTIN, TX 78717","11712 SPRINGS HEAD LOOP, AUSTIN, TX  78717","S8860 - AVERY RANCH FAR WEST PH 1 SEC 6, BLOCK X, Lot 20","L591503E"," ","S8860 - AVERY RANCH FAR WEST PH 1 SEC 6","Real","$429,934","$429,934"
"R465996","R-17-W308-115H-0005-0008","SNYDER, VICKY","14516 HOMESTEAD VILLAGE CIR  AUSTIN, TX 78717","14516 HOMESTEAD VILLAGE CIR, AUSTIN, TX  78717","S8768 - AVERY RANCH FAR WEST PH 1 SEC 5, BLOCK H, Lot 5","L591503E"," ","S8768 - AVERY RANCH FAR WEST PH 1 SEC 5","Real","$590,621","$590,621"
"R465999","R-17-W308-115H-0008-0008","SCHLESINGER, ROTEM & DROR","11512 GOLD CAVE DR  AUSTIN, TX 78717","11512 GOLD CAVE DR, AUSTIN, TX  78717","S8768 - AVERY RANCH FAR WEST PH 1 SEC 5, BLOCK H, Lot 8","L591503E"," ","S8768 - AVERY RANCH FAR WEST PH 1 SEC 5","Real","$480,742","$480,742"
"R466002","R-17-W308-115L-0001-0008","SUNDARARAJAN, SANJAY & DIVYA RAGHUNATHAN","11413 LEMUEL LN  AUSTIN, TX 78717","11413 LEMUEL LN, AUSTIN, TX  78717","S8768 - AVERY RANCH FAR WEST PH 1 SEC 5, BLOCK L, Lot 1","L591503E"," ","S8768 - AVERY RANCH FAR WEST PH 1 SEC 5","Real","$516,251","$516,251"
"R466005","R-17-W308-115L-0004-0008","CORNETT, SPENSER A","14308 ROUNTREE RANCH LN  AUSTIN, TX 78717","14308 ROUNTREE RANCH LN, AUSTIN, TX  78717","S8768 - AVERY RANCH FAR WEST PH 1 SEC 5, BLOCK L, Lot 4","L591503E"," ","S8768 - AVERY RANCH FAR WEST PH 1 SEC 5","Real","$447,449","$447,449"
"R466007","R-17-W308-115L-0006-0008","AVERY RANCH OWNERS ASSOCIATION INC","PO BOX 702348 DALLAS, TX 75370-2348","11400 DOG LEG DR, AUSTIN, TX  78717","S8768 - AVERY RANCH FAR WEST PH 1 SEC 5, BLOCK L, Lot 6","L591503E"," ","S8768 - AVERY RANCH FAR WEST PH 1 SEC 5","Real","$106,000","$106,000"
"R466008","R-17-W308-115L-0007-0008","ALANIS, HECTOR & ROSA","11404 DOG LEG DR  AUSTIN, TX 78717","11404 DOG LEG DR, AUSTIN, TX  78717","S8768 - AVERY RANCH FAR WEST PH 1 SEC 5, BLOCK L, Lot 7","L591503E"," ","S8768 - AVERY RANCH FAR WEST PH 1 SEC 5","Real","$476,629","$476,629"
"R466013","R-17-W308-115L-0012-0008","ROY, AMBALIKA & SUMON SAMANTA","14325 STAKED PLAINS LOOP  AUSTIN, TX 78717","14325 STAKED PLAINS LOOP, AUSTIN, TX  78717","S8768 - AVERY RANCH FAR WEST PH 1 SEC 5, BLOCK L, Lot 12","L591503E"," ","S8768 - AVERY RANCH FAR WEST PH 1 SEC 5","Real","$471,208","$471,208"
"R466016","R-17-W308-115M-0010-0008","PITTMAN, GARY, Jr","14417 STAKED PLAINS LOOP  AUSTIN, TX 78717","14417 STAKED PLAINS LOOP, AUSTIN, TX  78717","S8768 - AVERY RANCH FAR WEST PH 1 SEC 5, BLOCK M, Lot 10","L591503E"," ","S8768 - AVERY RANCH FAR WEST PH 1 SEC 5","Real","$434,747","$434,747"
"R466019","R-17-W308-115M-0013-0008","WOOD, KATHERINE","11417 DOG LEG DR AUSTIN, TX 78717-4800","11417 DOG LEG DR, AUSTIN, TX  78717","S8768 - AVERY RANCH FAR WEST PH 1 SEC 5, BLOCK M, Lot 13","L591503E"," ","S8768 - AVERY RANCH FAR WEST PH 1 SEC 5","Real","$430,168","$430,168"
"R466022","R-17-W308-115M-0016-0008","STRATTON, ERIC N & JENNIFER L","11405 DOG LEG DR AUSTIN, TX 78717-4800","11405 DOG LEG DR, AUSTIN, TX  78717","S8768 - AVERY RANCH FAR WEST PH 1 SEC 5, BLOCK M, Lot 16","L591503E"," ","S8768 - AVERY RANCH FAR WEST PH 1 SEC 5","Real","$452,307","$452,307"
"R466028","R-17-W308-115M-0022-0008","QUN ZHAO & SAMUEL XIA AS TRUSTEES OF QUN ZHAO & SAMUEL XIA LIVING TRUST","9924 NOCTURNE CV AUSTIN, TX 78750","14409 ROUNTREE RANCH LN, AUSTIN, TX  78717","S8768 - AVERY RANCH FAR WEST PH 1 SEC 5, BLOCK M, Lot 22","L591503E"," ","S8768 - AVERY RANCH FAR WEST PH 1 SEC 5","Real","$437,086","$437,086"
"R466030","R-17-W308-115M-0024-0008","WHEELER, DON ALLEN","14401 ROUNTREE RANCH LN  AUSTIN, TX 78717","14401 ROUNTREE RANCH LN, AUSTIN, TX  78717","S8768 - AVERY RANCH FAR WEST PH 1 SEC 5, BLOCK M, Lot 24","L591503E"," ","S8768 - AVERY RANCH FAR WEST PH 1 SEC 5","Real","$450,213","$450,213"
"R466033","R-17-W308-115M-0027-0008","DIKER, FERRUH","14313 ROUNTREE RANCH LN  AUSTIN, TX 78717","14313 ROUNTREE RANCH LN, AUSTIN, TX  78717","S8768 - AVERY RANCH FAR WEST PH 1 SEC 5, BLOCK M, Lot 27","L591503E"," ","S8768 - AVERY RANCH FAR WEST PH 1 SEC 5","Real","$423,762","$423,762"
"R466036","R-17-W308-115M-0030-0008","DESAI, CHAITANYA & DEEPA","716 PAPER DAISY PATH  LEANDER, TX 78641-3596","14301 ROUNTREE RANCH LN, AUSTIN, TX  78717","S8768 - AVERY RANCH FAR WEST PH 1 SEC 5, BLOCK M, Lot 30","L591503E"," ","S8768 - AVERY RANCH FAR WEST PH 1 SEC 5","Real","$450,213","$450,213"
"R466039","R-17-W308-115M-0033-0008","FAKHAR, AMIR HOSSEIN & FERESHTEH GHODSI","14209 ROUNTREE RANCH LN  AUSTIN, TX 78717","14209 ROUNTREE RANCH LN, AUSTIN, TX  78717","S8768 - AVERY RANCH FAR WEST PH 1 SEC 5, BLOCK M, Lot 33","L591503E"," ","S8768 - AVERY RANCH FAR WEST PH 1 SEC 5","Real","$453,399","$453,399"
"R466042","R-17-W308-115N-0001-0008","AVERY RANCH OWNERS ASSOCIATION INC","PO BOX 702348 DALLAS, TX 75370-2348","14200 ROUNTREE RANCH LN, AUSTIN, TX  78717","S8768 - AVERY RANCH FAR WEST PH 1 SEC 5, BLOCK N, Lot 1, ACRES 0.273, (OPEN SPACE)","L591503E"," ","S8768 - AVERY RANCH FAR WEST PH 1 SEC 5","Real","$300","$300"
"R466045","R-17-W308-115N-0004-0008","ZHANG, ZHEN","3121 RIPPLING CREEK CT  AUSTIN, TX 78732-1951","14212 ROUNTREE RANCH LN, AUSTIN, TX  78717","S8768 - AVERY RANCH FAR WEST PH 1 SEC 5, BLOCK N, Lot 4","L591503E"," ","S8768 - AVERY RANCH FAR WEST PH 1 SEC 5","Real","$470,080","$470,080"
"R466048","R-17-W308-115N-0007-0008","SAURANGSHU CHAKRABARTHY & ADITI CHAKRABARTHY CO TR CHAKRABARTHY LIV TRUST","11412 LEMUEL LN  AUSTIN, TX 78717","11412 LEMUEL LN, AUSTIN, TX  78717","S8768 - AVERY RANCH FAR WEST PH 1 SEC 5, BLOCK N, Lot 7","L591503E"," ","S8768 - AVERY RANCH FAR WEST PH 1 SEC 5","Real","$509,923","$509,923"
"R466053","R-17-W308-115N-0012-0008","COPELAND, CHRISTOPHER S & MEREDITH","14412 HOMESTEAD VILLAGE CIR AUSTIN, TX 78717-4792","14412 HOMESTEAD VILLAGE CIR, AUSTIN, TX  78717","S8768 - AVERY RANCH FAR WEST PH 1 SEC 5, BLOCK N, Lot 12","L591503E"," ","S8768 - AVERY RANCH FAR WEST PH 1 SEC 5","Real","$632,972","$632,972"
"R466056","R-17-W308-115P-0003-0008","HAGOOD, LYNN R & ANDREW B","14404 STAKED PLAINS LOOP  AUSTIN, TX 78717","14404 STAKED PLAINS LOOP, AUSTIN, TX  78717","S9167 - AVERY RANCH FAR WEST PH 1 SEC 5 (BLK P LTS 1-4 AMD), BLOCK P, Lot 3","L591503E"," ","S9167 - AVERY RANCH FAR WEST PH 1 SEC 5 (BLK P LTS 1-4 AMD)","Real","$506,119","$506,119"
"R466059","R-17-W308-115P-0006-0008","EVANS, RAMONA D (TOD) to REBECCA EVANS, AUSTIN CHARLTON","14416 STAKED PLAINS LOOP  AUSTIN, TX 78717-4461","14416 STAKED PLAINS LOOP, AUSTIN, TX  78717","S8768 - AVERY RANCH FAR WEST PH 1 SEC 5, BLOCK P, Lot 6","L591503E"," ","S8768 - AVERY RANCH FAR WEST PH 1 SEC 5","Real","$506,477","$506,477"
"R466062","R-17-W308-115Q-0002-0008","CAHOON, COLLIN RYAN & JIYOUNG LEE","14308 HOMESTEAD VILLAGE CIR  AUSTIN, TX 78717-4699","14308 HOMESTEAD VILLAGE CIR, AUSTIN, TX  78717","S8768 - AVERY RANCH FAR WEST PH 1 SEC 5, BLOCK Q, Lot 2","L591503E"," ","S8768 - AVERY RANCH FAR WEST PH 1 SEC 5","Real","$629,267","$629,267"
"R466065","R-17-W308-115Q-0005-0008","DAVIS, MERRILL C & MAUREEN T","14320 HOMESTEAD VILLAGE CIR AUSTIN, TX 78717-4699","14320 HOMESTEAD VILLAGE CIR, AUSTIN, TX  78717","S8768 - AVERY RANCH FAR WEST PH 1 SEC 5, BLOCK Q, Lot 5","L591503E"," ","S8768 - AVERY RANCH FAR WEST PH 1 SEC 5","Real","$516,224","$516,224"
"R466068","R-17-W308-115Q-0008-0008","AN, RAN & ASHLEY","14320 STAKED PLAINS LOOP  AUSTIN, TX 78717","14320 STAKED PLAINS LOOP, AUSTIN, TX  78717","S8768 - AVERY RANCH FAR WEST PH 1 SEC 5, BLOCK Q, Lot 8","L591503E"," ","S8768 - AVERY RANCH FAR WEST PH 1 SEC 5","Real","$482,832","$482,832"
"R466070","R-17-W308-115Q-0010-0008","WONG, SAM","11516 MCDOWS HOLE LN  AUSTIN, TX 78717","11512 MC DOWS HOLE LN, AUSTIN, TX  78717","S8768 - AVERY RANCH FAR WEST PH 1 SEC 5, BLOCK Q, Lot 10","L591503E"," ","S8768 - AVERY RANCH FAR WEST PH 1 SEC 5","Real","$434,771","$434,771"
"R466071","R-17-W308-115Q-0011-0008","WONG, SAM","11516 MCDOWS HOLE LN  AUSTIN, TX 78717","11516 MC DOWS HOLE LN, AUSTIN, TX  78717","S8768 - AVERY RANCH FAR WEST PH 1 SEC 5, BLOCK Q, Lot 11","L591503E"," ","S8768 - AVERY RANCH FAR WEST PH 1 SEC 5","Real","$503,561","$503,561"
"R466073","R-17-W308-115Q-0013-0008","SUNDOJA, SAMAR & POOJA GUPTA","3600 ASPEN LEAF  ROUND ROCK, TX 78681","11600 MC DOWS HOLE LN, AUSTIN, TX  78717","S8768 - AVERY RANCH FAR WEST PH 1 SEC 5, BLOCK Q, Lot 13","L591503E"," ","S8768 - AVERY RANCH FAR WEST PH 1 SEC 5","Real","$453,853","$453,853"
"R466076","R-17-W308-115Q-0016-0008","HASENBEIN, JOHN J & CLAUDIA C BARCENAS CARDENAS","9300 SAN LUCAS AUSTIN, TX 78737-1228","11612 MC DOWS HOLE LN, AUSTIN, TX  78717","S8768 - AVERY RANCH FAR WEST PH 1 SEC 5, BLOCK Q, Lot 16","L591503E"," ","S8768 - AVERY RANCH FAR WEST PH 1 SEC 5","Real","$465,443","$465,443"
"R466079","R-17-W308-115Q-0019-0008","BECKMAN, DIANE","125 CLIFFORD ST # 526 PROVIDENCE, RI 02903-4207","15320 STAKED PLAINS LOOP, AUSTIN, TX  78717","S8768 - AVERY RANCH FAR WEST PH 1 SEC 5, BLOCK Q, Lot 19","L591503E"," ","S8768 - AVERY RANCH FAR WEST PH 1 SEC 5","Real","$472,958","$472,958"
"R466082","R-17-W308-115Q-0022-0008","YANG, JAE JIN & JEONGSUN LEE","11509 GOLD CAVE DR  AUSTIN, TX 78717","11509 GOLD CAVE DR, AUSTIN, TX  78717","S8768 - AVERY RANCH FAR WEST PH 1 SEC 5, BLOCK Q, Lot 22","L591503E"," ","S8768 - AVERY RANCH FAR WEST PH 1 SEC 5","Real","$419,867","$419,867"
"R466085","R-17-W308-115R-0002-0008","IRIARTE, CARMEN R","11613 MCDOWS HOLE LN AUSTIN, TX 78717-4696","11613 MC DOWS HOLE LN, AUSTIN, TX  78717","S8768 - AVERY RANCH FAR WEST PH 1 SEC 5, BLOCK R, Lot 2","L591503E"," ","S8768 - AVERY RANCH FAR WEST PH 1 SEC 5","Real","$449,312","$449,312"
"R466090","R-17-W308-115R-0007-0008","SHARMA, ABHA & LOKENDER REDDY SHEELAM","2620 BRUSHWOOD MDW LEANDER, TX 78641-5134","14400 SHOWDOWN LN, AUSTIN, TX  78717","S8768 - AVERY RANCH FAR WEST PH 1 SEC 5, BLOCK R, Lot 7","L591503E"," ","S8768 - AVERY RANCH FAR WEST PH 1 SEC 5","Real","$499,130","$499,130"
"R466091","R-17-W308-115R-0008-0008","WOODS, BRIANNA & SAMUEL","14404 SHOWDOWN LN  AUSTIN, TX 78717-4470","14404 SHOWDOWN LN, AUSTIN, TX  78717","S8768 - AVERY RANCH FAR WEST PH 1 SEC 5, BLOCK R, Lot 8","L591503E"," ","S8768 - AVERY RANCH FAR WEST PH 1 SEC 5","Real","$468,111","$468,111"
"R466096","R-17-W308-115R-0022-0008","MAN, CHIU KWAN & EVA YEE WAH CHAN","1201 ASHTREE CT  ROUND ROCK, TX 78665-1243","15312 STAKED PLAINS LOOP, AUSTIN, TX  78717","S8768 - AVERY RANCH FAR WEST PH 1 SEC 5, BLOCK R, Lot 22","L591503E"," ","S8768 - AVERY RANCH FAR WEST PH 1 SEC 5","Real","$499,256","$499,256"
"R466099","R-17-W308-115N-0015-0008","CALMES, MARQUIS PAUL & DIANE L","14428 HOMESTEAD VILLAGE CIR  AUSTIN, TX 78717","14428 HOMESTEAD VILLAGE CIR, AUSTIN, TX  78717","S8768 - AVERY RANCH FAR WEST PH 1 SEC 5, BLOCK N, Lot 15","L591503E"," ","S8768 - AVERY RANCH FAR WEST PH 1 SEC 5","Real","$612,965","$612,965"
"R475202","R-17-W308-121J-0004-0008","PALAASH REAL ESTATES LLC","11013 WYNNEWOOD ST  AUSTIN, TX 78717-5065","14013 ROUNTREE RANCH LN, AUSTIN, TX  78717","S9184 - AVERY RANCH FAR WEST PH 2 SEC 1, BLOCK J, Lot 4","L591503E"," ","S9184 - AVERY RANCH FAR WEST PH 2 SEC 1","Real","$437,652","$437,652"
"R475203","R-17-W308-121J-0005-0008","CORTEZ, MARCELO V S","14017 ROUNTREE RANCH LN  AUSTIN, TX 78717","14017 ROUNTREE RANCH LN, AUSTIN, TX  78717","S9184 - AVERY RANCH FAR WEST PH 2 SEC 1, BLOCK J, Lot 5","L591503E"," ","S9184 - AVERY RANCH FAR WEST PH 2 SEC 1","Real","$480,113","$480,113"
"R475208","R-17-W308-121K-0003-0008","HOODA, SHENIN & HUESSEIN BHARWANI","14104 ROUNTREE RANCH LN  AUSTIN, TX 78717","14104 ROUNTREE RANCH LN, AUSTIN, TX  78717","S9184 - AVERY RANCH FAR WEST PH 2 SEC 1, BLOCK K, Lot 3","L591503E"," ","S9184 - AVERY RANCH FAR WEST PH 2 SEC 1","Real","$630,382","$630,382"
"R475211","R-17-W308-121K-0006-0008","DACHEPALLI, SUDHIR VENKATA & MRUDULA D GARLAPATI","6053 153RD AVE SE BELLEVUE, WA 98006-5337","14116 ROUNTREE RANCH LN, AUSTIN, TX  78717","S9184 - AVERY RANCH FAR WEST PH 2 SEC 1, BLOCK K, Lot 6","L591503E"," ","S9184 - AVERY RANCH FAR WEST PH 2 SEC 1","Real","$638,361","$638,361"
"R475214","R-17-W308-121L-0002-0008","VARGHESE, MARYKUTTY (TOD)","1212 SCENIC OAKS DR  GEORGETOWN, TX 78628-2557","15412 STAKED PLAINS LOOP, AUSTIN, TX  78717","S9184 - AVERY RANCH FAR WEST PH 2 SEC 1, BLOCK L, Lot 2","L591503E"," ","S9184 - AVERY RANCH FAR WEST PH 2 SEC 1","Real","$614,797","$614,797"
"R475217","R-17-W308-121L-0005-0008","Unknown","Unknown","15424 STAKED PLAINS LOOP, AUSTIN, TX  78717","S9184 - AVERY RANCH FAR WEST PH 2 SEC 1, BLOCK L, Lot 5","L591503E"," ","S9184 - AVERY RANCH FAR WEST PH 2 SEC 1","Real","$661,670","$661,670"
"R475220","R-17-W308-121L-0008-0009","WANG, SHIYAN & YING","15508 STAKED PLAINS LOOP  AUSTIN, TX 78717-4855","15508 STAKED PLAINS LOOP, AUSTIN, TX  78717","S9184 - AVERY RANCH FAR WEST PH 2 SEC 1, BLOCK L, Lot 8","L591503E"," ","S9184 - AVERY RANCH FAR WEST PH 2 SEC 1","Real","$652,310","$652,310"
"R475225","R-17-W308-121M-0005-0008","DEWEY MOON WONG & FRANCES SEU WONG TRS OF THE DEWEY & FRANCES WONG FAMILY TRUST","19807 LULL ST  WINNETKA, CA 91306-2623","15517 STAKED PLAINS LOOP, AUSTIN, TX  78717","S9184 - AVERY RANCH FAR WEST PH 2 SEC 1, BLOCK M, Lot 5","L591503E"," ","S9184 - AVERY RANCH FAR WEST PH 2 SEC 1","Real","$517,777","$517,777"
"R475231","R-17-W308-121N-0003-0008","WILLARD, BRANDON C & JACQUELINE S","11637 RUNNING BRUSH LN  AUSTIN, TX 78717-4851","11637 RUNNING BRUSH LN, AUSTIN, TX  78717","S9184 - AVERY RANCH FAR WEST PH 2 SEC 1, BLOCK N, Lot 3","L591503E"," ","S9184 - AVERY RANCH FAR WEST PH 2 SEC 1","Real","$451,611","$451,611"
"R475234","R-17-W308-121N-0006-0008","GUNTA, VENKATA SWAROOP & SUJATHA THEDDU","15421 STAKED PLAINS LOOP  AUSTIN, TX 78717","15421 STAKED PLAINS LOOP, AUSTIN, TX  78717","S9184 - AVERY RANCH FAR WEST PH 2 SEC 1, BLOCK N, Lot 6","L591503E"," ","S9184 - AVERY RANCH FAR WEST PH 2 SEC 1","Real","$514,043","$514,043"
"R475237","R-17-W308-121Q-0033-0008","WASHINGTON, ALAN & KATHRYN TREVINO","11620 RUNNING BRUSH LN  AUSTIN, TX 78717-4851","11620 RUNNING BRUSH LN, AUSTIN, TX  78717","S9184 - AVERY RANCH FAR WEST PH 2 SEC 1, BLOCK Q, Lot 33","L591503E"," ","S9184 - AVERY RANCH FAR WEST PH 2 SEC 1","Real","$587,069","$587,069"
"R475240","R-17-W308-121Q-0036-0008","YOOK, SUNGJIN & INSOOK NAM","11632 RUNNING BRUSH LN AUSTIN, TX 78717-4851","11632 RUNNING BRUSH LN, AUSTIN, TX  78717","S9184 - AVERY RANCH FAR WEST PH 2 SEC 1, BLOCK Q, Lot 36","L591503E"," ","S9184 - AVERY RANCH FAR WEST PH 2 SEC 1","Real","$646,439","$646,439"
"R475245","R-17-W308-121Q-0041-0008","CHETVERYK, IVAN & LIUBOV SOKOLOVA","11716 RUNNING BRUSH CV  AUSTIN, TX 78717-4894","11716 RUNNING BRUSH CV, AUSTIN, TX  78717","S9184 - AVERY RANCH FAR WEST PH 2 SEC 1, BLOCK Q, Lot 41","L591503E"," ","S9184 - AVERY RANCH FAR WEST PH 2 SEC 1","Real","$684,304","$684,304"
"R475251","R-17-W308-121H-0004-0008","MEHTANI, AMIT N & PREETI A","14117 ROUNTREE RANCH LN  AUSTIN, TX 78717","14117 ROUNTREE RANCH LN, AUSTIN, TX  78717","S9184 - AVERY RANCH FAR WEST PH 2 SEC 1, BLOCK H, Lot 4","L591503E"," ","S9184 - AVERY RANCH FAR WEST PH 2 SEC 1","Real","$589,632","$589,632"
"R475254","R-17-W308-121L-0009-0008","KRIBBS, BRYAN A & WILLIAM A","15512 STAKED PLAINS LOOP  AUSTIN, TX 78717","15512 STAKED PLAINS LOOP, AUSTIN, TX  78717","S9184 - AVERY RANCH FAR WEST PH 2 SEC 1, BLOCK L, Lot 9","L591503E"," ","S9184 - AVERY RANCH FAR WEST PH 2 SEC 1","Real","$574,040","$574,040"
"R475258","R-17-W308-122H-0005-0008","BHAKTA, AKASH B","15013 BOQUILLAS CANYON DR  AUSTIN, TX 78717","15013 BOQUILLAS CANYON DR, AUSTIN, TX  78717","S9185 - AVERY RANCH FAR WEST PH 2 SEC 2, BLOCK H, Lot 5","L591503E"," ","S9185 - AVERY RANCH FAR WEST PH 2 SEC 2","Real","$440,693","$440,693"
"R475261","R-17-W308-122H-0008-0008","BISHT, SWAPNIL & STUTI MISRA","13781 COUNTRYBROOK DR  FRISCO, TX 75035-0027","15001 BOQUILLAS CANYON DR, AUSTIN, TX  78717","S9185 - AVERY RANCH FAR WEST PH 2 SEC 2, BLOCK H, Lot 8","L591503E"," ","S9185 - AVERY RANCH FAR WEST PH 2 SEC 2","Real","$444,335","$444,335"
"R475264","R-17-W308-122H-0011-0008","MEJIA, OLGA & JUAN L HERNANDEZ","14021 BOQUILLAS CANYON DR  AUSTIN, TX 78717","14021 BOQUILLAS CANYON DR, AUSTIN, TX  78717","S9185 - AVERY RANCH FAR WEST PH 2 SEC 2, BLOCK H, Lot 11","L591503E"," ","S9185 - AVERY RANCH FAR WEST PH 2 SEC 2","Real","$437,537","$437,537"
"R475269","R-17-W308-122H-0016-0008","KIM, KYU HA & BONG CHA","14001 BOQUILLAS CANYON DR  AUSTIN, TX 78717","14001 BOQUILLAS CANYON DR, AUSTIN, TX  78717","S9185 - AVERY RANCH FAR WEST PH 2 SEC 2, BLOCK H, Lot 16","L591503E"," ","S9185 - AVERY RANCH FAR WEST PH 2 SEC 2","Real","$452,153","$452,153"
"R475275","R-17-W308-122H-0022-0008","KANNAN, VIGNESH & MEENA CHOCKALINGAM","11604 RUNNING BRUSH LN  AUSTIN, TX 78717","11604 RUNNING BRUSH LN, AUSTIN, TX  78717","S9185 - AVERY RANCH FAR WEST PH 2 SEC 2, BLOCK H, Lot 22","L591503E"," ","S9185 - AVERY RANCH FAR WEST PH 2 SEC 2","Real","$448,829","$448,829"
"R475278","R-17-W308-122J-0009-0008","RUSEVA, STEVE I & IVELINA","4209 BRADY RIDGE DR CEDAR PARK, TX 78613-2065","15008 BOQUILLAS CANYON DR, AUSTIN, TX  78717","S9185 - AVERY RANCH FAR WEST PH 2 SEC 2, BLOCK J, Lot 9","L591503E"," ","S9185 - AVERY RANCH FAR WEST PH 2 SEC 2","Real","$504,691","$504,691"
"R475284","R-17-W308-122J-0015-0008","PULIDO, JAVIER M LULE & LAURA ADAN SALDIVAR","14004 BOQUILLAS CANYON DR  AUSTIN, TX 78717","14004 BOQUILLAS CANYON DR, AUSTIN, TX  78717","S9185 - AVERY RANCH FAR WEST PH 2 SEC 2, BLOCK J, Lot 15","L591503E"," ","S9185 - AVERY RANCH FAR WEST PH 2 SEC 2","Real","$511,467","$511,467"
"R475286","R-17-W308-122M-0010-0008","BUCKEL, WOLFGANG E & ANDREA M","11417 RUNNING BRUSH LN  AUSTIN, TX 78717","11417 RUNNING BRUSH LN, AUSTIN, TX  78717","S9185 - AVERY RANCH FAR WEST PH 2 SEC 2, BLOCK M, Lot 10","L591503E"," ","S9185 - AVERY RANCH FAR WEST PH 2 SEC 2","Real","$509,268","$509,268"
"R475289","R-17-W308-122M-0013-0008","MATUKUMALLI, SRIDEVI & PHANINDRA KONDAGARI","11429 RUNNING BRUSH LN AUSTIN, TX 78717-4841","11429 RUNNING BRUSH LN, AUSTIN, TX  78717","S9185 - AVERY RANCH FAR WEST PH 2 SEC 2, BLOCK M, Lot 13","L591503E"," ","S9185 - AVERY RANCH FAR WEST PH 2 SEC 2","Real","$490,082","$490,082"
"R475292","R-17-W308-122M-0016-0008","YOON, BOKNAM & MOONSUK DAE","11509 RUNNING BRUSH LN  AUSTIN, TX 78717","11509 RUNNING BRUSH LN, AUSTIN, TX  78717","S9185 - AVERY RANCH FAR WEST PH 2 SEC 2, BLOCK M, Lot 16","L591503E"," ","S9185 - AVERY RANCH FAR WEST PH 2 SEC 2","Real","$481,522","$481,522"
"R475295","R-17-W308-122M-0019-0008","ADAP, NARENDRA","11521 RUNNING BRUSH LN  AUSTIN, TX 78717","11521 RUNNING BRUSH LN, AUSTIN, TX  78717","S9185 - AVERY RANCH FAR WEST PH 2 SEC 2, BLOCK M, Lot 19","L591503E"," ","S9185 - AVERY RANCH FAR WEST PH 2 SEC 2","Real","$469,600","$469,600"
"R475298","R-17-W308-122N-0008-0008","LEANDRO, HUMBERTO","14008 CHISOS TRL AUSTIN, TX 78717-4856","14008 CHISOS TRL, AUSTIN, TX  78717","S9185 - AVERY RANCH FAR WEST PH 2 SEC 2, BLOCK N, Lot 8","L591503E"," ","S9185 - AVERY RANCH FAR WEST PH 2 SEC 2","Real","$701,349","$701,349"
"R486659","R-17-W308-123A-0002-0008","GREY, LEIGHAN RENEE","14224 MARATHON RD  AUSTIN, TX 78717","14224 MARATHON RD, AUSTIN, TX  78717","S9414 - AVERY RANCH FAR WEST PH 2 SEC 3, BLOCK A, Lot 2","L591503E"," ","S9414 - AVERY RANCH FAR WEST PH 2 SEC 3","Real","$469,845","$469,845"
"R486662","R-17-W308-123A-0005-0008","MONDRAGON, EDEN","14236 MARATHON RD  AUSTIN, TX 78717","14236 MARATHON RD, AUSTIN, TX  78717","S9414 - AVERY RANCH FAR WEST PH 2 SEC 3, BLOCK A, Lot 5","L591503E"," ","S9414 - AVERY RANCH FAR WEST PH 2 SEC 3","Real","$449,496","$449,496"
"R486665","R-17-W308-123A-0008-0008","DIXIT, ANUJ & RADHIKA KHARA","14308 MARATHON RD  AUSTIN, TX 78717","14308 MARATHON RD, AUSTIN, TX  78717","S9414 - AVERY RANCH FAR WEST PH 2 SEC 3, BLOCK A, Lot 8","L591503E"," ","S9414 - AVERY RANCH FAR WEST PH 2 SEC 3","Real","$453,226","$453,226"
"R486668","R-17-W308-123A-0011-0008","LE, ROBERT & SINH TRONG","2302 CEDAR BRANCH DR  AUSTIN, TX 78727-3150","11233 PERSIMMON GAP DR, AUSTIN, TX  78717","S9414 - AVERY RANCH FAR WEST PH 2 SEC 3, BLOCK A, Lot 11","L591503E"," ","S9414 - AVERY RANCH FAR WEST PH 2 SEC 3","Real","$447,932","$447,932"
"R486670","R-17-W308-123A-0013-0008","DUTTERA JOHN F III","11225 PERSIMMON GAP DR  AUSTIN, TX 78717","11225 PERSIMMON GAP DR, AUSTIN, TX  78717","S9414 - AVERY RANCH FAR WEST PH 2 SEC 3, BLOCK A, Lot 13","L591503E"," ","S9414 - AVERY RANCH FAR WEST PH 2 SEC 3","Real","$436,269","$436,269"
"R486676","R-17-W308-123A-0019-0008","MOHAMAD A & AFAF ZEIDAN TRUSTEES OF MOAFZE REVOC TRUST","11201 PERSIMMON GAP DR  AUSTIN, TX 78717","11201 PERSIMMON GAP DR, AUSTIN, TX  78717","S9414 - AVERY RANCH FAR WEST PH 2 SEC 3, BLOCK A, Lot 19","L591503E"," ","S9414 - AVERY RANCH FAR WEST PH 2 SEC 3","Real","$492,037","$492,037"
"R486679","R-17-W308-123B-0002-0008","ANDERSON, MARIN M & KEVIN S DEWEESE","11133 PERSIMMON GAP DR  BRUSHY CREEK, TX 78717-4879","11133 PERSIMMON GAP DR, AUSTIN, TX  78717","S9414 - AVERY RANCH FAR WEST PH 2 SEC 3, BLOCK B, Lot 2","L591503E"," ","S9414 - AVERY RANCH FAR WEST PH 2 SEC 3","Real","$439,990","$439,990"
"R486682","R-17-W308-123B-0005-0008","RAMASAMY, JEYAKUMAR","4028 ANDERSON BLUFF DR  CEDAR PARK, TX 78613-2064","11121 PERSIMMON GAP DR, AUSTIN, TX  78717","S9414 - AVERY RANCH FAR WEST PH 2 SEC 3, BLOCK B, Lot 5","L591503E"," ","S9414 - AVERY RANCH FAR WEST PH 2 SEC 3","Real","$506,040","$506,040"
"R486685","R-17-W308-123B-0008-0008","BHAT, TALAPADY SRIVATSA & MYTHRI K MOORTHYSUJA","19504 KOLSTI WAY PFLUGERVILLE, TX 78660-4167","11109 PERSIMMON GAP DR, AUSTIN, TX  78717","S9414 - AVERY RANCH FAR WEST PH 2 SEC 3, BLOCK B, Lot 8","L591503E"," ","S9414 - AVERY RANCH FAR WEST PH 2 SEC 3","Real","$507,372","$507,372"
"R486688","R-17-W308-123B-0011-0008","ANNAVARAPU, NAGA VARA PRASAD","256 CLEAR FORK LOOP  LIBERTY HILL, TX 78642","14221 WILLOW TANK DR, AUSTIN, TX  78717","S9414 - AVERY RANCH FAR WEST PH 2 SEC 3, BLOCK B, Lot 11","L591503E"," ","S9414 - AVERY RANCH FAR WEST PH 2 SEC 3","Real","$432,600","$432,600"
"R486693","R-17-W308-123B-0016-0008","COLLINS, KAREN","14201 WILLOW TANK DR  AUSTIN, TX 78717","14201 WILLOW TANK DR, AUSTIN, TX  78717","S9414 - AVERY RANCH FAR WEST PH 2 SEC 3, BLOCK B, Lot 16","L591503E"," ","S9414 - AVERY RANCH FAR WEST PH 2 SEC 3","Real","$428,421","$428,421"
"R486696","R-17-W308-123B-0019-0008","14125 WILLOW TANK DRIVE","2106 BENT BOW DR CEDAR PARK, TX 78613-3568","14125 WILLOW TANK DR, AUSTIN, TX  78717","S9414 - AVERY RANCH FAR WEST PH 2 SEC 3, BLOCK B, Lot 19","L591503E"," ","S9414 - AVERY RANCH FAR WEST PH 2 SEC 3","Real","$487,224","$487,224"
"R486699","R-17-W308-123C-0007-0008","YURIANTO, YURIANTO & YULIANTI WIDJAJA","1709 OLD COURSE DR PLANO, TX 75093-4933","11112 OLD QUARRY RD, AUSTIN, TX  78717","S9414 - AVERY RANCH FAR WEST PH 2 SEC 3, BLOCK C, Lot 7","L591503E"," ","S9414 - AVERY RANCH FAR WEST PH 2 SEC 3","Real","$506,604","$506,604"
"R486702","R-17-W308-123C-0010-0008","HODGES, MARK P","14204 CANYON TRL  AUSTIN, TX 78717","11100 OLD QUARRY RD, AUSTIN, TX  78717","S9414 - AVERY RANCH FAR WEST PH 2 SEC 3, BLOCK C, Lot 10","L591503E"," ","S9414 - AVERY RANCH FAR WEST PH 2 SEC 3","Real","$467,963","$467,963"
"R486708","R-17-W308-123D-0010-0008","AUSTIN UNITED KUO FAMILY LLC","9616 CRENATA CV  AUSTIN, TX 78759-6264","14221 MARATHON RD, AUSTIN, TX  78717","S9414 - AVERY RANCH FAR WEST PH 2 SEC 3, BLOCK D, Lot 10","L591503E"," ","S9414 - AVERY RANCH FAR WEST PH 2 SEC 3","Real","$462,292","$462,292"
"R486710","R-17-W308-123D-0012-0008","BAE, DEOKHO & EMILY EUNJI KIM","11216 OLD QUARRY  AUSTIN, TX 78717-4878","11216 OLD QUARRY RD, AUSTIN, TX  78717","S9414 - AVERY RANCH FAR WEST PH 2 SEC 3, BLOCK D, Lot 12","L591503E"," ","S9414 - AVERY RANCH FAR WEST PH 2 SEC 3","Real","$454,281","$454,281"
"R486711","R-17-W308-123D-0013-0008","JOEL LANDON KEMNITZ & AMY L KEMNITZ TRS OF THE LA KEMNITZ REVOCABLE TRUST","113 MOUNTAIN LION RD  GEORGETOWN, TX 78628-2963","11212 OLD QUARRY RD, AUSTIN, TX  78717","S9414 - AVERY RANCH FAR WEST PH 2 SEC 3, BLOCK D, Lot 13","L591503E"," ","S9414 - AVERY RANCH FAR WEST PH 2 SEC 3","Real","$448,531","$448,531"
"R486719","R-17-W308-123E-0005-0008","MOSLEY, MORGAN","11208 PERSIMMON GAP DR  AUSTIN, TX 78717-4880","11208 PERSIMMON GAP DR, AUSTIN, TX  78717","S9414 - AVERY RANCH FAR WEST PH 2 SEC 3, BLOCK E, Lot 5","L591503E"," ","S9414 - AVERY RANCH FAR WEST PH 2 SEC 3","Real","$446,327","$446,327"
"R486722","R-17-W308-123E-0008-0008","AVERY RANCH OWNERS ASSOCIATION INC","9601 AMBERGLEN BLVD  #STE 150 AUSTIN, TX 78729","11128 PERSIMMON GAP DR, AUSTIN, TX  78717","S9414 - AVERY RANCH FAR WEST PH 2 SEC 3, BLOCK E, Lot 8, ACRES 0.283, (OPEN SPACE)","L591503E"," ","S9414 - AVERY RANCH FAR WEST PH 2 SEC 3","Real","$5,081","$5,081"
"R486725","R-17-W308-123E-0011-0008","NIRANJAN SIVARAMAN & RADHIKA RAJA TRS NIRANJAN LIVING TRUST","11116 PERSIMMON GAP DR  AUSTIN, TX 78717-4879","11116 PERSIMMON GAP DR, AUSTIN, TX  78717","S9414 - AVERY RANCH FAR WEST PH 2 SEC 3, BLOCK E, Lot 11","L591503E"," ","S9414 - AVERY RANCH FAR WEST PH 2 SEC 3","Real","$459,373","$459,373"
"R486728","R-17-W308-123E-0014-0008","OQUENDO, RAFAEL & MARISOL MARRERO","11101 OLD QUARRY RD  AUSTIN, TX 78717","11101 OLD QUARRY RD, AUSTIN, TX  78717","S9414 - AVERY RANCH FAR WEST PH 2 SEC 3, BLOCK E, Lot 14","L591503E"," ","S9414 - AVERY RANCH FAR WEST PH 2 SEC 3","Real","$460,508","$460,508"
"R486731","R-17-W308-123E-0017-0008","BHATTACHARYA, AMALENDU & LYBIA S","11113 OLD QUARRY RD  AUSTIN, TX 78717","11113 OLD QUARRY RD, AUSTIN, TX  78717","S9414 - AVERY RANCH FAR WEST PH 2 SEC 3, BLOCK E, Lot 17","L591503E"," ","S9414 - AVERY RANCH FAR WEST PH 2 SEC 3","Real","$457,496","$457,496"
"R486733","R-17-W308-123E-0019-0008","TOUNGATE, ROSS","11121 OLD QUARRY RD  AUSTIN, TX 78717","11121 OLD QUARRY RD, AUSTIN, TX  78717","S9414 - AVERY RANCH FAR WEST PH 2 SEC 3, BLOCK E, Lot 19","L591503E"," ","S9414 - AVERY RANCH FAR WEST PH 2 SEC 3","Real","$544,468","$544,468"
"R486739","R-17-W308-123E-0025-0008","NOLAN JOSEPH BERGERON III & MY LAM HAU TRS THE BERGERON & HAU FAMILY TRUST","11217 OLD QUARRY RD  AUSTIN, TX 78717-4878","11217 OLD QUARRY RD, AUSTIN, TX  78717","S9414 - AVERY RANCH FAR WEST PH 2 SEC 3, BLOCK E, Lot 25","L591503E"," ","S9414 - AVERY RANCH FAR WEST PH 2 SEC 3","Real","$449,610","$449,610"
"R486742","R-17-W308-123G-0023-0008","AVERY RANCH OWNERS ASSOCIATION INC","9601 AMBERGLEN BLVD  #STE 150 AUSTIN, TX 78729","NEARABOUT RD, AUSTIN, TX  78717","S9414 - AVERY RANCH FAR WEST PH 2 SEC 3, BLOCK G, Lot 23, ACRES 0.081, (LANDSCAPE)","L591503E"," ","S9414 - AVERY RANCH FAR WEST PH 2 SEC 3","Real","$300","$300"
"R489260","R-17-W308-124B-0020-0008","GORSKI, CHRISTOPHER & MORGAN GRUBBS","14121 WILLOW TANK DR AUSTIN, TX 78717-4883","14121 WILLOW TANK DR, AUSTIN, TX  78717","S9460 - AVERY RANCH FAR WEST PH 2 SEC 4, BLOCK B, Lot 20","L591503E"," ","S9460 - AVERY RANCH FAR WEST PH 2 SEC 4","Real","$510,367","$510,367"
"R489263","R-17-W308-124B-0023-0008","ZHANG, LINJUAN & BAOXIAN TANG","9419 BING CHERRY LN  AUSTIN, TX 78750","14109 WILLOW TANK DR, AUSTIN, TX  78717","S9460 - AVERY RANCH FAR WEST PH 2 SEC 4, BLOCK B, Lot 23","L591503E"," ","S9460 - AVERY RANCH FAR WEST PH 2 SEC 4","Real","$430,676","$430,676"
"R489266","R-17-W308-124B-0026-0008","NIXON, RANDALL BLAKE & NONA CLARE","11100 PANTHER JUNCTION TRL  AUSTIN, TX 78717-4887","11100 PANTHER JUNCTION TRL, AUSTIN, TX  78717","S9460 - AVERY RANCH FAR WEST PH 2 SEC 4, BLOCK B, Lot 26","L591503E"," ","S9460 - AVERY RANCH FAR WEST PH 2 SEC 4","Real","$585,818","$585,818"
"R489269","R-17-W308-124B-0029-0008","BURNS, ZACHARY & QIAN LIU","3251 VITTORIA LOOP DUBLIN, CA 94568-2557","11112 PANTHER JUNCTION TRL, AUSTIN, TX  78717","S9460 - AVERY RANCH FAR WEST PH 2 SEC 4, BLOCK B, Lot 29","L591503E"," ","S9460 - AVERY RANCH FAR WEST PH 2 SEC 4","Real","$576,800","$576,800"
"R489272","R-17-W308-124B-0032-0008","FIERO, STEVEN S & MONICA","14205 CANYON TRL  AUSTIN, TX 78717","14205 CANYON TRL, AUSTIN, TX  78717","S9460 - AVERY RANCH FAR WEST PH 2 SEC 4, BLOCK B, Lot 32","L591503E"," ","S9460 - AVERY RANCH FAR WEST PH 2 SEC 4","Real","$629,331","$629,331"
"R489277","R-17-W308-124B-0037-0008","RAJARAMAN, RAVIKUMAR","14109 CANYON TRL AUSTIN, TX 78717-4888","14109 CANYON TRL, AUSTIN, TX  78717","S9460 - AVERY RANCH FAR WEST PH 2 SEC 4, BLOCK B, Lot 37","L591503E"," ","S9460 - AVERY RANCH FAR WEST PH 2 SEC 4","Real","$517,796","$517,796"
"R489280","R-17-W308-124B-0040-0008","HWANG, SEONHO & MIN AH SHIM","14028 TURKEY HOLLOW TRL  AUSTIN, TX 78717-4892","14028 TURKEY HOLLOW TRL, AUSTIN, TX  78717","S9460 - AVERY RANCH FAR WEST PH 2 SEC 4, BLOCK B, Lot 40","L591503E"," ","S9460 - AVERY RANCH FAR WEST PH 2 SEC 4","Real","$499,085","$499,085"
"R489283","R-17-W308-124B-0043-0008","DETJEN, ROBERT HENRY","14040 TURKEY HOLLOW TRL  AUSTIN, TX 78717","14040 TURKEY HOLLOW TRL, AUSTIN, TX  78717","S9460 - AVERY RANCH FAR WEST PH 2 SEC 4, BLOCK B, Lot 43","L591503E"," ","S9460 - AVERY RANCH FAR WEST PH 2 SEC 4","Real","$525,080","$525,080"
"R489286","R-17-W308-124B-0046-0008","SANJEEV ANGADI & SARITHA ACHAR TRUSTEE OF THE ANGADI & ARCHAR FAMILY TRUST","2430 OVERLOOK DR  WALNUT CREEK, CA 94597","14033 TURKEY HOLLOW TRL, AUSTIN, TX  78717","S9460 - AVERY RANCH FAR WEST PH 2 SEC 4, BLOCK B, Lot 46","L591503E"," ","S9460 - AVERY RANCH FAR WEST PH 2 SEC 4","Real","$469,161","$469,161"
"R489292","R-17-W308-124C-0001-0008","GUNJAN ADHIN & BHAVNA ADHIN TRS BHAVNA ADHIN & GUNJAN ADHIN LIVING TRUST","3100 PASEO DE CHARROS  CEDAR PARK, TX 78641-3259","14217 CANYON TRL, AUSTIN, TX  78717","S9460 - AVERY RANCH FAR WEST PH 2 SEC 4, BLOCK C, Lot 1","L591503E"," ","S9460 - AVERY RANCH FAR WEST PH 2 SEC 4","Real","$571,616","$571,616"
"R489294","R-17-W308-124C-0003-0008","SINGH, VIRGILIA KAUR & RAHUL PRUTHI","9215 SATTERLEE AVE SE SNOQUALMIE, WA 98065-3507","14225 CANYON TRL, AUSTIN, TX  78717","S9460 - AVERY RANCH FAR WEST PH 2 SEC 4, BLOCK C, Lot 3","L591503E"," ","S9460 - AVERY RANCH FAR WEST PH 2 SEC 4","Real","$518,072","$518,072"
"R489297","R-17-W308-124C-0012-0008","CHARLES, ANDREA ELIZABETH","14112 WILLOW TANK DR  AUSTIN, TX 78717","14112 WILLOW TANK DR, AUSTIN, TX  78717","S9460 - AVERY RANCH FAR WEST PH 2 SEC 4, BLOCK C, Lot 12","L591503E"," ","S9460 - AVERY RANCH FAR WEST PH 2 SEC 4","Real","$433,187","$433,187"
"R489300","R-17-W308-124C-0015-0008","GONZALEZ OLIVIA ISABEL (TOD) & NICOLAS ENRIQUE ARROYO ARMENDAIZ (TOD)","14100 WILLOW TANK DR  AUSTIN, TX 78717","14100 WILLOW TANK DR, AUSTIN, TX  78717","S9460 - AVERY RANCH FAR WEST PH 2 SEC 4, BLOCK C, Lot 15","L591503E"," ","S9460 - AVERY RANCH FAR WEST PH 2 SEC 4","Real","$514,456","$514,456"
"R489303","R-17-W308-124D-0003-0008","TORREZ, JONATHAN S","14113 MARATHON RD  AUSTIN, TX 78717","14113 MARATHON RD, AUSTIN, TX  78717","S9460 - AVERY RANCH FAR WEST PH 2 SEC 4, BLOCK D, Lot 3","L591503E"," ","S9460 - AVERY RANCH FAR WEST PH 2 SEC 4","Real","$497,038","$497,038"
"R489306","R-17-W308-124D-0019-0008","HARRIS, GREGORY C","14216 CANYON TRL  AUSTIN, TX 78717","14216 CANYON TRL, AUSTIN, TX  78717","S9460 - AVERY RANCH FAR WEST PH 2 SEC 4, BLOCK D, Lot 19","L591503E"," ","S9460 - AVERY RANCH FAR WEST PH 2 SEC 4","Real","$568,895","$568,895"
"R489309","R-17-W308-124D-0022-0008","HODGES, MARK P","14204 CANYON TRL  AUSTIN, TX 78717","14204 CANYON TRL, AUSTIN, TX  78717","S9460 - AVERY RANCH FAR WEST PH 2 SEC 4, BLOCK D, Lot 22","L591503E"," ","S9460 - AVERY RANCH FAR WEST PH 2 SEC 4","Real","$455,233","$455,233"
"R489312","R-17-W308-124D-0025-0008","POSSER, GRACIELI & EDUARDO LUIZ SCARIOT","14112 CANYON TRL  AUSTIN, TX 78717","14112 CANYON TRL, AUSTIN, TX  78717","S9460 - AVERY RANCH FAR WEST PH 2 SEC 4, BLOCK D, Lot 25","L591503E"," ","S9460 - AVERY RANCH FAR WEST PH 2 SEC 4","Real","$453,924","$453,924"
"R489314","R-17-W308-124D-0027-0008","PARK, JUN CHUL & YU JIN KIM","11201 MCKINNEY SPRING DR  AUSTIN, TX 78717","11201 MC KINNEY SPRING DR, AUSTIN, TX  78717","S9460 - AVERY RANCH FAR WEST PH 2 SEC 4, BLOCK D, Lot 27","L591503E"," ","S9460 - AVERY RANCH FAR WEST PH 2 SEC 4","Real","$520,166","$520,166"
"R489315","R-17-W308-124D-0028-0008","MODUGU, RAJASHEKHAR & KEERTHI CHALLABOTLA","11205 MCKINNEY SPRING DR  AUSTIN, TX 78717","11205 MC KINNEY SPRING DR, AUSTIN, TX  78717","S9460 - AVERY RANCH FAR WEST PH 2 SEC 4, BLOCK D, Lot 28","L591503E"," ","S9460 - AVERY RANCH FAR WEST PH 2 SEC 4","Real","$449,864","$449,864"
"R489317","R-17-W308-124D-0030-0008","HASHMI, AZHAR IQBAL & TAMSEELA SIDDIQUI","11213 MCKINNEY SPRING DR  AUSTIN, TX 78717","11213 MC KINNEY SPRING DR, AUSTIN, TX  78717","S9460 - AVERY RANCH FAR WEST PH 2 SEC 4, BLOCK D, Lot 30","L591503E"," ","S9460 - AVERY RANCH FAR WEST PH 2 SEC 4","Real","$569,865","$569,865"
"R489323","R-17-W308-124F-0004-0008","KUMAR, AMIT & MEGHNA ROY","15304 WHISTLING STRAITS DR  AUSTIN, TX 78717-3837","11212 MC KINNEY SPRING DR, AUSTIN, TX  78717","S9460 - AVERY RANCH FAR WEST PH 2 SEC 4, BLOCK F, Lot 4","L591503E"," ","S9460 - AVERY RANCH FAR WEST PH 2 SEC 4","Real","$435,095","$435,095"
"R489326","R-17-W308-124F-0007-0008","PALACIOS, JAVIER AMBRONA & ANA MARIA ZABALLOS MARTIN","11200 MCKINNEY SPRINGS DR  AUSTIN, TX 78717-4891","11200 MC KINNEY SPRING DR, AUSTIN, TX  78717","S9460 - AVERY RANCH FAR WEST PH 2 SEC 4, BLOCK F, Lot 7","L591503E"," ","S9460 - AVERY RANCH FAR WEST PH 2 SEC 4","Real","$475,910","$475,910"
"R489329","R-17-W308-124F-0010-0008","HIGHTOWER, MARY (TOD)","830 NIKI RD  SALADO, TX 76571-6640","11108 MC KINNEY SPRING DR, AUSTIN, TX  78717","S9460 - AVERY RANCH FAR WEST PH 2 SEC 4, BLOCK F, Lot 10","L591503E"," ","S9460 - AVERY RANCH FAR WEST PH 2 SEC 4","Real","$441,580","$441,580"
"R489335","R-17-W308-124G-0016-0008","CHAN, NELSON S & WENDY YU","449 43RD AVE SAN FRANCISCO, CA 94121-1515","14012 MARATHON RD, AUSTIN, TX  78717","S9460 - AVERY RANCH FAR WEST PH 2 SEC 4, BLOCK G, Lot 16","L591503E"," ","S9460 - AVERY RANCH FAR WEST PH 2 SEC 4","Real","$455,825","$455,825"
"R489337","R-17-W308-124G-0018-0008","TREVINO, JOSE LUIS RIOS","14104 MARATHON RD  AUSTIN, TX 78717","14104 MARATHON RD, AUSTIN, TX  78717","S9460 - AVERY RANCH FAR WEST PH 2 SEC 4, BLOCK G, Lot 18","L591503E"," ","S9460 - AVERY RANCH FAR WEST PH 2 SEC 4","Real","$449,810","$449,810"
"R489340","R-17-W308-124G-0021-0008","CAI, YU & YAN FENG","14116 MARATHON RD  AUSTIN, TX 78717","14116 MARATHON RD, AUSTIN, TX  78717","S9460 - AVERY RANCH FAR WEST PH 2 SEC 4, BLOCK G, Lot 21","L591503E"," ","S9460 - AVERY RANCH FAR WEST PH 2 SEC 4","Real","$450,024","$450,024"
"R489343","R-17-W308-124D-0004-0008","MULEIRO, ALEJANDRO F & MIRIAM FRAGA","14117 MARATHON RD  AUSTIN, TX 78717","14117 MARATHON RD, AUSTIN, TX  78717","S9460 - AVERY RANCH FAR WEST PH 2 SEC 4, BLOCK D, Lot 4","L591503E"," ","S9460 - AVERY RANCH FAR WEST PH 2 SEC 4","Real","$516,112","$516,112"
"R505960","R-17-W308-131C-0002-0008","Unknown","Unknown","11520 RUNNING BRUSH LN, AUSTIN, TX  78717","S9966 - AVERY RANCH FAR WEST PH 3 SEC 1, BLOCK C, Lot 2, ACRES 0.144","L591503E"," ","S9966 - AVERY RANCH FAR WEST PH 3 SEC 1","Real","$453,677","$453,677"
"R505963","R-17-W308-131C-0005-0008","THUMATI, JAYASIMHA & SOWJANYA NANDIPATI","11508 RUNNING BRUSH LN  AUSTIN, TX 78717","11508 RUNNING BRUSH LN, AUSTIN, TX  78717","S9966 - AVERY RANCH FAR WEST PH 3 SEC 1, BLOCK C, Lot 5, ACRES 0.13","L591503E"," ","S9966 - AVERY RANCH FAR WEST PH 3 SEC 1","Real","$509,959","$509,959"
"R505966","R-17-W308-131C-0008-0008","EPLEY, KEITH E","11432 RUNNING BRUSH LN  AUSTIN, TX 78717","11432 RUNNING BRUSH LN, AUSTIN, TX  78717","S9966 - AVERY RANCH FAR WEST PH 3 SEC 1, BLOCK C, Lot 8, ACRES 0.145","L591503E"," ","S9966 - AVERY RANCH FAR WEST PH 3 SEC 1","Real","$462,787","$462,787"
"R505972","R-17-W308-131C-0014-0008","RANGANATHAN, RAGUPATHY & PAVITHRA MASILAMANI","11408 RUNNING BRUSH LN  AUSTIN, TX 78717","11408 RUNNING BRUSH LN, AUSTIN, TX  78717","S9966 - AVERY RANCH FAR WEST PH 3 SEC 1, BLOCK C, Lot 14, ACRES 0.187","L591503E"," ","S9966 - AVERY RANCH FAR WEST PH 3 SEC 1","Real","$472,591","$472,591"
"R505977","R-17-W308-131C-0019-0008","DHAR, MADHURIMA & AMITAVA CHAKRABORTY","640 EVANS RD MILPITAS, CA 95035-4705","11304 RUNNING BRUSH LN, AUSTIN, TX  78717","S9966 - AVERY RANCH FAR WEST PH 3 SEC 1, BLOCK C, Lot 19, ACRES 0.17","L591503E"," ","S9966 - AVERY RANCH FAR WEST PH 3 SEC 1","Real","$513,496","$513,496"
"R507163","R-17-W308-132A-0002-0008","HENDERSON, MARVIN I & HEATHER K","14005 TURKEY HOLLOW TRL  AUSTIN, TX 78717","14005 TURKEY HOLLOW TRL, AUSTIN, TX  78717","S10030 - AVERY RANCH FAR WEST PH 3 SEC 2, BLOCK A, Lot 2, ACRES 0.172","L591503E"," ","S10030 - AVERY RANCH FAR WEST PH 3 SEC 2","Real","$467,915","$467,915"
"R507166","R-17-W308-132A-0005-0008","KIRK, JEFFREY & CAROLYN L (CPWRS)","13929 TURKEY HOLLOW TRL  AUSTIN, TX 78717","13929 TURKEY HOLLOW TRL, AUSTIN, TX  78717","S10030 - AVERY RANCH FAR WEST PH 3 SEC 2, BLOCK A, Lot 5, ACRES 0.204","L591503E"," ","S10030 - AVERY RANCH FAR WEST PH 3 SEC 2","Real","$511,194","$511,194"
"R507169","R-17-W308-132A-0008-0008","ZEESHAN, SYED MOHAMMAD","13917 TURKEY HOLLOW TRL  AUSTIN, TX 78717","13917 TURKEY HOLLOW TRL, AUSTIN, TX  78717","S10030 - AVERY RANCH FAR WEST PH 3 SEC 2, BLOCK A, Lot 8, ACRES 0.12","L591503E"," ","S10030 - AVERY RANCH FAR WEST PH 3 SEC 2","Real","$579,416","$579,416"
"R507172","R-17-W308-132B-0002-0008","ABBETT, JASON","13917 MARATHON RD  AUSTIN, TX 78717","13917 MARATHON RD, AUSTIN, TX  78717","S10030 - AVERY RANCH FAR WEST PH 3 SEC 2, BLOCK B, Lot 2, ACRES 0.119","L591503E"," ","S10030 - AVERY RANCH FAR WEST PH 3 SEC 2","Real","$583,359","$583,359"
"R507174","R-17-W308-132B-0004-0008","RAJASEKARAN, THIYAGARAJAN & VIDHYA NATARAJAN","13909 MARATHON RD  AUSTIN, TX 78717","13909 MARATHON RD, AUSTIN, TX  78717","S10030 - AVERY RANCH FAR WEST PH 3 SEC 2, BLOCK B, Lot 4, ACRES 0.121","L591503E"," ","S10030 - AVERY RANCH FAR WEST PH 3 SEC 2","Real","$505,610","$505,610"
"R507175","R-17-W308-132B-0005-0008","YANG, JOSHUA & JENNY XU","13901 MARATHON RD  AUSTIN, TX 78717-4862","13901 MARATHON RD, AUSTIN, TX  78717","S10030 - AVERY RANCH FAR WEST PH 3 SEC 2, BLOCK B, Lot 5, ACRES 0.197","L591503E"," ","S10030 - AVERY RANCH FAR WEST PH 3 SEC 2","Real","$585,480","$585,480"
"R507183","R-17-W308-132B-0013-0008","WONG, RAYMOND","11117 WYOLA BND  AUSTIN, TX 78717","11117 WYOLA BND, AUSTIN, TX  78717","S10030 - AVERY RANCH FAR WEST PH 3 SEC 2, BLOCK B, Lot 13, ACRES 0.118","L591503E"," ","S10030 - AVERY RANCH FAR WEST PH 3 SEC 2","Real","$501,728","$501,728"
"R507186","R-17-W308-132B-0016-0008","WATSON, HANG NGOC","11105 WYOLA BND  AUSTIN, TX 78717","11105 WYOLA BND, AUSTIN, TX  78717","S10030 - AVERY RANCH FAR WEST PH 3 SEC 2, BLOCK B, Lot 16, ACRES 0.122","L591503E"," ","S10030 - AVERY RANCH FAR WEST PH 3 SEC 2","Real","$444,074","$444,074"
"R507189","R-17-W308-132C-0002-0008","MORRISON, SEAN P & MARIA E","13922 TURKEY HOLLOW TRL  AUSTIN, TX 78717","13922 TURKEY HOLLOW TRL, AUSTIN, TX  78717","S10030 - AVERY RANCH FAR WEST PH 3 SEC 2, BLOCK C, Lot 2, ACRES 0.134","L591503E"," ","S10030 - AVERY RANCH FAR WEST PH 3 SEC 2","Real","$572,550","$572,550"
"R507195","R-17-W308-132C-0008-0008","MALPICA-ZAMORANO, MAURICIO & LIZBETH C CAMACHO","11222 WYOLA BND  AUSTIN, TX 78717","11222 WYOLA BND, AUSTIN, TX  78717","S10030 - AVERY RANCH FAR WEST PH 3 SEC 2, BLOCK C, Lot 8, ACRES 0.143","L591503E"," ","S10030 - AVERY RANCH FAR WEST PH 3 SEC 2","Real","$580,954","$580,954"
"R507197","R-17-W308-132C-0010-0008","HARPER, MARINA C & JOHN I","11230 WYOLA BND  AUSTIN, TX 78717","11230 WYOLA BND, AUSTIN, TX  78717","S10151 - AVERY RANCH FAR WEST PH 2 SEC 3 &WYOLA BND ADD(AMD), BLOCK C, Lot 10, ACRES 0.243","L591503E"," ","S10151 - AVERY RANCH FAR WEST PH 2 SEC 3 &WYOLA BND ADD(AMD)","Real","$623,536","$623,536"
"R507200","R-17-W308-132C-0013-0008","KONDURU, PRITHVI","13904 MARATHON RD  AUSTIN, TX 78717","13904 MARATHON RD, AUSTIN, TX  78717","S10030 - AVERY RANCH FAR WEST PH 3 SEC 2, BLOCK C, Lot 13, ACRES 0.152","L591503E"," ","S10030 - AVERY RANCH FAR WEST PH 3 SEC 2","Real","$438,258","$438,258"
"R507203","R-17-W308-132C-0016-0008","SUNG-JIN LIM & CHING-HSI HUANG TRUSTEES OF THE SUNG-JIN LIM & CHING-HSI HUANG TR","3841 FIANO CMN FREMONT, CA 94555","13916 MARATHON RD, AUSTIN, TX  78717","S10030 - AVERY RANCH FAR WEST PH 3 SEC 2, BLOCK C, Lot 16, ACRES 0.136","L591503E"," ","S10030 - AVERY RANCH FAR WEST PH 3 SEC 2","Real","$457,492","$457,492"
"R510871","R-17-W308-100A-0002-0008","LIVINGSTON, MICHAEL","11316 WYOLA BND  AUSTIN, TX 78717","11316 WYOLA BND, AUSTIN, TX  78717","S10114 - AVERY RANCH FAR WEST WYOLA BEND ADD, BLOCK A, Lot 2, ACRES 0.153","L591503E"," ","S10114 - AVERY RANCH FAR WEST WYOLA BEND ADD","Real","$566,729","$566,729"
"R510873","R-17-W308-100A-0004-0008","PETERSON, ERIC R & JOYCE A","4005 BRADY RIDGE DR CEDAR PARK, TX 78613-2067","11308 WYOLA BND, AUSTIN, TX  78717","S10114 - AVERY RANCH FAR WEST WYOLA BEND ADD, BLOCK A, Lot 4, ACRES 0.14","L591503E"," ","S10114 - AVERY RANCH FAR WEST WYOLA BEND ADD","Real","$452,422","$452,422"
"R510874","R-17-W308-100A-0005-0008","BINNICKER, NICOLE K","11304 WYOLA BND  AUSTIN, TX 78717","11304 WYOLA BND, AUSTIN, TX  78717","S10114 - AVERY RANCH FAR WEST WYOLA BEND ADD, BLOCK A, Lot 5, ACRES 0.138","L591503E"," ","S10114 - AVERY RANCH FAR WEST WYOLA BEND ADD","Real","$512,267","$512,267"
"R514541","R-17-W308-133D-0006-0008","CORLEY, KERRY JACK & STACEY","11601 YEADON WAY  AUSTIN, TX 78717","11601 YEADON WAY, AUSTIN, TX  78717","S10208 - AVERY RANCH FAR WEST PH 3 SEC 3, BLOCK D, Lot 6, ACRES 0.216","L591503E"," ","S10208 - AVERY RANCH FAR WEST PH 3 SEC 3","Real","$520,351","$520,351"
"R514546","R-17-W308-133E-0015-0008","BELANGER, JOSHUA DALE & SOGOL SEPEHRI TRUSTEES OF SSJB TRUST","5308 MOUNT BONNELL RD  AUSTIN, TX 78731","11601 FAUBIAN LN, AUSTIN, TX  78717","S10208 - AVERY RANCH FAR WEST PH 3 SEC 3, BLOCK E, Lot 15, ACRES 0.162","L591503E"," ","S10208 - AVERY RANCH FAR WEST PH 3 SEC 3","Real","$524,980","$524,980"
"R514549","R-17-W308-133F-0008-0008","QUINTANILLA, DANIEL & YUN","8420 ETIENNE CV  AUSTIN, TX 78759","11617 HARPSTER BND, AUSTIN, TX  78717","S10208 - AVERY RANCH FAR WEST PH 3 SEC 3, BLOCK F, Lot 8, ACRES 0.132","L591503E"," ","S10208 - AVERY RANCH FAR WEST PH 3 SEC 3","Real","$429,662","$429,662"
"R514552","R-17-W308-133F-0011-0008","ISHMATOV, RUSTAM","11605 HARPSTER BND  AUSTIN, TX 78717-4979","11605 HARPSTER BND, AUSTIN, TX  78717","S10208 - AVERY RANCH FAR WEST PH 3 SEC 3, BLOCK F, Lot 11, ACRES 0.127","L591503E"," ","S10208 - AVERY RANCH FAR WEST PH 3 SEC 3","Real","$510,513","$510,513"
"R514555","R-17-W308-133G-0002-0008","BIGON VENTURES LLC","10500 CANNON MARK WAY  AUSTIN, TX 78717-4998","13905 TURKEY HOLLOW TRL, AUSTIN, TX  78717","S10208 - AVERY RANCH FAR WEST PH 3 SEC 3, BLOCK G, Lot 2, ACRES 0.126","L591503E"," ","S10208 - AVERY RANCH FAR WEST PH 3 SEC 3","Real","$458,127","$458,127"
"R514558","R-17-W308-133G-0005-0008","EKENE IFEANYI & STEPHANIE CHINONYE OKOLO TRS OKOLO FAMILY LIV TRUST","13817 TURKEY HOLLOW TRL  AUSTIN, TX 78717-4977","13817 TURKEY HOLLOW TRL, AUSTIN, TX  78717","S10208 - AVERY RANCH FAR WEST PH 3 SEC 3, BLOCK G, Lot 5, ACRES 0.132","L591503E"," ","S10208 - AVERY RANCH FAR WEST PH 3 SEC 3","Real","$582,111","$582,111"
"R514561","R-17-W308-133G-0008-0008","AGARWAL, ARPIT & RACHITA GUPTA","607 CHEYENNE LN  CEDAR PARK, TX 78613","13805 TURKEY HOLLOW TRL, AUSTIN, TX  78717","S10208 - AVERY RANCH FAR WEST PH 3 SEC 3, BLOCK G, Lot 8, ACRES 0.132","L591503E"," ","S10208 - AVERY RANCH FAR WEST PH 3 SEC 3","Real","$443,036","$443,036"
"R514563","R-17-W308-133G-0010-0008","GARCIA, LUIS ANTONIO & PRISCILLA I MIRANDA","13717 TURKEY HOLLOW TRL  AUSTIN, TX 78717","13717 TURKEY HOLLOW TRL, AUSTIN, TX  78717","S10208 - AVERY RANCH FAR WEST PH 3 SEC 3, BLOCK G, Lot 10, ACRES 0.138","L591503E"," ","S10208 - AVERY RANCH FAR WEST PH 3 SEC 3","Real","$524,980","$524,980"
"R514566","R-17-W308-133G-0013-0008","RIGOR, MARITES","13705 TURKEY HOLLOW TRL  AUSTIN, TX 78717","13705 TURKEY HOLLOW TRL, AUSTIN, TX  78717","S10208 - AVERY RANCH FAR WEST PH 3 SEC 3, BLOCK G, Lot 13, ACRES 0.163","L591503E"," ","S10208 - AVERY RANCH FAR WEST PH 3 SEC 3","Real","$587,723","$587,723"
"R514569","R-17-W308-133G-0016-0008","SHARPE, SHANE A","11504 HARPSTER BND  AUSTIN, TX 78717-4978","11504 HARPSTER BND, AUSTIN, TX  78717","S10208 - AVERY RANCH FAR WEST PH 3 SEC 3, BLOCK G, Lot 16, ACRES 0.254","L591503E"," ","S10208 - AVERY RANCH FAR WEST PH 3 SEC 3","Real","$589,498","$589,498"
"R514572","R-17-W308-133G-0019-0008","FAIR, JOHN & WHITNEY","11600 HARPSTER BND  AUSTIN, TX 78717-4979","11600 HARPSTER BND, AUSTIN, TX  78717","S10208 - AVERY RANCH FAR WEST PH 3 SEC 3, BLOCK G, Lot 19, ACRES 0.271","L591503E"," ","S10208 - AVERY RANCH FAR WEST PH 3 SEC 3","Real","$605,976","$605,976"
"R514575","R-17-W308-133G-0022-0008","THURBER, STEPHANIE J","11612 HARPSTER BND  AUSTIN, TX 78717","11612 HARPSTER BND, AUSTIN, TX  78717","S10208 - AVERY RANCH FAR WEST PH 3 SEC 3, BLOCK G, Lot 22, ACRES 0.259","L591503E"," ","S10208 - AVERY RANCH FAR WEST PH 3 SEC 3","Real","$450,300","$450,300"
"R514578","R-17-W308-133G-0025-0008","VINOD NAIK & PRITI NAIK CO-TRS OF THE VPNAIK REVOCABLE TRUST","11700 HARPSTER BND  AUSTIN, TX 78717-4980","11700 HARPSTER BND, AUSTIN, TX  78717","S10208 - AVERY RANCH FAR WEST PH 3 SEC 3, BLOCK G, Lot 25, ACRES 0.232","L591503E"," ","S10208 - AVERY RANCH FAR WEST PH 3 SEC 3","Real","$576,687","$576,687"
"R514581","R-17-W308-133G-0028-0008","AVERY RANCH OWNERS ASSOCIATION INC","9601 AMBERGLEN BLVD  #STE 150 AUSTIN, TX 78729","AVERY RANCH BLVD, AUSTIN, TX  78717","S10208 - AVERY RANCH FAR WEST PH 3 SEC 3, BLOCK G, Lot 28, ACRES 0.022, (OPEN SPACE)","L591503E"," ","S10208 - AVERY RANCH FAR WEST PH 3 SEC 3","Real","$300","$300"
"R514583","R-17-W308-134D-0007-0008","DULAL TALUKDAR & FEROZA B TALUKDAR TRS OF THE SAMPATTI2025 TRUST","2404 ROBERT BROWNING ST  AUSTIN, TX 78723-3494","11605 YEADON WAY, AUSTIN, TX  78717","S10209 - AVERY RANCH FAR WEST PH 3 SEC 4, BLOCK D, Lot 7, ACRES 0.153","L591503E"," ","S10209 - AVERY RANCH FAR WEST PH 3 SEC 4","Real","$600,857","$600,857"
"R514586","R-17-W308-134D-0010-0008","PURANDARE, AMEYA DILIP & POONAM RAJENDRA FIRODIYA","11617 YEADON WAY  AUSTIN, TX 78717","11617 YEADON WAY, AUSTIN, TX  78717","S10209 - AVERY RANCH FAR WEST PH 3 SEC 4, BLOCK D, Lot 10, ACRES 0.159","L591503E"," ","S10209 - AVERY RANCH FAR WEST PH 3 SEC 4","Real","$445,524","$445,524"
"R514589","R-17-W308-134D-0013-0008","GIANNETTI, ANTHONY JR & BEVERLY A","11629 YEADON WAY  AUSTIN, TX 78717","11629 YEADON WAY, AUSTIN, TX  78717","S10209 - AVERY RANCH FAR WEST PH 3 SEC 4, BLOCK D, Lot 13, ACRES 0.193","L591503E"," ","S10209 - AVERY RANCH FAR WEST PH 3 SEC 4","Real","$455,359","$455,359"
"R514592","R-17-W308-134D-0016-0008","PRESAS, GABRIEL J & JULIA","13908 LOLETA WAY  AUSTIN, TX 78717-4985","13908 LOLETA WAY, AUSTIN, TX  78717","S10209 - AVERY RANCH FAR WEST PH 3 SEC 4, BLOCK D, Lot 16, ACRES 0.475","L591503E"," ","S10209 - AVERY RANCH FAR WEST PH 3 SEC 4","Real","$608,228","$608,228"
"R514594","R-17-W308-134D-0018-0008","MAY, STACY J","13900 LOLETA WAY  AUSTIN, TX 78717","13900 LOLETA WAY, AUSTIN, TX  78717","S10209 - AVERY RANCH FAR WEST PH 3 SEC 4, BLOCK D, Lot 18, ACRES 0.153","L591503E"," ","S10209 - AVERY RANCH FAR WEST PH 3 SEC 4","Real","$521,353","$521,353"
"R514595","R-17-W308-134D-0019-0008","MAHAJAN, ATUL & GUNJAN SAHNI","9421 EAGLE KNOLL DR  AUSTIN, TX 78717","13820 LOLETA WAY, AUSTIN, TX  78717","S10209 - AVERY RANCH FAR WEST PH 3 SEC 4, BLOCK D, Lot 19, ACRES 0.17","L591503E"," ","S10209 - AVERY RANCH FAR WEST PH 3 SEC 4","Real","$444,220","$444,220"
"R514600","R-17-W308-134D-0024-0008","TRAN, DANG & QUYEN BA NGOC LE","13716 LOLETA WAY  AUSTIN, TX 78717-4983","13716 LOLETA WAY, AUSTIN, TX  78717","S10209 - AVERY RANCH FAR WEST PH 3 SEC 4, BLOCK D, Lot 24, ACRES 0.175","L591503E"," ","S10209 - AVERY RANCH FAR WEST PH 3 SEC 4","Real","$458,845","$458,845"
"R514603","R-17-W308-134E-0002-0008","TAN, VICTOR C & MARIAN E CORDOVEZ-TAN","11031 MAYBERRY HEIGHTS DR CYPRESS, TX 77433-6479","11604 YEADON WAY, AUSTIN, TX  78717","S10209 - AVERY RANCH FAR WEST PH 3 SEC 4, BLOCK E, Lot 2, ACRES 0.124","L591503E"," ","S10209 - AVERY RANCH FAR WEST PH 3 SEC 4","Real","$449,605","$449,605"
"R514606","R-17-W308-134E-0005-0008","YIN, LEYI & YONGFENG LIU","11616 YEADON WAY  AUSTIN, TX 78717","11616 YEADON WAY, AUSTIN, TX  78717","S10209 - AVERY RANCH FAR WEST PH 3 SEC 4, BLOCK E, Lot 5, ACRES 0.144","L591503E"," ","S10209 - AVERY RANCH FAR WEST PH 3 SEC 4","Real","$523,354","$523,354"
"R514612","R-17-W308-134E-0011-0008","REYES, YANETZI","11617 FAUBIAN LN  AUSTIN, TX 78717","11617 FAUBIAN LN, AUSTIN, TX  78717","S10209 - AVERY RANCH FAR WEST PH 3 SEC 4, BLOCK E, Lot 11, ACRES 0.141","L591503E"," ","S10209 - AVERY RANCH FAR WEST PH 3 SEC 4","Real","$457,243","$457,243"
"R514615","R-17-W308-134E-0014-0008","BURNETT AMY & TAMIE A FELTY (RS)","11605 FAUBIAN LN  AUSTIN, TX 78717","11605 FAUBIAN LN, AUSTIN, TX  78717","S10209 - AVERY RANCH FAR WEST PH 3 SEC 4, BLOCK E, Lot 14, ACRES 0.133","L591503E"," ","S10209 - AVERY RANCH FAR WEST PH 3 SEC 4","Real","$443,189","$443,189"
"R514617","R-17-W308-134F-0003-0008","PHAM, HIEN","28002 MAPLE RIDGE WAY SE MAPLE VALLEY, WA 98038-2025","11612 FAUBIAN LN, AUSTIN, TX  78717","S10209 - AVERY RANCH FAR WEST PH 3 SEC 4, BLOCK F, Lot 3, ACRES 0.145","L591503E"," ","S10209 - AVERY RANCH FAR WEST PH 3 SEC 4","Real","$523,776","$523,776"
"R515211","R-17-W308-1000-C103-0008","PETERSON, ERIC R & JOYCE A","4005 BRADY RIDGE DR CEDAR PARK, TX 78613-2067","13916 TURKEY HOLLOW TRL, AUSTIN, TX  78717","S10225 - AVERY RANCH FAR WEST TURKEY HOLLOW TRAIL ADD, BLOCK C, Lot 103, ACRES 0.143","L591503E"," ","S10225 - AVERY RANCH FAR WEST TURKEY HOLLOW TRAIL ADD","Real","$456,178","$456,178"
"R525046","R-17-W308-135H-0006","WANG, CHUNYI","11609 SANTA ELENA LN  AUSTIN, TX 78717","11609 SANTA ELENA LN, AUSTIN, TX  78717","S10513 - AVERY RANCH FAR WEST PH 3 SEC 5, BLOCK H, Lot 6","L591503E"," ","S10513 - AVERY RANCH FAR WEST PH 3 SEC 5","Real","$521,650","$521,650"
"R525049","R-17-W308-135H-0009","ASHUTOSH C MOGHE & MITHILA P PATKI OF MOGHE PATKI LIVING TRUST","9032 RATTLESNAKE TRL  AUSTIN, TX 78717","11604 SEWICKLEY CT, AUSTIN, TX  78717","S10513 - AVERY RANCH FAR WEST PH 3 SEC 5, BLOCK H, Lot 9","L591503E"," ","S10513 - AVERY RANCH FAR WEST PH 3 SEC 5","Real","$457,480","$457,480"
"R525052","R-17-W308-135H-0012","RAMASWAMY, VISHWANATHAN & SUBHASHINI VISHWANATHAN","815 AVERY CT  SAN RAMON, CA 94582","11616 SEWICKLEY CT, AUSTIN, TX  78717","S10994 - AVERY RANCH FAR WEST PH 3 SEC 5 & 5-A (AMD), BLOCK H, Lot 12A","L591503E"," ","S10994 - AVERY RANCH FAR WEST PH 3 SEC 5 & 5-A (AMD)","Real","$644,467","$644,467"
"R525055","R-17-W308-135H-0018","SON, YOUNGMIN & JOY J CHOI","11609 SEWICKLEY CT  AUSTIN, TX 78717","11609 SEWICKLEY CT, AUSTIN, TX  78717","S10513 - AVERY RANCH FAR WEST PH 3 SEC 5, BLOCK H, Lot 18","L591503E"," ","S10513 - AVERY RANCH FAR WEST PH 3 SEC 5","Real","$599,428","$599,428"
"R525057","R-17-W308-135H-0020","OTTO, JEANNE RAMSEY","11601 SEWICKLEY CT  AUSTIN, TX 78717","11601 SEWICKLEY CT, AUSTIN, TX  78717","S10513 - AVERY RANCH FAR WEST PH 3 SEC 5, BLOCK H, Lot 20","L591503E"," ","S10513 - AVERY RANCH FAR WEST PH 3 SEC 5","Real","$481,548","$481,548"
"R525058","R-17-W308-135M-0010","FLORENCE, CHRISTOPHER P","11412 READING WAY  AUSTIN, TX 78717","11412 READING WAY, AUSTIN, TX  78717","S10513 - AVERY RANCH FAR WEST PH 3 SEC 5, BLOCK M, Lot 10","L591503E"," ","S10513 - AVERY RANCH FAR WEST PH 3 SEC 5","Real","$562,075","$562,075"
"R525063","R-17-W308-135M-0015","ANSAR BASHA SHAIK & JANNATH SHAIK OF ASJS FAMILY REVOCABLE TRUST","11508 READING WAY  AUSTIN, TX 78717-5082","11508 READING WAY, AUSTIN, TX  78717","S10513 - AVERY RANCH FAR WEST PH 3 SEC 5, BLOCK M, Lot 15","L591503E"," ","S10513 - AVERY RANCH FAR WEST PH 3 SEC 5","Real","$586,088","$586,088"
"R525066","R-17-W308-135M-0018","NAIN, URVASHI & AYAN JAIN","11520 READING WAY AUSTIN, TX 78717-5082","11520 READING WAY, AUSTIN, TX  78717","S10513 - AVERY RANCH FAR WEST PH 3 SEC 5, BLOCK M, Lot 18","L591503E"," ","S10513 - AVERY RANCH FAR WEST PH 3 SEC 5","Real","$485,715","$485,715"
"R525069","R-17-W308-135M-0021","SALAJI, IVAN & ISIDORA","11600 SANTA ELENA LN  AUSTIN, TX 78717-5077","11600 SANTA ELENA LN, AUSTIN, TX  78717","S10513 - AVERY RANCH FAR WEST PH 3 SEC 5, BLOCK M, Lot 21","L591503E"," ","S10513 - AVERY RANCH FAR WEST PH 3 SEC 5","Real","$526,793","$526,793"
"R525072","R-17-W308-135M-0024","CHEN, YAO","4633 MODENA BAY BND LEANDER, TX 78641-5307","11612 SANTA ELENA LN, AUSTIN, TX  78717","S10513 - AVERY RANCH FAR WEST PH 3 SEC 5, BLOCK M, Lot 24","L591503E"," ","S10513 - AVERY RANCH FAR WEST PH 3 SEC 5","Real","$589,340","$589,340"
"R525075","R-17-W308-135M-0027","FEWX, JACK E & LAUREN M","11624 SANTA ELENA LN  AUSTIN, TX 78717","11624 SANTA ELENA LN, AUSTIN, TX  78717","S10513 - AVERY RANCH FAR WEST PH 3 SEC 5, BLOCK M, Lot 27","L591503E"," ","S10513 - AVERY RANCH FAR WEST PH 3 SEC 5","Real","$539,219","$539,219"
"R525340","R-17-W308-135A-H014","MIRELES, NUBIA M & FRANCISCO F HERNANDEZ","11624 SEWICKLEY CT  AUSTIN, TX 78717","11624 SEWICKLEY CT, AUSTIN, TX  78717","S10514 - AVERY RANCH FAR WEST PH 3 SEC 5-A, BLOCK H, Lot 14","L591503E"," ","S10514 - AVERY RANCH FAR WEST PH 3 SEC 5-A","Real","$613,561","$613,561"
"R525343","R-17-W308-135A-M029","SURESH VASHIST KUTTI & DIVYA DEVENDRAN","11704 SANTA ELENA LN  AUSTIN, TX 78717-5078","11704 SANTA ELENA LN, AUSTIN, TX  78717","S10514 - AVERY RANCH FAR WEST PH 3 SEC 5-A, BLOCK M, Lot 29","L591503E"," ","S10514 - AVERY RANCH FAR WEST PH 3 SEC 5-A","Real","$644,447","$644,447"
"R533100","R-17-W308-136A-H026","GRAGG, LAURA A & PAUL M","11620 READING CT  AUSTIN, TX 78717","11620 READING CT, AUSTIN, TX  78717","S10758 - AVERY RANCH FAR WEST PH 3 SEC 6-A, BLOCK H, Lot 26","L591503E"," ","S10758 - AVERY RANCH FAR WEST PH 3 SEC 6-A","Real","$706,196","$706,196"
"R533102","R-17-W308-136A-H028","CONTINENTAL HOMES OF TEXAS LP (DBA DR HORTON)","10700 PECAN PARK BLVD FOURTH FLOOR #400 AUSTIN, TX 78750-1227","READING CT, AUSTIN, TX  78717","S10758 - AVERY RANCH FAR WEST PH 3 SEC 6-A, BLOCK H, Lot 28, & (S10765) AVERY RANCH FAR WEST PH 3 SEC 6, BLK H, LT 29, (DEL17 TO S11059)","L591503E"," ","S10758 - AVERY RANCH FAR WEST PH 3 SEC 6-A","Real","$61,484","$61,484"
"R533342","R-17-W308-136H-0021","VEMISHETTY, KALYANRAMU & MADHURI SAMUDRALA","11600 READING CT  AUSTIN, TX 78717","11600 READING CT, AUSTIN, TX  78717","S10765 - AVERY RANCH FAR WEST PH 3 SEC 6, BLOCK H, Lot 21","L591503E"," ","S10765 - AVERY RANCH FAR WEST PH 3 SEC 6","Real","$560,971","$560,971"
"R533345","R-17-W308-136H-0024","KIM, WOO J & HAN WON BAE","9504 TOBRINA LN  AUSTIN, TX 78759","11612 READING CT, AUSTIN, TX  78717","S10765 - AVERY RANCH FAR WEST PH 3 SEC 6, BLOCK H, Lot 24","L591503E"," ","S10765 - AVERY RANCH FAR WEST PH 3 SEC 6","Real","$649,514","$649,514"
"R533348","R-17-W308-136H-0031","SOHN, JONGWOOK & SOOJIN LEE","11609 READING CT  AUSTIN, TX 78717","11609 READING CT, AUSTIN, TX  78717","S10765 - AVERY RANCH FAR WEST PH 3 SEC 6, BLOCK H, Lot 31","L591503E"," ","S10765 - AVERY RANCH FAR WEST PH 3 SEC 6","Real","$504,031","$504,031"
"R533351","R-17-W308-136H-0034","ERICKSON, HANS-PETER & AMANDA L","11313 READING WAY  AUSTIN, TX 78717","11313 READING WAY, AUSTIN, TX  78717","S10765 - AVERY RANCH FAR WEST PH 3 SEC 6, BLOCK H, Lot 34","L591503E"," ","S10765 - AVERY RANCH FAR WEST PH 3 SEC 6","Real","$673,609","$673,609"
"R533354","R-17-W308-136H-0037","BALA JAYA LIVING TRUST","11301 READING WAY  AUSTIN, TX 78717-5080","11301 READING WAY, AUSTIN, TX  78717","S10765 - AVERY RANCH FAR WEST PH 3 SEC 6, BLOCK H, Lot 37","L591503E"," ","S10765 - AVERY RANCH FAR WEST PH 3 SEC 6","Real","$563,094","$563,094"
"R533356","R-17-W308-136J-0002","KIM, SE KYU & YANG SOO","2404 CADES SPIRIT BND AUSTIN, TX 78738-5580","12105 HARPSTER BND, AUSTIN, TX  78717","S10765 - AVERY RANCH FAR WEST PH 3 SEC 6, BLOCK J, Lot 2","L591503E"," ","S10765 - AVERY RANCH FAR WEST PH 3 SEC 6","Real","$466,685","$466,685"
"R533359","R-17-W308-136J-0005","RADHAKRISHNAN, NINOY","12117 HARPSTER BND  AUSTIN, TX 78717","12117 HARPSTER BND, AUSTIN, TX  78717","S10765 - AVERY RANCH FAR WEST PH 3 SEC 6, BLOCK J, Lot 5","L591503E"," ","S10765 - AVERY RANCH FAR WEST PH 3 SEC 6","Real","$512,276","$512,276"
"R533362","R-17-W308-136M-0002","YI, MINGXIA & CHUNHUI ZHANG","11312 READING WAY  AUSTIN, TX 78717","11312 READING WAY, AUSTIN, TX  78717","S10765 - AVERY RANCH FAR WEST PH 3 SEC 6, BLOCK M, Lot 2","L591503E"," ","S10765 - AVERY RANCH FAR WEST PH 3 SEC 6","Real","$501,696","$501,696"
"R533365","R-17-W308-136M-0005","ZHANG JIANPING TEXAS FAMILY TRUST","11324 READING WAY  AUSTIN, TX 78717-5080","11324 READING WAY, AUSTIN, TX  78717","S10765 - AVERY RANCH FAR WEST PH 3 SEC 6, BLOCK M, Lot 5","L591503E"," ","S10765 - AVERY RANCH FAR WEST PH 3 SEC 6","Real","$557,139","$557,139"
"R533368","R-17-W308-136M-0008","KARAGUEZIAN, JINAN I","3103 JEANETTE CT  AUSTIN, TX 78745-6756","11404 READING WAY, AUSTIN, TX  78717","S10765 - AVERY RANCH FAR WEST PH 3 SEC 6, BLOCK M, Lot 8","L591503E"," ","S10765 - AVERY RANCH FAR WEST PH 3 SEC 6","Real","$615,480","$615,480"
"R538398","R-17-W308-137A-H041","CONTINENTAL HOMES OF TEXAS LP (DBA DR HORTON)","10700 PECAN PARK BLVD FOURTH FLOOR #400 AUSTIN, TX 78750-1227","WICKLINE WAY, AUSTIN, TX  78717","S10888 - AVERY RANCH FAR WEST PH 3 SEC 7-A, BLOCK H, Lot 41, (DEL17 TO R538411)","L591503E"," ","S10888 - AVERY RANCH FAR WEST PH 3 SEC 7-A","Real","$32,360","$32,360"
"R538401","R-17-W308-137A-H044","LEE, SANG M & MIN J CHO","1088 PROUTY WAY  SAN JOSE, CA 95129","12219 WICKLINE WAY, AUSTIN, TX  78717","S10888 - AVERY RANCH FAR WEST PH 3 SEC 7-A, BLOCK H, Lot 44","L591503E"," ","S10888 - AVERY RANCH FAR WEST PH 3 SEC 7-A","Real","$437,329","$437,329"
"R538404","R-17-W308-137A-H047","KULKARNI, CHAITANYA R & GAYATRI","12213 WICKLINE WAY  AUSTIN, TX 78717","12213 WICKLINE WAY, AUSTIN, TX  78717","S10888 - AVERY RANCH FAR WEST PH 3 SEC 7-A, BLOCK H, Lot 47","L591503E"," ","S10888 - AVERY RANCH FAR WEST PH 3 SEC 7-A","Real","$457,919","$457,919"
"R538406","R-17-W308-137A-H049","SINGHY TAVLEEN KAUR RANJIT & CHANPREET S KANG","25503 MADISON FALLS LN KATY, TX 77494-8551","12209 WICKLINE WAY, AUSTIN, TX  78717","S10888 - AVERY RANCH FAR WEST PH 3 SEC 7-A, BLOCK H, Lot 49","L591503E"," ","S10888 - AVERY RANCH FAR WEST PH 3 SEC 7-A","Real","$504,031","$504,031"
"R538410","R-17-W308-137H-0039","CHEN, JIE & LIJUAN LIU","12128 HARPSTER BND  AUSTIN, TX 78717","12128 HARPSTER BND, AUSTIN, TX  78717","S10895 - AVERY RANCH FAR WEST PH 3 SEC 7, BLOCK H, Lot 39","L591503E"," ","S10895 - AVERY RANCH FAR WEST PH 3 SEC 7","Real","$526,019","$526,019"
"R538413","R-17-W308-137H-0053","MCQUEARY, RYAN  & STACEY","12125 WICKLINE WAY  AUSTIN, TX 78717","12125 WICKLINE WAY, AUSTIN, TX  78717","S10895 - AVERY RANCH FAR WEST PH 3 SEC 7, BLOCK H, Lot 53","L591503E"," ","S10895 - AVERY RANCH FAR WEST PH 3 SEC 7","Real","$511,450","$511,450"
"R538416","R-17-W308-137H-0056","BANSAL, PRASHANT & ANKITA AGARWAL","12113 WICKLINE WAY  AUSTIN, TX 78717","12113 WICKLINE WAY, AUSTIN, TX  78717","S10895 - AVERY RANCH FAR WEST PH 3 SEC 7, BLOCK H, Lot 56","L591503E"," ","S10895 - AVERY RANCH FAR WEST PH 3 SEC 7","Real","$466,838","$466,838"
"R538422","R-17-W308-137H-0061","DECHYAPIROM, PILUN","12005 WICKLINE WAY  AUSTIN, TX 78717-5092","12005 WICKLINE WAY, AUSTIN, TX  78717","S10895 - AVERY RANCH FAR WEST PH 3 SEC 7, BLOCK H, Lot 61","L591503E"," ","S10895 - AVERY RANCH FAR WEST PH 3 SEC 7","Real","$431,007","$431,007"
"R538427","R-17-W308-137H-0066","JADHAV, VENKATESHAWAR S","12012 WICKLINE WAY  AUSTIN, TX 78717","12012 WICKLINE WAY, AUSTIN, TX  78717","S10895 - AVERY RANCH FAR WEST PH 3 SEC 7, BLOCK H, Lot 66","L591503E"," ","S10895 - AVERY RANCH FAR WEST PH 3 SEC 7","Real","$594,651","$594,651"
"R538430","R-17-W308-137H-0069","BANIYA, RAMESH C & DEEPIKA PANDEY","12013 HARPSTER BND  AUSTIN, TX 78717","12013 HARPSTER BND, AUSTIN, TX  78717","S10895 - AVERY RANCH FAR WEST PH 3 SEC 7, BLOCK H, Lot 69","L591503E"," ","S10895 - AVERY RANCH FAR WEST PH 3 SEC 7","Real","$624,266","$624,266"
"R538433","R-17-W308-137H-0072","MULEY, AKSHAY & PUJA","12001 HARPSTER BND  AUSTIN, TX 78717","12001 HARPSTER BND, AUSTIN, TX  78717","S10895 - AVERY RANCH FAR WEST PH 3 SEC 7, BLOCK H, Lot 72","L591503E"," ","S10895 - AVERY RANCH FAR WEST PH 3 SEC 7","Real","$625,405","$625,405"
"R538436","R-17-W308-137H-0075","SUTTON, PAMELA WILLIAMS","11905 HARPSTER BND  AUSTIN, TX 78717","11905 HARPSTER BND, AUSTIN, TX  78717","S10895 - AVERY RANCH FAR WEST PH 3 SEC 7, BLOCK H, Lot 75","L591503E"," ","S10895 - AVERY RANCH FAR WEST PH 3 SEC 7","Real","$477,221","$477,221"
"R538439","R-17-W308-137H-0078","SAENZ, SONDRA & DAVID","11809 HARPSTER BND  AUSTIN, TX 78717","11809 HARPSTER BND, AUSTIN, TX  78717","S10895 - AVERY RANCH FAR WEST PH 3 SEC 7, BLOCK H, Lot 78","L591503E"," ","S10895 - AVERY RANCH FAR WEST PH 3 SEC 7","Real","$584,046","$584,046"
"R538442","R-17-W308-137H-0081","AVERY RANCH OWNERS ASSOCIATION INC","9601 AMBERGLEN BLVD  #STE 150 AUSTIN, TX 78729","13320 AVERY RANCH BLVD, AUSTIN, TX  78717","S10895 - AVERY RANCH FAR WEST PH 3 SEC 7, BLOCK H, Lot 81, ACRES 0.07, (OPEN SPACE)","L591503E"," ","S10895 - AVERY RANCH FAR WEST PH 3 SEC 7","Real","$300","$300"
"R538445","R-17-W308-137J-0009","HAYNES MARTHA ANN TRUSTEE MARTHA ANN HAYNES FAMILY TRUST","12128 WICKLINE WAY  AUSTIN, TX 78717","12128 WICKLINE WAY, AUSTIN, TX  78717","S10895 - AVERY RANCH FAR WEST PH 3 SEC 7, BLOCK J, Lot 9","L591503E"," ","S10895 - AVERY RANCH FAR WEST PH 3 SEC 7","Real","$519,816","$519,816"
"R538447","R-17-W308-137J-0011","MATHEW, ABI","12120 WICKLINE WAY  AUSTIN, TX 78717","12120 WICKLINE WAY, AUSTIN, TX  78717","S10895 - AVERY RANCH FAR WEST PH 3 SEC 7, BLOCK J, Lot 11","L591503E"," ","S10895 - AVERY RANCH FAR WEST PH 3 SEC 7","Real","$503,510","$503,510"
"R538450","R-17-W308-137J-0014","VILLAGRAN, OSCAR G & DIANA ESPINOSA","12108 WICKLINE WAY  AUSTIN, TX 78717","12108 WICKLINE WAY, AUSTIN, TX  78717","S10895 - AVERY RANCH FAR WEST PH 3 SEC 7, BLOCK J, Lot 14","L591503E"," ","S10895 - AVERY RANCH FAR WEST PH 3 SEC 7","Real","$519,816","$519,816"
"R545056","R-17-W308-137A-H041A","MITCHELL, BRIAN & KATIE","12229 WICKLINE WAY  AUSTIN, TX 78717","12229 WICKLINE WAY, AUSTIN, TX  78717","S11058 - AVERY RANCH FAR WEST PH3 SEC7&7-A(BLK H LT40&41 AMD, BLOCK H, Lot 41A, ACRES 0.354","L591503E"," ","S11058 - AVERY RANCH FAR WEST PH3 SEC7&7-A(BLK H LT40&41 AMD","Real","$639,307","$639,307"
"R545070","R-17-W308-136A-H028A","DS BLISS INVESTMENTS LLC","9406 LA PUENTE DR  AUSTIN, TX 78749","11621 READING CT, AUSTIN, TX  78717","S11059 - AVERY RANCH FAR WEST PH3 SEC6&6-A(BLK H LT29&28 AMD, BLOCK H, Lot 28A, ACRES 0.362","L591503E"," ","S11059 - AVERY RANCH FAR WEST PH3 SEC6&6-A(BLK H LT29&28 AMD","Real","$615,183","$615,183"
"R402767","R-17-W308-810A-0003-0008","14609 BALLYCASTLE LLC","12603 BRIGHTSIDE ST  AUSTIN, TX 78729-4512","14609 BALLYCASTLE TRL, AUSTIN, TX  78717","S7489 - Avery Ranch West Ph 1, BLOCK A, Lot 3","L591503E"," ","S7489 - Avery Ranch West Ph 1","Real","$418,899","$418,899"
"R402770","R-17-W308-810A-0006-0008","CREECH, CARLTON WAIDE","14621 BALLYCASTLE TRL  AUSTIN, TX 78717","14621 BALLYCASTLE TRL, AUSTIN, TX  78717","S7489 - Avery Ranch West Ph 1, BLOCK A, Lot 6","L591503E"," ","S7489 - Avery Ranch West Ph 1","Real","$468,717","$468,717"
"R402773","R-17-W308-810A-0009-0008","SCHNEIDER, HANS & VALENTYNA SERDIUK","14608 BALLYCASTLE TRL  AUSTIN, TX 78717","14608 BALLYCASTLE TRL, AUSTIN, TX  78717","S7489 - Avery Ranch West Ph 1, BLOCK A, Lot 9","L591503E"," ","S7489 - Avery Ranch West Ph 1","Real","$502,543","$502,543"
"R402776","R-17-W308-810A-0012-0008","CHIN, JERRY Y (TOD) & MARIA YUN-CHU MEI (TOD)","12728 COUNCIL BLUFF DR  AUSTIN, TX 78727","10509 CANOA HILLS TRL S, AUSTIN, TX  78717","S7489 - Avery Ranch West Ph 1, BLOCK A, Lot 12","L591503E"," ","S7489 - Avery Ranch West Ph 1","Real","$430,020","$430,020"
"R402778","R-17-W308-810A-0014-0008","THE SETHURATHINAM MURUGESAN & SAHAYARANI LATHA SETHURATHINAM REVOCABLE LIVING TS","9431 BING CHERRY LN  AUSTIN, TX 78750","10517 CANOA HILLS TRL S, AUSTIN, TX  78717","S7489 - Avery Ranch West Ph 1, BLOCK A, Lot 14","L591503E"," ","S7489 - Avery Ranch West Ph 1","Real","$471,396","$471,396"
"R402781","R-17-W308-810A-0017-0008","SHAO, SHUCHAO & HONGMEI LU","14617 SWINLEY FOREST CV  AUSTIN, TX 78717","14617 SWINLEY FOREST CV, AUSTIN, TX  78717","S7489 - Avery Ranch West Ph 1, BLOCK A, Lot 17","L591503E"," ","S7489 - Avery Ranch West Ph 1","Real","$475,292","$475,292"
"R402784","R-17-W308-810A-0020-0008","WALTER, MELINDA D (TOD)","14624 SWINLEY FOREST CV  AUSTIN, TX 78717","14624 SWINLEY FOREST CV, AUSTIN, TX  78717","S7489 - Avery Ranch West Ph 1, BLOCK A, Lot 20","L591503E"," ","S7489 - Avery Ranch West Ph 1","Real","$471,034","$471,034"
"R402787","R-17-W308-810A-0023-0008","CURREY, ROBERT","14612 SWINLEY FOREST CV  AUSTIN, TX 78717","14612 SWINLEY FOREST CV, AUSTIN, TX  78717","S7489 - Avery Ranch West Ph 1, BLOCK A, Lot 23","L591503E"," ","S7489 - Avery Ranch West Ph 1","Real","$441,529","$441,529"
"R402790","R-17-W308-810A-0026-0008","TORTUGA HOLDINGS LLC SERIES D","7220 TRADE ST  #STE 101 SAN DIEGO, CA 92121","14600 SWINLEY FOREST CV, AUSTIN, TX  78717","S7489 - Avery Ranch West Ph 1, BLOCK A, Lot 26","L591503E"," ","S7489 - Avery Ranch West Ph 1","Real","$444,037","$444,037"
"R402793","R-17-W308-810A-0029-0008","MALLYA SHIVANANDA RAMACHANDRA & MANIKYA NARAHARI PAI","10648 ROYAL TARA CV  AUSTIN, TX 78717","10648 ROYAL TARA CV, AUSTIN, TX  78717","S7489 - Avery Ranch West Ph 1, BLOCK A, Lot 29","L591503E"," ","S7489 - Avery Ranch West Ph 1","Real","$444,964","$444,964"
"R402796","R-17-W308-810A-0032-0008","SHEPHARD, PHILIP GEORGE, IV","10636 ROYAL TARA CV  AUSTIN, TX 78717","10636 ROYAL TARA CV, AUSTIN, TX  78717","S7489 - Avery Ranch West Ph 1, BLOCK A, Lot 32","L591503E"," ","S7489 - Avery Ranch West Ph 1","Real","$502,543","$502,543"
"R402798","R-17-W308-810A-0034-0008","BAPULAL, MANOJ RAMIA","2885 MANTIS DR SAN JOSE, CA 95148-2136","10628 ROYAL TARA CV, AUSTIN, TX  78717","S7489 - Avery Ranch West Ph 1, BLOCK A, Lot 34","L591503E"," ","S7489 - Avery Ranch West Ph 1","Real","$511,913","$511,913"
"R402801","R-17-W308-810A-0037-0008","LIN, NING & HUIYUN HE","10621 BRAMBLECREST DR AUSTIN, TX 78726-1906","10616 ROYAL TARA CV, AUSTIN, TX  78717","S7489 - Avery Ranch West Ph 1, BLOCK A, Lot 37","L591503E"," ","S7489 - Avery Ranch West Ph 1","Real","$470,145","$470,145"
"R402804","R-17-W308-810A-0040-0008","SHAIK, NAWAZ & NAZIA","10009 WHITLEY BAY DR  AUSTIN, TX 78717","10600 ROYAL TARA CV, AUSTIN, TX  78717","S7489 - Avery Ranch West Ph 1, BLOCK A, Lot 40","L591503E"," ","S7489 - Avery Ranch West Ph 1","Real","$478,198","$478,198"
"R402807","R-17-W308-810A-0043-0008","LY, DAN HY & YEN T HO","10609 ROYAL TARA CV  AUSTIN, TX 78717","10609 ROYAL TARA CV, AUSTIN, TX  78717","S7489 - Avery Ranch West Ph 1, BLOCK A, Lot 43","L591503E"," ","S7489 - Avery Ranch West Ph 1","Real","$507,962","$507,962"
"R402810","R-17-W308-810A-0046-0008","JAYNE L KING TR JAYNE L KING LIVING TRUST","10621 ROYAL TARA CV  AUSTIN, TX 78717-4450","10621 ROYAL TARA CV, AUSTIN, TX  78717","S7489 - Avery Ranch West Ph 1, BLOCK A, Lot 46","L591503E"," ","S7489 - Avery Ranch West Ph 1","Real","$436,329","$436,329"
"R402813","R-17-W308-810A-0049-0008","MORGAN SHERMAN LLC","22365 EL TORO RD   333 LAKE FOREST, CA 92630-5053","10633 ROYAL TARA CV, AUSTIN, TX  78717","S7489 - Avery Ranch West Ph 1, BLOCK A, Lot 49","L591503E"," ","S7489 - Avery Ranch West Ph 1","Real","$442,940","$442,940"
"R402816","R-17-W308-810A-0052-0008","PARAMASIVAM, SHREE VIDYA","10645 ROYAL TARA CV  AUSTIN, TX 78713","10645 ROYAL TARA CV, AUSTIN, TX  78717","S7489 - Avery Ranch West Ph 1, BLOCK A, Lot 52","L591503E"," ","S7489 - Avery Ranch West Ph 1","Real","$448,434","$448,434"
"R402818","R-17-W308-810B-0001-0008","GEORGE M WALTER & FAYE M WALTER TRUSTEES OF THE WALTER REVOCABLE TRUST","10932 QUARRY OAKS TRL AUSTIN, TX 78717-4439","10521 HAINSWORTH PARK, AUSTIN, TX  78717","S7489 - Avery Ranch West Ph 1, BLOCK B, Lot 1","L591503E"," ","S7489 - Avery Ranch West Ph 1","Real","$509,940","$509,940"
"R402819","R-17-W308-810B-0002-0008","SIZHE LIU & HAO WU TRUSTEES OF THE LIU & WU FAMILY TRUST","2747 GLORIETTA CIR  SANTA CLARA, CA 95051","10525 HAINSWORTH PARK, AUSTIN, TX  78717","S7489 - Avery Ranch West Ph 1, BLOCK B, Lot 2","L591503E"," ","S7489 - Avery Ranch West Ph 1","Real","$466,131","$466,131"
"R402821","R-17-W308-810B-0004-0008","MAHADHANAPURAM, VENKATACHALAM","4727 TORREY PINES CIR  SAN JOSE, CA 96124","14401 MOWSBURY DR, AUSTIN, TX  78717","S7489 - Avery Ranch West Ph 1, BLOCK B, Lot 4","L591503E"," ","S7489 - Avery Ranch West Ph 1","Real","$429,547","$429,547"
"R402824","R-17-W308-810B-0007-0008","LARSON, KIMBERLY","812 ABEYTA ST APT C SANTA FE, NM 87505-2891","14413 MOWSBURY DR, AUSTIN, TX  78717","S7489 - Avery Ranch West Ph 1, BLOCK B, Lot 7","L591503E"," ","S7489 - Avery Ranch West Ph 1","Real","$440,332","$440,332"
"R402827","R-17-W308-810B-0010-0008","KOONER, AMRJIT & CALVIN CARPENTER","7 - 1295 CARTER CREST RD EDMONTON CANADA AB T6R 2N6","14425 MOWSBURY DR, AUSTIN, TX  78717","S7489 - Avery Ranch West Ph 1, BLOCK B, Lot 10","L591503E"," ","S7489 - Avery Ranch West Ph 1","Real","$509,581","$509,581"
"R402830","R-17-W308-810B-0013-0008","SINGH, BHAVDEEP & TANVEEN","14505 MOWSBURG DR  AUSTIN, TX 78717","14505 MOWSBURY DR, AUSTIN, TX  78717","S7489 - Avery Ranch West Ph 1, BLOCK B, Lot 13","L591503E"," ","S7489 - Avery Ranch West Ph 1","Real","$431,751","$431,751"
"R402833","R-17-W308-810B-0016-0008","ATAKAN, ORCUN","3703 LONGHORN ACRES ST  CEDAR PARK, TX 78613","14517 MOWSBURY DR, AUSTIN, TX  78717","S7489 - Avery Ranch West Ph 1, BLOCK B, Lot 16","L591503E"," ","S7489 - Avery Ranch West Ph 1","Real","$445,006","$445,006"
"R402836","R-17-W308-810B-0019-0008","BATHALA, KUMARASWAMY REDDY","5913 ALAMOSA CLEARING DR AUSTIN, TX 78738-1927","10528 CANOA HILLS TRL S, AUSTIN, TX  78717","S7489 - Avery Ranch West Ph 1, BLOCK B, Lot 19","L591503E"," ","S7489 - Avery Ranch West Ph 1","Real","$507,465","$507,465"
"R402838","R-17-W308-810B-0021-0008","FAN, ZHIQIANG & JING GAO","10520 S CANOA HILLS TRL AUSTIN, TX 78717-4422","10520 CANOA HILLS TRL S, AUSTIN, TX  78717","S7489 - Avery Ranch West Ph 1, BLOCK B, Lot 21","L591503E"," ","S7489 - Avery Ranch West Ph 1","Real","$432,781","$432,781"
"R402839","R-17-W308-810B-0022-0008","GALDAMEZ, CRYSTAL","10512 S CANOA HILLS TRL  AUSTIN, TX 78717","10512 CANOA HILLS TRL S, AUSTIN, TX  78717","S7489 - Avery Ranch West Ph 1, BLOCK B, Lot 22","L591503E"," ","S7489 - Avery Ranch West Ph 1","Real","$468,158","$468,158"
"R402841","R-17-W308-810B-0024-0008","LOLLAR DUANE W & YVONNE Z","14528 BALLYCASTLE TRL AUSTIN, TX 78717-4425","14528 BALLYCASTLE TRL, AUSTIN, TX  78717","S7489 - Avery Ranch West Ph 1, BLOCK B, Lot 24","L591503E"," ","S7489 - Avery Ranch West Ph 1","Real","$443,061","$443,061"
"R402844","R-17-W308-810B-0041-0008","SMITH, HILO S","14405 LILLEY BROOK CV  AUSTIN, TX 78717","14405 LILLEY BROOK CV, AUSTIN, TX  78717","S7489 - Avery Ranch West Ph 1, BLOCK B, Lot 41","L591503E"," ","S7489 - Avery Ranch West Ph 1","Real","$467,532","$467,532"
"R402847","R-17-W308-810B-0044-0008","LI, YUEYUAN","20426 126TH AVE NE BOTHELL, WA 98011-7669","14417 LILLEY BROOK CV, AUSTIN, TX  78717","S7489 - Avery Ranch West Ph 1, BLOCK B, Lot 44","L591503E"," ","S7489 - Avery Ranch West Ph 1","Real","$425,754","$425,754"
"R402850","R-17-W308-810B-0047-0008","PROM BERNARD V & PODENY","14429 LILLEY BROOK CV AUSTIN, TX 78717-4431","14429 LILLEY BROOK CV, AUSTIN, TX  78717","S7489 - Avery Ranch West Ph 1, BLOCK B, Lot 47","L591503E"," ","S7489 - Avery Ranch West Ph 1","Real","$434,789","$434,789"
"R402852","R-17-W308-810B-0049-0008","BAILEY, GRADY & JULIA ROSINSKI","14437 LILLEY BROOK CV  AUSTIN, TX 78717","14437 LILLEY BROOK CV, AUSTIN, TX  78717","S7489 - Avery Ranch West Ph 1, BLOCK B, Lot 49","L591503E"," ","S7489 - Avery Ranch West Ph 1","Real","$482,777","$482,777"
"R402853","R-17-W308-810B-0050-0008","SPILLMAN, GREGORY VORNHOLT & SHERIDAN ANN","14441 LILLEY BROOK CV  AUSTIN, TX 78717","14441 LILLEY BROOK CV, AUSTIN, TX  78717","S7489 - Avery Ranch West Ph 1, BLOCK B, Lot 50","L591503E"," ","S7489 - Avery Ranch West Ph 1","Real","$468,941","$468,941"
"R402856","R-17-W308-810B-0053-0008","HAMEED, MOHAMED RIYAZ & MANJU AYYAKKANNU","820 SANGER LN LEANDER, TX 78641-5941","14452 LILLEY BROOK CV, AUSTIN, TX  78717","S7489 - Avery Ranch West Ph 1, BLOCK B, Lot 53","L591503E"," ","S7489 - Avery Ranch West Ph 1","Real","$473,753","$473,753"
"R402859","R-17-W308-810B-0056-0008","BAKSHI, RAHUL & KASHMIRA","1028 LEO DR  SAN JOSE, CA 95129-3308","14440 LILLEY BROOK CV, AUSTIN, TX  78717","S7489 - Avery Ranch West Ph 1, BLOCK B, Lot 56","L591503E"," ","S7489 - Avery Ranch West Ph 1","Real","$480,775","$480,775"
"R402861","R-17-W308-810B-0058-0008","SANDERS, FREDERICK E","PO BOX 5564 COMPTON, CA 90224-5564","14432 LILLEY BROOK CV, AUSTIN, TX  78717","S7489 - Avery Ranch West Ph 1, BLOCK B, Lot 58","L591503E"," ","S7489 - Avery Ranch West Ph 1","Real","$436,562","$436,562"
"R402864","R-17-W308-810B-0061-0008","XU, LI","11608 SPICEWOOD PKWY  #STE 20 AUSTIN, TX 78750","14420 LILLEY BROOK CV, AUSTIN, TX  78717","S7489 - Avery Ranch West Ph 1, BLOCK B, Lot 61","L591503E"," ","S7489 - Avery Ranch West Ph 1","Real","$435,116","$435,116"
"R402867","R-17-W308-810B-0064-0008","CHEN, HUI","16505 ALONG CREEK CV  AUSTIN, TX 78717","14408 LILLEY BROOK CV, AUSTIN, TX  78717","S7489 - Avery Ranch West Ph 1, BLOCK B, Lot 64","L591503E"," ","S7489 - Avery Ranch West Ph 1","Real","$386,424","$386,424"
"R402870","R-17-W308-810C-0001-0008","FITZPATRICK, LORENZO (TOD) & SANDRA (TOD)","14313 MOWSBURY DR  AUSTIN, TX 78717","14313 MOWSBURY DR, AUSTIN, TX  78717","S7489 - Avery Ranch West Ph 1, BLOCK C, Lot 1","L591503E"," ","S7489 - Avery Ranch West Ph 1","Real","$438,529","$438,529"
"R402873","R-17-W308-810C-0004-0008","ZHANG, HAIFANG & JUANYI YIN","10904 GAILLARDIA AUSTIN, TX 78733-5760","10512 HAINSWORTH PARK, AUSTIN, TX  78717","S7489 - Avery Ranch West Ph 1, BLOCK C, Lot 4","L591503E"," ","S7489 - Avery Ranch West Ph 1","Real","$479,009","$479,009"
"R402876","R-17-W308-810E-0002-0008","ROBINSON, MARIE ANN & RAUL RODRIGUEZ","10890 TANTLINGER DR TUSTIN, CA 92782-1394","14404 MOWSBURY DR, AUSTIN, TX  78717","S7489 - Avery Ranch West Ph 1, BLOCK E, Lot 2","L591503E"," ","S7489 - Avery Ranch West Ph 1","Real","$423,306","$423,306"
"R402879","R-17-W308-810E-0005-0008","YE, FENG","P O BOX 170878 AUSTIN, TX 78717","14416 MOWSBURY DR, AUSTIN, TX  78717","S7489 - Avery Ranch West Ph 1, BLOCK E, Lot 5","L591503E"," ","S7489 - Avery Ranch West Ph 1","Real","$387,642","$387,642"
"R402881","R-17-W308-810E-0007-0008","KHORSANDIAN, FUAD","11956 BERNARDO PLAZA DR # 151 SAN DIEGO, TX 92128-2538","14424 MOWSBURY DR, AUSTIN, TX  78717","S7489 - Avery Ranch West Ph 1, BLOCK E, Lot 7","L591503E"," ","S7489 - Avery Ranch West Ph 1","Real","$410,400","$410,400"
"R402884","R-17-W308-810E-0010-0008","KANNAN, CHIDAMBARAM & MANJULA DEVI MALAIARASAN","3347 HIDALGO LOOP  ROUND ROCK, TX 78665-2158","14504 MOWSBURY DR, AUSTIN, TX  78717","S7489 - Avery Ranch West Ph 1, BLOCK E, Lot 10","L591503E"," ","S7489 - Avery Ranch West Ph 1","Real","$418,878","$418,878"
"R402887","R-17-W308-810E-0013-0008","KIM, JAEWEON & AERI","114 SHETLAND LN  CEDAR PARK, TX 78613-7752","14516 MOWSBURY DR, AUSTIN, TX  78717","S7489 - Avery Ranch West Ph 1, BLOCK E, Lot 13","L591503E"," ","S7489 - Avery Ranch West Ph 1","Real","$428,000","$428,000"
"R402890","R-17-W308-810E-0016-0008","SHIRAI, FUREA","14528 MOWSBURY DR  AUSTIN, TX 78717","14528 MOWSBURY DR, AUSTIN, TX  78717","S7489 - Avery Ranch West Ph 1, BLOCK E, Lot 16","L591503E"," ","S7489 - Avery Ranch West Ph 1","Real","$423,922","$423,922"
"R402894","R-17-W308-810F-0010-0008","KUEHL, STUART L & LINDA G","14517 WHARTON PARK TRL  AUSTIN, TX 78717-4408","14517 WHARTON PARK TRL, AUSTIN, TX  78717","S7489 - Avery Ranch West Ph 1, BLOCK F, Lot 10","L591503E"," ","S7489 - Avery Ranch West Ph 1","Real","$514,840","$514,840"
"R402897","R-17-W308-810F-0013-0008","PARROTT, KYLE AUSTIN & ANNA HAIKL","14529 WHARTON PARK TRL  AUSTIN, TX 78717-4408","14529 WHARTON PARK TRL, AUSTIN, TX  78717","S7489 - Avery Ranch West Ph 1, BLOCK F, Lot 13","L591503E"," ","S7489 - Avery Ranch West Ph 1","Real","$553,321","$553,321"
"R402900","R-17-W308-810F-0016-0008","COLBURN, CHRISTOPHER LYNN","14528 WHORTON PARK TRL  AUSTIN, TX 78717","14528 WHARTON PARK TRL, AUSTIN, TX  78717","AVERY RANCH WEST PH 1, BLOCK F, LOT 16","L591503E"," ","S7489 - Avery Ranch West Ph 1","Real","$551,677","$551,677"
"R402902","R-17-W308-810F-0018-0008","ANDERSON, ZACH & HEATHER","10709 SYCAMORE HILLS RD  AUSTIN, TX 78717","10709 SYCAMORE HILLS RD, AUSTIN, TX  78717","S7489 - Avery Ranch West Ph 1, BLOCK F, Lot 18","L591503E"," ","S7489 - Avery Ranch West Ph 1","Real","$556,551","$556,551"
"R402903","R-17-W308-810F-0019-0008","ABDE NAVEED FARUQUI & NOREEN MUNSHI TRS ABDE & NOREEN FARUQUI LIV TRUST","1146 FOREST CREEK DR  SAN JOSE, CA 95129","10713 SYCAMORE HILLS RD, AUSTIN, TX  78717","S7489 - Avery Ranch West Ph 1, BLOCK F, Lot 19","L591503E"," ","S7489 - Avery Ranch West Ph 1","Real","$429,553","$429,553"
"R402905","R-17-W308-810F-0021-0008","ROMAN, CARLOS RAFAEL JR & KRYSTALLE M","10721 SYCAMORE HILLS RD  AUSTIN, TX 78717-4402","10721 SYCAMORE HILLS RD, AUSTIN, TX  78717","S7489 - Avery Ranch West Ph 1, BLOCK F, Lot 21","L591503E"," ","S7489 - Avery Ranch West Ph 1","Real","$685,298","$685,298"
"R402908","R-17-W308-810F-0024-0008","RACHAMALLA, KAVYA & HEMANTH K REMALA","10728 CANOA HILLS TRL N AUSTIN, TX 78717","10728 CANOA HILLS TRL N, AUSTIN, TX  78717","S7489 - Avery Ranch West Ph 1, BLOCK F, Lot 24","L591503E"," ","S7489 - Avery Ranch West Ph 1","Real","$640,582","$640,582"
"R402911","R-17-W308-810F-0027-0008","AVERY RANCH OWNERS ASSOC INC","PO BOX 702348 DALLAS, TX 75370-2348","10700 NORTH CANOA HILLS TRL, AUSTIN, TX  78717","S7489 - Avery Ranch West Ph 1, BLOCK F, Lot 27, ACRES 0.05, (LANDSCAPE)","L591503E"," ","S7489 - Avery Ranch West Ph 1","Real","$300","$300"
"R402914","R-17-W308-810G-0011-0008","PHAM, ANH-TUAN","10712 SYCAMORE HILLS RD AUSTIN, TX 78717-4402","10712 SYCAMORE HILLS RD, AUSTIN, TX  78717","S7489 - Avery Ranch West Ph 1, BLOCK G, Lot 11","L591503E"," ","S7489 - Avery Ranch West Ph 1","Real","$538,499","$538,499"
"R402917","R-17-W308-810G-0014-0008","RAYA, THEJASWI HANUMANTHA & SPURTHI CHANDRAMMA UGRAPPA","14501 TEMPLEMORE CV  AUSTIN, TX 78717-4401","14501 TEMPLEMORE CV, AUSTIN, TX  78717","S7489 - Avery Ranch West Ph 1, BLOCK G, Lot 14","L591503E"," ","S7489 - Avery Ranch West Ph 1","Real","$500,320","$500,320"
"R402920","R-17-W308-810G-0017-0008","GARCIA, J CHRISTOPHER & SANDRA KRISTINE","14508 TEMPLEMORE CV  AUSTIN, TX 78717","14508 TEMPLEMORE CV, AUSTIN, TX  78717","S7489 - Avery Ranch West Ph 1, BLOCK G, Lot 17","L591503E"," ","S7489 - Avery Ranch West Ph 1","Real","$609,995","$609,995"
"R402922","R-17-W308-810G-0019-0008","HOWARD, KEITH A & TAMMY M","10724 SYCAMORE HILLS RD AUSTIN, TX 78717-4402","10724 SYCAMORE HILLS RD, AUSTIN, TX  78717","S7489 - Avery Ranch West Ph 1, BLOCK G, Lot 19","L591503E"," ","S7489 - Avery Ranch West Ph 1","Real","$626,681","$626,681"
"R402923","R-17-W308-810G-0020-0008","MAGOON, CHANDER P","10728 SYCAMORE HILLS RD  AUSTIN, TX 78717","10728 SYCAMORE HILLS RD, AUSTIN, TX  78717","S7489 - Avery Ranch West Ph 1, BLOCK G, Lot 20","L591503E"," ","S7489 - Avery Ranch West Ph 1","Real","$606,499","$606,499"
"R402925","R-17-W308-810H-0002-0008","LOCKWOOD, STEVEN T & SHELLEY R CLARK","10732 KILKEE CV  AUSTIN, TX 78717-4409","10732 KILKEE CV, AUSTIN, TX  78717","S7489 - Avery Ranch West Ph 1, BLOCK H, Lot 2","L591503E"," ","S7489 - Avery Ranch West Ph 1","Real","$456,269","$456,269"
"R402928","R-17-W308-810H-0005-0008","SULLIVAN, CHARLOTTE","10720 KILKEE CV AUSTIN, TX 78717-4409","10720 KILKEE CV, AUSTIN, TX  78717","S7489 - Avery Ranch West Ph 1, BLOCK H, Lot 5","L591503E"," ","S7489 - Avery Ranch West Ph 1","Real","$518,310","$518,310"
"R402931","R-17-W308-810H-0008-0008","SRIJITH RAJKUMAR NAIR & ASHA SASIKUMAR TRS KAMPURATH FAMILY TRUST","10708 KILKEE CV  AUSTIN, TX 78717-4409","10708 KILKEE CV, AUSTIN, TX  78717","S7489 - Avery Ranch West Ph 1, BLOCK H, Lot 8","L591503E"," ","S7489 - Avery Ranch West Ph 1","Real","$524,564","$524,564"
"R402934","R-17-W308-810H-0011-0008","STEWART, MICHAEL","10701 KILKEE CV  AUSTIN, TX 78717","10701 KILKEE CV, AUSTIN, TX  78717","S7489 - Avery Ranch West Ph 1, BLOCK H, Lot 11","L591503E"," ","S7489 - Avery Ranch West Ph 1","Real","$518,698","$518,698"
"R402937","R-17-W308-810H-0014-0008","HENSHALL, CARLYNN & JASON","10713 KILKEE CV  AUSTIN, TX 78717","10713 KILKEE CV, AUSTIN, TX  78717","S7489 - Avery Ranch West Ph 1, BLOCK H, Lot 14","L591503E"," ","S7489 - Avery Ranch West Ph 1","Real","$563,965","$563,965"
"R402940","R-17-W308-810H-0017-0008","NEELAKANTAN, ESWARA & RAMALAKSHMI SUBRAMONIA PILLAY","10725 KILKEE CV  AUSTIN, TX 78717","10725 KILKEE CV, AUSTIN, TX  78717","S7489 - Avery Ranch West Ph 1, BLOCK H, Lot 17","L591503E"," ","S7489 - Avery Ranch West Ph 1","Real","$657,348","$657,348"
"R402943","R-17-W308-810H-0020-0008","SCHUH, RAFAEL A & ADRIANA VELASCO","14625 BANBRIDGE TRL  AUSTIN, TX 78717","14625 BANBRIDGE TRL, AUSTIN, TX  78717","S7489 - Avery Ranch West Ph 1, BLOCK H, Lot 20","L591503E"," ","S7489 - Avery Ranch West Ph 1","Real","$699,361","$699,361"
"R402945","R-17-W308-810H-0022-0008","LAVIN, EDWARD F & KATHRYN","14705 BANBRIDGE TRL  AUSTIN, TX 78717","14705 BANBRIDGE TRL, AUSTIN, TX  78717","S7489 - Avery Ranch West Ph 1, BLOCK H, Lot 22","L591503E"," ","S7489 - Avery Ranch West Ph 1","Real","$645,895","$645,895"
"R402948","R-17-W308-810H-0025-0008","YOUNG, GREG A & LISA M","14717 BANBRIDGE TRL AUSTIN, TX 78717-4407","14717 BANBRIDGE TRL, AUSTIN, TX  78717","S7489 - Avery Ranch West Ph 1, BLOCK H, Lot 25","L591503E"," ","S7489 - Avery Ranch West Ph 1","Real","$626,457","$626,457"
"R402951","R-17-W308-810H-0028-0008","PAMPELL, JANICE","14729 BANBRIDGE TRL  AUSTIN, TX 78717","14729 BANBRIDGE TRL, AUSTIN, TX  78717","S7489 - Avery Ranch West Ph 1, BLOCK H, Lot 28","L591503E"," ","S7489 - Avery Ranch West Ph 1","Real","$508,536","$508,536"
"R402954","R-17-W308-810H-0031-0008","NETT, RYAN MICHAEL & NICOLE SUZANNE SCHWARTZ","14801 BANBRIDGE TRL AUSTIN, TX 78717-4417","14801 BANBRIDGE TRL, AUSTIN, TX  78717","S7489 - Avery Ranch West Ph 1, BLOCK H, Lot 31","L591503E"," ","S7489 - Avery Ranch West Ph 1","Real","$673,735","$683,450"
"R402957","R-17-W308-810H-0034-0008","STEELE, LARRY L","14905 BANBRIDGE TRL  AUSTIN, TX 78717","14905 BANBRIDGE TRL, AUSTIN, TX  78717","S7489 - Avery Ranch West Ph 1, BLOCK H, Lot 34","L591503E"," ","S7489 - Avery Ranch West Ph 1","Real","$523,418","$523,418"
"R402959","R-17-W308-810H-0036-0008","LEE, YOUNG MI","14913 BANBRIDGE TRL  AUSTIN, TX 78717","14913 BANBRIDGE TRL, AUSTIN, TX  78717","S7489 - Avery Ranch West Ph 1, BLOCK H, Lot 36","L591503E"," ","S7489 - Avery Ranch West Ph 1","Real","$668,893","$668,893"
"R402960","R-17-W308-810H-0037-0008","SYLVIA JARAMILLO OF SYLVIA JARAMILLO REVOCABLE TRUST & RODOLFO JARAMILLO","10811 CENTENNIAL TRL  AUSTIN, TX 78726-1463","14917 BANBRIDGE TRL, AUSTIN, TX  78717","S7489 - Avery Ranch West Ph 1, BLOCK H, Lot 37","L591503E"," ","S7489 - Avery Ranch West Ph 1","Real","$543,310","$543,310"
"R402963","R-17-W308-810H-0053-0008","JAYAKUMAR, JAYAPRAKASH & VINITHA MANI","10912 N CANOA HILLS TRL  AUSTIN, TX 78717-4415","10912 CANOA HILLS TRL N, AUSTIN, TX  78717","S7489 - Avery Ranch West Ph 1, BLOCK H, Lot 53","L591503E"," ","S7489 - Avery Ranch West Ph 1","Real","$485,257","$485,257"
"R402965","R-17-W308-810H-0055-0008","WILK, WOJCIECH & IWONA KLEMENTYNA","10904 N CANOA HILLS TRL  AUSTIN, TX 78717","10904 CANOA HILLS TRL N, AUSTIN, TX  78717","S7489 - Avery Ranch West Ph 1, BLOCK H, Lot 55","L591503E"," ","S7489 - Avery Ranch West Ph 1","Real","$508,042","$508,042"
"R402966","R-17-W308-810H-0056-0008","DHROLIA, ASHMIR & AFSHEEN HAMID","10900 N CANOA HILLS TRL  AUSTIN, TX 78717","10900 CANOA HILLS TRL N, AUSTIN, TX  78717","S7489 - Avery Ranch West Ph 1, BLOCK H, Lot 56","L591503E"," ","S7489 - Avery Ranch West Ph 1","Real","$646,355","$646,355"
"R402968","R-17-W308-810I-0013-0008","GOODWIN, ALANM & SARAH A","10808 N CANOA HILLS TRL  AUSTIN, TX 78717-4414","10808 CANOA HILLS TRL N, AUSTIN, TX  78717","S7489 - Avery Ranch West Ph 1, BLOCK I, Lot 13","L591503E"," ","S7489 - Avery Ranch West Ph 1","Real","$564,171","$564,171"
"R402971","R-17-W308-810I-0016-0008","DRAGO, ABELARDO & LINDA D","14532 BANBRIDGE TRL  AUSTIN, TX 78717-4405","14532 BANBRIDGE TRL, AUSTIN, TX  78717","S7489 - Avery Ranch West Ph 1, BLOCK I, Lot 16","L591503E"," ","S7489 - Avery Ranch West Ph 1","Real","$532,520","$532,520"
"R402975","R-17-W308-810J-0010-0008","RAJ, VIKRAM B","14541 BALLIMAMORE DR  AUSTIN, TX 78717","14541 BALLIMAMORE DR, AUSTIN, TX  78717","S7489 - Avery Ranch West Ph 1, BLOCK J, Lot 10","L591503E"," ","S7489 - Avery Ranch West Ph 1","Real","$447,852","$447,852"
"R402978","R-17-W308-810K-0002-0008","Unknown","Unknown","10913 CANOA HILLS TRL N, AUSTIN, TX  78717","S7489 - Avery Ranch West Ph 1, BLOCK K, Lot 2","L591503E"," ","S7489 - Avery Ranch West Ph 1","Real","$589,995","$589,995"
"R402981","R-17-W308-810K-0005-0008","SUBRAMANI, DINESH & KAVITHA SUBRAMANIAN","10901 N CANOA HILLS TRL  AUSTIN, TX 78717","10901 CANOA HILLS TRL N, AUSTIN, TX  78717","S7489 - Avery Ranch West Ph 1, BLOCK K, Lot 5","L591503E"," ","S7489 - Avery Ranch West Ph 1","Real","$612,767","$612,767"
"R402984","R-17-W308-810K-0008-0008","RANGANATHAN, PRABHU & SHILPA JAYARAMASWAMY SULOCHANA","14812 BANBRIDGE TRL  AUSTIN, TX 78717","14812 BANBRIDGE TRL, AUSTIN, TX  78717","S7489 - Avery Ranch West Ph 1, BLOCK K, Lot 8","L591503E"," ","S7489 - Avery Ranch West Ph 1","Real","$617,958","$617,958"
"R402986","R-17-W308-810K-0010-0008","DEGIS, ALEXANDER & ELAINE","14804 BANBRIDGE TRL  AUSTIN, TX 78717","14804 BANBRIDGE TRL, AUSTIN, TX  78717","S7489 - Avery Ranch West Ph 1, BLOCK K, Lot 10","L591503E"," ","S7489 - Avery Ranch West Ph 1","Real","$629,933","$629,933"
"R402987","R-17-W308-810K-0011-0008","LIANG, JIAZI & LINGYI QIU","14800 BANBRIDGE TRL  AUSTIN, TX 78717-4417","14800 BANBRIDGE TRL, AUSTIN, TX  78717","S7489 - Avery Ranch West Ph 1, BLOCK K, Lot 11","L591503E"," ","S7489 - Avery Ranch West Ph 1","Real","$664,012","$664,012"
"R402989","R-17-W308-810L-0002-0008","BABAJIDE O OLANREWAJU & PEARL N OLANREWAJU TRS OLANREWAJU REVOCABLE LIVING TRUST","14605 BALLIMAMORE DR  AUSTIN, TX 78717-4413","14605 BALLIMAMORE DR, AUSTIN, TX  78717","S7489 - Avery Ranch West Ph 1, BLOCK L, Lot 2","L591503E"," ","S7489 - Avery Ranch West Ph 1","Real","$635,169","$635,169"
"R402992","R-17-W308-810L-0005-0008","MORGAN, DARNELL S","14600 BALLYCLARC DR AUSTIN, TX 78717-4411","14600 BALLYCLARC DR, AUSTIN, TX  78717","S7489 - Avery Ranch West Ph 1, BLOCK L, Lot 5","L591503E"," ","S7489 - Avery Ranch West Ph 1","Real","$560,845","$560,845"
"R402995","R-17-W308-810L-0008-0008","HO, MICHAEL NHAT MINH","14612 BALLYCLARC DR  AUSTIN, TX 78717","14612 BALLYCLARC DR, AUSTIN, TX  78717","S7489 - Avery Ranch West Ph 1, BLOCK L, Lot 8","L591503E"," ","S7489 - Avery Ranch West Ph 1","Real","$658,686","$658,686"
"R402998","R-17-W308-810M-0002-0008","GUO, XIUYAN & YONGZHENG CONG","12 RIDGEWOOD TER CHAPPAQUA, NY 10514-3519","14605 BALLYCLARC DR, AUSTIN, TX  78717","S7489 - Avery Ranch West Ph 1, BLOCK M, Lot 2","L591503E"," ","S7489 - Avery Ranch West Ph 1","Real","$537,446","$537,446"
"R403001","R-17-W308-810M-0005-0008","MANGIERI, ROB","14617 BALLYCLARC DR  AUSTIN, TX 78717","14617 BALLYCLARC DR, AUSTIN, TX  78717","S7489 - Avery Ranch West Ph 1, BLOCK M, Lot 5","L591503E"," ","S7489 - Avery Ranch West Ph 1","Real","$638,687","$638,687"
"R403004","R-17-W308-810M-0008-0008","JACOB, JEMY THOMAS & LILIB KURIAN","14608 BAINBRIDGE TRL  AUSTIN, TX 78717","14608 BANBRIDGE TRL, AUSTIN, TX  78717","S7489 - Avery Ranch West Ph 1, BLOCK M, Lot 8","L591503E"," ","S7489 - Avery Ranch West Ph 1","Real","$535,673","$535,673"
"R403007","R-17-W308-810O-0001-0008","AVERY RANCH OWNERS ASSOC INC","PO BOX 702348 DALLAS, TX 75370-2348","10617 SOUTH CANOA HILLS TRL, AUSTIN, TX  78717","S7489 - Avery Ranch West Ph 1, BLOCK O, Lot 1, ACRES 0.03, (LANDSCAPE)","L591503E"," ","S7489 - Avery Ranch West Ph 1","Real","$300","$300"
"R403010","R-17-W308-810Q-0001-0008","HUYNH, TAM","14328 MOWSBURY DR  AUSTIN, TX 78717","14328 MOWSBURY DR, AUSTIN, TX  78717","S7489 - Avery Ranch West Ph 1, BLOCK Q, Lot 1","L591503E"," ","S7489 - Avery Ranch West Ph 1","Real","$420,878","$420,878"
"R403013","R-17-W308-810Q-0004-0008","MARTIN, DENISE","14316 MOWSBURY  AUSTIN, TX 78717","14316 MOWSBURY DR, AUSTIN, TX  78717","S7489 - Avery Ranch West Ph 1, BLOCK Q, Lot 4","L591503E"," ","S7489 - Avery Ranch West Ph 1","Real","$401,247","$401,247"
"R403016","R-17-W308-810R-0001-0008","AVERY RANCH OWNERS ASSOC INC","PO BOX 702348 DALLAS, TX 75370-2348","CANOA HILLS TRL, AUSTIN, TX  78717","S7489 - Avery Ranch West Ph 1, BLOCK R, Lot 1, ACRES 0.02, (LANDSCAPE)","L591503E"," ","S7489 - Avery Ranch West Ph 1","Real","$300","$300"
"R411290","R-17-W308-820B-0027-0008","LI, ZHEN","14516 BALLYCASTLE TRL  AUSTIN, TX 78717","14516 BALLYCASTLE TRL, AUSTIN, TX  78717","S7715 - Avery Ranch West Ph 2, BLOCK B, Lot 27","L591503E"," ","S7715 - Avery Ranch West Ph 2","Real","$419,723","$419,723"
"R411292","R-17-W308-820B-0029-0008","FENG, DANIEL Z & WENDY W XIE","7109 BAREFOOT CV AUSTIN, TX 78730-1524","14508 BALLYCASTLE TRL, AUSTIN, TX  78717","S7715 - Avery Ranch West Ph 2, BLOCK B, Lot 29","L591503E"," ","S7715 - Avery Ranch West Ph 2","Real","$438,083","$438,083"
"R411295","R-17-W308-820B-0032-0008","SERIES 11428 BALLYCASTLE SEP SERIES OF NEPENTHE INVESTMENTS LLC","11100 CENTENNIAL TRL  AUSTIN, TX 78726","14428 BALLYCASTLE TRL, AUSTIN, TX  78717","S7715 - Avery Ranch West Ph 2, BLOCK B, Lot 32","L591503E"," ","S7715 - Avery Ranch West Ph 2","Real","$391,443","$391,443"
"R411298","R-17-W308-820B-0035-0008","TURNER, BRAD CARLISLE & CUC LAI","14416 BALLYCASTLE TRL  AUSTIN, TX 78717","14416 BALLYCASTLE TRL, AUSTIN, TX  78717","S7715 - Avery Ranch West Ph 2, BLOCK B, Lot 35","L591503E"," ","S7715 - Avery Ranch West Ph 2","Real","$436,409","$436,409"
"R411301","R-17-W308-820B-0038-0008","KEE, HO JIN","10421 PINEVILLE AVE  CUPERTINO, CA 95014","14404 BALLYCASTLE TRL, AUSTIN, TX  78717","S7715 - Avery Ranch West Ph 2, BLOCK B, Lot 38","L591503E"," ","S7715 - Avery Ranch West Ph 2","Real","$465,226","$465,226"
"R411304","R-17-W308-820C-0007-0008","PUTMAN, JOEL B & SUSAN","14312 BALLYCASTLE TRL  AUSTIN, TX 78717-4435","14312 BALLYCASTLE TRL, AUSTIN, TX  78717","S7715 - Avery Ranch West Ph 2, BLOCK C, Lot 7","L591503E"," ","S7715 - Avery Ranch West Ph 2","Real","$472,083","$472,083"
"R411307","R-17-W308-820C-0010-0008","ROSANIA, ELENA R & LUIS ZAMBRANO","14300 BALLYCASTLE TRL  AUSTIN, TX 78717","14300 BALLYCASTLE TRL, AUSTIN, TX  78717","S7715 - Avery Ranch West Ph 2, BLOCK C, Lot 10","L591503E"," ","S7715 - Avery Ranch West Ph 2","Real","$475,144","$475,144"
"R411310","R-17-W308-820C-0013-0008","HERRING, DEANNA SUZANNE","10517 FOSSEWAY DR  AUSTIN, TX 78717","10517 FOSSEWAY DR, AUSTIN, TX  78717","S7715 - Avery Ranch West Ph 2, BLOCK C, Lot 13","L591503E"," ","S7715 - Avery Ranch West Ph 2","Real","$436,409","$436,409"
"R411312","R-17-W308-820C-0015-0008","GAEKWAD, KARTHIK","11324 ALHAMBRA DR AUSTIN, TX 78759-4948","14301 MOWSBURY DR, AUSTIN, TX  78717","S7715 - Avery Ranch West Ph 2, BLOCK C, Lot 15","L591503E"," ","S7715 - Avery Ranch West Ph 2","Real","$433,654","$433,654"
"R411315","R-17-W308-820D-0001-0008","SIU, AUSTIN J","10801 CASITAS DR AUSTIN, TX 78717-3873","10501 DUNHAM FOREST RD, AUSTIN, TX  78717","S7715 - Avery Ranch West Ph 2, BLOCK D, Lot 1","L591503E"," ","S7715 - Avery Ranch West Ph 2","Real","$475,581","$475,581"
"R411318","R-17-W308-820D-0004-0008","TRIBBLE, GREG T & DALIA R","10513 DUNHAM FOREST RD  AUSTIN, TX 78717","10513 DUNHAM FOREST RD, AUSTIN, TX  78717","S7715 - Avery Ranch West Ph 2, BLOCK D, Lot 4","L591503E"," ","S7715 - Avery Ranch West Ph 2","Real","$451,330","$451,330"
"R411321","R-17-W308-820D-0007-0008","CERVENKA, JOLEEN M & MICHAEL W","2206 EQUESTRIAN TRL  AUSTIN, TX 78717","10500 FOSSEWAY DR, AUSTIN, TX  78717","S7715 - Avery Ranch West Ph 2, BLOCK D, Lot 7","L591503E"," ","S7715 - Avery Ranch West Ph 2","Real","$399,658","$399,658"
"R411324","R-17-W308-820D-0010-0008","AMORIM, FABIANA DA SILVA","10512 FOSSEWAY DR  AUSTIN, TX 78717","10512 FOSSEWAY DR, AUSTIN, TX  78717","S7715 - Avery Ranch West Ph 2, BLOCK D, Lot 10","L591503E"," ","S7715 - Avery Ranch West Ph 2","Real","$446,541","$446,541"
"R411327","R-17-W308-820D-0013-0008","LIMON, MICHAEL A & CARMEN VEGA","14213 MOWSBURY DR  AUSTIN, TX 78717-4444","14213 MOWSBURY DR, AUSTIN, TX  78717","S7715 - Avery Ranch West Ph 2, BLOCK D, Lot 13","L591503E"," ","S7715 - Avery Ranch West Ph 2","Real","$493,668","$493,668"
"R411329","R-17-W308-820D-0015-0008","BEASLEY, CHRIS C & SHARON K","14205 MOWSBURY DR AUSTIN, TX 78717-4444","14205 MOWSBURY DR, AUSTIN, TX  78717","S7715 - Avery Ranch West Ph 2, BLOCK D, Lot 15","L591503E"," ","S7715 - Avery Ranch West Ph 2","Real","$490,235","$490,235"
"R411330","R-17-W308-820D-0016-0008","MICHALZ, ALICIA R & JENS","14201 MOWSBURY DR  AUSTIN, TX 78717-4444","14201 MOWSBURY DR, AUSTIN, TX  78717","S7715 - Avery Ranch West Ph 2, BLOCK D, Lot 16","L591503E"," ","S7715 - Avery Ranch West Ph 2","Real","$477,254","$477,254"
"R411332","R-17-W308-820F-0002-0008","KATHRYN & STEVE MORELAND REVOCABLE LIVING TRUST","14405 WHARTON PARK TRL  AUSTIN, TX 78717-4442","14405 WHARTON PARK TRL, AUSTIN, TX  78717","S7715 - Avery Ranch West Ph 2, BLOCK F, Lot 2","L591503E"," ","S7715 - Avery Ranch West Ph 2","Real","$514,029","$514,029"
"R411333","R-17-W308-820F-0003-0008","TRINH, VIET TRUNG & STEPHANIE FAWN","13212 COUNTRY LAKE DR  AUSTIN, TX 78732","14409 WHARTON PARK TRL, AUSTIN, TX  78717","S7715 - Avery Ranch West Ph 2, BLOCK F, Lot 3","L591503E"," ","S7715 - Avery Ranch West Ph 2","Real","$453,919","$453,919"
"R411335","R-17-W308-820F-0005-0008","CARRIER, ROBERT & ALLISON","14417 WHARTON PARK TRL  AUSTIN, TX 78717","14417 WHARTON PARK TRL, AUSTIN, TX  78717","S7715 - Avery Ranch West Ph 2, BLOCK F, Lot 5","L591503E"," ","S7715 - Avery Ranch West Ph 2","Real","$438,340","$438,340"
"R411338","R-17-W308-820F-0008-0008","ANDERSON, JACOB & NATALIA","14509 WHARTON PARK TRL  AUSTIN, TX 78717","14509 WHARTON PARK TRL, AUSTIN, TX  78717","S7715 - Avery Ranch West Ph 2, BLOCK F, Lot 8","L591503E"," ","S7715 - Avery Ranch West Ph 2","Real","$457,556","$457,556"
"R411341","R-17-W308-820G-0001-0008","REED, JANE BISHOP (TOD)","14400 WHARTON PARK TRL  AUSTIN, TX 78717-4442","14400 WHARTON PARK TRL, AUSTIN, TX  78717","S7715 - Avery Ranch West Ph 2, BLOCK G, Lot 1","L591503E"," ","S7715 - Avery Ranch West Ph 2","Real","$623,504","$623,504"
"R411344","R-17-W308-820G-0004-0008","KAWANO, PAUL I & TOSHIKO N REVOCABLE TRUST","2015 DURANGO DR  MONTEREY PARK, CA 91754-2118","14412 WHARTON PARK TRL, AUSTIN, TX  78717","S7715 - Avery Ranch West Ph 2, BLOCK G, Lot 4","L591503E"," ","S7715 - Avery Ranch West Ph 2","Real","$450,268","$450,268"
"R411347","R-17-W308-820G-0007-0008","MANN, KRISLYN K & PAUL K","14508 WHARTON PARK TRL  AUSTIN, TX 78717","14508 WHARTON PARK TRL, AUSTIN, TX  78717","S7715 - Avery Ranch West Ph 2, BLOCK G, Lot 7","L591503E"," ","S7715 - Avery Ranch West Ph 2","Real","$535,105","$535,105"
"R411350","R-17-W308-820G-0022-0008","DOBBS, VERLYNDA & WILLIAM MACKEY FROEHNER","14509 BANBRIDGE TRL  AUSTIN, TX 78717","14509 BANBRIDGE TRL, AUSTIN, TX  78717","S7715 - Avery Ranch West Ph 2, BLOCK G, Lot 22","L591503E"," ","S7715 - Avery Ranch West Ph 2","Real","$547,689","$547,689"
"R411352","R-17-W308-820G-0024-0008","MANSOOR, SABA","16305 HORSE TRAP LN  AUSTIN, TX 78717-4202","10825 QUARRY OAKS TRL, AUSTIN, TX  78717","S7715 - Avery Ranch West Ph 2, BLOCK G, Lot 24","L591503E"," ","S7715 - Avery Ranch West Ph 2","Real","$501,709","$501,709"
"R411353","R-17-W308-820G-0025-0008","KNIGHT, MARK J & KATHLYNN D","10821 QUARRY OAKS TRL  AUSTIN, TX 78717-4438","10821 QUARRY OAKS TRL, AUSTIN, TX  78717","S7715 - Avery Ranch West Ph 2, BLOCK G, Lot 25","L591503E"," ","S7715 - Avery Ranch West Ph 2","Real","$561,075","$561,075"
"R411355","R-17-W308-820G-0027-0008","VARRIER, LAKSHMI RAMACHANDRA & RENJITH GOPALAKRISHNAN WARIER PADINHARE VARIYAM","10813 QUARRY OAKS TRL  AUSTIN, TX 78717-4438","10813 QUARRY OAKS TRL, AUSTIN, TX  78717","S7715 - Avery Ranch West Ph 2, BLOCK G, Lot 27","L591503E"," ","S7715 - Avery Ranch West Ph 2","Real","$664,219","$664,219"
"R411358","R-17-W308-820G-0030-0008","STERLING, MERLE DOUGLAS","10801 QUARRY OAKS TRL AUSTIN, TX 78717-4438","10801 QUARRY OAKS TRL, AUSTIN, TX  78717","S7715 - Avery Ranch West Ph 2, BLOCK G, Lot 30","L591503E"," ","S7715 - Avery Ranch West Ph 2","Real","$536,843","$536,843"
"R411361","R-17-W308-820G-0033-0008","ECHEGOYEN, JACQUELINE","10729 QUARRY OAKS TRL  AUSTIN, TX 78717","10729 QUARRY OAKS TRL, AUSTIN, TX  78717","S7715 - Avery Ranch West Ph 2, BLOCK G, Lot 33","L591503E"," ","S7715 - Avery Ranch West Ph 2","Real","$756,390","$756,390"
"R411364","R-17-W308-820G-0036-0008","WALLACE, KENNETH Y","10712 RATHDOWNEY CV  AUSTIN, TX 78717","10712 RATHDOWNEY CV, AUSTIN, TX  78717","S7715 - Avery Ranch West Ph 2, BLOCK G, Lot 36","L591503E"," ","S7715 - Avery Ranch West Ph 2","Real","$639,988","$639,988"
"R411366","R-17-W308-820G-0038-0008","HERRMANN, ROBERT WAYNE","10720 RATHDOWNEY CV AUSTIN, TX 78717-4441","10720 RATHDOWNEY CV, AUSTIN, TX  78717","S7715 - Avery Ranch West Ph 2, BLOCK G, Lot 38","L591503E"," ","S7715 - Avery Ranch West Ph 2","Real","$461,428","$461,428"
"R411367","R-17-W308-820G-0039-0008","ANWER, MUBASHIR & MUBEEN & SAIRA","10721 RATHDOWNEY CV  AUSTIN, TX 78717","10721 RATHDOWNEY CV, AUSTIN, TX  78717","S7715 - Avery Ranch West Ph 2, BLOCK G, Lot 39","L591503E"," ","S7715 - Avery Ranch West Ph 2","Real","$641,520","$641,520"
"R411370","R-17-W308-820H-0039-0008","CHITTIM, MARY B","14925 BANBRIDGE TRL  AUSTIN, TX 78717-4419","14925 BANBRIDGE TRL, AUSTIN, TX  78717","S7715 - Avery Ranch West Ph 2, BLOCK H, Lot 39(PT)","L591503E"," ","S7715 - Avery Ranch West Ph 2","Real","$578,979","$578,979"
"R411372","R-17-W308-820H-0041-0008","HILL, GARY J (TOD)","15005 BANBRIDGE TRL  AUSTIN, TX 78717-4400","15005 BANBRIDGE TRL, AUSTIN, TX  78717","S7715 - Avery Ranch West Ph 2, BLOCK H, Lot 41(PT)","L591503E"," ","S7715 - Avery Ranch West Ph 2","Real","$566,016","$566,016"
"R411373","R-17-W308-820H-0042-0008","US BANK NA TR SPECIALTY UNDERWRITING & RESIDENTIL FINANCE TRUST","180 E 5TH ST  ST PAUL, MN 55154","15009 BANBRIDGE TRL, AUSTIN, TX  78717","S7715 - Avery Ranch West Ph 2, BLOCK H, Lot 42(PT)","L591503E"," ","S7715 - Avery Ranch West Ph 2","Real","$701,748","$701,748"
"R411375","R-17-W308-820H-0044-0008","PARISI CHRISTOPHER PAUL & REBECCA ANNE CO-TRUSTEES OF THE PARISI MANAGEMENT TRUS","15017 BANBRIDGE TRL  AUSTIN, TX 78717","15017 BANBRIDGE TRL, AUSTIN, TX  78717","S7715 - Avery Ranch West Ph 2, BLOCK H, Lot 44(PT)","L591503E"," ","S7715 - Avery Ranch West Ph 2","Real","$652,250","$652,250"
"R411378","R-17-W308-820H-0047-0008","ASADI, JALAL & NASRIN","15016 BANBRIDGE TRL  AUSTIN, TX 78717","15016 BANBRIDGE TRL, AUSTIN, TX  78717","S7715 - Avery Ranch West Ph 2, BLOCK H, Lot 47","L591503E"," ","S7715 - Avery Ranch West Ph 2","Real","$570,932","$570,932"
"R411381","R-17-W308-820H-0050-0008","PATEL, ANANT H & PRAGATI K DESAI","3906 LOGAN RIDGE DR  CEDAR PARK, TX 78613","15004 BANBRIDGE TRL, AUSTIN, TX  78717","S7715 - Avery Ranch West Ph 2, BLOCK H, Lot 50","L591503E"," ","S7715 - Avery Ranch West Ph 2","Real","$492,569","$492,569"
"R411384","R-17-W308-820H-0058-0008","ROBLES, ISMAEL RESENDIZ & IEVGENIIA BUTENKO","14528 BALLIMAMORE DR  AUSTIN, TX 78717","14528 BALLIMAMORE DR, AUSTIN, TX  78717","S7715 - Avery Ranch West Ph 2, BLOCK H, Lot 58","L591503E"," ","S7715 - Avery Ranch West Ph 2","Real","$584,115","$584,115"
"R411387","R-17-W308-820H-0061-0008","SIMONETTA, TERESA & ANTHONY","14516 BALLIMAMORE DR AUSTIN, TX 78717-4412","14516 BALLIMAMORE DR, AUSTIN, TX  78717","S7715 - Avery Ranch West Ph 2, BLOCK H, Lot 61","L591503E"," ","S7715 - Avery Ranch West Ph 2","Real","$635,273","$635,273"
"R411390","R-17-W308-820H-0064-0008","MALLETT KENDRA SUE (LE)","11001 QUARRY OAKS TRL  AUSTIN, TX 78717","11001 QUARRY OAKS TRL, AUSTIN, TX  78717","S7715 - Avery Ranch West Ph 2, BLOCK H, Lot 64","L591503E"," ","S7715 - Avery Ranch West Ph 2","Real","$506,967","$506,967"
"R411393","R-17-W308-820H-0067-0008","AVERY RANCH OWNERS ASSOC INC","PO BOX 702348 DALLAS, TX 75370-2348","11016 QUARRY OAKS TRL, AUSTIN, TX  78717","S7715 - Avery Ranch West Ph 2, BLOCK H, Lot 67 pt, ACRES 1.35, (WATER QUALITY POND)","L591503E"," ","S7715 - Avery Ranch West Ph 2","Real","$405","$405"
"R411395","R-17-W308-820H-0069-0008","PORTER, CHARLES DANFORTH, II","11008 QUARRY OAKS TRL  AUSTIN, TX 78717","11008 QUARRY OAKS TRL, AUSTIN, TX  78717","S7715 - Avery Ranch West Ph 2, BLOCK H, Lot 69","L591503E"," ","S7715 - Avery Ranch West Ph 2","Real","$694,907","$694,907"
"R411398","R-17-W308-820H-0072-0008","KIM, SUNGMO","6101 W COURTYARD DR  #STE 3-100 AUSTIN, TX 78730-5043","10936 QUARRY OAKS TRL, AUSTIN, TX  78717","S7715 - Avery Ranch West Ph 2, BLOCK H, Lot 72","L591503E"," ","S7715 - Avery Ranch West Ph 2","Real","$545,908","$545,908"
"R411401","R-17-W308-820H-0075-0008","NG, CHEUK TAT","2220 LEGEND HILL DR LEANDER, TX 78641-4976","10924 QUARRY OAKS TRL, AUSTIN, TX  78717","S7715 - Avery Ranch West Ph 2, BLOCK H, Lot 75","L591503E"," ","S7715 - Avery Ranch West Ph 2","Real","$592,778","$592,778"
"R411404","R-17-W308-820H-0078-0008","LI, QUNZHANG & WENBIN ZHU","10912 QUARRY OAKS TRL  AUSTIN, TX 78717","10912 QUARRY OAKS TRL, AUSTIN, TX  78717","S7715 - Avery Ranch West Ph 2, BLOCK H, Lot 78","L591503E"," ","S7715 - Avery Ranch West Ph 2","Real","$665,247","$665,247"
"R411407","R-17-W308-820H-0081-0008","SEGAL, NEEL N & SEEMA PAREKH","10900 QUARRY OAKS TRL  AUSTIN, TX 78717","10900 QUARRY OAKS TRL, AUSTIN, TX  78717","S7715 - Avery Ranch West Ph 2, BLOCK H, Lot 81","L591503E"," ","S7715 - Avery Ranch West Ph 2","Real","$764,180","$764,180"
"R411410","R-17-W308-820H-0084-0008","STIPPICH, STEVEN & KRISTA","10820 QUARRY OAKS TRL  AUSTIN, TX 78717-4438","10820 QUARRY OAKS TRL, AUSTIN, TX  78717","S7715 - Avery Ranch West Ph 2, BLOCK H, Lot 84","L591503E"," ","S7715 - Avery Ranch West Ph 2","Real","$679,036","$679,036"
"R411413","R-17-W308-820H-0087-0008","PENA, OMAR & CHANTAL A","10720 QUARRY OAKS TRL  AUSTIN, TX 78717","10720 QUARRY OAKS TRL, AUSTIN, TX  78717","S7715 - Avery Ranch West Ph 2, BLOCK H, Lot 87","L591503E"," ","S7715 - Avery Ranch West Ph 2","Real","$728,927","$728,927"
"R411415","R-17-W308-820H-0089-0008","SOBOTIK, JUSTIN D & KATELYN J","14320 PADBROOK PARK CV  AUSTIN, TX 78717-4443","14320 PADBROOK PARK CV, AUSTIN, TX  78717","S7715 - Avery Ranch West Ph 2, BLOCK H, Lot 89","L591503E"," ","S7715 - Avery Ranch West Ph 2","Real","$649,170","$649,170"
"R411416","R-17-W308-820H-0090-0008","DHANANJAY, PRADEEP & DEEPTI PANT","14316 PADBROOK PARK CV AUSTIN, TX 78717-4443","14316 PADBROOK PARK CV, AUSTIN, TX  78717","S7715 - Avery Ranch West Ph 2, BLOCK H, Lot 90","L591503E"," ","S7715 - Avery Ranch West Ph 2","Real","$651,603","$651,603"
"R411418","R-17-W308-820H-0092-0008","URBANCIC, J MATTHEW & JOLENE K","14308 PADBROOK PARK CV  AUSTIN, TX 78717-4443","14308 PADBROOK PARK CV, AUSTIN, TX  78717","S7715 - Avery Ranch West Ph 2, BLOCK H, Lot 92","L591503E"," ","S7715 - Avery Ranch West Ph 2","Real","$671,775","$671,775"
"R411421","R-17-W308-820H-0095-0008","ALLEN, CHARLES B","PO BOX 171252 AUSTIN, TX 78717-0042","14305 PADBROOK PARK CV, AUSTIN, TX  78717","S7715 - Avery Ranch West Ph 2, BLOCK H, Lot 95","L591503E"," ","S7715 - Avery Ranch West Ph 2","Real","$451,795","$451,795"
"R411424","R-17-W308-820H-0098-0008","STEED, PATRICIA","14317 PADBROOK PARK CV  AUSTIN, TX 78717","14317 PADBROOK PARK CV, AUSTIN, TX  78717","AVERY RANCH WEST PH 2, BLOCK H, LOT 98","L591503E"," ","S7715 - Avery Ranch West Ph 2","Real","$538,866","$538,866"
"R411427","R-17-W308-820H-0101-0008","WALTER, MELINDA D","14624 SWINLEY FOREST CV  AUSTIN, TX 78717","14329 PADBROOK PARK CV, AUSTIN, TX  78717","S7715 - Avery Ranch West Ph 2, BLOCK H, Lot 101","L591503E"," ","S7715 - Avery Ranch West Ph 2","Real","$431,437","$431,437"
"R411430","R-17-W308-820I-0002-0008","TIPTON, SILVIA A","10905 QUARRY OAKS TRL  AUSTIN, TX 78717","10905 QUARRY OAKS TRL, AUSTIN, TX  78717","S7715 - Avery Ranch West Ph 2, BLOCK I, Lot 2","L591503E"," ","S7715 - Avery Ranch West Ph 2","Real","$502,372","$502,372"
"R411433","R-17-W308-820I-0005-0008","ZHOU, SHAOYANG","14509 BALLYCLARC DR  AUSTIN, TX 78717","14509 BALLYCLARC DR, AUSTIN, TX  78717","S7715 - Avery Ranch West Ph 2, BLOCK I, Lot 5","L591503E"," ","S7715 - Avery Ranch West Ph 2","Real","$500,904","$500,904"
"R411435","R-17-W308-820I-0007-0008","GALDONES, WILLIAM & EMMA ROSS & JOHANNA JANE GALDO","14517 BALLYCLARC DR AUSTIN, TX 78717-4410","14517 BALLYCLARC DR, AUSTIN, TX  78717","S7715 - Avery Ranch West Ph 2, BLOCK I, Lot 7","L591503E"," ","S7715 - Avery Ranch West Ph 2","Real","$630,907","$630,907"
"R411436","R-17-W308-820I-0008-0008","VINKLAREK, VICTOR A & LAURIE K","14521 BALLYCLARC DR  AUSTIN, TX 78717-4410","14521 BALLYCLARC DR, AUSTIN, TX  78717","S7715 - Avery Ranch West Ph 2, BLOCK I, Lot 8","L591503E"," ","S7715 - Avery Ranch West Ph 2","Real","$445,375","$445,375"
"R411438","R-17-W308-820I-0010-0008","DAS, MADHUSMITA & BISWAJIT","14529 BALLYCLARC DR  AUSTIN, TX 78717","14529 BALLYCLARC DR, AUSTIN, TX  78717","S7715 - Avery Ranch West Ph 2, BLOCK I, Lot 10","L591503E"," ","S7715 - Avery Ranch West Ph 2","Real","$489,214","$489,214"
"R411441","R-17-W308-820I-0020-0008","RUAN, RONG & JIE WANG","8809 MARYBANK DR  AUSTIN, TX 78750-3561","14512 BANBRIDGE TRL, AUSTIN, TX  78717","S7715 - Avery Ranch West Ph 2, BLOCK I, Lot 20","L591503E"," ","S7715 - Avery Ranch West Ph 2","Real","$527,349","$527,349"
"R411444","R-17-W308-820J-0002-0008","CANNON, BEVERLY KAY (TOD)","14505 BALLIMAMORE DR  AUSTIN, TX 78717","14505 BALLIMAMORE DR, AUSTIN, TX  78717","S7715 - Avery Ranch West Ph 2, BLOCK J, Lot 2","L591503E"," ","S7715 - Avery Ranch West Ph 2","Real","$470,827","$470,827"
"R411447","R-17-W308-820J-0005-0008","HEYE, LINDA RAYE (TOD) to DOUGLAS RAY ABBE ET AL","14517 BALLIMAMORE DR  AUSTIN, TX 78717","14517 BALLIMAMORE DR, AUSTIN, TX  78717","S7715 - Avery Ranch West Ph 2, BLOCK J, Lot 5","L591503E"," ","S7715 - Avery Ranch West Ph 2","Real","$506,967","$506,967"
"R411450","R-17-W308-820J-0008-0008","REDD, FRANK B & SARAH K","14529 BALLIMAMORE DR  AUSTIN, TX 78717","14529 BALLIMAMORE DR, AUSTIN, TX  78717","S7715 - Avery Ranch West Ph 2, BLOCK J, Lot 8","L591503E"," ","S7715 - Avery Ranch West Ph 2","Real","$711,104","$711,104"
"R411453","R-17-W308-820J-0013-0008","HASTY, AMANDA & ROBERT","14528 BALLYCLARC DR  AUSTIN, TX 78717","14528 BALLYCLARC DR, AUSTIN, TX  78717","S7715 - Avery Ranch West Ph 2, BLOCK J, Lot 13","L591503E"," ","S7715 - Avery Ranch West Ph 2","Real","$541,842","$541,842"
"R411456","R-17-W308-820J-0016-0008","GRAVALLON, SEBASTIEN & VIRGINIE","14516 BALLYCLARC DR  AUSTIN, TX 78717","14516 BALLYCLARC DR, AUSTIN, TX  78717","S7715 - Avery Ranch West Ph 2, BLOCK J, Lot 16","L591503E"," ","S7715 - Avery Ranch West Ph 2","Real","$628,989","$628,989"
"R411458","R-17-W308-820J-0018-0008","OAKFORD, JEREMY & VANESSA L","14508 BALLYCLARC DR  AUSTIN, TX 78717","14508 BALLYCLARC DR, AUSTIN, TX  78717","S7715 - Avery Ranch West Ph 2, BLOCK J, Lot 18","L591503E"," ","S7715 - Avery Ranch West Ph 2","Real","$562,503","$562,503"
"R411461","R-17-W308-820N-0002-0008","CHOW, MARCUS & LISA ZEE","1575 SILVER RANCH LN  SAN JOSE, CA 95138-2760","14525 BALLYCASTLE TRL, AUSTIN, TX  78717","S7715 - Avery Ranch West Ph 2, BLOCK N, Lot 2","L591503E"," ","S7715 - Avery Ranch West Ph 2","Real","$475,581","$475,581"
"R411464","R-17-W308-820N-0005-0008","LIN, DONGXU & JIAMIN HUANG","14513 BALLYCASTLE TRL  AUSTIN, TX 78717-4425","14513 BALLYCASTLE TRL, AUSTIN, TX  78717","S7715 - Avery Ranch West Ph 2, BLOCK N, Lot 5","L591503E"," ","S7715 - Avery Ranch West Ph 2","Real","$477,350","$477,350"
"R411467","R-17-W308-820N-0008-0008","GONZALEZ, REYNALDO JR & KARLA J AGUIRRE","15229 SISTERS CIR  AUSTIN, TX 78717-5098","14501 BALLYCASTLE TRL, AUSTIN, TX  78717","S7715 - Avery Ranch West Ph 2, BLOCK N, Lot 8","L591503E"," ","S7715 - Avery Ranch West Ph 2","Real","$442,920","$442,920"
"R411470","R-17-W308-820N-0011-0008","LIN, LI ERH & SEMEN SYSOEV","14425 BALLYCASTLE TRL  AUSTIN, TX 78717-4436","14425 BALLYCASTLE TRL, AUSTIN, TX  78717","S7715 - Avery Ranch West Ph 2, BLOCK N, Lot 11","L591503E"," ","S7715 - Avery Ranch West Ph 2","Real","$402,559","$402,559"
"R411472","R-17-W308-820N-0013-0008","NEVEU, BRIAN F (TOD) & NICOLLE I NEVEU (TOD)","14417 BALLYCASTLE TRL  AUSTIN, TX 78717","14417 BALLYCASTLE TRL, AUSTIN, TX  78717","S7715 - Avery Ranch West Ph 2, BLOCK N, Lot 13","L591503E"," ","S7715 - Avery Ranch West Ph 2","Real","$449,784","$449,784"
"R411473","R-17-W308-820N-0014-0008","SIVARAJ, AARTHI & JAIGANESH LAKSHMISUNDARAM","14413 BALLYCASTLE TRL  AUSTIN, TX 78717-4436","14413 BALLYCASTLE TRL, AUSTIN, TX  78717","S7715 - Avery Ranch West Ph 2, BLOCK N, Lot 14","L591503E"," ","S7715 - Avery Ranch West Ph 2","Real","$436,354","$436,354"
"R411476","R-17-W308-820N-0017-0008","NAHIDI, MING & JAFAR","2019 GOLDEN BEAR DR  ROUND ROCK, TX 78664","14401 BALLYCASTLE TRL, AUSTIN, TX  78717","S7715 - Avery Ranch West Ph 2, BLOCK N, Lot 17","L591503E"," ","S7715 - Avery Ranch West Ph 2","Real","$446,867","$446,867"
"R411478","R-17-W308-820N-0019-0008","DALVI, DILDA","14317 BALLYCASTLE TRL  AUSTIN, TX 78717-4435","14317 BALLYCASTLE TRL, AUSTIN, TX  78717","S7715 - Avery Ranch West Ph 2, BLOCK N, Lot 19","L591503E"," ","S7715 - Avery Ranch West Ph 2","Real","$475,581","$475,581"
"R411479","R-17-W308-820N-0020-0008","CASTILLO, ALHONSO J CORNEJO & KATHY SHIM","14313 BALLYCASTLE TRL  AUSTIN, TX 78717","14313 BALLYCASTLE TRL, AUSTIN, TX  78717","S7715 - Avery Ranch West Ph 2, BLOCK N, Lot 20","L591503E"," ","S7715 - Avery Ranch West Ph 2","Real","$435,382","$435,382"
"R411481","R-17-W308-820N-0022-0008","GAO, WEI","11770 JOLLYVILLE RD  AUSTIN, TX 78759","14305 BALLYCASTLE TRL, AUSTIN, TX  78717","S7715 - Avery Ranch West Ph 2, BLOCK N, Lot 22","L591503E"," ","S7715 - Avery Ranch West Ph 2","Real","$435,382","$435,382"
"R411484","R-17-W308-820N-0025-0008","VELUSWAMY, SENTHIL K","11831 SE 56TH ST BELLEVUE, WA 98006-3313","14217 BALLYCASTLE TRL, AUSTIN, TX  78717","S7715 - Avery Ranch West Ph 2, BLOCK N, Lot 25","L591503E"," ","S7715 - Avery Ranch West Ph 2","Real","$461,203","$461,203"
"R411487","R-17-W308-820N-0028-0008","TSENG, YEN-WEN & MENG-YING WU","14205 BALLYCASTLE TRL  AUSTIN, TX 78717-4434","14205 BALLYCASTLE TRL, AUSTIN, TX  78717","S7715 - Avery Ranch West Ph 2, BLOCK N, Lot 28","L591503E"," ","S7715 - Avery Ranch West Ph 2","Real","$471,968","$471,968"
"R411490","R-17-W308-820Q-0008-0008","SCOTT, CATHERINE E","14304 MOWSBURY DR  AUSTIN, TX 78717","14304 MOWSBURY DR, AUSTIN, TX  78717","S7715 - Avery Ranch West Ph 2, BLOCK Q, Lot 8","L591503E"," ","S7715 - Avery Ranch West Ph 2","Real","$413,535","$413,535"
"R411493","R-17-W308-820Q-0011-0008","ACTIVE ESTATE INVESTMENTS LLC","PO BOX 200241 AUSTIN, TX 78720","14212 MOWSBURY DR, AUSTIN, TX  78717","S7715 - Avery Ranch West Ph 2, BLOCK Q, Lot 11","L591503E"," ","S7715 - Avery Ranch West Ph 2","Real","$419,162","$419,162"
"R411496","R-17-W308-820Q-0014-0008","SEIFERT, JEFFREY SCOTT & LINDSAY NICOLE TISE","14200 MOWSBURY DR AUSTIN, TX 78717-4444","14200 MOWSBURY DR, AUSTIN, TX  78717","S7715 - Avery Ranch West Ph 2, BLOCK Q, Lot 14","L591503E"," ","S7715 - Avery Ranch West Ph 2","Real","$433,697","$433,697"
"R411498","R-17-W308-820Q-0016-0008","KELLER, ISABELLE W & MATTHEW SORENSON","6702 TREE FERN LN  AUSTIN, TX 78750-8134","10536 DUNHAM FOREST RD, AUSTIN, TX  78717","S7715 - Avery Ranch West Ph 2, BLOCK Q, Lot 16","L591503E"," ","S7715 - Avery Ranch West Ph 2","Real","$459,918","$459,918"
"R411499","R-17-W308-820Q-0017-0008","CURTIS, FREDERICK L, III","41 W MIRA MONTE AVE SIERRA MADRE, CA 91024-1226","10532 DUNHAM FOREST RD, AUSTIN, TX  78717","S7715 - Avery Ranch West Ph 2, BLOCK Q, Lot 17","L591503E"," ","S7715 - Avery Ranch West Ph 2","Real","$443,259","$443,259"
"R411501","R-17-W308-820Q-0019-0008","ISLAM, MD MOHEIMENUL & SABINA","10524 DUNHAM FOREST RD  AUSTIN, TX 78717-4446","10524 DUNHAM FOREST RD, AUSTIN, TX  78717","S7715 - Avery Ranch West Ph 2, BLOCK Q, Lot 19","L591503E"," ","S7715 - Avery Ranch West Ph 2","Real","$492,648","$492,648"
"R411504","R-17-W308-820Q-0022-0008","CHEN, YING & FENG LIN","10512 DUNHAM FOREST RD  AUSTIN, TX 78717","10512 DUNHAM FOREST RD, AUSTIN, TX  78717","S7715 - Avery Ranch West Ph 2, BLOCK Q, Lot 22","L591503E"," ","S7715 - Avery Ranch West Ph 2","Real","$439,440","$439,440"
"R411507","R-17-W308-820Q-0025-0008","RAYOS, JOACHIM C","14112 BALLYCASTLE TRL AUSTIN, TX 78717-4447","14112 BALLYCASTLE TRL, AUSTIN, TX  78717","S7715 - Avery Ranch West Ph 2, BLOCK Q, Lot 25","L591503E"," ","S7715 - Avery Ranch West Ph 2","Real","$440,552","$440,552"
"R411510","R-17-W308-820Q-0028-0008","EDWIN L LOWERY III & MARY JESSICA LOWERY CO-TRS OF THE BALLYCASTLE TRUST","14105 BALLYCASTLE TRL  AUSTIN, TX 78717-4447","14105 BALLYCASTLE TRL, AUSTIN, TX  78717","S7715 - Avery Ranch West Ph 2, BLOCK Q, Lot 28","L591503E"," ","S7715 - Avery Ranch West Ph 2","Real","$470,028","$470,028"
"R411513","R-17-W308-820Q-0031-0008","LI, CHIXUAN & YAJIE ZHU","14117 BALLYCASTLE TRL  AUSTIN, TX 78717","14117 BALLYCASTLE TRL, AUSTIN, TX  78717","S7715 - Avery Ranch West Ph 2, BLOCK Q, Lot 31","L591503E"," ","S7715 - Avery Ranch West Ph 2","Real","$493,917","$493,917"
"R411515","R-17-W308-820S-0001-0008","AVERY RANCH OWNERS ASSOC INC","PO BOX 702348 DALLAS, TX 75370-2348","QUARRY OAKS TRL, AUSTIN, TX  78717","S7715 - Avery Ranch West Ph 2, BLOCK S, Lot 1, ACRES 0.03, (LANDSCAPE)","L591503E"," ","S7715 - Avery Ranch West Ph 2","Real","$300","$300"
"R411516","R-17-W308-820S-0002-0008","AVERY RANCH OWNERS ASSOC INC","PO BOX 702348 DALLAS, TX 75370-2348","QUARRY OAKS TRL, AUSTIN, TX  78717","S7715 - Avery Ranch West Ph 2, BLOCK S, Lot 2, ACRES 0.02, (LANDSCAPE)","L591503E"," ","S7715 - Avery Ranch West Ph 2","Real","$300","$300"
"R424529","R-17-W308-111C-0005-0008","AVERY RANCH OWNERS ASSOC INC","PO BOX 702348 DALLAS, TX 75370-2348","11321 STAKED PLAINS DR, AUSTIN, TX  78717","S8039 - Avery Ranch Far West Ph 1 Sec 1, BLOCK C, Lot 5 (AMENTIE, ACRES 2.18, (AMENTIES CENTER)","L591503E"," ","S8039 - Avery Ranch Far West Ph 1 Sec 1","Real","$13,740","$15,408"
"R424532","R-17-W308-111C-0113-0008","THIEN PHUOC TRUONG & JADE NGUYEN CO-TRS OF THE NGUYEN & TRUONG REVOCABLE TRUST","11408 FLETCHER HALL LN  AUSTIN, TX 78717-4453","11408 FLETCHER HALL LN, AUSTIN, TX  78717","S8039 - Avery Ranch Far West Ph 1 Sec 1, BLOCK C, Lot 113","L591503E"," ","S8039 - Avery Ranch Far West Ph 1 Sec 1","Real","$474,895","$474,895"
"R424535","R-17-W308-111C-0116-0008","BARFIELD, DONALD RAY & OKSUN PAK","114 TURTLE CREEK BLVD  SLIDELL, LA 70461","11332 FLETCHER HALL LN, AUSTIN, TX  78717","S8039 - Avery Ranch Far West Ph 1 Sec 1, BLOCK C, Lot 116","L591503E"," ","S8039 - Avery Ranch Far West Ph 1 Sec 1","Real","$487,638","$487,638"
"R424538","R-17-W308-111C-0119-0008","KUNITZ, LOGAN TYLER & LISA","11320 FLETCHER HALL LN  AUSTIN, TX 78717","11320 FLETCHER HALL LN, AUSTIN, TX  78717","S8039 - Avery Ranch Far West Ph 1 Sec 1, BLOCK C, Lot 119","L591503E"," ","S8039 - Avery Ranch Far West Ph 1 Sec 1","Real","$465,437","$465,437"
"R424541","R-17-W308-111C-0122-0008","KEATING, JOHN & BRIDGET","8830 SILVERARROW CIR  AUSTIN, TX 78759-7442","11308 FLETCHER HALL LN, AUSTIN, TX  78717","S8039 - Avery Ranch Far West Ph 1 Sec 1, BLOCK C, Lot 122","L591503E"," ","S8039 - Avery Ranch Far West Ph 1 Sec 1","Real","$446,308","$446,308"
"R424544","R-17-W308-111C-0125-0008","BILLINGS, Jr., LEROY J & EDNA W","11232 FLETCHER HALL LN AUSTIN, TX 78717-4553","11232 FLETCHER HALL LN, AUSTIN, TX  78717","S8039 - Avery Ranch Far West Ph 1 Sec 1, BLOCK C, Lot 125","L591503E"," ","S8039 - Avery Ranch Far West Ph 1 Sec 1","Real","$432,784","$432,784"
"R424546","R-17-W308-111C-0127-0008","KOVACS, TAMAS","11224 FLETCHER HALL LN AUSTIN, TX 78717-4456","11224 FLETCHER HALL LN, AUSTIN, TX  78717","S8039 - Avery Ranch Far West Ph 1 Sec 1, BLOCK C, Lot 127","L591503E"," ","S8039 - Avery Ranch Far West Ph 1 Sec 1","Real","$485,240","$485,240"
"R424547","R-17-W308-111C-0128-0008","MONTORO, ALVARO","11220 FLETCHER HALL LN  AUSTIN, TX 78717","11220 FLETCHER HALL LN, AUSTIN, TX  78717","S8039 - Avery Ranch Far West Ph 1 Sec 1, BLOCK C, Lot 128","L591503E"," ","S8039 - Avery Ranch Far West Ph 1 Sec 1","Real","$499,458","$499,458"
"R424549","R-17-W308-111C-0130-0008","MOOSAVI, MOHAMMAD ALI & RITA","11212 FLETCHER HALL LN  AUSTIN, TX 78717","11212 FLETCHER HALL LN, AUSTIN, TX  78717","S8039 - Avery Ranch Far West Ph 1 Sec 1, BLOCK C, Lot 130","L591503E"," ","S8039 - Avery Ranch Far West Ph 1 Sec 1","Real","$441,562","$441,562"
"R424552","R-17-W308-111C-0133-0008","MARTIN, ARTURO","11200 FLETCHER HALL LN  AUSTIN, TX 78717","11200 FLETCHER HALL LN, AUSTIN, TX  78717","S8039 - Avery Ranch Far West Ph 1 Sec 1, BLOCK C, Lot 133","L591503E"," ","S8039 - Avery Ranch Far West Ph 1 Sec 1","Real","$403,468","$403,468"
"R424555","R-17-W308-111M-0004-0008","ULUSOY, GAYE & OZAN TOSUNOGLU","11308 STAKED PLAINS DR  AUSTIN, TX 78717","11308 STAKED PLAINS DR, AUSTIN, TX  78717","S8039 - Avery Ranch Far West Ph 1 Sec 1, BLOCK M, Lot 4","L591503E"," ","S8039 - Avery Ranch Far West Ph 1 Sec 1","Real","$564,478","$564,478"
"R424558","R-17-W308-111M-0007-0008","GROH, STEPHANIE KAY","11320 STAKED PLAINS DR  AUSTIN, TX 78717","11320 STAKED PLAINS DR, AUSTIN, TX  78717","S8039 - Avery Ranch Far West Ph 1 Sec 1, BLOCK M, Lot 7","L591503E"," ","S8039 - Avery Ranch Far West Ph 1 Sec 1","Real","$506,726","$506,726"
"R424561","R-17-W308-111O-0001-0008","AVERY RANCH OWNERS ASSOC INC","PO BOX 702348 DALLAS, TX 75370-2348","STAKED PLAINS DR, AUSTIN, TX  78717","S8039 - Avery Ranch Far West Ph 1 Sec 1, BLOCK O, Lot 1, ACRES 0.02, (LANDSCAPE)","L591503E"," ","S8039 - Avery Ranch Far West Ph 1 Sec 1","Real","$300","$300"
"R424564","R-17-W308-111T-0003-0008","JAMES, JOSHUA H & ERICA","14621 STAKED PLAINS LOOP  AUSTIN, TX 78717","14621 STAKED PLAINS LOOP, AUSTIN, TX  78717","S8039 - Avery Ranch Far West Ph 1 Sec 1, BLOCK T, Lot 3","L591503E"," ","S8039 - Avery Ranch Far West Ph 1 Sec 1","Real","$514,293","$514,293"
"R424567","R-17-W308-111T-0006-0008","PFULLMAN, RHIANNON","14609 STAKED PLAINS LOOP  AUSTIN, TX 78717-4459","14609 STAKED PLAINS LOOP, AUSTIN, TX  78717","S8039 - Avery Ranch Far West Ph 1 Sec 1, BLOCK T, Lot 6","L591503E"," ","S8039 - Avery Ranch Far West Ph 1 Sec 1","Real","$587,484","$587,484"
"R424569","R-17-W308-111T-0008-0008","SOON, KOON WOON & FONG MEI WONG","14601 STAKED PLAINS LOOP  AUSTIN, TX 78717","14601 STAKED PLAINS LOOP, AUSTIN, TX  78717","S8039 - Avery Ranch Far West Ph 1 Sec 1, BLOCK T, Lot 8","L591503E"," ","S8039 - Avery Ranch Far West Ph 1 Sec 1","Real","$675,812","$675,812"
"R424572","R-17-W308-111T-0011-0008","LANDGRAF, CHRISTOPHER & MERRIAM MUKAI-AGHA","PO BOX 1342 CEDAR PARK, TX 78630-1342","11400 HATTERY LN, AUSTIN, TX  78717","S8039 - Avery Ranch Far West Ph 1 Sec 1, BLOCK T, Lot 11","L591503E"," ","S8039 - Avery Ranch Far West Ph 1 Sec 1","Real","$481,534","$481,534"
"R424575","R-17-W308-111T-0014-0008","SON, JIN S & CHANG S PARK","2808 DAMSEL BELLA BLVD THE COLONY, TX 75056-6215","14616 SPRINGS EDGE DR, AUSTIN, TX  78717","S8039 - Avery Ranch Far West Ph 1 Sec 1, BLOCK T, Lot 14","L591503E"," ","S8039 - Avery Ranch Far West Ph 1 Sec 1","Real","$429,914","$429,914"
"R424578","R-17-W308-111T-0017-0008","ORANGE CAT REAL ESTATE LLC","1325 CRESTVIEW DR SAN CARLOS, CA 94070-4239","14704 SPRINGS EDGE DR, AUSTIN, TX  78717","S8039 - Avery Ranch Far West Ph 1 Sec 1, BLOCK T, Lot 17","L591503E"," ","S8039 - Avery Ranch Far West Ph 1 Sec 1","Real","$476,381","$476,381"
"R424581","R-17-W308-111T-0020-0008","WEDELL, ROBERT SCOTT & JAMIE ALYSE CLEARY-WEDELL","14716 SPRINGS EDGE DR  AUSTIN, TX 78717","14716 SPRINGS EDGE DR, AUSTIN, TX  78717","S8039 - Avery Ranch Far West Ph 1 Sec 1, BLOCK T, Lot 20","L591503E"," ","S8039 - Avery Ranch Far West Ph 1 Sec 1","Real","$509,866","$509,866"
"R424584","R-17-W308-111U-0003-0008","MURUGESAN, SETHURATHINAM & SAHAYARANI LATHA SETHURANTHINAM","9431 BING CHERRY LN  AUSTIN, TX 78750-3412","14609 SPRINGS EDGE DR, AUSTIN, TX  78717","S8039 - Avery Ranch Far West Ph 1 Sec 1, BLOCK U, Lot 3","L591503E"," ","S8039 - Avery Ranch Far West Ph 1 Sec 1","Real","$511,235","$511,235"
"R424587","R-17-W308-111U-0006-0008","RZEPKA, DAVID A","11316 HATTERY LN  AUSTIN, TX 78717","11316 HATTERY LN, AUSTIN, TX  78717","S8039 - Avery Ranch Far West Ph 1 Sec 1, BLOCK U, Lot 6","L591503E"," ","S8039 - Avery Ranch Far West Ph 1 Sec 1","Real","$449,648","$449,648"
"R424589","R-17-W308-111U-0008-0008","MATTHEW E & ELENA D GARLOCK, STEUERNAGLE","11308 HATTERY LN  AUSTIN, TX 78717","11308 HATTERY LN, AUSTIN, TX  78717","S8039 - Avery Ranch Far West Ph 1 Sec 1, BLOCK U, Lot 8","L591503E"," ","S8039 - Avery Ranch Far West Ph 1 Sec 1","Real","$449,783","$449,783"
"R424592","R-17-W308-111U-0011-0008","HU, GUANYU & NA YE","13703 PEBBLEBROOK DR # 1201 HOUSTON, TX 77079-5934","11216 HATTERY LN, AUSTIN, TX  78717","S8039 - Avery Ranch Far West Ph 1 Sec 1, BLOCK U, Lot 11","L591503E"," ","S8039 - Avery Ranch Far West Ph 1 Sec 1","Real","$473,899","$473,899"
"R424595","R-17-W308-111U-0014-0008","CHEN, JIAN Q & LIAN X ZENG","11204 HATTERY LN  AUSTIN, TX 78717","11204 HATTERY LN, AUSTIN, TX  78717","S8039 - Avery Ranch Far West Ph 1 Sec 1, BLOCK U, Lot 14","L591503E"," ","S8039 - Avery Ranch Far West Ph 1 Sec 1","Real","$437,474","$437,474"
"R424598","R-17-W308-111U-0017-0008","DARIN RAY LAFON & FRANCINE ELIZABETH LAFON TRS OF THE DFL TRUST","3705 VENEZIA VW  LEANDER, TX 78641-3717","11104 HATTERY LN, AUSTIN, TX  78717","S8039 - Avery Ranch Far West Ph 1 Sec 1, BLOCK U, Lot 17","L591503E"," ","S8039 - Avery Ranch Far West Ph 1 Sec 1","Real","$438,240","$438,240"
"R424601","R-17-W308-111U-0020-0008","WALTER GEORGE M & FAYE M TRUSTEES OF THE WALTER REVOCABLE TRUST","10932 QUARRY OAKS TRL AUSTIN, TX 78717-4439","11209 CONCHOS RIVER TRL, AUSTIN, TX  78717","S8039 - Avery Ranch Far West Ph 1 Sec 1, BLOCK U, Lot 20","L591503E"," ","S8039 - Avery Ranch Far West Ph 1 Sec 1","Real","$481,616","$481,616"
"R424604","R-17-W308-111U-0023-0008","LIN, TAMIN & CHUAN-CHUAN LEE","15008 THATCHER DR  AUSTIN, TX 78717","11221 CONCHOS RIVER TR, AUSTIN, TX  78717","S8039 - Avery Ranch Far West Ph 1 Sec 1, BLOCK U, Lot 23","L591503E"," ","S8039 - Avery Ranch Far West Ph 1 Sec 1","Real","$425,144","$425,144"
"R424607","R-17-W308-111U-0026-0008","MEYER, LAUREN MARIE","11309 CONCHOS RIVER TRL  AUSTIN, TX 78717","11309 CONCHOS RIVER TR, AUSTIN, TX  78717","S8039 - Avery Ranch Far West Ph 1 Sec 1, BLOCK U, Lot 26","L591503E"," ","S8039 - Avery Ranch Far West Ph 1 Sec 1","Real","$428,663","$428,663"
"R424609","R-17-W308-111U-0028-0008","MERRITT, TRACY MARIE & CRYRUS JUSTIN TOD","2804 TAKU RD  CEDAR PARK, TX 78613","11317 CONCHOS RIVER TR, AUSTIN, TX  78717","S8039 - Avery Ranch Far West Ph 1 Sec 1, BLOCK U, Lot 28","L591503E"," ","S8039 - Avery Ranch Far West Ph 1 Sec 1","Real","$494,311","$494,311"
"R424610","R-17-W308-111V-0001-0008","AYALA, ALBERT & GINA AKA GINA KYUNGLEE","11324 CONCHOS RIVER TRL AUSTIN, TX 78717-4471","11324 CONCHOS RIVER TR, AUSTIN, TX  78717","S8039 - Avery Ranch Far West Ph 1 Sec 1, BLOCK V, Lot 1","L591503E"," ","S8039 - Avery Ranch Far West Ph 1 Sec 1","Real","$506,497","$506,497"
"R424612","R-17-W308-111V-0003-0008","REVELES, SAMUEL F & MONICA M","11316 CONCHOS RIVER TRL  AUSTIN, TX 78717","11316 CONCHOS RIVER TR, AUSTIN, TX  78717","S8039 - Avery Ranch Far West Ph 1 Sec 1, BLOCK V, Lot 3","L591503E"," ","S8039 - Avery Ranch Far West Ph 1 Sec 1","Real","$443,166","$443,166"
"R424615","R-17-W308-111V-0006-0008","DIAZ, CLAUDIO FRANCISCO DESSOMMES","11304 CONCHOS RIVER TRL  AUSTIN, TX 78717-4471","11304 CONCHOS RIVER TR, AUSTIN, TX  78717","S8039 - Avery Ranch Far West Ph 1 Sec 1, BLOCK V, Lot 6","L591503E"," ","S8039 - Avery Ranch Far West Ph 1 Sec 1","Real","$501,713","$501,713"
"R424618","R-17-W308-111V-0009-0008","QUIMPO, PETER R","11220 CONCHOS RIVER TRL  AUSTIN, TX 78717","11220 CONCHOS RIVER TRL, AUSTIN, TX  78717","S8039 - Avery Ranch Far West Ph 1 Sec 1, BLOCK V, Lot 9","L591503E"," ","S8039 - Avery Ranch Far West Ph 1 Sec 1","Real","$436,242","$436,242"
"R424621","R-17-W308-111V-0012-0008","ZHURBA, OLEKSII","11208 CONCHOS RIVER TRL  AUSTIN, TX 78717","11208 CONCHOS RIVER TRL, AUSTIN, TX  78717","S8039 - Avery Ranch Far West Ph 1 Sec 1, BLOCK V, Lot 12","L591503E"," ","S8039 - Avery Ranch Far West Ph 1 Sec 1","Real","$445,896","$445,896"
"R424623","R-17-W308-111V-0014-0008","JUNNARE, ABHIJIT ARUN","16312 ALMADEN DR AUSTIN, TX 78717-3889","11012 HATTERY LN, AUSTIN, TX  78717","S8039 - Avery Ranch Far West Ph 1 Sec 1, BLOCK V, Lot 14","L591503E"," ","S8039 - Avery Ranch Far West Ph 1 Sec 1","Real","$506,497","$506,497"
"R424624","R-17-W308-111V-0015-0008","AMOUZANDEH, SEDI","11008 HATTERY LN  AUSTIN, TX 78717-4477","11008 HATTERY LN, AUSTIN, TX  78717","S8039 - Avery Ranch Far West Ph 1 Sec 1, BLOCK V, Lot 15","L591503E"," ","S8039 - Avery Ranch Far West Ph 1 Sec 1","Real","$478,348","$478,348"
"R424627","R-17-W308-111V-0018-0008","WU, RUIQUAN & HONGYAN DENG","11217 FLETCHER HALL LN  AUSTIN, TX 78717","11217 FLETCHER HALL LN, AUSTIN, TX  78717","AVERY RANCH FAR WEST PH 1 SEC 1, BLOCK V, LOT 18","L591503E"," ","S8039 - Avery Ranch Far West Ph 1 Sec 1","Real","$410,021","$410,021"
"R424629","R-17-W308-111V-0020-0008","LONGORIA, SHELLY L & MICHAEL S GONZALES","11225 FLETCHER HALL LN  AUSTIN, TX 78717","11225 FLETCHER HALL LN, AUSTIN, TX  78717","S8039 - Avery Ranch Far West Ph 1 Sec 1, BLOCK V, Lot 20","L591503E"," ","S8039 - Avery Ranch Far West Ph 1 Sec 1","Real","$449,055","$449,055"
"R424630","R-17-W308-111V-0021-0008","YU, DYLAN","11229 FLETCHER HALL LN  AUSTIN, TX 78717-4553","11229 FLETCHER HALL LN, AUSTIN, TX  78717","S8039 - Avery Ranch Far West Ph 1 Sec 1, BLOCK V, Lot 21","L591503E"," ","S8039 - Avery Ranch Far West Ph 1 Sec 1","Real","$440,503","$440,503"
"R424632","R-17-W308-111V-0023-0008","AMUNDSEN, KIRK H & SUZANNE M","132 LENERA DR LIBERTY HILL, TX 78642-2502","11301 FLETCHER HALL LN, AUSTIN, TX  78717","S8039 - Avery Ranch Far West Ph 1 Sec 1, BLOCK V, Lot 23","L591503E"," ","S8039 - Avery Ranch Far West Ph 1 Sec 1","Real","$472,288","$472,288"
"R424635","R-17-W308-111V-0026-0008","HAMBY, JAMES D & PAMELA J","410 S LYNNWOOD TRL  CEDAR PARK, TX 78613","11315 FLETCHER HALL LN, AUSTIN, TX  78717","S8039 - Avery Ranch Far West Ph 1 Sec 1, BLOCK V, Lot 26","L591503E"," ","S8039 - Avery Ranch Far West Ph 1 Sec 1","Real","$480,718","$480,718"
"R424638","R-17-W308-111V-0029-0008","WILLIAMSON, DARYL & VALERIE","11329 FLETCHER HALL LN  AUSTIN, TX 78717","11329 FLETCHER HALL LN, AUSTIN, TX  78717","S8039 - Avery Ranch Far West Ph 1 Sec 1, BLOCK V, Lot 29","L591503E"," ","S8039 - Avery Ranch Far West Ph 1 Sec 1","Real","$506,497","$506,497"
"R424641","R-17-W308-112C-0109-0008","MOUHIEDDINE, MOUHCINE & SIHAM","14709 STAKED PLAINS LOOP  AUSTIN, TX 78717-4460","14709 STAKED PLAINS LOOP, AUSTIN, TX  78717","S8057 - Avery Ranch Far West Ph 1 Sec 2, BLOCK C, Lot 109","L591503E"," ","S8057 - Avery Ranch Far West Ph 1 Sec 2","Real","$666,840","$666,840"
"R424644","R-17-W308-112C-0134-0008","AVERY RANCH OWNERS ASSOC INC","PO BOX 702348 DALLAS, TX 75370-2348","STAKED PLAINS LOOP, AUSTIN, TX  78717","S8057 - Avery Ranch Far West Ph 1 Sec 2, BLOCK C, Lot 134, ACRES 0.3715, (DRAINAGE EASEMENT)","L591503E"," ","S8057 - Avery Ranch Far West Ph 1 Sec 2","Real","$300","$300"
"R424647","R-17-W308-112P-0010-0008","DENNIS, CHAD GARRETT","14417 SHOWDOWN LN  AUSTIN, TX 78717","14417 SHOWDOWN LN, AUSTIN, TX  78717","S8057 - Avery Ranch Far West Ph 1 Sec 2, BLOCK P, Lot 10","L591503E"," ","S8057 - Avery Ranch Far West Ph 1 Sec 2","Real","$515,900","$515,900"
"R424650","R-17-W308-112R-0013-0008","PILAR, VAGNER C & GRACIANE S","11508 STAKED PLAINS DR   2 AUSTIN, TX 78717","11508 STAKED PLAINS DR, UNIT #2, AUSTIN, TX  78717","S8057 - Avery Ranch Far West Ph 1 Sec 2, BLOCK R, Lot 13","L591503E"," ","S8057 - Avery Ranch Far West Ph 1 Sec 2","Real","$500,958","$500,958"
"R424652","R-17-W308-112R-0015-0008","COVIAN, JAMES J & CLAUDIA I","11508 STAKED PLAINS DR RESIDENCE UNIT 4 AUSTIN, TX 78717","11508 STAKED PLAINS DR #4, AUSTIN, TX  78717","S8057 - Avery Ranch Far West Ph 1 Sec 2, BLOCK R, Lot 15","L591503E"," ","S8057 - Avery Ranch Far West Ph 1 Sec 2","Real","$607,436","$607,436"
"R424655","R-17-W308-112R-0018-0008","KOSHELL, NICHOLAS D & DENIM J","11508 STAKED PLAINS DR APT 7 AUSTIN, TX 78717-4481","11508 STAKED PLAINS DR, UNIT #7, AUSTIN, TX  78717","S8057 - Avery Ranch Far West Ph 1 Sec 2, BLOCK R, Lot 18","L591503E"," ","S8057 - Avery Ranch Far West Ph 1 Sec 2","Real","$443,887","$443,887"
"R424658","R-17-W308-112W-0001-0008","VILLARREAL, LINDSAY J & ERNIE","11716 FLETCHER HALL LN AUSTIN, TX 78717-4452","11716 FLETCHER HALL LN, AUSTIN, TX  78717","S8057 - Avery Ranch Far West Ph 1 Sec 2, BLOCK W, Lot 1","L591503E"," ","S8057 - Avery Ranch Far West Ph 1 Sec 2","Real","$621,800","$621,800"
"R424661","R-17-W308-112W-0004-0008","SCOTT ROYAL SMITH TRUSTEE OF THE 11704 FLETCHER HALL LANE TRUST","13359 N HIGHWAY 183 STE 406 PMB 2058 AUSTIN, TX 78750-7154","11704 FLETCHER HALL LN, AUSTIN, TX  78717","S8057 - Avery Ranch Far West Ph 1 Sec 2, BLOCK W, Lot 4","L591503E"," ","S8057 - Avery Ranch Far West Ph 1 Sec 2","Real","$450,046","$450,046"
"R424664","R-17-W308-112W-0007-0008","THATTE, ANUPAM A & RASIKA SOMAN","11612 FLETCHER HALL LN  AUSTIN, TX 78717-4451","11612 FLETCHER HALL LN, AUSTIN, TX  78717","S8057 - Avery Ranch Far West Ph 1 Sec 2, BLOCK W, Lot 7","L591503E"," ","S8057 - Avery Ranch Far West Ph 1 Sec 2","Real","$513,211","$513,211"
"R424666","R-17-W308-112W-0009-0008","SCOTT ROYAL SMITH TRUSTEE OF 11604 FLETCHER HALL LANE TRUST","8811 GLEN CANYON DR ROUND ROCK, TX 78681-3426","11604 FLETCHER HALL LN, AUSTIN, TX  78717","S8057 - Avery Ranch Far West Ph 1 Sec 2, BLOCK W, Lot 9","L591503E"," ","S8057 - Avery Ranch Far West Ph 1 Sec 2","Real","$458,227","$458,227"
"R424667","R-17-W308-112W-0010-0008","MORRIS, CHAD ALAN & JANA ROCHELLE","2408 BELEN DR  LEANDER, TX 78641","11600 FLETCHER HALL LN, AUSTIN, TX  78717","S8057 - Avery Ranch Far West Ph 1 Sec 2, BLOCK W, Lot 10","L591503E"," ","S8057 - Avery Ranch Far West Ph 1 Sec 2","Real","$520,192","$520,192"
"R424670","R-17-W308-112W-0013-0008","KIM, JUNG YONG & JUNG MOON","15137 THATCHER DR  AUSTIN, TX 78717","11504 FLETCHER HALL LN, AUSTIN, TX  78717","S8057 - Avery Ranch Far West Ph 1 Sec 2, BLOCK W, Lot 13","L591503E"," ","S8057 - Avery Ranch Far West Ph 1 Sec 2","Real","$473,417","$473,417"
"R424672","R-17-W308-112W-0015-0008","MENDOZA, ERICKSON","11501 MISTY WHITE DR  AUSTIN, TX 78717","11501 MISTY WHITE DR, AUSTIN, TX  78717","S8057 - Avery Ranch Far West Ph 1 Sec 2, BLOCK W, Lot 15","L591503E"," ","S8057 - Avery Ranch Far West Ph 1 Sec 2","Real","$644,600","$644,600"
"R424673","R-17-W308-112W-0016-0008","LOPER, ALBERT J & MELANIE J","11505 MISTY WHITE DR  AUSTIN, TX 78717-4466","11505 MISTY WHITE DR, AUSTIN, TX  78717","S8057 - Avery Ranch Far West Ph 1 Sec 2, BLOCK W, Lot 16","L591503E"," ","S8057 - Avery Ranch Far West Ph 1 Sec 2","Real","$567,743","$567,743"
"R424675","R-17-W308-112W-0018-0008","ROY & ROY PROPERTIES LLC","411 S FRONTIER LN  CEDAR PARK, TX 78613-7382","11513 MISTY WHITE DR, AUSTIN, TX  78717","S8057 - Avery Ranch Far West Ph 1 Sec 2, BLOCK W, Lot 18","L591503E"," ","S8057 - Avery Ranch Far West Ph 1 Sec 2","Real","$566,278","$566,278"
"R424678","R-17-W308-112W-0021-0008","HARRISON, ANDREW T & REBECCA L","11525 MISTY WHITE DR  AUSTIN, TX 78717","11525 MISTY WHITE DR, AUSTIN, TX  78717","S8057 - Avery Ranch Far West Ph 1 Sec 2, BLOCK W, Lot 21","L591503E"," ","S8057 - Avery Ranch Far West Ph 1 Sec 2","Real","$649,458","$649,458"
"R424681","R-17-W308-112W-0024-0008","CHEN, YINZHU YINNI","11609 MISTY WHITE DR  AUSTIN, TX 78717","11609 MISTY WHITE DR, AUSTIN, TX  78717","S8057 - Avery Ranch Far West Ph 1 Sec 2, BLOCK W, Lot 24","L591503E"," ","S8057 - Avery Ranch Far West Ph 1 Sec 2","Real","$505,998","$505,998"
"R424684","R-17-W308-112X-0003-0008","KONG, MINSU & YURI HONG","11700 SPRINGS HEAD LOOP  AUSTIN, TX 78717","11700 SPRINGS HEAD LOOP, AUSTIN, TX  78717","S8057 - Avery Ranch Far West Ph 1 Sec 2, BLOCK X, Lot 3","L591503E"," ","S8057 - Avery Ranch Far West Ph 1 Sec 2","Real","$469,240","$469,240"
"R424687","R-17-W308-112X-0006-0008","REPELLA, MARK","15205 STAKED PLAINS LOOP  AUSTIN, TX 78717","15205 STAKED PLAINS LOOP, AUSTIN, TX  78717","S8057 - Avery Ranch Far West Ph 1 Sec 2, BLOCK X, Lot 6","L591503E"," ","S8057 - Avery Ranch Far West Ph 1 Sec 2","Real","$511,102","$511,102"
"R424690","R-17-W308-112X-0009-0008","NOWELL, JAMES M & DANIELLE L","15109 STAKED PLAINS LOOP  AUSTIN, TX 78717-4458","15109 STAKED PLAINS LOOP, AUSTIN, TX  78717","S8057 - Avery Ranch Far West Ph 1 Sec 2, BLOCK X, Lot 9","L591503E"," ","S8057 - Avery Ranch Far West Ph 1 Sec 2","Real","$651,810","$651,810"
"R424692","R-17-W308-112Y-0003-0008","CALDAS ANDREA & PHILIPE DE CARVALHO CALDAS BARBOSA","11700 MISTY WHITE DR  AUSTIN, TX 78717-4468","11700 MISTY WHITE DR, AUSTIN, TX  78717","S8057 - Avery Ranch Far West Ph 1 Sec 2, BLOCK Y, Lot 3","L591503E"," ","S8057 - Avery Ranch Far West Ph 1 Sec 2","Real","$728,294","$729,095"
"R424693","R-17-W308-112Z-0001-0008","DAS, SOMENATH & VIBHA PRASAD","11616 MISTY WHITE DR  AUSTIN, TX 78717-4467","11616 MISTY WHITE DR, AUSTIN, TX  78717","S8057 - Avery Ranch Far West Ph 1 Sec 2, BLOCK Z, Lot 1","L591503E"," ","S8057 - Avery Ranch Far West Ph 1 Sec 2","Real","$651,245","$651,245"
"R424695","R-17-W308-112Z-0003-0008","NWOLISA, ERIC E & IFEOMA N","11608 MISTY WHITE DR AUSTIN, TX 78717-4467","11608 MISTY WHITE DR, AUSTIN, TX  78717","S8057 - Avery Ranch Far West Ph 1 Sec 2, BLOCK Z, Lot 3","L591503E"," ","S8057 - Avery Ranch Far West Ph 1 Sec 2","Real","$670,153","$670,153"
"R424698","R-17-W308-112Z-0006-0008","AMUNDSEN, KIRK H & SUZANNE M","132 LENERA DR LIBERTY HILL, TX 78642-2502","14612 STOCK TANK CV, AUSTIN, TX  78717","S8057 - Avery Ranch Far West Ph 1 Sec 2, BLOCK Z, Lot 6","L591503E"," ","S8057 - Avery Ranch Far West Ph 1 Sec 2","Real","$589,435","$589,435"
"R424701","R-17-W308-112Z-0009-0008","LI, MIN & QINGYUN WANG","14613 STOCK TANK CV  AUSTIN, TX 78717","14613 STOCK TANK CV, AUSTIN, TX  78717","S8057 - Avery Ranch Far West Ph 1 Sec 2, BLOCK Z, Lot 9","L591503E"," ","S8057 - Avery Ranch Far West Ph 1 Sec 2","Real","$630,362","$630,362"
"R424704","R-17-W308-112Z-0012-0008","LONG, DENZIL E JR & MELANIE F","14601 STOCK TANK CV  AUSTIN, TX 78717","14601 STOCK TANK CV, AUSTIN, TX  78717","S8057 - Avery Ranch Far West Ph 1 Sec 2, BLOCK Z, Lot 12","L591503E"," ","S8057 - Avery Ranch Far West Ph 1 Sec 2","Real","$532,557","$532,557"
"R424707","R-17-W308-112Z-0015-0008","JUAN L HERNANDEZ MEZA & OLGA P MEJIA PEREZ OF HERNANDEZ MEJIA LIVING TRUST","14716 STAKED PLAINS LOOP  AUSTIN, TX 78717-4460","14716 STAKED PLAINS LOOP, AUSTIN, TX  78717","S8057 - Avery Ranch Far West Ph 1 Sec 2, BLOCK Z, Lot 15","L591503E"," ","S8057 - Avery Ranch Far West Ph 1 Sec 2","Real","$534,525","$534,525"
"R441862","R-17-W308-113A-A001-0008","DAVIS, LAWRENCE M & ALISON E","14817 STAKED PLAINS LOOP AUSTIN, TX 78717-4484","14817 STAKED PLAINS LOOP, AUSTIN, TX  78717","S8244 - Avery Ranch Far West Ph 1 Sec 3, BLOCK AA, Lot 1","L591503E"," ","S8244 - Avery Ranch Far West Ph 1 Sec 3","Real","$683,304","$683,304"
"R441864","R-17-W308-113A-A003-0008","ZHAO, PING","14809 STAKED PLAINS LOOP  AUSTIN, TX 78717","14809 STAKED PLAINS LOOP, AUSTIN, TX  78717","S8244 - Avery Ranch Far West Ph 1 Sec 3, BLOCK AA, Lot 3","L591503E"," ","S8244 - Avery Ranch Far West Ph 1 Sec 3","Real","$591,331","$591,331"
"R441865","R-17-W308-113A-A004-0008","ARUN VASUDEVAN & ARUN LAKSHMANAN AS CO-TRS OF THE ARUN FAMILY LIVING TRUST","14805 STAKED PLAINS LOOP  AUSTIN, TX 78717-4558","14805 STAKED PLAINS LOOP, AUSTIN, TX  78717","S8244 - Avery Ranch Far West Ph 1 Sec 3, BLOCK AA, Lot 4","L591503E"," ","S8244 - Avery Ranch Far West Ph 1 Sec 3","Real","$611,645","$611,645"
"R441867","R-17-W308-113A-A006-0008","WONG PHOEBE SZEYAN & MACKENZIE XIN-JUN SUNG","11412 SHALLOW WATER RD AUSTIN, TX 78717","11412 SHALLOW WATER RD, AUSTIN, TX  78717","S8244 - Avery Ranch Far West Ph 1 Sec 3, BLOCK AA, Lot 6","L591503E"," ","S8244 - Avery Ranch Far West Ph 1 Sec 3","Real","$427,470","$427,470"
"R441870","R-17-W308-113A-A009-0008","SANDERS, FREDERICK E","PO BOX 5564 COMPTON, CA 90224-5564","14808 MISTLETOE HEIGHTS DR, AUSTIN, TX  78717","S8244 - Avery Ranch Far West Ph 1 Sec 3, BLOCK AA, Lot 9","L591503E"," ","S8244 - Avery Ranch Far West Ph 1 Sec 3","Real","$485,240","$485,240"
"R441873","R-17-W308-113A-A012-0008","MAHAN, ARIANNA MARGUERITE & ZEHAO XUE","14820 MISTLETOE HEIGHTS DR  AUSTIN, TX 78717-4485","14820 MISTLETOE HEIGHTS DR, AUSTIN, TX  78717","S8244 - Avery Ranch Far West Ph 1 Sec 3, BLOCK AA, Lot 12","L591503E"," ","S8244 - Avery Ranch Far West Ph 1 Sec 3","Real","$444,173","$444,173"
"R441876","R-17-W308-113A-A015-0008","MEJIA, GERSON & ANDREA MORALES","14904 MISTLETOE HEIGHTS DR AUSTIN, TX 78717-4490","14904 MISTLETOE HEIGHTS DR, AUSTIN, TX  78717","S8244 - Avery Ranch Far West Ph 1 Sec 3, BLOCK AA, Lot 15","L591503E"," ","S8244 - Avery Ranch Far West Ph 1 Sec 3","Real","$455,484","$455,484"
"R441879","R-17-W308-113B-B001-0008","DESAI, KSHITIJ PANKAJ & NOOPUR DEEPAK MER","1685 MESSINA DR SAN JOSE, CA 95132-1749","11308 LOS COMANCHEROS RD, AUSTIN, TX  78717","S8244 - Avery Ranch Far West Ph 1 Sec 3, BLOCK BB, Lot 1","L591503E"," ","S8244 - Avery Ranch Far West Ph 1 Sec 3","Real","$428,960","$428,960"
"R441881","R-17-W308-113B-B003-0008","KORN, ALEXANDER & TAYLOR","11300 LOS COMANCHEROS RD  AUSTIN, TX 78717","11300 LOS COMANCHEROS RD, AUSTIN, TX  78717","S8244 - Avery Ranch Far West Ph 1 Sec 3, BLOCK BB, Lot 3","L591503E"," ","S8244 - Avery Ranch Far West Ph 1 Sec 3","Real","$413,656","$413,656"
"R441882","R-17-W308-113B-B025-0008","TAYLOR, KIRK L (LE) & DEBORAH KAY (LE)","14913 MISTLETOE HEIGHTS DR  AUSTIN, TX 78717-4490","14913 MISTLETOE HEIGHTS DR, AUSTIN, TX  78717","S8244 - Avery Ranch Far West Ph 1 Sec 3, BLOCK BB, Lot 25","L591503E"," ","S8244 - Avery Ranch Far West Ph 1 Sec 3","Real","$435,282","$435,282"
"R441884","R-17-W308-113B-B027-0008","MEI, DAN & BO CUI","39 CASCADE KY  BELLEVUE, WA 98006","14905 MISTLETOE HEIGHTS DR, AUSTIN, TX  78717","S8244 - Avery Ranch Far West Ph 1 Sec 3, BLOCK BB, Lot 27","L591503E"," ","S8244 - Avery Ranch Far West Ph 1 Sec 3","Real","$435,282","$435,282"
"R441885","R-17-W308-113B-B028-0008","GEOFFREY F HUGHES & JUANITA V HUGHES TRS HUGHES FAMILY TRUST","14901 MISTLETOE HEIGHTS DR  AUSTIN, TX 78717-4490","14901 MISTLETOE HEIGHTS DR, AUSTIN, TX  78717","S8244 - Avery Ranch Far West Ph 1 Sec 3, BLOCK BB, Lot 28","L591503E"," ","S8244 - Avery Ranch Far West Ph 1 Sec 3","Real","$567,368","$567,368"
"R441887","R-17-W308-113C-0044-0008","SINGH, LALLBAHADUR & SULAKSHMI","14901 STAKED PLAINS LOOP  AUSTIN, TX 78717-4491","14901 STAKED PLAINS LOOP, AUSTIN, TX  78717","S8244 - Avery Ranch Far West Ph 1 Sec 3, BLOCK C, Lot 44","L591503E"," ","S8244 - Avery Ranch Far West Ph 1 Sec 3","Real","$530,942","$530,942"
"R441890","R-17-W308-113C-0047-0008","MULLEN, ANNA C  (TOD) & ERIC M  (TOD)","11400 DODGE CATTLE DR  AUSTIN, TX 78717-4488","11400 DODGE CATTLE DR, AUSTIN, TX  78717","S8244 - Avery Ranch Far West Ph 1 Sec 3, BLOCK C, Lot 47","L591503E"," ","S8244 - Avery Ranch Far West Ph 1 Sec 3","Real","$443,344","$443,344"
"R441893","R-17-W308-113C-0077-0008","LIU, YIZAO & FANGZHOU WEI","4543 WALNUT RIDGE CIR  MCDONALD, PA 15057-1609","11012 SHALLOW WATER RD, AUSTIN, TX  78717","S8244 - Avery Ranch Far West Ph 1 Sec 3, BLOCK C, Lot 77","L591503E"," ","S8244 - Avery Ranch Far West Ph 1 Sec 3","Real","$482,223","$482,223"
"R441896","R-17-W308-113C-0080-0008","WANG, YUAN LI","11000 SHALLOW WATER RD  AUSTIN, TX 78717","11000 SHALLOW WATER RD, AUSTIN, TX  78717","S8244 - Avery Ranch Far West Ph 1 Sec 3, BLOCK C, Lot 80","L591503E"," ","S8244 - Avery Ranch Far West Ph 1 Sec 3","Real","$478,201","$478,201"
"R441899","R-17-W308-113C-0083-0008","HERNANDEZ, MARIO LANDA & VANESSA M G PADILLA","14701 LA LLORONA LN  AUSTIN, TX 78717","14701 LA LLORONA LN, AUSTIN, TX  78717","S8244 - Avery Ranch Far West Ph 1 Sec 3, BLOCK C, Lot 83","L591503E"," ","S8244 - Avery Ranch Far West Ph 1 Sec 3","Real","$438,784","$438,784"
"R441902","R-17-W308-113C-0086-0008","ANAND, VIVEK & RICHA DEO","14708 LA LLORONA LN  AUSTIN, TX 78717","14708 LA LLORONA LN, AUSTIN, TX  78717","S8244 - Avery Ranch Far West Ph 1 Sec 3, BLOCK C, Lot 86","L591503E"," ","S8244 - Avery Ranch Far West Ph 1 Sec 3","Real","$494,644","$494,644"
"R441905","R-17-W308-113C-0089-0008","KEEGAN, CHRISTOPHER GLENN & LEE O","14705 SHALLOW WATER CV  AUSTIN, TX 78717-4497","14705 SHALLOW WATER CV, AUSTIN, TX  78717","S8244 - Avery Ranch Far West Ph 1 Sec 3, BLOCK C, Lot 89","L591503E"," ","S8244 - Avery Ranch Far West Ph 1 Sec 3","Real","$514,018","$514,018"
"R441907","R-17-W308-113C-0091-0008","HORTON, TAMMY JEAN","14700 SHALLOW WATER CV AUSTIN, TX 78717-4497","14700 SHALLOW WATER CV, AUSTIN, TX  78717","S8244 - Avery Ranch Far West Ph 1 Sec 3, BLOCK C, Lot 91","L591503E"," ","S8244 - Avery Ranch Far West Ph 1 Sec 3","Real","$444,776","$444,776"
"R441910","R-17-W308-113C-0094-0008","BOATRIGHT, JIM ELTON","11209 SHALLOW WATER RD AUSTIN, TX 78717-4495","11209 SHALLOW WATER CV, AUSTIN, TX  78717","S8244 - Avery Ranch Far West Ph 1 Sec 3, BLOCK C, Lot 94","L591503E"," ","S8244 - Avery Ranch Far West Ph 1 Sec 3","Real","$514,420","$514,420"
"R441913","R-17-W308-113C-0097-0008","GUO, HAIDONG","3254 VINTAGE OAKS CT SAN JOSE, CA 95148-3824","11221 SHALLOW WATER RD, AUSTIN, TX  78717","S8244 - Avery Ranch Far West Ph 1 Sec 3, BLOCK C, Lot 97","L591503E"," ","S8244 - Avery Ranch Far West Ph 1 Sec 3","Real","$434,081","$434,081"
"R441916","R-17-W308-113C-0100-0008","AVILES CARLOS OSORIO & MA DE JESUS ORTEGA ALVAREZ","11309 SHALLOW WATER RD  AUSTIN, TX 78717","11309 SHALLOW WATER RD, AUSTIN, TX  78717","S8244 - Avery Ranch Far West Ph 1 Sec 3, BLOCK C, Lot 100","L591503E"," ","S8244 - Avery Ranch Far West Ph 1 Sec 3","Real","$514,198","$514,198"
"R441919","R-17-W308-113C-0103-0008","PARISI CHRISTOPHER PAUL & PARISI REBECCA ANNE CO-TRUSTEES OF THE PARISI MANAGEME","15017 BANBRIDGE TRL  AUSTI, TX 78717","11321 SHALLOW WATER RD, AUSTIN, TX  78717","S8244 - Avery Ranch Far West Ph 1 Sec 3, BLOCK C, Lot 103","L591503E"," ","S8244 - Avery Ranch Far West Ph 1 Sec 3","Real","$470,514","$470,514"
"R441922","R-17-W308-113C-0106-0008","AMEEN, NASER AL","5314 PERRINGTON HEIGHTS LN  HOUSTON, TX 77056-5789","11409 SHALLOW WATER RD, AUSTIN, TX  78717","S8244 - Avery Ranch Far West Ph 1 Sec 3, BLOCK C, Lot 106","L591503E"," ","S8244 - Avery Ranch Far West Ph 1 Sec 3","Real","$485,240","$485,240"
"R441925","R-17-W308-113D-D001-0008","KYRIAZIS, GEORGE (TOD) & JENNIFER (TOD)","10103 ULLSWATER CV  AUSTIN, TX 78750-3919","11313 LOS COMANCHEROS RD, AUSTIN, TX  78717","S8244 - Avery Ranch Far West Ph 1 Sec 3, BLOCK DD, Lot 1","L591503E"," ","S8244 - Avery Ranch Far West Ph 1 Sec 3","Real","$485,240","$485,240"
"R441927","R-17-W308-113D-D003-0008","14813 MISTLETOE HEIGHTS DRIVE INC","15429 WHISTLING STRAITS  AUSTIN, TX 78717","14813 MISTLETOE HEIGHTS DR, AUSTIN, TX  78717","S8244 - Avery Ranch Far West Ph 1 Sec 3, BLOCK DD, Lot 3","L591503E"," ","S8244 - Avery Ranch Far West Ph 1 Sec 3","Real","$450,711","$450,711"
"R441930","R-17-W308-113D-D006-0008","CHEN, CHANG-KUN","11312 SHALLOW WATER RD  AUSTIN, TX 78717-4482","11312 SHALLOW WATER RD, AUSTIN, TX  78717","S8244 - Avery Ranch Far West Ph 1 Sec 3, BLOCK DD, Lot 6","L591503E"," ","S8244 - Avery Ranch Far West Ph 1 Sec 3","Real","$465,638","$465,638"
"R441933","R-17-W308-113D-D009-0008","JONES, KATRINA & JUSTIN","11300 SHALLOW WATER RD  AUSTIN, TX 78717","11300 SHALLOW WATER RD, AUSTIN, TX  78717","S8244 - Avery Ranch Far West Ph 1 Sec 3, BLOCK DD, Lot 9","L591503E"," ","S8244 - Avery Ranch Far West Ph 1 Sec 3","Real","$481,700","$481,700"
"R441936","R-17-W308-113D-D012-0008","WANG, ZHONGHE & XIN LIN","10806 ROY BUTLER DR AUSTIN, TX 78717","14816 SLINGSHOT RD, AUSTIN, TX  78717","S8244 - Avery Ranch Far West Ph 1 Sec 3, BLOCK DD, Lot 12","L591503E"," ","S8244 - Avery Ranch Far West Ph 1 Sec 3","Real","$439,341","$439,341"
"R441939","R-17-W308-113E-E001-0008","EVANS GARY L & ANGELA M TRUSTEE OF GARY L EVANS REVOCABLE LIVING TRUST","43447 CROSON LN UNIT 400 ASHBURN, VA 20148-5344","14821 SLINGSHOT RD, AUSTIN, TX  78717","S8244 - Avery Ranch Far West Ph 1 Sec 3, BLOCK EE, Lot 1","L591503E"," ","S8244 - Avery Ranch Far West Ph 1 Sec 3","Real","$429,870","$429,870"
"R441942","R-17-W308-113G-G001-0008","SELDON, MELISSA & GREG and ELIZABETH & EUGENE KOTRLA","11216 SHALLOW WATER RD  AUSTIN, TX 78717-4495","11216 SHALLOW WATER RD, AUSTIN, TX  78717","S8244 - Avery Ranch Far West Ph 1 Sec 3, BLOCK GG, Lot 1","L591503E"," ","S8244 - Avery Ranch Far West Ph 1 Sec 3","Real","$514,198","$514,198"
"R441945","R-17-W308-113G-G004-0008","MUNIZ, FRED JR & LINDSAY M VOLK","11204 SHALLOW WATER RD AUSTIN, TX 78717-4495","11204 SHALLOW WATER RD, AUSTIN, TX  78717","S8244 - Avery Ranch Far West Ph 1 Sec 3, BLOCK GG, Lot 4","L591503E"," ","S8244 - Avery Ranch Far West Ph 1 Sec 3","Real","$445,243","$445,243"
"R441947","R-17-W308-113G-G006-0008","CARVALHO-BACALAN KATHLEEN R & JOSHUA CARVALHO","88 CREST RD E ROLLING HILLS, CA 90274","11120 SHALLOW WATER RD, AUSTIN, TX  78717","S8244 - Avery Ranch Far West Ph 1 Sec 3, BLOCK GG, Lot 6","L591503E"," ","S8244 - Avery Ranch Far West Ph 1 Sec 3","Real","$435,282","$435,282"
"R441948","R-17-W308-113G-G007-0008","CARRASCO, CINDY MEDIANO","11116 SHALLOW WATER RD AUSTIN, TX 78717-4496","11116 SHALLOW WATER RD, AUSTIN, TX  78717","S8244 - Avery Ranch Far West Ph 1 Sec 3, BLOCK GG, Lot 7","L591503E"," ","S8244 - Avery Ranch Far West Ph 1 Sec 3","Real","$503,819","$503,819"
"R441950","R-17-W308-113G-G009-0008","NISHIKAWA, MAKOTO & YOKO","17613 CYPRESS CIR CARSON, CA 90746-7416","11108 SHALLOW WATER RD, AUSTIN, TX  78717","S8244 - Avery Ranch Far West Ph 1 Sec 3, BLOCK GG, Lot 9","L591503E"," ","S8244 - Avery Ranch Far West Ph 1 Sec 3","Real","$481,700","$481,700"
"R441953","R-17-W308-113G-G021-0008","KESKE, SAMUEL & KATHERINE","11237 CRAZY WELL DR  AUSTIN, TX 78717","11237 CRAZY WELL DR, AUSTIN, TX  78717","S8244 - Avery Ranch Far West Ph 1 Sec 3, BLOCK GG, Lot 21","L591503E"," ","S8244 - Avery Ranch Far West Ph 1 Sec 3","Real","$437,722","$437,722"
"R441956","R-17-W308-113Z-0019-0008","KIM, BOSOO & MINJIN KANG","2618 KRAMER LN  #APT 4081 AUSTIN, TX 78758-4674","14804 STAKED PLAINS LOOP, AUSTIN, TX  78717","S8244 - Avery Ranch Far West Ph 1 Sec 3, BLOCK Z, Lot 19","L591503E"," ","S8244 - Avery Ranch Far West Ph 1 Sec 3","Real","$522,953","$522,953"
"R441959","R-17-W308-113Z-0022-0008","ARINZE OBIANUJU & EGBUONYE CHUKWUEMEKA TRUSTEES OF ARINZE EGBUONYE FAMILY TRUST","14900 STAKED PLAINS LOOP AUSTIN, TX 78717","14900 STAKED PLAINS LOOP, AUSTIN, TX  78717","S8244 - Avery Ranch Far West Ph 1 Sec 3, BLOCK Z, Lot 22","L591503E"," ","S8244 - Avery Ranch Far West Ph 1 Sec 3","Real","$661,083","$661,083"
"R441962","R-17-W308-114B-B006-0008","MCKEY, NOLA P","11224 LOS COMANCHEROS RD  AUSTIN, TX 78717","11224 LOS COMANCHEROS RD, AUSTIN, TX  78717","S8285 - Avery Ranch Far West Ph 1 Sec 4, BLOCK BB, Lot 6","L591503E"," ","S8285 - Avery Ranch Far West Ph 1 Sec 4","Real","$434,438","$434,438"
"R441965","R-17-W308-114B-B009-0008","YAO WANG & WEI HUA SUN TRS OF YAO WANG & WEI HUA SUN LIVING TRUST","11212 LOS COMANCHEROS RD  AUSTIN, TX 78717-4673","11212 LOS COMANCHEROS RD, AUSTIN, TX  78717","S8285 - Avery Ranch Far West Ph 1 Sec 4, BLOCK BB, Lot 9","L591503E"," ","S8285 - Avery Ranch Far West Ph 1 Sec 4","Real","$475,624","$475,624"
"R441967","R-17-W308-114B-B011-0008","DOAN, JULIE D","11204 LOS COMANCHEROS RD  AUSTIN, TX 78717","11204 LOS COMANCHEROS RD, AUSTIN, TX  78717","S8285 - Avery Ranch Far West Ph 1 Sec 4, BLOCK BB, Lot 11","L591503E"," ","S8285 - Avery Ranch Far West Ph 1 Sec 4","Real","$424,429","$424,429"
"R441968","R-17-W308-114B-B012-0008","NGUYEN, THAO PHUONG & ANHKIET TRAVIS VO","11200 LOS COMANCHEROS RD  AUSTIN, TX 78717","11200 LOS COMANCHEROS RD, AUSTIN, TX  78717","S8285 - Avery Ranch Far West Ph 1 Sec 4, BLOCK BB, Lot 12","L591503E"," ","S8285 - Avery Ranch Far West Ph 1 Sec 4","Real","$468,725","$468,725"
"R441970","R-17-W308-114B-B014-0008","NGUYEN, HUNG","11205 DODGE CATTLE DR  AUSTIN, TX 78717","11205 DODGE CATTLE DR, AUSTIN, TX  78717","S8285 - Avery Ranch Far West Ph 1 Sec 4, BLOCK BB, Lot 14","L591503E"," ","S8285 - Avery Ranch Far West Ph 1 Sec 4","Real","$434,169","$434,169"
"R441973","R-17-W308-114B-B017-0008","DONG, HAI & RONG YANG","10116 VAQUERO TRL  AUSTIN, TX 78759","11217 DODGE CATTLE DR, AUSTIN, TX  78717","S8285 - Avery Ranch Far West Ph 1 Sec 4, BLOCK BB, Lot 17","L591503E"," ","S8285 - Avery Ranch Far West Ph 1 Sec 4","Real","$471,696","$471,696"
"R441976","R-17-W308-114B-B020-0008","YEN, PETER & SANDY W","11301 DODGE CATTLE DR  AUSTIN, TX 78717","11301 DODGE CATTLE DR, AUSTIN, TX  78717","S8285 - Avery Ranch Far West Ph 1 Sec 4, BLOCK BB, Lot 20","L591503E"," ","S8285 - Avery Ranch Far West Ph 1 Sec 4","Real","$500,454","$500,454"
"R441979","R-17-W308-114B-B023-0008","PURWAR, RUCHIR","48972 WOODGROVE CMN  FREMONT, CA 94539-7586","11313 DODGE CATTLE DR, AUSTIN, TX  78717","S8285 - Avery Ranch Far West Ph 1 Sec 4, BLOCK BB, Lot 23","L591503E"," ","S8285 - Avery Ranch Far West Ph 1 Sec 4","Real","$411,952","$411,952"
"R441982","R-17-W308-114C-0048-0008","YOO, KWANG JIN & MIKYOUNG","15100 DODGE CATTLE CV  AUSTIN, TX 78717","15100 DODGE CATTLE CV, AUSTIN, TX  78717","S8285 - Avery Ranch Far West Ph 1 Sec 4, BLOCK C, Lot 48","L591503E"," ","S8285 - Avery Ranch Far West Ph 1 Sec 4","Real","$552,920","$552,920"
"R441985","R-17-W308-114C-0051-0008","JI, JIANXIONG & MINJIE XU","15112 DODGE CATTLE CV  AUSTIN, TX 78717","15112 DODGE CATTLE CV, AUSTIN, TX  78717","S8285 - Avery Ranch Far West Ph 1 Sec 4, BLOCK C, Lot 51","L591503E"," ","S8285 - Avery Ranch Far West Ph 1 Sec 4","Real","$384,000","$384,000"
"R441987","R-17-W308-114C-0053-0008","MANDREKAR, ROHAN & VAISHNAVI MANGAOKAR","715 QUETTA AVE  #APT D SUNNYVALE, CA 94087","15105 DODGE CATTLE CV, AUSTIN, TX  78717","S8285 - Avery Ranch Far West Ph 1 Sec 4, BLOCK C, Lot 53","L591503E"," ","S8285 - Avery Ranch Far West Ph 1 Sec 4","Real","$458,334","$458,334"
"R441988","R-17-W308-114C-0054-0008","LEYVA, JOSEPH B & TAMMY S CHRISTOFFERSON","15101 DODGE CATTLE CV  AUSTIN, TX 78717","15101 DODGE CATTLE CV, AUSTIN, TX  78717","S8285 - Avery Ranch Far West Ph 1 Sec 4, BLOCK C, Lot 54","L591503E"," ","S8285 - Avery Ranch Far West Ph 1 Sec 4","Real","$602,374","$602,374"
"R441990","R-17-W308-114C-0057-0008","BURCH, JAMES F & ELIZABETH M","500 WILEY DR  CHARLOTTESVILLE, VA 22903-4649","10817 DODGE CATTLE DR, AUSTIN, TX  78717","S8285 - Avery Ranch Far West Ph 1 Sec 4, BLOCK C, Lot 57","L591503E"," ","S8285 - Avery Ranch Far West Ph 1 Sec 4","Real","$477,521","$477,521"
"R441993","R-17-W308-114C-0060-0008","LIU, KE & BING QI","10901 DODGE CATTLE DR  AUSTIN, TX 78717-4499","10901 DODGE CATTLE DR, AUSTIN, TX  78717","S8285 - Avery Ranch Far West Ph 1 Sec 4, BLOCK C, Lot 60","L591503E"," ","S8285 - Avery Ranch Far West Ph 1 Sec 4","Real","$465,768","$465,768"
"R441996","R-17-W308-114C-0063-0008","RENNER, KENN L & MICHELE","125 ARBOLADO LOOP  LIBERTY HILL, TX 78642-4913","10913 DODGE CATTLE DR, AUSTIN, TX  78717","S8285 - Avery Ranch Far West Ph 1 Sec 4, BLOCK C, Lot 63","L591503E"," ","S8285 - Avery Ranch Far West Ph 1 Sec 4","Real","$513,616","$513,616"
"R441999","R-17-W308-114C-0066-0008","CUBBAGE, ANTHONY B & VICTORIE E CULLERS","10925 DODGE CATTLE DR  AUSTIN, TX 78717-4499","10925 DODGE CATTLE DR, AUSTIN, TX  78717","S8285 - Avery Ranch Far West Ph 1 Sec 4, BLOCK C, Lot 66","L591503E"," ","S8285 - Avery Ranch Far West Ph 1 Sec 4","Real","$440,470","$440,470"
"R442002","R-17-W308-114C-0069-0008","BARCENAS, ANNA LIZA DE CRUZ & JONATHAN DE LOS SANTOS BARCENAS","11109 CRAZY WELL DR AUSTIN, TX 78717-4679","11109 CRAZY WELL DR, AUSTIN, TX  78717","S8285 - Avery Ranch Far West Ph 1 Sec 4, BLOCK C, Lot 69","L591503E"," ","S8285 - Avery Ranch Far West Ph 1 Sec 4","Real","$446,658","$446,658"
"R442005","R-17-W308-114C-0072-0008","YANG, QIANFAN","11121 CRAZY WELL DR  AUSTIN, TX 78717","11121 CRAZY WELL DR, AUSTIN, TX  78717","S8285 - Avery Ranch Far West Ph 1 Sec 4, BLOCK C, Lot 72","L591503E"," ","S8285 - Avery Ranch Far West Ph 1 Sec 4","Real","$472,182","$472,182"
"R442008","R-17-W308-114C-C001-0008","MORENO LONDONO, CARLOS A & PEI YIN YANG","11120 LOS COMANCHEROS RD  AUSTIN, TX 78717-4546","11120 LOS COMANCHEROS RD, AUSTIN, TX  78717","S8285 - Avery Ranch Far West Ph 1 Sec 4, BLOCK CC, Lot 1","L591503E"," ","S8285 - Avery Ranch Far West Ph 1 Sec 4","Real","$457,641","$457,641"
"R442010","R-17-W308-114C-C003-0008","EL-ZEIN, ALI S & MAHA CHARAFEDDINE","11112 LOS COMANCHEROS RD  AUSTIN, TX 78717","11112 LOS COMANCHEROS RD, AUSTIN, TX  78717","S8285 - Avery Ranch Far West Ph 1 Sec 4, BLOCK CC, Lot 3","L591503E"," ","S8285 - Avery Ranch Far West Ph 1 Sec 4","Real","$446,221","$446,221"
"R442013","R-17-W308-114C-C006-0008","CHAO LIAN & YUQING JING TRS BRIGHT FUTURE TRUST","116 MISSION DR  EAST PALO ALTO, CA 94303-2755","11100 LOS COMANCHEROS RD, AUSTIN, TX  78717","S8285 - Avery Ranch Far West Ph 1 Sec 4, BLOCK CC, Lot 6","L591503E"," ","S8285 - Avery Ranch Far West Ph 1 Sec 4","Real","$447,402","$447,402"
"R442016","R-17-W308-114C-C009-0008","MEATH, DANIEL F & PAMELA K","11008 LOS COMANCHEROS RD  AUSTIN, TX 78717","11008 LOS COMANCHEROS RD, AUSTIN, TX  78717","S8285 - Avery Ranch Far West Ph 1 Sec 4, BLOCK CC, Lot 9","L591503E"," ","S8285 - Avery Ranch Far West Ph 1 Sec 4","Real","$572,910","$572,910"
"R442019","R-17-W308-114C-C012-0008","GARZA, MATIAS E & COLLEEN L","11001 DODGE CATTLE DR  AUSTIN, TX 78717","11001 DODGE CATTLE DR, AUSTIN, TX  78717","S8285 - Avery Ranch Far West Ph 1 Sec 4, BLOCK CC, Lot 12","L591503E"," ","S8285 - Avery Ranch Far West Ph 1 Sec 4","Real","$512,065","$512,065"
"R442022","R-17-W308-114C-C015-0008","MOORE-MCKINNIE, REGINA","11013 DODGE CATTLE DR  AUSTIN, TX 78717","11013 DODGE CATTLE DR, AUSTIN, TX  78717","S8285 - Avery Ranch Far West Ph 1 Sec 4, BLOCK CC, Lot 15","L591503E"," ","S8285 - Avery Ranch Far West Ph 1 Sec 4","Real","$478,639","$478,639"
"R442025","R-17-W308-114C-C018-0008","Unknown","Unknown","11101 DODGE CATTLE DR, AUSTIN, TX  78717","S8285 - Avery Ranch Far West Ph 1 Sec 4, BLOCK CC, Lot 18","L591503E"," ","S8285 - Avery Ranch Far West Ph 1 Sec 4","Real","$411,952","$411,952"
"R442028","R-17-W308-114C-C021-0008","WINTER, TIMOTHY & KARI K","11113 DODGE CATTLE DR AUSTIN, TX 78717-4542","11113 DODGE CATTLE DR, AUSTIN, TX  78717","S8285 - Avery Ranch Far West Ph 1 Sec 4, BLOCK CC, Lot 21","L591503E"," ","S8285 - Avery Ranch Far West Ph 1 Sec 4","Real","$472,694","$472,694"
"R442030","R-17-W308-114C-C023-0008","PENG, ALEXANDER","11121 DODGE CATTLE DR  AUSTIN, TX 78717","11121 DODGE CATTLE DR, AUSTIN, TX  78717","S8285 - Avery Ranch Far West Ph 1 Sec 4, BLOCK CC, Lot 23","L591503E"," ","S8285 - Avery Ranch Far West Ph 1 Sec 4","Real","$449,364","$449,364"
"R442031","R-17-W308-114C-C024-0008","MEHTA, NAVNIT","11125 DODGE CATTLE DR  AUSTIN, TX 78717","11125 DODGE CATTLE DR, AUSTIN, TX  78717","S8285 - Avery Ranch Far West Ph 1 Sec 4, BLOCK CC, Lot 24","L591503E"," ","S8285 - Avery Ranch Far West Ph 1 Sec 4","Real","$507,830","$507,830"
"R442033","R-17-W308-114E-E005-0008","ARTIME, CAROLYN MARIE","11220 CRAZY WELL DR  AUSTIN, TX 78717","11220 CRAZY WELL DR, AUSTIN, TX  78717","S8285 - Avery Ranch Far West Ph 1 Sec 4, BLOCK EE, Lot 5","L591503E"," ","S8285 - Avery Ranch Far West Ph 1 Sec 4","Real","$416,599","$416,599"
"R442036","R-17-W308-114E-E008-0008","OFIAZA, MACAMILA & ARTHUR","11208 CRAZY WELL DR AUSTIN, TX 78717-4429","11208 CRAZY WELL DR, AUSTIN, TX  78717","S8285 - Avery Ranch Far West Ph 1 Sec 4, BLOCK EE, Lot 8","L591503E"," ","S8285 - Avery Ranch Far West Ph 1 Sec 4","Real","$462,795","$462,795"
"R442039","R-17-W308-114E-E011-0008","MALINEST LLC","11106 DK RANCH RD  AUSTIN, TX 78759","11201 LOS COMANCHEROS RD, AUSTIN, TX  78717","S8285 - Avery Ranch Far West Ph 1 Sec 4, BLOCK EE, Lot 11","L591503E"," ","S8285 - Avery Ranch Far West Ph 1 Sec 4","Real","$436,699","$436,699"
"R442042","R-17-W308-114E-E014-0008","SPENCER, DAVID A & LISA","11213 LOS COMANCHEROS RD  AUSTIN, TX 78717","11213 LOS COMANCHEROS RD, AUSTIN, TX  78717","S8285 - Avery Ranch Far West Ph 1 Sec 4, BLOCK EE, Lot 14","L591503E"," ","S8285 - Avery Ranch Far West Ph 1 Sec 4","Real","$405,576","$405,576"
"R442044","R-17-W308-114E-E016-0008","FU, ZHENGMING & ZHAO, MIN","8500 SWEETNESS LN  AUSTIN, TX 78750","11221 LOS COMANCHEROS RD, AUSTIN, TX  78717","S8285 - Avery Ranch Far West Ph 1 Sec 4, BLOCK EE, Lot 16","L591503E"," ","S8285 - Avery Ranch Far West Ph 1 Sec 4","Real","$419,312","$419,312"
"R442045","R-17-W308-114E-E017-0008","GOLE, PABITRA LAMA","14032 BROMFIELD RD  GERMANTOWN, MD 20874-2290","11225 LOS COMANCHEROS RD, AUSTIN, TX  78717","S8285 - Avery Ranch Far West Ph 1 Sec 4, BLOCK EE, Lot 17","L591503E"," ","S8285 - Avery Ranch Far West Ph 1 Sec 4","Real","$440,508","$440,508"
"R442048","R-17-W308-114F-F003-0008","ROSENBERG, LITAL BARKAN & TAMIR","25645 SHAW PL  STEVENSON RANCH, CA 91381-1515","11124 CRAZY WELL DR, AUSTIN, TX  78717","S8285 - Avery Ranch Far West Ph 1 Sec 4, BLOCK FF, Lot 3","L591503E"," ","S8285 - Avery Ranch Far West Ph 1 Sec 4","Real","$426,721","$426,721"
"R442050","R-17-W308-114F-F005-0008","ROBERTS, REID & CAITLYN","11116 CRAZY WELL DR  AUSTIN, TX 78717-4679","11116 CRAZY WELL DR, AUSTIN, TX  78717","S8285 - Avery Ranch Far West Ph 1 Sec 4, BLOCK FF, Lot 5","L591503E"," ","S8285 - Avery Ranch Far West Ph 1 Sec 4","Real","$441,963","$441,963"
"R442051","R-17-W308-114F-F006-0008","DAKE JEFFREY R TRUSTEE OF THE JEFFREY R DAKE TRUST","7938 MESA TRAILS CIR AUSTIN, TX 78731-1445","11012 CRAZY WELL DR, AUSTIN, TX  78717","S8285 - Avery Ranch Far West Ph 1 Sec 4, BLOCK FF, Lot 6","L591503E"," ","S8285 - Avery Ranch Far West Ph 1 Sec 4","Real","$461,342","$461,342"
"R442053","R-17-W308-114F-F008-0008","MURILLO, VICTOR & ROSA","11009 QUARRY OAKS TRL  AUSTIN, TX 78717-4440","11004 CRAZY WELL DR, AUSTIN, TX  78717","S8285 - Avery Ranch Far West Ph 1 Sec 4, BLOCK FF, Lot 8","L591503E"," ","S8285 - Avery Ranch Far West Ph 1 Sec 4","Real","$454,230","$454,230"
"R442056","R-17-W308-114F-F011-0008","AYZRZAGOITIA-TASSINARI LIVING TRUST","11013 LOS COMANCHEROS RD AUSTIN, TX 78717-4544","11013 LOS COMANCHEROS RD, AUSTIN, TX  78717","S8285 - Avery Ranch Far West Ph 1 Sec 4, BLOCK FF, Lot 11","L591503E"," ","S8285 - Avery Ranch Far West Ph 1 Sec 4","Real","$478,901","$478,901"
"R442059","R-17-W308-114F-F014-0008","MCCASKEY, JAMES D & DONNA LYNNE","11109 LOS COMANCHEROS RD  AUSTIN, TX 78717","11109 LOS COMANCHEROS RD, AUSTIN, TX  78717","S8285 - Avery Ranch Far West Ph 1 Sec 4, BLOCK FF, Lot 14","L591503E"," ","S8285 - Avery Ranch Far West Ph 1 Sec 4","Real","$468,214","$468,214"
"R442062","R-17-W308-114G-G012-0008","GLUKHOVSKAYA, MARIA","11201 CRAZY WELL DR AUSTIN, TX 78717-4429","11201 CRAZY WELL DR, AUSTIN, TX  78717","S8285 - Avery Ranch Far West Ph 1 Sec 4, BLOCK GG, Lot 12","L591503E"," ","S8285 - Avery Ranch Far West Ph 1 Sec 4","Real","$475,805","$475,805"
"R442065","R-17-W308-114G-G015-0008","SRIDHAR, RANGANATHAN & AMUDHAVALLI","1110 STEEPLECHASE LN  CUPERTINO, CA 95014","11213 CRAZY WELL DR, AUSTIN, TX  78717","S8285 - Avery Ranch Far West Ph 1 Sec 4, BLOCK GG, Lot 15","L591503E"," ","S8285 - Avery Ranch Far West Ph 1 Sec 4","Real","$432,800","$432,800"
"R442068","R-17-W308-114G-G018-0008","VELADI, REZA & SHIVA HAGHIGHI","13013 HYMEADOW CIR  AUSTIN, TX 78729","11225 CRAZY WELL DR, AUSTIN, TX  78717","S8285 - Avery Ranch Far West Ph 1 Sec 4, BLOCK GG, Lot 18","L591503E"," ","S8285 - Avery Ranch Far West Ph 1 Sec 4","Real","$422,351","$422,351"
"R455435","R-17-W311-800A-0002-0008","KATHIRESAN, GOPINATH & KARTHIKA RAMASAMY","1569 WAXWING AVE SUNNYVALE, CA 94087-5026","10716 CASITAS DR, AUSTIN, TX  78717","S8794 - CASITAS AT AVERY RANCH(SECOND AMENDED PLAT), BLOCK A, Lot 2","L591503E"," ","S8794 - CASITAS AT AVERY RANCH(SECOND AMENDED PLAT)","Real","$518,043","$518,043"
"R455438","R-17-W311-800A-0005-0008","WANG, JAMES (TOD) & YICHEN CHEN (TOD)","10728 CASITAS DR  AUSTIN, TX 78717","10728 CASITAS DR, AUSTIN, TX  78717","S8794 - CASITAS AT AVERY RANCH(SECOND AMENDED PLAT), BLOCK A, Lot 5","L591503E"," ","S8794 - CASITAS AT AVERY RANCH(SECOND AMENDED PLAT)","Real","$479,155","$479,155"
"R455441","R-17-W311-800A-0008-0008","TANG, FREDERICK","6208 TYNING CIR FRISCO, TX 75035-7264","10804 CASITAS DR, AUSTIN, TX  78717","S8794 - CASITAS AT AVERY RANCH(SECOND AMENDED PLAT), BLOCK A, Lot 8","L591503E"," ","S8794 - CASITAS AT AVERY RANCH(SECOND AMENDED PLAT)","Real","$657,891","$657,891"
"R455444","R-17-W311-800A-0011-0008","LESHKO, IVAN & SOFIYA","10816 CASITAS DR  AUSTIN, TX 78717-3873","10816 CASITAS DR, AUSTIN, TX  78717","S8794 - CASITAS AT AVERY RANCH(SECOND AMENDED PLAT), BLOCK A, Lot 11","L591503E"," ","S8794 - CASITAS AT AVERY RANCH(SECOND AMENDED PLAT)","Real","$631,399","$631,399"
"R455447","R-17-W311-800A-0014-0008","ITUARTE DE LOYO, MARIA TERESA","10828 CASITAS DR  AUSTIN, TX 78717-3873","10828 CASITAS DR, AUSTIN, TX  78717","S8794 - CASITAS AT AVERY RANCH(SECOND AMENDED PLAT), BLOCK A, Lot 14","L591503E"," ","S8794 - CASITAS AT AVERY RANCH(SECOND AMENDED PLAT)","Real","$482,853","$482,853"
"R455449","R-17-W311-800A-0016-0008","GREEN, JOHN & LYNN","10904 CASITAS DR  AUSTIN, TX 78717","10904 CASITAS DR, AUSTIN, TX  78717","S8794 - CASITAS AT AVERY RANCH(SECOND AMENDED PLAT), BLOCK A, Lot 16","L591503E"," ","S8794 - CASITAS AT AVERY RANCH(SECOND AMENDED PLAT)","Real","$647,786","$647,786"
"R455452","R-17-W311-800A-0019-0008","POWELL, MELANIE K & SHAUN G","10916 CASITAS DR  AUSTIN, TX 78717","10916 CASITAS DR, AUSTIN, TX  78717","S8794 - CASITAS AT AVERY RANCH(SECOND AMENDED PLAT), BLOCK A, Lot 19","L591503E"," ","S8794 - CASITAS AT AVERY RANCH(SECOND AMENDED PLAT)","Real","$494,524","$494,524"
"R455455","R-17-W311-800A-0022-0008","LIANG, XIAOLING & WILLIAM WAGONER","10928 CASITAS DR  AUSTIN, TX 78717","10928 CASITAS DR, AUSTIN, TX  78717","S8794 - CASITAS AT AVERY RANCH(SECOND AMENDED PLAT), BLOCK A, Lot 22","L591503E"," ","S8794 - CASITAS AT AVERY RANCH(SECOND AMENDED PLAT)","Real","$486,278","$486,278"
"R455458","R-17-W311-800A-0025-0008","DIZON, RENE M & EVANGELINE","10051 COSBY WAY  ELK GROVE, CA 95757-1683","10940 CASITAS DR, AUSTIN, TX  78717","S8794 - CASITAS AT AVERY RANCH(SECOND AMENDED PLAT), BLOCK A, Lot 25","L591503E"," ","S8794 - CASITAS AT AVERY RANCH(SECOND AMENDED PLAT)","Real","$478,391","$478,391"
"R455461","R-17-W311-800A-0028-0008","HUI CHAU SHING & YING FAN WONG","11102 SCOTLAND WELL DR AUSTIN, TX 78750-3606","11000 CASITAS DR, AUSTIN, TX  78717","S8794 - CASITAS AT AVERY RANCH(SECOND AMENDED PLAT), BLOCK A, Lot 28","L591503E"," ","S8794 - CASITAS AT AVERY RANCH(SECOND AMENDED PLAT)","Real","$657,219","$657,219"
"R455464","R-17-W311-800A-0031-0008","MUNOZ CORREA, LEO MARK & MICHELLE DE JESUS CORREA","11012 CASITAS DR  AUSTIN, TX 78717-3875","11012 CASITAS DR, AUSTIN, TX  78717","S8794 - CASITAS AT AVERY RANCH(SECOND AMENDED PLAT), BLOCK A, Lot 31","L591503E"," ","S8794 - CASITAS AT AVERY RANCH(SECOND AMENDED PLAT)","Real","$476,727","$476,727"
"R455467","R-17-W311-800A-0034-0008","MORIGUCHI, HIROTAKA & AYAKA","11024 CASITAS DR  AUSTIN, TX 78717-3875","11024 CASITAS DR, AUSTIN, TX  78717","S8794 - CASITAS AT AVERY RANCH(SECOND AMENDED PLAT), BLOCK A, Lot 34","L591503E"," ","S8794 - CASITAS AT AVERY RANCH(SECOND AMENDED PLAT)","Real","$702,036","$702,036"
"R455469","R-17-W311-800A-0036-0008","HALLBERG, ROBERT J & ZONGRUI LI","11100 CASITAS DR  AUSTIN, TX 78717","11100 CASITAS DR, AUSTIN, TX  78717","S8794 - CASITAS AT AVERY RANCH(SECOND AMENDED PLAT), BLOCK A, Lot 36","L591503E"," ","S8794 - CASITAS AT AVERY RANCH(SECOND AMENDED PLAT)","Real","$653,828","$653,828"
"R455470","R-17-W311-800A-0037-0008","DOMINGUEZ, CASEY REED","11104 CASITAS DR  AUSTIN, TX 78717","11104 CASITAS DR, AUSTIN, TX  78717","S8794 - CASITAS AT AVERY RANCH(SECOND AMENDED PLAT), BLOCK A, Lot 37","L591503E"," ","S8794 - CASITAS AT AVERY RANCH(SECOND AMENDED PLAT)","Real","$664,576","$664,576"
"R455472","R-17-W311-800A-0039-0008","VAIYAKARNAM, SRIVATSAN K & RADHAI G PENNAGARAM TTEES OF VAIYAKARNAM FAM REVOC TR","4549 MIRADOR DR PLEASANTON, CA 94566-7468","11112 CASITAS DR, AUSTIN, TX  78717","S8794 - CASITAS AT AVERY RANCH(SECOND AMENDED PLAT), BLOCK A, Lot 39","L591503E"," ","S8794 - CASITAS AT AVERY RANCH(SECOND AMENDED PLAT)","Real","$490,294","$490,294"
"R455475","R-17-W311-800A-0042-0008","GLOVER, JODY & DEBORA","11124 CASITAS DR  AUSTIN, TX 78717","11124 CASITAS DR, AUSTIN, TX  78717","S8794 - CASITAS AT AVERY RANCH(SECOND AMENDED PLAT), BLOCK A, Lot 42","L591503E"," ","S8794 - CASITAS AT AVERY RANCH(SECOND AMENDED PLAT)","Real","$492,155","$492,155"
"R455478","R-17-W311-800B-0002-0008","GRABOFF, JOSEPH & AUTUMN CHIM","10705 CASITA DR  AUSTIN, TX 78717","10705 CASITAS DR, AUSTIN, TX  78717","S8794 - CASITAS AT AVERY RANCH(SECOND AMENDED PLAT), BLOCK B, Lot 2","L591503E"," ","S8794 - CASITAS AT AVERY RANCH(SECOND AMENDED PLAT)","Real","$459,106","$459,106"
"R455481","R-17-W311-800B-0005-0008","CHEN, JINZHEN & ZHEMIN TU","6905 CROSBY CIR   25 AUSTIN, TX 78746","10717 CASITAS DR, AUSTIN, TX  78717","S8794 - CASITAS AT AVERY RANCH(SECOND AMENDED PLAT), BLOCK B, Lot 5","L591503E"," ","S8794 - CASITAS AT AVERY RANCH(SECOND AMENDED PLAT)","Real","$437,741","$437,741"
"R455484","R-17-W311-800B-0008-0008","HSIUNG, CHIN-I (LE) & YANN (LE)","1716 GILDED CREST DR  LEANDER, TX 78641-3865","10729 CASITAS DR, AUSTIN, TX  78717","S8794 - CASITAS AT AVERY RANCH(SECOND AMENDED PLAT), BLOCK B, Lot 8","L591503E"," ","S8794 - CASITAS AT AVERY RANCH(SECOND AMENDED PLAT)","Real","$452,575","$452,575"
"R455487","R-17-W311-800B-0011-0008","REYNA, MIRIAM & ALEJANDRO","10805 CASITAS DR  AUSTIN, TX 78717","10805 CASITAS DR, AUSTIN, TX  78717","S8794 - CASITAS AT AVERY RANCH(SECOND AMENDED PLAT), BLOCK B, Lot 11","L591503E"," ","S8794 - CASITAS AT AVERY RANCH(SECOND AMENDED PLAT)","Real","$606,275","$606,275"
"R455489","R-17-W311-800B-0013-0008","CHAKY, TOM & ALYSON PAUL","10813 CASITAS DR AUSTIN, TX 78717-3873","10813 CASITAS DR, AUSTIN, TX  78717","S8794 - CASITAS AT AVERY RANCH(SECOND AMENDED PLAT), BLOCK B, Lot 13","L591503E"," ","S8794 - CASITAS AT AVERY RANCH(SECOND AMENDED PLAT)","Real","$458,161","$458,161"
"R455490","R-17-W311-800B-0014-0008","COVELLI, GARY & CAROL","10817 CASITAS DR  AUSTIN, TX 78717","10817 CASITAS DR, AUSTIN, TX  78717","S8794 - CASITAS AT AVERY RANCH(SECOND AMENDED PLAT), BLOCK B, Lot 14","L591503E"," ","S8794 - CASITAS AT AVERY RANCH(SECOND AMENDED PLAT)","Real","$457,211","$457,211"
"R455492","R-17-W311-800B-0016-0008","LEE, JUNGHYUN & HYEWON YANG","10825 CASITAS DR  AUSTIN, TX 78717","10825 CASITAS DR, AUSTIN, TX  78717","S8794 - CASITAS AT AVERY RANCH(SECOND AMENDED PLAT), BLOCK B, Lot 16","L591503E"," ","S8794 - CASITAS AT AVERY RANCH(SECOND AMENDED PLAT)","Real","$460,917","$460,917"
"R455495","R-17-W311-800B-0019-0008","CAIAZZO, ELIZABETH MARIE (TOD) & SALVATORE THOMAS (TOD)","10901 CASITAS DR  AUSTIN, TX 78717-3874","10901 CASITAS DR, AUSTIN, TX  78717","S8794 - CASITAS AT AVERY RANCH(SECOND AMENDED PLAT), BLOCK B, Lot 19","L591503E"," ","S8794 - CASITAS AT AVERY RANCH(SECOND AMENDED PLAT)","Real","$453,559","$453,559"
"R455498","R-17-W311-800B-0022-0008","TRAN, THERESE A","10913 CASITAS DR  AUSTIN, TX 78717","10913 CASITAS DR, AUSTIN, TX  78717","S8794 - CASITAS AT AVERY RANCH(SECOND AMENDED PLAT), BLOCK B, Lot 22","L591503E"," ","S8794 - CASITAS AT AVERY RANCH(SECOND AMENDED PLAT)","Real","$464,576","$464,576"
"R455501","R-17-W311-800B-0025-0008","LEWIS LAM TR OF THE LEWIS LAM REVOCABLE TRUST","11932 CANTAL CIR S PARKLAND, FL 33076-4654","10925 CASITAS DR, AUSTIN, TX  78717","S8794 - CASITAS AT AVERY RANCH(SECOND AMENDED PLAT), BLOCK B, Lot 25","L591503E"," ","S8794 - CASITAS AT AVERY RANCH(SECOND AMENDED PLAT)","Real","$647,796","$647,796"
"R455504","R-17-W311-800B-0028-0008","CHEN, HUI","16505 ALONG CREEK CV  AUSTIN, TX 78717","11001 CASITAS DR, AUSTIN, TX  78717","S8794 - CASITAS AT AVERY RANCH(SECOND AMENDED PLAT), BLOCK B, Lot 28","L591503E"," ","S8794 - CASITAS AT AVERY RANCH(SECOND AMENDED PLAT)","Real","$452,573","$452,573"
"R455507","R-17-W311-800B-0031-0008","MOHAMMED RAWOOF ABDUL & SAMEEHA TRUSTEES OF THE RAWOOF ABDUL MOHAMMED AND SAMEEH","569 S TRADITION ST  MOUNTAIN HOUSE, TX 95391","11013 CASITAS DR, AUSTIN, TX  78717","S8794 - CASITAS AT AVERY RANCH(SECOND AMENDED PLAT), BLOCK B, Lot 31","L591503E"," ","S8794 - CASITAS AT AVERY RANCH(SECOND AMENDED PLAT)","Real","$613,609","$613,609"
"R455510","R-17-W311-800B-0034-0008","XIE, WENDY W","7109 BAREFOOT CV AUSTIN, TX 78730-1524","11025 CASITAS DR, AUSTIN, TX  78717","S8794 - CASITAS AT AVERY RANCH(SECOND AMENDED PLAT), BLOCK B, Lot 34","L591503E"," ","S8794 - CASITAS AT AVERY RANCH(SECOND AMENDED PLAT)","Real","$463,385","$463,385"
"R455512","R-17-W311-800B-0036-0008","CASITAS INVESTMENT RESOURCES LLC","5900 BALCONES DR  #STE 100 AUSTIN, TX 78731","11109 CASITAS DR, AUSTIN, TX  78717","S8794 - CASITAS AT AVERY RANCH(SECOND AMENDED PLAT), BLOCK B, Lot 36","L591503E"," ","S8794 - CASITAS AT AVERY RANCH(SECOND AMENDED PLAT)","Real","$497,085","$497,085"
"R455515","R-17-W311-800B-0039-0008","ESCOBEDO, MANUEL C & ELVA G","11125 CASITAS DR AUSTIN, TX 78717-3876","11125 CASITAS DR, AUSTIN, TX  78717","S8794 - CASITAS AT AVERY RANCH(SECOND AMENDED PLAT), BLOCK B, Lot 39","L591503E"," ","S8794 - CASITAS AT AVERY RANCH(SECOND AMENDED PLAT)","Real","$461,643","$461,643"
"R465585","R-17-W308-116C-0020-0008","ZATOPEK, NATHAN & MARY","11709 SPRINGS HEAD LOOP  AUSTIN, TX 78717","11709 SPRINGS HEAD LOOP, AUSTIN, TX  78717","S8860 - AVERY RANCH FAR WEST PH 1 SEC 6, BLOCK C, Lot 20","L591503E"," ","S8860 - AVERY RANCH FAR WEST PH 1 SEC 6","Real","$540,950","$540,950"
"R465588","R-17-W308-116C-0023-0008","FUNK, DWAINE (TOD)","11721 SPRINGS HEAD LOOP  AUSTIN, TX 78717-4465","11721 SPRINGS HEAD LOOP, AUSTIN, TX  78717","S8860 - AVERY RANCH FAR WEST PH 1 SEC 6, BLOCK C, Lot 23","L591503E"," ","S8860 - AVERY RANCH FAR WEST PH 1 SEC 6","Real","$485,453","$485,453"
"R465590","R-17-W308-116C-0025-0008","ABDE NAVEED FARUQUI & NOREEN MUNSHI TSTES OF ABDE & NOREEN FARUQUI LVG TST","1146 FOREST CREEK DR  SAN JOSE, CA 95129","11729 SPRINGS HEAD LOOP, AUSTIN, TX  78717","S8860 - AVERY RANCH FAR WEST PH 1 SEC 6, BLOCK C, Lot 25","L591503E"," ","S8860 - AVERY RANCH FAR WEST PH 1 SEC 6","Real","$492,154","$492,154"
"R465591","R-17-W308-116C-0026-0008","WISE, SHADNA A","11733 SPRINGS HEAD LOOP  AUSTIN, TX 78717-4465","11733 SPRINGS HEAD LOOP, AUSTIN, TX  78717","S8860 - AVERY RANCH FAR WEST PH 1 SEC 6, BLOCK C, Lot 26","L591503E"," ","S8860 - AVERY RANCH FAR WEST PH 1 SEC 6","Real","$518,549","$518,549"
"R465593","R-17-W308-116C-0028-0008","CAROL A HUGHES TR OF THE CAROL HUGHES TRUST","77 VIA BACCHUS  ALISO VIEJO, CA 92656-1602","11805 SPRINGS HEAD LOOP, AUSTIN, TX  78717","S8860 - AVERY RANCH FAR WEST PH 1 SEC 6, BLOCK C, Lot 28","L591503E"," ","S8860 - AVERY RANCH FAR WEST PH 1 SEC 6","Real","$507,377","$507,377"
"R465594","R-17-W308-116C-0029-0008","HUGHES, DENNIS JR","11809 SPRINGS HEAD LOOP AUSTIN, TX 78717-4418","11809 SPRINGS HEAD LOOP, AUSTIN, TX  78717","S8860 - AVERY RANCH FAR WEST PH 1 SEC 6, BLOCK C, Lot 29","L591503E"," ","S8860 - AVERY RANCH FAR WEST PH 1 SEC 6","Real","$539,599","$539,599"
"R465596","R-17-W308-116C-0031-0008","EBERT, MICHAEL J","12001 SPRINGS HEAD LOOP  AUSTIN, TX 78717","12001 SPRINGS HEAD LOOP, AUSTIN, TX  78717","S8860 - AVERY RANCH FAR WEST PH 1 SEC 6, BLOCK C, Lot 31","L591503E"," ","S8860 - AVERY RANCH FAR WEST PH 1 SEC 6","Real","$543,507","$543,507"
"R465599","R-17-W308-116C-0034-0008","LLOYDE, ROBERT K II & VIDA","12013 SPRINGS HEAD LOOP  AUSTIN, TX 78717","12013 SPRINGS HEAD LOOP, AUSTIN, TX  78717","S8860 - AVERY RANCH FAR WEST PH 1 SEC 6, BLOCK C, Lot 34","L591503E"," ","S8860 - AVERY RANCH FAR WEST PH 1 SEC 6","Real","$485,988","$485,988"
"R465602","R-17-W308-116C-0037-0008","YOICHI KOBAYASHI & BEATRICE KOBAYASHI TRS OF THE KOBAYASHI FAMILY LIVING TRUST","407 LEDGESTONE DR  AUSTIN, TX 78737-1911","12025 SPRINGS HEAD LOOP, AUSTIN, TX  78717","S8860 - AVERY RANCH FAR WEST PH 1 SEC 6, BLOCK C, Lot 37","L591503E"," ","S8860 - AVERY RANCH FAR WEST PH 1 SEC 6","Real","$484,283","$484,283"
"R465605","R-17-W308-116C-0040-0008","PILLAI, KUMARAN ANBALAGAN","12037 SPRINGS HEAD LOOP  AUSTIN, TX 78717","12037 SPRINGS HEAD LOOP, AUSTIN, TX  78717","S8860 - AVERY RANCH FAR WEST PH 1 SEC 6, BLOCK C, Lot 40","L591503E"," ","S8860 - AVERY RANCH FAR WEST PH 1 SEC 6","Real","$483,397","$483,397"
"R465608","R-17-W308-116X-0001-0008","YAO, SIHAN","11708 SPRINGS HEAD LOOP  AUSTIN, TX 78717-4465","11708 SPRINGS HEAD LOOP, AUSTIN, TX  78717","S8860 - AVERY RANCH FAR WEST PH 1 SEC 6, BLOCK X, Lot 1","L591503E"," ","S8860 - AVERY RANCH FAR WEST PH 1 SEC 6","Real","$436,116","$436,116"
"R465611","R-17-W308-116X-0012-0008","RODRIGUEZ, AMBER L","PO BOX 879 SAN SABA, TX 76877-0879","11828 SPRINGS HEAD LOOP, AUSTIN, TX  78717","S8860 - AVERY RANCH FAR WEST PH 1 SEC 6, BLOCK X, Lot 12","L591503E"," ","S8860 - AVERY RANCH FAR WEST PH 1 SEC 6","Real","$462,776","$462,776"
"R465614","R-17-W308-116X-0015-0008","PHI, THANH THUY & DAT TRONG LE","9206 OLD LAMPASAS TRL AUSTIN, TX 78750-4202","11816 SPRINGS HEAD LOOP, AUSTIN, TX  78717","S8860 - AVERY RANCH FAR WEST PH 1 SEC 6, BLOCK X, Lot 15","L591503E"," ","S8860 - AVERY RANCH FAR WEST PH 1 SEC 6","Real","$429,934","$429,934"
"R465616","R-17-W308-116X-0017-0008","FILLEY, FREDERICK & DOROTHY","9208 KNOLL CREST LOOP  AUSTIN, TX 78759","11724 SPRINGS HEAD LOOP, AUSTIN, TX  78717","S8860 - AVERY RANCH FAR WEST PH 1 SEC 6, BLOCK X, Lot 17","L591503E"," ","S8860 - AVERY RANCH FAR WEST PH 1 SEC 6","Real","$557,891","$557,891"
"R465619","R-17-W308-116Y-0001-0008","LUBAEV, EVGENY","11904 SPRINGS HEAD LOOP  AUSTIN, TX 78717","11904 SPRINGS HEAD LOOP, AUSTIN, TX  78717","S8860 - AVERY RANCH FAR WEST PH 1 SEC 6, BLOCK Y, Lot 1","L591503E"," ","S8860 - AVERY RANCH FAR WEST PH 1 SEC 6","Real","$436,262","$436,262"
"R465622","R-17-W308-116Y-0005-0008","PREZAS, REGINA","15005 STAKED PLAINS LOOP  AUSTIN, TX 78717","15005 STAKED PLAINS LOOP, AUSTIN, TX  78717","S8860 - AVERY RANCH FAR WEST PH 1 SEC 6, BLOCK Y, Lot 5","L591503E"," ","S8860 - AVERY RANCH FAR WEST PH 1 SEC 6","Real","$486,123","$486,123"
"R465625","R-17-W308-116Y-0008-0008","KOCHWELP, CHELSEA & TODD HIGDON","12028 SPRINGS HEAD LOOP  AUSTIN, TX 78717","12028 SPRINGS HEAD LOOP, AUSTIN, TX  78717","S8860 - AVERY RANCH FAR WEST PH 1 SEC 6, BLOCK Y, Lot 8","L591503E"," ","S8860 - AVERY RANCH FAR WEST PH 1 SEC 6","Real","$427,809","$427,809"
"R465628","R-17-W308-116Y-0011-0008","KARUPPUSAMY, MOHAN & SHANMUGAPRIYA MURUGESAN","12000 SPRINGS HEAD LOOP  AUSTIN, TX 78717","12000 SPRINGS HEAD LOOP, AUSTIN, TX  78717","S8860 - AVERY RANCH FAR WEST PH 1 SEC 6, BLOCK Y, Lot 11","L591503E"," ","S8860 - AVERY RANCH FAR WEST PH 1 SEC 6","Real","$507,854","$507,854"
"R465631","R-17-W308-116Y-0014-0008","MADDOX, MARK & HEATHER MICHELLE CARLYLE","11908 SPRINGS HEAD LOOP AUSTIN, TX 78717-4674","11908 SPRINGS HEAD LOOP, AUSTIN, TX  78717","S8860 - AVERY RANCH FAR WEST PH 1 SEC 6, BLOCK Y, Lot 14","L591503E"," ","S8860 - AVERY RANCH FAR WEST PH 1 SEC 6","Real","$440,292","$440,292"
"R465633","R-17-W308-116Z-0024-0008","FALL, KRISTEN NICHOLE","16300 SNELLING CV LEANDER, TX 78641-3035","14908 STAKED PLAINS LOOP, AUSTIN, TX  78717","S8860 - AVERY RANCH FAR WEST PH 1 SEC 6, BLOCK Z, Lot 24","L591503E"," ","S8860 - AVERY RANCH FAR WEST PH 1 SEC 6","Real","$514,923","$514,923"
"R465634","R-17-W308-116Z-0025-0008","ANTALFFY, NICOLE SUSAN","14912 STAKED PLAINS LOOP  AUSTIN, TX 78717","14912 STAKED PLAINS LOOP, AUSTIN, TX  78717","S8860 - AVERY RANCH FAR WEST PH 1 SEC 6, BLOCK Z, Lot 25","L591503E"," ","S8860 - AVERY RANCH FAR WEST PH 1 SEC 6","Real","$456,079","$456,079"
"R465636","R-17-W308-116Z-0027-0008","RISON, WILLIAM K Jr & ELIZABETH A","14920 STAKED PLAINS LOOP  AUSTIN, TX 78717","14920 STAKED PLAINS LOOP, AUSTIN, TX  78717","S8860 - AVERY RANCH FAR WEST PH 1 SEC 6, BLOCK Z, Lot 27","L591503E"," ","S8860 - AVERY RANCH FAR WEST PH 1 SEC 6","Real","$448,498","$448,498"
"R465639","R-17-W308-116Z-0030-0008","LIU, WEIYUE & XIAONING CHEN","7608 ROARING SPRINGS DR  AUSTIN, TX 78736","15004 STAKED PLAINS LOOP, AUSTIN, TX  78717","S8860 - AVERY RANCH FAR WEST PH 1 SEC 6, BLOCK Z, Lot 30","L591503E"," ","S8860 - AVERY RANCH FAR WEST PH 1 SEC 6","Real","$434,180","$434,180"
"R465991","R-17-W308-115C-0002-0008","AVERY RANCH OWNERS ASSOCIATION INC","9601 AMBERGLEN BLVD  #STE 150 AUSTIN, TX 78729","STAKED PLAINS LOOP, AUSTIN, TX  78717","S8768 - AVERY RANCH FAR WEST PH 1 SEC 5, BLOCK C, Lot 2, ACRES 0.91, (DETENTION POND)","L591503E"," ","S8768 - AVERY RANCH FAR WEST PH 1 SEC 5","Real","$300","$300"
"R465994","R-17-W308-115H-0003-0008","GARRISON, MATTHEW & LAUREN","14508 HOMESTEAD VILLAGE CIR  AUSTIN, TX 78717-4799","14508 HOMESTEAD VILLAGE CIR, AUSTIN, TX  78717","S8768 - AVERY RANCH FAR WEST PH 1 SEC 5, BLOCK H, Lot 3","L591503E"," ","S8768 - AVERY RANCH FAR WEST PH 1 SEC 5","Real","$465,347","$465,347"
"R465997","R-17-W308-115H-0006-0008","YOUNT, GREGORY & STACI","14520 HOMESTEAD VILLAGE CIR  AUSTIN, TX 78717","14520 HOMESTEAD VILLAGE CIR, AUSTIN, TX  78717","S8768 - AVERY RANCH FAR WEST PH 1 SEC 5, BLOCK H, Lot 6","L591503E"," ","S8768 - AVERY RANCH FAR WEST PH 1 SEC 5","Real","$651,663","$651,663"
"R466000","R-17-W308-115H-0009-0008","TIPTON, CHRISTOPHER & ALLISON","11516 GOLD CAVE DR  AUSTIN, TX 78717-4697","11516 GOLD CAVE DR, AUSTIN, TX  78717","S8768 - AVERY RANCH FAR WEST PH 1 SEC 5, BLOCK H, Lot 9","L591503E"," ","S8768 - AVERY RANCH FAR WEST PH 1 SEC 5","Real","$547,134","$547,134"
"R466003","R-17-W308-115L-0002-0008","BUI, DUY DUC AN & NGUYEN, UYEN LE TRAM","11409 LEMUEL LN  AUSTIN, TX 78717","11409 LEMUEL LN, AUSTIN, TX  78717","S8768 - AVERY RANCH FAR WEST PH 1 SEC 5, BLOCK L, Lot 2","L591503E"," ","S8768 - AVERY RANCH FAR WEST PH 1 SEC 5","Real","$442,794","$442,794"
"R466006","R-17-W308-115L-0005-0008","CUTLER, TARA LYNN","14312 ROUNTREE RANCH LN  AUSTIN, TX 78717","14312 ROUNTREE RANCH LN, AUSTIN, TX  78717","S8768 - AVERY RANCH FAR WEST PH 1 SEC 5, BLOCK L, Lot 5","L591503E"," ","S8768 - AVERY RANCH FAR WEST PH 1 SEC 5","Real","$486,420","$486,420"
"R466009","R-17-W308-115L-0008-0008","CHOI, YEUNG HUN","11408 DOG LEG DR  AUSTIN, TX 78717","11408 DOG LEG DR, AUSTIN, TX  78717","S8768 - AVERY RANCH FAR WEST PH 1 SEC 5, BLOCK L, Lot 8","L591503E"," ","S8768 - AVERY RANCH FAR WEST PH 1 SEC 5","Real","$505,015","$505,015"
"R466011","R-17-W308-115L-0010-0008","KARUNAKARAN, JEGAN","11416 DOG LEG DR  AUSTIN, TX 78717","11416 DOG LEG DR, AUSTIN, TX  78717","S8768 - AVERY RANCH FAR WEST PH 1 SEC 5, BLOCK L, Lot 10","L591503E"," ","S8768 - AVERY RANCH FAR WEST PH 1 SEC 5","Real","$436,051","$436,051"
"R466014","R-17-W308-115L-0013-0008","OCTASALI, SARINI","9302 SPRINGWOOD DR  AUSTIN, TX 78750-2940","14321 STAKED PLAINS LOOP, AUSTIN, TX  78717","S8768 - AVERY RANCH FAR WEST PH 1 SEC 5, BLOCK L, Lot 13","L591503E"," ","S8768 - AVERY RANCH FAR WEST PH 1 SEC 5","Real","$443,730","$443,730"
"R466017","R-17-W308-115M-0011-0008","DOSS, VICTORIA J","14413 STAKED PLAINS LOOP  AUSTIN, TX 78717","14413 STAKED PLAINS LOOP, AUSTIN, TX  78717","S8768 - AVERY RANCH FAR WEST PH 1 SEC 5, BLOCK M, Lot 11","L591503E"," ","S8768 - AVERY RANCH FAR WEST PH 1 SEC 5","Real","$426,023","$426,023"
"R466020","R-17-W308-115M-0014-0008","YIN, LEYI","11616 YEADON WAY  AUSTIN, TX 78717-4982","11413 DOG LEG DR, AUSTIN, TX  78717","S8768 - AVERY RANCH FAR WEST PH 1 SEC 5, BLOCK M, Lot 14","L591503E"," ","S8768 - AVERY RANCH FAR WEST PH 1 SEC 5","Real","$436,161","$436,161"
"R466023","R-17-W308-115M-0017-0008","SHAHBAZI, PEDRAM & BITA SOBHANZADEH","11401 DOG LEG DR  AUSTIN, TX 78717","11401 DOG LEG DR, AUSTIN, TX  78717","S8768 - AVERY RANCH FAR WEST PH 1 SEC 5, BLOCK M, Lot 17","L591503E"," ","S8768 - AVERY RANCH FAR WEST PH 1 SEC 5","Real","$514,392","$514,392"
"R466025","R-17-W308-115M-0019-0008","AVERY RANCH OWNERS ASSOCIATION INC","PO BOX 702348 DALLAS, TX 75370-2348","ROUNTREE RANCH LN, AUSTIN, TX  78717","S8768 - AVERY RANCH FAR WEST PH 1 SEC 5, BLOCK M, Lot 19, ACRES 0.48, (OPEN SPACE)","L591503E"," ","S8768 - AVERY RANCH FAR WEST PH 1 SEC 5","Real","$300","$300"
"R466026","R-17-W308-115M-0020-0008","HINDI, JONATHAN  & JOANNA NIMRI","14417 ROUNTREE RANCH LN  AUSTIN, TX 78717","14417 ROUNTREE RANCH LN, AUSTIN, TX  78717","S8768 - AVERY RANCH FAR WEST PH 1 SEC 5, BLOCK M, Lot 20","L591503E"," ","S8768 - AVERY RANCH FAR WEST PH 1 SEC 5","Real","$507,234","$507,234"
"R466029","R-17-W308-115M-0023-0008","THOMAS RICHARD SCHNEIDER TR SCHNEIDER FAMILY REVOCABLE TRUST","14405 ROUNTREE RANCH LN  AUSTIN, TX 78717-4823","14405 ROUNTREE RANCH LN, AUSTIN, TX  78717","S8768 - AVERY RANCH FAR WEST PH 1 SEC 5, BLOCK M, Lot 23","L591503E"," ","S8768 - AVERY RANCH FAR WEST PH 1 SEC 5","Real","$446,817","$446,817"
"R466031","R-17-W308-115M-0025-0008","ATWELL, RANDALL W & RAQUEL","2633 MONTEBELLUNA PL  LEANDER, TX 78641-3716","14321 ROUNTREE RANCH LN, AUSTIN, TX  78717","S8768 - AVERY RANCH FAR WEST PH 1 SEC 5, BLOCK M, Lot 25","L591503E"," ","S8768 - AVERY RANCH FAR WEST PH 1 SEC 5","Real","$430,367","$430,367"
"R466032","R-17-W308-115M-0026-0008","THAI, LUYEN H & KIM LUONG","14317 ROUNTREE RANCH LN AUSTIN, TX 78717-4822","14317 ROUNTREE RANCH LN, AUSTIN, TX  78717","S8768 - AVERY RANCH FAR WEST PH 1 SEC 5, BLOCK M, Lot 26","L591503E"," ","S8768 - AVERY RANCH FAR WEST PH 1 SEC 5","Real","$433,834","$433,834"
"R466034","R-17-W308-115M-0028-0008","SONTAG, SUMMER","14309 ROUNTREE RANCH LN  AUSTIN, TX 78717","14309 ROUNTREE RANCH LN, AUSTIN, TX  78717","S8768 - AVERY RANCH FAR WEST PH 1 SEC 5, BLOCK M, Lot 28","L591503E"," ","S8768 - AVERY RANCH FAR WEST PH 1 SEC 5","Real","$442,283","$442,283"
"R466037","R-17-W308-115M-0031-0008","SCHRADER, DAVID","226 SADDLEBRED LN  GEORGETOWN, TX 78633-2316","14221 ROUNTREE RANCH LN, AUSTIN, TX  78717","S8768 - AVERY RANCH FAR WEST PH 1 SEC 5, BLOCK M, Lot 31","L591503E"," ","S8768 - AVERY RANCH FAR WEST PH 1 SEC 5","Real","$440,220","$440,220"
"R466040","R-17-W308-115M-0034-0008","DUTTERA, MYRTLE","4510 COTTERMAN RD NEWARK, OH 43056-9268","14205 ROUNTREE RANCH LN, AUSTIN, TX  78717","S8768 - AVERY RANCH FAR WEST PH 1 SEC 5, BLOCK M, Lot 34","L591503E"," ","S8768 - AVERY RANCH FAR WEST PH 1 SEC 5","Real","$426,600","$426,600"
"R466043","R-17-W308-115N-0002-0008","LAO, KOON MNG & SHIAO YIAN LIN","9901 CHESTER CV  AUSTIN, TX 78750","14204 ROUNTREE RANCH LN, AUSTIN, TX  78717","S8768 - AVERY RANCH FAR WEST PH 1 SEC 5, BLOCK N, Lot 2","L591503E"," ","S8768 - AVERY RANCH FAR WEST PH 1 SEC 5","Real","$500,507","$500,507"
"R466046","R-17-W308-115N-0005-0008","CHENG, KUEI-YUAN & CHEN, YI-LIN","14216 ROUNTREE RANCH LN  AUSTIN, TX 73717","14216 ROUNTREE RANCH LN, AUSTIN, TX  78717","S8768 - AVERY RANCH FAR WEST PH 1 SEC 5, BLOCK N, Lot 5","L591503E"," ","S8768 - AVERY RANCH FAR WEST PH 1 SEC 5","Real","$523,301","$523,301"
"R466049","R-17-W308-115N-0008-0008","LINDAHL, COURTNEY ELIZABETH & LUIS MAURICIO BONIFAZ URBINA","14309 STAKED PLAINS LOOP  AUSTIN, TX 78717-4698","14309 STAKED PLAINS LOOP, AUSTIN, TX  78717","S8768 - AVERY RANCH FAR WEST PH 1 SEC 5, BLOCK N, Lot 8","L591503E"," ","S8768 - AVERY RANCH FAR WEST PH 1 SEC 5","Real","$504,000","$504,000"
"R466051","R-17-W308-115N-0010-0008","BANK OF AMERICA NA TRUSTEE MYER CHILDREN & GRANDCHILDRENS TRUST","800 CAPITOL ST STE 1700 HOUSTON, TX 77002-2930","14404 HOMESTEAD VILLAGE CIR, AUSTIN, TX  78717","S8768 - AVERY RANCH FAR WEST PH 1 SEC 5, BLOCK N, Lot 10","L591503E"," ","S8768 - AVERY RANCH FAR WEST PH 1 SEC 5","Real","$601,647","$601,647"
"R466052","R-17-W308-115N-0011-0008","UMARJI, BHARAT A & SHRILAKSHMI AYACHIT","14808 STAKED PLAINS LOOP AUSTIN, TX 78717-4484","14408 HOMESTEAD VILLAGE CIR, AUSTIN, TX  78717","S8768 - AVERY RANCH FAR WEST PH 1 SEC 5, BLOCK N, Lot 11","L591503E"," ","S8768 - AVERY RANCH FAR WEST PH 1 SEC 5","Real","$546,774","$546,774"
"R466054","R-17-W308-115P-0001-0008","AVERY RANCH OWNERS ASSOCIATION INC","PO BOX 702348 DALLAS, TX 75370-2348","14400 STAKED PLAINS LOOP, AUSTIN, TX  78717","S9167 - AVERY RANCH FAR WEST PH 1 SEC 5 (BLK P LTS 1-4 AMD), BLOCK P, Lot 1, ACRES 0.584, (OPEN SPACE)","L591503E"," ","S9167 - AVERY RANCH FAR WEST PH 1 SEC 5 (BLK P LTS 1-4 AMD)","Real","$300","$300"
"R466057","R-17-W308-115P-0004-0008","NELSEN, JOHN & MARTA","14408 STAKED PLAINS LOOP  AUSTIN, TX 78717","14408 STAKED PLAINS LOOP, AUSTIN, TX  78717","S9167 - AVERY RANCH FAR WEST PH 1 SEC 5 (BLK P LTS 1-4 AMD), BLOCK P, Lot 4","L591503E"," ","S9167 - AVERY RANCH FAR WEST PH 1 SEC 5 (BLK P LTS 1-4 AMD)","Real","$454,035","$454,035"
"R466060","R-17-W308-115P-0007-0008","WEST, JASON & MOLLIE","14420 STAKED PLAINS LOOP  AUSTIN, TX 78717","14420 STAKED PLAINS LOOP, AUSTIN, TX  78717","S8768 - AVERY RANCH FAR WEST PH 1 SEC 5, BLOCK P, Lot 7","L591503E"," ","S8768 - AVERY RANCH FAR WEST PH 1 SEC 5","Real","$499,416","$499,416"
"R466063","R-17-W308-115Q-0003-0008","LIN, EVA TING & JORGE MENDEZ","14312 HOMESTEAD VILLAGE CIR  AUSTIN, TX 78717","14312 HOMESTEAD VILLAGE CIR, AUSTIN, TX  78717","S8768 - AVERY RANCH FAR WEST PH 1 SEC 5, BLOCK Q, Lot 3","L591503E"," ","S8768 - AVERY RANCH FAR WEST PH 1 SEC 5","Real","$705,423","$705,423"
"R466066","R-17-W308-115Q-0006-0008","KUITEMS, CHRISTOPHER R & OKSANA","14312 STAKED PLAINS LOOP  AUSTIN, TX 78717","14312 STAKED PLAINS LOOP, AUSTIN, TX  78717","S8768 - AVERY RANCH FAR WEST PH 1 SEC 5, BLOCK Q, Lot 6","L591503E"," ","S8768 - AVERY RANCH FAR WEST PH 1 SEC 5","Real","$435,770","$435,770"
"R466069","R-17-W308-115Q-0009-0008","NIMBOLKAR, SHRIRAM & MINAL","17802 MOUND RD APT 28103 CYPRESS, TX 77433-0091","11508 MC DOWS HOLE LN, AUSTIN, TX  78717","S8768 - AVERY RANCH FAR WEST PH 1 SEC 5, BLOCK Q, Lot 9","L591503E"," ","S8768 - AVERY RANCH FAR WEST PH 1 SEC 5","Real","$447,285","$447,285"
"R466072","R-17-W308-115Q-0012-0008","SUNEEL KUMAR PELLURU & MOUNIKA RONGALI TRS PELLURU RONGALI LIVING TRUST","521 RED KNOT AVE  LEANDER, TX 78641-5424","11520 MC DOWS HOLE LN, AUSTIN, TX  78717","S8768 - AVERY RANCH FAR WEST PH 1 SEC 5, BLOCK Q, Lot 12","L591503E"," ","S8768 - AVERY RANCH FAR WEST PH 1 SEC 5","Real","$476,360","$476,360"
"R466074","R-17-W308-115Q-0014-0008","YOUNG, DANIEL D","11604 MCDOWS HOLE LN  AUSTIN, TX 78717-4696","11604 MC DOWS HOLE LN, AUSTIN, TX  78717","S8768 - AVERY RANCH FAR WEST PH 1 SEC 5, BLOCK Q, Lot 14","L591503E"," ","S8768 - AVERY RANCH FAR WEST PH 1 SEC 5","Real","$480,742","$480,742"
"R466077","R-17-W308-115Q-0017-0008","TEXAS BLUESTONE LLC SERIES A","4500 WILLIAMS DR  #STE 212-103 GEORGETOWN, TX 78633","11616 MC DOWS HOLE LN, AUSTIN, TX  78717","S8768 - AVERY RANCH FAR WEST PH 1 SEC 5, BLOCK Q, Lot 17","L591503E"," ","S8768 - AVERY RANCH FAR WEST PH 1 SEC 5","Real","$440,187","$440,187"
"R466080","R-17-W308-115Q-0020-0008","BREAKFIELD, JEREMY H & JENNIFER K","11517 GOLD CAVE DR  AUSTIN, TX 78717","11517 GOLD CAVE DR, AUSTIN, TX  78717","S8768 - AVERY RANCH FAR WEST PH 1 SEC 5, BLOCK Q, Lot 20","L591503E"," ","S8768 - AVERY RANCH FAR WEST PH 1 SEC 5","Real","$509,923","$509,923"
"R466083","R-17-W308-115Q-0023-0008","GAYNER GERRI TRUSTEE OF THE TRUST","14300 HOMESTEAD VILLAGE CIR  AUSTIN, TX 78717","14300 HOMESTEAD VILLAGE CIR, AUSTIN, TX  78717","S8768 - AVERY RANCH FAR WEST PH 1 SEC 5, BLOCK Q, Lot 23","L591503E"," ","S8768 - AVERY RANCH FAR WEST PH 1 SEC 5","Real","$509,241","$509,241"
"R466086","R-17-W308-115R-0003-0008","ZHU, BIN","8728 WAFER ASH WAY  AUSTIN, TX 78750","11609 MC DOWS HOLE LN, AUSTIN, TX  78717","S8768 - AVERY RANCH FAR WEST PH 1 SEC 5, BLOCK R, Lot 3","L591503E"," ","S8768 - AVERY RANCH FAR WEST PH 1 SEC 5","Real","$475,751","$475,751"
"R466088","R-17-W308-115R-0005-0008","JAFARIMAZHABHAGHIGHI, SHERVIN & GHAZALEH JALOU","11601 MCDOWS HOLE LN  AUSTIN, TX 78717-4696","11601 MC DOWS HOLE LN, AUSTIN, TX  78717","S8768 - AVERY RANCH FAR WEST PH 1 SEC 5, BLOCK R, Lot 5","L591503E"," ","S8768 - AVERY RANCH FAR WEST PH 1 SEC 5","Real","$506,119","$506,119"
"R466089","R-17-W308-115R-0006-0008","TCHOBANENKO, ANGELA","11521 MCDOWS HOLE LN  AUSTIN, TX 78717-4695","11521 MC DOWS HOLE LN, AUSTIN, TX  78717","S8768 - AVERY RANCH FAR WEST PH 1 SEC 5, BLOCK R, Lot 6","L591503E"," ","S8768 - AVERY RANCH FAR WEST PH 1 SEC 5","Real","$449,312","$449,312"
"R466092","R-17-W308-115R-0009-0008","HAO, YING","9900 CHESTER CV  AUSTIN, TX 78750","14408 SHOWDOWN LN, AUSTIN, TX  78717","S8768 - AVERY RANCH FAR WEST PH 1 SEC 5, BLOCK R, Lot 9","L591503E"," ","S8768 - AVERY RANCH FAR WEST PH 1 SEC 5","Real","$513,618","$513,618"
"R466094","R-17-W308-115R-0021-0008","PHELPS, DYLAN JEREMEY & MONICA CHAO","15308 STAKED PLAINS LOOP  AUSTIN, TX 78717-4462","15308 STAKED PLAINS LOOP, AUSTIN, TX  78717","S8768 - AVERY RANCH FAR WEST PH 1 SEC 5, BLOCK R, Lot 21","L591503E"," ","S8768 - AVERY RANCH FAR WEST PH 1 SEC 5","Real","$457,232","$457,232"
"R466097","R-17-W308-115N-0013-0008","YOUNG, MILES & ASHLEY MICHELLE DUNN","14420 HOMESTEAD VILLAGE CIR  AUSTIN, TX 78717-4792","14420 HOMESTEAD VILLAGE CIR, AUSTIN, TX  78717","S8768 - AVERY RANCH FAR WEST PH 1 SEC 5, BLOCK N, Lot 13","L591503E"," ","S8768 - AVERY RANCH FAR WEST PH 1 SEC 5","Real","$593,186","$593,186"
"R466100","R-17-W308-115N-0016-0008","DAS, ABHIJIT & PARAMITA SARKAR","157 PARK SHARON DR  SAN JOSE, CA 95136-2534","14432 HOMESTEAD VILLAGE CIR, AUSTIN, TX  78717","S8768 - AVERY RANCH FAR WEST PH 1 SEC 5, BLOCK N, Lot 16","L591503E"," ","S8768 - AVERY RANCH FAR WEST PH 1 SEC 5","Real","$578,986","$578,986"
"R473399","R-17-W308-114C-0003-B008","AVERY RANCH OWNERS ASSOC INC","PO BOX 702348 DALLAS, TX 75370-2348","DODGE CATTLE DR, AUSTIN, TX  78717","S8285 - Avery Ranch Far West Ph 1 Sec 4, BLOCK C, Lot 3 pt, ACRES 0.07, (OPEN SPACE)","L591503E"," ","S8285 - Avery Ranch Far West Ph 1 Sec 4","Real","$300","$300"
"R475198","R-17-W308-121H-0001-0008","AVERY RANCH OWNERS ASSOCIATION INC","9601 AMBERGLEN BLVD  #STE 150 AUSTIN, TX 78729","AVERY RANCH BLVD, AUSTIN, TX  78717","S9184 - AVERY RANCH FAR WEST PH 2 SEC 1, BLOCK H, Lot 1, ACRES 0.12, (LANDSCAPE)","L591503E"," ","S9184 - AVERY RANCH FAR WEST PH 2 SEC 1","Real","$300","$300"
"R475200","R-17-W308-121H-0003-0008","MITCHELL DAVID E & GINGER T","14121 ROUNDTREE RANCH LN AUSTIN, TX 78717-4835","14121 ROUNTREE RANCH LN, AUSTIN, TX  78717","S9184 - AVERY RANCH FAR WEST PH 2 SEC 1, BLOCK H, Lot 3","L591503E"," ","S9184 - AVERY RANCH FAR WEST PH 2 SEC 1","Real","$519,379","$519,379"
"R475201","R-17-W308-121J-0003-0008","HUANG, ALAN C & YU CHU TSENG","14009 ROUNDTREE RANCH LN  AUSTIN, TX 78717","14009 ROUNTREE RANCH LN, AUSTIN, TX  78717","S9184 - AVERY RANCH FAR WEST PH 2 SEC 1, BLOCK J, Lot 3","L591503E"," ","S9184 - AVERY RANCH FAR WEST PH 2 SEC 1","Real","$502,087","$502,087"
"R475204","R-17-W308-121J-0006-0008","DENNIS, LARRY DEWAYNE II & ELIZABETH","14021 ROUNTREE RANCH LN  AUSTIN, TX 78717","14021 ROUNTREE RANCH LN, AUSTIN, TX  78717","S9184 - AVERY RANCH FAR WEST PH 2 SEC 1, BLOCK J, Lot 6","L591503E"," ","S9184 - AVERY RANCH FAR WEST PH 2 SEC 1","Real","$559,171","$559,171"
"R475206","R-17-W308-121K-0001-0008","LIU, JIAN & YANG","15524 STAKED PLAINS LOOP  AUSTIN, TX 78717","15524 STAKED PLAINS LOOP, AUSTIN, TX  78717","S9184 - AVERY RANCH FAR WEST PH 2 SEC 1, BLOCK K, Lot 1","L591503E"," ","S9184 - AVERY RANCH FAR WEST PH 2 SEC 1","Real","$654,897","$654,897"
"R475209","R-17-W308-121K-0004-0008","KIM, SHINOH & KAREN","10816 COLBORNE TRL  AUSTIN, TX 78717","14108 ROUNTREE RANCH LN, AUSTIN, TX  78717","S9184 - AVERY RANCH FAR WEST PH 2 SEC 1, BLOCK K, Lot 4","L591503E"," ","S9184 - AVERY RANCH FAR WEST PH 2 SEC 1","Real","$596,335","$596,335"
"R475212","R-17-W308-121K-0007-0008","SHIAO, ALAN W","14120 ROUNTREE RANCH LN  AUSTIN, TX 78717-4835","14120 ROUNTREE RANCH LN, AUSTIN, TX  78717","S9184 - AVERY RANCH FAR WEST PH 2 SEC 1, BLOCK K, Lot 7","L591503E"," ","S9184 - AVERY RANCH FAR WEST PH 2 SEC 1","Real","$619,437","$619,437"
"R475215","R-17-W308-121L-0003-0008","STEEN, EMANUEL & PERNILLA LINDGREN","15416 STAKED PLAINS LOOP  AUSTIN, TX 78717","15416 STAKED PLAINS LOOP, AUSTIN, TX  78717","S9184 - AVERY RANCH FAR WEST PH 2 SEC 1, BLOCK L, Lot 3","L591503E"," ","S9184 - AVERY RANCH FAR WEST PH 2 SEC 1","Real","$647,947","$647,947"
"R475218","R-17-W308-121L-0006-0008","MANGEET SINGH EDEN & AMANDEEP KAUR LIVING TRUST","4764 DEADWOOD DR  FREMONT, CA 94536-6668","15500 STAKED PLAINS LOOP, AUSTIN, TX  78717","S9184 - AVERY RANCH FAR WEST PH 2 SEC 1, BLOCK L, Lot 6","L591503E"," ","S9184 - AVERY RANCH FAR WEST PH 2 SEC 1","Real","$525,455","$525,455"
"R475221","R-17-W308-121M-0001-0008","YONG, YEAN KEE & YON DING YEONG","1800 HELIOTROPE CT  AUSTIN, TX 78733","15501 STAKED PLAINS LOOP, AUSTIN, TX  78717","S9184 - AVERY RANCH FAR WEST PH 2 SEC 1, BLOCK M, Lot 1","L591503E"," ","S9184 - AVERY RANCH FAR WEST PH 2 SEC 1","Real","$569,105","$569,105"
"R475223","R-17-W308-121M-0003-0008","TUKDI MOHAMMAD ALI HAMEED & TUKDI RAHILA ALI CO TRUSTEES OF DASH FAMILY REVOCABL","15509 STAKED PLAINS LOOP  AUSTIN, TX 78717","15509 STAKED PLAINS LOOP, AUSTIN, TX  78717","S9184 - AVERY RANCH FAR WEST PH 2 SEC 1, BLOCK M, Lot 3","L591503E"," ","S9184 - AVERY RANCH FAR WEST PH 2 SEC 1","Real","$627,434","$627,434"
"R475224","R-17-W308-121M-0004-0008","JAYARAMAN VISHWANATH & PAVANA SUBBARAO (TOD)","15513 STAKED PLAINS LOOP  AUSTIN, TX 78717","15513 STAKED PLAINS LOOP, AUSTIN, TX  78717","S9184 - AVERY RANCH FAR WEST PH 2 SEC 1, BLOCK M, Lot 4","L591503E"," ","S9184 - AVERY RANCH FAR WEST PH 2 SEC 1","Real","$638,907","$638,907"
"R475226","R-17-W308-121M-0006-0008","KIM, PAUL","6303 SENECIO CV  AUSTIN, TX 78759-7751","15521 STAKED PLAINS LOOP, AUSTIN, TX  78717","S9184 - AVERY RANCH FAR WEST PH 2 SEC 1, BLOCK M, Lot 6","L591503E"," ","S9184 - AVERY RANCH FAR WEST PH 2 SEC 1","Real","$602,878","$602,878"
"R475229","R-17-W308-121N-0001-0008","MANAPRAGADA, SATYA G & NEEHARIKA BOLLEPALLI","2402 CEDAR MEADOW LN LEANDER, TX 78641-6236","11629 RUNNING BRUSH LN, AUSTIN, TX  78717","S9184 - AVERY RANCH FAR WEST PH 2 SEC 1, BLOCK N, Lot 1","L591503E"," ","S9184 - AVERY RANCH FAR WEST PH 2 SEC 1","Real","$444,165","$444,165"
"R475232","R-17-W308-121N-0004-0008","AGARWAL, ASHISH & RESHMA","11641 RUNNING BRUSH LN  AUSTIN, TX 78717","11641 RUNNING BRUSH LN, AUSTIN, TX  78717","S9184 - AVERY RANCH FAR WEST PH 2 SEC 1, BLOCK N, Lot 4","L591503E"," ","S9184 - AVERY RANCH FAR WEST PH 2 SEC 1","Real","$519,027","$519,027"
"R475235","R-17-W308-121Q-0031-0008","LAVI, DEAN","4707 WHISPERING VALLEY DR AUSTIN, TX 78727-6837","11612 RUNNING BRUSH LN, AUSTIN, TX  78717","S9184 - AVERY RANCH FAR WEST PH 2 SEC 1, BLOCK Q, Lot 31","L591503E"," ","S9184 - AVERY RANCH FAR WEST PH 2 SEC 1","Real","$469,521","$469,521"
"R475238","R-17-W308-121Q-0034-0008","PLYMIRE, AARON M & JOY","11624 RUNNING BRUSH LN AUSTIN, TX 78717-4851","11624 RUNNING BRUSH LN, AUSTIN, TX  78717","S9184 - AVERY RANCH FAR WEST PH 2 SEC 1, BLOCK Q, Lot 34","L591503E"," ","S9184 - AVERY RANCH FAR WEST PH 2 SEC 1","Real","$712,057","$712,057"
"R475241","R-17-W308-121Q-0037-0008","LEINTZ, CHRISTOPHER & KELLEY","11700 RUNNING BRUSH CV  AUSTIN, TX 78717","11700 RUNNING BRUSH CV, AUSTIN, TX  78717","S9184 - AVERY RANCH FAR WEST PH 2 SEC 1, BLOCK Q, Lot 37","L591503E"," ","S9184 - AVERY RANCH FAR WEST PH 2 SEC 1","Real","$507,167","$507,167"
"R475243","R-17-W308-121Q-0039-0008","RAY, BETH ANN & ADAM DAVID RAY","11708 RUNNING BRUSH CV  AUSTIN, TX 78717-4894","11708 RUNNING BRUSH CV, AUSTIN, TX  78717","S9184 - AVERY RANCH FAR WEST PH 2 SEC 1, BLOCK Q, Lot 39","L591503E"," ","S9184 - AVERY RANCH FAR WEST PH 2 SEC 1","Real","$643,152","$643,152"
"R475244","R-17-W308-121Q-0040-0008","FRANCIS, JEREMY & JENNIFER","11712 RUNNING BRUSH CV  AUSTIN, TX 78717","11712 RUNNING BRUSH CV, AUSTIN, TX  78717","S9184 - AVERY RANCH FAR WEST PH 2 SEC 1, BLOCK Q, Lot 40","L591503E"," ","S9184 - AVERY RANCH FAR WEST PH 2 SEC 1","Real","$686,870","$686,870"
"R475246","R-17-W308-121Q-0042-0008","SCHUTTE, CHAD R","11720 RUNNING BRUSH CV  AUSTIN, TX 78717","11720 RUNNING BRUSH CV, AUSTIN, TX  78717","S9184 - AVERY RANCH FAR WEST PH 2 SEC 1, BLOCK Q, Lot 42","L591503E"," ","S9184 - AVERY RANCH FAR WEST PH 2 SEC 1","Real","$648,344","$648,344"
"R475247","R-17-W308-121Q-0043-0008","RACHAL, STUART MICHAEL","11709 RUNNING BRUSH CV  AUSTIN, TX 78717-4894","11709 RUNNING BRUSH CV, AUSTIN, TX  78717","S9184 - AVERY RANCH FAR WEST PH 2 SEC 1, BLOCK Q, Lot 43","L591503E"," ","S9184 - AVERY RANCH FAR WEST PH 2 SEC 1","Real","$599,998","$599,998"
"R475249","R-17-W308-121Q-0045-0008","BASGEN, PEI-HUA TRUSTEE OF PEI-HUA BASGEN REVOC LIVING TRUST","11644 RUNNING BRUSH LN  AUSTIN, TX 78717","11644 RUNNING BRUSH LN, AUSTIN, TX  78717","S9184 - AVERY RANCH FAR WEST PH 2 SEC 1, BLOCK Q, Lot 45","L591503E"," ","S9184 - AVERY RANCH FAR WEST PH 2 SEC 1","Real","$399,300","$483,269"
"R475252","R-17-W308-121J-0008-0008","GURUSAMY, SABARIRAJAN & BHAGIYALAKSHMI SABARIRAJAN","15016 BOQUILLAS CANYON DR  AUSTIN, TX 78717-4825","15016 BOQUILLAS CANYON DR, AUSTIN, TX  78717","S9184 - AVERY RANCH FAR WEST PH 2 SEC 1, BLOCK J, Lot 8","L591503E"," ","S9184 - AVERY RANCH FAR WEST PH 2 SEC 1","Real","$506,173","$506,173"
"R475255","R-17-W308-121M-0009-0008","DEODHAR, VAIBHAV & SAYLI","15533 STAKED PLAINS LOOP  AUSTIN, TX 78717-5085","15533 STAKED PLAINS LOOP, AUSTIN, TX  78717","S9184 - AVERY RANCH FAR WEST PH 2 SEC 1, BLOCK M, Lot 9","L591503E"," ","S9184 - AVERY RANCH FAR WEST PH 2 SEC 1","Real","$605,750","$605,750"
"R475259","R-17-W308-122H-0006-0008","JOHNSON, JANETTE ROSALIE","15009 BOQUILLAS CANYON DR  AUSTIN, TX 78717","15009 BOQUILLAS CANYON DR, AUSTIN, TX  78717","S9185 - AVERY RANCH FAR WEST PH 2 SEC 2, BLOCK H, Lot 6","L591503E"," ","S9185 - AVERY RANCH FAR WEST PH 2 SEC 2","Real","$517,441","$517,441"
"R475262","R-17-W308-122H-0009-0008","CHENTHAMARAKSHAN SATHYANARAYANAN V & MRUTHULA K SATHYANATA","14029 BOQUILLAS CANYON DR AUSTIN, TX 78717","14029 BOQUILLAS CANYON DR, AUSTIN, TX  78717","S9185 - AVERY RANCH FAR WEST PH 2 SEC 2, BLOCK H, Lot 9","L591503E"," ","S9185 - AVERY RANCH FAR WEST PH 2 SEC 2","Real","$448,539","$448,539"
"R475265","R-17-W308-122H-0012-0008","HANCOCK, ZANE ROBERT & RACHEL","14017 BOQUILLAS CANYON DR  AUSTIN, TX 78717-4824","14017 BOQUILLAS CANYON DR, AUSTIN, TX  78717","S9185 - AVERY RANCH FAR WEST PH 2 SEC 2, BLOCK H, Lot 12","L591503E"," ","S9185 - AVERY RANCH FAR WEST PH 2 SEC 2","Real","$438,003","$438,003"
"R475267","R-17-W308-122H-0014-0008","KUNJITHA, GNANASAEKARAN & RAGAPRIYA SIVAKUMAR","14009 BOQUILLAS CANYON DR  AUSTIN, TX 78717","14009 BOQUILLAS CANYON DR, AUSTIN, TX  78717","S9185 - AVERY RANCH FAR WEST PH 2 SEC 2, BLOCK H, Lot 14","L591503E"," ","S9185 - AVERY RANCH FAR WEST PH 2 SEC 2","Real","$433,447","$433,447"
"R475268","R-17-W308-122H-0015-0008","ALEXANDER, PAUL & BEVERLY BERNAL","14005 BOQUILLAS CANYON DR  AUSTIN, TX 78717-4824","14005 BOQUILLAS CANYON DR, AUSTIN, TX  78717","S9185 - AVERY RANCH FAR WEST PH 2 SEC 2, BLOCK H, Lot 15","L591503E"," ","S9185 - AVERY RANCH FAR WEST PH 2 SEC 2","Real","$447,538","$447,538"
"R475270","R-17-W308-122H-0017-0008","LAURA, FELIX & NI SUNING","11606 SWEETSHADE LN  AUSTIN, TX 78759","11524 RUNNING BRUSH LN, AUSTIN, TX  78717","S9185 - AVERY RANCH FAR WEST PH 2 SEC 2, BLOCK H, Lot 17","L591503E"," ","S9185 - AVERY RANCH FAR WEST PH 2 SEC 2","Real","$433,563","$433,563"
"R475273","R-17-W308-122H-0020-0008","RAMACHANDRAN, ARUN KUMAR & ARTHI KRUBANANDH","217 AVOCET CT FOSTER CITY, CA 94404-1423","11536 RUNNING BRUSH LN, AUSTIN, TX  78717","S9185 - AVERY RANCH FAR WEST PH 2 SEC 2, BLOCK H, Lot 20","L591503E"," ","S9185 - AVERY RANCH FAR WEST PH 2 SEC 2","Real","$426,305","$426,305"
"R475276","R-17-W308-122J-0001-0008","STEINKE, MATTHEW & BETH","14001 ROUNTREE RANCH LN  AUSTIN, TX 78717","14001 ROUNTREE RANCH LN, AUSTIN, TX  78717","S9185 - AVERY RANCH FAR WEST PH 2 SEC 2, BLOCK J, Lot 1","L591503E"," ","S9185 - AVERY RANCH FAR WEST PH 2 SEC 2","Real","$474,688","$474,688"
"R475279","R-17-W308-122J-0010-0008","FATEMA, KANIZ","23106 STARLIGHT BEACH RD  KATY, TX 77494-0404","15000 BOQUILLAS CANYON DR, AUSTIN, TX  78717","S9185 - AVERY RANCH FAR WEST PH 2 SEC 2, BLOCK J, Lot 10","L591503E"," ","S9185 - AVERY RANCH FAR WEST PH 2 SEC 2","Real","$510,745","$510,745"
"R475281","R-17-W308-122J-0012-0008","OFENA LLC","6713 BEAUFORD DR  AUSTIN, TX 78750-8122","14016 BOQUILLAS CANYON DR, AUSTIN, TX  78717","S9185 - AVERY RANCH FAR WEST PH 2 SEC 2, BLOCK J, Lot 12","L591503E"," ","S9185 - AVERY RANCH FAR WEST PH 2 SEC 2","Real","$445,795","$445,795"
"R475282","R-17-W308-122J-0013-0008","PAN, HUAI & QIZHI LIN","901 KINGSTON PL  CEDAR PARK, TX 78613-2481","14012 BOQUILLAS CANYON DR, AUSTIN, TX  78717","S9185 - AVERY RANCH FAR WEST PH 2 SEC 2, BLOCK J, Lot 13","L591503E"," ","S9185 - AVERY RANCH FAR WEST PH 2 SEC 2","Real","$458,026","$458,026"
"R475285","R-17-W308-122J-0016-0008","READ, MARCIA","14000 BOQUILLAS CANYON DR  AUSTIN, TX 78717-4824","14000 BOQUILLAS CANYON DR, AUSTIN, TX  78717","S9185 - AVERY RANCH FAR WEST PH 2 SEC 2, BLOCK J, Lot 16","L591503E"," ","S9185 - AVERY RANCH FAR WEST PH 2 SEC 2","Real","$544,723","$544,723"
"R475287","R-17-W308-122M-0011-0008","CAMERA, COURTNEY","11421 RUNNING BRUSH LN  AUSTIN, TX 78717","11421 RUNNING BRUSH LN, AUSTIN, TX  78717","S9185 - AVERY RANCH FAR WEST PH 2 SEC 2, BLOCK M, Lot 11","L591503E"," ","S9185 - AVERY RANCH FAR WEST PH 2 SEC 2","Real","$514,871","$514,871"
"R475288","R-17-W308-122M-0012-0008","NEDUVA, ALEXANDER & DINA NOVAK","497 BOYNTON AVE  #APT 1 SAN JOSE, CA 95117-1400","11425 RUNNING BRUSH LN, AUSTIN, TX  78717","S9185 - AVERY RANCH FAR WEST PH 2 SEC 2, BLOCK M, Lot 12","L591503E"," ","S9185 - AVERY RANCH FAR WEST PH 2 SEC 2","Real","$443,897","$443,897"
"R475290","R-17-W308-122M-0014-0008","CARRIER, JASON BRYAN","10405 CANNON MARK WAY  AUSTIN, TX 78717","11501 RUNNING BRUSH LN, AUSTIN, TX  78717","S9185 - AVERY RANCH FAR WEST PH 2 SEC 2, BLOCK M, Lot 14","L591503E"," ","S9185 - AVERY RANCH FAR WEST PH 2 SEC 2","Real","$512,075","$512,075"
"R475293","R-17-W308-122M-0017-0008","SUN, DEZHENG","11513 RUNNING BRUSH LN  AUSTIN, TX 78717","11513 RUNNING BRUSH LN, AUSTIN, TX  78717","S9185 - AVERY RANCH FAR WEST PH 2 SEC 2, BLOCK M, Lot 17","L591503E"," ","S9185 - AVERY RANCH FAR WEST PH 2 SEC 2","Real","$517,744","$517,744"
"R475296","R-17-W308-122M-0020-0008","TIPTON, MARGARET ANN","11525 RUNNING BRUSH LN AUSTIN, TX 78717-4849","11525 RUNNING BRUSH LN, AUSTIN, TX  78717","S9185 - AVERY RANCH FAR WEST PH 2 SEC 2, BLOCK M, Lot 20","L591503E"," ","S9185 - AVERY RANCH FAR WEST PH 2 SEC 2","Real","$462,921","$462,921"
"R475299","R-17-W308-122N-0009-0008","KANWAR VARUN & MANIKA ANDOTRA","15019 SAVANNAH HEIGHTS DR AUSTIN, TX 78717-4632","14004 CHISOS TRL, AUSTIN, TX  78717","S9185 - AVERY RANCH FAR WEST PH 2 SEC 2, BLOCK N, Lot 9","L591503E"," ","S9185 - AVERY RANCH FAR WEST PH 2 SEC 2","Real","$508,076","$508,076"
"R486660","R-17-W308-123A-0003-0008","CHOU, SEURHONG","14228 MARATHON RD AUSTIN, TX 78717-4881","14228 MARATHON RD, AUSTIN, TX  78717","S9414 - AVERY RANCH FAR WEST PH 2 SEC 3, BLOCK A, Lot 3","L591503E"," ","S9414 - AVERY RANCH FAR WEST PH 2 SEC 3","Real","$456,807","$456,807"
"R486663","R-17-W308-123A-0006-0008","FULLER, WILLIAM LAWRENCE","14300 MARATHON RD  AUSTIN, TX 78717","14300 MARATHON RD, AUSTIN, TX  78717","S9414 - AVERY RANCH FAR WEST PH 2 SEC 3, BLOCK A, Lot 6","L591503E"," ","S9414 - AVERY RANCH FAR WEST PH 2 SEC 3","Real","$465,630","$465,630"
"R486666","R-17-W308-123A-0009-0008","BLANCHARD, JARED MICHAEL & REBECCA MCLINDON","14312 MARATHON RD  AUSTIN, TX 78717-4882","14312 MARATHON RD, AUSTIN, TX  78717","S9414 - AVERY RANCH FAR WEST PH 2 SEC 3, BLOCK A, Lot 9","L591503E"," ","S9414 - AVERY RANCH FAR WEST PH 2 SEC 3","Real","$453,118","$453,118"
"R486669","R-17-W308-123A-0012-0008","ROACH, KATHERINE","11229 PERSIMMON GAP DR  AUSTIN, TX 78717","11229 PERSIMMON GAP DR, AUSTIN, TX  78717","S9414 - AVERY RANCH FAR WEST PH 2 SEC 3, BLOCK A, Lot 12","L591503E"," ","S9414 - AVERY RANCH FAR WEST PH 2 SEC 3","Real","$470,478","$470,478"
"R486671","R-17-W308-123A-0014-0008","BASUALDO, MIGUEL A & MARTHA G VEGA-RANGEL","11221 PERSIMMON GAP DR  AUSTIN, TX 78717","11221 PERSIMMON GAP DR, AUSTIN, TX  78717","S9414 - AVERY RANCH FAR WEST PH 2 SEC 3, BLOCK A, Lot 14","L591503E"," ","S9414 - AVERY RANCH FAR WEST PH 2 SEC 3","Real","$471,568","$471,568"
"R486672","R-17-W308-123A-0015-0008","AMIRSOLAIMANI, BABAK & ANDISHEH RANJBARI","16213 NE 99TH ST  REDMOND, WA 98052","11217 PERSIMMON GAP DR, AUSTIN, TX  78717","S9414 - AVERY RANCH FAR WEST PH 2 SEC 3, BLOCK A, Lot 15","L591503E"," ","S9414 - AVERY RANCH FAR WEST PH 2 SEC 3","Real","$462,292","$462,292"
"R486674","R-17-W308-123A-0017-0008","CHUNG CHI LEUNG & CHOI CHUN J CHAN TRUSTEES OF THE CHI CHUNG AND CHOI CHAN TRUST","11209 PERSIMMON GAP DR AUSTIN, TX 78717","11209 PERSIMMON GAP DR, AUSTIN, TX  78717","S9414 - AVERY RANCH FAR WEST PH 2 SEC 3, BLOCK A, Lot 17","L591503E"," ","S9414 - AVERY RANCH FAR WEST PH 2 SEC 3","Real","$466,279","$466,279"
"R486677","R-17-W308-123A-0020-0008","AVERY RANCH OWNERS ASSOCIATION INC","9601 AMBERGLEN BLVD  #STE 150 AUSTIN, TX 78729","STAKED PLAINS DR, AUSTIN, TX  78717","S9414 - AVERY RANCH FAR WEST PH 2 SEC 3, BLOCK A, Lot 20, ACRES 0.116, (LANDSCAPE)","L591503E"," ","S9414 - AVERY RANCH FAR WEST PH 2 SEC 3","Real","$300","$300"
"R486680","R-17-W308-123B-0003-0008","AUSTIN UNITED KUO FAMILY LLC","8950 COSTA VERDE BLVD  #APT 4108 SAN DIEGO, CA 92122-1197","11129 PERSIMMON GAP DR, AUSTIN, TX  78717","S9414 - AVERY RANCH FAR WEST PH 2 SEC 3, BLOCK B, Lot 3","L591503E"," ","S9414 - AVERY RANCH FAR WEST PH 2 SEC 3","Real","$458,064","$458,064"
"R486683","R-17-W308-123B-0006-0008","SERBAN, CONSTANTIN & IONELA","11117 PERSIMMON GAP DR  AUSTIN, TX 78717-4879","11117 PERSIMMON GAP DR, AUSTIN, TX  78717","S9414 - AVERY RANCH FAR WEST PH 2 SEC 3, BLOCK B, Lot 6","L591503E"," ","S9414 - AVERY RANCH FAR WEST PH 2 SEC 3","Real","$438,267","$438,267"
"R486686","R-17-W308-123B-0009-0008","BHASIN, AMIT","3107 MEDIA DR  LEANDER, TX 78641-2748","11105 PERSIMMON GAP DR, AUSTIN, TX  78717","S9414 - AVERY RANCH FAR WEST PH 2 SEC 3, BLOCK B, Lot 9","L591503E"," ","S9414 - AVERY RANCH FAR WEST PH 2 SEC 3","Real","$450,967","$450,967"
"R486689","R-17-W308-123B-0012-0008","VIRAY, MAILEN","14217 WILLOW TANK DR  AUSTIN, TX 78717-4884","14217 WILLOW TANK DR, AUSTIN, TX  78717","S9414 - AVERY RANCH FAR WEST PH 2 SEC 3, BLOCK B, Lot 12","L591503E"," ","S9414 - AVERY RANCH FAR WEST PH 2 SEC 3","Real","$472,344","$472,344"
"R486691","R-17-W308-123B-0014-0008","LUO, DANQI & XIYAO ZHANG","10053 PLANTERS WOODS DR  AUSTIN, TX 78730","14209 WILLOW TANK DR, AUSTIN, TX  78717","S9414 - AVERY RANCH FAR WEST PH 2 SEC 3, BLOCK B, Lot 14","L591503E"," ","S9414 - AVERY RANCH FAR WEST PH 2 SEC 3","Real","$506,326","$506,326"
"R486692","R-17-W308-123B-0015-0008","AGRAWAL, SWADESH & SAKSHI AGGARWAL","712 MCDUFF AVE FREMONT, CA 94539-7542","14205 WILLOW TANK DR, AUSTIN, TX  78717","S9414 - AVERY RANCH FAR WEST PH 2 SEC 3, BLOCK B, Lot 15","L591503E"," ","S9414 - AVERY RANCH FAR WEST PH 2 SEC 3","Real","$483,691","$483,691"
"R486694","R-17-W308-123B-0017-0008","ATALLAH, NATHALIE","14133 WILLOW TANK DR  AUSTIN, TX 78717","14133 WILLOW TANK DR, AUSTIN, TX  78717","S9414 - AVERY RANCH FAR WEST PH 2 SEC 3, BLOCK B, Lot 17","L591503E"," ","S9414 - AVERY RANCH FAR WEST PH 2 SEC 3","Real","$500,354","$500,354"
"R486697","R-17-W308-123C-0005-0008","ZHANG, MATTHEW HAICHENG","11120 OLD QUARRY RD  AUSTIN, TX 78717","11120 OLD QUARRY RD, AUSTIN, TX  78717","S9414 - AVERY RANCH FAR WEST PH 2 SEC 3, BLOCK C, Lot 5","L591503E"," ","S9414 - AVERY RANCH FAR WEST PH 2 SEC 3","Real","$442,180","$442,180"
"R486700","R-17-W308-123C-0008-0008","AMOUZANDEH, MICHAEL TRUSTEE OF GRACE TRUST","PO BOX 170951 AUSTIN, TX 78717","11108 OLD QUARRY RD, AUSTIN, TX  78717","S9414 - AVERY RANCH FAR WEST PH 2 SEC 3, BLOCK C, Lot 8","L591503E"," ","S9414 - AVERY RANCH FAR WEST PH 2 SEC 3","Real","$433,957","$433,957"
"R486703","R-17-W308-123D-0005-0008","AVERY RANCH OWNERS ASSOCIATION INC","9601 AMBERGLEN BLVD  #STE 150 AUSTIN, TX 78729","14201 MARATHON RD, AUSTIN, TX  78717","S9414 - AVERY RANCH FAR WEST PH 2 SEC 3, BLOCK D, Lot 5, ACRES 0.323, (OPEN SPACE)","L591503E"," ","S9414 - AVERY RANCH FAR WEST PH 2 SEC 3","Real","$300","$300"
"R486705","R-17-W308-123D-0007-0008","MUSUNURI, ADITYA & SAHITI L","14209 MARATHON RD  AUSTIN, TX 78717","14209 MARATHON RD, AUSTIN, TX  78717","S9414 - AVERY RANCH FAR WEST PH 2 SEC 3, BLOCK D, Lot 7","L591503E"," ","S9414 - AVERY RANCH FAR WEST PH 2 SEC 3","Real","$579,098","$579,098"
"R486706","R-17-W308-123D-0008-0008","SPENCER, AARON R & JACQUELINE ARRIOLA","14213 MARATHON RD  AUSTIN, TX 78717","14213 MARATHON RD, AUSTIN, TX  78717","S9414 - AVERY RANCH FAR WEST PH 2 SEC 3, BLOCK D, Lot 8","L591503E"," ","S9414 - AVERY RANCH FAR WEST PH 2 SEC 3","Real","$653,382","$653,382"
"R486709","R-17-W308-123D-0011-0008","JANI, MITHIL & TANVI PANDYA","1429 CEDAR MEADOW CT  SAN JOSE, CA 95131","11220 OLD QUARRY RD, AUSTIN, TX  78717","S9414 - AVERY RANCH FAR WEST PH 2 SEC 3, BLOCK D, Lot 11","L591503E"," ","S9414 - AVERY RANCH FAR WEST PH 2 SEC 3","Real","$454,625","$454,625"
"R486712","R-17-W308-123D-0014-0008","MONCEBAIZ, NEIL J & KIMBERLY K","11208 OLD QUARRY RD  AUSTIN, TX 78717","11208 OLD QUARRY RD, AUSTIN, TX  78717","S9414 - AVERY RANCH FAR WEST PH 2 SEC 3, BLOCK D, Lot 14","L591503E"," ","S9414 - AVERY RANCH FAR WEST PH 2 SEC 3","Real","$453,263","$453,263"
"R486714","R-17-W308-123D-0016-0008","WILLIAMS, LEMUEL CURLY, JR","11200 OLD QUARRY RD  AUSTIN, TX 78717","11200 OLD QUARRY RD, AUSTIN, TX  78717","S9414 - AVERY RANCH FAR WEST PH 2 SEC 3, BLOCK D, Lot 16","L591503E"," ","S9414 - AVERY RANCH FAR WEST PH 2 SEC 3","Real","$511,709","$511,709"
"R486717","R-17-W308-123E-0003-0008","DUMANOVA, YOANA & VICTOR BENARBIA","11216 PERSIMMON GAP DR  AUSTIN, TX 78717-4880","11216 PERSIMMON GAP DR, AUSTIN, TX  78717","S9414 - AVERY RANCH FAR WEST PH 2 SEC 3, BLOCK E, Lot 3","L591503E"," ","S9414 - AVERY RANCH FAR WEST PH 2 SEC 3","Real","$490,686","$490,686"
"R486720","R-17-W308-123E-0006-0008","GADRE, MANDAR MADHAV (TOD) & VARADA DATAR (TOD)","916 WENTWOOD DR  SOUTHLAKE, TX 76092","11204 PERSIMMON GAP DR, AUSTIN, TX  78717","S9414 - AVERY RANCH FAR WEST PH 2 SEC 3, BLOCK E, Lot 6","L591503E"," ","S9414 - AVERY RANCH FAR WEST PH 2 SEC 3","Real","$475,416","$475,416"
"R486723","R-17-W308-123E-0009-0008","NEMADE, NIKHIL","3512 BROWN DIPPER DR PFLUGERVILLE, TX 78660-2671","11124 PERSIMMON GAP DR, AUSTIN, TX  78717","S9414 - AVERY RANCH FAR WEST PH 2 SEC 3, BLOCK E, Lot 9","L591503E"," ","S9414 - AVERY RANCH FAR WEST PH 2 SEC 3","Real","$450,851","$450,851"
"R486726","R-17-W308-123E-0012-0008","LIU, CHANG (TOD) & YUE WANG","15400 ECHO HILLS DR AUSTIN, TX 78717-3902","11112 PERSIMMON GAP DR, AUSTIN, TX  78717","S9414 - AVERY RANCH FAR WEST PH 2 SEC 3, BLOCK E, Lot 12","L591503E"," ","S9414 - AVERY RANCH FAR WEST PH 2 SEC 3","Real","$466,052","$466,052"
"R486729","R-17-W308-123E-0015-0008","KANG, JIWOONG & HYUNJI CHA","11105 OLD QUARRY RD  AUSTIN, TX 78717-4877","11105 OLD QUARRY RD, AUSTIN, TX  78717","S9414 - AVERY RANCH FAR WEST PH 2 SEC 3, BLOCK E, Lot 15","L591503E"," ","S9414 - AVERY RANCH FAR WEST PH 2 SEC 3","Real","$486,605","$486,605"
"R486732","R-17-W308-123E-0018-0008","WANG, NELSON & LING LING","11125 HENGE DR AUSTIN, TX 78759-4572","11117 OLD QUARRY RD, AUSTIN, TX  78717","S9414 - AVERY RANCH FAR WEST PH 2 SEC 3, BLOCK E, Lot 18","L591503E"," ","S9414 - AVERY RANCH FAR WEST PH 2 SEC 3","Real","$434,688","$434,688"
"R486734","R-17-W308-123E-0020-0008","RAGHUNATH BALAKRISHNA & LEKHA TRUSTEES OF RAGHUNATH LIVING TRUST","5030 BIRKDALE WAY  SAN JOSE, CA 95138","11125 OLD QUARRY RD, AUSTIN, TX  78717","S9414 - AVERY RANCH FAR WEST PH 2 SEC 3, BLOCK E, Lot 20","L591503E"," ","S9414 - AVERY RANCH FAR WEST PH 2 SEC 3","Real","$452,167","$452,167"
"R486737","R-17-W308-123E-0023-0008","WONG, DONALD K","11209 OLD QUARRY RD AUSTIN, TX 78717-4878","11209 OLD QUARRY RD, AUSTIN, TX  78717","S9414 - AVERY RANCH FAR WEST PH 2 SEC 3, BLOCK E, Lot 23","L591503E"," ","S9414 - AVERY RANCH FAR WEST PH 2 SEC 3","Real","$447,091","$447,091"
"R486740","R-17-W308-123E-0026-0008","GNANASAMBANDAM, VIGNESH MARUTHACHALAM & DURGANILA ANANDHAN","3417 PIEDMONTESE DR  LEANDER, TX 78641-5021","11221 OLD QUARRY RD, AUSTIN, TX  78717","S9414 - AVERY RANCH FAR WEST PH 2 SEC 3, BLOCK E, Lot 26","L591503E"," ","S9414 - AVERY RANCH FAR WEST PH 2 SEC 3","Real","$517,879","$517,879"
"R486743","R-17-W308-123Z-Z001-0008","AVERY RANCH OWNERS ASSOCIATION INC","PO BOX 702348 DALLAS, TX 75370-2348","11101 STAKED PLAINS DR, AUSTIN, TX  78717","S9414 - AVERY RANCH FAR WEST PH 2 SEC 3, BLOCK ZZ, Lot 1, ACRES 6.753, (RETENTION POND)","L591503E"," ","S9414 - AVERY RANCH FAR WEST PH 2 SEC 3","Real","$2,026","$2,026"
"R489261","R-17-W308-124B-0021-0008","YU, YONG & HUEI-JU CHEN","9605 RAINLILLY LN  AUSTIN, TX 78759","14117 WILLOW TANK DR, AUSTIN, TX  78717","S9460 - AVERY RANCH FAR WEST PH 2 SEC 4, BLOCK B, Lot 21","L591503E"," ","S9460 - AVERY RANCH FAR WEST PH 2 SEC 4","Real","$441,439","$441,439"
"R489264","R-17-W308-124B-0024-0008","XU, WEIYU & XIANGHONG HAO","11 MISTRAL WIND PL THE WOODLANDS, TX 77382-1057","14105 WILLOW TANK DR, AUSTIN, TX  78717","S9460 - AVERY RANCH FAR WEST PH 2 SEC 4, BLOCK B, Lot 24","L591503E"," ","S9460 - AVERY RANCH FAR WEST PH 2 SEC 4","Real","$534,275","$534,275"
"R489267","R-17-W308-124B-0027-0008","HERNANDEZ, ELIUT","11104 PANTHER JUNCTION TRL  AUSTIN, TX 78717","11104 PANTHER JUNCTION TRL, AUSTIN, TX  78717","S9460 - AVERY RANCH FAR WEST PH 2 SEC 4, BLOCK B, Lot 27","L591503E"," ","S9460 - AVERY RANCH FAR WEST PH 2 SEC 4","Real","$614,454","$614,454"
"R489270","R-17-W308-124B-0030-0008","QIU, SHAOBO & RUI CHEN","4418 EDGEWATER DR CEDAR PARK, TX 78613-2656","11116 PANTHER JUNCTION TRL, AUSTIN, TX  78717","S9460 - AVERY RANCH FAR WEST PH 2 SEC 4, BLOCK B, Lot 30","L591503E"," ","S9460 - AVERY RANCH FAR WEST PH 2 SEC 4","Real","$509,729","$509,729"
"R489273","R-17-W308-124B-0033-0008","SARKISSOVA, IRYNA","50 SIERRA VISTA AVE APT 117 MOUNTAIN VIEW, CA 94043-4484","14201 CANYON TRL, AUSTIN, TX  78717","S9460 - AVERY RANCH FAR WEST PH 2 SEC 4, BLOCK B, Lot 33","L591503E"," ","S9460 - AVERY RANCH FAR WEST PH 2 SEC 4","Real","$442,008","$442,008"
"R489275","R-17-W308-124B-0035-0008","JANG, JAEIL & SEON MI PARK","14117 CANYON TRL  AUSTIN, TX 78717","14117 CANYON TRL, AUSTIN, TX  78717","S9460 - AVERY RANCH FAR WEST PH 2 SEC 4, BLOCK B, Lot 35","L591503E"," ","S9460 - AVERY RANCH FAR WEST PH 2 SEC 4","Real","$453,695","$453,695"
"R489276","R-17-W308-124B-0036-0008","PETERSON, JOYCE AI VEE","4005 BRADY RIDGE DR CEDAR PARK, TX 78613-2067","14113 CANYON TRL, AUSTIN, TX  78717","S9460 - AVERY RANCH FAR WEST PH 2 SEC 4, BLOCK B, Lot 36","L591503E"," ","S9460 - AVERY RANCH FAR WEST PH 2 SEC 4","Real","$461,507","$461,507"
"R489278","R-17-W308-124B-0038-0008","BERG, LON THOMAS & PEGGY BOGDANSKY","14105 CANYON TRL  AUSTIN, TX 78717","14105 CANYON TRL, AUSTIN, TX  78717","S9460 - AVERY RANCH FAR WEST PH 2 SEC 4, BLOCK B, Lot 38","L591503E"," ","S9460 - AVERY RANCH FAR WEST PH 2 SEC 4","Real","$519,613","$519,613"
"R489281","R-17-W308-124B-0041-0008","ABRAHAM, JOHN P","1501 NORTHGATE LN  MCALLEN, TX 78504-9594","14032 TURKEY HOLLOW TRL, AUSTIN, TX  78717","S9460 - AVERY RANCH FAR WEST PH 2 SEC 4, BLOCK B, Lot 41","L591503E"," ","S9460 - AVERY RANCH FAR WEST PH 2 SEC 4","Real","$559,610","$559,610"
"R489284","R-17-W308-124B-0044-0008","CANTRELL, JAMES P & ANAKA M","14045 TURKEY HOLLOW TRL  AUSTIN, TX 78717","14045 TURKEY HOLLOW TRL, AUSTIN, TX  78717","S9460 - AVERY RANCH FAR WEST PH 2 SEC 4, BLOCK B, Lot 44","L591503E"," ","S9460 - AVERY RANCH FAR WEST PH 2 SEC 4","Real","$583,377","$583,377"
"R489287","R-17-W308-124B-0047-0008","GASPARD, ANDREA LOPEZ & IRENE VALDEZ GONZALEZ","14029 TURKEY HOLLOW TRL  AUSTIN, TX 78717","14029 TURKEY HOLLOW TRL, AUSTIN, TX  78717","S9460 - AVERY RANCH FAR WEST PH 2 SEC 4, BLOCK B, Lot 47","L591503E"," ","S9460 - AVERY RANCH FAR WEST PH 2 SEC 4","Real","$511,563","$511,563"
"R489289","R-17-W308-124B-0049-0008","GOODMAN, DAVID S","10401 MEDINAH GREENS DR AUSTIN, TX 78717-3802","14021 TURKEY HOLLOW TRL, AUSTIN, TX  78717","S9460 - AVERY RANCH FAR WEST PH 2 SEC 4, BLOCK B, Lot 49","L591503E"," ","S9460 - AVERY RANCH FAR WEST PH 2 SEC 4","Real","$455,106","$455,106"
"R489290","R-17-W308-124B-0050-0008","MOGHADAS, ALLEN AMIN","17243 GRACIOSA CT SAN DIEGO, CA 92128-2035","14017 TURKEY HOLLOW TRL, AUSTIN, TX  78717","S9460 - AVERY RANCH FAR WEST PH 2 SEC 4, BLOCK B, Lot 50","L591503E"," ","S9460 - AVERY RANCH FAR WEST PH 2 SEC 4","Real","$451,766","$451,766"
"R489293","R-17-W308-124C-0002-0008","YANG, JIANHUI & LILI TANG","14221 CANYON TRL  AUSTIN, TX 78717","14221 CANYON TRL, AUSTIN, TX  78717","S9460 - AVERY RANCH FAR WEST PH 2 SEC 4, BLOCK C, Lot 2","L591503E"," ","S9460 - AVERY RANCH FAR WEST PH 2 SEC 4","Real","$469,860","$469,860"
"R489295","R-17-W308-124C-0004-0008","ZEMEDE, BINYAM A","14229 CANYON TRL  AUSTIN, TX 78717","14229 CANYON TRL, AUSTIN, TX  78717","S9460 - AVERY RANCH FAR WEST PH 2 SEC 4, BLOCK C, Lot 4","L591503E"," ","S9460 - AVERY RANCH FAR WEST PH 2 SEC 4","Real","$451,680","$451,680"
"R489296","R-17-W308-124C-0011-0008","RANA, GUNJOT S & LAVINA S","14116 WILLOW TANK DR  AUSTIN, TX 78717","14116 WILLOW TANK DR, AUSTIN, TX  78717","S9460 - AVERY RANCH FAR WEST PH 2 SEC 4, BLOCK C, Lot 11","L591503E"," ","S9460 - AVERY RANCH FAR WEST PH 2 SEC 4","Real","$449,872","$449,872"
"R489298","R-17-W308-124C-0013-0008","ISRANI, RITESH","5805 CHARLOTTE DR  #APT 329 SAN JOSE, CA 95123-3656","14108 WILLOW TANK DR, AUSTIN, TX  78717","S9460 - AVERY RANCH FAR WEST PH 2 SEC 4, BLOCK C, Lot 13","L591503E"," ","S9460 - AVERY RANCH FAR WEST PH 2 SEC 4","Real","$561,995","$561,995"
"R489301","R-17-W308-124D-0001-0008","LEE, DANIEL DAEHEE & ETSUKO TAKEHISA","14105 MARATHON RD  AUSTIN, TX 78717-4886","14105 MARATHON RD, AUSTIN, TX  78717","S9460 - AVERY RANCH FAR WEST PH 2 SEC 4, BLOCK D, Lot 1","L591503E"," ","S9460 - AVERY RANCH FAR WEST PH 2 SEC 4","Real","$516,567","$516,567"
"R489304","R-17-W308-124D-0017-0008","KAKOVSKYI, VIACHESLAV & TETIANA KAKOVSKA","14224 CANYON TRL  AUSTIN, TX 78717-4889","14224 CANYON TRL, AUSTIN, TX  78717","S9460 - AVERY RANCH FAR WEST PH 2 SEC 4, BLOCK D, Lot 17","L591503E"," ","S9460 - AVERY RANCH FAR WEST PH 2 SEC 4","Real","$580,350","$580,350"
"R489307","R-17-W308-124D-0020-0008","SEN, JYOTI & NILAM ROY","4517 MODENA BAY BND  LEANDER, TX 78641","14212 CANYON TRL, AUSTIN, TX  78717","S9460 - AVERY RANCH FAR WEST PH 2 SEC 4, BLOCK D, Lot 20","L591503E"," ","S9460 - AVERY RANCH FAR WEST PH 2 SEC 4","Real","$485,834","$485,834"
"R489310","R-17-W308-124D-0023-0008","MOOREHEAD, RUSSELL","14200 CANYON TRL  AUSTIN, TX 78717","14200 CANYON TRL, AUSTIN, TX  78717","S9460 - AVERY RANCH FAR WEST PH 2 SEC 4, BLOCK D, Lot 23","L591503E"," ","S9460 - AVERY RANCH FAR WEST PH 2 SEC 4","Real","$455,120","$455,120"
"R489313","R-17-W308-124D-0026-0008","KULARATNE, LASANTHA INDRAJITH & DEVARADURA MENDIS","14108 CANYON TRL AUSTIN, TX 78717-4888","14108 CANYON TRL, AUSTIN, TX  78717","S9460 - AVERY RANCH FAR WEST PH 2 SEC 4, BLOCK D, Lot 26","L591503E"," ","S9460 - AVERY RANCH FAR WEST PH 2 SEC 4","Real","$455,998","$455,998"
"R489316","R-17-W308-124D-0029-0008","RAMACHANDRAN, VIVEK & SHWETA SUBRAMANI","11209 MCKINNEY SPRINGS DR  AUSTIN, TX 78717","11209 MC KINNEY SPRING DR, AUSTIN, TX  78717","S9460 - AVERY RANCH FAR WEST PH 2 SEC 4, BLOCK D, Lot 29","L591503E"," ","S9460 - AVERY RANCH FAR WEST PH 2 SEC 4","Real","$441,043","$441,043"
"R489318","R-17-W308-124D-0031-0008","YU, LI","11505 RUNNING BRUSH LN AUSTIN, TX 78717-4849","11217 MC KINNEY SPRING DR, AUSTIN, TX  78717","S9460 - AVERY RANCH FAR WEST PH 2 SEC 4, BLOCK D, Lot 31","L591503E"," ","S9460 - AVERY RANCH FAR WEST PH 2 SEC 4","Real","$450,860","$450,860"
"R489321","R-17-W308-124F-0002-0008","ZHANG, BO","11220 MCKINNEY SPRING DR  AUSTIN, TX 78717","11220 MC KINNEY SPRING DR, AUSTIN, TX  78717","S9460 - AVERY RANCH FAR WEST PH 2 SEC 4, BLOCK F, Lot 2","L591503E"," ","S9460 - AVERY RANCH FAR WEST PH 2 SEC 4","Real","$455,477","$455,477"
"R489324","R-17-W308-124F-0005-0008","KILARI, MADHU KRISHNA PRASAD & VINDHYA MUPPALLA","6823 DELEON ST IRVING, TX 75039-3438","11208 MC KINNEY SPRING DR, AUSTIN, TX  78717","S9460 - AVERY RANCH FAR WEST PH 2 SEC 4, BLOCK F, Lot 5","L591503E"," ","S9460 - AVERY RANCH FAR WEST PH 2 SEC 4","Real","$463,961","$463,961"
"R489327","R-17-W308-124F-0008-0008","XU, WEN","6804 CHALK HILL DR  AUSTIN, TX 78759-7732","11116 MC KINNEY SPRING DR, AUSTIN, TX  78717","S9460 - AVERY RANCH FAR WEST PH 2 SEC 4, BLOCK F, Lot 8","L591503E"," ","S9460 - AVERY RANCH FAR WEST PH 2 SEC 4","Real","$445,702","$445,702"
"R489330","R-17-W308-124F-0011-0008","SHIVVASANGARI SUBRAMANI TR SHIVVA SUBRAMANI REVOCABLE TRUST","11104 MCKINNEY SPRINGS DR  AUSTIN, TX 78717-4890","11104 MC KINNEY SPRING DR, AUSTIN, TX  78717","S9460 - AVERY RANCH FAR WEST PH 2 SEC 4, BLOCK F, Lot 11","L591503E"," ","S9460 - AVERY RANCH FAR WEST PH 2 SEC 4","Real","$450,732","$450,732"
"R489332","R-17-W308-124G-0013-0008","ZHAO, YU","14000 MARATHON RD  AUSTIN, TX 78717-4885","14000 MARATHON RD, AUSTIN, TX  78717","S9460 - AVERY RANCH FAR WEST PH 2 SEC 4, BLOCK G, Lot 13","L591503E"," ","S9460 - AVERY RANCH FAR WEST PH 2 SEC 4","Real","$452,695","$452,695"
"R489333","R-17-W308-124G-0014-0008","KIM, DONG J","7204 COVERED BRIDGE DR  AUSTIN, TX 78736-3344","14004 MARATHON RD, AUSTIN, TX  78717","S9460 - AVERY RANCH FAR WEST PH 2 SEC 4, BLOCK G, Lot 14","L591503E"," ","S9460 - AVERY RANCH FAR WEST PH 2 SEC 4","Real","$439,563","$439,563"
"R489336","R-17-W308-124G-0017-0008","SHI, JINFAN","14100 MARATHON RD  AUSTIN, TX 78717","14100 MARATHON RD, AUSTIN, TX  78717","S9460 - AVERY RANCH FAR WEST PH 2 SEC 4, BLOCK G, Lot 17","L591503E"," ","S9460 - AVERY RANCH FAR WEST PH 2 SEC 4","Real","$448,912","$448,912"
"R489338","R-17-W308-124G-0019-0008","BEHNOOD, MANSOR & SHAHIN RAHGOZAR","14108 MARATHON RD AUSTIN, TX 78717-4886","14108 MARATHON RD, AUSTIN, TX  78717","S9460 - AVERY RANCH FAR WEST PH 2 SEC 4, BLOCK G, Lot 19","L591503E"," ","S9460 - AVERY RANCH FAR WEST PH 2 SEC 4","Real","$452,337","$452,337"
"R489339","R-17-W308-124G-0020-0008","PRICE, ELTON RENELL & DEBRA ANN BUSH","14112 MARATHON RD AUSTIN, TX 78717-4886","14112 MARATHON RD, AUSTIN, TX  78717","S9460 - AVERY RANCH FAR WEST PH 2 SEC 4, BLOCK G, Lot 20","L591503E"," ","S9460 - AVERY RANCH FAR WEST PH 2 SEC 4","Real","$453,905","$453,905"
"R489341","R-17-W308-124G-0022-0008","DAVIS, ROBERT MARK & BELINDA D","14120 MARATHON RD  AUSTIN, TX 78717","14120 MARATHON RD, AUSTIN, TX  78717","S9460 - AVERY RANCH FAR WEST PH 2 SEC 4, BLOCK G, Lot 22","L591503E"," ","S9460 - AVERY RANCH FAR WEST PH 2 SEC 4","Real","$463,476","$463,476"
"R505961","R-17-W308-131C-0003-0008","DESAI, RUJU V","16213 CASTLETROY DR AUSTIN, TX 78717-5521","11516 RUNNING BRUSH LN, AUSTIN, TX  78717","S9966 - AVERY RANCH FAR WEST PH 3 SEC 1, BLOCK C, Lot 3, ACRES 0.128","L591503E"," ","S9966 - AVERY RANCH FAR WEST PH 3 SEC 1","Real","$451,669","$451,669"
"R505964","R-17-W308-131C-0006-0008","STEINBECK, JONATHON & LIMIAN GAO","11504 RUNNING BRUSH LN  AUSTIN, TX 78717-4849","11504 RUNNING BRUSH LN, AUSTIN, TX  78717","S9966 - AVERY RANCH FAR WEST PH 3 SEC 1, BLOCK C, Lot 6, ACRES 0.139","L591503E"," ","S9966 - AVERY RANCH FAR WEST PH 3 SEC 1","Real","$617,960","$617,960"
"R505967","R-17-W308-131C-0009-0008","JIANG, MING","11428 RUNNING BRUSH LN  AUSTIN, TX 78717","11428 RUNNING BRUSH LN, AUSTIN, TX  78717","S9966 - AVERY RANCH FAR WEST PH 3 SEC 1, BLOCK C, Lot 9, ACRES 0.146","L591503E"," ","S9966 - AVERY RANCH FAR WEST PH 3 SEC 1","Real","$452,961","$452,961"
"R505969","R-17-W308-131C-0011-0008","MCLENDON, REBECCA ANN","11420 RUNNING BRUSH LN  AUSTIN, TX 78717","11420 RUNNING BRUSH LN, AUSTIN, TX  78717","S9966 - AVERY RANCH FAR WEST PH 3 SEC 1, BLOCK C, Lot 11, ACRES 0.174","L591503E"," ","S9966 - AVERY RANCH FAR WEST PH 3 SEC 1","Real","$460,880","$460,880"
"R505970","R-17-W308-131C-0012-0008","NUTHETI, GURU PRASAD & SAI SREE ALAM","11416 RUNNING BRUSH LN  AUSTIN, TX 78717","11416 RUNNING BRUSH LN, AUSTIN, TX  78717","S9966 - AVERY RANCH FAR WEST PH 3 SEC 1, BLOCK C, Lot 12, ACRES 0.179","L591503E"," ","S9966 - AVERY RANCH FAR WEST PH 3 SEC 1","Real","$455,313","$455,313"
"R505973","R-17-W308-131C-0015-0008","KAUSHIK SURENDRAN & PAVITHRA BADRINARAYANAN OF KAUSHIK PAVITHRA LVG TST","11404 RUNNING BRUSH LN  AUSTIN, TX 78717","11404 RUNNING BRUSH LN, AUSTIN, TX  78717","S9966 - AVERY RANCH FAR WEST PH 3 SEC 1, BLOCK C, Lot 15, ACRES 0.206","L591503E"," ","S9966 - AVERY RANCH FAR WEST PH 3 SEC 1","Real","$586,953","$586,953"
"R505975","R-17-W308-131C-0017-0008","BASHYAM, MANOHAR & KIRANA M","10003 TREE BEND CV  AUSTIN, TX 78750-3839","11312 RUNNING BRUSH LN, AUSTIN, TX  78717","S9966 - AVERY RANCH FAR WEST PH 3 SEC 1, BLOCK C, Lot 17, ACRES 0.185","L591503E"," ","S9966 - AVERY RANCH FAR WEST PH 3 SEC 1","Real","$527,694","$527,694"
"R505976","R-17-W308-131C-0018-0008","RODRIGUEZ, VICTORIA Y & DAVID M","315 WATER OAK DR CEDAR PARK, TX 78613-4065","11308 RUNNING BRUSH LN, AUSTIN, TX  78717","S9966 - AVERY RANCH FAR WEST PH 3 SEC 1, BLOCK C, Lot 18, ACRES 0.195","L591503E"," ","S9966 - AVERY RANCH FAR WEST PH 3 SEC 1","Real","$452,134","$452,134"
"R505978","R-17-W308-131C-0020-0008","MARSHA J SOWELL & RICHARD B DASKAS TRS KASWELL LIVING TRUST","13700 WIREGRASS WAY  AUSTIN, TX 78717-5367","11300 RUNNING BRUSH LN, AUSTIN, TX  78717","S9966 - AVERY RANCH FAR WEST PH 3 SEC 1, BLOCK C, Lot 20, ACRES 0.358","L591503E"," ","S9966 - AVERY RANCH FAR WEST PH 3 SEC 1","Real","$474,012","$474,012"
"R507164","R-17-W308-132A-0003-0008","PAN, HUAI & QIZHI LIN","901 KINGSTON PL  CEDAR PARK, TX 78613-2481","14001 TURKEY HOLLOW TRL, AUSTIN, TX  78717","S10030 - AVERY RANCH FAR WEST PH 3 SEC 2, BLOCK A, Lot 3, ACRES 0.165","L591503E"," ","S10030 - AVERY RANCH FAR WEST PH 3 SEC 2","Real","$456,727","$456,727"
"R507167","R-17-W308-132A-0006-0008","Unknown","Unknown","13925 TURKEY HOLLOW TRL, AUSTIN, TX  78717","S10030 - AVERY RANCH FAR WEST PH 3 SEC 2, BLOCK A, Lot 6, ACRES 0.13","L591503E"," ","S10030 - AVERY RANCH FAR WEST PH 3 SEC 2","Real","$445,744","$445,744"
"R507170","R-17-W308-132A-0010-0008","AVERY RANCH OWNERS ASSOCIATION INC","PO BOX 702348 DALLAS, TX 75370-2348","TURKEY HOLLOW TRL, AUSTIN, TX  78717","S10030 - AVERY RANCH FAR WEST PH 3 SEC 2, BLOCK A, Lot 10, ACRES 0.32, (OPEN SPACE)","L591503E"," ","S10030 - AVERY RANCH FAR WEST PH 3 SEC 2","Real","$300","$300"
"R507173","R-17-W308-132B-0003-0008","SUJOY MUKHERJEE & MADHUMITA MUKHERJEE CO-TRS OF THE SM FAMILY REVOCABLE TRUST","13913 MARATHON RD  AUSTIN, TX 78717-4862","13913 MARATHON RD, AUSTIN, TX  78717","S10030 - AVERY RANCH FAR WEST PH 3 SEC 2, BLOCK B, Lot 3, ACRES 0.117","L591503E"," ","S10030 - AVERY RANCH FAR WEST PH 3 SEC 2","Real","$478,680","$478,680"
"R507176","R-17-W308-132B-0006-0008","GUHA, AYAN","1416 WYOLA BND AUSTIN, TX 78717-4864","11225 WYOLA BND, AUSTIN, TX  78717","S10030 - AVERY RANCH FAR WEST PH 3 SEC 2, BLOCK B, Lot 6, ACRES 0.132","L591503E"," ","S10030 - AVERY RANCH FAR WEST PH 3 SEC 2","Real","$500,802","$500,802"
"R507178","R-17-W308-132B-0008-0008","GODAMBE, SWAPNIL & APURVA UPASANI","529 SCHOONER TRL LEANDER, TX 78641-5525","11217 WYOLA BND, AUSTIN, TX  78717","S10030 - AVERY RANCH FAR WEST PH 3 SEC 2, BLOCK B, Lot 8, ACRES 0.109","L591503E"," ","S10030 - AVERY RANCH FAR WEST PH 3 SEC 2","Real","$450,932","$450,932"
"R507181","R-17-W308-132B-0011-0008","BINGOL, YASAM & SEVAL","103 COUNTY ROAD 180  #UNIT 40 CEDAR PARK, TX 78641","11205 WYOLA BND, AUSTIN, TX  78717","S10030 - AVERY RANCH FAR WEST PH 3 SEC 2, BLOCK B, Lot 11, ACRES 0.139","L591503E"," ","S10030 - AVERY RANCH FAR WEST PH 3 SEC 2","Real","$465,843","$465,843"
"R507184","R-17-W308-132B-0014-0008","LE, MICHAEL TRONG","11113 WYOLA BND  AUSTIN, TX 78717-4872","11113 WYOLA BND, AUSTIN, TX  78717","S10030 - AVERY RANCH FAR WEST PH 3 SEC 2, BLOCK B, Lot 14, ACRES 0.122","L591503E"," ","S10030 - AVERY RANCH FAR WEST PH 3 SEC 2","Real","$434,869","$434,869"
"R507187","R-17-W308-132B-0017-0008","KENDAI, BALAKUMAR","11101 WYOLA BND  AUSTIN, TX 78717","11101 WYOLA BND, AUSTIN, TX  78717","S10030 - AVERY RANCH FAR WEST PH 3 SEC 2, BLOCK B, Lot 17, ACRES 0.154","L591503E"," ","S10030 - AVERY RANCH FAR WEST PH 3 SEC 2","Real","$481,806","$481,806"
"R507190","R-17-W308-132C-0003-0008","MAO, ZHEHUI & WANG RAO","14300 LAURINBURG DR  AUSTIN, TX 78717","13926 TURKEY HOLLOW TRL, AUSTIN, TX  78717","S10030 - AVERY RANCH FAR WEST PH 3 SEC 2, BLOCK C, Lot 3, ACRES 0.134","L591503E"," ","S10030 - AVERY RANCH FAR WEST PH 3 SEC 2","Real","$455,491","$455,491"
"R507192","R-17-W308-132C-0005-0008","SILVA, DANIEL NOE & CHRISTINA MARIA","13934 TURKEY HOLLOW TRL  AUSTIN, TX 78717","13934 TURKEY HOLLOW TRL, AUSTIN, TX  78717","S10030 - AVERY RANCH FAR WEST PH 3 SEC 2, BLOCK C, Lot 5, ACRES 0.167","L591503E"," ","S10030 - AVERY RANCH FAR WEST PH 3 SEC 2","Real","$501,811","$501,811"
"R507193","R-17-W308-132C-0006-0008","YUAN, HSIAO PIN","11214 WYOLA BND  AUSTIN, TX 78717","11214 WYOLA BND, AUSTIN, TX  78717","S10030 - AVERY RANCH FAR WEST PH 3 SEC 2, BLOCK C, Lot 6, ACRES 0.167","L591503E"," ","S10030 - AVERY RANCH FAR WEST PH 3 SEC 2","Real","$497,509","$497,509"
"R507196","R-17-W308-132C-0009-0008","DANIEL, KEITH R & CATHY C","11226 WYOLA BND  AUSTIN, TX 78717","11226 WYOLA BND, AUSTIN, TX  78717","S10030 - AVERY RANCH FAR WEST PH 3 SEC 2, BLOCK C, Lot 9, ACRES 0.137","L591503E"," ","S10030 - AVERY RANCH FAR WEST PH 3 SEC 2","Real","$437,211","$437,211"
"R507198","R-17-W308-132C-0011-0008","REYNOLDS, JEREMY KADE & ALISON RENEA GARCIA","105 COVINGTON CV  GEORGETOWN, TX 78628-7044","11324 WYOLA BND, AUSTIN, TX  78717","S10151 - AVERY RANCH FAR WEST PH 2 SEC 3 &WYOLA BND ADD(AMD), BLOCK C, Lot 11, ACRES 0.199","L591503E"," ","S10151 - AVERY RANCH FAR WEST PH 2 SEC 3 &WYOLA BND ADD(AMD)","Real","$517,536","$517,536"
"R507199","R-17-W308-132C-0012-0008","BAEZ, FRANCISCO","1202 COLBY LN CEDAR PARK, TX 78613-2823","13900 MARATHON RD, AUSTIN, TX  78717","S10030 - AVERY RANCH FAR WEST PH 3 SEC 2, BLOCK C, Lot 12, ACRES 0.141","L591503E"," ","S10030 - AVERY RANCH FAR WEST PH 3 SEC 2","Real","$458,865","$458,865"
"R507201","R-17-W308-132C-0014-0008","JHA, SAURABH","29 PITTSFORD WAY NEW PROVIDENCE, NJ 07974-2428","13908 MARATHON RD, AUSTIN, TX  78717","S10030 - AVERY RANCH FAR WEST PH 3 SEC 2, BLOCK C, Lot 14, ACRES 0.141","L591503E"," ","S10030 - AVERY RANCH FAR WEST PH 3 SEC 2","Real","$461,678","$461,678"
"R507204","R-17-W308-132C-0017-0008","NGUYEN, KY DUY","13920 MARATHON RD  AUSTIN, TX 78717-4862","13920 MARATHON RD, AUSTIN, TX  78717","S10030 - AVERY RANCH FAR WEST PH 3 SEC 2, BLOCK C, Lot 17","L591503E"," ","S10030 - AVERY RANCH FAR WEST PH 3 SEC 2","Real","$438,490","$438,490"
"R510872","R-17-W308-100A-0003-0008","WRIGHT, NANCY ELIZABETH","11312 WYOLA BND  AUSTIN, TX 78717","11312 WYOLA BND, AUSTIN, TX  78717","S10114 - AVERY RANCH FAR WEST WYOLA BEND ADD, BLOCK A, Lot 3, ACRES 0.139","L591503E"," ","S10114 - AVERY RANCH FAR WEST WYOLA BEND ADD","Real","$441,636","$441,636"
"R510875","R-17-W308-100A-0006-0008","RUSSELL, WILL & AMBER","11300 WYOLA BND  AUSTIN, TX 78717","11300 WYOLA BND, AUSTIN, TX  78717","S10114 - AVERY RANCH FAR WEST WYOLA BEND ADD, BLOCK A, Lot 6, ACRES 0.137","L591503E"," ","S10114 - AVERY RANCH FAR WEST WYOLA BEND ADD","Real","$587,956","$587,956"
"R510877","R-17-W308-100A-0008-0008","WORLEY, MATTHEW & ALLISON DOYLE","11234 WYOLA BND  AUSTIN, TX 78717","11234 WYOLA BND, AUSTIN, TX  78717","S10151 - AVERY RANCH FAR WEST PH 2 SEC 3 &WYOLA BND ADD(AMD), BLOCK A, Lot 8, ACRES 0.277","L591503E"," ","S10151 - AVERY RANCH FAR WEST PH 2 SEC 3 &WYOLA BND ADD(AMD)","Real","$646,466","$646,466"
"R514542","R-17-W308-133D-0028-0008","MADUREIRA, STEVE E & LEISEL SPENCE","13700 LOLETA WAY  AUSTIN, TX 78717","13700 LOLETA WAY, AUSTIN, TX  78717","S10208 - AVERY RANCH FAR WEST PH 3 SEC 3, BLOCK D, Lot 28, ACRES 0.217","L591503E"," ","S10208 - AVERY RANCH FAR WEST PH 3 SEC 3","Real","$470,269","$470,269"
"R514544","R-17-W308-133D-0029-0008","AVERY RANCH OWNERS ASSOCIATION INC","9601 AMBERGLEN BLVD  #STE 150 AUSTIN, TX 78729","AVERY RANCH BLVD, AUSTIN, TX  78717","S10208 - AVERY RANCH FAR WEST PH 3 SEC 3, BLOCK D, Lot 29, ACRES 0.026, (OPEN SPACE)","L591503E"," ","S10208 - AVERY RANCH FAR WEST PH 3 SEC 3","Real","$300","$300"
"R514547","R-17-W308-133F-0001-0008","SURAJ MEHRA & POONAM SABNANI AS CO-TRS OF THE SPAK LIVING TRUST","11600 FAUBIAN LN  AUSTIN, TX 78717-4981","11600 FAUBIAN LN, AUSTIN, TX  78717","S10208 - AVERY RANCH FAR WEST PH 3 SEC 3, BLOCK F, Lot 1, ACRES 0.163","L591503E"," ","S10208 - AVERY RANCH FAR WEST PH 3 SEC 3","Real","$579,594","$579,594"
"R514550","R-17-W308-133F-0009-0008","KHETAM, PRASHANT GOVIND & AKSHATA SURESH PATIL","11613 HARPSTER BND  AUSTIN, TX 78717","11613 HARPSTER BND, AUSTIN, TX  78717","S10208 - AVERY RANCH FAR WEST PH 3 SEC 3, BLOCK F, Lot 9, ACRES 0.147","L591503E"," ","S10208 - AVERY RANCH FAR WEST PH 3 SEC 3","Real","$473,266","$473,266"
"R514553","R-17-W308-133F-0012-0008","ZHAO, YU","14000 MARATHON RD  AUSTIN, TX 78717-4885","11601 HARPSTER BND, AUSTIN, TX  78717","S10208 - AVERY RANCH FAR WEST PH 3 SEC 3, BLOCK F, Lot 12, ACRES 0.155","L591503E"," ","S10208 - AVERY RANCH FAR WEST PH 3 SEC 3","Real","$485,366","$485,366"
"R514556","R-17-W308-133G-0003-0008","FERRER, FERNANDO A & DELIA M ARCHULETA","13901 TURKEY HOLLOW TRL  AUSTIN, TX 78717","13901 TURKEY HOLLOW TRL, AUSTIN, TX  78717","S10208 - AVERY RANCH FAR WEST PH 3 SEC 3, BLOCK G, Lot 3, ACRES 0.128","L591503E"," ","S10208 - AVERY RANCH FAR WEST PH 3 SEC 3","Real","$460,826","$460,826"
"R514559","R-17-W308-133G-0006-0008","HANNA, JEAN S (TOD) & MAHA S (TOD)","14024 ABERVIL TRL  AUSTIN, TX 78717-4988","13813 TURKEY HOLLOW TRL, AUSTIN, TX  78717","S10208 - AVERY RANCH FAR WEST PH 3 SEC 3, BLOCK G, Lot 6, ACRES 0.135","L591503E"," ","S10208 - AVERY RANCH FAR WEST PH 3 SEC 3","Real","$454,106","$454,106"
"R514562","R-17-W308-133G-0009-0008","WEBER BRIAN PAUL (TOD) & REI KODA","13801 TURKEY HOLLOW TRL  AUSTIN, TX 78717","13801 TURKEY HOLLOW TRL, AUSTIN, TX  78717","S10208 - AVERY RANCH FAR WEST PH 3 SEC 3, BLOCK G, Lot 9, ACRES 0.125","L591503E"," ","S10208 - AVERY RANCH FAR WEST PH 3 SEC 3","Real","$481,052","$481,052"
"R514564","R-17-W308-133G-0011-0008","RILEY, ROBERT SHAWN","13713 TURKEY HOLLOW TRL  AUSTIN, TX 78717","13713 TURKEY HOLLOW TRL, AUSTIN, TX  78717","S10208 - AVERY RANCH FAR WEST PH 3 SEC 3, BLOCK G, Lot 11, ACRES 0.152","L591503E"," ","S10208 - AVERY RANCH FAR WEST PH 3 SEC 3","Real","$452,194","$452,194"
"R514565","R-17-W308-133G-0012-0008","CHAKRAVARTHY KUNAL & ARUNA NARSI","3810 BRUSHY CREEK RD UNIT 50 CEDAR PARK, TX 78613-2648","13709 TURKEY HOLLOW TRL, AUSTIN, TX  78717","S10208 - AVERY RANCH FAR WEST PH 3 SEC 3, BLOCK G, Lot 12, ACRES 0.158","L591503E"," ","S10208 - AVERY RANCH FAR WEST PH 3 SEC 3","Real","$477,010","$477,010"
"R514567","R-17-W308-133G-0014-0008","WARD, JOSEPH WAYNE","13701 TURKEY HOLLOW TRL  AUSTIN, TX 78717","13701 TURKEY HOLLOW TRL, AUSTIN, TX  78717","S10208 - AVERY RANCH FAR WEST PH 3 SEC 3, BLOCK G, Lot 14, ACRES 0.155","L591503E"," ","S10208 - AVERY RANCH FAR WEST PH 3 SEC 3","Real","$499,192","$499,192"
"R514570","R-17-W308-133G-0017-0008","PAKHALE, JAYESH SUDHAKAR & SHRADDHA","11508 HARPSTER BND  AUSTIN, TX 78717","11508 HARPSTER BND, AUSTIN, TX  78717","S10208 - AVERY RANCH FAR WEST PH 3 SEC 3, BLOCK G, Lot 17, ACRES 0.587","L591503E"," ","S10208 - AVERY RANCH FAR WEST PH 3 SEC 3","Real","$627,254","$627,254"
"R514573","R-17-W308-133G-0020-0008","AMARANJIREDDY UDUMULA & MANASA CHAPARAPU TRS UDUMULA FAM REVOC LIV TRUST","11604 HARPSTER BND  AUSTIN, TX 78717","11604 HARPSTER BND, AUSTIN, TX  78717","S10208 - AVERY RANCH FAR WEST PH 3 SEC 3, BLOCK G, Lot 20, ACRES 0.268","L591503E"," ","S10208 - AVERY RANCH FAR WEST PH 3 SEC 3","Real","$501,619","$501,619"
"R514576","R-17-W308-133G-0023-0008","SHELTON, SASCHA RENEE & CHRISTINA","11616 HARPSTER BND  AUSTIN, TX 78717","11616 HARPSTER BND, AUSTIN, TX  78717","S10208 - AVERY RANCH FAR WEST PH 3 SEC 3, BLOCK G, Lot 23, ACRES 0.248","L591503E"," ","S10208 - AVERY RANCH FAR WEST PH 3 SEC 3","Real","$535,051","$535,051"
"R514579","R-17-W308-133G-0026-0008","HAWKINS, AMANDA V & VINCENT J","11704 HARPSTER BND  AUSTIN, TX 78717","11704 HARPSTER BND, AUSTIN, TX  78717","S10208 - AVERY RANCH FAR WEST PH 3 SEC 3, BLOCK G, Lot 26, ACRES 0.22","L591503E"," ","S10208 - AVERY RANCH FAR WEST PH 3 SEC 3","Real","$618,500","$618,500"
"R514584","R-17-W308-134D-0008-0008","STEWART, SEAN MICHAEL & MYCAH JADE HAMILTON","11609 YEADON WAY  AUSTIN, TX 78717-4982","11609 YEADON WAY, AUSTIN, TX  78717","S10209 - AVERY RANCH FAR WEST PH 3 SEC 4, BLOCK D, Lot 8, ACRES 0.156","L591503E"," ","S10209 - AVERY RANCH FAR WEST PH 3 SEC 4","Real","$562,786","$562,786"
"R514587","R-17-W308-134D-0011-0008","SPATIAL HOLDINGS","9741 North Lake Creek Parkway Ste C Box 220 Austin, TX 78717-6214","11621 YEADON WAY, AUSTIN, TX  78717","S10209 - AVERY RANCH FAR WEST PH 3 SEC 4, BLOCK D, Lot 11, ACRES 0.178","L591503E"," ","S10209 - AVERY RANCH FAR WEST PH 3 SEC 4","Real","$471,737","$471,737"
"R514590","R-17-W308-134D-0014-0008","JUPE, JASON & ERIN MURPHY","11633 YEADON WAY  AUSTIN, TX 78717","11633 YEADON WAY, AUSTIN, TX  78717","S10209 - AVERY RANCH FAR WEST PH 3 SEC 4, BLOCK D, Lot 14, ACRES 0.188","L591503E"," ","S10209 - AVERY RANCH FAR WEST PH 3 SEC 4","Real","$593,068","$593,068"
"R514593","R-17-W308-134D-0017-0008","AKKOUH, MOSTAMIA & SALIMA BOUSELLAM","13904 LOLETA WAY  AUSTIN, TX 78717","13904 LOLETA WAY, AUSTIN, TX  78717","S10209 - AVERY RANCH FAR WEST PH 3 SEC 4, BLOCK D, Lot 17, ACRES 0.289","L591503E"," ","S10209 - AVERY RANCH FAR WEST PH 3 SEC 4","Real","$512,380","$512,380"
"R514596","R-17-W308-134D-0020-0008","NIMMAGADDA, VENKATA KRISHNA & NAVYA MALADI","16305 HORSE TRAP LN  AUSTIN, TX 78717-4202","13816 LOLETA WAY, AUSTIN, TX  78717","S10209 - AVERY RANCH FAR WEST PH 3 SEC 4, BLOCK D, Lot 20, ACRES 0.17","L591503E"," ","S10209 - AVERY RANCH FAR WEST PH 3 SEC 4","Real","$456,190","$456,190"
"R514598","R-17-W308-134D-0022-0008","AVERY RANCH OWNERS ASSOCIATION INC","9601 AMBERGLEN BLVD  #STE 150 AUSTIN, TX 78729","13800 LOLETA WAY, AUSTIN, TX  78717","S10209 - AVERY RANCH FAR WEST PH 3 SEC 4, BLOCK D, Lot 22, ACRES 0.59, (OPEN SPACE)","L591503E"," ","S10209 - AVERY RANCH FAR WEST PH 3 SEC 4","Real","$300","$300"
"R514601","R-17-W308-134D-0025-0008","ZHAO, CINDY","13712 LOLETA WAY  AUSTIN, TX 78717","13712 LOLETA WAY, AUSTIN, TX  78717","S10209 - AVERY RANCH FAR WEST PH 3 SEC 4, BLOCK D, Lot 25, ACRES 0.175","L591503E"," ","S10209 - AVERY RANCH FAR WEST PH 3 SEC 4","Real","$524,930","$524,930"
"R514604","R-17-W308-134E-0003-0008","KANNAN, BALRAJ & SHAMA RAM","3938 STANYAN DR ROUND ROCK, TX 78681-2489","11608 YEADON WAY, AUSTIN, TX  78717","S10209 - AVERY RANCH FAR WEST PH 3 SEC 4, BLOCK E, Lot 3, ACRES 0.126","L591503E"," ","S10209 - AVERY RANCH FAR WEST PH 3 SEC 4","Real","$461,158","$461,158"
"R514607","R-17-W308-134E-0006-0008","SINGH, ABHISHEK KUMAR & JAY LAXAMI","11624 YEADON WAY  AUSTIN, TX 78717-4982","11624 YEADON WAY, AUSTIN, TX  78717","S10209 - AVERY RANCH FAR WEST PH 3 SEC 4, BLOCK E, Lot 6, ACRES 0.156","L591503E"," ","S10209 - AVERY RANCH FAR WEST PH 3 SEC 4","Real","$536,290","$536,290"
"R514609","R-17-W308-134E-0008-0008","KASPAR, MONICA ANN","11632 YEADON WAY  AUSTIN, TX 78717","11632 YEADON WAY, AUSTIN, TX  78717","S10209 - AVERY RANCH FAR WEST PH 3 SEC 4, BLOCK E, Lot 8, ACRES 0.178","L591503E"," ","S10209 - AVERY RANCH FAR WEST PH 3 SEC 4","Real","$558,375","$558,375"
"R514610","R-17-W308-134E-0009-0008","KNIEN, KRISTOPHER STORM & ANN E","11625 FAUBIAN LN  AUSTIN, TX 78717","11625 FAUBIAN LN, AUSTIN, TX  78717","S10209 - AVERY RANCH FAR WEST PH 3 SEC 4, BLOCK E, Lot 9, ACRES 0.179","L591503E"," ","S10209 - AVERY RANCH FAR WEST PH 3 SEC 4","Real","$603,322","$603,322"
"R514613","R-17-W308-134E-0012-0008","ZHANG, WEN & JUSTIN Y WEI","13614 CIBOLO TRCE #84 AUSTIN, TX 78717-5395","11613 FAUBIAN LN, AUSTIN, TX  78717","S10209 - AVERY RANCH FAR WEST PH 3 SEC 4, BLOCK E, Lot 12, ACRES 0.14","L591503E"," ","S10209 - AVERY RANCH FAR WEST PH 3 SEC 4","Real","$449,451","$449,451"
"R514616","R-17-W308-134F-0002-0008","SOMANATHAN, PRADEEP & DIVYA KRISHNANKUTTY","11604 FAUBIAN LN  AUSTIN, TX 78717-4981","11604 FAUBIAN LN, AUSTIN, TX  78717","S10209 - AVERY RANCH FAR WEST PH 3 SEC 4, BLOCK F, Lot 2, ACRES 0.153","L591503E"," ","S10209 - AVERY RANCH FAR WEST PH 3 SEC 4","Real","$479,475","$479,475"
"R514618","R-17-W308-134F-0004-0008","MANIAR, CHANDRESH & JAYSHREE CHANDRESH MANIAR","2129 SACO ST LEANDER, TX 78641-6324","11616 FAUBIAN LN, AUSTIN, TX  78717","S10209 - AVERY RANCH FAR WEST PH 3 SEC 4, BLOCK F, Lot 4, ACRES 0.128","L591503E"," ","S10209 - AVERY RANCH FAR WEST PH 3 SEC 4","Real","$603,696","$603,696"
"R514619","R-17-W308-134F-0005-0008","SEGREST, VICTORIA SEGREST & SHEKARCHI","11620 FAUBIAN LN  AUSTIN, TX 78717","11620 FAUBIAN LN, AUSTIN, TX  78717","S10209 - AVERY RANCH FAR WEST PH 3 SEC 4, BLOCK F, Lot 5, ACRES 0.134","L591503E"," ","S10209 - AVERY RANCH FAR WEST PH 3 SEC 4","Real","$515,317","$515,317"
"R515207","R-17-W308-1000-A011-A008","AVERY RANCH OWNERS ASSOCIATION INC","PO BOX 702348 DALLAS, TX 75370-2348","ELWYN WAY, AUSTIN, TX  78717","S10225 - AVERY RANCH FAR WEST TURKEY HOLLOW TRAIL ADD, BLOCK A, Lot 11, ACRES 0.055, (OPEN SPACE)","L591503E"," ","S10225 - AVERY RANCH FAR WEST TURKEY HOLLOW TRAIL ADD","Real","$300","$300"
"R515209","R-17-W308-1000-C101-0008","RAPOPORT, KENNETH","13912 TURKEY HOLLOW TRL  AUSTIN, TX 78717","13912 TURKEY HOLLOW TRL, AUSTIN, TX  78717","S10225 - AVERY RANCH FAR WEST TURKEY HOLLOW TRAIL ADD, BLOCK C, Lot 101, ACRES 0.199","L591503E"," ","S10225 - AVERY RANCH FAR WEST TURKEY HOLLOW TRAIL ADD","Real","$461,022","$461,022"
"R515212","R-17-W308-1000-G001-A008","AVERY RANCH OWNERS ASSOCIATION INC","PO BOX 702348 DALLAS, TX 75370-2348","ELWYN WAY, AUSTIN, TX  78717","S10225 - AVERY RANCH FAR WEST TURKEY HOLLOW TRAIL ADD, BLOCK G, Lot 1A, ACRES 0.53, (OPEN SPACE)","L591503E"," ","S10225 - AVERY RANCH FAR WEST TURKEY HOLLOW TRAIL ADD","Real","$300","$300"
"R525044","R-17-W308-135H-0004","KRILOFF, RYAN Q & JODY R","11617 SANTA ELENA LN  AUSTIN, TX 78717","11617 SANTA ELENA LN, AUSTIN, TX  78717","S10513 - AVERY RANCH FAR WEST PH 3 SEC 5, BLOCK H, Lot 4","L591503E"," ","S10513 - AVERY RANCH FAR WEST PH 3 SEC 5","Real","$669,243","$669,243"
"R525047","R-17-W308-135H-0007","PACITTI, STACIE L & ASHOK R PERERA","11601 SANTA ELENA LN  AUSTIN, TX 78717","11601 SANTA ELENA LN, AUSTIN, TX  78717","S10513 - AVERY RANCH FAR WEST PH 3 SEC 5, BLOCK H, Lot 7","L591503E"," ","S10513 - AVERY RANCH FAR WEST PH 3 SEC 5","Real","$646,888","$646,888"
"R525050","R-17-W308-135H-0010","TRAN, MINH H & KIM B NGUYEN","421 S PASTORIA AVE SUNNYVALE, CA 94086-7567","11608 SEWICKLEY CT, AUSTIN, TX  78717","S10513 - AVERY RANCH FAR WEST PH 3 SEC 5, BLOCK H, Lot 10","L591503E"," ","S10513 - AVERY RANCH FAR WEST PH 3 SEC 5","Real","$500,025","$500,025"
"R525053","R-17-W308-135H-0016","HOCKADAY, SCOTT M & MARJORY C","11617 SEWICKLEY CT  AUSTIN, TX 78717","11617 SEWICKLEY CT, AUSTIN, TX  78717","S10994 - AVERY RANCH FAR WEST PH 3 SEC 5 & 5-A (AMD), BLOCK H, Lot 16A","L591503E"," ","S10994 - AVERY RANCH FAR WEST PH 3 SEC 5 & 5-A (AMD)","Real","$629,124","$629,124"
"R525056","R-17-W308-135H-0019","MCDERMOTT, ELIZABETH A & BRIAN P","11605 SEWICKLEY CT  AUSTIN, TX 78717","11605 SEWICKLEY CT, AUSTIN, TX  78717","S10513 - AVERY RANCH FAR WEST PH 3 SEC 5, BLOCK H, Lot 19","L591503E"," ","S10513 - AVERY RANCH FAR WEST PH 3 SEC 5","Real","$656,338","$656,338"
"R525059","R-17-W308-135M-0011","VARMA, PRABIN PUTHIYA KOVILAKAM & AISHWARYA R","11416 READING WAY  AUSTIN, TX 78717","11416 READING WAY, AUSTIN, TX  78717","S10513 - AVERY RANCH FAR WEST PH 3 SEC 5, BLOCK M, Lot 11","L591503E"," ","S10513 - AVERY RANCH FAR WEST PH 3 SEC 5","Real","$630,943","$630,943"
"R525061","R-17-W308-135M-0013","MCDONALD, ANDREW &  LACY","11500 READING WAY  AUSTIN, TX 78717","11500 READING WAY, AUSTIN, TX  78717","S10513 - AVERY RANCH FAR WEST PH 3 SEC 5, BLOCK M, Lot 13","L591503E"," ","S10513 - AVERY RANCH FAR WEST PH 3 SEC 5","Real","$578,754","$578,754"
"R525064","R-17-W308-135M-0016","PACITTI, JAMES A & DOROTHY","11512 READING WAY  AUSTIN, TX 78717-5082","11512 READING WAY, AUSTIN, TX  78717","S10513 - AVERY RANCH FAR WEST PH 3 SEC 5, BLOCK M, Lot 16","L591503E"," ","S10513 - AVERY RANCH FAR WEST PH 3 SEC 5","Real","$625,851","$625,851"
"R525067","R-17-W308-135M-0019","RAGSDALE, FRANK B","11524 READING WAY  AUSTIN, TX 78717-5082","11524 READING WAY, AUSTIN, TX  78717","S10513 - AVERY RANCH FAR WEST PH 3 SEC 5, BLOCK M, Lot 19","L591503E"," ","S10513 - AVERY RANCH FAR WEST PH 3 SEC 5","Real","$620,970","$620,970"
"R525070","R-17-W308-135M-0022","SOPHY, ANWAR & SALLIE B","11604 SANTA ELENA LN  AUSTIN, TX 78717","11604 SANTA ELENA LN, AUSTIN, TX  78717","S10513 - AVERY RANCH FAR WEST PH 3 SEC 5, BLOCK M, Lot 22","L591503E"," ","S10513 - AVERY RANCH FAR WEST PH 3 SEC 5","Real","$683,772","$683,772"
"R525073","R-17-W308-135M-0025","TILLEMAN, MATTHEW J","11616 SANTA ELENA LN  AUSTIN, TX 78717","11616 SANTA ELENA LN, AUSTIN, TX  78717","S10513 - AVERY RANCH FAR WEST PH 3 SEC 5, BLOCK M, Lot 25","L591503E"," ","S10513 - AVERY RANCH FAR WEST PH 3 SEC 5","Real","$656,404","$656,404"
"R525076","R-17-W308-135M-0032","AVERY RANCH OWNERS ASSOCIATION INC","9601 AMBERGLEN BLVD  #STE 150 AUSTIN, TX 78729","SANTA ELENA LN, AUSTIN, TX  78717","S10513 - AVERY RANCH FAR WEST PH 3 SEC 5, BLOCK M, Lot 32, ACRES 8.86, (DRAINAGE EASEMENT)","L591503E"," ","S10513 - AVERY RANCH FAR WEST PH 3 SEC 5","Real","$2,658","$2,658"
"R525338","R-17-W308-135A-H003","SAMPATH, SUDARSHAN &  YASHASWINI V KUMAR","11701 SANTA ELENA  LN  AUSTIN, TX 78717","11701 SANTA ELENA LN, AUSTIN, TX  78717","S10514 - AVERY RANCH FAR WEST PH 3 SEC 5-A, BLOCK H, Lot 3","L591503E"," ","S10514 - AVERY RANCH FAR WEST PH 3 SEC 5-A","Real","$653,482","$653,482"
"R525341","R-17-W308-135A-H015","MINICK, MARK A & KIMBERLY","11621 SEWICKLEY CT  AUSTIN, TX 78717","11621 SEWICKLEY CT, AUSTIN, TX  78717","S10994 - AVERY RANCH FAR WEST PH 3 SEC 5 & 5-A (AMD), BLOCK H, Lot 15A","L591503E"," ","S10994 - AVERY RANCH FAR WEST PH 3 SEC 5 & 5-A (AMD)","Real","$721,044","$721,044"
"R525344","R-17-W308-135A-M030","ANDERSON, ELIDA RODRIGUEZ","11708 SANTA ELENA LN  AUSTIN, TX 78717-5078","11708 SANTA ELENA LN, AUSTIN, TX  78717","S10514 - AVERY RANCH FAR WEST PH 3 SEC 5-A, BLOCK M, Lot 30","L591503E"," ","S10514 - AVERY RANCH FAR WEST PH 3 SEC 5-A","Real","$523,772","$523,772"
"R533099","R-17-W308-136A-H025","AHMED, APORAJITA","10901 CANTON JACK RD  AUSTIN, TX 78717","11616 READING CT, AUSTIN, TX  78717","S10758 - AVERY RANCH FAR WEST PH 3 SEC 6-A, BLOCK H, Lot 25","L591503E"," ","S10758 - AVERY RANCH FAR WEST PH 3 SEC 6-A","Real","$575,981","$575,981"
"R533101","R-17-W308-136A-H027","TRYER, ROBERT N","11624 READING CT  AUSTIN, TX 78717","11624 READING CT, AUSTIN, TX  78717","S10758 - AVERY RANCH FAR WEST PH 3 SEC 6-A, BLOCK H, Lot 27","L591503E"," ","S10758 - AVERY RANCH FAR WEST PH 3 SEC 6-A","Real","$563,083","$563,083"
"R533343","R-17-W308-136H-0022","FAROOQ, MOHAMMED","11604 READING CT  AUSTIN, TX 78717-5083","11604 READING CT, AUSTIN, TX  78717","S10765 - AVERY RANCH FAR WEST PH 3 SEC 6, BLOCK H, Lot 22","L591503E"," ","S10765 - AVERY RANCH FAR WEST PH 3 SEC 6","Real","$474,131","$474,131"
"R533346","R-17-W308-136H-0029","CONTINENTAL HOMES OF TEXAS LP (DBA DR HORTON)","10700 PECAN PARK BLVD FOURTH FLOOR #400 AUSTIN, TX 78750-1227","READING CT, AUSTIN, TX  78717","S10765 - AVERY RANCH FAR WEST PH 3 SEC 6, BLOCK H, Lot 29, (DEL17 TO R533102)","L591503E"," ","S10765 - AVERY RANCH FAR WEST PH 3 SEC 6","Real","$24,200","$24,200"
"R533349","R-17-W308-136H-0032","RAMESH, VARUN & MADHURI M KAGINELE","11605 READING CT  AUSTIN, TX 78717","11605 READING CT, AUSTIN, TX  78717","S10765 - AVERY RANCH FAR WEST PH 3 SEC 6, BLOCK H, Lot 32","L591503E"," ","S10765 - AVERY RANCH FAR WEST PH 3 SEC 6","Real","$596,628","$596,628"
"R533352","R-17-W308-136H-0035","SERVIDIO, JUDD & CAROLINA","11309 READING WAY  AUSTIN, TX 78717","11309 READING WAY, AUSTIN, TX  78717","S10765 - AVERY RANCH FAR WEST PH 3 SEC 6, BLOCK H, Lot 35","L591503E"," ","S10765 - AVERY RANCH FAR WEST PH 3 SEC 6","Real","$569,228","$569,228"
"R533355","R-17-W308-136J-0001","ZALAZNIK, SCOTT J","12101 HARPSTER BND  AUSTIN, TX 78717","12101 HARPSTER BND, AUSTIN, TX  78717","S10765 - AVERY RANCH FAR WEST PH 3 SEC 6, BLOCK J, Lot 1","L591503E"," ","S10765 - AVERY RANCH FAR WEST PH 3 SEC 6","Real","$511,450","$511,450"
"R533357","R-17-W308-136J-0003","DE SOUSA FREITAS KLEBER GIACOMAZZI & DEBORA ALEIXO FAVARINI GIACOMAZZI","12109 HARPSTER BND  AUSTIN, TX 78717-5084","12109 HARPSTER BND, AUSTIN, TX  78717","S10765 - AVERY RANCH FAR WEST PH 3 SEC 6, BLOCK J, Lot 3","L591503E"," ","S10765 - AVERY RANCH FAR WEST PH 3 SEC 6","Real","$504,031","$504,031"
"R533358","R-17-W308-136J-0004","VIVEK KUMAR & NEETI SHARMA CO-TRS OF THE VKNS FAMILY REVOCABLE TRUST","12113 HARPSTER BND  AUSTIN, TX 78717-5084","12113 HARPSTER BND, AUSTIN, TX  78717","S10765 - AVERY RANCH FAR WEST PH 3 SEC 6, BLOCK J, Lot 4","L591503E"," ","S10765 - AVERY RANCH FAR WEST PH 3 SEC 6","Real","$586,191","$586,191"
"R533360","R-17-W308-136J-0006","RACHABATTHULA, VENKATA DURGA PRASAD","12121 HARPSTER BND  AUSTIN, TX 78717","12121 HARPSTER BND, AUSTIN, TX  78717","S10765 - AVERY RANCH FAR WEST PH 3 SEC 6, BLOCK J, Lot 6","L591503E"," ","S10765 - AVERY RANCH FAR WEST PH 3 SEC 6","Real","$592,403","$592,403"
"R533363","R-17-W308-136M-0003","11316 READING A PROTECTED SERIES OF VAN INVESTMENT GROUP LLC","2504 TERLINGUA DR  CEDAR PARK, TX 78613","11316 READING WAY, AUSTIN, TX  78717","S10765 - AVERY RANCH FAR WEST PH 3 SEC 6, BLOCK M, Lot 3","L591503E"," ","S10765 - AVERY RANCH FAR WEST PH 3 SEC 6","Real","$483,403","$483,403"
"R533366","R-17-W308-136M-0006","NAFEES, MOHAMMAD RAGHIB & NAZIA HODA","11328 READING WAY  AUSTIN, TX 78717-5080","11328 READING WAY, AUSTIN, TX  78717","S10765 - AVERY RANCH FAR WEST PH 3 SEC 6, BLOCK M, Lot 6","L591503E"," ","S10765 - AVERY RANCH FAR WEST PH 3 SEC 6","Real","$666,080","$666,080"
"R533369","R-17-W308-136M-0009","CANIZALES, EDGAR & SILVIA CAROLINA VILLALBA","11408 READING WAY  AUSTIN, TX 78717","11408 READING WAY, AUSTIN, TX  78717","S10765 - AVERY RANCH FAR WEST PH 3 SEC 6, BLOCK M, Lot 9","L591503E"," ","S10765 - AVERY RANCH FAR WEST PH 3 SEC 6","Real","$662,664","$662,664"
"R538399","R-17-W308-137A-H042","SHAH, BHUMI & MAYUR KENIA","12225 WICKLINE WAY  AUSTIN, TX 78717","12225 WICKLINE WAY, AUSTIN, TX  78717","S10888 - AVERY RANCH FAR WEST PH 3 SEC 7-A, BLOCK H, Lot 42","L591503E"," ","S10888 - AVERY RANCH FAR WEST PH 3 SEC 7-A","Real","$519,851","$519,851"
"R538402","R-17-W308-137A-H045","STACIE LI SU WEI TR OF THE STACIE LI SU WEI REVOCABLE LIVING TRUST","12217 WICKLINE WAY  AUSTIN, TX 78717-5094","12217 WICKLINE WAY, AUSTIN, TX  78717","S10888 - AVERY RANCH FAR WEST PH 3 SEC 7-A, BLOCK H, Lot 45","L591503E"," ","S10888 - AVERY RANCH FAR WEST PH 3 SEC 7-A","Real","$503,510","$503,510"
"R538405","R-17-W308-137A-H048","DEL GIUDICE, LAURA A & NELSON T ANDRADE","12211 WICKLINE WAY  AUSTIN, TX 78717","12211 WICKLINE WAY, AUSTIN, TX  78717","S10888 - AVERY RANCH FAR WEST PH 3 SEC 7-A, BLOCK H, Lot 48","L591503E"," ","S10888 - AVERY RANCH FAR WEST PH 3 SEC 7-A","Real","$583,578","$583,578"
"R538407","R-17-W308-137A-H050","AMINTA SUSANA JIMENEZ TR THE AMINTA SUSANA JIMENEZ REVOCABLE LIVING TRUST","12205  WICKLINE WAY  AUSTIN, TX 78717","12205 WICKLINE WAY, AUSTIN, TX  78717","S10888 - AVERY RANCH FAR WEST PH 3 SEC 7-A, BLOCK H, Lot 50","L591503E"," ","S10888 - AVERY RANCH FAR WEST PH 3 SEC 7-A","Real","$477,278","$477,278"
"R538408","R-17-W308-137A-H051","TODD, KELLY","12201 WICKLINE WAY  AUSTIN, TX 78717","12201 WICKLINE WAY, AUSTIN, TX  78717","S10888 - AVERY RANCH FAR WEST PH 3 SEC 7-A, BLOCK H, Lot 51","L591503E"," ","S10888 - AVERY RANCH FAR WEST PH 3 SEC 7-A","Real","$474,605","$474,605"
"R538411","R-17-W308-137H-0040","CONTINENTAL HOMES OF TEXAS LP (DBA DR HORTON)","10700 PECAN PARK BLVD FOURTH FLOOR #400 AUSTIN, TX 78750-1227","HARPSTER BND, AUSTIN, TX  78717","S10895 - AVERY RANCH FAR WEST PH 3 SEC 7, BLOCK H, Lot 40, & (S10888) AVERY RANCH FAR WEST PH 3 SEC 7-A, BLK H, LT 41","L591503E"," ","S10895 - AVERY RANCH FAR WEST PH 3 SEC 7","Real","$24,280","$24,280"
"R538414","R-17-W308-137H-0054","VALLURI, MADHAVI & VIVEKANANDA VEDULA","9605 INDINA HILLS DR  AUSTIN, TX 78717-3878","12121 WICKLINE WAY, AUSTIN, TX  78717","S10895 - AVERY RANCH FAR WEST PH 3 SEC 7, BLOCK H, Lot 54","L591503E"," ","S10895 - AVERY RANCH FAR WEST PH 3 SEC 7","Real","$431,145","$431,145"
"R538417","R-17-W308-137H-0057","YOON, HONGSUK & JI HYE PARK","4560 MEADOW RIDGE DR  PLANO, TX 75093","12109 WICKLINE WAY, AUSTIN, TX  78717","S10895 - AVERY RANCH FAR WEST PH 3 SEC 7, BLOCK H, Lot 57","L591503E"," ","S10895 - AVERY RANCH FAR WEST PH 3 SEC 7","Real","$443,766","$443,766"
"R538419","R-17-W308-137H-0059","RAO, SHAILAJA & MURALI","15404 BELFIN DR AUSTIN, TX 78717-3852","12101 WICKLINE WAY, AUSTIN, TX  78717","S10895 - AVERY RANCH FAR WEST PH 3 SEC 7, BLOCK H, Lot 59","L591503E"," ","S10895 - AVERY RANCH FAR WEST PH 3 SEC 7","Real","$460,552","$460,552"
"R538420","R-17-W308-137H-0059A","AVERY RANCH OWNERS ASSOCIATION INC","PO BOX 702348 DALLAS, TX 75370-2348","13330 AVERY RANCH BLVD, AUSTIN, TX  78717","S10895 - AVERY RANCH FAR WEST PH 3 SEC 7, BLOCK H, Lot 59A, ACRES 0.73, (DRAINAGE)","L591503E"," ","S10895 - AVERY RANCH FAR WEST PH 3 SEC 7","Real","$300","$300"
"R538423","R-17-W308-137H-0062","IYER, SATHYANARAYANAN & INDUMATHI THIYAGARAJAN","2343 MAGNOLIA BRIDGE DR  SAN RAMON, CA 94582-2510","12001 WICKLINE WAY, AUSTIN, TX  78717","S10895 - AVERY RANCH FAR WEST PH 3 SEC 7, BLOCK H, Lot 62","L591503E"," ","S10895 - AVERY RANCH FAR WEST PH 3 SEC 7","Real","$572,782","$572,782"
"R538425","R-17-W308-137H-0064","VISHWANATHAN, THOOPAL VIDYA","12004 WICKLINE WAY  AUSTIN, TX 78717","12004 WICKLINE WAY, AUSTIN, TX  78717","S10895 - AVERY RANCH FAR WEST PH 3 SEC 7, BLOCK H, Lot 64","L591503E"," ","S10895 - AVERY RANCH FAR WEST PH 3 SEC 7","Real","$476,947","$476,947"
"R538426","R-17-W308-137H-0065","NAGARAJAN, ADITHYA","2395 MAGNOLIA BRIDGE DR SAN RAMON, CA 94582-2510","12008 WICKLINE WAY, AUSTIN, TX  78717","S10895 - AVERY RANCH FAR WEST PH 3 SEC 7, BLOCK H, Lot 65","L591503E"," ","S10895 - AVERY RANCH FAR WEST PH 3 SEC 7","Real","$564,473","$564,473"
"R538428","R-17-W308-137H-0067","MADUREIRA, STEVE E & LEISEL S","12016 WICKLINE WAY  AUSTIN, TX 78717","12016 WICKLINE WAY, AUSTIN, TX  78717","S10895 - AVERY RANCH FAR WEST PH 3 SEC 7, BLOCK H, Lot 67","L591503E"," ","S10895 - AVERY RANCH FAR WEST PH 3 SEC 7","Real","$483,757","$483,757"
"R538431","R-17-W308-137H-0070","MOGHADAM, MAHDI HEIDARI","12009 HARPSTER BND  AUSTIN, TX 78717","12009 HARPSTER BND, AUSTIN, TX  78717","S10895 - AVERY RANCH FAR WEST PH 3 SEC 7, BLOCK H, Lot 70","L591503E"," ","S10895 - AVERY RANCH FAR WEST PH 3 SEC 7","Real","$560,971","$560,971"
"R538434","R-17-W308-137H-0073","TANYA JONES & SHANNON JONES TRS JONES LIVING TRUST","11913 HARPSTER BND  AUSTIN, TX 78717-5090","11913 HARPSTER BND, AUSTIN, TX  78717","S10895 - AVERY RANCH FAR WEST PH 3 SEC 7, BLOCK H, Lot 73","L591503E"," ","S10895 - AVERY RANCH FAR WEST PH 3 SEC 7","Real","$569,228","$569,228"
"R538437","R-17-W308-137H-0076","KANCHERLA, HYMAVATHI & BRAHMANAMDAM GANGINENI","11901 HARPSTER BND  AUSTIN, TX 78717","11901 HARPSTER BND, AUSTIN, TX  78717","S10895 - AVERY RANCH FAR WEST PH 3 SEC 7, BLOCK H, Lot 76","L591503E"," ","S10895 - AVERY RANCH FAR WEST PH 3 SEC 7","Real","$601,905","$601,905"
"R538440","R-17-W308-137H-0079","BHATT, APURV & DHARABEN","56 GOODE ST RICHMOND HILL, ON CANADA L4S 2S2","11805 HARPSTER BND, AUSTIN, TX  78717","S10895 - AVERY RANCH FAR WEST PH 3 SEC 7, BLOCK H, Lot 79","L591503E"," ","S10895 - AVERY RANCH FAR WEST PH 3 SEC 7","Real","$476,947","$476,947"
"R538443","R-17-W308-137J-0007","LU, LI & MINXIA DING","12125 HARPSTER BND  AUSTIN, TX 78717-5084","12125 HARPSTER BND, AUSTIN, TX  78717","S10895 - AVERY RANCH FAR WEST PH 3 SEC 7, BLOCK J, Lot 7","L591503E"," ","S10895 - AVERY RANCH FAR WEST PH 3 SEC 7","Real","$503,510","$503,510"
"R538446","R-17-W308-137J-0010","SARMA, MANJIMA EDATHIL NARAYANA & KOUSHIK KUNDU","12124 WICKLINE WAY  AUSTIN, TX 78717","12124 WICKLINE WAY, AUSTIN, TX  78717","S10895 - AVERY RANCH FAR WEST PH 3 SEC 7, BLOCK J, Lot 10","L591503E"," ","S10895 - AVERY RANCH FAR WEST PH 3 SEC 7","Real","$592,403","$592,403"
"R538448","R-17-W308-137J-0012","SAVLA, ROMIL N","12116 WICKLINE WAY  AUSTIN, TX 78717","12116 WICKLINE WAY, AUSTIN, TX  78717","S10895 - AVERY RANCH FAR WEST PH 3 SEC 7, BLOCK J, Lot 12","L591503E"," ","S10895 - AVERY RANCH FAR WEST PH 3 SEC 7","Real","$592,168","$592,168"
"R538451","R-17-W308-137J-0015","JOO, SUNG PIL & EUN HYE JANG","12104 WICKLINE WAY  AUSTIN, TX 78717","12104 WICKLINE WAY, AUSTIN, TX  78717","S10895 - AVERY RANCH FAR WEST PH 3 SEC 7, BLOCK J, Lot 15","L591503E"," ","S10895 - AVERY RANCH FAR WEST PH 3 SEC 7","Real","$466,685","$466,685"
"R545057","R-17-W308-137A-H040A","GUNHALKAR, ABHAY K & AAKANKSHA","12132 HARPSTER BND  AUSTIN, TX 78717","12132 HARPSTER BND, AUSTIN, TX  78717","S11058 - AVERY RANCH FAR WEST PH3 SEC7&7-A(BLK H LT40&41 AMD, BLOCK H, Lot 40A, ACRES 0.295","L591503E"," ","S11058 - AVERY RANCH FAR WEST PH3 SEC7&7-A(BLK H LT40&41 AMD","Real","$560,971","$560,971"
"R545071","R-17-W308-136A-H029A","LI, XIAO","11617 READING CT  AUSTIN, TX 78717","11617 READING CT, AUSTIN, TX  78717","S11059 - AVERY RANCH FAR WEST PH3 SEC6&6-A(BLK H LT29&28 AMD, BLOCK H, Lot 29A, ACRES 0.231","L591503E"," ","S11059 - AVERY RANCH FAR WEST PH3 SEC6&6-A(BLK H LT29&28 AMD","Real","$471,007","$471,007"
