"PROPERTY ID","ACCOUNT","OWNER NAME","OWNER ADDRESS","SITUS ADDRESS","LEGAL DESCRIPTION","NEIGHBORHOOD CODE","ABSTRACT","SUBDIVISION","PROPERTY TYPE","2026 ASSESSED VALUE","2026 MARKET VALUE"
"R411539","R-16-3016-000A-0011","NANAVATI, RUPAL BINOY & BINOY MANOJ","10220 MEDINAH GREENS DR  AUSTIN, TX 78717","10220 MEDINAH GREENS DR, AUSTIN, TX  78717","S7746 - Avery Morrison Sub, BLOCK A, Lot 11","R250501D"," ","S7746 - Avery Morrison Sub","Real","$885,187","$885,187"
"R411586","R-16-3016-000B-0022","GRIFFITH DAVID LEE &","LINDA JEAN GRIFFITH 10205 KIAWAH ISLAND CV AUSTIN, TX 78717-3811","10205 KIAWAH ISLAND CV, AUSTIN, TX  78717","S7746 - Avery Morrison Sub, BLOCK B, Lot 22","R250501D"," ","S7746 - Avery Morrison Sub","Real","$766,152","$766,152"
"R411616","R-16-3016-000D-0011","JAIN, AMIT","16212 DOUBLE EAGLE DR  AUSTIN, TX 78717","16212 DOUBLE EAGLE DR, AUSTIN, TX  78717","S7746 - Avery Morrison Sub, BLOCK D, Lot 11","R250501D"," ","S7746 - Avery Morrison Sub","Real","$741,812","$741,812"
"R411642","R-16-3016-000F-0008","SAMPATH, ARCHANA (TOD) & PRASANNA KANNAN (TOD)","16005 DOUBLE EAGLE DR  AUSTIN, TX 78717-3814","16005 DOUBLE EAGLE DR, AUSTIN, TX  78717","S7746 - Avery Morrison Sub, BLOCK F, Lot 8","R250501D"," ","S7746 - Avery Morrison Sub","Real","$898,048","$898,048"
"R453846","R-16-3063-000C-0019","PAREKH, SHEILA S & NISHEETH V","2304 CADES SPIRIT BND  BEE CAVE, TX 78738-5581","9804 INDINA HILLS DR, AUSTIN, TX  78717","S8520 - AVERY RANCH EAST PH 2 SEC 2, BLOCK C, Lot 19","R250501D"," ","S8520 - AVERY RANCH EAST PH 2 SEC 2","Real","$705,191","$705,191"
"R453898","R-16-3062-000D-0010","SHAFIGHI, TOMMY K","16305 ALMADEN DR  AUSTIN, TX 78717-3889","16305 ALMADEN DR, AUSTIN, TX  78717","S8519 - AVERY RANCH EAST PH 2 SEC 1, BLOCK D, Lot 10","R250501D"," ","S8519 - AVERY RANCH EAST PH 2 SEC 1","Real","$627,150","$627,150"
"R453907","R-16-3062-000E-0007","MONTEILH, DUANE J & LAURA L","16221 WYNSTONE LN  AUSTIN, TX 78717","16221 WYNSTONE LN, AUSTIN, TX  78717","S8519 - AVERY RANCH EAST PH 2 SEC 1, BLOCK E, Lot 7","R250501D"," ","S8519 - AVERY RANCH EAST PH 2 SEC 1","Real","$848,531","$848,531"
"R453909","R-16-3062-000E-0009","SUN, SHAO KANG & CHUEN IU","16301 WYNSTONE LN AUSTIN, TX 78717-3891","16301 WYNSTONE LN, AUSTIN, TX  78717","S8519 - AVERY RANCH EAST PH 2 SEC 1, BLOCK E, Lot 9","R250501D"," ","S8519 - AVERY RANCH EAST PH 2 SEC 1","Real","$750,139","$750,139"
"R453910","R-16-3062-000E-0010","CAMPBELL, JENNIFER N & R WYLIE","16305 WYNSTONE LN  AUSTIN, TX 78717","16305 WYNSTONE LN, AUSTIN, TX  78717","S8519 - AVERY RANCH EAST PH 2 SEC 1, BLOCK E, Lot 10","R250501D"," ","S8519 - AVERY RANCH EAST PH 2 SEC 1","Real","$765,995","$765,995"
"R453932","R-16-3062-000F-0020","HALLIGAN, DENNIS M & SHIRLEY L","16300 WYNSTONE LN  AUSTIN, TX 78717","16300 WYNSTONE LN, AUSTIN, TX  78717","S8519 - AVERY RANCH EAST PH 2 SEC 1, BLOCK F, Lot 20","R250501D"," ","S8519 - AVERY RANCH EAST PH 2 SEC 1","Real","$629,137","$629,137"
"R466971","R-16-3064-000B-0083","DARYANI, SANTOSH & LATIKA GIANCHANDANI","7912 BIG WIND WAY AUSTIN, TX 78724-3348","10009 LISI ANNE DR, AUSTIN, TX  78717","S8802 - AVERY RANCH EAST PH 2 SEC 3, BLOCK B, Lot 83","R250501D"," ","S8802 - AVERY RANCH EAST PH 2 SEC 3","Real","$721,775","$721,775"
"R467040","R-16-3065-000H-0002","THORNTON, KATHLEEN L","16428 BROADBAY DR AUSTIN, TX 78717-4004","16428 BROADBAY DR, AUSTIN, TX  78717","S8808 - AVERY RANCH EAST PH 2 SEC 4, BLOCK H, Lot 2","R250501D"," ","S8808 - AVERY RANCH EAST PH 2 SEC 4","Real","$673,516","$673,516"
"R467050","R-16-3065-000J-0001","IYER, GANESH RAMANATHAN & MINAL GIRISH DHAROD","16412 BROADBAY DR  AUSTIN, TX 78717","16412 BROADBAY DR, AUSTIN, TX  78717","S8808 - AVERY RANCH EAST PH 2 SEC 4, BLOCK J, Lot 1","R250501D"," ","S8808 - AVERY RANCH EAST PH 2 SEC 4","Real","$771,003","$771,003"
"R467079","R-16-3066-000B-0023","HOUSE 3733366 LLC","16437 ALONG CREEK CV  AUSTIN, TX 78717-3991","16437 ALONG CREEK CV, AUSTIN, TX  78717","S8800 - AVERY RANCH EAST PH 2 SEC 5, BLOCK B, Lot 23","R250501D"," ","S8800 - AVERY RANCH EAST PH 2 SEC 5","Real","$905,308","$905,308"
"R467089","R-16-3066-000B-0033","GUIZZETTI, SIMONA & LUCA SPELGATTI","16412 ALONG CREEK CV  AUSTIN, TX 78717-3991","16412 ALONG CREEK CV, AUSTIN, TX  78717","S8800 - AVERY RANCH EAST PH 2 SEC 5, BLOCK B, Lot 33","R250501D"," ","S8800 - AVERY RANCH EAST PH 2 SEC 5","Real","$800,798","$800,798"
"R467106","R-16-3066-000B-0050","CLYDE TRUST","10028 PALMBROOK DR AUSTIN, TX 78717","10028 PALMBROOK DR, AUSTIN, TX  78717","S8800 - AVERY RANCH EAST PH 2 SEC 5, BLOCK B, Lot 50","R250501D"," ","S8800 - AVERY RANCH EAST PH 2 SEC 5","Real","$719,109","$719,109"
"R467126","R-16-3066-000J-0010","STEPHEN O BROYLES AND MARTHA A BROYLES AS TRUSTEES OF THE BROYLES LIVING TRUST","10021 PALMBROOK DR  AUSTIN, TX 78717","10021 PALMBROOK DR, AUSTIN, TX  78717","S8800 - AVERY RANCH EAST PH 2 SEC 5, BLOCK J, Lot 10","R250501D"," ","S8800 - AVERY RANCH EAST PH 2 SEC 5","Real","$855,107","$855,107"
"R467128","R-16-3066-000J-0012","CHEN, JULIAN & JENNIFER S","10029 PALMBROOK DR AUSTIN, TX 78717-3994","10029 PALMBROOK DR, AUSTIN, TX  78717","S8800 - AVERY RANCH EAST PH 2 SEC 5, BLOCK J, Lot 12","R250501D"," ","S8800 - AVERY RANCH EAST PH 2 SEC 5","Real","$731,810","$731,810"
"R411551","R-16-3016-000A-0023","DORF, DAVID & WENDY","10512 MEDINAH GREENS DR  AUSTIN, TX 78717","10512 MEDINAH GREENS DR, AUSTIN, TX  78717","S7746 - Avery Morrison Sub, BLOCK A, Lot 23","R250501D"," ","S7746 - Avery Morrison Sub","Real","$930,276","$930,276"
"R411593","R-16-3016-000C-0005","KYLE, SHANE M & CARA P","15900 KIAWAH ISLAND DR  AUSTIN, TX 78717","15900 KIAWAH ISLAND DR, AUSTIN, TX  78717","S7746 - Avery Morrison Sub, BLOCK C, Lot 5","R250501D"," ","S7746 - Avery Morrison Sub","Real","$863,386","$863,386"
"R411606","R-16-3016-000D-0001","AVERY RANCH OWNERS ASSOC INC","PO BOX 702348 DALLAS, TX 75370-2348","10409 MEDINAH GREENS DR, AUSTIN, TX  78717","S7746 - Avery Morrison Sub, BLOCK D, Lot 1, (OPEN SPACE)","R250501D"," ","S7746 - Avery Morrison Sub","Real","$300","$300"
"R411638","R-16-3016-000F-0004","JOSHI, SAURABH & SONIYA","15913 DOUBLE EAGLE DR  AUSTIN, TX 78717","15913 DOUBLE EAGLE DR, AUSTIN, TX  78717","AVERY MORRISON SUB, BLOCK F, LOT 4","R250501D"," ","S7746 - Avery Morrison Sub","Real","$669,865","$669,865"
"R411639","R-16-3016-000F-0005","SEALY, SHARON KAY TR OF S K SEALY REVOC TRUST","15917 DOUBLE EAGLE DR  AUSTIN, TX 78717","15917 DOUBLE EAGLE DR, AUSTIN, TX  78717","S7746 - Avery Morrison Sub, BLOCK F, Lot 5","R250501D"," ","S7746 - Avery Morrison Sub","Real","$652,519","$652,519"
"R411862","R-16-3020-000A-0030","AVERY RANCH OWNERS ASSOC INC","PO BOX 702348 DALLAS, TX 75370-2348","16305 CASTLETROY DR, AUSTIN, TX  78717","S7676 - Avery Ranch East Ph 1, BLOCK A, Lot 30, ACRES 0.13, (DRAINAGE EASEMENT)","R250501D"," ","S7676 - Avery Ranch East Ph 1","Real","$300","$300"
"R411958","R-16-3020-000B-0035","AVERY RANCH OWNERS ASSOC INC","PO BOX 702348 DALLAS, TX 75370-2348","MEYRICK PARK TRL, AUSTIN, TX  78717","S7676 - Avery Ranch East Ph 1, BLOCK B, Lot 35, ACRES 0.002, (ACCESS EASEMENT)","R250501D"," ","S7676 - Avery Ranch East Ph 1","Real","$300","$300"
"R412105","R-16-3020-000F-0006","AVERY RANCH OWNERS ASSOC INC","PO BOX 702348 DALLAS, TX 75370-2348","9600 BILLINGHAM TRL, AUSTIN, TX  78717","S7676 - Avery Ranch East Ph 1, BLOCK F, Lot 6, ACRES 1.42, (PARK, AMENITIES)","R250501D"," ","S7676 - Avery Ranch East Ph 1","Real","$22,830","$22,830"
"R431316","R-16-3027-000F-0019","ABDUL, ANIS MOHAMED (TOD) & REJESHWARY TAYADE (TOD)","16209 DOUBLE EAGLE DR  AUSTIN, TX 78717","16209 DOUBLE EAGLE DR, AUSTIN, TX  78717","S8140 - Golf Club At Avery Ranch, Avery Morrison Blk A&f And, BLOCK F, Lot 19","R250501D"," ","S8140 - Golf Club At Avery Ranch, Avery Morrison Blk A&f And","Real","$893,468","$893,468"
"R453825","R-16-3063-000B-0005","YARRAMSETTY, NAGA VENKATA","2209 NOVARA TRL LEANDER, TX 78641-5397","9508 INDINA HILLS DR, AUSTIN, TX  78717","S8671 - AVERY RANCH EAST PH 2 SEC 2 (REPLAT LT 4&5 BLK B), BLOCK B, Lot 5","R250501D"," ","S8671 - AVERY RANCH EAST PH 2 SEC 2 (REPLAT LT 4&5 BLK B)","Real","$767,511","$767,511"
"R453838","R-16-3063-000C-0008","PATRICK, MARIA EDWIN MARIA & JEYANTHI LAZER","16217 FINCASTLE DR  AUSTIN, TX 78717","16217 FINCASTLE DR, AUSTIN, TX  78717","S8520 - AVERY RANCH EAST PH 2 SEC 2, BLOCK C, Lot 8","R250501D"," ","S8520 - AVERY RANCH EAST PH 2 SEC 2","Real","$938,989","$938,989"
"R453865","R-16-3063-000F-0001","ENGLAND, CARRIE & TODD","5404 CANYON OAKS DR  LAGO VISTA, TX 78645","16200 WYNSTONE LN, AUSTIN, TX  78717","S8520 - AVERY RANCH EAST PH 2 SEC 2, BLOCK F, Lot 1","R250501D"," ","S8520 - AVERY RANCH EAST PH 2 SEC 2","Real","$827,720","$827,720"
"R453894","R-16-3062-000D-0006","BRUCE, BRIAN JOSEPH & MICHELLE JOYCE","16217 ALMADEN DR  AUSTIN, TX 78717","16217 ALMADEN DR, AUSTIN, TX  78717","S8519 - AVERY RANCH EAST PH 2 SEC 1, BLOCK D, Lot 6","R250501D"," ","S8519 - AVERY RANCH EAST PH 2 SEC 1","Real","$827,635","$827,635"
"R453896","R-16-3062-000D-0008","RUIZ, ARMANDO & JACALYN L DUCHARME","16225 ALMADEN DR AUSTIN, TX 78717-3888","16225 ALMADEN DR, AUSTIN, TX  78717","S8519 - AVERY RANCH EAST PH 2 SEC 1, BLOCK D, Lot 8","R250501D"," ","S8519 - AVERY RANCH EAST PH 2 SEC 1","Real","$677,944","$677,944"
"R466882","R-16-3067-000A-0002","DESAI, NIRAV S & SALONI KIRANKUMAR SHAH","9812 PALMBROOK DR  AUSTIN, TX 78717","9812 PALMBROOK DR, AUSTIN, TX  78717","S8863 - AVERY RANCH EAST PARKSIDE, BLOCK A, Lot 2","R250501D"," ","S8863 - AVERY RANCH EAST PARKSIDE","Real","$956,379","$956,379"
"R466981","R-16-3064-000G-0014","PRAHALAD, RAMARAO & SHRUTHI BERIKAI","16513 BROADBAY DR AUSTIN, TX 78717-4002","16513 BROADBAY DR, AUSTIN, TX  78717","S8802 - AVERY RANCH EAST PH 2 SEC 3, BLOCK G, Lot 14","R250501D"," ","S8802 - AVERY RANCH EAST PH 2 SEC 3","Real","$768,256","$768,256"
"R466985","R-16-3064-000G-0018","HAMILTON, PATRICK & PRABHA PATRICK","9908 LISI ANNE DR  AUSTIN, TX 78717","9908 LISI ANNE DR, AUSTIN, TX  78717","S8802 - AVERY RANCH EAST PH 2 SEC 3, BLOCK G, Lot 18","R250501D"," ","S8802 - AVERY RANCH EAST PH 2 SEC 3","Real","$761,244","$761,244"
"R467019","R-16-3065-000F-0010","DU, KUNHUA & SHUO WU","16305 OLD BALDY DR AUSTIN, TX 78717-4001","16305 OLD BALDY DR, AUSTIN, TX  78717","S8808 - AVERY RANCH EAST PH 2 SEC 4, BLOCK F, Lot 10","R250501D"," ","S8808 - AVERY RANCH EAST PH 2 SEC 4","Real","$834,854","$834,854"
"R467060","R-16-3065-000J-0028","GRAUPENSPERGER, JOSEPH V & VERONICA RIVERA","9716 RIAS  WAY  AUSTIN, TX 78717","9716 RIAS WAY, AUSTIN, TX  78717","S8808 - AVERY RANCH EAST PH 2 SEC 4, BLOCK J, Lot 28","R250501D"," ","S8808 - AVERY RANCH EAST PH 2 SEC 4","Real","$742,201","$742,201"
"R467068","R-16-3066-000B-0012","POHANI, RAJESH K","9904 PALMBROOK DR  AUSTIN, TX 78717","9904 PALMBROOK DR, AUSTIN, TX  78717","S8800 - AVERY RANCH EAST PH 2 SEC 5, BLOCK B, Lot 12","R250501D"," ","S8800 - AVERY RANCH EAST PH 2 SEC 5","Real","$877,855","$877,855"
"R467084","R-16-3066-000B-0028","WONG, KIT HO & VALERIE W TSUI","16417 ALONG CREEK CV  AUSTIN, TX 78717","16417 ALONG CREEK CV, AUSTIN, TX  78717","S8800 - AVERY RANCH EAST PH 2 SEC 5, BLOCK B, Lot 28","R250501D"," ","S8800 - AVERY RANCH EAST PH 2 SEC 5","Real","$819,467","$819,467"
"R467087","R-16-3066-000B-0031","DEVELOPERS OF AVERY RANCH LTD & CONTINENTAL HOMES OF TEXAS LP","c/o ALLIANCE ASSOC MGT INC 2300 GREENHILL DR STE 1010 ROUND ROCK, TX 78664-2801","16404 ALONG CREEK CV, AUSTIN, TX  78717","S8800 - AVERY RANCH EAST PH 2 SEC 5, BLOCK B, Lot 31 pt, ACRES 7.632, (OPEN SPACE)","R250501D"," ","S8800 - AVERY RANCH EAST PH 2 SEC 5","Real","$2,290","$2,290"
"R467123","R-16-3066-000J-0007","Unknown","Unknown","10009 PALMBROOK DR, AUSTIN, TX  78717","S8800 - AVERY RANCH EAST PH 2 SEC 5, BLOCK J, Lot 7","R250501D"," ","S8800 - AVERY RANCH EAST PH 2 SEC 5","Real","$853,407","$853,407"
"R411574","R-16-3016-000B-0010","ANDREA J DEEBS TRUSTEE OF THE DEEBS FAMILY TRUST","15900 DOUBLE EAGLE DR  AUSTIN, TX 78717","15900 DOUBLE EAGLE DR, AUSTIN, TX  78717","S7746 - Avery Morrison Sub, BLOCK B, Lot 10","R250501D"," ","S7746 - Avery Morrison Sub","Real","$866,064","$866,064"
"R411867","R-16-3020-000A-0035","AVERY RANCH OWNERS ASSOC INC","PO BOX 702348 DALLAS, TX 75370-2348","QUEENS PARK CV, AUSTIN, TX  78717","S7676 - Avery Ranch East Ph 1, BLOCK A, Lot 35, ACRES 0.01, (ACCESS EASEMENT)","R250501D"," ","S7676 - Avery Ranch East Ph 1","Real","$300","$300"
"R411934","R-16-3020-000B-0011","AVERY RANCH OWNERS ASSOC INC","PO BOX 702348 DALLAS, TX 75370-2348","MEYRICK PARK TRL, AUSTIN, TX  78717","S7676 - Avery Ranch East Ph 1, BLOCK B, Lot 11, ACRES 0.05, (ACCESS EASEMENT)","R250501D"," ","S7676 - Avery Ranch East Ph 1","Real","$300","$300"
"R431320","R-16-3027-000F-0023","GONZALEZ, CHRISTOPHER MICHAEL & ELIZABETH A","16309 DOUBLE EAGLE DR  AUSTIN, TX 78717","16309 DOUBLE EAGLE DR, AUSTIN, TX  78717","S8140 - Golf Club At Avery Ranch, Avery Morrison Blk A&f And, BLOCK F, Lot 23","R250501D"," ","S8140 - Golf Club At Avery Ranch, Avery Morrison Blk A&f And","Real","$980,427","$980,427"
"R453797","R-16-3063-000A-0003","SANJAY MIJAR & RAMYA NAIK TRS MIJAR NAIK FAMILY TRUST","16101 INDINA HILLS CV  AUSTIN, TX 78717-3880","16101 INDINA HILLS CV, AUSTIN, TX  78717","S8520 - AVERY RANCH EAST PH 2 SEC 2, BLOCK A, Lot 3","R250501D"," ","S8520 - AVERY RANCH EAST PH 2 SEC 2","Real","$696,373","$696,373"
"R453816","R-16-3063-000A-0022","GALLEGOS, MANUEL & LORENA J","9713 INDINA HILLS DR  AUSTIN, TX 78717","9713 INDINA HILLS DR, AUSTIN, TX  78717","S8520 - AVERY RANCH EAST PH 2 SEC 2, BLOCK A, Lot 22","R250501D"," ","S8520 - AVERY RANCH EAST PH 2 SEC 2","Real","$892,947","$892,947"
"R453822","R-16-3063-000B-0002","AVERY RANCH OWNERS ASSOC INC","PO BOX 702348 DALLAS, TX 75370-2348","16020 AVERY RANCH BLVD, AUSTIN, TX  78717","S8520 - AVERY RANCH EAST PH 2 SEC 2, BLOCK B, Lot 2, ACRES 3.05, (OPEN SPACE)","R250501D"," ","S8520 - AVERY RANCH EAST PH 2 SEC 2","Real","$915","$915"
"R453862","R-16-3063-000E-0001","GOFORTH, BRENDA L","9701 PALMBROOK DR  AUSTIN, TX 78717","9701 PALMBROOK DR, AUSTIN, TX  78717","S8520 - AVERY RANCH EAST PH 2 SEC 2, BLOCK E, Lot 1","R250501D"," ","S8520 - AVERY RANCH EAST PH 2 SEC 2","Real","$748,414","$748,414"
"R453901","R-16-3062-000D-0013","PRABHU, PANDURANGA & VIDYA","9608 LISI ANNE DR  AUSTIN, TX 78717-3884","9608 LISI ANNE DR, AUSTIN, TX  78717","S8519 - AVERY RANCH EAST PH 2 SEC 1, BLOCK D, Lot 13","R250501D"," ","S8519 - AVERY RANCH EAST PH 2 SEC 1","Real","$837,571","$837,571"
"R453930","R-16-3062-000F-0018","DEELMAN, THOMAS & SHIRLEY A TR OF THE DEELMAN THOMAS & SHIRLEY LIVING TRUST","16308 WYNSTONE LN AUSTIN, TX 78717","16308 WYNSTONE LN, AUSTIN, TX  78717","S8519 - AVERY RANCH EAST PH 2 SEC 1, BLOCK F, Lot 18","R250501D"," ","S8519 - AVERY RANCH EAST PH 2 SEC 1","Real","$757,419","$757,419"
"R454321","R-16-3029-000A-0010","AHMED, ISHRAQ M & RUBINA F","9508 PALMBROOK DR AUSTIN, TX 78717-3894","9508 PALMBROOK DR, AUSTIN, TX  78717","GOLF CLUB@AVERY RNCH,AVERY MORRISON & AVERY ESTS (RESUB), BLOCK A, Lot 10","R250501D"," ","S8596 - GOLF CLUB@AVERY RNCH,AVERY MORRISON & AVERY ESTS (R","Real","$1,085,475","$1,085,475"
"R454331","R-16-3029-000A-0020","LIVINGSTON, RANDELL W JR & WANDA","9800 PALMBROOK DR  AUSTIN, TX 78717","9800 PALMBROOK DR, AUSTIN, TX  78717","GOLF CLUB@AVERY RNCH,AVERY MORRISON & AVERY ESTS (RESUB), BLOCK A, Lot 20","R250501D"," ","S8596 - GOLF CLUB@AVERY RNCH,AVERY MORRISON & AVERY ESTS (R","Real","$1,153,915","$1,153,915"
"R466974","R-16-3064-000B-0086","REIS, CHRISTINE ELIZABETH TRUSTEE OF THE CE REIS LIVING TRUST","9921 LISI ANNE DR  AUSTIN, TX 78717","9921 LISI ANNE DR, AUSTIN, TX  78717","S8802 - AVERY RANCH EAST PH 2 SEC 3, BLOCK B, Lot 86","R250501D"," ","S8802 - AVERY RANCH EAST PH 2 SEC 3","Real","$684,192","$684,192"
"R467018","R-16-3065-000F-0009","FENG, RUI & DISI SUN","16301 OLD BALDY DR  AUSTIN, TX 78717","16301 OLD BALDY DR, AUSTIN, TX  78717","S8808 - AVERY RANCH EAST PH 2 SEC 4, BLOCK F, Lot 9","R250501D"," ","S8808 - AVERY RANCH EAST PH 2 SEC 4","Real","$777,945","$777,945"
"R411546","R-16-3016-000A-0018","GEDELA, NEERAJA","10400 MEDINAH GREENS DR  AUSTIN, TX 78717","10400 MEDINAH GREENS DR, AUSTIN, TX  78717","S7746 - Avery Morrison Sub, BLOCK A, Lot 18","R250501D"," ","S7746 - Avery Morrison Sub","Real","$895,626","$895,626"
"R411547","R-16-3016-000A-0019","SCHNEIDER DAVID J &","PATRICIA J SCHNEIDER 10404 MEDINAH GREENS DR AUSTIN, TX 78717-3802","10404 MEDINAH GREENS DR, AUSTIN, TX  78717","S7746 - Avery Morrison Sub, BLOCK A, Lot 19","R250501D"," ","S7746 - Avery Morrison Sub","Real","$789,179","$789,179"
"R411575","R-16-3016-000B-0011","SURI, SIDDHARTH & RUCHIKA KOTWAL","15904 DOUBLE EAGLE DR  AUSTIN, TX 78717","15904 DOUBLE EAGLE DR, AUSTIN, TX  78717","S7746 - Avery Morrison Sub, BLOCK B, Lot 11","R250501D"," ","S7746 - Avery Morrison Sub","Real","$711,833","$711,833"
"R411610","R-16-3016-000D-0005","POWELL, STEPHEN & COURTNEY","15808 ESTENCIA REY DR  AUSTIN, TX 78717","15808 ESTENCIA REY DR, AUSTIN, TX  78717","S7746 - Avery Morrison Sub, BLOCK D, Lot 5","R250501D"," ","S7746 - Avery Morrison Sub","Real","$773,017","$773,017"
"R431315","R-16-3027-000F-0018","THIKKAVARAPU, SUDHARMA & HARITHA","16205 DOUBLE EAGLE DR  AUSTIN, TX 78717","16205 DOUBLE EAGLE DR, AUSTIN, TX  78717","S8140 - Golf Club At Avery Ranch, Avery Morrison Blk A&f And, BLOCK F, Lot 18","R250501D"," ","S8140 - Golf Club At Avery Ranch, Avery Morrison Blk A&f And","Real","$1,012,612","$1,012,612"
"R467004","R-16-3064-000H-0030","MERRITT L JR & MARTHA A PRATT CO TRS MERRITT & MARTHA PRATT REVOCABLE TRUST","9716 BROADBAY CV  AUSTIN, TX 78717-4003","9716 BROADBAY CV, AUSTIN, TX  78717","S8802 - AVERY RANCH EAST PH 2 SEC 3, BLOCK H, Lot 30","R250501D"," ","S8802 - AVERY RANCH EAST PH 2 SEC 3","Real","$633,687","$633,687"
"R467025","R-16-3065-000G-0007","BASSI, TANIA A G & EVANDRO J P BORRACINI","16421 BROADBAY DR  AUSTIN, TX 78717","16421 BROADBAY DR, AUSTIN, TX  78717","S8808 - AVERY RANCH EAST PH 2 SEC 4, BLOCK G, Lot 7","R250501D"," ","S8808 - AVERY RANCH EAST PH 2 SEC 4","Real","$761,045","$761,045"
"R467028","R-16-3065-000G-0020","TABOADA, JORGE & MARTY","16312 OLD BALDY DR  AUSTIN, TX 78717","16312 OLD BALDY DR, AUSTIN, TX  78717","S8808 - AVERY RANCH EAST PH 2 SEC 4, BLOCK G, Lot 20","R250501D"," ","S8808 - AVERY RANCH EAST PH 2 SEC 4","Real","$786,672","$786,672"
"R467103","R-16-3066-000B-0047","HARKREADER, ROBERT C & NICOLE M","10016 PALMBROOK DR  AUSTIN, TX 78717","10016 PALMBROOK DR, AUSTIN, TX  78717","S8800 - AVERY RANCH EAST PH 2 SEC 5, BLOCK B, Lot 47","R250501D"," ","S8800 - AVERY RANCH EAST PH 2 SEC 5","Real","$803,953","$803,953"
"R453826","R-16-3063-000B-0006","BRANNIGAN, MICHAEL JOSEPH & CAROL MEACH","9512 INDINA HILLS DR  AUSTIN, TX 78717","9512 INDINA HILLS DR, AUSTIN, TX  78717","S8520 - AVERY RANCH EAST PH 2 SEC 2, BLOCK B, Lot 6","R250501D"," ","S8520 - AVERY RANCH EAST PH 2 SEC 2","Real","$824,043","$824,043"
"R453827","R-16-3063-000B-0007","THOMAS, LANDON & KAELA","9516 INDINA HILLS DR  AUSTIN, TX 78717-3877","9516 INDINA HILLS DR, AUSTIN, TX  78717","S8520 - AVERY RANCH EAST PH 2 SEC 2, BLOCK B, Lot 7","R250501D"," ","S8520 - AVERY RANCH EAST PH 2 SEC 2","Real","$966,039","$966,039"
"R453856","R-16-3063-000D-0018","LI, FANG","6204 LOST CREEK CIR AUSTIN, TX 78746-6135","16304 FINCASTLE DR, AUSTIN, TX  78717","S8520 - AVERY RANCH EAST PH 2 SEC 2, BLOCK D, Lot 18","R250501D"," ","S8520 - AVERY RANCH EAST PH 2 SEC 2","Real","$830,495","$830,495"
"R453866","R-16-3062-000A-0029","JAYAKUMARAN SIVAGNANAME & BHAVANI JAYAKUMARAN CO TRUSTEES THE LIGHT SOUND LIVIN","10008 LAVON BND AUSTIN, TX 78717","9424 LISI ANNE DR, AUSTIN, TX  78717","S8519 - AVERY RANCH EAST PH 2 SEC 1, BLOCK A, Lot 29","R250501D"," ","S8519 - AVERY RANCH EAST PH 2 SEC 1","Real","$753,333","$753,333"
"R453938","R-16-3062-000F-0026","HOGGARD, KELLY K","16208 WYNSTONE LN  AUSTIN, TX 78717-3890","16208 WYNSTONE LN, AUSTIN, TX  78717","S8519 - AVERY RANCH EAST PH 2 SEC 1, BLOCK F, Lot 26","R250501D"," ","S8519 - AVERY RANCH EAST PH 2 SEC 1","Real","$893,961","$893,961"
"R411571","R-16-3016-000B-0007","WANG, ZHENNAN & YUANHUA QU","15804 DOUBLE EAGLE DR  AUSTIN, TX 78717","15804 DOUBLE EAGLE DR, AUSTIN, TX  78717","S7746 - Avery Morrison Sub, BLOCK B, Lot 7","R250501D"," ","S7746 - Avery Morrison Sub","Real","$845,399","$845,399"
"R411572","R-16-3016-000B-0008","NAIR, ANOOP GOPINATHAN & INDULEKHA","15808 DOUBLE EAGLE DR  AUSTIN, TX 78717","15808 DOUBLE EAGLE DR, AUSTIN, TX  78717","S7746 - Avery Morrison Sub, BLOCK B, Lot 8","R250501D"," ","S7746 - Avery Morrison Sub","Real","$869,021","$869,021"
"R411580","R-16-3016-000B-0016","PATRASCU, ADRIAN A & YUMI","16008 DOUBLE EAGLE DR  AUSTIN, TX 78717","16008 DOUBLE EAGLE DR, AUSTIN, TX  78717","S7746 - Avery Morrison Sub, BLOCK B, Lot 16","R250501D"," ","S7746 - Avery Morrison Sub","Real","$840,367","$840,367"
"R411623","R-16-3016-000E-0003","SETHURAMAN, RADHAKRISHNAN (TOD) & SASIKALA R (TOD)","15808 ROYAL ASHDOWN DR  AUSTIN, TX 78717","15808 ROYAL ASHDOWN DR, AUSTIN, TX  78717","S7746 - Avery Morrison Sub, BLOCK E, Lot 3","R250501D"," ","S7746 - Avery Morrison Sub","Real","$742,957","$742,957"
"R411648","R-16-3016-000F-0014","STICKNEY, EDWIN H & MAYUMI S","16105 DOUBLE EAGLE DR AUSTIN, TX 78717-3815","16105 DOUBLE EAGLE DR, AUSTIN, TX  78717","S7746 - Avery Morrison Sub, BLOCK F, Lot 14","R250501D"," ","S7746 - Avery Morrison Sub","Real","$896,545","$896,545"
"R431309","R-16-3027-000A-0031","ECKERT, DEL EUGENE","10604 MEDINAH GREENS DR  AUSTIN, TX 78717","10604 MEDINAH GREENS DR, AUSTIN, TX  78717","S8140 - Golf Club At Avery Ranch, Avery Morrison Blk A&f And, BLOCK A, Lot 31","R250501D"," ","S8140 - Golf Club At Avery Ranch, Avery Morrison Blk A&f And","Real","$844,543","$844,543"
"R431314","R-16-3027-000F-0017","WATSON MICHAEL & DAREN WILSON","16201 DOUBLE EAGLE DR  AUSTIN, TX 78717","16201 DOUBLE EAGLE DR, AUSTIN, TX  78717","S8140 - Golf Club At Avery Ranch, Avery Morrison Blk A&f And, BLOCK F, Lot 17","R250501D"," ","S8140 - Golf Club At Avery Ranch, Avery Morrison Blk A&f And","Real","$888,022","$888,022"
"R466886","R-16-3067-000A-0006","SHAFIGHI, TOMMY & PARISA JALILI","9828 PALMBROOK DR  AUSTIN, TX 78717-3893","9828 PALMBROOK DR, AUSTIN, TX  78717","S8863 - AVERY RANCH EAST PARKSIDE, BLOCK A, Lot 6","R250501D"," ","S8863 - AVERY RANCH EAST PARKSIDE","Real","$783,467","$783,467"
"R466889","R-16-3067-000A-0003A","DEVELOPERS OF AVERY RANCH LTD","Attn: ROBERT D WUNSCH 4314 W BRAKER LN  #STE 250 AUSTIN, TX 78759","PALMBROOK DR, AUSTIN, TX  78717","S8863 - AVERY RANCH EAST PARKSIDE, BLOCK A, Lot 3/PT, {R466883/CAU}, (DEL06)","R250501D"," ","S8863 - AVERY RANCH EAST PARKSIDE","Real","$19,500","$19,500"
"R466968","R-16-3064-000B-0080","JOHNSON, LINDA G","10021 LISI ANNE DR  AUSTIN, TX 78717","10021 LISI ANNE DR, AUSTIN, TX  78717","S8802 - AVERY RANCH EAST PH 2 SEC 3, BLOCK B, Lot 80","R250501D"," ","S8802 - AVERY RANCH EAST PH 2 SEC 3","Real","$675,005","$675,005"
"R466983","R-16-3064-000G-0016","RAMACHANDRAN, MANIKANDAN & RATHI KANNAN","16521 BROADBAY DR  AUSTIN, TX 78717","16521 BROADBAY DR, AUSTIN, TX  78717","S8802 - AVERY RANCH EAST PH 2 SEC 3, BLOCK G, Lot 16","R250501D"," ","S8802 - AVERY RANCH EAST PH 2 SEC 3","Real","$783,245","$783,245"
"R467030","R-16-3065-000G-0022","AMBERLEE MARSH & BENNETT MARSH TRS MARSH FAMILY TRUST","16304 OLD BALDY DR  AUSTIN, TX 78717","16304 OLD BALDY DR, AUSTIN, TX  78717","S8808 - AVERY RANCH EAST PH 2 SEC 4, BLOCK G, Lot 22","R250501D"," ","S8808 - AVERY RANCH EAST PH 2 SEC 4","Real","$751,396","$751,396"
"R467032","R-16-3065-000G-0024","ZHU, ZHENG & LILIANA CHING-YIN LIU","16232 OLD BALDY DR  AUSTIN, TX 78717-4000","16232 OLD BALDY DR, AUSTIN, TX  78717","S8808 - AVERY RANCH EAST PH 2 SEC 4, BLOCK G, Lot 24","R250501D"," ","S8808 - AVERY RANCH EAST PH 2 SEC 4","Real","$660,185","$660,185"
"R467037","R-16-3065-000G-0029","MACINA, LAURIE","16212 OLD BALDY DR  AUSTIN, TX 78717","16212 OLD BALDY DR, AUSTIN, TX  78717","S8808 - AVERY RANCH EAST PH 2 SEC 4, BLOCK G, Lot 29","R250501D"," ","S8808 - AVERY RANCH EAST PH 2 SEC 4","Real","$859,270","$859,270"
"R467049","R-16-3065-000H-0011","PETERSON, ERIC RUSSELL & JOYCE AI VEE","4005 BRADY RIDGE DR  CEDAR PARK, TX 78613-2067","9817 RIAS WAY, AUSTIN, TX  78717","S8808 - AVERY RANCH EAST PH 2 SEC 4, BLOCK H, Lot 11","R250501D"," ","S8808 - AVERY RANCH EAST PH 2 SEC 4","Real","$741,628","$741,628"
"R467081","R-16-3066-000B-0025","MYRICK, DAVID L & ANNETTE D","16429 ALONG CREEK CV AUSTIN, TX 78717-3991","16429 ALONG CREEK CV, AUSTIN, TX  78717","S8800 - AVERY RANCH EAST PH 2 SEC 5, BLOCK B, Lot 25","R250501D"," ","S8800 - AVERY RANCH EAST PH 2 SEC 5","Real","$794,356","$794,356"
"R467107","R-16-3066-000B-0051","SHAH, DHRUVISH SUDHIRBHAI & RAJAL DHRUVISH","10100 PALMBROOK DR  AUSTIN, TX 78717","10100 PALMBROOK DR, AUSTIN, TX  78717","S8800 - AVERY RANCH EAST PH 2 SEC 5, BLOCK B, Lot 51","R250501D"," ","S8800 - AVERY RANCH EAST PH 2 SEC 5","Real","$899,123","$899,123"
"R453812","R-16-3063-000A-0018","MOORTY, SAINATH M & CHAYA R RAO","9625 INDINA HILLS DR  AUSTIN, TX 78717","9625 INDINA HILLS DR, AUSTIN, TX  78717","S8520 - AVERY RANCH EAST PH 2 SEC 2, BLOCK A, Lot 18","R250501D"," ","S8520 - AVERY RANCH EAST PH 2 SEC 2","Real","$908,043","$908,043"
"R453851","R-16-3063-000D-0001","BROWN, MICHAEL A","9601 PALMBROOK DR AUSTIN, TX 78717-3895","9601 PALMBROOK DR, AUSTIN, TX  78717","S8520 - AVERY RANCH EAST PH 2 SEC 2, BLOCK D, Lot 1","R250501D"," ","S8520 - AVERY RANCH EAST PH 2 SEC 2","Real","$855,187","$855,187"
"R453852","R-16-3063-000D-0002","SUBBIAH, SIVA & MEENAKSHI SIVA","9605 PALM BROOK DR  AUSTIN, TX 78714","9605 PALMBROOK DR, AUSTIN, TX  78717","S8520 - AVERY RANCH EAST PH 2 SEC 2, BLOCK D, Lot 2","R250501D"," ","S8520 - AVERY RANCH EAST PH 2 SEC 2","Real","$806,573","$806,573"
"R453891","R-16-3062-000C-0015","SANGANI, SRINILESH K & DAKSHA KACHALIA","9318 SIMMONS RD  AUSTIN, TX 78759-6226","9500 LISI ANNE DR, AUSTIN, TX  78717","S8519 - AVERY RANCH EAST PH 2 SEC 1, BLOCK C, Lot 15","R250501D"," ","S8519 - AVERY RANCH EAST PH 2 SEC 1","Real","$737,915","$737,915"
"R411541","R-16-3016-000A-0013","PRICE, LEONARD M & GISELLE B","10300 MEDINAH GREENS DR AUSTIN, TX 78717-3801","10300 MEDINAH GREENS DR, AUSTIN, TX  78717","S7746 - Avery Morrison Sub, BLOCK A, Lot 13","R250501D"," ","S7746 - Avery Morrison Sub","Real","$723,213","$723,213"
"R411564","R-16-3016-000A-0036","AVERY RANCH OWNERS ASSOC INC","PO BOX 702348 DALLAS, TX 75370-2348","15800 AVERY RANCH BLVD, AUSTIN, TX  78717","S7746 - Avery Morrison Sub, BLOCK A, Lot 36, ACRES 7.46, (GREENBELT)","R250501D"," ","S7746 - Avery Morrison Sub","Real","$2,238","$2,238"
"R411594","R-16-3016-000C-0006","DARAPANENI, HAZARATHAIAH","15904 KIAWAH ISLAND DR  AUSTIN, TX 78717","15904 KIAWAH ISLAND DR, AUSTIN, TX  78717","S7746 - Avery Morrison Sub, BLOCK C, Lot 6","R250501D"," ","S7746 - Avery Morrison Sub","Real","$821,773","$821,773"
"R411597","R-16-3016-000C-0009","DAWADY, SRIDHAR N & REETA R","16100 DOUBLE EAGLE DR  AUSTIN, TX 78717","16100 DOUBLE EAGLE DR, AUSTIN, TX  78717","S7746 - Avery Morrison Sub, BLOCK C, Lot 9","R250501D"," ","S7746 - Avery Morrison Sub","Real","$722,834","$722,834"
"R411598","R-16-3016-000C-0010","GRANDHI, RAMPRASAD","10500 NICOLET WAY  AUSTIN, TX 78717-4991","16104 DOUBLE EAGLE DR, AUSTIN, TX  78717","S7746 - Avery Morrison Sub, BLOCK C, Lot 10","R250501D"," ","S7746 - Avery Morrison Sub","Real","$701,230","$701,230"
"R411875","R-16-3020-000A-0043","AVERY RANCH OWNERS ASSOC INC","PO BOX 702348 DALLAS, TX 75370-2348","16329 CASTLETROY DR, AUSTIN, TX  78717","S7676 - Avery Ranch East Ph 1, BLOCK A, Lot 43, ACRES 0.26, (DRAINAGE EASEMENT)","R250501D"," ","S7676 - Avery Ranch East Ph 1","Real","$300","$300"
"R412012","R-16-3020-000C-0013","AVERY RANCH OWNERS ASSOC INC","PO BOX 702348 DALLAS, TX 75370-2348","ENNIS TRL, AUSTIN, TX  78717","S7676 - Avery Ranch East Ph 1, BLOCK C, Lot 13, ACRES 0.06, (ACCESS EASEMENT)","R250501D"," ","S7676 - Avery Ranch East Ph 1","Real","$300","$300"
"R466891","R-16-3067-000A-0005A","DEVELOPERS OF AVERY RANCH LTD","Attn: ROBERT D WUNSCH 4314 W BRAKER LN  #STE 250 AUSTIN, TX 78759","PALMBROOK DR, AUSTIN, TX  78717","S8863 - AVERY RANCH EAST PARKSIDE, BLOCK A, Lot 5/PT, {R466885/CAU}, (DEL06)","R250501D"," ","S8863 - AVERY RANCH EAST PARKSIDE","Real","$35,500","$35,500"
"R466978","R-16-3064-000G-0010","ZHENG, BEIKA","16433 BROADBAY DR  AUSTIN, TX 78717-4004","16433 BROADBAY DR, AUSTIN, TX  78717","S8802 - AVERY RANCH EAST PH 2 SEC 3, BLOCK G, Lot 10","R250501D"," ","S8802 - AVERY RANCH EAST PH 2 SEC 3","Real","$766,977","$766,977"
"R466996","R-16-3064-000H-0022","AMANDA E GAUBERT & ZACHARY M GAUBERT CO-TRS OF THE GAUBERT FAMILY TRUST","16512 BROADBAY DR  AUSTIN, TX 78717-4002","16512 BROADBAY DR, AUSTIN, TX  78717","S8802 - AVERY RANCH EAST PH 2 SEC 3, BLOCK H, Lot 22","R250501D"," ","S8802 - AVERY RANCH EAST PH 2 SEC 3","Real","$753,187","$753,187"
"R467039","R-16-3065-000H-0001","PARMAR, SATPALSINH & SNEHABA CHAUHAN","16432 BROADBAY DR  AUSTIN, TX 78717-4004","16432 BROADBAY DR, AUSTIN, TX  78717","S8808 - AVERY RANCH EAST PH 2 SEC 4, BLOCK H, Lot 1","R250501D"," ","S8808 - AVERY RANCH EAST PH 2 SEC 4","Real","$785,017","$785,017"
"R453799","R-16-3063-000A-0005","DUDUKA, MALLIKARJUN & RAJANI VEMULA","16109 INDINA HILLS CV  AUSTIN, TX 78717","16109 INDINA HILLS CV, AUSTIN, TX  78717","S8520 - AVERY RANCH EAST PH 2 SEC 2, BLOCK A, Lot 5","R250501D"," ","S8520 - AVERY RANCH EAST PH 2 SEC 2","Real","$759,579","$759,579"
"R453804","R-16-3063-000A-0010","MARTINEZ, FRANCES M","16104 INDINA HILLS CV  AUSTIN, TX 78717","16104 INDINA HILLS CV, AUSTIN, TX  78717","S8520 - AVERY RANCH EAST PH 2 SEC 2, BLOCK A, Lot 10","R250501D"," ","S8520 - AVERY RANCH EAST PH 2 SEC 2","Real","$726,183","$726,183"
"R453860","R-16-3063-000D-0022","STOFFELS, ALBERT & LAI-NGO KONG","16212 FINCASTLE DR AUSTIN, TX 78717-3896","16212 FINCASTLE DR, AUSTIN, TX  78717","S8520 - AVERY RANCH EAST PH 2 SEC 2, BLOCK D, Lot 22","R250501D"," ","S8520 - AVERY RANCH EAST PH 2 SEC 2","Real","$755,682","$755,682"
"R453935","R-16-3062-000F-0023","SANDEEP KARANDIKAR & PALLAVI PARANJAPE AS CO-TRS OF THE KARANDIKAR LIVING TRUST","608 NOTTELY PL  CARY, NC 27519-7559","16220 WYNSTONE LN, AUSTIN, TX  78717","S8519 - AVERY RANCH EAST PH 2 SEC 1, BLOCK F, Lot 23","R250501D"," ","S8519 - AVERY RANCH EAST PH 2 SEC 1","Real","$660,694","$660,694"
"R454320","R-16-3029-000A-0008","DOCKSER, KENNETH (RS) & DANA (RS)","9500 PALMBROOK DR  AUSTIN, TX 78717","9500 PALMBROOK DR, AUSTIN, TX  78717","S8596 - GOLF CLUB@AVERY RNCH,AVERY MORRISON & AVERY ESTS (R, BLOCK A, Lot 8","R250501D"," ","S8596 - GOLF CLUB@AVERY RNCH,AVERY MORRISON & AVERY ESTS (R","Real","$1,296,610","$1,296,610"
"R454327","R-16-3029-000A-0016","FREUDENBERGER, ALFRED & MICHELLE","9608 PALMBROOK DR AUSTIN, TX 78717-3895","9608 PALMBROOK DR, AUSTIN, TX  78717","GOLF CLUB@AVERY RNCH,AVERY MORRISON & AVERY ESTS (RESUB), BLOCK A, Lot 16","R250501D"," ","S8596 - GOLF CLUB@AVERY RNCH,AVERY MORRISON & AVERY ESTS (R","Real","$923,608","$923,608"
"R411538","R-16-3016-000A-0010","KEOUGH, RYAN & RENEE K","10216 MEDINAH GREENS DR  AUSTIN, TX 78717","10216 MEDINAH GREENS DR, AUSTIN, TX  78717","S7746 - Avery Morrison Sub, BLOCK A, Lot 10","R250501D"," ","S7746 - Avery Morrison Sub","Real","$891,545","$891,545"
"R411589","R-16-3016-000C-0001","GARGA, RAJESH","10309 MEDINAH GREENS DR  AUSTIN, TX 78717","10309 MEDINAH GREENS DR, AUSTIN, TX  78717","S7746 - Avery Morrison Sub, BLOCK C, Lot 1","R250501D"," ","S7746 - Avery Morrison Sub","Real","$842,931","$842,931"
"R411605","R-16-3016-000C-0017","STEWART, JASON","15805 ESTENCIA REY DR AUSTIN, TX 78717-3807","15805 ESTENCIA REY DR, AUSTIN, TX  78717","S7746 - Avery Morrison Sub, BLOCK C, Lot 17","R250501D"," ","S7746 - Avery Morrison Sub","Real","$759,076","$759,076"
"R411631","R-16-3016-000E-0011","CARTER, JOSEPH J","10517 MEDINAH GREENS DR AUSTIN, TX 78717-3803","10517 MEDINAH GREENS DR, AUSTIN, TX  78717","S7746 - Avery Morrison Sub, BLOCK E, Lot 11","R250501D"," ","S7746 - Avery Morrison Sub","Real","$802,661","$802,661"
"R466884","R-16-3067-000A-0004","Unknown","Unknown","9820 PALMBROOK DR, AUSTIN, TX  78717","S8863 - AVERY RANCH EAST PARKSIDE, BLOCK A, Lot 4","R250501D"," ","S8863 - AVERY RANCH EAST PARKSIDE","Real","$936,895","$936,895"
"R466885","R-16-3067-000A-0005","MARLOW, MATTHEW & JENNIFER CLAYMON","9824 PALMBROOK DR  AUSTIN, TX 78717","9824 PALMBROOK DR, AUSTIN, TX  78717","S8863 - AVERY RANCH EAST PARKSIDE, BLOCK A, Lot 5","R250501D"," ","S8863 - AVERY RANCH EAST PARKSIDE","Real","$935,865","$935,865"
"R466964","R-16-3064-000B-0076","MUNISWAMY, SENTHIL KUMAR & JAYASUDHA CHOKKAKULA","10037 LISI ANNE DR  AUSTIN, TX 78717","10037 LISI ANNE DR, AUSTIN, TX  78717","S8802 - AVERY RANCH EAST PH 2 SEC 3, BLOCK B, Lot 76","R250501D"," ","S8802 - AVERY RANCH EAST PH 2 SEC 3","Real","$888,466","$888,466"
"R467027","R-16-3065-000G-0009","MCQUAIN, MICHAEL & SAMANTHA","16429 BROADBAY DR  AUSTIN, TX 78717","16429 BROADBAY DR, AUSTIN, TX  78717","S8808 - AVERY RANCH EAST PH 2 SEC 4, BLOCK G, Lot 9","R250501D"," ","S8808 - AVERY RANCH EAST PH 2 SEC 4","Real","$779,036","$779,036"
"R467072","R-16-3066-000B-0016","SEDENBERG, WILLIAM J & JANE R","16525 ALONG CREEK CV AUSTIN, TX 78717-3992","16525 ALONG CREEK CV, AUSTIN, TX  78717","S8800 - AVERY RANCH EAST PH 2 SEC 5, BLOCK B, Lot 16","R250501D"," ","S8800 - AVERY RANCH EAST PH 2 SEC 5","Real","$790,035","$790,035"
"R467077","R-16-3066-000B-0021","YE, FENG & IRENE LAM","PO BOX 170878 AUSTIN, TX 78717","16505 ALONG CREEK CV, AUSTIN, TX  78717","S8800 - AVERY RANCH EAST PH 2 SEC 5, BLOCK B, Lot 21","R250501D"," ","S8800 - AVERY RANCH EAST PH 2 SEC 5","Real","$989,426","$989,426"
"R467119","R-16-3066-000J-0003","LIU, ERICA & ALLAN HSU","9901 PALMBROOK DR  AUSTIN, TX 78717","9901 PALMBROOK DR, AUSTIN, TX  78717","S8800 - AVERY RANCH EAST PH 2 SEC 5, BLOCK J, Lot 3","R250501D"," ","S8800 - AVERY RANCH EAST PH 2 SEC 5","Real","$661,563","$661,563"
"R453837","R-16-3063-000C-0007","LAU, CALVIN CHING-WAN","16213 FINCASTLE DR  AUSTIN, TX 78717","16213 FINCASTLE DR, AUSTIN, TX  78717","S8520 - AVERY RANCH EAST PH 2 SEC 2, BLOCK C, Lot 7","R250501D"," ","S8520 - AVERY RANCH EAST PH 2 SEC 2","Real","$940,803","$940,803"
"R453871","R-16-3062-000B-0091","BURTON, DANIELLE & YUSUF ULLA","9901 LISI ANNE DR  AUSTIN, TX 78717-3887","9901 LISI ANNE DR, AUSTIN, TX  78717","S8519 - AVERY RANCH EAST PH 2 SEC 1, BLOCK B, Lot 91","R250501D"," ","S8519 - AVERY RANCH EAST PH 2 SEC 1","Real","$724,263","$724,263"
"R453897","R-16-3062-000D-0009","MEHTA, ASHISH & RITU","16224 ALMADEN DR  AUSTIN, TX 78717-3888","16301 ALMADEN DR, AUSTIN, TX  78717","S8519 - AVERY RANCH EAST PH 2 SEC 1, BLOCK D, Lot 9","R250501D"," ","S8519 - AVERY RANCH EAST PH 2 SEC 1","Real","$634,426","$634,426"
"R453906","R-16-3062-000E-0006","MURDOCK, LUCI L & JAMES T","16217 WYNSTONE LN AUSTIN, TX 78717-3890","16217 WYNSTONE LN, AUSTIN, TX  78717","S8519 - AVERY RANCH EAST PH 2 SEC 1, BLOCK E, Lot 6","R250501D"," ","S8519 - AVERY RANCH EAST PH 2 SEC 1","Real","$794,359","$794,359"
"R454324","R-16-3029-000A-0013","BANDARU, VIJAYA & SUDHA GHANTASALA","9520 PALMBROOK DR  AUSTIN, TX 78717","9520 PALMBROOK DR, AUSTIN, TX  78717","GOLF CLUB@AVERY RNCH,AVERY MORRISON & AVERY ESTS (RESUB), BLOCK A, Lot 13","R250501D"," ","S8596 - GOLF CLUB@AVERY RNCH,AVERY MORRISON & AVERY ESTS (R","Real","$1,087,154","$1,087,154"
"R454328","R-16-3029-000A-0017","BAILEY, VICTOR L & TONJA Y","9700 PALMBROOK DR  AUSTIN, TX 78717","9700 PALMBROOK DR, AUSTIN, TX  78717","GOLF CLUB@AVERY RNCH,AVERY MORRISON & AVERY ESTS (RESUB), BLOCK A, Lot 17","R250501D"," ","S8596 - GOLF CLUB@AVERY RNCH,AVERY MORRISON & AVERY ESTS (R","Real","$1,047,882","$1,047,882"
"R411529","R-16-3016-000A-0001","GUJAR, AMIT C & DEEPLAXMI S MALIK","15817 DOUBLE EAGLE DR  AUSTIN, TX 78717","15817 DOUBLE EAGLE DR, AUSTIN, TX  78717","S7746 - Avery Morrison Sub, BLOCK A, Lot 1","R250501D"," ","S7746 - Avery Morrison Sub","Real","$654,844","$654,844"
"R411565","R-16-3016-000B-0001","BASHIRI, MEHRDAD & NIKNAZ","10221 MEDINAH GREENS DR  AUSTIN, TX 78717","10221 MEDINAH GREENS DR, AUSTIN, TX  78717","S7746 - Avery Morrison Sub, BLOCK B, Lot 1","R250501D"," ","S7746 - Avery Morrison Sub","Real","$752,194","$752,194"
"R411567","R-16-3016-000B-0003","KNAPP, KENNETH C & ARLENE C BISHEL-KNAPP","10213 MEDINAH GREENS DR  AUSTIN, TX 78717","10213 MEDINAH GREENS DR, AUSTIN, TX  78717","S7746 - Avery Morrison Sub, BLOCK B, Lot 3","R250501D"," ","S7746 - Avery Morrison Sub","Real","$705,328","$705,328"
"R411608","R-16-3016-000D-0003","GOODMAN, DAVID","10401 MEDINAH GREENS DR  AUSTIN, TX 78717","10401 MEDINAH GREENS DR, AUSTIN, TX  78717","S7746 - Avery Morrison Sub, BLOCK D, Lot 3","R250501D"," ","S7746 - Avery Morrison Sub","Real","$898,960","$898,960"
"R411618","R-16-3016-000D-0013","BUDDENBAUM, ALEXANDER G & XINYUE CHANG","15901 ROYAL ASHDOWN DR  AUSTIN, TX 78717","15901 ROYAL ASHDOWN DR, AUSTIN, TX  78717","S7746 - Avery Morrison Sub, BLOCK D, Lot 13","R250501D"," ","S7746 - Avery Morrison Sub","Real","$628,940","$628,940"
"R411624","R-16-3016-000E-0004","VU QUANG NGUYEN & TINA THU HO CO-TRS OF THE NGUYEN & HO REVOCABLE TRUST","15900 ROYAL ASHDOWN DR  AUSTIN, TX 78717-3806","15900 ROYAL ASHDOWN DR, AUSTIN, TX  78717","S7746 - Avery Morrison Sub, BLOCK E, Lot 4","R250501D"," ","S7746 - Avery Morrison Sub","Real","$663,315","$663,315"
"R411641","R-16-3016-000F-0007","BHAT, MANJUNATH SHRIPAD & DEEPA GANAPATHY HEGDE","16001 DOUBLE EAGLE DR  AUSTIN, TX 78717","16001 DOUBLE EAGLE DR, AUSTIN, TX  78717","S7746 - Avery Morrison Sub, BLOCK F, Lot 7","R250501D"," ","S7746 - Avery Morrison Sub","Real","$871,881","$871,881"
"R411644","R-16-3016-000F-0010","FRIEDMAN, CALIST","16013 DOUBLE EAGLE DR AUSTIN, TX 78717-3814","16013 DOUBLE EAGLE DR, AUSTIN, TX  78717","S7746 - Avery Morrison Sub, BLOCK F, Lot 10","R250501D"," ","S7746 - Avery Morrison Sub","Real","$767,760","$767,760"
"R431304","R-16-3027-000A-0026","GUPTA, DIVYANG & GAYATRI RAMAN","10524 MEDINAH GREENS DR  AUSTIN, TX 78717-3803","10524 MEDINAH GREENS DR, AUSTIN, TX  78717","S8140 - Golf Club At Avery Ranch, Avery Morrison Blk A&f And, BLOCK A, Lot 26","R250501D"," ","S8140 - Golf Club At Avery Ranch, Avery Morrison Blk A&f And","Real","$798,010","$798,010"
"R431312","R-16-3027-000A-0034","TRAN, PHONG T & TRULY N NGUYEN","10616 MEDINAH GREENS DR  AUSTIN, TX 78717","10616 MEDINAH GREENS DR, AUSTIN, TX  78717","S8140 - Golf Club At Avery Ranch, Avery Morrison Blk A&f And, BLOCK A, Lot 34","R250501D"," ","S8140 - Golf Club At Avery Ranch, Avery Morrison Blk A&f And","Real","$972,925","$972,925"
"R453801","R-16-3063-000A-0007","AVERY RANCH OWNERS ASSOCIATION INC","9601 AMBERGLEN BLVD  #STE 150 AUSTIN, TX 78729","INDINA HILLS CV, AUSTIN, TX  78717","S8520 - AVERY RANCH EAST PH 2 SEC 2, BLOCK A, Lot 7, ACRES 0.04, (LANDSCAPE)","R250501D"," ","S8520 - AVERY RANCH EAST PH 2 SEC 2","Real","$300","$300"
"R453805","R-16-3063-000A-0011","GRIFFIN, CRAIG S & REBECCA E","16100 INDINA HILLS CV  AUSTIN, TX 78717","16100 INDINA HILLS CV, AUSTIN, TX  78717","S8520 - AVERY RANCH EAST PH 2 SEC 2, BLOCK A, Lot 11","R250501D"," ","S8520 - AVERY RANCH EAST PH 2 SEC 2","Real","$891,430","$891,430"
"R453848","R-16-3063-000C-0021","KISTLER, MICHAEL & KAREN E","9716 INDINA HILLS DR AUSTIN, TX 78717-3879","9716 INDINA HILLS DR, AUSTIN, TX  78717","S8520 - AVERY RANCH EAST PH 2 SEC 2, BLOCK C, Lot 21","R250501D"," ","S8520 - AVERY RANCH EAST PH 2 SEC 2","Real","$853,539","$853,539"
"R453855","R-16-3063-000D-0017","TALREJA, GAUTAM A & ASHA","16308 FINCASTLE DR  AUSTIN, TX 78717","16308 FINCASTLE DR, AUSTIN, TX  78717","S8520 - AVERY RANCH EAST PH 2 SEC 2, BLOCK D, Lot 17","R250501D"," ","S8520 - AVERY RANCH EAST PH 2 SEC 2","Real","$854,551","$854,551"
"R453903","R-16-3062-000D-0015","HUANG CHUNG-YUAN & HSIAO-CHING K HUANG","8306 ALVIN HIGH LN  AUSTIN, TX 78729-3768","9600 LISI ANNE DR, AUSTIN, TX  78717","S8519 - AVERY RANCH EAST PH 2 SEC 1, BLOCK D, Lot 15","R250501D"," ","S8519 - AVERY RANCH EAST PH 2 SEC 1","Real","$666,452","$666,452"
"R454315","R-16-3029-000A-0003","CARTER, JEREMY JOHN & CAMI","9612 INDINA HILLS DR  AUSTIN, TX 78717-3878","9612 INDINA HILLS DR, AUSTIN, TX  78717","GOLF CLUB@AVERY RNCH,AVERY MORRISON & AVERY ESTS (RESUB), BLOCK A, Lot 3","R250501D"," ","S8596 - GOLF CLUB@AVERY RNCH,AVERY MORRISON & AVERY ESTS (R","Real","$1,106,883","$1,106,883"
"R466961","R-16-3064-000B-0073","WU, KAILIN & JIE ZHENG","10105 LISI ANNE DR  AUSTIN, TX 78717","10105 LISI ANNE DR, AUSTIN, TX  78717","S8802 - AVERY RANCH EAST PH 2 SEC 3, BLOCK B, Lot 73","R250501D"," ","S8802 - AVERY RANCH EAST PH 2 SEC 3","Real","$799,220","$799,220"
"R466984","R-16-3064-000G-0017","AGARWAL, SNEHA & ASHISH","16525 BROADBAY DR  AUSTIN, TX 78717-4002","16525 BROADBAY DR, AUSTIN, TX  78717","S8802 - AVERY RANCH EAST PH 2 SEC 3, BLOCK G, Lot 17","R250501D"," ","S8802 - AVERY RANCH EAST PH 2 SEC 3","Real","$860,547","$860,547"
"R467013","R-16-3065-000F-0004","JANG, YOUNGWAN & EUNA RYU","16213 OLD BALDY DR  AUSTIN, TX 78717","16213 OLD BALDY DR, AUSTIN, TX  78717","S8808 - AVERY RANCH EAST PH 2 SEC 4, BLOCK F, Lot 4","R250501D"," ","S8808 - AVERY RANCH EAST PH 2 SEC 4","Real","$756,755","$756,755"
"R467021","R-16-3065-000F-0012","PINERO, GERALD & ANN","16313 OLD BALDY DR AUSTIN, TX 78717-4001","16313 OLD BALDY DR, AUSTIN, TX  78717","S8808 - AVERY RANCH EAST PH 2 SEC 4, BLOCK F, Lot 12","R250501D"," ","S8808 - AVERY RANCH EAST PH 2 SEC 4","Real","$675,983","$675,983"
"R467057","R-16-3065-000J-0025","SINGARAVELU, CHANDILVEL & MANJULA HARIHARADOSS","9800 RIAS WAY  AUSTIN, TX 78717","9800 RIAS WAY, AUSTIN, TX  78717","S8808 - AVERY RANCH EAST PH 2 SEC 4, BLOCK J, Lot 25","R250501D"," ","S8808 - AVERY RANCH EAST PH 2 SEC 4","Real","$763,531","$763,531"
"R467061","R-16-3065-000J-0029","RAJ, STANLEY & DELFINA ALEXANDER","9712 RIAS WAY  AUSTIN, TX 78717","9712 RIAS WAY, AUSTIN, TX  78717","S8808 - AVERY RANCH EAST PH 2 SEC 4, BLOCK J, Lot 29","R250501D"," ","S8808 - AVERY RANCH EAST PH 2 SEC 4","Real","$815,796","$815,796"
"R467069","R-16-3066-000B-0013","EVANS, R SCOTT & STACY L","9908 PALMBROOK DR AUSTIN, TX 78717-3993","9908 PALMBROOK DR, AUSTIN, TX  78717","S8800 - AVERY RANCH EAST PH 2 SEC 5, BLOCK B, Lot 13","R250501D"," ","S8800 - AVERY RANCH EAST PH 2 SEC 5","Real","$957,729","$957,729"
"R467071","R-16-3066-000B-0015","TONG, HONG","16529 ALONG CREEK CV  AUSTIN, TX 78717","16529 ALONG CREEK CV, AUSTIN, TX  78717","S8800 - AVERY RANCH EAST PH 2 SEC 5, BLOCK B, Lot 15","R250501D"," ","S8800 - AVERY RANCH EAST PH 2 SEC 5","Real","$790,808","$790,808"
"R467075","R-16-3066-000B-0019","CHO, MINSIK & SORA LIM","16513 ALONG CREEK CV  AUSTIN, TX 78717-3992","16513 ALONG CREEK CV, AUSTIN, TX  78717","S8800 - AVERY RANCH EAST PH 2 SEC 5, BLOCK B, Lot 19","R250501D"," ","S8800 - AVERY RANCH EAST PH 2 SEC 5","Real","$925,429","$925,429"
"R411568","R-16-3016-000B-0004","NIMAVAT, NALINKANT & SONIA NALINKANT","10209 MEDINAH GREENS DR  AUSTIN, TX 78717","10209 MEDINAH GREENS DR, AUSTIN, TX  78717","S7746 - Avery Morrison Sub, BLOCK B, Lot 4","R250501D"," ","S7746 - Avery Morrison Sub","Real","$770,482","$770,482"
"R411600","R-16-3016-000C-0012","SETHI, SANJEEV","16112 DOUBLE EAGLE DR  AUSTIN, TX 78717","16112 DOUBLE EAGLE DR, AUSTIN, TX  78717","S7746 - Avery Morrison Sub, BLOCK C, Lot 12","R250501D"," ","S7746 - Avery Morrison Sub","Real","$732,875","$732,875"
"R411604","R-16-3016-000C-0016","KRISHNAMOORTHY, SELVAMURUGAN & KALYANI DAMODARAN","15809 ESTENCIA REY DR  AUSTIN, TX 78717","15809 ESTENCIA REY DR, AUSTIN, TX  78717","S7746 - Avery Morrison Sub, BLOCK C, Lot 16","R250501D"," ","S7746 - Avery Morrison Sub","Real","$846,550","$846,550"
"R411979","R-16-3020-000B-0056","AVERY RANCH OWNERS ASSOC INC","PO BOX 702348 DALLAS, TX 75370-2348","16609 FOWLER MILL CV, AUSTIN, TX  78717","S7676 - Avery Ranch East Ph 1, BLOCK B, Lot 56, ACRES 0.163, (HABITAT PRESERVE)","R250501D"," ","S7676 - Avery Ranch East Ph 1","Real","$300","$300"
"R453815","R-16-3063-000A-0021","JAIN, SAKAR & ARCHANA","9709 INDINA HILLS DR AUSTIN, TX 78717-3879","9709 INDINA HILLS DR, AUSTIN, TX  78717","S8520 - AVERY RANCH EAST PH 2 SEC 2, BLOCK A, Lot 21","R250501D"," ","S8520 - AVERY RANCH EAST PH 2 SEC 2","Real","$729,363","$729,363"
"R453817","R-16-3063-000A-0023","ARCHIBALD, COSTER W & DIANE B","9801 INDINA HILLS DR AUSTIN, TX 78717-3881","9801 INDINA HILLS DR, AUSTIN, TX  78717","S8520 - AVERY RANCH EAST PH 2 SEC 2, BLOCK A, Lot 23","R250501D"," ","S8520 - AVERY RANCH EAST PH 2 SEC 2","Real","$760,660","$760,660"
"R453869","R-16-3062-000A-0032","POTUKUCHI, VENKATA & SUMANA AKKAPEDDY","9412 LISI ANNE DR  AUSTIN, TX 78717","9412 LISI ANNE DR, AUSTIN, TX  78717","S8519 - AVERY RANCH EAST PH 2 SEC 1, BLOCK A, Lot 32","R250501D"," ","S8519 - AVERY RANCH EAST PH 2 SEC 1","Real","$825,023","$825,023"
"R453879","R-16-3062-000B-0099","DARYANI, SANTOSH & LATIKA","7912 BIG WIND WAY AUSTIN, TX 78724-3348","9509 LISI ANNE DR, AUSTIN, TX  78717","S8519 - AVERY RANCH EAST PH 2 SEC 1, BLOCK B, Lot 99","R250501D"," ","S8519 - AVERY RANCH EAST PH 2 SEC 1","Real","$825,406","$825,406"
"R453882","R-16-3062-000B-0102","GAGNON, JEREMY R","9433 LISI ANNE DR  AUSTIN, TX 78717","9433 LISI ANNE DR, AUSTIN, TX  78717","S8519 - AVERY RANCH EAST PH 2 SEC 1, BLOCK B, Lot 102","R250501D"," ","S8519 - AVERY RANCH EAST PH 2 SEC 1","Real","$795,220","$795,220"
"R453895","R-16-3062-000D-0007","SABNIS, VIKRAM & SABNIS SARIKA VIKRAM CO-TRUSTEES OF THE","VIKRAM & SARIKA SABNIS REVOCABLE TRUST 16221 ALMADEN DR AUSTIN, TX 78717","16221 ALMADEN DR, AUSTIN, TX  78717","S8519 - AVERY RANCH EAST PH 2 SEC 1, BLOCK D, Lot 7","R250501D"," ","S8519 - AVERY RANCH EAST PH 2 SEC 1","Real","$658,918","$658,918"
"R453936","R-16-3062-000F-0024","HAMILTON, LINDA S","16216 WYNSTONE LN  AUSTIN, TX 78717","16216 WYNSTONE LN, AUSTIN, TX  78717","S8519 - AVERY RANCH EAST PH 2 SEC 1, BLOCK F, Lot 24","R250501D"," ","S8519 - AVERY RANCH EAST PH 2 SEC 1","Real","$629,461","$629,461"
"R454329","R-16-3029-000A-0018","RAMACHANDRA, SREEVATHSA & ANURADHA J","9704 PALMBROOK DR  AUSTIN, TX 78717","9704 PALMBROOK DR, AUSTIN, TX  78717","GOLF CLUB@AVERY RNCH,AVERY MORRISON & AVERY ESTS (RESUB), BLOCK A, Lot 18","R250501D"," ","S8596 - GOLF CLUB@AVERY RNCH,AVERY MORRISON & AVERY ESTS (R","Real","$1,127,700","$1,127,700"
"R466977","R-16-3064-000B-0089","TIAN, XIAOPENG & WEN CHEN","9909 LISI ANNE DR  AUSTIN, TX 78717-3887","9909 LISI ANNE DR, AUSTIN, TX  78717","S8802 - AVERY RANCH EAST PH 2 SEC 3, BLOCK B, Lot 89","R250501D"," ","S8802 - AVERY RANCH EAST PH 2 SEC 3","Real","$814,468","$814,468"
"R466992","R-16-3064-000H-0018","NGUYEN, CUONG TRONG & TUCHINH","10012 LISI ANNE DR  AUSTIN, TX 78717","10012 LISI ANNE DR, AUSTIN, TX  78717","S8802 - AVERY RANCH EAST PH 2 SEC 3, BLOCK H, Lot 18","R250501D"," ","S8802 - AVERY RANCH EAST PH 2 SEC 3","Real","$616,487","$616,487"
"R467082","R-16-3066-000B-0026","CHEUNG, KWOK YIU & DAN FENG","16425 ALONG CREEK CV  AUSTIN, TX 78717","16425 ALONG CREEK CV, AUSTIN, TX  78717","S8800 - AVERY RANCH EAST PH 2 SEC 5, BLOCK B, Lot 26","R250501D"," ","S8800 - AVERY RANCH EAST PH 2 SEC 5","Real","$872,984","$872,984"
"R411542","R-16-3016-000A-0014","SATHYANARAYANAN RAMANATHAN (TOD) & ARCHANA JAYACHANDRAN (TOD)","10304 MEDINAH GREENS DR  AUSTIN, TX 78717","10304 MEDINAH GREENS DR, AUSTIN, TX  78717","S7746 - Avery Morrison Sub, BLOCK A, Lot 14","R250501D"," ","S7746 - Avery Morrison Sub","Real","$927,320","$927,320"
"R411566","R-16-3016-000B-0002","ATIAS, DAVID & ANAT ADI-ATIAS","16432 ALONG CREEK CV  AUSTIN, TX 78717-3991","10217 MEDINAH GREENS DR, AUSTIN, TX  78717","S7746 - Avery Morrison Sub, BLOCK B, Lot 2","R250501D"," ","S7746 - Avery Morrison Sub","Real","$867,103","$867,103"
"R411614","R-16-3016-000D-0009","NARAYANAN, ARUNKUMAR & HARSHA JAGASIA TRUSTEES OF NARAYANAN FAMILY TRUST","16204 DOUBLE EAGLE DR  AUSTIN, TX 78717","16204 DOUBLE EAGLE DR, AUSTIN, TX  78717","S7746 - Avery Morrison Sub, BLOCK D, Lot 9","R250501D"," ","S7746 - Avery Morrison Sub","Real","$823,119","$823,119"
"R411625","R-16-3016-000E-0005","BOONE, GLENN PAUL & ELIZABETH ANN GARRISON","15904 ROYAL ASHDOWN DR AUSTIN, TX 78717-3806","15904 ROYAL ASHDOWN DR, AUSTIN, TX  78717","S7746 - Avery Morrison Sub, BLOCK E, Lot 5","R250501D"," ","S7746 - Avery Morrison Sub","Real","$734,422","$734,422"
"R411924","R-16-3020-000B-0001","AVERY RANCH OWNERS ASSOC INC","PO BOX 702348 DALLAS, TX 75370-2348","16301 AVERY RANCH BLVD, AUSTIN, TX  78717","S7676 - Avery Ranch East Ph 1, BLOCK B, Lot 1, ACRES 1.27, (OPEN SPACE)","R250501D"," ","S7676 - Avery Ranch East Ph 1","Real","$381","$381"
"R431313","R-16-3027-000A-0035","RYCHLIK, MAREK & KHANNIE","10620 MEDINAH GREENS DR  AUSTIN, TX 78717","10620 MEDINAH GREENS DR, AUSTIN, TX  78717","S8140 - Golf Club At Avery Ranch, Avery Morrison Blk A&f And, BLOCK A, Lot 35","R250501D"," ","S8140 - Golf Club At Avery Ranch, Avery Morrison Blk A&f And","Real","$985,914","$985,914"
"R466969","R-16-3064-000B-0081","WHITE DOVE TRUST","10017 LISI ANNE DR  AUSTIN, TX 78717-3996","10017 LISI ANNE DR, AUSTIN, TX  78717","S8802 - AVERY RANCH EAST PH 2 SEC 3, BLOCK B, Lot 81","R250501D"," ","S8802 - AVERY RANCH EAST PH 2 SEC 3","Real","$720,719","$720,719"
"R467008","R-16-3064-000J-0019","MURUGESU, RAJA & SATHYA RAJA","9824 RIAS WAY  AUSTIN, TX 78717","9824 RIAS WAY, AUSTIN, TX  78717","S8802 - AVERY RANCH EAST PH 2 SEC 3, BLOCK J, Lot 19","R250501D"," ","S8802 - AVERY RANCH EAST PH 2 SEC 3","Real","$814,008","$814,008"
"R467029","R-16-3065-000G-0021","TAMHANE, SANJIT & SHWETA","16308 OLD BALDY DR  AUSTIN, TX 78717","16308 OLD BALDY DR, AUSTIN, TX  78717","S8808 - AVERY RANCH EAST PH 2 SEC 4, BLOCK G, Lot 21","R250501D"," ","S8808 - AVERY RANCH EAST PH 2 SEC 4","Real","$719,449","$719,449"
"R467073","R-16-3066-000B-0017","FRANCE, MICHELE","16521 ALONG CREEK CV  AUSTIN, TX 78717","16521 ALONG CREEK CV, AUSTIN, TX  78717","S8800 - AVERY RANCH EAST PH 2 SEC 5, BLOCK B, Lot 17","R250501D"," ","S8800 - AVERY RANCH EAST PH 2 SEC 5","Real","$733,289","$733,289"
"R467083","R-16-3066-000B-0027","VO, ANTHONY M & KOURTNEY","16421 ALONG CREEK CV  AUSTIN, TX 78717","16421 ALONG CREEK CV, AUSTIN, TX  78717","S8800 - AVERY RANCH EAST PH 2 SEC 5, BLOCK B, Lot 27","R250501D"," ","S8800 - AVERY RANCH EAST PH 2 SEC 5","Real","$955,861","$955,861"
"R467088","R-16-3066-000B-0032","LI, YUNPENG & JINGJING GUAN","16408 ALONG CREEK CV  AUSTIN, TX 78717","16408 ALONG CREEK CV, AUSTIN, TX  78717","S8800 - AVERY RANCH EAST PH 2 SEC 5, BLOCK B, Lot 32","R250501D"," ","S8800 - AVERY RANCH EAST PH 2 SEC 5","Real","$807,798","$807,798"
"R467102","R-16-3066-000B-0046","ASLESH KUMAR THUKARAM & RASHMY ASLESH CO-TRS OF THE RASHLESH TRUST","10012 PALMBROOK DR  AUSTIN, TX 78717-3994","10012 PALMBROOK DR, AUSTIN, TX  78717","S8800 - AVERY RANCH EAST PH 2 SEC 5, BLOCK B, Lot 46","R250501D"," ","S8800 - AVERY RANCH EAST PH 2 SEC 5","Real","$896,279","$896,279"
"R453820","R-16-3063-000A-0026","MOHAN, KRISHNA PRASAD & ARCHANA KRISHNA MOHAN","9817 INDINA HILLS DR  AUSTIN, TX 78717-3881","9817 INDINA HILLS DR, AUSTIN, TX  78717","S8520 - AVERY RANCH EAST PH 2 SEC 2, BLOCK A, Lot 26","R250501D"," ","S8520 - AVERY RANCH EAST PH 2 SEC 2","Real","$913,347","$913,347"
"R453835","R-16-3063-000C-0005","BYRAPANENI, SRINIVASA (TOD) & SURYA (TOD)","9517 PALMBROOK DR  AUSTIN, TX 78717","9517 PALMBROOK DR, AUSTIN, TX  78717","S8520 - AVERY RANCH EAST PH 2 SEC 2, BLOCK C, Lot 5","R250501D"," ","S8520 - AVERY RANCH EAST PH 2 SEC 2","Real","$789,696","$789,696"
"R453840","R-16-3063-000C-0010","MORIO, JASON & ELAINE","16305 FINCASTLE DR AUSTIN, TX 78717-3897","16305 FINCASTLE DR, AUSTIN, TX  78717","S8520 - AVERY RANCH EAST PH 2 SEC 2, BLOCK C, Lot 10","R250501D"," ","S8520 - AVERY RANCH EAST PH 2 SEC 2","Real","$700,106","$700,106"
"R453868","R-16-3062-000A-0031","NIGAM, AKHLESH","9416 LISI ANNE DR AUSTIN, TX 78717-3882","9416 LISI ANNE DR, AUSTIN, TX  78717","S8519 - AVERY RANCH EAST PH 2 SEC 1, BLOCK A, Lot 31","R250501D"," ","S8519 - AVERY RANCH EAST PH 2 SEC 1","Real","$682,453","$682,453"
"R453881","R-16-3062-000B-0101","HAO, BIN & WENYI   YOU","9501 LISI ANNE DR  AUSTIN, TX 78717","9501 LISI ANNE DR, AUSTIN, TX  78717","S8519 - AVERY RANCH EAST PH 2 SEC 1, BLOCK B, Lot 101","R250501D"," ","S8519 - AVERY RANCH EAST PH 2 SEC 1","Real","$766,385","$766,385"
"R453883","R-16-3062-000B-0103","ZHANG, MING & PING WANG","9429 LISI ANNE DR  AUSTIN, TX 78717","9429 LISI ANNE DR, AUSTIN, TX  78717","S8519 - AVERY RANCH EAST PH 2 SEC 1, BLOCK B, Lot 103","R250501D"," ","S8519 - AVERY RANCH EAST PH 2 SEC 1","Real","$760,403","$760,403"
"R453905","R-16-3062-000E-0005","NGUYEN, NATHAN N & ANH THU VU","16213 WYNSTONE LN  AUSTIN, TX 78717","16213 WYNSTONE LN, AUSTIN, TX  78717","S8519 - AVERY RANCH EAST PH 2 SEC 1, BLOCK E, Lot 5","R250501D"," ","S8519 - AVERY RANCH EAST PH 2 SEC 1","Real","$648,673","$648,673"
"R453914","R-16-3062-000E-0014","KODALI, MADHU B & DEVA L","9704 LISI ANNE DR  AUSTIN, TX 78717-3885","9704 LISI ANNE DR, AUSTIN, TX  78717","S8519 - AVERY RANCH EAST PH 2 SEC 1, BLOCK E, Lot 14","R250501D"," ","S8519 - AVERY RANCH EAST PH 2 SEC 1","Real","$843,920","$843,920"
"R453915","R-16-3062-000E-0015","GARY L GURLEY & SUSAN K GURLEY TR OF GARY GURLEY & SUSAN GURLEY OATH TRUST","9700 LISI ANNE DR  AUSTIN, TX 78717","9700 LISI ANNE DR, AUSTIN, TX  78717","S8519 - AVERY RANCH EAST PH 2 SEC 1, BLOCK E, Lot 15","R250501D"," ","S8519 - AVERY RANCH EAST PH 2 SEC 1","Real","$704,958","$704,958"
"R453933","R-16-3062-000F-0021","MAISY BETSY HOLDINGS LLC WYNSTONE","10312 IVALENES HOPE DR  AUSTIN, TX 78717-4069","16228 WYNSTONE LN, AUSTIN, TX  78717","S8519 - AVERY RANCH EAST PH 2 SEC 1, BLOCK F, Lot 21","R250501D"," ","S8519 - AVERY RANCH EAST PH 2 SEC 1","Real","$627,921","$627,921"
"R411601","R-16-3016-000C-0013","WU, JIAN & YONG CHENG","15909 ESTENCIA REY DR  AUSTIN, TX 78717","15909 ESTENCIA REY DR, AUSTIN, TX  78717","S7746 - Avery Morrison Sub, BLOCK C, Lot 13","R250501D"," ","S7746 - Avery Morrison Sub","Real","$708,953","$708,953"
"R411611","R-16-3016-000D-0006","RAMTEKE, PANKAJ & AJANTA NIKAM","15900 ESTENCIA REY DR  AUSTIN, TX 78717","15900 ESTENCIA REY DR, AUSTIN, TX  78717","S7746 - Avery Morrison Sub, BLOCK D, Lot 6","R250501D"," ","S7746 - Avery Morrison Sub","Real","$834,933","$834,933"
"R411619","R-16-3016-000D-0014","ZHANG, LIANG & HONG SUN","15809 ROYAL ASHDOWN DR  AUSTIN, TX 78717","15809 ROYAL ASHDOWN DR, AUSTIN, TX  78717","S7746 - Avery Morrison Sub, BLOCK D, Lot 14","R250501D"," ","S7746 - Avery Morrison Sub","Real","$854,303","$854,303"
"R411632","R-16-3016-000E-0012","LEE, HYE J & SHENG HUA TSAI","10513 MEDINAH GREENS DR  AUSTIN, TX 78717","10513 MEDINAH GREENS DR, AUSTIN, TX  78717","S7746 - Avery Morrison Sub, BLOCK E, Lot 12","R250501D"," ","S7746 - Avery Morrison Sub","Real","$751,686","$751,686"
"R411645","R-16-3016-000F-0011","NUNEZ, SYLVESTER & TERESA B","16017 DOUBLE EAGLE DR AUSTIN, TX 78717-3814","16017 DOUBLE EAGLE DR, AUSTIN, TX  78717","S7746 - Avery Morrison Sub, BLOCK F, Lot 11","R250501D"," ","S7746 - Avery Morrison Sub","Real","$821,030","$821,030"
"R466976","R-16-3064-000B-0088","TIAN, YE & DUOLI CHEN","9913 LISI ANNE DR  AUSTIN, TX 78717-3887","9913 LISI ANNE DR, AUSTIN, TX  78717","S8802 - AVERY RANCH EAST PH 2 SEC 3, BLOCK B, Lot 88","R250501D"," ","S8802 - AVERY RANCH EAST PH 2 SEC 3","Real","$895,814","$895,814"
"R467001","R-16-3064-000H-0027","PHAN, QUANG THANH & DIEU NGOC LE","9713 BROADBAY CV  AUSTIN, TX 78717-4003","9713 BROADBAY CV, AUSTIN, TX  78717","S8802 - AVERY RANCH EAST PH 2 SEC 3, BLOCK H, Lot 27","R250501D"," ","S8802 - AVERY RANCH EAST PH 2 SEC 3","Real","$666,872","$666,872"
"R467041","R-16-3065-000H-0003","LIAQATH, MUSHTAQ MOHAMMED & NIKHAT FATIMA","9701 RIAS WAY  AUSTIN, TX 78717","9701 RIAS WAY, AUSTIN, TX  78717","S8808 - AVERY RANCH EAST PH 2 SEC 4, BLOCK H, Lot 3","R250501D"," ","S8808 - AVERY RANCH EAST PH 2 SEC 4","Real","$677,834","$677,834"
"R467047","R-16-3065-000H-0009","BALASUBRAMANIAN, ANANDA KRISHNAN & PRIYAMVATHA SUNDARARAJ","9801 RIAS WAY  AUSTIN, TX 78717","9801 RIAS WAY, AUSTIN, TX  78717","S8808 - AVERY RANCH EAST PH 2 SEC 4, BLOCK H, Lot 9","R250501D"," ","S8808 - AVERY RANCH EAST PH 2 SEC 4","Real","$750,161","$750,161"
"R467058","R-16-3065-000J-0026","DIATSCHENKO, VICTOR & ANITA R","9724 RIAS WAY  AUSTIN, TX 78717-3998","9724 RIAS WAY, AUSTIN, TX  78717","S8808 - AVERY RANCH EAST PH 2 SEC 4, BLOCK J, Lot 26","R250501D"," ","S8808 - AVERY RANCH EAST PH 2 SEC 4","Real","$670,440","$670,440"
"R467078","R-16-3066-000B-0022","ROLLING, THOMAS J & MARK S KOEHLER","16501 ALONG CREEK CV  AUSTIN, TX 78717","16501 ALONG CREEK CV, AUSTIN, TX  78717","S8800 - AVERY RANCH EAST PH 2 SEC 5, BLOCK B, Lot 22","R250501D"," ","S8800 - AVERY RANCH EAST PH 2 SEC 5","Real","$793,023","$793,023"
"R467099","R-16-3066-000B-0043","PATTI, SCOTT N & KIMBERLY R","10000 PALMBROOK DR  AUSTIN, TX 78717","10000 PALMBROOK DR, AUSTIN, TX  78717","S8800 - AVERY RANCH EAST PH 2 SEC 5, BLOCK B, Lot 43","R250501D"," ","S8800 - AVERY RANCH EAST PH 2 SEC 5","Real","$858,953","$858,953"
"R467100","R-16-3066-000B-0044","CONTELLO, WAYNE L & KRYN D","10004 PALMBROOK DR AUSTIN, TX 78717-3994","10004 PALMBROOK DR, AUSTIN, TX  78717","S8800 - AVERY RANCH EAST PH 2 SEC 5, BLOCK B, Lot 44","R250501D"," ","S8800 - AVERY RANCH EAST PH 2 SEC 5","Real","$834,150","$834,150"
"R467110","R-16-3066-000B-0054","BIGGS, MARK W & BILLIE","10112 PALMBROOK DR  AUSTIN, TX 78717","10112 PALMBROOK DR, AUSTIN, TX  78717","S8800 - AVERY RANCH EAST PH 2 SEC 5, BLOCK B, Lot 54","R250501D"," ","S8800 - AVERY RANCH EAST PH 2 SEC 5","Real","$916,993","$916,993"
"R467114","R-16-3066-000B-0058","LARINA, TATIANA & SERGEI LARIN","10128 PALMBROOK DR  AUSTIN, TX 78717","10128 PALMBROOK DR, AUSTIN, TX  78717","S8800 - AVERY RANCH EAST PH 2 SEC 5, BLOCK B, Lot 58","R250501D"," ","S8800 - AVERY RANCH EAST PH 2 SEC 5","Real","$871,356","$871,356"
"R467116","R-16-3066-000G-0001","SHAW, CHUN-MIN","9817 PALMBROOK DR  AUSTIN, TX 78717","9817 PALMBROOK DR, AUSTIN, TX  78717","S8800 - AVERY RANCH EAST PH 2 SEC 5, BLOCK G, Lot 1","R250501D"," ","S8800 - AVERY RANCH EAST PH 2 SEC 5","Real","$780,907","$780,907"
"R467122","R-16-3066-000J-0006","LEE, HYANGBUM & SEAYOUNG JUNG","1310 FALL CREEK LOOP CEDAR PARK, TX 78613-5819","10005 PALMBROOK DR, AUSTIN, TX  78717","S8800 - AVERY RANCH EAST PH 2 SEC 5, BLOCK J, Lot 6","R250501D"," ","S8800 - AVERY RANCH EAST PH 2 SEC 5","Real","$708,683","$708,683"
"R453842","R-16-3063-000C-0012","ADONI, NARESH","16313 FINCASTLE DR AUSTIN, TX 78717-3897","16313 FINCASTLE DR, AUSTIN, TX  78717","S8520 - AVERY RANCH EAST PH 2 SEC 2, BLOCK C, Lot 12","R250501D"," ","S8520 - AVERY RANCH EAST PH 2 SEC 2","Real","$821,059","$821,059"
"R453845","R-16-3063-000C-0018","CHONG, ADAM I & KATHERINE S & CHONG SUN CHONG","9808 INDINA HILLS DR AUSTIN, TX 78717-3881","9808 INDINA HILLS DR, AUSTIN, TX  78717","S8520 - AVERY RANCH EAST PH 2 SEC 2, BLOCK C, Lot 18","R250501D"," ","S8520 - AVERY RANCH EAST PH 2 SEC 2","Real","$765,534","$765,534"
"R453847","R-16-3063-000C-0020","FLORES, OMAR","9800 INDINA HILLS DR  AUSTIN, TX 78717","9800 INDINA HILLS DR, AUSTIN, TX  78717","S8520 - AVERY RANCH EAST PH 2 SEC 2, BLOCK C, Lot 20","R250501D"," ","S8520 - AVERY RANCH EAST PH 2 SEC 2","Real","$800,623","$800,623"
"R453854","R-16-3063-000D-0016","FABIANICH, CHRISTINA RINKEN","16312 FINCASTLE DR  AUSTIN, TX 78717","16312 FINCASTLE DR, AUSTIN, TX  78717","S8520 - AVERY RANCH EAST PH 2 SEC 2, BLOCK D, Lot 16","R250501D"," ","S8520 - AVERY RANCH EAST PH 2 SEC 2","Real","$683,517","$683,517"
"R453867","R-16-3062-000A-0030","SHETTY, ASHOK K & GEETHA A","9420 LISI ANNE DR  AUSTIN, TX 78717","9420 LISI ANNE DR, AUSTIN, TX  78717","S8519 - AVERY RANCH EAST PH 2 SEC 1, BLOCK A, Lot 30","R250501D"," ","S8519 - AVERY RANCH EAST PH 2 SEC 1","Real","$789,235","$789,235"
"R411549","R-16-3016-000A-0021","TRIPATHI, DEEPAK & NEHA SRIVASTAVA","10500 MEDINAH GREENS DR  AUSTIN, TX 78717","10500 MEDINAH GREENS DR, AUSTIN, TX  78717","S7746 - Avery Morrison Sub, BLOCK A, Lot 21","R250501D"," ","S7746 - Avery Morrison Sub","Real","$978,151","$978,151"
"R411588","R-16-3016-000B-0024","MOELLER, ROY G & MICHELLE","10200 KIAWAH ISLAND CV  AUSTIN, TX 78717","10200 KIAWAH ISLAND CV, AUSTIN, TX  78717","S7746 - Avery Morrison Sub, BLOCK B, Lot 24","R250501D"," ","S7746 - Avery Morrison Sub","Real","$857,675","$857,675"
"R411596","R-16-3016-000C-0008","GARRISON R BRUCE AND","KAREN L GARRISON 15912 KIAWAH ISLAND DR AUSTIN, TX 78717-3810","15912 KIAWAH ISLAND DR, AUSTIN, TX  78717","S7746 - Avery Morrison Sub, BLOCK C, Lot 8","R250501D"," ","S7746 - Avery Morrison Sub","Real","$721,559","$721,559"
"R411650","R-16-3016-000F-0016","PATHAN, ARIF","16113 DOUBLE EAGLE DR  AUSTIN, TX 78717","16113 DOUBLE EAGLE DR, AUSTIN, TX  78717","S7746 - Avery Morrison Sub, BLOCK F, Lot 16","R250501D"," ","S7746 - Avery Morrison Sub","Real","$855,688","$855,688"
"R431318","R-16-3027-000F-0021","KADISON, AVERY & HEIDI & LARRY CRITES (TOD)","16301 DOUBLE EAGLE DR AUSTIN, TX 78717-3817","16301 DOUBLE EAGLE DR, AUSTIN, TX  78717","S8140 - Golf Club At Avery Ranch, Avery Morrison Blk A&f And, BLOCK F, Lot 21","R250501D"," ","S8140 - Golf Club At Avery Ranch, Avery Morrison Blk A&f And","Real","$787,553","$787,553"
"R466881","R-16-3067-000A-0001","NGUYEN, YEN-TUYET & KIET LE","9808 PALMBROOK DR AUSTIN, TX 78717-3893","9808 PALMBROOK DR, AUSTIN, TX  78717","S8863 - AVERY RANCH EAST PARKSIDE, BLOCK A, Lot 1","R250501D"," ","S8863 - AVERY RANCH EAST PARKSIDE","Real","$901,045","$901,045"
"R466970","R-16-3064-000B-0082","AHMANN, JEFFREY P & ALICIA P","10013 LISI ANNE DR  AUSTIN, TX 78717","10013 LISI ANNE DR, AUSTIN, TX  78717","S8802 - AVERY RANCH EAST PH 2 SEC 3, BLOCK B, Lot 82","R250501D"," ","S8802 - AVERY RANCH EAST PH 2 SEC 3","Real","$809,413","$809,413"
"R467017","R-16-3065-000F-0008","HONG, JUSTIN K & NAN LI","9105 FINLEY MAE WAY  AUSTIN, TX 78717","16229 OLD BALDY DR, AUSTIN, TX  78717","S8808 - AVERY RANCH EAST PH 2 SEC 4, BLOCK F, Lot 8","R250501D"," ","S8808 - AVERY RANCH EAST PH 2 SEC 4","Real","$750,523","$750,523"
"R467051","R-16-3065-000J-0002","CHEN, HUI LAN","16408 BROADBAY DR  AUSTIN, TX 78717","16408 BROADBAY DR, AUSTIN, TX  78717","S8808 - AVERY RANCH EAST PH 2 SEC 4, BLOCK J, Lot 2","R250501D"," ","S8808 - AVERY RANCH EAST PH 2 SEC 4","Real","$812,436","$812,436"
"R467085","R-16-3066-000B-0029","MCMATH, ELIZABETH ANNE & JUSTIN CHRISTOPHER","16413 ALONG CREEK CV  AUSTIN, TX 78717-3991","16413 ALONG CREEK CV, AUSTIN, TX  78717","S8800 - AVERY RANCH EAST PH 2 SEC 5, BLOCK B, Lot 29","R250501D"," ","S8800 - AVERY RANCH EAST PH 2 SEC 5","Real","$871,251","$871,251"
"R467091","R-16-3066-000B-0035","JUMANI, RESHMA C","16420 ALONG CREEK CV  AUSTIN, TX 78717-3991","16420 ALONG CREEK CV, AUSTIN, TX  78717","S8800 - AVERY RANCH EAST PH 2 SEC 5, BLOCK B, Lot 35","R250501D"," ","S8800 - AVERY RANCH EAST PH 2 SEC 5","Real","$730,320","$730,320"
"R467120","R-16-3066-000J-0004","VENTO, GINA & MARK LINKINOGGOR","9905 PALMBROOK DR  AUSTIN, TX 78717-3993","9905 PALMBROOK DR, AUSTIN, TX  78717","S8800 - AVERY RANCH EAST PH 2 SEC 5, BLOCK J, Lot 4","R250501D"," ","S8800 - AVERY RANCH EAST PH 2 SEC 5","Real","$864,956","$864,956"
"R467134","R-16-3066-000J-0018","LAM, ANGELA H","10129 PALMBROOK DR  AUSTIN, TX 78717","10129 PALMBROOK DR, AUSTIN, TX  78717","S8800 - AVERY RANCH EAST PH 2 SEC 5, BLOCK J, Lot 18","R250501D"," ","S8800 - AVERY RANCH EAST PH 2 SEC 5","Real","$664,995","$664,995"
"R453818","R-16-3063-000A-0024","YAMADA, KENJI & YUMI","9805 INDINA HILLS DR  AUSTIN, TX 78717","9805 INDINA HILLS DR, AUSTIN, TX  78717","S8520 - AVERY RANCH EAST PH 2 SEC 2, BLOCK A, Lot 24","R250501D"," ","S8520 - AVERY RANCH EAST PH 2 SEC 2","Real","$744,935","$744,935"
"R453849","R-16-3063-000C-0022","GILBERT & ALICE SYLVA REVOCABLE TRUST","9712 INDINA HILLS DR  AUSTIN, TX 78717-3879","9712 INDINA HILLS DR, AUSTIN, TX  78717","S8520 - AVERY RANCH EAST PH 2 SEC 2, BLOCK C, Lot 22","R250501D"," ","S8520 - AVERY RANCH EAST PH 2 SEC 2","Real","$861,145","$861,145"
"R453859","R-16-3063-000D-0021","LOGIS, ELTEN & ERNI","16216 FINCASTLE DR  AUSTIN, TX 78717","16216 FINCASTLE DR, AUSTIN, TX  78717","S8520 - AVERY RANCH EAST PH 2 SEC 2, BLOCK D, Lot 21","R250501D"," ","S8520 - AVERY RANCH EAST PH 2 SEC 2","Real","$855,481","$855,481"
"R453902","R-16-3062-000D-0014","TSUI STEPHEN S TAT & PATRICIA KA YIN TRUSTEES OF TSUI MANAGEMENT TRUST","9604 LISI ANNE DR  AUSTIN, TX 78717","9604 LISI ANNE DR, AUSTIN, TX  78717","S8519 - AVERY RANCH EAST PH 2 SEC 1, BLOCK D, Lot 14","R250501D"," ","S8519 - AVERY RANCH EAST PH 2 SEC 1","Real","$649,613","$649,613"
"R454330","R-16-3029-000A-0019","HO, HOANG & JIANI CHE","9708 PALMBROOK DR  AUSTIN, TX 78717-3892","9708 PALMBROOK DR, AUSTIN, TX  78717","GOLF CLUB@AVERY RNCH,AVERY MORRISON & AVERY ESTS (RESUB), BLOCK A, Lot 19","R250501D"," ","S8596 - GOLF CLUB@AVERY RNCH,AVERY MORRISON & AVERY ESTS (R","Real","$920,971","$920,971"
"R411533","R-16-3016-000A-0005","CARTER COONS ESQ TR DEFENDER 15801 TRUST","3225 MCLEOD DR  #STE 777 LAS VEGAS, NV 89121-2257","15801 DOUBLE EAGLE DR, AUSTIN, TX  78717","S7746 - Avery Morrison Sub, BLOCK A, Lot 5","R250501D"," ","S7746 - Avery Morrison Sub","Real","$671,036","$671,036"
"R411535","R-16-3016-000A-0007","BALAKRISHNAN, VEERAMUTHU & GEETHA SRINIVASAN","10204 MEDINAH GREENS DR  AUSTIN, TX 78717","10204 MEDINAH GREENS DR, AUSTIN, TX  78717","S7746 - Avery Morrison Sub, BLOCK A, Lot 7","R250501D"," ","S7746 - Avery Morrison Sub","Real","$922,241","$922,241"
"R411548","R-16-3016-000A-0020","SINGH, SHONAR & SAMEER CHAUDHARY","10408 MEDINAH GREENS DR  AUSTIN, TX 78717-3802","10408 MEDINAH GREENS DR, AUSTIN, TX  78717","S7746 - Avery Morrison Sub, BLOCK A, Lot 20","R250501D"," ","S7746 - Avery Morrison Sub","Real","$1,008,060","$1,008,060"
"R411579","R-16-3016-000B-0015","CHINNAIH, CHANDRASEKARA B KAYAMBOO ARUL & PONMALAR CHANDRASEKAR","16004 DOBLE EAGLE DR AUSTIN, TX 78717","16004 DOUBLE EAGLE DR, AUSTIN, TX  78717","S7746 - Avery Morrison Sub, BLOCK B, Lot 15","R250501D"," ","S7746 - Avery Morrison Sub","Real","$739,402","$739,402"
"R411647","R-16-3016-000F-0013","ONEAL SEAN P & JENNIFER E","16101 DOUBLE EAGLE DR  AUSTIN, TX 78717","16101 DOUBLE EAGLE DR, AUSTIN, TX  78717","S7746 - Avery Morrison Sub, BLOCK F, Lot 13","R250501D"," ","S7746 - Avery Morrison Sub","Real","$996,421","$996,421"
"R453806","R-16-3063-000A-0012","LI, ZHONGZE & FANG ZHANG","9601 INDINA HILLS DR  AUSTIN, TX 78717-3878","9601 INDINA HILLS DR, AUSTIN, TX  78717","S8520 - AVERY RANCH EAST PH 2 SEC 2, BLOCK A, Lot 12","R250501D"," ","S8520 - AVERY RANCH EAST PH 2 SEC 2","Real","$699,164","$699,164"
"R453830","R-16-3063-000B-0010","WHITTENBURG, AMBER D & BENJAMIN B","9604 INDINA HILLS DR  AUSTIN, TX 78717","9604 INDINA HILLS DR, AUSTIN, TX  78717","S8520 - AVERY RANCH EAST PH 2 SEC 2, BLOCK B, Lot 10","R250501D"," ","S8520 - AVERY RANCH EAST PH 2 SEC 2","Real","$892,105","$892,105"
"R453870","R-16-3062-000B-0090","KOHLBRENNER, PATRICK & ERIN & JOHN M MAXWELL","9905 LISI ANNE DR  AUSTIN, TX 78717","9905 LISI ANNE DR, AUSTIN, TX  78717","S8519 - AVERY RANCH EAST PH 2 SEC 1, BLOCK B, Lot 90","R250501D"," ","S8519 - AVERY RANCH EAST PH 2 SEC 1","Real","$657,494","$657,494"
"R453904","R-16-3062-000E-0004","EDMONDS, CHRIS & CASSIE","16209 WYNSTONE LN  AUSTIN, TX 78717","16209 WYNSTONE LN, AUSTIN, TX  78717","S8519 - AVERY RANCH EAST PH 2 SEC 1, BLOCK E, Lot 4","R250501D"," ","S8519 - AVERY RANCH EAST PH 2 SEC 1","Real","$672,301","$672,301"
"R453917","R-16-3062-000E-0017","NGUYEN, HUY & LAI LE & HAO NGUYEN","16308 ALMADEN DR  AUSTIN, TX 78717","16308 ALMADEN DR, AUSTIN, TX  78717","S8519 - AVERY RANCH EAST PH 2 SEC 1, BLOCK E, Lot 17","R250501D"," ","S8519 - AVERY RANCH EAST PH 2 SEC 1","Real","$628,195","$628,195"
"R454326","R-16-3029-000A-0015","GATEWOOD EARL M TRUSTEE OF WILSON GST GIFT TRUST FBO PAIGE A WILSON","16211 PARK TEN PL  HOUSTON, TX 77084","9604 PALMBROOK DR, AUSTIN, TX  78717","GOLF CLUB@AVERY RNCH,AVERY MORRISON & AVERY ESTS (RESUB), BLOCK A, Lot 15","R250501D"," ","S8596 - GOLF CLUB@AVERY RNCH,AVERY MORRISON & AVERY ESTS (R","Real","$1,095,461","$1,095,461"
"R467048","R-16-3065-000H-0010","LEE, CHANG WOO & YOUNG HEE LEE","9813 RIAS WAY AUSTIN, TX 78717-3999","9813 RIAS WAY, AUSTIN, TX  78717","S8808 - AVERY RANCH EAST PH 2 SEC 4, BLOCK H, Lot 10","R250501D"," ","S8808 - AVERY RANCH EAST PH 2 SEC 4","Real","$794,648","$794,648"
"R467076","R-16-3066-000B-0020","SHAFER, BRAD M  & JENNIFER G","16509 ALONG CREEK CV  AUSTIN, TX 78717","16509 ALONG CREEK CV, AUSTIN, TX  78717","S8800 - AVERY RANCH EAST PH 2 SEC 5, BLOCK B, Lot 20","R250501D"," ","S8800 - AVERY RANCH EAST PH 2 SEC 5","Real","$949,174","$949,174"
"R467080","R-16-3066-000B-0024","PARKER, MARK D & KRISTINE RENEE PARKER","16433 ALONG CREEK CV  AUSTIN, TX 78717","16433 ALONG CREEK CV, AUSTIN, TX  78717","S8800 - AVERY RANCH EAST PH 2 SEC 5, BLOCK B, Lot 24","R250501D"," ","S8800 - AVERY RANCH EAST PH 2 SEC 5","Real","$860,905","$860,905"
"R467104","R-16-3066-000B-0048","RAMU DUVUR & GOWRISHARMI KANDASAMY OF DUVUR FAMILY REVOCABLE LIVING TRUST","1336 BRYSON RIDGE TRL  LEANDER, TX 78641-5720","10020 PALMBROOK DR, AUSTIN, TX  78717","S8800 - AVERY RANCH EAST PH 2 SEC 5, BLOCK B, Lot 48","R250501D"," ","S8800 - AVERY RANCH EAST PH 2 SEC 5","Real","$798,897","$798,897"
"R467109","R-16-3066-000B-0053","TEACH, CARLEY E & MICHAEL S","10108 PALMBROOK DR  AUSTIN, TX 78717-3995","10108 PALMBROOK DR, AUSTIN, TX  78717","S8800 - AVERY RANCH EAST PH 2 SEC 5, BLOCK B, Lot 53","R250501D"," ","S8800 - AVERY RANCH EAST PH 2 SEC 5","Real","$704,371","$704,371"
"R467113","R-16-3066-000B-0057","VALDES, JAMES F","10124 PALMBROOK DR  AUSTIN, TX 78717-3995","10124 PALMBROOK DR, AUSTIN, TX  78717","S8800 - AVERY RANCH EAST PH 2 SEC 5, BLOCK B, Lot 57","R250501D"," ","S8800 - AVERY RANCH EAST PH 2 SEC 5","Real","$829,680","$829,680"
"R467117","R-16-3066-000G-0002","SHOOK, JOHN H & RENEE C","9821 PALMBROOK DR  AUSTIN, TX 78717-3893","9821 PALMBROOK DR, AUSTIN, TX  78717","S8800 - AVERY RANCH EAST PH 2 SEC 5, BLOCK G, Lot 2","R250501D"," ","S8800 - AVERY RANCH EAST PH 2 SEC 5","Real","$855,662","$855,662"
"R467121","R-16-3066-000J-0005","CHERIAN, ABIE A & ANNA M GEORGE","9909 PALMBROOK DR  AUSTIN, TX 78717","9909 PALMBROOK DR, AUSTIN, TX  78717","S8800 - AVERY RANCH EAST PH 2 SEC 5, BLOCK J, Lot 5","R250501D"," ","S8800 - AVERY RANCH EAST PH 2 SEC 5","Real","$747,020","$747,020"
"R467130","R-16-3066-000J-0014","DE LA GARZA, JOEL H & PRISCILLA","10109 PALMBROOK DR  AUSTIN, TX 78717","10109 PALMBROOK DR, AUSTIN, TX  78717","S8800 - AVERY RANCH EAST PH 2 SEC 5, BLOCK J, Lot 14","R250501D"," ","S8800 - AVERY RANCH EAST PH 2 SEC 5","Real","$686,297","$686,297"
"R474158","R-16-3020-000F-0078A","AUSTIN CITY OF","REAL ESTATE DIV PO BOX 1088 AUSTIN, TX 78767-1088","ENNIS TRL, AUSTIN, TX  78717","S7676 - Avery Ranch East Ph 1, BLOCK F, Lot 78 pt, ACRES 6.54, (PARKLAND)","R250501D"," ","S7676 - Avery Ranch East Ph 1","Real","$1,962","$1,962"
"R411543","R-16-3016-000A-0015","RAJ, VIJAY & SRIVIDYA VENKATARAMAN","10308 MEDINAH GREENS DR  AUSTIN, TX 78717-3801","10308 MEDINAH GREENS DR, AUSTIN, TX  78717","S7746 - Avery Morrison Sub, BLOCK A, Lot 15","R250501D"," ","S7746 - Avery Morrison Sub","Real","$935,739","$935,739"
"R411583","R-16-3016-000B-0019","HOWE, DEBORAH","15905 KIAWAH ISLAND DR  AUSTIN, TX 78717","15905 KIAWAH ISLAND DR, AUSTIN, TX  78717","S7746 - Avery Morrison Sub, BLOCK B, Lot 19","R250501D"," ","S7746 - Avery Morrison Sub","Real","$908,989","$908,989"
"R411627","R-16-3016-000E-0007","SRIVASTAVA, SHRUTI","16304 DOUBLE EAGLE DR  AUSTIN, TX 78717","16304 DOUBLE EAGLE DR, AUSTIN, TX  78717","AVERY MORRISON SUB, BLOCK E, LOT 7","R250501D"," ","S7746 - Avery Morrison Sub","Real","$799,418","$799,418"
"R412176","R-16-3020-000F-0077","AVERY RANCH OWNERS ASSOC INC","PO BOX 702348 DALLAS, TX 75370-2348","BILLINGHAM TRL, AUSTIN, TX  78717","S7676 - Avery Ranch East Ph 1, BLOCK F, Lot 77, ACRES 16.61, (RETENTION POND)","R250501D"," ","S7676 - Avery Ranch East Ph 1","Real","$4,983","$4,983"
"R431308","R-16-3027-000A-0030","OWEN, MICHAEL & ANN P KEENAN","10600 MEDINAH GREENS DR  AUSTIN, TX 78717","10600 MEDINAH GREENS DR, AUSTIN, TX  78717","S8140 - Golf Club At Avery Ranch, Avery Morrison Blk A&f And, BLOCK A, Lot 30","R250501D"," ","S8140 - Golf Club At Avery Ranch, Avery Morrison Blk A&f And","Real","$830,484","$830,484"
"R453398","R-16-3062-000A-0028","BHATT, NEEL & KAVITA","9428 LISI ANNE DR  AUSTIN, TX 78717","9428 LISI ANNE DR, AUSTIN, TX  78717","AVERY RANCH EAST PH 2 SEC 1, BLOCK A, Lot 28","R250501D"," ","S8519 - AVERY RANCH EAST PH 2 SEC 1","Real","$699,506","$699,506"
"R453802","R-16-3063-000A-0008","KIM, SANGWOOK & SUKHYUNG","16112 INDINA HILLS CV  AUSTIN, TX 78717","16112 INDINA HILLS CV, AUSTIN, TX  78717","S8520 - AVERY RANCH EAST PH 2 SEC 2, BLOCK A, Lot 8","R250501D"," ","S8520 - AVERY RANCH EAST PH 2 SEC 2","Real","$856,408","$856,408"
"R453807","R-16-3063-000A-0013","VEDULA, VIVEKANANDA M","9605 INDINA HILLS DR AUSTIN, TX 78717-3878","9605 INDINA HILLS DR, AUSTIN, TX  78717","S8520 - AVERY RANCH EAST PH 2 SEC 2, BLOCK A, Lot 13","R250501D"," ","S8520 - AVERY RANCH EAST PH 2 SEC 2","Real","$736,429","$736,429"
"R453819","R-16-3063-000A-0025","HUANG, YAXIONG & YING LIU","9809 INDINA HILLS DR  AUSTIN, TX 78717","9809 INDINA HILLS DR, AUSTIN, TX  78717","S8520 - AVERY RANCH EAST PH 2 SEC 2, BLOCK A, Lot 25","R250501D"," ","S8520 - AVERY RANCH EAST PH 2 SEC 2","Real","$656,394","$656,394"
"R453831","R-16-3063-000C-0001","JOSHI, NISHANT & RUDRA","9501 PALMBROOK DR  AUSTIN, TX 78717","9501 PALMBROOK DR, AUSTIN, TX  78717","S8520 - AVERY RANCH EAST PH 2 SEC 2, BLOCK C, Lot 1","R250501D"," ","S8520 - AVERY RANCH EAST PH 2 SEC 2","Real","$788,225","$788,225"
"R453850","R-16-3063-000C-0023","BEMONT, JAMES WESLEY & DEBRA","9708 INDINA HILLS DR  AUSTIN, TX 78717","9708 INDINA HILLS DR, AUSTIN, TX  78717","S8520 - AVERY RANCH EAST PH 2 SEC 2, BLOCK C, Lot 23","R250501D"," ","S8520 - AVERY RANCH EAST PH 2 SEC 2","Real","$764,347","$764,347"
"R466965","R-16-3064-000B-0077","SIMONTON, BRETT & JILL","10033 LISI ANNE DR  AUSTIN, TX 78717-3996","10033 LISI ANNE DR, AUSTIN, TX  78717","S8802 - AVERY RANCH EAST PH 2 SEC 3, BLOCK B, Lot 77","R250501D"," ","S8802 - AVERY RANCH EAST PH 2 SEC 3","Real","$777,495","$777,495"
"R466997","R-16-3064-000H-0023","WILLRICH, CHRISTINE MARIE & FRANK BRANDON","16508 BROADBAY DR  AUSTIN, TX 78717","16508 BROADBAY DR, AUSTIN, TX  78717","S8802 - AVERY RANCH EAST PH 2 SEC 3, BLOCK H, Lot 23","R250501D"," ","S8802 - AVERY RANCH EAST PH 2 SEC 3","Real","$692,502","$692,502"
"R467000","R-16-3064-000H-0026","DAROSA, IRONI","9709 BROADBAY DR  AUSTIN, TX 78717","9709 BROADBAY CV, AUSTIN, TX  78717","S8802 - AVERY RANCH EAST PH 2 SEC 3, BLOCK H, Lot 26","R250501D"," ","S8802 - AVERY RANCH EAST PH 2 SEC 3","Real","$845,792","$845,792"
"R467015","R-16-3065-000F-0006","RAJENDER R TELLA & PALLAVI R TELLA OF TELLA FAMILY REVOCABLE LIVING TRUST","16221 OLD BALDY DR  AUSTIN, TX 78717-4000","16221 OLD BALDY DR, AUSTIN, TX  78717","S8808 - AVERY RANCH EAST PH 2 SEC 4, BLOCK F, Lot 6","R250501D"," ","S8808 - AVERY RANCH EAST PH 2 SEC 4","Real","$832,002","$832,002"
"R467042","R-16-3065-000H-0004","MACLEOD, SCOTT M & AMY C","9705 RIAS WAY AUSTIN, TX 78717-3998","9705 RIAS WAY, AUSTIN, TX  78717","S8808 - AVERY RANCH EAST PH 2 SEC 4, BLOCK H, Lot 4","R250501D"," ","S8808 - AVERY RANCH EAST PH 2 SEC 4","Real","$779,713","$779,713"
"R467045","R-16-3065-000H-0007","MOMIN, AKBAR S & KULSOOM","9725 RIAS WAY  AUSTIN, TX 78717","9725 RIAS WAY, AUSTIN, TX  78717","S8808 - AVERY RANCH EAST PH 2 SEC 4, BLOCK H, Lot 7","R250501D"," ","S8808 - AVERY RANCH EAST PH 2 SEC 4","Real","$756,475","$756,475"
"R467105","R-16-3066-000B-0049","RASHID, GAZI M","10024 PALMBROOK DR  AUSTIN, TX 78717","10024 PALMBROOK DR, AUSTIN, TX  78717","S8800 - AVERY RANCH EAST PH 2 SEC 5, BLOCK B, Lot 49","R250501D"," ","S8800 - AVERY RANCH EAST PH 2 SEC 5","Real","$836,473","$836,473"
"R411552","R-16-3016-000A-0024","SEAN A WARFIELD & KIMBERLY L WARFIELD TRS WARFIELD LIVING TRUST","10516 MEDINAH GREENS DR  AUSTIN, TX 78717","10516 MEDINAH GREENS DR, AUSTIN, TX  78717","S7746 - Avery Morrison Sub, BLOCK A, Lot 24","R250501D"," ","S7746 - Avery Morrison Sub","Real","$920,201","$920,201"
"R411582","R-16-3016-000B-0018","KAYASTHA, ABHINAY LABH & ANAMIKA SONI LABH","16016 DOUBLE EAGLE DR  AUSTIN, TX 78717-3814","16016 DOUBLE EAGLE DR, AUSTIN, TX  78717","S7746 - Avery Morrison Sub, BLOCK B, Lot 18","R250501D"," ","S7746 - Avery Morrison Sub","Real","$866,576","$866,576"
"R411628","R-16-3016-000E-0008","DESHPANDE, ASHUTOSH & SHWETA","3100 NORTHSIDE BLVD APT 5116 RICHARDSON, TX 75080-0131","16308 DOUBLE EAGLE DR, AUSTIN, TX  78717","S7746 - Avery Morrison Sub, BLOCK E, Lot 8","R250501D"," ","S7746 - Avery Morrison Sub","Real","$675,038","$675,038"
"R411635","R-16-3016-000F-0001","SHAH, SAMEEP & FORAM DESAI","15901 DOUBLE EAGLE DR  AUSTIN, TX 78717-3813","15901 DOUBLE EAGLE DR, AUSTIN, TX  78717","S7746 - Avery Morrison Sub, BLOCK F, Lot 1","R250501D"," ","S7746 - Avery Morrison Sub","Real","$761,124","$761,124"
"R411857","R-16-3020-000A-0025","AVERY RANCH OWNERS ASSOC INC","PO BOX 702348 DALLAS, TX 75370-2348","16200 CASTLETROY DR, AUSTIN, TX  78717","S7676 - Avery Ranch East Ph 1, BLOCK A, Lot 25, ACRES 0.01, (ACCESS EASEMENT)","R250501D"," ","S7676 - Avery Ranch East Ph 1","Real","$300","$300"
"R411959","R-16-3020-000B-0036","AVERY RANCH OWNERS ASSOC INC","PO BOX 702348 DALLAS, TX 75370-2348","MEYRICK PARK TRL, AUSTIN, TX  78717","S7676 - Avery Ranch East Ph 1, BLOCK B, Lot 36, ACRES 0.002, (ACCESS EASEMENT)","R250501D"," ","S7676 - Avery Ranch East Ph 1","Real","$300","$300"
"R412051","R-16-3020-000C-0052","AVERY RANCH OWNERS ASSOC INC","PO BOX 702348 DALLAS, TX 75370-2348","9301 BILLINGHAM TRL, AUSTIN, TX  78717","S7676 - Avery Ranch East Ph 1, BLOCK C, Lot 52, ACRES 0.05, (ACCESS EASEMENT)","R250501D"," ","S7676 - Avery Ranch East Ph 1","Real","$300","$300"
"R412178","R-16-3020-000H-0001","AVERY RANCH OWNERS ASSOC INC","PO BOX 702348 DALLAS, TX 75370-2348","BILLINGHAM TRL, AUSTIN, TX  78717","S7676 - Avery Ranch East Ph 1, BLOCK H, Lot 1, ACRES 0.02, (LANDSCAPE)","R250501D"," ","S7676 - Avery Ranch East Ph 1","Real","$300","$300"
"R466892","R-16-3067-000A-0006A","DEVELOPERS OF AVERY RANCH LTD","Attn: ROBERT D WUNSCH 4314 W BRAKER LN  #STE 250 AUSTIN, TX 78759","PALMBROOK DR, AUSTIN, TX  78717","S8863 - AVERY RANCH EAST PARKSIDE, BLOCK A, Lot 6/PT, {R466886/CAU}, (DEL06)","R250501D"," ","S8863 - AVERY RANCH EAST PARKSIDE","Real","$47,500","$47,500"
"R466966","R-16-3064-000B-0078","NIE, DINGHUI RICHARD","10029 LISI ANNE DR  AUSTIN, TX 78717","10029 LISI ANNE DR, AUSTIN, TX  78717","S8802 - AVERY RANCH EAST PH 2 SEC 3, BLOCK B, Lot 78","R250501D"," ","S8802 - AVERY RANCH EAST PH 2 SEC 3","Real","$875,373","$875,373"
"R466967","R-16-3064-000B-0079","ELLMAKER, CHRISTINE M","800 UNITY DR  LEANDER, TX 78641-3220","10025 LISI ANNE DR, AUSTIN, TX  78717","S8802 - AVERY RANCH EAST PH 2 SEC 3, BLOCK B, Lot 79","R250501D"," ","S8802 - AVERY RANCH EAST PH 2 SEC 3","Real","$738,760","$738,760"
"R467007","R-16-3064-000G-0013","TRIGONOPLOS, BENJAMIN STEPHEN","16509 BROADBAY DR  AUSTIN, TX 78717","16509 BROADBAY DR, AUSTIN, TX  78717","S8802 - AVERY RANCH EAST PH 2 SEC 3, BLOCK G, Lot 13","R250501D"," ","S8802 - AVERY RANCH EAST PH 2 SEC 3","Real","$614,775","$614,775"
"R467022","R-16-3065-000G-0004","SOMASUNDARAM, GANESH P & RASHMI N BANAVAR","4020 BISON BND  CEDAR PARK, TX 78613","16409 BROADBAY DR, AUSTIN, TX  78717","S8808 - AVERY RANCH EAST PH 2 SEC 4, BLOCK G, Lot 4","R250501D"," ","S8808 - AVERY RANCH EAST PH 2 SEC 4","Real","$742,087","$742,087"
"R467026","R-16-3065-000G-0008","BALASUNDARAM, VINOD KUMAR & SUBAPRADHA MANAVALAN","16425 BROADBAY DR AUSTIN, TX 78717-4004","16425 BROADBAY DR, AUSTIN, TX  78717","S8808 - AVERY RANCH EAST PH 2 SEC 4, BLOCK G, Lot 8","R250501D"," ","S8808 - AVERY RANCH EAST PH 2 SEC 4","Real","$748,505","$748,505"
"R467074","R-16-3066-000B-0018","NEADING RYAN R & AMY K CO-TRS OF NEADING FAMILY TRUST","16517 ALONG CREEK CV  AUSTIN, TX 78717","16517 ALONG CREEK CV, AUSTIN, TX  78717","S8800 - AVERY RANCH EAST PH 2 SEC 5, BLOCK B, Lot 18","R250501D"," ","S8800 - AVERY RANCH EAST PH 2 SEC 5","Real","$976,191","$976,191"
"R467132","R-16-3066-000J-0016","YANG, YAN & LILIAN ZHU","10121 PALMBROOK DR  AUSTIN, TX 78717","10121 PALMBROOK DR, AUSTIN, TX  78717","S8800 - AVERY RANCH EAST PH 2 SEC 5, BLOCK J, Lot 16","R250501D"," ","S8800 - AVERY RANCH EAST PH 2 SEC 5","Real","$837,655","$837,655"
"R474159","R-16-3020-000F-0078B","AVERY RANCH OWNERS ASSOC INC","PO BOX 702348 DALLAS, TX 75370-2348","ENNIS TRL, AUSTIN, TX  78717","S7676 - Avery Ranch East Ph 1, BLOCK F, Lot 78 pt, ACRES 0.65, (PARKLAND)","R250501D"," ","S7676 - Avery Ranch East Ph 1","Real","$300","$300"
"R453832","R-16-3063-000C-0002","PATHAN, AIJAZ H & SABA","9505 PALMBROOK DR  AUSTIN, TX 78717","9505 PALMBROOK DR, AUSTIN, TX  78717","S8520 - AVERY RANCH EAST PH 2 SEC 2, BLOCK C, Lot 2","R250501D"," ","S8520 - AVERY RANCH EAST PH 2 SEC 2","Real","$870,426","$870,426"
"R453836","R-16-3063-000C-0006","SHENG, LING CHI-CHIEH HUANG","3305 RIVA RIDGE RD AUSTIN, TX 78746-1426","16209 FINCASTLE DR, AUSTIN, TX  78717","S8520 - AVERY RANCH EAST PH 2 SEC 2, BLOCK C, Lot 6","R250501D"," ","S8520 - AVERY RANCH EAST PH 2 SEC 2","Real","$859,747","$859,747"
"R453843","R-16-3063-000C-0016","JU, SEOKMANN & SCHYEON KWON","9816 INDINA HILLS DR  AUSTIN, TX 78717","9816 INDINA HILLS DR, AUSTIN, TX  78717","S8520 - AVERY RANCH EAST PH 2 SEC 2, BLOCK C, Lot 16","R250501D"," ","S8520 - AVERY RANCH EAST PH 2 SEC 2","Real","$868,927","$868,927"
"R453853","R-16-3063-000D-0003","LACY, THOMAS A & MELISSA C","9609 PALMBROOK DR  AUSTIN, TX 78717","9609 PALMBROOK DR, AUSTIN, TX  78717","S8520 - AVERY RANCH EAST PH 2 SEC 2, BLOCK D, Lot 3","R250501D"," ","S8520 - AVERY RANCH EAST PH 2 SEC 2","Real","$832,539","$832,539"
"R453877","R-16-3062-000B-0097","AVERY RANCH OWNERS ASSOC INC","PO BOX 702348 DALLAS, TX 75370-2348","9401 LISI ANNE DR, AUSTIN, TX  78717","S8519 - AVERY RANCH EAST PH 2 SEC 1, BLOCK B, Lot 97, ACRES 12.61, (OPEN SPACE)","R250501D"," ","S8519 - AVERY RANCH EAST PH 2 SEC 1","Real","$3,783","$3,783"
"R453893","R-16-3062-000D-0005","XU, XIANWU & WENZHEN QI","16213 ALMADEN DR  AUSTIN, TX 78717","16213 ALMADEN DR, AUSTIN, TX  78717","S8519 - AVERY RANCH EAST PH 2 SEC 1, BLOCK D, Lot 5","R250501D"," ","S8519 - AVERY RANCH EAST PH 2 SEC 1","Real","$837,484","$837,484"
"R453923","R-16-3062-000E-0023","SATAPATHY, SRINIBAS & SMITA","16212 ALMADEN DR  AUSTIN, TX 78717","16212 ALMADEN DR, AUSTIN, TX  78717","S8519 - AVERY RANCH EAST PH 2 SEC 1, BLOCK E, Lot 23","R250501D"," ","S8519 - AVERY RANCH EAST PH 2 SEC 1","Real","$740,735","$740,735"
"R453926","R-16-3062-000F-0014","RAMASAMY, VENKATARAGAVAN & VIMALA RANI VELUCHAMY","9808 LISI ANNE DR  AUSTIN, TX 78717","9808 LISI ANNE DR, AUSTIN, TX  78717","S8519 - AVERY RANCH EAST PH 2 SEC 1, BLOCK F, Lot 14","R250501D"," ","S8519 - AVERY RANCH EAST PH 2 SEC 1","Real","$819,105","$819,105"
"R453931","R-16-3062-000F-0019","KRAMER, DAVID S & JEANNE M","16304 WYNSTONE LN AUSTIN, TX 78717-3891","16304 WYNSTONE LN, AUSTIN, TX  78717","S8519 - AVERY RANCH EAST PH 2 SEC 1, BLOCK F, Lot 19","R250501D"," ","S8519 - AVERY RANCH EAST PH 2 SEC 1","Real","$660,806","$660,806"
"R454319","R-16-3029-000A-0007","MONTROSE, DAVID L JR & ORIE","9628 INDINA HILLS DR  AUSTIN, TX 78717-3878","9628 INDINA HILLS DR, AUSTIN, TX  78717","GOLF CLUB@AVERY RNCH,AVERY MORRISON & AVERY ESTS (RESUB), BLOCK A, Lot 7","R250501D"," ","S8596 - GOLF CLUB@AVERY RNCH,AVERY MORRISON & AVERY ESTS (R","Real","$976,405","$976,405"
"R411540","R-16-3016-000A-0012","BRODERSON NICHOLAS HENDRICKS & JUDITH LANE OF BRODERSON FAMILY TRUST","10224 MEDINAH GREENS DR  AUSTIN, TX 78717","10224 MEDINAH GREENS DR, AUSTIN, TX  78717","S7746 - Avery Morrison Sub, BLOCK A, Lot 12","R250501D"," ","S7746 - Avery Morrison Sub","Real","$801,012","$801,012"
"R411591","R-16-3016-000C-0003","SUBRAMANIAM, GOPALAKRISHNAN & BHAIRAVI SANKAR","10301 MEDINAH GREENS DR  AUSTIN, TX 78717","10301 MEDINAH GREENS DR, AUSTIN, TX  78717","S7746 - Avery Morrison Sub, BLOCK C, Lot 3","R250501D"," ","S7746 - Avery Morrison Sub","Real","$872,948","$872,948"
"R411617","R-16-3016-000D-0012","NILAKANTAN, VINAY & TAMEEN ANN ISAAC","15905 ROYAL ASHDOWN DR  AUSTIN, TX 78717","15905 ROYAL ASHDOWN DR, AUSTIN, TX  78717","S7746 - Avery Morrison Sub, BLOCK D, Lot 12","R250501D"," ","S7746 - Avery Morrison Sub","Real","$760,183","$760,183"
"R411969","R-16-3020-000B-0046","AVERY RANCH OWNERS ASSOC INC","PO BOX 702348 DALLAS, TX 75370-2348","FOWLER MILL CV, AUSTIN, TX  78717","S7676 - Avery Ranch East Ph 1, BLOCK B, Lot 46, ACRES 0.01, (ACCESS EASEMENT)","R250501D"," ","S7676 - Avery Ranch East Ph 1","Real","$300","$300"
"R466883","R-16-3067-000A-0003","MAHAJAN, VISHAL & POONAM TRIPATHY","9816 PALMBROOK DR AUSTIN, TX 78717-3893","9816 PALMBROOK DR, AUSTIN, TX  78717","S8863 - AVERY RANCH EAST PARKSIDE, BLOCK A, Lot 3","R250501D"," ","S8863 - AVERY RANCH EAST PARKSIDE","Real","$985,709","$985,709"
"R466887","R-16-3067-000A-0001A","DEVELOPERS OF AVERY RANCH LTD","Attn: ROBERT D WUNSCH 4314 W BRAKER LN  #STE 250 AUSTIN, TX 78759","PALMBROOK DR, AUSTIN, TX  78717","S8863 - AVERY RANCH EAST PARKSIDE, BLOCK A, Lot 1/PT, {R466881/CAU}, (DEL06)","R250501D"," ","S8863 - AVERY RANCH EAST PARKSIDE","Real","$31,000","$31,000"
"R466960","R-16-3064-000B-0072","HONEYMAN, DONALD W & JEN-GING L","10109 LISI ANNE DR AUSTIN, TX 78717-3997","10109 LISI ANNE DR, AUSTIN, TX  78717","S8802 - AVERY RANCH EAST PH 2 SEC 3, BLOCK B, Lot 72","R250501D"," ","S8802 - AVERY RANCH EAST PH 2 SEC 3","Real","$758,139","$758,139"
"R466987","R-16-3064-000H-0013","KHINDUKA, SHANTI KUMAR (TOD) & MANORAMA (TOD)","10032 LISI ANNE DR  AUSTIN, TX 78717-3996","10032 LISI ANNE DR, AUSTIN, TX  78717","S8802 - AVERY RANCH EAST PH 2 SEC 3, BLOCK H, Lot 13","R250501D"," ","S8802 - AVERY RANCH EAST PH 2 SEC 3","Real","$671,865","$671,865"
"R467093","R-16-3066-000B-0037","STEVENS, MARK B & MELISSA A","16428 ALONG CREEK CV  AUSTIN, TX 78717","16428 ALONG CREEK CV, AUSTIN, TX  78717","S8800 - AVERY RANCH EAST PH 2 SEC 5, BLOCK B, Lot 37","R250501D"," ","S8800 - AVERY RANCH EAST PH 2 SEC 5","Real","$814,061","$814,061"
"R467094","R-16-3066-000B-0038","ADI-ATIAS, ANAT & DAVID ATIAS","16432 ALONG CREEK CV  AUSTIN, TX 78717-3991","16432 ALONG CREEK CV, AUSTIN, TX  78717","S8800 - AVERY RANCH EAST PH 2 SEC 5, BLOCK B, Lot 38","R250501D"," ","S8800 - AVERY RANCH EAST PH 2 SEC 5","Real","$887,712","$887,712"
"R467112","R-16-3066-000B-0056","MIESKOSKI, HANNAH","10120 PALMBROOK DR  AUSTIN, TX 78717","10120 PALMBROOK DR, AUSTIN, TX  78717","S8800 - AVERY RANCH EAST PH 2 SEC 5, BLOCK B, Lot 56","R250501D"," ","S8800 - AVERY RANCH EAST PH 2 SEC 5","Real","$894,261","$894,261"
"R467115","R-16-3066-000F-0002","IDEEL TRUST","9809 PALMBROOK DR  AUSTIN, TX 78717-3893","9809 PALMBROOK DR, AUSTIN, TX  78717","S8800 - AVERY RANCH EAST PH 2 SEC 5, BLOCK F, Lot 2","R250501D"," ","S8800 - AVERY RANCH EAST PH 2 SEC 5","Real","$775,759","$775,759"
"R467118","R-16-3066-000G-0003","ANDY RAPHAEL GOUW & HANNAH LYNN THE OF TRAX ALPHA REVOCABLE TRUST","9829 PALMBROOK DR  AUSTIN, TX 78717-3893","9829 PALMBROOK DR, AUSTIN, TX  78717","S8800 - AVERY RANCH EAST PH 2 SEC 5, BLOCK G, Lot 3","R250501D"," ","S8800 - AVERY RANCH EAST PH 2 SEC 5","Real","$766,060","$766,060"
"R467127","R-16-3066-000J-0011","KRUEMCKE, VIRGINIA R","10025 PALMBROOK DR  AUSTIN, TX 78717","10025 PALMBROOK DR, AUSTIN, TX  78717","S8800 - AVERY RANCH EAST PH 2 SEC 5, BLOCK J, Lot 11","R250501D"," ","S8800 - AVERY RANCH EAST PH 2 SEC 5","Real","$692,801","$692,801"
"R453824","R-16-3063-000B-0004","COONCE, DANIEL & CAROLINE BAER","9504 INDINA HILLS DR  AUSTIN, TX 78717-3877","9504 INDINA HILLS DR, AUSTIN, TX  78717","S8671 - AVERY RANCH EAST PH 2 SEC 2 (REPLAT LT 4&5 BLK B), BLOCK B, Lot 4","R250501D"," ","S8671 - AVERY RANCH EAST PH 2 SEC 2 (REPLAT LT 4&5 BLK B)","Real","$892,717","$892,717"
"R453888","R-16-3062-000B-0108","ALITOITS, OLEG & OLGA","9409 LISI ANNE DR  AUSTIN, TX 78717-3882","9409 LISI ANNE DR, AUSTIN, TX  78717","S8519 - AVERY RANCH EAST PH 2 SEC 1, BLOCK B, Lot 108","R250501D"," ","S8519 - AVERY RANCH EAST PH 2 SEC 1","Real","$600,019","$600,019"
"R453892","R-16-3062-000D-0004","RAMAMURTHY, NAVEEN & RAMYA RAGHVENDRA","16209 ALMADEN DR  AUSTIN, TX 78717","16209 ALMADEN DR, AUSTIN, TX  78717","S8519 - AVERY RANCH EAST PH 2 SEC 1, BLOCK D, Lot 4","R250501D"," ","S8519 - AVERY RANCH EAST PH 2 SEC 1","Real","$653,964","$653,964"
"R454325","R-16-3029-000A-0014","BARONE, GREG & GINA","9600 PALMBROOK DR  AUSTIN, TX 78717-3895","9600 PALMBROOK DR, AUSTIN, TX  78717","GOLF CLUB@AVERY RNCH,AVERY MORRISON & AVERY ESTS (RESUB), BLOCK A, Lot 14","R250501D"," ","S8596 - GOLF CLUB@AVERY RNCH,AVERY MORRISON & AVERY ESTS (R","Real","$1,001,625","$1,001,625"
"R411544","R-16-3016-000A-0016","SHETTY, ASHITH & SUSHMA MULKI","10312 MEDINAH GREENS DR  AUSTIN, TX 78717","10312 MEDINAH GREENS DR, AUSTIN, TX  78717","S7746 - Avery Morrison Sub, BLOCK A, Lot 16","R250501D"," ","S7746 - Avery Morrison Sub","Real","$893,709","$893,709"
"R411573","R-16-3016-000B-0009","SANTOSH KUMAR MUNIYAPPA & BHAVYA RAMAKRISHNA OF SMBR FAMILY REVOCABLE TRUST","15812 DOUBLE EAGLE DR  AUSTIN, TX 78717","15812 DOUBLE EAGLE DR, AUSTIN, TX  78717","S7746 - Avery Morrison Sub, BLOCK B, Lot 9","R250501D"," ","S7746 - Avery Morrison Sub","Real","$848,786","$848,786"
"R411615","R-16-3016-000D-0010","CONWAY, MICHAEL MAURICE III & CAROLINE DIETZ","16208 DOUBLE EAGLE DR  AUSTIN, TX 78717","16208 DOUBLE EAGLE DR, AUSTIN, TX  78717","S7746 - Avery Morrison Sub, BLOCK D, Lot 10","R250501D"," ","S7746 - Avery Morrison Sub","Real","$721,249","$721,249"
"R411621","R-16-3016-000E-0001","PATEL, RAHUL & POOJA","10501 MEDINAH GREENS DR  AUSTIN, TX 78717-3803","10501 MEDINAH GREENS DR, AUSTIN, TX  78717","S7746 - Avery Morrison Sub, BLOCK E, Lot 1","R250501D"," ","S7746 - Avery Morrison Sub","Real","$829,576","$829,576"
"R411630","R-16-3016-000E-0010","CATES, CAROL D & LARRY O","10521 MEDINAH GREENS DR  AUSTIN, TX 78717","10521 MEDINAH GREENS DR, AUSTIN, TX  78717","S7746 - Avery Morrison Sub, BLOCK E, Lot 10","R250501D"," ","S7746 - Avery Morrison Sub","Real","$746,724","$746,724"
"R411633","R-16-3016-000E-0013","BHASKAR, PERI UDAY & KAMINI GOWDAA","10509 MEDINAH GREENS DR  AUSTIN, TX 78717","10509 MEDINAH GREENS DR, AUSTIN, TX  78717","S7746 - Avery Morrison Sub, BLOCK E, Lot 13","R250501D"," ","S7746 - Avery Morrison Sub","Real","$908,271","$908,271"
"R411634","R-16-3016-000E-0014","ROY, SUBIR","10505 MEDINAH GREENS DR  AUSTIN, TX 78717","10505 MEDINAH GREENS DR, AUSTIN, TX  78717","S8069 - Avery Morrison (lt 14 Blk E Resub), BLOCK E, Lot 14","R250501D"," ","S8069 - Avery Morrison (lt 14 Blk E Resub)","Real","$724,780","$724,780"
"R411902","R-16-3020-000A-0070","AVERY RANCH OWNERS ASSOC INC","PO BOX 702348 DALLAS, TX 75370-2348","16413 CASTLETROY DR, AUSTIN, TX  78717","S7676 - Avery Ranch East Ph 1, BLOCK A, Lot 70, ACRES 0.12, (DRAINAGE EASEMENT)","R250501D"," ","S7676 - Avery Ranch East Ph 1","Real","$300","$300"
"R411965","R-16-3020-000B-0042","AVERY RANCH OWNERS ASSOC INC","PO BOX 702348 DALLAS, TX 75370-2348","16600 FOWLER MILL CV, AUSTIN, TX  78717","S7676 - Avery Ranch East Ph 1, BLOCK B, Lot 42, ACRES 0.401, (CONSERVATION EASEMENT)","R250501D"," ","S7676 - Avery Ranch East Ph 1","Real","$300","$300"
"R431307","R-16-3027-000A-0029","HOLLAND, ROBERT G Jr. & ERIKA G","10536 MEDINAH GREENS DR  AUSTIN, TX 78717","10536 MEDINAH GREENS DR, AUSTIN, TX  78717","S8140 - Golf Club At Avery Ranch, Avery Morrison Blk A&f And, BLOCK A, Lot 29","R250501D"," ","S8140 - Golf Club At Avery Ranch, Avery Morrison Blk A&f And","Real","$1,088,839","$1,088,839"
"R453829","R-16-3063-000B-0009","PARKER, JERMAINE Q","9600 INDINA HILLS DR AUSTIN, TX 78717-3878","9600 INDINA HILLS DR, AUSTIN, TX  78717","S8520 - AVERY RANCH EAST PH 2 SEC 2, BLOCK B, Lot 9","R250501D"," ","S8520 - AVERY RANCH EAST PH 2 SEC 2","Real","$814,389","$814,389"
"R453844","R-16-3063-000C-0017","ROY, KAUSHIK & AVINASH KULKARNI","9812 INDINA HILLS DR  AUSTIN, TX 78717","9812 INDINA HILLS DR, AUSTIN, TX  78717","S8520 - AVERY RANCH EAST PH 2 SEC 2, BLOCK C, Lot 17","R250501D"," ","S8520 - AVERY RANCH EAST PH 2 SEC 2","Real","$862,069","$862,069"
"R453884","R-16-3062-000B-0104","MIRWANI, RAM GOPAL","306 CREEKSIDE CV  CEDAR PARK, TX 78613-7684","9425 LISI ANNE DR, AUSTIN, TX  78717","S8519 - AVERY RANCH EAST PH 2 SEC 1, BLOCK B, Lot 104","R250501D"," ","S8519 - AVERY RANCH EAST PH 2 SEC 1","Real","$748,676","$748,676"
"R453899","R-16-3062-000D-0011","MANOEL, EDSON TRUSTEE OF EDSON MANOEL LIVING TRUST","16309 ALMADEN DR  AUSTIN, TX 78717-3889","16309 ALMADEN DR, AUSTIN, TX  78717","S8519 - AVERY RANCH EAST PH 2 SEC 1, BLOCK D, Lot 11","R250501D"," ","S8519 - AVERY RANCH EAST PH 2 SEC 1","Real","$687,591","$687,591"
"R453920","R-16-3062-000E-0020","MEHTA, ASHISH & RITU","16224 ALMADEN DR  AUSTIN, TX 78717-3888","16224 ALMADEN DR, AUSTIN, TX  78717","S8519 - AVERY RANCH EAST PH 2 SEC 1, BLOCK E, Lot 20","R250501D"," ","S8519 - AVERY RANCH EAST PH 2 SEC 1","Real","$771,880","$771,880"
"R453928","R-16-3062-000F-0016","BARNHART, JOHN F JR & LINDA SUE","9800 LISI ANNE DR  AUSTIN, TX 78717","9800 LISI ANNE DR, AUSTIN, TX  78717","S8519 - AVERY RANCH EAST PH 2 SEC 1, BLOCK F, Lot 16","R250501D"," ","S8519 - AVERY RANCH EAST PH 2 SEC 1","Real","$646,991","$646,991"
"R454316","R-16-3029-000A-0004","BRITTANY A PAINTER TRUSTEE OF THE BRITTANY A PAINTER REVOCABLE TRUST","9616 INDINA HILLS DR  AUSTIN, TX 78717","9616 INDINA HILLS DR, AUSTIN, TX  78717","GOLF CLUB@AVERY RNCH,AVERY MORRISON & AVERY ESTS (RESUB), BLOCK A, Lot 4","R250501D"," ","S8596 - GOLF CLUB@AVERY RNCH,AVERY MORRISON & AVERY ESTS (R","Real","$1,227,536","$1,227,536"
"R454318","R-16-3029-000A-0006","TYLER, THOMAS","9624 INDINA HILLS DR  AUSTIN, TX 78717","9624 INDINA HILLS DR, AUSTIN, TX  78717","S8596 - GOLF CLUB@AVERY RNCH,AVERY MORRISON & AVERY ESTS (R, BLOCK A, Lot 6","R250501D"," ","S8596 - GOLF CLUB@AVERY RNCH,AVERY MORRISON & AVERY ESTS (R","Real","$1,138,511","$1,138,511"
"R466979","R-16-3064-000G-0011","LI, YONGYI","16501 BROADBAY DR  AUSTIN, TX 78717","16501 BROADBAY DR, AUSTIN, TX  78717","S8802 - AVERY RANCH EAST PH 2 SEC 3, BLOCK G, Lot 11","R250501D"," ","S8802 - AVERY RANCH EAST PH 2 SEC 3","Real","$818,060","$818,060"
"R466993","R-16-3064-000H-0019","GORDON, ISIAH III & KIMIKO MARIE","10008 LISI ANNE DR  AUSTIN, TX 78717","10008 LISI ANNE DR, AUSTIN, TX  78717","S8802 - AVERY RANCH EAST PH 2 SEC 3, BLOCK H, Lot 19","R250501D"," ","S8802 - AVERY RANCH EAST PH 2 SEC 3","Real","$761,549","$761,549"
"R467005","R-16-3064-000H-0031","SRIRAM SATAKOPAN & PADMA RAMANUJAM AS CO-TRS OF THE SRIRAM PADMA LIVING TRUST","9712 BROADBAY CV  AUSTIN, TX 78717-4003","9712 BROADBAY CV, AUSTIN, TX  78717","S8802 - AVERY RANCH EAST PH 2 SEC 3, BLOCK H, Lot 31","R250501D"," ","S8802 - AVERY RANCH EAST PH 2 SEC 3","Real","$746,678","$746,678"
"R467014","R-16-3065-000F-0005","RIVERA, RAQUEL M & MAURICIO RAMIREZ","16217 OLD BALDY DR  AUSTIN, TX 78717-4000","16217 OLD BALDY DR, AUSTIN, TX  78717","S8808 - AVERY RANCH EAST PH 2 SEC 4, BLOCK F, Lot 5","R250501D"," ","S8808 - AVERY RANCH EAST PH 2 SEC 4","Real","$682,821","$682,821"
"R467092","R-16-3066-000B-0036","MYNIER, CHARLES L & RENEE F","16424 ALONG CREEK CV  AUSTIN, TX 78717","16424 ALONG CREEK CV, AUSTIN, TX  78717","S8800 - AVERY RANCH EAST PH 2 SEC 5, BLOCK B, Lot 36","R250501D"," ","S8800 - AVERY RANCH EAST PH 2 SEC 5","Real","$748,508","$748,508"
"R467101","R-16-3066-000B-0045","HIGGINS, SAMUEL & NATLIE MARIE PEREZ","10008 PALMBROOK DR  AUSTIN, TX 78717","10008 PALMBROOK DR, AUSTIN, TX  78717","S8800 - AVERY RANCH EAST PH 2 SEC 5, BLOCK B, Lot 45","R250501D"," ","S8800 - AVERY RANCH EAST PH 2 SEC 5","Real","$831,801","$831,801"
"R467133","R-16-3066-000J-0017","TEMPLE CHARLES H & ANITA E","10125 PALMBROOK DR AUSTIN, TX 78717-3995","10125 PALMBROOK DR, AUSTIN, TX  78717","S8800 - AVERY RANCH EAST PH 2 SEC 5, BLOCK J, Lot 17","R250501D"," ","S8800 - AVERY RANCH EAST PH 2 SEC 5","Real","$734,735","$734,735"
"R411531","R-16-3016-000A-0003","KIM, JOONG HO & JEANIE HYO YU","15809 DOUBLE EAGLE DR  AUSTIN, TX 78717-3812","15809 DOUBLE EAGLE DR, AUSTIN, TX  78717","AVERY MORRISON SUB, BLOCK A, LOT 3","R250501D"," ","S7746 - Avery Morrison Sub","Real","$701,875","$701,875"
"R411576","R-16-3016-000B-0012","JAIN, NISHANT & KOMAL","15908 DOUBLE EAGLE DR  AUSTIN, TX 78717","15908 DOUBLE EAGLE DR, AUSTIN, TX  78717","S7746 - Avery Morrison Sub, BLOCK B, Lot 12","R250501D"," ","S7746 - Avery Morrison Sub","Real","$873,555","$873,555"
"R411581","R-16-3016-000B-0017","AMIN, SANDIP A & CHAULA B PATEL","16012 DOUBLE EAGLE DR AUSTIN, TX 78717-3814","16012 DOUBLE EAGLE DR, AUSTIN, TX  78717","S7746 - Avery Morrison Sub, BLOCK B, Lot 17","R250501D"," ","S7746 - Avery Morrison Sub","Real","$749,882","$749,882"
"R411584","R-16-3016-000B-0020","BIKKINA, PADMA & ARUN DHAYALAN","10213 KIAWAH ISLAND CV  AUSTIN, TX 78717","10213 KIAWAH ISLAND CV, AUSTIN, TX  78717","S7746 - Avery Morrison Sub, BLOCK B, Lot 20","R250501D"," ","S7746 - Avery Morrison Sub","Real","$764,650","$764,650"
"R411585","R-16-3016-000B-0021","JUNNARE, MADHUMATI ABHIJIT","10209 KIAWAH ISLAND CV  AUSTIN, TX 78717","10209 KIAWAH ISLAND CV, AUSTIN, TX  78717","S7746 - Avery Morrison Sub, BLOCK B, Lot 21","R250501D"," ","S7746 - Avery Morrison Sub","Real","$856,275","$856,275"
"R411590","R-16-3016-000C-0002","GUO, HONG-YUAN & CHING-HSUN TRS OF HONG-YUAN & CHING-HSUN GUO REVOC LIVING TRUST","10305 MEDINAH GREENS DR  AUSTIN, TX 78717-3801","10305 MEDINAH GREENS DR, AUSTIN, TX  78717","S7746 - Avery Morrison Sub, BLOCK C, Lot 2","R250501D"," ","S7746 - Avery Morrison Sub","Real","$731,281","$731,281"
"R411592","R-16-3016-000C-0004","LEE, KI WOOK","15804 KIAWAH ISLAND DR  AUSTIN, TX 78717","15804 KIAWAH ISLAND DR, AUSTIN, TX  78717","S7746 - Avery Morrison Sub, BLOCK C, Lot 4","R250501D"," ","S7746 - Avery Morrison Sub","Real","$712,787","$712,787"
"R411643","R-16-3016-000F-0009","SINGH, SAURABH & JESSICA FALK","16009 DOUBLE EAGLE DR  AUSTIN, TX 78717","16009 DOUBLE EAGLE DR, AUSTIN, TX  78717","S7746 - Avery Morrison Sub, BLOCK F, Lot 9","R250501D"," ","S7746 - Avery Morrison Sub","Real","$943,773","$943,773"
"R431305","R-16-3027-000A-0027","KANG, SEUNG & IN SUN KIM","10528 MEDINAH GREENS DR AUSTIN, TX 78717-3803","10528 MEDINAH GREENS DR, AUSTIN, TX  78717","S8140 - Golf Club At Avery Ranch, Avery Morrison Blk A&f And, BLOCK A, Lot 27","R250501D"," ","S8140 - Golf Club At Avery Ranch, Avery Morrison Blk A&f And","Real","$892,449","$892,449"
"R431311","R-16-3027-000A-0033","MA STEPHEN C & LU LU MA CO-TRUSTEES OF MA REVOCABLE LIVING TRUST","10612 MEDINAH GREENS DR  AUSTIN, TX 78717","10612 MEDINAH GREENS DR, AUSTIN, TX  78717","S8140 - Golf Club At Avery Ranch, Avery Morrison Blk A&f And, BLOCK A, Lot 33","R250501D"," ","S8140 - Golf Club At Avery Ranch, Avery Morrison Blk A&f And","Real","$899,951","$899,951"
"R431319","R-16-3027-000F-0022","RIBELIN, JEANETTE GOHLKE","16305 DOUBLE EAGLE DR  AUSTIN, TX 78717","16305 DOUBLE EAGLE DR, AUSTIN, TX  78717","S8140 - Golf Club At Avery Ranch, Avery Morrison Blk A&f And, BLOCK F, Lot 22","R250501D"," ","S8140 - Golf Club At Avery Ranch, Avery Morrison Blk A&f And","Real","$977,649","$977,649"
"R466963","R-16-3064-000B-0075","MURALI, MANU","10041 LISI ANNE DR  AUSTIN, TX 78717","10041 LISI ANNE DR, AUSTIN, TX  78717","S8802 - AVERY RANCH EAST PH 2 SEC 3, BLOCK B, Lot 75","R250501D"," ","S8802 - AVERY RANCH EAST PH 2 SEC 3","Real","$877,514","$877,514"
"R467006","R-16-3064-000H-0032","KIRCHOFF, CONCEPCION & KEVIN DUANE","9708 BROADBAY CV AUSTIN, TX 78717-4003","9708 BROADBAY CV, AUSTIN, TX  78717","S8802 - AVERY RANCH EAST PH 2 SEC 3, BLOCK H, Lot 32","R250501D"," ","S8802 - AVERY RANCH EAST PH 2 SEC 3","Real","$657,926","$657,926"
"R467043","R-16-3065-000H-0005","BALAJI VELIKANDANATHAN & GOMATHI S BALAJI CO-TRUSTEES OF THE VELIKANDANATHAN REV","9713 RIAS WAY  AUSTIN, TX 78717","9713 RIAS WAY, AUSTIN, TX  78717","S8808 - AVERY RANCH EAST PH 2 SEC 4, BLOCK H, Lot 5","R250501D"," ","S8808 - AVERY RANCH EAST PH 2 SEC 4","Real","$740,432","$740,432"
"R467056","R-16-3065-000J-0024","FAIRBOURN, JOANN CARROLL & EDWARD LE GRAND OF FAIRBOURN LIVING TRUST","9804 RIAS WAY  AUSTIN, TX 78717","9804 RIAS WAY, AUSTIN, TX  78717","S8808 - AVERY RANCH EAST PH 2 SEC 4, BLOCK J, Lot 24","R250501D"," ","S8808 - AVERY RANCH EAST PH 2 SEC 4","Real","$817,779","$817,779"
"R467124","R-16-3066-000J-0008","CRAMER, BETTY","10013 PALMBROOK DR  AUSTIN, TX 78717-3994","10013 PALMBROOK DR, AUSTIN, TX  78717","S8800 - AVERY RANCH EAST PH 2 SEC 5, BLOCK J, Lot 8","R250501D"," ","S8800 - AVERY RANCH EAST PH 2 SEC 5","Real","$739,526","$739,526"
"R467125","R-16-3066-000J-0009","LONKAR, ANVAY & POOJA","10017 PALMBROOK DR  AUSTIN, TX 78717","10017 PALMBROOK DR, AUSTIN, TX  78717","S8800 - AVERY RANCH EAST PH 2 SEC 5, BLOCK J, Lot 9","R250501D"," ","S8800 - AVERY RANCH EAST PH 2 SEC 5","Real","$777,628","$777,628"
"R453808","R-16-3063-000A-0014","SAJID, KHUSRO & MUNAWAR FARAH IQBAL","9609 INDINA HILLS DR  AUSTIN, TX 78717","9609 INDINA HILLS DR, AUSTIN, TX  78717","S8520 - AVERY RANCH EAST PH 2 SEC 2, BLOCK A, Lot 14","R250501D"," ","S8520 - AVERY RANCH EAST PH 2 SEC 2","Real","$782,119","$782,119"
"R453857","R-16-3063-000D-0019","COX, TY KEVIN","16300 FINCASTLE DR AUSTIN, TX 78717-3897","16300 FINCASTLE DR, AUSTIN, TX  78717","S8520 - AVERY RANCH EAST PH 2 SEC 2, BLOCK D, Lot 19","R250501D"," ","S8520 - AVERY RANCH EAST PH 2 SEC 2","Real","$714,069","$714,069"
"R453878","R-16-3062-000B-0098","NAZARENUS, SCOTT O & KAREN L","9513 LISI ANNE DR  AUSTIN, TX 78717","9513 LISI ANNE DR, AUSTIN, TX  78717","AVERY RANCH EAST PH 2 SEC 1, BLOCK B, Lot 98","R250501D"," ","S8519 - AVERY RANCH EAST PH 2 SEC 1","Real","$847,235","$847,235"
"R453880","R-16-3062-000B-0100","HAGA, MATT & CHARITY","9505 LISI ANNE DR  AUSTIN, TX 78717-3883","9505 LISI ANNE DR, AUSTIN, TX  78717","S8519 - AVERY RANCH EAST PH 2 SEC 1, BLOCK B, Lot 100","R250501D"," ","S8519 - AVERY RANCH EAST PH 2 SEC 1","Real","$768,391","$768,391"
"R453889","R-16-3062-000C-0013","DHANANJAYAM, SELVAPATHI & VIJAYALAKSHMI MOHANAN","9508 LISI ANNE DR  AUSTIN, TX 78717","9508 LISI ANNE DR, AUSTIN, TX  78717","S8519 - AVERY RANCH EAST PH 2 SEC 1, BLOCK C, Lot 13","R250501D"," ","S8519 - AVERY RANCH EAST PH 2 SEC 1","Real","$756,713","$756,713"
"R453908","R-16-3062-000E-0008","DANG, HUY Q & TRACY NGUYEN","16225 WYNSTONE LN  AUSTIN, TX 78717","16225 WYNSTONE LN, AUSTIN, TX  78717","S8519 - AVERY RANCH EAST PH 2 SEC 1, BLOCK E, Lot 8","R250501D"," ","S8519 - AVERY RANCH EAST PH 2 SEC 1","Real","$684,140","$684,140"
"R453919","R-16-3062-000E-0019","ZANBAGHI, RAMIN & ATOOSA DARKAIE NEJAD HENDOE","16300 ALMADEN DR  AUSTIN, TX 78717","16300 ALMADEN DR, AUSTIN, TX  78717","S8519 - AVERY RANCH EAST PH 2 SEC 1, BLOCK E, Lot 19","R250501D"," ","S8519 - AVERY RANCH EAST PH 2 SEC 1","Real","$747,683","$747,683"
"R453937","R-16-3062-000F-0025","TORRES, VICTOR A & IRIS V COLLAZO","16212 WYNSTONE LN  AUSTIN, TX 78717","16212 WYNSTONE LN, AUSTIN, TX  78717","S8519 - AVERY RANCH EAST PH 2 SEC 1, BLOCK F, Lot 25","R250501D"," ","S8519 - AVERY RANCH EAST PH 2 SEC 1","Real","$831,715","$831,715"
"R454323","R-16-3029-000A-0012","JONATHAN J & SAN J TAYLOR CO TRS TAYLOR FAMILY MANAGEMENT TRUST","9516 PALMBROOK DR  AUSTIN, TX 78717-3894","9516 PALMBROOK DR, AUSTIN, TX  78717","GOLF CLUB@AVERY RNCH,AVERY MORRISON & AVERY ESTS (RESUB), BLOCK A, Lot 12","R250501D"," ","S8596 - GOLF CLUB@AVERY RNCH,AVERY MORRISON & AVERY ESTS (R","Real","$1,030,160","$1,030,160"
"R474157","R-16-3066-000B-0031A","AUSTIN CITY OF","REAL ESTATE DIV PO BOX 1088 AUSTIN, TX 78767-1088","16533 ALONG CREEK CV, AUSTIN, TX  78717","S8800 - AVERY RANCH EAST PH 2 SEC 5, BLOCK B, Lot 31 pt, ACRES 7.487, (OPEN SPACE)","R250501D"," ","S8800 - AVERY RANCH EAST PH 2 SEC 5","Real","$2,246","$2,246"
"R411530","R-16-3016-000A-0002","PIETONO, SHEILA VICTORIA & PETER LIANG","8420 ALVIN HIGH LN  AUSTIN, TX 78729","15813 DOUBLE EAGLE DR, AUSTIN, TX  78717","S7746 - Avery Morrison Sub, BLOCK A, Lot 2","R250501D"," ","S7746 - Avery Morrison Sub","Real","$749,255","$749,255"
"R411534","R-16-3016-000A-0006","MONTGOMERY, MICKEY B (TOD) & SHARON M (TOD)","10200 MEDINAH GREENS DR  AUSTIN, TX 78717","10200 MEDINAH GREENS DR, AUSTIN, TX  78717","S7746 - Avery Morrison Sub, BLOCK A, Lot 6","R250501D"," ","S7746 - Avery Morrison Sub","Real","$785,194","$785,194"
"R411577","R-16-3016-000B-0013","THOMPSON, T TELENNA & STEVEN JAY (JTROS)","15912 DOUBLE EAGLE DR  AUSTIN, TX 78717","15912 DOUBLE EAGLE DR, AUSTIN, TX  78717","S7746 - Avery Morrison Sub, BLOCK B, Lot 13","R250501D"," ","S7746 - Avery Morrison Sub","Real","$690,427","$690,427"
"R411602","R-16-3016-000C-0014","SANKARAKRISHNAN, RAMPRAKASH & REKHA SANGAMESWARAN","15905 ESTENCIA REY DR  AUSTIN, TX 78717","15905 ESTENCIA REY DR, AUSTIN, TX  78717","S7746 - Avery Morrison Sub, BLOCK C, Lot 14","R250501D"," ","S7746 - Avery Morrison Sub","Real","$628,874","$628,874"
"R411607","R-16-3016-000D-0002","AVERY RANCH OWNERS ASSOC INC","PO BOX 702348 DALLAS, TX 75370-2348","10405 MEDINAH GREENS DR, AUSTIN, TX  78717","S7746 - Avery Morrison Sub, BLOCK D, Lot 2, (OPEN SPACE)","R250501D"," ","S7746 - Avery Morrison Sub","Real","$300","$300"
"R411626","R-16-3016-000E-0006","MOORE, GREGG R & URSULA A FERNANDEZ","16300 DOUBLE EAGLE DR  AUSTIN, TX 78717","16300 DOUBLE EAGLE DR, AUSTIN, TX  78717","S7746 - Avery Morrison Sub, BLOCK E, Lot 6","R250501D"," ","S7746 - Avery Morrison Sub","Real","$781,564","$781,564"
"R411640","R-16-3016-000F-0006","MEHTA, KRATI & KRATU DESAI","15921 DOUBLE EAGLE DR  AUSTIN, TX 78717","15921 DOUBLE EAGLE DR, AUSTIN, TX  78717","S7746 - Avery Morrison Sub, BLOCK F, Lot 6","R250501D"," ","S7746 - Avery Morrison Sub","Real","$656,557","$656,557"
"R411649","R-16-3016-000F-0015","GUPTA, NAVNEET & ANUSREE","16109 DOUBLE EAGLE DR  AUSTIN, TX 78717","16109 DOUBLE EAGLE DR, AUSTIN, TX  78717","S7746 - Avery Morrison Sub, BLOCK F, Lot 15","R250501D"," ","S7746 - Avery Morrison Sub","Real","$877,281","$877,281"
"R466989","R-16-3064-000H-0015","GUPTA, ASEEM","729 FILBERT WAY CAMPBELL, CA 95008-4516","10024 LISI ANNE DR, AUSTIN, TX  78717","S8802 - AVERY RANCH EAST PH 2 SEC 3, BLOCK H, Lot 15","R250501D"," ","S8802 - AVERY RANCH EAST PH 2 SEC 3","Real","$657,894","$657,894"
"R466998","R-16-3064-000H-0024","JURIASINGANI, PURSHOTAM","9701 BROADBAY CV  AUSTIN, TX 78717-4003","9701 BROADBAY CV, AUSTIN, TX  78717","S8802 - AVERY RANCH EAST PH 2 SEC 3, BLOCK H, Lot 24","R250501D"," ","S8802 - AVERY RANCH EAST PH 2 SEC 3","Real","$784,375","$784,375"
"R467002","R-16-3064-000H-0028","ZHAO, LIYAN","9717 BROADBAY CV  AUSTIN, TX 78717","9717 BROADBAY CV, AUSTIN, TX  78717","S8802 - AVERY RANCH EAST PH 2 SEC 3, BLOCK H, Lot 28","R250501D"," ","S8802 - AVERY RANCH EAST PH 2 SEC 3","Real","$755,070","$755,070"
"R467053","R-16-3065-000J-0021","PURO, AMANDA & IVAN VELINOV","9816 RIAS WAY  AUSTIN, TX 78717","9816 RIAS WAY, AUSTIN, TX  78717","S8808 - AVERY RANCH EAST PH 2 SEC 4, BLOCK J, Lot 21","R250501D"," ","S8808 - AVERY RANCH EAST PH 2 SEC 4","Real","$826,245","$826,245"
"R467059","R-16-3065-000J-0027","JAYARAMAN, VIJAY & SHARANYA RAJAMANI","9720 RIAS WAY  AUSTIN, TX 78717","9720 RIAS WAY, AUSTIN, TX  78717","S8808 - AVERY RANCH EAST PH 2 SEC 4, BLOCK J, Lot 27","R250501D"," ","S8808 - AVERY RANCH EAST PH 2 SEC 4","Real","$729,488","$729,488"
"R467070","R-16-3066-000B-0014","BHARADWAJ, BALASUBRAMANYAM & SOUMYA R","9912 PALMBROOK DR  AUSTIN, TX 78717","9912 PALMBROOK DR, AUSTIN, TX  78717","S8800 - AVERY RANCH EAST PH 2 SEC 5, BLOCK B, Lot 14","R250501D"," ","S8800 - AVERY RANCH EAST PH 2 SEC 5","Real","$986,124","$986,124"
"R467111","R-16-3066-000B-0055","SADAYAN EBRAMSAH MO ABDUL, SADAYAN GHOWS GHANI & ANITA VITHALDHAS","10116 PALMBROOK DR  AUSTIN, TX 78717","10116 PALMBROOK DR, AUSTIN, TX  78717","S8800 - AVERY RANCH EAST PH 2 SEC 5, BLOCK B, Lot 55","R250501D"," ","S8800 - AVERY RANCH EAST PH 2 SEC 5","Real","$710,821","$710,821"
"R453809","R-16-3063-000A-0015","KORE, KAILAS VILASRAO & VAIDEHI KAILAS","9613 INDINA HILLS DR  AUSTIN, TX 78717","9613 INDINA HILLS DR, AUSTIN, TX  78717","S8520 - AVERY RANCH EAST PH 2 SEC 2, BLOCK A, Lot 15","R250501D"," ","S8520 - AVERY RANCH EAST PH 2 SEC 2","Real","$688,875","$688,875"
"R453821","R-16-3063-000A-0027","LEE, JOON SEOK & SO YUNG KIM","9821 INDINA HILLS DR  AUSTIN, TX 78717","9821 INDINA HILLS DR, AUSTIN, TX  78717","S8520 - AVERY RANCH EAST PH 2 SEC 2, BLOCK A, Lot 27","R250501D"," ","S8520 - AVERY RANCH EAST PH 2 SEC 2","Real","$699,632","$699,632"
"R453823","R-16-3063-000B-0003","AVERY RANCH OWNERS ASSOCIATION INC","9601 AMBERGLEN BLVD  #STE 150 AUSTIN, TX 78729","9500 INDINA HILLS DR, AUSTIN, TX  78717","S8520 - AVERY RANCH EAST PH 2 SEC 2, BLOCK B, Lot 3, ACRES 0.17, (LANDSCAPE)","R250501D"," ","S8520 - AVERY RANCH EAST PH 2 SEC 2","Real","$300","$300"
"R453834","R-16-3063-000C-0004","KALPANA & MIHIR PATEL FAMILY TRUST","9513 PALMBROOK DR  AUSTIN, TX 78717-3894","9513 PALMBROOK DR, AUSTIN, TX  78717","S8520 - AVERY RANCH EAST PH 2 SEC 2, BLOCK C, Lot 4","R250501D"," ","S8520 - AVERY RANCH EAST PH 2 SEC 2","Real","$727,978","$727,978"
"R453839","R-16-3063-000C-0009","WANG, XIAOWEN & ZHENGYU YANG","9805 PICKFAIR DR AUSTIN, TX 78750-3900","16301 FINCASTLE DR, AUSTIN, TX  78717","S8520 - AVERY RANCH EAST PH 2 SEC 2, BLOCK C, Lot 9","R250501D"," ","S8520 - AVERY RANCH EAST PH 2 SEC 2","Real","$687,439","$687,439"
"R453861","R-16-3063-000D-0023","MARSHALL, ERIN & AGUSTIN GONZALEZ-LOPEZ","16208 FINCASTLE DR  AUSTIN, TX 78717","16208 FINCASTLE DR, AUSTIN, TX  78717","S8520 - AVERY RANCH EAST PH 2 SEC 2, BLOCK D, Lot 23","R250501D"," ","S8520 - AVERY RANCH EAST PH 2 SEC 2","Real","$744,138","$744,138"
"R453912","R-16-3062-000E-0012","XI, MUYUAN & QIQI LIN","1614 DELUCA DR  SAN JOSE, CA 95131","16313 WYNSTONE LN, AUSTIN, TX  78717","S8519 - AVERY RANCH EAST PH 2 SEC 1, BLOCK E, Lot 12","R250501D"," ","S8519 - AVERY RANCH EAST PH 2 SEC 1","Real","$641,894","$641,894"
"R453921","R-16-3062-000E-0021","BIEDERMANN, PAUL D & KRISTI L","16220 ALMADEN DR  AUSTIN, TX 78717","16220 ALMADEN DR, AUSTIN, TX  78717","S8519 - AVERY RANCH EAST PH 2 SEC 1, BLOCK E, Lot 21","R250501D"," ","S8519 - AVERY RANCH EAST PH 2 SEC 1","Real","$772,157","$772,157"
"R453939","R-16-3062-000G-0019","KELEMEN, GEORGE & DANNA","9900 LISI ANNE DR  AUSTIN, TX 78717","9900 LISI ANNE DR, AUSTIN, TX  78717","S8519 - AVERY RANCH EAST PH 2 SEC 1, BLOCK G, Lot 19","R250501D"," ","S8519 - AVERY RANCH EAST PH 2 SEC 1","Real","$734,779","$734,779"
"R411622","R-16-3016-000E-0002","DUNN, DANIEL R & BARBARA B","15804 ROYAL ASHDOWN DR  AUSTIN, TX 78717","15804 ROYAL ASHDOWN DR, AUSTIN, TX  78717","S7746 - Avery Morrison Sub, BLOCK E, Lot 2","R250501D"," ","S7746 - Avery Morrison Sub","Real","$849,105","$849,105"
"R411629","R-16-3016-000E-0009","VINOD P SHURPALI & PRIYANKA V ERANDE TRS SHURPALI FAMILY REVOC TRUST","16312 DOUBLE EAGLE DR  AUSTIN, TX 78717-3817","16312 DOUBLE EAGLE DR, AUSTIN, TX  78717","S7746 - Avery Morrison Sub, BLOCK E, Lot 9","R250501D"," ","S7746 - Avery Morrison Sub","Real","$859,722","$859,722"
"R411646","R-16-3016-000F-0012","ZHANG, JIA","16021 DOUBLE EAGLE DR  AUSTIN, TX 78717","16021 DOUBLE EAGLE DR, AUSTIN, TX  78717","S7746 - Avery Morrison Sub, BLOCK F, Lot 12","R250501D"," ","S7746 - Avery Morrison Sub","Real","$898,836","$898,836"
"R411660","R-16-3016-000F-0026","AVERY RANCH OWNERS ASSOC INC","PO BOX 702348 DALLAS, TX 75370-2348","AVERY RANCH BLVD, AUSTIN, TX  78717","S7746 - Avery Morrison Sub, BLOCK F, Lot 26, ACRES 0.854, (GREENBELT)","R250501D"," ","S7746 - Avery Morrison Sub","Real","$300","$300"
"R431321","R-16-3027-000F-0024","RUBIO, JOSE E & ANA M TORRES","16313 DOUBLE EAGLE DR  AUSTIN, TX 78717","16313 DOUBLE EAGLE DR, AUSTIN, TX  78717","S8140 - Golf Club At Avery Ranch, Avery Morrison Blk A&f And, BLOCK F, Lot 24 & 25","R250501D"," ","S8140 - Golf Club At Avery Ranch, Avery Morrison Blk A&f And","Real","$1,209,987","$1,209,987"
"R466890","R-16-3067-000A-0004A","DEVELOPERS OF AVERY RANCH LTD","Attn: ROBERT D WUNSCH 4314 W BRAKER LN  #STE 250 AUSTIN, TX 78759","PALMBROOK DR, AUSTIN, TX  78717","S8863 - AVERY RANCH EAST PARKSIDE, BLOCK A, Lot 4/PT, {R466884/CAU}, (DEL06)","R250501D"," ","S8863 - AVERY RANCH EAST PARKSIDE","Real","$22,500","$22,500"
"R466980","R-16-3064-000G-0012","KANNAN, UDHAYA SANKAR & SOWMYA ATHUR","16505 BROADBAY DR  AUSTIN, TX 78717","16505 BROADBAY DR, AUSTIN, TX  78717","S8802 - AVERY RANCH EAST PH 2 SEC 3, BLOCK G, Lot 12","R250501D"," ","S8802 - AVERY RANCH EAST PH 2 SEC 3","Real","$751,451","$751,451"
"R466986","R-16-3064-000H-0012","BAMB, PREETAM (TOD) & PALLAVI BHATEWARA (TOD)","7816 CRYSTALBROOK W AUSTIN, TX 78724","10036 LISI ANNE DR, AUSTIN, TX  78717","S8802 - AVERY RANCH EAST PH 2 SEC 3, BLOCK H, Lot 12","R250501D"," ","S8802 - AVERY RANCH EAST PH 2 SEC 3","Real","$758,869","$758,869"
"R466995","R-16-3064-000H-0021","XING, BAOHUA & YINAN ZHANG","16520 BROADBAY DR  AUSTIN, TX 78717","16520 BROADBAY DR, AUSTIN, TX  78717","S8802 - AVERY RANCH EAST PH 2 SEC 3, BLOCK H, Lot 21","R250501D"," ","S8802 - AVERY RANCH EAST PH 2 SEC 3","Real","$746,509","$746,509"
"R467012","R-16-3065-000F-0003","DHARSHAN, SHAN","16209 OLD BALDY DR  AUSTIN, TX 78717","16209 OLD BALDY DR, AUSTIN, TX  78717","S8808 - AVERY RANCH EAST PH 2 SEC 4, BLOCK F, Lot 3","R250501D"," ","S8808 - AVERY RANCH EAST PH 2 SEC 4","Real","$745,576","$745,576"
"R467024","R-16-3065-000G-0006","ZHANG, ZE & JOHN DAVID SIMON","16417 BROADBAY DR  AUSTIN, TX 78717","16417 BROADBAY DR, AUSTIN, TX  78717","S8808 - AVERY RANCH EAST PH 2 SEC 4, BLOCK G, Lot 6","R250501D"," ","S8808 - AVERY RANCH EAST PH 2 SEC 4","Real","$762,210","$762,210"
"R467038","R-16-3065-000G-0030","NGUYEN, THANH V & HUNG T","16208 OLD BALDY DR  AUSTIN, TX 78717","16208 OLD BALDY DR, AUSTIN, TX  78717","S8808 - AVERY RANCH EAST PH 2 SEC 4, BLOCK G, Lot 30","R250501D"," ","S8808 - AVERY RANCH EAST PH 2 SEC 4","Real","$861,911","$861,911"
"R467062","R-16-3065-000J-0030","CHILUKURI SRINIVAS (TOD) & SWATHI CHILUKURI (TOD)","10683 BRAMBLECREST DR  AUSTIN, TX 78726","9708 RIAS WAY, AUSTIN, TX  78717","S8808 - AVERY RANCH EAST PH 2 SEC 4, BLOCK J, Lot 30","R250501D"," ","S8808 - AVERY RANCH EAST PH 2 SEC 4","Real","$648,968","$648,968"
"R467067","R-16-3066-000B-0011","CARTER COONS ESQ TR APOLLO 900 TRUST","3225 MCLEOD DR  #STE 777 LAS VEGAS, NV 89121-2257","9900 PALMBROOK DR, AUSTIN, TX  78717","S8800 - AVERY RANCH EAST PH 2 SEC 5, BLOCK B, Lot 11","R250501D"," ","S8800 - AVERY RANCH EAST PH 2 SEC 5","Real","$898,505","$898,505"
"R467095","R-16-3066-000B-0039","KITCHEN, WILLIAM & DARLA J","16500 ALONG CREEK CV  AUSTIN, TX 78717","16500 ALONG CREEK CV, AUSTIN, TX  78717","S8800 - AVERY RANCH EAST PH 2 SEC 5, BLOCK B, Lot 39","R250501D"," ","S8800 - AVERY RANCH EAST PH 2 SEC 5","Real","$882,153","$882,153"
"R467096","R-16-3066-000B-0040","ROBINSON, KEVIN A & BREE A","16504 ALONG CREEK CV  AUSTIN, TX 78717","16504 ALONG CREEK CV, AUSTIN, TX  78717","S8800 - AVERY RANCH EAST PH 2 SEC 5, BLOCK B, Lot 40","R250501D"," ","S8800 - AVERY RANCH EAST PH 2 SEC 5","Real","$948,004","$948,004"
"R453798","R-16-3063-000A-0004","PANAG, RAJBIR","10801 LEAFWOOD L AUSTIN, TX 78750-3488","16105 INDINA HILLS CV, AUSTIN, TX  78717","S8520 - AVERY RANCH EAST PH 2 SEC 2, BLOCK A, Lot 4","R250501D"," ","S8520 - AVERY RANCH EAST PH 2 SEC 2","Real","$652,771","$652,771"
"R453811","R-16-3063-000A-0017","WARREN, GLENN & MELISSA","9621 INDINA HILLS DR  AUSTIN, TX 78717","9621 INDINA HILLS DR, AUSTIN, TX  78717","S8520 - AVERY RANCH EAST PH 2 SEC 2, BLOCK A, Lot 17","R250501D"," ","S8520 - AVERY RANCH EAST PH 2 SEC 2","Real","$866,596","$866,596"
"R453858","R-16-3063-000D-0020","CESAR, RICARDO M & PRISCILA","16220 FINCASTLE DR AUSTIN, TX 78717-3896","16220 FINCASTLE DR, AUSTIN, TX  78717","S8520 - AVERY RANCH EAST PH 2 SEC 2, BLOCK D, Lot 20","R250501D"," ","S8520 - AVERY RANCH EAST PH 2 SEC 2","Real","$930,875","$930,875"
"R453864","R-16-3063-000E-0003","WARRIER, RAJESH H (TOD) & DIVYA (TOD)","9709 PALMBROOK DR  AUSTIN, TX 78717","9709 PALMBROOK DR, AUSTIN, TX  78717","S8520 - AVERY RANCH EAST PH 2 SEC 2, BLOCK E, Lot 3","R250501D"," ","S8520 - AVERY RANCH EAST PH 2 SEC 2","Real","$852,206","$852,206"
"R453887","R-16-3062-000B-0107","SMITH, WILLIAM & JING (TOD)","9413 LISI ANNE DR  AUSTIN, TX 78717","9413 LISI ANNE DR, AUSTIN, TX  78717","S8519 - AVERY RANCH EAST PH 2 SEC 1, BLOCK B, Lot 107","R250501D"," ","S8519 - AVERY RANCH EAST PH 2 SEC 1","Real","$784,239","$784,239"
"R453918","R-16-3062-000E-0018","NGUYEN, DUC HOANG","12408 TOMANET TRL AUSTIN, TX 78758-2412","16304 ALMADEN DR, AUSTIN, TX  78717","S8519 - AVERY RANCH EAST PH 2 SEC 1, BLOCK E, Lot 18","R250501D"," ","S8519 - AVERY RANCH EAST PH 2 SEC 1","Real","$744,922","$744,922"
"R453924","R-16-3062-000E-0024","NAKKALA, RAVINDRA REDDY & MANGA","16208 ALMADEN DR  AUSTIN, TX 78717","16208 ALMADEN DR, AUSTIN, TX  78717","S8519 - AVERY RANCH EAST PH 2 SEC 1, BLOCK E, Lot 24","R250501D"," ","S8519 - AVERY RANCH EAST PH 2 SEC 1","Real","$754,402","$754,402"
"R453934","R-16-3062-000F-0022","ZANE ALAM & RUMANA FARZANA TR ZA & RF FAMILY REVOCABLE TRUST","16224 WYNSTONE LN  AUSTIN, TX 78717","16224 WYNSTONE LN, AUSTIN, TX  78717","AVERY RANCH EAST PH 2 SEC 1, BLOCK F, Lot 22","R250501D"," ","S8519 - AVERY RANCH EAST PH 2 SEC 1","Real","$751,478","$751,478"
"R454333","R-16-3029-000A-0009","DENNISON, MICHAEL C & CHRISTY C","190 JULY JOHNSON DR AUSTIN, TX 78737-1500","9504 PALMBROOK DR, AUSTIN, TX  78717","S8596 - GOLF CLUB@AVERY RNCH,AVERY MORRISON & AVERY ESTS (R, BLOCK A, Lot 9","R250501D"," ","S8596 - GOLF CLUB@AVERY RNCH,AVERY MORRISON & AVERY ESTS (R","Real","$879,204","$879,204"
"R411532","R-16-3016-000A-0004","HUI LI & JUNHUA ZHAO CO TRUSTEES OF THE HU LI & JUNHUA ZHAO LIVING TRUST","5992 VILLAGE CENTER LOOP RD  #UNIT 9 SAN DIEGO, CA 92130-2932","15805 DOUBLE EAGLE DR, AUSTIN, TX  78717","S7746 - Avery Morrison Sub, BLOCK A, Lot 4","R250501D"," ","S7746 - Avery Morrison Sub","Real","$626,656","$626,656"
"R411536","R-16-3016-000A-0008","CHOUDHARY, CHANDAN & ZEBENAY E MEASHO","16623 BARRETT POST LN HOUSTON, TX 77095-5522","10208 MEDINAH GREENS DR, AUSTIN, TX  78717","S7746 - Avery Morrison Sub, BLOCK A, Lot 8","R250501D"," ","S7746 - Avery Morrison Sub","Real","$904,838","$904,838"
"R411569","R-16-3016-000B-0005","HAIDER, SAJAWAL & BEENISH ZIA","213 MORNINGSIDE RD  PARAMUS, NJ 07652-1650","10205 MEDINAH GREENS DR, AUSTIN, TX  78717","S7746 - Avery Morrison Sub, BLOCK B, Lot 5","R250501D"," ","S7746 - Avery Morrison Sub","Real","$676,451","$676,451"
"R411570","R-16-3016-000B-0006","JAWAHAR, DHANDAPANI & KANJBALA","3509 PRAIRIE HEIGHTS DR LEANDER, TX 78641-4279","15800 DOUBLE EAGLE DR, AUSTIN, TX  78717","S7746 - Avery Morrison Sub, BLOCK B, Lot 6","R250501D"," ","S7746 - Avery Morrison Sub","Real","$733,156","$733,156"
"R411968","R-16-3020-000B-0045","AVERY RANCH OWNERS ASSOC INC","PO BOX 702348 DALLAS, TX 75370-2348","16501 FLOWLER MILL CV, AUSTIN, TX  78717","S7676 - Avery Ranch East Ph 1, BLOCK B, Lot 45, ACRES 0.08, (OPEN SPACE)","R250501D"," ","S7676 - Avery Ranch East Ph 1","Real","$300","$300"
"R431310","R-16-3027-000A-0032","UDAY, MUKTA & KUMAR UDAY","10608 MEDINAH GREENS DR  AUSTIN, TX 78717","10608 MEDINAH GREENS DR, AUSTIN, TX  78717","S8140 - Golf Club At Avery Ranch, Avery Morrison Blk A&f And, BLOCK A, Lot 32","R250501D"," ","S8140 - Golf Club At Avery Ranch, Avery Morrison Blk A&f And","Real","$925,442","$925,442"
"R431317","R-16-3027-000F-0020","TIGNER JUDITH A & HARLEY D TRUSTEES JUDITH & HARLEY TIGNER LIVING TRUST","16213 DOUBLE EAGLE DR  AUSTIN, TX 78717","16213 DOUBLE EAGLE DR, AUSTIN, TX  78717","S8140 - Golf Club At Avery Ranch, Avery Morrison Blk A&f And, BLOCK F, Lot 20","R250501D"," ","S8140 - Golf Club At Avery Ranch, Avery Morrison Blk A&f And","Real","$952,177","$952,177"
"R466888","R-16-3067-000A-0002A","DEVELOPERS OF AVERY RANCH LTD","Attn: ROBERT D WUNSCH 4314 W BRAKER LN  #STE 250 AUSTIN, TX 78759","PALMBROOK DR, AUSTIN, TX  78717","S8863 - AVERY RANCH EAST PARKSIDE, BLOCK A, Lot 2/PT, {R466882/CAU}, (DEL06)","R250501D"," ","S8863 - AVERY RANCH EAST PARKSIDE","Real","$22,500","$22,500"
"R466959","R-16-3064-000B-0071","HENDERSON, KATHLEEN & BRANDON","10113 LISI ANNE DR  AUSTIN, TX 78717","10113 LISI ANNE DR, AUSTIN, TX  78717","S8802 - AVERY RANCH EAST PH 2 SEC 3, BLOCK B, Lot 71","R250501D"," ","S8802 - AVERY RANCH EAST PH 2 SEC 3","Real","$883,452","$883,452"
"R466982","R-16-3064-000G-0015","CHIANG, SHANG-LUN & PEI-YING LIN","16517 BROADBAY DR  AUSTIN, TX 78717","16517 BROADBAY DR, AUSTIN, TX  78717","S8802 - AVERY RANCH EAST PH 2 SEC 3, BLOCK G, Lot 15","R250501D"," ","S8802 - AVERY RANCH EAST PH 2 SEC 3","Real","$679,476","$679,476"
"R467016","R-16-3065-000F-0007","KHALED, WASIM & ZEENAT A ZAMAN","16225 OLD BALDY DR  AUSTIN, TX 78717","16225 OLD BALDY DR, AUSTIN, TX  78717","S8808 - AVERY RANCH EAST PH 2 SEC 4, BLOCK F, Lot 7","R250501D"," ","S8808 - AVERY RANCH EAST PH 2 SEC 4","Real","$752,562","$752,562"
"R467031","R-16-3065-000G-0023","GARZA, VIRGINIA","P.O. BOX 310  CEDAR PARK, TX 78630","16300 OLD BALDY DR, AUSTIN, TX  78717","S8808 - AVERY RANCH EAST PH 2 SEC 4, BLOCK G, Lot 23","R250501D"," ","S8808 - AVERY RANCH EAST PH 2 SEC 4","Real","$774,628","$774,628"
"R467036","R-16-3065-000G-0028","GUPTA, AYUSH & AVEESHA SHARMA","16216 OLD BALDY DR  AUSTIN, TX 78717","16216 OLD BALDY DR, AUSTIN, TX  78717","S8808 - AVERY RANCH EAST PH 2 SEC 4, BLOCK G, Lot 28","R250501D"," ","S8808 - AVERY RANCH EAST PH 2 SEC 4","Real","$785,058","$785,058"
"R467086","R-16-3066-000B-0030","PHILLIPS, SHAWN & JENNIFER","16409 ALONG CREEK CV  AUSTIN, TX 78717","16409 ALONG CREEK CV, AUSTIN, TX  78717","S8800 - AVERY RANCH EAST PH 2 SEC 5, BLOCK B, Lot 30","R250501D"," ","S8800 - AVERY RANCH EAST PH 2 SEC 5","Real","$1,051,458","$1,051,458"
"R467108","R-16-3066-000B-0052","BHUTA, TAPASYA & RONAK","10104 PALMBROOK DR  AUSTIN, TX 78717","10104 PALMBROOK DR, AUSTIN, TX  78717","S8800 - AVERY RANCH EAST PH 2 SEC 5, BLOCK B, Lot 52","R250501D"," ","S8800 - AVERY RANCH EAST PH 2 SEC 5","Real","$867,429","$867,429"
"R467129","R-16-3066-000J-0013","SMITH, COREY RONALD","10101 PALMBROOK DR  AUSTIN, TX 78717","10101 PALMBROOK DR, AUSTIN, TX  78717","S8800 - AVERY RANCH EAST PH 2 SEC 5, BLOCK J, Lot 13","R250501D"," ","S8800 - AVERY RANCH EAST PH 2 SEC 5","Real","$922,823","$922,823"
"R453421","R-16-3063-000A-0002","AVERY RANCH OWNERS ASSOCIATION INC","9601 AMBERGLEN BLVD  #STE 150 AUSTIN, TX 78729","AVERY RANCH BLVD, AUSTIN, TX  78717","S8520 - AVERY RANCH EAST PH 2 SEC 2, BLOCK A, Lot 2, ACRES 0.13, (LANDSCAPE)","R250501D"," ","S8520 - AVERY RANCH EAST PH 2 SEC 2","Real","$300","$300"
"R453803","R-16-3063-000A-0009","JAYAPRAKASH, RAJKUMAR & AMUDHA RAMACHANDRAN","403 BLUFF POINT BND  CEDAR PARK, TX 78613-7683","16108 INDINA HILLS CV, AUSTIN, TX  78717","S8520 - AVERY RANCH EAST PH 2 SEC 2, BLOCK A, Lot 9","R250501D"," ","S8520 - AVERY RANCH EAST PH 2 SEC 2","Real","$631,588","$631,588"
"R453810","R-16-3063-000A-0016","ASKA FAMILY REVOCABLE TRUST","9617 INDINA HILLS DR  AUSTIN, TX 78717","9617 INDINA HILLS DR, AUSTIN, TX  78717","S8520 - AVERY RANCH EAST PH 2 SEC 2, BLOCK A, Lot 16","R250501D"," ","S8520 - AVERY RANCH EAST PH 2 SEC 2","Real","$768,750","$768,750"
"R453828","R-16-3063-000B-0008","WU, JENNIFER QI & HOAXING REN","9520 INDINA HILLS DR  AUSTIN, TX 78717","9520 INDINA HILLS DR, AUSTIN, TX  78717","S8520 - AVERY RANCH EAST PH 2 SEC 2, BLOCK B, Lot 8","R250501D"," ","S8520 - AVERY RANCH EAST PH 2 SEC 2","Real","$914,614","$914,614"
"R453863","R-16-3063-000E-0002","YEE, DANIEL & JUDY LIN-YEE","9705 PALMBROOK DR  AUSTIN, TX 78717","9705 PALMBROOK DR, AUSTIN, TX  78717","S8520 - AVERY RANCH EAST PH 2 SEC 2, BLOCK E, Lot 2","R250501D"," ","S8520 - AVERY RANCH EAST PH 2 SEC 2","Real","$748,323","$748,323"
"R453900","R-16-3062-000D-0012","ONEAL, LARRY D & BETTY C","16313 ALMADEN DR AUSTIN, TX 78717-3889","16313 ALMADEN DR, AUSTIN, TX  78717","S8519 - AVERY RANCH EAST PH 2 SEC 1, BLOCK D, Lot 12","R250501D"," ","S8519 - AVERY RANCH EAST PH 2 SEC 1","Real","$678,428","$678,428"
"R453913","R-16-3062-000E-0013","GOVINDARAJ, SURESHKUMAR & SWAPNA MAHENDRA BABU","9708 LISI ANNE DR  AUSTIN, TX 78717-3885","9708 LISI ANNE DR, AUSTIN, TX  78717","S8519 - AVERY RANCH EAST PH 2 SEC 1, BLOCK E, Lot 13","R250501D"," ","S8519 - AVERY RANCH EAST PH 2 SEC 1","Real","$752,392","$752,392"
"R453922","R-16-3062-000E-0022","PETERSON, ERIC R & JOYCE A","4005 BRADY RIDGE DR CEDAR PARK, TX 78613-2067","16216 ALMADEN DR, AUSTIN, TX  78717","S8519 - AVERY RANCH EAST PH 2 SEC 1, BLOCK E, Lot 22","R250501D"," ","S8519 - AVERY RANCH EAST PH 2 SEC 1","Real","$678,941","$678,941"
"R411537","R-16-3016-000A-0009","AGGARWAL, TANUJ & MEGHA MATHUR","10212 MEDINAH GREENS DR  AUSTIN, TX 78717","10212 MEDINAH GREENS DR, AUSTIN, TX  78717","S7746 - Avery Morrison Sub, BLOCK A, Lot 9","R250501D"," ","S7746 - Avery Morrison Sub","Real","$874,009","$874,009"
"R411550","R-16-3016-000A-0022","ZHANG, LI & YI CHEN","10504 MEDINAH GREENS DR  AUSTIN, TX 78717-3803","10504 MEDINAH GREENS DR, AUSTIN, TX  78717","S7746 - Avery Morrison Sub, BLOCK A, Lot 22","R250501D"," ","S7746 - Avery Morrison Sub","Real","$817,841","$817,841"
"R411553","R-16-3016-000A-0025","OCONNOR, JAMES M","10520 MEDINAH GREENS DR AUSTIN, TX 78717-3803","10520 MEDINAH GREENS DR, AUSTIN, TX  78717","S7746 - Avery Morrison Sub, BLOCK A, Lot 25","R250501D"," ","S7746 - Avery Morrison Sub","Real","$874,505","$874,505"
"R411587","R-16-3016-000B-0023","HERMES, REED ALAN & PAIGE MARIE","10201 KIAWAH ISLAND CV  AUSTIN, TX 78717","10201 KIAWAH ISLAND CV, AUSTIN, TX  78717","S7746 - Avery Morrison Sub, BLOCK B, Lot 23","R250501D"," ","S7746 - Avery Morrison Sub","Real","$866,178","$866,178"
"R411595","R-16-3016-000C-0007","STROMBERG, DAVID C & TAMARA N","15908 KIAWAH ISLAND DR  AUSTIN, TX 78717-3810","15908 KIAWAH ISLAND DR, AUSTIN, TX  78717","S7746 - Avery Morrison Sub, BLOCK C, Lot 7","R250501D"," ","S7746 - Avery Morrison Sub","Real","$774,400","$774,400"
"R411609","R-16-3016-000D-0004","RAYOS SONNY P & VERONICA C","15804 ESTENCIA REY DR AUSTIN, TX 78717-3807","15804 ESTENCIA REY DR, AUSTIN, TX  78717","S7746 - Avery Morrison Sub, BLOCK D, Lot 4","R250501D"," ","S7746 - Avery Morrison Sub","Real","$665,772","$665,772"
"R411612","R-16-3016-000D-0007","KIM, BENJAMIN SUNG KU & SUSAN MEESUN","15904 ESTENCIA REY DR  AUSTIN, TX 78717","15904 ESTENCIA REY DR, AUSTIN, TX  78717","S7746 - Avery Morrison Sub, BLOCK D, Lot 7","R250501D"," ","S7746 - Avery Morrison Sub","Real","$836,397","$836,397"
"R411613","R-16-3016-000D-0008","RAO, PRASHANTH & DIVYA R","16200 DOUBLE EAGLE DR  AUSTIN, TX 78717","16200 DOUBLE EAGLE DR, AUSTIN, TX  78717","S7746 - Avery Morrison Sub, BLOCK D, Lot 8","R250501D"," ","S7746 - Avery Morrison Sub","Real","$766,252","$766,252"
"R412177","R-16-3020-000F-0078","AVERY RANCH OWNERS ASSOC INC","PO BOX 702348 DALLAS, TX 75370-2348","ENNIS TRL, AUSTIN, TX  78717","S7676 - Avery Ranch East Ph 1, BLOCK F, Lot 78 pt, ACRES 0.32, (PARKLAND)","R250501D"," ","S7676 - Avery Ranch East Ph 1","Real","$300","$300"
"R431306","R-16-3027-000A-0028","SIMMONS, DUSTIN EDWARD & DEBORAH LYNN","10532 MEDINAH GREENS DR  AUSTIN, TX 78717-3803","10532 MEDINAH GREENS DR, AUSTIN, TX  78717","S8140 - Golf Club At Avery Ranch, Avery Morrison Blk A&f And, BLOCK A, Lot 28","R250501D"," ","S8140 - Golf Club At Avery Ranch, Avery Morrison Blk A&f And","Real","$1,004,251","$1,004,251"
"R466972","R-16-3064-000B-0084","BRYAN J FARINA & LISA D FARINA TRS FARINA LIVING TRUST","10005 LISI ANNE DR  AUSTIN, TX 78717-3996","10005 LISI ANNE DR, AUSTIN, TX  78717","S8802 - AVERY RANCH EAST PH 2 SEC 3, BLOCK B, Lot 84","R250501D"," ","S8802 - AVERY RANCH EAST PH 2 SEC 3","Real","$877,643","$877,643"
"R466975","R-16-3064-000B-0087","OLIVER, CLIFFORD E (TOD)","9917 LISI ANNE DR  AUSTIN, TX 78717-3887","9917 LISI ANNE DR, AUSTIN, TX  78717","S8802 - AVERY RANCH EAST PH 2 SEC 3, BLOCK B, Lot 87","R250501D"," ","S8802 - AVERY RANCH EAST PH 2 SEC 3","Real","$721,418","$721,418"
"R466988","R-16-3064-000H-0014","TIWARI, RAJESH & RASHMI R","15508 BENDED KNEE DR  AUSTIN, TX 78717","10028 LISI ANNE DR, AUSTIN, TX  78717","S8802 - AVERY RANCH EAST PH 2 SEC 3, BLOCK H, Lot 14","R250501D"," ","S8802 - AVERY RANCH EAST PH 2 SEC 3","Real","$617,594","$617,594"
"R467020","R-16-3065-000F-0011","CHENNAMANENI ADARSH & NITIKA VARDHINENI","16309 OLD BALDY DR  AUSTIN, TX 78717-4001","16309 OLD BALDY DR, AUSTIN, TX  78717","S8808 - AVERY RANCH EAST PH 2 SEC 4, BLOCK F, Lot 11","R250501D"," ","S8808 - AVERY RANCH EAST PH 2 SEC 4","Real","$800,494","$800,494"
"R467034","R-16-3065-000G-0026","DIAM HOLDINGS B LLC","10247 DIANELLA LN  AUSTIN, TX 78759-3040","16224 OLD BALDY DR, AUSTIN, TX  78717","S8808 - AVERY RANCH EAST PH 2 SEC 4, BLOCK G, Lot 26","R250501D"," ","S8808 - AVERY RANCH EAST PH 2 SEC 4","Real","$661,801","$661,801"
"R467044","R-16-3065-000H-0006","HAN, JUN & KAI YANG","9721 RIAS WAY  AUSTIN, TX 78717-3998","9721 RIAS WAY, AUSTIN, TX  78717","S8808 - AVERY RANCH EAST PH 2 SEC 4, BLOCK H, Lot 6","R250501D"," ","S8808 - AVERY RANCH EAST PH 2 SEC 4","Real","$677,746","$677,746"
"R467055","R-16-3065-000J-0023","RAMACHANDRAN, PRASATH & KARTHIKEYANI DURAIRAJ","9808 RIAS WAY  AUSTIN, TX 78717","9808 RIAS WAY, AUSTIN, TX  78717","S8808 - AVERY RANCH EAST PH 2 SEC 4, BLOCK J, Lot 23","R250501D"," ","S8808 - AVERY RANCH EAST PH 2 SEC 4","Real","$873,543","$873,543"
"R467090","R-16-3066-000B-0034","WHALEN, JOSEPH & STEPHANIE","16416 ALONG CREEK CV  AUSTIN, TX 78717-3991","16416 ALONG CREEK CV, AUSTIN, TX  78717","S8800 - AVERY RANCH EAST PH 2 SEC 5, BLOCK B, Lot 34","R250501D"," ","S8800 - AVERY RANCH EAST PH 2 SEC 5","Real","$916,870","$916,870"
"R467097","R-16-3066-000B-0041","BECKER, BRADLEY & KRISTINA","16516 ALONG CREEK CV  AUSTIN, TX 78717","16516 ALONG CREEK CV, AUSTIN, TX  78717","S8800 - AVERY RANCH EAST PH 2 SEC 5, BLOCK B, Lot 41","R250501D"," ","S8800 - AVERY RANCH EAST PH 2 SEC 5","Real","$886,216","$886,216"
"R453800","R-16-3063-000A-0006","OCHOA, JESUS","16113 INDINA HILLS CV  AUSTIN, TX 78717-3880","16113 INDINA HILLS CV, AUSTIN, TX  78717","S8520 - AVERY RANCH EAST PH 2 SEC 2, BLOCK A, Lot 6","R250501D"," ","S8520 - AVERY RANCH EAST PH 2 SEC 2","Real","$699,164","$699,164"
"R453814","R-16-3063-000A-0020","SANKARANARAYANAN, MUTHUKUMAR & KIRTHIKA NAHALINGAM","1061 LAKERIDGE PL SAN RAMON, CA 94582-4818","9705 INDINA HILLS DR, AUSTIN, TX  78717","S8520 - AVERY RANCH EAST PH 2 SEC 2, BLOCK A, Lot 20","R250501D"," ","S8520 - AVERY RANCH EAST PH 2 SEC 2","Real","$701,620","$701,620"
"R453925","R-16-3062-000F-0013","BARAD, NARENDRA","9812 LISI ANNE DR  AUSTIN, TX 78717","9812 LISI ANNE DR, AUSTIN, TX  78717","S8519 - AVERY RANCH EAST PH 2 SEC 1, BLOCK F, Lot 13","R250501D"," ","S8519 - AVERY RANCH EAST PH 2 SEC 1","Real","$824,352","$824,352"
"R453927","R-16-3062-000F-0015","GUO, JIANHONG & YI YIN","9804 LISI ANNE DR  AUSTIN, TX 78717","9804 LISI ANNE DR, AUSTIN, TX  78717","S8519 - AVERY RANCH EAST PH 2 SEC 1, BLOCK F, Lot 15","R250501D"," ","S8519 - AVERY RANCH EAST PH 2 SEC 1","Real","$786,950","$786,950"
"R411599","R-16-3016-000C-0011","WISEMAN, KRISTINE KIEU","16108 DOUBLE EAGLE DR  AUSTIN, TX 78717-3815","16108 DOUBLE EAGLE DR, AUSTIN, TX  78717","S7746 - Avery Morrison Sub, BLOCK C, Lot 11","R250501D"," ","S7746 - Avery Morrison Sub","Real","$823,864","$823,864"
"R466962","R-16-3064-000B-0074","CHANG, MING-CHEN & YI-CHUN LIN","10101 LISI ANNE DR  AUSTIN, TX 78717","10101 LISI ANNE DR, AUSTIN, TX  78717","S8802 - AVERY RANCH EAST PH 2 SEC 3, BLOCK B, Lot 74","R250501D"," ","S8802 - AVERY RANCH EAST PH 2 SEC 3","Real","$780,771","$780,771"
"R466973","R-16-3064-000B-0085","LOFTON, JACK D & DIANE M","10001 LISI ANNE DR  AUSTIN, TX 78717","10001 LISI ANNE DR, AUSTIN, TX  78717","S8802 - AVERY RANCH EAST PH 2 SEC 3, BLOCK B, Lot 85","R250501D"," ","S8802 - AVERY RANCH EAST PH 2 SEC 3","Real","$815,801","$815,801"
"R466991","R-16-3064-000H-0017","HSIAO, KUAN-SHENG & SZU LING CHAI","4319 HARBOUR PL MISSOURI CITY, TX 77459-4363","10016 LISI ANNE DR, AUSTIN, TX  78717","S8802 - AVERY RANCH EAST PH 2 SEC 3, BLOCK H, Lot 17","R250501D"," ","S8802 - AVERY RANCH EAST PH 2 SEC 3","Real","$776,594","$776,594"
"R466994","R-16-3064-000H-0020","VEGA, MADELINE","16524 BROADBAY DR  AUSTIN, TX 78717","16524 BROADBAY DR, AUSTIN, TX  78717","S8802 - AVERY RANCH EAST PH 2 SEC 3, BLOCK H, Lot 20","R250501D"," ","S8802 - AVERY RANCH EAST PH 2 SEC 3","Real","$684,212","$684,212"
"R466999","R-16-3064-000H-0025","PRADHAN, PUSKAR M & SAILI","9705 BROADBAY CV  AUSTIN, TX 78717","9705 BROADBAY CV, AUSTIN, TX  78717","S8802 - AVERY RANCH EAST PH 2 SEC 3, BLOCK H, Lot 25","R250501D"," ","S8802 - AVERY RANCH EAST PH 2 SEC 3","Real","$822,477","$822,477"
"R467003","R-16-3064-000H-0029","OH, SE KWON & YUENSOOK LEE","9720 BROADBAY CV  AUSTIN, TX 78717","9720 BROADBAY CV, AUSTIN, TX  78717","S8802 - AVERY RANCH EAST PH 2 SEC 3, BLOCK H, Lot 29","R250501D"," ","S8802 - AVERY RANCH EAST PH 2 SEC 3","Real","$737,104","$737,104"
"R467023","R-16-3065-000G-0005","MIHALASCU, EDUARD & ELENA","16413 BROADBAY DR  AUSTIN, TX 78717-4004","16413 BROADBAY DR, AUSTIN, TX  78717","S8808 - AVERY RANCH EAST PH 2 SEC 4, BLOCK G, Lot 5","R250501D"," ","S8808 - AVERY RANCH EAST PH 2 SEC 4","Real","$718,169","$718,169"
"R467052","R-16-3065-000J-0020","ABINAVAM, SRINATH S & SUNITA RAMAN","237 PATRIOTS WAY SCOTCH PLAINS, NJ 07076-3502","9820 RIAS WAY, AUSTIN, TX  78717","S8808 - AVERY RANCH EAST PH 2 SEC 4, BLOCK J, Lot 20","R250501D"," ","S8808 - AVERY RANCH EAST PH 2 SEC 4","Real","$747,369","$747,369"
"R467098","R-16-3066-000B-0042","SPILLMAN, WILLIAM F (TOD) & GINA M SPILLMAN (TOD)","16528 ALONG CREEK CV  AUSTIN, TX 78717","16528 ALONG CREEK CV, AUSTIN, TX  78717","S8800 - AVERY RANCH EAST PH 2 SEC 5, BLOCK B, Lot 42","R250501D"," ","S8800 - AVERY RANCH EAST PH 2 SEC 5","Real","$733,212","$733,212"
"R453813","R-16-3063-000A-0019","LILLEBOE, JASON D & MICHELLE L","9701 INDINA HILLS DR AUSTIN, TX 78717-3879","9701 INDINA HILLS DR, AUSTIN, TX  78717","S8520 - AVERY RANCH EAST PH 2 SEC 2, BLOCK A, Lot 19","R250501D"," ","S8520 - AVERY RANCH EAST PH 2 SEC 2","Real","$850,947","$850,947"
"R453890","R-16-3062-000C-0014","THANGAVELU, BALAJEE & NIDHI BAGGA","312 HIGHLAND HORIZON  AUSTIN, TX 78717","9504 LISI ANNE DR, AUSTIN, TX  78717","S8519 - AVERY RANCH EAST PH 2 SEC 1, BLOCK C, Lot 14","R250501D"," ","S8519 - AVERY RANCH EAST PH 2 SEC 1","Real","$623,462","$623,462"
"R453911","R-16-3062-000E-0011","HAMILTON, PATRICK & PRABHA PATRICK","9908 LISI ANNE DR  AUSTIN, TX 78717-3887","16309 WYNSTONE LN, AUSTIN, TX  78717","S8519 - AVERY RANCH EAST PH 2 SEC 1, BLOCK E, Lot 11","R250501D"," ","S8519 - AVERY RANCH EAST PH 2 SEC 1","Real","$626,603","$626,603"
"R454322","R-16-3029-000A-0011","CHAPA MARIO G & JACQUELINE SOLIZ CHAPA","346 THE OAKS BLVD  ELGIN, TX 78621-5800","9512 PALMBROOK DR, AUSTIN, TX  78717","GOLF CLUB@AVERY RNCH,AVERY MORRISON & AVERY ESTS (RESUB), BLOCK A, Lot 11","R250501D"," ","S8596 - GOLF CLUB@AVERY RNCH,AVERY MORRISON & AVERY ESTS (R","Real","$1,029,034","$1,029,034"
"R411545","R-16-3016-000A-0017","HEITNER, BENJAMIN M & SUSAN","10316 MEDINAH GREENS DR  AUSTIN, TX 78717","10316 MEDINAH GREENS DR, AUSTIN, TX  78717","S7746 - Avery Morrison Sub, BLOCK A, Lot 17","R250501D"," ","S7746 - Avery Morrison Sub","Real","$832,376","$832,376"
"R411578","R-16-3016-000B-0014","BURATTI, JOHN M & KATHRYN D","15916 DOUBLE EAGLE DR AUSTIN, TX 78717-3813","15916 DOUBLE EAGLE DR, AUSTIN, TX  78717","S7746 - Avery Morrison Sub, BLOCK B, Lot 14","R250501D"," ","S7746 - Avery Morrison Sub","Real","$857,048","$857,048"
"R411603","R-16-3016-000C-0015","NAZIM, NADIR F","15901 ESTENCIA REY DR AUSTIN, TX 78717-3808","15901 ESTENCIA REY DR, AUSTIN, TX  78717","S7746 - Avery Morrison Sub, BLOCK C, Lot 15","R250501D"," ","S7746 - Avery Morrison Sub","Real","$772,270","$772,270"
"R411620","R-16-3016-000D-0015","FURQUERON, CONNOR CADE & KATY LYNN HANSON","15805 ROYAL ASHDOWN DR  AUSTIN, TX 78717","15805 ROYAL ASHDOWN DR, AUSTIN, TX  78717","S7746 - Avery Morrison Sub, BLOCK D, Lot 15","R250501D"," ","S7746 - Avery Morrison Sub","Real","$786,629","$786,629"
"R411636","R-16-3016-000F-0002","BRISKEY, ENZIE N","15905 DOUBLE EAGLE DR  AUSTIN, TX 78717","15905 DOUBLE EAGLE DR, AUSTIN, TX  78717","S7746 - Avery Morrison Sub, BLOCK F, Lot 2","R250501D"," ","S7746 - Avery Morrison Sub","Real","$686,024","$686,024"
"R411637","R-16-3016-000F-0003","TANEJA, KUNAL","15909 DOUBLE EAGLE DR  AUSTIN, TX 78717","15909 DOUBLE EAGLE DR, AUSTIN, TX  78717","S7746 - Avery Morrison Sub, BLOCK F, Lot 3","R250501D"," ","S7746 - Avery Morrison Sub","Real","$673,811","$673,811"
"R411889","R-16-3020-000A-0057","AVERY RANCH OWNERS ASSOC INC","PO BOX 702348 DALLAS, TX 75370-2348","BILLINGHAM TRL, AUSTIN, TX  78717","S7676 - Avery Ranch East Ph 1, BLOCK A, Lot 57, ACRES 0.12, (LANDSCAPE)","R250501D"," ","S7676 - Avery Ranch East Ph 1","Real","$300","$300"
"R412035","R-16-3020-000C-0036","AVERY RANCH OWNERS ASSOC INC","PO BOX 702348 DALLAS, TX 75370-2348","16716 BRAYTON PARK DR, AUSTIN, TX  78717","S7794 - Avery Ranch East Ph 1 Amended, BLOCK C, Lot 36, ACRES 1.44, (OPEN SPACE)","R250501D"," ","S7794 - Avery Ranch East Ph 1 Amended","Real","$432","$432"
"R466990","R-16-3064-000H-0016","KRAMER, KENNETH E & MARY ELLEN","10020 LISI ANNE DR  AUSTIN, TX 78717","10020 LISI ANNE DR, AUSTIN, TX  78717","S8802 - AVERY RANCH EAST PH 2 SEC 3, BLOCK H, Lot 16","R250501D"," ","S8802 - AVERY RANCH EAST PH 2 SEC 3","Real","$670,523","$670,523"
"R467033","R-16-3065-000G-0025","BALAKRISHNAN, SATHISH & RAJARATHI SAMUTHIRARAJ","15806 AXEHANDLE TRL AUSTIN, TX 78717-4165","16228 OLD BALDY DR, AUSTIN, TX  78717","S8808 - AVERY RANCH EAST PH 2 SEC 4, BLOCK G, Lot 25","R250501D"," ","S8808 - AVERY RANCH EAST PH 2 SEC 4","Real","$813,628","$813,628"
"R467035","R-16-3065-000G-0027","SHUKLA, AMIT & REETIKA AMIT SHUKLA","16220 OLD BALDY DR  AUSTIN, TX 78717","16220 OLD BALDY DR, AUSTIN, TX  78717","S8808 - AVERY RANCH EAST PH 2 SEC 4, BLOCK G, Lot 27","R250501D"," ","S8808 - AVERY RANCH EAST PH 2 SEC 4","Real","$749,866","$749,866"
"R467046","R-16-3065-000H-0008","SZE, CHIN NGAI & MAN LING WINNIE PANG","16800 CYPRESS LANDING CV  AUSTIN, TX 78717","9729 RIAS WAY, AUSTIN, TX  78717","S8808 - AVERY RANCH EAST PH 2 SEC 4, BLOCK H, Lot 8","R250501D"," ","S8808 - AVERY RANCH EAST PH 2 SEC 4","Real","$670,134","$670,134"
"R467054","R-16-3065-000J-0022","MUTHUSAMY, SANKAR & BHARATHY THANGAVELU","9812 RIAS WAY AUSTIN, TX 78717-3999","9812 RIAS WAY, AUSTIN, TX  78717","S8808 - AVERY RANCH EAST PH 2 SEC 4, BLOCK J, Lot 22","R250501D"," ","S8808 - AVERY RANCH EAST PH 2 SEC 4","Real","$670,746","$670,746"
"R467131","R-16-3066-000J-0015","MASKEY, UJWAL & GEENA","10113 PALMBROOK DR  AUSTIN, TX 78717","10113 PALMBROOK DR, AUSTIN, TX  78717","S8800 - AVERY RANCH EAST PH 2 SEC 5, BLOCK J, Lot 15","R250501D"," ","S8800 - AVERY RANCH EAST PH 2 SEC 5","Real","$726,510","$726,510"
"R453833","R-16-3063-000C-0003","ARUNACHALAM ANNAMALAI, MURUGAPPAN & ALAMELU VELAPPAN SUBRAMANIAN","9509 PALMBROOK DR  AUSTIN, TX 78717-3894","9509 PALMBROOK DR, AUSTIN, TX  78717","S8520 - AVERY RANCH EAST PH 2 SEC 2, BLOCK C, Lot 3","R250501D"," ","S8520 - AVERY RANCH EAST PH 2 SEC 2","Real","$846,228","$846,228"
"R453841","R-16-3063-000C-0011","RAMAIAH, LAKSHMANAN R & MANJU GOVINDARAJAN","16309 FINCASTLE DR  AUSTIN, TX 78717","16309 FINCASTLE DR, AUSTIN, TX  78717","S8520 - AVERY RANCH EAST PH 2 SEC 2, BLOCK C, Lot 11","R250501D"," ","S8520 - AVERY RANCH EAST PH 2 SEC 2","Real","$759,901","$759,901"
"R453885","R-16-3062-000B-0105","ACHANTA, PHANI & KIRANMAYI KADAMBARI","6409 MAUNA KEA DR AUSTIN, TX 78746-7155","9421 LISI ANNE DR, AUSTIN, TX  78717","S8519 - AVERY RANCH EAST PH 2 SEC 1, BLOCK B, Lot 105","R250501D"," ","S8519 - AVERY RANCH EAST PH 2 SEC 1","Real","$765,910","$765,910"
"R453886","R-16-3062-000B-0106","MONEY, CHARLES R & LESLIE A","9417 LISI ANNE DR  AUSTIN, TX 78717","9417 LISI ANNE DR, AUSTIN, TX  78717","S8519 - AVERY RANCH EAST PH 2 SEC 1, BLOCK B, Lot 106","R250501D"," ","S8519 - AVERY RANCH EAST PH 2 SEC 1","Real","$824,923","$824,923"
"R453916","R-16-3062-000E-0016","JUNNARE, ABHIJIT ARUN","16312 ALMADEN DR AUSTIN, TX 78717-3889","16312 ALMADEN DR, AUSTIN, TX  78717","S8519 - AVERY RANCH EAST PH 2 SEC 1, BLOCK E, Lot 16","R250501D"," ","S8519 - AVERY RANCH EAST PH 2 SEC 1","Real","$709,157","$709,157"
"R453929","R-16-3062-000F-0017","HAN, SHUOSHUO & CHENYANG SHI","16312 WYNSTONE LN  AUSTIN, TX 78717","16312 WYNSTONE LN, AUSTIN, TX  78717","S8519 - AVERY RANCH EAST PH 2 SEC 1, BLOCK F, Lot 17","R250501D"," ","S8519 - AVERY RANCH EAST PH 2 SEC 1","Real","$648,235","$648,235"
"R454317","R-16-3029-000A-0005","ANDERSON, DAVID MICHAEL & SONIA","9620 INDINA HILLS DR  AUSTIN, TX 78717","9620 INDINA HILLS DR, AUSTIN, TX  78717","S8596 - GOLF CLUB@AVERY RNCH,AVERY MORRISON & AVERY ESTS (R, BLOCK A, Lot 5","R250501D"," ","S8596 - GOLF CLUB@AVERY RNCH,AVERY MORRISON & AVERY ESTS (R","Real","$968,777","$968,777"
"R454334","R-16-3029-000A-0002","PHONDGE, VIDYESH S & HARSHA K SHIRODKAR","9608 INDINA HILLS DR  AUSTIN, TX 78717-3878","9608 INDINA HILLS DR, AUSTIN, TX  78717","GOLF CLUB@AVERY RNCH,AVERY MORRISON & AVERY ESTS (RESUB), BLOCK A, Lot 2","R250501D"," ","S8596 - GOLF CLUB@AVERY RNCH,AVERY MORRISON & AVERY ESTS (R","Real","$1,097,255","$1,097,255"
