"PROPERTY ID","ACCOUNT","OWNER NAME","OWNER ADDRESS","SITUS ADDRESS","LEGAL DESCRIPTION","NEIGHBORHOOD CODE","ABSTRACT","SUBDIVISION","PROPERTY TYPE","2027 ASSESSED VALUE","2027 MARKET VALUE"
"R591736","R-20-3160-023A-0055","MILLET, JEFF ALAN","120 SCENIC HILLS CIR  GEORGETOWN, TX 78628","120 SCENIC HILLS CIR, GEORGETOWN, TX  78628","S12219 - CRESCENT BLUFF SEC 2 & 3, BLOCK A, Lot 55","G226417C"," ","S12219 - CRESCENT BLUFF SEC 2 & 3","Real","N/A","N/A"
"R591738","R-20-3160-023A-0057","ROBBINS, JASON MILLER & JUDITH-LU DUNCAN","128 SCENIC HILLS CIR  GEORGETOWN, TX 78628-2569","128 SCENIC HILLS CIR, GEORGETOWN, TX  78628","S12219 - CRESCENT BLUFF SEC 2 & 3, BLOCK A, Lot 57","G226417C"," ","S12219 - CRESCENT BLUFF SEC 2 & 3","Real","N/A","N/A"
"R591755","R-20-3160-023F-0010","MADHAPPAN, ESWARI & ARUNKUMAR  CHELLAPPA CHANDRASEKARAN","182 W ALACALA CT  MOUNTAIN HOUSE, CA 95391","205 SCENIC HILLS CIR, GEORGETOWN, TX  78628","S12219 - CRESCENT BLUFF SEC 2 & 3, BLOCK F, Lot 10","G226417C"," ","S12219 - CRESCENT BLUFF SEC 2 & 3","Real","N/A","N/A"
"R591785","R-20-3160-023V-0009","BRINSON, ANDREW THOMAS & COURTNEY NICOLE TAYLOR","508 PINNACLE VIEW DR  GEORGETOWN, TX 78628","508 PINNACLE VIEW DR, GEORGETOWN, TX  78628","S12219 - CRESCENT BLUFF SEC 2 & 3, BLOCK V, Lot 9","G226417C"," ","S12219 - CRESCENT BLUFF SEC 2 & 3","Real","N/A","N/A"
"R591804","R-20-3160-023X-0014","OGBAA, ENYINNA & SHANNON D HOUSTON","609 PINNACLE VIEW DR  GEORGETOWN, TX 78628","609 PINNACLE VIEW DR, GEORGETOWN, TX  78628","S12219 - CRESCENT BLUFF SEC 2 & 3, BLOCK X, Lot 14","G226417C"," ","S12219 - CRESCENT BLUFF SEC 2 & 3","Real","N/A","N/A"
"R591819","R-20-3160-023Y-0007","WALLACE-INMAN, BETSY JILL & DEBORAH","109 WHISTLING WILLOW DR  GEORGETOWN, TX 78628-2574","109 WHISTLING WILLOW DR, GEORGETOWN, TX  78628","S12219 - CRESCENT BLUFF SEC 2 & 3, BLOCK Y, Lot 7","G226417C"," ","S12219 - CRESCENT BLUFF SEC 2 & 3","Real","N/A","N/A"
"R556438","R-20-3160-010A-0003","WILKES, LARRY & BONNIE HAMMONS","108 SAN VIEW DR GEORGETOWN, TX 78628-2150","108 SAN VIEW DR, GEORGETOWN, TX  78628","S11376 - CRESCENT BLUFF SEC 1, BLOCK A, Lot 3","G226417C"," ","S11376 - CRESCENT BLUFF SEC 1","Real","N/A","N/A"
"R556453","R-20-3160-010A-0018","HOLGUIN, EDER & LAURA","604 SCENIC BLUFF DR  GEORGETOWN, TX 78628","604 SCENIC BLUFF DR, GEORGETOWN, TX  78628","S11376 - CRESCENT BLUFF SEC 1, BLOCK A, Lot 18","G226417C"," ","S11376 - CRESCENT BLUFF SEC 1","Real","N/A","N/A"
"R625906","R-20-3160-04BG-0001","GFO HOME LLC","1717 MCKINNEY AVE STE 1590 DALLAS, TX 75202-1242","602 CRESCENT VIEW DR, GEORGETOWN, TX  78628","S12896 - CRESCENT BLUFF SEC 4B, BLOCK G, Lot 1, ACRES 0.155, (OPEN SPACE)","G226417C"," ","S12896 - CRESCENT BLUFF SEC 4B","Real","N/A","N/A"
"R625921","R-20-3160-04BS-0003","GFO HOME LLC","1717 MCKINNEY AVE STE 1590 DALLAS, TX 75202-1242","605 CRESCENT VIEW DR, GEORGETOWN, TX  78628","S12896 - CRESCENT BLUFF SEC 4B, BLOCK S, Lot 3","G226417C"," ","S12896 - CRESCENT BLUFF SEC 4B","Real","N/A","N/A"
"R625938","R-20-3160-04BX-0032","DELA JUSTA, JOHN PHILIP TINIO & RAISA EUNICE MARTINEZ SAMONTE","136 ESTATE HILLS DR  GEORGETOWN, TX 78628-3956","136 ESTATE HILLS DR, GEORGETOWN, TX  78628","S12896 - CRESCENT BLUFF SEC 4B, BLOCK X, Lot 32","G226417C"," ","S12896 - CRESCENT BLUFF SEC 4B","Real","N/A","N/A"
"R625955","R-20-3160-04BY-0004","EEDARA, VENKATA SESHAIAH & SANTHI AVINENI","125 ESTATE HILLS DR  GEORGETOWN, TX 78628","125 ESTATE HILLS DR, GEORGETOWN, TX  78628","S12896 - CRESCENT BLUFF SEC 4B, BLOCK Y, Lot 4","G226417C"," ","S12896 - CRESCENT BLUFF SEC 4B","Real","N/A","N/A"
"R633472","R-20-3160-050K-0016","HOLTKE, JOHN R & GINA WILSON","129 ELM VIEW DR  GEORGETOWN, TX 78628-3947","129 ELM VIEW DR, GEORGETOWN, TX  78628","S13020 - CRESCENT BLUFF SEC 5, BLOCK K, Lot 16, ACRES 0.171","G226417C"," ","S13020 - CRESCENT BLUFF SEC 5","Real","N/A","N/A"
"R633508","R-20-3160-050L-0022","GARCIA, ZACHARY RYAN & JENNIFER BETH","109 ELM RIDGE WAY  GEORGETOWN, TX 78628-3946","109 ELM RIDGE WAY, GEORGETOWN, TX  78628","S13020 - CRESCENT BLUFF SEC 5, BLOCK L, Lot 22, ACRES 0.179","G226417C"," ","S13020 - CRESCENT BLUFF SEC 5","Real","N/A","N/A"
"R556472","R-20-3160-010A-0037","BARBER, ERIC & ANGELA HODGE-BARBER","541 SCENIC BLUFF DR  GEORGETOWN, TX 78628","541 SCENIC BLUFF DR, GEORGETOWN, TX  78628","S11376 - CRESCENT BLUFF SEC 1, BLOCK A, Lot 37","G226417C"," ","S11376 - CRESCENT BLUFF SEC 1","Real","N/A","N/A"
"R556487","R-20-3160-010B-0004","WILMOT, SARA & CHRISTOPHER C HAIRSTON","1309 HORIZON VIEW DR  GEORGETOWN, TX 78628-2151","1309 HORIZON VIEW DR, GEORGETOWN, TX  78628","S11376 - CRESCENT BLUFF SEC 1, BLOCK B, Lot 4","G226417C"," ","S11376 - CRESCENT BLUFF SEC 1","Real","N/A","N/A"
"R556489","R-20-3160-010B-0006","KANDALA, HARINI","3716 ARVEL DR  LEANDER, TX 78641","1405 HORIZON VIEW DR, GEORGETOWN, TX  78628","S11376 - CRESCENT BLUFF SEC 1, BLOCK B, Lot 6","G226417C"," ","S11376 - CRESCENT BLUFF SEC 1","Real","N/A","N/A"
"R556521","R-20-3160-010T-0019","ZUNIGA, JOHNNY & RACHEL","54 AMBERWOOD DR  SAN ANGELO, TX 76903","145 CRESCENT HEIGHTS DR, GEORGETOWN, TX  78628","S11376 - CRESCENT BLUFF SEC 1, BLOCK T, Lot 19","G226417C"," ","S11376 - CRESCENT BLUFF SEC 1","Real","N/A","N/A"
"R591749","R-20-3160-023F-0004","HOOD, TIM H & PAMELA MORGAN","229 SCENIC HILLS CIR  GEORGETOWN, TX 78628","229 SCENIC HILLS CIR, GEORGETOWN, TX  78628","S12219 - CRESCENT BLUFF SEC 2 & 3, BLOCK F, Lot 4","G226417C"," ","S12219 - CRESCENT BLUFF SEC 2 & 3","Real","N/A","N/A"
"R591751","R-20-3160-023F-0006","FIERO, BARBARA (LE)","221 SCENIC HILLS CIR  GEORGETOWN, TX 78628-2570","221 SCENIC HILLS CIR, GEORGETOWN, TX  78628","S12219 - CRESCENT BLUFF SEC 2 & 3, BLOCK F, Lot 6","G226417C"," ","S12219 - CRESCENT BLUFF SEC 2 & 3","Real","N/A","N/A"
"R591776","R-20-3160-023G-0011","SCOTT HOMES LLC","723 W UNIVERSITY AVE # 364 GEORGETOWN, TX 78626-2662","236 SCENIC HILLS CIR, GEORGETOWN, TX  78628","S12219 - CRESCENT BLUFF SEC 2 & 3, BLOCK G, Lot 11","G226417C"," ","S12219 - CRESCENT BLUFF SEC 2 & 3","Real","N/A","N/A"
"R591783","R-20-3160-023G-0018","CRESCENT BLUFF PROPERTY OWNERS ASSOCIATION INC","300 E SONTERRA BLVD  #STE 250 SAN ANTONIO, TX 78258","2504 SCENIC HILLS CIR, GEORGETOWN, TX  78628","S12219 - CRESCENT BLUFF SEC 2 & 3, BLOCK G, Lot 18, ACRES 0.147, (OPEN SPACE)","G226417C"," ","S12219 - CRESCENT BLUFF SEC 2 & 3","Real","N/A","N/A"
"R591808","R-20-3160-023X-0018","CHAMBERS, MICHELLE RENEE","513 PINNACLE VIEW DR  GEORGETOWN, TX 78628-2571","513 PINNACLE VIEW DR, GEORGETOWN, TX  78628","S12219 - CRESCENT BLUFF SEC 2 & 3, BLOCK X, Lot 18","G226417C"," ","S12219 - CRESCENT BLUFF SEC 2 & 3","Real","N/A","N/A"
"R625927","R-20-3160-04BS-0009","GFO HOME LLC","1717 MCKINNEY AVE STE 1590 DALLAS, TX 75202-1242","117 SERENITY HILLS DR, GEORGETOWN, TX  78628","S12896 - CRESCENT BLUFF SEC 4B, BLOCK S, Lot 9, ACRES 0.102, (OPEN SPACE)","G226417C"," ","S12896 - CRESCENT BLUFF SEC 4B","Real","N/A","N/A"
"R625932","R-20-3160-04BX-0026","ZERKEL, MICKI ANN","112 ESTATE HILLS DR  GEORGETOWN, TX 78628-3956","112 ESTATE HILLS DR, GEORGETOWN, TX  78628","S12896 - CRESCENT BLUFF SEC 4B, BLOCK X, Lot 26","G226417C"," ","S12896 - CRESCENT BLUFF SEC 4B","Real","N/A","N/A"
"R688088","R-20-3160-678C-0007","CHESMAR HOMES LLC","3600 W PARMER LN STE 160 AUSTIN, TX 78727-4124","RIVER BANK LN, GEORGETOWN, TX  78628","S13971 - CRESCENT BLUFF WEST SEC 6, 7 & 8, BLOCK C, Lot 7, ACRES 0.247","G226417C"," ","S13971 - CRESCENT BLUFF WEST SEC 6, 7 & 8","Real","N/A","N/A"
"R688139","R-20-3160-678D-0012","CHESMAR HOMES LLC","3600 W PARMER LN STE 160 AUSTIN, TX 78727-4124","HAZY HOLLOW DR, GEORGETOWN, TX  78628","S13971 - CRESCENT BLUFF WEST SEC 6, 7 & 8, BLOCK D, Lot 12, ACRES 0.149","G226417C"," ","S13971 - CRESCENT BLUFF WEST SEC 6, 7 & 8","Real","N/A","N/A"
"R688175","R-20-3160-678F-0008","CHESMAR HOMES LLC","3600 W PARMER LN STE 160 AUSTIN, TX 78727-4124","HAZY HOLLOW DR, GEORGETOWN, TX  78628","S13971 - CRESCENT BLUFF WEST SEC 6, 7 & 8, BLOCK F, Lot 8, ACRES 0.143","G226417C"," ","S13971 - CRESCENT BLUFF WEST SEC 6, 7 & 8","Real","N/A","N/A"
"R688188","R-20-3160-678G-0021","CHESMAR HOMES LLC","3600 W PARMER LN STE 160 AUSTIN, TX 78727-4124","RIVER BANK LN, GEORGETOWN, TX  78628","S13971 - CRESCENT BLUFF WEST SEC 6, 7 & 8, BLOCK G, Lot 21, ACRES 0.335","G226417C"," ","S13971 - CRESCENT BLUFF WEST SEC 6, 7 & 8","Real","N/A","N/A"
"R688205","R-20-3160-678I-0015","CHESMAR HOMES LLC","3600 W PARMER LN STE 160 AUSTIN, TX 78727-4124","STEELE SUMMIT RD, GEORGETOWN, TX  78628","S13971 - CRESCENT BLUFF WEST SEC 6, 7 & 8, BLOCK I, Lot 15, ACRES 0.149","G226417C"," ","S13971 - CRESCENT BLUFF WEST SEC 6, 7 & 8","Real","N/A","N/A"
"R556442","R-20-3160-010A-0007","CRESCENT BLUFF PROPERTY OWNERS ASSOCIATION INC","300 E SONTERRA BLVD  #STE 250 SAN ANTONIO, TX 78258","620 SCENIC BLUFF DR, GEORGETOWN, TX  78628","S11376 - CRESCENT BLUFF SEC 1, BLOCK A, Lot 7, ACRES 0.488, (OPEN SPACE)","G226417C"," ","S11376 - CRESCENT BLUFF SEC 1","Real","N/A","N/A"
"R556447","R-20-3160-010A-0012","ROBERT & AMY ENGLAND FAMILY LIVING TRUST","105 SAN VIEW DR  GEORGETOWN, TX 78628-2150","105 SAN VIEW DR, GEORGETOWN, TX  78628","S11376 - CRESCENT BLUFF SEC 1, BLOCK A, Lot 12","G226417C"," ","S11376 - CRESCENT BLUFF SEC 1","Real","N/A","N/A"
"R556460","R-20-3160-010A-0025","DENT, RONALD W & LINDA R","621 SCENIC BLUFF DR  GEORGETOWN, TX 78628","621 SCENIC BLUFF DR, GEORGETOWN, TX  78628","S11376 - CRESCENT BLUFF SEC 1, BLOCK A, Lot 25","G226417C"," ","S11376 - CRESCENT BLUFF SEC 1","Real","N/A","N/A"
"R556461","R-20-3160-010A-0026","DITTO, DAVID L & LINDA K","613 SCENIC BLF  GEORGETOWN, TX 78628","613 SCENIC BLUFF DR, GEORGETOWN, TX  78628","S11376 - CRESCENT BLUFF SEC 1, BLOCK A, Lot 26","G226417C"," ","S11376 - CRESCENT BLUFF SEC 1","Real","N/A","N/A"
"R556478","R-20-3160-010A-0043","CRESCENT BLUFF PROPERTY OWNERS ASSOCIATION INC","300 E SONTERRA BLVD  #STE 250 SAN ANTONIO, TX 78258","517 SCENIC BLUFF DR, GEORGETOWN, TX  78628","S11376 - CRESCENT BLUFF SEC 1, BLOCK A, Lot 43, ACRES 0.063, (OPEN SPACE)","G226417C"," ","S11376 - CRESCENT BLUFF SEC 1","Real","N/A","N/A"
"R556515","R-20-3160-010T-0013","SARBINOFF, JAMES GRIFFITH","121 CRESCENT HEIGHTS DR  GEORGETOWN, TX 78628","121 CRESCENT HEIGHTS DR, GEORGETOWN, TX  78628","S11376 - CRESCENT BLUFF SEC 1, BLOCK T, Lot 13","G226417C"," ","S11376 - CRESCENT BLUFF SEC 1","Real","N/A","N/A"
"R556517","R-20-3160-010T-0015","HURLEY, JOSEPH M & ROBERTA V","129 CRESCENT HEIGHTS DR  GEORGETOWN, TX 78628","129 CRESCENT HEIGHTS DR, GEORGETOWN, TX  78628","S11376 - CRESCENT BLUFF SEC 1, BLOCK T, Lot 15","G226417C"," ","S11376 - CRESCENT BLUFF SEC 1","Real","N/A","N/A"
"R556546","R-20-3160-010V-0002","BANKS, TRACY & MARTIN K","1217 HORIZON VIEW DR  GEORGETOWN, TX 78628-2156","1217 HORIZON VIEW DR, GEORGETOWN, TX  78628","S11376 - CRESCENT BLUFF SEC 1, BLOCK V, Lot 2","G226417C"," ","S11376 - CRESCENT BLUFF SEC 1","Real","N/A","N/A"
"R591743","R-20-3160-023A-0062","GRONAS, TERJE & HILARY","144 SCENIC HILLS CIR  GEORGETOWN, TX 78628","144 SCENIC HILLS CIR, GEORGETOWN, TX  78628","S12219 - CRESCENT BLUFF SEC 2 & 3, BLOCK A, Lot 62","G226417C"," ","S12219 - CRESCENT BLUFF SEC 2 & 3","Real","N/A","N/A"
"R591746","R-20-3160-023F-0001","CRESCENT BLUFF PROPERTY OWNERS ASSOCIATION INC","300 E SONTERRA BLVD  #STE 250 SAN ANTONIO, TX 78258","2410 SCENIC HILLS CIR, GEORGETOWN, TX  78628","S12219 - CRESCENT BLUFF SEC 2 & 3, BLOCK F, Lot 1, ACRES 0.178, (OPEN SPACE)","G226417C"," ","S12219 - CRESCENT BLUFF SEC 2 & 3","Real","N/A","N/A"
"R591778","R-20-3160-023G-0013","KURUVA, MANJUNATHA & SWETHA KURUBA BELAGANTI","18666 REDMOND WAY  REDMOND, WA 98052","244 SCENIC HILLS CIR, GEORGETOWN, TX  78628","S12219 - CRESCENT BLUFF SEC 2 & 3, BLOCK G, Lot 13","G226417C"," ","S12219 - CRESCENT BLUFF SEC 2 & 3","Real","N/A","N/A"
"R591793","R-20-3160-023X-0003","FULLER, JAMES & ASHLEY","729 PINNACLE VIEW DR  GEORGETOWN, TX 78628","729 PINNACLE VIEW DR, GEORGETOWN, TX  78628","S12219 - CRESCENT BLUFF SEC 2 & 3, BLOCK X, Lot 3","G226417C"," ","S12219 - CRESCENT BLUFF SEC 2 & 3","Real","N/A","N/A"
"R591828","R-20-3160-023Y-0016","HUBINA, KENNETH & HUGREN","4364 WESTERN CENTER BLVD # 5160 FORT WORTH, TX 76137-2043","724 PINNACLE VIEW DR, GEORGETOWN, TX  78628","S12219 - CRESCENT BLUFF SEC 2 & 3, BLOCK Y, Lot 16","G226417C"," ","S12219 - CRESCENT BLUFF SEC 2 & 3","Real","N/A","N/A"
"R625931","R-20-3160-04BX-0025","PATEL, KEVINBHAI UMESHCHANDRA & JUSTINA NARENDRA","108 ESTATE HILLS DR  GEORGETOWN, TX 78628-3956","108 ESTATE HILLS DR, GEORGETOWN, TX  78628","S12896 - CRESCENT BLUFF SEC 4B, BLOCK X, Lot 25","G226417C"," ","S12896 - CRESCENT BLUFF SEC 4B","Real","N/A","N/A"
"R625934","R-20-3160-04BX-0028","KEESEE, AARON RAY JR & LAURYN RAE CARRILLO","120 ESTATE HILLS DR  GEORGETOWN, TX 78628-3956","120 ESTATE HILLS DR, GEORGETOWN, TX  78628","S12896 - CRESCENT BLUFF SEC 4B, BLOCK X, Lot 28","G226417C"," ","S12896 - CRESCENT BLUFF SEC 4B","Real","N/A","N/A"
"R625959","R-20-3160-04BY-0008","KASSAB, ABIGAIL RENEE & BRANDON","109 ESTATE HILLS DR  GEORGETOWN, TX 78628-3956","109 ESTATE HILLS DR, GEORGETOWN, TX  78628","S12896 - CRESCENT BLUFF SEC 4B, BLOCK Y, Lot 8","G226417C"," ","S12896 - CRESCENT BLUFF SEC 4B","Real","N/A","N/A"
"R625966","R-20-3160-04BY-0017","TULE RIVER HOMEBUYER EARNED EQUITY AGENCY","10885 S STATE ST  SANDY, UT 84070-4104","220 CRESCENT HEIGHTS DR, GEORGETOWN, TX  78628","S12896 - CRESCENT BLUFF SEC 4B, BLOCK Y, Lot 17","G226417C"," ","S12896 - CRESCENT BLUFF SEC 4B","Real","N/A","N/A"
"R625978","R-20-3160-04BZ-0008","LABORI, MAGDALENA & ALEXANDER","321 CRESCENT HEIGHTS DR  GEORGETOWN, TX 78628","321 CRESCENT HEIGHTS DR, GEORGETOWN, TX  78628","S12896 - CRESCENT BLUFF SEC 4B, BLOCK Z, Lot 8","G226417C"," ","S12896 - CRESCENT BLUFF SEC 4B","Real","N/A","N/A"
"R625991","R-20-3160-04BZ-0021","GFO HOME LLC","1717 MCKINNEY AVE STE 1590 DALLAS, TX 75202-1242","CRESCENT HEIGHTS DR, GEORGETOWN, TX  78628","S12896 - CRESCENT BLUFF SEC 4B, BLOCK Z, Lot 21, ACRES 0.008, (OPEN SPACE)","G226417C"," ","S12896 - CRESCENT BLUFF SEC 4B","Real","N/A","N/A"
"R633463","R-20-3160-050G-0016","Unknown","Unknown","904 CRESCENT VIEW DR, GEORGETOWN, TX  78628","S13020 - CRESCENT BLUFF SEC 5, BLOCK G, Lot 16, ACRES 0.218","G226417C"," ","S13020 - CRESCENT BLUFF SEC 5","Real","N/A","N/A"
"R633480","R-20-3160-050K-0024","PULTE HOMES OF TEXAS LP","11001 LAKELINE BLVD BLDG 1, SUITE 300 AUSTIN, TX 78717","609 RIDGE POINT DR, GEORGETOWN, TX  78628","S13020 - CRESCENT BLUFF SEC 5, BLOCK K, Lot 24, ACRES 0.189","G226417C"," ","S13020 - CRESCENT BLUFF SEC 5","Real","N/A","N/A"
"R633485","R-20-3160-050K-0029","PULTE HOMES OF TEXAS LP","11001 LAKELINE BLVD BLDG 1, SUITE 300 AUSTIN, TX 78717","136 SERENITY HILLS DR, GEORGETOWN, TX  78628","S13020 - CRESCENT BLUFF SEC 5, BLOCK K, Lot 29, ACRES 0.234","G226417C"," ","S13020 - CRESCENT BLUFF SEC 5","Real","N/A","N/A"
"R633544","R-20-3160-050S-0043","COUCH, CHARLES P & MELISSA J","504 RIDGE POINT DR  GEORGETOWN, TX 78628-3948","504 RIDGE POINT DR, GEORGETOWN, TX  78628","S13020 - CRESCENT BLUFF SEC 5, BLOCK S, Lot 43, ACRES 0.173","G226417C"," ","S13020 - CRESCENT BLUFF SEC 5","Real","N/A","N/A"
"R688064","R-20-3160-678A-0004","CHESMAR HOMES LLC","3600 W PARMER LN STE 160 AUSTIN, TX 78727-4124","PLUM VALLEY WAY, GEORGETOWN, TX  78628","S13971 - CRESCENT BLUFF WEST SEC 6, 7 & 8, BLOCK A, Lot 4, ACRES 0.852, (OPEN SPACE)","G226417C"," ","S13971 - CRESCENT BLUFF WEST SEC 6, 7 & 8","Real","N/A","N/A"
"R688114","R-20-3160-678C-0033","CHESMAR HOMES LLC","3600 W PARMER LN STE 160 AUSTIN, TX 78727-4124","CLASSIC OAKS LN, GEORGETOWN, TX  78628","S13971 - CRESCENT BLUFF WEST SEC 6, 7 & 8, BLOCK C, Lot 33, ACRES 0.153","G226417C"," ","S13971 - CRESCENT BLUFF WEST SEC 6, 7 & 8","Real","N/A","N/A"
"R688120","R-20-3160-678C-0039","CHESMAR HOMES LLC","3600 W PARMER LN STE 160 AUSTIN, TX 78727-4124","STEELE SUMMIT RD, GEORGETOWN, TX  78628","S13971 - CRESCENT BLUFF WEST SEC 6, 7 & 8, BLOCK C, Lot 39, ACRES 0.15","G226417C"," ","S13971 - CRESCENT BLUFF WEST SEC 6, 7 & 8","Real","N/A","N/A"
"R688146","R-20-3160-678E-0002","CHESMAR HOMES LLC","3600 W PARMER LN STE 160 AUSTIN, TX 78727-4124","CRESCENT VIEW DR, GEORGETOWN, TX  78628","S13971 - CRESCENT BLUFF WEST SEC 6, 7 & 8, BLOCK E, Lot 2, ACRES 0.174","G226417C"," ","S13971 - CRESCENT BLUFF WEST SEC 6, 7 & 8","Real","N/A","N/A"
"R688149","R-20-3160-678E-0005","CHESMAR HOMES LLC","3600 W PARMER LN STE 160 AUSTIN, TX 78727-4124","CRESCENT VIEW DR, GEORGETOWN, TX  78628","S13971 - CRESCENT BLUFF WEST SEC 6, 7 & 8, BLOCK E, Lot 5, ACRES 0.397","G226417C"," ","S13971 - CRESCENT BLUFF WEST SEC 6, 7 & 8","Real","N/A","N/A"
"R688152","R-20-3160-678E-0008","CHESMAR HOMES LLC","3600 W PARMER LN STE 160 AUSTIN, TX 78727-4124","CLIFF VIEW DR, GEORGETOWN, TX  78628","S13971 - CRESCENT BLUFF WEST SEC 6, 7 & 8, BLOCK E, Lot 8, ACRES 0.79, (OPEN SPACE)","G226417C"," ","S13971 - CRESCENT BLUFF WEST SEC 6, 7 & 8","Real","N/A","N/A"
"R688179","R-20-3160-678G-0012","CHESMAR HOMES LLC","3600 W PARMER LN STE 160 AUSTIN, TX 78727-4124","RIVER BANK LN, GEORGETOWN, TX  78628","S13971 - CRESCENT BLUFF WEST SEC 6, 7 & 8, BLOCK G, Lot 12, ACRES 8.283, (OPEN SPACE)","G226417C"," ","S13971 - CRESCENT BLUFF WEST SEC 6, 7 & 8","Real","N/A","N/A"
"R688184","R-20-3160-678G-0017","CHESMAR HOMES LLC","3600 W PARMER LN STE 160 AUSTIN, TX 78727-4124","RIVER BANK LN, GEORGETOWN, TX  78628","S13971 - CRESCENT BLUFF WEST SEC 6, 7 & 8, BLOCK G, Lot 17, ACRES 0.219","G226417C"," ","S13971 - CRESCENT BLUFF WEST SEC 6, 7 & 8","Real","N/A","N/A"
"R688186","R-20-3160-678G-0019","CHESMAR HOMES LLC","3600 W PARMER LN STE 160 AUSTIN, TX 78727-4124","RIVER BANK LN, GEORGETOWN, TX  78628","S13971 - CRESCENT BLUFF WEST SEC 6, 7 & 8, BLOCK G, Lot 19, ACRES 0.366","G226417C"," ","S13971 - CRESCENT BLUFF WEST SEC 6, 7 & 8","Real","N/A","N/A"
"R556440","R-20-3160-010A-0005","SANCHEZ, EDUARDO RUIZ","116 SAN VIEW DR  GEORGETOWN, TX 78628-2150","116 SAN VIEW DR, GEORGETOWN, TX  78628","S11376 - CRESCENT BLUFF SEC 1, BLOCK A, Lot 5","G226417C"," ","S11376 - CRESCENT BLUFF SEC 1","Real","N/A","N/A"
"R556450","R-20-3160-010A-0015","TURNER, BARBARA J","1408 HORIZON VIEW DR  GEORGETOWN, TX 78628","1408 HORIZON VIEW DR, GEORGETOWN, TX  78628","S11376 - CRESCENT BLUFF SEC 1, BLOCK A, Lot 15","G226417C"," ","S11376 - CRESCENT BLUFF SEC 1","Real","N/A","N/A"
"R556474","R-20-3160-010A-0039","ALVARADO, LYNDA A &CHRISTOPHER A EASTWOOD","533 SCENIC BLUFF DR  GEORGETOWN, TX 78628","533 SCENIC BLUFF DR, GEORGETOWN, TX  78628","S11376 - CRESCENT BLUFF SEC 1, BLOCK A, Lot 39","G226417C"," ","S11376 - CRESCENT BLUFF SEC 1","Real","N/A","N/A"
"R556476","R-20-3160-010A-0041","DAWES, WILLIAM C & FRANCES CIMAGLIA DAWES","525 SCENIC BLUFF DR  GEORGETOWN, TX 78628-2149","525 SCENIC BLUFF DR, GEORGETOWN, TX  78628","S11376 - CRESCENT BLUFF SEC 1, BLOCK A, Lot 41","G226417C"," ","S11376 - CRESCENT BLUFF SEC 1","Real","N/A","N/A"
"R556485","R-20-3160-010B-0002","BYRD, SUSAN KAY & BILLY WARD","1301 HORIZON VIEW DR  GEORGETOWN, TX 78626","1301 HORIZON VIEW DR, GEORGETOWN, TX  78628","S11376 - CRESCENT BLUFF SEC 1, BLOCK B, Lot 2","G226417C"," ","S11376 - CRESCENT BLUFF SEC 1","Real","N/A","N/A"
"R556488","R-20-3160-010B-0005","CRESCENT BLUFF PROPERTY OWNERS ASSOCIATION INC","300 E SONTERRA BLVD  #STE 250 SAN ANTONIO, TX 78258","1401 HORIZON VIEW DR, GEORGETOWN, TX  78628","S11376 - CRESCENT BLUFF SEC 1, BLOCK B, Lot 5, ACRES 0.148, (OPEN SPACE)","G226417C"," ","S11376 - CRESCENT BLUFF SEC 1","Real","N/A","N/A"
"R556503","R-20-3160-010T-0001","LOTT, JAMES ADAM & BRENDA ARACELI","1216 HORIZON VIEW DR  GEORGETOWN, TX 78628","1216 HORIZON VIEW DR, GEORGETOWN, TX  78628","S11376 - CRESCENT BLUFF SEC 1, BLOCK T, Lot 1","G226417C"," ","S11376 - CRESCENT BLUFF SEC 1","Real","N/A","N/A"
"R556506","R-20-3160-010T-0004","MITCHLER, JEFFREY W & WENDY S","601 VICTORIA CV  CEDAR PARK, TX 78613","1208 HORIZON VIEW DR, GEORGETOWN, TX  78628","S11376 - CRESCENT BLUFF SEC 1, BLOCK T, Lot 4","G226417C"," ","S11376 - CRESCENT BLUFF SEC 1","Real","N/A","N/A"
"R556510","R-20-3160-010T-0008","LUECKEMEYER, HOLLY & IAN","101 CRESCENT HEIGHTS DR  GEORGETOWN, TX 78628","101 CRESCENT HEIGHTS DR, GEORGETOWN, TX  78628","S11376 - CRESCENT BLUFF SEC 1, BLOCK T, Lot 8","G226417C"," ","S11376 - CRESCENT BLUFF SEC 1","Real","N/A","N/A"
"R556539","R-20-3160-010U-0012","CRESCENT BLUFF PROPERTY OWNERS ASSOCIATION INC","300 E SONTERRA BLVD  #STE 250 SAN ANTONIO, TX 78258","108 CRESCENT HEIGHTS DR, GEORGETOWN, TX  78628","S11376 - CRESCENT BLUFF SEC 1, BLOCK U, Lot 12, ACRES 0.114, (OPEN SPACE)","G226417C"," ","S11376 - CRESCENT BLUFF SEC 1","Real","N/A","N/A"
"R556551","R-20-3160-010V-0007","CRESCENT BLUFF PROPERTY OWNERS ASSOCIATION INC","300 E SONTERRA BLVD  #STE 250 SAN ANTONIO, TX 78258","HORIZON VIEW DR, GEORGETOWN, TX  78628","S11376 - CRESCENT BLUFF SEC 1, BLOCK V, Lot 7, ACRES 0.024, (OPEN SPACE)","G226417C"," ","S11376 - CRESCENT BLUFF SEC 1","Real","N/A","N/A"
"R591733","R-20-3160-023A-0052","WEAVER, BRANDON & PAYTIN","108 SCENIC HLS CIR  GEORGETOWN, TX 78628","108 SCENIC HILLS CIR, GEORGETOWN, TX  78628","S12219 - CRESCENT BLUFF SEC 2 & 3, BLOCK A, Lot 52","G226417C"," ","S12219 - CRESCENT BLUFF SEC 2 & 3","Real","N/A","N/A"
"R591740","R-20-3160-023A-0059","GERVING JOHN AARON & TRACY MICHELLE ROBERTS","132 SCENIC HILLS CIR  GEORGETOWN, TX 78628-2569","132 SCENIC HILLS CIR, GEORGETOWN, TX  78628","S12219 - CRESCENT BLUFF SEC 2 & 3, BLOCK A, Lot 59","G226417C"," ","S12219 - CRESCENT BLUFF SEC 2 & 3","Real","N/A","N/A"
"R591747","R-20-3160-023F-0002","SALAZAR, FRANCISCO J & GINA R","237 SCENIC HILLS CIR  GEORGETOWN, TX 78628-2570","237 SCENIC HILLS CIR, GEORGETOWN, TX  78628","S12219 - CRESCENT BLUFF SEC 2 & 3, BLOCK F, Lot 2","G226417C"," ","S12219 - CRESCENT BLUFF SEC 2 & 3","Real","N/A","N/A"
"R591752","R-20-3160-023F-0007","SOTO-MARTINEZ, ALBERTO & MELISSA SIVERIO","217 SCENIC HILLS CIR  GEORGETOWN, TX 78628","217 SCENIC HILLS CIR, GEORGETOWN, TX  78628","S12219 - CRESCENT BLUFF SEC 2 & 3, BLOCK F, Lot 7","G226417C"," ","S12219 - CRESCENT BLUFF SEC 2 & 3","Real","N/A","N/A"
"R591754","R-20-3160-023F-0009","KAILASAM, VIJAYAKUMAR (TOD) & DHIVYA SETHURAMALINGAM (TOD)","568 CASCADA LN ROUND ROCK, TX 78681-1785","209 SCENIC HILLS CIR, GEORGETOWN, TX  78628","S12219 - CRESCENT BLUFF SEC 2 & 3, BLOCK F, Lot 9","G226417C"," ","S12219 - CRESCENT BLUFF SEC 2 & 3","Real","N/A","N/A"
"R591756","R-20-3160-023F-0011","CHADALAVADA CHANDRA SEKHAR & NAGAMANI TRUSTEE CHADALAVADA FAMILY REVOCABLE TRUST","3157 RIDGEFIELD WAY  DUBLIN, CA 94568","201 SCENIC HILLS CIR, GEORGETOWN, TX  78628","S12219 - CRESCENT BLUFF SEC 2 & 3, BLOCK F, Lot 11","G226417C"," ","S12219 - CRESCENT BLUFF SEC 2 & 3","Real","N/A","N/A"
"R591757","R-20-3160-023F-0012","RUGGIERO, DOMINIC GIOVANNI","133 SCENIC HILLS CIR  GEORGETOWN, TX 78628","133 SCENIC HILLS CIR, GEORGETOWN, TX  78628","S12219 - CRESCENT BLUFF SEC 2 & 3, BLOCK F, Lot 12","G226417C"," ","S12219 - CRESCENT BLUFF SEC 2 & 3","Real","N/A","N/A"
"R591767","R-20-3160-023G-0002","WANG, DANIELLE WOOLCOTT (RS) & QUANTONG (RS)","200 SCENIC HILLS CIR  GEORGETOWN, TX 78628-2570","200 SCENIC HILLS CIR, GEORGETOWN, TX  78628","S12219 - CRESCENT BLUFF SEC 2 & 3, BLOCK G, Lot 2","G226417C"," ","S12219 - CRESCENT BLUFF SEC 2 & 3","Real","N/A","N/A"
"R591806","R-20-3160-023X-0016","WOJEWODZIC, MARTIN H & JILL MARIE","601 PINNACLE VIEW DR  GEORGETOWN, TX 78628","601 PINNACLE VIEW DR, GEORGETOWN, TX  78628","S12219 - CRESCENT BLUFF SEC 2 & 3, BLOCK X, Lot 16","G226417C"," ","S12219 - CRESCENT BLUFF SEC 2 & 3","Real","N/A","N/A"
"R591807","R-20-3160-023X-0017","MILLER, VALERIE ANNE & CHRISTOPHER CODY OWENS","517 PINNACLE VIEW DR  GEORGETOWN, TX 78628","517 PINNACLE VIEW DR, GEORGETOWN, TX  78628","S12219 - CRESCENT BLUFF SEC 2 & 3, BLOCK X, Lot 17","G226417C"," ","S12219 - CRESCENT BLUFF SEC 2 & 3","Real","N/A","N/A"
"R591815","R-20-3160-023Y-0003","ABHINAV GUPTA VINNAKOTA & MEGHANA TALASILA TRS VINNAKOTA TALASILA LIVING TRUST","125 WHISTLING WILLOW DR  GEORGETOWN, TX 78628-2574","125 WHISTLING WILLOW DR, GEORGETOWN, TX  78628","S12219 - CRESCENT BLUFF SEC 2 & 3, BLOCK Y, Lot 3","G226417C"," ","S12219 - CRESCENT BLUFF SEC 2 & 3","Real","N/A","N/A"
"R591820","R-20-3160-023Y-0008","TREVINO, WENDI & ROLAND JR","105 WHISTLING WILLOW DR  GEORGETOWN, TX 78628","105 WHISTLING WILLOW DR, GEORGETOWN, TX  78628","S12219 - CRESCENT BLUFF SEC 2 & 3, BLOCK Y, Lot 8","G226417C"," ","S12219 - CRESCENT BLUFF SEC 2 & 3","Real","N/A","N/A"
"R591822","R-20-3160-023Y-0010","STREIFERT, NICOLE EVE & SCOTT AUSTIN","700 PINNACLE VIEW DR  GEORGETOWN, TX 78628","700 PINNACLE VIEW DR, GEORGETOWN, TX  78628","S12219 - CRESCENT BLUFF SEC 2 & 3, BLOCK Y, Lot 10","G226417C"," ","S12219 - CRESCENT BLUFF SEC 2 & 3","Real","N/A","N/A"
"R591825","R-20-3160-023Y-0013","ALAPARTHY VISHWA & LAKSHMI NEERAJA VINJAM TRUSTEES VALV FAMILY REVOCABLE TRUST","712 PINNACLE VIEW DR  GEORGETOWN, TX 78628","712 PINNACLE VIEW DR, GEORGETOWN, TX  78628","S12219 - CRESCENT BLUFF SEC 2 & 3, BLOCK Y, Lot 13","G226417C"," ","S12219 - CRESCENT BLUFF SEC 2 & 3","Real","N/A","N/A"
"R625924","R-20-3160-04BS-0006","BABATUYI, OLUSHOLA EMMANUEL & TITILAYO JANET","105 SERENITY HILLS DR  GEORGETOWN, TX 78628","105 SERENITY HILLS DR, GEORGETOWN, TX  78628","S12896 - CRESCENT BLUFF SEC 4B, BLOCK S, Lot 6","G226417C"," ","S12896 - CRESCENT BLUFF SEC 4B","Real","N/A","N/A"
"R625937","R-20-3160-04BX-0031","MADDALA, PHILIP","132 ESTATE HILLS DR  GEORGETOWN, TX 78628-3956","132 ESTATE HILLS DR, GEORGETOWN, TX  78628","S12896 - CRESCENT BLUFF SEC 4B, BLOCK X, Lot 31","G226417C"," ","S12896 - CRESCENT BLUFF SEC 4B","Real","N/A","N/A"
"R625956","R-20-3160-04BY-0005","KANSAGRA, TEJKUMAR","121 ESTATE HILLS DR  GEORGETOWN, TX 78628-3956","121 ESTATE HILLS DR, GEORGETOWN, TX  78628","S12896 - CRESCENT BLUFF SEC 4B, BLOCK Y, Lot 5","G226417C"," ","S12896 - CRESCENT BLUFF SEC 4B","Real","N/A","N/A"
"R625990","R-20-3160-04BZ-0020","GFO HOME LLC","1717 MCKINNEY AVE STE 1590 DALLAS, TX 75202-1242","CRESCENT HEIGHTS DR, GEORGETOWN, TX  78628","S12896 - CRESCENT BLUFF SEC 4B, BLOCK Z, Lot 20, ACRES 0.409, (OPEN SPACE)","G226417C"," ","S12896 - CRESCENT BLUFF SEC 4B","Real","N/A","N/A"
"R633458","R-20-3160-050G-0011","TIBEIHAHO, GEORGESON","804 CRESCENT VIEW DR  GEORGETOWN, TX 78628-3957","804 CRESCENT VIEW DR, GEORGETOWN, TX  78628","S13020 - CRESCENT BLUFF SEC 5, BLOCK G, Lot 11, ACRES 0.179","G226417C"," ","S13020 - CRESCENT BLUFF SEC 5","Real","N/A","N/A"
"R633470","R-20-3160-050K-0014","GRAHAM, ELTON S & CRYSTAL S FORRESTER GRAHAM","121 ELM VIEW DR  GEORGETOWN, TX 78628-3947","121 ELM VIEW DR, GEORGETOWN, TX  78628","S13020 - CRESCENT BLUFF SEC 5, BLOCK K, Lot 14, ACRES 0.169","G226417C"," ","S13020 - CRESCENT BLUFF SEC 5","Real","N/A","N/A"
"R633484","R-20-3160-050K-0028","PULTE HOMES OF TEXAS LP","11001 LAKELINE BLVD BLDG 1, SUITE 300 AUSTIN, TX 78717","625 RIDGE POINT DR, GEORGETOWN, TX  78628","S13020 - CRESCENT BLUFF SEC 5, BLOCK K, Lot 28, ACRES 0.213","G226417C"," ","S13020 - CRESCENT BLUFF SEC 5","Real","N/A","N/A"
"R633487","R-20-3160-050L-0001","HEIL, JONATHAN DAVID & HOLLY NICOLE","100 ELM VIEW DR  GEORGETOWN, TX 78628-3947","100 ELM VIEW DR, GEORGETOWN, TX  78628","S13020 - CRESCENT BLUFF SEC 5, BLOCK L, Lot 1, ACRES 0.195","G226417C"," ","S13020 - CRESCENT BLUFF SEC 5","Real","N/A","N/A"
"R633517","R-20-3160-050S-0016","PULTE HOMES OF TEXAS LP","11001 LAKELINE BLVD BLDG 1, SUITE 300 AUSTIN, TX 78717","201 SERENITY HILLS DR, GEORGETOWN, TX  78628","S13020 - CRESCENT BLUFF SEC 5, BLOCK S, Lot 16, ACRES 0.161","G226417C"," ","S13020 - CRESCENT BLUFF SEC 5","Real","N/A","N/A"
"R633519","R-20-3160-050S-0018","PULTE HOMES OF TEXAS LP","11001 LAKELINE BLVD BLDG 1, SUITE 300 AUSTIN, TX 78717","209 SERENITY HILLS DR, GEORGETOWN, TX  78628","S13020 - CRESCENT BLUFF SEC 5, BLOCK S, Lot 18, ACRES 0.156","G226417C"," ","S13020 - CRESCENT BLUFF SEC 5","Real","N/A","N/A"
"R633520","R-20-3160-050S-0019","PULTE HOMES OF TEXAS LP","11001 LAKELINE BLVD BLDG 1, SUITE 300 AUSTIN, TX 78717","213 SERENITY HILLS DR, GEORGETOWN, TX  78628","S13020 - CRESCENT BLUFF SEC 5, BLOCK S, Lot 19, ACRES 0.156","G226417C"," ","S13020 - CRESCENT BLUFF SEC 5","Real","N/A","N/A"
"R633527","R-20-3160-050S-0026","PULTE HOMES OF TEXAS LP","11001 LAKELINE BLVD BLDG 1, SUITE 300 AUSTIN, TX 78717","SERENITY HILLS DR, GEORGETOWN, TX  78628","S13020 - CRESCENT BLUFF SEC 5, BLOCK S, Lot 26, ACRES 0.198","G226417C"," ","S13020 - CRESCENT BLUFF SEC 5","Real","N/A","N/A"
"R633539","R-20-3160-050S-0038","PULTE HOMES OF TEXAS LP","11001 LAKELINE BLVD BLDG 1, SUITE 300 AUSTIN, TX 78717","612 RIDGE POINT DR, GEORGETOWN, TX  78628","S13020 - CRESCENT BLUFF SEC 5, BLOCK S, Lot 38, ACRES 0.172","G226417C"," ","S13020 - CRESCENT BLUFF SEC 5","Real","N/A","N/A"
"R633541","R-20-3160-050S-0040","CAWOOD, PAUL ALAN & CANDACE LEANN","604 RIDGE POINT DR  GEORGETOWN, TX 78628-3949","604 RIDGE POINT DR, GEORGETOWN, TX  78628","S13020 - CRESCENT BLUFF SEC 5, BLOCK S, Lot 40, ACRES 0.172","G226417C"," ","S13020 - CRESCENT BLUFF SEC 5","Real","N/A","N/A"
"R633551","R-20-3160-050S-0050","TREBATOSKI, ROBERT & KATHLEEN ANN JONES-TREBATOSKI","120 ELM RIDGE WAY  GEORGETOWN, TX 78628-3946","120 ELM RIDGE WAY, GEORGETOWN, TX  78628","S13020 - CRESCENT BLUFF SEC 5, BLOCK S, Lot 50, ACRES 0.18","G226417C"," ","S13020 - CRESCENT BLUFF SEC 5","Real","N/A","N/A"
"R633553","R-20-3160-050S-0052","LADOW, RICHARD CHARLES (TOD)","112 ELM RIDGE WAY  GEORGETOWN, TX 78628-3946","112 ELM RIDGE WAY, GEORGETOWN, TX  78628","S13020 - CRESCENT BLUFF SEC 5, BLOCK S, Lot 52, ACRES 0.179","G226417C"," ","S13020 - CRESCENT BLUFF SEC 5","Real","N/A","N/A"
"R688074","R-20-3160-678B-0002","CHESMAR HOMES LLC","3600 W PARMER LN STE 160 AUSTIN, TX 78727-4124","RIVER BANK LN, GEORGETOWN, TX  78628","S13971 - CRESCENT BLUFF WEST SEC 6, 7 & 8, BLOCK B, Lot 2, ACRES 0.238","G226417C"," ","S13971 - CRESCENT BLUFF WEST SEC 6, 7 & 8","Real","N/A","N/A"
"R688079","R-20-3160-678B-0007","CHESMAR HOMES LLC","3600 W PARMER LN STE 160 AUSTIN, TX 78727-4124","RIVER BANK LN, GEORGETOWN, TX  78628","S13971 - CRESCENT BLUFF WEST SEC 6, 7 & 8, BLOCK B, Lot 7, ACRES 0.275","G226417C"," ","S13971 - CRESCENT BLUFF WEST SEC 6, 7 & 8","Real","N/A","N/A"
"R688084","R-20-3160-678C-0003","CHESMAR HOMES LLC","3600 W PARMER LN STE 160 AUSTIN, TX 78727-4124","PLUM VALLEY WAY, GEORGETOWN, TX  78628","S13971 - CRESCENT BLUFF WEST SEC 6, 7 & 8, BLOCK C, Lot 3, ACRES 0.22","G226417C"," ","S13971 - CRESCENT BLUFF WEST SEC 6, 7 & 8","Real","N/A","N/A"
"R688086","R-20-3160-678C-0005","CHESMAR HOMES LLC","3600 W PARMER LN STE 160 AUSTIN, TX 78727-4124","PLUM VALLEY WAY, GEORGETOWN, TX  78628","S13971 - CRESCENT BLUFF WEST SEC 6, 7 & 8, BLOCK C, Lot 5, ACRES 2.241, (OPEN SPACE)","G226417C"," ","S13971 - CRESCENT BLUFF WEST SEC 6, 7 & 8","Real","N/A","N/A"
"R688091","R-20-3160-678C-0010","CHESMAR HOMES LLC","3600 W PARMER LN STE 160 AUSTIN, TX 78727-4124","RIVER BANK LN, GEORGETOWN, TX  78628","S13971 - CRESCENT BLUFF WEST SEC 6, 7 & 8, BLOCK C, Lot 10, ACRES 0.213","G226417C"," ","S13971 - CRESCENT BLUFF WEST SEC 6, 7 & 8","Real","N/A","N/A"
"R688103","R-20-3160-678C-0022","CHESMAR HOMES LLC","3600 W PARMER LN STE 160 AUSTIN, TX 78727-4124","RIVER BANK LN, GEORGETOWN, TX  78628","S13971 - CRESCENT BLUFF WEST SEC 6, 7 & 8, BLOCK C, Lot 22, ACRES 0.18","G226417C"," ","S13971 - CRESCENT BLUFF WEST SEC 6, 7 & 8","Real","N/A","N/A"
"R688108","R-20-3160-678C-0027","CHESMAR HOMES LLC","3600 W PARMER LN STE 160 AUSTIN, TX 78727-4124","RIVER BANK LN, GEORGETOWN, TX  78628","S13971 - CRESCENT BLUFF WEST SEC 6, 7 & 8, BLOCK C, Lot 27, ACRES 0.155","G226417C"," ","S13971 - CRESCENT BLUFF WEST SEC 6, 7 & 8","Real","N/A","N/A"
"R688110","R-20-3160-678C-0029","CHESMAR HOMES LLC","3600 W PARMER LN STE 160 AUSTIN, TX 78727-4124","RIVER BANK LN, GEORGETOWN, TX  78628","S13971 - CRESCENT BLUFF WEST SEC 6, 7 & 8, BLOCK C, Lot 29, ACRES 0.22","G226417C"," ","S13971 - CRESCENT BLUFF WEST SEC 6, 7 & 8","Real","N/A","N/A"
"R688117","R-20-3160-678C-0036","CHESMAR HOMES LLC","3600 W PARMER LN STE 160 AUSTIN, TX 78727-4124","STEELE SUMMIT RD, GEORGETOWN, TX  78628","S13971 - CRESCENT BLUFF WEST SEC 6, 7 & 8, BLOCK C, Lot 36, ACRES 0.155","G226417C"," ","S13971 - CRESCENT BLUFF WEST SEC 6, 7 & 8","Real","N/A","N/A"
"R688135","R-20-3160-678D-0008","CHESMAR HOMES LLC","3600 W PARMER LN STE 160 AUSTIN, TX 78727-4124","HAZY HOLLOW DR, GEORGETOWN, TX  78628","S13971 - CRESCENT BLUFF WEST SEC 6, 7 & 8, BLOCK D, Lot 8, ACRES 0.194","G226417C"," ","S13971 - CRESCENT BLUFF WEST SEC 6, 7 & 8","Real","N/A","N/A"
"R688138","R-20-3160-678D-0011","CHESMAR HOMES LLC","3600 W PARMER LN STE 160 AUSTIN, TX 78727-4124","HAZY HOLLOW DR, GEORGETOWN, TX  78628","S13971 - CRESCENT BLUFF WEST SEC 6, 7 & 8, BLOCK D, Lot 11, ACRES 0.149","G226417C"," ","S13971 - CRESCENT BLUFF WEST SEC 6, 7 & 8","Real","N/A","N/A"
"R688140","R-20-3160-678D-0013","CHESMAR HOMES LLC","3600 W PARMER LN STE 160 AUSTIN, TX 78727-4124","HAZY HOLLOW DR, GEORGETOWN, TX  78628","S13971 - CRESCENT BLUFF WEST SEC 6, 7 & 8, BLOCK D, Lot 13, ACRES 0.189","G226417C"," ","S13971 - CRESCENT BLUFF WEST SEC 6, 7 & 8","Real","N/A","N/A"
"R688142","R-20-3160-678D-0015","CHESMAR HOMES LLC","3600 W PARMER LN STE 160 AUSTIN, TX 78727-4124","CRESCENT VIEW DR, GEORGETOWN, TX  78628","S13971 - CRESCENT BLUFF WEST SEC 6, 7 & 8, BLOCK D, Lot 15, ACRES 0.188","G226417C"," ","S13971 - CRESCENT BLUFF WEST SEC 6, 7 & 8","Real","N/A","N/A"
"R688143","R-20-3160-678D-0016","CHESMAR HOMES LLC","3600 W PARMER LN STE 160 AUSTIN, TX 78727-4124","CRESCENT VIEW DR, GEORGETOWN, TX  78628","S13971 - CRESCENT BLUFF WEST SEC 6, 7 & 8, BLOCK D, Lot 16, ACRES 0.175","G226417C"," ","S13971 - CRESCENT BLUFF WEST SEC 6, 7 & 8","Real","N/A","N/A"
"R688150","R-20-3160-678E-0006","CHESMAR HOMES LLC","3600 W PARMER LN STE 160 AUSTIN, TX 78727-4124","CRESCENT VIEW DR, GEORGETOWN, TX  78628","S13971 - CRESCENT BLUFF WEST SEC 6, 7 & 8, BLOCK E, Lot 6, ACRES 0.755","G226417C"," ","S13971 - CRESCENT BLUFF WEST SEC 6, 7 & 8","Real","N/A","N/A"
"R688153","R-20-3160-678E-0009","CHESMAR HOMES LLC","3600 W PARMER LN STE 160 AUSTIN, TX 78727-4124","CLIFF VIEW DR, GEORGETOWN, TX  78628","S13971 - CRESCENT BLUFF WEST SEC 6, 7 & 8, BLOCK E, Lot 9, ACRES 0.302","G226417C"," ","S13971 - CRESCENT BLUFF WEST SEC 6, 7 & 8","Real","N/A","N/A"
"R688154","R-20-3160-678E-0010","CHESMAR HOMES LLC","3600 W PARMER LN STE 160 AUSTIN, TX 78727-4124","CLIFF VIEW DR, GEORGETOWN, TX  78628","S13971 - CRESCENT BLUFF WEST SEC 6, 7 & 8, BLOCK E, Lot 10, ACRES 0.132","G226417C"," ","S13971 - CRESCENT BLUFF WEST SEC 6, 7 & 8","Real","N/A","N/A"
"R688163","R-20-3160-678E-0019","CHESMAR HOMES LLC","3600 W PARMER LN STE 160 AUSTIN, TX 78727-4124","ENDLESS SCENE DR, GEORGETOWN, TX  78628","S13971 - CRESCENT BLUFF WEST SEC 6, 7 & 8, BLOCK E, Lot 19, ACRES 0.256","G226417C"," ","S13971 - CRESCENT BLUFF WEST SEC 6, 7 & 8","Real","N/A","N/A"
"R688177","R-20-3160-678F-0010","CHESMAR HOMES LLC","3600 W PARMER LN STE 160 AUSTIN, TX 78727-4124","HAZY HOLLOW DR, GEORGETOWN, TX  78628","S13971 - CRESCENT BLUFF WEST SEC 6, 7 & 8, BLOCK F, Lot 10, ACRES 0.195","G226417C"," ","S13971 - CRESCENT BLUFF WEST SEC 6, 7 & 8","Real","N/A","N/A"
"R688185","R-20-3160-678G-0018","CHESMAR HOMES LLC","3600 W PARMER LN STE 160 AUSTIN, TX 78727-4124","RIVER BANK LN, GEORGETOWN, TX  78628","S13971 - CRESCENT BLUFF WEST SEC 6, 7 & 8, BLOCK G, Lot 18, ACRES 0.267","G226417C"," ","S13971 - CRESCENT BLUFF WEST SEC 6, 7 & 8","Real","N/A","N/A"
"R688191","R-20-3160-678I-0001","CHESMAR HOMES LLC","3600 W PARMER LN STE 160 AUSTIN, TX 78727-4124","STEELE SUMMIT RD, GEORGETOWN, TX  78628","S13971 - CRESCENT BLUFF WEST SEC 6, 7 & 8, BLOCK I, Lot 1, ACRES 2.123, (OPEN SPACE)","G226417C"," ","S13971 - CRESCENT BLUFF WEST SEC 6, 7 & 8","Real","N/A","N/A"
"R688192","R-20-3160-678I-0002","CHESMAR HOMES LLC","3600 W PARMER LN STE 160 AUSTIN, TX 78727-4124","STEELE SUMMIT RD, GEORGETOWN, TX  78628","S13971 - CRESCENT BLUFF WEST SEC 6, 7 & 8, BLOCK I, Lot 2, ACRES 0.184","G226417C"," ","S13971 - CRESCENT BLUFF WEST SEC 6, 7 & 8","Real","N/A","N/A"
"R688203","R-20-3160-678I-0013","CHESMAR HOMES LLC","3600 W PARMER LN STE 160 AUSTIN, TX 78727-4124","STEELE SUMMIT RD, GEORGETOWN, TX  78628","S13971 - CRESCENT BLUFF WEST SEC 6, 7 & 8, BLOCK I, Lot 13, ACRES 0.149","G226417C"," ","S13971 - CRESCENT BLUFF WEST SEC 6, 7 & 8","Real","N/A","N/A"
"R556437","R-20-3160-010A-0002","SELVIDGE, VERNON (TOD) & LYDIA (TOD)","104 SAN VIEW DR  GEORGETOWN, TX 78628","104 SAN VIEW DR, GEORGETOWN, TX  78628","S11376 - CRESCENT BLUFF SEC 1, BLOCK A, Lot 2","G226417C"," ","S11376 - CRESCENT BLUFF SEC 1","Real","N/A","N/A"
"R556443","R-20-3160-010A-0008","GONZALEZ, CHRISTINA & JOSEPH","121 SAN VIEW DR  GEORGETOWN, TX 78628","121 SAN VIEW DR, GEORGETOWN, TX  78628","S11376 - CRESCENT BLUFF SEC 1, BLOCK A, Lot 8","G226417C"," ","S11376 - CRESCENT BLUFF SEC 1","Real","N/A","N/A"
"R556444","R-20-3160-010A-0009","Unknown","Unknown","117 SAN VIEW DR, GEORGETOWN, TX  78628","S11376 - CRESCENT BLUFF SEC 1, BLOCK A, Lot 9","G226417C"," ","S11376 - CRESCENT BLUFF SEC 1","Real","N/A","N/A"
"R556454","R-20-3160-010A-0019","BINION, BRIAN S","608 SCENIC BLUFF DR  GEORGETOWN, TX 78628","608 SCENIC BLUFF DR, GEORGETOWN, TX  78628","S11376 - CRESCENT BLUFF SEC 1, BLOCK A, Lot 19","G226417C"," ","S11376 - CRESCENT BLUFF SEC 1","Real","N/A","N/A"
"R556456","R-20-3160-010A-0021","CHARLES ALLEN ROHRE & DARCY EADES ROHRE TRS OF THE ROHRE LIVING TRUST","616 SCENIC BLUFF DR  GEORGETOWN, TX 78628-2153","616 SCENIC BLUFF DR, GEORGETOWN, TX  78628","S11376 - CRESCENT BLUFF SEC 1, BLOCK A, Lot 21","G226417C"," ","S11376 - CRESCENT BLUFF SEC 1","Real","N/A","N/A"
"R556464","R-20-3160-010A-0029","RAGLAND, RICHARD & CAROLYN","601 SCENIC BLUFF DR  GEORGETOWN, TX 78628-2153","601 SCENIC BLUFF DR, GEORGETOWN, TX  78628","S11376 - CRESCENT BLUFF SEC 1, BLOCK A, Lot 29","G226417C"," ","S11376 - CRESCENT BLUFF SEC 1","Real","N/A","N/A"
"R556465","R-20-3160-010A-0030","BLAKE, PAUL A & ELENA M MONTERO","569 SCENIC BLUFF DR  GEORGETOWN, TX 78628","569 SCENIC BLUFF DR, GEORGETOWN, TX  78628","S11376 - CRESCENT BLUFF SEC 1, BLOCK A, Lot 30","G226417C"," ","S11376 - CRESCENT BLUFF SEC 1","Real","N/A","N/A"
"R556468","R-20-3160-010A-0033","MAKI, TERRENCE NEIL & LYNDA JEAN FRECHETTE","557 SCENIC BLUFF DR  GEORGETOWN, TX 78628-2149","557 SCENIC BLUFF DR, GEORGETOWN, TX  78628","S11376 - CRESCENT BLUFF SEC 1, BLOCK A, Lot 33","G226417C"," ","S11376 - CRESCENT BLUFF SEC 1","Real","N/A","N/A"
"R556471","R-20-3160-010A-0036","CLARK, STACY & ANDRE","545 SCENIC BLUFF DR GEORGETOWN, TX 78628-2149","545 SCENIC BLUFF DR, GEORGETOWN, TX  78628","S11376 - CRESCENT BLUFF SEC 1, BLOCK A, Lot 36","G226417C"," ","S11376 - CRESCENT BLUFF SEC 1","Real","N/A","N/A"
"R556475","R-20-3160-010A-0040","LONG, AMBER MARIE & RICHARD SPAIGHT","529 SCENIC BLUFF DR  GEORGETOWN, TX 78628","529 SCENIC BLUFF DR, GEORGETOWN, TX  78628","S11376 - CRESCENT BLUFF SEC 1, BLOCK A, Lot 40","G226417C"," ","S11376 - CRESCENT BLUFF SEC 1","Real","N/A","N/A"
"R556477","R-20-3160-010A-0042","SULLENBERGER, JAMES F & DEBORAH LEE","521 SCENIC BLUFF DR  GEORGETOWN, TX 78628","521 SCENIC BLUFF DR, GEORGETOWN, TX  78628","S11376 - CRESCENT BLUFF SEC 1, BLOCK A, Lot 42","G226417C"," ","S11376 - CRESCENT BLUFF SEC 1","Real","N/A","N/A"
"R556479","R-20-3160-010A-0044","LATHAM, J W JR & RENEE E","513 SCENIC BLUFF DR  GEORGETOWN, TX 78628-2149","513 SCENIC BLUFF DR, GEORGETOWN, TX  78628","S11376 - CRESCENT BLUFF SEC 1, BLOCK A, Lot 44","G226417C"," ","S11376 - CRESCENT BLUFF SEC 1","Real","N/A","N/A"
"R556486","R-20-3160-010B-0003","ORTIZ, DIMAS & DENISE","1305 HORIZON VIEW DR  GEORGETOWN, TX 78628","1305 HORIZON VIEW DR, GEORGETOWN, TX  78628","S11376 - CRESCENT BLUFF SEC 1, BLOCK B, Lot 3","G226417C"," ","S11376 - CRESCENT BLUFF SEC 1","Real","N/A","N/A"
"R556494","R-20-3160-010B-0011","PORTER, THERESA & DEREK C HOWELL","528 SCENIC BLUFF DR  GEORGETOWN, TX 78628","528 SCENIC BLUFF DR, GEORGETOWN, TX  78628","S11376 - CRESCENT BLUFF SEC 1, BLOCK B, Lot 11","G226417C"," ","S11376 - CRESCENT BLUFF SEC 1","Real","N/A","N/A"
"R556495","R-20-3160-010B-0012","CRESCENT BLUFF PROPERTY OWNERS ASSOCIATION INC","300 E SONTERRA BLVD  #STE 250 SAN ANTONIO, TX 78258","532 SCENIC BLUFF DR, GEORGETOWN, TX  78628","S11376 - CRESCENT BLUFF SEC 1, BLOCK B, Lot 12, ACRES 0.048, (OPEN SPACE)","G226417C"," ","S11376 - CRESCENT BLUFF SEC 1","Real","N/A","N/A"
"R556496","R-20-3160-010B-0013","BURRULL, MARIO F & LAURA M","524 SCENIC BLUFF DR  GEORGETOWN, TX 78628","524 SCENIC BLUFF DR, GEORGETOWN, TX  78628","S11376 - CRESCENT BLUFF SEC 1, BLOCK B, Lot 13","G226417C"," ","S11376 - CRESCENT BLUFF SEC 1","Real","N/A","N/A"
"R556500","R-20-3160-010B-0017","RICHARD, CHRISTOPHER LEE","508 SCENIC BLUFF DR  GEORGETOWN, TX 78628","508 SCENIC BLUFF DR, GEORGETOWN, TX  78628","S11376 - CRESCENT BLUFF SEC 1, BLOCK B, Lot 17","G226417C"," ","S11376 - CRESCENT BLUFF SEC 1","Real","N/A","N/A"
"R556501","R-20-3160-010B-0018","PORTWOOD, BRYAN & DIPALI","504 SCENIC BLUFF DR  GEORGETOWN, TX 78628","504 SCENIC BLUFF DR, GEORGETOWN, TX  78628","S11376 - CRESCENT BLUFF SEC 1, BLOCK B, Lot 18","G226417C"," ","S11376 - CRESCENT BLUFF SEC 1","Real","N/A","N/A"
"R556511","R-20-3160-010T-0009","PROGRESS RESIDENTIAL BORROWER 23 LLC","PO BOX 31236 SALT LAKE CITY, UT 84131-0236","105 CRESCENT HEIGHTS DR, GEORGETOWN, TX  78628","S11376 - CRESCENT BLUFF SEC 1, BLOCK T, Lot 9","G226417C"," ","S11376 - CRESCENT BLUFF SEC 1","Real","N/A","N/A"
"R556512","R-20-3160-010T-0010","MACIAS, WILLIAM & LORI D","109 CRESCENT HEIGHTS DR  GEORGETOWN, TX 78628","109 CRESCENT HEIGHTS DR, GEORGETOWN, TX  78628","S11376 - CRESCENT BLUFF SEC 1, BLOCK T, Lot 10","G226417C"," ","S11376 - CRESCENT BLUFF SEC 1","Real","N/A","N/A"
"R556513","R-20-3160-010T-0011","CHAFIN, TODD B","113 CRESCENT HEIGHTS DR  GEORGETOWN, TX 78628","113 CRESCENT HEIGHTS DR, GEORGETOWN, TX  78628","S11376 - CRESCENT BLUFF SEC 1, BLOCK T, Lot 11","G226417C"," ","S11376 - CRESCENT BLUFF SEC 1","Real","N/A","N/A"
"R556518","R-20-3160-010T-0016","WALKER, DWIGHT & JUDITH HARRISON WALKER","133 CRESCENT HEIGHTS DR  GEORGETOWN, TX 78628","133 CRESCENT HEIGHTS DR, GEORGETOWN, TX  78628","S11376 - CRESCENT BLUFF SEC 1, BLOCK T, Lot 16","G226417C"," ","S11376 - CRESCENT BLUFF SEC 1","Real","N/A","N/A"
"R556524","R-20-3160-010T-0022","THOMAS, HERBERT DEVON & SUSAN, JR","157 CRESCENT HEIGHTS DR GEORGETOWN, TX 78628-2158","157 CRESCENT HEIGHTS DR, GEORGETOWN, TX  78628","S11376 - CRESCENT BLUFF SEC 1, BLOCK T, Lot 22","G226417C"," ","S11376 - CRESCENT BLUFF SEC 1","Real","N/A","N/A"
"R556529","R-20-3160-010U-0002","ALMOND, SEAN ALLAN & REBECCA NOELLE","1004 HORIZON VIEW DR  GEORGETOWN, TX 78628","1004 HORIZON VIEW DR, GEORGETOWN, TX  78628","S11376 - CRESCENT BLUFF SEC 1, BLOCK U, Lot 2","G226417C"," ","S11376 - CRESCENT BLUFF SEC 1","Real","N/A","N/A"
"R556531","R-20-3160-010U-0004","DUNNING, WILLIAM BRUCE & DANA FAYE","1104 HORIZON VIEW DR  GEORGETOWN, TX 78628","1104 HORIZON VIEW DR, GEORGETOWN, TX  78628","S11376 - CRESCENT BLUFF SEC 1, BLOCK U, Lot 4","G226417C"," ","S11376 - CRESCENT BLUFF SEC 1","Real","N/A","N/A"
"R556532","R-20-3160-010U-0005","GARDNER, DOUTHULIA CARTER","1108 HORIZON VIEW DR  GEORGETOWN, TX 78628","1108 HORIZON VIEW DR, GEORGETOWN, TX  78628","S11376 - CRESCENT BLUFF SEC 1, BLOCK U, Lot 5","G226417C"," ","S11376 - CRESCENT BLUFF SEC 1","Real","N/A","N/A"
"R556533","R-20-3160-010U-0006","MCNAMARA, SHANE & AMI","1112 HORIZON VIEW DR  GEORGETOWN, TX 78628","1112 HORIZON VIEW DR, GEORGETOWN, TX  78628","S11376 - CRESCENT BLUFF SEC 1, BLOCK U, Lot 6","G226417C"," ","S11376 - CRESCENT BLUFF SEC 1","Real","N/A","N/A"
"R556535","R-20-3160-010U-0008","PROGRESS RESIDENTIAL BORROWER 23 LLC","PO BOX 31236 SALT LAKE CITY, UT 84131-0236","409 PINNACLE VIEW DR, GEORGETOWN, TX  78628","S11376 - CRESCENT BLUFF SEC 1, BLOCK U, Lot 8","G226417C"," ","S11376 - CRESCENT BLUFF SEC 1","Real","N/A","N/A"
"R556537","R-20-3160-010U-0010","GOOLSBY, JIMMY ALLEN & JANE ELIZABETH","401 PINNACLE VIEW DR  GEORGETOWN, TX 78628","401 PINNACLE VIEW DR, GEORGETOWN, TX  78628","S11376 - CRESCENT BLUFF SEC 1, BLOCK U, Lot 10","G226417C"," ","S11376 - CRESCENT BLUFF SEC 1","Real","N/A","N/A"
"R556543","R-20-3160-010U-0016","PATROCINIO, ROMANO A","124 CRESCENT HEIGHTS DR  GEORGETOWN, TX 78628","124 CRESCENT HEIGHTS DR, GEORGETOWN, TX  78628","S11376 - CRESCENT BLUFF SEC 1, BLOCK U, Lot 16","G226417C"," ","S11376 - CRESCENT BLUFF SEC 1","Real","N/A","N/A"
"R556550","R-20-3160-010V-0006","JARA, JULYA & MARCELINO","1202 HORIZON VIEW DR  GEORGETOWN, TX 78628","1201 HORIZON VIEW DR, GEORGETOWN, TX  78628","S11376 - CRESCENT BLUFF SEC 1, BLOCK V, Lot 6","G226417C"," ","S11376 - CRESCENT BLUFF SEC 1","Real","N/A","N/A"
"R556552","R-20-3160-010Y-0011","CRESCENT BLUFF PROPERTY OWNERS ASSOCIATION INC","300 E SONTERRA BLVD  #STE 250 SAN ANTONIO, TX 78258","1003 CRESCENT HEIGHTS DR, GEORGETOWN, TX  78628","S11376 - CRESCENT BLUFF SEC 1, BLOCK Y, Lot 11, ACRES 0.052, (OPEN SPACE)","G226417C"," ","S11376 - CRESCENT BLUFF SEC 1","Real","N/A","N/A"
"R556554","R-20-3160-010Y-0013","GONZALEZ, SERGIO JR & LIZETH GUADALUPE MARTINEZECHAVARRIA","204 CRESCENT HEIGHTS DR  GEORGETOWN, TX 78628-2159","204 CRESCENT HEIGHTS DR, GEORGETOWN, TX  78628","S11376 - CRESCENT BLUFF SEC 1, BLOCK Y, Lot 13","G226417C"," ","S11376 - CRESCENT BLUFF SEC 1","Real","N/A","N/A"
"R591730","R-20-3160-023A-0049","CRESCENT BLUFF PROPERTY OWNERS ASSOCIATION INC","300 E SONTERRA BLVD  #STE 250 SAN ANTONIO, TX 78258","2208 SCENIC HILLS CIR, GEORGETOWN, TX  78628","S12219 - CRESCENT BLUFF SEC 2 & 3, BLOCK A, Lot 49, ACRES 0.031, (OPEN SPACE)","G226417C"," ","S12219 - CRESCENT BLUFF SEC 2 & 3","Real","N/A","N/A"
"R591735","R-20-3160-023A-0054","CUSHWAY, MARC & KRISTIN","116 SCENIC HILLS CIR  GEORGETOWN, TX 78628","116 SCENIC HILLS CIR, GEORGETOWN, TX  78628","S12219 - CRESCENT BLUFF SEC 2 & 3, BLOCK A, Lot 54","G226417C"," ","S12219 - CRESCENT BLUFF SEC 2 & 3","Real","N/A","N/A"
"R591737","R-20-3160-023A-0056","FRAKES, CHAD A & ANDREA L","124 SCENIC HILLS CIR  GEORGETOWN, TX 78628","124 SCENIC HILLS CIR, GEORGETOWN, TX  78628","S12219 - CRESCENT BLUFF SEC 2 & 3, BLOCK A, Lot 56","G226417C"," ","S12219 - CRESCENT BLUFF SEC 2 & 3","Real","N/A","N/A"
"R591744","R-20-3160-023A-0063","DORIO, MARK C & JOANNE M","148 SCENIC HILLS CIR  GEORGETOWN, TX 78628-2569","148 SCENIC HILLS CIR, GEORGETOWN, TX  78628","S12219 - CRESCENT BLUFF SEC 2 & 3, BLOCK A, Lot 63","G226417C"," ","S12219 - CRESCENT BLUFF SEC 2 & 3","Real","N/A","N/A"
"R591758","R-20-3160-023F-0013","WEILER, PETER TRIER & LISA TRIER","129 SCENIC HILLS CIR  GEORGETOWN, TX 78628","129 SCENIC HILLS CIR, GEORGETOWN, TX  78628","S12219 - CRESCENT BLUFF SEC 2 & 3, BLOCK F, Lot 13","G226417C"," ","S12219 - CRESCENT BLUFF SEC 2 & 3","Real","N/A","N/A"
"R591760","R-20-3160-023F-0015","KINBERGER, JO & GARY SMITH","121 SCENIC HILLS CIR  GEORGETOWN, TX 78628","121 SCENIC HILLS CIR, GEORGETOWN, TX  78628","S12219 - CRESCENT BLUFF SEC 2 & 3, BLOCK F, Lot 15","G226417C"," ","S12219 - CRESCENT BLUFF SEC 2 & 3","Real","N/A","N/A"
"R591761","R-20-3160-023F-0016","CLEMMONS, GREGORY E & REBEKAH M","117 SCENIC HILLS CIR  GEORGETOWN, TX 78628","117 SCENIC HILLS CIR, GEORGETOWN, TX  78628","S12219 - CRESCENT BLUFF SEC 2 & 3, BLOCK F, Lot 16","G226417C"," ","S12219 - CRESCENT BLUFF SEC 2 & 3","Real","N/A","N/A"
"R591764","R-20-3160-023F-0019","SILVA, PAULO VICTOR & STEVEN ROSS","105 SCENIC HILLS CIR  GEORGETOWN, TX 78628","105 SCENIC HILLS CIR, GEORGETOWN, TX  78628","S12219 - CRESCENT BLUFF SEC 2 & 3, BLOCK F, Lot 19","G226417C"," ","S12219 - CRESCENT BLUFF SEC 2 & 3","Real","N/A","N/A"
"R591769","R-20-3160-023G-0004","CASTLES, PRESTION B & SUSAN HODGES & KERI CASTLES SPARLING","208 SCENIC HILLS CIR  GEORGETOWN, TX 78628","208 SCENIC HILLS CIR, GEORGETOWN, TX  78628","S12219 - CRESCENT BLUFF SEC 2 & 3, BLOCK G, Lot 4","G226417C"," ","S12219 - CRESCENT BLUFF SEC 2 & 3","Real","N/A","N/A"
"R591771","R-20-3160-023G-0006","SCOTT HOMES LLC","723 W UNIVERSITY AVE # 364 GEORGETOWN, TX 78626-2662","216 SCENIC HILLS CIR, GEORGETOWN, TX  78628","S12219 - CRESCENT BLUFF SEC 2 & 3, BLOCK G, Lot 6","G226417C"," ","S12219 - CRESCENT BLUFF SEC 2 & 3","Real","N/A","N/A"
"R591775","R-20-3160-023G-0010","SCOTT HOMES LLC","723 W UNIVERSITY AVE # 364 GEORGETOWN, TX 78626-2662","232 SCENIC HILLS CIR, GEORGETOWN, TX  78628","S12219 - CRESCENT BLUFF SEC 2 & 3, BLOCK G, Lot 10","G226417C"," ","S12219 - CRESCENT BLUFF SEC 2 & 3","Real","N/A","N/A"
"R591789","R-20-3160-023V-0013","ROGERS, ANGELA DENISE & PETER LEE MAAS","108 WHISTLING WILLOW DR  GEORGETOWN, TX 78628","108 WHISTLING WILLOW DR, GEORGETOWN, TX  78628","S12219 - CRESCENT BLUFF SEC 2 & 3, BLOCK V, Lot 13","G226417C"," ","S12219 - CRESCENT BLUFF SEC 2 & 3","Real","N/A","N/A"
"R591790","R-20-3160-023V-0014","MOBLEY, DAVID WILLIAM & SHAHLA AMBER","112 WHISTLING WILLOW DR  GEORGETOWN, TX 78628","112 WHISTLING WILLOW DR, GEORGETOWN, TX  78628","S12219 - CRESCENT BLUFF SEC 2 & 3, BLOCK V, Lot 14","G226417C"," ","S12219 - CRESCENT BLUFF SEC 2 & 3","Real","N/A","N/A"
"R591792","R-20-3160-023X-0002","BARBOUR, KATIE BRADFORD & LOUIS WARD","733 PINNACLE VIEW DR  GEORGETOWN, TX 78628","733 PINNACLE VIEW DR, GEORGETOWN, TX  78628","S12219 - CRESCENT BLUFF SEC 2 & 3, BLOCK X, Lot 2","G226417C"," ","S12219 - CRESCENT BLUFF SEC 2 & 3","Real","N/A","N/A"
"R591795","R-20-3160-023X-0005","SCHMIDT, FERNANDA CHAMELETE & AUGUSTO BORGES","820 GREAT LAWN BND LIBERTY HILL, TX 78642-2501","721 PINNACLE VIEW DR, GEORGETOWN, TX  78628","S12219 - CRESCENT BLUFF SEC 2 & 3, BLOCK X, Lot 5","G226417C"," ","S12219 - CRESCENT BLUFF SEC 2 & 3","Real","N/A","N/A"
"R591797","R-20-3160-023X-0007","ADATI, PRANAYA SAGAR & SWETHA GORILA","713 PINNACLE VIEW DR  GEORGETOWN, TX 78628","713 PINNACLE VIEW DR, GEORGETOWN, TX  78628","S12219 - CRESCENT BLUFF SEC 2 & 3, BLOCK X, Lot 7","G226417C"," ","S12219 - CRESCENT BLUFF SEC 2 & 3","Real","N/A","N/A"
"R591801","R-20-3160-023X-0011","KWAK, JEONG MIN","621 PINNACLE VIEW DR GEORGETOWN, TX 78628-2572","621 PINNACLE VIEW DR, GEORGETOWN, TX  78628","S12219 - CRESCENT BLUFF SEC 2 & 3, BLOCK X, Lot 11","G226417C"," ","S12219 - CRESCENT BLUFF SEC 2 & 3","Real","N/A","N/A"
"R591803","R-20-3160-023X-0013","RIVAS, CHRISTOPHER DAVID & DANELLE RENEE","613 PINNACLE VIEW DR  GEORGETOWN, TX 78628","613 PINNACLE VIEW DR, GEORGETOWN, TX  78628","S12219 - CRESCENT BLUFF SEC 2 & 3, BLOCK X, Lot 13","G226417C"," ","S12219 - CRESCENT BLUFF SEC 2 & 3","Real","N/A","N/A"
"R591805","R-20-3160-023X-0015","HAKAMINE, FREDERICO & YARA IGNACIO","605 PINNACLE VIEW DR  GEORGETOWN, TX 78628","605 PINNACLE VIEW DR, GEORGETOWN, TX  78628","S12219 - CRESCENT BLUFF SEC 2 & 3, BLOCK X, Lot 15","G226417C"," ","S12219 - CRESCENT BLUFF SEC 2 & 3","Real","N/A","N/A"
"R591814","R-20-3160-023Y-0002","CHESMAR HOMES LLC","801 E OLD SETTLERS BLVD  #STE 250B ROUND ROCK, TX 78664","129 WHISTLING WILLOW DR, GEORGETOWN, TX  78628","S12219 - CRESCENT BLUFF SEC 2 & 3, BLOCK Y, Lot 2","G226417C"," ","S12219 - CRESCENT BLUFF SEC 2 & 3","Real","N/A","N/A"
"R591824","R-20-3160-023Y-0012","BROOKS, JOSHUA RYAN & EDEN SONJA WARRICK","708 PINNACLE VIEW DR  GEORGETOWN, TX 78628","708 PINNACLE VIEW DR, GEORGETOWN, TX  78628","S12219 - CRESCENT BLUFF SEC 2 & 3, BLOCK Y, Lot 12","G226417C"," ","S12219 - CRESCENT BLUFF SEC 2 & 3","Real","N/A","N/A"
"R591826","R-20-3160-023Y-0014","DAY, AMBER MAE & BRANT DAVID","716 PINNACLE VIEW DR  GEORGETOWN, TX 78628","716 PINNACLE VIEW DR, GEORGETOWN, TX  78628","S12219 - CRESCENT BLUFF SEC 2 & 3, BLOCK Y, Lot 14","G226417C"," ","S12219 - CRESCENT BLUFF SEC 2 & 3","Real","N/A","N/A"
"R625907","R-20-3160-04BG-0002","POPE, DILLAN & BRITTANY MADER","604 CRESCENT VIEW DR  GEORGETOWN, TX 78628-3954","604 CRESCENT VIEW DR, GEORGETOWN, TX  78628","S12896 - CRESCENT BLUFF SEC 4B, BLOCK G, Lot 2","G226417C"," ","S12896 - CRESCENT BLUFF SEC 4B","Real","N/A","N/A"
"R625910","R-20-3160-04BG-0005","SPILLER, MELVIN & MEI","700 CRESCENT VIEW DR  GEORGETOWN, TX 78628-3955","700 CRESCENT VIEW DR, GEORGETOWN, TX  78628","S12896 - CRESCENT BLUFF SEC 4B, BLOCK G, Lot 5","G226417C"," ","S12896 - CRESCENT BLUFF SEC 4B","Real","N/A","N/A"
"R625912","R-20-3160-04BK-0001","SHAH, SHIMONI & AATISH VIMESH PATEL","128 SERENITY HILLS DR  GEORGETOWN, TX 78640","128 SERENITY HILLS DR, GEORGETOWN, TX  78628","S12896 - CRESCENT BLUFF SEC 4B, BLOCK K, Lot 1","G226417C"," ","S12896 - CRESCENT BLUFF SEC 4B","Real","N/A","N/A"
"R625914","R-20-3160-04BK-0003","GALLOWAY, RICHARD BRANDON & ROSE MARY BEAN","120 SERENITY HILLS DR  GEORGETOWN, TX 78628","120 SERENITY HILLS DR, GEORGETOWN, TX  78628","S12896 - CRESCENT BLUFF SEC 4B, BLOCK K, Lot 3","G226417C"," ","S12896 - CRESCENT BLUFF SEC 4B","Real","N/A","N/A"
"R625920","R-20-3160-04BS-0001","GFO HOME LLC","1717 MCKINNEY AVE STE 1590 DALLAS, TX 75202-1242","517 CRESCENT HEIGHTS DR, GEORGETOWN, TX  78628","S12896 - CRESCENT BLUFF SEC 4B, BLOCK S, Lot 1, ACRES 1.637, (OPEN SPACE)","G226417C"," ","S12896 - CRESCENT BLUFF SEC 4B","Real","N/A","N/A"
"R625935","R-20-3160-04BX-0029","WILLIAMSON, KARLA JENEE & JOSEPH CHRISTIAN","124 ESTATE HILLS DR  GEORGETOWN, TX 78628-3956","124 ESTATE HILLS DR, GEORGETOWN, TX  78628","S12896 - CRESCENT BLUFF SEC 4B, BLOCK X, Lot 29","G226417C"," ","S12896 - CRESCENT BLUFF SEC 4B","Real","N/A","N/A"
"R625939","R-20-3160-04BX-0033","JOGI, SURYA TEJA & SUPRIYA ENDURTHI","140 ESTATE HILLS DR  GEORGETOWN, TX 78628-3956","140 ESTATE HILLS DR, GEORGETOWN, TX  78628","S12896 - CRESCENT BLUFF SEC 4B, BLOCK X, Lot 33","G226417C"," ","S12896 - CRESCENT BLUFF SEC 4B","Real","N/A","N/A"
"R625941","R-20-3160-04BX-0035","TEW, RUSTY A & JOSHUA J HARMAN","148 ESTATE HILLS DR  GEORGETOWN, TX 78628-3956","148 ESTATE HILLS DR, GEORGETOWN, TX  78628","S12896 - CRESCENT BLUFF SEC 4B, BLOCK X, Lot 35","G226417C"," ","S12896 - CRESCENT BLUFF SEC 4B","Real","N/A","N/A"
"R625942","R-20-3160-04BX-0036","HONCHARENKO, YEVHEN & OLENA","7720 OCONNOR DR  #APT 4502 ROUND ROCK, TX 78681-5599","404 CRESCENT HEIGHTS DR, GEORGETOWN, TX  78628","S12896 - CRESCENT BLUFF SEC 4B, BLOCK X, Lot 36","G226417C"," ","S12896 - CRESCENT BLUFF SEC 4B","Real","N/A","N/A"
"R625943","R-20-3160-04BX-0037","RIVERA, PAUL DOMINGUEZ & JENNIFER MARIE RODRIGUEZ OCASIO","408 CRESCENT HEIGHTS DR  GEORGETOWN, TX 78628-3945","408 CRESCENT HEIGHTS DR, GEORGETOWN, TX  78628","S12896 - CRESCENT BLUFF SEC 4B, BLOCK X, Lot 37","G226417C"," ","S12896 - CRESCENT BLUFF SEC 4B","Real","N/A","N/A"
"R625947","R-20-3160-04BX-0041","PATEL, MEET HEMANTKUMAR & RAJVI RAKESHKUMAR","504 CRESCENT HEIGHTS DR  GEORGETOWN, TX 78628","504 CRESCENT HEIGHTS DR, GEORGETOWN, TX  78628","S12896 - CRESCENT BLUFF SEC 4B, BLOCK X, Lot 41","G226417C"," ","S12896 - CRESCENT BLUFF SEC 4B","Real","N/A","N/A"
"R625954","R-20-3160-04BY-0003","CHUNG, KI YOUNG","127 ESTATE HILLS DR  GEORGETOWN, TX 78628-3956","127 ESTATE HILLS DR, GEORGETOWN, TX  78628","S12896 - CRESCENT BLUFF SEC 4B, BLOCK Y, Lot 3","G226417C"," ","S12896 - CRESCENT BLUFF SEC 4B","Real","N/A","N/A"
"R625960","R-20-3160-04BY-0009","GOMEZ, JOSUE & DULCE DELGADO","105 ESTATE HILLS DR  GEORGETOWN, TX 78628-3956","105 ESTATE HILLS DR, GEORGETOWN, TX  78628","S12896 - CRESCENT BLUFF SEC 4B, BLOCK Y, Lot 9","G226417C"," ","S12896 - CRESCENT BLUFF SEC 4B","Real","N/A","N/A"
"R625961","R-20-3160-04BY-0010","GFO HOME LLC","1717 MCKINNEY AVE STE 1590 DALLAS, TX 75202-1242","101 ESTATE HILLS DR, GEORGETOWN, TX  78628","S12896 - CRESCENT BLUFF SEC 4B, BLOCK Y, Lot 10, ACRES 0.066, (OPEN SPACE)","G226417C"," ","S12896 - CRESCENT BLUFF SEC 4B","Real","N/A","N/A"
"R625962","R-20-3160-04BY-0022","DURON, COREY JULIAN & MEGAN LYN MARTINEZ","139 ESTATE HILLS DR  GEORGETOWN, TX 78628-3956","139 ESTATE HILLS DR, GEORGETOWN, TX  78628","S12896 - CRESCENT BLUFF SEC 4B, BLOCK Y, Lot 22","G226417C"," ","S12896 - CRESCENT BLUFF SEC 4B","Real","N/A","N/A"
"R625963","R-20-3160-04BY-0014","GADEGE, PURUSHOTHAM & SUSHMA BUDUR","208 CRESCENT HEIGHTS DR  GEORGETOWN, TX 78628-2159","208 CRESCENT HEIGHTS DR, GEORGETOWN, TX  78628","S12896 - CRESCENT BLUFF SEC 4B, BLOCK Y, Lot 14","G226417C"," ","S12896 - CRESCENT BLUFF SEC 4B","Real","N/A","N/A"
"R625964","R-20-3160-04BY-0015","CHAIREZ, GREGORIO & JASMIN","212 CRESCENT HEIGHTS DR  GEORGETOWN, TX 78628-2159","212 CRESCENT HEIGHTS DR, GEORGETOWN, TX  78628","S12896 - CRESCENT BLUFF SEC 4B, BLOCK Y, Lot 15","G226417C"," ","S12896 - CRESCENT BLUFF SEC 4B","Real","N/A","N/A"
"R625971","R-20-3160-04BZ-0001","STEWART, NICOLE JACQUELINE","421 CRESCENT HEIGHTS DR  GEORGETOWN, TX 78628-3945","421 CRESCENT HEIGHTS DR, GEORGETOWN, TX  78628","S12896 - CRESCENT BLUFF SEC 4B, BLOCK Z, Lot 1","G226417C"," ","S12896 - CRESCENT BLUFF SEC 4B","Real","N/A","N/A"
"R625973","R-20-3160-04BZ-0003","POZAS, FABRICIO & AMANDA K FAIRRIS","413 CRESCENT HEIGHTS DR  GEORGETOWN, TX 78628","413 CRESCENT HEIGHTS DR, GEORGETOWN, TX  78628","S12896 - CRESCENT BLUFF SEC 4B, BLOCK Z, Lot 3","G226417C"," ","S12896 - CRESCENT BLUFF SEC 4B","Real","N/A","N/A"
"R625977","R-20-3160-04BZ-0007","RIVERA, ARNALDO & KATHELINE","325 CRESCENT HEIGHTS DR  GEORGETOWN, TX 78628-3952","325 CRESCENT HEIGHTS DR, GEORGETOWN, TX  78628","S12896 - CRESCENT BLUFF SEC 4B, BLOCK Z, Lot 7","G226417C"," ","S12896 - CRESCENT BLUFF SEC 4B","Real","N/A","N/A"
"R625981","R-20-3160-04BZ-0011","KALERU, PRANEETH & TEJASVI THINDERU","309 CRESCENT HEIGHTS DR  GEORGETOWN, TX 78628","309 CRESCENT HEIGHTS DR, GEORGETOWN, TX  78628","S12896 - CRESCENT BLUFF SEC 4B, BLOCK Z, Lot 11","G226417C"," ","S12896 - CRESCENT BLUFF SEC 4B","Real","N/A","N/A"
"R625988","R-20-3160-04BZ-0018","MIMMS, ANTHONY MARQUICE & CARMILLA DEVONNE","225 CRESCENT HEIGHTS DR  GEORGETOWN, TX 78628-2159","225 CRESCENT HEIGHTS DR, GEORGETOWN, TX  78628","S12896 - CRESCENT BLUFF SEC 4B, BLOCK Z, Lot 18","G226417C"," ","S12896 - CRESCENT BLUFF SEC 4B","Real","N/A","N/A"
"R633460","R-20-3160-050G-0013","VICTOR BARRETT TEETER & PATRICIA ANN TEETER TRS TEETER REVOCABLE LIVING TRUST","812 CRESCENT VIEW DR  GEORGETOWN, TX 78628-3957","812 CRESCENT VIEW DR, GEORGETOWN, TX  78628","S13020 - CRESCENT BLUFF SEC 5, BLOCK G, Lot 13, ACRES 0.16","G226417C"," ","S13020 - CRESCENT BLUFF SEC 5","Real","N/A","N/A"
"R633467","R-20-3160-050K-0011","BURNS, VANCE AMANDUS & CHRISTY ANDREWS","109 ELM VIEW DR  GEORGETOWN, TX 78628-3947","109 ELM VIEW DR, GEORGETOWN, TX  78628","S13020 - CRESCENT BLUFF SEC 5, BLOCK K, Lot 11, ACRES 0.166","G226417C"," ","S13020 - CRESCENT BLUFF SEC 5","Real","N/A","N/A"
"R633469","R-20-3160-050K-0013","DURANT, TOVIEA & MATTHEW IVEY","117 ELM VIEW DR  GEORGETOWN, TX 78628-3947","117 ELM VIEW DR, GEORGETOWN, TX  78628","S13020 - CRESCENT BLUFF SEC 5, BLOCK K, Lot 13, ACRES 0.166","G226417C"," ","S13020 - CRESCENT BLUFF SEC 5","Real","N/A","N/A"
"R633483","R-20-3160-050K-0027","PULTE HOMES OF TEXAS LP","11001 LAKELINE BLVD BLDG 1, SUITE 300 AUSTIN, TX 78717","621 RIDGE POINT DR, GEORGETOWN, TX  78628","S13020 - CRESCENT BLUFF SEC 5, BLOCK K, Lot 27","G226417C"," ","S13020 - CRESCENT BLUFF SEC 5","Real","N/A","N/A"
"R633488","R-20-3160-050L-0002","PULTE HOMES OF TEXAS LP","11001 LAKELINE BLVD BLDG 1, SUITE 300 AUSTIN, TX 78717","104 ELM VIEW DR, GEORGETOWN, TX  78628","S13020 - CRESCENT BLUFF SEC 5, BLOCK L, Lot 2, ACRES 0.181","G226417C"," ","S13020 - CRESCENT BLUFF SEC 5","Real","N/A","N/A"
"R633490","R-20-3160-050L-0004","GULKOTWAR, ADITYA MURLI & AISHWARYA SUNIL ADKAR","112 ELM VIEW DR  GEORGETOWN, TX 78628-3947","112 ELM VIEW DR, GEORGETOWN, TX  78628","S13020 - CRESCENT BLUFF SEC 5, BLOCK L, Lot 4, ACRES 0.184","G226417C"," ","S13020 - CRESCENT BLUFF SEC 5","Real","N/A","N/A"
"R633492","R-20-3160-050L-0006","SOHAL, MANMEET & JASJEET KAUR BIRDI","120 ELM VIEW DR  GEORGETOWN, TX 78628-3947","120 ELM VIEW DR, GEORGETOWN, TX  78628","S13020 - CRESCENT BLUFF SEC 5, BLOCK L, Lot 6, ACRES 0.187","G226417C"," ","S13020 - CRESCENT BLUFF SEC 5","Real","N/A","N/A"
"R633495","R-20-3160-050L-0009","ZALEWSKI, KRZYSZTOF & MARZENA","128 ELM VIEW DR  GEORGETOWN, TX 78628-3947","128 ELM VIEW DR, GEORGETOWN, TX  78628","S13020 - CRESCENT BLUFF SEC 5, BLOCK L, Lot 9, ACRES 0.189","G226417C"," ","S13020 - CRESCENT BLUFF SEC 5","Real","N/A","N/A"
"R633498","R-20-3160-050L-0012","LLOYD, TAYLLOR KATHRYN & ORLANDO VAUGHN","140 ELM VIEW DR  GEORGETOWN, TX 78628-3947","140 ELM VIEW DR, GEORGETOWN, TX  78628","S13020 - CRESCENT BLUFF SEC 5, BLOCK L, Lot 12, ACRES 0.189","G226417C"," ","S13020 - CRESCENT BLUFF SEC 5","Real","N/A","N/A"
"R633499","R-20-3160-050L-0013","SIAS, MATTHEW JOHN & STACEY MARIE","144 ELM VIEW DR  GEORGETOWN, TX 78628-3947","144/148 ELM VIEW DR, GEORGETOWN, TX  78628","S13020 - CRESCENT BLUFF SEC 5, BLOCK L, Lot 13, ACRES 0.233","G226417C"," ","S13020 - CRESCENT BLUFF SEC 5","Real","N/A","N/A"
"R633509","R-20-3160-050L-0023","RDRR LLC SERIES B A SERIES OF RDRR LLC A TEXAS SERIES","3108 MONETTE LN  PLANO, TX 75025-5354","105 ELM RIDGE WAY, GEORGETOWN, TX  78628","S13020 - CRESCENT BLUFF SEC 5, BLOCK L, Lot 23, ACRES 0.236","G226417C"," ","S13020 - CRESCENT BLUFF SEC 5","Real","N/A","N/A"
"R633522","R-20-3160-050S-0021","PULTE HOMES OF TEXAS LP","11001 LAKELINE BLVD BLDG 1, SUITE 300 AUSTIN, TX 78717","221 SERENITY HILLS DR, GEORGETOWN, TX  78628","S13020 - CRESCENT BLUFF SEC 5, BLOCK S, Lot 21, ACRES 0.156","G226417C"," ","S13020 - CRESCENT BLUFF SEC 5","Real","N/A","N/A"
"R633526","R-20-3160-050S-0025","PULTE HOMES OF TEXAS LP","11001 LAKELINE BLVD BLDG 1, SUITE 300 AUSTIN, TX 78717","SERENITY HILLS DR, GEORGETOWN, TX  78628","S13020 - CRESCENT BLUFF SEC 5, BLOCK S, Lot 25, ACRES 0.481","G226417C"," ","S13020 - CRESCENT BLUFF SEC 5","Real","N/A","N/A"
"R633528","R-20-3160-050S-0027","PULTE HOMES OF TEXAS LP","11001 LAKELINE BLVD BLDG 1, SUITE 300 AUSTIN, TX 78717","220 SERENITY HILLS DR, GEORGETOWN, TX  78628","S13020 - CRESCENT BLUFF SEC 5, BLOCK S, Lot 27, ACRES 0.243","G226417C"," ","S13020 - CRESCENT BLUFF SEC 5","Real","N/A","N/A"
"R633532","R-20-3160-050S-0031","PULTE HOMES OF TEXAS LP","11001 LAKELINE BLVD BLDG 1, SUITE 300 AUSTIN, TX 78717","RIDGE POINT DR, GEORGETOWN, TX  78628","S13020 - CRESCENT BLUFF SEC 5, BLOCK S, Lot 31, ACRES 0.253","G226417C"," ","S13020 - CRESCENT BLUFF SEC 5","Real","N/A","N/A"
"R633534","R-20-3160-050S-0033","WEAVER, BRANDON D & PAYTIN M","632 RIDGE POINT DR  GEORGETOWN, TX 78628-3949","632 RIDGE POINT DR, GEORGETOWN, TX  78628","S13020 - CRESCENT BLUFF SEC 5, BLOCK S, Lot 33, ACRES 0.266","G226417C"," ","S13020 - CRESCENT BLUFF SEC 5","Real","N/A","N/A"
"R633556","R-20-3160-050S-0055","FASUNAN RHODA & BABAFEMI SHODIMU","100 ELM RIDGE WAY  GEORGETOWN, TX 78628-3946","100 ELM RIDGE WAY, GEORGETOWN, TX  78628","S13020 - CRESCENT BLUFF SEC 5, BLOCK S, Lot 55, ACRES 0.178","G226417C"," ","S13020 - CRESCENT BLUFF SEC 5","Real","N/A","N/A"
"R688068","R-20-3160-678A-0008","CHESMAR HOMES LLC","3600 W PARMER LN STE 160 AUSTIN, TX 78727-4124","PLUM VALLEY WAY, GEORGETOWN, TX  78628","S13971 - CRESCENT BLUFF WEST SEC 6, 7 & 8, BLOCK A, Lot 8, ACRES 0.286","G226417C"," ","S13971 - CRESCENT BLUFF WEST SEC 6, 7 & 8","Real","N/A","N/A"
"R688072","R-20-3160-678A-0001","CHESMAR HOMES LLC","3600 W PARMER LN STE 160 AUSTIN, TX 78727-4124","CRESCENT VIEW DR, GEORGETOWN, TX  78628","S13971 - CRESCENT BLUFF WEST SEC 6, 7 & 8, BLOCK A, Lot 1, ACRES 0.511, (OPEN SPACE)","G226417C"," ","S13971 - CRESCENT BLUFF WEST SEC 6, 7 & 8","Real","N/A","N/A"
"R688081","R-20-3160-678B-0009","CHESMAR HOMES LLC","3600 W PARMER LN STE 160 AUSTIN, TX 78727-4124","RIVER BANK LN, GEORGETOWN, TX  78628","S13971 - CRESCENT BLUFF WEST SEC 6, 7 & 8, BLOCK B, Lot 9, ACRES 0.344","G226417C"," ","S13971 - CRESCENT BLUFF WEST SEC 6, 7 & 8","Real","N/A","N/A"
"R688082","R-20-3160-678C-0001","CHESMAR HOMES LLC","3600 W PARMER LN STE 160 AUSTIN, TX 78727-4124","PLUM VALLEY WAY, GEORGETOWN, TX  78628","S13971 - CRESCENT BLUFF WEST SEC 6, 7 & 8, BLOCK C, Lot 1, ACRES 0.236","G226417C"," ","S13971 - CRESCENT BLUFF WEST SEC 6, 7 & 8","Real","N/A","N/A"
"R688083","R-20-3160-678C-0002","CHESMAR HOMES LLC","3600 W PARMER LN STE 160 AUSTIN, TX 78727-4124","PLUM VALLEY WAY, GEORGETOWN, TX  78628","S13971 - CRESCENT BLUFF WEST SEC 6, 7 & 8, BLOCK C, Lot 2, ACRES 0.201","G226417C"," ","S13971 - CRESCENT BLUFF WEST SEC 6, 7 & 8","Real","N/A","N/A"
"R688085","R-20-3160-678C-0004","CHESMAR HOMES LLC","3600 W PARMER LN STE 160 AUSTIN, TX 78727-4124","PLUM VALLEY WAY, GEORGETOWN, TX  78628","S13971 - CRESCENT BLUFF WEST SEC 6, 7 & 8, BLOCK C, Lot 4, ACRES 0.239","G226417C"," ","S13971 - CRESCENT BLUFF WEST SEC 6, 7 & 8","Real","N/A","N/A"
"R688095","R-20-3160-678C-0014","CHESMAR HOMES LLC","3600 W PARMER LN STE 160 AUSTIN, TX 78727-4124","RIVER BANK LN, GEORGETOWN, TX  78628","S13971 - CRESCENT BLUFF WEST SEC 6, 7 & 8, BLOCK C, Lot 14, ACRES 0.209","G226417C"," ","S13971 - CRESCENT BLUFF WEST SEC 6, 7 & 8","Real","N/A","N/A"
"R688096","R-20-3160-678C-0015","CHESMAR HOMES LLC","3600 W PARMER LN STE 160 AUSTIN, TX 78727-4124","RIVER BANK LN, GEORGETOWN, TX  78628","S13971 - CRESCENT BLUFF WEST SEC 6, 7 & 8, BLOCK C, Lot 15, ACRES 0.255","G226417C"," ","S13971 - CRESCENT BLUFF WEST SEC 6, 7 & 8","Real","N/A","N/A"
"R688098","R-20-3160-678C-0017","CHESMAR HOMES LLC","3600 W PARMER LN STE 160 AUSTIN, TX 78727-4124","RIVER BANK LN, GEORGETOWN, TX  78628","S13971 - CRESCENT BLUFF WEST SEC 6, 7 & 8, BLOCK C, Lot 17, ACRES 0.227","G226417C"," ","S13971 - CRESCENT BLUFF WEST SEC 6, 7 & 8","Real","N/A","N/A"
"R688099","R-20-3160-678C-0018","CHESMAR HOMES LLC","3600 W PARMER LN STE 160 AUSTIN, TX 78727-4124","RIVER BANK LN, GEORGETOWN, TX  78628","S13971 - CRESCENT BLUFF WEST SEC 6, 7 & 8, BLOCK C, Lot 18, ACRES 0.243","G226417C"," ","S13971 - CRESCENT BLUFF WEST SEC 6, 7 & 8","Real","N/A","N/A"
"R688100","R-20-3160-678C-0019","CHESMAR HOMES LLC","3600 W PARMER LN STE 160 AUSTIN, TX 78727-4124","RIVER BANK LN, GEORGETOWN, TX  78628","S13971 - CRESCENT BLUFF WEST SEC 6, 7 & 8, BLOCK C, Lot 19, ACRES 0.249","G226417C"," ","S13971 - CRESCENT BLUFF WEST SEC 6, 7 & 8","Real","N/A","N/A"
"R688102","R-20-3160-678C-0021","CHESMAR HOMES LLC","3600 W PARMER LN STE 160 AUSTIN, TX 78727-4124","RIVER BANK LN, GEORGETOWN, TX  78628","S13971 - CRESCENT BLUFF WEST SEC 6, 7 & 8, BLOCK C, Lot 21, ACRES 0.185","G226417C"," ","S13971 - CRESCENT BLUFF WEST SEC 6, 7 & 8","Real","N/A","N/A"
"R688113","R-20-3160-678C-0032","CHESMAR HOMES LLC","3600 W PARMER LN STE 160 AUSTIN, TX 78727-4124","CLASSIC OAKS LN, GEORGETOWN, TX  78628","S13971 - CRESCENT BLUFF WEST SEC 6, 7 & 8, BLOCK C, Lot 32, ACRES 0.162","G226417C"," ","S13971 - CRESCENT BLUFF WEST SEC 6, 7 & 8","Real","N/A","N/A"
"R688115","R-20-3160-678C-0034","CHESMAR HOMES LLC","3600 W PARMER LN STE 160 AUSTIN, TX 78727-4124","CLASSIC OAKS LN, GEORGETOWN, TX  78628","S13971 - CRESCENT BLUFF WEST SEC 6, 7 & 8, BLOCK C, Lot 34, ACRES 0.164","G226417C"," ","S13971 - CRESCENT BLUFF WEST SEC 6, 7 & 8","Real","N/A","N/A"
"R688121","R-20-3160-678C-0040","CHESMAR HOMES LLC","3600 W PARMER LN STE 160 AUSTIN, TX 78727-4124","STEELE SUMMIT RD, GEORGETOWN, TX  78628","S13971 - CRESCENT BLUFF WEST SEC 6, 7 & 8, BLOCK C, Lot 40, ACRES 0.152","G226417C"," ","S13971 - CRESCENT BLUFF WEST SEC 6, 7 & 8","Real","N/A","N/A"
"R688123","R-20-3160-678C-0042","CHESMAR HOMES LLC","3600 W PARMER LN STE 160 AUSTIN, TX 78727-4124","STEELE SUMMIT RD, GEORGETOWN, TX  78628","S13971 - CRESCENT BLUFF WEST SEC 6, 7 & 8, BLOCK C, Lot 42, ACRES 0.161","G226417C"," ","S13971 - CRESCENT BLUFF WEST SEC 6, 7 & 8","Real","N/A","N/A"
"R688128","R-20-3160-678D-0001","CHESMAR HOMES LLC","3600 W PARMER LN STE 160 AUSTIN, TX 78727-4124","CLIFF VIEW DR, GEORGETOWN, TX  78628","S13971 - CRESCENT BLUFF WEST SEC 6, 7 & 8, BLOCK D, Lot 1, ACRES 0.266","G226417C"," ","S13971 - CRESCENT BLUFF WEST SEC 6, 7 & 8","Real","N/A","N/A"
"R688130","R-20-3160-678D-0003","CHESMAR HOMES LLC","3600 W PARMER LN STE 160 AUSTIN, TX 78727-4124","CLIFF VIEW DR, GEORGETOWN, TX  78628","S13971 - CRESCENT BLUFF WEST SEC 6, 7 & 8, BLOCK D, Lot 3, ACRES 0.146","G226417C"," ","S13971 - CRESCENT BLUFF WEST SEC 6, 7 & 8","Real","N/A","N/A"
"R688131","R-20-3160-678D-0004","CHESMAR HOMES LLC","3600 W PARMER LN STE 160 AUSTIN, TX 78727-4124","CLIFF VIEW DR, GEORGETOWN, TX  78628","S13971 - CRESCENT BLUFF WEST SEC 6, 7 & 8, BLOCK D, Lot 4, ACRES 0.192","G226417C"," ","S13971 - CRESCENT BLUFF WEST SEC 6, 7 & 8","Real","N/A","N/A"
"R688147","R-20-3160-678E-0003","CHESMAR HOMES LLC","3600 W PARMER LN STE 160 AUSTIN, TX 78727-4124","CRESCENT VIEW DR, GEORGETOWN, TX  78628","S13971 - CRESCENT BLUFF WEST SEC 6, 7 & 8, BLOCK E, Lot 3, ACRES 0.182","G226417C"," ","S13971 - CRESCENT BLUFF WEST SEC 6, 7 & 8","Real","N/A","N/A"
"R688148","R-20-3160-678E-0004","CHESMAR HOMES LLC","3600 W PARMER LN STE 160 AUSTIN, TX 78727-4124","CRESCENT VIEW DR, GEORGETOWN, TX  78628","S13971 - CRESCENT BLUFF WEST SEC 6, 7 & 8, BLOCK E, Lot 4, ACRES 0.354","G226417C"," ","S13971 - CRESCENT BLUFF WEST SEC 6, 7 & 8","Real","N/A","N/A"
"R688159","R-20-3160-678E-0015","CHESMAR HOMES LLC","3600 W PARMER LN STE 160 AUSTIN, TX 78727-4124","CLIFF VIEW DR, GEORGETOWN, TX  78628","S13971 - CRESCENT BLUFF WEST SEC 6, 7 & 8, BLOCK E, Lot 15, ACRES 0.154","G226417C"," ","S13971 - CRESCENT BLUFF WEST SEC 6, 7 & 8","Real","N/A","N/A"
"R688161","R-20-3160-678E-0017","CHESMAR HOMES LLC","3600 W PARMER LN STE 160 AUSTIN, TX 78727-4124","ENDLESS SCENE DR, GEORGETOWN, TX  78628","S13971 - CRESCENT BLUFF WEST SEC 6, 7 & 8, BLOCK E, Lot 17, ACRES 0.133","G226417C"," ","S13971 - CRESCENT BLUFF WEST SEC 6, 7 & 8","Real","N/A","N/A"
"R688164","R-20-3160-678E-0020","CHESMAR HOMES LLC","3600 W PARMER LN STE 160 AUSTIN, TX 78727-4124","ENDLESS SCENE DR, GEORGETOWN, TX  78628","S13971 - CRESCENT BLUFF WEST SEC 6, 7 & 8, BLOCK E, Lot 20, ACRES 0.169","G226417C"," ","S13971 - CRESCENT BLUFF WEST SEC 6, 7 & 8","Real","N/A","N/A"
"R688167","R-20-3160-678E-0023","CHESMAR HOMES LLC","3600 W PARMER LN STE 160 AUSTIN, TX 78727-4124","ENDLESS SCENE DR, GEORGETOWN, TX  78628","S13971 - CRESCENT BLUFF WEST SEC 6, 7 & 8, BLOCK E, Lot 23, ACRES 0.165, (OPEN SPACE)","G226417C"," ","S13971 - CRESCENT BLUFF WEST SEC 6, 7 & 8","Real","N/A","N/A"
"R688171","R-20-3160-678F-0004","CHESMAR HOMES LLC","3600 W PARMER LN STE 160 AUSTIN, TX 78727-4124","HAZY HOLLOW DR, GEORGETOWN, TX  78628","S13971 - CRESCENT BLUFF WEST SEC 6, 7 & 8, BLOCK F, Lot 4, ACRES 0.154","G226417C"," ","S13971 - CRESCENT BLUFF WEST SEC 6, 7 & 8","Real","N/A","N/A"
"R688172","R-20-3160-678F-0005","CHESMAR HOMES LLC","3600 W PARMER LN STE 160 AUSTIN, TX 78727-4124","HAZY HOLLOW DR, GEORGETOWN, TX  78628","S13971 - CRESCENT BLUFF WEST SEC 6, 7 & 8, BLOCK F, Lot 5, ACRES 0.397","G226417C"," ","S13971 - CRESCENT BLUFF WEST SEC 6, 7 & 8","Real","N/A","N/A"
"R688181","R-20-3160-678G-0014","CHESMAR HOMES LLC","3600 W PARMER LN STE 160 AUSTIN, TX 78727-4124","RIVER BANK LN, GEORGETOWN, TX  78628","S13971 - CRESCENT BLUFF WEST SEC 6, 7 & 8, BLOCK G, Lot 14, ACRES 0.223","G226417C"," ","S13971 - CRESCENT BLUFF WEST SEC 6, 7 & 8","Real","N/A","N/A"
"R688196","R-20-3160-678I-0006","CHESMAR HOMES LLC","3600 W PARMER LN STE 160 AUSTIN, TX 78727-4124","STEELE SUMMIT RD, GEORGETOWN, TX  78628","S13971 - CRESCENT BLUFF WEST SEC 6, 7 & 8, BLOCK I, Lot 6, ACRES 0.172","G226417C"," ","S13971 - CRESCENT BLUFF WEST SEC 6, 7 & 8","Real","N/A","N/A"
"R688199","R-20-3160-678I-0009","CHESMAR HOMES LLC","3600 W PARMER LN STE 160 AUSTIN, TX 78727-4124","STEELE SUMMIT RD, GEORGETOWN, TX  78628","S13971 - CRESCENT BLUFF WEST SEC 6, 7 & 8, BLOCK I, Lot 9, ACRES 0.172","G226417C"," ","S13971 - CRESCENT BLUFF WEST SEC 6, 7 & 8","Real","N/A","N/A"
"R688200","R-20-3160-678I-0010","CHESMAR HOMES LLC","3600 W PARMER LN STE 160 AUSTIN, TX 78727-4124","STEELE SUMMIT RD, GEORGETOWN, TX  78628","S13971 - CRESCENT BLUFF WEST SEC 6, 7 & 8, BLOCK I, Lot 10, ACRES 0.172","G226417C"," ","S13971 - CRESCENT BLUFF WEST SEC 6, 7 & 8","Real","N/A","N/A"
"R688204","R-20-3160-678I-0014","CHESMAR HOMES LLC","3600 W PARMER LN STE 160 AUSTIN, TX 78727-4124","STEELE SUMMIT RD, GEORGETOWN, TX  78628","S13971 - CRESCENT BLUFF WEST SEC 6, 7 & 8, BLOCK I, Lot 14, ACRES 0.149","G226417C"," ","S13971 - CRESCENT BLUFF WEST SEC 6, 7 & 8","Real","N/A","N/A"
"R688206","R-20-3160-678I-0016","CHESMAR HOMES LLC","3600 W PARMER LN STE 160 AUSTIN, TX 78727-4124","STEELE SUMMIT RD, GEORGETOWN, TX  78628","S13971 - CRESCENT BLUFF WEST SEC 6, 7 & 8, BLOCK I, Lot 16, ACRES 0.149","G226417C"," ","S13971 - CRESCENT BLUFF WEST SEC 6, 7 & 8","Real","N/A","N/A"
"R688210","R-20-3160-678J-0005","CHESMAR HOMES LLC","3600 W PARMER LN STE 160 AUSTIN, TX 78727-4124","CLASSIC OAKS LN, GEORGETOWN, TX  78628","S13971 - CRESCENT BLUFF WEST SEC 6, 7 & 8, BLOCK J, Lot 5, ACRES 0.209","G226417C"," ","S13971 - CRESCENT BLUFF WEST SEC 6, 7 & 8","Real","N/A","N/A"
"R556436","R-20-3160-010A-0001","SMITH, JEFF & SHARON","100 SAN VIEW DR  GEORGETOWN, TX 78628","100 SAN VIEW DR, GEORGETOWN, TX  78628","S11376 - CRESCENT BLUFF SEC 1, BLOCK A, Lot 1","G226417C"," ","S11376 - CRESCENT BLUFF SEC 1","Real","N/A","N/A"
"R556439","R-20-3160-010A-0004","CERNERO, JAMES PETER & MELINDA SUE","112 SAN VIEW DR  GEORGETOWN, TX 78628","112 SAN VIEW DR, GEORGETOWN, TX  78628","S11376 - CRESCENT BLUFF SEC 1, BLOCK A, Lot 4","G226417C"," ","S11376 - CRESCENT BLUFF SEC 1","Real","N/A","N/A"
"R556441","R-20-3160-010A-0006","CRESCENT BLUFF PROPERTY OWNERS ASSOCIATION INC","300 E SONTERRA BLVD  #STE 250 SAN ANTONIO, TX 78258","120 SAN VIEW DR, GEORGETOWN, TX  78628","S11376 - CRESCENT BLUFF SEC 1, BLOCK A, Lot 6, ACRES 0.486, (OPEN SPACE)","G226417C"," ","S11376 - CRESCENT BLUFF SEC 1","Real","N/A","N/A"
"R556446","R-20-3160-010A-0011","ROBERTS, LINDSEY & STEPHEN CARDENAS","109 SAN VIEW DR GEORGETOWN, TX 78628-2150","109 SAN VIEW DR, GEORGETOWN, TX  78628","S11376 - CRESCENT BLUFF SEC 1, BLOCK A, Lot 11","G226417C"," ","S11376 - CRESCENT BLUFF SEC 1","Real","N/A","N/A"
"R556448","R-20-3160-010A-0013","MORRISON, JOHNIE GRAHAM","1400 HORIZON VIEW DR  GEORGETOWN, TX 78628","1400 HORIZON VIEW DR, GEORGETOWN, TX  78628","S11376 - CRESCENT BLUFF SEC 1, BLOCK A, Lot 13","G226417C"," ","S11376 - CRESCENT BLUFF SEC 1","Real","N/A","N/A"
"R556449","R-20-3160-010A-0014","CHOI, SHAUN HWAN & BO HWA","1404 HORIZON VIEW DR  GEORGETOWN, TX 78628","1404 HORIZON VIEW DR, GEORGETOWN, TX  78628","S11376 - CRESCENT BLUFF SEC 1, BLOCK A, Lot 14","G226417C"," ","S11376 - CRESCENT BLUFF SEC 1","Real","N/A","N/A"
"R556451","R-20-3160-010A-0016","REEVES, WILLIAM & MARY POLITO","1412 HORIZON VIEW DR  GEORGETOWN, TX 78628","1412 HORIZON VIEW DR, GEORGETOWN, TX  78628","S11376 - CRESCENT BLUFF SEC 1, BLOCK A, Lot 16","G226417C"," ","S11376 - CRESCENT BLUFF SEC 1","Real","N/A","N/A"
"R556452","R-20-3160-010A-0017","ROZO, LILIANA & JORGE ENRIQUE","1416 HORIZON VIEW DR  GEORGETOWN, TX 78628","1416 HORIZON VIEW DR, GEORGETOWN, TX  78628","S11376 - CRESCENT BLUFF SEC 1, BLOCK A, Lot 17","G226417C"," ","S11376 - CRESCENT BLUFF SEC 1","Real","N/A","N/A"
"R556455","R-20-3160-010A-0020","GONZALEZ, ARMAN HORACIO","612 SCENIC BLUFF DR  GEORGETOWN, TX 78628","612 SCENIC BLUFF DR, GEORGETOWN, TX  78628","S11376 - CRESCENT BLUFF SEC 1, BLOCK A, Lot 20","G226417C"," ","S11376 - CRESCENT BLUFF SEC 1","Real","N/A","N/A"
"R556457","R-20-3160-010A-0022","CRESCENT BLUFF PROPERTY OWNERS ASSOCIATION INC","300 E SONTERRA BLVD  #STE 250 SAN ANTONIO, TX 78258","617 SCENIC BLUFF DR, GEORGETOWN, TX  78628","S11376 - CRESCENT BLUFF SEC 1, BLOCK A, Lot 22, ACRES 0.822, (OPEN SPACE)","G226417C"," ","S11376 - CRESCENT BLUFF SEC 1","Real","N/A","N/A"
"R556458","R-20-3160-010A-0023","MABBITT, KOREY & BIANCA","629 SCENIC BLUFF DR  GEORGETOWN, TX 78628","629 SCENIC BLUFF DR, GEORGETOWN, TX  78628","S11376 - CRESCENT BLUFF SEC 1, BLOCK A, Lot 23","G226417C"," ","S11376 - CRESCENT BLUFF SEC 1","Real","N/A","N/A"
"R556462","R-20-3160-010A-0027","WILLIAMS, ERNISTINE GAY TRUSTEE OF E GAY WILLIAMS LIVING TRUST","609 SCENIC BLUFF DR  GEORGETOWN, TX 78628","609 SCENIC BLUFF DR, GEORGETOWN, TX  78628","S11376 - CRESCENT BLUFF SEC 1, BLOCK A, Lot 27","G226417C"," ","S11376 - CRESCENT BLUFF SEC 1","Real","N/A","N/A"
"R556463","R-20-3160-010A-0028","GINGRAS, GEORGE R & JANET L & AUDRA SIAO & ROBERT SIAO","605 SCENIC BLUFF DR  GEORGETOWN, TX 78628","605 SCENIC BLUFF DR, GEORGETOWN, TX  78628","S11376 - CRESCENT BLUFF SEC 1, BLOCK A, Lot 28","G226417C"," ","S11376 - CRESCENT BLUFF SEC 1","Real","N/A","N/A"
"R556467","R-20-3160-010A-0032","MAYES, CATHRYN R & LONNIE L REED","561 SCENIC BLUFF DR  GEORGETOWN, TX 78628-2149","561 SCENIC BLUFF DR, GEORGETOWN, TX  78628","S11376 - CRESCENT BLUFF SEC 1, BLOCK A, Lot 32","G226417C"," ","S11376 - CRESCENT BLUFF SEC 1","Real","N/A","N/A"
"R556469","R-20-3160-010A-0034","GEORGE, ERIC THOMAS","553 SCENIC BLUFF DR  GEORGETOWN, TX 78628-2149","553 SCENIC BLUFF DR, GEORGETOWN, TX  78628","S11376 - CRESCENT BLUFF SEC 1, BLOCK A, Lot 34","G226417C"," ","S11376 - CRESCENT BLUFF SEC 1","Real","N/A","N/A"
"R556470","R-20-3160-010A-0035","MAURICE & CARMEN R B FLYNN TRS MAURICE & CARMEN FLYNN REVOCABLE TRUST","549 SCENIC BLUFF DR  GEORGETOWN, TX 78628-2149","549 SCENIC BLUFF DR, GEORGETOWN, TX  78628","S11376 - CRESCENT BLUFF SEC 1, BLOCK A, Lot 35","G226417C"," ","S11376 - CRESCENT BLUFF SEC 1","Real","N/A","N/A"
"R556473","R-20-3160-010A-0038","CRESCENT BLUFF PROPERTY OWNERS ASSOCIATION INC","300 E SONTERRA BLVD  #STE 250 SAN ANTONIO, TX 78258","537 SCENIC BLUFF DR, GEORGETOWN, TX  78628","S11376 - CRESCENT BLUFF SEC 1, BLOCK A, Lot 38, ACRES 0.034, (PUBLIC UTILITY EASEMENT)","G226417C"," ","S11376 - CRESCENT BLUFF SEC 1","Real","N/A","N/A"
"R556480","R-20-3160-010A-0045","FELDMAN, SCOTT ALAN & REBECCA BILLS","509 SCENIC BLF  GEORGETOWN, TX 78428","509 SCENIC BLUFF DR, GEORGETOWN, TX  78628","S11376 - CRESCENT BLUFF SEC 1, BLOCK A, Lot 45","G226417C"," ","S11376 - CRESCENT BLUFF SEC 1","Real","N/A","N/A"
"R556481","R-20-3160-010A-0046","NAVARRO, JESSE III & REBECCA","505 SCENIC BLUFF DR GEORGETOWN, TX 78628-2149","505 SCENIC BLUFF DR, GEORGETOWN, TX  78628","S11376 - CRESCENT BLUFF SEC 1, BLOCK A, Lot 46","G226417C"," ","S11376 - CRESCENT BLUFF SEC 1","Real","N/A","N/A"
"R556482","R-20-3160-010A-0047","SEYMOUR, SHEYLA GISSELLE","501 SCENIC BLUFF DR  GEORGETOWN, TX 78628","501 SCENIC BLUFF DR, GEORGETOWN, TX  78628","S11376 - CRESCENT BLUFF SEC 1, BLOCK A, Lot 47","G226417C"," ","S11376 - CRESCENT BLUFF SEC 1","Real","N/A","N/A"
"R556483","R-20-3160-010A-0048","CRESCENT BLUFF PROPERTY OWNERS ASSOCIATION INC","300 E SONTERRA BLVD  #STE 250 SAN ANTONIO, TX 78258","2204 CRESCENT BLUFF DR, GEORGETOWN, TX  78628","S11376 - CRESCENT BLUFF SEC 1, BLOCK A, Lot 48, ACRES 0.036, (OPEN SPACE)","G226417C"," ","S11376 - CRESCENT BLUFF SEC 1","Real","N/A","N/A"
"R556490","R-20-3160-010B-0007","PORMPRASONG, PAKDI","1409 W HORIZON VIEW DR  GEORGETOWN, TX 78628","1409 HORIZON VIEW DR, GEORGETOWN, TX  78628","S11376 - CRESCENT BLUFF SEC 1, BLOCK B, Lot 7","G226417C"," ","S11376 - CRESCENT BLUFF SEC 1","Real","N/A","N/A"
"R556491","R-20-3160-010B-0008","HOLLOWAY, DANIELLE","1413 HORIZON VIEW DR  GEORGETOWN, TX 78628","1413 HORIZON VIEW DR, GEORGETOWN, TX  78628","S11376 - CRESCENT BLUFF SEC 1, BLOCK B, Lot 8","G226417C"," ","S11376 - CRESCENT BLUFF SEC 1","Real","N/A","N/A"
"R556492","R-20-3160-010B-0009","HARRIS, JASON WALTER & NATASHA AMBER","1417 HORIZON VIEW DR  GEORGETOWN, TX 78628","1417 HORIZON VIEW DR, GEORGETOWN, TX  78628","S11376 - CRESCENT BLUFF SEC 1, BLOCK B, Lot 9","G226417C"," ","S11376 - CRESCENT BLUFF SEC 1","Real","N/A","N/A"
"R556493","R-20-3160-010B-0010","TOOT, ELIZABETH A","1421 HORIZON VIEW DR  GEORGETOWN, TX 78628-2152","1421 HORIZON VIEW DR, GEORGETOWN, TX  78628","S11376 - CRESCENT BLUFF SEC 1, BLOCK B, Lot 10","G226417C"," ","S11376 - CRESCENT BLUFF SEC 1","Real","N/A","N/A"
"R556497","R-20-3160-010B-0014","BACH, ALICE & JOSHUA KING","520 SCENIC BLUFF DR  GEORGETOWN, TX 78628","520 SCENIC BLUFF DR, GEORGETOWN, TX  78628","S11376 - CRESCENT BLUFF SEC 1, BLOCK B, Lot 14","G226417C"," ","S11376 - CRESCENT BLUFF SEC 1","Real","N/A","N/A"
"R556498","R-20-3160-010B-0015","KLINT, SUSAN KAY (TOD)","516 SCENIC BLUFF DR  GEORGETOWN, TX 78628","516 SCENIC BLUFF DR, GEORGETOWN, TX  78628","S11376 - CRESCENT BLUFF SEC 1, BLOCK B, Lot 15","G226417C"," ","S11376 - CRESCENT BLUFF SEC 1","Real","N/A","N/A"
"R556499","R-20-3160-010B-0016","FISCHER, KEITH ANTHONY","512 SCENIC BLUFF DR  GEORGETOWN, TX 78628","512 SCENIC BLUFF DR, GEORGETOWN, TX  78628","S11376 - CRESCENT BLUFF SEC 1, BLOCK B, Lot 16","G226417C"," ","S11376 - CRESCENT BLUFF SEC 1","Real","N/A","N/A"
"R556502","R-20-3160-010B-0019","JEROME & PATRICIA BROSCHOFSKY CO TRS JERRY & PATTY BROSCHOFSKY LIVING TRUST","500 SCENIC BLUFF DR  GEORGETOWN, TX 78628","500 SCENIC BLUFF DR, GEORGETOWN, TX  78628","S11376 - CRESCENT BLUFF SEC 1, BLOCK B, Lot 19","G226417C"," ","S11376 - CRESCENT BLUFF SEC 1","Real","N/A","N/A"
"R556504","R-20-3160-010T-0002","COLON, BRIAN","1212 HORIZON VIEW DR  GEORGETOWN, TX 78628-2156","1212 HORIZON VIEW DR, GEORGETOWN, TX  78628","S11376 - CRESCENT BLUFF SEC 1, BLOCK T, Lot 2","G226417C"," ","S11376 - CRESCENT BLUFF SEC 1","Real","N/A","N/A"
"R556505","R-20-3160-010T-0003","CRESCENT BLUFF PROPERTY OWNERS ASSOCIATION INC","300 E SONTERRA BLVD  #STE 250 SAN ANTONIO, TX 78258","2003 CRESCENT BLUFF DR, GEORGETOWN, TX  78628","S11376 - CRESCENT BLUFF SEC 1, BLOCK T, Lot 3, ACRES 2.813, (OPEN SPACE)","G226417C"," ","S11376 - CRESCENT BLUFF SEC 1","Real","N/A","N/A"
"R556507","R-20-3160-010T-0005","PERCEPTION INVESTMENTS LLC","3348 VINTAGE DR  ROUND ROCK, TX 78664","1204 HORIZON VIEW DR, GEORGETOWN, TX  78628","S11376 - CRESCENT BLUFF SEC 1, BLOCK T, Lot 5","G226417C"," ","S11376 - CRESCENT BLUFF SEC 1","Real","N/A","N/A"
"R556508","R-20-3160-010T-0006","CRESCENT BLUFF PROPERTY OWNERS ASSOCIATION INC","300 E SONTERRA BLVD  #STE 250 SAN ANTONIO, TX 78258","1200 HORIZON VIEW DR, GEORGETOWN, TX  78628","S11376 - CRESCENT BLUFF SEC 1, BLOCK T, Lot 6, ACRES 0.229, (OPEN SPACE)","G226417C"," ","S11376 - CRESCENT BLUFF SEC 1","Real","N/A","N/A"
"R556514","R-20-3160-010T-0012","POZO, GALO FERNANDO","117 CRESCENT HEIGHTS DR  GEORGETOWN, TX 78628","117 CRESCENT HEIGHTS DR, GEORGETOWN, TX  78628","S11376 - CRESCENT BLUFF SEC 1, BLOCK T, Lot 12","G226417C"," ","S11376 - CRESCENT BLUFF SEC 1","Real","N/A","N/A"
"R556519","R-20-3160-010T-0017","SULLIVAN, RYAN JAMES","137 CRESCENT HEIGHTS DR  GEORGETOWN, TX 78628","137 CRESCENT HEIGHTS DR, GEORGETOWN, TX  78628","S11376 - CRESCENT BLUFF SEC 1, BLOCK T, Lot 17","G226417C"," ","S11376 - CRESCENT BLUFF SEC 1","Real","N/A","N/A"
"R556520","R-20-3160-010T-0018","ROSAS, ULISES & LAURA","141 CRESCENT HEIGHTS DR  GEORGETOWN, TX 78628-2158","141 CRESCENT HEIGHTS DR, GEORGETOWN, TX  78628","S11376 - CRESCENT BLUFF SEC 1, BLOCK T, Lot 18","G226417C"," ","S11376 - CRESCENT BLUFF SEC 1","Real","N/A","N/A"
"R556522","R-20-3160-010T-0020","EQUITY TRUST COMPANY CUSTODIAN FBO LILY SANTANDER IRA","149 CRESCENT HEIGHTS DR GEORGETOWN, TX 78628-2158","149 CRESCENT HEIGHTS DR, GEORGETOWN, TX  78628","S11376 - CRESCENT BLUFF SEC 1, BLOCK T, Lot 20","G226417C"," ","S11376 - CRESCENT BLUFF SEC 1","Real","N/A","N/A"
"R556523","R-20-3160-010T-0021","QUINTERO, ALFREDO","153 CRESCENT HEIGHTS DR  GEORGETOWN, TX 78628-2158","153 CRESCENT HEIGHTS DR, GEORGETOWN, TX  78628","S11376 - CRESCENT BLUFF SEC 1, BLOCK T, Lot 21","G226417C"," ","S11376 - CRESCENT BLUFF SEC 1","Real","N/A","N/A"
"R556525","R-20-3160-010T-0023","VAIN, LACY LIPSCOMB","161 CRESCENT HEIGHTS DR  GEORGETOWN, TX 78628-2158","161 CRESCENT HEIGHTS DR, GEORGETOWN, TX  78628","S11376 - CRESCENT BLUFF SEC 1, BLOCK T, Lot 23","G226417C"," ","S11376 - CRESCENT BLUFF SEC 1","Real","N/A","N/A"
"R556526","R-20-3160-010T-0024","POLVADO JEFFREY & BARBARA ANDERSON TOLAND","165 CRESCENT HEIGHTS DR GEORGETOWN, TX 78628-2158","165 CRESCENT HEIGHTS DR, GEORGETOWN, TX  78628","S11376 - CRESCENT BLUFF SEC 1, BLOCK T, Lot 24","G226417C"," ","S11376 - CRESCENT BLUFF SEC 1","Real","N/A","N/A"
"R556528","R-20-3160-010U-0001","WHITBECK, GARY ALLEN & PAULA JANE","1000 HORIZON VIEW DR  GEORGETOWN, TX 78628","1000 HORIZON VIEW DR, GEORGETOWN, TX  78628","S11376 - CRESCENT BLUFF SEC 1, BLOCK U, Lot 1","G226417C"," ","S11376 - CRESCENT BLUFF SEC 1","Real","N/A","N/A"
"R556530","R-20-3160-010U-0003","Unknown","Unknown","1100 HORIZON VIEW DR, GEORGETOWN, TX  78628","S11376 - CRESCENT BLUFF SEC 1, BLOCK U, Lot 3","G226417C"," ","S11376 - CRESCENT BLUFF SEC 1","Real","N/A","N/A"
"R556534","R-20-3160-010U-0007","BJORK, JAMES & UYEN","413 PINNACLE VIEW DR  GEORGETOWN, TX 78628-2157","413 PINNACLE VIEW DR, GEORGETOWN, TX  78628","S11376 - CRESCENT BLUFF SEC 1, BLOCK U, Lot 7","G226417C"," ","S11376 - CRESCENT BLUFF SEC 1","Real","N/A","N/A"
"R556536","R-20-3160-010U-0009","CROSSLAND, EVERETT J JR & JUDITH A COTRUSTEES OF CROSSLAND FAMILY TRUST","405 PINNACLE VIEW DR  GEORGETOWN, TX 78628","405 PINNACLE VIEW DR, GEORGETOWN, TX  78628","S11376 - CRESCENT BLUFF SEC 1, BLOCK U, Lot 9","G226417C"," ","S11376 - CRESCENT BLUFF SEC 1","Real","N/A","N/A"
"R556538","R-20-3160-010U-0011","HARVEY DANNA TRUSTEE OF THE DANNA HARVEY TRUST","104 CRESCENT HEIGHTS DR GEORGETOWN, TX 78628","104 CRESCENT HEIGHTS DR, GEORGETOWN, TX  78628","S11376 - CRESCENT BLUFF SEC 1, BLOCK U, Lot 11","G226417C"," ","S11376 - CRESCENT BLUFF SEC 1","Real","N/A","N/A"
"R556540","R-20-3160-010U-0013","BRADY, DAVID & JUDITH","112 CRESCENT HEIGHTS DR  GEORGETOWN, TX 78628-2158","112 CRESCENT HEIGHTS DR, GEORGETOWN, TX  78628","S11376 - CRESCENT BLUFF SEC 1, BLOCK U, Lot 13","G226417C"," ","S11376 - CRESCENT BLUFF SEC 1","Real","N/A","N/A"
"R556541","R-20-3160-010U-0014","PREJEAN, STELLA O","116 CRESCENT HEIGHTS DR  GEORGETOWN, TX 78628","116 CRESCENT HEIGHTS DR, GEORGETOWN, TX  78628","S11376 - CRESCENT BLUFF SEC 1, BLOCK U, Lot 14","G226417C"," ","S11376 - CRESCENT BLUFF SEC 1","Real","N/A","N/A"
"R556542","R-20-3160-010U-0015","GUERRA, WILLIAM L & CAITLYN","120 CRESCENT HEIGHTS DR  GEORGETOWN, TX 78628","120 CRESCENT HEIGHTS DR, GEORGETOWN, TX  78628","S11376 - CRESCENT BLUFF SEC 1, BLOCK U, Lot 15","G226417C"," ","S11376 - CRESCENT BLUFF SEC 1","Real","N/A","N/A"
"R556544","R-20-3160-010U-0017","CRESCENT BLUFF PROPERTY OWNERS ASSOCIATION INC","300 E SONTERRA BLVD  #STE 250 SAN ANTONIO, TX 78258","128 CRESCENT HEIGHTS DR, GEORGETOWN, TX  78628","S11376 - CRESCENT BLUFF SEC 1, BLOCK U, Lot 17, ACRES 0.073, (OPEN SPACE)","G226417C"," ","S11376 - CRESCENT BLUFF SEC 1","Real","N/A","N/A"
"R556547","R-20-3160-010V-0003","TISKE, CATHY S & JEFFREY R","1213 HORIZON VIEW DR  GEORGETOWN, TX 78628","1213 HORIZON VIEW DR, GEORGETOWN, TX  78628","S11376 - CRESCENT BLUFF SEC 1, BLOCK V, Lot 3","G226417C"," ","S11376 - CRESCENT BLUFF SEC 1","Real","N/A","N/A"
"R556549","R-20-3160-010V-0005","PULTE HOMES OF TEXAS L P","11001 LAKELINE BLVD BLDG 1, SUITE 300 AUSTIN, TX 78717","1205 HORIZON VIEW DR, GEORGETOWN, TX  78628","S11376 - CRESCENT BLUFF SEC 1, BLOCK V, Lot 5","G226417C"," ","S11376 - CRESCENT BLUFF SEC 1","Real","N/A","N/A"
"R556553","R-20-3160-010Y-0012","DENNIS, ASHLEY BLAIR & HECTOR ANTONIO DABUD","200 CRESCENT HEIGHTS DR  GEORGETOWN, TX 78628","200 CRESCENT HEIGHTS DR, GEORGETOWN, TX  78628","S11376 - CRESCENT BLUFF SEC 1, BLOCK Y, Lot 12","G226417C"," ","S11376 - CRESCENT BLUFF SEC 1","Real","N/A","N/A"
"R591731","R-20-3160-023A-0050","DUPRE, DEBRA","100 SCENIC HILLS CIR GEORGETOWN, TX 78628-2569","100 SCENIC HILLS CIR, GEORGETOWN, TX  78628","S12219 - CRESCENT BLUFF SEC 2 & 3, BLOCK A, Lot 50","G226417C"," ","S12219 - CRESCENT BLUFF SEC 2 & 3","Real","N/A","N/A"
"R591732","R-20-3160-023A-0051","GUDA, BALAJI & ARUNA GOVINDU","104 SCENIC HILLS CIR  GEORGETOWN, TX 78628-2569","104 SCENIC HILLS CIR, GEORGETOWN, TX  78628","S12219 - CRESCENT BLUFF SEC 2 & 3, BLOCK A, Lot 51","G226417C"," ","S12219 - CRESCENT BLUFF SEC 2 & 3","Real","N/A","N/A"
"R591734","R-20-3160-023A-0053","KENYON, KURT WALTER & KARIN LIESELOTTE","112 SCENIC HILLS CIR  GEORGETOWN, TX 78628","112 SCENIC HILLS CIR, GEORGETOWN, TX  78628","S12219 - CRESCENT BLUFF SEC 2 & 3, BLOCK A, Lot 53","G226417C"," ","S12219 - CRESCENT BLUFF SEC 2 & 3","Real","N/A","N/A"
"R591739","R-20-3160-023A-0058","CRESCENT BLUFF PROPERTY OWNERS ASSOCIATION INC","300 E SONTERRA BLVD  #STE 250 SAN ANTONIO, TX 78258","SCENIC HILLS CIR, GEORGETOWN, TX  78628","S12219 - CRESCENT BLUFF SEC 2 & 3, BLOCK A, Lot 58, ACRES 0.035, (OPEN SPACE)","G226417C"," ","S12219 - CRESCENT BLUFF SEC 2 & 3","Real","N/A","N/A"
"R591741","R-20-3160-023A-0060","SCOTT HOMES LLC","723 W UNIVERSITY AVE # 364 GEORGETOWN, TX 78626-2662","136 SCENIC HILLS CIR, GEORGETOWN, TX  78628","S12219 - CRESCENT BLUFF SEC 2 & 3, BLOCK A, Lot 60","G226417C"," ","S12219 - CRESCENT BLUFF SEC 2 & 3","Real","N/A","N/A"
"R591742","R-20-3160-023A-0061","SCOTT HOMES LLC","723 W UNIVERSITY AVE # 364 GEORGETOWN, TX 78626-2662","140 SCENIC HILLS CIR, GEORGETOWN, TX  78628","S12219 - CRESCENT BLUFF SEC 2 & 3, BLOCK A, Lot 61","G226417C"," ","S12219 - CRESCENT BLUFF SEC 2 & 3","Real","N/A","N/A"
"R591745","R-20-3160-023A-0064","CRESCENT BLUFF PROPERTY OWNERS ASSOCIATION INC","300 E SONTERRA BLVD  #STE 250 SAN ANTONIO, TX 78258","SCENIC HILLS CIR, GEORGETOWN, TX  78628","S12219 - CRESCENT BLUFF SEC 2 & 3, BLOCK A, Lot 64, ACRES 0.488, (OPEN SPACE)","G226417C"," ","S12219 - CRESCENT BLUFF SEC 2 & 3","Real","N/A","N/A"
"R591748","R-20-3160-023F-0003","PERIASWAMY, GANESH & KAVITHADEVI PERUMAL","4213 BUCKSKIN RD  CEDAR PARK, TX 78613","233 SCENIC HILLS CIR, GEORGETOWN, TX  78628","S12219 - CRESCENT BLUFF SEC 2 & 3, BLOCK F, Lot 3","G226417C"," ","S12219 - CRESCENT BLUFF SEC 2 & 3","Real","N/A","N/A"
"R591750","R-20-3160-023F-0005","MAYILVAHANAN & SENTHIL KUMAR & RAJASWAPNA S DHARMARAJAN","4015 VIOLET BAY LN  SUGAR LAND, TX 77479","225 SCENIC HILLS CIR, GEORGETOWN, TX  78628","S12219 - CRESCENT BLUFF SEC 2 & 3, BLOCK F, Lot 5","G226417C"," ","S12219 - CRESCENT BLUFF SEC 2 & 3","Real","N/A","N/A"
"R591753","R-20-3160-023F-0008","BROWN, CRAIG & REBECCA","213 SCENIC HILLS CIR  GEORGETOWN, TX 78628","213 SCENIC HILLS CIR, GEORGETOWN, TX  78628","S12219 - CRESCENT BLUFF SEC 2 & 3, BLOCK F, Lot 8","G226417C"," ","S12219 - CRESCENT BLUFF SEC 2 & 3","Real","N/A","N/A"
"R591759","R-20-3160-023F-0014","GUMANSINGH, SHAYAM","125 SCENIC HILLS DR  GEORGETOWN, TX 78628","125 SCENIC HILLS CIR, GEORGETOWN, TX  78628","S12219 - CRESCENT BLUFF SEC 2 & 3, BLOCK F, Lot 14","G226417C"," ","S12219 - CRESCENT BLUFF SEC 2 & 3","Real","N/A","N/A"
"R591765","R-20-3160-023F-0020","LEONARDI, TRACEY D","101 SCENIC HILLS CIR  GEORGETOWN, TX 78628","101 SCENIC HILLS CIR, GEORGETOWN, TX  78628","S12219 - CRESCENT BLUFF SEC 2 & 3, BLOCK F, Lot 20","G226417C"," ","S12219 - CRESCENT BLUFF SEC 2 & 3","Real","N/A","N/A"
"R591766","R-20-3160-023G-0001","CRESCENT BLUFF PROPERTY OWNERS ASSOCIATION INC","300 E SONTERRA BLVD  #STE 250 SAN ANTONIO, TX 78258","SCENIC HILLS CIR, GEORGETOWN, TX  78628","S12219 - CRESCENT BLUFF SEC 2 & 3, BLOCK G, Lot 1, ACRES 0.095, (OPEN SPACE)","G226417C"," ","S12219 - CRESCENT BLUFF SEC 2 & 3","Real","N/A","N/A"
"R591768","R-20-3160-023G-0003","GUMASTHA, SWAPNIKA & SRAVANTHI THUMUKUNTLA","2213 PLUMERIA LN CELINA, TX 75009-3038","204 SCENIC HILLS CIR, GEORGETOWN, TX  78628","S12219 - CRESCENT BLUFF SEC 2 & 3, BLOCK G, Lot 3","G226417C"," ","S12219 - CRESCENT BLUFF SEC 2 & 3","Real","N/A","N/A"
"R591770","R-20-3160-023G-0005","SCOTT HOMES LLC","723 W UNIVERSITY AVE # 364 GEORGETOWN, TX 78626-2662","212 SCENIC HILLS CIR, GEORGETOWN, TX  78628","S12219 - CRESCENT BLUFF SEC 2 & 3, BLOCK G, Lot 5","G226417C"," ","S12219 - CRESCENT BLUFF SEC 2 & 3","Real","N/A","N/A"
"R591772","R-20-3160-023G-0007","WILSON, DELENOR & DANIELA MARIEL","220 SCENIC HILLS CIR  GEORGETOWN, TX 78628-2570","220 SCENIC HILLS CIR, GEORGETOWN, TX  78628","S12219 - CRESCENT BLUFF SEC 2 & 3, BLOCK G, Lot 7","G226417C"," ","S12219 - CRESCENT BLUFF SEC 2 & 3","Real","N/A","N/A"
"R591773","R-20-3160-023G-0008","SCOTT HOMES LLC","723 W UNIVERSITY AVE # 364 GEORGETOWN, TX 78626-2662","224 SCENIC HILLS CIR, GEORGETOWN, TX  78628","S12219 - CRESCENT BLUFF SEC 2 & 3, BLOCK G, Lot 8","G226417C"," ","S12219 - CRESCENT BLUFF SEC 2 & 3","Real","N/A","N/A"
"R591774","R-20-3160-023G-0009","SCOTT HOMES LLC","723 W UNIVERSITY AVE # 364 GEORGETOWN, TX 78626-2662","228 SCENIC HILLS CIR, GEORGETOWN, TX  78628","S12219 - CRESCENT BLUFF SEC 2 & 3, BLOCK G, Lot 9","G226417C"," ","S12219 - CRESCENT BLUFF SEC 2 & 3","Real","N/A","N/A"
"R591777","R-20-3160-023G-0012","SCOTT HOMES LLC","723 W UNIVERSITY AVE # 364 GEORGETOWN, TX 78626-2662","240 SCENIC HILLS CIR, GEORGETOWN, TX  78628","S12219 - CRESCENT BLUFF SEC 2 & 3, BLOCK G, Lot 12","G226417C"," ","S12219 - CRESCENT BLUFF SEC 2 & 3","Real","N/A","N/A"
"R591779","R-20-3160-023G-0014","CUTHRELL, KENNETH WAYNE & SHELBY DELAINE","248 SCENIC HILLS  GEORGETOWN, TX 78628","248 SCENIC HILLS CIR, GEORGETOWN, TX  78628","S12219 - CRESCENT BLUFF SEC 2 & 3, BLOCK G, Lot 14","G226417C"," ","S12219 - CRESCENT BLUFF SEC 2 & 3","Real","N/A","N/A"
"R591780","R-20-3160-023G-0015","RAMESH, JOHN & ALICE JOHN","105 PALIO PL  GEORGETOWN, TX 78628","252 SCENIC HILLS CIR, GEORGETOWN, TX  78628","S12219 - CRESCENT BLUFF SEC 2 & 3, BLOCK G, Lot 15","G226417C"," ","S12219 - CRESCENT BLUFF SEC 2 & 3","Real","N/A","N/A"
"R591781","R-20-3160-023G-0016","FLETCHER, ASHLEIGH NICHOLE","217 BELFORD ST  GEORGETOWN, TX 78628","256 SCENIC HILLS CIR, GEORGETOWN, TX  78628","S12219 - CRESCENT BLUFF SEC 2 & 3, BLOCK G, Lot 16","G226417C"," ","S12219 - CRESCENT BLUFF SEC 2 & 3","Real","N/A","N/A"
"R591782","R-20-3160-023G-0017","SCOTT HOMES LLC","723 W UNIVERSITY AVE # 364 GEORGETOWN, TX 78626-2662","260 SCENIC HILLS CIR, GEORGETOWN, TX  78628","S12219 - CRESCENT BLUFF SEC 2 & 3, BLOCK G, Lot 17","G226417C"," ","S12219 - CRESCENT BLUFF SEC 2 & 3","Real","N/A","N/A"
"R591784","R-20-3160-023V-0008","CAVALCANTE, KELLY MACHADO & HENRIQUE","504 PINNACLE VIEW DR  GEORGETOWN, TX 78628-2571","504 PINNACLE VIEW DR, GEORGETOWN, TX  78628","S12219 - CRESCENT BLUFF SEC 2 & 3, BLOCK V, Lot 8","G226417C"," ","S12219 - CRESCENT BLUFF SEC 2 & 3","Real","N/A","N/A"
"R591786","R-20-3160-023V-0010","CHOI, KI","512 PINNACLE VIEW DR  GEORGETOWN, TX 78628","512 PINNACLE VIEW DR, GEORGETOWN, TX  78628","S12219 - CRESCENT BLUFF SEC 2 & 3, BLOCK V, Lot 10","G226417C"," ","S12219 - CRESCENT BLUFF SEC 2 & 3","Real","N/A","N/A"
"R591787","R-20-3160-023V-0011","CRESCENT BLUFF PROPERTY OWNERS ASSOCIATION INC","300 E SONTERRA BLVD  #STE 250 SAN ANTONIO, TX 78258","2115 WHISTLING WILLOW DR, GEORGETOWN, TX  78628","S12219 - CRESCENT BLUFF SEC 2 & 3, BLOCK V, Lot 11, ACRES 1.378, (OPEN SPACE)","G226417C"," ","S12219 - CRESCENT BLUFF SEC 2 & 3","Real","N/A","N/A"
"R591788","R-20-3160-023V-0012","STOABS, RYAN & KRYSTAL","104 WHISTLING WILLOW DR  GEORGETOWN, TX 78628","104 WHISTLING WILLOW DR, GEORGETOWN, TX  78628","S12219 - CRESCENT BLUFF SEC 2 & 3, BLOCK V, Lot 12","G226417C"," ","S12219 - CRESCENT BLUFF SEC 2 & 3","Real","N/A","N/A"
"R591791","R-20-3160-023V-0015","PULIDO, RYNE & JENNIFER","116 WHISTLING WILLOW DR  GEORGETOWN, TX 78628","116 WHISTLING WILLOW DR, GEORGETOWN, TX  78628","S12219 - CRESCENT BLUFF SEC 2 & 3, BLOCK V, Lot 15","G226417C"," ","S12219 - CRESCENT BLUFF SEC 2 & 3","Real","N/A","N/A"
"R591796","R-20-3160-023X-0006","NAIR, SUJITH & NEETHU SASIDHARAN","717 PINNACLE VIEW DR  GEORGETOWN, TX 78628","717 PINNACLE VIEW DR, GEORGETOWN, TX  78628","S12219 - CRESCENT BLUFF SEC 2 & 3, BLOCK X, Lot 6","G226417C"," ","S12219 - CRESCENT BLUFF SEC 2 & 3","Real","N/A","N/A"
"R591798","R-20-3160-023X-0008","BECTON, TORRE & CHINELA","709 PINNACLE VIEW DR  GEORGETOWN, TX 78628","709 PINNACLE VIEW DR, GEORGETOWN, TX  78628","S12219 - CRESCENT BLUFF SEC 2 & 3, BLOCK X, Lot 8","G226417C"," ","S12219 - CRESCENT BLUFF SEC 2 & 3","Real","N/A","N/A"
"R591799","R-20-3160-023X-0009","POLURI, SRINIVASARAO & SRAVANI","705 PINNACLE VIEW DR  GEORGETOWN, TX 78628","705 PINNACLE VIEW DR, GEORGETOWN, TX  78628","S12219 - CRESCENT BLUFF SEC 2 & 3, BLOCK X, Lot 9","G226417C"," ","S12219 - CRESCENT BLUFF SEC 2 & 3","Real","N/A","N/A"
"R591800","R-20-3160-023X-0010","WILLIAMSON LNLL PROPERTY 701 LLC","707 CRESTWOOD LN ROUND ROCK, TX 78665-1223","701 PINNACLE VIEW DR, GEORGETOWN, TX  78628","S12219 - CRESCENT BLUFF SEC 2 & 3, BLOCK X, Lot 10","G226417C"," ","S12219 - CRESCENT BLUFF SEC 2 & 3","Real","N/A","N/A"
"R591802","R-20-3160-023X-0012","SINGH, ASHUTOSH KUMAR RAGHUVANSH & KIRAN","617 PINNACLE VIEW DR  GEORGETOWN, TX 78628","617 PINNACLE VIEW DR, GEORGETOWN, TX  78628","S12219 - CRESCENT BLUFF SEC 2 & 3, BLOCK X, Lot 12","G226417C"," ","S12219 - CRESCENT BLUFF SEC 2 & 3","Real","N/A","N/A"
"R591809","R-20-3160-023X-0019","BANDA, VISVESHWAR RAO","509 PINNACLE VIEW DR  GEORGETOWN, TX 78628","509 PINNACLE VIEW DR, GEORGETOWN, TX  78628","S12219 - CRESCENT BLUFF SEC 2 & 3, BLOCK X, Lot 19","G226417C"," ","S12219 - CRESCENT BLUFF SEC 2 & 3","Real","N/A","N/A"
"R591810","R-20-3160-023X-0020","HINDS, CHRIS PATRICK & IDA CARRASCO","505 PINNACLE VIEW DR  GEORGETOWN, TX 78628","505 PINNACLE VIEW DR, GEORGETOWN, TX  78628","S12219 - CRESCENT BLUFF SEC 2 & 3, BLOCK X, Lot 20","G226417C"," ","S12219 - CRESCENT BLUFF SEC 2 & 3","Real","N/A","N/A"
"R591811","R-20-3160-023X-0021","GLAISER, SHANE & DUSKY","501 PINNACLE VIEW DR  GEORGETOWN, TX 78628","501 PINNACLE VIEW DR, GEORGETOWN, TX  78628","S12219 - CRESCENT BLUFF SEC 2 & 3, BLOCK X, Lot 21","G226417C"," ","S12219 - CRESCENT BLUFF SEC 2 & 3","Real","N/A","N/A"
"R591816","R-20-3160-023Y-0004","GALVAN, CHRISTOPHER & MONICA RENEE","121 WHISTLING WILLOW DR  GEORGETOWN, TX 78628","121 WHISTLING WILLOW DR, GEORGETOWN, TX  78628","S12219 - CRESCENT BLUFF SEC 2 & 3, BLOCK Y, Lot 4","G226417C"," ","S12219 - CRESCENT BLUFF SEC 2 & 3","Real","N/A","N/A"
"R591817","R-20-3160-023Y-0005","STONE, MICHAEL JAMES & BENGILYN REYES","117 WHISTLING WILLOW DR  GEORGETOWN, TX 78628","117 WHISTLING WILLOW DR, GEORGETOWN, TX  78628","S12219 - CRESCENT BLUFF SEC 2 & 3, BLOCK Y, Lot 5","G226417C"," ","S12219 - CRESCENT BLUFF SEC 2 & 3","Real","N/A","N/A"
"R591818","R-20-3160-023Y-0006","KUNAM, KRISHNA KARTHIK & POOJA RAJ AILA","113 WHISTLING WILLOW DR  GEORGETOWN, TX 78628","113 WHISTLING WILLOW DR, GEORGETOWN, TX  78628","S12219 - CRESCENT BLUFF SEC 2 & 3, BLOCK Y, Lot 6","G226417C"," ","S12219 - CRESCENT BLUFF SEC 2 & 3","Real","N/A","N/A"
"R591821","R-20-3160-023Y-0009","SAIN, LISA MARIE","101 WHISTLING WILLOW DR  GEORGETOWN, TX 78628-2574","101 WHISTLING WILLOW DR, GEORGETOWN, TX  78628","S12219 - CRESCENT BLUFF SEC 2 & 3, BLOCK Y, Lot 9","G226417C"," ","S12219 - CRESCENT BLUFF SEC 2 & 3","Real","N/A","N/A"
"R591823","R-20-3160-023Y-0011","KIRKPATRICK, ALAN EUGENE & MICHELE HART","704 PINNACLE VIEW DR  GEORGETOWN, TX 78628","704 PINNACLE VIEW DR, GEORGETOWN, TX  78628","S12219 - CRESCENT BLUFF SEC 2 & 3, BLOCK Y, Lot 11","G226417C"," ","S12219 - CRESCENT BLUFF SEC 2 & 3","Real","N/A","N/A"
"R591827","R-20-3160-023Y-0015","REZAEI, SASAN & MAHSAN AMIRBEIGI","1608 CROCKETT GARDENS RD  GEORGETOWN, TX 78628","720 PINNACLE VIEW DR, GEORGETOWN, TX  78628","S12219 - CRESCENT BLUFF SEC 2 & 3, BLOCK Y, Lot 15","G226417C"," ","S12219 - CRESCENT BLUFF SEC 2 & 3","Real","N/A","N/A"
"R625908","R-20-3160-04BG-0003","RAMIREZ, ADRIAN JARON & AMBER DANIELLE","608 CRESCENT VIEW DR  GEORGETOWN, TX 78628","608 CRESCENT VIEW DR, GEORGETOWN, TX  78628","S12896 - CRESCENT BLUFF SEC 4B, BLOCK G, Lot 3","G226417C"," ","S12896 - CRESCENT BLUFF SEC 4B","Real","N/A","N/A"
"R625909","R-20-3160-04BG-0004","BOJJA, SANKEERTH R & SWATHI VEMULAPALLI","612 CRESCENT VIEW DR  GEORGETOWN, TX 78628-3954","612 CRESCENT VIEW DR, GEORGETOWN, TX  78628","S12896 - CRESCENT BLUFF SEC 4B, BLOCK G, Lot 4","G226417C"," ","S12896 - CRESCENT BLUFF SEC 4B","Real","N/A","N/A"
"R625911","R-20-3160-04BG-0006","YERRAGONDA, ABHISHEK REDDY & DIPIKA VIJAY NAYAK","704 CRESCENT VIEW DR  GEORGETOWN, TX 78628-3955","704 CRESCENT VIEW DR, GEORGETOWN, TX  78628","S12896 - CRESCENT BLUFF SEC 4B, BLOCK G, Lot 6","G226417C"," ","S12896 - CRESCENT BLUFF SEC 4B","Real","N/A","N/A"
"R625913","R-20-3160-04BK-0002","ALABOTARAM, RAJASHEKAR & MADHURI INTURU","124 SERENITY HILLS DR  GEORGETOWN, TX 78628","124 SERENITY HILLS DR, GEORGETOWN, TX  78628","S12896 - CRESCENT BLUFF SEC 4B, BLOCK K, Lot 2","G226417C"," ","S12896 - CRESCENT BLUFF SEC 4B","Real","N/A","N/A"
"R625915","R-20-3160-04BK-0004","JEROME FRANCIS ERICK JR & TABATHA ANN ERICK TRS OF THE ERCK TRUST","116 SERENITY HILLS DR  GEORGETOWN, TX 78628-3950","116 SERENITY HILLS DR, GEORGETOWN, TX  78628","S12896 - CRESCENT BLUFF SEC 4B, BLOCK K, Lot 4","G226417C"," ","S12896 - CRESCENT BLUFF SEC 4B","Real","N/A","N/A"
"R625916","R-20-3160-04BK-0005","ADELLA, USHASREE & SAIRAM DUMPALA","112 SERENITY HILLS DR  GEORGETOWN, TX 78628","112 SERENITY HILLS DR, GEORGETOWN, TX  78628","S12896 - CRESCENT BLUFF SEC 4B, BLOCK K, Lot 5","G226417C"," ","S12896 - CRESCENT BLUFF SEC 4B","Real","N/A","N/A"
"R625917","R-20-3160-04BK-0006","GRAHAM, MARCUS & JORDAN MICHELE","108 SERENITY HILLS DR  GEORGETOWN, TX 78628-3950","108 SERENITY HILLS DR, GEORGETOWN, TX  78628","S12896 - CRESCENT BLUFF SEC 4B, BLOCK K, Lot 6","G226417C"," ","S12896 - CRESCENT BLUFF SEC 4B","Real","N/A","N/A"
"R625918","R-20-3160-04BK-0007","CERNA, MICHAEL & MARIA TERESA","104 SERENITY HILLS DR  GEORGETOWN, TX 78628-3950","104 SERENITY HILLS DR, GEORGETOWN, TX  78628","S12896 - CRESCENT BLUFF SEC 4B, BLOCK K, Lot 7","G226417C"," ","S12896 - CRESCENT BLUFF SEC 4B","Real","N/A","N/A"
"R625919","R-20-3160-04BK-0008","VANAMA, HARSHA VARDHAN & SRUTHI KATPALLY","100 SERENITY HILLS DR  GEORGETOWN, TX 78628-3950","100 SERENITY HILLS DR, GEORGETOWN, TX  78628","S12896 - CRESCENT BLUFF SEC 4B, BLOCK K, Lot 8","G226417C"," ","S12896 - CRESCENT BLUFF SEC 4B","Real","N/A","N/A"
"R625922","R-20-3160-04BS-0004","BANDA, TARUN REDDY & HARSHITHA CHALLA","609 CRESCENT VIEW DR  GEORGETOWN, TX 78628-3954","609 CRESCENT VIEW DR, GEORGETOWN, TX  78628","S12896 - CRESCENT BLUFF SEC 4B, BLOCK S, Lot 4","G226417C"," ","S12896 - CRESCENT BLUFF SEC 4B","Real","N/A","N/A"
"R625923","R-20-3160-04BS-0005","BECTON, TORRE ANTWAN & CHINELA P","101 SERENITY HILLS DR  GEORGETOWN, TX 78628","101 SERENITY HILLS DR, GEORGETOWN, TX  78628","S12896 - CRESCENT BLUFF SEC 4B, BLOCK S, Lot 5","G226417C"," ","S12896 - CRESCENT BLUFF SEC 4B","Real","N/A","N/A"
"R625925","R-20-3160-04BS-0007","CHALLAGONDA, SUSHMITHA & SHREENESH GUNDETI","109 SERENITY HILLS DR  GEORGETOWN, TX 78628-3950","109 SERENITY HILLS DR, GEORGETOWN, TX  78628","S12896 - CRESCENT BLUFF SEC 4B, BLOCK S, Lot 7","G226417C"," ","S12896 - CRESCENT BLUFF SEC 4B","Real","N/A","N/A"
"R625926","R-20-3160-04BS-0008","KATIKANENI, SRIKAR & DEEPTHI MARENENI","113 SERENITY HILLS DR  GEORGETOWN, TX 78628-3950","113 SERENITY HILLS DR, GEORGETOWN, TX  78628","S12896 - CRESCENT BLUFF SEC 4B, BLOCK S, Lot 8","G226417C"," ","S12896 - CRESCENT BLUFF SEC 4B","Real","N/A","N/A"
"R625928","R-20-3160-04BX-0001","GFO HOME LLC","1717 MCKINNEY AVE STE 1590 DALLAS, TX 75202-1242","2611 CRESCENT BLUFF DR, GEORGETOWN, TX  78628","S12896 - CRESCENT BLUFF SEC 4B, BLOCK X, Lot 1, ACRES 0.142, (OPEN SPACE)","G226417C"," ","S12896 - CRESCENT BLUFF SEC 4B","Real","N/A","N/A"
"R625933","R-20-3160-04BX-0027","IMTIAZ, TANVIR & FARJANA YESMIN","116 ESTATE HILLS DR  GEORGETOWN, TX 78628-3956","116 ESTATE HILLS DR, GEORGETOWN, TX  78628","S12896 - CRESCENT BLUFF SEC 4B, BLOCK X, Lot 27","G226417C"," ","S12896 - CRESCENT BLUFF SEC 4B","Real","N/A","N/A"
"R625936","R-20-3160-04BX-0030","ARMSTRONG, JEREMIAH RICHARD & LAUREN RENEE","128 ESTATE HILLS DR  GEORGETOWN, TX 78628-3956","128 ESTATE HILLS DR, GEORGETOWN, TX  78628","S12896 - CRESCENT BLUFF SEC 4B, BLOCK X, Lot 30","G226417C"," ","S12896 - CRESCENT BLUFF SEC 4B","Real","N/A","N/A"
"R625940","R-20-3160-04BX-0034","BRIAN E PICHA AND TARA B PICHA CO TRS BRIAN AND TARA PICHA LIVING TRUST","144 ESTATE HILLS DR  GEORGETOWN, TX 78628","144 ESTATE HILLS DR, GEORGETOWN, TX  78628","S12896 - CRESCENT BLUFF SEC 4B, BLOCK X, Lot 34","G226417C"," ","S12896 - CRESCENT BLUFF SEC 4B","Real","N/A","N/A"
"R625944","R-20-3160-04BX-0038","FUENTES, CARLOS A & KARINA CAVAZOS","412 CRESCENT HEIGHTS DR  GEORGETOWN, TX 78628-3945","412 CRESCENT HEIGHTS DR, GEORGETOWN, TX  78628","S12896 - CRESCENT BLUFF SEC 4B, BLOCK X, Lot 38","G226417C"," ","S12896 - CRESCENT BLUFF SEC 4B","Real","N/A","N/A"
"R625945","R-20-3160-04BX-0039","PATTERSON, BROCK & ANDREA","416 CRESCENT HEIGHTS DR  GEORGETOWN, TX 78628-3945","416 CRESCENT HEIGHTS DR, GEORGETOWN, TX  78628","S12896 - CRESCENT BLUFF SEC 4B, BLOCK X, Lot 39","G226417C"," ","S12896 - CRESCENT BLUFF SEC 4B","Real","N/A","N/A"
"R625946","R-20-3160-04BX-0040","SUMMER, LUZ MILEIDY & LYNN ALEXANDER","500 CRESCENT HEIGHTS DR  GEORGETOWN, TX 78628","500 CRESCENT HEIGHTS DR, GEORGETOWN, TX  78628","S12896 - CRESCENT BLUFF SEC 4B, BLOCK X, Lot 40","G226417C"," ","S12896 - CRESCENT BLUFF SEC 4B","Real","N/A","N/A"
"R625949","R-20-3160-04BX-0043","VODAPELLI, RAJ KIRAN & SUSHMITA JERIPOTHULA","512 CRESCENT HEIGHTS DR  GEORGETOWN, TX 78628-3953","512 CRESCENT HEIGHTS DR, GEORGETOWN, TX  78628","S12896 - CRESCENT BLUFF SEC 4B, BLOCK X, Lot 43","G226417C"," ","S12896 - CRESCENT BLUFF SEC 4B","Real","N/A","N/A"
"R625950","R-20-3160-04BX-0044","MOHIUDDIN, SYED HARIS & AMINA SAQIB","516 CRESCENT HEIGHTS DR  GEORGETOWN, TX 78628-3953","516 CRESCENT HEIGHTS DR, GEORGETOWN, TX  78628","S12896 - CRESCENT BLUFF SEC 4B, BLOCK X, Lot 44","G226417C"," ","S12896 - CRESCENT BLUFF SEC 4B","Real","N/A","N/A"
"R625951","R-20-3160-04BX-0045","FLYNN, KIERAN J & LORI E","520 CRESCENT HEIGHTS DR  GEORGETOWN, TX 78628-3953","520 CRESCENT HEIGHTS DR, GEORGETOWN, TX  78628","S12896 - CRESCENT BLUFF SEC 4B, BLOCK X, Lot 45","G226417C"," ","S12896 - CRESCENT BLUFF SEC 4B","Real","N/A","N/A"
"R625952","R-20-3160-04BY-0001","HAMILTON, AARON ARCH & HALIE MADISON","135 ESTATE HILLS DR  GEORGETOWN, TX 78628","135 ESTATE HILLS DR, GEORGETOWN, TX  78628","S12896 - CRESCENT BLUFF SEC 4B, BLOCK Y, Lot 1","G226417C"," ","S12896 - CRESCENT BLUFF SEC 4B","Real","N/A","N/A"
"R625953","R-20-3160-04BY-0002","HARLEY, PHILIP & JENNIFER","131 ESTATE HILLS DR  GEORGETOWN, TX 78628-3956","131 ESTATE HILLS DR, GEORGETOWN, TX  78628","S12896 - CRESCENT BLUFF SEC 4B, BLOCK Y, Lot 2","G226417C"," ","S12896 - CRESCENT BLUFF SEC 4B","Real","N/A","N/A"
"R625957","R-20-3160-04BY-0006","THANE, TAYLOR NICOLE & ADAM MICHAEL","117 ESTATE HILLS DR  GEORGETOWN, TX 78628","117 ESTATE HILLS DR, GEORGETOWN, TX  78628","S12896 - CRESCENT BLUFF SEC 4B, BLOCK Y, Lot 6","G226417C"," ","S12896 - CRESCENT BLUFF SEC 4B","Real","N/A","N/A"
"R625958","R-20-3160-04BY-0007","ZORA, CHRISTOPHER ANTHONY & MIRANDA ROSE MARIE","113 ESTATE HILLS DR  GEORGETOWN, TX 78628-3956","113 ESTATE HILLS DR, GEORGETOWN, TX  78628","S12896 - CRESCENT BLUFF SEC 4B, BLOCK Y, Lot 7","G226417C"," ","S12896 - CRESCENT BLUFF SEC 4B","Real","N/A","N/A"
"R625965","R-20-3160-04BY-0016","TURNER MARGARET ANNE & STEPHEN BUTTIMER","216 CRESCENT HEIGHTS DR  GEORGETOWN, TX 78628-2159","216 CRESCENT HEIGHTS DR, GEORGETOWN, TX  78628","S12896 - CRESCENT BLUFF SEC 4B, BLOCK Y, Lot 16","G226417C"," ","S12896 - CRESCENT BLUFF SEC 4B","Real","N/A","N/A"
"R625967","R-20-3160-04BY-0018","BENITEZ, CHRISTOPHER G & CARMEN M","224 CRESCENT HEIGHTS DR  GEORGETOWN, TX 78628-2159","224 CRESCENT HEIGHTS DR, GEORGETOWN, TX  78628","S12896 - CRESCENT BLUFF SEC 4B, BLOCK Y, Lot 18","G226417C"," ","S12896 - CRESCENT BLUFF SEC 4B","Real","N/A","N/A"
"R625968","R-20-3160-04BY-0019","KALERU, PRUTHVI KRISHNA & BHARGAVI RAJANAKU","228 CRESCENT HEIGHTS DR  GEORGETOWN, TX 78628-2159","228 CRESCENT HEIGHTS DR, GEORGETOWN, TX  78628","S12896 - CRESCENT BLUFF SEC 4B, BLOCK Y, Lot 19","G226417C"," ","S12896 - CRESCENT BLUFF SEC 4B","Real","N/A","N/A"
"R625969","R-20-3160-04BY-0020","KONERU, ADITYA & KEERTHI SREE CHALASANI","232 CRESCENT HEIGHTS DR  GEORGETOWN, TX 78628-2159","232 CRESCENT HEIGHTS DR, GEORGETOWN, TX  78628","S12896 - CRESCENT BLUFF SEC 4B, BLOCK Y, Lot 20","G226417C"," ","S12896 - CRESCENT BLUFF SEC 4B","Real","N/A","N/A"
"R625970","R-20-3160-04BY-0021","WOOTEN, JARED WAYNE & REBECCA HAILEY BETTIN-WOOTEN","236 CRESCENT HEIGHTS DR  GEORGETOWN, TX 78628-2159","236 CRESCENT HEIGHTS DR, GEORGETOWN, TX  78628","S12896 - CRESCENT BLUFF SEC 4B, BLOCK Y, Lot 21","G226417C"," ","S12896 - CRESCENT BLUFF SEC 4B","Real","N/A","N/A"
"R625972","R-20-3160-04BZ-0002","EARGLE, DAVID ELIJAH & TONIE J","417 CRESCENT HEIGHTS DR  GEORGETOWN, TX 78628-3945","417 CRESCENT HEIGHTS DR, GEORGETOWN, TX  78628","S12896 - CRESCENT BLUFF SEC 4B, BLOCK Z, Lot 2","G226417C"," ","S12896 - CRESCENT BLUFF SEC 4B","Real","N/A","N/A"
"R625974","R-20-3160-04BZ-0004","OLAOYE, OPEYEMI & CALEB","409 CRESCENT HEIGHTS DR  GEORGETOWN, TX 78628-3945","409 CRESCENT HEIGHTS DR, GEORGETOWN, TX  78628","S12896 - CRESCENT BLUFF SEC 4B, BLOCK Z, Lot 4","G226417C"," ","S12896 - CRESCENT BLUFF SEC 4B","Real","N/A","N/A"
"R625975","R-20-3160-04BZ-0005","MADHAM, NITESH CHANDRA & SHRAVANI DANAM","405 CRESCENT HEIGHTS DR  GEORGETOWN, TX 78628","405 CRESCENT HEIGHTS DR, GEORGETOWN, TX  78628","S12896 - CRESCENT BLUFF SEC 4B, BLOCK Z, Lot 5","G226417C"," ","S12896 - CRESCENT BLUFF SEC 4B","Real","N/A","N/A"
"R625976","R-20-3160-04BZ-0006","MURRAY, JONATHAN R & EMILY N  MAYFIELD","401 CRESCENT HEIGHTS DR  GEORGETOWN, TX 78628","401 CRESCENT HEIGHTS DR, GEORGETOWN, TX  78628","S12896 - CRESCENT BLUFF SEC 4B, BLOCK Z, Lot 6","G226417C"," ","S12896 - CRESCENT BLUFF SEC 4B","Real","N/A","N/A"
"R625979","R-20-3160-04BZ-0009","MONROE, TINO SANTANA & JASMIN","317 CRESCENT HEIGHTS DR  GEORGETOWN, TX 78628-3952","317 CRESCENT HEIGHTS DR, GEORGETOWN, TX  78628","S12896 - CRESCENT BLUFF SEC 4B, BLOCK Z, Lot 9","G226417C"," ","S12896 - CRESCENT BLUFF SEC 4B","Real","N/A","N/A"
"R625980","R-20-3160-04BZ-0010","VEGA, DANIEL JR & GINA MARIE","313 CRESCENT HEIGHTS DR  GEORGETOWN, TX 78628","313 CRESCENT HEIGHTS DR, GEORGETOWN, TX  78628","S12896 - CRESCENT BLUFF SEC 4B, BLOCK Z, Lot 10","G226417C"," ","S12896 - CRESCENT BLUFF SEC 4B","Real","N/A","N/A"
"R625982","R-20-3160-04BZ-0012","MODEM, RUSHIKESH & SAISHARANYA MARUPAKA","305 CRESCENT HEIGHTS DR  GEORGETOWN, TX 78628-3952","305 CRESCENT HEIGHTS DR, GEORGETOWN, TX  78628","S12896 - CRESCENT BLUFF SEC 4B, BLOCK Z, Lot 12","G226417C"," ","S12896 - CRESCENT BLUFF SEC 4B","Real","N/A","N/A"
"R625983","R-20-3160-04BZ-0013","BAGHEL, AKASH SINGH & ADITI CHOUDHARY","301 CRESCENT HEIGHTS DR  GEORGETOWN, TX 78628","301 CRESCENT HEIGHTS DR, GEORGETOWN, TX  78628","S12896 - CRESCENT BLUFF SEC 4B, BLOCK Z, Lot 13","G226417C"," ","S12896 - CRESCENT BLUFF SEC 4B","Real","N/A","N/A"
"R625984","R-20-3160-04BZ-0014","ARELLANO, JASON & GUADALUPE ESPINOZA DELGADO","241 CRESCENT HEIGHTS DR  GEORGETOWN, TX 78628-2159","241 CRESCENT HEIGHTS DR, GEORGETOWN, TX  78628","S12896 - CRESCENT BLUFF SEC 4B, BLOCK Z, Lot 14","G226417C"," ","S12896 - CRESCENT BLUFF SEC 4B","Real","N/A","N/A"
"R625985","R-20-3160-04BZ-0015","CAMILO, DIEGO F & BERNISE","237 CRESCENT HEIGHTS DR  GEORGETOWN, TX 78628","237 CRESCENT HEIGHTS DR, GEORGETOWN, TX  78628","S12896 - CRESCENT BLUFF SEC 4B, BLOCK Z, Lot 15","G226417C"," ","S12896 - CRESCENT BLUFF SEC 4B","Real","N/A","N/A"
"R625986","R-20-3160-04BZ-0016","WILSON, JASON N & BRANDY","233 CRESCENT HEIGHTS DR  GEORGETOWN, TX 78628","233 CRESCENT HEIGHTS DR, GEORGETOWN, TX  78628","S12896 - CRESCENT BLUFF SEC 4B, BLOCK Z, Lot 16","G226417C"," ","S12896 - CRESCENT BLUFF SEC 4B","Real","N/A","N/A"
"R625987","R-20-3160-04BZ-0017","GUSTAFSON, KRAIG L (LE) & KATHRY JEAN (LE)","229 CRESCENT HEIGHTS DR  GEORGETOWN, TX 78628-2159","229 CRESCENT HEIGHTS DR, GEORGETOWN, TX  78628","S12896 - CRESCENT BLUFF SEC 4B, BLOCK Z, Lot 17","G226417C"," ","S12896 - CRESCENT BLUFF SEC 4B","Real","N/A","N/A"
"R625989","R-20-3160-04BZ-0019","KUMAR, SATISH & INDU SHARMA","221 CRESCENT HEIGHTS DR  GEORGETOWN, TX 78628-2159","221 CRESCENT HEIGHTS DR, GEORGETOWN, TX  78628","S12896 - CRESCENT BLUFF SEC 4B, BLOCK Z, Lot 19","G226417C"," ","S12896 - CRESCENT BLUFF SEC 4B","Real","N/A","N/A"
"R633454","R-20-3160-050G-0007","PULTE HOMES OF TEXAS LP","11001 LAKELINE BLVD BLDG 1, SUITE 300 AUSTIN, TX 78717","708 CRESCENT VIEW DR, GEORGETOWN, TX  78628","S13020 - CRESCENT BLUFF SEC 5, BLOCK G, Lot 7, ACRES 0.214","G226417C"," ","S13020 - CRESCENT BLUFF SEC 5","Real","N/A","N/A"
"R633455","R-20-3160-050G-0008","BHUPATHI RAJU, VENKATA TIRUPATHI RAJU & APRANA","712 CRESCENT VIEW DR  GEORGETOWN, TX 78628-3955","712 CRESCENT VIEW DR, GEORGETOWN, TX  78628","S13020 - CRESCENT BLUFF SEC 5, BLOCK G, Lot 8, ACRES 0.2","G226417C"," ","S13020 - CRESCENT BLUFF SEC 5","Real","N/A","N/A"
"R633456","R-20-3160-050G-0009","ORMSBEE, LAUREN C","716 CRESCENT VIEW DR  GEORGETOWN, TX 78628-3955","716 CRESCENT VIEW DR, GEORGETOWN, TX  78628","S13020 - CRESCENT BLUFF SEC 5, BLOCK G, Lot 9, ACRES 0.199","G226417C"," ","S13020 - CRESCENT BLUFF SEC 5","Real","N/A","N/A"
"R633457","R-20-3160-050G-0010","PULTE HOMES OF TEXAS LP","11001 LAKELINE BLVD BLDG 1, SUITE 300 AUSTIN, TX 78717","800 CRESCENT VIEW DR, GEORGETOWN, TX  78628","S13020 - CRESCENT BLUFF SEC 5, BLOCK G, Lot 10, ACRES 0.192","G226417C"," ","S13020 - CRESCENT BLUFF SEC 5","Real","N/A","N/A"
"R633459","R-20-3160-050G-0012","CURL, CARRIE C","808 CRESCENT VIEW DR  GEORGETOWN, TX 78628-3957","808 CRESCENT VIEW DR, GEORGETOWN, TX  78628","S13020 - CRESCENT BLUFF SEC 5, BLOCK G, Lot 12, ACRES 0.167","G226417C"," ","S13020 - CRESCENT BLUFF SEC 5","Real","N/A","N/A"
"R633461","R-20-3160-050G-0014","REESE, CURTIS LAMAR & TAMICA N","816 CRESCENT VIEW DR  GEORGETOWN, TX 78628-3957","816 CRESCENT VIEW DR, GEORGETOWN, TX  78628","S13020 - CRESCENT BLUFF SEC 5, BLOCK G, Lot 14, ACRES 0.195","G226417C"," ","S13020 - CRESCENT BLUFF SEC 5","Real","N/A","N/A"
"R633462","R-20-3160-050G-0015","BUCHANAN, JARVIS","900 CRESCENT VIEW DR  GEORGETOWN, TX 78628-3958","900 CRESCENT VIEW DR, GEORGETOWN, TX  78628","S13020 - CRESCENT BLUFF SEC 5, BLOCK G, Lot 15, ACRES 0.183","G226417C"," ","S13020 - CRESCENT BLUFF SEC 5","Real","N/A","N/A"
"R633465","R-20-3160-050K-0009","PULTE HOMES OF TEXAS LP","11001 LAKELINE BLVD BLDG 1, SUITE 300 AUSTIN, TX 78717","101 ELM VIEW DR, GEORGETOWN, TX  78628","S13020 - CRESCENT BLUFF SEC 5, BLOCK K, Lot 9, ACRES 0.185","G226417C"," ","S13020 - CRESCENT BLUFF SEC 5","Real","N/A","N/A"
"R633466","R-20-3160-050K-0010","PULTE HOMES OF TEXAS LP","11001 LAKELINE BLVD BLDG 1, SUITE 300 AUSTIN, TX 78717","105 ELM VIEW DR, GEORGETOWN, TX  78628","S13020 - CRESCENT BLUFF SEC 5, BLOCK K, Lot 10, ACRES 0.166","G226417C"," ","S13020 - CRESCENT BLUFF SEC 5","Real","N/A","N/A"
"R633468","R-20-3160-050K-0012","RODRIGUEZ, ALEJANDRO IVAN & APRIL","113 ELM VIEW DR  GEORGETOWN, TX 78628-3947","113 ELM VIEW DR, GEORGETOWN, TX  78628","S13020 - CRESCENT BLUFF SEC 5, BLOCK K, Lot 12, ACRES 0.166","G226417C"," ","S13020 - CRESCENT BLUFF SEC 5","Real","N/A","N/A"
"R633471","R-20-3160-050K-0015","FIFE, BRYAN & FELICIA","125 ELM VIEW DR  GEORGETOWN, TX 78628-3947","125 ELM VIEW DR, GEORGETOWN, TX  78628","S13020 - CRESCENT BLUFF SEC 5, BLOCK K, Lot 15, ACRES 0.195","G226417C"," ","S13020 - CRESCENT BLUFF SEC 5","Real","N/A","N/A"
"R633474","R-20-3160-050K-0018","REPP, ROBERT E & SIM SON","133 ELM VIEW DR  GEORGETOWN, TX 78628-3947","133 ELM VIEW DR, GEORGETOWN, TX  78628","S13020 - CRESCENT BLUFF SEC 5, BLOCK K, Lot 18, ACRES 0.172","G226417C"," ","S13020 - CRESCENT BLUFF SEC 5","Real","N/A","N/A"
"R633475","R-20-3160-050K-0019","ALEXANDER MULLER & JUDY MULLER OF ALEXANDER & JUDY MULLER LIVING TRUST","137 ELM VIEW DR  GEORGETOWN, TX 78628-3947","137 ELM VIEW DR, GEORGETOWN, TX  78628","S13020 - CRESCENT BLUFF SEC 5, BLOCK K, Lot 19, ACRES 0.172","G226417C"," ","S13020 - CRESCENT BLUFF SEC 5","Real","N/A","N/A"
"R633476","R-20-3160-050K-0020","ANDERSON, SARAH & JOHN R BOARDMAN","141 ELM VIEW DR  GEORGETOWN, TX 78628-3947","141 ELM VIEW DR, GEORGETOWN, TX  78628","S13020 - CRESCENT BLUFF SEC 5, BLOCK K, Lot 20, ACRES 0.172","G226417C"," ","S13020 - CRESCENT BLUFF SEC 5","Real","N/A","N/A"
"R633477","R-20-3160-050K-0021","MUJAKOVIC, ASMIR & JASMINA","145 ELM VIEW DR  GEORGETOWN, TX 78628-3947","145 ELM VIEW DR, GEORGETOWN, TX  78628","S13020 - CRESCENT BLUFF SEC 5, BLOCK K, Lot 21, ACRES 0.212","G226417C"," ","S13020 - CRESCENT BLUFF SEC 5","Real","N/A","N/A"
"R633478","R-20-3160-050K-0022","PULTE HOMES OF TEXAS LP","11001 LAKELINE BLVD BLDG 1, SUITE 300 AUSTIN, TX 78717","601 RIDGE POINT DR, GEORGETOWN, TX  78628","S13020 - CRESCENT BLUFF SEC 5, BLOCK K, Lot 22, ACRES 0.172","G226417C"," ","S13020 - CRESCENT BLUFF SEC 5","Real","N/A","N/A"
"R633481","R-20-3160-050K-0025","PULTE HOMES OF TEXAS LP","11001 LAKELINE BLVD BLDG 1, SUITE 300 AUSTIN, TX 78717","613 RIDGE POINT DR, GEORGETOWN, TX  78628","S13020 - CRESCENT BLUFF SEC 5, BLOCK K, Lot 25, ACRES 0.182","G226417C"," ","S13020 - CRESCENT BLUFF SEC 5","Real","N/A","N/A"
"R633486","R-20-3160-050K-0030","BRANCH, ZACHARY ALEXANDER & MADISON RAE","132 SERENITY HILLS DR  GEORGETOWN, TX 78628-3950","132 SERENITY HILLS DR, GEORGETOWN, TX  78628","S13020 - CRESCENT BLUFF SEC 5, BLOCK K, Lot 30, ACRES 0.205","G226417C"," ","S13020 - CRESCENT BLUFF SEC 5","Real","N/A","N/A"
"R633489","R-20-3160-050L-0003","PANDAY, VIPUL & MANJULIKA BAJPAI","108 ELM VIEW DR  GEORGETOWN, TX 78628-3947","108 ELM VIEW DR, GEORGETOWN, TX  78628","S13020 - CRESCENT BLUFF SEC 5, BLOCK L, Lot 3, ACRES 0.183","G226417C"," ","S13020 - CRESCENT BLUFF SEC 5","Real","N/A","N/A"
"R633491","R-20-3160-050L-0005","PULTE HOMES OF TEXAS LP","11001 LAKELINE BLVD BLDG 1, SUITE 300 AUSTIN, TX 78717","116 ELM VIEW DR, GEORGETOWN, TX  78628","S13020 - CRESCENT BLUFF SEC 5, BLOCK L, Lot 5, ACRES 0.217","G226417C"," ","S13020 - CRESCENT BLUFF SEC 5","Real","N/A","N/A"
"R633493","R-20-3160-050L-0007","MARSCHALK, GREGORY & JENNY CORRAL","124 ELM VIEW DR  GEORGETOWN, TX 78628-3947","124 ELM VIEW DR, GEORGETOWN, TX  78628","S13020 - CRESCENT BLUFF SEC 5, BLOCK L, Lot 7, ACRES 0.188","G226417C"," ","S13020 - CRESCENT BLUFF SEC 5","Real","N/A","N/A"
"R633497","R-20-3160-050L-0011","ZENG, DAVID & ZHEN QING TU","136 ELM VIEW DR  GEORGETOWN, TX 78628-3947","136 ELM VIEW DR, GEORGETOWN, TX  78628","S13020 - CRESCENT BLUFF SEC 5, BLOCK L, Lot 11, ACRES 0.188","G226417C"," ","S13020 - CRESCENT BLUFF SEC 5","Real","N/A","N/A"
"R633500","R-20-3160-050L-0014","LIND, ANDREW & ROCHELLE ANNE","145 ELM RIDGE WAY  GEORGETOWN, TX 78628-3946","ELM RIDGE WAY, GEORGETOWN, TX  78628","S13020 - CRESCENT BLUFF SEC 5, BLOCK L, Lot 14, ACRES 0.237","G226417C"," ","S13020 - CRESCENT BLUFF SEC 5","Real","N/A","N/A"
"R633501","R-20-3160-050L-0015","ADAMS, NICHOLAS D & KATIE MAGALDINO","141 ELM RIDGE WAY  GEORGETOWN, TX 78628-3946","141 ELM RIDGE WAY, GEORGETOWN, TX  78628","S13020 - CRESCENT BLUFF SEC 5, BLOCK L, Lot 15, ACRES 0.19","G226417C"," ","S13020 - CRESCENT BLUFF SEC 5","Real","N/A","N/A"
"R633502","R-20-3160-050L-0016","MOORE, TRAVIS ALAN","137 ELM RIDGE WAY  GEORGETOWN, TX 78628-3946","137 ELM RIDGE WAY, GEORGETOWN, TX  78628","S13020 - CRESCENT BLUFF SEC 5, BLOCK L, Lot 16, ACRES 0.189","G226417C"," ","S13020 - CRESCENT BLUFF SEC 5","Real","N/A","N/A"
"R633503","R-20-3160-050L-0017","HUNTER, SARAH & JEREMY","133 ELM RIDGE WAY  GEORGETOWN, TX 78628-3946","133 ELM RIDGE WAY, GEORGETOWN, TX  78628","S13020 - CRESCENT BLUFF SEC 5, BLOCK L, Lot 17, ACRES 0.189","G226417C"," ","S13020 - CRESCENT BLUFF SEC 5","Real","N/A","N/A"
"R633504","R-20-3160-050L-0018","GUPTA, ASHU & SHWETA PATHAK","11042 183RD PL NE REDMOND, WA 98052-2351","129 ELM RIDGE WAY, GEORGETOWN, TX  78628","S13020 - CRESCENT BLUFF SEC 5, BLOCK L, Lot 18, ACRES 0.19","G226417C"," ","S13020 - CRESCENT BLUFF SEC 5","Real","N/A","N/A"
"R633505","R-20-3160-050L-0019","PEREZ, KELLY E (TOD) & JUSTIN G (TOD)","121 ELM RIDGE WAY  GEORGETOWN, TX 78628-3946","121 ELM RIDGE WAY, GEORGETOWN, TX  78628","S13020 - CRESCENT BLUFF SEC 5, BLOCK L, Lot 19, ACRES 0.184","G226417C"," ","S13020 - CRESCENT BLUFF SEC 5","Real","N/A","N/A"
"R633506","R-20-3160-050L-0020","RILEY, LESLIE E & JOHN F","117 ELM RIDGE WAY  GEORGETOWN, TX 78628-3946","117 ELM RIDGE WAY, GEORGETOWN, TX  78628","S13020 - CRESCENT BLUFF SEC 5, BLOCK L, Lot 20, ACRES 0.183","G226417C"," ","S13020 - CRESCENT BLUFF SEC 5","Real","N/A","N/A"
"R633507","R-20-3160-050L-0021","MADDULA, SANTOSH KUMAR REDDY & DIVYA GUJJULA","113 ELM RIDGE WAY  GEORGETOWN, TX 78628-3946","113 ELM RIDGE WAY, GEORGETOWN, TX  78628","S13020 - CRESCENT BLUFF SEC 5, BLOCK L, Lot 21, ACRES 0.181","G226417C"," ","S13020 - CRESCENT BLUFF SEC 5","Real","N/A","N/A"
"R633510","R-20-3160-050L-0024","TRAN, AUSTIN & TRAM H NGUYEN","101 ELM RIDGE WAY  GEORGETOWN, TX 78628-3946","101 ELM RIDGE WAY, GEORGETOWN, TX  78628","S13020 - CRESCENT BLUFF SEC 5, BLOCK L, Lot 24, ACRES 0.19","G226417C"," ","S13020 - CRESCENT BLUFF SEC 5","Real","N/A","N/A"
"R633511","R-20-3160-050S-0010","ESTRADA, DIANNE & ARTURO MANZO & VIVIAN INEZ MACIAS & JOSHUA MACIAS","117 SERENITY HILLS DR  GEORGETOWN, TX 78628-3950","117 SERENITY HILLS DR, GEORGETOWN, TX  78628","S13020 - CRESCENT BLUFF SEC 5, BLOCK S, Lot 10, ACRES 0.183","G226417C"," ","S13020 - CRESCENT BLUFF SEC 5","Real","N/A","N/A"
"R633512","R-20-3160-050S-0011","ROHDE, WILLIAM ROBERT & LISA ANN","121 SERENITY HILLS DR  GEORGETOWN, TX 78628-3950","121 SERENITY HILLS DR, GEORGETOWN, TX  78628","S13020 - CRESCENT BLUFF SEC 5, BLOCK S, Lot 11, ACRES 0.241","G226417C"," ","S13020 - CRESCENT BLUFF SEC 5","Real","N/A","N/A"
"R633516","R-20-3160-050S-0015","PULTE HOMES OF TEXAS LP","11001 LAKELINE BLVD BLDG 1, SUITE 300 AUSTIN, TX 78717","SERENITY HILLS DR, GEORGETOWN, TX  78628","S13020 - CRESCENT BLUFF SEC 5, BLOCK S, Lot 15, ACRES 0.168","G226417C"," ","S13020 - CRESCENT BLUFF SEC 5","Real","N/A","N/A"
"R633518","R-20-3160-050S-0017","PULTE HOMES OF TEXAS LP","11001 LAKELINE BLVD BLDG 1, SUITE 300 AUSTIN, TX 78717","205 SERENITY HILLS DR, GEORGETOWN, TX  78628","S13020 - CRESCENT BLUFF SEC 5, BLOCK S, Lot 17, ACRES 0.158","G226417C"," ","S13020 - CRESCENT BLUFF SEC 5","Real","N/A","N/A"
"R633521","R-20-3160-050S-0020","PULTE HOMES OF TEXAS LP","11001 LAKELINE BLVD BLDG 1, SUITE 300 AUSTIN, TX 78717","217 SERENITY HILLS DR, GEORGETOWN, TX  78628","S13020 - CRESCENT BLUFF SEC 5, BLOCK S, Lot 20, ACRES 0.15","G226417C"," ","S13020 - CRESCENT BLUFF SEC 5","Real","N/A","N/A"
"R633523","R-20-3160-050S-0022","PULTE HOMES OF TEXAS LP","11001 LAKELINE BLVD BLDG 1, SUITE 300 AUSTIN, TX 78717","225 SERENITY HILLS DR, GEORGETOWN, TX  78628","S13020 - CRESCENT BLUFF SEC 5, BLOCK S, Lot 22, ACRES 0.168","G226417C"," ","S13020 - CRESCENT BLUFF SEC 5","Real","N/A","N/A"
"R633524","R-20-3160-050S-0023","PULTE HOMES OF TEXAS LP","11001 LAKELINE BLVD BLDG 1, SUITE 300 AUSTIN, TX 78717","229 SERENITY HILLS DR, GEORGETOWN, TX  78628","S13020 - CRESCENT BLUFF SEC 5, BLOCK S, Lot 23, ACRES 0.159","G226417C"," ","S13020 - CRESCENT BLUFF SEC 5","Real","N/A","N/A"
"R633529","R-20-3160-050S-0028","PULTE HOMES OF TEXAS LP","11001 LAKELINE BLVD BLDG 1, SUITE 300 AUSTIN, TX 78717","SERENITY HILLS DR, GEORGETOWN, TX  78628","S13020 - CRESCENT BLUFF SEC 5, BLOCK S, Lot 28, ACRES 0.499, (OPEN SPACE)","G226417C"," ","S13020 - CRESCENT BLUFF SEC 5","Real","N/A","N/A"
"R633530","R-20-3160-050S-0029","PULTE HOMES OF TEXAS LP","11001 LAKELINE BLVD BLDG 1, SUITE 300 AUSTIN, TX 78717","212 SERENITY HILLS DR, GEORGETOWN, TX  78628","S13020 - CRESCENT BLUFF SEC 5, BLOCK S, Lot 29, ACRES 0.171","G226417C"," ","S13020 - CRESCENT BLUFF SEC 5","Real","N/A","N/A"
"R633531","R-20-3160-050S-0030","PULTE HOMES OF TEXAS LP","11001 LAKELINE BLVD BLDG 1, SUITE 300 AUSTIN, TX 78717","208 SERENITY HILLS DR, GEORGETOWN, TX  78628","S13020 - CRESCENT BLUFF SEC 5, BLOCK S, Lot 30, ACRES 0.179","G226417C"," ","S13020 - CRESCENT BLUFF SEC 5","Real","N/A","N/A"
"R633533","R-20-3160-050S-0032","UVANEY, ERIC S & PATRICIA L","636 RIDGE POINT DR  GEORGETOWN, TX 78628-3949","636 RIDGE POINT DR, GEORGETOWN, TX  78628","S13020 - CRESCENT BLUFF SEC 5, BLOCK S, Lot 32, ACRES 0.21","G226417C"," ","S13020 - CRESCENT BLUFF SEC 5","Real","N/A","N/A"
"R633535","R-20-3160-050S-0034","PULTE HOMES OF TEXAS LP","11001 LAKELINE BLVD BLDG 1, SUITE 300 AUSTIN, TX 78717","628 RIDGE POINT DR, GEORGETOWN, TX  78628","S13020 - CRESCENT BLUFF SEC 5, BLOCK S, Lot 34, ACRES 0.193","G226417C"," ","S13020 - CRESCENT BLUFF SEC 5","Real","N/A","N/A"
"R633536","R-20-3160-050S-0035","CAMPBELL, EARL CHRISTIAN II & LISA MONET","624 RIDGE POINT DR  GEORGETOWN, TX 78628-3949","624 RIDGE POINT DR, GEORGETOWN, TX  78628","S13020 - CRESCENT BLUFF SEC 5, BLOCK S, Lot 35, ACRES 0.193","G226417C"," ","S13020 - CRESCENT BLUFF SEC 5","Real","N/A","N/A"
"R633538","R-20-3160-050S-0037","STRUBE, JENNA DODGE & DUSTIN RYAN","616 RIDGE POINT DR  GEORGETOWN, TX 78628-3949","616 RIDGE POINT DR, GEORGETOWN, TX  78628","S13020 - CRESCENT BLUFF SEC 5, BLOCK S, Lot 37, ACRES 0.172","G226417C"," ","S13020 - CRESCENT BLUFF SEC 5","Real","N/A","N/A"
"R633540","R-20-3160-050S-0039","ESQUIVEL, JOSEPH & DIANA","608 RIDGE POINT DR  GEORGETOWN, TX 78628-3949","608 RIDGE POINT DR, GEORGETOWN, TX  78628","S13020 - CRESCENT BLUFF SEC 5, BLOCK S, Lot 39, ACRES 0.172","G226417C"," ","S13020 - CRESCENT BLUFF SEC 5","Real","N/A","N/A"
"R633543","R-20-3160-050S-0042","ELIAS, JOSE","508 RIDGE POINT DR  GEORGETOWN, TX 78628-3948","508 RIDGE POINT DR, GEORGETOWN, TX  78628","S13020 - CRESCENT BLUFF SEC 5, BLOCK S, Lot 42, ACRES 0.173","G226417C"," ","S13020 - CRESCENT BLUFF SEC 5","Real","N/A","N/A"
"R633547","R-20-3160-050S-0046","COOK, BRANDON EARL & BRANDEE RAE","140 ELM RIDGE WAY  GEORGETOWN, TX 78628-3946","140 ELM RIDGE WAY, GEORGETOWN, TX  78628","S13020 - CRESCENT BLUFF SEC 5, BLOCK S, Lot 46, ACRES 0.172","G226417C"," ","S13020 - CRESCENT BLUFF SEC 5","Real","N/A","N/A"
"R633548","R-20-3160-050S-0047","HINKLE, RONALD J & VICKI L","136 ELM RIDGE WAY  GEORGETOWN, TX 78628-3946","136 ELM RIDGE WAY, GEORGETOWN, TX  78628","S13020 - CRESCENT BLUFF SEC 5, BLOCK S, Lot 47, ACRES 0.172","G226417C"," ","S13020 - CRESCENT BLUFF SEC 5","Real","N/A","N/A"
"R633549","R-20-3160-050S-0048","LE, VINH & GIAU","132 ELM RIDGE WAY  GEORGETOWN, TX 78628-3946","132 ELM RIDGE WAY, GEORGETOWN, TX  78628","S13020 - CRESCENT BLUFF SEC 5, BLOCK S, Lot 48, ACRES 0.172","G226417C"," ","S13020 - CRESCENT BLUFF SEC 5","Real","N/A","N/A"
"R633550","R-20-3160-050S-0049","KRUMWIEDE, TATE M & NATALIE E","128 ELM RIDGE WAY  GEORGETOWN, TX 78628-3946","128 ELM RIDGE WAY, GEORGETOWN, TX  78628","S13020 - CRESCENT BLUFF SEC 5, BLOCK S, Lot 49, ACRES 0.172","G226417C"," ","S13020 - CRESCENT BLUFF SEC 5","Real","N/A","N/A"
"R633552","R-20-3160-050S-0051","LEWIS, MIKKAEL KALIQ & MONICA JEREE","116 ELM RIDGE WAY  GEORGETOWN, TX 78628-3946","116 ELM RIDGE WAY, GEORGETOWN, TX  78628","S13020 - CRESCENT BLUFF SEC 5, BLOCK S, Lot 51, ACRES 0.179","G226417C"," ","S13020 - CRESCENT BLUFF SEC 5","Real","N/A","N/A"
"R633554","R-20-3160-050S-0053","NIEVES, JORGE LOCKWOOD","108 ELM RIDGE WAY  GEORGETOWN, TX 78628-3946","108 ELM RIDGE WAY, GEORGETOWN, TX  78628","S13020 - CRESCENT BLUFF SEC 5, BLOCK S, Lot 53, ACRES 0.177","G226417C"," ","S13020 - CRESCENT BLUFF SEC 5","Real","N/A","N/A"
"R633555","R-20-3160-050S-0054","YEDIDI, VENKATA GANGA & KALYANI BODAPATI","104 ELM RIDGE WAY  GEORGETOWN, TX 78628-3946","104 ELM RIDGE WAY, GEORGETOWN, TX  78628","S13020 - CRESCENT BLUFF SEC 5, BLOCK S, Lot 54, ACRES 0.176","G226417C"," ","S13020 - CRESCENT BLUFF SEC 5","Real","N/A","N/A"
"R688066","R-20-3160-678A-0006","CHESMAR HOMES LLC","3600 W PARMER LN STE 160 AUSTIN, TX 78727-4124","PLUM VALLEY WAY, GEORGETOWN, TX  78628","S13971 - CRESCENT BLUFF WEST SEC 6, 7 & 8, BLOCK A, Lot 6, ACRES 0.273","G226417C"," ","S13971 - CRESCENT BLUFF WEST SEC 6, 7 & 8","Real","N/A","N/A"
"R688067","R-20-3160-678A-0007","CHESMAR HOMES LLC","3600 W PARMER LN STE 160 AUSTIN, TX 78727-4124","PLUM VALLEY WAY, GEORGETOWN, TX  78628","S13971 - CRESCENT BLUFF WEST SEC 6, 7 & 8, BLOCK A, Lot 7, ACRES 0.227","G226417C"," ","S13971 - CRESCENT BLUFF WEST SEC 6, 7 & 8","Real","N/A","N/A"
"R688069","R-20-3160-678A-0009","CHESMAR HOMES LLC","3600 W PARMER LN STE 160 AUSTIN, TX 78727-4124","PLUM VALLEY WAY, GEORGETOWN, TX  78628","S13971 - CRESCENT BLUFF WEST SEC 6, 7 & 8, BLOCK A, Lot 9, ACRES 0.217","G226417C"," ","S13971 - CRESCENT BLUFF WEST SEC 6, 7 & 8","Real","N/A","N/A"
"R688070","R-20-3160-678A-0010","CHESMAR HOMES LLC","3600 W PARMER LN STE 160 AUSTIN, TX 78727-4124","PLUM VALLEY WAY, GEORGETOWN, TX  78628","S13971 - CRESCENT BLUFF WEST SEC 6, 7 & 8, BLOCK A, Lot 10, ACRES 0.207","G226417C"," ","S13971 - CRESCENT BLUFF WEST SEC 6, 7 & 8","Real","N/A","N/A"
"R688071","R-20-3160-678A-0011","CHESMAR HOMES LLC","3600 W PARMER LN STE 160 AUSTIN, TX 78727-4124","PLUM VALLEY WAY, GEORGETOWN, TX  78628","S13971 - CRESCENT BLUFF WEST SEC 6, 7 & 8, BLOCK A, Lot 11, ACRES 0.207","G226417C"," ","S13971 - CRESCENT BLUFF WEST SEC 6, 7 & 8","Real","N/A","N/A"
"R688073","R-20-3160-678B-0001","CHESMAR HOMES LLC","3600 W PARMER LN STE 160 AUSTIN, TX 78727-4124","RIVER BANK LN, GEORGETOWN, TX  78628","S13971 - CRESCENT BLUFF WEST SEC 6, 7 & 8, BLOCK B, Lot 1, ACRES 0.234","G226417C"," ","S13971 - CRESCENT BLUFF WEST SEC 6, 7 & 8","Real","N/A","N/A"
"R688075","R-20-3160-678B-0003","CHESMAR HOMES LLC","3600 W PARMER LN STE 160 AUSTIN, TX 78727-4124","RIVER BANK LN, GEORGETOWN, TX  78628","S13971 - CRESCENT BLUFF WEST SEC 6, 7 & 8, BLOCK B, Lot 3, ACRES 0.229","G226417C"," ","S13971 - CRESCENT BLUFF WEST SEC 6, 7 & 8","Real","N/A","N/A"
"R688076","R-20-3160-678B-0004","CHESMAR HOMES LLC","3600 W PARMER LN STE 160 AUSTIN, TX 78727-4124","RIVER BANK LN, GEORGETOWN, TX  78628","S13971 - CRESCENT BLUFF WEST SEC 6, 7 & 8, BLOCK B, Lot 4, ACRES 0.232","G226417C"," ","S13971 - CRESCENT BLUFF WEST SEC 6, 7 & 8","Real","N/A","N/A"
"R688077","R-20-3160-678B-0005","CHESMAR HOMES LLC","3600 W PARMER LN STE 160 AUSTIN, TX 78727-4124","RIVER BANK LN, GEORGETOWN, TX  78628","S13971 - CRESCENT BLUFF WEST SEC 6, 7 & 8, BLOCK B, Lot 5, ACRES 0.232","G226417C"," ","S13971 - CRESCENT BLUFF WEST SEC 6, 7 & 8","Real","N/A","N/A"
"R688078","R-20-3160-678B-0006","CHESMAR HOMES LLC","3600 W PARMER LN STE 160 AUSTIN, TX 78727-4124","RIVER BANK LN, GEORGETOWN, TX  78628","S13971 - CRESCENT BLUFF WEST SEC 6, 7 & 8, BLOCK B, Lot 6, ACRES 0.233","G226417C"," ","S13971 - CRESCENT BLUFF WEST SEC 6, 7 & 8","Real","N/A","N/A"
"R688087","R-20-3160-678C-0006","CHESMAR HOMES LLC","3600 W PARMER LN STE 160 AUSTIN, TX 78727-4124","RIVER BANK LN, GEORGETOWN, TX  78628","S13971 - CRESCENT BLUFF WEST SEC 6, 7 & 8, BLOCK C, Lot 6, ACRES 0.235","G226417C"," ","S13971 - CRESCENT BLUFF WEST SEC 6, 7 & 8","Real","N/A","N/A"
"R688089","R-20-3160-678C-0008","CHESMAR HOMES LLC","3600 W PARMER LN STE 160 AUSTIN, TX 78727-4124","RIVER BANK LN, GEORGETOWN, TX  78628","S13971 - CRESCENT BLUFF WEST SEC 6, 7 & 8, BLOCK C, Lot 8, ACRES 0.266","G226417C"," ","S13971 - CRESCENT BLUFF WEST SEC 6, 7 & 8","Real","N/A","N/A"
"R688090","R-20-3160-678C-0009","CHESMAR HOMES LLC","3600 W PARMER LN STE 160 AUSTIN, TX 78727-4124","RIVER BANK LN, GEORGETOWN, TX  78628","S13971 - CRESCENT BLUFF WEST SEC 6, 7 & 8, BLOCK C, Lot 9, ACRES 0.213","G226417C"," ","S13971 - CRESCENT BLUFF WEST SEC 6, 7 & 8","Real","N/A","N/A"
"R688092","R-20-3160-678C-0011","CHESMAR HOMES LLC","3600 W PARMER LN STE 160 AUSTIN, TX 78727-4124","RIVER BANK LN, GEORGETOWN, TX  78628","S13971 - CRESCENT BLUFF WEST SEC 6, 7 & 8, BLOCK C, Lot 11, ACRES 0.211","G226417C"," ","S13971 - CRESCENT BLUFF WEST SEC 6, 7 & 8","Real","N/A","N/A"
"R688093","R-20-3160-678C-0012","CHESMAR HOMES LLC","3600 W PARMER LN STE 160 AUSTIN, TX 78727-4124","RIVER BANK LN, GEORGETOWN, TX  78628","S13971 - CRESCENT BLUFF WEST SEC 6, 7 & 8, BLOCK C, Lot 12, ACRES 0.231","G226417C"," ","S13971 - CRESCENT BLUFF WEST SEC 6, 7 & 8","Real","N/A","N/A"
"R688094","R-20-3160-678C-0013","CHESMAR HOMES LLC","3600 W PARMER LN STE 160 AUSTIN, TX 78727-4124","RIVER BANK LN, GEORGETOWN, TX  78628","S13971 - CRESCENT BLUFF WEST SEC 6, 7 & 8, BLOCK C, Lot 13, ACRES 0.209","G226417C"," ","S13971 - CRESCENT BLUFF WEST SEC 6, 7 & 8","Real","N/A","N/A"
"R688101","R-20-3160-678C-0020","CHESMAR HOMES LLC","3600 W PARMER LN STE 160 AUSTIN, TX 78727-4124","RIVER BANK LN, GEORGETOWN, TX  78628","S13971 - CRESCENT BLUFF WEST SEC 6, 7 & 8, BLOCK C, Lot 20, ACRES 0.343","G226417C"," ","S13971 - CRESCENT BLUFF WEST SEC 6, 7 & 8","Real","N/A","N/A"
"R688104","R-20-3160-678C-0023","CHESMAR HOMES LLC","3600 W PARMER LN STE 160 AUSTIN, TX 78727-4124","RIVER BANK LN, GEORGETOWN, TX  78628","S13971 - CRESCENT BLUFF WEST SEC 6, 7 & 8, BLOCK C, Lot 23, ACRES 0.177","G226417C"," ","S13971 - CRESCENT BLUFF WEST SEC 6, 7 & 8","Real","N/A","N/A"
"R688105","R-20-3160-678C-0024","CHESMAR HOMES LLC","3600 W PARMER LN STE 160 AUSTIN, TX 78727-4124","RIVER BANK LN, GEORGETOWN, TX  78628","S13971 - CRESCENT BLUFF WEST SEC 6, 7 & 8, BLOCK C, Lot 24, ACRES 0.166","G226417C"," ","S13971 - CRESCENT BLUFF WEST SEC 6, 7 & 8","Real","N/A","N/A"
"R688106","R-20-3160-678C-0025","CHESMAR HOMES LLC","3600 W PARMER LN STE 160 AUSTIN, TX 78727-4124","RIVER BANK LN, GEORGETOWN, TX  78628","S13971 - CRESCENT BLUFF WEST SEC 6, 7 & 8, BLOCK C, Lot 25, ACRES 0.164","G226417C"," ","S13971 - CRESCENT BLUFF WEST SEC 6, 7 & 8","Real","N/A","N/A"
"R688107","R-20-3160-678C-0026","CHESMAR HOMES LLC","3600 W PARMER LN STE 160 AUSTIN, TX 78727-4124","RIVER BANK LN, GEORGETOWN, TX  78628","S13971 - CRESCENT BLUFF WEST SEC 6, 7 & 8, BLOCK C, Lot 26, ACRES 0.16","G226417C"," ","S13971 - CRESCENT BLUFF WEST SEC 6, 7 & 8","Real","N/A","N/A"
"R688109","R-20-3160-678C-0028","CHESMAR HOMES LLC","3600 W PARMER LN STE 160 AUSTIN, TX 78727-4124","RIVER BANK LN, GEORGETOWN, TX  78628","S13971 - CRESCENT BLUFF WEST SEC 6, 7 & 8, BLOCK C, Lot 28, ACRES 0.175","G226417C"," ","S13971 - CRESCENT BLUFF WEST SEC 6, 7 & 8","Real","N/A","N/A"
"R688111","R-20-3160-678C-0030","CHESMAR HOMES LLC","3600 W PARMER LN STE 160 AUSTIN, TX 78727-4124","CLASSIC OAKS LN, GEORGETOWN, TX  78628","S13971 - CRESCENT BLUFF WEST SEC 6, 7 & 8, BLOCK C, Lot 30, ACRES 0.196","G226417C"," ","S13971 - CRESCENT BLUFF WEST SEC 6, 7 & 8","Real","N/A","N/A"
"R688116","R-20-3160-678C-0035","CHESMAR HOMES LLC","3600 W PARMER LN STE 160 AUSTIN, TX 78727-4124","STEELE SUMMIT RD, GEORGETOWN, TX  78628","S13971 - CRESCENT BLUFF WEST SEC 6, 7 & 8, BLOCK C, Lot 35, ACRES 0.174","G226417C"," ","S13971 - CRESCENT BLUFF WEST SEC 6, 7 & 8","Real","N/A","N/A"
"R688118","R-20-3160-678C-0037","CHESMAR HOMES LLC","3600 W PARMER LN STE 160 AUSTIN, TX 78727-4124","STEELE SUMMIT RD, GEORGETOWN, TX  78628","S13971 - CRESCENT BLUFF WEST SEC 6, 7 & 8, BLOCK C, Lot 37, ACRES 0.151","G226417C"," ","S13971 - CRESCENT BLUFF WEST SEC 6, 7 & 8","Real","N/A","N/A"
"R688119","R-20-3160-678C-0038","CHESMAR HOMES LLC","3600 W PARMER LN STE 160 AUSTIN, TX 78727-4124","STEELE SUMMIT RD, GEORGETOWN, TX  78628","S13971 - CRESCENT BLUFF WEST SEC 6, 7 & 8, BLOCK C, Lot 38, ACRES 0.149","G226417C"," ","S13971 - CRESCENT BLUFF WEST SEC 6, 7 & 8","Real","N/A","N/A"
"R688122","R-20-3160-678C-0041","CHESMAR HOMES LLC","3600 W PARMER LN STE 160 AUSTIN, TX 78727-4124","STEELE SUMMIT RD, GEORGETOWN, TX  78628","S13971 - CRESCENT BLUFF WEST SEC 6, 7 & 8, BLOCK C, Lot 41, ACRES 0.156","G226417C"," ","S13971 - CRESCENT BLUFF WEST SEC 6, 7 & 8","Real","N/A","N/A"
"R688124","R-20-3160-678C-0043","CHESMAR HOMES LLC","3600 W PARMER LN STE 160 AUSTIN, TX 78727-4124","STEELE SUMMIT RD, GEORGETOWN, TX  78628","S13971 - CRESCENT BLUFF WEST SEC 6, 7 & 8, BLOCK C, Lot 43, ACRES 0.168","G226417C"," ","S13971 - CRESCENT BLUFF WEST SEC 6, 7 & 8","Real","N/A","N/A"
"R688125","R-20-3160-678C-0044","CHESMAR HOMES LLC","3600 W PARMER LN STE 160 AUSTIN, TX 78727-4124","STEELE SUMMIT RD, GEORGETOWN, TX  78628","S13971 - CRESCENT BLUFF WEST SEC 6, 7 & 8, BLOCK C, Lot 44, ACRES 0.177","G226417C"," ","S13971 - CRESCENT BLUFF WEST SEC 6, 7 & 8","Real","N/A","N/A"
"R688126","R-20-3160-678C-0045","CHESMAR HOMES LLC","3600 W PARMER LN STE 160 AUSTIN, TX 78727-4124","STEELE SUMMIT RD, GEORGETOWN, TX  78628","S13971 - CRESCENT BLUFF WEST SEC 6, 7 & 8, BLOCK C, Lot 45, ACRES 0.224","G226417C"," ","S13971 - CRESCENT BLUFF WEST SEC 6, 7 & 8","Real","N/A","N/A"
"R688127","R-20-3160-678C-0046","CHESMAR HOMES LLC","3600 W PARMER LN STE 160 AUSTIN, TX 78727-4124","STEELE SUMMIT RD, GEORGETOWN, TX  78628","S13971 - CRESCENT BLUFF WEST SEC 6, 7 & 8, BLOCK C, Lot 46, ACRES 1.66, (AMENITY LOT)","G226417C"," ","S13971 - CRESCENT BLUFF WEST SEC 6, 7 & 8","Real","N/A","N/A"
"R688129","R-20-3160-678D-0002","CHESMAR HOMES LLC","3600 W PARMER LN STE 160 AUSTIN, TX 78727-4124","CLIFF VIEW DR, GEORGETOWN, TX  78628","S13971 - CRESCENT BLUFF WEST SEC 6, 7 & 8, BLOCK D, Lot 2, ACRES 0.198","G226417C"," ","S13971 - CRESCENT BLUFF WEST SEC 6, 7 & 8","Real","N/A","N/A"
"R688132","R-20-3160-678D-0005","CHESMAR HOMES LLC","3600 W PARMER LN STE 160 AUSTIN, TX 78727-4124","CLIFF VIEW DR, GEORGETOWN, TX  78628","S13971 - CRESCENT BLUFF WEST SEC 6, 7 & 8, BLOCK D, Lot 5, ACRES 0.155","G226417C"," ","S13971 - CRESCENT BLUFF WEST SEC 6, 7 & 8","Real","N/A","N/A"
"R688134","R-20-3160-678D-0007","CHESMAR HOMES LLC","3600 W PARMER LN STE 160 AUSTIN, TX 78727-4124","CLIFF VIEW DR, GEORGETOWN, TX  78628","S13971 - CRESCENT BLUFF WEST SEC 6, 7 & 8, BLOCK D, Lot 7, ACRES 0.223","G226417C"," ","S13971 - CRESCENT BLUFF WEST SEC 6, 7 & 8","Real","N/A","N/A"
"R688136","R-20-3160-678D-0009","CHESMAR HOMES LLC","3600 W PARMER LN STE 160 AUSTIN, TX 78727-4124","HAZY HOLLOW DR, GEORGETOWN, TX  78628","S13971 - CRESCENT BLUFF WEST SEC 6, 7 & 8, BLOCK D, Lot 9, ACRES 0.148","G226417C"," ","S13971 - CRESCENT BLUFF WEST SEC 6, 7 & 8","Real","N/A","N/A"
"R688137","R-20-3160-678D-0010","CHESMAR HOMES LLC","3600 W PARMER LN STE 160 AUSTIN, TX 78727-4124","HAZY HOLLOW DR, GEORGETOWN, TX  78628","S13971 - CRESCENT BLUFF WEST SEC 6, 7 & 8, BLOCK D, Lot 10, ACRES 0.148","G226417C"," ","S13971 - CRESCENT BLUFF WEST SEC 6, 7 & 8","Real","N/A","N/A"
"R688141","R-20-3160-678D-0014","CHESMAR HOMES LLC","3600 W PARMER LN STE 160 AUSTIN, TX 78727-4124","CRESCENT VIEW DR, GEORGETOWN, TX  78628","S13971 - CRESCENT BLUFF WEST SEC 6, 7 & 8, BLOCK D, Lot 14, ACRES 0.201","G226417C"," ","S13971 - CRESCENT BLUFF WEST SEC 6, 7 & 8","Real","N/A","N/A"
"R688144","R-20-3160-678D-0017","CHESMAR HOMES LLC","3600 W PARMER LN STE 160 AUSTIN, TX 78727-4124","CRESCENT VIEW DR, GEORGETOWN, TX  78628","S13971 - CRESCENT BLUFF WEST SEC 6, 7 & 8, BLOCK D, Lot 17, ACRES 0.323, (OPEN SPACE)","G226417C"," ","S13971 - CRESCENT BLUFF WEST SEC 6, 7 & 8","Real","N/A","N/A"
"R688145","R-20-3160-678E-0001","CHESMAR HOMES LLC","3600 W PARMER LN STE 160 AUSTIN, TX 78727-4124","CRESCENT VIEW DR, GEORGETOWN, TX  78628","S13971 - CRESCENT BLUFF WEST SEC 6, 7 & 8, BLOCK E, Lot 1, ACRES 0.767, (OPEN SPACE)","G226417C"," ","S13971 - CRESCENT BLUFF WEST SEC 6, 7 & 8","Real","N/A","N/A"
"R688155","R-20-3160-678E-0011","CHESMAR HOMES LLC","3600 W PARMER LN STE 160 AUSTIN, TX 78727-4124","CLIFF VIEW DR, GEORGETOWN, TX  78628","S13971 - CRESCENT BLUFF WEST SEC 6, 7 & 8, BLOCK E, Lot 11, ACRES 0.133","G226417C"," ","S13971 - CRESCENT BLUFF WEST SEC 6, 7 & 8","Real","N/A","N/A"
"R688156","R-20-3160-678E-0012","CHESMAR HOMES LLC","3600 W PARMER LN STE 160 AUSTIN, TX 78727-4124","CLIFF VIEW DR, GEORGETOWN, TX  78628","S13971 - CRESCENT BLUFF WEST SEC 6, 7 & 8, BLOCK E, Lot 12, ACRES 0.139","G226417C"," ","S13971 - CRESCENT BLUFF WEST SEC 6, 7 & 8","Real","N/A","N/A"
"R688157","R-20-3160-678E-0013","CHESMAR HOMES LLC","3600 W PARMER LN STE 160 AUSTIN, TX 78727-4124","CLIFF VIEW DR, GEORGETOWN, TX  78628","S13971 - CRESCENT BLUFF WEST SEC 6, 7 & 8, BLOCK E, Lot 13, ACRES 0.145","G226417C"," ","S13971 - CRESCENT BLUFF WEST SEC 6, 7 & 8","Real","N/A","N/A"
"R688158","R-20-3160-678E-0014","CHESMAR HOMES LLC","3600 W PARMER LN STE 160 AUSTIN, TX 78727-4124","CLIFF VIEW DR, GEORGETOWN, TX  78628","S13971 - CRESCENT BLUFF WEST SEC 6, 7 & 8, BLOCK E, Lot 14, ACRES 0.443, (OPEN SPACE)","G226417C"," ","S13971 - CRESCENT BLUFF WEST SEC 6, 7 & 8","Real","N/A","N/A"
"R688160","R-20-3160-678E-0016","CHESMAR HOMES LLC","3600 W PARMER LN STE 160 AUSTIN, TX 78727-4124","CLIFF VIEW DR, GEORGETOWN, TX  78628","S13971 - CRESCENT BLUFF WEST SEC 6, 7 & 8, BLOCK E, Lot 16, ACRES 0.154","G226417C"," ","S13971 - CRESCENT BLUFF WEST SEC 6, 7 & 8","Real","N/A","N/A"
"R688168","R-20-3160-678F-0001","CHESMAR HOMES LLC","3600 W PARMER LN STE 160 AUSTIN, TX 78727-4124","HAZY HOLLOW DR, GEORGETOWN, TX  78628","S13971 - CRESCENT BLUFF WEST SEC 6, 7 & 8, BLOCK F, Lot 1, ACRES 0.213","G226417C"," ","S13971 - CRESCENT BLUFF WEST SEC 6, 7 & 8","Real","N/A","N/A"
"R688169","R-20-3160-678F-0002","CHESMAR HOMES LLC","3600 W PARMER LN STE 160 AUSTIN, TX 78727-4124","HAZY HOLLOW DR, GEORGETOWN, TX  78628","S13971 - CRESCENT BLUFF WEST SEC 6, 7 & 8, BLOCK F, Lot 2, ACRES 0.213","G226417C"," ","S13971 - CRESCENT BLUFF WEST SEC 6, 7 & 8","Real","N/A","N/A"
"R688170","R-20-3160-678F-0003","CHESMAR HOMES LLC","3600 W PARMER LN STE 160 AUSTIN, TX 78727-4124","HAZY HOLLOW DR, GEORGETOWN, TX  78628","S13971 - CRESCENT BLUFF WEST SEC 6, 7 & 8, BLOCK F, Lot 3, ACRES 0.159","G226417C"," ","S13971 - CRESCENT BLUFF WEST SEC 6, 7 & 8","Real","N/A","N/A"
"R688173","R-20-3160-678F-0006","CHESMAR HOMES LLC","3600 W PARMER LN STE 160 AUSTIN, TX 78727-4124","HAZY HOLLOW DR, GEORGETOWN, TX  78628","S13971 - CRESCENT BLUFF WEST SEC 6, 7 & 8, BLOCK F, Lot 6, ACRES 0.175","G226417C"," ","S13971 - CRESCENT BLUFF WEST SEC 6, 7 & 8","Real","N/A","N/A"
"R688174","R-20-3160-678F-0007","CHESMAR HOMES LLC","3600 W PARMER LN STE 160 AUSTIN, TX 78727-4124","HAZY HOLLOW DR, GEORGETOWN, TX  78628","S13971 - CRESCENT BLUFF WEST SEC 6, 7 & 8, BLOCK F, Lot 7, ACRES 0.181","G226417C"," ","S13971 - CRESCENT BLUFF WEST SEC 6, 7 & 8","Real","N/A","N/A"
"R688176","R-20-3160-678F-0009","CHESMAR HOMES LLC","3600 W PARMER LN STE 160 AUSTIN, TX 78727-4124","HAZY HOLLOW DR, GEORGETOWN, TX  78628","S13971 - CRESCENT BLUFF WEST SEC 6, 7 & 8, BLOCK F, Lot 9, ACRES 0.163","G226417C"," ","S13971 - CRESCENT BLUFF WEST SEC 6, 7 & 8","Real","N/A","N/A"
"R688178","R-20-3160-678F-0011","CHESMAR HOMES LLC","3600 W PARMER LN STE 160 AUSTIN, TX 78727-4124","HAZY HOLLOW DR, GEORGETOWN, TX  78628","S13971 - CRESCENT BLUFF WEST SEC 6, 7 & 8, BLOCK F, Lot 11, ACRES 0.279","G226417C"," ","S13971 - CRESCENT BLUFF WEST SEC 6, 7 & 8","Real","N/A","N/A"
"R688180","R-20-3160-678G-0013","CHESMAR HOMES LLC","3600 W PARMER LN STE 160 AUSTIN, TX 78727-4124","RIVER BANK LN, GEORGETOWN, TX  78628","S13971 - CRESCENT BLUFF WEST SEC 6, 7 & 8, BLOCK G, Lot 13, ACRES 0.249","G226417C"," ","S13971 - CRESCENT BLUFF WEST SEC 6, 7 & 8","Real","N/A","N/A"
"R688182","R-20-3160-678G-0015","CHESMAR HOMES LLC","3600 W PARMER LN STE 160 AUSTIN, TX 78727-4124","RIVER BANK LN, GEORGETOWN, TX  78628","S13971 - CRESCENT BLUFF WEST SEC 6, 7 & 8, BLOCK G, Lot 15, ACRES 0.274","G226417C"," ","S13971 - CRESCENT BLUFF WEST SEC 6, 7 & 8","Real","N/A","N/A"
"R688189","R-20-3160-678G-0022","CHESMAR HOMES LLC","3600 W PARMER LN STE 160 AUSTIN, TX 78727-4124","RIVER BANK LN, GEORGETOWN, TX  78628","S13971 - CRESCENT BLUFF WEST SEC 6, 7 & 8, BLOCK G, Lot 22, ACRES 0.246, (OPEN SPACE)","G226417C"," ","S13971 - CRESCENT BLUFF WEST SEC 6, 7 & 8","Real","N/A","N/A"
"R688190","R-20-3160-678G-0023","CHESMAR HOMES LLC","3600 W PARMER LN STE 160 AUSTIN, TX 78727-4124","RIVER BANK LN, GEORGETOWN, TX  78628","S13971 - CRESCENT BLUFF WEST SEC 6, 7 & 8, BLOCK G, Lot 23, ACRES 0.374","G226417C"," ","S13971 - CRESCENT BLUFF WEST SEC 6, 7 & 8","Real","N/A","N/A"
"R688193","R-20-3160-678I-0003","CHESMAR HOMES LLC","3600 W PARMER LN STE 160 AUSTIN, TX 78727-4124","STEELE SUMMIT RD, GEORGETOWN, TX  78628","S13971 - CRESCENT BLUFF WEST SEC 6, 7 & 8, BLOCK I, Lot 3, ACRES 0.199","G226417C"," ","S13971 - CRESCENT BLUFF WEST SEC 6, 7 & 8","Real","N/A","N/A"
"R688195","R-20-3160-678I-0005","CHESMAR HOMES LLC","3600 W PARMER LN STE 160 AUSTIN, TX 78727-4124","STEELE SUMMIT RD, GEORGETOWN, TX  78628","S13971 - CRESCENT BLUFF WEST SEC 6, 7 & 8, BLOCK I, Lot 5, ACRES 0.172","G226417C"," ","S13971 - CRESCENT BLUFF WEST SEC 6, 7 & 8","Real","N/A","N/A"
"R688198","R-20-3160-678I-0008","CHESMAR HOMES LLC","3600 W PARMER LN STE 160 AUSTIN, TX 78727-4124","STEELE SUMMIT RD, GEORGETOWN, TX  78628","S13971 - CRESCENT BLUFF WEST SEC 6, 7 & 8, BLOCK I, Lot 8, ACRES 0.172","G226417C"," ","S13971 - CRESCENT BLUFF WEST SEC 6, 7 & 8","Real","N/A","N/A"
"R688201","R-20-3160-678I-0011","CHESMAR HOMES LLC","3600 W PARMER LN STE 160 AUSTIN, TX 78727-4124","STEELE SUMMIT RD, GEORGETOWN, TX  78628","S13971 - CRESCENT BLUFF WEST SEC 6, 7 & 8, BLOCK I, Lot 11, ACRES 0.172","G226417C"," ","S13971 - CRESCENT BLUFF WEST SEC 6, 7 & 8","Real","N/A","N/A"
"R688202","R-20-3160-678I-0012","CHESMAR HOMES LLC","3600 W PARMER LN STE 160 AUSTIN, TX 78727-4124","STEELE SUMMIT RD, GEORGETOWN, TX  78628","S13971 - CRESCENT BLUFF WEST SEC 6, 7 & 8, BLOCK I, Lot 12, ACRES 0.172","G226417C"," ","S13971 - CRESCENT BLUFF WEST SEC 6, 7 & 8","Real","N/A","N/A"
"R688207","R-20-3160-678J-0002","CHESMAR HOMES LLC","3600 W PARMER LN STE 160 AUSTIN, TX 78727-4124","CLASSIC OAKS LN, GEORGETOWN, TX  78628","S13971 - CRESCENT BLUFF WEST SEC 6, 7 & 8, BLOCK J, Lot 2, ACRES 0.225","G226417C"," ","S13971 - CRESCENT BLUFF WEST SEC 6, 7 & 8","Real","N/A","N/A"
"R688208","R-20-3160-678J-0003","CHESMAR HOMES LLC","3600 W PARMER LN STE 160 AUSTIN, TX 78727-4124","ENDLESS SCENE DR, GEORGETOWN, TX  78628","S13971 - CRESCENT BLUFF WEST SEC 6, 7 & 8, BLOCK J, Lot 3, ACRES 0.204","G226417C"," ","S13971 - CRESCENT BLUFF WEST SEC 6, 7 & 8","Real","N/A","N/A"
"R688209","R-20-3160-678J-0004","CHESMAR HOMES LLC","3600 W PARMER LN STE 160 AUSTIN, TX 78727-4124","CLASSIC OAKS LN, GEORGETOWN, TX  78628","S13971 - CRESCENT BLUFF WEST SEC 6, 7 & 8, BLOCK J, Lot 4, ACRES 0.203","G226417C"," ","S13971 - CRESCENT BLUFF WEST SEC 6, 7 & 8","Real","N/A","N/A"
"R556445","R-20-3160-010A-0010","CARTER, ROBERT S & SHANNON P","2005 S ASH CV  HUTTO, TX 78634","113 SAN VIEW DR, GEORGETOWN, TX  78628","S11376 - CRESCENT BLUFF SEC 1, BLOCK A, Lot 10","G226417C"," ","S11376 - CRESCENT BLUFF SEC 1","Real","N/A","N/A"
"R556459","R-20-3160-010A-0024","VILLARREAL, MEGAN ALLINE & JOSE XAVIER","625 SCENIC BLUFF DR  GEORGETOWN, TX 78628","625 SCENIC BLUFF DR, GEORGETOWN, TX  78628","S11376 - CRESCENT BLUFF SEC 1, BLOCK A, Lot 24","G226417C"," ","S11376 - CRESCENT BLUFF SEC 1","Real","N/A","N/A"
"R556466","R-20-3160-010A-0031","CUSEO JOSEPH (LE) & JULIE CUSEO (LE)","565 SCENIC BLUFF DR  GEORGETOWN, TX 78628","565 SCENIC BLUFF DR, GEORGETOWN, TX  78628","S11376 - CRESCENT BLUFF SEC 1, BLOCK A, Lot 31","G226417C"," ","S11376 - CRESCENT BLUFF SEC 1","Real","N/A","N/A"
"R556484","R-20-3160-010B-0001","CRESCENT BLUFF PROPERTY OWNERS ASSOCIATION INC","300 E SONTERRA BLVD  #STE 250 SAN ANTONIO, TX 78258","2111 HORIZON VIEW DR, GEORGETOWN, TX  78628","S11376 - CRESCENT BLUFF SEC 1, BLOCK B, Lot 1, ACRES 0.161, (OPEN SPACE)","G226417C"," ","S11376 - CRESCENT BLUFF SEC 1","Real","N/A","N/A"
"R556509","R-20-3160-010T-0007","Unknown","Unknown","400 PINNACLE VIEW DR, GEORGETOWN, TX  78628","S11376 - CRESCENT BLUFF SEC 1, BLOCK T, Lot 7","G226417C"," ","S11376 - CRESCENT BLUFF SEC 1","Real","N/A","N/A"
"R556516","R-20-3160-010T-0014","GREEN, BENNIE JR & MARTHA","125 CRESCENT HEIGHTS DR  GEORGETOWN, TX 78628","125 CRESCENT HEIGHTS DR, GEORGETOWN, TX  78628","S11376 - CRESCENT BLUFF SEC 1, BLOCK T, Lot 14","G226417C"," ","S11376 - CRESCENT BLUFF SEC 1","Real","N/A","N/A"
"R556527","R-20-3160-010T-0025","WILLIAMSON COUNTY MUD #30","102 N RAILROAD AVE  PFLUGERVILLE, TX 78660","205 CRESCENT HEIGHTS DR, GEORGETOWN, TX  78628","S11376 - CRESCENT BLUFF SEC 1, BLOCK T, Lot 25, ACRES 1.562, (DRAINAGE EASEMENT)","G226417C"," ","S11376 - CRESCENT BLUFF SEC 1","Real","N/A","N/A"
"R556545","R-20-3160-010V-0001","CRESCENT BLUFF PROPERTY OWNERS ASSOCIATION INC","300 E SONTERRA BLVD  #STE 250 SAN ANTONIO, TX 78258","HORIZON VIEW DR, GEORGETOWN, TX  78628","S11376 - CRESCENT BLUFF SEC 1, BLOCK V, Lot 1, ACRES 0.029, (OPEN SPACE)","G226417C"," ","S11376 - CRESCENT BLUFF SEC 1","Real","N/A","N/A"
"R556548","R-20-3160-010V-0004","ERIC FRASER CORP & DONNA MARIE CORP TRS OF THE CORP FAMILY TRUST","1209 HORIZON VIEW DR  GEORGETOWN, TX 78628-2156","1209 HORIZON VIEW DR, GEORGETOWN, TX  78628","S11376 - CRESCENT BLUFF SEC 1, BLOCK V, Lot 4","G226417C"," ","S11376 - CRESCENT BLUFF SEC 1","Real","N/A","N/A"
"R591762","R-20-3160-023F-0017","CYNTHIA S GAUTSCHY TRUSTEE OF THE GAUTSCHY FAMILY LIVING TRUST","113 SCENIC HILLS CIR  GEORGETOWN, TX 78628","113 SCENIC HILLS CIR, GEORGETOWN, TX  78628","S12219 - CRESCENT BLUFF SEC 2 & 3, BLOCK F, Lot 17","G226417C"," ","S12219 - CRESCENT BLUFF SEC 2 & 3","Real","N/A","N/A"
"R591763","R-20-3160-023F-0018","SUTLIFFE, JODY VICTORIA","109 SCENIC HILLS CIR  GEORGETOWN, TX 78628","109 SCENIC HILLS CIR, GEORGETOWN, TX  78628","S12219 - CRESCENT BLUFF SEC 2 & 3, BLOCK F, Lot 18","G226417C"," ","S12219 - CRESCENT BLUFF SEC 2 & 3","Real","N/A","N/A"
"R591794","R-20-3160-023X-0004","OGBAA, CLARA","725 PINNACLE VIEW DR  GEORGETOWN, TX 78628-2573","725 PINNACLE VIEW DR, GEORGETOWN, TX  78628","S12219 - CRESCENT BLUFF SEC 2 & 3, BLOCK X, Lot 4","G226417C"," ","S12219 - CRESCENT BLUFF SEC 2 & 3","Real","N/A","N/A"
"R591812","R-20-3160-023X-0022","CRESCENT BLUFF PROPERTY OWNERS ASSOCIATION INC","300 E SONTERRA BLVD  #STE 250 SAN ANTONIO, TX 78258","1103 PINNACLE VIEW DR, GEORGETOWN, TX  78628","S12219 - CRESCENT BLUFF SEC 2 & 3, BLOCK X, Lot 22, ACRES 0.21, (OPEN SPACE)","G226417C"," ","S12219 - CRESCENT BLUFF SEC 2 & 3","Real","N/A","N/A"
"R591813","R-20-3160-023Y-0001","CRESCENT BLUFF PROPERTY OWNERS ASSOCIATION INC","300 E SONTERRA BLVD  #STE 250 SAN ANTONIO, TX 78258","2505 PINNACLE VIEW DR, GEORGETOWN, TX  78628","S12219 - CRESCENT BLUFF SEC 2 & 3, BLOCK Y, Lot 1, ACRES 0.051, (OPEN SPACE)","G226417C"," ","S12219 - CRESCENT BLUFF SEC 2 & 3","Real","N/A","N/A"
"R625929","R-20-3160-04BX-0023","MCCALL, TRALAENA & DEMETRIUS MILAS","100 ESTATE HILLS DR  GEORGETOWN, TX 78628-3956","100 ESTATE HILLS DR, GEORGETOWN, TX  78628","S12896 - CRESCENT BLUFF SEC 4B, BLOCK X, Lot 23","G226417C"," ","S12896 - CRESCENT BLUFF SEC 4B","Real","N/A","N/A"
"R625930","R-20-3160-04BX-0024","SHAH, SANKET KANAKKUMAR & NANCY BASIL CATHOLIC","104 ESTATE HILLS DR  GEORGETOWN, TX 78628-3956","104 ESTATE HILLS DR, GEORGETOWN, TX  78628","S12896 - CRESCENT BLUFF SEC 4B, BLOCK X, Lot 24","G226417C"," ","S12896 - CRESCENT BLUFF SEC 4B","Real","N/A","N/A"
"R625948","R-20-3160-04BX-0042","KOLLI, SURYA & SHREYA GOLLA","508 CRESCENT HEIGHTS DR  GEORGETOWN, TX 78628-3953","508 CRESCENT HEIGHTS DR, GEORGETOWN, TX  78628","S12896 - CRESCENT BLUFF SEC 4B, BLOCK X, Lot 42","G226417C"," ","S12896 - CRESCENT BLUFF SEC 4B","Real","N/A","N/A"
"R633479","R-20-3160-050K-0023","PULTE HOMES OF TEXAS LP","11001 LAKELINE BLVD BLDG 1, SUITE 300 AUSTIN, TX 78717","605 RIDGE POINT DR, GEORGETOWN, TX  78628","S13020 - CRESCENT BLUFF SEC 5, BLOCK K, Lot 23, ACRES 0.172","G226417C"," ","S13020 - CRESCENT BLUFF SEC 5","Real","N/A","N/A"
"R633482","R-20-3160-050K-0026","PULTE HOMES OF TEXAS LP","11001 LAKELINE BLVD BLDG 1, SUITE 300 AUSTIN, TX 78717","617 RIDGE POINT DR, GEORGETOWN, TX  78628","S13020 - CRESCENT BLUFF SEC 5, BLOCK K, Lot 26, ACRES 0.182","G226417C"," ","S13020 - CRESCENT BLUFF SEC 5","Real","N/A","N/A"
"R633496","R-20-3160-050L-0010","NGUYEN, LIEU T & TRI MINH","11280 BRISTOLWOOD DR  SAINT LOUIS, MO 63126-3205","132 ELM VIEW DR, GEORGETOWN, TX  78628","S13020 - CRESCENT BLUFF SEC 5, BLOCK L, Lot 10, ACRES 0.188","G226417C"," ","S13020 - CRESCENT BLUFF SEC 5","Real","N/A","N/A"
"R633514","R-20-3160-050S-0013","PULTE HOMES OF TEXAS LP","11001 LAKELINE BLVD BLDG 1, SUITE 300 AUSTIN, TX 78717","129 SERENITY HILLS DR, GEORGETOWN, TX  78628","S13020 - CRESCENT BLUFF SEC 5, BLOCK S, Lot 13, ACRES 0.181","G226417C"," ","S13020 - CRESCENT BLUFF SEC 5","Real","N/A","N/A"
"R633515","R-20-3160-050S-0014","PULTE HOMES OF TEXAS LP","11001 LAKELINE BLVD BLDG 1, SUITE 300 AUSTIN, TX 78717","SERENITY HILLS DR, GEORGETOWN, TX  78628","S13020 - CRESCENT BLUFF SEC 5, BLOCK S, Lot 14, ACRES 0.174","G226417C"," ","S13020 - CRESCENT BLUFF SEC 5","Real","N/A","N/A"
"R633525","R-20-3160-050S-0024","PULTE HOMES OF TEXAS LP","11001 LAKELINE BLVD BLDG 1, SUITE 300 AUSTIN, TX 78717","233 SERENITY HILLS DR, GEORGETOWN, TX  78628","S13020 - CRESCENT BLUFF SEC 5, BLOCK S, Lot 24, ACRES 0.188","G226417C"," ","S13020 - CRESCENT BLUFF SEC 5","Real","N/A","N/A"
"R688065","R-20-3160-678A-0005","CHESMAR HOMES LLC","3600 W PARMER LN STE 160 AUSTIN, TX 78727-4124","PLUM VALLEY WAY, GEORGETOWN, TX  78628","S13971 - CRESCENT BLUFF WEST SEC 6, 7 & 8, BLOCK A, Lot 5, ACRES 0.238","G226417C"," ","S13971 - CRESCENT BLUFF WEST SEC 6, 7 & 8","Real","N/A","N/A"
"R688080","R-20-3160-678B-0008","CHESMAR HOMES LLC","3600 W PARMER LN STE 160 AUSTIN, TX 78727-4124","RIVER BANK LN, GEORGETOWN, TX  78628","S13971 - CRESCENT BLUFF WEST SEC 6, 7 & 8, BLOCK B, Lot 8, ACRES 0.262","G226417C"," ","S13971 - CRESCENT BLUFF WEST SEC 6, 7 & 8","Real","N/A","N/A"
"R688097","R-20-3160-678C-0016","CHESMAR HOMES LLC","3600 W PARMER LN STE 160 AUSTIN, TX 78727-4124","RIVER BANK LN, GEORGETOWN, TX  78628","S13971 - CRESCENT BLUFF WEST SEC 6, 7 & 8, BLOCK C, Lot 16, ACRES 0.304","G226417C"," ","S13971 - CRESCENT BLUFF WEST SEC 6, 7 & 8","Real","N/A","N/A"
"R688112","R-20-3160-678C-0031","CHESMAR HOMES LLC","3600 W PARMER LN STE 160 AUSTIN, TX 78727-4124","CLASSIC OAKS LN, GEORGETOWN, TX  78628","S13971 - CRESCENT BLUFF WEST SEC 6, 7 & 8, BLOCK C, Lot 31, ACRES 0.179","G226417C"," ","S13971 - CRESCENT BLUFF WEST SEC 6, 7 & 8","Real","N/A","N/A"
"R688133","R-20-3160-678D-0006","CHESMAR HOMES LLC","3600 W PARMER LN STE 160 AUSTIN, TX 78727-4124","CLIFF VIEW DR, GEORGETOWN, TX  78628","S13971 - CRESCENT BLUFF WEST SEC 6, 7 & 8, BLOCK D, Lot 6, ACRES 0.167","G226417C"," ","S13971 - CRESCENT BLUFF WEST SEC 6, 7 & 8","Real","N/A","N/A"
"R688151","R-20-3160-678E-0007","CHESMAR HOMES LLC","3600 W PARMER LN STE 160 AUSTIN, TX 78727-4124","CLIFF VIEW DR, GEORGETOWN, TX  78628","S13971 - CRESCENT BLUFF WEST SEC 6, 7 & 8, BLOCK E, Lot 7, ACRES 0.312","G226417C"," ","S13971 - CRESCENT BLUFF WEST SEC 6, 7 & 8","Real","N/A","N/A"
"R688162","R-20-3160-678E-0018","CHESMAR HOMES LLC","3600 W PARMER LN STE 160 AUSTIN, TX 78727-4124","ENDLESS SCENE DR, GEORGETOWN, TX  78628","S13971 - CRESCENT BLUFF WEST SEC 6, 7 & 8, BLOCK E, Lot 18, ACRES 0.346","G226417C"," ","S13971 - CRESCENT BLUFF WEST SEC 6, 7 & 8","Real","N/A","N/A"
"R688165","R-20-3160-678E-0021","CHESMAR HOMES LLC","3600 W PARMER LN STE 160 AUSTIN, TX 78727-4124","ENDLESS SCENE DR, GEORGETOWN, TX  78628","S13971 - CRESCENT BLUFF WEST SEC 6, 7 & 8, BLOCK E, Lot 21, ACRES 0.176","G226417C"," ","S13971 - CRESCENT BLUFF WEST SEC 6, 7 & 8","Real","N/A","N/A"
"R688166","R-20-3160-678E-0022","CHESMAR HOMES LLC","3600 W PARMER LN STE 160 AUSTIN, TX 78727-4124","ENDLESS SCENE DR, GEORGETOWN, TX  78628","S13971 - CRESCENT BLUFF WEST SEC 6, 7 & 8, BLOCK E, Lot 22, ACRES 0.16","G226417C"," ","S13971 - CRESCENT BLUFF WEST SEC 6, 7 & 8","Real","N/A","N/A"
"R688183","R-20-3160-678G-0016","CHESMAR HOMES LLC","3600 W PARMER LN STE 160 AUSTIN, TX 78727-4124","RIVER BANK LN, GEORGETOWN, TX  78628","S13971 - CRESCENT BLUFF WEST SEC 6, 7 & 8, BLOCK G, Lot 16, ACRES 0.276","G226417C"," ","S13971 - CRESCENT BLUFF WEST SEC 6, 7 & 8","Real","N/A","N/A"
"R688187","R-20-3160-678G-0020","CHESMAR HOMES LLC","3600 W PARMER LN STE 160 AUSTIN, TX 78727-4124","RIVER BANK LN, GEORGETOWN, TX  78628","S13971 - CRESCENT BLUFF WEST SEC 6, 7 & 8, BLOCK G, Lot 20, ACRES 0.361","G226417C"," ","S13971 - CRESCENT BLUFF WEST SEC 6, 7 & 8","Real","N/A","N/A"
"R688194","R-20-3160-678I-0004","CHESMAR HOMES LLC","3600 W PARMER LN STE 160 AUSTIN, TX 78727-4124","STEELE SUMMIT RD, GEORGETOWN, TX  78628","S13971 - CRESCENT BLUFF WEST SEC 6, 7 & 8, BLOCK I, Lot 4, ACRES 0.176","G226417C"," ","S13971 - CRESCENT BLUFF WEST SEC 6, 7 & 8","Real","N/A","N/A"
"R688197","R-20-3160-678I-0007","CHESMAR HOMES LLC","3600 W PARMER LN STE 160 AUSTIN, TX 78727-4124","STEELE SUMMIT RD, GEORGETOWN, TX  78628","S13971 - CRESCENT BLUFF WEST SEC 6, 7 & 8, BLOCK I, Lot 7, ACRES 0.172","G226417C"," ","S13971 - CRESCENT BLUFF WEST SEC 6, 7 & 8","Real","N/A","N/A"
