"PROPERTY ID","ACCOUNT","OWNER NAME","OWNER ADDRESS","SITUS ADDRESS","LEGAL DESCRIPTION","NEIGHBORHOOD CODE","ABSTRACT","SUBDIVISION","PROPERTY TYPE","2026 ASSESSED VALUE","2026 MARKET VALUE"
"R337602","R-16-3658-000A-0005","LAM MICHELLE & MICHAEL","9917 MATEO CV AUSTIN, TX 78717-4517","9917 MATEO CV, AUSTIN, TX  78717","S5835 - Davis Spring Sec 3-a, BLOCK A, Lot 5","R203597D"," ","S5835 - Davis Spring Sec 3-a","Real","$689,789","$689,789"
"R337617","R-16-3658-000A-0016","JUAREZ, MIGUEL A","10009 MIRAGE CV AUSTIN, TX 78717-4516","10009 MIRAGE CV, AUSTIN, TX  78717","S5835 - Davis Spring Sec 3-a, BLOCK A, Lot 16","R203597D"," ","S5835 - Davis Spring Sec 3-a","Real","$558,060","$558,060"
"R337675","R-16-3658-000B-0002","BERRY, WAYNE & BEVERLY","10004 MAJORCA DR AUSTIN, TX 78717-4510","10004 MAJORCA DR, AUSTIN, TX  78717","S5835 - Davis Spring Sec 3-a, BLOCK B, Lot 2","R203597D"," ","S5835 - Davis Spring Sec 3-a","Real","$568,868","$568,868"
"R337710","R-16-3659-000C-0006","LIN, YI MIN & LI HSIN CHEN","2883 VARDEN AVE  SAN JOSE, CA 95124","9904 MARIAH CV, AUSTIN, TX  78717","S5837 - Davis Spring Sec 5-a, BLOCK C, Lot 6","R203597D"," ","S5837 - Davis Spring Sec 5-a","Real","$608,380","$608,380"
"R337727","R-16-3659-000D-0008","PLOG, ROBERT & EMILY YOSHIMURA","14917 CALAVERAS DR  AUSTIN, TX 78717","14917 CALAVERAS DR, AUSTIN, TX  78717","S5837 - Davis Spring Sec 5-a, BLOCK D, Lot 8","R203597D"," ","S5837 - Davis Spring Sec 5-a","Real","$693,468","$693,468"
"R337729","R-16-3659-000D-0016","PANKRATZ, AMELIA STONE & ROBERT","14932 THATCHER DR  AUSTIN, TX 78717-4523","14932 THATCHER DR, AUSTIN, TX  78717","S5837 - Davis Spring Sec 5-a, BLOCK D, Lot 16","R203597D"," ","S5837 - Davis Spring Sec 5-a","Real","$617,799","$617,799"
"R337731","R-16-3659-000D-0018","RAMAMALLIKARJUNARAO CHINTAKUNTA & NAGAVALLIKEEERTHANA RAVULURI CO-TRUSTEES OF","14924 THATCHER DR  AUSTIN, TX 78717","14924 THATCHER DR, AUSTIN, TX  78717","S5837 - Davis Spring Sec 5-a, BLOCK D, Lot 18","R203597D"," ","S5837 - Davis Spring Sec 5-a","Real","$715,184","$715,184"
"R359437","R-16-3669-000A-0012","HIGGINS JOHN D & MELISSA T LUONG","14704 OLIVE HILL DR  AUSTIN, TX 78717","14704 OLIVE HILL DR, AUSTIN, TX  78717","S6401 - Davis Spring Sec 6-a, BLOCK A, Lot 12","R203597D"," ","S6401 - Davis Spring Sec 6-a","Real","$706,735","$706,735"
"R359452","R-16-3669-000B-0013","KAPUSINSKI ROBERT & ANN E","14716 IRONDALE DR AUSTIN, TX 78717-4587","14716 IRONDALE DR, AUSTIN, TX  78717","S6401 - Davis Spring Sec 6-a, BLOCK B, Lot 13","R203597D"," ","S6401 - Davis Spring Sec 6-a","Real","$638,965","$638,965"
"R337607","R-16-3658-000A-0008","ARYA, LAKSHAY & AAKANKSHA PINCHA","9920 MATEO CV  AUSTIN, TX 78717","9920 MATEO CV, AUSTIN, TX  78717","S5835 - Davis Spring Sec 3-a, BLOCK A, Lot 8","R203597D"," ","S5835 - Davis Spring Sec 3-a","Real","$744,868","$744,868"
"R337612","R-16-3658-000A-0012","DOYLE, BRANDI","9904 MATEO CV  AUSTIN, TX 78717","9904 MATEO CV, AUSTIN, TX  78717","S5835 - Davis Spring Sec 3-a, BLOCK A, Lot 12","R203597D"," ","S5835 - Davis Spring Sec 3-a","Real","$560,066","$560,066"
"R337642","R-16-3658-000A-0038","KEE, JOHN S","10113 MAJORCA DR  AUSTIN, TX 78717","10113 MAJORCA DR, AUSTIN, TX  78717","S5835 - Davis Spring Sec 3-a, BLOCK A, Lot 38","R203597D"," ","S5835 - Davis Spring Sec 3-a","Real","$668,265","$668,265"
"R337653","R-16-3658-000A-0049","DIETZ TIMOTHY A & JUDY","10004 VALONA DR AUSTIN, TX 78717-4506","10004 VALONA DR, AUSTIN, TX  78717","S5835 - Davis Spring Sec 3-a, BLOCK A, Lot 49","R203597D"," ","S5835 - Davis Spring Sec 3-a","Real","$551,085","$551,085"
"R337686","R-16-3658-000B-0012","HOLMAN, KURT D & DEBORAH L","10005 VALONA DR  AUSTIN, TX 78717-4508","10005 VALONA DR, AUSTIN, TX  78717","S5835 - Davis Spring Sec 3-a, BLOCK B, Lot 12","R203597D"," ","S5835 - Davis Spring Sec 3-a","Real","$561,312","$561,312"
"R359703","R-16-3668-000H-0034","SUREKA, SUSHIL & BANDANA","10216 CASSANDRA DR  AUSTIN, TX 78717","10216 CASSANDRA DR, AUSTIN, TX  78717","S6259 - Davis Spring Sec 3-b, BLOCK H, Lot 34","R203597D"," ","S6259 - Davis Spring Sec 3-b","Real","$606,831","$606,831"
"R370519","R-16-3671-000A-0028","OSAMA GALAL ABDELSADEK MOHAMED & HADEER ABDELNASSER","9439 ALTONA WAY  AUSTIN, TX 78717-4594","9439 ALTONA WAY, AUSTIN, TX  78717","S6649 - Davis Spring Sec 6-b, BLOCK A, Lot 28","R203597D"," ","S6649 - Davis Spring Sec 6-b","Real","$746,401","$746,401"
"R390020","R-16-3733-000L-0013","BHATIA, MRIGANK & PANKTI MRIGANK BHATIA","15049 CALAVERAS DR  AUSTIN, TX 78717","15049 CALAVERAS DR, AUSTIN, TX  78717","S7399 - Davis Spring Sec 3-d Amended, BLOCK L, Lot 13","R203597D"," ","S7399 - Davis Spring Sec 3-d Amended","Real","$629,156","$629,156"
"R390035","R-16-3733-000L-0028","WINTON, MICHAEL S","15016 THATCHER DR  AUSTIN, TX 78717","15016 THATCHER DR, AUSTIN, TX  78717","S7399 - Davis Spring Sec 3-d Amended, BLOCK L, Lot 28","R203597D"," ","S7399 - Davis Spring Sec 3-d Amended","Real","$569,141","$569,141"
"R390069","R-16-3733-000R-0004","DE X NGUYEN & TRACY TRAN CO-TRS OF THE DE X NGUYEN & TRACY TRAN FAMILY LIVING TR","15200 CALAVERAS DR  AUSTIN, TX 78717-4635","15200 CALAVERAS DR, AUSTIN, TX  78717","S7399 - Davis Spring Sec 3-d Amended, BLOCK R, Lot 4","R203597D"," ","S7399 - Davis Spring Sec 3-d Amended","Real","$779,102","$779,102"
"R390103","R-16-3733-000T-0007","SHAH, AMIT S & NISHA A","15209 CALAVERAS DR  AUSTIN, TX 78717-4636","15209 CALAVERAS DR, AUSTIN, TX  78717","S7399 - Davis Spring Sec 3-d Amended, BLOCK T, Lot 7","R203597D"," ","S7399 - Davis Spring Sec 3-d Amended","Real","$790,171","$790,171"
"R392371","R-16-3733-000S-0011","MOHAN, SENTHIL KUMAR & LAVANYA VANI UDAYA SANKAR","15112 TERRA VERDE DR  AUSTIN, TX 78717","15112 TERRA VERDE DR, AUSTIN, TX  78717","S7399 - Davis Spring Sec 3-d Amended, BLOCK S, Lot 11","R203597D"," ","S7399 - Davis Spring Sec 3-d Amended","Real","$752,004","$752,004"
"R337624","R-16-3658-000A-0021","KODITUWAKKU, CHAMATH","10026 MIRAGE CV  AUSTIN, TX 78717-4516","10026 MIRAGE CV, AUSTIN, TX  78717","S5835 - Davis Spring Sec 3-a, BLOCK A, Lot 21","R203597D"," ","S5835 - Davis Spring Sec 3-a","Real","$551,130","$551,130"
"R337627","R-16-3658-000A-0024","SPERBER, HEATH","5714 STANDING ROCK DR AUSTIN, TX 78730-2859","10014 MIRAGE CV, AUSTIN, TX  78717","S5835 - Davis Spring Sec 3-a, BLOCK A, Lot 24","R203597D"," ","S5835 - Davis Spring Sec 3-a","Real","$450,000","$450,000"
"R337662","R-16-3658-000A-0058","CICHOCKI, ANDRZEJ & QING JIA","10407 CHARETTE CV AUSTIN, TX 78759-6172","10029 LACHLAN DR, AUSTIN, TX  78717","S5835 - Davis Spring Sec 3-a, BLOCK A, Lot 58","R203597D"," ","S5835 - Davis Spring Sec 3-a","Real","$508,847","$508,847"
"R337668","R-16-3658-000A-0062","VEENIS, JEFFREY C & KIMBERLY M","10045 LACHLAN DR  AUSTIN, TX 78717-4504","10045 LACHLAN DR, AUSTIN, TX  78717","S5835 - Davis Spring Sec 3-a, BLOCK A, Lot 62","R203597D"," ","S5835 - Davis Spring Sec 3-a","Real","$642,328","$642,328"
"R337715","R-16-3659-000C-0010","MEREDEITH, RONALD B & DENISE A","9915 MAJORCA DR AUSTIN, TX 78717-4512","9915 MAJORCA DR, AUSTIN, TX  78717","S5837 - Davis Spring Sec 5-a, BLOCK C, Lot 10","R203597D"," ","S5837 - Davis Spring Sec 5-a","Real","$550,197","$550,197"
"R337718","R-16-3659-000C-0012","GAINES, MICHAEL P","9907 MAJORCA DR AUSTIN, TX 78717-4512","9907 MAJORCA DR, AUSTIN, TX  78717","S5837 - Davis Spring Sec 5-a, BLOCK C, Lot 12","R203597D"," ","S5837 - Davis Spring Sec 5-a","Real","$558,577","$558,577"
"R337734","R-16-3659-000D-0020","RUIZ, SAMUEL & MARIA Y","14916 THATCHER DR  AUSTIN, TX 78717","14916 THATCHER DR, AUSTIN, TX  78717","S5837 - Davis Spring Sec 5-a, BLOCK D, Lot 20","R203597D"," ","S5837 - Davis Spring Sec 5-a","Real","$570,237","$570,237"
"R337744","R-16-3659-000E-0008","CONTRERAS, CARLOS","15005 CORDERO DR  AUSTIN, TX 78717","15005 CORDERO DR, AUSTIN, TX  78717","S5837 - Davis Spring Sec 5-a, BLOCK E, Lot 8","R203597D"," ","S5837 - Davis Spring Sec 5-a","Real","$567,235","$567,235"
"R337749","R-16-3659-000E-0013","KIM, JANGWOO & EON KYUNG LEE","14941 CORDERO DR  AUSTIN, TX 78717","14941 CORDERO DR, AUSTIN, TX  78717","S5837 - Davis Spring Sec 5-a, BLOCK E, Lot 13","R203597D"," ","S5837 - Davis Spring Sec 5-a","Real","$538,089","$538,089"
"R337751","R-16-3659-000E-0015","COGWIN, JOHN M & VERONICA S","14933 CORDERO DR  AUSTIN, TX 78717","14933 CORDERO DR, AUSTIN, TX  78717","S5837 - Davis Spring Sec 5-a, BLOCK E, Lot 15","R203597D"," ","S5837 - Davis Spring Sec 5-a","Real","$707,651","$707,651"
"R337786","R-16-3659-000F-0017","REEVE, STEPHEN MICHAEL & TANA LYNN TRUSTEES OF REEVE TRUST","14808 CORDERO DR  AUSTIN, TX 78717-4532","14808 CORDERO DR, AUSTIN, TX  78717","S5837 - Davis Spring Sec 5-a, BLOCK F, Lot 17","R203597D"," ","S5837 - Davis Spring Sec 5-a","Real","$574,818","$574,818"
"R337793","R-16-3659-000F-0024","HAUSE, MATTHEW & FRANCESCA","9807 NEPAL CV  AUSTIN, TX 78717","9807 NEPAL CV, AUSTIN, TX  78717","S5837 - Davis Spring Sec 5-a, BLOCK F, Lot 24","R203597D"," ","S5837 - Davis Spring Sec 5-a","Real","$717,432","$717,432"
"R359439","R-16-3669-000A-0013A","DAVIS SPRING PROPERTIES LTD","3215 STECK AVE STE 101 AUSTIN, TX 78757-8060","14620 OLIVE HILL DR, AUSTIN, TX  78717","S6401 - Davis Spring Sec 6-a, BLOCK A, Lot 13A, ACRES 1.14, (DETENTION POND)","R005LLLI"," ","S6401 - Davis Spring Sec 6-a","Real","$342","$342"
"R359441","R-16-3669-000B-0002","RANGEL, ARTURO & BETTY J ORTEGA","14741 OLIVE HILL DR  AUSTIN, TX 78717","14741 OLIVE HILL DR, AUSTIN, TX  78717","S6401 - Davis Spring Sec 6-a, BLOCK B, Lot 2","R203597D"," ","S6401 - Davis Spring Sec 6-a","Real","$602,226","$602,226"
"R359675","R-16-3668-000H-0006","CHEN, XIN & JIAHE JIN","14408 IVEANS WAY  AUSTIN, TX 78717","10209 ANDORA DR, AUSTIN, TX  78717","S6259 - Davis Spring Sec 3-b, BLOCK H, Lot 6","R203597D"," ","S6259 - Davis Spring Sec 3-b","Real","$558,939","$558,939"
"R359709","R-16-3668-000J-0055","NGUYEN, HOA TUYET THI & GIANG HOANG TRUONG","14918 GALENA DR  AUSTIN, TX 78717","14918 GALENA DR, AUSTIN, TX  78717","S6259 - Davis Spring Sec 3-b, BLOCK J, Lot 55","R203597D"," ","S6259 - Davis Spring Sec 3-b","Real","$582,971","$582,971"
"R370523","R-16-3671-000A-0032","ARTHUR, BRIAN M & LAUREN W and TERRY C & THOMAS G ARTHUR","9423 ALTONA WAY  AUSTIN, TX 78717","9423 ALTONA WAY, AUSTIN, TX  78717","S6649 - Davis Spring Sec 6-b, BLOCK A, Lot 32","R203597D"," ","S6649 - Davis Spring Sec 6-b","Real","$708,886","$708,886"
"R370527","R-16-3671-000A-0036","NOTH, MICHAEL A & MARY ELLEN","9409 ALTONA WAY AUSTIN, TX 78717-4594","9409 ALTONA WAY, AUSTIN, TX  78717","S6649 - Davis Spring Sec 6-b, BLOCK A, Lot 36","R203597D"," ","S6649 - Davis Spring Sec 6-b","Real","$763,103","$763,103"
"R378623","R-16-3732-000K-0011","KIM, YOUNGMIN","641 W WILLOW ST APT 135 CHICAGO, IL 60614-5172","15149 GALENA DR, AUSTIN, TX  78717","S6870 - Davis Spring Sec 3-c, BLOCK K, Lot 11","R203597D"," ","S6870 - Davis Spring Sec 3-c","Real","$566,800","$566,800"
"R390016","R-16-3733-000D-0014","SELVARAJ, DOMINIC & MANISHA","14940 THATCHER DR  AUSTIN, TX 78717","14940 THATCHER DR, AUSTIN, TX  78717","S7399 - Davis Spring Sec 3-d Amended, BLOCK D, Lot 14","R203597D"," ","S7399 - Davis Spring Sec 3-d Amended","Real","$759,914","$759,914"
"R390046","R-16-3733-000O-0007","NGUYEN, TUYET-HOA & SONNY HUYNH","15119 SAVANNAH HEIGHTS DR  AUSTIN, TX 78717","15119 SAVANNAH HEIGHTS DR, AUSTIN, TX  78717","S7399 - Davis Spring Sec 3-d Amended, BLOCK O, Lot 7","R203597D"," ","S7399 - Davis Spring Sec 3-d Amended","Real","$583,672","$583,672"
"R390048","R-16-3733-000O-0009","LOGIS, ELTEN & ERNI","16216 FINCASTLE DR  AUSTIN, TX 78717","15109 SAVANNAH HEIGHTS DR, AUSTIN, TX  78717","S7399 - Davis Spring Sec 3-d Amended, BLOCK O, Lot 9","R203597D"," ","S7399 - Davis Spring Sec 3-d Amended","Real","$681,864","$681,864"
"R390071","R-16-3733-000R-0006","SYAM MAHESH JULURI & MRIDULA JULURI TRS JULURI FAMILY REVOCABLE LIVING TRUST","15124 SAVANNAH HEIGHTS DR  AUSTIN, TX 78717-4633","15124 SAVANNAH HEIGHTS DR, AUSTIN, TX  78717","S7399 - Davis Spring Sec 3-d Amended, BLOCK R, Lot 6","R203597D"," ","S7399 - Davis Spring Sec 3-d Amended","Real","$647,772","$647,772"
"R390073","R-16-3733-000R-0008","DARNALL, LARRY A","15116 SAVANNAH HEIGHTS DR  AUSTIN, TX 78717","15116 SAVANNAH HEIGHTS DR, AUSTIN, TX  78717","S7399 - Davis Spring Sec 3-d Amended, BLOCK R, Lot 8","R203597D"," ","S7399 - Davis Spring Sec 3-d Amended","Real","$601,808","$601,808"
"R337639","R-16-3658-000A-0035","BORSELLINO, NATALIE & CHRISTOPHER THIEM","10101 MAJORCA DR  AUSTIN, TX 78717","10101 MAJORCA DR, AUSTIN, TX  78717","S5835 - Davis Spring Sec 3-a, BLOCK A, Lot 35","R203597D"," ","S5835 - Davis Spring Sec 3-a","Real","$596,354","$596,354"
"R337646","R-16-3658-000A-0042","SINGH, VIBHAV & VANSHIKA UPPAL","10032 VALONA DR  AUSTIN, TX 78717","10032 VALONA DR, AUSTIN, TX  78717","S5835 - Davis Spring Sec 3-a, BLOCK A, Lot 42","R203597D"," ","S5835 - Davis Spring Sec 3-a","Real","$577,783","$577,783"
"R337656","R-16-3658-000A-0052","MORRIS, SHANE","10005 LACHLAN DR  AUSTIN, TX 78717","10005 LACHLAN DR, AUSTIN, TX  78717","S5835 - Davis Spring Sec 3-a, BLOCK A, Lot 52","R203597D"," ","S5835 - Davis Spring Sec 3-a","Real","$576,049","$576,049"
"R337665","R-16-3658-000A-0060","MACDONALD, BRIAN J & CHERRY L","10037 LACHLAN DR  AUSTIN, TX 78717","10037 LACHLAN DR, AUSTIN, TX  78717","S5835 - Davis Spring Sec 3-a, BLOCK A, Lot 60","R203597D"," ","S5835 - Davis Spring Sec 3-a","Real","$604,943","$604,943"
"R337674","R-16-3658-000B-0001","LIEN, KIET QUOC","12100 TIMBER HEIGHTS DR  AUSTIN, TX 78754","10000 MAJORCA DR, AUSTIN, TX  78717","S5835 - Davis Spring Sec 3-a, BLOCK B, Lot 1","R203597D"," ","S5835 - Davis Spring Sec 3-a","Real","$536,546","$536,546"
"R337712","R-16-3659-000C-0007","COSENZA, DAVID & JENNIFER","14713 CALAVERAS DR  AUSTIN, TX 78717","14713 CALAVERAS DR, AUSTIN, TX  78717","S5837 - Davis Spring Sec 5-a, BLOCK C, Lot 7","R203597D"," ","S5837 - Davis Spring Sec 5-a","Real","$713,212","$713,212"
"R337728","R-16-3659-000D-0009","KALE, AJINKYA B & SHILPA A","14921 CALAVERAS DR  AUSTIN, TX 78717","14921 CALAVERAS DR, AUSTIN, TX  78717","S5837 - Davis Spring Sec 5-a, BLOCK D, Lot 9","R203597D"," ","S5837 - Davis Spring Sec 5-a","Real","$553,403","$553,403"
"R337730","R-16-3659-000D-0017","ATLAR CHARLES & HAMIDAH CHANG","10945 FOREST AVE S SEATTLE, WA 98178-3206","14928 THATCHER DR, AUSTIN, TX  78717","S5837 - Davis Spring Sec 5-a, BLOCK D, Lot 17","R203597D"," ","S5837 - Davis Spring Sec 5-a","Real","$673,043","$673,043"
"R337764","R-16-3659-000E-0026","ESPERSEN, RAYMOND & VERONICA","14821 CORDERO DR AUSTIN, TX 78717-4535","14821 CORDERO DR, AUSTIN, TX  78717","S5837 - Davis Spring Sec 5-a, BLOCK E, Lot 26","R203597D"," ","S5837 - Davis Spring Sec 5-a","Real","$551,961","$551,961"
"R337768","R-16-3659-000E-0030","MCGARRAUGH, TRAVIS EARL & LAURA ELIZABETH","14805 CORDERO DR  AUSTIN, TX 78717-4535","14805 CORDERO DR, AUSTIN, TX  78717","S5837 - Davis Spring Sec 5-a, BLOCK E, Lot 30","R203597D"," ","S5837 - Davis Spring Sec 5-a","Real","$564,137","$564,137"
"R337777","R-16-3659-000F-0008","BELLWOOD, THOMAS A","14924 CORDERO DR AUSTIN, TX 78717-4533","14924 CORDERO DR, AUSTIN, TX  78717","S5837 - Davis Spring Sec 5-a, BLOCK F, Lot 8","R203597D"," ","S5837 - Davis Spring Sec 5-a","Real","$774,857","$774,857"
"R337781","R-16-3659-000F-0012","WAGSTAFF, JUANITA GARCIA (TOD)","14908 CORDERO DR  AUSTIN, TX 78717","14908 CORDERO DR, AUSTIN, TX  78717","S5837 - Davis Spring Sec 5-a, BLOCK F, Lot 12","R203597D"," ","S5837 - Davis Spring Sec 5-a","Real","$593,590","$593,590"
"R337800","R-16-3659-000F-0031","RASTEGAR, CARLYN & SAHEL","14829 THATCHER DR  AUSTIN, TX 78717","14829 THATCHER DR, AUSTIN, TX  78717","S5837 - Davis Spring Sec 5-a, BLOCK F, Lot 31","R203597D"," ","S5837 - Davis Spring Sec 5-a","Real","$549,912","$549,912"
"R337804","R-16-3659-000F-0035","PHILLIPS, TERRY JOE & MARY LOUISE MICHALEWICZ","9805 FALLON CV  AUSTIN, TX 78717-4540","9805 FALLON CV, AUSTIN, TX  78717","S5837 - Davis Spring Sec 5-a, BLOCK F, Lot 35","R203597D"," ","S5837 - Davis Spring Sec 5-a","Real","$648,330","$648,330"
"R359430","R-16-3669-000A-0005","JACKS, JOHN D & JACQUELINE LEE HANEY","14732 OLIVE HILL DR AUSTIN, TX 78717-4573","14732 OLIVE HILL DR, AUSTIN, TX  78717","S6401 - Davis Spring Sec 6-a, BLOCK A, Lot 5","R203597D"," ","S6401 - Davis Spring Sec 6-a","Real","$698,821","$698,821"
"R359432","R-16-3669-000A-0007","RUTHERFORD, SHELLEY ANNE","14724 OLIVE HILL DR  AUSTIN, TX 78717-4573","14724 OLIVE HILL DR, AUSTIN, TX  78717","S6401 - Davis Spring Sec 6-a, BLOCK A, Lot 7","R203597D"," ","S6401 - Davis Spring Sec 6-a","Real","$708,495","$708,495"
"R359451","R-16-3669-000B-0012","VENTON, TODD A & AMANDA C","14710 IRONDALE DR  AUSTIN, TX 78717","14710 IRONDALE DR, AUSTIN, TX  78717","S6401 - Davis Spring Sec 6-a, BLOCK B, Lot 12","R203597D"," ","S6401 - Davis Spring Sec 6-a","Real","$700,485","$700,485"
"R359455","R-16-3669-000B-0016","WILLIAMS MICHAEL J & CAROL A","14728 IRONDALE DR AUSTIN, TX 78717-4587","14728 IRONDALE DR, AUSTIN, TX  78717","S6401 - Davis Spring Sec 6-a, BLOCK B, Lot 16","R203597D"," ","S6401 - Davis Spring Sec 6-a","Real","$778,404","$778,404"
"R359653","R-16-3668-000D-0012","MUNTAJIB, FARHAT","14933 CALAVERAS DR AUSTIN, TX 78717-4574","14933 CALAVERAS DR, AUSTIN, TX  78717","S6259 - Davis Spring Sec 3-b, BLOCK D, Lot 12","R203597D"," ","S6259 - Davis Spring Sec 3-b","Real","$562,375","$562,375"
"R359666","R-16-3668-000G-0013","MACEWAN, JACK L & ANN T O'MAHONY TRUSTEES UNDER THE FUZZY T CUDDLES RVCBLE TRST","10105 CASSANDRA DR  AUSTIN, TX 78717","10105 CASSANDRA DR, AUSTIN, TX  78717","S6259 - Davis Spring Sec 3-b, BLOCK G, Lot 13","R203597D"," ","S6259 - Davis Spring Sec 3-b","Real","$558,981","$558,981"
"R359687","R-16-3668-000H-0018","SCHUETZE KARL T & SONIA T","15012 CALAVERAS DR AUSTIN, TX 78717-4577","15012 CALAVERAS DR, AUSTIN, TX  78717","S6259 - Davis Spring Sec 3-b, BLOCK H, Lot 18","R203597D"," ","S6259 - Davis Spring Sec 3-b","Real","$547,493","$547,493"
"R359691","R-16-3668-000H-0022","GIFFORD, JONATHAN C & JEFFREY E II & JENNIFER JEAN GIFFORD ROMERO","12848 COUNCIL BLUFF DR  AUSTIN, TX 78727-2614","10114 CASSANDRA DR, AUSTIN, TX  78717","S6259 - Davis Spring Sec 3-b, BLOCK H, Lot 22","R203597D"," ","S6259 - Davis Spring Sec 3-b","Real","$538,826","$538,826"
"R359702","R-16-3668-000H-0033","WILDER, ROBERT VINCENT","10212 CASSANDRA DR  AUSTIN, TX 78717","10212 CASSANDRA DR, AUSTIN, TX  78717","S6259 - Davis Spring Sec 3-b, BLOCK H, Lot 33","R203597D"," ","S6259 - Davis Spring Sec 3-b","Real","$504,984","$504,984"
"R359721","R-16-3668-000K-0029","ZHAO, QIONG","16413 DONOHER DR AUSTIN, TX 78717-4204","10212 ANDORA DR, AUSTIN, TX  78717","S6259 - Davis Spring Sec 3-b, BLOCK K, Lot 29","R203597D"," ","S6259 - Davis Spring Sec 3-b","Real","$571,577","$571,577"
"R370507","R-16-3671-000A-0016","LORANCE, JEFFREY W","14608 OLIVE HILL DR  AUSTIN, TX 78717","14608 OLIVE HILL DR, AUSTIN, TX  78717","S6649 - Davis Spring Sec 6-b, BLOCK A, Lot 16","R203597D"," ","S6649 - Davis Spring Sec 6-b","Real","$814,185","$814,185"
"R370509","R-16-3671-000A-0018","HAAG, SHARLA GAIL","14600 OLIVE HILL DR  AUSTIN, TX 78717-4591","14600 OLIVE HILL DR, AUSTIN, TX  78717","S6649 - Davis Spring Sec 6-b, BLOCK A, Lot 18","R203597D"," ","S6649 - Davis Spring Sec 6-b","Real","$566,434","$566,434"
"R370518","R-16-3671-000A-0027","GORTON, ANDREW EDWARD","9441 ALTONA WAY  AUSTIN, TX 78717-4594","9441 ALTONA WAY, AUSTIN, TX  78717","S6649 - Davis Spring Sec 6-b, BLOCK A, Lot 27","R203597D"," ","S6649 - Davis Spring Sec 6-b","Real","$557,556","$557,556"
"R370520","R-16-3671-000A-0029","FOSS, BRENDA JEAN","9435 ALTONA WAY  AUSTIN, TX 78717","9435 ALTONA WAY, AUSTIN, TX  78717","S6649 - Davis Spring Sec 6-b, BLOCK A, Lot 29","R203597D"," ","S6649 - Davis Spring Sec 6-b","Real","$588,329","$588,329"
"R370522","R-16-3671-000A-0031","DAVIS SPRING PROPERTIES LTD","3215 STECK AVE STE 101 AUSTIN, TX 78757-8060","9427 ALTONA WAY, AUSTIN, TX  78717","S6649 - Davis Spring Sec 6-b, BLOCK A, Lot 31, ACRES 0.98, (DRAINAGE EASEMENT)","R005LLLI"," ","S6649 - Davis Spring Sec 6-b","Real","$300","$300"
"R370537","R-16-3671-000B-0027","STAUB BARBARA A & THEODORE J TRUSTEES OF THEIR INDIV TRUSTS","14836 IRONDALE DR  AUSTIN, TX 78717","14836 IRONDALE DR, AUSTIN, TX  78717","S6649 - Davis Spring Sec 6-b, BLOCK B, Lot 27","R203597D"," ","S6649 - Davis Spring Sec 6-b","Real","$535,779","$535,779"
"R370543","R-16-3671-000C-0011","SNIDER, JESSE & THERESE ELIZABETH","14411 OLIVE HILL DR  AUSTIN, TX 78717","14411 OLIVE HILL DR, AUSTIN, TX  78717","S6649 - Davis Spring Sec 6-b, BLOCK C, Lot 11","R203597D"," ","S6649 - Davis Spring Sec 6-b","Real","$717,807","$717,807"
"R370552","R-16-3671-000D-0004","TRAN, HOA T & BUI T","14833 IRONDALE DR  AUSTIN, TX 78717","14833 IRONDALE DR, AUSTIN, TX  78717","S6649 - Davis Spring Sec 6-b, BLOCK D, Lot 4","R203597D"," ","S6649 - Davis Spring Sec 6-b","Real","$561,636","$561,636"
"R370554","R-16-3671-000D-0006","JOHNSON, JOEY & EMILY","14841 IRONDALE DR  AUSTIN, TX 78717","14841 IRONDALE DR, AUSTIN, TX  78717","S6649 - Davis Spring Sec 6-b, BLOCK D, Lot 6","R203597D"," ","S6649 - Davis Spring Sec 6-b","Real","$581,426","$581,426"
"R378633","R-16-3732-000P-0001A","STANDARD PACIFIC OF TX LP","C/O REAL MANAGE - AUSTIN PO BOX 700128 DALLAS, TX 75370-0128","PARRMER LN, AUSTIN, TX  78717","S6870 - Davis Spring Sec 3-c, BLOCK P, Lot 1-A, ACRES 0.213, (LANDSCAPE)","R005LLLI"," ","S6870 - Davis Spring Sec 3-c","Real","$300","$300"
"R378638","R-16-3732-000P-0008","ARORA, PUNEET & RITU","15100 GALENA DR  AUSTIN, TX 78717-4868","15100 GALENA DR, AUSTIN, TX  78717","S6870 - Davis Spring Sec 3-c, BLOCK P, Lot 8","R203597D"," ","S6870 - Davis Spring Sec 3-c","Real","$590,856","$590,856"
"R378640","R-16-3732-000P-0010","HAQUE, ASIF SHARFUL & AMBAR JAHAN","15110 GALENA DR  AUSTIN, TX 78717","15110 GALENA DR, AUSTIN, TX  78717","S6870 - Davis Spring Sec 3-c, BLOCK P, Lot 10","R203597D"," ","S6870 - Davis Spring Sec 3-c","Real","$582,578","$582,578"
"R390017","R-16-3733-000D-0015","SANCHEZ, AARON","1603 WOODLAWN BLVD APT 2 AUSTIN, TX 78703-3350","14936 THATCHER DR, AUSTIN, TX  78717","S7399 - Davis Spring Sec 3-d Amended, BLOCK D, Lot 15","R203597D"," ","S7399 - Davis Spring Sec 3-d Amended","Real","$620,642","$620,642"
"R390032","R-16-3733-000L-0025","LU, YIYI & BOYU XU","15104 THATCHER DR  AUSTIN, TX 78717","15104 THATCHER DR, AUSTIN, TX  78717","S7399 - Davis Spring Sec 3-d Amended, BLOCK L, Lot 25","R203597D"," ","S7399 - Davis Spring Sec 3-d Amended","Real","$617,995","$617,995"
"R390036","R-16-3733-000L-0029","RASHMAN, THOMAS W & CHRISTINE","15012 THATCHER DR  AUSTIN, TX 78717","15012 THATCHER DR, AUSTIN, TX  78717","S7399 - Davis Spring Sec 3-d Amended, BLOCK L, Lot 29","R203597D"," ","S7399 - Davis Spring Sec 3-d Amended","Real","$800,725","$800,725"
"R390064","R-16-3733-000P-0005","WISHARD, KEVIN R & TAMARA L","15018 GALENA DR AUSTIN, TX 78717-4869","15018 GALENA DR, AUSTIN, TX  78717","S7399 - Davis Spring Sec 3-d Amended, BLOCK P, Lot 5","R203597D"," ","S7399 - Davis Spring Sec 3-d Amended","Real","$740,395","$740,395"
"R390068","R-16-3733-000R-0003","YENDURI, CHANDRA SEKHARA SRINIVAS & DIVYA VURIMI","15204 CALAVERAS DR  AUSTIN, TX 78717-4635","15204 CALAVERAS DR, AUSTIN, TX  78717","S7399 - Davis Spring Sec 3-d Amended, BLOCK R, Lot 3","R203597D"," ","S7399 - Davis Spring Sec 3-d Amended","Real","$738,303","$738,303"
"R390085","R-16-3733-000R-0020","JOHAN & ALETTA VAN DER WALT REVOCABLE TRUST","15019 TERRA VERDE DR  AUSTIN, TX 78717","15019 TERRA VERDE DR, AUSTIN, TX  78717","S7399 - Davis Spring Sec 3-d Amended, BLOCK R, Lot 20","R203597D"," ","S7399 - Davis Spring Sec 3-d Amended","Real","$748,342","$748,342"
"R390096","R-16-3733-000R-0031","SACHANI, NIRAL KANTILAL & MINAXIBEN NIRAL SACHANI","15143 TERRA VERDE DR  AUSTIN, TX 78717","15143 TERRA VERDE DR, AUSTIN, TX  78717","S7399 - Davis Spring Sec 3-d Amended, BLOCK R, Lot 31","R203597D"," ","S7399 - Davis Spring Sec 3-d Amended","Real","$753,977","$753,977"
"R390100","R-16-3733-000T-0004","MINGS, MICHAEL DAVID & JENNIFER NEAL","15223 THATCHER DR  AUSTIN, TX 78717","15223 THATCHER DR, AUSTIN, TX  78717","S7399 - Davis Spring Sec 3-d Amended, BLOCK T, Lot 4","R203597D"," ","S7399 - Davis Spring Sec 3-d Amended","Real","$688,193","$688,193"
"R390102","R-16-3733-000T-0006","NGO, TRUNG Q & HONG THAM DANG","15205 CALAVERAS DR  AUSTIN, TX 78717","15205 CALAVERAS DR, AUSTIN, TX  78717","S7399 - Davis Spring Sec 3-d Amended, BLOCK T, Lot 6","R203597D"," ","S7399 - Davis Spring Sec 3-d Amended","Real","$751,434","$751,434"
"R390123","R-16-3733-000T-0027","MALONE, MICHAEL","15023 THATCHER DR AUSTIN, TX 78717-4640","15023 THATCHER DR, AUSTIN, TX  78717","S7399 - Davis Spring Sec 3-d Amended, BLOCK T, Lot 27","R203597D"," ","S7399 - Davis Spring Sec 3-d Amended","Real","$724,103","$724,103"
"R390132","R-16-3733-000T-0036","AL-TABATABAIE, HASSAN TRUSTEE OF SHALRESA FAMILY TRUST","9905 CASSANDRA DR  AUSTIN, TX 78717","9905 CASSANDRA DR, AUSTIN, TX  78717","S7399 - Davis Spring Sec 3-d Amended, BLOCK T, Lot 36","R203597D"," ","S7399 - Davis Spring Sec 3-d Amended","Real","$738,213","$738,213"
"R392370","R-16-3733-000S-0010","WOLF, SHAUN C & AMY R BENNETT WOLF & SHANNON G","15116 TERRA VERDE DR  AUSTIN, TX 78717","15116 TERRA VERDE DR, AUSTIN, TX  78717","S7399 - Davis Spring Sec 3-d Amended, BLOCK S, Lot 10","R203597D"," ","S7399 - Davis Spring Sec 3-d Amended","Real","$536,485","$536,485"
"R337605","R-16-3658-000A-0006","NGUYEN, BUC & LONG","9921 MATEO CV  AUSTIN, TX 78717","9921 MATEO CV, AUSTIN, TX  78717","S5835 - Davis Spring Sec 3-a, BLOCK A, Lot 6","R203597D"," ","S5835 - Davis Spring Sec 3-a","Real","$554,386","$554,386"
"R337611","R-16-3658-000A-0011","GUSYEV ANDRIY & OLGA GUSIEVA","9908 MATEO CV  AUSTIN, TX 78717","9908 MATEO CV, AUSTIN, TX  78717","S5835 - Davis Spring Sec 3-a, BLOCK A, Lot 11","R203597D"," ","S5835 - Davis Spring Sec 3-a","Real","$568,155","$568,155"
"R337615","R-16-3658-000A-0014","CUNG, HOANG & THUNHI VO","10001 MIRAGE CV AUSTIN, TX 78717-4516","10001 MIRAGE CV, AUSTIN, TX  78717","S5835 - Davis Spring Sec 3-a, BLOCK A, Lot 14","R203597D"," ","S5835 - Davis Spring Sec 3-a","Real","$770,599","$770,599"
"R337629","R-16-3658-000A-0026","LOVAAS, TIMOTHY S & ELIZABETH A","PMB 415 12160 W PARMER LN STE 130 CEDAR PARK, TX 78613-2458","10006 MIRAGE CV, AUSTIN, TX  78717","S5835 - Davis Spring Sec 3-a, BLOCK A, Lot 26","R203597D"," ","S5835 - Davis Spring Sec 3-a","Real","$586,511","$586,511"
"R337630","R-16-3658-000A-0027","BRINGMANN, MICHAEL","10000 MIRAGE CV AUSTIN, TX 78717-4516","10000 MIRAGE CV, AUSTIN, TX  78717","S5835 - Davis Spring Sec 3-a, BLOCK A, Lot 27","R203597D"," ","S5835 - Davis Spring Sec 3-a","Real","$541,541","$541,541"
"R337644","R-16-3658-000A-0040","JOHNSON, DARREN S & ERICA V","10121 MAJORCA DR  AUSTIN, TX 78717","10121 MAJORCA DR, AUSTIN, TX  78717","S5835 - Davis Spring Sec 3-a, BLOCK A, Lot 40","R203597D"," ","S5835 - Davis Spring Sec 3-a","Real","$807,615","$807,615"
"R337648","R-16-3658-000A-0044","MOHAMED E IBRAHIM & RADW N SALEM CO-TRUSTEES OF THE MI & RS FAMILY REVOC TRUST","10024 VALONA DR AUSTIN, TX 78717","10024 VALONA DR, AUSTIN, TX  78717","S5835 - Davis Spring Sec 3-a, BLOCK A, Lot 44","R203597D"," ","S5835 - Davis Spring Sec 3-a","Real","$582,871","$582,871"
"R337651","R-16-3658-000A-0047","FIERRO, DANIEL & CLAUDIA","10012 VALONA DR  AUSTIN, TX 78717","10012 VALONA DR, AUSTIN, TX  78717","S5835 - Davis Spring Sec 3-a, BLOCK A, Lot 47","R203597D"," ","S5835 - Davis Spring Sec 3-a","Real","$555,614","$555,614"
"R337657","R-16-3658-000A-0053","HAN, XU & XUAN LU","10009 LACHLAN DR  AUSTIN, TX 78717-4503","10009 LACHLAN DR, AUSTIN, TX  78717","S5835 - Davis Spring Sec 3-a, BLOCK A, Lot 53","R203597D"," ","S5835 - Davis Spring Sec 3-a","Real","$559,548","$559,548"
"R337663","R-16-3658-000A-0059","CHANG, YU-YING & TAI-ING","10033 LACHLAN DR  AUSTIN, TX 78717","10033 LACHLAN DR, AUSTIN, TX  78717","S5835 - Davis Spring Sec 3-a, BLOCK A, Lot 59","R203597D"," ","S5835 - Davis Spring Sec 3-a","Real","$586,163","$586,163"
"R337677","R-16-3658-000B-0004","MAN CHIU KWAN TRUSTEE OF THE MAN FAMILY REVOCABLE TRUST","13109 CORIANDER DR  AUSTIN, TX 78729","10012 MAJORCA DR, AUSTIN, TX  78717","S5835 - Davis Spring Sec 3-a, BLOCK B, Lot 4","R203597D"," ","S5835 - Davis Spring Sec 3-a","Real","$550,907","$550,907"
"R337699","R-16-3658-000G-0026","MORT, ERIC & OLGA D ESQUIVEL-MORT","10044 LACHLAN DR  AUSTIN, TX 78717","10044 LACHLAN DR, AUSTIN, TX  78717","S5835 - Davis Spring Sec 3-a, BLOCK G, Lot 26","R203597D"," ","S5835 - Davis Spring Sec 3-a","Real","$596,013","$596,013"
"R337713","R-16-3659-000C-0008","ROCHFORD, AMANDA R","15227 CALAVERAS DR AUSTIN, TX 78717-4636","14801 CALAVERAS DR, AUSTIN, TX  78717","S5837 - Davis Spring Sec 5-a, BLOCK C, Lot 8","R203597D"," ","S5837 - Davis Spring Sec 5-a","Real","$552,102","$552,102"
"R337720","R-16-3659-000D-0001","LEWIS, GLENN CARLTON & DEBORAH B","9916 MAJORCA DR  AUSTIN, TX 78717","9916 MAJORCA DR, AUSTIN, TX  78717","S5837 - Davis Spring Sec 5-a, BLOCK D, Lot 1","R203597D"," ","S5837 - Davis Spring Sec 5-a","Real","$695,295","$695,295"
"R337722","R-16-3659-000D-0003","NAIR, SANKAR VISWANATHAN & SRIDEVI PUSHPALATHA","14823 CALAVERAS DR  AUSTIN, TX 78717","14823 CALAVERAS DR, AUSTIN, TX  78717","S5837 - Davis Spring Sec 5-a, BLOCK D, Lot 3","R203597D"," ","S5837 - Davis Spring Sec 5-a","Real","$751,728","$751,728"
"R337739","R-16-3659-000D-0025","HARRIS, JOSEPH M II","9908 MAJORCA DR AUSTIN, TX 78717-4509","9908 MAJORCA DR, AUSTIN, TX  78717","S5837 - Davis Spring Sec 5-a, BLOCK D, Lot 25","R203597D"," ","S5837 - Davis Spring Sec 5-a","Real","$774,873","$774,873"
"R337745","R-16-3659-000E-0009","LINDSEY, LAW L & JANETH G","15001 CORDERO DR AUSTIN, TX 78717-4538","15001 CORDERO DR, AUSTIN, TX  78717","S5837 - Davis Spring Sec 5-a, BLOCK E, Lot 9","R203597D"," ","S5837 - Davis Spring Sec 5-a","Real","$566,090","$566,090"
"R337747","R-16-3659-000E-0011","SANAA ABEDELHADI & KHALED ABDELGHANY & ARAMAND ZAYED","14949 CORDERO DR AUSTIN, TX 78717-4537","14949 CORDERO DR, AUSTIN, TX  78717","S5837 - Davis Spring Sec 5-a, BLOCK E, Lot 11","R203597D"," ","S5837 - Davis Spring Sec 5-a","Real","$572,326","$572,326"
"R337753","R-16-3659-000E-0016","BRANDT, CRAIG JEROME (TOD) & BARBARA JEAN MONTGOMERY (TOD)","14929 CORDERO DR  AUSTIN, TX 78717","14929 CORDERO DR, AUSTIN, TX  78717","S5837 - Davis Spring Sec 5-a, BLOCK E, Lot 16","R203597D"," ","S5837 - Davis Spring Sec 5-a","Real","$571,586","$571,586"
"R337754","R-16-3659-000E-0017","KAMBOJ, SHIVANI & JEFFREY GLENN BRYANT","14925 CORDERO DR  AUSTIN, TX 78717-4537","14925 CORDERO DR, AUSTIN, TX  78717","S5837 - Davis Spring Sec 5-a, BLOCK E, Lot 17","R203597D"," ","S5837 - Davis Spring Sec 5-a","Real","$579,051","$579,051"
"R337759","R-16-3659-000E-0021","BALLARD, ANDREW & SUSAN","14909 CORDERO DR  AUSTIN, TX 78717-4537","14909 CORDERO DR, AUSTIN, TX  78717","S5837 - Davis Spring Sec 5-a, BLOCK E, Lot 21","R203597D"," ","S5837 - Davis Spring Sec 5-a","Real","$576,675","$576,675"
"R337765","R-16-3659-000E-0027","COOPER, TROY LEON","14817 CORDERO DR AUSTIN, TX 78717-4535","14817 CORDERO DR, AUSTIN, TX  78717","S5837 - Davis Spring Sec 5-a, BLOCK E, Lot 27","R203597D"," ","S5837 - Davis Spring Sec 5-a","Real","$691,828","$691,828"
"R337772","R-16-3659-000F-0003","KLINKER, THEODORE P & GLENACE S TTEE KLINKER LIVING TRUST","15004 CORDERO DR  AUSTIN, TX 78717","15004 CORDERO DR, AUSTIN, TX  78717","S5837 - Davis Spring Sec 5-a, BLOCK F, Lot 3","R203597D"," ","S5837 - Davis Spring Sec 5-a","Real","$556,971","$556,971"
"R337773","R-16-3659-000F-0004","ROCHE, JOSEPH M & LAURA C","15000 CORDERO DR  AUSTIN, TX 78717-4534","15000 CORDERO DR, AUSTIN, TX  78717","S5837 - Davis Spring Sec 5-a, BLOCK F, Lot 4","R203597D"," ","S5837 - Davis Spring Sec 5-a","Real","$701,258","$701,258"
"R337774","R-16-3659-000F-0005","YANTIAN LU & XIAOHONG ZHANG REVOCABLE LIVING TRUST","14936 CORDERO DR  AUSTIN, TX 78717-4533","14936 CORDERO DR, AUSTIN, TX  78717","S5837 - Davis Spring Sec 5-a, BLOCK F, Lot 5","R203597D"," ","S5837 - Davis Spring Sec 5-a","Real","$768,570","$768,570"
"R337782","R-16-3659-000F-0013","YE, ERICA SOO","14904 CORDERO DR  AUSTIN, TX 78717-4533","14904 CORDERO DR, AUSTIN, TX  78717","S5837 - Davis Spring Sec 5-a, BLOCK F, Lot 13","R203597D"," ","S5837 - Davis Spring Sec 5-a","Real","$748,672","$748,672"
"R337797","R-16-3659-000F-0028","LAM, SEN C & HOA NGOC YOUNG","9808 NEPAL CV  AUSTIN, TX 78717-4539","9808 NEPAL CV, AUSTIN, TX  78717","S5837 - Davis Spring Sec 5-a, BLOCK F, Lot 28","R203597D"," ","S5837 - Davis Spring Sec 5-a","Real","$706,151","$706,151"
"R337807","R-16-3659-000F-0038","BUI, DINH KIM & LIEN NGOC-MAI NGUYEN","PO BOX 170142 AUSTIN, TX 78717-0009","9804 FALLON CV, AUSTIN, TX  78717","S5837 - Davis Spring Sec 5-a, BLOCK F, Lot 38","R203597D"," ","S5837 - Davis Spring Sec 5-a","Real","$746,232","$746,232"
"R359300","R-16-3668-000A-0067","RUNDELL FRANK & MARTHA","14904 GALENA DR AUSTIN, TX 78717-4570","14904 GALENA DR, AUSTIN, TX  78717","S6259 - Davis Spring Sec 3-b, BLOCK A, Lot 67","R203597D"," ","S6259 - Davis Spring Sec 3-b","Real","$551,644","$551,644"
"R359428","R-16-3669-000A-0003","ROGERS, CANCILLA & JAMES S","14740 OLIVE HILL DR  AUSTIN, TX 78717","14740 OLIVE HILL DR, AUSTIN, TX  78717","S6401 - Davis Spring Sec 6-a, BLOCK A, Lot 3","R203597D"," ","S6401 - Davis Spring Sec 6-a","Real","$596,474","$596,474"
"R359429","R-16-3669-000A-0004","CRUDDEN, ALAN G & SARAH H","14736 OLIVE HILL DR  AUSTIN, TX 78717","14736 OLIVE HILL DR, AUSTIN, TX  78717","S6401 - Davis Spring Sec 6-a, BLOCK A, Lot 4","R203597D"," ","S6401 - Davis Spring Sec 6-a","Real","$596,991","$596,991"
"R359435","R-16-3669-000A-0010","ECHOLS, DANIEL T & LEESA","14712 OLIVE HILL DR  AUSTIN, TX 78717","14712 OLIVE HILL DR, AUSTIN, TX  78717","S6401 - Davis Spring Sec 6-a, BLOCK A, Lot 10","R203597D"," ","S6401 - Davis Spring Sec 6-a","Real","$777,517","$777,517"
"R359442","R-16-3669-000B-0003","SHOEMAKER, DAVID ROBERT & JUDITH ANNE","9604 RYOAKS CV  AUSTIN, TX 78717","9604 RYOAKS CV, AUSTIN, TX  78717","S6401 - Davis Spring Sec 6-a, BLOCK B, Lot 3","R203597D"," ","S6401 - Davis Spring Sec 6-a","Real","$845,651","$845,651"
"R359446","R-16-3669-000B-0007","AUSTIN, KYLE & KATHLEEN","14717 OLIVE HILL DR  AUSTIN, TX 78717-4579","14717 OLIVE HILL DR, AUSTIN, TX  78717","S6401 - Davis Spring Sec 6-a, BLOCK B, Lot 7","R203597D"," ","S6401 - Davis Spring Sec 6-a","Real","$779,030","$779,030"
"R359450","R-16-3669-000B-0011","SWEENEY, DENISE & KEVIN","14701 OLIVE HILL DR AUSTIN, TX 78717-4579","14701 OLIVE HILL DR, AUSTIN, TX  78717","S6401 - Davis Spring Sec 6-a, BLOCK B, Lot 11","R203597D"," ","S6401 - Davis Spring Sec 6-a","Real","$535,779","$535,779"
"R359454","R-16-3669-000B-0015","THOMSEN, AXEL & JINWEN XIAO","14724 IRONDALE DR  AUSTIN, TX 78717","14724 IRONDALE DR, AUSTIN, TX  78717","S6401 - Davis Spring Sec 6-a, BLOCK B, Lot 15","R203597D"," ","S6401 - Davis Spring Sec 6-a","Real","$565,541","$565,541"
"R359460","R-16-3669-000C-0002","COGAN JONATHAN JAMES & ALYSSA KAMILLE ABRIL DIGNO","14705 IRONDALE DR  AUSTIN, TX 78717-4583","14705 IRONDALE DR, AUSTIN, TX  78717","S6401 - Davis Spring Sec 6-a, BLOCK C, Lot 2","R203597D"," ","S6401 - Davis Spring Sec 6-a","Real","$694,710","$694,710"
"R359650","R-16-3668-000A-0068","ZHAO, KEVIN R & CHAU N TRUONG","14908 GALENA DR  AUSTIN, TX 78717","14908 GALENA DR, AUSTIN, TX  78717","S6259 - Davis Spring Sec 3-b, BLOCK A, Lot 68","R203597D"," ","S6259 - Davis Spring Sec 3-b","Real","$803,969","$803,969"
"R359652","R-16-3668-000D-0011","LISTYO, JUDHIARTO & SWANNY","14929 CALAVERAS DR AUSTIN, TX 78717-4574","14929 CALAVERAS DR, AUSTIN, TX  78717","S6259 - Davis Spring Sec 3-b, BLOCK D, Lot 11","R203597D"," ","S6259 - Davis Spring Sec 3-b","Real","$561,885","$561,885"
"R359654","R-16-3668-000G-0001","MONTGOMERY, WALLACE PAUL","10209 CASSANDRA DR  AUSTIN, TX 78717-4568","10209 CASSANDRA DR, AUSTIN, TX  78717","S6259 - Davis Spring Sec 3-b, BLOCK G, Lot 1","R203597D"," ","S6259 - Davis Spring Sec 3-b","Real","$552,998","$552,998"
"R359660","R-16-3668-000G-0007","LUSBY, LISA & RICHARD","10129 CASSANDRA DR  AUSTIN, TX 78717","10129 CASSANDRA DR, AUSTIN, TX  78717","S6259 - Davis Spring Sec 3-b, BLOCK G, Lot 7","R203597D"," ","S6259 - Davis Spring Sec 3-b","Real","$529,870","$529,870"
"R359671","R-16-3668-000H-0002","ANDREWS, CHERYL K","10225 ANDORA DR AUSTIN, TX 78717-4563","10225 ANDORA DR, AUSTIN, TX  78717","S6259 - Davis Spring Sec 3-b, BLOCK H, Lot 2","R203597D"," ","S6259 - Davis Spring Sec 3-b","Real","$515,173","$515,173"
"R359684","R-16-3668-000H-0015","ELISE TALBOT FRETWELL TRUSTEE OF ELISE TALBOT FRETWELL REVOCABLE TRUST","10107 ANDORA DR  AUSTIN, TX 78717","10107 ANDORA DR, AUSTIN, TX  78717","S6259 - Davis Spring Sec 3-b, BLOCK H, Lot 15","R203597D"," ","S6259 - Davis Spring Sec 3-b","Real","$564,208","$564,208"
"R359688","R-16-3668-000H-0019","BALTAOGLU, HAKAN SULEYMAN TRUSTEE OF ARIN HAKAN BALTAOGLU TRUST","3813 PANTHER HALL LEANDER, TX 78641-3698","10100 CASSANDRA DR, AUSTIN, TX  78717","S6259 - Davis Spring Sec 3-b, BLOCK H, Lot 19","R203597D"," ","S6259 - Davis Spring Sec 3-b","Real","$527,397","$527,397"
"R359701","R-16-3668-000H-0032","MORALES, MONICA CRUZ & DAVID LEAL TORRES","10208 CASSANDRA DR  AUSTIN, TX 78717","10208 CASSANDRA DR, AUSTIN, TX  78717","S6259 - Davis Spring Sec 3-b, BLOCK H, Lot 32","R203597D"," ","S6259 - Davis Spring Sec 3-b","Real","$585,280","$585,280"
"R359707","R-16-3668-000J-0053","KAVAKLI, SIMON & SUHA","14926 GALENA DR  AUSTIN, TX 78717","14926 GALENA DR, AUSTIN, TX  78717","S6259 - Davis Spring Sec 3-b, BLOCK J, Lot 53","R203597D"," ","S6259 - Davis Spring Sec 3-b","Real","$562,611","$562,611"
"R359714","R-16-3668-000K-0022","POUW, LUKE CHRISTIAN & CAMELIA BUDI","10120 ANDORA DR  AUSTIN, TX 78717","10120 ANDORA DR, AUSTIN, TX  78717","S6259 - Davis Spring Sec 3-b, BLOCK K, Lot 22","R203597D"," ","S6259 - Davis Spring Sec 3-b","Real","$551,437","$551,437"
"R359716","R-16-3668-000K-0024","LIANG, RONGJIAN","10128 ANDORA DR  AUSTIN, TX 78717","10128 ANDORA DR, AUSTIN, TX  78717","S6259 - Davis Spring Sec 3-b, BLOCK K, Lot 24","R203597D"," ","S6259 - Davis Spring Sec 3-b","Real","$552,611","$552,611"
"R359720","R-16-3668-000K-0028","VU, TRAC MINH & KIM TRAN","10208 ANDORA DR  AUSTIN, TX 78717","10208 ANDORA DR, AUSTIN, TX  78717","S6259 - Davis Spring Sec 3-b, BLOCK K, Lot 28","R203597D"," ","S6259 - Davis Spring Sec 3-b","Real","$734,296","$734,296"
"R359729","R-16-3668-000L-0003","RITTER, JAMES P & SUSAN A","15009 CALAVERAS DR  AUSTIN, TX 78717","15009 CALAVERAS DR, AUSTIN, TX  78717","S6259 - Davis Spring Sec 3-b, BLOCK L, Lot 3","R203597D"," ","S6259 - Davis Spring Sec 3-b","Real","$492,520","$492,520"
"R359735","R-16-3668-000L-0009","KRITT, JEREMY MORRIS & SOHYUN PARK","15033 CALAVERAS DR  AUSTIN, TX 78717","15033 CALAVERAS DR, AUSTIN, TX  78717","S6259 - Davis Spring Sec 3-b, BLOCK L, Lot 9","R203597D"," ","S6259 - Davis Spring Sec 3-b","Real","$542,333","$542,333"
"R370506","R-16-3671-000A-0015","PAUL H & CHRISTINA L MCNAUGHTON TRS MCNAUGHTON REVOC FAMILY TRUST","14612 OLIVE HILL DR  AUSTIN, TX 78717","14612 OLIVE HILL DR, AUSTIN, TX  78717","S6649 - Davis Spring Sec 6-b, BLOCK A, Lot 15","R203597D"," ","S6649 - Davis Spring Sec 6-b","Real","$735,378","$735,378"
"R370511","R-16-3671-000A-0020","THI XUAN PHAM & ANH DINH LUONG TRS OF THE PHAM & LUONG REVOCABLE LIVING TRUST","14516 OLIVE HILL DR  AUSTIN, TX 78717-4589","14516 OLIVE HILL DR, AUSTIN, TX  78717","S6649 - Davis Spring Sec 6-b, BLOCK A, Lot 20","R203597D"," ","S6649 - Davis Spring Sec 6-b","Real","$700,433","$700,433"
"R370512","R-16-3671-000A-0021","DAVIS SPRING PROPERTIES LTD","3215 STECK AVE STE 101 AUSTIN, TX 78757-8060","14514 OLIVE HILL DR, AUSTIN, TX  78717","S6649 - Davis Spring Sec 6-b, BLOCK A, Lot 21, ACRES 1.03, (DRAINAGE EASEMENT)","R005LLLI"," ","S6649 - Davis Spring Sec 6-b","Real","$309","$309"
"R370513","R-16-3671-000A-0022","HENRY CHRISTOPHER & JONI","14510 OLIVE HILL DR AUSTIN, TX 78717-4589","14510 OLIVE HILL DR, AUSTIN, TX  78717","S6649 - Davis Spring Sec 6-b, BLOCK A, Lot 22","R203597D"," ","S6649 - Davis Spring Sec 6-b","Real","$584,343","$584,343"
"R370525","R-16-3671-000A-0034","CONG, XING & CATHERINE HUANG","9417 ALTONA WAY  AUSTIN, TX 78717","9417 ALTONA WAY, AUSTIN, TX  78717","S6649 - Davis Spring Sec 6-b, BLOCK A, Lot 34","R203597D"," ","S6649 - Davis Spring Sec 6-b","Real","$647,903","$647,903"
"R370530","R-16-3671-000B-0020","FIELD, DEBORAH & GUY","14808 IRONDALE DR  AUSTIN, TX 78717","14808 IRONDALE DR, AUSTIN, TX  78717","S6649 - Davis Spring Sec 6-b, BLOCK B, Lot 20","R203597D"," ","S6649 - Davis Spring Sec 6-b","Real","$542,481","$542,481"
"R370534","R-16-3671-000B-0024","PAK, PETER HYUN & HELEN SUN YOUNG KIM","14824 IRONDALE DR  AUSTIN, TX 78717","14824 IRONDALE DR, AUSTIN, TX  78717","S6649 - Davis Spring Sec 6-b, BLOCK B, Lot 24","R203597D"," ","S6649 - Davis Spring Sec 6-b","Real","$807,505","$807,505"
"R370538","R-16-3671-000B-0028","BAUMAN, BRIAN & BURTON, AMANDA","14840 IRONDALE DR AUSTIN, TX 78717-4586","14840 IRONDALE DR, AUSTIN, TX  78717","S6649 - Davis Spring Sec 6-b, BLOCK B, Lot 28","R203597D"," ","S6649 - Davis Spring Sec 6-b","Real","$586,156","$586,156"
"R370545","R-16-3671-000C-0013","RAMOS, GREGORY","14505 OLIVE HILL DR AUSTIN, TX 78717-4590","14505 OLIVE HILL DR, AUSTIN, TX  78717","S6649 - Davis Spring Sec 6-b, BLOCK C, Lot 13","R203597D"," ","S6649 - Davis Spring Sec 6-b","Real","$778,332","$778,332"
"R370546","R-16-3671-000C-0014","PENLAND LEE H & MELINDA M","14509 OLIVE HILL DR AUSTIN, TX 78717-4590","14509 OLIVE HILL DR, AUSTIN, TX  78717","S6649 - Davis Spring Sec 6-b, BLOCK C, Lot 14","R203597D"," ","S6649 - Davis Spring Sec 6-b","Real","$703,095","$703,095"
"R370547","R-16-3671-000C-0015","TACQUARD, STEPHANIE & MICHAEL RAMOS","14513 OLIVE HILL DR  AUSTIN, TX 78717","14513 OLIVE HILL DR, AUSTIN, TX  78717","S6649 - Davis Spring Sec 6-b, BLOCK C, Lot 15","R203597D"," ","S6649 - Davis Spring Sec 6-b","Real","$760,409","$760,409"
"R370562","R-16-3671-000D-0014","HAYES, RUSSELL W & SANDRA G","9508 ALTONA WAY  AUSTIN, TX 78717","9508 ALTONA WAY, AUSTIN, TX  78717","S6649 - Davis Spring Sec 6-b, BLOCK D, Lot 14","R203597D"," ","S6649 - Davis Spring Sec 6-b","Real","$730,059","$730,059"
"R378616","R-16-3732-000K-0004","YEH, GONG JER & CHEN NI LI","15113 GALENA DR AUSTIN, TX 78717-4868","15113 GALENA DR, AUSTIN, TX  78717","S6870 - Davis Spring Sec 3-c, BLOCK K, Lot 4","R203597D"," ","S6870 - Davis Spring Sec 3-c","Real","$583,716","$583,716"
"R378617","R-16-3732-000K-0005","SAPUTRO STEPHANUS D &","YON-ENG PAN 15117 GALENA DR AUSTIN, TX 78717-4868","15117 GALENA DR, AUSTIN, TX  78717","S6870 - Davis Spring Sec 3-c, BLOCK K, Lot 5","R203597D"," ","S6870 - Davis Spring Sec 3-c","Real","$576,146","$576,146"
"R378627","R-16-3732-000K-0015","NARULA, PANKAJ & KARUNA PHUYAL","15165 GALENA DR  AUSTIN, TX 78717","15165 GALENA DR, AUSTIN, TX  78717","S6870 - Davis Spring Sec 3-c, BLOCK K, Lot 15","R203597D"," ","S6870 - Davis Spring Sec 3-c","Real","$564,579","$564,579"
"R378645","R-16-3732-000P-0015","MOLISKI, ROBERT MARTIN","15130 GALENA DR  AUSTIN, TX 78717-4867","15130 GALENA DR, AUSTIN, TX  78717","S6870 - Davis Spring Sec 3-c, BLOCK P, Lot 15","R203597D"," ","S6870 - Davis Spring Sec 3-c","Real","$580,819","$580,819"
"R378647","R-16-3732-000P-0017","TAN, CHERN NEE","15138 GALENA DR  AUSTIN, TX 78717","15138 GALENA DR, AUSTIN, TX  78717","S6870 - Davis Spring Sec 3-c, BLOCK P, Lot 17","R203597D"," ","S6870 - Davis Spring Sec 3-c","Real","$590,607","$590,607"
"R378651","R-16-3732-000P-0021","PARK, DONGKOOK & DONGEUN LEE","15154 GALENA DR  AUSTIN, TX 78717","15154 GALENA DR, AUSTIN, TX  78717","S6870 - Davis Spring Sec 3-c, BLOCK P, Lot 21","R203597D"," ","S6870 - Davis Spring Sec 3-c","Real","$628,657","$628,657"
"R390018","R-16-3733-000L-0011","KUNTZ, JEREMIAH F & PATRICIA N GAJDA","15041 CALAVERAS DR AUSTIN, TX 78717-4545","15041 CALAVERAS DR, AUSTIN, TX  78717","S7399 - Davis Spring Sec 3-d Amended, BLOCK L, Lot 11","R203597D"," ","S7399 - Davis Spring Sec 3-d Amended","Real","$572,968","$572,968"
"R390027","R-16-3733-000L-0020","KHWAJA, ZAKARIA M & RUMANA HAQUE","15124 THATCHER DR  AUSTIN, TX 78717","15124 THATCHER DR, AUSTIN, TX  78717","S7399 - Davis Spring Sec 3-d Amended, BLOCK L, Lot 20","R203597D"," ","S7399 - Davis Spring Sec 3-d Amended","Real","$588,206","$588,206"
"R390028","R-16-3733-000L-0021","RICHARD LAWTON COLLINS & FELICIA ANNE COLLINS TRUSTEES OF THE RFC TRUST","15120 THATCHER DR AUSTIN, TX 78717","15120 THATCHER DR, AUSTIN, TX  78717","S7399 - Davis Spring Sec 3-d Amended, BLOCK L, Lot 21","R203597D"," ","S7399 - Davis Spring Sec 3-d Amended","Real","$570,981","$570,981"
"R390039","R-16-3733-000L-0032","MIMM, JEFFREY & JINNY KI","15000 THATCHER DR  AUSTIN, TX 78717","15000 THATCHER DR, AUSTIN, TX  78717","S7399 - Davis Spring Sec 3-d Amended, BLOCK L, Lot 32","R203597D"," ","S7399 - Davis Spring Sec 3-d Amended","Real","$823,994","$823,994"
"R390041","R-16-3733-000O-0002","WU, YAOXIONG & CHAOYI FU","15139 SAVANNAH HEIGHTS DR  AUSTIN, TX 78717-4634","15139 SAVANNAH HEIGHTS DR, AUSTIN, TX  78717","S7399 - Davis Spring Sec 3-d Amended, BLOCK O, Lot 2","R203597D"," ","S7399 - Davis Spring Sec 3-d Amended","Real","$587,790","$587,790"
"R390044","R-16-3733-000O-0005","RAMIREZ, EDWARD ARTHUR (TOD) & MARCIA L (TOD)","15127 SAVANNAH HEIGHTS DR  AUSTIN, TX 78717","15127 SAVANNAH HEIGHTS DR, AUSTIN, TX  78717","S7399 - Davis Spring Sec 3-d Amended, BLOCK O, Lot 5","R203597D"," ","S7399 - Davis Spring Sec 3-d Amended","Real","$586,888","$586,888"
"R390045","R-16-3733-000O-0006","SPIES KENNETH A & PENNEY L & STATON T BOMER TRS OF LIVE OAK TRUST","15123 SAVANNAH HEIGHTS DR  AUSTIN, TX 78717","15123 SAVANNAH HEIGHTS DR, AUSTIN, TX  78717","S7399 - Davis Spring Sec 3-d Amended, BLOCK O, Lot 6","R203597D"," ","S7399 - Davis Spring Sec 3-d Amended","Real","$509,539","$509,539"
"R390050","R-16-3733-000O-0011","MOHAMED SAFFAR & REEM SAFFAR TRS OF THE SAFFAR FAMILY TRUST","15101 SAVANNAH HEIGHTS DR  AUSTIN, TX 78717-4634","15101 SAVANNAH HEIGHTS DR, AUSTIN, TX  78717","S7399 - Davis Spring Sec 3-d Amended, BLOCK O, Lot 11","R203597D"," ","S7399 - Davis Spring Sec 3-d Amended","Real","$601,823","$601,823"
"R390052","R-16-3733-000O-0013","MAGAHA, DANIEL V & KRISTINA R","15043 SAVANNAH HEIGHTS DR  AUSTIN, TX 78717","15043 SAVANNAH HEIGHTS DR, AUSTIN, TX  78717","S7399 - Davis Spring Sec 3-d Amended, BLOCK O, Lot 13","R203597D"," ","S7399 - Davis Spring Sec 3-d Amended","Real","$764,821","$764,821"
"R390059","R-16-3733-000O-0020","WI, RICHARD & YUJIN JUN","15015 SAVANNAH HEIGHTS DR  AUSTIN, TX 78717","15015 SAVANNAH HEIGHTS DR, AUSTIN, TX  78717","S7399 - Davis Spring Sec 3-d Amended, BLOCK O, Lot 20","R203597D"," ","S7399 - Davis Spring Sec 3-d Amended","Real","$585,059","$585,059"
"R390061","R-16-3733-000O-0022","SHIN, SANG-REAL & KYUNGJIN-JOE SHIN","15005 SAVANNAH HEIGHTS DR  AUSTIN, TX 78717","15005 SAVANNAH HEIGHTS DR, AUSTIN, TX  78717","S7399 - Davis Spring Sec 3-d Amended, BLOCK O, Lot 22","R203597D"," ","S7399 - Davis Spring Sec 3-d Amended","Real","$662,375","$662,375"
"R390076","R-16-3733-000R-0011","KABAR, NICOLA SABA (TOD)","15104 SAVANNAH HEIGHTS DR  AUSTIN, TX 78717-4633","15104 SAVANNAH HEIGHTS DR, AUSTIN, TX  78717","S7399 - Davis Spring Sec 3-d Amended, BLOCK R, Lot 11","R203597D"," ","S7399 - Davis Spring Sec 3-d Amended","Real","$820,486","$820,486"
"R390080","R-16-3733-000R-0015","POBLETE CHRISTOPHER A & MARIA A CHAN-POBLETE TRUSTEES CACAP FAMILY LIVING TRUST","15038 SAVANNAH HEIGHTS DR  AUSTIN, TX 78717","15038 SAVANNAH HEIGHTS DR, AUSTIN, TX  78717","S7399 - Davis Spring Sec 3-d Amended, BLOCK R, Lot 15","R203597D"," ","S7399 - Davis Spring Sec 3-d Amended","Real","$597,100","$597,100"
"R390082","R-16-3733-000R-0017","CRONIN, CANDACE E BLAIR & BRIAN E","15008 SAVANNAH HEIGHTS DR  AUSTIN, TX 78717","15008 SAVANNAH HEIGHTS DR, AUSTIN, TX  78717","S7399 - Davis Spring Sec 3-d Amended, BLOCK R, Lot 17","R203597D"," ","S7399 - Davis Spring Sec 3-d Amended","Real","$765,872","$765,872"
"R390084","R-16-3733-000R-0019","SANCHEZ, JOHN D","15000 SAVANNAH HEIGHTS DR  AUSTIN, TX 78717","15000 SAVANNAH HEIGHTS DR, AUSTIN, TX  78717","S7399 - Davis Spring Sec 3-d Amended, BLOCK R, Lot 19","R203597D"," ","S7399 - Davis Spring Sec 3-d Amended","Real","$707,636","$707,636"
"R390086","R-16-3733-000R-0021","NGUYEN, PAUL K & CHRISTIE K PHAM","15101 TERRA VERDE DR  AUSTIN, TX 78717-4646","15101 TERRA VERDE DR, AUSTIN, TX  78717","S7399 - Davis Spring Sec 3-d Amended, BLOCK R, Lot 21","R203597D"," ","S7399 - Davis Spring Sec 3-d Amended","Real","$747,321","$747,321"
"R390093","R-16-3733-000R-0028","TWIEFEL, STANLEY K","15131 TERRA VERDE DR AUSTIN, TX 78717-4646","15131 TERRA VERDE DR, AUSTIN, TX  78717","S7399 - Davis Spring Sec 3-d Amended, BLOCK R, Lot 28","R203597D"," ","S7399 - Davis Spring Sec 3-d Amended","Real","$543,435","$543,435"
"R390109","R-16-3733-000T-0013","DIVINEKPEMLEGACY LLC","15143 TERRA VERDE DR  AUSTIN, TX 78717-4646","15239 CALAVERAS DR, AUSTIN, TX  78717","S7399 - Davis Spring Sec 3-d Amended, BLOCK T, Lot 13","R203597D"," ","S7399 - Davis Spring Sec 3-d Amended","Real","$589,122","$589,122"
"R390114","R-16-3733-000T-0018","MITCHELL ALAN GUMPL AND NATALIE ANN GUMPL CO-TRS OF THE G6 FAMILY TRUST","15129 THATCHER DR  AUSTIN, TX 78717-4688","15129 THATCHER DR, AUSTIN, TX  78717","S7399 - Davis Spring Sec 3-d Amended, BLOCK T, Lot 18","R203597D"," ","S7399 - Davis Spring Sec 3-d Amended","Real","$745,488","$745,488"
"R390116","R-16-3733-000T-0020","DUVVURI, CHANDRA S & RAJYA L VISWANADHA","15123 THATCHER DR  AUSTIN, TX 78717","15123 THATCHER DR, AUSTIN, TX  78717","S7399 - Davis Spring Sec 3-d Amended, BLOCK T, Lot 20","R203597D"," ","S7399 - Davis Spring Sec 3-d Amended","Real","$821,349","$821,349"
"R390120","R-16-3733-000T-0024","DANFORD, EDWARD D & TERESA R","15105 THATCHER DR  AUSTIN, TX 78717-4630","15105 THATCHER DR, AUSTIN, TX  78717","S7399 - Davis Spring Sec 3-d Amended, BLOCK T, Lot 24","R203597D"," ","S7399 - Davis Spring Sec 3-d Amended","Real","$758,672","$758,672"
"R390125","R-16-3733-000T-0029","TUMBE, KRISHNARAJ & DEEPTI BHATIA","15015 THATCHER DR  AUSTIN, TX 78717","15015 THATCHER DR, AUSTIN, TX  78717","S7399 - Davis Spring Sec 3-d Amended, BLOCK T, Lot 29","R203597D"," ","S7399 - Davis Spring Sec 3-d Amended","Real","$714,569","$714,569"
"R392362","R-16-3733-000S-0002","TRA, ANDELON XUAN","15220 CALAVERAS DR  AUSTIN, TX 78717","15220 CALAVERAS DR, AUSTIN, TX  78717","S7399 - Davis Spring Sec 3-d Amended, BLOCK S, Lot 2","R203597D"," ","S7399 - Davis Spring Sec 3-d Amended","Real","$827,690","$827,690"
"R392363","R-16-3733-000S-0003","RAJASEKAR, SATHISHBABU & DHIVYA VIJAYAKUMAR","3499 BUCKINGHAM DR SAN JOSE, CA 95118-1509","15216 CALAVERAS DR, AUSTIN, TX  78717","S7399 - Davis Spring Sec 3-d Amended, BLOCK S, Lot 3","R203597D"," ","S7399 - Davis Spring Sec 3-d Amended","Real","$796,908","$796,908"
"R392369","R-16-3733-000S-0009","WANG, XING & SUN JOOOH","15120 TERRA VERDE DR  AUSTIN, TX 78717","15120 TERRA VERDE DR, AUSTIN, TX  78717","S7399 - Davis Spring Sec 3-d Amended, BLOCK S, Lot 9","R203597D"," ","S7399 - Davis Spring Sec 3-d Amended","Real","$814,357","$814,357"
"R392373","R-16-3733-000S-0013","TURNER, SAMARA PAULETTE","15104 TERRA VERDE DR AUSTIN, TX 78717-4645","15104 TERRA VERDE DR, AUSTIN, TX  78717","S7399 - Davis Spring Sec 3-d Amended, BLOCK S, Lot 13","R203597D"," ","S7399 - Davis Spring Sec 3-d Amended","Real","$543,178","$543,178"
"R392375","R-16-3733-000S-0015","OH, JUNG MIN & RACHEL BOYOUNG OH","15020 TERRA VERDE DR  AUSTIN, TX 78717-4643","15020 TERRA VERDE DR, AUSTIN, TX  78717","S7399 - Davis Spring Sec 3-d Amended, BLOCK S, Lot 15","R203597D"," ","S7399 - Davis Spring Sec 3-d Amended","Real","$559,867","$559,867"
"R337598","R-16-3658-000A-0001","YAZDI, NADER NEKOOI","9901 MATEO CV AUSTIN, TX 78717-4517","9901 MATEO CV, AUSTIN, TX  78717","S5835 - Davis Spring Sec 3-a, BLOCK A, Lot 1","R203597D"," ","S5835 - Davis Spring Sec 3-a","Real","$825,856","$825,856"
"R337600","R-16-3658-000A-0003","NMJJ REVOCABLE TRUST","9909 MATEO CV  AUSTIN, TX 78717-4517","9909 MATEO CV, AUSTIN, TX  78717","S5835 - Davis Spring Sec 3-a, BLOCK A, Lot 3","R203597D"," ","S5835 - Davis Spring Sec 3-a","Real","$703,210","$703,210"
"R337601","R-16-3658-000A-0004","JEN, DAVID DA-WEI (JT) & XUHONG GAO (JT)","9913 MATEO CV  AUSTIN, TX 78717","9913 MATEO CV, AUSTIN, TX  78717","S5835 - Davis Spring Sec 3-a, BLOCK A, Lot 4","R203597D"," ","S5835 - Davis Spring Sec 3-a","Real","$580,126","$580,126"
"R337608","R-16-3658-000A-0009","HOANG DIEN B & HIEN T NGUYEN","9916 MATEO CV AUSTIN, TX 78717-4517","9916 MATEO CV, AUSTIN, TX  78717","S5835 - Davis Spring Sec 3-a, BLOCK A, Lot 9","R203597D"," ","S5835 - Davis Spring Sec 3-a","Real","$548,526","$548,526"
"R337609","R-16-3658-000A-0010","WEST, HUGH CLAYLON","9912 MATEO CV  AUSTIN, TX 78717","9912 MATEO CV, AUSTIN, TX  78717","S5835 - Davis Spring Sec 3-a, BLOCK A, Lot 10","R203597D"," ","S5835 - Davis Spring Sec 3-a","Real","$669,192","$669,192"
"R337614","R-16-3658-000A-0013","SALIH MOHAMED SABIR & SHIMA MOHAMED EL MUBARAK","9900 MATEO CV  AUSTIN, TX 78717-4517","9900 MATEO CV, AUSTIN, TX  78717","S5835 - Davis Spring Sec 3-a, BLOCK A, Lot 13","R203597D"," ","S5835 - Davis Spring Sec 3-a","Real","$552,858","$552,858"
"R337619","R-16-3658-000A-0018","TKACZ, ROLAND & KATARZYNA","10017 MIRAGE CV AUSTIN, TX 78717-4516","10017 MIRAGE CV, AUSTIN, TX  78717","S5835 - Davis Spring Sec 3-a, BLOCK A, Lot 18","R203597D"," ","S5835 - Davis Spring Sec 3-a","Real","$503,394","$503,394"
"R337628","R-16-3658-000A-0025","TILLMAN, DAVID W & JULIE C","10010 MIRAGE CV  AUSTIN, TX 78717","10010 MIRAGE CV, AUSTIN, TX  78717","S5835 - Davis Spring Sec 3-a, BLOCK A, Lot 25","R203597D"," ","S5835 - Davis Spring Sec 3-a","Real","$543,552","$543,552"
"R337636","R-16-3658-000A-0032","STONEHAM, GEROGE M JR & PATRICIA M","10017 MAJORCA DR AUSTIN, TX 78717-4514","10017 MAJORCA DR, AUSTIN, TX  78717","S5835 - Davis Spring Sec 3-a, BLOCK A, Lot 32","R203597D"," ","S5835 - Davis Spring Sec 3-a","Real","$591,909","$591,909"
"R337637","R-16-3658-000A-0033","WILLMAN CAROL L & JAMES L","10021 MAJORCA DR AUSTIN, TX 78717-4514","10021 MAJORCA DR, AUSTIN, TX  78717","S5835 - Davis Spring Sec 3-a, BLOCK A, Lot 33","R203597D"," ","S5835 - Davis Spring Sec 3-a","Real","$668,900","$668,900"
"R337638","R-16-3658-000A-0034","VAZQUEZ, ADAN RAFAEL RUIZ & CHRISTIAN CAROLINA GOMEZ-TORRES","10025 MAJORCA DR  AUSTIN, TX 78717-4514","10025 MAJORCA DR, AUSTIN, TX  78717","S5835 - Davis Spring Sec 3-a, BLOCK A, Lot 34","R203597D"," ","S5835 - Davis Spring Sec 3-a","Real","$562,352","$562,352"
"R337640","R-16-3658-000A-0036","ORIANO-DARNALL, ANGELA","3803 SEPTEMBER DR BAYTOWN, TX 77521-2608","10105 MAJORCA DR, AUSTIN, TX  78717","S5835 - Davis Spring Sec 3-a, BLOCK A, Lot 36","R203597D"," ","S5835 - Davis Spring Sec 3-a","Real","$510,150","$510,150"
"R337641","R-16-3658-000A-0037","MODUGU, RAJASHEKHAR R & KEERTHI CHALLABOTLA","14716 IVEANS WAY AUSTIN, TX 78717-4155","10109 MAJORCA DR, AUSTIN, TX  78717","S5835 - Davis Spring Sec 3-a, BLOCK A, Lot 37","R203597D"," ","S5835 - Davis Spring Sec 3-a","Real","$542,735","$542,735"
"R337643","R-16-3658-000A-0039","ANNE MARGARET KEE TR OF THE ANNE MARGARET KEE SURVIVORS TRUST","10117 MAJORCA DR  AUSTIN, TX 78717-4515","10117 MAJORCA DR, AUSTIN, TX  78717","S5835 - Davis Spring Sec 3-a, BLOCK A, Lot 39","R203597D"," ","S5835 - Davis Spring Sec 3-a","Real","$569,306","$569,306"
"R337647","R-16-3658-000A-0043","MORAN, LUCIANA L","10028 VALONA DR  AUSTIN, TX 78717","10028 VALONA DR, AUSTIN, TX  78717","S5835 - Davis Spring Sec 3-a, BLOCK A, Lot 43","R203597D"," ","S5835 - Davis Spring Sec 3-a","Real","$590,326","$590,326"
"R337649","R-16-3658-000A-0045","PELOSI, ROCCO L & JANENE W","10020 VALONA DR AUSTIN, TX 78717-4506","10020 VALONA DR, AUSTIN, TX  78717","S5835 - Davis Spring Sec 3-a, BLOCK A, Lot 45","R203597D"," ","S5835 - Davis Spring Sec 3-a","Real","$593,471","$593,471"
"R337655","R-16-3658-000A-0051","BAWANY, AYESHA ARIF & SYED FARRUKH NAJAM","10001 LACHLAN DR  AUSTIN, TX 78717-4503","10001 LACHLAN DR, AUSTIN, TX  78717","S5835 - Davis Spring Sec 3-a, BLOCK A, Lot 51","R203597D"," ","S5835 - Davis Spring Sec 3-a","Real","$803,777","$803,777"
"R337658","R-16-3658-000A-0054","BOSWELL, DAVID BRUCE","10013 LACHLAN DR AUSTIN, TX 78717-4503","10013 LACHLAN DR, AUSTIN, TX  78717","DAVIS SPRING SEC 3-A, BLOCK A, LOT 54","R203597D"," ","S5835 - Davis Spring Sec 3-a","Real","$514,260","$514,260"
"R337659","R-16-3658-000A-0055","ARCURI ANTHONY TR & MARCIA TR OF ARCURI FAMILY TRUST","10017 LACHLAN DR AUSTIN, TX 78717-4503","10017 LACHLAN DR, AUSTIN, TX  78717","S5835 - Davis Spring Sec 3-a, BLOCK A, Lot 55","R203597D"," ","S5835 - Davis Spring Sec 3-a","Real","$621,709","$621,709"
"R337666","R-16-3658-000A-0061","BAHRENBURG, AUSTIN & MARISSA","10041 LACHLAN DR  AUSTIN, TX 78717","10041 LACHLAN DR, AUSTIN, TX  78717","S5835 - Davis Spring Sec 3-a, BLOCK A, Lot 61","R203597D"," ","S5835 - Davis Spring Sec 3-a","Real","$587,281","$587,281"
"R337672","R-16-3658-000A-0066","SAHIN, TOLGA & ASLI","14900 GALENA DR  AUSTIN, TX 78717","14900 GALENA DR, AUSTIN, TX  78717","S5835 - Davis Spring Sec 3-a, BLOCK A, Lot 66","R203597D"," ","S5835 - Davis Spring Sec 3-a","Real","$703,973","$703,973"
"R337676","R-16-3658-000B-0003","CLODFELTER, TERRY W & TERRI L","10008 MAJORCA DR  AUSTIN, TX 78717-4511","10008 MAJORCA DR, AUSTIN, TX  78717","S5835 - Davis Spring Sec 3-a, BLOCK B, Lot 3","R203597D"," ","S5835 - Davis Spring Sec 3-a","Real","$575,288","$575,288"
"R337678","R-16-3658-000B-0005","SANKARANARAYANAN, SUBRAMANIAN & AMRUTHA SRIDHAR","10016 MAJORCA DR  AUSTIN, TX 78717-4511","10016 MAJORCA DR, AUSTIN, TX  78717","S5835 - Davis Spring Sec 3-a, BLOCK B, Lot 5","R203597D"," ","S5835 - Davis Spring Sec 3-a","Real","$588,953","$588,953"
"R337679","R-16-3658-000B-0006","KUBICEK, NORMA J","10020 MAJORCA DR AUSTIN, TX 78717-4511","10020 MAJORCA DR, AUSTIN, TX  78717","S5835 - Davis Spring Sec 3-a, BLOCK B, Lot 6","R203597D"," ","S5835 - Davis Spring Sec 3-a","Real","$550,936","$550,936"
"R337681","R-16-3658-000B-0008","MALAY KESHAVJI KOTHARI & KALPA METHA AS CO-TRS OF THE KOTHARI LIVING TRUST","10021 VALONA DR  AUSTIN, TX 78717-4508","10021 VALONA DR, AUSTIN, TX  78717","S5835 - Davis Spring Sec 3-a, BLOCK B, Lot 8","R203597D"," ","S5835 - Davis Spring Sec 3-a","Real","$720,415","$720,415"
"R337682","R-16-3658-000B-0009","WANG, KUN","10017 VALONA DR  AUSTIN, TX 78717","10017 VALONA DR, AUSTIN, TX  78717","S5835 - Davis Spring Sec 3-a, BLOCK B, Lot 9","R203597D"," ","S5835 - Davis Spring Sec 3-a","Real","$504,567","$504,567"
"R337688","R-16-3658-000G-0015","ZAMBIE, ANA PATRICIA (TOD) & PAUL JOHN (TOD)","10000 LACHLAN DR  AUSTIN, TX 78717","10000 LACHLAN DR, AUSTIN, TX  78717","S5835 - Davis Spring Sec 3-a, BLOCK G, Lot 15","R203597D"," ","S5835 - Davis Spring Sec 3-a","Real","$600,900","$600,900"
"R337690","R-16-3658-000G-0017","TANG, JIE","10008 LACHLAN DR  AUSTIN, TX 78717","10008 LACHLAN DR, AUSTIN, TX  78717","S5835 - Davis Spring Sec 3-a, BLOCK G, Lot 17","R203597D"," ","S5835 - Davis Spring Sec 3-a","Real","$572,150","$572,150"
"R337691","R-16-3658-000G-0018","RIGSTAD, DENNIS (LE) & DOROTHY (LE)","10012 LACHLAN DR  AUSTIN, TX 78717-4500","10012 LACHLAN DR, AUSTIN, TX  78717","S5835 - Davis Spring Sec 3-a, BLOCK G, Lot 18","R203597D"," ","S5835 - Davis Spring Sec 3-a","Real","$556,834","$556,834"
"R337692","R-16-3658-000G-0019","CESPEDES, ROCIO","10016 LACHLAN DR  AUSTIN, TX 78717","10016 LACHLAN DR, AUSTIN, TX  78717","S5835 - Davis Spring Sec 3-a, BLOCK G, Lot 19","R203597D"," ","S5835 - Davis Spring Sec 3-a","Real","$524,459","$524,459"
"R337693","R-16-3658-000G-0020","NAMMI, SAIRAMESH","9916 BUNDORAN DR  AUSTIN, TX 78717","10020 LACHLAN DR, AUSTIN, TX  78717","S5835 - Davis Spring Sec 3-a, BLOCK G, Lot 20","R203597D"," ","S5835 - Davis Spring Sec 3-a","Real","$595,509","$595,509"
"R337695","R-16-3658-000G-0022","KIM, CHANG HWAN & INSUK KIM","10028 LACHLAN DR  AUSTIN, TX 78717","10028 LACHLAN DR, AUSTIN, TX  78717","S5835 - Davis Spring Sec 3-a, BLOCK G, Lot 22","R203597D"," ","S5835 - Davis Spring Sec 3-a","Real","$579,589","$579,589"
"R337697","R-16-3658-000G-0024","EL-SISI, AMGAD & SAKINA","10036 LACHLAN DR  AUSTIN, TX 78717","10036 LACHLAN DR, AUSTIN, TX  78717","S5835 - Davis Spring Sec 3-a, BLOCK G, Lot 24","R203597D"," ","S5835 - Davis Spring Sec 3-a","Real","$586,322","$586,322"
"R337698","R-16-3658-000G-0025","SALEH, AZIZ (TOD) & MITRA KOOKMA (TOD)","10040 LACHLAN DR  AUSTIN, TX 78717-4501","10040 LACHLAN DR, AUSTIN, TX  78717","S5835 - Davis Spring Sec 3-a, BLOCK G, Lot 25","R203597D"," ","S5835 - Davis Spring Sec 3-a","Real","$713,685","$713,685"
"R337700","R-16-3658-000G-0027","LANDUYT, NOEL G","10100 LACHLAN DR AUSTIN, TX 78717-4502","10100 LACHLAN DR, AUSTIN, TX  78717","S5835 - Davis Spring Sec 3-a, BLOCK G, Lot 27","R203597D"," ","S5835 - Davis Spring Sec 3-a","Real","$511,584","$511,584"
"R337707","R-16-3659-000C-0003","PEREZ, MICHAEL & CYNTHIA","9905 MARIAH CV AUSTIN, TX 78717-4518","9905 MARIAH CV, AUSTIN, TX  78717","S5837 - Davis Spring Sec 5-a, BLOCK C, Lot 3","R203597D"," ","S5837 - Davis Spring Sec 5-a","Real","$577,337","$577,337"
"R337708","R-16-3659-000C-0004","BURCHFIELD, MARK E","9901 MARIAH CV AUSTIN, TX 78717-4518","9901 MARIAH CV, AUSTIN, TX  78717","S5837 - Davis Spring Sec 5-a, BLOCK C, Lot 4","R203597D"," ","S5837 - Davis Spring Sec 5-a","Real","$686,529","$686,529"
"R337716","R-16-3659-000C-0011","YANG, YUEH-HUAN & WANYEE","9911 MAJORCA DR  AUSTIN, TX 78717","9911 MAJORCA DR, AUSTIN, TX  78717","S5837 - Davis Spring Sec 5-a, BLOCK C, Lot 11","R203597D"," ","S5837 - Davis Spring Sec 5-a","Real","$699,972","$699,972"
"R337719","R-16-3659-000C-0013","DAVIS SPRING RESIDENTIAL PROPERTY OWNERS ASSOCIATION INC","C/O SPECTRUM RESIDENTIAL MGT PO BOX 727 HOUSTON, TX 77001-0727","14800 THATCHER DR, AUSTIN, TX  78717","S5837 - Davis Spring Sec 5-a, BLOCK C, Lot 13, ACRES 5.19, (PARK, AMENITIES)","R203597D"," ","S5837 - Davis Spring Sec 5-a","Real","$12,820","$12,820"
"R337723","R-16-3659-000D-0004","BRECKEL, CARRIE L","14901 CALAVERAS DR  AUSTIN, TX 78717","14901 CALAVERAS DR, AUSTIN, TX  78717","S5837 - Davis Spring Sec 5-a, BLOCK D, Lot 4","R203597D"," ","S5837 - Davis Spring Sec 5-a","Real","$493,038","$493,038"
"R337725","R-16-3659-000D-0006","MIRJAFARI, MEHRAN","38 RIDGEFIELD RD  CENTERPORT, NY 11721-1506","14909 CALAVERAS DR, AUSTIN, TX  78717","S5837 - Davis Spring Sec 5-a, BLOCK D, Lot 6","R203597D"," ","S5837 - Davis Spring Sec 5-a","Real","$573,177","$573,177"
"R337733","R-16-3659-000D-0019","BOYSEN, JAMES A","14920 THATCHER DR AUSTIN, TX 78717-4523","14920 THATCHER DR, AUSTIN, TX  78717","S5837 - Davis Spring Sec 5-a, BLOCK D, Lot 19","R203597D"," ","S5837 - Davis Spring Sec 5-a","Real","$562,582","$562,582"
"R337735","R-16-3659-000D-0021","MUELLER, STEPHEN M & CATHRYN L","14912 THATCHER DR  AUSTIN, TX 78717-4523","14912 THATCHER DR, AUSTIN, TX  78717","S5837 - Davis Spring Sec 5-a, BLOCK D, Lot 21","R203597D"," ","S5837 - Davis Spring Sec 5-a","Real","$566,686","$566,686"
"R337736","R-16-3659-000D-0022","KHALID, AHMED & NIDA ZAMIR","14908 THATCHER DR  AUSTIN, TX 78717-4523","14908 THATCHER DR, AUSTIN, TX  78717","S5837 - Davis Spring Sec 5-a, BLOCK D, Lot 22","R203597D"," ","S5837 - Davis Spring Sec 5-a","Real","$739,275","$739,275"
"R337737","R-16-3659-000D-0023","GHARAVI, SUZANNE","14904 THATCHER DR AUSTIN, TX 78717-4523","14904 THATCHER DR, AUSTIN, TX  78717","S5837 - Davis Spring Sec 5-a, BLOCK D, Lot 23","R203597D"," ","S5837 - Davis Spring Sec 5-a","Real","$738,595","$738,595"
"R337738","R-16-3659-000D-0024","ERIC PETER WERNICKE & ELENOR FELISA WERNICKE OF EPW & EFW LIVING TRUST","443 MONTALCINO LN  GEORGETOWN, TX 78628-7268","14900 THATCHER DR, AUSTIN, TX  78717","S5837 - Davis Spring Sec 5-a, BLOCK D, Lot 24","R203597D"," ","S5837 - Davis Spring Sec 5-a","Real","$847,232","$847,232"
"R337740","R-16-3659-000D-0026","JOSHI, ABHIR & SANHITA","9912 MAJORCA DR  AUSTIN, TX 78717","9912 MAJORCA DR, AUSTIN, TX  78717","S5837 - Davis Spring Sec 5-a, BLOCK D, Lot 26","R203597D"," ","S5837 - Davis Spring Sec 5-a","Real","$603,043","$603,043"
"R337743","R-16-3659-000E-0007","TJOA, WILLIAM","15009 CORDERO DR AUSTIN, TX 78717-4538","15009 CORDERO DR, AUSTIN, TX  78717","S5837 - Davis Spring Sec 5-a, BLOCK E, Lot 7","R203597D"," ","S5837 - Davis Spring Sec 5-a","Real","$563,366","$563,366"
"R337748","R-16-3659-000E-0012","MCGUINNESS, KEVIN J & MARY BYRNE","14945 CORDERO DR  AUSTIN, TX 78717","14945 CORDERO DR, AUSTIN, TX  78717","S5837 - Davis Spring Sec 5-a, BLOCK E, Lot 12","R203597D"," ","S5837 - Davis Spring Sec 5-a","Real","$644,408","$644,408"
"R337755","R-16-3659-000E-0018","WILSON, ROSEMARY W","14921 CORDERO DR AUSTIN, TX 78717-4537","14921 CORDERO DR, AUSTIN, TX  78717","S5837 - Davis Spring Sec 5-a, BLOCK E, Lot 18","R203597D"," ","S5837 - Davis Spring Sec 5-a","Real","$731,629","$731,629"
"R337756","R-16-3659-000E-0019","TRS THE PRL TRUST","14917 CORDERO DR  AUSTIN, TX 78717","14917 CORDERO DR, AUSTIN, TX  78717","S5837 - Davis Spring Sec 5-a, BLOCK E, Lot 19","R203597D"," ","S5837 - Davis Spring Sec 5-a","Real","$606,184","$606,184"
"R337761","R-16-3659-000E-0023","MOTA, JERONIMO & DANIELA I","14901 CORDERO DR  AUSTIN, TX 78717","14901 CORDERO DR, AUSTIN, TX  78717","S5837 - Davis Spring Sec 5-a, BLOCK E, Lot 23","R203597D"," ","S5837 - Davis Spring Sec 5-a","Real","$593,265","$593,265"
"R337763","R-16-3659-000E-0025","EDDINS, EMILY R","14825 CORDERO DR AUSTIN, TX 78717-4535","14825 CORDERO DR, AUSTIN, TX  78717","S5837 - Davis Spring Sec 5-a, BLOCK E, Lot 25","R203597D"," ","S5837 - Davis Spring Sec 5-a","Real","$630,808","$630,808"
"R337766","R-16-3659-000E-0028","BUI, CHI (LE) & HANNA PHAN (LE)","14813 CORDERO DR  AUSTIN, TX 78717-4535","14813 CORDERO DR, AUSTIN, TX  78717","S5837 - Davis Spring Sec 5-a, BLOCK E, Lot 28","R203597D"," ","S5837 - Davis Spring Sec 5-a","Real","$529,206","$529,206"
"R337771","R-16-3659-000F-0002","TRUJILLO, JULIA & PETE","15008 CORDERO DR  AUSTIN, TX 78717","15008 CORDERO DR, AUSTIN, TX  78717","S5837 - Davis Spring Sec 5-a, BLOCK F, Lot 2","R203597D"," ","S5837 - Davis Spring Sec 5-a","Real","$515,196","$515,196"
"R337778","R-16-3659-000F-0009","NEWTON, BETHANY & MATTHEW","14920 CORDERO DR  AUSTIN, TX 78717","14920 CORDERO DR, AUSTIN, TX  78717","S5837 - Davis Spring Sec 5-a, BLOCK F, Lot 9","R203597D"," ","S5837 - Davis Spring Sec 5-a","Real","$599,685","$599,685"
"R337780","R-16-3659-000F-0011","WANG, ZEHAI & RUFENG MA","14912 CORDERO DR  AUSTIN, TX 78717","14912 CORDERO DR, AUSTIN, TX  78717","S5837 - Davis Spring Sec 5-a, BLOCK F, Lot 11","R203597D"," ","S5837 - Davis Spring Sec 5-a","Real","$685,790","$685,790"
"R337784","R-16-3659-000F-0015","GOODMAN, JANETTE C & WILLIAM K","14816 CORDERO DR  AUSTIN, TX 78717-4532","14816 CORDERO DR, AUSTIN, TX  78717","S5837 - Davis Spring Sec 5-a, BLOCK F, Lot 15","R203597D"," ","S5837 - Davis Spring Sec 5-a","Real","$535,391","$535,391"
"R337788","R-16-3659-000F-0019","VORA, KAPIL RAJENDRA (TOD) & MUGDHA ACHYUT JOGLEKAR (TOD)","14801 THATCHER DR  AUSTIN, TX 78717","14801 THATCHER DR, AUSTIN, TX  78717","S6782 - Davis Spring Sec 5-a Lt 19 Blk F Amended, BLOCK F, Lot 19A","R203597D"," ","S6782 - Davis Spring Sec 5-a Lt 19 Blk F Amended","Real","$571,163","$571,163"
"R337789","R-16-3659-000F-0020","ABHIJIT PATWARDHAN & MANJUSHA PATWARDHAN TRS OF THE PATWARDHAN LIVING TRUST","14805 THATCHER DR  AUSTIN, TX 78717-4525","14805 THATCHER DR, AUSTIN, TX  78717","S5837 - Davis Spring Sec 5-a, BLOCK F, Lot 20","R203597D"," ","S5837 - Davis Spring Sec 5-a","Real","$561,530","$561,530"
"R337790","R-16-3659-000F-0021","MOELLER, ERICA C","14809 THATCHER DR  AUSTIN, TX 78717","14809 THATCHER DR, AUSTIN, TX  78717","S5837 - Davis Spring Sec 5-a, BLOCK F, Lot 21","R203597D"," ","S5837 - Davis Spring Sec 5-a","Real","$538,704","$538,704"
"R337791","R-16-3659-000F-0022","POWELL, WILLIAM & JANICE","14813 THATCHER DR AUSTIN, TX 78717-4525","14813 THATCHER DR, AUSTIN, TX  78717","S5837 - Davis Spring Sec 5-a, BLOCK F, Lot 22","R203597D"," ","S5837 - Davis Spring Sec 5-a","Real","$557,254","$557,254"
"R337794","R-16-3659-000F-0025","SINGH, SANTOSH K","9801 NEPAL CV  AUSTIN, TX 78717","9801 NEPAL CV, AUSTIN, TX  78717","S5837 - Davis Spring Sec 5-a, BLOCK F, Lot 25","R203597D"," ","S5837 - Davis Spring Sec 5-a","Real","$751,109","$751,109"
"R337795","R-16-3659-000F-0026","KUHN, DOUGLAS TODD II","9800 NEPAL CV AUSTIN, TX 78717-4539","9800 NEPAL CV, AUSTIN, TX  78717","S5837 - Davis Spring Sec 5-a, BLOCK F, Lot 26","R203597D"," ","S5837 - Davis Spring Sec 5-a","Real","$848,447","$848,447"
"R337796","R-16-3659-000F-0027","ROBERTO M PENA & JUANA T PENA TRS OF THE GARPENA ESTATE","9804 NEPAL CV  AUSTIN, TX 78717-4539","9804 NEPAL CV, AUSTIN, TX  78717","S5837 - Davis Spring Sec 5-a, BLOCK F, Lot 27","R203597D"," ","S5837 - Davis Spring Sec 5-a","Real","$739,909","$739,909"
"R337799","R-16-3659-000F-0030","HONG, BRIAN CHUNGTZU & MARY","14825 THATCHER DR  AUSTIN, TX 78717-4528","14825 THATCHER DR, AUSTIN, TX  78717","S5837 - Davis Spring Sec 5-a, BLOCK F, Lot 30","R203597D"," ","S5837 - Davis Spring Sec 5-a","Real","$562,299","$562,299"
"R337801","R-16-3659-000F-0032","WEDGE, MICHAEL T & DIANA D","14833 THATCHER DR  AUSTIN, TX 78717-4528","14833 THATCHER DR, AUSTIN, TX  78717","S5837 - Davis Spring Sec 5-a, BLOCK F, Lot 32","R203597D"," ","S5837 - Davis Spring Sec 5-a","Real","$754,367","$754,367"
"R337803","R-16-3659-000F-0034","VASEK, BARRY T & DEBBIE K","9809 FALLON CV  AUSTIN, TX 78717-4540","9809 FALLON CV, AUSTIN, TX  78717","S5837 - Davis Spring Sec 5-a, BLOCK F, Lot 34","R203597D"," ","S5837 - Davis Spring Sec 5-a","Real","$570,027","$570,027"
"R337806","R-16-3659-000F-0037","ACHARYA, ANAND & MANSI","9800 FALLON CV  AUSTIN, TX 78717","9800 FALLON CV, AUSTIN, TX  78717","S5837 - Davis Spring Sec 5-a, BLOCK F, Lot 37","R203597D"," ","S5837 - Davis Spring Sec 5-a","Real","$799,012","$799,012"
"R337809","R-16-3659-000F-0040","ROMERO, CESAR & JESSICA","14913 THATCHER DR  AUSTIN, TX 78717","14913 THATCHER DR, AUSTIN, TX  78717","S5837 - Davis Spring Sec 5-a, BLOCK F, Lot 40","R203597D"," ","S5837 - Davis Spring Sec 5-a","Real","$503,180","$503,180"
"R359427","R-16-3669-000A-0002","BALTAOGLU, HAKAN TRUSTEE OF THE 2015 ANTHONY METIN BALTAOGLU TRUST","3813 PANTHER HALL LEANDER, TX 78641-3698","14744 OLIVE HILL DR, AUSTIN, TX  78717","S6401 - Davis Spring Sec 6-a, BLOCK A, Lot 2","R203597D"," ","S6401 - Davis Spring Sec 6-a","Real","$695,125","$695,125"
"R359431","R-16-3669-000A-0006","KUBANEY, HOLLY R","14728 OLIVE HILL DR  AUSTIN, TX 78717","14728 OLIVE HILL DR, AUSTIN, TX  78717","S6401 - Davis Spring Sec 6-a, BLOCK A, Lot 6","R203597D"," ","S6401 - Davis Spring Sec 6-a","Real","$767,568","$767,568"
"R359434","R-16-3669-000A-0009","KAMALANATHAN RAJAGOPALAN & SUGITHA BAVANANDAM TRS KAMALSUGITHA FAMILY TRUST","14716 OLIVE HILL DR AUSTIN, TX 78717-4571","14716 OLIVE HILL DR, AUSTIN, TX  78717","S6401 - Davis Spring Sec 6-a, BLOCK A, Lot 9","R203597D"," ","S6401 - Davis Spring Sec 6-a","Real","$750,231","$750,231"
"R359436","R-16-3669-000A-0011","CAVAZOS, SALVADOR & BERTHA A","PO BOX 202793 AUSTIN, TX 78720-2793","14708 OLIVE HILL DR, AUSTIN, TX  78717","S6401 - Davis Spring Sec 6-a, BLOCK A, Lot 11","R203597D"," ","S6401 - Davis Spring Sec 6-a","Real","$605,760","$605,760"
"R359440","R-16-3669-000B-0001","CHEUNG, TIMYIAN & LOAN-KIEU LE PHAM","14747 OLIVE HILL DR  AUSTIN, TX 78717","14747 OLIVE HILL DR, AUSTIN, TX  78717","S6401 - Davis Spring Sec 6-a, BLOCK B, Lot 1","R203597D"," ","S6401 - Davis Spring Sec 6-a","Real","$773,496","$773,496"
"R359445","R-16-3669-000B-0006","LOFORESE, JOHN A & VICTORIA PRZYBYLAK LEVASSEUR","9605 RYOAKS CV  AUSTIN, TX 78717","9605 RYOAKS CV, AUSTIN, TX  78717","S6401 - Davis Spring Sec 6-a, BLOCK B, Lot 6","R203597D"," ","S6401 - Davis Spring Sec 6-a","Real","$632,994","$632,994"
"R359448","R-16-3669-000B-0009","YEOLE SANDEEP JAGANNATH & ARCHANA PRABHAKAR WANI","14709 OLIVE HILL DR  AUSTIN, TX 78717","14709 OLIVE HILL DR, AUSTIN, TX  78717","S6401 - Davis Spring Sec 6-a, BLOCK B, Lot 9","R203597D"," ","S6401 - Davis Spring Sec 6-a","Real","$693,288","$693,288"
"R359453","R-16-3669-000B-0014","JONES, TERENCE & JENNY SIMPSON","14720 IRONDALE DR  AUSTIN, TX 78717","14720 IRONDALE DR, AUSTIN, TX  78717","S6401 - Davis Spring Sec 6-a, BLOCK B, Lot 14","R203597D"," ","S6401 - Davis Spring Sec 6-a","Real","$564,742","$564,742"
"R359457","R-16-3669-000B-0018","ROBERTS, CHARLES & LESLIE LAURA","14800 IRONDALE DR  AUSTIN, TX 78717","14800 IRONDALE DR, AUSTIN, TX  78717","S6401 - Davis Spring Sec 6-a, BLOCK B, Lot 18","R203597D"," ","S6401 - Davis Spring Sec 6-a","Real","$744,847","$744,847"
"R359459","R-16-3669-000C-0001","THOMPSON, SHARON G","6306 OLD HARBOR LN  AUSTIN, TX 78739-1547","14701 IRONDALE DR, AUSTIN, TX  78717","S6401 - Davis Spring Sec 6-a, BLOCK C, Lot 1","R203597D"," ","S6401 - Davis Spring Sec 6-a","Real","$551,568","$551,568"
"R359461","R-16-3669-000C-0003","CHANG, HUNG-TA & LAI-HSIANG","14709 IRONDALE DR  AUSTIN, TX 78717","14709 IRONDALE DR, AUSTIN, TX  78717","S6401 - Davis Spring Sec 6-a, BLOCK C, Lot 3","R203597D"," ","S6401 - Davis Spring Sec 6-a","Real","$657,362","$657,362"
"R359462","R-16-3669-000C-0004","VUONG PHONG & CHINH QUACH","14713 IRONDALE DR AUSTIN, TX 78717-4583","14713 IRONDALE DR, AUSTIN, TX  78717","S6401 - Davis Spring Sec 6-a, BLOCK C, Lot 4","R203597D"," ","S6401 - Davis Spring Sec 6-a","Real","$754,164","$754,164"
"R359464","R-16-3669-000C-0006","HARTLINE, PETER CECIL","14721 IRONDALE DR  AUSTIN, TX 78717","14721 IRONDALE DR, AUSTIN, TX  78717","S6401 - Davis Spring Sec 6-a, BLOCK C, Lot 6","R203597D"," ","S6401 - Davis Spring Sec 6-a","Real","$792,780","$792,780"
"R359651","R-16-3668-000D-0010","NGUYEN LIEM & HOA CUNG","14925 CALAVERAS DR AUSTIN, TX 78717-4574","14925 CALAVERAS DR, AUSTIN, TX  78717","S6259 - Davis Spring Sec 3-b, BLOCK D, Lot 10","R203597D"," ","S6259 - Davis Spring Sec 3-b","Real","$562,375","$562,375"
"R359658","R-16-3668-000G-0005","DULL, RICHARD A & AISHA D","10137 CASSANDRA DR AUSTIN, TX 78717-4567","10137 CASSANDRA DR, AUSTIN, TX  78717","S6259 - Davis Spring Sec 3-b, BLOCK G, Lot 5","R203597D"," ","S6259 - Davis Spring Sec 3-b","Real","$555,001","$555,001"
"R359659","R-16-3668-000G-0006","BRIAN CHAN & YI SHIUAN YU TRS BRIAN CHAN & YI SHIUAN YU 2019 REVOCABLE TRUST","224 MONACO DR  REDWOOD CITY, CA 94065-2864","10133 CASSANDRA DR, AUSTIN, TX  78717","S6259 - Davis Spring Sec 3-b, BLOCK G, Lot 6","R203597D"," ","S6259 - Davis Spring Sec 3-b","Real","$512,430","$512,430"
"R359661","R-16-3668-000G-0008","GAJRE, MANJEET & SMITA MANJEET","10125 CASSANDRA DR  AUSTIN, TX 78717","10125 CASSANDRA DR, AUSTIN, TX  78717","S6259 - Davis Spring Sec 3-b, BLOCK G, Lot 8","R203597D"," ","S6259 - Davis Spring Sec 3-b","Real","$594,919","$594,919"
"R359663","R-16-3668-000G-0010","LIM, IVAN","504 KODIAK TRL  CEDAR PARK, TX 78613-4108","10117 CASSANDRA DR, AUSTIN, TX  78717","S6259 - Davis Spring Sec 3-b, BLOCK G, Lot 10","R203597D"," ","S6259 - Davis Spring Sec 3-b","Real","$551,437","$551,437"
"R359668","R-16-3668-000G-0028","RANA, SHONNETTE GISHELL & ARJUN S","10217 CASSANDRA DR  AUSTIN, TX 78717","10217 CASSANDRA DR, AUSTIN, TX  78717","S6259 - Davis Spring Sec 3-b, BLOCK G, Lot 28","R203597D"," ","S6259 - Davis Spring Sec 3-b","Real","$569,952","$569,952"
"R359669","R-16-3668-000G-0029","DHIMATE, YOGESH & ARCHANA WADEKAR","10213 CASSANDRA DR  AUSTIN, TX 78717","10213 CASSANDRA DR, AUSTIN, TX  78717","S6259 - Davis Spring Sec 3-b, BLOCK G, Lot 29","R203597D"," ","S6259 - Davis Spring Sec 3-b","Real","$609,735","$609,735"
"R359670","R-16-3668-000H-0001","HOLDER, CRYSTAL L","1002 DORAL CT ROUND ROCK, TX 78664-6262","10229 ANDORA DR, AUSTIN, TX  78717","S6259 - Davis Spring Sec 3-b, BLOCK H, Lot 1","R203597D"," ","S6259 - Davis Spring Sec 3-b","Real","$529,005","$529,005"
"R359672","R-16-3668-000H-0003","OH, YOUNG JIN & EUN MI OH LEE","10221 ANDORA DR  AUSTIN, TX 78717","10221 ANDORA DR, AUSTIN, TX  78717","S6259 - Davis Spring Sec 3-b, BLOCK H, Lot 3","R203597D"," ","S6259 - Davis Spring Sec 3-b","Real","$578,144","$578,144"
"R359673","R-16-3668-000H-0004","ELANGOVAN, RAJA & SUBADHRA RAJA","10217 ANDORA DR  AUSTIN, TX 78717","10217 ANDORA DR, AUSTIN, TX  78717","S6259 - Davis Spring Sec 3-b, BLOCK H, Lot 4","R203597D"," ","S6259 - Davis Spring Sec 3-b","Real","$533,906","$533,906"
"R359674","R-16-3668-000H-0005","ZHAO, CAI & BIHUI LIU","10213 ANDORA DR  AUSTIN, TX 78717","10213 ANDORA DR, AUSTIN, TX  78717","S6259 - Davis Spring Sec 3-b, BLOCK H, Lot 5","R203597D"," ","S6259 - Davis Spring Sec 3-b","Real","$547,791","$547,791"
"R359677","R-16-3668-000H-0008","BEANE, WILLIAM P JR & STACYE R","10201 ANDORA DR AUSTIN, TX 78717-4563","10201 ANDORA DR, AUSTIN, TX  78717","S6259 - Davis Spring Sec 3-b, BLOCK H, Lot 8","R203597D"," ","S6259 - Davis Spring Sec 3-b","Real","$529,383","$529,383"
"R359678","R-16-3668-000H-0009","BRAY, GAYNELL","10131 ANDORA DR AUSTIN, TX 78717-4562","10131 ANDORA DR, AUSTIN, TX  78717","S6259 - Davis Spring Sec 3-b, BLOCK H, Lot 9","R203597D"," ","S6259 - Davis Spring Sec 3-b","Real","$550,733","$550,733"
"R359680","R-16-3668-000H-0011","VENKITACHALAM, SURESH & PADMA CHINNASWAMY","10123 ANDORA DR  AUSTIN, TX 78717","10123 ANDORA DR, AUSTIN, TX  78717","S6259 - Davis Spring Sec 3-b, BLOCK H, Lot 11","R203597D"," ","S6259 - Davis Spring Sec 3-b","Real","$602,789","$602,789"
"R359681","R-16-3668-000H-0012","MENON RAVI P & ASHA R","10119 ANDORA DR AUSTIN, TX 78717-4562","10119 ANDORA DR, AUSTIN, TX  78717","S6259 - Davis Spring Sec 3-b, BLOCK H, Lot 12","R203597D"," ","S6259 - Davis Spring Sec 3-b","Real","$569,710","$569,710"
"R359682","R-16-3668-000H-0013","ROGERS, NICOLE & JENNIFER BIALEK","4145 GEORGIAN TRL  FRISCO, TX 75033","10115 ANDORA DR, AUSTIN, TX  78717","S6259 - Davis Spring Sec 3-b, BLOCK H, Lot 13","R203597D"," ","S6259 - Davis Spring Sec 3-b","Real","$567,813","$567,813"
"R359686","R-16-3668-000H-0017","INOSTROZA LAZO, CARLOS PATRICIO & CAMILA ANDREA SANFUENTES RAMOS","15018 CALAVERAS DR  AUSTIN, TX 78717-4577","15018 CALAVERAS DR, AUSTIN, TX  78717","S6259 - Davis Spring Sec 3-b, BLOCK H, Lot 17","R203597D"," ","S6259 - Davis Spring Sec 3-b","Real","$629,470","$629,470"
"R359694","R-16-3668-000H-0025","TABOR, CHARLES L & MARICRUZ","10126 CASSANDRA DR  AUSTIN, TX 78717","10126 CASSANDRA DR, AUSTIN, TX  78717","S6259 - Davis Spring Sec 3-b, BLOCK H, Lot 25","R203597D"," ","S6259 - Davis Spring Sec 3-b","Real","$577,696","$577,696"
"R359695","R-16-3668-000H-0026","CRUZ, SOKREATREY & ROMCHEACHK SEAN","10130 CASSANDRA DR  AUSTIN, TX 78717","10130 CASSANDRA DR, AUSTIN, TX  78717","S6259 - Davis Spring Sec 3-b, BLOCK H, Lot 26","R203597D"," ","S6259 - Davis Spring Sec 3-b","Real","$600,528","$600,528"
"R359696","R-16-3668-000H-0027","BIALEK, SCOTT EDWARD","15219 THATCHER DR  AUSTIN, TX 78717","10134 CASSANDRA DR, AUSTIN, TX  78717","S6259 - Davis Spring Sec 3-b, BLOCK H, Lot 27","R203597D"," ","S6259 - Davis Spring Sec 3-b","Real","$523,323","$523,323"
"R359698","R-16-3668-000H-0029","CHO, WAN JIN","10142 CASSANDRA DR AUSTIN, TX 78717-4564","10142 CASSANDRA DR, AUSTIN, TX  78717","S6259 - Davis Spring Sec 3-b, BLOCK H, Lot 29","R203597D"," ","S6259 - Davis Spring Sec 3-b","Real","$520,145","$520,145"
"R359699","R-16-3668-000H-0030","KUENSTLER DOUGLAS WAYNE &","GINA MARIE KUENSTLER 10200 CASSANDRA DR AUSTIN, TX 78717-4565","10200 CASSANDRA DR, AUSTIN, TX  78717","S6259 - Davis Spring Sec 3-b, BLOCK H, Lot 30","R203597D"," ","S6259 - Davis Spring Sec 3-b","Real","$598,144","$598,144"
"R359705","R-16-3668-000J-0051","JI, CHAO & YIDAN WANG","15000 GALENA DR  AUSTIN, TX 78717","15000 GALENA DR, AUSTIN, TX  78717","S6259 - Davis Spring Sec 3-b, BLOCK J, Lot 51","R203597D"," ","S6259 - Davis Spring Sec 3-b","Real","$570,871","$570,871"
"R359710","R-16-3668-000J-0056","DUFFY, MICHAEL DRAY","14914 GALENA DR  AUSTIN, TX 78717","14914 GALENA DR, AUSTIN, TX  78717","S6259 - Davis Spring Sec 3-b, BLOCK J, Lot 56","R203597D"," ","S6259 - Davis Spring Sec 3-b","Real","$597,647","$597,647"
"R359713","R-16-3668-000K-0021","CHEN SHAOFENG & PING JIN","10116 ANDORA DR AUSTIN, TX 78717-4560","10116 ANDORA DR, AUSTIN, TX  78717","S6259 - Davis Spring Sec 3-b, BLOCK K, Lot 21","R203597D"," ","S6259 - Davis Spring Sec 3-b","Real","$563,508","$563,508"
"R359715","R-16-3668-000K-0023","LIN HALBERT S & IDA R","10124 ANDORA DR AUSTIN, TX 78717-4560","10124 ANDORA DR, AUSTIN, TX  78717","S6259 - Davis Spring Sec 3-b, BLOCK K, Lot 23","R203597D"," ","S6259 - Davis Spring Sec 3-b","Real","$576,324","$576,324"
"R359718","R-16-3668-000K-0026","OLIVER, ERNEST","10200 ANDORA DR AUSTIN, TX 78717-4561","10200 ANDORA DR, AUSTIN, TX  78717","S6259 - Davis Spring Sec 3-b, BLOCK K, Lot 26","R203597D"," ","S6259 - Davis Spring Sec 3-b","Real","$495,429","$495,429"
"R359722","R-16-3668-000K-0030","BOUTROS, ANTHONY SAM & JACQUELINE TARA","10216 ANDORA DR  AUSTIN, TX 78717","10216 ANDORA DR, AUSTIN, TX  78717","S6259 - Davis Spring Sec 3-b, BLOCK K, Lot 30","R203597D"," ","S6259 - Davis Spring Sec 3-b","Real","$603,706","$603,706"
"R359730","R-16-3668-000L-0004","PENTAKOTA, KRISHNA","15013 CALAVERAS DR  AUSTIN, TX 78717","15013 CALAVERAS DR, AUSTIN, TX  78717","S6259 - Davis Spring Sec 3-b, BLOCK L, Lot 4","R203597D"," ","S6259 - Davis Spring Sec 3-b","Real","$561,855","$561,855"
"R359734","R-16-3668-000L-0008","MAJD EDDIE & JOSEPHINE","15029 CALAVERAS DR AUSTIN, TX 78717-4575","15029 CALAVERAS DR, AUSTIN, TX  78717","S6259 - Davis Spring Sec 3-b, BLOCK L, Lot 8","R203597D"," ","S6259 - Davis Spring Sec 3-b","Real","$590,717","$590,717"
"R359736","R-16-3668-000L-0010","PAN, MICHAEL ZHIAN & SIYUAN QIU","15037 CALAVERAS DR AUSTIN, TX 78717-4576","15037 CALAVERAS DR, AUSTIN, TX  78717","S6259 - Davis Spring Sec 3-b, BLOCK L, Lot 10","R203597D"," ","S6259 - Davis Spring Sec 3-b","Real","$645,797","$645,797"
"R369487","R-16-3671-000A-0014","BULKO WILLIAM C & JOYCE S","14616 OLIVE HILL DR AUSTIN, TX 78717-4591","14616 OLIVE HILL DR, AUSTIN, TX  78717","S6649 - Davis Spring Sec 6-b, BLOCK A, Lot 14","R203597D"," ","S6649 - Davis Spring Sec 6-b","Real","$762,883","$762,883"
"R370508","R-16-3671-000A-0017","DOBSON, RYAN JAMES & ALEXIS T DOBSON","14604 OLIVE HILL DR  AUSTIN, TX 78717","14604 OLIVE HILL DR, AUSTIN, TX  78717","S6649 - Davis Spring Sec 6-b, BLOCK A, Lot 17","R203597D"," ","S6649 - Davis Spring Sec 6-b","Real","$694,652","$694,652"
"R370514","R-16-3671-000A-0023","MENON, KATTANIL SURESH & SUBHALA SURESH","14506 OLIVE HILL DR  AUSTIN, TX 78717","14506 OLIVE HILL DR, AUSTIN, TX  78717","S6649 - Davis Spring Sec 6-b, BLOCK A, Lot 23","R203597D"," ","S6649 - Davis Spring Sec 6-b","Real","$611,703","$611,703"
"R370516","R-16-3671-000A-0025","CURP, SUSAN A & WILLIAM A","9505 ALTONA WAY  AUSTIN, TX 78717","9505 ALTONA WAY, AUSTIN, TX  78717","S6649 - Davis Spring Sec 6-b, BLOCK A, Lot 25","R203597D"," ","S6649 - Davis Spring Sec 6-b","Real","$634,728","$634,728"
"R370517","R-16-3671-000A-0026","HALLER, RODNEY A","9501 ALTONA WAY  AUSTIN, TX 78717","9501 ALTONA WAY, AUSTIN, TX  78717","S6649 - Davis Spring Sec 6-b, BLOCK A, Lot 26","R203597D"," ","S6649 - Davis Spring Sec 6-b","Real","$713,766","$713,766"
"R370521","R-16-3671-000A-0030","JENSEN, KARYN KAY","9431 ALTONA WAY  AUSTIN, TX 78717-4594","9431 ALTONA WAY, AUSTIN, TX  78717","S6649 - Davis Spring Sec 6-b, BLOCK A, Lot 30","R203597D"," ","S6649 - Davis Spring Sec 6-b","Real","$553,460","$553,460"
"R370528","R-16-3671-000A-0037","LIN, STEVE YO-HSIN & SERENA SHUI CHAO","9405 ALTON WAY AUSTIN, TX 78717-4594","9405 ALTONA WAY, AUSTIN, TX  78717","DAVIS SPRING SEC 6-B, BLOCK A, LOT 37","R203597D"," ","S6649 - Davis Spring Sec 6-b","Real","$737,694","$737,694"
"R370532","R-16-3671-000B-0022","DERBEZ, ALICIA EUGENIA","14816 IRONDALE  AUSTIN, TX 78717","14816 IRONDALE DR, AUSTIN, TX  78717","S6649 - Davis Spring Sec 6-b, BLOCK B, Lot 22","R203597D"," ","S6649 - Davis Spring Sec 6-b","Real","$584,062","$584,062"
"R370536","R-16-3671-000B-0026","CHANG, JEN-CHE & YU-CHING CHEN","14832 IRONDALE DR  AUSTIN, TX 78717","14832 IRONDALE DR, AUSTIN, TX  78717","S6649 - Davis Spring Sec 6-b, BLOCK B, Lot 26","R203597D"," ","S6649 - Davis Spring Sec 6-b","Real","$731,015","$731,015"
"R370539","R-16-3671-000B-0029","OCHS, MELISSA R","14844 IRONDALE DR  AUSTIN, TX 78717-4586","14844 IRONDALE DR, AUSTIN, TX  78717","S6649 - Davis Spring Sec 6-b, BLOCK B, Lot 29","R203597D"," ","S6649 - Davis Spring Sec 6-b","Real","$582,636","$582,636"
"R370540","R-16-3671-000C-0008","PATNAIK SAROJ & ROMA","14401 OLIVE HILL DR AUSTIN, TX 78717-4588","14401 OLIVE HILL DR, AUSTIN, TX  78717","S6649 - Davis Spring Sec 6-b, BLOCK C, Lot 8","R203597D"," ","S6649 - Davis Spring Sec 6-b","Real","$741,256","$741,256"
"R370541","R-16-3671-000C-0009","MALLACH, TINA","918 PALOS VERDES LEANDER, TX 78641-8872","14403 OLIVE HILL DR, AUSTIN, TX  78717","S6649 - Davis Spring Sec 6-b, BLOCK C, Lot 9","R203597D"," ","S6649 - Davis Spring Sec 6-b","Real","$619,192","$619,192"
"R370542","R-16-3671-000C-0010","MOLLEUR, MATTHEW OLIVER & MEGAN","14407 OLIVE HILL DR  AUSTIN, TX 78717","14407 OLIVE HILL DR, AUSTIN, TX  78717","S6649 - Davis Spring Sec 6-b, BLOCK C, Lot 10","R203597D"," ","S6649 - Davis Spring Sec 6-b","Real","$555,729","$555,729"
"R370548","R-16-3671-000C-0016","BALTAOGLU, HAKAN S TRUSTEE OF KENAN SULEYMAN BALTAOGLU TRUST","3813 PANTHER HALL LEANDER, TX 78641-3698","14517 OLIVE HILL DR, AUSTIN, TX  78717","S6649 - Davis Spring Sec 6-b, BLOCK C, Lot 16","R203597D"," ","S6649 - Davis Spring Sec 6-b","Real","$609,491","$609,491"
"R370553","R-16-3671-000D-0005","JOHNSON, BRIAN & ANNE","14837 IRONDALE DR  AUSTIN, TX 78717","14837 IRONDALE DR, AUSTIN, TX  78717","S6649 - Davis Spring Sec 6-b, BLOCK D, Lot 5","R203597D"," ","S6649 - Davis Spring Sec 6-b","Real","$699,770","$699,770"
"R370555","R-16-3671-000D-0007","FAIR MARK A SR & ANN M","14845 IRONDALE DR AUSTIN, TX 78717-4585","14845 IRONDALE DR, AUSTIN, TX  78717","S6649 - Davis Spring Sec 6-b, BLOCK D, Lot 7","R203597D"," ","S6649 - Davis Spring Sec 6-b","Real","$703,290","$703,290"
"R370557","R-16-3671-000D-0009","CHU LING Y & QUINN C","9432 ALTONA WAY AUSTIN, TX 78717-4592","9432 ALTONA WAY, AUSTIN, TX  78717","S6649 - Davis Spring Sec 6-b, BLOCK D, Lot 9","R203597D"," ","S6649 - Davis Spring Sec 6-b","Real","$587,054","$587,054"
"R370559","R-16-3671-000D-0011","POTUCEK MARTIN & PATRICIA A","9440 ALTONA WAY AUSTIN, TX 78717-4592","9440 ALTONA WAY, AUSTIN, TX  78717","S6649 - Davis Spring Sec 6-b, BLOCK D, Lot 11","R203597D"," ","S6649 - Davis Spring Sec 6-b","Real","$689,377","$689,377"
"R370560","R-16-3671-000D-0012","BATRICE, KIMBERLY R","9500 ALTONA WAY  AUSTIN, TX 78717","9500 ALTONA WAY, AUSTIN, TX  78717","S6649 - Davis Spring Sec 6-b, BLOCK D, Lot 12","R203597D"," ","S6649 - Davis Spring Sec 6-b","Real","$703,447","$703,447"
"R370561","R-16-3671-000D-0013","Unknown","Unknown","9504 ALTONA WAY, AUSTIN, TX  78717","S6649 - Davis Spring Sec 6-b, BLOCK D, Lot 13","R203597D"," ","S6649 - Davis Spring Sec 6-b","Real","$719,845","$719,845"
"R378614","R-16-3732-000K-0002","ROBERT PATTERSON & LAURA OSBORNE CO-TRS OF THE PATTERSON FAMILY REVOCABLE TRUST","15105 GALENA DR  AUSTIN, TX 78717-4868","15105 GALENA DR, AUSTIN, TX  78717","S6870 - Davis Spring Sec 3-c, BLOCK K, Lot 2","R203597D"," ","S6870 - Davis Spring Sec 3-c","Real","$599,236","$599,236"
"R378619","R-16-3732-000K-0007","SALAS, JOHN COBOS","15125 GALENA DR AUSTIN, TX 78717-4867","15125 GALENA DR, AUSTIN, TX  78717","S6870 - Davis Spring Sec 3-c, BLOCK K, Lot 7","R203597D"," ","S6870 - Davis Spring Sec 3-c","Real","$634,389","$634,389"
"R378621","R-16-3732-000K-0009","SHI, MINGXING","15135 GALENA DR  AUSTIN, TX 78717","15135 GALENA DR, AUSTIN, TX  78717","S6870 - Davis Spring Sec 3-c, BLOCK K, Lot 9","R203597D"," ","S6870 - Davis Spring Sec 3-c","Real","$592,865","$592,865"
"R378625","R-16-3732-000K-0013","BODICHERLA, KARTIK PRAKASH & SHILPA BODICHERLA KARTIK","15157 GALENA DR  AUSTIN, TX 78717","15157 GALENA DR, AUSTIN, TX  78717","S6870 - Davis Spring Sec 3-c, BLOCK K, Lot 13","R203597D"," ","S6870 - Davis Spring Sec 3-c","Real","$592,413","$592,413"
"R378626","R-16-3732-000K-0014","DUAN, XIAOTAO & FANG HE","2989 WITHROW PL  SANTA CLARA, CA 95051","15161 GALENA DR, AUSTIN, TX  78717","S6870 - Davis Spring Sec 3-c, BLOCK K, Lot 14","R203597D"," ","S6870 - Davis Spring Sec 3-c","Real","$562,621","$562,621"
"R378630","R-16-3732-000K-0018","SMITH, ROSE ANN C","15038 CALAVERAS DR  AUSTIN, TX 78717-4870","15038 CALAVERAS DR, AUSTIN, TX  78717","S6870 - Davis Spring Sec 3-c, BLOCK K, Lot 18","R203597D"," ","S6870 - Davis Spring Sec 3-c","Real","$579,066","$579,066"
"R378634","R-16-3732-000P-0002","EMAMI, NORA BELINDA & IRAJ","15008 GALENA DR  AUSTIN, TX 78717-4869","15008 GALENA DR, AUSTIN, TX  78717","S6870 - Davis Spring Sec 3-c, BLOCK P, Lot 2","R203597D"," ","S6870 - Davis Spring Sec 3-c","Real","$597,061","$597,061"
"R378636","R-16-3732-000P-0004","MURUGESAN, RAMESH & BANUMATHI MAGUDAPATHI","15016 GALENA DR  AUSTIN, TX 78717","15016 GALENA DR, AUSTIN, TX  78717","S7142 - Davis Spring Sec 3-c Lot 4 Blk P Amended, BLOCK P, Lot 4","R203597D"," ","S7142 - Davis Spring Sec 3-c Lot 4 Blk P Amended","Real","$539,179","$539,179"
"R378637","R-16-3732-000P-0007","NARAYANANKUTTYKARNAVAR, MANOJ","148 GENNAKER DR  ROUND ROCK, TX 78681","15024 GALENA DR, AUSTIN, TX  78717","S6870 - Davis Spring Sec 3-c, BLOCK P, Lot 7","R203597D"," ","S6870 - Davis Spring Sec 3-c","Real","$573,353","$573,353"
"R378641","R-16-3732-000P-0011","WAVE CAPITAL LLC","8609 SILVER RIDGE DR  AUSTIN, TX 78759-8144","15114 GALENA DR, AUSTIN, TX  78717","S6870 - Davis Spring Sec 3-c, BLOCK P, Lot 11","R203597D"," ","S6870 - Davis Spring Sec 3-c","Real","$593,097","$593,097"
"R378642","R-16-3732-000P-0012","HIRANI, FAIYAZ M","3535 ALEXANDRITE WAY  ROUND ROCK, TX 78681-2437","15118 GALENA DR, AUSTIN, TX  78717","S6870 - Davis Spring Sec 3-c, BLOCK P, Lot 12","R203597D"," ","S6870 - Davis Spring Sec 3-c","Real","$506,256","$506,256"
"R378643","R-16-3732-000P-0013","PARK, JUNGHYUN & SEMYEE","15122 GALENA DR  AUSTIN, TX 78717","15122 GALENA DR, AUSTIN, TX  78717","S6870 - Davis Spring Sec 3-c, BLOCK P, Lot 13","R203597D"," ","S6870 - Davis Spring Sec 3-c","Real","$722,063","$722,063"
"R378646","R-16-3732-000P-0016","ASHFORD, DEVENE M","15134 GALENA DR AUSTIN, TX 78717-4867","15134 GALENA DR, AUSTIN, TX  78717","S6870 - Davis Spring Sec 3-c, BLOCK P, Lot 16","R203597D"," ","S6870 - Davis Spring Sec 3-c","Real","$556,888","$556,888"
"R378648","R-16-3732-000P-0018","PARKEY, JOEL C & LENORA L","15142 GALENA DR  AUSTIN, TX 78717","15142 GALENA DR, AUSTIN, TX  78717","S6870 - Davis Spring Sec 3-c, BLOCK P, Lot 18","R203597D"," ","S6870 - Davis Spring Sec 3-c","Real","$537,399","$537,399"
"R378649","R-16-3732-000P-0019","Unknown","Unknown","15146 GALENA DR, AUSTIN, TX  78717","S6870 - Davis Spring Sec 3-c, BLOCK P, Lot 19","R203597D"," ","S6870 - Davis Spring Sec 3-c","Real","$553,799","$553,799"
"R378654","R-16-3732-000P-0024","FILLA, CHRIS & STEPHANIE","15104 CALAVERAS DR AUSTIN, TX 78717-4871","15104 CALAVERAS DR, AUSTIN, TX  78717","S6870 - Davis Spring Sec 3-c, BLOCK P, Lot 24","R203597D"," ","S6870 - Davis Spring Sec 3-c","Real","$573,253","$573,253"
"R390019","R-16-3733-000L-0012","VANEMAN, DAVID & ALLISON","15045 CALAVERAS DR  AUSTIN, TX 78717-4545","15045 CALAVERAS DR, AUSTIN, TX  78717","S7399 - Davis Spring Sec 3-d Amended, BLOCK L, Lot 12","R203597D"," ","S7399 - Davis Spring Sec 3-d Amended","Real","$566,457","$566,457"
"R390022","R-16-3733-000L-0015","FRIEDMAN, RONALD LOREN (LE)","15105 CALAVERAS DR  AUSTIN, TX 78717-4597","15105 CALAVERAS DR, AUSTIN, TX  78717","S7399 - Davis Spring Sec 3-d Amended, BLOCK L, Lot 15","R203597D"," ","S7399 - Davis Spring Sec 3-d Amended","Real","$570,036","$570,036"
"R390025","R-16-3733-000L-0018","SHAPIRA, JENNIE","15132 THATCHER DR  AUSTIN, TX 78717-4687","15132 THATCHER DR, AUSTIN, TX  78717","S7399 - Davis Spring Sec 3-d Amended, BLOCK L, Lot 18","R203597D"," ","S7399 - Davis Spring Sec 3-d Amended","Real","$583,125","$583,125"
"R390030","R-16-3733-000L-0023","SHARMA, RAHUL & RICHA CHATURVEDI","15112 THATCHER DR  AUSTIN, TX 78717","15112 THATCHER DR, AUSTIN, TX  78717","S7399 - Davis Spring Sec 3-d Amended, BLOCK L, Lot 23","R203597D"," ","S7399 - Davis Spring Sec 3-d Amended","Real","$601,631","$601,631"
"R390033","R-16-3733-000L-0026","WANG, NA","15100 THATCHER DR  AUSTIN, TX 78717","15100 THATCHER DR, AUSTIN, TX  78717","S7399 - Davis Spring Sec 3-d Amended, BLOCK L, Lot 26","R203597D"," ","S7399 - Davis Spring Sec 3-d Amended","Real","$611,963","$611,963"
"R390034","R-16-3733-000L-0027","SAMPLES, LAURA D & MICHAEL S","15024 THATCHER DR AUSTIN, TX 78717-4639","15024 THATCHER DR, AUSTIN, TX  78717","S7399 - Davis Spring Sec 3-d Amended, BLOCK L, Lot 27","R203597D"," ","S7399 - Davis Spring Sec 3-d Amended","Real","$586,937","$586,937"
"R390037","R-16-3733-000L-0030","DWIVEDI, AKANKSHA & ARVIND SHUKLA","15008 THATCHER DR  AUSTIN, TX 78717-4639","15008 THATCHER DR, AUSTIN, TX  78717","S7399 - Davis Spring Sec 3-d Amended, BLOCK L, Lot 30","R203597D"," ","S7399 - Davis Spring Sec 3-d Amended","Real","$607,504","$607,504"
"R390038","R-16-3733-000L-0031","SAWADA, JUN (TOD) & MARI (TOD)","15004 THATCHER DR  AUSTIN, TX 78717","15004 THATCHER DR, AUSTIN, TX  78717","S7399 - Davis Spring Sec 3-d Amended, BLOCK L, Lot 31","R203597D"," ","S7399 - Davis Spring Sec 3-d Amended","Real","$571,689","$571,689"
"R390040","R-16-3733-000O-0001","RASTOGI, APURVA & RAMA SINGH RASTOGI","15108 CALAVERAS DR  AUSTIN, TX 78717","15108 CALAVERAS DR, AUSTIN, TX  78717","S7399 - Davis Spring Sec 3-d Amended, BLOCK O, Lot 1","R203597D"," ","S7399 - Davis Spring Sec 3-d Amended","Real","$605,639","$605,639"
"R390051","R-16-3733-000O-0012","SANDUSKY, SCOTT MICHAEL & HEATHER","15047 SAVANNAH HEIGHTS DR  AUSTIN, TX 78717","15047 SAVANNAH HEIGHTS DR, AUSTIN, TX  78717","S7399 - Davis Spring Sec 3-d Amended, BLOCK O, Lot 12","R203597D"," ","S7399 - Davis Spring Sec 3-d Amended","Real","$868,298","$868,298"
"R390053","R-16-3733-000O-0014","WHITAKER, BRYAN S & BARBARA K","15039 SAVANNAH HEIGHTS DR  AUSTIN, TX 78717","15039 SAVANNAH HEIGHTS DR, AUSTIN, TX  78717","S7399 - Davis Spring Sec 3-d Amended, BLOCK O, Lot 14","R203597D"," ","S7399 - Davis Spring Sec 3-d Amended","Real","$741,871","$741,871"
"R390058","R-16-3733-000O-0019","KANWAR, VARUN & MANIKA ANDOTRA","15019 SAVANNAH HEIGHTS DR  AUSTIN, TX 78717-4632","15019 SAVANNAH HEIGHTS DR, AUSTIN, TX  78717","S7399 - Davis Spring Sec 3-d Amended, BLOCK O, Lot 19","R203597D"," ","S7399 - Davis Spring Sec 3-d Amended","Real","$670,091","$670,091"
"R390063","R-16-3733-000O-0023A","STANDARD PACIFIC OF TX LP","C/O REAL MANAGE - AUSTIN PO BOX 700128 DALLAS, TX 75370-0128","10344 TERRA VERDE DR, AUSTIN, TX  78717","S7399 - Davis Spring Sec 3-d Amended, BLOCK O, Lot 23A, ACRES 0.263, (LANDSCAPE)","R203597D"," ","S7399 - Davis Spring Sec 3-d Amended","Real","$300","$300"
"R390066","R-16-3733-000R-0001","MUELLER, WENDY & RONALD W","15212 CALAVERAS DR  AUSTIN, TX 78717-4635","15212 CALAVERAS DR, AUSTIN, TX  78717","S7399 - Davis Spring Sec 3-d Amended, BLOCK R, Lot 1","R203597D"," ","S7399 - Davis Spring Sec 3-d Amended","Real","$606,702","$606,702"
"R390067","R-16-3733-000R-0002","AGGARWAL, VIJAY K & BINDU","15208 CALAVERAS DR AUSTIN, TX 78717-4635","15208 CALAVERAS DR, AUSTIN, TX  78717","S7399 - Davis Spring Sec 3-d Amended, BLOCK R, Lot 2","R203597D"," ","S7399 - Davis Spring Sec 3-d Amended","Real","$567,132","$567,132"
"R390072","R-16-3733-000R-0007","GREMILLION, LANCE J, II","15120 SAVANNAH HEIGHTS DR  AUSTIN, TX 78717","15120 SAVANNAH HEIGHTS DR, AUSTIN, TX  78717","S7399 - Davis Spring Sec 3-d Amended, BLOCK R, Lot 7","R203597D"," ","S7399 - Davis Spring Sec 3-d Amended","Real","$658,233","$658,233"
"R390074","R-16-3733-000R-0009","COOK, RACHEL ELLEN","15112 SAVANNAH HEIGHTS DR  AUSTIN, TX 78717","15112 SAVANNAH HEIGHTS DR, AUSTIN, TX  78717","S7399 - Davis Spring Sec 3-d Amended, BLOCK R, Lot 9","R203597D"," ","S7399 - Davis Spring Sec 3-d Amended","Real","$805,179","$805,179"
"R390078","R-16-3733-000R-0013","GADE, PADMAJA VANI &  SUBBARAO VENKATA NAGULAPATY","15046 SAVANNAH HEIGHTS DR AUSTIN, TX 78717-4631","15046 SAVANNAH HEIGHTS DR, AUSTIN, TX  78717","S7399 - Davis Spring Sec 3-d Amended, BLOCK R, Lot 13","R203597D"," ","S7399 - Davis Spring Sec 3-d Amended","Real","$749,733","$749,733"
"R390083","R-16-3733-000R-0018","PHILLIPS, CARL R & TERRI L","15004 SAVANNAH HEIGHTS DR AUSTIN, TX 78717-4631","15004 SAVANNAH HEIGHTS DR, AUSTIN, TX  78717","S7399 - Davis Spring Sec 3-d Amended, BLOCK R, Lot 18","R203597D"," ","S7399 - Davis Spring Sec 3-d Amended","Real","$697,291","$697,291"
"R390089","R-16-3733-000R-0024","AMIN NASERI, MOSTAFA & ASIYEH SEYED PAIDARI","15115 TERRA VERDE DR  AUSTIN, TX 78717","15115 TERRA VERDE DR, AUSTIN, TX  78717","S7399 - Davis Spring Sec 3-d Amended, BLOCK R, Lot 24","R203597D"," ","S7399 - Davis Spring Sec 3-d Amended","Real","$655,865","$655,865"
"R390097","R-16-3733-000T-0001","FENG, BING & JIEXI WANG","15209 THATCHER DR  AUSTIN, TX 78717","15209 THATCHER DR, AUSTIN, TX  78717","S7399 - Davis Spring Sec 3-d Amended, BLOCK T, Lot 1","R203597D"," ","S7399 - Davis Spring Sec 3-d Amended","Real","$742,456","$742,456"
"R390101","R-16-3733-000T-0005","BALTAOGLU, HAKAN SULEYMAN TRUSTEE OF THE KAGAN SULEYMAN BALTAOGLU TRUST","3813 PANTHER HALL LEANDER, TX 78641-3698","15201 CALAVERAS DR, AUSTIN, TX  78717","S7399 - Davis Spring Sec 3-d Amended, BLOCK T, Lot 5","R203597D"," ","S7399 - Davis Spring Sec 3-d Amended","Real","$591,533","$591,533"
"R390104","R-16-3733-000T-0008","ANNE MARGARET KEE TR OF THE ANNE MARGARET KEE SURVIVORS TRUST","10117 MAJORCA DR AUSTIN, TX 78717-4515","15215 CALAVERAS DR, AUSTIN, TX  78717","S7399 - Davis Spring Sec 3-d Amended, BLOCK T, Lot 8","R203597D"," ","S7399 - Davis Spring Sec 3-d Amended","Real","$698,389","$698,389"
"R390105","R-16-3733-000T-0009","MARULCU, ABDULLAH","15219 CALAVERAS DR  AUSTIN, TX 78717","15219 CALAVERAS DR, AUSTIN, TX  78717","S7399 - Davis Spring Sec 3-d Amended, BLOCK T, Lot 9","R203597D"," ","S7399 - Davis Spring Sec 3-d Amended","Real","$790,000","$790,000"
"R390107","R-16-3733-000T-0011","CHEN, JIANSHENG","15231 CALAVERAS DR  AUSTIN, TX 78717","15231 CALAVERAS DR, AUSTIN, TX  78717","S7399 - Davis Spring Sec 3-d Amended, BLOCK T, Lot 11","R203597D"," ","S7399 - Davis Spring Sec 3-d Amended","Real","$744,322","$744,322"
"R390108","R-16-3733-000T-0012","BHOGAVALLI, MURALIDHAR & KAVITHA MENTA","15235 CALAVERAS DR  AUSTIN, TX 78717","15235 CALAVERAS DR, AUSTIN, TX  78717","S7399 - Davis Spring Sec 3-d Amended, BLOCK T, Lot 12","R203597D"," ","S7399 - Davis Spring Sec 3-d Amended","Real","$843,723","$843,723"
"R390110","R-16-3733-000T-0014","AUSTIN CITY OF","REAL ESTATE DIV PO BOX 1088 AUSTIN, TX 78767-1088","15205 THATCHER DR, AUSTIN, TX  78717","S7399 - Davis Spring Sec 3-d Amended, BLOCK T, Lot 14, ACRES 5.25, (RETENTION POND)","R203597D"," ","S7399 - Davis Spring Sec 3-d Amended","Real","$1,575","$1,575"
"R390111","R-16-3733-000T-0015","GYAWALI, SHASHI & PRAGYA","15201 THATCHER DR  AUSTIN, TX 78717-4638","15201 THATCHER DR, AUSTIN, TX  78717","S7399 - Davis Spring Sec 3-d Amended, BLOCK T, Lot 15","R203597D"," ","S7399 - Davis Spring Sec 3-d Amended","Real","$582,765","$582,765"
"R390113","R-16-3733-000T-0017","GARCIA, ALEXANDER R & TAEHEE KIM","15133 THATCHER DR  AUSTIN, TX 78717","15133 THATCHER DR, AUSTIN, TX  78717","S7399 - Davis Spring Sec 3-d Amended, BLOCK T, Lot 17","R203597D"," ","S7399 - Davis Spring Sec 3-d Amended","Real","$563,916","$563,916"
"R390117","R-16-3733-000T-0021","KENNEY, BRIAN WADE & ELIZABETH A","15119 THATCHER DR  AUSTIN, TX 78717","15119 THATCHER DR, AUSTIN, TX  78717","S7399 - Davis Spring Sec 3-d Amended, BLOCK T, Lot 21","R203597D"," ","S7399 - Davis Spring Sec 3-d Amended","Real","$589,492","$589,492"
"R390121","R-16-3733-000T-0025","STRICKLAND, SHANON","15101 THATCHER DR  AUSTIN, TX 78717-4630","15101 THATCHER DR, AUSTIN, TX  78717","S7399 - Davis Spring Sec 3-d Amended, BLOCK T, Lot 25","R203597D"," ","S7399 - Davis Spring Sec 3-d Amended","Real","$567,510","$567,510"
"R390122","R-16-3733-000T-0026","CHIANG, HELEN","15027 THATCHER DR  AUSTIN, TX 78717","15027 THATCHER DR, AUSTIN, TX  78717","S7399 - Davis Spring Sec 3-d Amended, BLOCK T, Lot 26","R203597D"," ","S7399 - Davis Spring Sec 3-d Amended","Real","$547,676","$547,676"
"R390128","R-16-3733-000T-0032","CHINNANNAN, SOUNDHAR R & RAJESWARI SENNAN KANDASAMY","9908 CASSANDRA DR  AUSTIN, TX 78717","9908 CASSANDRA DR, AUSTIN, TX  78717","S7399 - Davis Spring Sec 3-d Amended, BLOCK T, Lot 32","R203597D"," ","S7399 - Davis Spring Sec 3-d Amended","Real","$600,490","$600,490"
"R390130","R-16-3733-000T-0034","SUN, YICHU E (TOD)","9900 CASSANDRA DR  AUSTIN, TX 78717-4642","9900 CASSANDRA DR, AUSTIN, TX  78717","S7399 - Davis Spring Sec 3-d Amended, BLOCK T, Lot 34","R203597D"," ","S7399 - Davis Spring Sec 3-d Amended","Real","$570,042","$570,042"
"R390133","R-16-3733-000T-0037","WILLETT, CRAIG NELSON & ELIZABETH","9909 CASSANDRA DR  AUSTIN, TX 78717","9909 CASSANDRA DR, AUSTIN, TX  78717","S7399 - Davis Spring Sec 3-d Amended, BLOCK T, Lot 37","R203597D"," ","S7399 - Davis Spring Sec 3-d Amended","Real","$757,245","$757,245"
"R392361","R-16-3733-000S-0001","TSENG, BELLE","7585 DE FOE DR  CUPERTINO, CA 95014-4348","15224 CALAVERAS DR, AUSTIN, TX  78717","S7399 - Davis Spring Sec 3-d Amended, BLOCK S, Lot 1","R203597D"," ","S7399 - Davis Spring Sec 3-d Amended","Real","$711,850","$711,850"
"R392364","R-16-3733-000S-0004","MCDANIEL, DAVID K & PYONG S","133 MATARO CV DRIPPING SPRINGS, TX 78620-2594","15140 TERRA VERDE DR, AUSTIN, TX  78717","S7399 - Davis Spring Sec 3-d Amended, BLOCK S, Lot 4","R203597D"," ","S7399 - Davis Spring Sec 3-d Amended","Real","$827,245","$827,245"
"R392372","R-16-3733-000S-0012","PANJHAZARI, GAGANBIR","15108 TERRA VERDE DR  AUSTIN, TX 78717","15108 TERRA VERDE DR, AUSTIN, TX  78717","S7399 - Davis Spring Sec 3-d Amended, BLOCK S, Lot 12","R203597D"," ","S7399 - Davis Spring Sec 3-d Amended","Real","$657,155","$657,155"
"R392374","R-16-3733-000S-0014","SMITH, STERLING & CHIANG LENG","15100 TERRA VERDE DR  AUSTIN, TX 78717","15100 TERRA VERDE DR, AUSTIN, TX  78717","S7399 - Davis Spring Sec 3-d Amended, BLOCK S, Lot 14","R203597D"," ","S7399 - Davis Spring Sec 3-d Amended","Real","$588,659","$588,659"
"R392378","R-16-3733-000S-0018","DAO, NHAT QUANG","15008 TERRA VERDE DR  AUSTIN, TX 78717-4643","15008 TERRA VERDE DR, AUSTIN, TX  78717","S7399 - Davis Spring Sec 3-d Amended, BLOCK S, Lot 18","R203597D"," ","S7399 - Davis Spring Sec 3-d Amended","Real","$543,846","$543,846"
"R392379","R-16-3733-000S-0019","FOROUGH, HAMID","15004 TERRA VERDE DR AUSTIN, TX 78717-4643","15004 TERRA VERDE DR, AUSTIN, TX  78717","S7399 - Davis Spring Sec 3-d Amended, BLOCK S, Lot 19","R203597D"," ","S7399 - Davis Spring Sec 3-d Amended","Real","$649,846","$649,846"
"R392380","R-16-3733-000S-0020","SAMA, SOWMYA & ARAVIND R GADARLA","15000 TERRA VERDE DR  AUSTIN, TX 78717-4643","15000 TERRA VERDE DR, AUSTIN, TX  78717","S7399 - Davis Spring Sec 3-d Amended, BLOCK S, Lot 20","R203597D"," ","S7399 - Davis Spring Sec 3-d Amended","Real","$507,066","$507,066"
"R337599","R-16-3658-000A-0002","SINDHU BIDIRAHOSALLI SIDDEGOWDA & SURESHA KADATHANAL NINGEGOWDA","9905 MATEO CV  AUSTIN, TX 78717","9905 MATEO CV, AUSTIN, TX  78717","S5835 - Davis Spring Sec 3-a, BLOCK A, Lot 2","R203597D"," ","S5835 - Davis Spring Sec 3-a","Real","$591,345","$591,345"
"R337603","R-16-3658-000A-0005A","DAVIS SPRING RESIDENTIAL PROPERTY OWNERS ASSOCIATION INC","C/O SPECTRUM RESIDENTIAL MGT PO BOX 727 HOUSTON, TX 77001-0727","9700 NEENAH AVE, AUSTIN, TX  78717","S5835 - Davis Spring Sec 3-a, BLOCK A, Lot 5A, ACRES 0.094, (LANDSCAPE)","R005LLLI"," ","S5835 - Davis Spring Sec 3-a","Real","$300","$300"
"R337606","R-16-3658-000A-0007","NAM, JIYOUNG GLORIA","9925 MATEO CV  AUSTIN, TX 78717","9925 MATEO CV, AUSTIN, TX  78717","S5835 - Davis Spring Sec 3-a, BLOCK A, Lot 7","R203597D"," ","S5835 - Davis Spring Sec 3-a","Real","$779,314","$779,314"
"R337616","R-16-3658-000A-0015","REIF, JAMES ROBERT","10005 MIRAGE CV AUSTIN, TX 78717-4516","10005 MIRAGE CV, AUSTIN, TX  78717","S5835 - Davis Spring Sec 3-a, BLOCK A, Lot 15","R203597D"," ","S5835 - Davis Spring Sec 3-a","Real","$557,930","$557,930"
"R337618","R-16-3658-000A-0017","MCCARTY SHIRLEY A TRUSTEE6","MCCARTY FAMILY TRUST 10013 MIRAGE CV AUSTIN, TX 78717-4516","10013 MIRAGE CV, AUSTIN, TX  78717","S5835 - Davis Spring Sec 3-a, BLOCK A, Lot 17","R203597D"," ","S5835 - Davis Spring Sec 3-a","Real","$559,708","$559,708"
"R337620","R-16-3658-000A-0019","MAGANA, ABRAHAM DANIEL & PERLA SOFIA CANALES","10021 MIRAGE CV  AUSTIN, TX 78717-4516","10021 MIRAGE CV, AUSTIN, TX  78717","S5835 - Davis Spring Sec 3-a, BLOCK A, Lot 19","R203597D"," ","S5835 - Davis Spring Sec 3-a","Real","$595,964","$595,964"
"R337623","R-16-3658-000A-0020","REEVES, CHRISTOPHER","10025 MIRAGE CV  AUSTIN, TX 78717","10025 MIRAGE CV, AUSTIN, TX  78717","S5835 - Davis Spring Sec 3-a, BLOCK A, Lot 20","R203597D"," ","S5835 - Davis Spring Sec 3-a","Real","$524,280","$524,280"
"R337625","R-16-3658-000A-0023","HAMRICK, BROOKE & RYAN","10018 MIRAGE CV  AUSTIN, TX 78717","10018 MIRAGE CV, AUSTIN, TX  78717","S5835 - Davis Spring Sec 3-a, BLOCK A, Lot 23","R203597D"," ","S5835 - Davis Spring Sec 3-a","Real","$579,787","$579,787"
"R337631","R-16-3658-000A-0028","KHAN, AKRAMULLA & FARZANA SYEDA","10001 MAJORCA DR  AUSTIN, TX 78717","10001 MAJORCA DR, AUSTIN, TX  78717","S5835 - Davis Spring Sec 3-a, BLOCK A, Lot 28","R203597D"," ","S5835 - Davis Spring Sec 3-a","Real","$557,433","$557,433"
"R337632","R-16-3658-000A-0029","LEWIS, PAULINE E","10005 MAJORCA DR AUSTIN, TX 78717-4514","10005 MAJORCA DR, AUSTIN, TX  78717","S5835 - Davis Spring Sec 3-a, BLOCK A, Lot 29","R203597D"," ","S5835 - Davis Spring Sec 3-a","Real","$544,109","$544,109"
"R337633","R-16-3658-000A-0030","CUNG, HUY (TOD)","14119 SHAMROCK PARK LN  SUGAR LAND, TX 77498-1667","10009 MAJORCA DR, AUSTIN, TX  78717","S5835 - Davis Spring Sec 3-a, BLOCK A, Lot 30","R203597D"," ","S5835 - Davis Spring Sec 3-a","Real","$561,957","$561,957"
"R337635","R-16-3658-000A-0031","LESSENGER, CAROL J","10013 MAJORCA DR  AUSTIN, TX 78717","10013 MAJORCA DR, AUSTIN, TX  78717","S5835 - Davis Spring Sec 3-a, BLOCK A, Lot 31","R203597D"," ","S5835 - Davis Spring Sec 3-a","Real","$566,589","$566,589"
"R337645","R-16-3658-000A-0041","BOTO, AARON & TARA","10036 VALONA DR AUSTIN, TX 78717-4507","10036 VALONA DR, AUSTIN, TX  78717","S5835 - Davis Spring Sec 3-a, BLOCK A, Lot 41","R203597D"," ","S5835 - Davis Spring Sec 3-a","Real","$567,326","$567,326"
"R337650","R-16-3658-000A-0046","FALGOUT JAMES L & JUDY M","10016 VALONA DR AUSTIN, TX 78717-4506","10016 VALONA DR, AUSTIN, TX  78717","S5835 - Davis Spring Sec 3-a, BLOCK A, Lot 46","R203597D"," ","S5835 - Davis Spring Sec 3-a","Real","$649,007","$649,007"
"R337652","R-16-3658-000A-0048","CHANDRASEKARAN, BALASUBRAMANIAN & MOHANA PRIYA CHITTOR SUNDARAMURTHY","10008 VALONA DR AUSTIN, TX 78717","10008 VALONA DR, AUSTIN, TX  78717","S5835 - Davis Spring Sec 3-a, BLOCK A, Lot 48","R203597D"," ","S5835 - Davis Spring Sec 3-a","Real","$592,480","$592,480"
"R337654","R-16-3658-000A-0050","BUETTNER, RONALD V","10000 VALONA DR AUSTIN, TX 78717-4506","10000 VALONA DR, AUSTIN, TX  78717","S5835 - Davis Spring Sec 3-a, BLOCK A, Lot 50","R203597D"," ","S5835 - Davis Spring Sec 3-a","Real","$620,314","$620,314"
"R337660","R-16-3658-000A-0056","DAVILA, YEANETTE & ALEJANDRO","10021 LACHLAN DR  AUSTIN, TX 78717","10021 LACHLAN DR, AUSTIN, TX  78717","S5835 - Davis Spring Sec 3-a, BLOCK A, Lot 56","R203597D"," ","S5835 - Davis Spring Sec 3-a","Real","$649,937","$649,937"
"R337661","R-16-3658-000A-0057","GARCIA, DAVID JR & JENNIFER R","10025 LACHLAN DR  AUSTIN, TX 78717","10025 LACHLAN DR, AUSTIN, TX  78717","S5835 - Davis Spring Sec 3-a, BLOCK A, Lot 57","R203597D"," ","S5835 - Davis Spring Sec 3-a","Real","$615,230","$615,230"
"R337669","R-16-3658-000A-0063","BAKER, WILLIAM E","10049 LACHLAN DR AUSTIN, TX 78717-4504","10049 LACHLAN DR, AUSTIN, TX  78717","S5835 - Davis Spring Sec 3-a, BLOCK A, Lot 63","R203597D"," ","S5835 - Davis Spring Sec 3-a","Real","$557,930","$557,930"
"R337670","R-16-3658-000A-0064","SHARMA, NIRBHAYA DEV","10053 LACHLAN DR  AUSTIN, TX 78717-4504","10053 LACHLAN DR, AUSTIN, TX  78717","S5835 - Davis Spring Sec 3-a, BLOCK A, Lot 64","R203597D"," ","S5835 - Davis Spring Sec 3-a","Real","$520,000","$520,000"
"R337671","R-16-3658-000A-0065","ALLUMBAUGH, CHRISTOPHER S & GIULIANA D","10057 LACHLAN DR  AUSTIN, TX 78717","10057 LACHLAN DR, AUSTIN, TX  78717","S5835 - Davis Spring Sec 3-a, BLOCK A, Lot 65","R203597D"," ","S5835 - Davis Spring Sec 3-a","Real","$597,671","$597,671"
"R337680","R-16-3658-000B-0007","FRASER, MARK JOHN (TOD) & TAMMY RENEE (TOD)","10025 VALONA DR  AUSTIN, TX 78717","10025 VALONA DR, AUSTIN, TX  78717","S5835 - Davis Spring Sec 3-a, BLOCK B, Lot 7","R203597D"," ","S5835 - Davis Spring Sec 3-a","Real","$757,350","$757,350"
"R337683","R-16-3658-000B-0010","KOTASTHANE, MUGDHA SAMEER (TOD) & SAMEER PRAKASH (TOD)","2711 VAQUERA CT  ROUND ROCK, TX 78681","10013 VALONA DR, AUSTIN, TX  78717","S5835 - Davis Spring Sec 3-a, BLOCK B, Lot 10","R203597D"," ","S5835 - Davis Spring Sec 3-a","Real","$550,618","$550,618"
"R337684","R-16-3658-000B-0011","DALLEY, KARL R & MARTA K LANG","10009 VALONA DR  AUSTIN, TX 78717","10009 VALONA DR, AUSTIN, TX  78717","S5835 - Davis Spring Sec 3-a, BLOCK B, Lot 11","R203597D"," ","S5835 - Davis Spring Sec 3-a","Real","$579,747","$579,747"
"R337687","R-16-3658-000B-0013","KIM, CHUL-HO","10001 VALONA DR AUSTIN, TX 78717-4508","10001 VALONA DR, AUSTIN, TX  78717","S5835 - Davis Spring Sec 3-a, BLOCK B, Lot 13","R203597D"," ","S5835 - Davis Spring Sec 3-a","Real","$572,530","$572,530"
"R337689","R-16-3658-000G-0016","TRAN, HUNG DANG PHI & RACHELLE D","10004 LACHLAN DR  AUSTIN, TX 78717-4500","10004 LACHLAN DR, AUSTIN, TX  78717","S5835 - Davis Spring Sec 3-a, BLOCK G, Lot 16","R203597D"," ","S5835 - Davis Spring Sec 3-a","Real","$563,182","$563,182"
"R337694","R-16-3658-000G-0021","KIM, YOUNGMIN & JIYOUNG OH","10024 LACHLAN DR  AUSTIN, TX 78717-4500","10024 LACHLAN DR, AUSTIN, TX  78717","S5835 - Davis Spring Sec 3-a, BLOCK G, Lot 21","R203597D"," ","S5835 - Davis Spring Sec 3-a","Real","$532,879","$532,879"
"R337696","R-16-3658-000G-0023","RIVERA, RINA I & JOSE F VEGA","10032 LACHLAN DR AUSTIN, TX 78717-4501","10032 LACHLAN DR, AUSTIN, TX  78717","S5835 - Davis Spring Sec 3-a, BLOCK G, Lot 23","R203597D"," ","S5835 - Davis Spring Sec 3-a","Real","$558,180","$558,180"
"R337702","R-16-3658-000A-0022","SOHN, BYUNGWOO","10022 MIRAGE CV  AUSTIN, TX 78717","10022 MIRAGE CV, AUSTIN, TX  78717","S5835 - Davis Spring Sec 3-a, BLOCK A, Lot 22","R203597D"," ","S5835 - Davis Spring Sec 3-a","Real","$581,172","$581,172"
"R337705","R-16-3659-000C-0001","KERSEY, JAMES & LATISHA WOODS","9913 MARIAH CV  AUSTIN, TX 78717","9913 MARIAH CV, AUSTIN, TX  78717","S5837 - Davis Spring Sec 5-a, BLOCK C, Lot 1","R203597D"," ","S5837 - Davis Spring Sec 5-a","Real","$661,405","$661,405"
"R337706","R-16-3659-000C-0002","GOLLA, ROBERT & JILL","9909 MARIAH CV  AUSTIN, TX 78717-4518","9909 MARIAH CV, AUSTIN, TX  78717","S5837 - Davis Spring Sec 5-a, BLOCK C, Lot 2","R203597D"," ","S5837 - Davis Spring Sec 5-a","Real","$782,260","$782,260"
"R337709","R-16-3659-000C-0005","ALEXANDER, KIM","9900 MARIAH CV  AUSTIN, TX 78717","9900 MARIAH CV, AUSTIN, TX  78717","S5837 - Davis Spring Sec 5-a, BLOCK C, Lot 5","R203597D"," ","S5837 - Davis Spring Sec 5-a","Real","$699,180","$699,180"
"R337714","R-16-3659-000C-0009","DATLA, KAVITA & SHAILENDRA KUMAR","4220 LUCERO CT PLEASANTON, CA 94588-3041","9917 MAJORCA DR, AUSTIN, TX  78717","S5837 - Davis Spring Sec 5-a, BLOCK C, Lot 9","R203597D"," ","S5837 - Davis Spring Sec 5-a","Real","$562,861","$562,861"
"R337721","R-16-3659-000D-0002","GOYAL, ASHUTOSH & ARCHANA JAIN","14819 CALAVERAS DR AUSTIN, TX 78717-4521","14819 CALAVERAS DR, AUSTIN, TX  78717","S5837 - Davis Spring Sec 5-a, BLOCK D, Lot 2","R203597D"," ","S5837 - Davis Spring Sec 5-a","Real","$669,949","$669,949"
"R337724","R-16-3659-000D-0005","JORNA, MARCEL & CHEYANNE YAO","14905 CALAVERAS DR AUSTIN, TX 78717-4522","14905 CALAVERAS DR, AUSTIN, TX  78717","S5837 - Davis Spring Sec 5-a, BLOCK D, Lot 5","R203597D"," ","S5837 - Davis Spring Sec 5-a","Real","$602,134","$602,134"
"R337726","R-16-3659-000D-0007","LEDDEN, DOUG & KIM","14913 CALAVERAS DR  AUSTIN, TX 78717-4522","14913 CALAVERAS DR, AUSTIN, TX  78717","S5837 - Davis Spring Sec 5-a, BLOCK D, Lot 7","R203597D"," ","S5837 - Davis Spring Sec 5-a","Real","$574,628","$574,628"
"R337742","R-16-3659-000E-0006","TSENG, LUNG-SHENG","5010 ROWENA AVE UNIT 1 AUSTIN, TX 78751-2545","15013 CORDERO DR, AUSTIN, TX  78717","S5837 - Davis Spring Sec 5-a, BLOCK E, Lot 6","R203597D"," ","S5837 - Davis Spring Sec 5-a","Real","$556,893","$556,893"
"R337746","R-16-3659-000E-0010","SANTIAGO, MERCEDES & ROBERTO","14953 CORDERO DR  AUSTIN, TX 78717","14953 CORDERO DR, AUSTIN, TX  78717","S5837 - Davis Spring Sec 5-a, BLOCK E, Lot 10","R203597D"," ","S5837 - Davis Spring Sec 5-a","Real","$760,549","$760,549"
"R337750","R-16-3659-000E-0014","WANG, MIN & FANG YU","14937 CORDERO DR  AUSTIN, TX 78717","14937 CORDERO DR, AUSTIN, TX  78717","S5837 - Davis Spring Sec 5-a, BLOCK E, Lot 14","R203597D"," ","S5837 - Davis Spring Sec 5-a","Real","$652,446","$652,446"
"R337757","R-16-3659-000E-0020","CAROLS RODRIGUEZ BONVINI & KATHRYN KOSSACK TRS OF THE KRB LIVING TRUST","14913 CORDERO DR  AUSTIN, TX 78717-4537","14913 CORDERO DR, AUSTIN, TX  78717","S5837 - Davis Spring Sec 5-a, BLOCK E, Lot 20","R203597D"," ","S5837 - Davis Spring Sec 5-a","Real","$577,023","$577,023"
"R337760","R-16-3659-000E-0022","SCHNEIDER, IRA H (LE)","14905 CORDERO DR  AUSTIN, TX 78717-4536","14905 CORDERO DR, AUSTIN, TX  78717","S5837 - Davis Spring Sec 5-a, BLOCK E, Lot 22","R203597D"," ","S5837 - Davis Spring Sec 5-a","Real","$614,922","$614,922"
"R337762","R-16-3659-000E-0024","TATE, JANET BOOTH","14829 CORDERO DR  AUSTIN, TX 78717","14829 CORDERO DR, AUSTIN, TX  78717","S5837 - Davis Spring Sec 5-a, BLOCK E, Lot 24","R203597D"," ","S5837 - Davis Spring Sec 5-a","Real","$782,303","$782,303"
"R337767","R-16-3659-000E-0029","BENDER, MARTIN JOHN","14809 CORDERO DR AUSTIN, TX 78717-4535","14809 CORDERO DR, AUSTIN, TX  78717","S5837 - Davis Spring Sec 5-a, BLOCK E, Lot 29","R203597D"," ","S5837 - Davis Spring Sec 5-a","Real","$569,675","$569,675"
"R337769","R-16-3659-000E-0031","TRAN, DAT H & NGUYET T","14717 THATCHER DR  AUSTIN, TX 78717-4524","14717 THATCHER DR, AUSTIN, TX  78717","S5837 - Davis Spring Sec 5-a, BLOCK E, Lot 31","R203597D"," ","S5837 - Davis Spring Sec 5-a","Real","$703,700","$703,700"
"R337770","R-16-3659-000F-0001","SATORI, THOMAS & JULIE","15012 CORDERO DR AUSTIN, TX 78717-4534","15012 CORDERO DR, AUSTIN, TX  78717","S5837 - Davis Spring Sec 5-a, BLOCK F, Lot 1","R203597D"," ","S5837 - Davis Spring Sec 5-a","Real","$577,626","$577,626"
"R337775","R-16-3659-000F-0006","AMINABADI, SARA MOHAMMADI & FARJAM SANAEI","14932 CORDERO DR  AUSTIN, TX 78717-4533","14932 CORDERO DR, AUSTIN, TX  78717","S5837 - Davis Spring Sec 5-a, BLOCK F, Lot 6","R203597D"," ","S5837 - Davis Spring Sec 5-a","Real","$604,962","$604,962"
"R337776","R-16-3659-000F-0007","REEVES, MARY AZELE & BRIAN","14928 CORDERO DR  AUSTIN, TX 78717","14928 CORDERO DR, AUSTIN, TX  78717","S5837 - Davis Spring Sec 5-a, BLOCK F, Lot 7","R203597D"," ","S5837 - Davis Spring Sec 5-a","Real","$571,375","$571,375"
"R337779","R-16-3659-000F-0010","THIYAGARAJAN, SANJEEV","14916 CORDERO DR  AUSTIN, TX 78717","14916 CORDERO DR, AUSTIN, TX  78717","S5837 - Davis Spring Sec 5-a, BLOCK F, Lot 10","R203597D"," ","S5837 - Davis Spring Sec 5-a","Real","$671,720","$671,720"
"R337783","R-16-3659-000F-0014","NEWELL, ROBERT & MADISEN ELIZABETH","14900 CORDERO DR  AUSTIN, TX 78717","14900 CORDERO DR, AUSTIN, TX  78717","S5837 - Davis Spring Sec 5-a, BLOCK F, Lot 14","R203597D"," ","S5837 - Davis Spring Sec 5-a","Real","$787,836","$787,836"
"R337785","R-16-3659-000F-0016","JIANG, YONGQIANG & LIN CHEN","14812 CORDERO DR  AUSTIN, TX 78717-4532","14812 CORDERO DR, AUSTIN, TX  78717","S5837 - Davis Spring Sec 5-a, BLOCK F, Lot 16","R203597D"," ","S5837 - Davis Spring Sec 5-a","Real","$522,196","$522,196"
"R337787","R-16-3659-000F-0018","HUNSUCKER, JENALOU (TOD)","14804 CORDERO DR  AUSTIN, TX 78717","14804 CORDERO DR, AUSTIN, TX  78717","S5837 - Davis Spring Sec 5-a, BLOCK F, Lot 18","R203597D"," ","S5837 - Davis Spring Sec 5-a","Real","$464,950","$517,551"
"R337792","R-16-3659-000F-0023","ENSLER, MICHAEL H & BEVERLY A","14817 THATCHER DR AUSTIN, TX 78717-4526","14817 THATCHER DR, AUSTIN, TX  78717","S5837 - Davis Spring Sec 5-a, BLOCK F, Lot 23","R203597D"," ","S5837 - Davis Spring Sec 5-a","Real","$583,973","$583,973"
"R337798","R-16-3659-000F-0029","JI, WEIJUN & YUJIE DENG","14821 THATCHER DR AUSTIN, TX 78717-4527","14821 THATCHER DR, AUSTIN, TX  78717","S5837 - Davis Spring Sec 5-a, BLOCK F, Lot 29","R203597D"," ","S5837 - Davis Spring Sec 5-a","Real","$578,721","$578,721"
"R337802","R-16-3659-000F-0033","TRONG DUC NGUYEN & YEN NGUYET NGUYEN TRS T&Y NGUYEN LIVING TRUST","14901 THATCHER DR  AUSTIN, TX 78717-4530","14901 THATCHER DR, AUSTIN, TX  78717","S5837 - Davis Spring Sec 5-a, BLOCK F, Lot 33","R203597D"," ","S5837 - Davis Spring Sec 5-a","Real","$573,072","$573,072"
"R337805","R-16-3659-000F-0036","SEYEDEH LIVING TRUST","9801 FALLON CV  AUSTIN, TX 78717-4540","9801 FALLON CV, AUSTIN, TX  78717","S5837 - Davis Spring Sec 5-a, BLOCK F, Lot 36","R203597D"," ","S5837 - Davis Spring Sec 5-a","Real","$794,865","$794,865"
"R337808","R-16-3659-000F-0039","OH, KWANG YOUNG","25157 SE 43RD PL  SAMMAMISH, WA 98029-5802","14907 THATCHER DR, AUSTIN, TX  78717","S5837 - Davis Spring Sec 5-a, BLOCK F, Lot 39","R203597D"," ","S5837 - Davis Spring Sec 5-a","Real","$580,688","$580,688"
"R359301","R-16-3669-000A-0001","SCHICKTANZ, TIMOTHY (TOD) & RACHAL LEBLANC (TOD)","14748 OLIVE HILL DR  AUSTIN, TX 78717-4573","14748 OLIVE HILL DR, AUSTIN, TX  78717","S6401 - Davis Spring Sec 6-a, BLOCK A, Lot 1","R203597D"," ","S6401 - Davis Spring Sec 6-a","Real","$566,956","$566,956"
"R359433","R-16-3669-000A-0008","MCGEE, SHELDON & SUSAN","14720 OLIVE HILL DR  AUSTIN, TX 78717","14720 OLIVE HILL DR, AUSTIN, TX  78717","S6401 - Davis Spring Sec 6-a, BLOCK A, Lot 8","R203597D"," ","S6401 - Davis Spring Sec 6-a","Real","$667,961","$667,961"
"R359438","R-16-3669-000A-0013","KINI, VINAYAK & ANKITA GAJANAN KANKHAR","14700 OLIVE HILL DR  AUSTIN, TX 78717","14700 OLIVE HILL DR, AUSTIN, TX  78717","S6401 - Davis Spring Sec 6-a, BLOCK A, Lot 13","R203597D"," ","S6401 - Davis Spring Sec 6-a","Real","$588,832","$588,832"
"R359443","R-16-3669-000B-0004","WRAY, KENNETH PAUL III & MARIA CAMARRILLO","9600 RYOAKS CV  AUSTIN, TX 78717-4582","9600 RYOAKS CV, AUSTIN, TX  78717","S6401 - Davis Spring Sec 6-a, BLOCK B, Lot 4","R203597D"," ","S6401 - Davis Spring Sec 6-a","Real","$575,968","$575,968"
"R359444","R-16-3669-000B-0005","MARTIN ALBERT G & JOYCE I","9601 RYOAKS CV AUSTIN, TX 78717-4582","9601 RYOAKS CV, AUSTIN, TX  78717","S6401 - Davis Spring Sec 6-a, BLOCK B, Lot 5","R203597D"," ","S6401 - Davis Spring Sec 6-a","Real","$730,869","$730,869"
"R359447","R-16-3669-000B-0008","PODNAR ROBERT C JR & LAURA E","14713 OLIVE HILL DR AUSTIN, TX 78717-4579","14713 OLIVE HILL DR, AUSTIN, TX  78717","S6401 - Davis Spring Sec 6-a, BLOCK B, Lot 8","R203597D"," ","S6401 - Davis Spring Sec 6-a","Real","$563,274","$563,274"
"R359449","R-16-3669-000B-0010","OZSARACOGLU, KAAN & BATU","14705 OLIVE HILL DR  AUSTIN, TX 78717-4579","14705 OLIVE HILL DR, AUSTIN, TX  78717","S6401 - Davis Spring Sec 6-a, BLOCK B, Lot 10","R203597D"," ","S6401 - Davis Spring Sec 6-a","Real","$597,602","$597,602"
"R359456","R-16-3669-000B-0017","BRANNAM, WILLIAM BARRET & ALPA","14732 IRONDALE DR AUSTIN, TX 78717-4587","14732 IRONDALE DR, AUSTIN, TX  78717","S6401 - Davis Spring Sec 6-a, BLOCK B, Lot 17","R203597D"," ","S6401 - Davis Spring Sec 6-a","Real","$802,822","$802,822"
"R359458","R-16-3669-000B-0019","BORRA ROBERT T & ROSEMARIE D","14804 IRONDALE DR AUSTIN, TX 78717-4584","14804 IRONDALE DR, AUSTIN, TX  78717","S6401 - Davis Spring Sec 6-a, BLOCK B, Lot 19","R203597D"," ","S6401 - Davis Spring Sec 6-a","Real","$577,647","$577,647"
"R359463","R-16-3669-000C-0005","PHAM CHUNG & HAI NGUYEN","14717 IRONDALE DR AUSTIN, TX 78717-4583","14717 IRONDALE DR, AUSTIN, TX  78717","S6401 - Davis Spring Sec 6-a, BLOCK C, Lot 5","R203597D"," ","S6401 - Davis Spring Sec 6-a","Real","$695,459","$695,459"
"R359465","R-16-3669-000C-0007","CHRISTINA & PAUL MCNAUGHTON TRS MCNAUGHTON REVOCABLE FAMILY TRUST","14612 OLIVE HILL DR  AUSTIN, TX 78717-4591","14725 IRONDALE DR, AUSTIN, TX  78717","S6401 - Davis Spring Sec 6-a, BLOCK C, Lot 7","R203597D"," ","S6401 - Davis Spring Sec 6-a","Real","$500,814","$500,814"
"R359655","R-16-3668-000G-0002","DAVIS, LORI S & MASHA L","10205 CASSANDRA DR  AUSTIN, TX 78717","10205 CASSANDRA DR, AUSTIN, TX  78717","S6259 - Davis Spring Sec 3-b, BLOCK G, Lot 2","R203597D"," ","S6259 - Davis Spring Sec 3-b","Real","$654,944","$654,944"
"R359656","R-16-3668-000G-0003","WAGNER, RAYMOND G","10201 CASSANDRA DR AUSTIN, TX 78717-4568","10201 CASSANDRA DR, AUSTIN, TX  78717","S6259 - Davis Spring Sec 3-b, BLOCK G, Lot 3","R203597D"," ","S6259 - Davis Spring Sec 3-b","Real","$547,388","$547,388"
"R359657","R-16-3668-000G-0004","ZAMBIE, RAYMOND H (TOD) & SYLVIA C (TOD)","10141 CASSANDRA DR  AUSTIN, TX 78717","10141 CASSANDRA DR, AUSTIN, TX  78717","S6259 - Davis Spring Sec 3-b, BLOCK G, Lot 4","R203597D"," ","S6259 - Davis Spring Sec 3-b","Real","$509,062","$509,062"
"R359662","R-16-3668-000G-0009","GOODMAN, TOM & DIANE","10121 CASSANDRA DR  AUSTIN, TX 78717","10121 CASSANDRA DR, AUSTIN, TX  78717","S6259 - Davis Spring Sec 3-b, BLOCK G, Lot 9","R203597D"," ","S6259 - Davis Spring Sec 3-b","Real","$571,167","$571,167"
"R359664","R-16-3668-000G-0011","IRIZARRY, VERONICA & VIOLET BUONOCORE","10113 CASSANDRA DR  AUSTIN, TX 78717-4567","10113 CASSANDRA DR, AUSTIN, TX  78717","S6259 - Davis Spring Sec 3-b, BLOCK G, Lot 11","R203597D"," ","S6259 - Davis Spring Sec 3-b","Real","$610,767","$610,767"
"R359665","R-16-3668-000G-0012","WANG, JUN","10109 CASSANDRA DR  AUSTIN, TX 78717","10109 CASSANDRA DR, AUSTIN, TX  78717","S6259 - Davis Spring Sec 3-b, BLOCK G, Lot 12","R203597D"," ","S6259 - Davis Spring Sec 3-b","Real","$592,002","$592,002"
"R359667","R-16-3668-000G-0014","MAGEE, KEVIN J","10101 CASSANDRA DR  AUSTIN, TX 78717","10101 CASSANDRA DR, AUSTIN, TX  78717","S6259 - Davis Spring Sec 3-b, BLOCK G, Lot 14","R203597D"," ","S6259 - Davis Spring Sec 3-b","Real","$550,661","$550,661"
"R359676","R-16-3668-000H-0007","BAO, HAIFENG","10205 ANDORA DR  AUSTIN, TX 78717","10205 ANDORA DR, AUSTIN, TX  78717","S6259 - Davis Spring Sec 3-b, BLOCK H, Lot 7","R203597D"," ","S6259 - Davis Spring Sec 3-b","Real","$561,126","$561,126"
"R359679","R-16-3668-000H-0010","PATRICK YU & JEAN XU YU CO-TRS OF THE YU FAMILY REVOCABLE LIVING TRUST","9009 WESTERKIRK DR  AUSTIN, TX 78750-3622","10127 ANDORA DR, AUSTIN, TX  78717","S6259 - Davis Spring Sec 3-b, BLOCK H, Lot 10","R203597D"," ","S6259 - Davis Spring Sec 3-b","Real","$579,907","$579,907"
"R359683","R-16-3668-000H-0014","MEYERS, LYNN","10111 ANDORA DR AUSTIN, TX 78717-4562","10111 ANDORA DR, AUSTIN, TX  78717","S6259 - Davis Spring Sec 3-b, BLOCK H, Lot 14","R203597D"," ","S6259 - Davis Spring Sec 3-b","Real","$482,726","$482,726"
"R359685","R-16-3668-000H-0016","SABERI-SHIRVANI, REZA","15024 CALAVERAS DR AUSTIN, TX 78717-4577","15024 CALAVERAS DR, AUSTIN, TX  78717","S6259 - Davis Spring Sec 3-b, BLOCK H, Lot 16","R203597D"," ","S6259 - Davis Spring Sec 3-b","Real","$564,385","$564,385"
"R359689","R-16-3668-000H-0020","KHAZEIE, FILA (TOD) & ZIYA (TOD)","10106 CASSANDRA DR  AUSTIN, TX 78717","10106 CASSANDRA DR, AUSTIN, TX  78717","S6259 - Davis Spring Sec 3-b, BLOCK H, Lot 20","R203597D"," ","S6259 - Davis Spring Sec 3-b","Real","$572,835","$572,835"
"R359690","R-16-3668-000H-0021","LA, STEVE CUU","10110 CASSANDRA DR  AUSTIN, TX 78717","10110 CASSANDRA DR, AUSTIN, TX  78717","S6259 - Davis Spring Sec 3-b, BLOCK H, Lot 21","R203597D"," ","S6259 - Davis Spring Sec 3-b","Real","$570,975","$570,975"
"R359692","R-16-3668-000H-0023","HATCHER STEPHEN & JEAN","10118 CASSANDRA DR AUSTIN, TX 78717-4564","10118 CASSANDRA DR, AUSTIN, TX  78717","S6259 - Davis Spring Sec 3-b, BLOCK H, Lot 23","R203597D"," ","S6259 - Davis Spring Sec 3-b","Real","$638,357","$638,357"
"R359693","R-16-3668-000H-0024","SIDHU, RAJKIRAN","24 FENTON WAY BRAMPTON ON CA L6P 0P4","10122 CASSANDRA DR, AUSTIN, TX  78717","S6259 - Davis Spring Sec 3-b, BLOCK H, Lot 24","R203597D"," ","S6259 - Davis Spring Sec 3-b","Real","$571,158","$571,158"
"R359697","R-16-3668-000H-0028","GLORIA DIAZ JARAMILLO AS TRUSTEE OF THE GLORUIA DIAZ JARAMILLO TRUST","10811 CENTENNIAL TRL AUSTIN, TX 78726-1463","10138 CASSANDRA DR, AUSTIN, TX  78717","S6259 - Davis Spring Sec 3-b, BLOCK H, Lot 28","R203597D"," ","S6259 - Davis Spring Sec 3-b","Real","$538,179","$538,179"
"R359700","R-16-3668-000H-0031","KIL, KIBUM","10204 CASSANDRA DR  AUSTIN, TX 78717","10204 CASSANDRA DR, AUSTIN, TX  78717","S6259 - Davis Spring Sec 3-b, BLOCK H, Lot 31","R203597D"," ","S6259 - Davis Spring Sec 3-b","Real","$497,770","$497,770"
"R359704","R-16-3668-000H-0035","SATHISHKUMAR, MITHRA & SREENATH SRIDHARAN","2043 KIMBROOK DR  ROUND ROCK, TX 78681-2224","10220 CASSANDRA DR, AUSTIN, TX  78717","S6259 - Davis Spring Sec 3-b, BLOCK H, Lot 35","R203597D"," ","S6259 - Davis Spring Sec 3-b","Real","$557,310","$557,310"
"R359706","R-16-3668-000J-0052","SURAJ BAHADUR CHHETRI & MONALISA SARANGI TRS CHHETRI SARANGI REVOCABLE TRUST","14930 GALENA DR  AUSTIN, TX 78717-4572","14930 GALENA DR, AUSTIN, TX  78717","S6259 - Davis Spring Sec 3-b, BLOCK J, Lot 52","R203597D"," ","S6259 - Davis Spring Sec 3-b","Real","$532,429","$532,429"
"R359708","R-16-3668-000J-0054","LU, YIYI","15104 THATCHER DR  AUSTIN, TX 78717-4629","14922 GALENA DR, AUSTIN, TX  78717","S6259 - Davis Spring Sec 3-b, BLOCK J, Lot 54","R203597D"," ","S6259 - Davis Spring Sec 3-b","Real","$532,166","$532,166"
"R359711","R-16-3668-000K-0019","TRAN YEN DANG PHI TRUSTEE OF THE YEN DANG PHI TRAN LIVING TRUST","15034 CALAVERAS DR AUSTIN, TX 78717","15034 CALAVERAS DR, AUSTIN, TX  78717","S6259 - Davis Spring Sec 3-b, BLOCK K, Lot 19","R203597D"," ","S6259 - Davis Spring Sec 3-b","Real","$531,268","$531,268"
"R359712","R-16-3668-000K-0020","MURUGESAN, RAJA  & SNEHA ILANGOVAN","3611 MACINTOSH ST  SANTA CLARA, CA 95054","10108 ANDORA DR, AUSTIN, TX  78717","S6259 - Davis Spring Sec 3-b, BLOCK K, Lot 20","R203597D"," ","S6259 - Davis Spring Sec 3-b","Real","$562,651","$562,651"
"R359717","R-16-3668-000K-0025","SUGGS, JASON T & CASSANDRA","10132 ANDORA DR  AUSTIN, TX 78717","10132 ANDORA DR, AUSTIN, TX  78717","S6259 - Davis Spring Sec 3-b, BLOCK K, Lot 25","R203597D"," ","S6259 - Davis Spring Sec 3-b","Real","$575,449","$575,449"
"R359719","R-16-3668-000K-0027","WANG, FUMIN & WENJUN KE","11104 SANDSTONE TRL  AUSTIN, TX 78750","10204 ANDORA DR, AUSTIN, TX  78717","S6259 - Davis Spring Sec 3-b, BLOCK K, Lot 27","R203597D"," ","S6259 - Davis Spring Sec 3-b","Real","$553,825","$553,825"
"R359723","R-16-3668-000K-0031","MA, JUN & MINGYUE JI","10220 ANDORA DR  AUSTIN, TX 78717","10220 ANDORA DR, AUSTIN, TX  78717","S6259 - Davis Spring Sec 3-b, BLOCK K, Lot 31","R203597D"," ","S6259 - Davis Spring Sec 3-b","Real","$554,186","$554,186"
"R359724","R-16-3668-000K-0032","FAHLSING, MARK & JENNIFER","10224 ANDORA DR  AUSTIN, TX 78717","10224 ANDORA DR, AUSTIN, TX  78717","S6259 - Davis Spring Sec 3-b, BLOCK K, Lot 32","R203597D"," ","S6259 - Davis Spring Sec 3-b","Real","$491,579","$491,579"
"R359725","R-16-3668-000K-0033","CHOU, SHAO-HENG","10228 ANDORA DR  AUSTIN, TX 78717-4561","10228 ANDORA DR, AUSTIN, TX  78717","S6259 - Davis Spring Sec 3-b, BLOCK K, Lot 33","R203597D"," ","S6259 - Davis Spring Sec 3-b","Real","$567,341","$567,341"
"R359726","R-16-3668-000K-0034","MAULIT, REY FRANCIS M & KRISTINE G","10232 ANDORA DR  AUSTIN, TX 78717-4561","10232 ANDORA DR, AUSTIN, TX  78717","S6259 - Davis Spring Sec 3-b, BLOCK K, Lot 34","R203597D"," ","S6259 - Davis Spring Sec 3-b","Real","$571,822","$571,822"
"R359727","R-16-3668-000L-0001","GOWRU, SPANDANA & KOWSHIK CHANDRASEKAR","15001 CALAVERAS DR  AUSTIN, TX 78717-4575","15001 CALAVERAS DR, AUSTIN, TX  78717","S6259 - Davis Spring Sec 3-b, BLOCK L, Lot 1","R203597D"," ","S6259 - Davis Spring Sec 3-b","Real","$581,995","$581,995"
"R359728","R-16-3668-000L-0002","VILLEGAS TITO P JR AND","GABRIELA B VILLEGAS 15005 CALAVERAS DR AUSTIN, TX 78717-4575","15005 CALAVERAS DR, AUSTIN, TX  78717","S6259 - Davis Spring Sec 3-b, BLOCK L, Lot 2","R203597D"," ","S6259 - Davis Spring Sec 3-b","Real","$588,697","$588,697"
"R359731","R-16-3668-000L-0005","LIPOVSKI, ISABELLE CATHERINE","15017 CALAVERAS DR  AUSTIN, TX 78717","15017 CALAVERAS DR, AUSTIN, TX  78717","S6259 - Davis Spring Sec 3-b, BLOCK L, Lot 5","R203597D"," ","S6259 - Davis Spring Sec 3-b","Real","$505,546","$505,546"
"R359732","R-16-3668-000L-0006","SMITH, MATTHEW & DEBRA","15021 CALAVERAS DR  AUSTIN, TX 78717","15021 CALAVERAS DR, AUSTIN, TX  78717","S6259 - Davis Spring Sec 3-b, BLOCK L, Lot 6","R203597D"," ","S6259 - Davis Spring Sec 3-b","Real","$535,704","$535,704"
"R359733","R-16-3668-000L-0007","WOODLING, KEVIN DENNIS","15025 CALAVERAS DR  AUSTIN, TX 78717","15025 CALAVERAS DR, AUSTIN, TX  78717","S6259 - Davis Spring Sec 3-b, BLOCK L, Lot 7","R203597D"," ","S6259 - Davis Spring Sec 3-b","Real","$588,152","$588,152"
"R370510","R-16-3671-000A-0019","REYNA, EZEKIEL A & KELLI","14520 OLIVE HILL DR  AUSTIN, TX 78717","14520 OLIVE HILL DR, AUSTIN, TX  78717","S6649 - Davis Spring Sec 6-b, BLOCK A, Lot 19","R203597D"," ","S6649 - Davis Spring Sec 6-b","Real","$741,788","$741,788"
"R370515","R-16-3671-000A-0024","GADGIL PRASHANT K & VRINDA P TSTES PRASHANT & VRINDA GADGIL RVCBLE LVG TST","9509 ALTONA WAY AUSTIN, TX 78717-4595","9509 ALTONA WAY, AUSTIN, TX  78717","S6649 - Davis Spring Sec 6-b, BLOCK A, Lot 24","R203597D"," ","S6649 - Davis Spring Sec 6-b","Real","$832,878","$832,878"
"R370524","R-16-3671-000A-0033","KINCADE GREGORY F & PATRICIA","9421 ALTONA WAY AUSTIN, TX 78717-4594","9421 ALTONA WAY, AUSTIN, TX  78717","S6649 - Davis Spring Sec 6-b, BLOCK A, Lot 33","R203597D"," ","S6649 - Davis Spring Sec 6-b","Real","$610,646","$610,646"
"R370526","R-16-3671-000A-0035","SUN, JIAO & CONNOR STEPHEN CRUMBLISH","9413 ALTONA WAY  AUSTIN, TX 78717","9413 ALTONA WAY, AUSTIN, TX  78717","S6649 - Davis Spring Sec 6-b, BLOCK A, Lot 35","R203597D"," ","S6649 - Davis Spring Sec 6-b","Real","$750,300","$750,300"
"R370529","R-16-3671-000A-0038","NGUYEN, MICHAEL & HALEY TRUSTEES OF NGUYEN FAMILY TRUST","6323 YAUPON DR  AUSTIN, TX 78759","9401 ALTONA WAY, AUSTIN, TX  78717","S6649 - Davis Spring Sec 6-b, BLOCK A, Lot 38","R203597D"," ","S6649 - Davis Spring Sec 6-b","Real","$574,889","$574,889"
"R370531","R-16-3671-000B-0021","SCARBOROUGH, EDWARD J JR & MARY B","14812 IRONDALE DR AUSTIN, TX 78717-4586","14812 IRONDALE DR, AUSTIN, TX  78717","S6649 - Davis Spring Sec 6-b, BLOCK B, Lot 21","R203597D"," ","S6649 - Davis Spring Sec 6-b","Real","$553,041","$553,041"
"R370533","R-16-3671-000B-0023","WILEY WESLEY H JR & STEPHANY C WILEY TRUSTEES OF W & S WILEY REVOCABLE TRUST","14820 IRONDALE DR  AUSTIN, TX 78717","14820 IRONDALE DR, AUSTIN, TX  78717","S6649 - Davis Spring Sec 6-b, BLOCK B, Lot 23","R203597D"," ","S6649 - Davis Spring Sec 6-b","Real","$562,344","$562,344"
"R370535","R-16-3671-000B-0025","MEZA, MIGUEL ANTONIO & KATHLEEN","14828 IRONDALE DR  AUSTIN, TX 78717","14828 IRONDALE DR, AUSTIN, TX  78717","S6649 - Davis Spring Sec 6-b, BLOCK B, Lot 25","R203597D"," ","S6649 - Davis Spring Sec 6-b","Real","$657,881","$657,881"
"R370544","R-16-3671-000C-0012","GABRIEL, JAMES","14501 OLIVE HILL DR  AUSTIN, TX 78717","14501 OLIVE HILL DR, AUSTIN, TX  78717","S6649 - Davis Spring Sec 6-b, BLOCK C, Lot 12","R203597D"," ","S6649 - Davis Spring Sec 6-b","Real","$817,541","$817,541"
"R370549","R-16-3671-000D-0001","LIANG, TE-HUI & MEI-LI KO","14821 IRONDALE DR  AUSTIN, TX 78717","14821 IRONDALE DR, AUSTIN, TX  78717","S6649 - Davis Spring Sec 6-b, BLOCK D, Lot 1","R203597D"," ","S6649 - Davis Spring Sec 6-b","Real","$682,501","$682,501"
"R370550","R-16-3671-000D-0002","LAVERY, ANDREW J & JUDY B","14825 IRONDALE DR  AUSTIN, TX 78717","14825 IRONDALE DR, AUSTIN, TX  78717","S6649 - Davis Spring Sec 6-b, BLOCK D, Lot 2","R203597D"," ","S6649 - Davis Spring Sec 6-b","Real","$675,597","$675,597"
"R370551","R-16-3671-000D-0003","KIAN RESIDENTIAL LLC","16332 DONOHER DR  AUSTIN, TX 78717-4203","14829 IRONDALE DR, AUSTIN, TX  78717","DAVIS SPRING SEC 6-B, BLOCK D, LOT 3","R203597D"," ","S6649 - Davis Spring Sec 6-b","Real","$594,688","$594,688"
"R370556","R-16-3671-000D-0008","HANNIGAN, PATRICK K & AUBREY C","9428 ALTONA WAY  AUSTIN, TX 78717","9428 ALTONA WAY, AUSTIN, TX  78717","S6649 - Davis Spring Sec 6-b, BLOCK D, Lot 8","R203597D"," ","S6649 - Davis Spring Sec 6-b","Real","$771,550","$771,550"
"R370558","R-16-3671-000D-0010","KULKARNI, RAJENDRA & SMITA","9436 ALTONA WAY  AUSTIN, TX 78717-4592","9436 ALTONA WAY, AUSTIN, TX  78717","S6649 - Davis Spring Sec 6-b, BLOCK D, Lot 10","R203597D"," ","S6649 - Davis Spring Sec 6-b","Real","$783,457","$783,457"
"R378611","R-16-3732-000K-0001","LAZARD HERNANDEZ, BARBARA M","15101 GALENA DR  AUSTIN, TX 78717","15101 GALENA DR, AUSTIN, TX  78717","S6870 - Davis Spring Sec 3-c, BLOCK K, Lot 1","R203597D"," ","S6870 - Davis Spring Sec 3-c","Real","$588,967","$588,967"
"R378615","R-16-3732-000K-0003","BAGUL, YOGESH & SUPRIYA","15109 GALLNA DR  AUSTIN, TX 78717","15109 GALENA DR, AUSTIN, TX  78717","S6870 - Davis Spring Sec 3-c, BLOCK K, Lot 3","R203597D"," ","S6870 - Davis Spring Sec 3-c","Real","$592,687","$592,687"
"R378618","R-16-3732-000K-0006","KIVITY, SHAI AVRAHAM & ALICE DANIELLE","15121 GALENA DR  AUSTIN, TX 78717","15121 GALENA DR, AUSTIN, TX  78717","S6870 - Davis Spring Sec 3-c, BLOCK K, Lot 6","R203597D"," ","S6870 - Davis Spring Sec 3-c","Real","$510,748","$510,748"
"R378620","R-16-3732-000K-0008","WARD KEITH D & CARI W","PO BOX 170988 AUSTIN, TX 78717-0038","15129 GALENA DR, AUSTIN, TX  78717","S6870 - Davis Spring Sec 3-c, BLOCK K, Lot 8","R203597D"," ","S6870 - Davis Spring Sec 3-c","Real","$610,468","$610,468"
"R378622","R-16-3732-000K-0010","ZUISS, THOMAS","15143 GALENA DR AUSTIN, TX 78717-4867","15143 GALENA DR, AUSTIN, TX  78717","S6870 - Davis Spring Sec 3-c, BLOCK K, Lot 10","R203597D"," ","S6870 - Davis Spring Sec 3-c","Real","$549,627","$549,627"
"R378624","R-16-3732-000K-0012","LE, KHUECHUONG & THACH PHAM","15153 GALENA DR  AUSTIN, TX 78717-4867","15153 GALENA DR, AUSTIN, TX  78717","S6870 - Davis Spring Sec 3-c, BLOCK K, Lot 12","R203597D"," ","S6870 - Davis Spring Sec 3-c","Real","$594,196","$594,196"
"R378628","R-16-3732-000K-0016","GHOSH, SAYANDEB & APARNA","15046 CALAVERAS DR  AUSTIN, TX 78717","15046 CALAVERAS DR, AUSTIN, TX  78717","S6870 - Davis Spring Sec 3-c, BLOCK K, Lot 16","R203597D"," ","S6870 - Davis Spring Sec 3-c","Real","$586,316","$586,316"
"R378629","R-16-3732-000K-0017","HUANG, XIAOCE & YIGONG ZHANG","15042 CALAVERAS DR AUSTIN, TX 78717-4870","15042 CALAVERAS DR, AUSTIN, TX  78717","S6870 - Davis Spring Sec 3-c, BLOCK K, Lot 17","R203597D"," ","S6870 - Davis Spring Sec 3-c","Real","$550,159","$550,159"
"R378632","R-16-3732-000P-0001","ADELMAN, STANLEY I & LOUISE Z","15004 GALENA DR  AUSTIN, TX 78717","15004 GALENA DR, AUSTIN, TX  78717","S6870 - Davis Spring Sec 3-c, BLOCK P, Lot 1","R203597D"," ","S6870 - Davis Spring Sec 3-c","Real","$551,482","$551,482"
"R378635","R-16-3732-000P-0003","BREAUX, PATTI M & MARSHA BREAUX","15012 GALENA DR  AUSTIN, TX 78717","15012 GALENA DR, AUSTIN, TX  78717","S6870 - Davis Spring Sec 3-c, BLOCK P, Lot 3","R203597D"," ","S6870 - Davis Spring Sec 3-c","Real","$518,769","$518,769"
"R378639","R-16-3732-000P-0009","KENT, ASHLEY N & MICHAEL R","15106 GALENA DR  AUSTIN, TX 78717","15106 GALENA DR, AUSTIN, TX  78717","S6870 - Davis Spring Sec 3-c, BLOCK P, Lot 9","R203597D"," ","S6870 - Davis Spring Sec 3-c","Real","$615,596","$615,596"
"R378644","R-16-3732-000P-0014","JUSUF, ERNI & ELTEN LOGIS","16216 FINCASTLE DR  AUSTIN, TX 78717","15126 GALENA DR, AUSTIN, TX  78717","S6870 - Davis Spring Sec 3-c, BLOCK P, Lot 14","R203597D"," ","S6870 - Davis Spring Sec 3-c","Real","$516,932","$516,932"
"R378650","R-16-3732-000P-0020","KROMAN, STEVEN A & CASEY A","15150 GALENA DR  AUSTIN, TX 78717-4867","15150 GALENA DR, AUSTIN, TX  78717","S6870 - Davis Spring Sec 3-c, BLOCK P, Lot 20","R203597D"," ","S6870 - Davis Spring Sec 3-c","Real","$658,508","$658,508"
"R378652","R-16-3732-000P-0022","LEWIS, MICHAEL P & GRETCHEN R","15158 GALENA DR  AUSTIN, TX 78717","15158 GALENA DR, AUSTIN, TX  78717","S6870 - Davis Spring Sec 3-c, BLOCK P, Lot 22","R203597D"," ","S6870 - Davis Spring Sec 3-c","Real","$576,490","$576,490"
"R378653","R-16-3732-000P-0023","KRISHNAMOORTY, VIGNESHKUMAR & JANANI CHANDRABABU","15100 CALAVERAS DR  AUSTIN, TX 78717","15100 CALAVERAS DR, AUSTIN, TX  78717","S6870 - Davis Spring Sec 3-c, BLOCK P, Lot 23","R203597D"," ","S6870 - Davis Spring Sec 3-c","Real","$592,085","$592,085"
"R390015","R-16-3733-000D-0013","PARK, HEE M & MI S","14944 THATCHER DR AUSTIN, TX 78717-4523","14944 THATCHER DR, AUSTIN, TX  78717","S7399 - Davis Spring Sec 3-d Amended, BLOCK D, Lot 13","R203597D"," ","S7399 - Davis Spring Sec 3-d Amended","Real","$617,140","$617,140"
"R390021","R-16-3733-000L-0014","YOO FAMILY TRUST","15101 CALAVERAS DR  AUSTIN, TX 78717-4597","15101 CALAVERAS DR, AUSTIN, TX  78717","S7399 - Davis Spring Sec 3-d Amended, BLOCK L, Lot 14","R203597D"," ","S7399 - Davis Spring Sec 3-d Amended","Real","$638,292","$638,292"
"R390023","R-16-3733-000L-0016","DO, TRI HUU & BICHLE NGO","15109 CALAVERAS DR  AUSTIN, TX 78717","15109 CALAVERAS DR, AUSTIN, TX  78717","S7399 - Davis Spring Sec 3-d Amended, BLOCK L, Lot 16","R203597D"," ","S7399 - Davis Spring Sec 3-d Amended","Real","$566,457","$566,457"
"R390024","R-16-3733-000L-0017","RAJIV BIPIN DALAL & TRUPTI RAJIV DALAL CO TRS DA REDS LIVING TRUST","15136 THATCHER DR  AUSTIN, TX 78717","15136 THATCHER DR, AUSTIN, TX  78717","S7399 - Davis Spring Sec 3-d Amended, BLOCK L, Lot 17","R203597D"," ","S7399 - Davis Spring Sec 3-d Amended","Real","$763,222","$763,222"
"R390026","R-16-3733-000L-0019","BAGAYATKAR, NIMISH & MAEGHUN","15128 THATCHER DR AUSTIN, TX 78717-4687","15128 THATCHER DR, AUSTIN, TX  78717","S7399 - Davis Spring Sec 3-d Amended, BLOCK L, Lot 19","R203597D"," ","S7399 - Davis Spring Sec 3-d Amended","Real","$706,487","$706,487"
"R390029","R-16-3733-000L-0022","TOCCI, CHRISTOPHER & PAULA","15116 THATCHER DR  AUSTIN, TX 78717-4629","15116 THATCHER DR, AUSTIN, TX  78717","S7399 - Davis Spring Sec 3-d Amended, BLOCK L, Lot 22","R203597D"," ","S7399 - Davis Spring Sec 3-d Amended","Real","$583,032","$583,032"
"R390042","R-16-3733-000O-0003","ARTHUR, JENNIFER D","15135 SAVANNAH HEIGHTS DR  AUSTIN, TX 78717","15135 SAVANNAH HEIGHTS DR, AUSTIN, TX  78717","S7399 - Davis Spring Sec 3-d Amended, BLOCK O, Lot 3","R203597D"," ","S7399 - Davis Spring Sec 3-d Amended","Real","$548,498","$548,498"
"R390043","R-16-3733-000O-0004","TSAN, KUANG-HAO & YURI SAKAGUCHI","15131 SAVANNAH HEIGHTS DR  AUSTIN, TX 78717","15131 SAVANNAH HEIGHTS DR, AUSTIN, TX  78717","S7399 - Davis Spring Sec 3-d Amended, BLOCK O, Lot 4","R203597D"," ","S7399 - Davis Spring Sec 3-d Amended","Real","$541,024","$541,024"
"R390047","R-16-3733-000O-0008","CHANDOK, SUNEET & EKTA KHULLER","15115 SAVANNAH HEIGHTS DR  AUSTIN, TX 78717-4634","15115 SAVANNAH HEIGHTS DR, AUSTIN, TX  78717","S7399 - Davis Spring Sec 3-d Amended, BLOCK O, Lot 8","R203597D"," ","S7399 - Davis Spring Sec 3-d Amended","Real","$694,871","$694,871"
"R390049","R-16-3733-000O-0010","WARRINER, GEORGE H & JOY L","15105 SAVANNAH HEIGHTS DR  AUSTIN, TX 78717-4634","15105 SAVANNAH HEIGHTS DR, AUSTIN, TX  78717","S7399 - Davis Spring Sec 3-d Amended, BLOCK O, Lot 10","R203597D"," ","S7399 - Davis Spring Sec 3-d Amended","Real","$617,275","$617,275"
"R390054","R-16-3733-000O-0015","LEGGITT, MOLLI L & LOUIS E STANDRIDGE","15035 SAVANNAH HEIGHTS DR  AUSTIN, TX 78717","15035 SAVANNAH HEIGHTS DR, AUSTIN, TX  78717","S7399 - Davis Spring Sec 3-d Amended, BLOCK O, Lot 15","R203597D"," ","S7399 - Davis Spring Sec 3-d Amended","Real","$566,308","$566,308"
"R390055","R-16-3733-000O-0016","TANNER, MARSHALL L & DIANNE D TANNER","15031 SAVANNAH HEIGHTS DR  AUSTIN, TX 78717","15031 SAVANNAH HEIGHTS DR, AUSTIN, TX  78717","S7399 - Davis Spring Sec 3-d Amended, BLOCK O, Lot 16","R203597D"," ","S7399 - Davis Spring Sec 3-d Amended","Real","$549,488","$549,488"
"R390056","R-16-3733-000O-0017","KIKANI HOUSING INC","15027 SAVANNAH HEIGHTS DR AUSTIN, TX 78717-4632","15027 SAVANNAH HEIGHTS DR, AUSTIN, TX  78717","S7399 - Davis Spring Sec 3-d Amended, BLOCK O, Lot 17","R203597D"," ","S7399 - Davis Spring Sec 3-d Amended","Real","$625,117","$625,117"
"R390057","R-16-3733-000O-0018","THYAGARAJAN, SRIRAM & REVATHI C SEKAR","15023 SAVANNAH HEIGHTS DR  AUSTIN, TX 78717","15023 SAVANNAH HEIGHTS DR, AUSTIN, TX  78717","S7399 - Davis Spring Sec 3-d Amended, BLOCK O, Lot 18","R203597D"," ","S7399 - Davis Spring Sec 3-d Amended","Real","$716,917","$716,917"
"R390060","R-16-3733-000O-0021","TOPA, ALICE J & JOSEPH E","15009 SAVANNAH HEIGHTS DR  AUSTIN, TX 78717-4632","15009 SAVANNAH HEIGHTS DR, AUSTIN, TX  78717","S7399 - Davis Spring Sec 3-d Amended, BLOCK O, Lot 21","R203597D"," ","S7399 - Davis Spring Sec 3-d Amended","Real","$597,062","$597,062"
"R390062","R-16-3733-000O-0023","KALYAN, PRASSANA & SRINANDHINI JEYARAJ","15001 SAVANNAH HTS  AUSTIN, TX 78717","15001 SAVANNAH HEIGHTS DR, AUSTIN, TX  78717","S7399 - Davis Spring Sec 3-d Amended, BLOCK O, Lot 23","R203597D"," ","S7399 - Davis Spring Sec 3-d Amended","Real","$585,390","$585,390"
"R390065","R-16-3733-000P-0006","PAEZ CARRENO, JORGE LUIS & ANDREA CAROLINA PAEZ","15022 GALENA DR  AUSTIN, TX 78717-4869","15022 GALENA DR, AUSTIN, TX  78717","S7399 - Davis Spring Sec 3-d Amended, BLOCK P, Lot 6","R203597D"," ","S7399 - Davis Spring Sec 3-d Amended","Real","$633,639","$633,639"
"R390070","R-16-3733-000R-0005","SEIDEL, SCOTT & STEHANIE MCPEAK","15126 SAVANNAH HEIGHTS DR AUSTIN, TX 78717-4633","15126 SAVANNAH HEIGHTS DR, AUSTIN, TX  78717","S7399 - Davis Spring Sec 3-d Amended, BLOCK R, Lot 5","R203597D"," ","S7399 - Davis Spring Sec 3-d Amended","Real","$701,180","$701,180"
"R390075","R-16-3733-000R-0010","NARAYAN ABHIJITH KUDUPU & YASHASWINI ABHIJITH BANGERA","15108 SAVANNAH HEIGHTS DR  AUSTIN, TX 78717","15108 SAVANNAH HEIGHTS DR, AUSTIN, TX  78717","S7399 - Davis Spring Sec 3-d Amended, BLOCK R, Lot 10","R203597D"," ","S7399 - Davis Spring Sec 3-d Amended","Real","$749,526","$749,526"
"R390077","R-16-3733-000R-0012","HARRIS, MICHELLE & GUERRY","15100 SAVANNAH HEIGHTS DR  AUSTIN, TX 78717-4633","15100 SAVANNAH HEIGHTS DR, AUSTIN, TX  78717","S7399 - Davis Spring Sec 3-d Amended, BLOCK R, Lot 12","R203597D"," ","S7399 - Davis Spring Sec 3-d Amended","Real","$707,929","$707,929"
"R390079","R-16-3733-000R-0014","SIMPSON, ROBERT ANDRICK & FRANCES WOOD TRUSTEES OF THE RFS TRUST","15042 SAVANNAH HEIGHTS DR AUSTIN, TX 78717","15042 SAVANNAH HEIGHTS DR, AUSTIN, TX  78717","S7399 - Davis Spring Sec 3-d Amended, BLOCK R, Lot 14","R203597D"," ","S7399 - Davis Spring Sec 3-d Amended","Real","$629,124","$629,124"
"R390081","R-16-3733-000R-0016","NAWAZ, AATIF & SAIMA AATIF","15034 SAVANNAH HEIGHTS DR  AUSTIN, TX 78717","15034 SAVANNAH HEIGHTS DR, AUSTIN, TX  78717","S7399 - Davis Spring Sec 3-d Amended, BLOCK R, Lot 16","R203597D"," ","S7399 - Davis Spring Sec 3-d Amended","Real","$636,355","$636,355"
"R390087","R-16-3733-000R-0022","SYPHANTHONG, MELISSA","15105 TERRA VERDE DR  AUSTIN, TX 78717","15105 TERRA VERDE DR, AUSTIN, TX  78717","S7399 - Davis Spring Sec 3-d Amended, BLOCK R, Lot 22","R203597D"," ","S7399 - Davis Spring Sec 3-d Amended","Real","$711,827","$711,827"
"R390088","R-16-3733-000R-0023","XIANGSHAN, LI & JING SU","15109 TERRA VERDE DR  AUSTIN, TX 78717-4646","15109 TERRA VERDE DR, AUSTIN, TX  78717","S7399 - Davis Spring Sec 3-d Amended, BLOCK R, Lot 23","R203597D"," ","S7399 - Davis Spring Sec 3-d Amended","Real","$585,689","$585,689"
"R390090","R-16-3733-000R-0025","DIN, SALAH U & SHAHNA B","15119 TERRA VERDE DR  AUSTIN, TX 78717","15119 TERRA VERDE DR, AUSTIN, TX  78717","S7399 - Davis Spring Sec 3-d Amended, BLOCK R, Lot 25","R203597D"," ","S7399 - Davis Spring Sec 3-d Amended","Real","$740,604","$740,604"
"R390091","R-16-3733-000R-0026","ROZENTAL, ALON (TOD) & JENIA (TOD)","15123 TERRA VERDE DR  AUSTIN, TX 78717","15123 TERRA VERDE DR, AUSTIN, TX  78717","S7399 - Davis Spring Sec 3-d Amended, BLOCK R, Lot 26","R203597D"," ","S7399 - Davis Spring Sec 3-d Amended","Real","$740,956","$740,956"
"R390092","R-16-3733-000R-0027","LAM, BO TONG & SEN BUI VUONG","15127 TERRA VERDE DR AUSTIN, TX 78717-4646","15127 TERRA VERDE DR, AUSTIN, TX  78717","S7399 - Davis Spring Sec 3-d Amended, BLOCK R, Lot 27","R203597D"," ","S7399 - Davis Spring Sec 3-d Amended","Real","$761,369","$761,369"
"R390094","R-16-3733-000R-0029","KIM, SE KYU & YANG SOO","2404 CADES SPIRIT BND AUSTIN, TX 78738-5580","15135 TERRA VERDE DR, AUSTIN, TX  78717","S7399 - Davis Spring Sec 3-d Amended, BLOCK R, Lot 29","R203597D"," ","S7399 - Davis Spring Sec 3-d Amended","Real","$611,581","$611,581"
"R390095","R-16-3733-000R-0030","GREMILLION, LAUREN","15139 TERRA VERDE DR  AUSTIN, TX 78717","15139 TERRA VERDE DR, AUSTIN, TX  78717","S7399 - Davis Spring Sec 3-d Amended, BLOCK R, Lot 30","R203597D"," ","S7399 - Davis Spring Sec 3-d Amended","Real","$545,023","$545,023"
"R390098","R-16-3733-000T-0002","CHEN, XI & YINGCHAO","15215 THATCHER DR  AUSTIN, TX 78717-4638","15215 THATCHER DR, AUSTIN, TX  78717","S7399 - Davis Spring Sec 3-d Amended, BLOCK T, Lot 2","R203597D"," ","S7399 - Davis Spring Sec 3-d Amended","Real","$860,620","$860,620"
"R390099","R-16-3733-000T-0003","BIALEK, SCOTT & JENNIFER H","15219 THATCHER DR AUSTIN, TX 78717-4638","15219 THATCHER DR, AUSTIN, TX  78717","S7399 - Davis Spring Sec 3-d Amended, BLOCK T, Lot 3","R203597D"," ","S7399 - Davis Spring Sec 3-d Amended","Real","$588,357","$588,357"
"R390106","R-16-3733-000T-0010","MOCK, AMANDA","15227 CALAVERAS DR AUSTIN, TX 78717-4636","15227 CALAVERAS DR, AUSTIN, TX  78717","S7399 - Davis Spring Sec 3-d Amended, BLOCK T, Lot 10","R203597D"," ","S7399 - Davis Spring Sec 3-d Amended","Real","$649,057","$649,057"
"R390112","R-16-3733-000T-0016","PRAKASH, SAIESH & SOWMYA BALACHANDRAN","15137 THATCHER DR AUSTIN, TX 78717-4688","15137 THATCHER DR, AUSTIN, TX  78717","S7399 - Davis Spring Sec 3-d Amended, BLOCK T, Lot 16","R203597D"," ","S7399 - Davis Spring Sec 3-d Amended","Real","$595,839","$595,839"
"R390115","R-16-3733-000T-0019","DEVARAKONDA, VENKATA R S & KAMESWARI R NETI","15127 THATCHER DR  AUSTIN, TX 78717","15127 THATCHER DR, AUSTIN, TX  78717","S7399 - Davis Spring Sec 3-d Amended, BLOCK T, Lot 19","R203597D"," ","S7399 - Davis Spring Sec 3-d Amended","Real","$747,043","$747,043"
"R390119","R-16-3733-000T-0023","BOWERS, ELIZABETH M & GLEN D","15109 THATCHER DR  AUSTIN, TX 78717","15109 THATCHER DR, AUSTIN, TX  78717","S7399 - Davis Spring Sec 3-d Amended, BLOCK T, Lot 23","R203597D"," ","S7399 - Davis Spring Sec 3-d Amended","Real","$563,633","$563,633"
"R390124","R-16-3733-000T-0028","THOMAS M WONG & KATINA M WONG TR WONG LIVING TRUST","15019 THATCHER DR  AUSTIN, TX 78717","15019 THATCHER DR, AUSTIN, TX  78717","S7399 - Davis Spring Sec 3-d Amended, BLOCK T, Lot 28","R203597D"," ","S7399 - Davis Spring Sec 3-d Amended","Real","$641,907","$641,907"
"R390127","R-16-3733-000T-0031","CARPENTER, DIANE GEHAN","15005 THATCHER DR  AUSTIN, TX 78717","15005 THATCHER DR, AUSTIN, TX  78717","S7399 - Davis Spring Sec 3-d Amended, BLOCK T, Lot 31","R203597D"," ","S7399 - Davis Spring Sec 3-d Amended","Real","$830,910","$830,910"
"R390134","R-16-3733-000T-0038","PETER BANCHE REITMEYER & AMY WILSON REITMEYER OF REITMEYER LIVING TRUST","9915 CASSANDRA DR  AUSTIN, TX 78717","9915 CASSANDRA DR, AUSTIN, TX  78717","S7399 - Davis Spring Sec 3-d Amended, BLOCK T, Lot 38","R203597D"," ","S7399 - Davis Spring Sec 3-d Amended","Real","$653,938","$653,938"
"R392365","R-16-3733-000S-0005","GAO, WEI & JINGJING CUI","15136 TERRA VERDE DR  AUSTIN, TX 78717","15136 TERRA VERDE DR, AUSTIN, TX  78717","S7399 - Davis Spring Sec 3-d Amended, BLOCK S, Lot 5","R203597D"," ","S7399 - Davis Spring Sec 3-d Amended","Real","$792,821","$792,821"
"R392366","R-16-3733-000S-0006","MEROLA, WENDY M (TOD) & LARRY J SOMMER (TOD)","15132 TERRA VERDE DR  AUSTIN, TX 78717-4645","15132 TERRA VERDE DR, AUSTIN, TX  78717","S7399 - Davis Spring Sec 3-d Amended, BLOCK S, Lot 6","R203597D"," ","S7399 - Davis Spring Sec 3-d Amended","Real","$583,507","$583,507"
"R392367","R-16-3733-000S-0007","MORRIS, PETER J & SALLY M","15128 TERRA VERDE DR AUSTIN, TX 78717-4645","15128 TERRA VERDE DR, AUSTIN, TX  78717","S7399 - Davis Spring Sec 3-d Amended, BLOCK S, Lot 7","R203597D"," ","S7399 - Davis Spring Sec 3-d Amended","Real","$744,211","$744,211"
"R392368","R-16-3733-000S-0008","BERRY, CRAIG ALAN & VICKI CAROL MILLER","15124 TERRA VERDE  AUSTIN, TX 78717","15124 TERRA VERDE DR, AUSTIN, TX  78717","S7399 - Davis Spring Sec 3-d Amended, BLOCK S, Lot 8","R203597D"," ","S7399 - Davis Spring Sec 3-d Amended","Real","$677,842","$677,842"
"R392376","R-16-3733-000S-0016","RODRIGUEZ, JORGE R ZAMORA & ALMA G BERMEJO SANTOYO","15016 TERRA VERDE DR  AUSTIN, TX 78717","15016 TERRA VERDE DR, AUSTIN, TX  78717","S7399 - Davis Spring Sec 3-d Amended, BLOCK S, Lot 16","R203597D"," ","S7399 - Davis Spring Sec 3-d Amended","Real","$576,272","$576,272"
"R392377","R-16-3733-000S-0017","TEXAS CAPITOL LLC","3307 NORTHLAND DR  #STE 170 AUSTIN, TX 78731-4966","15012 TERRA VERDE DR, AUSTIN, TX  78717","S7399 - Davis Spring Sec 3-d Amended, BLOCK S, Lot 17","R203597D"," ","S7399 - Davis Spring Sec 3-d Amended","Real","$644,703","$644,703"
"R413797","R-16-3738-0000-0019A","DAVIS SPRING PROPERTIES LTD","3215 STECK AVE STE 101 AUSTIN, TX 78757-8060","NEENAH AVE, AUSTIN, TX  78717","S7654 - Davis Spring Sec 6-c, Lot 19A, ACRES 2.67, (GREENBELT)","R203597D"," ","S7654 - Davis Spring Sec 6-c","Real","$801","$801"
