"PROPERTY ID","ACCOUNT","OWNER NAME","OWNER ADDRESS","SITUS ADDRESS","LEGAL DESCRIPTION","NEIGHBORHOOD CODE","ABSTRACT","SUBDIVISION","PROPERTY TYPE","2026 ASSESSED VALUE","2026 MARKET VALUE"
"R342247","R-17-W324-010A-0014-0008","HADRYCH, VANESSA","1114 ANTELOPE RDG  CEDAR PARK, TX 78613","1114 ANTELOPE RIDGE, CEDAR PARK, TX  78613","S5910 - Forest Oaks Sec 1, BLOCK A, Lot 14","L526504D"," ","S5910 - Forest Oaks Sec 1","Real","$476,253","$476,253"
"R342248","R-17-W324-010A-0015-0008","WARD, KENNETH LUNDY & OBDULIA","14900 AVERY RANCH BLVD STE C200-281 AUSTIN, TX 78717-3951","1112 ANTELOPE RIDGE, CEDAR PARK, TX  78613","S5910 - Forest Oaks Sec 1, BLOCK A, Lot 15","L526504D"," ","S5910 - Forest Oaks Sec 1","Real","$444,340","$444,340"
"R342249","R-17-W324-010A-0016-0008","SCHROEDER, ADRIANNE DAWN & DAVID LEIGH HANSFORD","1110 ANTELOPE RDG  CEDAR PARK, TX 78613","1110 ANTELOPE RIDGE, CEDAR PARK, TX  78613","S5910 - Forest Oaks Sec 1, BLOCK A, Lot 16","L526504D"," ","S5910 - Forest Oaks Sec 1","Real","$646,073","$646,073"
"R342250","R-17-W324-010A-0017-0008","PHAM, THUY VINH","20519 SHADOW MILL CT  KATY, TX 77450-8661","1108 ANTELOPE RIDGE, CEDAR PARK, TX  78613","S5910 - Forest Oaks Sec 1, BLOCK A, Lot 17","L526504D"," ","S5910 - Forest Oaks Sec 1","Real","$430,426","$430,426"
"R342252","R-17-W324-010A-0018-0008","IYER, RAMJIKARTIK & SURYA SUBRAMANIAM","1106 ANTELOPE RDG  CEDAR PARK, TX 78613","1106 ANTELOPE RDG, CEDAR PARK, TX  78613","S5910 - Forest Oaks Sec 1, BLOCK A, Lot 18","L526504D"," ","S5910 - Forest Oaks Sec 1","Real","$468,824","$468,824"
"R342253","R-17-W324-010A-0019-0008","RUTLAND, JUDITH DIANNE","1104 ANTELOPE RDG CEDAR PARK, TX 78613-3206","1104 ANTELOPE RIDGE, CEDAR PARK, TX  78613","S5910 - Forest Oaks Sec 1, BLOCK A, Lot 19","L526504D"," ","S5910 - Forest Oaks Sec 1","Real","$394,553","$394,553"
"R342254","R-17-W324-010A-0020-0008","SALTZGABER, NATHAN & LILY","1102 ANTELOPE RDG  CEDAR PARK, TX 78613-3206","1102 ANTELOPE RIDGE, CEDAR PARK, TX  78613","S5910 - Forest Oaks Sec 1, BLOCK A, Lot 20","L526504D"," ","S5910 - Forest Oaks Sec 1","Real","$484,813","$484,813"
"R342255","R-17-W324-010A-0021-0008","JI, JONGHYUN","111 CHILBURN CIR BLOOMINGDALE, GA 31302-9687","1100 ANTELOPE RIDGE, CEDAR PARK, TX  78613","S5910 - Forest Oaks Sec 1, BLOCK A, Lot 21","L526504D"," ","S5910 - Forest Oaks Sec 1","Real","$448,032","$448,032"
"R342256","R-17-W324-010A-0022-0008","FLEMING, CORINNE","1010 ANTELOPE RDG  CEDAR PARK, TX 78613-3203","1010 ANTELOPE RIDGE, CEDAR PARK, TX  78613","S5910 - Forest Oaks Sec 1, BLOCK A, Lot 22","L526504D"," ","S5910 - Forest Oaks Sec 1","Real","$450,614","$450,614"
"R342257","R-17-W324-010A-0023-0008","BEE, XUEPING","1008 ANTELOPE RDG  CEDAR PARK, TX 78613","1008 ANTELOPE RIDGE, CEDAR PARK, TX  78613","S5910 - Forest Oaks Sec 1, BLOCK A, Lot 23","L526504D"," ","S5910 - Forest Oaks Sec 1","Real","$533,640","$533,640"
"R342258","R-17-W324-010A-0024-0008","SERPHILLIPS, ROBERT W & COLBY  S","1006 ANTELOPE RDG CEDAR PARK, TX 78613-3203","1006 ANTELOPE RIDGE, CEDAR PARK, TX  78613","S5910 - Forest Oaks Sec 1, BLOCK A, Lot 24","L526504D"," ","S5910 - Forest Oaks Sec 1","Real","$480,396","$480,396"
"R342259","R-17-W324-010A-0025-0008","HUDA, PRINCE & SUNDUS KHAN","1004 ANTELOPE RDG  CEDAR PARK, TX 78613","1004 ANTELOPE RIDGE, CEDAR PARK, TX  78613","S5910 - Forest Oaks Sec 1, BLOCK A, Lot 25","L526504D"," ","S5910 - Forest Oaks Sec 1","Real","$570,032","$570,032"
"R342260","R-17-W324-010A-0026-0008","MENDOZA, BENJAMIN III (TOD)","1002 ANTELOPE RDG  CEDAR PARK, TX 78613","1002 ANTELOPE RIDGE, CEDAR PARK, TX  78613","S5910 - Forest Oaks Sec 1, BLOCK A, Lot 26","L526504D"," ","S5910 - Forest Oaks Sec 1","Real","$435,453","$435,453"
"R342261","R-17-W324-010A-0027-0008","DONAHUE, JOSEPH & MELINDA","1000 ANTELOPE RDG  CEDAR PARK, TX 78613","1000 ANTELOPE RIDGE, CEDAR PARK, TX  78613","S5910 - Forest Oaks Sec 1, BLOCK A, Lot 27","L526504D"," ","S5910 - Forest Oaks Sec 1","Real","$449,069","$449,069"
"R342262","R-17-W324-010A-0028-0008","ZAGST, JACOB G & ALLISON","910 ANTELOPE RDG  CEDAR PARK, TX 78613-3202","910 ANTELOPE RIDGE, CEDAR PARK, TX  78613","S5910 - Forest Oaks Sec 1, BLOCK A, Lot 28","L526504D"," ","S5910 - Forest Oaks Sec 1","Real","$449,464","$449,464"
"R342263","R-17-W324-010A-0029-0008","ANVARI, SEYEDAMIN & GOLNAZ SEDAGHAT SHIRAZI","8920 VILLA NORTE DR  AUSTIN, TX 78726","908 ANTELOPE RIDGE, CEDAR PARK, TX  78613","S5910 - Forest Oaks Sec 1, BLOCK A, Lot 29","L526504D"," ","S5910 - Forest Oaks Sec 1","Real","$384,863","$384,863"
"R342264","R-17-W324-010A-0030-0008","CAWTHON, JOEL & PASSARA","906 ANTELOPE RDG  CEDAR PARK, TX 78613","906 ANTELOPE RIDGE, CEDAR PARK, TX  78613","S5910 - Forest Oaks Sec 1, BLOCK A, Lot 30","L526504D"," ","S5910 - Forest Oaks Sec 1","Real","$614,625","$614,625"
"R342265","R-17-W324-010A-0031-0008","THOMAS, SURESH & SARAH B STREET","904 ANTELOPE RDG  CEDAR PARK, TX 78613-3202","904 ANTELOPE RIDGE, CEDAR PARK, TX  78613","S5910 - Forest Oaks Sec 1, BLOCK A, Lot 31","L526504D"," ","S5910 - Forest Oaks Sec 1","Real","$513,672","$513,672"
"R342266","R-17-W324-010A-0032-0008","MITSCHKE, CRAIG & GINA","902 ANTELOPE RDG  CEDAR PARK, TX 78613","902 ANTELOPE RIDGE, CEDAR PARK, TX  78613","S5910 - Forest Oaks Sec 1, BLOCK A, Lot 32","L526504D"," ","S5910 - Forest Oaks Sec 1","Real","$476,220","$476,220"
"R342267","R-17-W324-010A-0033-0008","LOWMILLER, DAVID ANDREW AND SUSAN MARGARET","900 ANTELOPE RDG  CEDAR PARK, TX 78613","900 ANTELOPE RIDGE, CEDAR PARK, TX  78613","S5910 - Forest Oaks Sec 1, BLOCK A, Lot 33","L526504D"," ","S5910 - Forest Oaks Sec 1","Real","$461,657","$461,657"
"R342268","R-17-W324-010B-0001-0008","CLEARVIEW CROWN PARTNERS LP","2121 N AKARD ST  #STE 250 DALLAS, TX 75201-2218","DARKWOODS DR, CEDAR PARK, TX  78613","S5910 - Forest Oaks Sec 1, BLOCK B, Lot 1 pt, ACRES 0.828, (DRAINAGE EASEMENT)","L526504D"," ","S5910 - Forest Oaks Sec 1","Real","$300","$300"
"R342269","R-17-W324-010B-0002-0008","OVIEDO, YVETTE & MARIA BEATRIZ","804 ANTELOPE RDG  CEDAR PARK, TX 78613-3201","804 ANTELOPE RIDGE, CEDAR PARK, TX  78613","S5910 - Forest Oaks Sec 1, BLOCK B, Lot 2","L526504D"," ","S5910 - Forest Oaks Sec 1","Real","$384,532","$384,532"
"R342270","R-17-W324-010B-0003-0008","PADILLA, ALBERT J III & KATHRYN M","802 ANTELOPE RIDGE  CEDAR PARK, TX 78613","802 ANTELOPE RIDGE, CEDAR PARK, TX  78613","S5910 - Forest Oaks Sec 1, BLOCK B, Lot 3","L526504D"," ","S5910 - Forest Oaks Sec 1","Real","$461,038","$461,038"
"R342271","R-17-W324-010B-0004-0008","FURIANI, LAURA ELAINE ACTON & PAUL JOSEPH","800 ANTELOPE RDG  CEDAR PARK, TX 78613","800 ANTELOPE RIDGE, CEDAR PARK, TX  78613","S5910 - Forest Oaks Sec 1, BLOCK B, Lot 4","L526504D"," ","S5910 - Forest Oaks Sec 1","Real","$658,004","$658,004"
"R342272","R-17-W324-010B-0005-0008","MCFARLEN, JONATHAN & GINA","801 ANTELOPE RDG  CEDAR PARK, TX 78613-3201","801 ANTELOPE RIDGE, CEDAR PARK, TX  78613","S5910 - Forest Oaks Sec 1, BLOCK B, Lot 5","L526504D"," ","S5910 - Forest Oaks Sec 1","Real","$519,945","$519,945"
"R342273","R-17-W324-010B-0006-0008","HARPER, TREY R","803 ANTELOPE RDG  CEDAR PARK, TX 78613","803 ANTELOPE RIDGE, CEDAR PARK, TX  78613","S5910 - Forest Oaks Sec 1, BLOCK B, Lot 6","L526504D"," ","S5910 - Forest Oaks Sec 1","Real","$465,574","$465,574"
"R342274","R-17-W324-010B-0007-0008","NGO, HANNAH & HANH NGUYEN","11503 BRANDON PARKE TRL  AUSTIN, TX 78750","805 ANTELOPE RIDGE, CEDAR PARK, TX  78613","S5910 - Forest Oaks Sec 1, BLOCK B, Lot 7","L526504D"," ","S5910 - Forest Oaks Sec 1","Real","$420,561","$420,561"
"R342275","R-17-W324-010B-0008-0008","TIMOTHY K & SHONNA D TOBIAS COTRS TOBIAS FAMILY LIVING TRUST","806 SAVANNA LN  CEDAR PARK, TX 78613-3211","806 SAVANNA LN, CEDAR PARK, TX  78613","S5910 - Forest Oaks Sec 1, BLOCK B, Lot 8","L526504D"," ","S5910 - Forest Oaks Sec 1","Real","$502,522","$502,522"
"R342276","R-17-W324-010B-0009-0008","PETRUSKI, ANDREW E","804 SAVANNA LN CEDAR PARK, TX 78613-3211","804 SAVANNA LN, CEDAR PARK, TX  78613","S5910 - Forest Oaks Sec 1, BLOCK B, Lot 9","L526504D"," ","S5910 - Forest Oaks Sec 1","Real","$438,602","$438,602"
"R342277","R-17-W324-010B-0010-0008","PRASATIK, ROBERT E & REBECCA A","802 SAVANNA LN  CEDAR PARK, TX 78613-3211","802 SAVANNA LN, CEDAR PARK, TX  78613","S5910 - Forest Oaks Sec 1, BLOCK B, Lot 10","L526504D"," ","S5910 - Forest Oaks Sec 1","Real","$470,972","$470,972"
"R342279","R-17-W324-010B-0011-0008","WALKER, LEVI","800 SAVANNA LN  CEDAR PARK, TX 78613","800 SAVANNA LN, CEDAR PARK, TX  78613","S5910 - Forest Oaks Sec 1, BLOCK B, Lot 11","L526504D"," ","S5910 - Forest Oaks Sec 1","Real","$446,518","$446,518"
"R342280","R-17-W324-010B-0012-0008","ADAMS, QUINCY (TOD) & MARY (TOD)","801 SAVANNA LN  CEDAR PARK, TX 78613","801 SAVANNA LN, CEDAR PARK, TX  78613","S5910 - Forest Oaks Sec 1, BLOCK B, Lot 12","L526504D"," ","S5910 - Forest Oaks Sec 1","Real","$674,010","$674,010"
"R342281","R-17-W324-010B-0013-0008","NGUYEN, HONGAN TRONG","1118 CORNERSTONE DR  CORPUS CHRISTI, TX 78418","803 SAVANNA LN, CEDAR PARK, TX  78613","S5910 - Forest Oaks Sec 1, BLOCK B, Lot 13","L526504D"," ","S5910 - Forest Oaks Sec 1","Real","$103,000","$103,000"
"R342283","R-17-W324-010B-0014-0008","CHEN, CATHERINE","48 EAST AVE AUSTIN, TX 78701-4317","805 SAVANNA LN, CEDAR PARK, TX  78613","S5910 - Forest Oaks Sec 1, BLOCK B, Lot 14","L526504D"," ","S5910 - Forest Oaks Sec 1","Real","$384,747","$384,747"
"R342285","R-17-W324-010B-0015-0008","DEJESUS, HECTOR J","807 SAVANNA LN  CEDAR PARK, TX 78613","807 SAVANNA LN, CEDAR PARK, TX  78613","S5910 - Forest Oaks Sec 1, BLOCK B, Lot 15","L526504D"," ","S5910 - Forest Oaks Sec 1","Real","$472,457","$472,457"
"R342286","R-17-W324-010B-0016-0008","GERMOSEN, JHOVANNY O & PATRICIA A","804 CASHEW LN  CEDAR PARK, TX 78613","804 CASHEW LN, CEDAR PARK, TX  78613","S5910 - Forest Oaks Sec 1, BLOCK B, Lot 16","L526504D"," ","S5910 - Forest Oaks Sec 1","Real","$466,439","$466,439"
"R342287","R-17-W324-010B-0017-0008","MORRISON, CHARLES ETHAN","101 TIMBER WOLF TRCE LIBERTY HILL, TX 78642-0009","802 CASHEW LN, CEDAR PARK, TX  78613","S5910 - Forest Oaks Sec 1, BLOCK B, Lot 17","L526504D"," ","S5910 - Forest Oaks Sec 1","Real","$407,144","$407,144"
"R342288","R-17-W324-010B-0018-0008","BADILO, JENNA M & ROBERT E III","800 CASHEW LN  CEDAR PARK, TX 78613","800 CASHEW LN, CEDAR PARK, TX  78613","S5910 - Forest Oaks Sec 1, BLOCK B, Lot 18","L526504D"," ","S5910 - Forest Oaks Sec 1","Real","$539,237","$539,237"
"R342289","R-17-W324-010B-0019-0008","ARMIJO, RONNIE CHRISTOPHER","801 CASHEW LN  CEDAR PARK, TX 78613","801 CASHEW LN, CEDAR PARK, TX  78613","S5910 - Forest Oaks Sec 1, BLOCK B, Lot 19","L526504D"," ","S5910 - Forest Oaks Sec 1","Real","$607,190","$607,190"
"R342290","R-17-W324-010B-0020-0008","LAVANI, SURESH & VILAS S","14100 ABERVIL TRL  AUSTIN, TX 78717-4989","803 CASHEW LN, CEDAR PARK, TX  78613","S5910 - Forest Oaks Sec 1, BLOCK B, Lot 20","L526504D"," ","S5910 - Forest Oaks Sec 1","Real","$457,875","$457,875"
"R342291","R-17-W324-010B-0021-0008","HORBAL, JOHN A","805 CASHEW LN CEDAR PARK, TX 78613-3209","805 CASHEW LN, CEDAR PARK, TX  78613","S5910 - Forest Oaks Sec 1, BLOCK B, Lot 21","L526504D"," ","S5910 - Forest Oaks Sec 1","Real","$447,595","$447,595"
"R342293","R-17-W324-010B-0022-0008","CARR, CRAIG ALLAN","802 TALLOW TRL CEDAR PARK, TX 78613-3215","802 TALLOW TRL, CEDAR PARK, TX  78613","S5910 - Forest Oaks Sec 1, BLOCK B, Lot 22","L526504D"," ","S5910 - Forest Oaks Sec 1","Real","$466,439","$466,439"
"R342294","R-17-W324-010B-0023-0008","AVANZADO, JOHN AARON A TRUSTEE OF JAA ESTATE TRUST","800 TALLOW TRL  CEDAR PARK, TX 78613","800 TALLOW TRL, CEDAR PARK, TX  78613","S5910 - Forest Oaks Sec 1, BLOCK B, Lot 23","L526504D"," ","S5910 - Forest Oaks Sec 1","Real","$588,534","$588,534"
"R342295","R-17-W324-010B-0024-0008","SCOTT, KATHRYN GENE","4404 OAK KNOLL CT  ARLINGTON, TX 76016-4512","801 TALLOW TRL, CEDAR PARK, TX  78613","S5910 - Forest Oaks Sec 1, BLOCK B, Lot 24","L526504D"," ","S5910 - Forest Oaks Sec 1","Real","$410,337","$410,337"
"R342296","R-17-W324-010B-0025-0008","TRAN, LY HUYEN & COREY MURPHY","803 TALLOW TRL  CEDAR PARK, TX 78613","803 TALLOW TRL, CEDAR PARK, TX  78613","S5910 - Forest Oaks Sec 1, BLOCK B, Lot 25","L526504D"," ","S5910 - Forest Oaks Sec 1","Real","$482,334","$482,334"
"R342297","R-17-W324-010C-0001-0008","BLANCO, DANIELLE & ANDRES","711 JAGGED ROCK  CEDAR PARK, TX 78613-3214","711 JAGGED ROCK, CEDAR PARK, TX  78613","S5910 - Forest Oaks Sec 1, BLOCK C, Lot 1","L526504D"," ","S5910 - Forest Oaks Sec 1","Real","$647,903","$647,903"
"R342298","R-17-W324-010C-0002-0008","BILANYCH, JOHN & CAROLE V","709 JAGGED ROCK CEDAR PARK, TX 78613-3214","709 JAGGED ROCK, CEDAR PARK, TX  78613","S5910 - Forest Oaks Sec 1, BLOCK C, Lot 2","L526504D"," ","S5910 - Forest Oaks Sec 1","Real","$645,410","$645,410"
"R342300","R-17-W324-010C-0003-0008","LARKIN, RANDALL","6001 SATSUMA CV  AUSTIN, TX 78759","707 JAGGED ROCK, CEDAR PARK, TX  78613","S5910 - Forest Oaks Sec 1, BLOCK C, Lot 3","L526504D"," ","S5910 - Forest Oaks Sec 1","Real","$430,944","$430,944"
"R342301","R-17-W324-010C-0004-0008","YATES, KRISTINE & MATTHEW","705 JAGGED ROCK  CEDAR PARK, TX 78613","705 JAGGED ROCK, CEDAR PARK, TX  78613","S5910 - Forest Oaks Sec 1, BLOCK C, Lot 4","L526504D"," ","S5910 - Forest Oaks Sec 1","Real","$403,065","$403,065"
"R342302","R-17-W324-010C-0005-0008","ROMBARDO, CARMELLA G","703 JAGGED ROCK  CEDAR PARK, TX 78613","703 JAGGED ROCK, CEDAR PARK, TX  78613","S5910 - Forest Oaks Sec 1, BLOCK C, Lot 5","L526504D"," ","S5910 - Forest Oaks Sec 1","Real","$390,302","$390,302"
"R342303","R-17-W324-010C-0006-0008","TOOPS, ASHLEY","701 JAGGED ROCK  CEDAR PARK, TX 78613","701 JAGGED ROCK, CEDAR PARK, TX  78613","S5910 - Forest Oaks Sec 1, BLOCK C, Lot 6","L526504D"," ","S5910 - Forest Oaks Sec 1","Real","$409,800","$409,800"
"R342304","R-17-W324-010C-0007-0008","OLIVER, WILLIAM H (LE) & JUANETTE (LE)","902 SAVANNA LN  CEDAR PARK, TX 78613","902 SAVANNA LN, CEDAR PARK, TX  78613","S5910 - Forest Oaks Sec 1, BLOCK C, Lot 7","L526504D"," ","S5910 - Forest Oaks Sec 1","Real","$437,595","$437,595"
"R342305","R-17-W324-010C-0008-0008","KIMBERLY GRAY & RYAN GRAY CO TRUSTEES OF THE GRAY LIVING TRUST","900 SAVANNA LN  CEDAR PARK, TX 78613","900 SAVANNA LN, CEDAR PARK, TX  78613","S5910 - Forest Oaks Sec 1, BLOCK C, Lot 8","L526504D"," ","S5910 - Forest Oaks Sec 1","Real","$426,644","$426,644"
"R342306","R-17-W324-010C-0009-0008","OWENS DOUGLAS & SHANNON TRUSTEE DOUGLAS RAY & SHANNON LEE OWENS LIVING TRUST","600 DARKWOODS DR  CEDAR PARK, TX 78613","600 DARKWOODS DR, CEDAR PARK, TX  78613","S5910 - Forest Oaks Sec 1, BLOCK C, Lot 9","L526504D"," ","S5910 - Forest Oaks Sec 1","Real","$567,190","$567,190"
"R342307","R-17-W324-010D-0001-0008","WILLIAMSON, SONDRA LYNN","1005 ANTELOPE RDG  CEDAR PARK, TX 78613","1005 ANTELOPE RDG, CEDAR PARK, TX  78613","S5910 - Forest Oaks Sec 1, BLOCK D, Lot 1","L526504D"," ","S5910 - Forest Oaks Sec 1","Real","$440,545","$440,545"
"R342308","R-17-W324-010D-0002-0008","ANTELOPE RIDGE LLC","3225 MCLEOD DR  #STE 777 LAS VEGAS, NV 89121","1003 ANTELOPE RIDGE, CEDAR PARK, TX  78613","S5910 - Forest Oaks Sec 1, BLOCK D, Lot 2","L526504D"," ","S5910 - Forest Oaks Sec 1","Real","$544,577","$544,577"
"R342309","R-17-W324-010D-0003-0008","CHUA, SIEW HIANG & CHIN WEI LOO","1001 ANTELOPE RDG  CEDAR PARK, TX 78613","1001 ANTELOPE RIDGE, CEDAR PARK, TX  78613","S5910 - Forest Oaks Sec 1, BLOCK D, Lot 3","L526504D"," ","S5910 - Forest Oaks Sec 1","Real","$420,401","$420,401"
"R342310","R-17-W324-010D-0004-0008","BRIDLE, MARK JOHN","712 JAGGED ROCK  CEDAR PARK, TX 78613","712 JAGGED ROCK, CEDAR PARK, TX  78613","S5910 - Forest Oaks Sec 1, BLOCK D, Lot 4","L526504D"," ","S5910 - Forest Oaks Sec 1","Real","$414,054","$414,054"
"R342311","R-17-W324-010D-0005-0008","ZHANG, JING","710 JAGGED ROCK  CEDAR PARK, TX 78613","710 JAGGED ROCK, CEDAR PARK, TX  78613","S5910 - Forest Oaks Sec 1, BLOCK D, Lot 5","L526504D"," ","S5910 - Forest Oaks Sec 1","Real","$453,669","$453,669"
"R342312","R-17-W324-010D-0006-0008","YOUNG, CLINT G (TOD)","708 JAGGED ROCK  CEDAR PARK, TX 78613-3214","708 JAGGED ROCK, CEDAR PARK, TX  78613","S5910 - Forest Oaks Sec 1, BLOCK D, Lot 6","L526504D"," ","S5910 - Forest Oaks Sec 1","Real","$477,595","$477,595"
"R342313","R-17-W324-010D-0007-0008","BARKAI, DESIREE","706 JAGGED ROCK  CEDAR PARK, TX 78613","706 JAGGED ROCK, CEDAR PARK, TX  78613","S5910 - Forest Oaks Sec 1, BLOCK D, Lot 7","L526504D"," ","S5910 - Forest Oaks Sec 1","Real","$632,049","$632,049"
"R342314","R-17-W324-010D-0008-0008","LAZARO, ANTHONY DEAN & DEBORAH HOGUE","704 JAGGED ROCK CEDAR PARK, TX 78613-3214","704 JAGGED ROCK, CEDAR PARK, TX  78613","S5910 - Forest Oaks Sec 1, BLOCK D, Lot 8","L526504D"," ","S5910 - Forest Oaks Sec 1","Real","$438,081","$438,081"
"R342315","R-17-W324-010D-0009-0008","SCHAMBACH, BRANDON & MELANIE","702 JAGGED ROCK  CEDAR PARK, TX 78613","702 JAGGED ROCK, CEDAR PARK, TX  78613","S5910 - Forest Oaks Sec 1, BLOCK D, Lot 9","L526504D"," ","S5910 - Forest Oaks Sec 1","Real","$527,926","$527,926"
"R342316","R-17-W324-010D-0010-0008","VADHARIYA, MADNI MAKSUD","700 JAGGED ROCK  CEDAR PARK, TX 78613","700 JAGGED ROCK, CEDAR PARK, TX  78613","S5910 - Forest Oaks Sec 1, BLOCK D, Lot 10","L526504D"," ","S5910 - Forest Oaks Sec 1","Real","$425,381","$425,381"
"R342317","R-17-W324-010D-0015-0008","OGDEN, RACHEL GENTZ & EDWARD","1004 CLOUDVIEW CV  CEDAR PARK, TX 78613-3204","1004 CLOUDVIEW CV, CEDAR PARK, TX  78613","S5910 - Forest Oaks Sec 1, BLOCK D, Lot 15","L526504D"," ","S5910 - Forest Oaks Sec 1","Real","$360,502","$360,502"
"R342318","R-17-W324-010D-0016-0008","PARKER, JAMES N (TOD) & D'ANN M (TOD)","1002 CLOUDVIEW CV  CEDAR PARK, TX 78613-3204","1002 CLOUDVIEW CV, CEDAR PARK, TX  78613","S5910 - Forest Oaks Sec 1, BLOCK D, Lot 16","L526504D"," ","S5910 - Forest Oaks Sec 1","Real","$446,954","$446,954"
"R342319","R-17-W324-010D-0017-0008","CLARK, DAVID K & VALARIE KINNAMON CLARK","1000 CLOUDVIEW CV CEDAR PARK, TX 78613-3204","1000 CLOUDVIEW CV, CEDAR PARK, TX  78613","S5910 - Forest Oaks Sec 1, BLOCK D, Lot 17","L526504D"," ","S5910 - Forest Oaks Sec 1","Real","$435,904","$435,904"
"R342320","R-17-W324-010D-0018-0008","UITZ, ROBERT WOLFGANG","1001 CLOUDVIEW CV CEDAR PARK, TX 78613-3204","1001 CLOUDVIEW CV, CEDAR PARK, TX  78613","S5910 - Forest Oaks Sec 1, BLOCK D, Lot 18","L526504D"," ","S5910 - Forest Oaks Sec 1","Real","$435,421","$435,421"
"R342321","R-17-W324-010D-0019-0008","ALLO, ALEXIS THOM","1003 CLOUDVIEW CV  CEDAR PARK, TX 78613","1003 CLOUDVIEW CV, CEDAR PARK, TX  78613","S5910 - Forest Oaks Sec 1, BLOCK D, Lot 19","L526504D"," ","S5910 - Forest Oaks Sec 1","Real","$449,869","$449,869"
"R342322","R-17-W324-010D-0020-0008","GARRETT, BRADLEY (TOD) & TERRI GARRETT (TOD)","1005 CLOUDVIEW CV CEDAR PARK, TX 78613","1005 CLOUDVIEW CV, CEDAR PARK, TX  78613","S5910 - Forest Oaks Sec 1, BLOCK D, Lot 20","L526504D"," ","S5910 - Forest Oaks Sec 1","Real","$465,750","$465,750"
"R342323","R-17-W324-010E-0007-0008","RANKIN, CHARLES (TOD)","909 SAVANNA LN  CEDAR PARK, TX 78613-3213","909 SAVANNA LN, CEDAR PARK, TX  78613","S5910 - Forest Oaks Sec 1, BLOCK E, Lot 7","L526504D"," ","S5910 - Forest Oaks Sec 1","Real","$658,272","$658,272"
"R342324","R-17-W324-010E-0008-0008","WARSHAM, RICHARD TRENT & ALEXIS","907 SAVANNA LN  CEDAR PARK, TX 78613-3213","907 SAVANNA LN, CEDAR PARK, TX  78613","S5910 - Forest Oaks Sec 1, BLOCK E, Lot 8","L526504D"," ","S5910 - Forest Oaks Sec 1","Real","$529,082","$529,082"
"R342325","R-17-W324-010E-0009-0008","MAHADEVAN, MAHESH & ANJALI N AYYAR","905 SAVANNA LN  CEDAR PARK, TX 78613","905 SAVANNA LN, CEDAR PARK, TX  78613","S5910 - Forest Oaks Sec 1, BLOCK E, Lot 9","L526504D"," ","S5910 - Forest Oaks Sec 1","Real","$537,541","$537,541"
"R342326","R-17-W324-010E-0010-0008","LASKY, MONICA","903 SAVANNA LN  CEDAR PARK, TX 78613-3213","903 SAVANNA LN, CEDAR PARK, TX  78613","S5910 - Forest Oaks Sec 1, BLOCK E, Lot 10","L526504D"," ","S5910 - Forest Oaks Sec 1","Real","$449,201","$449,201"
"R342327","R-17-W324-010E-0011-0008","SHORT, TATIANA & STEFANO PIETRI","901 SAVANNA LN  CEDAR PARK, TX 78613-3213","901 SAVANNA LN, CEDAR PARK, TX  78613","S5910 - Forest Oaks Sec 1, BLOCK E, Lot 11","L526504D"," ","S5910 - Forest Oaks Sec 1","Real","$516,753","$516,753"
"R342328","R-17-W324-010E-0012-0008","ANDES, MARILYN","900 CASHEW LN  CEDAR PARK, TX 78613-3210","900 CASHEW LN, CEDAR PARK, TX  78613","S5910 - Forest Oaks Sec 1, BLOCK E, Lot 12","L526504D"," ","S5910 - Forest Oaks Sec 1","Real","$400,742","$400,742"
"R342329","R-17-W324-010E-0013-0008","RAMANI, PRABHURAM","1617 DA VINCI TRL LEANDER, TX 78641-4248","902 CASHEW LN, CEDAR PARK, TX  78613","S5910 - Forest Oaks Sec 1, BLOCK E, Lot 13","L526504D"," ","S5910 - Forest Oaks Sec 1","Real","$479,018","$479,018"
"R342330","R-17-W324-010E-0014-0008","BAIANONIE, MOHAMMET & INSHIRAH DAHER","904 CASHEW LN  CEDAR PARK, TX 78613-3210","904 CASHEW LN, CEDAR PARK, TX  78613","S5910 - Forest Oaks Sec 1, BLOCK E, Lot 14","L526504D"," ","S5910 - Forest Oaks Sec 1","Real","$657,307","$657,307"
"R342331","R-17-W324-010F-0011-0008","KIM, HEE JOON","905 CASHEW LN  CEDAR PARK, TX 78613","905 CASHEW LN, CEDAR PARK, TX  78613","S5910 - Forest Oaks Sec 1, BLOCK F, Lot 11","L526504D"," ","S5910 - Forest Oaks Sec 1","Real","$663,681","$663,681"
"R342332","R-17-W324-010F-0012-0008","MORITZ, TAMARA & ALLAN","903 CASHEW LN  CEDAR PARK, TX 78613","903 CASHEW LN, CEDAR PARK, TX  78613","S5910 - Forest Oaks Sec 1, BLOCK F, Lot 12","L526504D"," ","S5910 - Forest Oaks Sec 1","Real","$512,780","$512,780"
"R342333","R-17-W324-010F-0013-0008","BAYE E WILLIAMS & CYNTHIA K WILLIAMS AS CO-TRS OF THE BELKOR REVOCABLE TRUST","901 CASHEW LN  CEDAR PARK, TX 78613-3210","901 CASHEW LN, CEDAR PARK, TX  78613","S5910 - Forest Oaks Sec 1, BLOCK F, Lot 13","L526504D"," ","S5910 - Forest Oaks Sec 1","Real","$466,741","$466,741"
"R342334","R-17-W324-010F-0014-0008","NEAL, KAREN & HOYT","900 TALLOW TRL  CEDAR PARK, TX 78613","900 TALLOW TRL, CEDAR PARK, TX  78613","S5910 - Forest Oaks Sec 1, BLOCK F, Lot 14","L526504D"," ","S5910 - Forest Oaks Sec 1","Real","$433,116","$433,116"
"R342335","R-17-W324-010F-0015-0008","HOOD, LAURA M & KELLEN D","902 TALLOW TRL  CEDAR PARK, TX 78613-3216","902 TALLOW TRL, CEDAR PARK, TX  78613","S5910 - Forest Oaks Sec 1, BLOCK F, Lot 15","L526504D"," ","S5910 - Forest Oaks Sec 1","Real","$452,050","$452,050"
"R342336","R-17-W324-010G-0022-0008","WANG, LEI & CHEN ZHAO","3801 MIA TIA CIR  #APT A AUSTIN, TX 78731","414 DARKWOODS DR, CEDAR PARK, TX  78613","S5910 - Forest Oaks Sec 1, BLOCK G, Lot 22","L526504D"," ","S5910 - Forest Oaks Sec 1","Real","$446,252","$446,252"
"R342338","R-17-W324-010J-0001-0008","KROSSCHELL, ROXANNE C (TOD)","714 CLOUDVIEW LN  CEDAR PARK, TX 78613-3205","714 CLOUDVIEW LN, CEDAR PARK, TX  78613","S5910 - Forest Oaks Sec 1, BLOCK J, Lot 1","L526504D"," ","S5910 - Forest Oaks Sec 1","Real","$361,322","$361,322"
"R342339","R-17-W324-010J-0002-0008","RHOADES, LEANNE & CRAIG","712 CLOUDVIEW LN  CEDAR PARK, TX 78613","712 CLOUDVIEW LN, CEDAR PARK, TX  78613","S5910 - Forest Oaks Sec 1, BLOCK J, Lot 2","L526504D"," ","S5910 - Forest Oaks Sec 1","Real","$440,537","$440,537"
"R342340","R-17-W324-010J-0003-0008","JEFFREY EVANS FERRO & KATHLEEN WEBB FERRO TRS OF THE JEFFREY & KATHLEEN FERRO","710 CLOUDVIEW LN  CEDAR PARK, TX 78613-3205","710 CLOUDVIEW LN, CEDAR PARK, TX  78613","S5910 - Forest Oaks Sec 1, BLOCK J, Lot 3","L526504D"," ","S5910 - Forest Oaks Sec 1","Real","$653,745","$653,745"
"R342341","R-17-W324-010J-0004-0008","GRAVES, STEVE & JANA","708 CLOUDVIEW LN CEDAR PARK, TX 78613-3205","708 CLOUDVIEW LN, CEDAR PARK, TX  78613","S5910 - Forest Oaks Sec 1, BLOCK J, Lot 4","L526504D"," ","S5910 - Forest Oaks Sec 1","Real","$477,050","$477,050"
"R342342","R-17-W324-010J-0005-0008","KEELIN, DOROTHY A","706 CLOUDVIEW LN  CEDAR PARK, TX 78613","706 CLOUDVIEW LN, CEDAR PARK, TX  78613","S5910 - Forest Oaks Sec 1, BLOCK J, Lot 5","L526504D"," ","S5910 - Forest Oaks Sec 1","Real","$443,239","$443,239"
"R342343","R-17-W324-010J-0006-0008","HERZOG, STACEY L","704 CLOUDVIEW LN  CEDAR PARK, TX 78613","704 CLOUDVIEW LN, CEDAR PARK, TX  78613","S5910 - Forest Oaks Sec 1, BLOCK J, Lot 6","L526504D"," ","S5910 - Forest Oaks Sec 1","Real","$385,490","$385,490"
"R342344","R-17-W324-010J-0022-0008","LEMLEY, DAVID GLENN","708 ANTELOPE CV CEDAR PARK, TX 78613-3208","708 ANTELOPE CV, CEDAR PARK, TX  78613","S5910 - Forest Oaks Sec 1, BLOCK J, Lot 22","L526504D"," ","S5910 - Forest Oaks Sec 1","Real","$452,610","$452,610"
"R342345","R-17-W324-010J-0023-0008","YIM, YUN S & BYONG CHOE","706 ANTELOPE CV CEDAR PARK, TX 78613-3208","706 ANTELOPE CV, CEDAR PARK, TX  78613","S5910 - Forest Oaks Sec 1, BLOCK J, Lot 23","L526504D"," ","S5910 - Forest Oaks Sec 1","Real","$405,299","$405,299"
"R342346","R-17-W324-010J-0024-0008","WILLIS, SETH E & JANET F","704 ANTELOPE CV CEDAR PARK, TX 78613-3208","704 ANTELOPE CV, CEDAR PARK, TX  78613","S5910 - Forest Oaks Sec 1, BLOCK J, Lot 24","L526504D"," ","S5910 - Forest Oaks Sec 1","Real","$385,232","$385,232"
"R342347","R-17-W324-010J-0025-0008","BUMPUS, SARAH M","702 ANTELOPE CV  CEDAR PARK, TX 78613","702 ANTELOPE CV, CEDAR PARK, TX  78613","S5910 - Forest Oaks Sec 1, BLOCK J, Lot 25","L526504D"," ","S5910 - Forest Oaks Sec 1","Real","$547,393","$547,393"
"R342348","R-17-W324-010J-0026-0008","MATARAZZO, SUEZEAN & NATHAN","700 ANTELOPE CV  CEDAR PARK, TX 78613","700 ANTELOPE CV, CEDAR PARK, TX  78613","S5910 - Forest Oaks Sec 1, BLOCK J, Lot 26","L526504D"," ","S5910 - Forest Oaks Sec 1","Real","$669,345","$669,345"
"R342349","R-17-W324-010J-0027-0008","TRUJILLO, TROY J","701 ANTELOPE CV  CEDAR PARK, TX 78613","701 ANTELOPE CV, CEDAR PARK, TX  78613","S5910 - Forest Oaks Sec 1, BLOCK J, Lot 27","L526504D"," ","S5910 - Forest Oaks Sec 1","Real","$444,865","$444,865"
"R342350","R-17-W324-010J-0028-0008","ALEJOS, RUBEN & MARIA","703 ANTELOPE CV  CEDAR PARK, TX 78613","703 ANTELOPE CV, CEDAR PARK, TX  78613","S5910 - Forest Oaks Sec 1, BLOCK J, Lot 28","L526504D"," ","S5910 - Forest Oaks Sec 1","Real","$478,878","$478,878"
"R342351","R-17-W324-010J-0029-0008","HOCKE-MIRZASHVILI, TATJANA & IRAKLI MIRZASHVILI","705 ANTELOPE CV  CEDAR PARK, TX 78613","705 ANTELOPE CV, CEDAR PARK, TX  78613","S5910 - Forest Oaks Sec 1, BLOCK J, Lot 29","L526504D"," ","S5910 - Forest Oaks Sec 1","Real","$472,657","$472,657"
"R342352","R-17-W324-010J-0030-0008","HICKAM, GARY & JANET C","707 ANTELOPE CV  CEDAR PARK, TX 78613","707 ANTELOPE CV, CEDAR PARK, TX  78613","S5910 - Forest Oaks Sec 1, BLOCK J, Lot 30","L526504D"," ","S5910 - Forest Oaks Sec 1","Real","$412,576","$412,576"
"R342353","R-17-W324-010J-0031-0008","SOLORZANO, CARLOS BENITO & MARIBEL MARBELLA TAPIA","1105 ANTELOPE RDG  CEDAR PARK, TX 78613","1105 ANTELOPE RIDGE, CEDAR PARK, TX  78613","S5910 - Forest Oaks Sec 1, BLOCK J, Lot 31","L526504D"," ","S5910 - Forest Oaks Sec 1","Real","$402,215","$402,215"
"R342354","R-17-W324-010J-0032-0008","ASJ&J PROPERTIES LLC SERIES I","504 BRAVE FACE ST LEANDER, TX 78641-3291","1103 ANTELOPE RIDGE, CEDAR PARK, TX  78613","S5910 - Forest Oaks Sec 1, BLOCK J, Lot 32","L526504D"," ","S5910 - Forest Oaks Sec 1","Real","$468,304","$468,304"
"R342355","R-17-W324-010J-0033-0008","CARBAJAL, CYNTHIA","1101 ANTELOPE RDG CEDAR PARK, TX 78613-3207","1101 ANTELOPE RIDGE, CEDAR PARK, TX  78613","S5910 - Forest Oaks Sec 1, BLOCK J, Lot 33","L526504D"," ","S5910 - Forest Oaks Sec 1","Real","$391,182","$391,182"
"R342357","R-17-W324-010C-0010-0008","DSOUZA, LEONARD J & MALISSA R","9920 LIRIOPE CV  AUSTIN, TX 78750","901 ANTELOPE RIDGE, CEDAR PARK, TX  78613","S5910 - Forest Oaks Sec 1, BLOCK C, Lot 10","L526504D"," ","S5910 - Forest Oaks Sec 1","Real","$417,958","$417,958"
"R342358","R-17-W324-010C-0011-0008","VUONG, CUONG CHI & NHU THI","903 ANTELOPE RDG  CEDAR PARK, TX 78613","903 ANTELOPE RIDGE, CEDAR PARK, TX  78613","S5910 - Forest Oaks Sec 1, BLOCK C, Lot 11","L526504D"," ","S5910 - Forest Oaks Sec 1","Real","$434,796","$434,796"
"R369571","R-17-W324-020A-0001-0008","LAN, YUNG LUNG & HSIU MEIL","1220 ANTELOPE RIDGE  CEDAR PARK, TX 78613","1220 ANTELOPE RIDGE, CEDAR PARK, TX  78613","S6672 - Forest Oaks Sec 2, BLOCK A, Lot 1","L526504D"," ","S6672 - Forest Oaks Sec 2","Real","$454,830","$454,830"
"R369573","R-17-W324-030D-0011-0008","NAICK, PRATIKSHA KANTILAL","914 SAVANNA LANE  CEDAR PARK, TX 78613","914 SAVANNA LN, CEDAR PARK, TX  78613","S6671 - Forest Oaks Sec 3, BLOCK D, Lot 11","L526504D"," ","S6671 - Forest Oaks Sec 3","Real","$531,698","$531,698"
"R371599","R-17-W324-030D-0012-0008","GOGINENI, ARUN KUMAR & KEERTHI SURAPANENI","916 SAVANNA LN  CEDAR PARK, TX 78613","916 SAVANNA LN, CEDAR PARK, TX  78613","S6671 - Forest Oaks Sec 3, BLOCK D, Lot 12","L526504D"," ","S6671 - Forest Oaks Sec 3","Real","$475,811","$475,811"
"R371600","R-17-W324-030D-0013-0008","LIU, XUN","918 SAVANNA LN  CEDAR PARK, TX 78613","918 SAVANNA LN, CEDAR PARK, TX  78613","S6671 - Forest Oaks Sec 3, BLOCK D, Lot 13","L526504D"," ","S6671 - Forest Oaks Sec 3","Real","$514,731","$514,731"
"R371601","R-17-W324-030D-0014-0008","NARDI, CHRISTIAN DAMIAN & CAROLINA CIPOLLA","16629 MALAGA HILLS DR  ROUND ROCK, TX 78681","920 SAVANNA LN, CEDAR PARK, TX  78613","S6671 - Forest Oaks Sec 3, BLOCK D, Lot 14","L526504D"," ","S6671 - Forest Oaks Sec 3","Real","$442,729","$442,729"
"R371602","R-17-W324-030E-0001-0008","LITTON, BLAKE, Jr","921 SAVANNA LN  CEDAR PARK, TX 78613","921 SAVANNA LN, CEDAR PARK, TX  78613","FOREST OAKS SEC 3, BLOCK E, LOT 1","L526504D"," ","S6671 - Forest Oaks Sec 3","Real","$462,659","$462,659"
"R371603","R-17-W324-030E-0002-0008","SHAH, MAYANK & DEEPA","2913 DURANGO HILLS DR LEANDER, TX 78641-5361","919 SAVANNA LN, CEDAR PARK, TX  78613","FOREST OAKS SEC 3, BLOCK E, LOT 2","L526504D"," ","S6671 - Forest Oaks Sec 3","Real","$402,816","$402,816"
"R371604","R-17-W324-030E-0003-0008","TUTTLE, BRYAN & KORI","917 SAVANNA LN  CEDAR PARK, TX 78613","917 SAVANNA LN, CEDAR PARK, TX  78613","S6671 - Forest Oaks Sec 3, BLOCK E, Lot 3","L526504D"," ","S6671 - Forest Oaks Sec 3","Real","$487,665","$487,665"
"R371605","R-17-W324-030E-0004-0008","HERMAN, DANIEL L","915 SAVANNA LN  CEDAR PARK, TX 78613","915 SAVANNA LN, CEDAR PARK, TX  78613","S6671 - Forest Oaks Sec 3, BLOCK E, Lot 4","L526504D"," ","S6671 - Forest Oaks Sec 3","Real","$471,107","$471,107"
"R371606","R-17-W324-030E-0005-0008","SANTORA, SHANNON L","913 SAVANNA LN  CEDAR PARK, TX 78613","913 SAVANNA LN, CEDAR PARK, TX  78613","S6671 - Forest Oaks Sec 3, BLOCK E, Lot 5","L526504D"," ","S6671 - Forest Oaks Sec 3","Real","$605,447","$605,447"
"R371607","R-17-W324-030E-0006-0008","CHEN, XIAOHUI & FANG LIANG","911 SAVANNA LN  CEDAR PARK, TX 78613","911 SAVANNA LN, CEDAR PARK, TX  78613","FOREST OAKS SEC 3, BLOCK E, LOT 6","L526504D"," ","S6671 - Forest Oaks Sec 3","Real","$601,969","$601,969"
"R371608","R-17-W324-030E-0015-0008","KIM, JOONIL","906 CASHEW LN  CEDAR PARK, TX 78613","906 CASHEW LN, CEDAR PARK, TX  78613","S6671 - Forest Oaks Sec 3, BLOCK E, Lot 15","L526504D"," ","S6671 - Forest Oaks Sec 3","Real","$437,052","$437,052"
"R371609","R-17-W324-030E-0016-0008","GUTIERREZ, ALFREDO & HOLLY L","1412 AUGUSTA DR SAVANNAH, TX 76227-7846","908 CASHEW LN, CEDAR PARK, TX  78613","S6671 - Forest Oaks Sec 3, BLOCK E, Lot 16","L526504D"," ","S6671 - Forest Oaks Sec 3","Real","$671,340","$671,340"
"R371610","R-17-W324-030E-0017-0008","KAYATHI, NARENDRA BABU & SARITHA NALLATHAMBHI","10622 PLUCHEA CV  AUSTIN, TX 78733","912 CASHEW LN, CEDAR PARK, TX  78613","FOREST OAKS SEC 3, BLOCK E, LOT 17","L526504D"," ","S6671 - Forest Oaks Sec 3","Real","$481,289","$481,289"
"R371611","R-17-W324-030E-0018-0008","CASTRO, GLYNN BRUCE & BETH ANN","914 CASHEW LN CEDAR PARK, TX 78613-3241","914 CASHEW LN, CEDAR PARK, TX  78613","S6671 - Forest Oaks Sec 3, BLOCK E, Lot 18","L526504D"," ","S6671 - Forest Oaks Sec 3","Real","$453,685","$453,685"
"R371612","R-17-W324-030E-0019-0008","WARD, WILLIAM C & LINDA A","916 CASHEW LN  CEDAR PARK, TX 78613-3241","916 CASHEW LN, CEDAR PARK, TX  78613","S6671 - Forest Oaks Sec 3, BLOCK E, Lot 19","L526504D"," ","S6671 - Forest Oaks Sec 3","Real","$466,594","$466,594"
"R371613","R-17-W324-030E-0020-0008","OH, SE HEUI & KWANGBOK KIM","918 CASHEW LN  CEDAR PARK, TX 78613","918 CASHEW LN, CEDAR PARK, TX  78613","S6671 - Forest Oaks Sec 3, BLOCK E, Lot 20","L526504D"," ","S6671 - Forest Oaks Sec 3","Real","$501,692","$501,692"
"R371614","R-17-W324-030E-0021-0008","OWENS, JOHN & ASHLEY RUHL","920 CASHEW LN  CEDAR PARK, TX 78613","920 CASHEW LN, CEDAR PARK, TX  78613","S6671 - Forest Oaks Sec 3, BLOCK E, Lot 21","L526504D"," ","S6671 - Forest Oaks Sec 3","Real","$455,080","$455,080"
"R371615","R-17-W324-030E-0022-0008","KHESHTKAR, JAMSHID & SOHEILA KHAZEI","7206 AVIGNON DR ROUND ROCK, TX 78681-5333","922 CASHEW LN, CEDAR PARK, TX  78613","FOREST OAKS SEC 3, BLOCK E, LOT 22","L526504D"," ","S6671 - Forest Oaks Sec 3","Real","$440,290","$440,290"
"R371616","R-17-W324-030E-0023-0008","RAGHUWANSI, KUNAL MUKESH & PRIYANKA","2744 HUDSON LN  LEANDER, TX 78641-3820","924 CASHEW LN, CEDAR PARK, TX  78613","S6671 - Forest Oaks Sec 3, BLOCK E, Lot 23","L526504D"," ","S6671 - Forest Oaks Sec 3","Real","$578,250","$578,250"
"R371617","R-17-W324-030F-0001-0008","KLOTZEK, MARKUS & KAYA","925 CASHEW LN  CEDAR PARK, TX 78613","925 CASHEW LN, CEDAR PARK, TX  78613","S6671 - Forest Oaks Sec 3, BLOCK F, Lot 1","L526504D"," ","S6671 - Forest Oaks Sec 3","Real","$482,921","$482,921"
"R371618","R-17-W324-030F-0002-0008","SMITH, ROBERT W & WENDY D","923 CASHEW LN  CEDAR PARK, TX 78613-3241","923 CASHEW LN, CEDAR PARK, TX  78613","S6671 - Forest Oaks Sec 3, BLOCK F, Lot 2","L526504D"," ","S6671 - Forest Oaks Sec 3","Real","$535,876","$535,876"
"R371619","R-17-W324-030F-0003-0008","D'SOUZA, ROSHAN B & STEPHANIE BARRET","921 CASHEW LN  CEDAR PARK, TX 78613","921 CASHEW LN, CEDAR PARK, TX  78613","S6671 - Forest Oaks Sec 3, BLOCK F, Lot 3","L526504D"," ","S6671 - Forest Oaks Sec 3","Real","$433,844","$433,844"
"R371620","R-17-W324-030F-0004-0008","AMAR, DAVID & ANAT M AMAR-STERN","974 CASCADE DR  SUNNYVALE, CA 94087","919 CASHEW LN, CEDAR PARK, TX  78613","FOREST OAKS SEC 3, BLOCK F, LOT 4","L526504D"," ","S6671 - Forest Oaks Sec 3","Real","$465,729","$465,729"
"R371621","R-17-W324-030F-0005-0008","BURGIN, BRIAN G","917 CASHEW LN  CEDAR PARK, TX 78613","917 CASHEW LN, CEDAR PARK, TX  78613","S6671 - Forest Oaks Sec 3, BLOCK F, Lot 5","L526504D"," ","S6671 - Forest Oaks Sec 3","Real","$427,925","$427,925"
"R371622","R-17-W324-030F-0006-0008","WILKINS, LINDA & BURTIS LEROY","5902 CEDAR CLIFF DR  AUSTIN, TX 78759","915 CASHEW LN, CEDAR PARK, TX  78613","FOREST OAKS SEC 3, BLOCK F, LOT 6","L526504D"," ","S6671 - Forest Oaks Sec 3","Real","$624,570","$624,570"
"R371623","R-17-W324-030F-0007-0008","MORRIS, JEROD D & ANDREA F","913 CASHEW LN  CEDAR PARK, TX 78613-3241","913 CASHEW LN, CEDAR PARK, TX  78613","S6671 - Forest Oaks Sec 3, BLOCK F, Lot 7","L526504D"," ","S6671 - Forest Oaks Sec 3","Real","$516,753","$516,753"
"R371624","R-17-W324-030F-0008-0008","SOLEYMANIHA, MOHAMMADREZA & SOMAYE PIRI","911 CASHEW LN  CEDAR PARK, TX 78613","911 CASHEW LN, CEDAR PARK, TX  78613","S6671 - Forest Oaks Sec 3, BLOCK F, Lot 8","L526504D"," ","S6671 - Forest Oaks Sec 3","Real","$466,873","$466,873"
"R371625","R-17-W324-030F-0009-0008","GUTIERREZ, EDWARDO & PATRICIA WADE","909 CASHEW LN CEDAR PARK, TX 78613-3210","909 CASHEW LN, CEDAR PARK, TX  78613","FOREST OAKS SEC 3, BLOCK F, LOT 9","L526504D"," ","S6671 - Forest Oaks Sec 3","Real","$548,324","$548,324"
"R371626","R-17-W324-030F-0010-0008","KERULIS, KENNETH","907 CASHEW LN CEDAR PARK, TX 78613-3210","907 CASHEW LN, CEDAR PARK, TX  78613","S6671 - Forest Oaks Sec 3, BLOCK F, Lot 10","L526504D"," ","S6671 - Forest Oaks Sec 3","Real","$446,277","$446,277"
"R371627","R-17-W324-030F-0016-0008","CARSON, TOBY M","904 TALLOW TRL  CEDAR PARK, TX 78613-3216","904 TALLOW TRL, CEDAR PARK, TX  78613","S6671 - Forest Oaks Sec 3, BLOCK F, Lot 16","L526504D"," ","S6671 - Forest Oaks Sec 3","Real","$453,993","$453,993"
"R371628","R-17-W324-030F-0017-0008","MICKLEWRIGHT, GAY LYNN","906 TALLOW TRL CEDAR PARK, TX 78613-3216","906 TALLOW TRL, CEDAR PARK, TX  78613","FOREST OAKS SEC 3, BLOCK F, LOT 17","L526504D"," ","S6671 - Forest Oaks Sec 3","Real","$463,016","$463,016"
"R371629","R-17-W324-030F-0018-0008","CARAWAY, JARRETT D (RS) & LUZMARIA T GARCIA (RS)","908 TALLOW TRL  CEDAR PARK, TX 78613","908 TALLOW TRL, CEDAR PARK, TX  78613","S6671 - Forest Oaks Sec 3, BLOCK F, Lot 18","L526504D"," ","S6671 - Forest Oaks Sec 3","Real","$416,087","$416,087"
"R371630","R-17-W324-030F-0019-0008","ALLEN, JERRY","910 TALLOW TRL CEDAR PARK, TX 78613-3216","910 TALLOW TRL, CEDAR PARK, TX  78613","S6671 - Forest Oaks Sec 3, BLOCK F, Lot 19","L526504D"," ","S6671 - Forest Oaks Sec 3","Real","$651,629","$651,629"
"R371631","R-17-W324-030F-0020-0008","COOPER, ANDREW B & SHARON A ZAMBRISKI","912 TALLOW TRL CEDAR PARK, TX 78613-3216","912 TALLOW TRL, CEDAR PARK, TX  78613","FOREST OAKS SEC 3, BLOCK F, LOT 20","L526504D"," ","S6671 - Forest Oaks Sec 3","Real","$606,098","$606,098"
"R371632","R-17-W324-030F-0021-0008","RUTHERFORD, ROBERT & TOMORRA L","916 TALLOW TRL CEDAR PARK, TX 78613-3243","916 TALLOW TRL, CEDAR PARK, TX  78613","S6671 - Forest Oaks Sec 3, BLOCK F, Lot 21","L526504D"," ","S6671 - Forest Oaks Sec 3","Real","$679,813","$679,813"
"R371633","R-17-W324-030F-0022-0008","BRIZUELA, JUAN C","918 TALLOW TRL  CEDAR PARK, TX 78613-3243","918 TALLOW TRL, CEDAR PARK, TX  78613","S6671 - Forest Oaks Sec 3, BLOCK F, Lot 22","L526504D"," ","S6671 - Forest Oaks Sec 3","Real","$541,744","$541,744"
"R371634","R-17-W324-030F-0023-0008","HE, ROWENA XIAOQING","920 TALLOW TRL  CEDAR PARK, TX 78613","920 TALLOW TRL, CEDAR PARK, TX  78613","FOREST OAKS SEC 3, BLOCK F, LOT 23","L526504D"," ","S6671 - Forest Oaks Sec 3","Real","$461,020","$461,020"
"R371635","R-17-W324-030F-0024-0008","BAUMAN, GUY & MIRI","258 HARVARD ST   #155 BROOKLINE, MA 02446","924 TALLOW TRL, CEDAR PARK, TX  78613","S6671 - Forest Oaks Sec 3, BLOCK F, Lot 24","L526504D"," ","S6671 - Forest Oaks Sec 3","Real","$413,347","$413,347"
"R371636","R-17-W324-030F-0025-0008","SOLANKEE, JAYASHKUMAR V & SUDHABEN","926 TALLOW TRL CEDAR PARK, TX 78613-3243","926 TALLOW TRL, CEDAR PARK, TX  78613","FOREST OAKS SEC 3, BLOCK F, LOT 25","L526504D"," ","S6671 - Forest Oaks Sec 3","Real","$482,087","$482,087"
"R371637","R-17-W324-030F-0026-0008","HOFFMANN, MARK","928 TALLOW TRL  CEDAR PARK, TX 78613","928 TALLOW TRL, CEDAR PARK, TX  78613","S6671 - Forest Oaks Sec 3, BLOCK F, Lot 26","L526504D"," ","S6671 - Forest Oaks Sec 3","Real","$570,019","$570,019"
"R371638","R-17-W324-030F-0027-0008","TRAVIS, JAMES E & WENDY E G","930 TALLOW TRL  CEDAR PARK, TX 78613-3243","930 TALLOW TRL, CEDAR PARK, TX  78613","FOREST OAKS SEC 3, BLOCK F, LOT 27","L526504D"," ","S6671 - Forest Oaks Sec 3","Real","$518,817","$518,817"
"R371639","R-17-W324-030G-0005-0008","CLARK, MARY LOUISE & RICHARD CHILDRESS","1003 TALLOW TRL  CEDAR PARK, TX 78613","1003 TALLOW TRL, CEDAR PARK, TX  78613","S6671 - Forest Oaks Sec 3, BLOCK G, Lot 5","L526504D"," ","S6671 - Forest Oaks Sec 3","Real","$469,711","$469,711"
"R371640","R-17-W324-030G-0006-0008","JENKINS, WILLIAM V (TOD) & NANCY J (TOD)","1001 TALLOW TRL  CEDAR PARK, TX 78613","1001 TALLOW TRL, CEDAR PARK, TX  78613","S6671 - Forest Oaks Sec 3, BLOCK G, Lot 6","L526504D"," ","S6671 - Forest Oaks Sec 3","Real","$406,166","$406,166"
"R371641","R-17-W324-030G-0007-0008","HABIB, ABDELHADY MOHAMED","931 TALLOW TRL  CEDAR PARK, TX 78613","931 TALLOW TRL, CEDAR PARK, TX  78613","S6671 - Forest Oaks Sec 3, BLOCK G, Lot 7","L526504D"," ","S6671 - Forest Oaks Sec 3","Real","$402,188","$402,188"
"R371642","R-17-W324-030G-0008-0008","MONTGOMERY, EMILY & DEREK","929 TALLOW TRL  CEDAR PARK, TX 78613","929 TALLOW TRL, CEDAR PARK, TX  78613","S6671 - Forest Oaks Sec 3, BLOCK G, Lot 8","L526504D"," ","S6671 - Forest Oaks Sec 3","Real","$466,095","$466,095"
"R371643","R-17-W324-030G-0009-0008","HARRISON, TODD MICHAEL (TOD) & MELODY (TOD)","927 TALLOW TRL  CEDAR PARK, TX 78613","927 TALLOW TRL, CEDAR PARK, TX  78613","S6671 - Forest Oaks Sec 3, BLOCK G, Lot 9","L526504D"," ","S6671 - Forest Oaks Sec 3","Real","$581,516","$581,516"
"R371644","R-17-W324-030G-0010-0008","JASSO, PEDRO III & JESSICA M SOROLA-JASSO","925 TALLOW TRL  CEDAR PARK, TX 78613-3243","925 TALLOW TRL, CEDAR PARK, TX  78613","S6671 - Forest Oaks Sec 3, BLOCK G, Lot 10","L526504D"," ","S6671 - Forest Oaks Sec 3","Real","$483,733","$483,733"
"R371645","R-17-W324-030G-0011-0008","GUTIERREZ, JOSE O & SYLVIA E","18627 ROGERS LK  SAN ANTONIO, TX 78258-4614","923 TALLOW TRL, CEDAR PARK, TX  78613","S6671 - Forest Oaks Sec 3, BLOCK G, Lot 11","L526504D"," ","S6671 - Forest Oaks Sec 3","Real","$473,861","$473,861"
"R371646","R-17-W324-030G-0012-0008","AIRHART, AMY D","921 TALLOW TRL  CEDAR PARK, TX 78613-4112","921 TALLOW TRL, CEDAR PARK, TX  78613","S6671 - Forest Oaks Sec 3, BLOCK G, Lot 12","L526504D"," ","S6671 - Forest Oaks Sec 3","Real","$440,714","$440,714"
"R371647","R-17-W324-030G-0013-0008","CALLENDER, STEPHEN M (TOD) & KAREN F (TOD)","919 TALLOW TRL  CEDAR PARK, TX 78613","919 TALLOW TRL, CEDAR PARK, TX  78613","S6671 - Forest Oaks Sec 3, BLOCK G, Lot 13","L526504D"," ","S6671 - Forest Oaks Sec 3","Real","$471,809","$471,809"
"R371648","R-17-W324-030G-0014-0008","JOHNSON, RICHARD CURTIS & KASAUNDRA LYNN","917 TALLOW TRL  CEDAR PARK, TX 78613","917 TALLOW TRL, CEDAR PARK, TX  78613","S6671 - Forest Oaks Sec 3, BLOCK G, Lot 14","L526504D"," ","S6671 - Forest Oaks Sec 3","Real","$484,897","$484,897"
"R371649","R-17-W324-030G-0015-0008","JOHN ONEILL & MARGARET ONEILL CO TRUSTEES OF THE ONEILL FAMILY TRUST","915 TALLOW TRL  CEDAR PARK, TX 78613","915 TALLOW TRL, CEDAR PARK, TX  78613","S6671 - Forest Oaks Sec 3, BLOCK G, Lot 15","L526504D"," ","S6671 - Forest Oaks Sec 3","Real","$457,580","$457,580"
"R371650","R-17-W324-030G-0016-0008","GATICA, JUAN C","913 TALLOW TRL CEDAR PARK, TX 78613-3243","913 TALLOW TRL, CEDAR PARK, TX  78613","S6671 - Forest Oaks Sec 3, BLOCK G, Lot 16","L526504D"," ","S6671 - Forest Oaks Sec 3","Real","$531,549","$531,549"
"R371651","R-17-W324-030G-0017-0008","BARTLIK, JOHN N","911 TALLOW TRL  CEDAR PARK, TX 78613","911 TALLOW TRL, CEDAR PARK, TX  78613","S6671 - Forest Oaks Sec 3, BLOCK G, Lot 17","L526504D"," ","S6671 - Forest Oaks Sec 3","Real","$606,902","$606,902"
"R371652","R-17-W324-030G-0018-0008","YOUNG, JUNE ANN","909 TALLOW TRL  CEDAR PARK, TX 78613","909 TALLOW TRL, CEDAR PARK, TX  78613","S6671 - Forest Oaks Sec 3, BLOCK G, Lot 18","L526504D"," ","S6671 - Forest Oaks Sec 3","Real","$474,390","$474,390"
"R371653","R-17-W324-030G-0019-0008","SHARMA, VISHWAS & RESHMI MENON SHARMA","907 TALLOW TRL  CEDAR PARK, TX 78613","907 TALLOW TRL, CEDAR PARK, TX  78613","FOREST OAKS SEC 3, BLOCK G, LOT 19","L526504D"," ","S6671 - Forest Oaks Sec 3","Real","$679,041","$679,041"
"R371654","R-17-W324-030G-0020-0008","PERNAVAS, RICHARD & NICOLLE CROOM-PERNAVAS","1210 COTTONWOOD CREEK TRL STE 410 CEDAR PARK, TX 78613-2688","905 TALLOW TRL, CEDAR PARK, TX  78613","S6671 - Forest Oaks Sec 3, BLOCK G, Lot 20","L526504D"," ","S6671 - Forest Oaks Sec 3","Real","$642,658","$642,658"
"R371655","R-17-W324-030G-0021-0008","ALFORD, ROBERT M & RHONDA G","903 TALLOW TRL CEDAR PARK, TX 78613-3216","903 TALLOW TRL, CEDAR PARK, TX  78613","FOREST OAKS SEC 3, BLOCK G, LOT 21","L526504D"," ","S6671 - Forest Oaks Sec 3","Real","$491,807","$491,807"
"R371656","R-17-W324-030H-0019-0008","FELL, TRAVIS","1003 CASHEW LN  CEDAR PARK, TX 78613","1003 CASHEW LN, CEDAR PARK, TX  78613","S6671 - Forest Oaks Sec 3, BLOCK H, Lot 19","L526504D"," ","S6671 - Forest Oaks Sec 3","Real","$447,020","$447,020"
"R371657","R-17-W324-030H-0020-0008","KARCHER, CHRISTOPHER RYAN & DENICIA","1001 CASHEW LN  CEDAR PARK, TX 78613","1001 CASHEW LN, CEDAR PARK, TX  78613","S6671 - Forest Oaks Sec 3, BLOCK H, Lot 20","L526504D"," ","S6671 - Forest Oaks Sec 3","Real","$587,393","$587,393"
"R371658","R-17-W324-030H-0021-0008","VON FELDT, HUNTER A (TOD) & DALLAS J PRICE (TOD)","1000 TALLOW TRL  CEDAR PARK, TX 78613-3222","1000 TALLOW TRL, CEDAR PARK, TX  78613","S6671 - Forest Oaks Sec 3, BLOCK H, Lot 21","L526504D"," ","S6671 - Forest Oaks Sec 3","Real","$579,128","$579,128"
"R371659","R-17-W324-030H-0022-0008","ALKEK, ROBIN","1002 TALLOW TRL  CEDAR PARK, TX 78613-3222","1002 TALLOW TRL, CEDAR PARK, TX  78613","S6671 - Forest Oaks Sec 3, BLOCK H, Lot 22","L526504D"," ","S6671 - Forest Oaks Sec 3","Real","$468,223","$468,223"
"R371660","R-17-W324-030I-0014-0008","LI, XIAOLAN","1003 SAVANNA LN  CEDAR PARK, TX 78613","1003 SAVANNA LN, CEDAR PARK, TX  78613","S7373 - Forest Oaks Sec 2&3 Lts 13&14 Blk I Amended, BLOCK I, Lot 14","L526504D"," ","S7373 - Forest Oaks Sec 2&3 Lts 13&14 Blk I Amended","Real","$481,719","$481,719"
"R371661","R-17-W324-030I-0015-0008","ROGERS, DAVID LOGAN & BETHANY NICOLE","1001 SAVANNA LN  CEDAR PARK, TX 78613","1001 SAVANNA LN, CEDAR PARK, TX  78613","S6671 - Forest Oaks Sec 3, BLOCK I, Lot 15","L526504D"," ","S6671 - Forest Oaks Sec 3","Real","$624,339","$624,339"
"R371662","R-17-W324-030I-0016-0008","LOGGENBERG, EMILY MORAVEC & CORNELIUS","1000 CASHEW LN  CEDAR PARK, TX 78613","1000 CASHEW LN, CEDAR PARK, TX  78613","S6671 - Forest Oaks Sec 3, BLOCK I, Lot 16","L526504D"," ","S6671 - Forest Oaks Sec 3","Real","$510,842","$510,842"
"R371663","R-17-W324-030I-0017-0008","GUERRA, STEPHEN V & REBECCA M","1002 CASHEW LN  CEDAR PARK, TX 78613","1002 CASHEW LN, CEDAR PARK, TX  78613","S6671 - Forest Oaks Sec 3, BLOCK I, Lot 17","L526504D"," ","S6671 - Forest Oaks Sec 3","Real","$453,304","$453,304"
"R371664","R-17-W324-030J-0007-0008","NGUYEN, QUANG & BICH NGUYEN","702 CLOUDVIEW LN  CEDAR PARK, TX 78613-3205","702 CLOUDVIEW LN, CEDAR PARK, TX  78613","S6671 - Forest Oaks Sec 3, BLOCK J, Lot 7","L526504D"," ","S6671 - Forest Oaks Sec 3","Real","$473,432","$473,432"
"R371665","R-17-W324-030J-0008-0008","CHOI, BYUNG J & YOUNG MI","11512 MEDALLION LN  AUSTIN, TX 78750-2629","700 CLOUDVIEW LN, CEDAR PARK, TX  78613","S6671 - Forest Oaks Sec 3, BLOCK J, Lot 8","L526504D"," ","S6671 - Forest Oaks Sec 3","Real","$440,648","$440,648"
"R371666","R-17-W324-020A-0002-0008","MARTINEZ ROJAS, KAREN ANDREA & BRIAN HERNANDO MARTINEZ GUERRERO","1218 ANTELOPE RDG  CEDAR PARK, TX 78613-3238","1218 ANTELOPE RIDGE, CEDAR PARK, TX  78613","S6672 - Forest Oaks Sec 2, BLOCK A, Lot 2","L526504D"," ","S6672 - Forest Oaks Sec 2","Real","$460,463","$460,463"
"R371667","R-17-W324-020A-0003-0008","JAIN, AMIT & RUPALI","10513 GONZALES RANGER PASS AUSTIN, TX 78754-4151","1216 ANTELOPE RIDGE, CEDAR PARK, TX  78613","S6672 - Forest Oaks Sec 2, BLOCK A, Lot 3","L526504D"," ","S6672 - Forest Oaks Sec 2","Real","$457,073","$457,073"
"R371668","R-17-W324-020A-0004-0008","FRANK, DOUGLAS HOWARD","1214 ANTELOPE RDG CEDAR PARK, TX 78613-3238","1214 ANTELOPE RIDGE, CEDAR PARK, TX  78613","S6672 - Forest Oaks Sec 2, BLOCK A, Lot 4","L526504D"," ","S6672 - Forest Oaks Sec 2","Real","$659,567","$659,567"
"R371669","R-17-W324-020A-0005-0008","SAIEH, KAMAL Y & MARY L","1212 ANTELOPE RDG  CEDAR PARK, TX 78613","1212 ANTELOPE RIDGE, CEDAR PARK, TX  78613","S6672 - Forest Oaks Sec 2, BLOCK A, Lot 5","L526504D"," ","S6672 - Forest Oaks Sec 2","Real","$592,136","$592,136"
"R371670","R-17-W324-020A-0006-0008","DOZIER, D SCOTT","1210 ANTELOPE RDG CEDAR PARK, TX 78613-3238","1210 ANTELOPE RIDGE, CEDAR PARK, TX  78613","S6672 - Forest Oaks Sec 2, BLOCK A, Lot 6","L526504D"," ","S6672 - Forest Oaks Sec 2","Real","$467,277","$467,277"
"R371671","R-17-W324-020A-0007-0008","BANNYKH, YEVHENII & LIUDMYLA OSADCHA","1208 ANTELOPE RDG  CEDAR PARK, TX 78613","1208 ANTELOPE RIDGE, CEDAR PARK, TX  78613","S6672 - Forest Oaks Sec 2, BLOCK A, Lot 7","L526504D"," ","S6672 - Forest Oaks Sec 2","Real","$502,235","$502,235"
"R371672","R-17-W324-020A-0008-0008","JOHNSON, BRIAN","1206 ANTELOPE RDG CEDAR PARK, TX 78613-3238","1206 ANTELOPE RIDGE, CEDAR PARK, TX  78613","S6672 - Forest Oaks Sec 2, BLOCK A, Lot 8","L526504D"," ","S6672 - Forest Oaks Sec 2","Real","$400,982","$400,982"
"R371673","R-17-W324-020A-0009-0008","MADITHETI, NAWAZ & SAMEER SHETTY","205 TRAILRIDGE DR  CEDAR PARK, TX 78613","1204 ANTELOPE RIDGE, CEDAR PARK, TX  78613","S6672 - Forest Oaks Sec 2, BLOCK A, Lot 9","L526504D"," ","S6672 - Forest Oaks Sec 2","Real","$414,247","$414,247"
"R371674","R-17-W324-020A-0010-0008","CARNEY, RICHARD & OXANA","PO BOX 170434 AUSTIN, TX 78717-0027","1202 ANTELOPE RIDGE, CEDAR PARK, TX  78613","S6672 - Forest Oaks Sec 2, BLOCK A, Lot 10","L526504D"," ","S6672 - Forest Oaks Sec 2","Real","$549,084","$549,084"
"R371675","R-17-W324-020A-0011-0008","GLOVER, GREGORY S (TOD) & MONIQUE P (TOD)","1200 ANTELOPE RDG  CEDAR PARK, TX 78613-3238","1200 ANTELOPE RIDGE, CEDAR PARK, TX  78613","S6672 - Forest Oaks Sec 2, BLOCK A, Lot 11","L526504D"," ","S6672 - Forest Oaks Sec 2","Real","$463,653","$463,653"
"R371676","R-17-W324-020A-0012-0008","EUGENIO, JENNIFER","1118 ANTELOPE RDG  CEDAR PARK, TX 78613","1118 ANTELOPE RIDGE, CEDAR PARK, TX  78613","S6672 - Forest Oaks Sec 2, BLOCK A, Lot 12","L526504D"," ","S6672 - Forest Oaks Sec 2","Real","$496,290","$496,290"
"R371677","R-17-W324-020A-0013-0008","BACHO, VINCENT A","1116 ANTELOPE RDG CEDAR PARK, TX 78613-3237","1116 ANTELOPE RIDGE, CEDAR PARK, TX  78613","S6672 - Forest Oaks Sec 2, BLOCK A, Lot 13","L526504D"," ","S6672 - Forest Oaks Sec 2","Real","$460,370","$460,370"
"R371678","R-17-W324-020G-0001-0008","RODRIGUEZ MICHAEL E & KIMBERLY A CO TRUSTEES OF THE RODRIGUEZ FAMILY TRUST","1011 TALLOW TRL  CEDAR PARK, TX 78613","1011 TALLOW TRL, CEDAR PARK, TX  78613","S6672 - Forest Oaks Sec 2, BLOCK G, Lot 1","L526504D"," ","S6672 - Forest Oaks Sec 2","Real","$485,448","$485,448"
"R371679","R-17-W324-020G-0002-0008","LAI & WAN CHIH WENG, HSUAN AN & WAN CHIH WENG","1009 TALLOW TRL  CEDAR PARK, TX 78613","1009 TALLOW TRL, CEDAR PARK, TX  78613","S6672 - Forest Oaks Sec 2, BLOCK G, Lot 2","L526504D"," ","S6672 - Forest Oaks Sec 2","Real","$408,180","$408,180"
"R371680","R-17-W324-020G-0003-0008","LAROCHE, PHILIP R","1007 TALLOW TRL CEDAR PARK, TX 78613-3222","1007 TALLOW TRL, CEDAR PARK, TX  78613","S6672 - Forest Oaks Sec 2, BLOCK G, Lot 3","L526504D"," ","S6672 - Forest Oaks Sec 2","Real","$409,349","$409,349"
"R371681","R-17-W324-020G-0004-0008","LEITCH, LISA A & ANDREW D","1005 TALLOW TRL  CEDAR PARK, TX 78613","1005 TALLOW TRL, CEDAR PARK, TX  78613","S6672 - Forest Oaks Sec 2, BLOCK G, Lot 4","L526504D"," ","S6672 - Forest Oaks Sec 2","Real","$457,252","$457,252"
"R371682","R-17-W324-020H-0001-0008","CANTU, DAVID & LEAH KELLY","1039 CASHEW LN  CEDAR PARK, TX 78613","1039 CASHEW LN, CEDAR PARK, TX  78613","S6672 - Forest Oaks Sec 2, BLOCK H, Lot 1","L526504D"," ","S6672 - Forest Oaks Sec 2","Real","$474,652","$474,652"
"R371683","R-17-W324-020H-0002-0008","HEFFELFINGER, JONATHAN & BELINDA","1037 CASHEW LN CEDAR PARK, TX 78613-3233","1037 CASHEW LN, CEDAR PARK, TX  78613","S6672 - Forest Oaks Sec 2, BLOCK H, Lot 2","L526504D"," ","S6672 - Forest Oaks Sec 2","Real","$546,255","$546,255"
"R371688","R-17-W324-020H-0007-0008","THOMAS, ROBIN S","1027 CASHEW LN CEDAR PARK, TX 78613-3232","1027 CASHEW LN, CEDAR PARK, TX  78613","S6672 - Forest Oaks Sec 2, BLOCK H, Lot 7","L526504D"," ","S6672 - Forest Oaks Sec 2","Real","$475,028","$475,028"
"R371689","R-17-W324-020H-0008-0008","BIALEK, JENNIFER & NICOLE ROGERS","15219 THATCHER DR  AUSTIN, TX 78717-4638","1025 CASHEW LN, CEDAR PARK, TX  78613","S6672 - Forest Oaks Sec 2, BLOCK H, Lot 8","L526504D"," ","S6672 - Forest Oaks Sec 2","Real","$525,718","$525,718"
"R371690","R-17-W324-020H-0009-0008","HUDSPETH, CHRISTIAN S & STEPHANIE M","1023 CASHEW LN  CEDAR PARK, TX 78613","1023 CASHEW LN, CEDAR PARK, TX  78613","S6672 - Forest Oaks Sec 2, BLOCK H, Lot 9","L526504D"," ","S6672 - Forest Oaks Sec 2","Real","$470,862","$470,862"
"R371691","R-17-W324-020H-0010-0008","SREERAM, MADHU L & VIJAYAVANI PEDAPATI","7709 BLUE LILLY DR  AUSTIN, TX 78759","1021 CASHEW LN, CEDAR PARK, TX  78613","S6672 - Forest Oaks Sec 2, BLOCK H, Lot 10","L526504D"," ","S6672 - Forest Oaks Sec 2","Real","$457,184","$457,184"
"R371692","R-17-W324-020H-0011-0008","RAWLINSON, PATRICIA","1019 CASHEW LN  CEDAR PARK, TX 78613","1019 CASHEW LN, CEDAR PARK, TX  78613","S6672 - Forest Oaks Sec 2, BLOCK H, Lot 11","L526504D"," ","S6672 - Forest Oaks Sec 2","Real","$461,738","$461,738"
"R371693","R-17-W324-020H-0012-0008","JAKSIK, ANDREA & MICAH","1017 CASHEW LN  CEDAR PARK, TX 78613","1017 CASHEW LN, CEDAR PARK, TX  78613","S6672 - Forest Oaks Sec 2, BLOCK H, Lot 12","L526504D"," ","S6672 - Forest Oaks Sec 2","Real","$475,661","$475,661"
"R371694","R-17-W324-020H-0013-0008","FRANK, CHARLES EDWARD & BLAIR ERICA BAKER","1015 CASHEW LN  CEDAR PARK, TX 78613-3231","1015 CASHEW LN, CEDAR PARK, TX  78613","S6672 - Forest Oaks Sec 2, BLOCK H, Lot 13","L526504D"," ","S6672 - Forest Oaks Sec 2","Real","$604,052","$604,052"
"R371695","R-17-W324-020H-0014-0008","STEINBACH, MARK & SHANNA","1013 CASHEW LN  CEDAR PARK, TX 78613","1013 CASHEW LN, CEDAR PARK, TX  78613","S6672 - Forest Oaks Sec 2, BLOCK H, Lot 14","L526504D"," ","S6672 - Forest Oaks Sec 2","Real","$464,949","$464,949"
"R371696","R-17-W324-020H-0015-0008","MICHAEL FRANTES & NAOMI FRANTES TRUSTEES OF THE MICHAEL & NAOMI FAMILY TRUST","1011 CASHEW LN  CEDAR PARK, TX 78613","1011 CASHEW LN, CEDAR PARK, TX  78613","FOREST OAKS SEC 2, BLOCK H, LOT 15","L526504D"," ","S6672 - Forest Oaks Sec 2","Real","$407,171","$407,171"
"R371697","R-17-W324-020H-0016-0008","SOUZA, NICHOLAS & TAMMY","1009 CASHEW LN  CEDAR PARK, TX 78613","1009 CASHEW LN, CEDAR PARK, TX  78613","S6672 - Forest Oaks Sec 2, BLOCK H, Lot 16","L526504D"," ","S6672 - Forest Oaks Sec 2","Real","$550,702","$550,702"
"R371698","R-17-W324-020H-0017-0008","DEYTON, STEPHEN PATRICK & NARA RUBIA","1007 CASHEW LN  CEDAR PARK, TX 78613","1007 CASHEW LN, CEDAR PARK, TX  78613","S6672 - Forest Oaks Sec 2, BLOCK H, Lot 17","L526504D"," ","S6672 - Forest Oaks Sec 2","Real","$411,621","$411,621"
"R371699","R-17-W324-020H-0018-0008","CHOU, JEREMY CHI-HUNG & JENNY YUEH-CHEN CHEN","12069 JAMESTOWN CT  SARATOGA, CA 95070","1005 CASHEW LN, CEDAR PARK, TX  78613","S6672 - Forest Oaks Sec 2, BLOCK H, Lot 18","L526504D"," ","S6672 - Forest Oaks Sec 2","Real","$616,128","$616,128"
"R371700","R-17-W324-020H-0023-0008","NGUYEN, HIEN & TUYEN THIEM","1004 TALLOW TRL  CEDAR PARK, TX 78613","1004 TALLOW TRL, CEDAR PARK, TX  78613","S6672 - Forest Oaks Sec 2, BLOCK H, Lot 23","L526504D"," ","S6672 - Forest Oaks Sec 2","Real","$416,944","$416,944"
"R371701","R-17-W324-020H-0024-0008","OGALDE, HUGO","1006 TALLOW TRL  CEDAR PARK, TX 78613-3222","1006 TALLOW TRL, CEDAR PARK, TX  78613","S6672 - Forest Oaks Sec 2, BLOCK H, Lot 24","L526504D"," ","S6672 - Forest Oaks Sec 2","Real","$465,893","$465,893"
"R371702","R-17-W324-020H-0025-0008","WARD, MARIANA P & OSMAN C","1008 TALLOW TRL  CEDAR PARK, TX 78613","1008 TALLOW TRL, CEDAR PARK, TX  78613","S6672 - Forest Oaks Sec 2, BLOCK H, Lot 25","L526504D"," ","S6672 - Forest Oaks Sec 2","Real","$461,825","$461,825"
"R371703","R-17-W324-020H-0026-0008","KING, PATRICIA ALLEN","1010 TALLOW TRL  CEDAR PARK, TX 78613","1010 TALLOW TRL, CEDAR PARK, TX  78613","S6672 - Forest Oaks Sec 2, BLOCK H, Lot 26","L526504D"," ","S6672 - Forest Oaks Sec 2","Real","$461,518","$461,518"
"R371704","R-17-W324-020H-0027-0008","KADALAGERE, SRINIVASAPRIYA & USHA KESHAVASWAMY","3910 KNOB CREEK LN  CEDAR PARK, TX 78613","520 S LYNNWOOD TRL, CEDAR PARK, TX  78613","S6672 - Forest Oaks Sec 2, BLOCK H, Lot 27","L526504D"," ","S6672 - Forest Oaks Sec 2","Real","$606,512","$606,512"
"R371706","R-17-W324-020I-0001-0008","BARY, SHARON K & MICHAEL","1029 SAVANNA LN  CEDAR PARK, TX 78613-3235","1029 SAVANNA LN, CEDAR PARK, TX  78613","S6672 - Forest Oaks Sec 2, BLOCK I, Lot 1","L526504D"," ","S6672 - Forest Oaks Sec 2","Real","$534,364","$534,364"
"R371707","R-17-W324-020I-0002-0008","HOPP, BRADLEY STUART &  ANNA VLADISLAVOVNA","1027 SAVANNA LN  CEDAR PARK, TX 78613","1027 SAVANNA LN, CEDAR PARK, TX  78613","S6672 - Forest Oaks Sec 2, BLOCK I, Lot 2","L526504D"," ","S6672 - Forest Oaks Sec 2","Real","$469,175","$469,175"
"R371708","R-17-W324-020I-0003-0008","SONG, YANG","1025 SAVANNA LN  CEDAR PARK, TX 78613","1025 SAVANNA LN, CEDAR PARK, TX  78613","S6672 - Forest Oaks Sec 2, BLOCK I, Lot 3","L526504D"," ","S6672 - Forest Oaks Sec 2","Real","$456,411","$456,411"
"R371709","R-17-W324-020I-0004-0008","COVINGTON, ARACELI","1023 SAVANNA LN  CEDAR PARK, TX 78613","1023 SAVANNA LN, CEDAR PARK, TX  78613","S6672 - Forest Oaks Sec 2, BLOCK I, Lot 4","L526504D"," ","S6672 - Forest Oaks Sec 2","Real","$461,498","$461,498"
"R371710","R-17-W324-020I-0005-0008","SCHMITZ, BIRGER ALEXANDER & MARLA SIERRA","1021 SAVANNA LN  CEDAR PARK, TX 78613","1021 SAVANNA LN, CEDAR PARK, TX  78613","S6672 - Forest Oaks Sec 2, BLOCK I, Lot 5","L526504D"," ","S6672 - Forest Oaks Sec 2","Real","$598,754","$598,754"
"R371711","R-17-W324-020I-0006-0008","NGUYEN, THANG & TUYET","1019 SAVANNA LN  CEDAR PARK, TX 78613","1019 SAVANNA LN, CEDAR PARK, TX  78613","S6672 - Forest Oaks Sec 2, BLOCK I, Lot 6","L526504D"," ","S6672 - Forest Oaks Sec 2","Real","$476,594","$476,594"
"R371712","R-17-W324-020I-0007-0008","MAYFIELD, CHANTEL & ERIC","1017 SAVANNA TRL  CEDAR PARK, TX 78613-3235","1017 SAVANNA LN, CEDAR PARK, TX  78613","S6672 - Forest Oaks Sec 2, BLOCK I, Lot 7","L526504D"," ","S6672 - Forest Oaks Sec 2","Real","$507,257","$507,257"
"R371713","R-17-W324-020I-0008-0008","MATTHEWS, JENNIFER L","1015 SAVANNA LN CEDAR PARK, TX 78613-3235","1015 SAVANNA LN, CEDAR PARK, TX  78613","S6672 - Forest Oaks Sec 2, BLOCK I, Lot 8","L526504D"," ","S6672 - Forest Oaks Sec 2","Real","$448,859","$448,859"
"R371714","R-17-W324-020I-0009-0008","WHITE, KATHLEEN & DAVID","1013 SAVANNA LN  CEDAR PARK, TX 78613","1013 SAVANNA LN, CEDAR PARK, TX  78613","S6672 - Forest Oaks Sec 2, BLOCK I, Lot 9","L526504D"," ","S6672 - Forest Oaks Sec 2","Real","$531,270","$531,270"
"R371715","R-17-W324-020I-0010-0008","WILLIAMS, COURTNEY","116 TURKEY CREEK LN LEANDER, TX 78641-5311","1011 SAVANNA LN, CEDAR PARK, TX  78613","S6672 - Forest Oaks Sec 2, BLOCK I, Lot 10","L526504D"," ","S6672 - Forest Oaks Sec 2","Real","$445,132","$445,132"
"R371716","R-17-W324-020I-0011-0008","OHLEN, JAMES & JING LEE","1009 SAVANNA LN  CEDAR PARK, TX 78613","1009 SAVANNA LN, CEDAR PARK, TX  78613","S6672 - Forest Oaks Sec 2, BLOCK I, Lot 11","L526504D"," ","S6672 - Forest Oaks Sec 2","Real","$439,232","$439,232"
"R371717","R-17-W324-020I-0012-0008","SON, JIN & CHANG PARK","2808 DAMSEL BELLA BLVD THE COLONY, TX 75056-6215","1007 SAVANNA LN, CEDAR PARK, TX  78613","S6672 - Forest Oaks Sec 2, BLOCK I, Lot 12","L526504D"," ","S6672 - Forest Oaks Sec 2","Real","$442,296","$442,296"
"R371718","R-17-W324-020I-0013-0008","PAL, SUSMIT","1005 SAVANNA LN  CEDAR PARK, TX 78613","1005 SAVANNA LN, CEDAR PARK, TX  78613","FOREST OAKS SEC 2&3 LTS 13&14 BLK I AMENDED, BLOCK I, LOT 13","L526504D"," ","S7373 - Forest Oaks Sec 2&3 Lts 13&14 Blk I Amended","Real","$544,775","$544,775"
"R371719","R-17-W324-020I-0018-0008","BADGETT, WALTER & LYNN","1004 CASHEW LN  CEDAR PARK, TX 78613","1004 CASHEW LN, CEDAR PARK, TX  78613","S6672 - Forest Oaks Sec 2, BLOCK I, Lot 18","L526504D"," ","S6672 - Forest Oaks Sec 2","Real","$529,966","$529,966"
"R371720","R-17-W324-020I-0019-0008","RENFROE, JOHN A & AMY S","1006 CASHEW LN  CEDAR PARK, TX 78613-3231","1006 CASHEW LN, CEDAR PARK, TX  78613","S7470 - Forest Oaks Sec 2 Lts 19-20 Blk I Amended, BLOCK I, Lot 19","L526504D"," ","S7470 - Forest Oaks Sec 2 Lts 19-20 Blk I Amended","Real","$566,082","$566,082"
"R371721","R-17-W324-020I-0020-0008","STARR, KEVIN & KATHRYN","1008 CASHEW LN  CEDAR PARK, TX 78613","1008 CASHEW LN, CEDAR PARK, TX  78613","S7470 - Forest Oaks Sec 2 Lts 19-20 Blk I Amended, BLOCK I, Lot 20","L526504D"," ","S7470 - Forest Oaks Sec 2 Lts 19-20 Blk I Amended","Real","$462,379","$462,379"
"R371722","R-17-W324-020I-0021-0008","DOWELL, KEVIN","1010 CASHEW LN  CEDAR PARK, TX 78613","1010 CASHEW LN, CEDAR PARK, TX  78613","FOREST OAKS SEC 2, BLOCK I, LOT 21","L526504D"," ","S6672 - Forest Oaks Sec 2","Real","$479,305","$479,305"
"R371723","R-17-W324-020I-0022-0008","SHORTINO, JOE F","1012 CASHEW LN CEDAR PARK, TX 78613-3231","1012 CASHEW LN, CEDAR PARK, TX  78613","S6672 - Forest Oaks Sec 2, BLOCK I, Lot 22","L526504D"," ","S6672 - Forest Oaks Sec 2","Real","$565,000","$565,000"
"R371724","R-17-W324-020I-0023-0008","HARRIS, JAMIE LOREN & DARYA KAZAKOVA","1014 CASHEW LN  CEDAR PARK, TX 78613-3231","1014 CASHEW LN, CEDAR PARK, TX  78613","S6672 - Forest Oaks Sec 2, BLOCK I, Lot 23","L526504D"," ","S6672 - Forest Oaks Sec 2","Real","$548,437","$548,437"
"R371725","R-17-W324-020I-0024-0008","KIM, BO YON & DAMI CHUNG","1016 CASHEW LN  CEDAR PARK, TX 78613-3232","1016 CASHEW LN, CEDAR PARK, TX  78613","S6672 - Forest Oaks Sec 2, BLOCK I, Lot 24","L526504D"," ","S6672 - Forest Oaks Sec 2","Real","$602,927","$602,927"
"R371726","R-17-W324-020I-0025-0008","GUNDERSEN, KRYSTAL M","1018 CASHEW LN  CEDAR PARK, TX 78613-3232","1018 CASHEW LN, CEDAR PARK, TX  78613","S6672 - Forest Oaks Sec 2, BLOCK I, Lot 25","L526504D"," ","S6672 - Forest Oaks Sec 2","Real","$638,050","$638,050"
"R371727","R-17-W324-020I-0026-0008","SIMENDY, JEAN & JOSEPH DALTON SIMENDY","1020 CASHEW LN  CEDAR PARK, TX 78613","1020 CASHEW LN, CEDAR PARK, TX  78613","S6672 - Forest Oaks Sec 2, BLOCK I, Lot 26","L526504D"," ","S6672 - Forest Oaks Sec 2","Real","$484,618","$484,618"
"R371728","R-17-W324-020I-0027-0008","ROGERS, ROBERT A & ASHLEY","1022 CASHEW LN  CEDAR PARK, TX 78613","1022 CASHEW LN, CEDAR PARK, TX  78613","S6672 - Forest Oaks Sec 2, BLOCK I, Lot 27","L526504D"," ","S6672 - Forest Oaks Sec 2","Real","$472,847","$472,847"
"R371729","R-17-W324-020I-0028-0008","SMART, JENNIFER ANNE","1024 CASHEW LN  CEDAR PARK, TX 78613","1024 CASHEW LN, CEDAR PARK, TX  78613","S6672 - Forest Oaks Sec 2, BLOCK I, Lot 28","L526504D"," ","S6672 - Forest Oaks Sec 2","Real","$460,162","$460,162"
"R371730","R-17-W324-020I-0029-0008","SUBRAMANIAN, DWARAKESH","2028 SAUTERNE DR LEANDER, TX 78641-3476","1028 CASHEW LN, CEDAR PARK, TX  78613","S6672 - Forest Oaks Sec 2, BLOCK I, Lot 29","L526504D"," ","S6672 - Forest Oaks Sec 2","Real","$465,227","$465,227"
"R371731","R-17-W324-020I-0030-0008","FENG, DANIEL Z & WENDY W XIE","7109 BAREFOOT CV AUSTIN, TX 78730-1524","1032 CASHEW LN, CEDAR PARK, TX  78613","S6672 - Forest Oaks Sec 2, BLOCK I, Lot 30","L526504D"," ","S6672 - Forest Oaks Sec 2","Real","$467,692","$467,692"
"R371732","R-17-W324-020I-0031-0008","LAURA O MARTINEZ COLON & OSWALD COLON TRS OF THE COLON LIVING TRUST","1034 CASHEW LN  CEDAR PARK, TX 78613-3233","1034 CASHEW LN, CEDAR PARK, TX  78613","S6672 - Forest Oaks Sec 2, BLOCK I, Lot 31","L526504D"," ","S6672 - Forest Oaks Sec 2","Real","$539,357","$539,357"
"R371733","R-17-W324-020I-0032-0008","MAUDRU, JOSEPH D (LE) & SHERI R (LE)","1036 CASHEW LN  CEDAR PARK, TX 78613-3233","1036 CASHEW LN, CEDAR PARK, TX  78613","S6672 - Forest Oaks Sec 2, BLOCK I, Lot 32","L526504D"," ","S6672 - Forest Oaks Sec 2","Real","$465,248","$465,248"
"R371734","R-17-W324-020I-0033-0008","KHATER, DALIA","1038 CASHEW LN  CEDAR PARK, TX 78613","1038 CASHEW LN, CEDAR PARK, TX  78613","S6672 - Forest Oaks Sec 2, BLOCK I, Lot 33","L526504D"," ","S6672 - Forest Oaks Sec 2","Real","$413,492","$413,492"
"R371735","R-17-W324-020J-0009-0008","BUI, KHOA & ANH TRAN","1004 SAVANNA LN  CEDAR PARK, TX 78613-3234","1004 SAVANNA LN, CEDAR PARK, TX  78613","S6672 - Forest Oaks Sec 2, BLOCK J, Lot 9","L526504D"," ","S6672 - Forest Oaks Sec 2","Real","$510,695","$510,695"
"R371736","R-17-W324-020J-0010-0008","SUN, HARVEY & SARAH MAY CHAU","1006 SAVANNA LN  CEDAR PARK, TX 78613","1006 SAVANNA LN, CEDAR PARK, TX  78613","S6672 - Forest Oaks Sec 2, BLOCK J, Lot 10","L526504D"," ","S6672 - Forest Oaks Sec 2","Real","$459,844","$459,844"
"R371737","R-17-W324-020J-0011-0008","CAPEZZUTI, GERALD JOHN & LAURA C SPARENBERG","1008 SAVANNA LN  CEDAR PARK, TX 78613","1008 SAVANNA LN, CEDAR PARK, TX  78613","FOREST OAKS SEC 2, BLOCK J, LOT 11","L526504D"," ","S6672 - Forest Oaks Sec 2","Real","$544,461","$544,461"
"R371738","R-17-W324-020J-0012-0008","BERGERON, SPENCER & HEATHER","1010 SAVANNA LN CEDAR PARK, TX 78613-3234","1010 SAVANNA LN, CEDAR PARK, TX  78613","S6672 - Forest Oaks Sec 2, BLOCK J, Lot 12","L526504D"," ","S6672 - Forest Oaks Sec 2","Real","$500,192","$500,192"
"R371739","R-17-W324-020J-0013-0008","SMITH, LORI & LARRY","1012 SAVANNA LN CEDAR PARK, TX 78613-3235","1012 SAVANNA LN, CEDAR PARK, TX  78613","S6672 - Forest Oaks Sec 2, BLOCK J, Lot 13","L526504D"," ","S6672 - Forest Oaks Sec 2","Real","$478,751","$478,751"
"R371740","R-17-W324-020J-0014-0008","HENRICHSON, SUSAN","1014 SAVANNA LN  CEDAR PARK, TX 78613","1014 SAVANNA LN, CEDAR PARK, TX  78613","S6672 - Forest Oaks Sec 2, BLOCK J, Lot 14","L526504D"," ","S6672 - Forest Oaks Sec 2","Real","$436,714","$436,714"
"R371741","R-17-W324-020J-0015-0008","FIONA H BARNETT & HAL W BARNETT TRS OF THE BARNETT 2024 REVOCABLE TRUST","4070 SPRING MOUNTAIN RD  SAINT HELENA, CA 94574-9773","1016 SAVANNA LN, CEDAR PARK, TX  78613","S6672 - Forest Oaks Sec 2, BLOCK J, Lot 15","L526504D"," ","S6672 - Forest Oaks Sec 2","Real","$483,852","$483,852"
"R371742","R-17-W324-020J-0016-0008","JAMES, MARK A & WENDY S","1018 SAVANNA LN  CEDAR PARK, TX 78613","1018 SAVANNA LN, CEDAR PARK, TX  78613","S6672 - Forest Oaks Sec 2, BLOCK J, Lot 16","L526504D"," ","S6672 - Forest Oaks Sec 2","Real","$539,259","$539,259"
"R371743","R-17-W324-020J-0017-0008","LEGO, CHRISTINE M","1020 SAVANNA LN  CEDAR PARK, TX 78613","1020 SAVANNA LN, CEDAR PARK, TX  78613","S6672 - Forest Oaks Sec 2, BLOCK J, Lot 17","L526504D"," ","S6672 - Forest Oaks Sec 2","Real","$468,772","$468,772"
"R371744","R-17-W324-020J-0018-0008","ALVARADO, VICTOR J & INARHU","1024 SAVANNA LN CEDAR PARK, TX 78613-3235","1024 SAVANNA LN, CEDAR PARK, TX  78613","S6672 - Forest Oaks Sec 2, BLOCK J, Lot 18","L526504D"," ","S6672 - Forest Oaks Sec 2","Real","$565,497","$565,497"
"R371745","R-17-W324-020J-0019-0008","BROWN, ERIC & PAMELA","1028 SAVANNA LN  CEDAR PARK, TX 78613","1028 SAVANNA LN, CEDAR PARK, TX  78613","S6672 - Forest Oaks Sec 2, BLOCK J, Lot 19","L526504D"," ","S6672 - Forest Oaks Sec 2","Real","$546,133","$546,133"
"R371746","R-17-W324-020J-0020-0008","EL JEFE CAPITAL LLC","2904 APPENNINI CV  CEDAR PARK, TX 78613-4303","1117 ANTELOPE RIDGE, CEDAR PARK, TX  78613","S6672 - Forest Oaks Sec 2, BLOCK J, Lot 20","L526504D"," ","S6672 - Forest Oaks Sec 2","Real","$537,151","$537,151"
"R371747","R-17-W324-020J-0021-0008","MORRISON, SUSANNE C","1115 ANTELOPE RDG  CEDAR PARK, TX 78613","1115 ANTELOPE RIDGE, CEDAR PARK, TX  78613","S6672 - Forest Oaks Sec 2, BLOCK J, Lot 21","L526504D"," ","S6672 - Forest Oaks Sec 2","Real","$561,092","$561,092"
"R371748","R-17-W324-020K-0008-0008","SHIPLAP INVESTMENTS LLC","1464 E WHITESTONE BLVD  CEDAR PARK, TX 78613","625 LYNNWOOD TRL S, CEDAR PARK, TX  78613","S6672 - Forest Oaks Sec 2, BLOCK K, Lot 8","L526504D"," ","S6672 - Forest Oaks Sec 2","Real","$51,500","$51,500"
"R371749","R-17-W324-020K-0009-0008","BAGBY, CHRISTIANNA DENISE & PETER CASANAVE","701 S LYNNWOOD TRL CEDAR PARK, TX 78613-3239","701 LYNNWOOD TRL S, CEDAR PARK, TX  78613","S6672 - Forest Oaks Sec 2, BLOCK K, Lot 9","L526504D"," ","S6672 - Forest Oaks Sec 2","Real","$703,999","$703,999"
"R371750","R-17-W324-020K-0010-0008","CRANDELL, ELISE & ROBERT","703 S LYNNWOOD TRL  CEDAR PARK, TX 78613-3239","703 LYNNWOOD TRL S, CEDAR PARK, TX  78613","S6672 - Forest Oaks Sec 2, BLOCK K, Lot 10","L526504D"," ","S6672 - Forest Oaks Sec 2","Real","$656,922","$656,922"
"R371751","R-17-W324-020K-0011-0008","CAPORINA, PAUL & ANNEMARIE","705 S LYNNWOOD TRL  CEDAR PARK, TX 78613","705 S LYNNWOOD TRL, CEDAR PARK, TX  78613","S6672 - Forest Oaks Sec 2, BLOCK K, Lot 11","L526504D"," ","S6672 - Forest Oaks Sec 2","Real","$527,565","$527,565"
"R371752","R-17-W324-020K-0012-0008","TRAN, HUNG & VIVIAN","707 S LYNNWOOD TRL  CEDAR PARK, TX 78613-3239","707 LYNNWOOD TRL S, CEDAR PARK, TX  78613","S6672 - Forest Oaks Sec 2, BLOCK K, Lot 12","L526504D"," ","S6672 - Forest Oaks Sec 2","Real","$472,818","$472,818"
"R371753","R-17-W324-020K-0013-0008","BENNETT, JAMES & ERIN","709 S LYNNWOOD TRL CEDAR PARK, TX 78613-3239","709 LYNNWOOD TRL S, CEDAR PARK, TX  78613","S6672 - Forest Oaks Sec 2, BLOCK K, Lot 13","L526504D"," ","S6672 - Forest Oaks Sec 2","Real","$535,121","$535,121"
"R371754","R-17-W324-020K-0014-0008","FOREST OAKS OWNERS ASSOC INC","Attn: SPECTRUM ASSOCIATION MGT 17319 SAN PEDRO AVE STE 318 SAN ANTONIO, TX 78232-1443","711 LYNNWOOD TRL S, CEDAR PARK, TX  78613","S6672 - Forest Oaks Sec 2, BLOCK K, Lot 14, ACRES 0.27, (LANDSCAPE)","L526504D"," ","S6672 - Forest Oaks Sec 2","Real","$300","$300"
"R371755","R-17-W324-020K-0015-0008","CITY OF CEDAR PARK","450 CYPRESS CREEK  #BLDG 1 CEDAR PARK, TX 78613","651 LYNNWOOD TRL S, CEDAR PARK, TX  78613","S6672 - Forest Oaks Sec 2, BLOCK K, Lot 15, ACRES 2.027, (GREENBELT)","L526504D"," ","S6672 - Forest Oaks Sec 2","Real","$608","$608"
"R371756","R-17-W324-020L-0012-0008","CITY OF CEDAR PARK","450 CYPRESS CREEK  #BLDG 1 CEDAR PARK, TX 78613","517 LYNNWOOD TRL S, CEDAR PARK, TX  78613","S6672 - Forest Oaks Sec 2, BLOCK L, Lot 12, ACRES 7.164, (DRIANAGE EASEMENT)","L526504D"," ","S6672 - Forest Oaks Sec 2","Real","$2,149","$2,149"
"R372224","R-17-W324-020L-0010-0008","CITY OF CEDAR PARK","450 CYPRESS CREEK  #BLDG 1 CEDAR PARK, TX 78613","521 LYNNWOOD TRL S, CEDAR PARK, TX  78613","S6672 - Forest Oaks Sec 2, BLOCK L, Lot 10, ACRES 1.197, (PARK)","L526504D"," ","S6672 - Forest Oaks Sec 2","Real","$1,770","$1,770"
"R372302","R-17-W324-040A-0001-0008","FOREST OAKS OWNERS ASSOC INC","Attn: SPECTRUM ASSOCIATION MGT 17319 SAN PEDRO AVE STE 318 SAN ANTONIO, TX 78232-1443","708 LYNNWOOD TRL S, CEDAR PARK, TX  78613","S6673 - Forest Oaks Sec 4, BLOCK A, Lot 1, ACRES 2.23","L526504D"," ","S6673 - Forest Oaks Sec 4","Real","$35,123","$35,123"
"R398608","R-17-W324-050H-0028-0008","MOORE, DION & TIFFANY D CARDENEZ","522 S LYNNWOOD TRL  CEDAR PARK, TX 78613","522 S LYNNWOOD TRL, CEDAR PARK, TX  78613","S7456 - Forest Oaks Sec 5, BLOCK H, Lot 28","L526504D"," ","S7456 - Forest Oaks Sec 5","Real","$569,095","$569,095"
"R398609","R-17-W324-050H-0029-0008","MARISCAL, NOE ISRAEL COBIAN & MARIA J MARRON","524 S LYNNWOOD TRL  CEDAR PARK, TX 78613","524 LYNNWOOD TRL S, CEDAR PARK, TX  78613","S7456 - Forest Oaks Sec 5, BLOCK H, Lot 29","L526504D"," ","S7456 - Forest Oaks Sec 5","Real","$611,619","$611,619"
"R398610","R-17-W324-050H-0030-0008","YU GUO & YIREN GUO","526 S LYNNWOOD TRL  CEDAR PARK, TX 78613-3229","526 LYNNWOOD TRL S, CEDAR PARK, TX  78613","S7456 - Forest Oaks Sec 5, BLOCK H, Lot 30","L526504D"," ","S7456 - Forest Oaks Sec 5","Real","$628,099","$638,098"
"R398611","R-17-W324-050H-0031-0008","CLARK, BENJAMIN WILLIAM GEORGE & AMANDA L","600 S LYNNWOOD TRL  CEDAR PARK, TX 78613","600 LYNNWOOD TRL S, CEDAR PARK, TX  78613","S7456 - Forest Oaks Sec 5, BLOCK H, Lot 31","L526504D"," ","S7456 - Forest Oaks Sec 5","Real","$565,815","$565,815"
"R398612","R-17-W324-050H-0032-0008","NAGY, JEFFREY L & KATHARINE M","602 S LYNNWOOD TRL  CEDAR PARK, TX 78613","602 LYNNWOOD TRL S, CEDAR PARK, TX  78613","S7456 - Forest Oaks Sec 5, BLOCK H, Lot 32","L526504D"," ","S7456 - Forest Oaks Sec 5","Real","$438,709","$438,709"
"R398613","R-17-W324-050H-0033-0008","DENG, HUAN","4101 FRONT RANGE LN AUSTIN, TX 78732-1660","604 LYNNWOOD TRL S, CEDAR PARK, TX  78613","S7456 - Forest Oaks Sec 5, BLOCK H, Lot 33","L526504D"," ","S7456 - Forest Oaks Sec 5","Real","$430,071","$430,071"
"R398614","R-17-W324-050H-0034-0008","MALEKSHAHI, MOHSEN & SAEIDE SEYEDRABIE","1101 BRUSHY CREEK RD  #APT 1404 CEDAR PARK, TX 78613-3283","606 LYNNWOOD TRL S, CEDAR PARK, TX  78613","S7456 - Forest Oaks Sec 5, BLOCK H, Lot 34","L526504D"," ","S7456 - Forest Oaks Sec 5","Real","$496,706","$496,706"
"R398615","R-17-W324-050H-0035-0008","ZHANG, WEI","10718 PICKFAIR DR AUSTIN, TX 78750-4012","608 S LYNNWOOD TRL, CEDAR PARK, TX  78613","S7456 - Forest Oaks Sec 5, BLOCK H, Lot 35","L526504D"," ","S7456 - Forest Oaks Sec 5","Real","$465,465","$465,465"
"R398616","R-17-W324-050H-0036-0008","PRAKASH, OM & ANISHA SUMAN KUMAR PURI","610 S LYNNWOOD TRL  CEDAR PARK, TX 78613","610 LYNNWOOD TRL S, CEDAR PARK, TX  78613","S7456 - Forest Oaks Sec 5, BLOCK H, Lot 36","L526504D"," ","S7456 - Forest Oaks Sec 5","Real","$646,748","$646,748"
"R398617","R-17-W324-050H-0037-0008","CHOUINARD, MARC-ANDRE & NANCY R BENAVIDES","612 LYNNWOOD TRL S CEDAR PARK, TX 78613","612 LYNNWOOD TRL S, CEDAR PARK, TX  78613","S7456 - Forest Oaks Sec 5, BLOCK H, Lot 37","L526504D"," ","S7456 - Forest Oaks Sec 5","Real","$744,284","$744,284"
"R398618","R-17-W324-050H-0038-0008","KIRKPATRICK, MICHAEL & CARA","614 S LYNNWOOD TRL  CEDAR PARK, TX 78613","614 LYNNWOOD TRL S, CEDAR PARK, TX  78613","S7456 - Forest Oaks Sec 5, BLOCK H, Lot 38, & SEC 2, BLK H, LT 3","L526504D"," ","S7456 - Forest Oaks Sec 5","Real","$729,235","$744,891"
"R398619","R-17-W324-050H-0039-0008","IBARRA, RAFAEL A & MARYLU VALLEJO","616 S LYNNWOOD TRL  CEDAR PARK, TX 78613","616 LYNNWOOD TRL S, CEDAR PARK, TX  78613","S7456 - Forest Oaks Sec 5, BLOCK H, Lot 39, & SEC 2, BLK H, LT 4","L526504D"," ","S7456 - Forest Oaks Sec 5","Real","$788,303","$788,303"
"R398620","R-17-W324-050H-0040-0008","HOOPER, PAUL","618 S LYNNWOOD TRL  CEDAR PARK, TX 78613","618 S LYNNWOOD TRL, CEDAR PARK, TX  78613","S7456 - Forest Oaks Sec 5, BLOCK H, Lot 40, & SEC 2, BLK H, LT 3","L526504D"," ","S7456 - Forest Oaks Sec 5","Real","$741,234","$741,234"
"R398621","R-17-W324-050H-0041-0008","MILLER, MELISSA","620 S LYNNWOOD TRL CEDAR PARK, TX 78613-3244","620 LYNNWOOD TRL S, CEDAR PARK, TX  78613","S7456 - Forest Oaks Sec 5, BLOCK H, Lot 41 & 44","L526504D"," ","S7456 - Forest Oaks Sec 5","Real","$680,717","$680,717"
"R398622","R-17-W324-050K-0001-0008","MANCILL, RUSSELL SCOTT","613 S LYNNWOOD TRL CEDAR PARK, TX 78613-3244","613 LYNNWOOD TRL S, CEDAR PARK, TX  78613","S7456 - Forest Oaks Sec 5, BLOCK K, Lot 1","L526504D"," ","S7456 - Forest Oaks Sec 5","Real","$807,471","$807,471"
"R398623","R-17-W324-050K-0002-0008","BLACKMAN, DEAN M & LISA A","615 S LYNNWOOD TRL CEDAR PARK, TX 78613-3244","615 LYNNWOOD TRL S, CEDAR PARK, TX  78613","S7456 - Forest Oaks Sec 5, BLOCK K, Lot 2","L526504D"," ","S7456 - Forest Oaks Sec 5","Real","$655,853","$655,853"
"R398624","R-17-W324-050K-0003-0008","RUSU, MELVINA VALLERY","617 S LYNNWOOD TRL  CEDAR PARK, TX 78613","617 LYNNWOOD TRL S, CEDAR PARK, TX  78613","S7456 - Forest Oaks Sec 5, BLOCK K, Lot 3","L526504D"," ","S7456 - Forest Oaks Sec 5","Real","$648,141","$648,141"
"R398625","R-17-W324-050K-0004-0008","JOHNSON, STEPHEN ALAN & ODETTE YUNG-JEN TAN","619 S LYNNWOOD TRL  CEDAR PARK, TX 78613","619 LYNNWOOD TRL S, CEDAR PARK, TX  78613","S7456 - Forest Oaks Sec 5, BLOCK K, Lot 4","L526504D"," ","S7456 - Forest Oaks Sec 5","Real","$724,208","$724,208"
"R398626","R-17-W324-050K-0005-0008","DOH, JASON H (TOD) & SORA R (TOD)","621 S LYNNWOOD TRL  CEDAR PARK, TX 78613-3244","621 S LYNNWOOD TRL, CEDAR PARK, TX  78613","S7456 - Forest Oaks Sec 5, BLOCK K, Lot 5","L526504D"," ","S7456 - Forest Oaks Sec 5","Real","$570,254","$570,254"
"R398627","R-17-W324-050K-0006-0008","JOHN THOMAS PETERSON & TAMMY ELIZABETH PETERSON TRS PETERSON MANAGEMENT TRUST","623 S LYNNWOOD TRL  CEDAR PARK, TX 78613-3244","623 LYNNWOOD TRL S, CEDAR PARK, TX  78613","S7456 - Forest Oaks Sec 5, BLOCK K, Lot 6","L526504D"," ","S7456 - Forest Oaks Sec 5","Real","$574,591","$574,591"
"R398628","R-17-W324-050L-0001-0008","WANG, CHI-HUNG","609 S LYNNWOOD TRL  CEDAR PARK, TX 78613","609 LYNNWOOD TRL S, CEDAR PARK, TX  78613","S7456 - Forest Oaks Sec 5, BLOCK L, Lot 1","L526504D"," ","S7456 - Forest Oaks Sec 5","Real","$674,204","$674,204"
"R398629","R-17-W324-050L-0002-0008","YANG, TING YIA & SHENG HSIEN LIN","607 S LYNNWOOD TRL  CEDAR PARK, TX 78613","607 S LYNNWOOD TRL, CEDAR PARK, TX  78613","S7456 - Forest Oaks Sec 5, BLOCK L, Lot 2","L526504D"," ","S7456 - Forest Oaks Sec 5","Real","$629,435","$629,435"
"R398630","R-17-W324-050L-0003-0008","YOU, JIANZHANG & HONGZHEN CHEN","730 LAGUNA  IRVING, TX 75039-3219","605 LYNNWOOD TRL S, CEDAR PARK, TX  78613","S7456 - Forest Oaks Sec 5, BLOCK L, Lot 3","L526504D"," ","S7456 - Forest Oaks Sec 5","Real","$484,372","$484,372"
"R398631","R-17-W324-050L-0004-0008","RITA TRIVEDI & HIREN TRIVEDI TRS OF THE AASHNA TRUST","603 S LYNNWOOD TRL  CEDAR PARK, TX 78613-3244","603 LYNNWOOD TRL S, CEDAR PARK, TX  78613","S7456 - Forest Oaks Sec 5, BLOCK L, Lot 4","L526504D"," ","S7456 - Forest Oaks Sec 5","Real","$659,375","$659,375"
"R398632","R-17-W324-050L-0005-0008","SMITH, GEOFFREY W & SHANNON","601 S LYNNWOOD TRL  CEDAR PARK, TX 78613","601 LYNNWOOD TRL S, CEDAR PARK, TX  78613","S7456 - Forest Oaks Sec 5, BLOCK L, Lot 5","L526504D"," ","S7456 - Forest Oaks Sec 5","Real","$548,228","$548,228"
"R398633","R-17-W324-050L-0006-0008","LASPINA, NANCY MARIE & MARK SCOTT","529 S LYNNWOOD TRL  CEDAR PARK, TX 78613","529 LYNNWOOD TRL S, CEDAR PARK, TX  78613","S7456 - Forest Oaks Sec 5, BLOCK L, Lot 6","L526504D"," ","S7456 - Forest Oaks Sec 5","Real","$528,668","$528,668"
"R398634","R-17-W324-050L-0007-0008","SAMMON, DAVID & HOLLY","527 LYNNWOOD TRL S CEDAR PARK, TX 78613","527 LYNNWOOD TRL S, CEDAR PARK, TX  78613","S7456 - Forest Oaks Sec 5, BLOCK L, Lot 7","L526504D"," ","S7456 - Forest Oaks Sec 5","Real","$448,343","$448,343"
"R398635","R-17-W324-050L-0008-0008","SUN, XIAOZHONG & JING LI","33479 BRONCO LOOP  FREMONT, CA 94555-3505","525 LYNNWOOD TRL S, CEDAR PARK, TX  78613","S7456 - Forest Oaks Sec 5, BLOCK L, Lot 8","L526504D"," ","S7456 - Forest Oaks Sec 5","Real","$491,560","$491,560"
"R398636","R-17-W324-050L-0009-0008","GHANEM, WAEL & HSIN I HUANG","523 S LYNNWOOD TRL  CEDAR PARK, TX 78613-3229","523 S LYNNWOOD TRL, CEDAR PARK, TX  78613","S7456 - Forest Oaks Sec 5, BLOCK L, Lot 9","L526504D"," ","S7456 - Forest Oaks Sec 5","Real","$631,390","$631,390"
"R405721","R-17-W324-080A-0097-A008","CITY OF CEDAR PARK","450 CYPRESS CREEK  #BLDG 1 CEDAR PARK, TX 78613","414 TRAILRIDGE DR, CEDAR PARK, TX  78613","S7581 - Forest Oaks Sec 8, BLOCK A, Lot 97-A, ACRES 4.04, (PARKLAND)","L526504D"," ","S7581 - Forest Oaks Sec 8","Real","$1,212","$1,212"
"R405722","R-17-W324-080J-0025-0008","CALVIN, RASHAWNA R & SHANNON R CASH","405 WATER OAK DR CEDAR PARK, TX 78613-4050","405 WATER OAK DR, CEDAR PARK, TX  78613","S7581 - Forest Oaks Sec 8, BLOCK J, Lot 25","L526504D"," ","S7581 - Forest Oaks Sec 8","Real","$574,124","$574,124"
"R405723","R-17-W324-080J-0026-0008","SUMMERS, RUSSELL & LISA","407 WATER OAK DR  CEDAR PARK, TX 78613-4050","407 WATER OAK DR, CEDAR PARK, TX  78613","S7581 - Forest Oaks Sec 8, BLOCK J, Lot 26","L526504D"," ","S7581 - Forest Oaks Sec 8","Real","$506,955","$506,955"
"R405724","R-17-W324-080J-0027-0008","HOLLAND, ELIZABETH FRANCES & JOHN JOSEPH","409 WATER OAK DR  CEDAR PARK, TX 78613-4050","409 WATER OAK DR, CEDAR PARK, TX  78613","S7581 - Forest Oaks Sec 8, BLOCK J, Lot 27","L526504D"," ","S7581 - Forest Oaks Sec 8","Real","$682,252","$682,252"
"R405725","R-17-W324-080J-0027-A008","CITY OF CEDAR PARK","450 CYPRESS CREEK  #BLDG 1 CEDAR PARK, TX 78613","WATER OAK DR, CEDAR PARK, TX  78613","S7581 - Forest Oaks Sec 8, BLOCK J, Lot 27-A, ACRES 0.396, (ACCESS EASEMENT)","L526504D"," ","S7581 - Forest Oaks Sec 8","Real","$300","$300"
"R405726","R-17-W324-080J-0028-0008","SHIMER, DAVID & LAURA P","412 WATER OAK DR CEDAR PARK, TX 78613-4050","412 WATER OAK DR, CEDAR PARK, TX  78613","S7581 - Forest Oaks Sec 8, BLOCK J, Lot 28","L526504D"," ","S7581 - Forest Oaks Sec 8","Real","$495,601","$495,601"
"R405727","R-17-W324-080J-0029-0008","MOHR, MARK & LYNDA","410 WATER OAK DR  CEDAR PARK, TX 78613-4050","410 WATER OAK DR, CEDAR PARK, TX  78613","S7581 - Forest Oaks Sec 8, BLOCK J, Lot 29","L526504D"," ","S7581 - Forest Oaks Sec 8","Real","$606,630","$606,630"
"R405728","R-17-W324-080J-0030-0008","VDRK LLC","1999 BRYAN ST  #STE 900 DALLAS, TX 75201-3140","408 WATER OAK DR, CEDAR PARK, TX  78613","S7581 - Forest Oaks Sec 8, BLOCK J, Lot 30","L526504D"," ","S7581 - Forest Oaks Sec 8","Real","$633,297","$633,297"
"R405729","R-17-W324-080J-0031-0008","LOGAN, SCOTT DAVID","406 WATER OAK DR CEDAR PARK, TX 78613-4050","406 WATER OAK DR, CEDAR PARK, TX  78613","S7581 - Forest Oaks Sec 8, BLOCK J, Lot 31","L526504D"," ","S7581 - Forest Oaks Sec 8","Real","$513,314","$513,314"
"R405730","R-17-W324-080J-0032-0008","BROWN, JAMES M & JULIE L","404 WATER OAK DR CEDAR PARK, TX 78613-4050","404 WATER OAK DR, CEDAR PARK, TX  78613","S7581 - Forest Oaks Sec 8, BLOCK J, Lot 32","L526504D"," ","S7581 - Forest Oaks Sec 8","Real","$708,390","$708,390"
"R405731","R-17-W324-080J-0033-0008","OTTO, TRACY DEAN & JENNIFER LEE","401 TRAILRIDGE DR  CEDAR PARK, TX 78613","401 TRAILRIDGE DR, CEDAR PARK, TX  78613","S7581 - Forest Oaks Sec 8, BLOCK J, Lot 33","L526504D"," ","S7581 - Forest Oaks Sec 8","Real","$679,277","$679,277"
"R405732","R-17-W324-080J-0034-0008","LY, TUAN A & MELISSA P NGUYEN","403 TRAILRIDGE DR  CEDAR PARK, TX 78613","403 TRAILRIDGE DR, CEDAR PARK, TX  78613","S7581 - Forest Oaks Sec 8, BLOCK J, Lot 34","L526504D"," ","S7581 - Forest Oaks Sec 8","Real","$574,777","$574,777"
"R405733","R-17-W324-080J-0035-0008","WELCH, WILLIAM & SUE","405 TRAILRIDGE DR  CEDAR PARK, TX 78613","405 TRAILRIDGE DR, CEDAR PARK, TX  78613","S7581 - Forest Oaks Sec 8, BLOCK J, Lot 35","L526504D"," ","S7581 - Forest Oaks Sec 8","Real","$469,742","$469,742"
"R405734","R-17-W324-080J-0036-0008","MYERS, RYAN D, DEBRA L & MARSHA A JAY","407 TRAILRIDGE DR  CEDAR PARK, TX 78613","407 TRAILRIDGE DR, CEDAR PARK, TX  78613","S7581 - Forest Oaks Sec 8, BLOCK J, Lot 36","L526504D"," ","S7581 - Forest Oaks Sec 8","Real","$730,234","$730,234"
"R405735","R-17-W324-080J-0037-0008","MIRI, JOHN N & KATHLEEN C","409 TRAILRIDGE DR  CEDAR PARK, TX 78613-4048","409 TRAILRIDGE DR, CEDAR PARK, TX  78613","S7581 - Forest Oaks Sec 8, BLOCK J, Lot 37","L526504D"," ","S7581 - Forest Oaks Sec 8","Real","$630,514","$630,514"
"R405736","R-17-W324-080J-0038-0008","FOREST OAKS OWNERS ASSOC INC","Attn: SPECTRUM ASSOCIATION MGT 17319 SAN PEDRO AVE STE 318 SAN ANTONIO, TX 78232-1443","400 TRAILRIDGE DR, CEDAR PARK, TX  78613","S7581 - Forest Oaks Sec 8, BLOCK J, Lot 38, ACRES 0.286, (OPEN SPACE)","L526504D"," ","S7581 - Forest Oaks Sec 8","Real","$300","$300"
"R405737","R-17-W324-080K-0031-0008","VANI, MANISH & PARINA","1315 QUAIL CREEK TRL CEDAR PARK, TX 78613-4067","1315 QUAIL CREEK TRL, CEDAR PARK, TX  78613","S7581 - Forest Oaks Sec 8, BLOCK K, Lot 31","L526504D"," ","S7581 - Forest Oaks Sec 8","Real","$602,804","$602,804"
"R405738","R-17-W324-080L-0003-0008","FUNG, FREDERICK & RITA","201 TRAILRIDGE DR  CEDAR PARK, TX 78613-4045","201 TRAILRIDGE DR, CEDAR PARK, TX  78613","S7581 - Forest Oaks Sec 8, BLOCK L, Lot 3","L526504D"," ","S7581 - Forest Oaks Sec 8","Real","$663,630","$663,630"
"R405739","R-17-W324-080L-0004-0008","LINTON, THOMAS A","203 TRAILRIDGE DR CEDAR PARK, TX 78613-4045","203 TRAILRIDGE DR, CEDAR PARK, TX  78613","S7581 - Forest Oaks Sec 8, BLOCK L, Lot 4","L526504D"," ","S7581 - Forest Oaks Sec 8","Real","$565,494","$565,494"
"R405740","R-17-W324-080L-0005-0008","MADITHETI, NAWAZ & SAMEER SHETTY","205 TRAILRIDGE DR  CEDAR PARK, TX 78613","205 TRAILRIDGE DR, CEDAR PARK, TX  78613","S7581 - Forest Oaks Sec 8, BLOCK L, Lot 5","L526504D"," ","S7581 - Forest Oaks Sec 8","Real","$677,171","$677,171"
"R405741","R-17-W324-080L-0006-0008","CHERYL A COOPER & TERRY E COOPER TRS CHERYL & TERRY COOPER TRUST","207 TRAILRIDGE DR  CEDAR PARK, TX 78613-4045","207 TRAILRIDGE DR, CEDAR PARK, TX  78613","S7581 - Forest Oaks Sec 8, BLOCK L, Lot 6","L526504D"," ","S7581 - Forest Oaks Sec 8","Real","$582,599","$582,599"
"R405742","R-17-W324-080L-0007-0008","JENSEN, ROBERT & GINGER","209 TRAILRIDGE DR CEDAR PARK, TX 78613-4045","209 TRAILRIDGE DR, CEDAR PARK, TX  78613","S7581 - Forest Oaks Sec 8, BLOCK L, Lot 7","L526504D"," ","S7581 - Forest Oaks Sec 8","Real","$636,241","$636,241"
"R405743","R-17-W324-080L-0008-0008","LEDBETTER, PAUL A & DEBORAH L","301 TRAILRIDGE DR  CEDAR PARK, TX 79613","301 TRAILRIDGE DR, CEDAR PARK, TX  78613","S7581 - Forest Oaks Sec 8, BLOCK L, Lot 8","L526504D"," ","S7581 - Forest Oaks Sec 8","Real","$621,570","$621,570"
"R405744","R-17-W324-080L-0009-0008","HETHERINGTON, THOMAS W & JOAN M","303 TRAILRIDGE DR  CEDAR PARK, TX 78613-4051","303 TRAILRIDGE DR, CEDAR PARK, TX  78613","S7581 - Forest Oaks Sec 8, BLOCK L, Lot 9","L526504D"," ","S7581 - Forest Oaks Sec 8","Real","$665,084","$665,084"
"R405745","R-17-W324-080L-0010-0008","DOUGLAS L KUHLMAN & CATHERINE A KUHLMAN CO-TRS OF THE KUHLMAN REVOCABLE TRUST","305 TRAILRIDGE DR  CEDAR PARK, TX 78613-4051","305 TRAILRIDGE DR, CEDAR PARK, TX  78613","S7581 - Forest Oaks Sec 8, BLOCK L, Lot 10","L526504D"," ","S7581 - Forest Oaks Sec 8","Real","$527,632","$527,632"
"R405746","R-17-W324-080L-0011-0008","ECBC LIVING TRUST","PO BOX 451 CEDAR PARK, TX 78630-0451","307 TRAILRIDGE DR, CEDAR PARK, TX  78613","S7581 - Forest Oaks Sec 8, BLOCK L, Lot 11","L526504D"," ","S7581 - Forest Oaks Sec 8","Real","$618,835","$618,835"
"R405747","R-17-W324-080L-0012-0008","PEASE, CYNTHIA LEE (TOD)","402 WATER OAK DR  CEDAR PARK, TX 78613","402 WATER OAK DR, CEDAR PARK, TX  78613","S7581 - Forest Oaks Sec 8, BLOCK L, Lot 12","L526504D"," ","S7581 - Forest Oaks Sec 8","Real","$624,568","$624,568"
"R405748","R-17-W324-080M-0001-0008","BANKS, KYLE & JENNIFER HOUSTON","400 TRAILRIDGE DR  CEDAR PARK, TX 78613-4048","400 TRAILRIDGE DR, CEDAR PARK, TX  78613","S7581 - Forest Oaks Sec 8, BLOCK M, Lot 1","L526504D"," ","S7581 - Forest Oaks Sec 8","Real","$664,385","$664,385"
"R405749","R-17-W324-080M-0002-0008","HUNT, KYLE C & KAREN L","402 TRAILRIDGE DR  CEDAR PARK, TX 78613-4048","402 TRAILRIDGE DR, CEDAR PARK, TX  78613","S7581 - Forest Oaks Sec 8, BLOCK M, Lot 2","L526504D"," ","S7581 - Forest Oaks Sec 8","Real","$508,730","$508,730"
"R405750","R-17-W324-080M-0003-0008","SOPCHAK, DARRELL","404 TRAILRIDGE DR CEDAR PARK, TX 78613-4048","404 TRAILRIDGE DR, CEDAR PARK, TX  78613","S7581 - Forest Oaks Sec 8, BLOCK M, Lot 3","L526504D"," ","S7581 - Forest Oaks Sec 8","Real","$690,678","$690,678"
"R405751","R-17-W324-080M-0004-0008","ERICKSON MILTON LANCE & HELEN LORRAINE COTRUSTEES OF ERICKSON JOINT LIVING TRUST","406 TRAILRIDGE DR  CEDAR PARK, TX 78613","406 TRAILRIDGE DR, CEDAR PARK, TX  78613","S7581 - Forest Oaks Sec 8, BLOCK M, Lot 4","L526504D"," ","S7581 - Forest Oaks Sec 8","Real","$500,450","$500,450"
"R405752","R-17-W324-080M-0005-0008","CRAIG HUENEKE & ROSE HUENEKE REVOCABLE TRUST","800 BOGART RD  CEDAR PARK, TX 78613-3260","408 TRAILRIDGE DR, CEDAR PARK, TX  78613","S7581 - Forest Oaks Sec 8, BLOCK M, Lot 5","L526504D"," ","S7581 - Forest Oaks Sec 8","Real","$523,066","$523,066"
"R405754","R-17-W324-080M-0006-0008","CASTEEL, BRIAN & AMY","1301 SUMMERWOOD CT CEDAR PARK, TX 78613-4049","1301 SUMMERWOOD CT, CEDAR PARK, TX  78613","S7581 - Forest Oaks Sec 8, BLOCK M, Lot 6","L526504D"," ","S7581 - Forest Oaks Sec 8","Real","$618,421","$618,421"
"R405755","R-17-W324-080M-0007-0008","KOWLESSAR FAMILY REVOCABLE TRUST","1303 SUMMERWOOD CT  CEDAR PARK, TX 78613-4049","1303 SUMMERWOOD CT, CEDAR PARK, TX  78613","S7581 - Forest Oaks Sec 8, BLOCK M, Lot 7","L526504D"," ","S7581 - Forest Oaks Sec 8","Real","$650,236","$650,236"
"R405756","R-17-W324-080M-0008-0008","REID, WILLIAM G & PRISCILLA N","1304 SUMMERWOOD CT  CEDAR PARK, TX 78613-4049","1304 SUMMERWOOD CT, CEDAR PARK, TX  78613","S7581 - Forest Oaks Sec 8, BLOCK M, Lot 8","L526504D"," ","S7581 - Forest Oaks Sec 8","Real","$664,419","$664,419"
"R405757","R-17-W324-080M-0009-0008","GARZA, JOSE ALFREDO & MARIA TAMEZ GARZA","1302 SUMMERWOOD CT  CEDAR PARK, TX 78613-4049","1302 SUMMERWOOD CT, CEDAR PARK, TX  78613","S7581 - Forest Oaks Sec 8, BLOCK M, Lot 9","L526504D"," ","S7581 - Forest Oaks Sec 8","Real","$602,572","$602,572"
"R405758","R-17-W324-080M-0010-0008","HAMILTON, TRAVIS B & SARAH","1300 SUMMERWOOD CT  CEDAR PARK, TX 78613","1300 SUMMERWOOD CT, CEDAR PARK, TX  78613","S7581 - Forest Oaks Sec 8, BLOCK M, Lot 10","L526504D"," ","S7581 - Forest Oaks Sec 8","Real","$690,898","$690,898"
"R405759","R-17-W324-080N-0001-0008","AUSTIN, RICHARD WILLIAM (TOD) & JUDY M (TOD)","306 TRAILRIDGE DR  CEDAR PARK, TX 78613-4046","306 TRAILRIDGE DR, CEDAR PARK, TX  78613","S7581 - Forest Oaks Sec 8, BLOCK N, Lot 1","L526504D"," ","S7581 - Forest Oaks Sec 8","Real","$490,173","$490,173"
"R405760","R-17-W324-080N-0002-0008","COBURN, TIMOTHY ERIC & ALLISON I","304 TRAILRIDGE DR  CEDAR PARK, TX 78613","304 TRAILRIDGE DR, CEDAR PARK, TX  78613","S7581 - Forest Oaks Sec 8, BLOCK N, Lot 2","L526504D"," ","S7581 - Forest Oaks Sec 8","Real","$500,744","$500,744"
"R405761","R-17-W324-080N-0003-0008","HAGAN, RITA P","302 TRAILRIDGE DR  CEDAR PARK, TX 78613","302 TRAILRIDGE DR, CEDAR PARK, TX  78613","S7581 - Forest Oaks Sec 8, BLOCK N, Lot 3","L526504D"," ","S7581 - Forest Oaks Sec 8","Real","$621,185","$621,185"
"R405762","R-17-W324-080N-0004-0008","CHO, CHRISTOPHER & KATHERINE LEDBETTER-CHO","300 TRAILRIDGE DR  CEDAR PARK, TX 78613","300 TRAILRIDGE DR, CEDAR PARK, TX  78613","S7581 - Forest Oaks Sec 8, BLOCK N, Lot 4","L526504D"," ","S7581 - Forest Oaks Sec 8","Real","$497,574","$497,574"
"R405763","R-17-W324-080N-0005-0008","JOHNSON, BROOK V & STEPHEN D","210 TRAILRIDGE DR  CEDAR PARK, TX 78613","210 TRAILRIDGE DR, CEDAR PARK, TX  78613","S7581 - Forest Oaks Sec 8, BLOCK N, Lot 5","L526504D"," ","S7581 - Forest Oaks Sec 8","Real","$546,508","$546,508"
"R405764","R-17-W324-080N-0006-0008","THOMAS G SCIONEAUX & DENISE D SCIONEAUX TRS TOM & DENISE SCIONEAUX FAMILY TRUST","208 TRAILRIDGE DR  CEDAR PARK, TX 78613-4045","208 TRAILRIDGE DR, CEDAR PARK, TX  78613","S7581 - Forest Oaks Sec 8, BLOCK N, Lot 6","L526504D"," ","S7581 - Forest Oaks Sec 8","Real","$740,388","$740,388"
"R405765","R-17-W324-080N-0007-0008","CAWOOD, URSULA A","206 TRAILRIDGE DR  CEDAR PARK, TX 78613-4045","206 TRAILRIDGE DR, CEDAR PARK, TX  78613","S7581 - Forest Oaks Sec 8, BLOCK N, Lot 7","L526504D"," ","S7581 - Forest Oaks Sec 8","Real","$635,368","$635,368"
"R405766","R-17-W324-080N-0008-0008","RUSSELL, MATTHEW J & KAREN A","204 TRAILRIDGE DR  CEDAR PARK, TX 78613","204 TRAILRIDGE DR, CEDAR PARK, TX  78613","S7581 - Forest Oaks Sec 8, BLOCK N, Lot 8","L526504D"," ","S7581 - Forest Oaks Sec 8","Real","$582,369","$582,369"
"R405767","R-17-W324-080N-0009-0008","BEAVER RONALD R & AUDRE L","202 TRAILRIDGE DR  CEDAR PARK, TX 78613","202 TRAILRIDGE DR, CEDAR PARK, TX  78613","S7581 - Forest Oaks Sec 8, BLOCK N, Lot 9","L526504D"," ","S7581 - Forest Oaks Sec 8","Real","$585,862","$585,862"
"R405768","R-17-W324-080N-0010-0008","LILLIE, BRIAN T & MICHELLE","200 TRAILRIDGE DR  CEDAR PARK, TX 78613-4045","200 TRAILRIDGE DR, CEDAR PARK, TX  78613","S7581 - Forest Oaks Sec 8, BLOCK N, Lot 10","L526504D"," ","S7581 - Forest Oaks Sec 8","Real","$631,141","$631,141"
"R405769","R-17-W324-080N-0011-0008","INNIS, JAMES E & KELLI E","110 TRAILRIDGE DR  CEDAR PARK, TX 78613-4047","110 TRAILRIDGE DR, CEDAR PARK, TX  78613","S7581 - Forest Oaks Sec 8, BLOCK N, Lot 11","L526504D"," ","S7581 - Forest Oaks Sec 8","Real","$686,483","$686,483"
"R408081","R-17-W324-060A-0001-0008","LAIRD, SANDRA","1100 CAMDEN CV CEDAR PARK, TX 78613-3247","1100 CAMDEN CV, CEDAR PARK, TX  78613","S7595 - Forest Oaks Sec 6, BLOCK A, Lot 1","L526504D"," ","S7595 - Forest Oaks Sec 6","Real","$445,944","$445,944"
"R408082","R-17-W324-060A-0002-0008","YU, GUO","1102 CAMDEN CV  CEDAR PARK, TX 78613","1102 CAMDEN CV, CEDAR PARK, TX  78613","S7595 - Forest Oaks Sec 6, BLOCK A, Lot 2","L526504D"," ","S7595 - Forest Oaks Sec 6","Real","$492,295","$492,295"
"R408083","R-17-W324-060A-0003-0008","XIAO, HAN & LINDSEY LUETGE","1104 CAMDEN CV  CEDAR PARK, TX 78613-3247","1104 CAMDEN CV, CEDAR PARK, TX  78613","S7595 - Forest Oaks Sec 6, BLOCK A, Lot 3","L526504D"," ","S7595 - Forest Oaks Sec 6","Real","$661,137","$661,137"
"R408084","R-17-W324-060A-0004-0008","DEKAY, LESTER EDWARD & OLGA YOLANDA","1106 CAMDEN CV CEDAR PARK, TX 78613-3247","1106 CAMDEN CV, CEDAR PARK, TX  78613","S7595 - Forest Oaks Sec 6, BLOCK A, Lot 4","L526504D"," ","S7595 - Forest Oaks Sec 6","Real","$528,832","$528,832"
"R408085","R-17-W324-060A-0005-0008","TING, WANLI & SEAN CHIHHSIANG CHEN","6766 BRET HARTE DR  SAN JOSE, CA 95120-2017","1108 CAMDEN CV, CEDAR PARK, TX  78613","S7595 - Forest Oaks Sec 6, BLOCK A, Lot 5","L526504D"," ","S7595 - Forest Oaks Sec 6","Real","$640,559","$640,559"
"R408086","R-17-W324-060A-0006-0008","REQUE, SEAN & DANIELLE","1109 CAMDEN CV  CEDAR PARK, TX 78613","1109 CAMDEN CV, CEDAR PARK, TX  78613","S7595 - Forest Oaks Sec 6, BLOCK A, Lot 6","L526504D"," ","S7595 - Forest Oaks Sec 6","Real","$501,744","$501,744"
"R408087","R-17-W324-060A-0007-0008","STOUT, ANDREA EUNBIN","1107 CAMDEN CV  CEDAR PARK, TX 78613-3247","1107 CAMDEN CV, CEDAR PARK, TX  78613","S7595 - Forest Oaks Sec 6, BLOCK A, Lot 7","L526504D"," ","S7595 - Forest Oaks Sec 6","Real","$585,774","$585,774"
"R408088","R-17-W324-060A-0008-0008","MAZZIE, JOHN P","1105 CAMDEN CV  CEDAR PARK, TX 78613","1105 CAMDEN CV, CEDAR PARK, TX  78613","S7595 - Forest Oaks Sec 6, BLOCK A, Lot 8","L526504D"," ","S7595 - Forest Oaks Sec 6","Real","$619,575","$619,575"
"R408089","R-17-W324-060A-0009-0008","WRIGHT, DOUGLAS JESSE JR (TOD)& TAEHAE KIM (TOD)","1103 CAMDEN CV  CEDAR PARK, TX 78613","1103 CAMDEN CV, CEDAR PARK, TX  78613","S7595 - Forest Oaks Sec 6, BLOCK A, Lot 9","L526504D"," ","S7595 - Forest Oaks Sec 6","Real","$674,460","$674,460"
"R408090","R-17-W324-060A-0010-0008","ADVANI DILIP B TRUSTEE OF ADVANI & RAHEJA FAMILY TRUST","2924 SORRENTO WAY  UNION CITY, CA 94587","1101 CAMDEN CV, CEDAR PARK, TX  78613","S7595 - Forest Oaks Sec 6, BLOCK A, Lot 10","L526504D"," ","S7595 - Forest Oaks Sec 6","Real","$444,357","$444,357"
"R408091","R-17-W324-060A-0011-0008","NGUYEN, CHRISTOPHER & LINDA CHEN","1100 HOLLYBROOK CV  CEDAR PARK, TX 78613","1100 HOLLYBROOK CV, CEDAR PARK, TX  78613","S7595 - Forest Oaks Sec 6, BLOCK A, Lot 11","L526504D"," ","S7595 - Forest Oaks Sec 6","Real","$601,862","$601,862"
"R408092","R-17-W324-060A-0012-0008","HIEN LE & PHUONG TON TRS OF THE HPAC LE FAMILY TRUST","1102 HOLLYBROOK CV  CEDAR PARK, TX 78613-3248","1102 HOLLYBROOK CV, CEDAR PARK, TX  78613","S7595 - Forest Oaks Sec 6, BLOCK A, Lot 12","L526504D"," ","S7595 - Forest Oaks Sec 6","Real","$560,203","$560,203"
"R408093","R-17-W324-060A-0013-0008","KURTZ, JAMIE ANNE","1104 HOLLYBROOK CV  CEDAR PARK, TX 78613","1104 HOLLYBROOK CV, CEDAR PARK, TX  78613","S7595 - Forest Oaks Sec 6, BLOCK A, Lot 13","L526504D"," ","S7595 - Forest Oaks Sec 6","Real","$494,799","$494,799"
"R408094","R-17-W324-060A-0014-0008","DE LA TORRE, ALEJANDRA & MIKE ERHARDT","1106 HOLLYBROOK CV  CEDAR PARK, TX 78613","1106 HOLLYBROOK CV, CEDAR PARK, TX  78613","S7595 - Forest Oaks Sec 6, BLOCK A, Lot 14","L526504D"," ","S7595 - Forest Oaks Sec 6","Real","$650,658","$650,658"
"R408095","R-17-W324-060A-0015-0008","NENADAVETS, ALIAKSANDR","1108 HOLLYBROOK CV  CEDAR PARK, TX 78613","1108 HOLLYBROOK CV, CEDAR PARK, TX  78613","S7595 - Forest Oaks Sec 6, BLOCK A, Lot 15","L526504D"," ","S7595 - Forest Oaks Sec 6","Real","$568,435","$568,435"
"R408096","R-17-W324-060A-0016-0008","ELAHI, FAZLA, NUSRAT JAHAN & KHALEDA MANSUR","1109 HOLLYBROOK CV  CEDAR PARK, TX 78613","1109 HOLLYBROOK CV, CEDAR PARK, TX  78613","S7595 - Forest Oaks Sec 6, BLOCK A, Lot 16","L526504D"," ","S7595 - Forest Oaks Sec 6","Real","$667,467","$667,467"
"R408097","R-17-W324-060A-0017-0008","PATEL, JINESH PRAVIN & MARUA PATEL ALI","1107 HOLLYBROOK CV  CEDAR PARK, TX 78613","1107 HOLLYBROOK CV, CEDAR PARK, TX  78613","S7595 - Forest Oaks Sec 6, BLOCK A, Lot 17","L526504D"," ","S7595 - Forest Oaks Sec 6","Real","$657,337","$657,337"
"R408098","R-17-W324-060A-0018-0008","MANDEL CHRISTINA & MAX JACKSON NOWAK","1105 HOLLYBROOK CV  CEDAR PARK, TX 78613-3248","1105 HOLLYBROOK CV, CEDAR PARK, TX  78613","S7595 - Forest Oaks Sec 6, BLOCK A, Lot 18","L526504D"," ","S7595 - Forest Oaks Sec 6","Real","$566,794","$566,794"
"R408099","R-17-W324-060A-0019-0008","ANDERSON, JON D","1103 HOLLYBROOK CV  CEDAR PARK, TX 78613","1103 HOLLYBROOK CV, CEDAR PARK, TX  78613","S7595 - Forest Oaks Sec 6, BLOCK A, Lot 19","L526504D"," ","S7595 - Forest Oaks Sec 6","Real","$501,404","$501,404"
"R408100","R-17-W324-060A-0020-0008","JONES, MARVIN A & CHERYL","1730 CACTUS BLF SAN ANTONIO, TX 78258-7450","1101 HOLLYBROOK CV, CEDAR PARK, TX  78613","S7595 - Forest Oaks Sec 6, BLOCK A, Lot 20","L526504D"," ","S7595 - Forest Oaks Sec 6","Real","$569,359","$569,359"
"R408101","R-17-W324-060A-0021-0008","DRACHOV, DMITRY & TALI KANEVSKI","1000 SHADOW VALLEY CV  CEDAR PARK, TX 78613","1000 SHADOW VALLEY CV, CEDAR PARK, TX  78613","S7595 - Forest Oaks Sec 6, BLOCK A, Lot 21","L526504D"," ","S7595 - Forest Oaks Sec 6","Real","$622,035","$622,035"
"R408102","R-17-W324-060A-0022-0008","CAROMATA, AARON & CECILIA ANGEL","1002 SHADOW VALLEY CV  CEDAR PARK, TX 78613","1002 SHADOW VALLEY CV, CEDAR PARK, TX  78613","S7595 - Forest Oaks Sec 6, BLOCK A, Lot 22","L526504D"," ","S7595 - Forest Oaks Sec 6","Real","$597,222","$597,222"
"R408103","R-17-W324-060A-0023-0008","ANDERSON, ROBERT W & CHRISTINA","1004 SHADOW VALLEY CV CEDAR PARK, TX 78613-3249","1004 SHADOW VALLEY CV, CEDAR PARK, TX  78613","S7595 - Forest Oaks Sec 6, BLOCK A, Lot 23","L526504D"," ","S7595 - Forest Oaks Sec 6","Real","$661,828","$661,828"
"R408104","R-17-W324-060A-0024-0008","LIN, YA-WEN LIOU & SHENG HSIANG","1006 SHADOW VALLEY CV  CEDAR PARK, TX 78613","1006 SHADOW VALLEY CV, CEDAR PARK, TX  78613","S7595 - Forest Oaks Sec 6, BLOCK A, Lot 24","L526504D"," ","S7595 - Forest Oaks Sec 6","Real","$508,502","$508,502"
"R408105","R-17-W324-060A-0025-0008","SRINIVASAN, ADITYAN & RENGA","1008 SHADOW VALLEY CV  CEDAR PARK, TX 78613","1008 SHADOW VALLEY CV, CEDAR PARK, TX  78613","S7595 - Forest Oaks Sec 6, BLOCK A, Lot 25","L526504D"," ","S7595 - Forest Oaks Sec 6","Real","$648,726","$648,726"
"R408106","R-17-W324-060A-0026-0008","WAMSLEY, DANIEL & CINDY","1010 SHADOW VALLEY CV  CEDAR PARK, TX 78613","1010 SHADOW VALLEY CV, CEDAR PARK, TX  78613","S7595 - Forest Oaks Sec 6, BLOCK A, Lot 26","L526504D"," ","S7595 - Forest Oaks Sec 6","Real","$582,922","$582,922"
"R408107","R-17-W324-060A-0027-0008","JONES, CASEY GORDON & KRISTEN NOHEALANI","1012 SHADOW VALLEY CV  CEDAR PARK, TX 78613-3249","1012 SHADOW VALLEY CV, CEDAR PARK, TX  78613","S7595 - Forest Oaks Sec 6, BLOCK A, Lot 27","L526504D"," ","S7595 - Forest Oaks Sec 6","Real","$709,018","$709,018"
"R408108","R-17-W324-060A-0028-0008","GONZALEZ, PABLO","1011 SHADOW VALLEY CV  CEDAR PARK, TX 78613","1011 SHADOW VALLEY CV, CEDAR PARK, TX  78613","S7595 - Forest Oaks Sec 6, BLOCK A, Lot 28","L526504D"," ","S7595 - Forest Oaks Sec 6","Real","$713,221","$713,221"
"R408109","R-17-W324-060A-0029-0008","PATEL, BIPIN J & CHANCHAL","1009 SHADOW VALLEY CV  CEDAR PARK, TX 78613","1009 SHADOW VALLEY CV, CEDAR PARK, TX  78613","S7595 - Forest Oaks Sec 6, BLOCK A, Lot 29","L526504D"," ","S7595 - Forest Oaks Sec 6","Real","$661,524","$661,524"
"R408110","R-17-W324-060A-0030-0008","KISS, GINA & BRIAN DALEY","1007 SHADOW VALLEY CV  CEDAR PARK, TX 78613","1007 SHADOW VALLEY CV, CEDAR PARK, TX  78613","S7595 - Forest Oaks Sec 6, BLOCK A, Lot 30","L526504D"," ","S7595 - Forest Oaks Sec 6","Real","$640,094","$640,094"
"R408111","R-17-W324-060A-0031-0008","KARNES, JOSHUA D","1005 SHADOW VALLEY CV CEDAR PARK, TX 78613-3249","1005 SHADOW VALLEY CV, CEDAR PARK, TX  78613","S7595 - Forest Oaks Sec 6, BLOCK A, Lot 31","L526504D"," ","S7595 - Forest Oaks Sec 6","Real","$565,235","$565,235"
"R408112","R-17-W324-060A-0032-0008","STUART, WILSON CRAIG & SHERRY E","1003 SHADOW VALLEY CV  CEDAR PARK, TX 78613","1003 SHADOW VALLEY CV, CEDAR PARK, TX  78613","S7595 - Forest Oaks Sec 6, BLOCK A, Lot 32","L526504D"," ","S7595 - Forest Oaks Sec 6","Real","$486,858","$486,858"
"R408113","R-17-W324-060A-0033-0008","BOUMAZA, LAURENT & ALLISON MARIE BLOODGOOD","1510 PENDLETON DR  CEDAR PARK, TX 78613-4242","1001 SHADOW VALLEY CV, CEDAR PARK, TX  78613","S7595 - Forest Oaks Sec 6, BLOCK A, Lot 33","L526504D"," ","S7595 - Forest Oaks Sec 6","Real","$488,808","$488,808"
"R408114","R-17-W324-060A-0096-B008","CITY OF CEDAR PARK","450 CYPRESS CREEK  #BLDG 1 CEDAR PARK, TX 78613","CAMDEN CV, CEDAR PARK, TX  78613","S7595 - Forest Oaks Sec 6, BLOCK A, Lot 96-B, ACRES 0.09, (OPEN SPACE)","L526504D"," ","S7595 - Forest Oaks Sec 6","Real","$300","$300"
"R408115","R-17-W324-060D-0001-0008","KARM, MICHAEL L & AMY C","512 S LYNNWOOD TRL CEDAR PARK, TX 78613-3229","512 LYNNWOOD TRL S, CEDAR PARK, TX  78613","S7595 - Forest Oaks Sec 6, BLOCK D, Lot 1","L526504D"," ","S7595 - Forest Oaks Sec 6","Real","$746,446","$746,446"
"R408116","R-17-W324-060D-0002-0008","PATTY, CYNTHIA & KALEN","510 S LYNWOOD TRL  CEDAR PARK, TX 78613","510 S LYNNWOOD TRL, CEDAR PARK, TX  78613","S7595 - Forest Oaks Sec 6, BLOCK D, Lot 2","L526504D"," ","S7595 - Forest Oaks Sec 6","Real","$640,810","$640,810"
"R408117","R-17-W324-060D-0003-0008","CASSARAS, NICHOLAS M & KRISTI M","508 S LYNNWOOD TRL  CEDAR PARK, TX 78613","508 LYNNWOOD TRL S, CEDAR PARK, TX  78613","S7595 - Forest Oaks Sec 6, BLOCK D, Lot 3","L526504D"," ","S7595 - Forest Oaks Sec 6","Real","$515,354","$515,354"
"R408118","R-17-W324-060D-0004-0008","ENRIQUEZ, RONALD P & JUANITA SUZANNE","506 S LYNNWOOD TRL  CEDAR PARK, TX 78613-3229","506 LYNNWOOD TRL S, CEDAR PARK, TX  78613","S7595 - Forest Oaks Sec 6, BLOCK D, Lot 4","L526504D"," ","S7595 - Forest Oaks Sec 6","Real","$478,582","$478,582"
"R408119","R-17-W324-060D-0005-0008","HOMAN, JOHANNA ARLINA","504 S LYNNWOOD TRL  CEDAR PARK, TX 78613","504 LYNNWOOD TRL S, CEDAR PARK, TX  78613","S7595 - Forest Oaks Sec 6, BLOCK D, Lot 5","L526504D"," ","S7595 - Forest Oaks Sec 6","Real","$495,037","$495,037"
"R408120","R-17-W324-060D-0006-0008","RANKIN, VANESSA C & PAUL C","502 S LYNNWOOD TRL  CEDAR PARK, TX 78613","502 S LYNNWOOD TRL, CEDAR PARK, TX  78613","S7595 - Forest Oaks Sec 6, BLOCK D, Lot 6","L526504D"," ","S7595 - Forest Oaks Sec 6","Real","$667,680","$667,680"
"R408121","R-17-W324-060D-0007-0008","SANDOBAL, JOHN & CASSANDRA","500 S LYNNWOOD TRL CEDAR PARK, TX 78613-3229","500 S LYNNWOOD TRL, CEDAR PARK, TX  78613","S7595 - Forest Oaks Sec 6, BLOCK D, Lot 7","L526504D"," ","S7595 - Forest Oaks Sec 6","Real","$501,548","$501,548"
"R408122","R-17-W324-060D-0008-0008","SON, JIN & CHANG PARK","2808 DAMSEL BELLA BLVD THE COLONY, TX 75056-6215","442 LYNNWOOD TRL S, CEDAR PARK, TX  78613","S7595 - Forest Oaks Sec 6, BLOCK D, Lot 8","L526504D"," ","S7595 - Forest Oaks Sec 6","Real","$442,125","$442,125"
"R408123","R-17-W324-060D-0009-0008","MCKINNEY, TRAVIS DAVID","440 LYNNWOOD TRL S CEDAR PARK, TX 78613","440 LYNNWOOD TRL S, CEDAR PARK, TX  78613","S7595 - Forest Oaks Sec 6, BLOCK D, Lot 9","L526504D"," ","S7595 - Forest Oaks Sec 6","Real","$433,930","$433,930"
"R408124","R-17-W324-060D-0029-D008","CITY OF CEDAR PARK","450 CYPRESS CREEK  #BLDG 1 CEDAR PARK, TX 78613","514 LYNNWOOD TRL S, CEDAR PARK, TX  78613","S7595 - Forest Oaks Sec 6, BLOCK D, Lot 29-D, ACRES 2.2, (PARKLAND)","L526504D"," ","S7595 - Forest Oaks Sec 6","Real","$660","$660"
"R412179","R-17-W325-501A-0002-0008","FRAME, KEVIN","405 LYNWOOD TRL N CEDAR PARK, TX 78613","405 LYNNWOOD TRL N, CEDAR PARK, TX  78613","S7951 - Forest Oaks Sec 1 Pud Replat, BLOCK A, Lot 2","L531401G"," ","S7951 - Forest Oaks Sec 1 Pud Replat","Real","$386,193","$386,193"
"R412180","R-17-W325-501A-0003-0008","FOREST OAKS OWNERS ASSOC INC","Attn: SPECTRUM ASSOCIATION MGT 17319 SAN PEDRO AVE STE 318 SAN ANTONIO, TX 78232-1443","LYNNWOOD TRL, CEDAR PARK, TX  78613","S7951 - Forest Oaks Sec 1 Pud Replat, BLOCK A, Lot 3, ACRES 0.047, (ALLEY EASEMENT)","L531401G"," ","S7951 - Forest Oaks Sec 1 Pud Replat","Real","$300","$300"
"R412181","R-17-W325-501A-0004-0008","DAVENPORT, JOHN C & ERIN S","1001 PEYTON PL CEDAR PARK, TX 78613-3852","1001 PEYTON PL, CEDAR PARK, TX  78613","S7951 - Forest Oaks Sec 1 Pud Replat, BLOCK A, Lot 4","L531401G"," ","S7951 - Forest Oaks Sec 1 Pud Replat","Real","$411,517","$411,517"
"R412182","R-17-W325-501A-0005-0008","REESE, JOEL L & CHERYLE R","1003 PEYTON PL  CEDAR PARK, TX 78613","1003 PEYTON PL, CEDAR PARK, TX  78613","S7951 - Forest Oaks Sec 1 Pud Replat, BLOCK A, Lot 5","L531401G"," ","S7951 - Forest Oaks Sec 1 Pud Replat","Real","$417,210","$417,210"
"R412183","R-17-W325-501F-0001-0008","THREADGILL, KATHRYN M","1000 PEYTON PL  CEDAR PARK, TX 78613-3851","1000 PEYTON PL, CEDAR PARK, TX  78613","S7951 - Forest Oaks Sec 1 Pud Replat, BLOCK F, Lot 1","L531401G"," ","S7951 - Forest Oaks Sec 1 Pud Replat","Real","$339,381","$339,381"
"R412184","R-17-W325-501F-0002-0008","ZHU, XIAOMING","7877 LAKEWOOD DR  AUSTIN, TX 78750-8169","1002 PEYTON PL, CEDAR PARK, TX  78613","S7951 - Forest Oaks Sec 1 Pud Replat, BLOCK F, Lot 2","L531401G"," ","S7951 - Forest Oaks Sec 1 Pud Replat","Real","$369,864","$369,864"
"R412185","R-17-W325-501F-0041-0008","CHEN, HAIPENG","2212 CAROLINA LN  LEXINGTON, KY 40513-1827","1003 RAWHIDE TRL, CEDAR PARK, TX  78613","S7951 - Forest Oaks Sec 1 Pud Replat, BLOCK F, Lot 41","L531401G"," ","S7951 - Forest Oaks Sec 1 Pud Replat","Real","$362,416","$362,416"
"R412186","R-17-W325-501F-0042-0008","SARACCO, ALEJANDRA JANET & JOSE JIMINEZ","1001 RAWHIDE TRL  CEDAR PARK, TX 78613","1001 RAWHIDE TRL, CEDAR PARK, TX  78613","S7951 - Forest Oaks Sec 1 Pud Replat, BLOCK F, Lot 42","L531401G"," ","S7951 - Forest Oaks Sec 1 Pud Replat","Real","$351,596","$351,596"
"R412187","R-17-W325-501F-0043-0008","FOREST OAKS OWNERS ASSOC INC","Attn: SPECTRUM ASSOCIATION MGT 17319 SAN PEDRO AVE STE 318 SAN ANTONIO, TX 78232-1443","LYNNWOOD TRL, CEDAR PARK, TX  78613","S7951 - Forest Oaks Sec 1 Pud Replat, BLOCK F, Lot 43, ACRES 0.044, (ALLEY EASEMENT)","L531401G"," ","S7951 - Forest Oaks Sec 1 Pud Replat","Real","$300","$300"
"R412188","R-17-W325-501G-0001-0008","AMH 2014-1 BORROWER LLC","ATTN: PROPERTY TAX DEPARTMENT 23975 PARK SORRENTO  #STE 300 CALABASAS, CA 91302-4012","914 PEYTON PL, CEDAR PARK, TX  78613","S7951 - Forest Oaks Sec 1 Pud Replat, BLOCK G, Lot 1","L531401G"," ","S7951 - Forest Oaks Sec 1 Pud Replat","Real","$354,021","$354,021"
"R412189","R-17-W325-501G-0002-0008","ALEXANDER, GEORGE D II & SAMANTHA","912 PEYTON PL  CEDAR PARK, TX 78613","912 PEYTON PL, CEDAR PARK, TX  78613","S7951 - Forest Oaks Sec 1 Pud Replat, BLOCK G, Lot 2","L531401G"," ","S7951 - Forest Oaks Sec 1 Pud Replat","Real","$388,102","$388,102"
"R412190","R-17-W325-501G-0003-0008","VAUGHN, CAREEN RAE","910 PEYTON PL  CEDAR PARK, TX 78613","910 PEYTON PL, CEDAR PARK, TX  78613","S7951 - Forest Oaks Sec 1 Pud Replat, BLOCK G, Lot 3","L531401G"," ","S7951 - Forest Oaks Sec 1 Pud Replat","Real","$354,116","$354,116"
"R412191","R-17-W325-501G-0004-0008","THOMAS, SUSAN D","908 PEYTON PL  CEDAR PARK, TX 78613","908 PEYTON PL, CEDAR PARK, TX  78613","S7951 - Forest Oaks Sec 1 Pud Replat, BLOCK G, Lot 4","L531401G"," ","S7951 - Forest Oaks Sec 1 Pud Replat","Real","$382,170","$382,170"
"R412192","R-17-W325-501G-0005-0008","Unknown","Unknown","905 RAWHIDE TRL, CEDAR PARK, TX  78613","S7951 - Forest Oaks Sec 1 Pud Replat, BLOCK G, Lot 5","L531401G"," ","S7951 - Forest Oaks Sec 1 Pud Replat","Real","$387,453","$387,453"
"R412193","R-17-W325-501G-0006-0008","ALEMAN, DONNA","907 RAWHIDE TRL  CEDAR PARK, TX 78613","907 RAWHIDE TRL, CEDAR PARK, TX  78613","S7951 - Forest Oaks Sec 1 Pud Replat, BLOCK G, Lot 6","L531401G"," ","S7951 - Forest Oaks Sec 1 Pud Replat","Real","$367,914","$367,914"
"R412194","R-17-W325-501G-0007-0008","SHAH, PIYUSH & DONA","33567 MAVERICK LOOP FREMONT, CA 94555-3519","909 RAWHIDE TRL, CEDAR PARK, TX  78613","S7951 - Forest Oaks Sec 1 Pud Replat, BLOCK G, Lot 7","L531401G"," ","S7951 - Forest Oaks Sec 1 Pud Replat","Real","$403,821","$403,821"
"R412195","R-17-W325-501G-0008-0008","HASLAM, MARC & MEAGHAN","911 RAWHIDE TRL CEDAR PARK, TX 78613-3259","911 RAWHIDE TRL, CEDAR PARK, TX  78613","S7951 - Forest Oaks Sec 1 Pud Replat, BLOCK G, Lot 8","L531401G"," ","S7951 - Forest Oaks Sec 1 Pud Replat","Real","$389,465","$389,465"
"R412196","R-17-W325-501H-0001-0008","STEPHENS, ROBERT M","120 BELMONT PL ROCKWELL, NC 28138-6831","917 PEYTON PL, CEDAR PARK, TX  78613","S7951 - Forest Oaks Sec 1 Pud Replat, BLOCK H, Lot 1","L531401G"," ","S7951 - Forest Oaks Sec 1 Pud Replat","Real","$361,917","$361,917"
"R412197","R-17-W325-501H-0002-0008","LIN, JING & FEI REN","915 PEYTON PL  CEDAR PARK, TX 78613","915 PEYTON PL, CEDAR PARK, TX  78613","S7951 - Forest Oaks Sec 1 Pud Replat, BLOCK H, Lot 2","L531401G"," ","S7951 - Forest Oaks Sec 1 Pud Replat","Real","$364,857","$364,857"
"R412198","R-17-W325-501H-0003-0008","OUYANG, XU & ZHENG  ZHANG","913 PEYTON PL  CEDAR PARK, TX 78613","913 PEYTON PL, CEDAR PARK, TX  78613","S7951 - Forest Oaks Sec 1 Pud Replat, BLOCK H, Lot 3","L531401G"," ","S7951 - Forest Oaks Sec 1 Pud Replat","Real","$369,702","$369,702"
"R412199","R-17-W325-501H-0004-0008","XU, SUSAN YUNXIU & ALBERT ZHONGXING YAO","11320 MONET DR  AUSTIN, TX 78726-1459","911 PEYTON PL, CEDAR PARK, TX  78613","S7951 - Forest Oaks Sec 1 Pud Replat, BLOCK H, Lot 4","L531401G"," ","S7951 - Forest Oaks Sec 1 Pud Replat","Real","$382,254","$382,254"
"R412200","R-17-W325-501H-0005-0008","WEST, SPENCER A & KIMBERLY J","909 PEYTON PL  CEDAR PARK, TX 78613","909 PEYTON PL, CEDAR PARK, TX  78613","S7951 - Forest Oaks Sec 1 Pud Replat, BLOCK H, Lot 5","L531401G"," ","S7951 - Forest Oaks Sec 1 Pud Replat","Real","$369,686","$369,686"
"R412201","R-17-W325-501H-0006-0008","KBE PROPERTY LLC","ATTN: MANAGER 1703 BOWER DRIVE ROUND ROCK, TX 78613","907 PEYTON PL, CEDAR PARK, TX  78613","S7951 - Forest Oaks Sec 1 Pud Replat, BLOCK H, Lot 6","L531401G"," ","S7951 - Forest Oaks Sec 1 Pud Replat","Real","$356,186","$356,186"
"R412202","R-17-W325-501H-0007-0008","MOULTRIE JOHN & CHRISTINA DESHERA","905 PEYTON PL  CEDAR PARK, TX 78613","905 PEYTON PL, CEDAR PARK, TX  78613","S7951 - Forest Oaks Sec 1 Pud Replat, BLOCK H, Lot 7","L531401G"," ","S7951 - Forest Oaks Sec 1 Pud Replat","Real","$378,294","$378,294"
"R412203","R-17-W325-501H-0008-0008","JAINI, SHIVA RAMA KRISHNA & SUSHMA RAJURI","22772 ALCALDE RD CUPERTINO, CA 95014-3905","903 PEYTON PL, CEDAR PARK, TX  78613","S7951 - Forest Oaks Sec 1 Pud Replat, BLOCK H, Lot 8","L531401G"," ","S7951 - Forest Oaks Sec 1 Pud Replat","Real","$397,279","$397,279"
"R412204","R-17-W325-501H-0009-0008","CAMERON, ANDREA","901 PEYTON PL  CEDAR PARK, TX 78613","901 PEYTON PL, CEDAR PARK, TX  78613","S7951 - Forest Oaks Sec 1 Pud Replat, BLOCK H, Lot 9","L531401G"," ","S7951 - Forest Oaks Sec 1 Pud Replat","Real","$376,582","$376,582"
"R412206","R-17-W325-501H-0011-0008","WEDEKIND, THERESA A & STEPHEN C","900 RAWHIDE TRL  CEDAR PARK, TX 78613-3259","900 RAWHIDE TRL, CEDAR PARK, TX  78613","S7951 - Forest Oaks Sec 1 Pud Replat, BLOCK H, Lot 11","L531401G"," ","S7951 - Forest Oaks Sec 1 Pud Replat","Real","$415,322","$415,322"
"R412207","R-17-W325-501H-0012-0008","SULLIVAN, MICHAEL A","10800 ROY BUTLER DR AUSTIN, TX 78717-3947","902 RAWHIDE TRL, CEDAR PARK, TX  78613","S7951 - Forest Oaks Sec 1 Pud Replat, BLOCK H, Lot 12","L531401G"," ","S7951 - Forest Oaks Sec 1 Pud Replat","Real","$392,799","$392,799"
"R412208","R-17-W325-501H-0013-0008","MWM RAWHIDE LLC","15325 CRUISER ST  #UNIT B CORPUS CHRISTI, TX 78418","904 RAWHIDE TRL, CEDAR PARK, TX  78613","S7951 - Forest Oaks Sec 1 Pud Replat, BLOCK H, Lot 13","L531401G"," ","S7951 - Forest Oaks Sec 1 Pud Replat","Real","$369,939","$369,939"
"R412209","R-17-W325-501H-0014-0008","FOREST OAKS OWNERS ASSOC INC","Attn: SPECTRUM ASSOCIATION MGT 17319 SAN PEDRO AVE STE 318 SAN ANTONIO, TX 78232-1443","RAWHIDE TRL, CEDAR PARK, TX  78613","S7951 - Forest Oaks Sec 1 Pud Replat, BLOCK H, Lot 14, ACRES 0.97, (PIPELINE EASEMENT)","L531401G"," ","S7951 - Forest Oaks Sec 1 Pud Replat","Real","$300","$300"
"R412210","R-17-W325-501H-0015-0008","POLISHOOK, MICHAEL","4802 S CONGRESS AVE APT 118 AUSTIN, TX 78745-2589","819 BOGART RD, CEDAR PARK, TX  78613","S7951 - Forest Oaks Sec 1 Pud Replat, BLOCK H, Lot 15","L531401G"," ","S7951 - Forest Oaks Sec 1 Pud Replat","Real","$385,286","$385,286"
"R412211","R-17-W325-501H-0016-0008","GROFF, IAN H","817 BOGART RD CEDAR PARK, TX 78613-3260","817 BOGART RD, CEDAR PARK, TX  78613","S7951 - Forest Oaks Sec 1 Pud Replat, BLOCK H, Lot 16","L531401G"," ","S7951 - Forest Oaks Sec 1 Pud Replat","Real","$362,307","$362,307"
"R412212","R-17-W325-501H-0017-0008","CHONG, JASON","126 SEBASTIANS RUN  AUSTIN, TX 78738","815 BOGART RD, CEDAR PARK, TX  78613","S7951 - Forest Oaks Sec 1 Pud Replat, BLOCK H, Lot 17","L531401G"," ","S7951 - Forest Oaks Sec 1 Pud Replat","Real","$360,895","$360,895"
"R412213","R-17-W325-501H-0018-0008","GRIFFITH, WILLIAM E & KIMBERLY M","813 BOGART RD CEDAR PARK, TX 78613-3260","813 BOGART RD, CEDAR PARK, TX  78613","S7951 - Forest Oaks Sec 1 Pud Replat, BLOCK H, Lot 18","L531401G"," ","S7951 - Forest Oaks Sec 1 Pud Replat","Real","$405,325","$405,325"
"R412214","R-17-W325-501H-0019-0008","DALTON KYLE & NOLA A","811 BOGART RD CEDAR PARK, TX 78613-3260","811 BOGART RD, CEDAR PARK, TX  78613","S7951 - Forest Oaks Sec 1 Pud Replat, BLOCK H, Lot 19","L531401G"," ","S7951 - Forest Oaks Sec 1 Pud Replat","Real","$367,914","$367,914"
"R412215","R-17-W325-501H-0020-0008","FAN, DONGLEI","9535 KETONA CV  AUSTIN, TX 78759","809 BOGART RD, CEDAR PARK, TX  78613","S7951 - Forest Oaks Sec 1 Pud Replat, BLOCK H, Lot 20","L531401G"," ","S7951 - Forest Oaks Sec 1 Pud Replat","Real","$376,346","$376,346"
"R412216","R-17-W325-501H-0021-0008","RICK ZANE LEVY & JULIE ANN LEVY TRS LEVY FAMILY LIVING TRUST","807 BOGART RD  CEDAR PARK, TX 78613-3260","807 BOGART RD, CEDAR PARK, TX  78613","S7951 - Forest Oaks Sec 1 Pud Replat, BLOCK H, Lot 21","L531401G"," ","S7951 - Forest Oaks Sec 1 Pud Replat","Real","$388,423","$388,423"
"R412217","R-17-W325-501H-0022-0008","CHUDLEIGH, GEOFFREY & SOPHIE","805 BOGART RD CEDAR PARK, TX 78613-3260","805 BOGART RD, CEDAR PARK, TX  78613","S7951 - Forest Oaks Sec 1 Pud Replat, BLOCK H, Lot 22","L531401G"," ","S7951 - Forest Oaks Sec 1 Pud Replat","Real","$377,621","$377,621"
"R412218","R-17-W325-501H-0023-0008","CRAIN, JAMES DARRELL JR & WAI YEE TAM","803 BOGART RD  CEDAR PARK, TX 78613-3260","803 BOGART RD, CEDAR PARK, TX  78613","S7951 - Forest Oaks Sec 1 Pud Replat, BLOCK H, Lot 23","L531401G"," ","S7951 - Forest Oaks Sec 1 Pud Replat","Real","$349,513","$349,513"
"R412219","R-17-W325-501H-0024-0008","HUNLEY, ZACHARY & ALEXANDRA E","801 BOGART RD  CEDAR PARK, TX 78613","801 BOGART RD, CEDAR PARK, TX  78613","S7951 - Forest Oaks Sec 1 Pud Replat, BLOCK H, Lot 24","L531401G"," ","S7951 - Forest Oaks Sec 1 Pud Replat","Real","$348,719","$348,719"
"R412220","R-17-W325-501H-0025-0008","FOREST OAKS OWNERS ASSOC INC","Attn: SPECTRUM ASSOCIATION MGT 17319 SAN PEDRO AVE STE 318 SAN ANTONIO, TX 78232-1443","LOLLIPOP LN, CEDAR PARK, TX  78613","S7951 - Forest Oaks Sec 1 Pud Replat, BLOCK H, Lot 25, ACRES 0.054, (ALLEY EASEMENT)","L531401G"," ","S7951 - Forest Oaks Sec 1 Pud Replat","Real","$300","$300"
"R412221","R-17-W325-501H-0026-0008","FOREST OAKS OWNERS ASSOC INC","Attn: SPECTRUM ASSOCIATION MGT 17319 SAN PEDRO AVE STE 318 SAN ANTONIO, TX 78232-1443","LOLLIPOP LN, CEDAR PARK, TX  78613","S7951 - Forest Oaks Sec 1 Pud Replat, BLOCK H, Lot 26/PT, ACRES 0.718, (ALLEY EASEMENT)","L531401G"," ","S7951 - Forest Oaks Sec 1 Pud Replat","Real","$300","$300"
"R412222","R-17-W325-501H-0027-0008","JONES, ANDREW R","313 LOLLIPOP LN CEDAR PARK, TX 78613-3261","313 LOLLIPOP LN, CEDAR PARK, TX  78613","S7951 - Forest Oaks Sec 1 Pud Replat, BLOCK H, Lot 27","L531401G"," ","S7951 - Forest Oaks Sec 1 Pud Replat","Real","$349,637","$349,637"
"R412223","R-17-W325-501H-0028-0008","JUSTINE, ABIGAIL & NATHAN WILLIAM DAVIS","311 LOLLIPOP LN  CEDAR PARK, TX 78613-3261","311 LOLLIPOP LN, CEDAR PARK, TX  78613","S7951 - Forest Oaks Sec 1 Pud Replat, BLOCK H, Lot 28","L531401G"," ","S7951 - Forest Oaks Sec 1 Pud Replat","Real","$363,430","$363,430"
"R412224","R-17-W325-501H-0029-0008","LUO, TING","309 LOLLIPOP LN  CEDAR PARK, TX 78613-3261","309 LOLLIPOP LN, CEDAR PARK, TX  78613","S7951 - Forest Oaks Sec 1 Pud Replat, BLOCK H, Lot 29","L531401G"," ","S7951 - Forest Oaks Sec 1 Pud Replat","Real","$382,345","$382,345"
"R412225","R-17-W325-501H-0030-0008","ANTHONY, JENNIFER","11820 APPLE BLOSSOM ST SAN ANTONIO, TX 78247-4340","307 LOLLIPOP LN, CEDAR PARK, TX  78613","S7951 - Forest Oaks Sec 1 Pud Replat, BLOCK H, Lot 30","L531401G"," ","S7951 - Forest Oaks Sec 1 Pud Replat","Real","$345,420","$345,420"
"R412226","R-17-W325-501H-0031-0008","EDAM, JUMANA S","305 LOLLIPOP LN  CEDAR PARK, TX 78613-3261","305 LOLLIPOP LN, CEDAR PARK, TX  78613","S7951 - Forest Oaks Sec 1 Pud Replat, BLOCK H, Lot 31","L531401G"," ","S7951 - Forest Oaks Sec 1 Pud Replat","Real","$343,989","$343,989"
"R412227","R-17-W325-501H-0032-0008","ARGUELLES, MONICA","303 LOLLIPOP LN  CEDAR PARK, TX 78613","303 LOLLIPOP LN, CEDAR PARK, TX  78613","S7951 - Forest Oaks Sec 1 Pud Replat, BLOCK H, Lot 32","L531401G"," ","S7951 - Forest Oaks Sec 1 Pud Replat","Real","$388,423","$388,423"
"R412228","R-17-W325-501H-0033-0008","SWIATEK DALE E & PAMELA M TRUSTEES OF SWIATEK FAMILY LIVING TRUST","1913 PLANTATION CV  ROUND ROCK, TX 78681","301 LOLLIPOP LN, CEDAR PARK, TX  78613","S7951 - Forest Oaks Sec 1 Pud Replat, BLOCK H, Lot 33","L531401G"," ","S7951 - Forest Oaks Sec 1 Pud Replat","Real","$369,406","$369,406"
"R412229","R-17-W325-501H-0034-0008","HALL, JULIE A","229 LOLLIPOP LN  CEDAR PARK, TX 78613","229 LOLLIPOP LN, CEDAR PARK, TX  78613","S7951 - Forest Oaks Sec 1 Pud Replat, BLOCK H, Lot 34","L531401G"," ","S7951 - Forest Oaks Sec 1 Pud Replat","Real","$340,394","$340,394"
"R412230","R-17-W325-501H-0035-0008","HOWARD, DAVID P","9934 BRIARWILD LN HOUSTON, TX 77080-7604","227 LOLLIPOP LN, CEDAR PARK, TX  78613","S7951 - Forest Oaks Sec 1 Pud Replat, BLOCK H, Lot 35","L531401G"," ","S7951 - Forest Oaks Sec 1 Pud Replat","Real","$350,895","$350,895"
"R412231","R-17-W325-501H-0036-0008","BARNES, MELISSA D","225 LOLLIPOP LN  CEDAR PARK, TX 78613","225 LOLLIPOP LN, CEDAR PARK, TX  78613","S7951 - Forest Oaks Sec 1 Pud Replat, BLOCK H, Lot 36","L531401G"," ","S7951 - Forest Oaks Sec 1 Pud Replat","Real","$350,766","$350,766"
"R412232","R-17-W325-501H-0037-0008","NINO, ALICIA","223 LOLLIPOP LN  CEDAR PARK, TX 78613","223 LOLLIPOP LN, CEDAR PARK, TX  78613","S7951 - Forest Oaks Sec 1 Pud Replat, BLOCK H, Lot 37","L531401G"," ","S7951 - Forest Oaks Sec 1 Pud Replat","Real","$340,865","$340,865"
"R412233","R-17-W325-501H-0038-0008","GALLOWAY, CARI DENISE","221 LOLLIPOP LN  CEDAR PARK, TX 78613-3262","221 LOLLIPOP LN, CEDAR PARK, TX  78613","S7951 - Forest Oaks Sec 1 Pud Replat, BLOCK H, Lot 38","L531401G"," ","S7951 - Forest Oaks Sec 1 Pud Replat","Real","$313,844","$313,844"
"R412234","R-17-W325-501H-0039-0008","WARRICK, SEAN STEVEN & ELIZABETH SIENG WARICK","219 LOLLIPOP LN  CEDAR PARK, TX 78613-3262","219 LOLLIPOP LN, CEDAR PARK, TX  78613","S7951 - Forest Oaks Sec 1 Pud Replat, BLOCK H, Lot 39","L531401G"," ","S7951 - Forest Oaks Sec 1 Pud Replat","Real","$382,970","$382,970"
"R412235","R-17-W325-501H-0040-0008","CANTU, IVAN","217 LOLLIPOP LN  CEDAR PARK, TX 78613","217 LOLLIPOP LN, CEDAR PARK, TX  78613","S7951 - Forest Oaks Sec 1 Pud Replat, BLOCK H, Lot 40","L531401G"," ","S7951 - Forest Oaks Sec 1 Pud Replat","Real","$379,631","$379,631"
"R412236","R-17-W325-501H-0041-0008","YU, JASMYN TRAN & TIMOTHY HOWIE","2106 BENT BOW DR CEDAR PARK, TX 78613-3568","215 LOLLIPOP LN, CEDAR PARK, TX  78613","S7951 - Forest Oaks Sec 1 Pud Replat, BLOCK H, Lot 41","L531401G"," ","S7951 - Forest Oaks Sec 1 Pud Replat","Real","$365,078","$365,078"
"R412237","R-17-W325-501H-0042-0008","ECHEVERRIA, GUILLERMO & SARINA HELD","213 LOLLIPOP LN  CEDAR PARK, TX 78613","213 LOLLIPOP LN, CEDAR PARK, TX  78613","S7951 - Forest Oaks Sec 1 Pud Replat, BLOCK H, Lot 42","L531401G"," ","S7951 - Forest Oaks Sec 1 Pud Replat","Real","$384,959","$384,959"
"R412238","R-17-W325-501H-0043-0008","MONRAZ, SERGIO A R & AIDE CAMPOS","211 LOLLIPOP LN  CEDAR PARK, TX 78613","211 LOLLIPOP LN, CEDAR PARK, TX  78613","S7951 - Forest Oaks Sec 1 Pud Replat, BLOCK H, Lot 43","L531401G"," ","S7951 - Forest Oaks Sec 1 Pud Replat","Real","$370,394","$370,394"
"R412239","R-17-W325-501H-0044-0008","MARTIGNAGO, JACKIE & GORDON DEAN MERRITT","209 LOLLIPOP LN  CEDAR PARK, TX 78613-3262","209 LOLLIPOP LN, CEDAR PARK, TX  78613","S7951 - Forest Oaks Sec 1 Pud Replat, BLOCK H, Lot 44","L531401G"," ","S7951 - Forest Oaks Sec 1 Pud Replat","Real","$354,866","$354,866"
"R412240","R-17-W325-501H-0045-0008","BRANDEL, BRUCE E & EMILY A","207 LOLLIPOP LN CEDAR PARK, TX 78613-3262","207 LOLLIPOP LN, CEDAR PARK, TX  78613","S7951 - Forest Oaks Sec 1 Pud Replat, BLOCK H, Lot 45","L531401G"," ","S7951 - Forest Oaks Sec 1 Pud Replat","Real","$352,811","$352,811"
"R412241","R-17-W325-501H-0046-0008","SIVARAJ, ELAYARAJ","2870 KAISER DR  #APT 436 SANTA CLARA, CA 95051-7529","205 LOLLIPOP LN, CEDAR PARK, TX  78613","S7951 - Forest Oaks Sec 1 Pud Replat, BLOCK H, Lot 46","L531401G"," ","S7951 - Forest Oaks Sec 1 Pud Replat","Real","$352,931","$352,931"
"R412242","R-17-W325-501H-0047-0008","SMART SOURCE PROPERTIES LLC","1001 CYPRESS CREEK RD  #STE 106 CEDAR PARK, TX 78613-4467","203 LOLLIPOP LN, CEDAR PARK, TX  78613","S7951 - Forest Oaks Sec 1 Pud Replat, BLOCK H, Lot 47","L531401G"," ","S7951 - Forest Oaks Sec 1 Pud Replat","Real","$357,108","$357,108"
"R412243","R-17-W325-501H-0048-0008","CARREON, OSCAR DANIEL & IRENE","201 LOLLIPOP LN CEDAR PARK, TX 78613-3262","201 LOLLIPOP LN, CEDAR PARK, TX  78613","S7951 - Forest Oaks Sec 1 Pud Replat, BLOCK H, Lot 48","L531401G"," ","S7951 - Forest Oaks Sec 1 Pud Replat","Real","$378,151","$378,151"
"R412244","R-17-W325-501H-0049-0008","WILLIAMSON COUNTY","Attn: CONTINENENTAL HOMES OF TEXAS 5419 N LOOP 1604 E SAN ANTONIO, TX 78247-4703","112 LYNNWOOD TRL N, CEDAR PARK, TX  78613","FOREST OAKS SEC 1 PUD REPLAT, BLOCK H, LOT 49, (PRORATA-EX 6/24/04-12/31/04), (DEL05)","L531401G"," ","S7951 - Forest Oaks Sec 1 Pud Replat","Real","$24,500","$24,500"
"R412245","R-17-W325-501H-0050-0008","WILLIAMSON COUNTY","Attn: CONTINENENTAL HOMES OF TEXAS 5419 N LOOP 1604 E SAN ANTONIO, TX 78247-4703","110 LYNNWOOD TRL N, CEDAR PARK, TX  78613","FOREST OAKS SEC 1 PUD REPLAT, BLOCK H, LOT 50, (PRORATA-EX 6/24/04-12/31/04), (DEL05)","L531401G"," ","S7951 - Forest Oaks Sec 1 Pud Replat","Real","$24,500","$24,500"
"R412246","R-17-W325-501H-0051-0008","WILLIAMSON COUNTY","Attn: CONTINENENTAL HOMES OF TEXAS 5419 N LOOP 1604 E SAN ANTONIO, TX 78247-4703","108 LYNNWOOD TRL N, CEDAR PARK, TX  78613","FOREST OAKS SEC 1 PUD REPLAT, BLOCK H, LOT 51, (PRORATA-EX 6/24/04-12/31/04), (DEL05)","L531401G"," ","S7951 - Forest Oaks Sec 1 Pud Replat","Real","$24,500","$24,500"
"R412247","R-17-W325-501H-0052-0008","WILLIAMSON COUNTY","Attn: CONTINENENTAL HOMES OF TEXAS 5419 N LOOP 1604 E SAN ANTONIO, TX 78247-4703","106 LYNNWOOD TRL N, CEDAR PARK, TX  78613","FOREST OAKS SEC 1 PUD REPLAT, BLOCK H, LOT 52, (PRORATA-EX 6/24/04-12/31/04), (DEL05)","L531401G"," ","S7951 - Forest Oaks Sec 1 Pud Replat","Real","$24,500","$24,500"
"R412248","R-17-W325-501H-0053-0008","WILLIAMSON COUNTY","Attn: CONTINENENTAL HOMES OF TEXAS 5419 N LOOP 1604 E SAN ANTONIO, TX 78247-4703","107 LYNNWOOD TRL N, CEDAR PARK, TX  78613","FOREST OAKS SEC 1 PUD REPLAT, BLOCK H, LOT 53, (PRORATA-EX 6/24/04-12/31/04), (DEL05)","L531401G"," ","S7951 - Forest Oaks Sec 1 Pud Replat","Real","$24,500","$24,500"
"R412249","R-17-W325-501H-0054-0008","WILLIAMSON COUNTY","Attn: CONTINENENTAL HOMES OF TEXAS 5419 N LOOP 1604 E SAN ANTONIO, TX 78247-4703","102 LYNNWOOD TRL N, CEDAR PARK, TX  78613","FOREST OAKS SEC 1 PUD REPLAT, BLOCK H, LOT 54, (PRORATE-EX 6/24/04-12/31/04), (DEL05)","L531401G"," ","S7951 - Forest Oaks Sec 1 Pud Replat","Real","$24,500","$24,500"
"R412250","R-17-W325-501H-0055-0008","WILLIAMSON COUNTY","ATTN: WILLIAMSON COUNTY AUDITOR 710 S MAIN ST STE 301 GEORGETOWN, TX 78626-5703","100 LYNNWOOD TRL N, CEDAR PARK, TX  78613","S7951 - Forest Oaks Sec 1 Pud Replat, BLOCK H, Lot 55 (OPEN SPACE), (DEL08)","L531401G"," ","S7951 - Forest Oaks Sec 1 Pud Replat","Real","$300","$300"
"R412251","R-17-W325-501H-0056-0008","FOREST OAKS OWNERS ASSOC INC","Attn: SPECTRUM ASSOCIATION MGT 17319 SAN PEDRO AVE STE 318 SAN ANTONIO, TX 78232-1443","LOLLIPOP LN, CEDAR PARK, TX  78613","S7951 - Forest Oaks Sec 1 Pud Replat, BLOCK H, Lot 56, ACRES 0.017, (OPEN SPACE)","L531401G"," ","S7951 - Forest Oaks Sec 1 Pud Replat","Real","$300","$300"
"R412252","R-17-W325-501H-0057-0008","SEA WIND PROPERTIES LLC","P O BOX 944 LA HABRA, CA 90633-0944","200 LOLLIPOP LN, CEDAR PARK, TX  78613","S7951 - Forest Oaks Sec 1 Pud Replat, BLOCK H, Lot 57","L531401G"," ","S7951 - Forest Oaks Sec 1 Pud Replat","Real","$407,520","$407,520"
"R412253","R-17-W325-501H-0058-0008","CPP 202 L A CUB SERIES OF CITY PARK PROPERTIES LLC","3605 SERENE HILLS DR  AUSTIN, TX 78738-1223","202 LOLLIPOP LN, CEDAR PARK, TX  78613","S7951 - Forest Oaks Sec 1 Pud Replat, BLOCK H, Lot 58","L531401G"," ","S7951 - Forest Oaks Sec 1 Pud Replat","Real","$408,656","$408,656"
"R412254","R-17-W325-501H-0059-0008","MITCHELL, RICHARD C","204 LOLLIPOP LN  CEDAR PARK, TX 78613","204 LOLLIPOP LN, CEDAR PARK, TX  78613","S7951 - Forest Oaks Sec 1 Pud Replat, BLOCK H, Lot 59","L531401G"," ","S7951 - Forest Oaks Sec 1 Pud Replat","Real","$375,423","$375,423"
"R412255","R-17-W325-501H-0060-0008","THOMPSON, CARRIE","206 LOLLIPOP LN  CEDAR PARK, TX 78613","206 LOLLIPOP LN, CEDAR PARK, TX  78613","S7951 - Forest Oaks Sec 1 Pud Replat, BLOCK H, Lot 60","L531401G"," ","S7951 - Forest Oaks Sec 1 Pud Replat","Real","$348,694","$348,694"
"R412256","R-17-W325-501H-0061-0008","NAGEL, TODD & SARAH","208 LOLLIPOP LN  CEDAR PARK, TX 78613","208 LOLLIPOP LN, CEDAR PARK, TX  78613","S7951 - Forest Oaks Sec 1 Pud Replat, BLOCK H, Lot 61","L531401G"," ","S7951 - Forest Oaks Sec 1 Pud Replat","Real","$415,548","$415,548"
"R412257","R-17-W325-501H-0062-0008","CPP 210 L A SUB SERIES OF CITY PARK PROPERTIES LLC","3605 SERENE HILLS DR  AUSTIN, TX 78738-1223","210 LOLLIPOP LN, CEDAR PARK, TX  78613","S7951 - Forest Oaks Sec 1 Pud Replat, BLOCK H, Lot 62","L531401G"," ","S7951 - Forest Oaks Sec 1 Pud Replat","Real","$353,319","$353,319"
"R412258","R-17-W325-501H-0063-0008","FOREST OAKS OWNERS ASSOC INC","Attn: SPECTRUM ASSOCIATION MGT 17319 SAN PEDRO AVE STE 318 SAN ANTONIO, TX 78232-1443","LOLLIPOP LN, CEDAR PARK, TX  78613","S7951 - Forest Oaks Sec 1 Pud Replat, BLOCK H, Lot 63, ACRES 0.38, (ALLEY EASEMENT)","L531401G"," ","S7951 - Forest Oaks Sec 1 Pud Replat","Real","$300","$300"
"R412259","R-17-W325-501H-0064-0008","BHATTACHARJEE, SHIVAJEE","3321 22ND ST APT 3 SAN FRANCISCO, CA 94110-4165","800 TRUMAN LN, CEDAR PARK, TX  78613","S7951 - Forest Oaks Sec 1 Pud Replat, BLOCK H, Lot 64","L531401G"," ","S7951 - Forest Oaks Sec 1 Pud Replat","Real","$365,344","$365,344"
"R412260","R-17-W325-501H-0065-0008","INGRAM, MARIA M","802 TRUMAN LN  CEDAR PARK, TX 78613","802 TRUMAN LN, CEDAR PARK, TX  78613","S7951 - Forest Oaks Sec 1 Pud Replat, BLOCK H, Lot 65","L531401G"," ","S7951 - Forest Oaks Sec 1 Pud Replat","Real","$345,171","$345,171"
"R412261","R-17-W325-501H-0066-0008","GRAHAM, JACK ALEXANDER IV & TAYLOR RENE","804 TRUMAN LN  CEDAR PARK, TX 78613-3263","804 TRUMAN LN, CEDAR PARK, TX  78613","S7951 - Forest Oaks Sec 1 Pud Replat, BLOCK H, Lot 66","L531401G"," ","S7951 - Forest Oaks Sec 1 Pud Replat","Real","$393,381","$393,381"
"R412262","R-17-W325-501H-0067-0008","CROSBY, KIRSTEN","806 TRUMAN LN  CEDAR PARK, TX 78613","806 TRUMAN LN, CEDAR PARK, TX  78613","S7951 - Forest Oaks Sec 1 Pud Replat, BLOCK H, Lot 67","L531401G"," ","S7951 - Forest Oaks Sec 1 Pud Replat","Real","$349,577","$349,577"
"R412263","R-17-W325-501H-0068-0008","COLEMAN, DIANE","808 TRUMAN LN  CEDAR PARK, TX 78613-3263","808 TRUMAN LN, CEDAR PARK, TX  78613","S7951 - Forest Oaks Sec 1 Pud Replat, BLOCK H, Lot 68","L531401G"," ","S7951 - Forest Oaks Sec 1 Pud Replat","Real","$370,179","$370,179"
"R412264","R-17-W325-501H-0069-0008","MIEARS, CAROL P","810 TRUMAN LN CEDAR PARK, TX 78613-3263","810 TRUMAN LN, CEDAR PARK, TX  78613","S7951 - Forest Oaks Sec 1 Pud Replat, BLOCK H, Lot 69","L531401G"," ","S7951 - Forest Oaks Sec 1 Pud Replat","Real","$343,987","$343,987"
"R412265","R-17-W325-501H-0070-0008","ALLISON, AMY ELIZABETH","812 TRUMAN LN  CEDAR PARK, TX 78613","812 TRUMAN LN, CEDAR PARK, TX  78613","S7951 - Forest Oaks Sec 1 Pud Replat, BLOCK H, Lot 70","L531401G"," ","S7951 - Forest Oaks Sec 1 Pud Replat","Real","$370,179","$370,179"
"R412266","R-17-W325-501H-0071-0008","CONRAD, GARY E & ELVA C","208 N LYNNWOOD TRL  CEDAR PARK, TX 78613","208 LYNNWOOD TRL N, CEDAR PARK, TX  78613","S7951 - Forest Oaks Sec 1 Pud Replat, BLOCK H, Lot 71","L531401G"," ","S7951 - Forest Oaks Sec 1 Pud Replat","Real","$361,180","$361,180"
"R412267","R-17-W325-501H-0072-0008","ISRAEL DAVID RAMIREZ TR ISRAEL DAVID RAMIREZ LIVING TRUST","6700 CORPUS CHRISTI DR  AUSTIN, TX 78729-7569","206 LYNNWOOD TRL N, CEDAR PARK, TX  78613","S7951 - Forest Oaks Sec 1 Pud Replat, BLOCK H, Lot 72","L531401G"," ","S7951 - Forest Oaks Sec 1 Pud Replat","Real","$359,792","$359,792"
"R412268","R-17-W325-501H-0073-0008","BORGES, BIANCA","204 N LYNNWOOD TRL  CEDAR PARK, TX 78613-4039","204 LYNNWOOD TRL N, CEDAR PARK, TX  78613","S7951 - Forest Oaks Sec 1 Pud Replat, BLOCK H, Lot 73","L531401G"," ","S7951 - Forest Oaks Sec 1 Pud Replat","Real","$392,917","$392,917"
"R412269","R-17-W325-501H-0074-0008","CRANE, MARCUS","202 N LYNNWOOD TRL  CEDAR PARK, TX 78613","202 LYNNWOOD TRL N, CEDAR PARK, TX  78613","S7951 - Forest Oaks Sec 1 Pud Replat, BLOCK H, Lot 74","L531401G"," ","S7951 - Forest Oaks Sec 1 Pud Replat","Real","$418,506","$418,506"
"R412270","R-17-W325-501I-0001-0008","CRAIG HUENEKE & ROSE HUENEKE TRS CRAIG HUENEKE & ROSE HUENEKE REVOCABLE TRUST","800 BOGART RD  CEDAR PARK, TX 78613-3260","800 BOGART RD, CEDAR PARK, TX  78613","S7951 - Forest Oaks Sec 1 Pud Replat, BLOCK I, Lot 1","L531401G"," ","S7951 - Forest Oaks Sec 1 Pud Replat","Real","$409,300","$409,300"
"R412271","R-17-W325-501I-0002-0008","JESUS MIGUEL GONZALEZ PEREZ & YOHANA MARINA GUDINO PULIDO","802 BOGART RD  CEDAR PARK, TX 78613","802 BOGART RD, CEDAR PARK, TX  78613","S7951 - Forest Oaks Sec 1 Pud Replat, BLOCK I, Lot 2","L531401G"," ","S7951 - Forest Oaks Sec 1 Pud Replat","Real","$393,381","$393,381"
"R412272","R-17-W325-501I-0003-0008","MCWHERTER, MELISSA KAY & CHARLES MACK BLAKELY","804 BOGART RD  CEDAR PARK, TX 78613-3260","804 BOGART RD, CEDAR PARK, TX  78613","S7951 - Forest Oaks Sec 1 Pud Replat, BLOCK I, Lot 3","L531401G"," ","S7951 - Forest Oaks Sec 1 Pud Replat","Real","$389,386","$389,386"
"R412273","R-17-W325-501I-0004-0008","HARMS, APRIL L","806 BOGART RD  CEDAR PARK, TX 78613","806 BOGART RD, CEDAR PARK, TX  78613","S7951 - Forest Oaks Sec 1 Pud Replat, BLOCK I, Lot 4","L531401G"," ","S7951 - Forest Oaks Sec 1 Pud Replat","Real","$349,667","$349,667"
"R412274","R-17-W325-501I-0005-0008","GOMEZ, NESTOR ENRIQUE","808 BOGART RD  CEDAR PARK, TX 78613","808 BOGART RD, CEDAR PARK, TX  78613","S7951 - Forest Oaks Sec 1 Pud Replat, BLOCK I, Lot 5","L531401G"," ","S7951 - Forest Oaks Sec 1 Pud Replat","Real","$342,560","$342,560"
"R412275","R-17-W325-501I-0006-0008","TANG, RAN & JING YANG","1133 ELDER CIR AUSTIN, TX 78733-3424","810 BOGART RD, CEDAR PARK, TX  78613","S7951 - Forest Oaks Sec 1 Pud Replat, BLOCK I, Lot 6","L531401G"," ","S7951 - Forest Oaks Sec 1 Pud Replat","Real","$387,386","$387,386"
"R412276","R-17-W325-501I-0007-0008","NEAL FREDERICKA B TRUST","65 NE 152ND ST MIAMI, FL 33162-4246","812 BOGART RD, CEDAR PARK, TX  78613","S7951 - Forest Oaks Sec 1 Pud Replat, BLOCK I, Lot 7","L531401G"," ","S7951 - Forest Oaks Sec 1 Pud Replat","Real","$364,538","$364,538"
"R412277","R-17-W325-501I-0008-0008","RYAN, PATRICK & BRITANNY","814 BOGART RD  CEDAR PARK, TX 78613-3260","814 BOGART RD, CEDAR PARK, TX  78613","S7951 - Forest Oaks Sec 1 Pud Replat, BLOCK I, Lot 8","L531401G"," ","S7951 - Forest Oaks Sec 1 Pud Replat","Real","$388,100","$388,100"
"R412278","R-17-W325-501I-0009-0008","MATTHEW QUINN MCMAHON & SHELLIE ANN HAYES-MCMAHON OF MCMAHON LIVING TRUST","816 BOGART RD  CEDAR PARK, TX 78613-3260","816 BOGART RD, CEDAR PARK, TX  78613","S7951 - Forest Oaks Sec 1 Pud Replat, BLOCK I, Lot 9","L531401G"," ","S7951 - Forest Oaks Sec 1 Pud Replat","Real","$354,116","$354,116"
"R412279","R-17-W325-501I-0010-0008","CASTRO, GLYNN B & BETH A","914 CASHEW LN CEDAR PARK, TX 78613-3241","815 TRUMAN LN, CEDAR PARK, TX  78613","S7951 - Forest Oaks Sec 1 Pud Replat, BLOCK I, Lot 10","L531401G"," ","S7951 - Forest Oaks Sec 1 Pud Replat","Real","$379,630","$379,630"
"R412280","R-17-W325-501I-0011-0008","GAONKAR, VINAY & PREETI","2620 CARMELLA CT  SAN JOSE, CA 95135-1270","813 TRUMAN LN, CEDAR PARK, TX  78613","S7951 - Forest Oaks Sec 1 Pud Replat, BLOCK I, Lot 11","L531401G"," ","S7951 - Forest Oaks Sec 1 Pud Replat","Real","$415,410","$415,410"
"R412281","R-17-W325-501I-0012-0008","DELA TORRE, JODY","811 TRUMAN LN CEDAR PARK, TX 78613-3263","811 TRUMAN LN, CEDAR PARK, TX  78613","S7951 - Forest Oaks Sec 1 Pud Replat, BLOCK I, Lot 12","L531401G"," ","S7951 - Forest Oaks Sec 1 Pud Replat","Real","$388,423","$388,423"
"R412282","R-17-W325-501I-0013-0008","SULLIVAN, MICHAEL A & ESTHER D","10800 ROY BUTLER DR  AUSTIN, TX 78717","809 TRUMAN LN, CEDAR PARK, TX  78613","S7951 - Forest Oaks Sec 1 Pud Replat, BLOCK I, Lot 13","L531401G"," ","S7951 - Forest Oaks Sec 1 Pud Replat","Real","$391,299","$391,299"
"R412283","R-17-W325-501I-0014-0008","NAIR &HEERA SREEDHARAN PILLAI, SANJU","12101 CAPELLA TRL  AUSTIN, TX 78732","807 TRUMAN LN, CEDAR PARK, TX  78613","S7951 - Forest Oaks Sec 1 Pud Replat, BLOCK I, Lot 14","L531401G"," ","S7951 - Forest Oaks Sec 1 Pud Replat","Real","$370,158","$370,158"
"R412284","R-17-W325-501I-0015-0008","805 TRUMAN LANE PROTECTED SERIES 3","2106 BENT BOW DR CEDAR PARK, TX 78613-3568","805 TRUMAN LN, CEDAR PARK, TX  78613","S7951 - Forest Oaks Sec 1 Pud Replat, BLOCK I, Lot 15","L531401G"," ","S7951 - Forest Oaks Sec 1 Pud Replat","Real","$356,809","$356,809"
"R412285","R-17-W325-501I-0016-0008","DENTINO, ROSALYN DENISE ANDERSON","803 TRUMAN LN  CEDAR PARK, TX 78613","803 TRUMAN LN, CEDAR PARK, TX  78613","S7951 - Forest Oaks Sec 1 Pud Replat, BLOCK I, Lot 16","L531401G"," ","S7951 - Forest Oaks Sec 1 Pud Replat","Real","$351,596","$351,596"
"R412286","R-17-W325-501I-0017-0008","SEE WIND PROPERTIES LLC","PO BOX 944  LA HABRA, CA 90633","801 TRUMAN LN, CEDAR PARK, TX  78613","S7951 - Forest Oaks Sec 1 Pud Replat, BLOCK I, Lot 17","L531401G"," ","S7951 - Forest Oaks Sec 1 Pud Replat","Real","$389,650","$389,650"
"R412287","R-17-W325-501I-0018-0008","FOREST OAKS OWNERS ASSOC INC","Attn: SPECTRUM ASSOCIATION MGT 17319 SAN PEDRO AVE STE 318 SAN ANTONIO, TX 78232-1443","LYNNWOOD TRL, CEDAR PARK, TX  78613","S7951 - Forest Oaks Sec 1 Pud Replat, BLOCK I, Lot 18, ACRES 0.209, (ALLEY EASEMENT)","L531401G"," ","S7951 - Forest Oaks Sec 1 Pud Replat","Real","$300","$300"
"R412288","R-17-W325-501J-0001-0008","RAINA RAJESH & ARCHANA BHAT TRUSTEES  RAINA FAMILY REVOC TRUST","667 SUNRISE DR  FREMONT, CA 94539","900 BOGART RD, CEDAR PARK, TX  78613","S7951 - Forest Oaks Sec 1 Pud Replat, BLOCK J, Lot 1","L531401G"," ","S7951 - Forest Oaks Sec 1 Pud Replat","Real","$370,179","$370,179"
"R412289","R-17-W325-501J-0002-0008","JOHANSON, BEDA JEAN","902 BOGART RD CEDAR PARK, TX 78613-3848","902 BOGART RD, CEDAR PARK, TX  78613","S7951 - Forest Oaks Sec 1 Pud Replat, BLOCK J, Lot 2","L531401G"," ","S7951 - Forest Oaks Sec 1 Pud Replat","Real","$356,340","$356,340"
"R412290","R-17-W325-501J-0021-0008","ERNST, MICHAEL E & ALLISON Y","903 TRUMAN LN  CEDAR PARK, TX 78613","903 TRUMAN LN, CEDAR PARK, TX  78613","S7951 - Forest Oaks Sec 1 Pud Replat, BLOCK J, Lot 21","L531401G"," ","S7951 - Forest Oaks Sec 1 Pud Replat","Real","$370,179","$370,179"
"R412291","R-17-W325-501J-0022-0008","ALEXANDER, JOHN LEWIS III & KARA ELIZABETH MILLER","901 TRUMAN LN  CEDAR PARK, TX 78613-3847","901 TRUMAN LN, CEDAR PARK, TX  78613","S7951 - Forest Oaks Sec 1 Pud Replat, BLOCK J, Lot 22","L531401G"," ","S7951 - Forest Oaks Sec 1 Pud Replat","Real","$385,319","$385,319"
"R412292","R-17-W325-501J-0023-0008","FOREST OAKS OWNERS ASSOC INC","Attn: SPECTRUM ASSOCIATION MGT 17319 SAN PEDRO AVE STE 318 SAN ANTONIO, TX 78232-1443","LYNNWOOD TRL, CEDAR PARK, TX  78613","S7951 - Forest Oaks Sec 1 Pud Replat, BLOCK J, Lot 23, ACRES 0.045, (ALLEY EASEMENT)","L531401G"," ","S7951 - Forest Oaks Sec 1 Pud Replat","Real","$300","$300"
"R412293","R-17-W325-501K-0001-0008","JAMES, DAVID ALAN JR & JAMES MICHAEL WATSON & JENNIFER SUSAN JOHNSON & PATRICK J","302 W DEXTER DR COLLEGE STATION, TX 77840-2921","217 LYNNWOOD TRL N, CEDAR PARK, TX  78613","S7951 - Forest Oaks Sec 1 Pud Replat, BLOCK K, Lot 1","L531401G"," ","S7951 - Forest Oaks Sec 1 Pud Replat","Real","$364,538","$364,538"
"R412294","R-17-W325-501K-0002-0008","EZEJI, NGOZI VICTORIA","215 N LYNNWOOD TRL  CEDAR PARK, TX 78613","215 LYNNWOOD TRL N, CEDAR PARK, TX  78613","S7951 - Forest Oaks Sec 1 Pud Replat, BLOCK K, Lot 2","L531401G"," ","S7951 - Forest Oaks Sec 1 Pud Replat","Real","$399,170","$399,170"
"R412295","R-17-W325-501K-0003-0008","PAEGLE, KARI ANN & CHRISTOPHER","213 LYNNWOOD TRL N CEDAR PARK, TX 78613","213 LYNNWOOD TRL N, CEDAR PARK, TX  78613","S7951 - Forest Oaks Sec 1 Pud Replat, BLOCK K, Lot 3","L531401G"," ","S7951 - Forest Oaks Sec 1 Pud Replat","Real","$394,807","$394,807"
"R412296","R-17-W325-501K-0004-0008","MCCONAGHY, JOHN & KATHARINA","211 N LYNNWOOD TRL  CEDAR PARK, TX 78613-4039","211 LYNNWOOD TRL N, CEDAR PARK, TX  78613","S7951 - Forest Oaks Sec 1 Pud Replat, BLOCK K, Lot 4","L531401G"," ","S7951 - Forest Oaks Sec 1 Pud Replat","Real","$413,307","$413,307"
"R412297","R-17-W325-501K-0005-0008","AREND, RENEE CHANDLER","209 N LYNNWOOD TRL CEDAR PARK, TX 78613-4039","209 LYNNWOOD TRL N, CEDAR PARK, TX  78613","S7951 - Forest Oaks Sec 1 Pud Replat, BLOCK K, Lot 5","L531401G"," ","S7951 - Forest Oaks Sec 1 Pud Replat","Real","$360,595","$360,595"
"R412298","R-17-W325-501K-0006-0008","JUNELL, CLAY J & SAMANTHA R","207 N LYNNWOOD TRL  CEDAR PARK, TX 78613","207 LYNNWOOD TRL N, CEDAR PARK, TX  78613","S7951 - Forest Oaks Sec 1 Pud Replat, BLOCK K, Lot 6","L531401G"," ","S7951 - Forest Oaks Sec 1 Pud Replat","Real","$347,925","$347,925"
"R412299","R-17-W325-501K-0007-0008","RUGGIERI, SHANNON","205 N LYNNWOOD TRL  CEDAR PARK, TX 78613","205 LYNNWOOD TRL N, CEDAR PARK, TX  78613","S7951 - Forest Oaks Sec 1 Pud Replat, BLOCK K, Lot 7","L531401G"," ","S7951 - Forest Oaks Sec 1 Pud Replat","Real","$409,215","$409,215"
"R412300","R-17-W325-501K-0008-0008","DAGANI, ITAY","203 N LYNNWOOD TRL  CEDAR PARK, TX 78613","203 LYNNWOOD TRL N, CEDAR PARK, TX  78613","S7951 - Forest Oaks Sec 1 Pud Replat, BLOCK K, Lot 8","L531401G"," ","S7951 - Forest Oaks Sec 1 Pud Replat","Real","$413,003","$413,003"
"R412301","R-17-W325-501K-0009-0008","SANDERSON, JOSHUA EVERETT","201 N LYNNWOOD TRL  CEDAR PARK, TX 78613","201 LYNNWOOD TRL N, CEDAR PARK, TX  78613","S7951 - Forest Oaks Sec 1 Pud Replat, BLOCK K, Lot 9","L531401G"," ","S7951 - Forest Oaks Sec 1 Pud Replat","Real","$383,191","$383,191"
"R412302","R-17-W325-501K-0010-0008","FOREST OAKS OWNERS ASSOC INC","Attn: SPECTRUM ASSOCIATION MGT 17319 SAN PEDRO AVE STE 318 SAN ANTONIO, TX 78232-1443","MERTZ LN, CEDAR PARK, TX  78613","S7951 - Forest Oaks Sec 1 Pud Replat, BLOCK K, Lot 10, ACRES 0.222, (ALLEY EASEMENT)","L531401G"," ","S7951 - Forest Oaks Sec 1 Pud Replat","Real","$300","$300"
"R412303","R-17-W325-501M-0001-0008","MWM BOGART LLC","15325 CRUISER ST   B CORPUS CHRISTI, TX 78418","901 BOGART RD, CEDAR PARK, TX  78613","S7951 - Forest Oaks Sec 1 Pud Replat, BLOCK M, Lot 1","L531401G"," ","S7951 - Forest Oaks Sec 1 Pud Replat","Real","$364,748","$364,748"
"R412304","R-17-W325-501M-0002-0008","VU, DUY","903 BOGART RD  CEDAR PARK, TX 78613-3849","903 BOGART RD, CEDAR PARK, TX  78613","S7951 - Forest Oaks Sec 1 Pud Replat, BLOCK M, Lot 2","L531401G"," ","S7951 - Forest Oaks Sec 1 Pud Replat","Real","$372,548","$372,548"
"R412305","R-17-W325-501M-0012-0008","FOREST OAKS OWNERS ASSOC INC","Attn: SPECTRUM ASSOCIATION MGT 17319 SAN PEDRO AVE STE 318 SAN ANTONIO, TX 78232-1443","LYNNWOOD TRL, CEDAR PARK, TX  78613","S7951 - Forest Oaks Sec 1 Pud Replat, BLOCK M, Lot 12, ACRES 0.121, (PIPELINE EASEMENT)","L531401G"," ","S7951 - Forest Oaks Sec 1 Pud Replat","Real","$300","$300"
"R412306","R-17-W325-501N-0001-0008","FOREST OAKS OWNERS ASSOC INC","Attn: SPECTRUM ASSOCIATION MGT 17319 SAN PEDRO AVE STE 318 SAN ANTONIO, TX 78232-1443","100 LYNNWOOD TRL N, CEDAR PARK, TX  78613","S7951 - Forest Oaks Sec 1 Pud Replat, BLOCK N, Lot 1/PT, ACRES 0.059, (LANDSCAPE)","L531401G"," ","S7951 - Forest Oaks Sec 1 Pud Replat","Real","$300","$300"
"R412307","R-17-W325-502A-0001-0008","FOREST OAKS OWNERS ASSOC INC","Attn: SPECTRUM ASSOCIATION MGT 17319 SAN PEDRO AVE STE 318 SAN ANTONIO, TX 78232-1443","1101 PEYTON PL, CEDAR PARK, TX  78613","S8211 - Forest Oaks Sec 2 Pud (amended), BLOCK A, Lot 1, ACRES 3.836, (DETENTION POND)","L531401G"," ","S8211 - Forest Oaks Sec 2 Pud (amended)","Real","$1,151","$1,151"
"R412308","R-17-W325-502A-0003-0008","FOREST OAKS OWNERS ASSOC INC","Attn: SPECTRUM ASSOCIATION MGT 17319 SAN PEDRO AVE STE 318 SAN ANTONIO, TX 78232-1443","1025 PEYTON PL, CEDAR PARK, TX  78613","S8211 - Forest Oaks Sec 2 Pud (amended), BLOCK A, Lot 3, ACRES 0.258, (ALLEY EASEMENT)","L531401G"," ","S8211 - Forest Oaks Sec 2 Pud (amended)","Real","$300","$300"
"R412309","R-17-W325-502A-0006-0008","GIANGROSSO, MELISSA LEE & MATTHEW LOGAN MORRELL","419 NORTHFIELD RD MANHATTAN, KS 66502-8451","1005 PEYTON PL, CEDAR PARK, TX  78613","S8211 - Forest Oaks Sec 2 Pud (amended), BLOCK A, Lot 6","L531401G"," ","S8211 - Forest Oaks Sec 2 Pud (amended)","Real","$353,384","$353,384"
"R412310","R-17-W325-502A-0007-0008","CANNON, MATTHEW (TOD)","1007 PEYTON PL  CEDAR PARK, TX 78613","1007 PEYTON PL, CEDAR PARK, TX  78613","S8211 - Forest Oaks Sec 2 Pud (amended), BLOCK A, Lot 7","L531401G"," ","S8211 - Forest Oaks Sec 2 Pud (amended)","Real","$409,487","$409,487"
"R412311","R-17-W325-502A-0008-0008","LUO, WEI (TOD)","10505 ROY BUTLER DR  AUSTIN, TX 78717-3905","1009 PEYTON PL, CEDAR PARK, TX  78613","S8211 - Forest Oaks Sec 2 Pud (amended), BLOCK A, Lot 8","L531401G"," ","S8211 - Forest Oaks Sec 2 Pud (amended)","Real","$367,352","$367,352"
"R412312","R-17-W325-502A-0009-0008","MURPHY, MICHAEL C","1011 PEYTON PL CEDAR PARK, TX 78613-3852","1011 PEYTON PL, CEDAR PARK, TX  78613","S8211 - Forest Oaks Sec 2 Pud (amended), BLOCK A, Lot 9","L531401G"," ","S8211 - Forest Oaks Sec 2 Pud (amended)","Real","$395,735","$395,735"
"R412313","R-17-W325-502A-0010-0008","HARISH RAMAKRISHNAN & APARNA SRINIVASAN TRS HARISH & APARNA REVOCABLE TRUST","966 WALLACE DR  SAN JOSE, CA 95120-1848","1013 PEYTON PL, CEDAR PARK, TX  78613","S8211 - Forest Oaks Sec 2 Pud (amended), BLOCK A, Lot 10","L531401G"," ","S8211 - Forest Oaks Sec 2 Pud (amended)","Real","$372,666","$372,666"
"R412314","R-17-W325-502A-0011-0008","BURT, DANIEL","701 N VISTA RIDGE BLVD APT 22309 CEDAR PARK, TX 78613-0036","1015 PEYTON PL, CEDAR PARK, TX  78613","S8211 - Forest Oaks Sec 2 Pud (amended), BLOCK A, Lot 11","L531401G"," ","S8211 - Forest Oaks Sec 2 Pud (amended)","Real","$414,597","$414,597"
"R412315","R-17-W325-502A-0012-0008","AL-OBAIDY, LAITH & THARWA A SUMAIDAEE","1017 PEYTON PL  CEDAR PARK, TX 78613","1017 PEYTON PL, CEDAR PARK, TX  78613","S8211 - Forest Oaks Sec 2 Pud (amended), BLOCK A, Lot 12","L531401G"," ","S8211 - Forest Oaks Sec 2 Pud (amended)","Real","$365,253","$365,253"
"R412316","R-17-W325-502A-0013-0008","OWENS, JOSEPH CHARLES & CHERYL ELIZABETH OWENS","1019 PEYTON PLACE  CEDAR PARK, TX 78613","1019 PEYTON PL, CEDAR PARK, TX  78613","S8211 - Forest Oaks Sec 2 Pud (amended), BLOCK A, Lot 13","L531401G"," ","S8211 - Forest Oaks Sec 2 Pud (amended)","Real","$367,845","$367,845"
"R412317","R-17-W325-502A-0014-0008","ROLLINS, RACHEL A & MIKE S","1021 PEYTON PL  CEDAR PARK, TX 78613","1021 PEYTON PL, CEDAR PARK, TX  78613","S8211 - Forest Oaks Sec 2 Pud (amended), BLOCK A, Lot 14","L531401G"," ","S8211 - Forest Oaks Sec 2 Pud (amended)","Real","$369,014","$369,014"
"R412318","R-17-W325-502A-0015-0008","WARLAND, SARAH N","1023 PEYTON PL  CEDAR PARK, TX 78613","1023 PEYTON PL, CEDAR PARK, TX  78613","S8211 - Forest Oaks Sec 2 Pud (amended), BLOCK A, Lot 15","L531401G"," ","S8211 - Forest Oaks Sec 2 Pud (amended)","Real","$401,118","$401,118"
"R412319","R-17-W325-502A-0016-0008","FOREST OAKS OWNERS ASSOC INC","Attn: SPECTRUM ASSOCIATION MGT 17319 SAN PEDRO AVE STE 318 SAN ANTONIO, TX 78232-1443","SPANISH OAK ESTATES DR, CEDAR PARK, TX  78613","S8211 - Forest Oaks Sec 2 Pud (amended), BLOCK A, Lot 16, ACRES 0.057, (LIFT STATION)","L531401G"," ","S8211 - Forest Oaks Sec 2 Pud (amended)","Real","$300","$300"
"R412320","R-17-W325-502A-0017-0008","BELLIVEAU, GREGOIRE & DIANE","8023 WATERBEND TRL SARASOTA, FL 34240-1221","1105 PEYTON PL, CEDAR PARK, TX  78613","S8211 - Forest Oaks Sec 2 Pud (amended), BLOCK A, Lot 17","L531401G"," ","S8211 - Forest Oaks Sec 2 Pud (amended)","Real","$393,730","$393,730"
"R412321","R-17-W325-502A-0018-0008","MCCARTHY, JEREMIAH & KIMBERLY","1107 PEYTON PL  CEDAR PARK, TX 78613","1107 PEYTON PL, CEDAR PARK, TX  78613","S8211 - Forest Oaks Sec 2 Pud (amended), BLOCK A, Lot 18","L531401G"," ","S8211 - Forest Oaks Sec 2 Pud (amended)","Real","$393,668","$393,668"
"R412322","R-17-W325-502A-0019-0008","OCTAVIO, RICARDO & LINDA LEA","1109 PEYTON PL  CEDAR PARK, TX 78613","1109 PEYTON PL, CEDAR PARK, TX  78613","S8211 - Forest Oaks Sec 2 Pud (amended), BLOCK A, Lot 19","L531401G"," ","S8211 - Forest Oaks Sec 2 Pud (amended)","Real","$407,326","$407,326"
"R412323","R-17-W325-502A-0025-0008","FOREST OAKS OWNERS ASSOC INC","Attn: SPECTRUM ASSOCIATION MGT 17319 SAN PEDRO AVE STE 318 SAN ANTONIO, TX 78232-1443","PEYTON PL, CEDAR PARK, TX  78613","S8211 - Forest Oaks Sec 2 Pud (amended), BLOCK A, Lot 25, ACRES 0.126, (ALLEY EASEMENT)","L531401G"," ","S8211 - Forest Oaks Sec 2 Pud (amended)","Real","$300","$300"
"R412324","R-17-W325-502B-0039-0008","FOREST OAKS OWNERS ASSOC INC","Attn: SPECTRUM ASSOCIATION MGT 17319 SAN PEDRO AVE STE 318 SAN ANTONIO, TX 78232-1443","RAWHIDE TRL, CEDAR PARK, TX  78613","S8211 - Forest Oaks Sec 2 Pud (amended), BLOCK B, Lot 39, ACRES 0.68, (PIPELINE EASEMENT)","L531401G"," ","S8211 - Forest Oaks Sec 2 Pud (amended)","Real","$300","$300"
"R412325","R-17-W325-502B-0040-0008","CAPUTO, MICHAEL & CHRISSY","1009 COUNTY ROAD 180  LEANDER, TX 78641","1204 CARDIGAN ST, CEDAR PARK, TX  78613","S8211 - Forest Oaks Sec 2 Pud (amended), BLOCK B, Lot 40","L531401G"," ","S8211 - Forest Oaks Sec 2 Pud (amended)","Real","$389,999","$389,999"
"R412326","R-17-W325-502B-0041-0008","HUANG, CHENYUAN DAVIS & DANNIE LIANG","3256 LUBBOCK PL  FREMONT, CA 94536","1202 CARDIGAN ST, CEDAR PARK, TX  78613","S8211 - Forest Oaks Sec 2 Pud (amended), BLOCK B, Lot 41","L531401G"," ","S8211 - Forest Oaks Sec 2 Pud (amended)","Real","$376,326","$376,326"
"R412327","R-17-W325-502B-0042-0008","ISRAEL DAVID RAMIREZ TR ISRAEL DAVID RAMIREZ LIVING TRUST","6700 CORPUS CHRISTI DR  AUSTIN, TX 78729-7569","1200 CARDIGAN ST, CEDAR PARK, TX  78613","S8211 - Forest Oaks Sec 2 Pud (amended), BLOCK B, Lot 42","L531401G"," ","S8211 - Forest Oaks Sec 2 Pud (amended)","Real","$349,214","$349,214"
"R412328","R-17-W325-502B-0043-0008","SEAMAN, ANN TRUSTEE OF ANN SEAMAN TRUST","316 E 7TH ST GEORGETOWN, TX 78626-5738","1106 RAWHIDE TRL, CEDAR PARK, TX  78613","S8211 - Forest Oaks Sec 2 Pud (amended), BLOCK B, Lot 43","L531401G"," ","S8211 - Forest Oaks Sec 2 Pud (amended)","Real","$354,306","$354,306"
"R412329","R-17-W325-502B-0044-0008","FOREST OAKS OWNERS ASSOC INC","Attn: SPECTRUM ASSOCIATION MGT 17319 SAN PEDRO AVE STE 318 SAN ANTONIO, TX 78232-1443","104 CROCKETT RD, CEDAR PARK, TX  78613","S8211 - Forest Oaks Sec 2 Pud (amended), BLOCK B, Lot 44, ACRES 0.378, (ALLEY EASEMENT)","L531401G"," ","S8211 - Forest Oaks Sec 2 Pud (amended)","Real","$300","$300"
"R412330","R-17-W325-502B-0045-0008","CANNON, MEZAN FRANCES & JARED MICHAEL","212 CROCKETT RD  CEDAR PARK, TX 78613","212 CROCKETT RD, CEDAR PARK, TX  78613","S8211 - Forest Oaks Sec 2 Pud (amended), BLOCK B, Lot 45","L531401G"," ","S8211 - Forest Oaks Sec 2 Pud (amended)","Real","$356,493","$356,493"
"R412331","R-17-W325-502B-0046-0008","KING, JANICE & DARREL","210 CROCKETT RD  CEDAR PARK, TX 78613","210 CROCKETT RD, CEDAR PARK, TX  78613","S8211 - Forest Oaks Sec 2 Pud (amended), BLOCK B, Lot 46","L531401G"," ","S8211 - Forest Oaks Sec 2 Pud (amended)","Real","$394,807","$394,807"
"R412332","R-17-W325-502B-0047-0008","LIVELY, BOBBIE JILL & ROBERT SAMUEL YOUNG II","208 CROCKETT RD  CEDAR PARK, TX 78613-3869","208 CROCKETT RD, CEDAR PARK, TX  78613","S8211 - Forest Oaks Sec 2 Pud (amended), BLOCK B, Lot 47","L531401G"," ","S8211 - Forest Oaks Sec 2 Pud (amended)","Real","$388,423","$388,423"
"R412333","R-17-W325-502B-0048-0008","WE NG LLC","230 SILVERWOOD CIR SOUTHLAKE, TX 76092-8555","206 CROCKETT RD, CEDAR PARK, TX  78613","S8211 - Forest Oaks Sec 2 Pud (amended), BLOCK B, Lot 48","L531401G"," ","S8211 - Forest Oaks Sec 2 Pud (amended)","Real","$392,577","$392,577"
"R412334","R-17-W325-502B-0049-0008","MITCHELL, MICHAEL JOSEPH & VICKY LYNN","204 CROCKETT RD  CEDAR PARK, TX 78613-3869","204 CROCKETT RD, CEDAR PARK, TX  78613","S8211 - Forest Oaks Sec 2 Pud (amended), BLOCK B, Lot 49","L531401G"," ","S8211 - Forest Oaks Sec 2 Pud (amended)","Real","$353,554","$353,554"
"R412335","R-17-W325-502B-0050-0008","VIEIRA, DAVID E (TOD) & EVIE M (TOD)","2709 WOLKIN CV  ROUND ROCK, TX 78681-2238","202 CROCKETT RD, CEDAR PARK, TX  78613","S8211 - Forest Oaks Sec 2 Pud (amended), BLOCK B, Lot 50","L531401G"," ","S8211 - Forest Oaks Sec 2 Pud (amended)","Real","$372,123","$372,123"
"R412336","R-17-W325-502B-0051-0008","CHADHA, VISHAL & RIDHI KANWAR","616 CHEYENNE LN  CEDAR PARK, TX 78613","200 CROCKETT RD, CEDAR PARK, TX  78613","S8211 - Forest Oaks Sec 2 Pud (amended), BLOCK B, Lot 51","L531401G"," ","S8211 - Forest Oaks Sec 2 Pud (amended)","Real","$355,409","$355,409"
"R412337","R-17-W325-502B-0052-0008","LATTIN, NANCY A (LE)","110 CROCKETT RD  CEDAR PARK, TX 78613-3871","110 CROCKETT RD, CEDAR PARK, TX  78613","S8211 - Forest Oaks Sec 2 Pud (amended), BLOCK B, Lot 52","L531401G"," ","S8211 - Forest Oaks Sec 2 Pud (amended)","Real","$394,363","$394,363"
"R412338","R-17-W325-502B-0053-0008","TEPPER, EUGENIA","108 CROCKETT RD  CEDAR PARK, TX 78613-3871","108 CROCKETT RD, CEDAR PARK, TX  78613","S8211 - Forest Oaks Sec 2 Pud (amended), BLOCK B, Lot 53","L531401G"," ","S8211 - Forest Oaks Sec 2 Pud (amended)","Real","$364,860","$364,860"
"R412339","R-17-W325-502B-0054-0008","CASTRO, GLYNN B & BETH A","914 CASHEW LN CEDAR PARK, TX 78613-3241","106 CROCKETT RD, CEDAR PARK, TX  78613","S8211 - Forest Oaks Sec 2 Pud (amended), BLOCK B, Lot 54","L531401G"," ","S8211 - Forest Oaks Sec 2 Pud (amended)","Real","$340,659","$340,659"
"R412340","R-17-W325-502B-0055-0008","VILORIO, MARIA DEL MAR","102 CROCKETT RD  CEDAR PARK, TX 78613","102 CROCKETT RD, CEDAR PARK, TX  78613","S8211 - Forest Oaks Sec 2 Pud (amended), BLOCK B, Lot 55","L531401G"," ","S8211 - Forest Oaks Sec 2 Pud (amended)","Real","$390,731","$390,731"
"R412341","R-17-W325-502B-0056-0008","CHENG, KAI-WEN & HUNGYU WANG","100 CROCKETT RD  CEDAR PARK, TX 78613-3871","100 CROCKETT RD, CEDAR PARK, TX  78613","S8211 - Forest Oaks Sec 2 Pud (amended), BLOCK B, Lot 56","L531401G"," ","S8211 - Forest Oaks Sec 2 Pud (amended)","Real","$384,056","$384,056"
"R412342","R-17-W325-502E-0001-0008","FOWLER, ILENE","1201 CARDIGAN ST  CEDAR PARK, TX 78613","1201 CARDIGAN ST, CEDAR PARK, TX  78613","S8211 - Forest Oaks Sec 2 Pud (amended), BLOCK E, Lot 1","L531401G"," ","S8211 - Forest Oaks Sec 2 Pud (amended)","Real","$347,853","$347,853"
"R412343","R-17-W325-502E-0002-0008","BLEMINGS, AMANDA","1203 CARDIGAN ST  CEDAR PARK, TX 78613-3920","1203 CARDIGAN ST, CEDAR PARK, TX  78613","S8211 - Forest Oaks Sec 2 Pud (amended), BLOCK E, Lot 2","L531401G"," ","S8211 - Forest Oaks Sec 2 Pud (amended)","Real","$398,545","$398,545"
"R412344","R-17-W325-502E-0026-0008","RAWHIDE KEY SERIES","604 S GADWALL LN  CEDAR PARK, TX 78613","1120 RAWHIDE TRL, CEDAR PARK, TX  78613","S8211 - Forest Oaks Sec 2 Pud (amended), BLOCK E, Lot 26","L531401G"," ","S8211 - Forest Oaks Sec 2 Pud (amended)","Real","$372,512","$372,512"
"R412345","R-17-W325-502E-0027-0008","FOREST OAKS OWNERS ASSOC INC","Attn: SPECTRUM ASSOCIATION MGT 17319 SAN PEDRO AVE STE 318 SAN ANTONIO, TX 78232-1443","RAWHIDE TRL, CEDAR PARK, TX  78613","S8211 - Forest Oaks Sec 2 Pud (amended), BLOCK E, Lot 27, ACRES 0.049, (ALLEY EASEMENT)","L531401G"," ","S8211 - Forest Oaks Sec 2 Pud (amended)","Real","$300","$300"
"R412346","R-17-W325-502F-0003-0008","CHRISTIE, ERIN E & KHANSOUKHY LUANGRATH","1004 PEYTON PL  CEDAR PARK, TX 78613","1004 PEYTON PL, CEDAR PARK, TX  78613","S8211 - Forest Oaks Sec 2 Pud (amended), BLOCK F, Lot 3","L531401G"," ","S8211 - Forest Oaks Sec 2 Pud (amended)","Real","$378,437","$378,437"
"R412347","R-17-W325-502F-0004-0008","NGUYEN, CECILE","1006 PEYTON PL  CEDAR PARK, TX 78613-3851","1006 PEYTON PL, CEDAR PARK, TX  78613","S8211 - Forest Oaks Sec 2 Pud (amended), BLOCK F, Lot 4","L531401G"," ","S8211 - Forest Oaks Sec 2 Pud (amended)","Real","$345,267","$345,267"
"R412348","R-17-W325-502F-0005-0008","SANTOS-AVITIA, SANDRA & VANESSA","1008 PEYTON PL  CEDAR PARK, TX 78613","1008 PEYTON PL, CEDAR PARK, TX  78613","S8211 - Forest Oaks Sec 2 Pud (amended), BLOCK F, Lot 5","L531401G"," ","S8211 - Forest Oaks Sec 2 Pud (amended)","Real","$352,787","$352,787"
"R412349","R-17-W325-502F-0006-0008","ISRAEL DAVID RAMIREZ TR ISRAEL DAVID RAMIREZ TRUST","6700 CORPUS CHRISTI DR  AUSTIN, TX 78729-7569","1010 PEYTON PL, CEDAR PARK, TX  78613","S8211 - Forest Oaks Sec 2 Pud (amended), BLOCK F, Lot 6","L531401G"," ","S8211 - Forest Oaks Sec 2 Pud (amended)","Real","$386,667","$386,667"
"R412350","R-17-W325-502F-0007-0008","CONNER, JACQUELINE","1012 PEYTON PL  CEDAR PARK, TX 78613-3851","1012 PEYTON PL, CEDAR PARK, TX  78613","S8211 - Forest Oaks Sec 2 Pud (amended), BLOCK F, Lot 7","L531401G"," ","S8211 - Forest Oaks Sec 2 Pud (amended)","Real","$380,785","$380,785"
"R412351","R-17-W325-502F-0008-0008","KANG, JIAN & CHENG CHI YU","2516 CHAROLAIS CT  ROUND ROCK, TX 78681-2385","1014 PEYTON PL, CEDAR PARK, TX  78613","S8211 - Forest Oaks Sec 2 Pud (amended), BLOCK F, Lot 8","L531401G"," ","S8211 - Forest Oaks Sec 2 Pud (amended)","Real","$347,548","$347,548"
"R412352","R-17-W325-502F-0009-0008","IRROBALI, JESSICA","1016 PEYTON PL  CEDAR PARK, TX 78613","1016 PEYTON PL, CEDAR PARK, TX  78613","S8211 - Forest Oaks Sec 2 Pud (amended), BLOCK F, Lot 9","L531401G"," ","S8211 - Forest Oaks Sec 2 Pud (amended)","Real","$396,014","$396,014"
"R412353","R-17-W325-502F-0010-0008","GAITONDE, ANAND","1018 PEYTON PL  CEDAR PARK, TX 78613","1018 PEYTON PL, CEDAR PARK, TX  78613","S8211 - Forest Oaks Sec 2 Pud (amended), BLOCK F, Lot 10","L531401G"," ","S8211 - Forest Oaks Sec 2 Pud (amended)","Real","$400,352","$400,352"
"R412354","R-17-W325-502F-0011-0008","PURCELL, CHRISTOPHER MARK","1020 PEYTON PL  CEDAR PARK, TX 78613","1020 PEYTON PL, CEDAR PARK, TX  78613","S8211 - Forest Oaks Sec 2 Pud (amended), BLOCK F, Lot 11","L531401G"," ","S8211 - Forest Oaks Sec 2 Pud (amended)","Real","$393,310","$393,310"
"R412355","R-17-W325-502F-0012-0008","ORR, MARTHA L (TOD)","1022 PEYTON PL  CEDAR PARK, TX 78613-3851","1022 PEYTON PL, CEDAR PARK, TX  78613","S8211 - Forest Oaks Sec 2 Pud (amended), BLOCK F, Lot 12","L531401G"," ","S8211 - Forest Oaks Sec 2 Pud (amended)","Real","$359,249","$359,249"
"R412356","R-17-W325-502F-0013-0008","WE NG LLC","230 SILVERWOOD CIR SOUTHLAKE, TX 76092-8555","1024 PEYTON PL, CEDAR PARK, TX  78613","S8211 - Forest Oaks Sec 2 Pud (amended), BLOCK F, Lot 13","L531401G"," ","S8211 - Forest Oaks Sec 2 Pud (amended)","Real","$392,028","$392,028"
"R412357","R-17-W325-502F-0014-0008","UNKULE, SWAPNEELA","1026 PEYTON PL  CEDAR PARK, TX 78613","1026 PEYTON PL, CEDAR PARK, TX  78613","S8211 - Forest Oaks Sec 2 Pud (amended), BLOCK F, Lot 14","L531401G"," ","S8211 - Forest Oaks Sec 2 Pud (amended)","Real","$415,029","$415,029"
"R412358","R-17-W325-502F-0015-0008","REDIKER, BRET C","1028 PEYTON PL CEDAR PARK, TX 78613-3851","1028 PEYTON PL, CEDAR PARK, TX  78613","S8211 - Forest Oaks Sec 2 Pud (amended), BLOCK F, Lot 15","L531401G"," ","S8211 - Forest Oaks Sec 2 Pud (amended)","Real","$353,243","$353,243"
"R412359","R-17-W325-502F-0016-0008","WEN, YANGYANG & QI CAI","1513 ACACIA BUD DR AUSTIN, TX 78733-5755","1100 PEYTON PL, CEDAR PARK, TX  78613","S8211 - Forest Oaks Sec 2 Pud (amended), BLOCK F, Lot 16","L531401G"," ","S8211 - Forest Oaks Sec 2 Pud (amended)","Real","$406,258","$406,258"
"R412360","R-17-W325-502F-0017-0008","SHMURYGIN, MIKHAIL & ANNA SHMURYGINA","1102 PEYTON PL  CEDAR PARK, TX 78613-3937","1102 PEYTON PL, CEDAR PARK, TX  78613","S8211 - Forest Oaks Sec 2 Pud (amended), BLOCK F, Lot 17","L531401G"," ","S8211 - Forest Oaks Sec 2 Pud (amended)","Real","$414,559","$414,559"
"R412361","R-17-W325-502F-0018-0008","TOWNES, AILEEN KATHRINE","1104 PEYTON PL CEDAR PARK, TX 78613-3937","1104 PEYTON PL, CEDAR PARK, TX  78613","S8211 - Forest Oaks Sec 2 Pud (amended), BLOCK F, Lot 18","L531401G"," ","S8211 - Forest Oaks Sec 2 Pud (amended)","Real","$354,153","$354,153"
"R412362","R-17-W325-502F-0019-0008","CHUMAK, VITALII & OLENA","1106 PEYTON PL  CEDAR PARK, TX 78613-3937","1106 PEYTON PL, CEDAR PARK, TX  78613","S8211 - Forest Oaks Sec 2 Pud (amended), BLOCK F, Lot 19","L531401G"," ","S8211 - Forest Oaks Sec 2 Pud (amended)","Real","$352,606","$352,606"
"R412363","R-17-W325-502F-0020-0008","STAUTZENBERGER, ANTHONY & HOPE","1108 PEYTON PL  CEDAR PARK, TX 78613","1108 PEYTON PL, CEDAR PARK, TX  78613","S8211 - Forest Oaks Sec 2 Pud (amended), BLOCK F, Lot 20","L531401G"," ","S8211 - Forest Oaks Sec 2 Pud (amended)","Real","$370,906","$370,906"
"R412364","R-17-W325-502F-0021-0008","HERWIG, RICHARD ANDREW & TRACY LEE","1119 RAWHIDE TRL  CEDAR PARK, TX 78613","1119 RAWHIDE TRL, CEDAR PARK, TX  78613","S8211 - Forest Oaks Sec 2 Pud (amended), BLOCK F, Lot 21","L531401G"," ","S8211 - Forest Oaks Sec 2 Pud (amended)","Real","$368,762","$368,762"
"R412365","R-17-W325-502F-0022-0008","MEHTA, SHARMILA (TOD)","5907 TOM WOOTEN DR  AUSTIN, TX 78731-6511","1117 RAWHIDE TRL, CEDAR PARK, TX  78613","S8211 - Forest Oaks Sec 2 Pud (amended), BLOCK F, Lot 22","L531401G"," ","S8211 - Forest Oaks Sec 2 Pud (amended)","Real","$354,268","$354,268"
"R412366","R-17-W325-502F-0023-0008","MARY ROSE GALLUZZO OF JEANNE MARIE GALLUZZO TRUST","1115 RAWHIDE TRL  CEDAR PARK, TX 78613-3962","1115 RAWHIDE TRL, CEDAR PARK, TX  78613","S8211 - Forest Oaks Sec 2 Pud (amended), BLOCK F, Lot 23","L531401G"," ","S8211 - Forest Oaks Sec 2 Pud (amended)","Real","$412,016","$412,016"
"R412367","R-17-W325-502F-0024-0008","SCHWARTZ, DAVID & MEITAL","1113 RAWHIDE TRL  CEDAR PARK, TX 78613","1113 RAWHIDE TRL, CEDAR PARK, TX  78613","S8211 - Forest Oaks Sec 2 Pud (amended), BLOCK F, Lot 24","L531401G"," ","S8211 - Forest Oaks Sec 2 Pud (amended)","Real","$407,326","$407,326"
"R412368","R-17-W325-502F-0025-0008","FOULK, JAMES C","1111 RAWHIDE TRL CEDAR PARK, TX 78613-3962","1111 RAWHIDE TRL, CEDAR PARK, TX  78613","S8211 - Forest Oaks Sec 2 Pud (amended), BLOCK F, Lot 25","L531401G"," ","S8211 - Forest Oaks Sec 2 Pud (amended)","Real","$409,967","$409,967"
"R412369","R-17-W325-502F-0026-0008","RANDALL, MICHELLE MUSIC","1109 RAWHIDE TRL CEDAR PARK, TX 78613-3962","1109 RAWHIDE TRL, CEDAR PARK, TX  78613","S8211 - Forest Oaks Sec 2 Pud (amended), BLOCK F, Lot 26","L531401G"," ","S8211 - Forest Oaks Sec 2 Pud (amended)","Real","$370,179","$370,179"
"R412370","R-17-W325-502F-0027-0008","JONES, CHRISTOPHER A","307 WHITFIELD DR  GENEVA, IL 60134-1669","1107 RAWHIDE TRL, CEDAR PARK, TX  78613","S8211 - Forest Oaks Sec 2 Pud (amended), BLOCK F, Lot 27","L531401G"," ","S8211 - Forest Oaks Sec 2 Pud (amended)","Real","$348,862","$348,862"
"R412371","R-17-W325-502F-0028-0008","TANNER, MARY CLARE","1105 RAWHIDE TRL  CEDAR PARK, TX 78613","1105 RAWHIDE TRL, CEDAR PARK, TX  78613","S8211 - Forest Oaks Sec 2 Pud (amended), BLOCK F, Lot 28","L531401G"," ","S8211 - Forest Oaks Sec 2 Pud (amended)","Real","$407,326","$407,326"
"R412372","R-17-W325-502F-0029-0008","HARRISON, JENNIFER BUTLER & RICHARD ALBERT","1103 RAWHIDE TRL CEDAR PARK, TX 78613-3962","1103 RAWHIDE TRL, CEDAR PARK, TX  78613","S8211 - Forest Oaks Sec 2 Pud (amended), BLOCK F, Lot 29","L531401G"," ","S8211 - Forest Oaks Sec 2 Pud (amended)","Real","$417,915","$417,915"
"R412373","R-17-W325-502F-0030-0008","WHITE, TAYLOR C & HEATHER WEAVER","1101 RAWHIDE TRL  CEDAR PARK, TX 78613","1101 RAWHIDE TRL, CEDAR PARK, TX  78613","S8211 - Forest Oaks Sec 2 Pud (amended), BLOCK F, Lot 30","L531401G"," ","S8211 - Forest Oaks Sec 2 Pud (amended)","Real","$405,729","$405,729"
"R412374","R-17-W325-502F-0031-0008","CRYAR, TAMARA LEE","1023 RAWHIDE TRL  CEDAR PARK, TX 78613-3850","1023 RAWHIDE TRL, CEDAR PARK, TX  78613","S8211 - Forest Oaks Sec 2 Pud (amended), BLOCK F, Lot 31","L531401G"," ","S8211 - Forest Oaks Sec 2 Pud (amended)","Real","$352,852","$352,852"
"R412375","R-17-W325-502F-0032-0008","PRABHU, SRUTHI","875 LA PLAYA ST APT 179 SAN FRANCISCO, CA 94121-3257","1021 RAWHIDE TRL, CEDAR PARK, TX  78613","S8211 - Forest Oaks Sec 2 Pud (amended), BLOCK F, Lot 32","L531401G"," ","S8211 - Forest Oaks Sec 2 Pud (amended)","Real","$364,961","$364,961"
"R412376","R-17-W325-502F-0033-0008","CHAI, BENJAMIN & ANJIE SUN","1464 VIA SANGRO PL WINTER PARK, FL 32792-6243","1019 RAWHIDE TRL, CEDAR PARK, TX  78613","S8211 - Forest Oaks Sec 2 Pud (amended), BLOCK F, Lot 33","L531401G"," ","S8211 - Forest Oaks Sec 2 Pud (amended)","Real","$388,729","$388,729"
"R412377","R-17-W325-502F-0034-0008","WEINMAN, TODD","586 KENMORE AVE  OAKLAND, CA 94610","1017 RAWHIDE TRL, CEDAR PARK, TX  78613","S8211 - Forest Oaks Sec 2 Pud (amended), BLOCK F, Lot 34","L531401G"," ","S8211 - Forest Oaks Sec 2 Pud (amended)","Real","$392,327","$392,327"
"R412378","R-17-W325-502F-0035-0008","COZAD, ILENE","1015 RAWHIDE TRL  CEDAR PARK, TX 78613","1015 RAWHIDE TRL, CEDAR PARK, TX  78613","S8211 - Forest Oaks Sec 2 Pud (amended), BLOCK F, Lot 35","L531401G"," ","S8211 - Forest Oaks Sec 2 Pud (amended)","Real","$389,999","$389,999"
"R412379","R-17-W325-502F-0036-0008","SON, JIN & CHANG PARK","2808 DAMSEL BELLA BLVD THE COLONY, TX 75056-6215","1013 RAWHIDE TRL, CEDAR PARK, TX  78613","S8211 - Forest Oaks Sec 2 Pud (amended), BLOCK F, Lot 36","L531401G"," ","S8211 - Forest Oaks Sec 2 Pud (amended)","Real","$338,245","$338,245"
"R412380","R-17-W325-502F-0037-0008","BROWN, ZACHARY & AMANDA CARNETT-BROWN","1011 RAWHIDE TRL  CEDAR PARK, TX 78613","1011 RAWHIDE TRL, CEDAR PARK, TX  78613","S8211 - Forest Oaks Sec 2 Pud (amended), BLOCK F, Lot 37","L531401G"," ","S8211 - Forest Oaks Sec 2 Pud (amended)","Real","$354,405","$354,405"
"R412381","R-17-W325-502F-0038-0008","BROWN BETTY OLLE (TOD)","1009 RAWHIDE TRL  CEDAR PARK, TX 78613","1009 RAWHIDE TRL, CEDAR PARK, TX  78613","S8211 - Forest Oaks Sec 2 Pud (amended), BLOCK F, Lot 38","L531401G"," ","S8211 - Forest Oaks Sec 2 Pud (amended)","Real","$346,416","$346,416"
"R412382","R-17-W325-502F-0039-0008","SEALE, RANDALL ALAN & TERESA JOY","1007 RAWHIDE TRL CEDAR PARK, TX 78613","1007 RAWHIDE TRL, CEDAR PARK, TX  78613","S8211 - Forest Oaks Sec 2 Pud (amended), BLOCK F, Lot 39","L531401G"," ","S8211 - Forest Oaks Sec 2 Pud (amended)","Real","$383,422","$383,422"
"R412383","R-17-W325-502F-0040-0008","IRWIN, FRANCES V","1005 RAWHIDE TRL  CEDAR PARK, TX 78613","1005 RAWHIDE TRL, CEDAR PARK, TX  78613","S8211 - Forest Oaks Sec 2 Pud (amended), BLOCK F, Lot 40","L531401G"," ","S8211 - Forest Oaks Sec 2 Pud (amended)","Real","$412,732","$412,732"
"R412384","R-17-W325-502F-0043-0008","FOREST OAKS OWNERS ASSOC INC","Attn: SPECTRUM ASSOCIATION MGT 17319 SAN PEDRO AVE STE 318 SAN ANTONIO, TX 78232-1443","RAWHIDE TRL, CEDAR PARK, TX  78613","S8211 - Forest Oaks Sec 2 Pud (amended), BLOCK F, Lot 43, ACRES 0.462, (ALLEY EASEMENT)","L531401G"," ","S8211 - Forest Oaks Sec 2 Pud (amended)","Real","$300","$300"
"R412385","R-17-W325-502J-0003-0008","KELLEY, JANNA C","904 BOGART RD  CEDAR PARK, TX 78613","904 BOGART RD, CEDAR PARK, TX  78613","S8211 - Forest Oaks Sec 2 Pud (amended), BLOCK J, Lot 3","L531401G"," ","S8211 - Forest Oaks Sec 2 Pud (amended)","Real","$346,416","$346,416"
"R412386","R-17-W325-502J-0004-0008","YOLIMAR PROPERTIES LLC","1200 W PACIFIC COAST HWY WILMINGTON, CA 90744-2428","906 BOGART RD, CEDAR PARK, TX  78613","S8211 - Forest Oaks Sec 2 Pud (amended), BLOCK J, Lot 4","L531401G"," ","S8211 - Forest Oaks Sec 2 Pud (amended)","Real","$354,315","$354,315"
"R412387","R-17-W325-502J-0005-0008","ALMIE PROPERTIES LLC","1 GREEN HILL RD  CHESTER, NJ 07930","908 BOGART RD, CEDAR PARK, TX  78613","S8211 - Forest Oaks Sec 2 Pud (amended), BLOCK J, Lot 5","L531401G"," ","S8211 - Forest Oaks Sec 2 Pud (amended)","Real","$389,064","$389,064"
"R412388","R-17-W325-502J-0006-0008","VICHARE, NIKHIL & YUKI","1102 205TH AVE NE SAMMAMISH, WA 98074-6654","910 BOGART RD, CEDAR PARK, TX  78613","S8211 - Forest Oaks Sec 2 Pud (amended), BLOCK J, Lot 6","L531401G"," ","S8211 - Forest Oaks Sec 2 Pud (amended)","Real","$345,267","$345,267"
"R412389","R-17-W325-502J-0007-0008","KROENKE, JULIE K","912 BOGART RD CEDAR PARK, TX 78613-3848","912 BOGART RD, CEDAR PARK, TX  78613","S8211 - Forest Oaks Sec 2 Pud (amended), BLOCK J, Lot 7","L531401G"," ","S8211 - Forest Oaks Sec 2 Pud (amended)","Real","$389,999","$389,999"
"R412390","R-17-W325-502J-0008-0008","LI, HUAIYIN & GUIYUN ZHAO","11521 BRANDON PARKE TRL  AUSTIN, TX 78750","914 BOGART RD, CEDAR PARK, TX  78613","S8211 - Forest Oaks Sec 2 Pud (amended), BLOCK J, Lot 8","L531401G"," ","S8211 - Forest Oaks Sec 2 Pud (amended)","Real","$371,661","$371,661"
"R412391","R-17-W325-502J-0009-0008","SON, JIN & CHANG PARK","2808 DAMSEL BELLA BLVD THE COLONY, TX 75056-6215","916 BOGART RD, CEDAR PARK, TX  78613","S8211 - Forest Oaks Sec 2 Pud (amended), BLOCK J, Lot 9","L531401G"," ","S8211 - Forest Oaks Sec 2 Pud (amended)","Real","$389,072","$389,072"
"R412392","R-17-W325-502J-0010-0008","CLAY, KARI A","918 BOGART RD  CEDAR PARK, TX 78613-3848","918 BOGART RD, CEDAR PARK, TX  78613","S8211 - Forest Oaks Sec 2 Pud (amended), BLOCK J, Lot 10","L531401G"," ","S8211 - Forest Oaks Sec 2 Pud (amended)","Real","$390,133","$390,133"
"R412393","R-17-W325-502J-0011-0008","STEIN, JOAN GOLDEN","920 BOGART RD  CEDAR PARK, TX 78613","920 BOGART RD, CEDAR PARK, TX  78613","S8211 - Forest Oaks Sec 2 Pud (amended), BLOCK J, Lot 11","L531401G"," ","S8211 - Forest Oaks Sec 2 Pud (amended)","Real","$359,270","$359,270"
"R412394","R-17-W325-502J-0012-0008","WU, CHIH-PENG (TOD) & HUI-TING CHAN (TOD)","922 BOGART RD  CEDAR PARK, TX 78613","922 BOGART RD, CEDAR PARK, TX  78613","S8211 - Forest Oaks Sec 2 Pud (amended), BLOCK J, Lot 12","L531401G"," ","S8211 - Forest Oaks Sec 2 Pud (amended)","Real","$389,999","$389,999"
"R412395","R-17-W325-502J-0013-0008","GOKARNESAN, MANIKANDAN & VISHWANATH REDDY HALAHARVI & PREMKUMAR SOMASUNDARAM","208 ANGUS DR  CEDAR PARK, TX 78613","921 TRUMAN LN, CEDAR PARK, TX  78613","S8211 - Forest Oaks Sec 2 Pud (amended), BLOCK J, Lot 13","L531401G"," ","S8211 - Forest Oaks Sec 2 Pud (amended)","Real","$388,423","$388,423"
"R412396","R-17-W325-502J-0014-0008","ALWAR, GIRI & TANUJA S","107 MCBRIDE LN  CEDAR PARK, TX 78613","917 TRUMAN LN, CEDAR PARK, TX  78613","S8211 - Forest Oaks Sec 2 Pud (amended), BLOCK J, Lot 14","L531401G"," ","S8211 - Forest Oaks Sec 2 Pud (amended)","Real","$355,297","$355,297"
"R412397","R-17-W325-502J-0015-0008","FENNELL, TAMMY & MARK","915 TRUMAN LN  CEDAR PARK, TX 78613","915 TRUMAN LN, CEDAR PARK, TX  78613","S8211 - Forest Oaks Sec 2 Pud (amended), BLOCK J, Lot 15","L531401G"," ","S8211 - Forest Oaks Sec 2 Pud (amended)","Real","$390,133","$390,133"
"R412398","R-17-W325-502J-0016-0008","TWIXT, LLC","3773 HOWARD HUGHES HWY  #STE 500 LAS VEGAS, NV 89169","913 TRUMAN LN, CEDAR PARK, TX  78613","S8211 - Forest Oaks Sec 2 Pud (amended), BLOCK J, Lot 16","L531401G"," ","S8211 - Forest Oaks Sec 2 Pud (amended)","Real","$359,168","$359,168"
"R412399","R-17-W325-502J-0017-0008","DAVENPORT, MICHAEL D & ALISON T","911 TRUMAN LN  CEDAR PARK, TX 78613","911 TRUMAN LN, CEDAR PARK, TX  78613","S8211 - Forest Oaks Sec 2 Pud (amended), BLOCK J, Lot 17","L531401G"," ","S8211 - Forest Oaks Sec 2 Pud (amended)","Real","$372,123","$372,123"
"R412400","R-17-W325-502J-0018-0008","MULCHRONE, JOHN & TRACI","909 TRUMAN LN  CEDAR PARK, TX 78613","909 TRUMAN LN, CEDAR PARK, TX  78613","S8211 - Forest Oaks Sec 2 Pud (amended), BLOCK J, Lot 18","L531401G"," ","S8211 - Forest Oaks Sec 2 Pud (amended)","Real","$396,131","$396,131"
"R412401","R-17-W325-502J-0019-0008","RR PROPERTY 1 LLC","203 CROSSWIND CT CEDAR PARK, TX 78613","907 TRUMAN LN, CEDAR PARK, TX  78613","S8211 - Forest Oaks Sec 2 Pud (amended), BLOCK J, Lot 19","L531401G"," ","S8211 - Forest Oaks Sec 2 Pud (amended)","Real","$352,076","$352,076"
"R412402","R-17-W325-502J-0020-0008","BRIMSTONE PARTNERS LP","11312 JACK RABBIT TRL  AUSTIN, TX 78750","905 TRUMAN LN, CEDAR PARK, TX  78613","S8211 - Forest Oaks Sec 2 Pud (amended), BLOCK J, Lot 20","L531401G"," ","S8211 - Forest Oaks Sec 2 Pud (amended)","Real","$359,168","$359,168"
"R412403","R-17-W325-502J-0023-0008","FOREST OAKS OWNERS ASSOC INC","Attn: SPECTRUM ASSOCIATION MGT 17319 SAN PEDRO AVE STE 318 SAN ANTONIO, TX 78232-1443","TRUMAN LN, CEDAR PARK, TX  78613","S8211 - Forest Oaks Sec 2 Pud (amended), BLOCK J, Lot 23, ACRES 0.197, (ALLEY EASEMENT)","L531401G"," ","S8211 - Forest Oaks Sec 2 Pud (amended)","Real","$300","$300"
"R412404","R-17-W325-502K-0011-0008","SCHLIEPER, R QUOIA & BRADLEE","108 MERTZ LN  CEDAR PARK, TX 78613","108 MERTZ LN, CEDAR PARK, TX  78613","S8211 - Forest Oaks Sec 2 Pud (amended), BLOCK K, Lot 11","L531401G"," ","S8211 - Forest Oaks Sec 2 Pud (amended)","Real","$389,055","$389,055"
"R412405","R-17-W325-502K-0012-0008","AOS MANAGEMENT LLC","5900 BALCONES DR STE 100 AUSTIN, TX 78731","106 MERTZ LN, CEDAR PARK, TX  78613","S8211 - Forest Oaks Sec 2 Pud (amended), BLOCK K, Lot 12","L531401G"," ","S8211 - Forest Oaks Sec 2 Pud (amended)","Real","$412,627","$412,627"
"R412406","R-17-W325-502K-0013-0008","WEN, YANGYANG & QI CAI","1513 ACACIA BUD DR AUSTIN, TX 78733-5755","104 MERTZ LN, CEDAR PARK, TX  78613","S8211 - Forest Oaks Sec 2 Pud (amended), BLOCK K, Lot 13","L531401G"," ","S8211 - Forest Oaks Sec 2 Pud (amended)","Real","$392,502","$392,502"
"R412407","R-17-W325-502K-0014-0008","ADDIS, SCOT A & DEBRA H TRUSTEES OF SCOT & DEBRA ADDIS TRUST","2243 MADISON ST CAMBRIA, CA 93428-4556","102 MERTZ LN, CEDAR PARK, TX  78613","S8211 - Forest Oaks Sec 2 Pud (amended), BLOCK K, Lot 14","L531401G"," ","S8211 - Forest Oaks Sec 2 Pud (amended)","Real","$384,746","$384,746"
"R412408","R-17-W325-502K-0015-0008","LEE, JOHN & ESTHER","100 MERTZ LN  CEDAR PARK, TX 78613","100 MERTZ LN, CEDAR PARK, TX  78613","S8211 - Forest Oaks Sec 2 Pud (amended), BLOCK K, Lot 15","L531401G"," ","S8211 - Forest Oaks Sec 2 Pud (amended)","Real","$409,039","$409,039"
"R412409","R-17-W325-502K-0016-0008","FAULKNER, BENJAMIN & STACY LEE TAWATER","901 E PARK ST CEDAR PARK, TX 78613-3245","901 EAST PARK ST, CEDAR PARK, TX  78613","S8211 - Forest Oaks Sec 2 Pud (amended), BLOCK K, Lot 16","L531401G"," ","S8211 - Forest Oaks Sec 2 Pud (amended)","Real","$356,792","$356,792"
"R412410","R-17-W325-502K-0017-0008","BECK, RANDOLPH J & EILEEN R","16002 POOL CANYON RD  AUSTIN, TX 78734","903 EAST PARK ST, CEDAR PARK, TX  78613","S8211 - Forest Oaks Sec 2 Pud (amended), BLOCK K, Lot 17","L531401G"," ","S8211 - Forest Oaks Sec 2 Pud (amended)","Real","$366,988","$366,988"
"R412411","R-17-W325-502K-0018-0008","SEYMOUR, CALLIE","905 EAST PARK ST  CEDAR PARK, TX 78613","905 EAST PARK ST, CEDAR PARK, TX  78613","S8211 - Forest Oaks Sec 2 Pud (amended), BLOCK K, Lot 18","L531401G"," ","S8211 - Forest Oaks Sec 2 Pud (amended)","Real","$382,194","$382,194"
"R412412","R-17-W325-502K-0019-0008","JERNBERG, JAN S & CYNTHIA A LANIER","907 E PARK ST CEDAR PARK, TX 78613-3245","907 EAST PARK ST, CEDAR PARK, TX  78613","S8211 - Forest Oaks Sec 2 Pud (amended), BLOCK K, Lot 19","L531401G"," ","S8211 - Forest Oaks Sec 2 Pud (amended)","Real","$371,630","$371,630"
"R412413","R-17-W325-502K-0020-0008","PASAMONTE, LES & MICHELLE G LAM","130 ACACIA CT  SAN CARLOS, CA 94070","909 EAST PARK ST, CEDAR PARK, TX  78613","S8211 - Forest Oaks Sec 2 Pud (amended), BLOCK K, Lot 20","L531401G"," ","S8211 - Forest Oaks Sec 2 Pud (amended)","Real","$355,494","$355,494"
"R412414","R-17-W325-502K-0021-0008","SANDOVAL, RODOLFO & LYDIA","911 E PARK ST  CEDAR PARK, TX 78613-3245","911 EAST PARK ST, CEDAR PARK, TX  78613","S8211 - Forest Oaks Sec 2 Pud (amended), BLOCK K, Lot 21","L531401G"," ","S8211 - Forest Oaks Sec 2 Pud (amended)","Real","$371,630","$371,630"
"R412415","R-17-W325-502K-0022-0008","HICKS, VIRGINIA G","101 CROCKETT RD CEDAR PARK, TX 78613-3870","101 CROCKETT RD, CEDAR PARK, TX  78613","S8211 - Forest Oaks Sec 2 Pud (amended), BLOCK K, Lot 22","L531401G"," ","S8211 - Forest Oaks Sec 2 Pud (amended)","Real","$361,813","$361,813"
"R412416","R-17-W325-502K-0023-0008","MALINDA LEE WELSER & MICHAEL RAY WIND TRS OF THE ML WIND TRUST","103 CROCKETT RD  CEDAR PARK, TX 78613-3870","103 CROCKETT RD, CEDAR PARK, TX  78613","S8211 - Forest Oaks Sec 2 Pud (amended), BLOCK K, Lot 23","L531401G"," ","S8211 - Forest Oaks Sec 2 Pud (amended)","Real","$345,956","$345,956"
"R412417","R-17-W325-502K-0024-0008","SHEPHERD MOUNTAIN ESTATE MANAGEMENT LLC","6726 CUESTA TRL  AUSTIN, TX 78730","105 CROCKETT RD, CEDAR PARK, TX  78613","S8211 - Forest Oaks Sec 2 Pud (amended), BLOCK K, Lot 24","L531401G"," ","S8211 - Forest Oaks Sec 2 Pud (amended)","Real","$398,545","$398,545"
"R412418","R-17-W325-502K-0025-0008","SCALES JULIE O (TOD)","107 CROCKETT RD  CEDAR PARK, TX 78613","107 CROCKETT RD, CEDAR PARK, TX  78613","S8211 - Forest Oaks Sec 2 Pud (amended), BLOCK K, Lot 25","L531401G"," ","S8211 - Forest Oaks Sec 2 Pud (amended)","Real","$348,166","$348,166"
"R412419","R-17-W325-502K-0026-0008","DAHL, CHRYS R","109 CROCKETT RD  CEDAR PARK, TX 78613","109 CROCKETT RD, CEDAR PARK, TX  78613","S8211 - Forest Oaks Sec 2 Pud (amended), BLOCK K, Lot 26","L531401G"," ","S8211 - Forest Oaks Sec 2 Pud (amended)","Real","$379,565","$379,565"
"R412420","R-17-W325-502K-0027-0008","GERECKE, MIKE & RUBEN RODRIGUEZ","111 CROCKETT RD CEDAR PARK, TX 78613-3870","111 CROCKETT RD, CEDAR PARK, TX  78613","S8211 - Forest Oaks Sec 2 Pud (amended), BLOCK K, Lot 27","L531401G"," ","S8211 - Forest Oaks Sec 2 Pud (amended)","Real","$393,343","$393,343"
"R412421","R-17-W325-502K-0028-0008","FOREST OAKS OWNERS ASSOC INC","Attn: SPECTRUM ASSOCIATION MGT 17319 SAN PEDRO AVE STE 318 SAN ANTONIO, TX 78232-1443","TRUMAN LN, CEDAR PARK, TX  78613","S8211 - Forest Oaks Sec 2 Pud (amended), BLOCK K, Lot 28, ACRES 0.43, (ALLEY EASEMENT)","L531401G"," ","S8211 - Forest Oaks Sec 2 Pud (amended)","Real","$300","$300"
"R412422","R-17-W325-502K-0029-0008","CURTIS, SANDRA KAY & JAMES TIMOTHY CURTIS","210 CADILLAC CV  CEDAR PARK, TX 78613","210 CADILLAC CV, CEDAR PARK, TX  78613","S8211 - Forest Oaks Sec 2 Pud (amended), BLOCK K, Lot 29","L531401G"," ","S8211 - Forest Oaks Sec 2 Pud (amended)","Real","$345,190","$345,190"
"R412423","R-17-W325-502K-0030-0008","BORGES, MARCELO MARCO","208 CADILLAC CV  CEDAR PARK, TX 78613-3868","208 CADILLAC CV, CEDAR PARK, TX  78613","S8211 - Forest Oaks Sec 2 Pud (amended), BLOCK K, Lot 30","L531401G"," ","S8211 - Forest Oaks Sec 2 Pud (amended)","Real","$366,452","$366,452"
"R412424","R-17-W325-502K-0031-0008","LEMING MARY FRANCES REVOCABLE LIVING TRUST","4504 TUSCANY DR NORMAN, OK 73072-3455","206 CADILLAC CV, CEDAR PARK, TX  78613","S8211 - Forest Oaks Sec 2 Pud (amended), BLOCK K, Lot 31","L531401G"," ","S8211 - Forest Oaks Sec 2 Pud (amended)","Real","$339,302","$339,302"
"R412425","R-17-W325-502K-0032-0008","ANDERSON, SUSAN M","204 CADILLAC CV  CEDAR PARK, TX 78613","204 CADILLAC CV, CEDAR PARK, TX  78613","S8211 - Forest Oaks Sec 2 Pud (amended), BLOCK K, Lot 32","L531401G"," ","S8211 - Forest Oaks Sec 2 Pud (amended)","Real","$351,596","$351,596"
"R412426","R-17-W325-502K-0033-0008","TUCKER, JAMIE & WILLIAM W","202 CADILLAC CV  CEDAR PARK, TX 78613","202 CADILLAC CV, CEDAR PARK, TX  78613","S8211 - Forest Oaks Sec 2 Pud (amended), BLOCK K, Lot 33","L531401G"," ","S8211 - Forest Oaks Sec 2 Pud (amended)","Real","$390,881","$390,881"
"R412427","R-17-W325-502K-0034-0008","BAPILAL RAJON & SALMA SULTANA CO-TRS OF THE RAJON SULTANA REVOCABLE TRUST","117 TRANS PECOS CT GEORGETOWN, TX 78628-3918","200 CADILLAC CV, CEDAR PARK, TX  78613","S8211 - Forest Oaks Sec 2 Pud (amended), BLOCK K, Lot 34","L531401G"," ","S8211 - Forest Oaks Sec 2 Pud (amended)","Real","$389,035","$389,035"
"R412428","R-17-W325-502K-0035-0008","PANDOLFI, JENI & SHAWN STERN","301 WEST AVE UNIT 1001 AUSTIN, TX 78701-4778","201 CADILLAC CV, CEDAR PARK, TX  78613","S8211 - Forest Oaks Sec 2 Pud (amended), BLOCK K, Lot 35","L531401G"," ","S8211 - Forest Oaks Sec 2 Pud (amended)","Real","$367,166","$367,166"
"R412429","R-17-W325-502K-0036-0008","BHAT, SUDHEENDRA SUBRAMANYA & POOJA PRASAD","12852 BAYONNE LN  PORTLAND, OR 97229","203 CADILLAC CV, CEDAR PARK, TX  78613","S8211 - Forest Oaks Sec 2 Pud (amended), BLOCK K, Lot 36","L531401G"," ","S8211 - Forest Oaks Sec 2 Pud (amended)","Real","$388,353","$388,353"
"R412430","R-17-W325-502K-0037-0008","TAM-GEORGILIS, JENNY","205 CADILLAC CV  CEDAR PARK, TX 78613","205 CADILLAC CV, CEDAR PARK, TX  78613","S8211 - Forest Oaks Sec 2 Pud (amended), BLOCK K, Lot 37","L531401G"," ","S8211 - Forest Oaks Sec 2 Pud (amended)","Real","$355,619","$355,619"
"R412431","R-17-W325-502K-0038-0008","BAKER, JAMES ALLAN","207 CADILLAC CV  CEDAR PARK, TX 78613","207 CADILLAC CV, CEDAR PARK, TX  78613","S8211 - Forest Oaks Sec 2 Pud (amended), BLOCK K, Lot 38","L531401G"," ","S8211 - Forest Oaks Sec 2 Pud (amended)","Real","$394,010","$394,010"
"R412432","R-17-W325-502K-0039-0008","LI, QIANG","10620 INDIGO BROOM LOOP AUSTIN, TX 78733-5720","209 CADILLAC CV, CEDAR PARK, TX  78613","S8211 - Forest Oaks Sec 2 Pud (amended), BLOCK K, Lot 39","L531401G"," ","S8211 - Forest Oaks Sec 2 Pud (amended)","Real","$394,986","$394,986"
"R412433","R-17-W325-502K-0040-0008","BAI, ZHIGANG & NANCY C","495 SAPLING DR  DRIFTWOOD, TX 78619","211 CADILLAC CV, CEDAR PARK, TX  78613","S8211 - Forest Oaks Sec 2 Pud (amended), BLOCK K, Lot 40","L531401G"," ","S8211 - Forest Oaks Sec 2 Pud (amended)","Real","$357,542","$357,542"
"R412434","R-17-W325-502K-0041-0008","THORNBURG, KELLY LYNN & MARK LEROY","711 N TUMBLEWEED TRL AUSTIN, TX 78733-3240","213 CADILLAC CV, CEDAR PARK, TX  78613","S8211 - Forest Oaks Sec 2 Pud (amended), BLOCK K, Lot 41","L531401G"," ","S8211 - Forest Oaks Sec 2 Pud (amended)","Real","$356,406","$356,406"
"R412435","R-17-W325-502L-0001-0008","FOREST OAKS OWNERS ASSOC INC","Attn: SPECTRUM ASSOCIATION MGT 17319 SAN PEDRO AVE STE 318 SAN ANTONIO, TX 78232-1443","105 N LYNNWOOD TRL, CEDAR PARK, TX  78613","S8211 - Forest Oaks Sec 2 Pud (amended), BLOCK L, Lot 1 (PARK), ACRES 2.56","L526504D"," ","S8211 - Forest Oaks Sec 2 Pud (amended)","Real","$46,830","$46,830"
"R412436","R-17-W325-502M-0003-0008","ROCHA, MAIKO & MARCELA N FONTOURA","905 BOGART RD  CEDAR PARK, TX 78613","905 BOGART RD, CEDAR PARK, TX  78613","S8211 - Forest Oaks Sec 2 Pud (amended), BLOCK M, Lot 3","L531401G"," ","S8211 - Forest Oaks Sec 2 Pud (amended)","Real","$389,035","$389,035"
"R412437","R-17-W325-502M-0004-0008","TREGILGAS, JOHN A","907 BOGART RD CEDAR PARK, TX 78613-3849","907 BOGART RD, CEDAR PARK, TX  78613","S8211 - Forest Oaks Sec 2 Pud (amended), BLOCK M, Lot 4","L531401G"," ","S8211 - Forest Oaks Sec 2 Pud (amended)","Real","$369,858","$369,858"
"R412438","R-17-W325-502M-0005-0008","BONNEMA, ANTHONY L & CAROLINE","909 BOGART RD  CEDAR PARK, TX 78613","909 BOGART RD, CEDAR PARK, TX  78613","S8211 - Forest Oaks Sec 2 Pud (amended), BLOCK M, Lot 5","L531401G"," ","S8211 - Forest Oaks Sec 2 Pud (amended)","Real","$384,048","$384,048"
"R412439","R-17-W325-502M-0006-0008","MCCURDY, AMY LEIGH & CORA WYN NEAS","911 BOGART RD  CEDAR PARK, TX 78613-3849","911 BOGART RD, CEDAR PARK, TX  78613","S8211 - Forest Oaks Sec 2 Pud (amended), BLOCK M, Lot 6","L531401G"," ","S8211 - Forest Oaks Sec 2 Pud (amended)","Real","$391,640","$391,640"
"R412440","R-17-W325-502M-0007-0008","AMES JACKSON WILLIAM & MAGGIE ELIZABETH MESMER","913 BOGART RD  CEDAR PARK, TX 78613-3849","913 BOGART RD, CEDAR PARK, TX  78613","S8211 - Forest Oaks Sec 2 Pud (amended), BLOCK M, Lot 7","L531401G"," ","S8211 - Forest Oaks Sec 2 Pud (amended)","Real","$364,484","$364,484"
"R412441","R-17-W325-502M-0008-0008","FU XINTING & LIN PU TRUSTEES OF THE PU REVOCABLE TRUST","30 PLUMERIA IRVINE, CA 92620-1999","915 BOGART RD, CEDAR PARK, TX  78613","S8211 - Forest Oaks Sec 2 Pud (amended), BLOCK M, Lot 8","L531401G"," ","S8211 - Forest Oaks Sec 2 Pud (amended)","Real","$395,021","$395,021"
"R412442","R-17-W325-502M-0009-0008","EVANS, MARSHA","917 BOGART RD CEDAR PARK, TX 78613-3849","917 BOGART RD, CEDAR PARK, TX  78613","S8211 - Forest Oaks Sec 2 Pud (amended), BLOCK M, Lot 9","L531401G"," ","S8211 - Forest Oaks Sec 2 Pud (amended)","Real","$371,845","$371,845"
"R412443","R-17-W325-502M-0010-0008","CPP 919 B A SUB SERIES OF CITY PARK PROPERTIES LLC","3605 SERENE HILLS DR  AUSTIN, TX 78738-1223","919 BOGART RD, CEDAR PARK, TX  78613","S8211 - Forest Oaks Sec 2 Pud (amended), BLOCK M, Lot 10","L531401G"," ","S8211 - Forest Oaks Sec 2 Pud (amended)","Real","$348,521","$348,521"
"R412444","R-17-W325-502M-0011-0008","SCHUBERT, VALERIE C E","912 ANNADALE DR CEDAR PARK, TX 78613-3269","921 BOGART RD, CEDAR PARK, TX  78613","S8211 - Forest Oaks Sec 2 Pud (amended), BLOCK M, Lot 11","L531401G"," ","S8211 - Forest Oaks Sec 2 Pud (amended)","Real","$368,802","$368,802"
"R412445","R-17-W325-502M-0012-0008","FOREST OAKS OWNERS ASSOC INC","Attn: SPECTRUM ASSOCIATION MGT 17319 SAN PEDRO AVE STE 318 SAN ANTONIO, TX 78232-1443","RAWHIDE TRL, CEDAR PARK, TX  78613","S8211 - Forest Oaks Sec 2 Pud (amended), BLOCK M, Lot 12, ACRES 0.53, (PIPELINE EASEMENT)","L531401G"," ","S8211 - Forest Oaks Sec 2 Pud (amended)","Real","$300","$300"
"R412446","R-17-W325-503A-0020-0008","LOCKWOOD, PETER","1111 PEYTON PL  CEDAR PARK, TX 78613","1111 PEYTON PL, CEDAR PARK, TX  78613","S8209 - Forest Oaks Sec 3 Pud (amended), BLOCK A, Lot 20","L531401G"," ","S8209 - Forest Oaks Sec 3 Pud (amended)","Real","$370,179","$370,179"
"R412447","R-17-W325-503A-0021-0008","NINA MARIE FALGOUT STERRETT TR OF THE NINA FALGOUT STERETT TRUST","1113 PEYTON PL  CEDAR PARK, TX 78613-3922","1113 PEYTON PL, CEDAR PARK, TX  78613","S8209 - Forest Oaks Sec 3 Pud (amended), BLOCK A, Lot 21","L531401G"," ","S8209 - Forest Oaks Sec 3 Pud (amended)","Real","$412,016","$412,016"
"R412448","R-17-W325-503A-0022-0008","SHAW, SHANA","1115 PEYTON PL  CEDAR PARK, TX 78613","1115 PEYTON PL, CEDAR PARK, TX  78613","S8209 - Forest Oaks Sec 3 Pud (amended), BLOCK A, Lot 22","L531401G"," ","S8209 - Forest Oaks Sec 3 Pud (amended)","Real","$407,326","$407,326"
"R412449","R-17-W325-503A-0023-0008","ENGLERTH, JERALDINE B (LE)","305 SILENT SPRING DR  CEDAR PARK, TX 78613-4217","1117 PEYTON PL, CEDAR PARK, TX  78613","FOREST OAKS SEC 3 PUD (AMENDED), BLOCK A, LOT 23","L531401G"," ","S8209 - Forest Oaks Sec 3 Pud (amended)","Real","$370,906","$370,906"
"R412450","R-17-W325-503A-0024-0008","ACINVESTMENT LLC","4306 GRANITE CT  UNION CITY, CA 94587-3945","1119 PEYTON PL, CEDAR PARK, TX  78613","S8209 - Forest Oaks Sec 3 Pud (amended), BLOCK A, Lot 24","L531401G"," ","S8209 - Forest Oaks Sec 3 Pud (amended)","Real","$368,574","$368,574"
"R412451","R-17-W325-503A-0025-0008","FOREST OAKS OWNERS ASSOC INC","Attn: SPECTRUM ASSOCIATION MGT 17319 SAN PEDRO AVE STE 318 SAN ANTONIO, TX 78232-1443","1103 PEYTON PL, CEDAR PARK, TX  78613","S8209 - Forest Oaks Sec 3 Pud (amended), BLOCK A, Lot 25, ACRES 0.106, (ALLEY EASEMENT)","L531401G"," ","S8209 - Forest Oaks Sec 3 Pud (amended)","Real","$300","$300"
"R412452","R-17-W325-503B-0001-0008","FOREST OAKS OWNERS ASSOC INC","Attn: SPECTRUM ASSOCIATION MGT 17319 SAN PEDRO AVE STE 318 SAN ANTONIO, TX 78232-1443","SUEDE TRL, CEDAR PARK, TX  78613","S8209 - Forest Oaks Sec 3 Pud (amended), BLOCK B, Lot 1, ACRES 0.045, (OPEN SPACE)","L531401G"," ","S8209 - Forest Oaks Sec 3 Pud (amended)","Real","$300","$300"
"R412453","R-17-W325-503B-0002-0008","FOREST OAKS OWNERS ASSOC INC","Attn: SPECTRUM ASSOCIATION MGT 17319 SAN PEDRO AVE STE 318 SAN ANTONIO, TX 78232-1443","SUEDE TRL, CEDAR PARK, TX  78613","S8209 - Forest Oaks Sec 3 Pud (amended), BLOCK B, Lot 2, ACRES 0.99, (ALLEY EASEMENT)","L531401G"," ","S8209 - Forest Oaks Sec 3 Pud (amended)","Real","$300","$300"
"R412454","R-17-W325-503B-0003-0008","AKG INTERESTS LLC","14900 AVERY RACNH BLVD STE C200 PMB 115 AUSTIN, TX 78717","1201 PEYTON PL, CEDAR PARK, TX  78613","S8209 - Forest Oaks Sec 3 Pud (amended), BLOCK B, Lot 3","L531401G"," ","S8209 - Forest Oaks Sec 3 Pud (amended)","Real","$409,903","$409,903"
"R412455","R-17-W325-503B-0004-0008","HOUGHTELING, TONIA S","1203 PEYTON PL  CEDAR PARK, TX 78613","1203 PEYTON PL, CEDAR PARK, TX  78613","S8209 - Forest Oaks Sec 3 Pud (amended), BLOCK B, Lot 4","L531401G"," ","S8209 - Forest Oaks Sec 3 Pud (amended)","Real","$366,443","$366,443"
"R412456","R-17-W325-503B-0005-0008","BIAN, YANHUI","2412 FIRST VW LEANDER, TX 78641-8882","1205 PEYTON PL, CEDAR PARK, TX  78613","S8209 - Forest Oaks Sec 3 Pud (amended), BLOCK B, Lot 5","L531401G"," ","S8209 - Forest Oaks Sec 3 Pud (amended)","Real","$354,235","$354,235"
"R412457","R-17-W325-503B-0006-0008","KUTTATH, SHANKER & DIVYA DEVADAS TRUSTEES OF KUTTATH & DEVADAS REVOC TRUST","203 SEBASTIAN RUN  AUSTIN, TX 78738","1207 PEYTON PL, CEDAR PARK, TX  78613","S8209 - Forest Oaks Sec 3 Pud (amended), BLOCK B, Lot 6","L531401G"," ","S8209 - Forest Oaks Sec 3 Pud (amended)","Real","$385,053","$385,053"
"R412458","R-17-W325-503B-0007-0008","HARDIN, ROBERT D & CHRISTINA L","1209 PEYTON PL  CEDAR PARK, TX 78613-3865","1209 PEYTON PL, CEDAR PARK, TX  78613","S8209 - Forest Oaks Sec 3 Pud (amended), BLOCK B, Lot 7","L531401G"," ","S8209 - Forest Oaks Sec 3 Pud (amended)","Real","$417,117","$417,117"
"R412459","R-17-W325-503B-0008-0008","LAM, WILLIE S & BETTY S","1211 PEYTON PL CEDAR PARK, TX 78613-3865","1211 PEYTON PL, CEDAR PARK, TX  78613","S8209 - Forest Oaks Sec 3 Pud (amended), BLOCK B, Lot 8","L531401G"," ","S8209 - Forest Oaks Sec 3 Pud (amended)","Real","$413,615","$413,615"
"R412460","R-17-W325-503B-0009-0008","SCHNETZER, MICHAEL","1213 PEYTON PL  CEDAR PARK, TX 78613","1213 PEYTON PL, CEDAR PARK, TX  78613","S8209 - Forest Oaks Sec 3 Pud (amended), BLOCK B, Lot 9","L531401G"," ","S8209 - Forest Oaks Sec 3 Pud (amended)","Real","$369,878","$369,878"
"R412461","R-17-W325-503B-0010-0008","SORENSON, MATTHEW","6702 TREE FERN LN  AUSTIN, TX 78750-8134","1215 PEYTON PL, CEDAR PARK, TX  78613","S8209 - Forest Oaks Sec 3 Pud (amended), BLOCK B, Lot 10","L531401G"," ","S8209 - Forest Oaks Sec 3 Pud (amended)","Real","$422,084","$422,084"
"R412462","R-17-W325-503B-0011-0008","PHILLIPS, HENRY (TOD)","1217 PEYTON PL  CEDAR PARK, TX 78613-3865","1217 PEYTON PL, CEDAR PARK, TX  78613","S8209 - Forest Oaks Sec 3 Pud (amended), BLOCK B, Lot 11","L531401G"," ","S8209 - Forest Oaks Sec 3 Pud (amended)","Real","$416,246","$416,246"
"R412463","R-17-W325-503B-0012-0008","MIDDLETON, ASHLEY & COREY","1219 PEYTON PL  CEDAR PARK, TX 78613-3865","1219 PEYTON PL, CEDAR PARK, TX  78613","S8209 - Forest Oaks Sec 3 Pud (amended), BLOCK B, Lot 12","L531401G"," ","S8209 - Forest Oaks Sec 3 Pud (amended)","Real","$360,583","$360,583"
"R412464","R-17-W325-503B-0013-0008","KUO, EDDY YI & JULIE JASMINE","6127 PARK CREST DR  CHINO HILLS, CA 91709","1221 PEYTON PL, CEDAR PARK, TX  78613","S8209 - Forest Oaks Sec 3 Pud (amended), BLOCK B, Lot 13","L531401G"," ","S8209 - Forest Oaks Sec 3 Pud (amended)","Real","$354,051","$354,051"
"R412465","R-17-W325-503B-0014-0008","PETROVIC, MARINA & TOMISLAV","521 S BEVERWYCK RD PARSIPPANY, NJ 07054-3327","1223 PEYTON PL, CEDAR PARK, TX  78613","S8209 - Forest Oaks Sec 3 Pud (amended), BLOCK B, Lot 14","L531401G"," ","S8209 - Forest Oaks Sec 3 Pud (amended)","Real","$383,388","$383,388"
"R412466","R-17-W325-503B-0015-0008","SIDES, TAMERA","1225 PEYTON PL CEDAR PARK, TX 78613-3865","1225 PEYTON PL, CEDAR PARK, TX  78613","S8209 - Forest Oaks Sec 3 Pud (amended), BLOCK B, Lot 15","L531401G"," ","S8209 - Forest Oaks Sec 3 Pud (amended)","Real","$426,484","$426,484"
"R412467","R-17-W325-503B-0016-0008","BUZZEO, SAEEDA & JAK MIRIK","1227 PEYTON PL  CEDAR PARK, TX 78613-3865","1227 PEYTON PL, CEDAR PARK, TX  78613","S8209 - Forest Oaks Sec 3 Pud (amended), BLOCK B, Lot 16","L531401G"," ","S8209 - Forest Oaks Sec 3 Pud (amended)","Real","$397,423","$397,423"
"R412468","R-17-W325-503B-0017-0008","SAGGIANTE, EDUARDO & STEPHANIE JEAN","412 BANDSTAND LN  CEDAR PARK, TX 78613","412 BANDSTAND LN, CEDAR PARK, TX  78613","S8209 - Forest Oaks Sec 3 Pud (amended), BLOCK B, Lot 17","L531401G"," ","S8209 - Forest Oaks Sec 3 Pud (amended)","Real","$364,554","$364,554"
"R412469","R-17-W325-503B-0018-0008","OCASIO, ERIC M & DAN JIANG","7004 TRISSINO DR  AUSTIN, TX 78739-1516","410 BANDSTAND LN, CEDAR PARK, TX  78613","S8209 - Forest Oaks Sec 3 Pud (amended), BLOCK B, Lot 18","L531401G"," ","S8209 - Forest Oaks Sec 3 Pud (amended)","Real","$368,901","$368,901"
"R412470","R-17-W325-503B-0019-0008","ECHEVERRIA GUILLERMO & SARINA HELD","408 BANDSTAND LN  CEDAR PARK, TX 78613","408 BANDSTAND LN, CEDAR PARK, TX  78613","S8209 - Forest Oaks Sec 3 Pud (amended), BLOCK B, Lot 19","L531401G"," ","S8209 - Forest Oaks Sec 3 Pud (amended)","Real","$409,305","$409,305"
"R412471","R-17-W325-503B-0020-0008","VISWANATHAN, GANESH & REKHA GAJWANI","3128 GOLDENOAK CIR ROUND ROCK, TX 78681-2290","406 BANDSTAND LN, CEDAR PARK, TX  78613","S8209 - Forest Oaks Sec 3 Pud (amended), BLOCK B, Lot 20","L531401G"," ","S8209 - Forest Oaks Sec 3 Pud (amended)","Real","$369,312","$369,312"
"R412472","R-17-W325-503B-0021-0008","KANDO PROPERTIES 1 LLC","14900 AVERY RANCH BLVD  #STE C200#281 AUSTIN, TX 78717-3961","404 BANDSTAND LN, CEDAR PARK, TX  78613","S8209 - Forest Oaks Sec 3 Pud (amended), BLOCK B, Lot 21","L531401G"," ","S8209 - Forest Oaks Sec 3 Pud (amended)","Real","$356,228","$356,228"
"R412473","R-17-W325-503B-0022-0008","MCELMURRY, KELLY LYNN","402 BRANDSTAND LN  CEDAR PARK, TX 78613","402 BANDSTAND LN, CEDAR PARK, TX  78613","S8209 - Forest Oaks Sec 3 Pud (amended), BLOCK B, Lot 22","L531401G"," ","S8209 - Forest Oaks Sec 3 Pud (amended)","Real","$409,305","$409,305"
"R412474","R-17-W325-503B-0023-0008","KANHERE, ABHAY & NIMISHA COTRUSTEES OF AK&NK FAMILY TRUST","704 IROQUOIS WAY  FREMONT, CA 94539","400 BANDSTAND LN, CEDAR PARK, TX  78613","S8209 - Forest Oaks Sec 3 Pud (amended), BLOCK B, Lot 23","L531401G"," ","S8209 - Forest Oaks Sec 3 Pud (amended)","Real","$403,523","$403,523"
"R412475","R-17-W325-503B-0024-0008","GUDURI, MANGATAYARU","140 GENNAKER DR ROUND ROCK, TX 78681-2551","328 BANDSTAND LN, CEDAR PARK, TX  78613","S8209 - Forest Oaks Sec 3 Pud (amended), BLOCK B, Lot 24","L531401G"," ","S8209 - Forest Oaks Sec 3 Pud (amended)","Real","$358,051","$358,051"
"R412476","R-17-W325-503B-0025-0008","SULLIVAN, MICHAEL A & ESTHER D","10800 ROY BUTLER DR  AUSTIN, TX 78717","326 BANDSTAND LN, CEDAR PARK, TX  78613","S8209 - Forest Oaks Sec 3 Pud (amended), BLOCK B, Lot 25","L531401G"," ","S8209 - Forest Oaks Sec 3 Pud (amended)","Real","$356,228","$356,228"
"R412477","R-17-W325-503B-0026-0008","MCCLANAHAN, KATHLEEN ANNE (TOD)","324 BANDSTAND LN  CEDAR PARK, TX 78613-3968","324 BANDSTAND LN, CEDAR PARK, TX  78613","S8209 - Forest Oaks Sec 3 Pud (amended), BLOCK B, Lot 26","L531401G"," ","S8209 - Forest Oaks Sec 3 Pud (amended)","Real","$348,733","$348,733"
"R412478","R-17-W325-503B-0027-0008","BANDSTAND PROPERTIES LLC","6100 LAIRD DR AUSTIN, TX 78757-3235","322 BANDSTAND LN, CEDAR PARK, TX  78613","S8209 - Forest Oaks Sec 3 Pud (amended), BLOCK B, Lot 27","L531401G"," ","S8209 - Forest Oaks Sec 3 Pud (amended)","Real","$358,309","$358,309"
"R412479","R-17-W325-503B-0028-0008","YIN, MENGCHEN","801 RUSK RD  ROUND ROCK, TX 78665","320 BANDSTAND LN, CEDAR PARK, TX  78613","S8209 - Forest Oaks Sec 3 Pud (amended), BLOCK B, Lot 28","L531401G"," ","S8209 - Forest Oaks Sec 3 Pud (amended)","Real","$399,969","$399,969"
"R412480","R-17-W325-503B-0029-0008","TAO QIANG & YING LU","8521 SWEET CHERRY DR AUSTIN, TX 78750-3645","318 BANDSTAND LN, CEDAR PARK, TX  78613","S8209 - Forest Oaks Sec 3 Pud (amended), BLOCK B, Lot 29","L531401G"," ","S8209 - Forest Oaks Sec 3 Pud (amended)","Real","$372,236","$372,236"
"R412481","R-17-W325-503B-0030-0008","THORNTON, GINNY LI","10400 RESEARCH BLVD  #APT 334 AUSTIN, TX 78759-6419","316 BANDSTAND LN, CEDAR PARK, TX  78613","S8209 - Forest Oaks Sec 3 Pud (amended), BLOCK B, Lot 30","L531401G"," ","S8209 - Forest Oaks Sec 3 Pud (amended)","Real","$402,463","$402,463"
"R412482","R-17-W325-503B-0031-0008","WEAVER, JESSICA","314 BANDSTAND LN  CEDAR PARK, TX 78613","314 BANDSTAND LN, CEDAR PARK, TX  78613","S8209 - Forest Oaks Sec 3 Pud (amended), BLOCK B, Lot 31","L531401G"," ","S8209 - Forest Oaks Sec 3 Pud (amended)","Real","$366,459","$366,459"
"R412483","R-17-W325-503B-0032-0008","MEDINA, TOMAS G C","312 BANDSTAND LN  CEDAR PARK, TX 78613","312 BANDSTAND LN, CEDAR PARK, TX  78613","S8209 - Forest Oaks Sec 3 Pud (amended), BLOCK B, Lot 32","L531401G"," ","S8209 - Forest Oaks Sec 3 Pud (amended)","Real","$358,441","$358,441"
"R412484","R-17-W325-503B-0033-0008","MURPHY, DEVIN JOSEPH & EMILY WARLICK","310 BANDSTAND LN  CEDAR PARK, TX 78613","310 BANDSTAND LN, CEDAR PARK, TX  78613","S8209 - Forest Oaks Sec 3 Pud (amended), BLOCK B, Lot 33","L531401G"," ","S8209 - Forest Oaks Sec 3 Pud (amended)","Real","$345,530","$345,530"
"R412485","R-17-W325-503B-0034-0008","308 BANDSTAND LANE LLC","2317 CADES SPIRIT BND  AUSTIN, TX 78738","308 BANDSTAND LN, CEDAR PARK, TX  78613","S8209 - Forest Oaks Sec 3 Pud (amended), BLOCK B, Lot 34","L531401G"," ","S8209 - Forest Oaks Sec 3 Pud (amended)","Real","$365,722","$365,722"
"R412486","R-17-W325-503B-0035-0008","THERIOT, JODY","304 BANDSTAND LN  CEDAR PARK, TX 78613","304 BANDSTAND LN, CEDAR PARK, TX  78613","S8209 - Forest Oaks Sec 3 Pud (amended), BLOCK B, Lot 35","L531401G"," ","S8209 - Forest Oaks Sec 3 Pud (amended)","Real","$395,202","$395,202"
"R412487","R-17-W325-503B-0036-0008","TULLY, GALEN EUGENE & COURTNEY LYNN","302 BANDSTAND LN  CEDAR PARK, TX 78613","302 BANDSTAND LN, CEDAR PARK, TX  78613","S8209 - Forest Oaks Sec 3 Pud (amended), BLOCK B, Lot 36","L531401G"," ","S8209 - Forest Oaks Sec 3 Pud (amended)","Real","$390,022","$390,022"
"R412488","R-17-W325-503B-0037-0008","CARLSON, ERIC & MEREDITH","300 BANDSTAND LN  CEDAR PARK, TX 78613","300 BANDSTAND LN, CEDAR PARK, TX  78613","S8209 - Forest Oaks Sec 3 Pud (amended), BLOCK B, Lot 37","L531401G"," ","S8209 - Forest Oaks Sec 3 Pud (amended)","Real","$384,144","$384,144"
"R412489","R-17-W325-503B-0038-0008","FOREST OAKS OWNERS ASSOC INC","Attn: SPECTRUM ASSOCIATION MGT 17319 SAN PEDRO AVE STE 318 SAN ANTONIO, TX 78232-1443","306 BANDSTAND LN, CEDAR PARK, TX  78613","S8209 - Forest Oaks Sec 3 Pud (amended), BLOCK B, Lot 38, ACRES 2.38, (DETENTION POND)","L531401G"," ","S8209 - Forest Oaks Sec 3 Pud (amended)","Real","$714","$714"
"R412490","R-17-W325-503C-0001-0008","HULME-LOWE, CHRISTOPHER ALAN & DANIELLE TARYN","1110 PEYTON PL  CEDAR PARK, TX 78613","1110 PEYTON PL, CEDAR PARK, TX  78613","S8209 - Forest Oaks Sec 3 Pud (amended), BLOCK C, Lot 1","L531401G"," ","S8209 - Forest Oaks Sec 3 Pud (amended)","Real","$426,084","$426,084"
"R412491","R-17-W325-503C-0002-0008","KELLER, ISABELLE WANG","6702 TREE FERN LN  AUSTIN, TX 78750-8134","1112 PEYTON PL, CEDAR PARK, TX  78613","S8209 - Forest Oaks Sec 3 Pud (amended), BLOCK C, Lot 2","L531401G"," ","S8209 - Forest Oaks Sec 3 Pud (amended)","Real","$407,326","$407,326"
"R412492","R-17-W325-503C-0003-0008","KUBOTA, YUKI","1114 PEYTON PL  CEDAR PARK, TX 78613-3937","1114 PEYTON PL, CEDAR PARK, TX  78613","S8209 - Forest Oaks Sec 3 Pud (amended), BLOCK C, Lot 3","L531401G"," ","S8209 - Forest Oaks Sec 3 Pud (amended)","Real","$354,268","$354,268"
"R412493","R-17-W325-503C-0004-0008","DILIG, RICHARD & MARISSA","1116 PEYTON PL  CEDAR PARK, TX 78613","1116 PEYTON PL, CEDAR PARK, TX  78613","S8209 - Forest Oaks Sec 3 Pud (amended), BLOCK C, Lot 4","L531401G"," ","S8209 - Forest Oaks Sec 3 Pud (amended)","Real","$352,606","$352,606"
"R412494","R-17-W325-503C-0005-0008","EAST, TONYA & BENJAMIN","1118 PEYTON PL  CEDAR PARK, TX 78613","1118 PEYTON PL, CEDAR PARK, TX  78613","S8209 - Forest Oaks Sec 3 Pud (amended), BLOCK C, Lot 5","L531401G"," ","S8209 - Forest Oaks Sec 3 Pud (amended)","Real","$401,118","$401,118"
"R412495","R-17-W325-503C-0006-0008","CHEN, SUSAN HAIYING","101 VARCO DR  AUSTIN, TX 78738","1120 PEYTON PL, CEDAR PARK, TX  78613","S8209 - Forest Oaks Sec 3 Pud (amended), BLOCK C, Lot 6","L531401G"," ","S8209 - Forest Oaks Sec 3 Pud (amended)","Real","$398,224","$398,224"
"R412496","R-17-W325-503C-0007-0008","WALL, JUSTIN B","1200 PEYTON PL  CEDAR PARK, TX 78613","1200 PEYTON PL, CEDAR PARK, TX  78613","S8209 - Forest Oaks Sec 3 Pud (amended), BLOCK C, Lot 7","L531401G"," ","S8209 - Forest Oaks Sec 3 Pud (amended)","Real","$363,275","$363,275"
"R412497","R-17-W325-503C-0008-0008","MORRIS, ROBERT W & LAUREN A","1202 PEYTON PLACE  CEDAR PARK, TX 78613","1202 PEYTON PL, CEDAR PARK, TX  78613","S8209 - Forest Oaks Sec 3 Pud (amended), BLOCK C, Lot 8","L531401G"," ","S8209 - Forest Oaks Sec 3 Pud (amended)","Real","$367,934","$367,934"
"R412498","R-17-W325-503C-0009-0008","NARULA, PANKAJ  & KARUNA PHUYAL","15165 GALENA DR AUSTIN, TX 78717-4866","1204 PEYTON PL, CEDAR PARK, TX  78613","S8209 - Forest Oaks Sec 3 Pud (amended), BLOCK C, Lot 9","L531401G"," ","S8209 - Forest Oaks Sec 3 Pud (amended)","Real","$406,797","$406,797"
"R412499","R-17-W325-503C-0010-0008","ROBERTS, SCOTT L & JENNY T","1206 PEYTON PL  CEDAR PARK, TX 78613","1206 PEYTON PL, CEDAR PARK, TX  78613","S8209 - Forest Oaks Sec 3 Pud (amended), BLOCK C, Lot 10","L531401G"," ","S8209 - Forest Oaks Sec 3 Pud (amended)","Real","$407,326","$407,326"
"R412500","R-17-W325-503C-0011-0008","PENG, PENG & ZHAOJU LUO","10120 TULAROSA PASS  AUSTIN, TX 78726","1208 PEYTON PL, CEDAR PARK, TX  78613","S8209 - Forest Oaks Sec 3 Pud (amended), BLOCK C, Lot 11","L531401G"," ","S8209 - Forest Oaks Sec 3 Pud (amended)","Real","$409,967","$409,967"
"R412501","R-17-W325-503C-0012-0008","MITCHELL, GARY F & DIANA K","1210 PEYTON PL  CEDAR PARK, TX 78613","1210 PEYTON PL, CEDAR PARK, TX  78613","S8209 - Forest Oaks Sec 3 Pud (amended), BLOCK C, Lot 12","L531401G"," ","S8209 - Forest Oaks Sec 3 Pud (amended)","Real","$369,460","$369,460"
"R412502","R-17-W325-503C-0013-0008","EHLERS, KATIE","1212 PEYTON PL  CEDAR PARK, TX 78613","1212 PEYTON PL, CEDAR PARK, TX  78613","S8209 - Forest Oaks Sec 3 Pud (amended), BLOCK C, Lot 13","L531401G"," ","S8209 - Forest Oaks Sec 3 Pud (amended)","Real","$358,704","$358,704"
"R412503","R-17-W325-503C-0014-0008","GORE, PRACHI D","1214 PEYTON PL CEDAR PARK, TX 78613-3800","1214 PEYTON PL, CEDAR PARK, TX  78613","S8209 - Forest Oaks Sec 3 Pud (amended), BLOCK C, Lot 14","L531401G"," ","S8209 - Forest Oaks Sec 3 Pud (amended)","Real","$372,666","$372,666"
"R412504","R-17-W325-503C-0015-0008","MEALLEM LLC","5900 SEDGEFIELD DR  AUSTIN, TX 78746","1216 PEYTON PL, CEDAR PARK, TX  78613","S8209 - Forest Oaks Sec 3 Pud (amended), BLOCK C, Lot 15","L531401G"," ","S8209 - Forest Oaks Sec 3 Pud (amended)","Real","$365,344","$365,344"
"R412505","R-17-W325-503C-0016-0008","LEGGETT, MELISSA S","1218 PEYTON PL  CEDAR PARK, TX 78613-3800","1218 PEYTON PL, CEDAR PARK, TX  78613","S8209 - Forest Oaks Sec 3 Pud (amended), BLOCK C, Lot 16","L531401G"," ","S8209 - Forest Oaks Sec 3 Pud (amended)","Real","$407,326","$407,326"
"R412506","R-17-W325-503C-0017-0008","KOBZA, KIRK & AMY","1221 RAWHIDE TRL  CEDAR PARK, TX 78613","1221 RAWHIDE TRL, CEDAR PARK, TX  78613","S8209 - Forest Oaks Sec 3 Pud (amended), BLOCK C, Lot 17","L531401G"," ","S8209 - Forest Oaks Sec 3 Pud (amended)","Real","$354,550","$354,550"
"R412507","R-17-W325-503C-0018-0008","DANSRO, LINDSAY","1219 RAWHIDE TRL  CEDAR PARK, TX 78613","1219 RAWHIDE TRL, CEDAR PARK, TX  78613","S8209 - Forest Oaks Sec 3 Pud (amended), BLOCK C, Lot 18","L531401G"," ","S8209 - Forest Oaks Sec 3 Pud (amended)","Real","$409,305","$409,305"
"R412508","R-17-W325-503C-0019-0008","DORTCH, STEVEN CRAIG & TAMARA LYN","3601 MEDFORD CT BEDFORD, TX 76021-2429","1217 RAWHIDE TRL, CEDAR PARK, TX  78613","S8209 - Forest Oaks Sec 3 Pud (amended), BLOCK C, Lot 19","L531401G"," ","S8209 - Forest Oaks Sec 3 Pud (amended)","Real","$410,163","$410,163"
"R412509","R-17-W325-503C-0020-0008","SPINNEY, LINDSAY (TOD) & CHRISTOPHER BROWNE (TOD)","311 W 37TH ST  AUSTIN, TX 78705-1417","1215 RAWHIDE TRL, CEDAR PARK, TX  78613","S8209 - Forest Oaks Sec 3 Pud (amended), BLOCK C, Lot 20","L531401G"," ","S8209 - Forest Oaks Sec 3 Pud (amended)","Real","$370,670","$370,670"
"R412510","R-17-W325-503C-0021-0008","VINES, CHARLES R SR & AIMEE M MASSEY","1213 RAWHIDE TRL CEDAR PARK, TX 78613-3923","1213 RAWHIDE TRL, CEDAR PARK, TX  78613","S8209 - Forest Oaks Sec 3 Pud (amended), BLOCK C, Lot 21","L531401G"," ","S8209 - Forest Oaks Sec 3 Pud (amended)","Real","$422,084","$422,084"
"R412511","R-17-W325-503C-0022-0008","HART, LINDA K","1211 RAWHIDE TRL  CEDAR PARK, TX 78613","1211 RAWHIDE TRL, CEDAR PARK, TX  78613","S8209 - Forest Oaks Sec 3 Pud (amended), BLOCK C, Lot 22","L531401G"," ","S8209 - Forest Oaks Sec 3 Pud (amended)","Real","$354,550","$354,550"
"R412512","R-17-W325-503C-0023-0008","WHITE, ERIN T & RANDAL E","1209 RAWHIDE TRL  CEDAR PARK, TX 78613","1209 RAWHIDE TRL, CEDAR PARK, TX  78613","S8209 - Forest Oaks Sec 3 Pud (amended), BLOCK C, Lot 23","L531401G"," ","S8209 - Forest Oaks Sec 3 Pud (amended)","Real","$360,259","$360,259"
"R412513","R-17-W325-503C-0024-0008","TANG, HONG & CHUNKUI XIAN","10100 PICKFAIR DR  AUSTIN, TX 78750","1207 RAWHIDE TRL, CEDAR PARK, TX  78613","S8209 - Forest Oaks Sec 3 Pud (amended), BLOCK C, Lot 24","L531401G"," ","S8209 - Forest Oaks Sec 3 Pud (amended)","Real","$410,163","$410,163"
"R412514","R-17-W325-503C-0025-0008","SAJOVICH, PETER & CAROL JEAN","1707 GARDEN ST  AUSTIN, TX 78702-5411","1205 RAWHIDE TRL, CEDAR PARK, TX  78613","S8209 - Forest Oaks Sec 3 Pud (amended), BLOCK C, Lot 25","L531401G"," ","S8209 - Forest Oaks Sec 3 Pud (amended)","Real","$362,239","$362,239"
"R412515","R-17-W325-503C-0026-0008","KELLEY, RANDALL & ELIZABETH","1203 RAWHIDE TRL  CEDAR PARK, TX 78613","1203 RAWHIDE TRL, CEDAR PARK, TX  78613","S8209 - Forest Oaks Sec 3 Pud (amended), BLOCK C, Lot 26","L531401G"," ","S8209 - Forest Oaks Sec 3 Pud (amended)","Real","$362,327","$362,327"
"R412516","R-17-W325-503C-0027-0008","SHADOWEN, ROBERT","11124 CALLANISH PARK DR  AUSTIN, TX 78750","1201 RAWHIDE TRL, CEDAR PARK, TX  78613","S8209 - Forest Oaks Sec 3 Pud (amended), BLOCK C, Lot 27","L531401G"," ","S8209 - Forest Oaks Sec 3 Pud (amended)","Real","$392,278","$392,278"
"R412517","R-17-W325-503C-0028-0008","DZIDO, MARCIN & BONNIE HENDRICKSON","1127 RAWHIDE TRL  CEDAR PARK, TX 78613","1127 RAWHIDE TRL, CEDAR PARK, TX  78613","S8209 - Forest Oaks Sec 3 Pud (amended), BLOCK C, Lot 28","L531401G"," ","S8209 - Forest Oaks Sec 3 Pud (amended)","Real","$370,179","$370,179"
"R412518","R-17-W325-503C-0029-0008","MCCORD COLEMAN DAVIS & ERIN ELIZABETH","1125 RAWHIDE TRL  CEDAR PARK, TX 78613","1125 RAWHIDE TRL, CEDAR PARK, TX  78613","S8209 - Forest Oaks Sec 3 Pud (amended), BLOCK C, Lot 29","L531401G"," ","S8209 - Forest Oaks Sec 3 Pud (amended)","Real","$369,014","$369,014"
"R412519","R-17-W325-503C-0030-0008","LIBERMAN PROPERTIES LLC","1200 W PACIFIC COAST HWY  WILMINGTON, CA 90744","1123 RAWHIDE TRL, CEDAR PARK, TX  78613","S8209 - Forest Oaks Sec 3 Pud (amended), BLOCK C, Lot 30","L531401G"," ","S8209 - Forest Oaks Sec 3 Pud (amended)","Real","$353,939","$353,939"
"R412520","R-17-W325-503C-0031-0008","RAJPATHAK, VIDYANAND & ASHWINI","1904 BUFFALO SPEEDWAY LEANDER, TX 78641-8895","1121 RAWHIDE TRL, CEDAR PARK, TX  78613","S8209 - Forest Oaks Sec 3 Pud (amended), BLOCK C, Lot 31","L531401G"," ","S8209 - Forest Oaks Sec 3 Pud (amended)","Real","$406,555","$406,555"
"R412521","R-17-W325-503C-0032-0008","FOREST OAKS OWNERS ASSOC INC","Attn: SPECTRUM ASSOCIATION MGT 17319 SAN PEDRO AVE STE 318 SAN ANTONIO, TX 78232-1443","HITCHCOCK HILL, CEDAR PARK, TX  78613","S8209 - Forest Oaks Sec 3 Pud (amended), BLOCK C, Lot 32, ACRES 0.345, (ALLEY EASEMENT)","L531401G"," ","S8209 - Forest Oaks Sec 3 Pud (amended)","Real","$300","$300"
"R412522","R-17-W325-503D-0001-0008","LARA, DANIEL & ESMERALDA","1200 RAWHIDE TRL  CEDAR PARK, TX 78613","1200 RAWHIDE TRL, CEDAR PARK, TX  78613","S8209 - Forest Oaks Sec 3 Pud (amended), BLOCK D, Lot 1","L531401G"," ","S8209 - Forest Oaks Sec 3 Pud (amended)","Real","$369,878","$369,878"
"R412523","R-17-W325-503D-0002-0008","ARANA, EDGAR RUBEN","1202 RAWHIDE TRL  CEDAR PARK, TX 78613-3966","1202 RAWHIDE TRL, CEDAR PARK, TX  78613","S8209 - Forest Oaks Sec 3 Pud (amended), BLOCK D, Lot 2","L531401G"," ","S8209 - Forest Oaks Sec 3 Pud (amended)","Real","$356,228","$356,228"
"R412524","R-17-W325-503D-0003-0008","LARKIN, NANCY (LE)","1204 RAWHIDE TRL  CEDAR PARK, TX 78613","1204 RAWHIDE TRL, CEDAR PARK, TX  78613","S8209 - Forest Oaks Sec 3 Pud (amended), BLOCK D, Lot 3","L531401G"," ","S8209 - Forest Oaks Sec 3 Pud (amended)","Real","$349,147","$349,147"
"R412525","R-17-W325-503D-0004-0008","POMROY, HUNTER LEE & LISA BLISS","1206 RAWHIDE TRL  CEDAR PARK, TX 78613","1206 RAWHIDE TRL, CEDAR PARK, TX  78613","S8209 - Forest Oaks Sec 3 Pud (amended), BLOCK D, Lot 4","L531401G"," ","S8209 - Forest Oaks Sec 3 Pud (amended)","Real","$422,084","$422,084"
"R412526","R-17-W325-503D-0005-0008","KRINSKY, FRED STEPHEN & GLORIA RODRIGUEZ","1208 RAWHIDE TRL  CEDAR PARK, TX 78613-3966","1208 RAWHIDE TRL, CEDAR PARK, TX  78613","S8209 - Forest Oaks Sec 3 Pud (amended), BLOCK D, Lot 5","L531401G"," ","S8209 - Forest Oaks Sec 3 Pud (amended)","Real","$369,878","$369,878"
"R412527","R-17-W325-503D-0006-0008","CPP 1210 R A SUB SERIES OF CITY PARK PROPERTIES LLC","3605 SERENE HILLS DR  AUSTIN, TX 78738-1223","1210 RAWHIDE TRL, CEDAR PARK, TX  78613","S8209 - Forest Oaks Sec 3 Pud (amended), BLOCK D, Lot 6","L531401G"," ","S8209 - Forest Oaks Sec 3 Pud (amended)","Real","$403,067","$403,067"
"R412528","R-17-W325-503D-0007-0008","PATTERSON, HAROLD J","1212 RAWHIDE TRL  CEDAR PARK, TX 78613","1212 RAWHIDE TRL, CEDAR PARK, TX  78613","S8209 - Forest Oaks Sec 3 Pud (amended), BLOCK D, Lot 7","L531401G"," ","S8209 - Forest Oaks Sec 3 Pud (amended)","Real","$359,928","$359,928"
"R412529","R-17-W325-503D-0008-0008","SULLIVAN, MICHAEL A & ESTHER D","10800 ROY BUTLER DR  AUSTIN, TX 78717","1214 RAWHIDE TRL, CEDAR PARK, TX  78613","S8209 - Forest Oaks Sec 3 Pud (amended), BLOCK D, Lot 8","L531401G"," ","S8209 - Forest Oaks Sec 3 Pud (amended)","Real","$377,174","$377,174"
"R412530","R-17-W325-503D-0009-0008","KURNIAWAN, MICHAEL & SAN SAN HO","1216 RAWHIDE TRL  CEDAR PARK, TX 78613","1216 RAWHIDE TRL, CEDAR PARK, TX  78613","S8209 - Forest Oaks Sec 3 Pud (amended), BLOCK D, Lot 9","L531401G"," ","S8209 - Forest Oaks Sec 3 Pud (amended)","Real","$413,514","$413,514"
"R412531","R-17-W325-503D-0010-0008","GUNTURU, SRINIVAS & SUDHAKAR MADDI","25 CENTRE AVE  SEACAUCUS, NJ 07094","319 BANDSTAND LN, CEDAR PARK, TX  78613","S8209 - Forest Oaks Sec 3 Pud (amended), BLOCK D, Lot 10","L531401G"," ","S8209 - Forest Oaks Sec 3 Pud (amended)","Real","$402,429","$402,429"
"R412532","R-17-W325-503D-0011-0008","MCLEAN, SHEILA ANNE","317 BANDSTAND LN  CEDAR PARK, TX 78613","317 BANDSTAND LN, CEDAR PARK, TX  78613","S8209 - Forest Oaks Sec 3 Pud (amended), BLOCK D, Lot 11","L531401G"," ","S8209 - Forest Oaks Sec 3 Pud (amended)","Real","$369,878","$369,878"
"R412533","R-17-W325-503D-0012-0008","TOMILSON, AARON ROBERT & LIANG XIAO HU","11204 MATISSE TRL  AUSTIN, TX 78726","1313 DINER DR, CEDAR PARK, TX  78613","S8209 - Forest Oaks Sec 3 Pud (amended), BLOCK D, Lot 12","L531401G"," ","S8209 - Forest Oaks Sec 3 Pud (amended)","Real","$416,510","$416,510"
"R412534","R-17-W325-503D-0013-0008","SANFORD AND SUN LLC - DINER SERIES","704 PADEN DR  CEDAR PARK, TX 78613","1311 DINER DR, CEDAR PARK, TX  78613","S8209 - Forest Oaks Sec 3 Pud (amended), BLOCK D, Lot 13","L531401G"," ","S8209 - Forest Oaks Sec 3 Pud (amended)","Real","$368,901","$368,901"
"R412535","R-17-W325-503D-0014-0008","TANG, JIAN & NING CHEN","10402 PEONIA CT  AUSTIN, TX 78733","1309 DINER DR, CEDAR PARK, TX  78613","S8209 - Forest Oaks Sec 3 Pud (amended), BLOCK D, Lot 14","L531401G"," ","S8209 - Forest Oaks Sec 3 Pud (amended)","Real","$380,024","$380,024"
"R412536","R-17-W325-503D-0015-0008","KING, JASON D (TOD) & AMANDA (TOD)","1307 DINER DR  CEDAR PARK, TX 78613-3963","1307 DINER DR, CEDAR PARK, TX  78613","S8209 - Forest Oaks Sec 3 Pud (amended), BLOCK D, Lot 15","L531401G"," ","S8209 - Forest Oaks Sec 3 Pud (amended)","Real","$409,305","$409,305"
"R412537","R-17-W325-503D-0016-0008","SAMI, KERRI HUMMINGBIRD","1305 DINER DR  CEDAR PARK, TX 78613","1305 DINER DR, CEDAR PARK, TX  78613","S8209 - Forest Oaks Sec 3 Pud (amended), BLOCK D, Lot 16","L531401G"," ","S8209 - Forest Oaks Sec 3 Pud (amended)","Real","$415,652","$415,652"
"R412538","R-17-W325-503D-0017-0008","ALEXIS, ALOYSIUS BOSCO & MADHU","16 GAUGUIN WAY  SOMERSET, NJ 08873","1303 DINER DR, CEDAR PARK, TX  78613","S8209 - Forest Oaks Sec 3 Pud (amended), BLOCK D, Lot 17","L531401G"," ","S8209 - Forest Oaks Sec 3 Pud (amended)","Real","$361,195","$361,195"
"R412539","R-17-W325-503D-0018-0008","FOREST OAKS OWNERS ASSOC INC","Attn: SPECTRUM ASSOCIATION MGT 17319 SAN PEDRO AVE STE 318 SAN ANTONIO, TX 78232-1443","315 BANDSTAND LN, CEDAR PARK, TX  78613","S8209 - Forest Oaks Sec 3 Pud (amended), BLOCK D, Lot 18, ACRES 0.38, (OPEN SPACE & ALLEY EASEMENT)","L531401G"," ","S8209 - Forest Oaks Sec 3 Pud (amended)","Real","$300","$300"
"R412540","R-17-W325-503E-0003-0008","HOYT, JANE","1205 CARDIGAN ST  CEDAR PARK, TX 78613","1205 CARDIGAN ST, CEDAR PARK, TX  78613","S8209 - Forest Oaks Sec 3 Pud (amended), BLOCK E, Lot 3","L531401G"," ","S8209 - Forest Oaks Sec 3 Pud (amended)","Real","$369,014","$369,014"
"R412541","R-17-W325-503E-0004-0008","DS BLISS INVESTMENTS LLC","9406 LA PUENTE DR  AUSTIN, TX 78749","1207 CARDIGAN ST, CEDAR PARK, TX  78613","S8209 - Forest Oaks Sec 3 Pud (amended), BLOCK E, Lot 4","L531401G"," ","S8209 - Forest Oaks Sec 3 Pud (amended)","Real","$362,327","$362,327"
"R412542","R-17-W325-503E-0005-0008","SASSOUNIAN, DAVID R","1209 CARDIGAN ST  CEDAR PARK, TX 78613","1209 CARDIGAN ST, CEDAR PARK, TX  78613","S8209 - Forest Oaks Sec 3 Pud (amended), BLOCK E, Lot 5","L531401G"," ","S8209 - Forest Oaks Sec 3 Pud (amended)","Real","$407,326","$407,326"
"R412543","R-17-W325-503E-0006-0008","LORD, MANDY A","361 KATIE DR AUSTIN, TX 78737-4465","1211 CARDIGAN ST, CEDAR PARK, TX  78613","S8209 - Forest Oaks Sec 3 Pud (amended), BLOCK E, Lot 6","L531401G"," ","S8209 - Forest Oaks Sec 3 Pud (amended)","Real","$374,236","$374,236"
"R412544","R-17-W325-503E-0007-0008","DOHERTY, MARY HERNANDEZ","1213 CARDIGAN ST  CEDAR PARK, TX 78613","1213 CARDIGAN ST, CEDAR PARK, TX  78613","S8209 - Forest Oaks Sec 3 Pud (amended), BLOCK E, Lot 7","L531401G"," ","S8209 - Forest Oaks Sec 3 Pud (amended)","Real","$352,606","$352,606"
"R412545","R-17-W325-503E-0008-0008","CHEN & YINCHUN LUO, WEI","210 BONANZA DR  ERIE, CO 80516","1215 CARDIGAN ST, CEDAR PARK, TX  78613","S8209 - Forest Oaks Sec 3 Pud (amended), BLOCK E, Lot 8","L531401G"," ","S8209 - Forest Oaks Sec 3 Pud (amended)","Real","$361,122","$361,122"
"R412546","R-17-W325-503E-0009-0008","ZHAO, DASHAN & LILI DU","PMB 90347 700 LAVACA STE STE 1400 AUSTIN, TX 78701-3102","1217 CARDIGAN ST, CEDAR PARK, TX  78613","S8209 - Forest Oaks Sec 3 Pud (amended), BLOCK E, Lot 9","L531401G"," ","S8209 - Forest Oaks Sec 3 Pud (amended)","Real","$353,939","$353,939"
"R412547","R-17-W325-503E-0010-0008","THORNTON, TIMOTHY F & GINNY LI","2324 ECHO PARK DR  LEANDER, TX 78641","1219 CARDIGAN ST, CEDAR PARK, TX  78613","S8209 - Forest Oaks Sec 3 Pud (amended), BLOCK E, Lot 10","L531401G"," ","S8209 - Forest Oaks Sec 3 Pud (amended)","Real","$403,636","$403,636"
"R412548","R-17-W325-503E-0011-0008","TODD, HOLLY RENEE","1221 CARDIGAN ST  CEDAR PARK, TX 78613","1221 CARDIGAN ST, CEDAR PARK, TX  78613","S8209 - Forest Oaks Sec 3 Pud (amended), BLOCK E, Lot 11","L531401G"," ","S8209 - Forest Oaks Sec 3 Pud (amended)","Real","$358,120","$358,120"
"R412549","R-17-W325-503E-0012-0008","PENTRO CARDIGAN LLC","1401 COUNTY ROAD 258  LIBERTY HILL, TX 78642-6256","1223 CARDIGAN ST, CEDAR PARK, TX  78613","S8209 - Forest Oaks Sec 3 Pud (amended), BLOCK E, Lot 12","L531401G"," ","S8209 - Forest Oaks Sec 3 Pud (amended)","Real","$352,606","$352,606"
"R412550","R-17-W325-503E-0013-0008","GOLD BEND I LLC","9802 TIMBER RIDGE PASS  AUSTIN, TX 78733-3140","1225 CARDIGAN ST, CEDAR PARK, TX  78613","S8209 - Forest Oaks Sec 3 Pud (amended), BLOCK E, Lot 13","L531401G"," ","S8209 - Forest Oaks Sec 3 Pud (amended)","Real","$372,649","$372,649"
"R412551","R-17-W325-503E-0014-0008","HORN, DENAVA B","208 BEREAN LN LIBERTY HILL, TX 78642-2507","1227 CARDIGAN ST, CEDAR PARK, TX  78613","S8209 - Forest Oaks Sec 3 Pud (amended), BLOCK E, Lot 14","L531401G"," ","S8209 - Forest Oaks Sec 3 Pud (amended)","Real","$352,662","$352,662"
"R412552","R-17-W325-503E-0015-0008","LIBERMAN PROPERTIES LLC","1200 W PACIFIC COAST HWY  WILMINGTON, CA 90744","1318 DINER DR, CEDAR PARK, TX  78613","S8209 - Forest Oaks Sec 3 Pud (amended), BLOCK E, Lot 15","L531401G"," ","S8209 - Forest Oaks Sec 3 Pud (amended)","Real","$363,128","$363,128"
"R412553","R-17-W325-503E-0016-0008","MARGASAHAYAM, ARVIND & VANI SUBRAMANYAM","9925 JASMINE CREEK DR  AUSTIN, TX 78726-2412","1316 DINER DR, CEDAR PARK, TX  78613","S8209 - Forest Oaks Sec 3 Pud (amended), BLOCK E, Lot 16","L531401G"," ","S8209 - Forest Oaks Sec 3 Pud (amended)","Real","$407,326","$407,326"
"R412554","R-17-W325-503E-0017-0008","ACTON, RUTH E (TOD)","1314 DINER DR  CEDAR PARK, TX 78613-3964","1314 DINER DR, CEDAR PARK, TX  78613","S8209 - Forest Oaks Sec 3 Pud (amended), BLOCK E, Lot 17","L531401G"," ","S8209 - Forest Oaks Sec 3 Pud (amended)","Real","$352,606","$352,606"
"R412555","R-17-W325-503E-0018-0008","DINER KEY SERIES LLC","604 S GADWALL LN  CEDAR PARK, TX 78613","1312 DINER DR, CEDAR PARK, TX  78613","S8209 - Forest Oaks Sec 3 Pud (amended), BLOCK E, Lot 18","L531401G"," ","S8209 - Forest Oaks Sec 3 Pud (amended)","Real","$358,623","$358,623"
"R412556","R-17-W325-503E-0019-0008","Unknown","Unknown","1310 DINER DR, CEDAR PARK, TX  78613","S8209 - Forest Oaks Sec 3 Pud (amended), BLOCK E, Lot 19","L531401G"," ","S8209 - Forest Oaks Sec 3 Pud (amended)","Real","$366,711","$366,711"
"R412557","R-17-W325-503E-0020-0008","SALINAS, ROSA L","1308 DINER DR  CEDAR PARK, TX 78613","1308 DINER DR, CEDAR PARK, TX  78613","S8209 - Forest Oaks Sec 3 Pud (amended), BLOCK E, Lot 20","L531401G"," ","S8209 - Forest Oaks Sec 3 Pud (amended)","Real","$413,092","$413,092"
"R412558","R-17-W325-503E-0021-0008","WADE STAFFORD III & KATHERINE STAFFORD TRS STAFFORD LIVING TRUST","2016 RIDGE RUNNER DR  GEORGETOWN, TX 78628-3865","1306 DINER DR, CEDAR PARK, TX  78613","S8209 - Forest Oaks Sec 3 Pud (amended), BLOCK E, Lot 21","L531401G"," ","S8209 - Forest Oaks Sec 3 Pud (amended)","Real","$367,934","$367,934"
"R412559","R-17-W325-503E-0022-0008","JINRIGHT, SUSAN & DAVID","1304 DINER DR  CEDAR PARK, TX 78613-3964","1304 DINER DR, CEDAR PARK, TX  78613","S8209 - Forest Oaks Sec 3 Pud (amended), BLOCK E, Lot 22","L531401G"," ","S8209 - Forest Oaks Sec 3 Pud (amended)","Real","$432,634","$432,634"
"R412560","R-17-W325-503E-0023-0008","MARCUS, STEVEN H","27240 TURNBERRY LN  #STE 200 VALENCIA, CA 91355-1045","1302 DINER DR, CEDAR PARK, TX  78613","S8209 - Forest Oaks Sec 3 Pud (amended), BLOCK E, Lot 23","L531401G"," ","S8209 - Forest Oaks Sec 3 Pud (amended)","Real","$411,070","$411,070"
"R412561","R-17-W325-503E-0024-0008","ARMSTRONG, GAY LYNN (LE)","1124 RAWHIDE TRL  CEDAR PARK, TX 78613-3921","1124 RAWHIDE TRL, CEDAR PARK, TX  78613","S8209 - Forest Oaks Sec 3 Pud (amended), BLOCK E, Lot 24","L531401G"," ","S8209 - Forest Oaks Sec 3 Pud (amended)","Real","$412,879","$412,879"
"R412562","R-17-W325-503E-0025-0008","BHATTACHARYA, SHUVAJIT & PALLAVI CHAKRAVORTY","1122 RAWHHIDE TRL  CEDAR PARK, TX 78613","1122 RAWHIDE TRL, CEDAR PARK, TX  78613","S8209 - Forest Oaks Sec 3 Pud (amended), BLOCK E, Lot 25","L531401G"," ","S8209 - Forest Oaks Sec 3 Pud (amended)","Real","$363,157","$363,157"
"R412563","R-17-W325-503E-0027-0008","FOREST OAKS OWNERS ASSOC INC","Attn: SPECTRUM ASSOCIATION MGT 17319 SAN PEDRO AVE STE 318 SAN ANTONIO, TX 78232-1443","BANDSTAND LN, CEDAR PARK, TX  78613","S8209 - Forest Oaks Sec 3 Pud (amended), BLOCK E, Lot 27, (ALLEY EASEMENT)","L531401G"," ","S8209 - Forest Oaks Sec 3 Pud (amended)","Real","$300","$300"
"R412564","R-17-W325-503B-0039-0008","FOREST OAKS OWNERS ASSOC INC","Attn: SPECTRUM ASSOCIATION MGT 17319 SAN PEDRO AVE STE 318 SAN ANTONIO, TX 78232-1443","1104 RAWHIDE TRL, CEDAR PARK, TX  78613","S8209 - Forest Oaks Sec 3 Pud (amended), BLOCK B, Lot 39, ACRES 1.84, (PIPELINE EASEMENT)","L531401G"," ","S8209 - Forest Oaks Sec 3 Pud (amended)","Real","$552","$552"
"R416721","R-17-W324-070A-0034-0008","QUINN, NATALIA","1000 BRETTON WOODS DR  CEDAR PARK, TX 78613","1000 BRETTON WOODS DR, CEDAR PARK, TX  78613","S7846 - Forest Oaks Sec 7, BLOCK A, Lot 34","L526504D"," ","S7846 - Forest Oaks Sec 7","Real","$478,616","$478,616"
"R416722","R-17-W324-070A-0072-0008","NGUYEN, BICHTHUY THI","311 S LYNNWOOD TRL  CEDAR PARK, TX 78613","311 LYNNWOOD TRL S, CEDAR PARK, TX  78613","S7846 - Forest Oaks Sec 7, BLOCK A, Lot 72","L526504D"," ","S7846 - Forest Oaks Sec 7","Real","$502,656","$502,656"
"R416723","R-17-W324-070A-0073-0008","MCCOY, JOHN R (TOD) & JOANN V (TOD)","309 S LYNNWOOD TRL  CEDAR PARK, TX 78613","309 LYNNWOOD TRL S, CEDAR PARK, TX  78613","S7846 - Forest Oaks Sec 7, BLOCK A, Lot 73","L526504D"," ","S7846 - Forest Oaks Sec 7","Real","$635,092","$635,092"
"R416724","R-17-W324-070A-0074-0008","KHOURY, FREDRICK & SANDRA GAYLE","307 S LYNNWOOD TRL  CEDAR PARK, TX 78613","307 LYNNWOOD TRL S, CEDAR PARK, TX  78613","S7846 - Forest Oaks Sec 7, BLOCK A, Lot 74","L526504D"," ","S7846 - Forest Oaks Sec 7","Real","$668,721","$668,721"
"R416725","R-17-W324-070A-0075-0008","GRADY, BARBARA JANE","305 S LYNNWOOD TRL  CEDAR PARK, TX 78613","305 LYNNWOOD TRL S, CEDAR PARK, TX  78613","S7846 - Forest Oaks Sec 7, BLOCK A, Lot 75","L526504D"," ","S7846 - Forest Oaks Sec 7","Real","$493,074","$493,074"
"R416726","R-17-W324-070A-0076-0008","ABDOU, AHLAM","303 S LYNNWOOD TRL  CEDAR PARK, TX 78613","303 S LYNNWOOD TRL, CEDAR PARK, TX  78613","S7846 - Forest Oaks Sec 7, BLOCK A, Lot 76","L526504D"," ","S7846 - Forest Oaks Sec 7","Real","$683,771","$683,771"
"R416727","R-17-W324-070A-0077-0008","ARIAN, ARYA & AZAR","301 S LYNNWOOD TRL  CEDAR PARK, TX 78613-3255","301 S LYNNWOOD TRL, CEDAR PARK, TX  78613","S7846 - Forest Oaks Sec 7, BLOCK A, Lot 77","L526504D"," ","S7846 - Forest Oaks Sec 7","Real","$675,918","$675,918"
"R416728","R-17-W324-070A-0078-0008","NGUYEN, QUANG N","209 S LYNNWOOD TRL CEDAR PARK, TX 78613-3250","209 S LYNNWOOD TRL, CEDAR PARK, TX  78613","S7846 - Forest Oaks Sec 7, BLOCK A, Lot 78","L526504D"," ","S7846 - Forest Oaks Sec 7","Real","$618,618","$618,618"
"R416729","R-17-W324-070A-0079-0008","HAM, MICHELLE & MARK A","207 S LYNNWOOD TRL CEDAR PARK, TX 78613-3250","207 S LYNNWOOD TRL, CEDAR PARK, TX  78613","S7846 - Forest Oaks Sec 7, BLOCK A, Lot 79","L526504D"," ","S7846 - Forest Oaks Sec 7","Real","$479,680","$479,680"
"R416730","R-17-W324-070A-0080-0008","MOODY, SARAH B & CHRISTOPHER W","205 S LYNNWOOD TRL  CEDAR PARK, TX 78613","205 S LYNNWOOD TRL, CEDAR PARK, TX  78613","S7846 - Forest Oaks Sec 7, BLOCK A, Lot 80","L526504D"," ","S7846 - Forest Oaks Sec 7","Real","$503,966","$503,966"
"R416731","R-17-W324-070A-0081-0008","CHOATE, JODI LYNN & JULIA OLDHAM","1009 LINDEN LOOP  CEDAR PARK, TX 78613-3252","1009 LINDEN LOOP, CEDAR PARK, TX  78613","S7846 - Forest Oaks Sec 7, BLOCK A, Lot 81","L526504D"," ","S7846 - Forest Oaks Sec 7","Real","$634,244","$634,244"
"R416732","R-17-W324-070A-0082-0008","FIONA H BARNETT & HAL W BARNETT TRS OF THE BARNETT 2024 REVOCABLE TRUST","4070 SPRING MOUNTAIN RD  SAINT HELENA, CA 94574-9773","1007 LINDEN LOOP, CEDAR PARK, TX  78613","S7846 - Forest Oaks Sec 7, BLOCK A, Lot 82","L526504D"," ","S7846 - Forest Oaks Sec 7","Real","$516,849","$516,849"
"R416733","R-17-W324-070A-0083-0008","MATA LEASING LLC","733 231ST ST SE BOTHELL, WA 98021","1005 LINDEN LOOP, CEDAR PARK, TX  78613","S7846 - Forest Oaks Sec 7, BLOCK A, Lot 83","L526504D"," ","S7846 - Forest Oaks Sec 7","Real","$604,558","$604,558"
"R416734","R-17-W324-070A-0084-0008","1003 LINDEN LOOP LLC","7912 TEXAS PLUME RD  AUSTIN, TX 78759-6015","1003 LINDEN LOOP, CEDAR PARK, TX  78613","S7846 - Forest Oaks Sec 7, BLOCK A, Lot 84","L526504D"," ","S7846 - Forest Oaks Sec 7","Real","$601,941","$601,941"
"R416735","R-17-W324-070A-0085-0008","CHAI, BENJAMIN & ANJIE SUN","1464 VIA SANGRO PL WINTER PARK, FL 32792-6243","1001 LINDEN LOOP, CEDAR PARK, TX  78613","S7846 - Forest Oaks Sec 7, BLOCK A, Lot 85","L526504D"," ","S7846 - Forest Oaks Sec 7","Real","$670,736","$670,736"
"R416736","R-17-W324-070A-0086-0008","WANG, JUN CHIEH & CONG","913 LINDEN LOOP  CEDAR PARK, TX 78613","913 LINDEN LOOP, CEDAR PARK, TX  78613","S7846 - Forest Oaks Sec 7, BLOCK A, Lot 86","L526504D"," ","S7846 - Forest Oaks Sec 7","Real","$635,725","$635,725"
"R416737","R-17-W324-070A-0087-0008","ROBBINS, SARAH","911 LINDEN LOOP  CEDAR PARK, TX 78613","911 LINDEN LOOP, CEDAR PARK, TX  78613","S7846 - Forest Oaks Sec 7, BLOCK A, Lot 87","L526504D"," ","S7846 - Forest Oaks Sec 7","Real","$508,693","$508,693"
"R416738","R-17-W324-070A-0088-0008","EDDINGS, RICHARD L, II","909 LINDEN LOOP  CEDAR PARK, TX 78613","909 LINDEN LP, CEDAR PARK, TX  78613","S7846 - Forest Oaks Sec 7, BLOCK A, Lot 88","L526504D"," ","S7846 - Forest Oaks Sec 7","Real","$512,023","$512,023"
"R416739","R-17-W324-070A-0089-0008","ARUMUGHAN, HARI RAMESH & MADHULIKA SINHA","907 LINDEN LOOP  CEDAR PARK, TX 78613","907 LINDEN LOOP, CEDAR PARK, TX  78613","S7846 - Forest Oaks Sec 7, BLOCK A, Lot 89","L526504D"," ","S7846 - Forest Oaks Sec 7","Real","$639,201","$639,201"
"R416740","R-17-W324-070A-0090-0008","COLES, THOMAS A & LEANNE PAULIN","905 LINDEN LOOP CEDAR PARK, TX 78613-3251","905 LINDEN LOOP, CEDAR PARK, TX  78613","S7846 - Forest Oaks Sec 7, BLOCK A, Lot 90","L526504D"," ","S7846 - Forest Oaks Sec 7","Real","$581,971","$581,971"
"R416741","R-17-W324-070A-0091-0008","HODGES, ROBERT PATRICK","903 LINDEN LOOP CEDAR PARK, TX 78613-3251","903 LINDEN LOOP, CEDAR PARK, TX  78613","S7846 - Forest Oaks Sec 7, BLOCK A, Lot 91","L526504D"," ","S7846 - Forest Oaks Sec 7","Real","$631,193","$631,193"
"R416742","R-17-W324-070A-0092-0008","KIKEL, JEFFREY C & CRYSTAL A","901 LINDEN LOOP  CEDAR PARK, TX 78613","901 LINDEN LOOP, CEDAR PARK, TX  78613","S7846 - Forest Oaks Sec 7, BLOCK A, Lot 92","L526504D"," ","S7846 - Forest Oaks Sec 7","Real","$661,209","$661,209"
"R416743","R-17-W324-070A-0093-0008","ERICKSON, MARGARET E & RAYMOND A CHARNECKI","811 LINDEN LOOP  CEDAR PARK, TX 78613-3254","811 LINDEN LP, CEDAR PARK, TX  78613","S7846 - Forest Oaks Sec 7, BLOCK A, Lot 93","L526504D"," ","S7846 - Forest Oaks Sec 7","Real","$656,553","$656,553"
"R416744","R-17-W324-070A-0094-0008","SCHNOBRICH, STEVE & VIRGINIA","809 LINDEN LOOP CEDAR PARK, TX 78613-3254","809 LINDEN LP, CEDAR PARK, TX  78613","S7846 - Forest Oaks Sec 7, BLOCK A, Lot 94","L526504D"," ","S7846 - Forest Oaks Sec 7","Real","$649,149","$649,149"
"R416745","R-17-W324-070A-0095-0008","GUTIERREZ, VINCENT E & ANGELINA","807 LINDEN LOOP  CEDAR PARK, TX 78613","807 LINDEN LP, CEDAR PARK, TX  78613","S7846 - Forest Oaks Sec 7, BLOCK A, Lot 95","L526504D"," ","S7846 - Forest Oaks Sec 7","Real","$671,100","$671,100"
"R416746","R-17-W324-070A-0096-0008","BAGUIO, MARIA C E & ERICSON C","805 LINDEN LOOP  CEDAR PARK, TX 78613","805 LINDEN LOOP, CEDAR PARK, TX  78613","S7846 - Forest Oaks Sec 7, BLOCK A, Lot 96","L526504D"," ","S7846 - Forest Oaks Sec 7","Real","$565,507","$565,507"
"R416747","R-17-W324-070A-0096-A008","CITY OF CEDAR PARK","450 CYPRESS CREEK  #BLDG 1 CEDAR PARK, TX 78613","101 LYNNWOOD TRL S, CEDAR PARK, TX  78613","S7846 - Forest Oaks Sec 7, BLOCK A, Lot 96-A, ACRES 11.37, (PARKLAND)","L526504D"," ","S7846 - Forest Oaks Sec 7","Real","$3,411","$3,411"
"R416748","R-17-W324-070A-0097-0008","SPARROW, ERICA & KEVIN COX","803 LINDEN LOOP  CEDAR PARK, TX 78613","803 LINDEN LP, CEDAR PARK, TX  78613","S7846 - Forest Oaks Sec 7, BLOCK A, Lot 97","L526504D"," ","S7846 - Forest Oaks Sec 7","Real","$574,225","$574,225"
"R416749","R-17-W324-070A-0098-0008","HOERNKE, TAISTO & BRANDY","801 LINDEN LOOP  CEDAR PARK, TX 78613","801 LINDEN LP, CEDAR PARK, TX  78613","S7846 - Forest Oaks Sec 7, BLOCK A, Lot 98","L526504D"," ","S7846 - Forest Oaks Sec 7","Real","$615,890","$615,890"
"R416750","R-17-W324-070C-0001-0008","PRADO, MARCELA & DIEGO ALAN DESSENS GONZALEZ","431 S LYNNWOOD TRL CEDAR PARK, TX 78613-3246","431 LYNNWOOD TRL, CEDAR PARK, TX  78613","S7846 - Forest Oaks Sec 7, BLOCK C, Lot 1","L526504D"," ","S7846 - Forest Oaks Sec 7","Real","$621,147","$621,147"
"R416751","R-17-W324-070C-0002-0008","CHEN, CHANG WEI","1004 BRETTON WOODS DR  CEDAR PARK, TX 78613-3267","429 LYNNWOOD TRL, CEDAR PARK, TX  78613","S7846 - Forest Oaks Sec 7, BLOCK C, Lot 2","L526504D"," ","S7846 - Forest Oaks Sec 7","Real","$461,162","$461,162"
"R416752","R-17-W324-070C-0003-0008","FORREST, MICHAEL & SANDRA","427 S LYNNWOOD TRL CEDAR PARK, TX 78613-3246","427 LYNNWOOD TRL S, CEDAR PARK, TX  78613","S7846 - Forest Oaks Sec 7, BLOCK C, Lot 3","L526504D"," ","S7846 - Forest Oaks Sec 7","Real","$505,151","$505,151"
"R416753","R-17-W324-070C-0004-0008","NGUYEN, VIVIAN & SINH HOANG","425 S LYNNWOOD TRL  CEDAR PARK, TX 78613","425 LYNNWOOD TRL S, CEDAR PARK, TX  78613","S7846 - Forest Oaks Sec 7, BLOCK C, Lot 4","L526504D"," ","S7846 - Forest Oaks Sec 7","Real","$643,481","$643,481"
"R416754","R-17-W324-070C-0005-0008","WANG, JAMES","423 S LYNNWOOD TRL  CEDAR PARK, TX 78613-3246","423 LYNNWOOD TRL S, CEDAR PARK, TX  78613","S7846 - Forest Oaks Sec 7, BLOCK C, Lot 5","L526504D"," ","S7846 - Forest Oaks Sec 7","Real","$597,854","$597,854"
"R416755","R-17-W324-070C-0006-0008","ROHLINGER, MICHAEL & LINDSAY ALBERTIN","421 LYNNWOOD TRL S CEDAR PARK, TX 78613","421 LYNNWOOD TRL S, CEDAR PARK, TX  78613","S7846 - Forest Oaks Sec 7, BLOCK C, Lot 6","L526504D"," ","S7846 - Forest Oaks Sec 7","Real","$525,138","$525,138"
"R416756","R-17-W324-070C-0007-0008","ESER, HASAN","419 S LYNNWOOD TRL  CEDAR PARK, TX 78613","419 LYNNWOOD TRL S, CEDAR PARK, TX  78613","S7846 - Forest Oaks Sec 7, BLOCK C, Lot 7","L526504D"," ","S7846 - Forest Oaks Sec 7","Real","$671,235","$671,235"
"R416757","R-17-W324-070C-0008-0008","JANISH, KATHRINE E","417 LYNNWOOD TRL S CEDAR PARK, TX 78613","417 LYNNWOOD TRL S, CEDAR PARK, TX  78613","S7846 - Forest Oaks Sec 7, BLOCK C, Lot 8","L526504D"," ","S7846 - Forest Oaks Sec 7","Real","$507,181","$507,181"
"R416758","R-17-W324-070C-0009-0008","INIGUEZ, FERNANDO VAZQUEZ & MARINA TELLO MACIAS","415 S LYNNWOOD TRL  CEDAR PARK, TX 78613","415 LYNNWOOD TRL S, CEDAR PARK, TX  78613","S7846 - Forest Oaks Sec 7, BLOCK C, Lot 9","L526504D"," ","S7846 - Forest Oaks Sec 7","Real","$432,450","$432,450"
"R416759","R-17-W324-070C-0010-0008","BLANTON, TINA & DEBORAH ESPE","413 S LYNNWOOD TRL CEDAR PARK, TX 78613-3246","413 LYNNWOOD TRL S, CEDAR PARK, TX  78613","S7846 - Forest Oaks Sec 7, BLOCK C, Lot 10","L526504D"," ","S7846 - Forest Oaks Sec 7","Real","$714,390","$714,390"
"R416760","R-17-W324-070C-0011-0008","HASANOVIC, ELDAR & LINDSAY MADISON","411 S LYNNWOOD TRL  CEDAR PARK, TX 78613-3246","411 S LYNNWOOD TRL, CEDAR PARK, TX  78613","S7846 - Forest Oaks Sec 7, BLOCK C, Lot 11","L526504D"," ","S7846 - Forest Oaks Sec 7","Real","$659,630","$659,630"
"R416761","R-17-W324-070C-0012-0008","AARON, KEVIN S & JESSICA R","409 S LYNNWOOD TRL CEDAR PARK, TX 78613-3246","409 LYNNWOOD TRL S, CEDAR PARK, TX  78613","S7846 - Forest Oaks Sec 7, BLOCK C, Lot 12","L526504D"," ","S7846 - Forest Oaks Sec 7","Real","$506,688","$506,688"
"R416762","R-17-W324-070C-0013-0008","ROBLES, ROBERT","407 S LYNNWOOD TRL  CEDAR PARK, TX 78613","407 LYNNWOOD TRL S, CEDAR PARK, TX  78613","S7846 - Forest Oaks Sec 7, BLOCK C, Lot 13","L526504D"," ","S7846 - Forest Oaks Sec 7","Real","$601,498","$601,498"
"R416763","R-17-W324-070C-0014-0008","SAPRU, NISHA L & AROON JHAM","5652 MATTERHORN DR  FRISCO, TX 75035-4858","405 LYNNWOOD TRL S, CEDAR PARK, TX  78613","S7846 - Forest Oaks Sec 7, BLOCK C, Lot 14","L526504D"," ","S7846 - Forest Oaks Sec 7","Real","$505,151","$505,151"
"R416764","R-17-W324-070C-0015-0008","THAKKAR, GAURAV & MUKTI","403 S LYNNWOOD TRL  CEDAR PARK, TX 78613","403 LYNNWOOD TRL S, CEDAR PARK, TX  78613","S7846 - Forest Oaks Sec 7, BLOCK C, Lot 15","L526504D"," ","S7846 - Forest Oaks Sec 7","Real","$660,262","$660,262"
"R416765","R-17-W324-070C-0016-0008","IMRAN, AZHAR","401 LYNNWOOD TRL S CEDAR PARK, TX 78613","401 LYNNWOOD TRL S, CEDAR PARK, TX  78613","S7846 - Forest Oaks Sec 7, BLOCK C, Lot 16","L526504D"," ","S7846 - Forest Oaks Sec 7","Real","$686,474","$686,474"
"R416766","R-17-W324-070D-0010-0008","HASSAN, MOHAMMAD MASUD & TASLIMA AKTER","438 S LYNNWOOD TRL  CEDAR PARK, TX 78613-3246","438 LYNNWOOD TRL S, CEDAR PARK, TX  78613","S7846 - Forest Oaks Sec 7, BLOCK D, Lot 10","L526504D"," ","S7846 - Forest Oaks Sec 7","Real","$672,784","$672,784"
"R416767","R-17-W324-070D-0011-0008","LEVENTHAL, KELLI","436 S LYNNWOOD TRL  CEDAR PARK, TX 78613","436 S LYNNWOOD TRL, CEDAR PARK, TX  78613","S7846 - Forest Oaks Sec 7, BLOCK D, Lot 11","L526504D"," ","S7846 - Forest Oaks Sec 7","Real","$495,891","$495,891"
"R416768","R-17-W324-070D-0012-0008","BANDAPALLI, KIRAN KUMAR (TOD)","434 S LYNNWOOD TRL  CEDAR PARK, TX 78613-3246","434 S LYNNWOOD TRL, CEDAR PARK, TX  78613","S7846 - Forest Oaks Sec 7, BLOCK D, Lot 12","L526504D"," ","S7846 - Forest Oaks Sec 7","Real","$658,478","$658,478"
"R416769","R-17-W324-070D-0013-0008","COTE, STACI & CHRIS","432 S LYNNWOOD TRL  CEDAR PARK, TX 78613","432 LYNNWOOD TRL S, CEDAR PARK, TX  78613","S7846 - Forest Oaks Sec 7, BLOCK D, Lot 13","L526504D"," ","S7846 - Forest Oaks Sec 7","Real","$441,818","$441,818"
"R416770","R-17-W324-070D-0014-0008","SZOWA RENATA M (TOD)","430 S LYNNWOOD TRL  CEDAR PARK, TX 78613","430 S LYNNWOOD TRL, CEDAR PARK, TX  78613","S7846 - Forest Oaks Sec 7, BLOCK D, Lot 14","L526504D"," ","S7846 - Forest Oaks Sec 7","Real","$501,548","$501,548"
"R416771","R-17-W324-070D-0015-0008","KOBAYASHI, MARK K & WAI F","428 S LYNNWOOD TRL  CEDAR PARK, TX 78613","428 S LYNNWOOD TRL, CEDAR PARK, TX  78613","S7846 - Forest Oaks Sec 7, BLOCK D, Lot 15","L526504D"," ","S7846 - Forest Oaks Sec 7","Real","$493,349","$493,349"
"R416772","R-17-W324-070D-0016-0008","BONDA, SRI KUMAR & VENKATA DEEPTI SUPRIYA BONDA","426 S LYNNWOOD TRL  CEDAR PARK, TX 78613","426 S LYNNWOOD TRL, CEDAR PARK, TX  78613","S7846 - Forest Oaks Sec 7, BLOCK D, Lot 16","L526504D"," ","S7846 - Forest Oaks Sec 7","Real","$636,470","$636,470"
"R416773","R-17-W324-070D-0017-0008","KAEWKAO, THAVRON & SUJITRA CHUJARANE","424 S LYNNWOOD TRL  CEDAR PARK, TX 78613","424 S LYNNWOOD TRL, CEDAR PARK, TX  78613","S7846 - Forest Oaks Sec 7, BLOCK D, Lot 17","L526504D"," ","S7846 - Forest Oaks Sec 7","Real","$504,094","$504,094"
"R416774","R-17-W324-070D-0018-0008","WARNOCK, LEWIS BRADFORD","422 S LYNNWOOD TRL  CEDAR PARK, TX 78613","422 S LYNNWOOD TRL, CEDAR PARK, TX  78613","S7846 - Forest Oaks Sec 7, BLOCK D, Lot 18","L526504D"," ","S7846 - Forest Oaks Sec 7","Real","$674,496","$674,496"
"R416775","R-17-W324-070D-0019-0008","HELIOPOLIS PROPERTIES LLC","211 CECILIA CT COLLEGE STATION, TX 77845","420 S LYNNWOOD TRL, CEDAR PARK, TX  78613","S7846 - Forest Oaks Sec 7, BLOCK D, Lot 19","L526504D"," ","S7846 - Forest Oaks Sec 7","Real","$499,877","$499,877"
"R416776","R-17-W324-070D-0020-0008","GIRVAN, GREGG A & ASHLEY J","418 LYNNWOOD TRL  CEDAR PARK, TX 78613","418 S LYNNWOOD TRL, CEDAR PARK, TX  78613","S7846 - Forest Oaks Sec 7, BLOCK D, Lot 20","L526504D"," ","S7846 - Forest Oaks Sec 7","Real","$629,016","$629,016"
"R416777","R-17-W324-070D-0021-0008","GROETSCH, IAN A & ELZABETH A SABOL","801 DARKWOODS CT  CEDAR PARK, TX 78613","801 DARKWOODS CT, CEDAR PARK, TX  78613","S7846 - Forest Oaks Sec 7, BLOCK D, Lot 21","L526504D"," ","S7846 - Forest Oaks Sec 7","Real","$491,224","$491,224"
"R416778","R-17-W324-070D-0022-0008","ROBERTS, KEITH & SHUXIN ZHOU","803 DARKWOODS CT  CEDAR PARK, TX 78613","803 DARKWOODS CT, CEDAR PARK, TX  78613","S7846 - Forest Oaks Sec 7, BLOCK D, Lot 22","L526504D"," ","S7846 - Forest Oaks Sec 7","Real","$476,699","$476,699"
"R416779","R-17-W324-070D-0023-0008","LAWSON, BRADLEY & JENNIFER","805 DARKWOODS CT  CEDAR PARK, TX 78613","805 DARKWOODS CT, CEDAR PARK, TX  78613","S7846 - Forest Oaks Sec 7, BLOCK D, Lot 23","L526504D"," ","S7846 - Forest Oaks Sec 7","Real","$550,365","$550,365"
"R416780","R-17-W324-070D-0024-0008","DANIEL, THOMAS J & LAURA","806 DARKWOODS CT  CEDAR PARK, TX 78613","806 DARKWOODS CT, CEDAR PARK, TX  78613","FOREST OAKS SEC 7, BLOCK D, LOT 24","L526504D"," ","S7846 - Forest Oaks Sec 7","Real","$721,861","$721,861"
"R416781","R-17-W324-070D-0025-0008","BARNCASTLE, NATASHA & CHRIS","8016 LANSFORD RD CHARLOTTE, NC 28277-2925","804 DARKWOODS CT, CEDAR PARK, TX  78613","S7846 - Forest Oaks Sec 7, BLOCK D, Lot 25","L526504D"," ","S7846 - Forest Oaks Sec 7","Real","$716,374","$716,374"
"R416782","R-17-W324-070D-0026-0008","RYE, GEMMA & LAWRENCE JAMES","802 DARKWOODS CT  CEDAR PARK, TX 78613-3266","802 DARKWOODS CT, CEDAR PARK, TX  78613","S7846 - Forest Oaks Sec 7, BLOCK D, Lot 26","L526504D"," ","S7846 - Forest Oaks Sec 7","Real","$655,216","$655,216"
"R416783","R-17-W324-070D-0027-0008","CARRASCO, RUBEN (TOD) & GISEL (TOD)","800 DARKWOODS CT  CEDAR PARK, TX 78613-3266","800 DARKWOODS CT, CEDAR PARK, TX  78613","S7846 - Forest Oaks Sec 7, BLOCK D, Lot 27","L526504D"," ","S7846 - Forest Oaks Sec 7","Real","$510,877","$510,877"
"R416784","R-17-W324-070D-0028-0008","LAM, ALAN","412 DARKWOODS DR  CEDAR PARK, TX 78613","412 DARKWOODS DR, CEDAR PARK, TX  78613","S7846 - Forest Oaks Sec 7, BLOCK D, Lot 28","L526504D"," ","S7846 - Forest Oaks Sec 7","Real","$635,225","$635,225"
"R416785","R-17-W324-070D-0029-D008","CITY OF CEDAR PARK","450 CYPRESS CREEK  #BLDG 1 CEDAR PARK, TX 78613","514 LYNNWOOD TRL S, CEDAR PARK, TX  78613","S7846 - Forest Oaks Sec 7, BLOCK D, Lot 29-D, ACRES 1.14, (PARKLAND)","L526504D"," ","S7846 - Forest Oaks Sec 7","Real","$342","$342"
"R416786","R-17-W324-070E-0001-0008","ORFILA, ROSEMARIE & CARLOS RENIER","411 DARKWOODS DR  CEDAR PARK, TX 78613-3225","411 DARKWOODS DR, CEDAR PARK, TX  78613","S7846 - Forest Oaks Sec 7, BLOCK E, Lot 1","L526504D"," ","S7846 - Forest Oaks Sec 7","Real","$465,390","$472,527"
"R416787","R-17-W324-070E-0002-0008","VIRANI, NIKUNJ & KHUSHBU","3766 EVANGELHO CIR  SAN JOSE, CA 95148","409 DARKWOODS DR, CEDAR PARK, TX  78613","S7846 - Forest Oaks Sec 7, BLOCK E, Lot 2","L526504D"," ","S7846 - Forest Oaks Sec 7","Real","$666,544","$666,544"
"R416788","R-17-W324-070E-0003-0008","YASHAVANTHA KUMAR GUDIGENAHALLI SUDHAKAR","721 CASCADA LN ROUND ROCK, TX 78681-1787","407 DARKWOODS DR, CEDAR PARK, TX  78613","S7846 - Forest Oaks Sec 7, BLOCK E, Lot 3","L526504D"," ","S7846 - Forest Oaks Sec 7","Real","$653,968","$653,968"
"R416789","R-17-W324-070E-0004-0008","BECKINGER, ERIC","2721 62ND AVE NW OLYMPIA, WA 98502-3420","405 DARKWOODS DR, CEDAR PARK, TX  78613","S7846 - Forest Oaks Sec 7, BLOCK E, Lot 4","L526504D"," ","S7846 - Forest Oaks Sec 7","Real","$645,319","$645,319"
"R416790","R-17-W324-070E-0005-0008","IRWIN, JASON & SHARON","PO BOX 11861 SPRING, TX 77391-1861","403 DARKWOODS DR, CEDAR PARK, TX  78613","S7846 - Forest Oaks Sec 7, BLOCK E, Lot 5","L526504D"," ","S7846 - Forest Oaks Sec 7","Real","$725,509","$725,509"
"R416791","R-17-W324-070E-0006-0008","BAJKUSA, NEDELJKO, GORDANA & BOJAN","401 DARK WOODS DR  CEDAR PARK, TX 78613","401 DARKWOODS DR, LEANDER, TX  78613","S7846 - Forest Oaks Sec 7, BLOCK E, Lot 6","L526504D"," ","S7846 - Forest Oaks Sec 7","Real","$566,307","$566,307"
"R416792","R-17-W324-070E-0007-0008","AUTRY, BRITTON JOHN & STEPHANIE HOPKINSON","307 DARKWOODS DR  CEDAR PARK, TX 78613","307 DARKWOODS DR, CEDAR PARK, TX  78613","S7846 - Forest Oaks Sec 7, BLOCK E, Lot 7","L526504D"," ","S7846 - Forest Oaks Sec 7","Real","$603,088","$603,088"
"R416793","R-17-W324-070E-0008-0008","MATISON, JASON W & JENNIFER R","305 DARKWOODS DR  CEDAR PARK, TX 78613-3265","305 DARKWOODS CT, CEDAR PARK, TX  78613","S7846 - Forest Oaks Sec 7, BLOCK E, Lot 8","L526504D"," ","S7846 - Forest Oaks Sec 7","Real","$586,515","$586,515"
"R416794","R-17-W324-070E-0009-0008","VINEGAR, BRYAN R & ERIN M","303 DARKWOODS CT  CEDAR PARK, TX 78613","303 DARKWOODS CT, CEDAR PARK, TX  78613","S7846 - Forest Oaks Sec 7, BLOCK E, Lot 9","L526504D"," ","S7846 - Forest Oaks Sec 7","Real","$699,823","$699,823"
"R416795","R-17-W324-070E-0010-0008","RUTKOWSKI, CLAUDIA","PO BOX 150342 AUSTIN, TX 78715-0342","301 DARKWOODS DR, CEDAR PARK, TX  78613","S7846 - Forest Oaks Sec 7, BLOCK E, Lot 10","L526504D"," ","S7846 - Forest Oaks Sec 7","Real","$497,359","$497,359"
"R416796","R-17-W324-070E-0011-0008","GLORIA, GREG JUAN & REBECCA YVONNE","416 S LYNNWOOD TRL CEDAR PARK, TX 78613-3246","416 LYNNWOOD TRL S, CEDAR PARK, TX  78613","S7846 - Forest Oaks Sec 7, BLOCK E, Lot 11","L526504D"," ","S7846 - Forest Oaks Sec 7","Real","$630,706","$630,706"
"R416797","R-17-W324-070E-0012-0008","MARTINEZ, MICHELLE & HECTOR","414 S LYNNWOOD TRL  CEDAR PARK, TX 78613-3248","414 LYNNWOOD TRL, CEDAR PARK, TX  78613","S7846 - Forest Oaks Sec 7, BLOCK E, Lot 12","L526504D"," ","S7846 - Forest Oaks Sec 7","Real","$667,732","$667,732"
"R416798","R-17-W324-070E-0013-0008","ADELI, ASAD & LAUREN","412 S LYNNWOOD TRL  CEDAR PARK, TX 78613","412 S LYNNWOOD TRL, CEDAR PARK, TX  78613","S7846 - Forest Oaks Sec 7, BLOCK E, Lot 13","L526504D"," ","S7846 - Forest Oaks Sec 7","Real","$444,331","$444,331"
"R416799","R-17-W324-070E-0014-0008","HAMBY, JAMES D & PAMELA J","410 S LYNNWOOD TRL  CEDAR PARK, TX 78613","410 LYNNWOOD TRL S, CEDAR PARK, TX  78613","FOREST OAKS SEC 7, BLOCK E, LOT 14","L526504D"," ","S7846 - Forest Oaks Sec 7","Real","$655,899","$655,899"
"R416800","R-17-W324-070E-0015-0008","PARKER, DAVID RYAN & KATRINA","408 S LYNNWOOD TRL  CEDAR PARK, TX 78613","408 S LYNNWOOD TRL, CEDAR PARK, TX  78613","S7846 - Forest Oaks Sec 7, BLOCK E, Lot 15","L526504D"," ","S7846 - Forest Oaks Sec 7","Real","$620,719","$620,719"
"R416801","R-17-W324-070E-0016-0008","MASSEY, LEA A (TOD)","406 S LYNNWOOD TRL  CEDAR PARK, TX 78613-3246","406 S LYNNWOOD TRL, CEDAR PARK, TX  78613","S7846 - Forest Oaks Sec 7, BLOCK E, Lot 16","L526504D"," ","S7846 - Forest Oaks Sec 7","Real","$611,304","$611,304"
"R416802","R-17-W324-070E-0017-0008","NGUYEN, TRANG (TOD)","404 S LYNNWOOD TRL  CEDAR PARK, TX 78613","404 S LYNNWOOD TRL, CEDAR PARK, TX  78613","S7846 - Forest Oaks Sec 7, BLOCK E, Lot 17","L526504D"," ","S7846 - Forest Oaks Sec 7","Real","$503,198","$503,198"
"R416803","R-17-W324-070E-0018-0008","URESTE, ERICA M","402 S LYNNWOOD TRL  CEDAR PARK, TX 78613","402 LYNNWOOD TRL S, CEDAR PARK, TX  78613","S7846 - Forest Oaks Sec 7, BLOCK E, Lot 18","L526504D"," ","S7846 - Forest Oaks Sec 7","Real","$446,005","$446,005"
"R416804","R-17-W324-070E-0019-0008","CONNELLY, SHANE","923 GENTRY DR  LEANDER, TX 78641-8364","400 LYNNWOOD TRL S, CEDAR PARK, TX  78613","S7846 - Forest Oaks Sec 7, BLOCK E, Lot 19","L526504D"," ","S7846 - Forest Oaks Sec 7","Real","$445,710","$445,710"
"R416805","R-17-W324-070E-0020-0008","ROBINSON, RYAN MATTHEW & JESSICA MARIE","310 S LYNNWOOD TRL  CEDAR PARK, TX 78613","310 S LYNNWOOD TRL, CEDAR PARK, TX  78613","S7846 - Forest Oaks Sec 7, BLOCK E, Lot 20","L526504D"," ","S7846 - Forest Oaks Sec 7","Real","$507,601","$507,601"
"R416806","R-17-W324-070E-0021-0008","CAVUTO, BRIAN E & CECILIA K","308 LYNNWOOD TRL S CEDAR PARK, TX 78613","308 LYNNWOOD TRL S, CEDAR PARK, TX  78613","S7846 - Forest Oaks Sec 7, BLOCK E, Lot 21","L526504D"," ","S7846 - Forest Oaks Sec 7","Real","$701,055","$701,055"
"R416807","R-17-W324-070E-0022-0008","BARBIER, KIMBERLY S","306 S LYNNWOOD TRL  CEDAR PARK, TX 78613","306 S LYNNWOOD TRL, CEDAR PARK, TX  78613","S7846 - Forest Oaks Sec 7, BLOCK E, Lot 22","L526504D"," ","S7846 - Forest Oaks Sec 7","Real","$567,740","$567,740"
"R416808","R-17-W324-070E-0023-0008","MOYA, ROGELIO & MARIELA","304 S LYNNWOOD TRL  CEDAR PARK, TX 78613","304 LYNNWOOD TRL S, CEDAR PARK, TX  78613","S7846 - Forest Oaks Sec 7, BLOCK E, Lot 23","L526504D"," ","S7846 - Forest Oaks Sec 7","Real","$693,662","$693,662"
"R416809","R-17-W324-070E-0023-A008","FOREST OAKS OWNERS ASSOC INC","Attn: SPECTRUM ASSOCIATION MGT 17319 SAN PEDRO AVE STE 318 SAN ANTONIO, TX 78232-1443","302 LYNNWOOD TRL S, CEDAR PARK, TX  78613","S7846 - Forest Oaks Sec 7, BLOCK E, Lot 23-A, ACRES 0.32, (DRAINAGE EASEMENT)","L526504D"," ","S7846 - Forest Oaks Sec 7","Real","$300","$300"
"R416810","R-17-W324-070E-0024-0008","CANDIA, TONY & CYNTHIA MEDRANO","300 S LYNNWOOD TRL CEDAR PARK, TX 78613-3255","300 LYNNWOOD TRL S, CEDAR PARK, TX  78613","S7846 - Forest Oaks Sec 7, BLOCK E, Lot 24","L526504D"," ","S7846 - Forest Oaks Sec 7","Real","$484,376","$484,376"
"R416811","R-17-W324-070E-0025-0008","BUNKERS, AUSTIN & SAMATHA ROSE","212 S LYNNWOOD TRL  CEDAR PARK, TX 78613","212 S LYNNWOOD TRL, CEDAR PARK, TX  78613","S7846 - Forest Oaks Sec 7, BLOCK E, Lot 25","L526504D"," ","S7846 - Forest Oaks Sec 7","Real","$535,126","$535,126"
"R416812","R-17-W324-070E-0026-0008","OLIVA JOSE & YANG SUK OLIVA (RS)","210 S LYNNWOOD TRL  CEDAR PARK, TX 78613","210 S LYNNWOOD TRL, CEDAR PARK, TX  78613","S7846 - Forest Oaks Sec 7, BLOCK E, Lot 26","L526504D"," ","S7846 - Forest Oaks Sec 7","Real","$508,840","$508,840"
"R416813","R-17-W324-070E-0027-0008","CABRERA, CARLOS A & KATHERINA A BARICOT","208 S LYNNWOOD TRL  CEDAR PARK, TX 78613-3520","208 S LYNNWOOD TRL, CEDAR PARK, TX  78613","S7846 - Forest Oaks Sec 7, BLOCK E, Lot 27","L526504D"," ","S7846 - Forest Oaks Sec 7","Real","$472,947","$472,947"
"R416814","R-17-W324-070E-0028-0008","HERNANDEZ, CHEYENNE V & MAGNOLIA B","206 S LYNNWOOD TRL  CEDAR PARK, TX 78613","206 S LYNNWOOD TRL, CEDAR PARK, TX  78613","S7846 - Forest Oaks Sec 7, BLOCK E, Lot 28","L526504D"," ","S7846 - Forest Oaks Sec 7","Real","$614,355","$614,355"
"R416815","R-17-W324-070E-0029-0008","PALACIOS, PEARL TANG & EFREN","204 S LYNNWOOD TRL CEDAR PARK, TX 78613-3250","204 S LYNNWOOD TRL, CEDAR PARK, TX  78613","S7846 - Forest Oaks Sec 7, BLOCK E, Lot 29","L526504D"," ","S7846 - Forest Oaks Sec 7","Real","$675,098","$675,098"
"R416816","R-17-W324-070E-0030-0008","FOREST OAKS OWNERS ASSOC INC","Attn: SPECTRUM ASSOCIATION MGT 17319 SAN PEDRO AVE STE 318 SAN ANTONIO, TX 78232-1443","202 LYNNWOOD TRL S, CEDAR PARK, TX  78613","S7846 - Forest Oaks Sec 7, BLOCK E, Lot 30, ACRES 0.18, (DRAINAGE EASEMENT)","L526504D"," ","S7846 - Forest Oaks Sec 7","Real","$300","$300"
"R416817","R-17-W324-070E-0031-0008","LAMBERT , MICHAEL & KAY","200 S LYNNWOOD TRL  CEDAR PARK, TX 78613","200 S LYNNWOOD TRL, CEDAR PARK, TX  78613","S7846 - Forest Oaks Sec 7, BLOCK E, Lot 31","L526504D"," ","S7846 - Forest Oaks Sec 7","Real","$470,254","$470,254"
"R416818","R-17-W324-070E-0032-0008","PARTHASARATHY, SINDUJA","112 S LYNNWOOD TRL  CEDAR PARK, TX 78613-3253","112 LYNNWOOD TRL S, CEDAR PARK, TX  78613","S7846 - Forest Oaks Sec 7, BLOCK E, Lot 32","L526504D"," ","S7846 - Forest Oaks Sec 7","Real","$482,938","$482,938"
"R416819","R-17-W324-070E-0033-0008","CHARPENTIER, RONALD HENRY & VICTORIA LUCIA","110 S LYNNWOOD TRL  CEDAR PARK, TX 78613-3253","110 LYNNWOOD TRL S, CEDAR PARK, TX  78613","S7846 - Forest Oaks Sec 7, BLOCK E, Lot 33","L526504D"," ","S7846 - Forest Oaks Sec 7","Real","$442,550","$442,550"
"R416820","R-17-W324-070E-0034-0008","SIQUEIROS, JASON","108 S LYNNWOOD TRL  CEDAR PARK, TX 78613","108 S LYNNWOOD TRL, CEDAR PARK, TX  78613","S7846 - Forest Oaks Sec 7, BLOCK E, Lot 34","L526504D"," ","S7846 - Forest Oaks Sec 7","Real","$451,189","$451,189"
"R416821","R-17-W324-070E-0035-0008","STRICKER, SHELLEY","106 S LYNNWOOD TRL  CEDAR PARK, TX 78613","106 S LYNNWOOD TRL, CEDAR PARK, TX  78613","S7846 - Forest Oaks Sec 7, BLOCK E, Lot 35","L526504D"," ","S7846 - Forest Oaks Sec 7","Real","$544,023","$544,023"
"R416822","R-17-W324-070E-0036-0008","VINISH KUMAR & SHWETA PODDAR CO-TRS OF THE KUMAR SWARNKAR TRUST","104 S LYNNWOOD TRL  CEDAR PARK, TX 78613-3253","104 S LYNNWOOD TRL, CEDAR PARK, TX  78613","S7846 - Forest Oaks Sec 7, BLOCK E, Lot 36","L526504D"," ","S7846 - Forest Oaks Sec 7","Real","$709,664","$709,664"
"R416823","R-17-W324-070E-0037-0008","WEN, BIN","639 ROBIN DR SANTA CLARA, CA 95050-6943","102 S LYNNWOOD TRL, CEDAR PARK, TX  78613","S7846 - Forest Oaks Sec 7, BLOCK E, Lot 37","L526504D"," ","S7846 - Forest Oaks Sec 7","Real","$548,933","$548,933"
"R416824","R-17-W324-070F-0001-0008","DE MOURA, CLAUDIA CHRISTINA SOUZA & ALICINO DE MOURA FILHO","906 LINDEN LOOP  CEDAR PARK, TX 78613","906 LINDEN LOOP, CEDAR PARK, TX  78613","S7846 - Forest Oaks Sec 7, BLOCK F, Lot 1","L526504D"," ","S7846 - Forest Oaks Sec 7","Real","$619,694","$619,694"
"R416825","R-17-W324-070F-0002-0008","SHAW, JENNIFER ANNE","904 LINDEN LOOP  CEDAR PARK, TX 78613-3251","904 LINDEN LP, CEDAR PARK, TX  78613","S7846 - Forest Oaks Sec 7, BLOCK F, Lot 2","L526504D"," ","S7846 - Forest Oaks Sec 7","Real","$483,098","$483,098"
"R416826","R-17-W324-070F-0003-0008","LI, RAN & CHEN XIANG","902 LINDEN LOOP  CEDAR PARK, TX 78613","902 LINDEN LOOP, CEDAR PARK, TX  78613","S7846 - Forest Oaks Sec 7, BLOCK F, Lot 3","L526504D"," ","S7846 - Forest Oaks Sec 7","Real","$613,338","$613,338"
"R416827","R-17-W324-070F-0004-0008","BACH, NICHOLAS R & CHRISTINE","900 LINDEN LOOP  CEDAR PARK, TX 78613","900 LINDEN LOOP, CEDAR PARK, TX  78613","FOREST OAKS SEC 7, BLOCK F, LOT 4","L526504D"," ","S7846 - Forest Oaks Sec 7","Real","$634,288","$634,288"
"R416828","R-17-W324-070F-0005-0008","BOFFERDING, NICHOLAS E & AMANDA M","109 S LYNNWOOD TRL CEDAR PARK, TX 78613-3253","109 LYNNWOOD TRL S, CEDAR PARK, TX  78613","S7846 - Forest Oaks Sec 7, BLOCK F, Lot 5","L526504D"," ","S7846 - Forest Oaks Sec 7","Real","$656,548","$656,548"
"R416829","R-17-W324-070F-0006-0008","PAIGE, COURTNEY","111 S LYNNWOOD TRL  CEDAR PARK, TX 78613","111 LYNNWOOD TRL S, CEDAR PARK, TX  78613","S7846 - Forest Oaks Sec 7, BLOCK F, Lot 6","L526504D"," ","S7846 - Forest Oaks Sec 7","Real","$505,151","$505,151"
"R416830","R-17-W324-070F-0007-0008","GISSLER, BRETT & KELLY J","113 S LYNNWOOD TRL  CEDAR PARK, TX 78613","113 S LYNNWOOD TRL, CEDAR PARK, TX  78613","S7846 - Forest Oaks Sec 7, BLOCK F, Lot 7","L526504D"," ","S7846 - Forest Oaks Sec 7","Real","$632,942","$632,942"
"R416831","R-17-W324-070F-0008-0008","WHYTE, MARCHANT BRIAN & KEILI LYNETTE","115 S LYNNWOOD TRL CEDAR PARK, TX 78613-3253","115 S LYNNWOOD TRL, CEDAR PARK, TX  78613","FOREST OAKS SEC 7, BLOCK F, LOT 8","L526504D"," ","S7846 - Forest Oaks Sec 7","Real","$732,798","$732,798"
"R416832","R-17-W324-070E-0038-0008","FOREST OAKS OWNERS ASSOCIATION INC","c/o SPECTRUM ASSOCIATION MGT 17319 SAN PEDRO AVE STE 318 SAN ANTONIO, TX 78232-1443","183-A HWY, CEDAR PARK, TX  78613","S7846 - Forest Oaks Sec 7, BLOCK E, Lot 38, ACRES 0.022, (LANDSCAPE)","L526504D"," ","S7846 - Forest Oaks Sec 7","Real","$300","$300"
"R428202","R-17-W325-501H-0010-A008","LOPEZ, ANA PATRICIA","912 CRICKET CV CEDAR PARK, TX 78613-3443","801 PEYTON PL, CEDAR PARK, TX  78613","S7951 - Forest Oaks Sec 1 Pud Replat, BLOCK H, Lot 10A","L531401G"," ","S7951 - Forest Oaks Sec 1 Pud Replat","Real","$353,936","$353,936"
"R428203","R-17-W325-501H-0010-B008","FOREST OAKS OWNERS ASSOC INC","Attn: SPECTRUM ASSOCIATION MGT 17319 SAN PEDRO AVE STE 318 SAN ANTONIO, TX 78232-1443","800 PEYTON PL, CEDAR PARK, TX  78613","S7951 - Forest Oaks Sec 1 Pud Replat, BLOCK H, Lot 10B, ACRES 1.69, (DENTENTION POND)","L531401G"," ","S7951 - Forest Oaks Sec 1 Pud Replat","Real","$507","$507"
"R428204","R-17-W325-501H-0010-C008","BRACAMONTES, CARLOS ALBERTO ROBLES","802 PEYTON PL  CEDAR PARK, TX 78613-3258","802 PEYTON PL, CEDAR PARK, TX  78613","S7951 - Forest Oaks Sec 1 Pud Replat, BLOCK H, Lot 10C","L531401G"," ","S7951 - Forest Oaks Sec 1 Pud Replat","Real","$369,686","$369,686"
"R428205","R-17-W325-501H-0010-D008","MACHANN, JENNIFER","804 PEYTON PL  CEDAR PARK, TX 78613","804 PEYTON PL, CEDAR PARK, TX  78613","S7951 - Forest Oaks Sec 1 Pud Replat, BLOCK H, Lot 10D","L531401G"," ","S7951 - Forest Oaks Sec 1 Pud Replat","Real","$382,071","$382,071"
"R428206","R-17-W325-501H-0075-0008","WILLIAMSON COUNTY","% FOREST OAKS OWNERS ASSOC INC 12335 HYMEADOW #300 AUSTIN, TX 78750","183-A HWY, CEDAR PARK, TX  78613","FOREST OAKS SEC 1 PUD REPLAT, BLOCK H, LOT 75 (OPEN SPACE), (DEL05)","L531401G"," ","S7951 - Forest Oaks Sec 1 Pud Replat","Real","$0","$0"
"R428485","R-17-W324-090J-0002-0008","NEELY, DAVID QUINTON","201 WATER OAK DR  CEDAR PARK, TX 78613","201 WATER OAK DR, CEDAR PARK, TX  78613","S8110 - Forest Oaks Sec 9, BLOCK J, Lot 2","L526504D"," ","S8110 - Forest Oaks Sec 9","Real","$504,695","$504,695"
"R428487","R-17-W324-090J-0003-0008","BROWN, CLINTON C & LESLIE A","203 WATER OAK DR  CEDAR PARK, TX 78613","203 WATER OAK DR, CEDAR PARK, TX  78613","S8110 - Forest Oaks Sec 9, BLOCK J, Lot 3","L526504D"," ","S8110 - Forest Oaks Sec 9","Real","$669,427","$669,427"
"R428488","R-17-W324-090J-0004-0008","CHRISTINA BERGERS TRUSTEE OF THE CHRISTINA BERGERS REVOCABLE LIVING TRUST","205 WATER OAK  CEDAR PARK, TX 78613","205 WATER OAK DR, CEDAR PARK, TX  78613","S8110 - Forest Oaks Sec 9, BLOCK J, Lot 4","L526504D"," ","S8110 - Forest Oaks Sec 9","Real","$625,189","$625,189"
"R428489","R-17-W324-090J-0005-0008","LU, JUN & YI ZHANG","11080 S 465 E SANDY, UT 84070-5370","207 WATER OAK DR, CEDAR PARK, TX  78613","S8110 - Forest Oaks Sec 9, BLOCK J, Lot 5","L526504D"," ","S8110 - Forest Oaks Sec 9","Real","$523,010","$523,010"
"R428490","R-17-W324-090J-0006-0008","URESTI, KOLEMAN & STACIA","209 WATER OAK DR  CEDAR PARK, TX 78613","209 WATER OAK DR, CEDAR PARK, TX  78613","S8110 - Forest Oaks Sec 9, BLOCK J, Lot 6","L526504D"," ","S8110 - Forest Oaks Sec 9","Real","$669,113","$669,113"
"R428491","R-17-W324-090J-0007-0008","GARNER, CHRISTOPHER D & LYNN M","211 WATER OAK DR  CEDAR PARK, TX 78613-4066","211 WATER OAK DR, CEDAR PARK, TX  78613","S8110 - Forest Oaks Sec 9, BLOCK J, Lot 7","L526504D"," ","S8110 - Forest Oaks Sec 9","Real","$707,240","$707,240"
"R428492","R-17-W324-090J-0008-0008","SIDDONS, HALEY NORMAN","213 WATER OAK DR  CEDAR PARK, TX 78613-4066","213 WATER OAK DR, CEDAR PARK, TX  78613","S8110 - Forest Oaks Sec 9, BLOCK J, Lot 8","L526504D"," ","S8110 - Forest Oaks Sec 9","Real","$633,903","$633,903"
"R428493","R-17-W324-090J-0009-0008","LONG, JAMES C","215 WATER OAK DR  CEDAR PARK, TX 78613","215 WATER OAK DR, CEDAR PARK, TX  78613","S8110 - Forest Oaks Sec 9, BLOCK J, Lot 9","L526504D"," ","S8110 - Forest Oaks Sec 9","Real","$683,998","$683,998"
"R428494","R-17-W324-090J-0010-0008","MIRI, JOHN & ELLEN","217 WATER OAK DR CEDAR PARK, TX 78613-4066","217 WATER OAK DR, CEDAR PARK, TX  78613","S8110 - Forest Oaks Sec 9, BLOCK J, Lot 10","L526504D"," ","S8110 - Forest Oaks Sec 9","Real","$701,208","$701,208"
"R428495","R-17-W324-090J-0011-0008","SCHOPPE, GORDON G & MICHELE M","219 WATER OAK DR  CEDAR PARK, TX 78613","219 WATER OAK DR, CEDAR PARK, TX  78613","S8110 - Forest Oaks Sec 9, BLOCK J, Lot 11","L526504D"," ","S8110 - Forest Oaks Sec 9","Real","$665,850","$665,850"
"R428496","R-17-W324-090J-0012-0008","TANCO, EDWIN R & EUNICE R","221 WATER OAK DR  CEDAR PARK, TX 78613","221 WATER OAK DR, CEDAR PARK, TX  78613","S8110 - Forest Oaks Sec 9, BLOCK J, Lot 12","L526504D"," ","S8110 - Forest Oaks Sec 9","Real","$631,370","$631,370"
"R428497","R-17-W324-090J-0013-0008","ERICKSON COLLINS, CHRISTEL L","301 WATER OAK DR  CEDAR PARK, TX 78613-4065","301 WATER OAK DR, CEDAR PARK, TX  78613","S8110 - Forest Oaks Sec 9, BLOCK J, Lot 13","L526504D"," ","S8110 - Forest Oaks Sec 9","Real","$673,767","$673,767"
"R428498","R-17-W324-090J-0014-0008","RANN, JARED & NICOLE","303 WATER OAK DR  CEDAR PARK, TX 78613","303 WATER OAK DR, CEDAR PARK, TX  78613","S8110 - Forest Oaks Sec 9, BLOCK J, Lot 14","L526504D"," ","S8110 - Forest Oaks Sec 9","Real","$643,754","$643,754"
"R428499","R-17-W324-090J-0015-0008","QUACH, MINH & HOAN PHAM","305 WATER OAK DR  CEDAR PARK, TX 78613","305 WATER OAK DR, CEDAR PARK, TX  78613","S8110 - Forest Oaks Sec 9, BLOCK J, Lot 15","L526504D"," ","S8110 - Forest Oaks Sec 9","Real","$642,971","$642,971"
"R428500","R-17-W324-090J-0016-0008","DUTKIN, ROBERT C","307 WATER OAK DR CEDAR PARK, TX 78613-4065","307 WATER OAK DR, CEDAR PARK, TX  78613","S8110 - Forest Oaks Sec 9, BLOCK J, Lot 16","L526504D"," ","S8110 - Forest Oaks Sec 9","Real","$648,641","$648,641"
"R428501","R-17-W324-090J-0017-0008","ERICKSON, LANCE & GEETA","309 WATER OAK DR  CEDAR PARK, TX 78613","309 WATER OAK DR, CEDAR PARK, TX  78613","S8110 - Forest Oaks Sec 9, BLOCK J, Lot 17","L526504D"," ","S8110 - Forest Oaks Sec 9","Real","$495,001","$495,001"
"R428502","R-17-W324-090J-0018-0008","STEPPLER, KEVIN & KATHLEEN","311 WATER OAK DR  CEDAR PARK, TX 78613","311 WATER OAK DR, CEDAR PARK, TX  78613","S8110 - Forest Oaks Sec 9, BLOCK J, Lot 18","L526504D"," ","S8110 - Forest Oaks Sec 9","Real","$486,202","$486,202"
"R428503","R-17-W324-090J-0019-0008","GARZA DE HARO, JORGE MANUEL (TOD)","313 WATER OAK DR  CEDAR PARK, TX 78613-4065","313 WATER OAK DR, CEDAR PARK, TX  78613","S8110 - Forest Oaks Sec 9, BLOCK J, Lot 19","L526504D"," ","S8110 - Forest Oaks Sec 9","Real","$725,753","$725,753"
"R428504","R-17-W324-090J-0020-0008","RODRIGUEZ, DAVID MATTHEW & VICTORIA QUINTANA","315 WATER OAK DR  CEDAR PARK, TX 78613-4065","315 WATER OAK DR, CEDAR PARK, TX  78613","S8110 - Forest Oaks Sec 9, BLOCK J, Lot 20","L526504D"," ","S8110 - Forest Oaks Sec 9","Real","$639,917","$639,917"
"R428505","R-17-W324-090J-0021-0008","BIALEK, SCOTT EDWARD","15219 THATCHER DR  AUSTIN, TX 78717","317 WATER OAK DR, CEDAR PARK, TX  78613","S8110 - Forest Oaks Sec 9, BLOCK J, Lot 21","L526504D"," ","S8110 - Forest Oaks Sec 9","Real","$630,153","$630,153"
"R428506","R-17-W324-090J-0022-0008","BURKETT, BRANDON M & MANDI G","319 WATER OAK DR  CEDAR PARK, TX 78613","319 WATER OAK DR, CEDAR PARK, TX  78613","S8110 - Forest Oaks Sec 9, BLOCK J, Lot 22","L526504D"," ","S8110 - Forest Oaks Sec 9","Real","$636,117","$636,117"
"R428507","R-17-W324-090J-0023-0008","CHENTHAMARAKSHAN, VISHAL KUNNUPARAMBIL & POOJA PREMNATH KOLANDRA","401 WATER OAK DR  CEDAR PARK, TX 78613-4050","401 WATER OAK DR, CEDAR PARK, TX  78613","S8110 - Forest Oaks Sec 9, BLOCK J, Lot 23","L526504D"," ","S8110 - Forest Oaks Sec 9","Real","$655,672","$655,672"
"R428508","R-17-W324-090J-0024-0008","LANDAW, MAXIMILLIAN LEWIS & ELIZABETH CHALME","403 WATER OAK DR  CEDAR PARK, TX 78613","403 WATER OAK DR, CEDAR PARK, TX  78613","S8110 - Forest Oaks Sec 9, BLOCK J, Lot 24","L526504D"," ","S8110 - Forest Oaks Sec 9","Real","$656,812","$656,812"
"R428509","R-17-W324-090J-0096-A008","CITY OF CEDAR PARK","450 CYPRESS CREEK  #BLDG 1 CEDAR PARK, TX 78613","WATER OAK DR, CEDAR PARK, TX  78613","S8110 - Forest Oaks Sec 9, BLOCK J, Lot 96-A, ACRES 11.01, (PARKLAND)","L526504D"," ","S8110 - Forest Oaks Sec 9","Real","$3,303","$3,303"
"R428510","R-17-W324-090K-0001-0008","FLORES, CHRISTOPHER P","200 WATER OAK DR  CEDAR PARK, TX 78613","200 WATER OAK DR, CEDAR PARK, TX  78613","S8110 - Forest Oaks Sec 9, BLOCK K, Lot 1","L526504D"," ","S8110 - Forest Oaks Sec 9","Real","$502,663","$502,663"
"R428511","R-17-W324-090K-0002-0008","RARING, OTIS & TRISHA","202 WATER OAK DR CEDAR PARK, TX 78613-4066","202 WATER OAK DR, CEDAR PARK, TX  78613","S8110 - Forest Oaks Sec 9, BLOCK K, Lot 2","L526504D"," ","S8110 - Forest Oaks Sec 9","Real","$697,183","$697,183"
"R428512","R-17-W324-090K-0003-0008","SHEN, JIAN","4029 ANDERSON BLUFF DR  CEDAR PARK, TX 78613-2064","204 WATER OAK DR, CEDAR PARK, TX  78613","S8110 - Forest Oaks Sec 9, BLOCK K, Lot 3","L526504D"," ","S8110 - Forest Oaks Sec 9","Real","$504,927","$504,927"
"R428513","R-17-W324-090K-0004-0008","O'LEARY, CHRISTINE & WILLIAM","206 WATER OAK DR  CEDAR PARK, TX 78613-4066","206 WATER OAK DR, CEDAR PARK, TX  78613","S8110 - Forest Oaks Sec 9, BLOCK K, Lot 4","L526504D"," ","S8110 - Forest Oaks Sec 9","Real","$652,043","$652,043"
"R428514","R-17-W324-090K-0005-0008","KRISHNABABU, KIRUPAVATHI & ARUN RAJARATHINAM MUDALIAR","208 WATER OAK DR  CEDAR PARK, TX 78613-4066","208 WATER OAK DR, CEDAR PARK, TX  78613","S8110 - Forest Oaks Sec 9, BLOCK K, Lot 5","L526504D"," ","S8110 - Forest Oaks Sec 9","Real","$722,371","$722,371"
"R428515","R-17-W324-090K-0006-0008","JONES, TREVOR ROBERT","210 WATER OAK DR  CEDAR PARK, TX 78613-4066","210 WATER OAK DR, CEDAR PARK, TX  78613","S8110 - Forest Oaks Sec 9, BLOCK K, Lot 6","L526504D"," ","S8110 - Forest Oaks Sec 9","Real","$621,050","$621,050"
"R428516","R-17-W324-090K-0007-0008","VYAS, DHAVAL R & DARSHNA D","212 WATER OAK DR  CEDAR PARK, TX 78613","212 WATER OAK DR, CEDAR PARK, TX  78613","S8110 - Forest Oaks Sec 9, BLOCK K, Lot 7","L526504D"," ","S8110 - Forest Oaks Sec 9","Real","$666,723","$666,723"
"R428517","R-17-W324-090K-0008-0008","REDDELL, EARL W","214 WATER OAK DR  CEDAR PARK, TX 78613","214 WATER OAK DR, CEDAR PARK, TX  78613","S8110 - Forest Oaks Sec 9, BLOCK K, Lot 8","L526504D"," ","S8110 - Forest Oaks Sec 9","Real","$550,467","$550,467"
"R428518","R-17-W324-090K-0009-0008","BRISSENDEN, REYNOLDS B IV & MEGAN","216 WATER OAK DR CEDAR PARK, TX 78613-4066","216 WATER OAK DR, CEDAR PARK, TX  78613","S8110 - Forest Oaks Sec 9, BLOCK K, Lot 9","L526504D"," ","S8110 - Forest Oaks Sec 9","Real","$536,553","$536,553"
"R428519","R-17-W324-090K-0010-0008","LUO, QUN & JOHN Q TRAN","300 WATER OAK DR  CEDAR PARK, TX 78613","300 WATER OAK DR, CEDAR PARK, TX  78613","S8110 - Forest Oaks Sec 9, BLOCK K, Lot 10","L526504D"," ","S8110 - Forest Oaks Sec 9","Real","$666,086","$666,086"
"R428520","R-17-W324-090K-0011-0008","RICH, JONATHAN W","302 WATER OAK DR  CEDAR PARK, TX 78613","302 WATER OAK DR, CEDAR PARK, TX  78613","S8110 - Forest Oaks Sec 9, BLOCK K, Lot 11","L526504D"," ","S8110 - Forest Oaks Sec 9","Real","$675,951","$675,951"
"R428521","R-17-W324-090K-0012-0008","Unknown","Unknown","304 WATER OAK DR, CEDAR PARK, TX  78613","S8110 - Forest Oaks Sec 9, BLOCK K, Lot 12","L526504D"," ","S8110 - Forest Oaks Sec 9","Real","$587,283","$587,283"
"R428522","R-17-W324-090K-0013-0008","OBRIEN, RICHARD EDWARD & GRACE GINGER","306 WATER OAK DR  CEDAR PARK, TX 78613-4065","306 WATER OAK DR, CEDAR PARK, TX  78613","S8110 - Forest Oaks Sec 9, BLOCK K, Lot 13","L526504D"," ","S8110 - Forest Oaks Sec 9","Real","$664,730","$664,730"
"R428523","R-17-W324-090K-0014-0008","LEE, SUSANNA & ALBERT NGO","308 WATER OAK DR  CEDAR PARK, TX 78613-4065","308 WATER OAK DR, CEDAR PARK, TX  78613","S8110 - Forest Oaks Sec 9, BLOCK K, Lot 14","L526504D"," ","S8110 - Forest Oaks Sec 9","Real","$636,088","$636,088"
"R428524","R-17-W324-090K-0015-0008","GONZALEZ, MARIA ENCARNACION","310 WATER OAK DR  CEDAR PARK, TX 78613","310 WATER OAK DR, CEDAR PARK, TX  78613","S8110 - Forest Oaks Sec 9, BLOCK K, Lot 15","L526504D"," ","S8110 - Forest Oaks Sec 9","Real","$628,744","$628,744"
"R428525","R-17-W324-090K-0016-0008","LEE, BOYEA & BOBBY CHA","312 WATER OAK DR  CEDAR PARK, TX 78613","312 WATER OAK DR, CEDAR PARK, TX  78613","S8110 - Forest Oaks Sec 9, BLOCK K, Lot 16","L526504D"," ","S8110 - Forest Oaks Sec 9","Real","$678,099","$678,099"
"R428526","R-17-W324-090K-0017-0008","WONG, JAMES","314 WATER OAK DR  CEDAR PARK, TX 78613","314 WATER OAK DR, CEDAR PARK, TX  78613","S8110 - Forest Oaks Sec 9, BLOCK K, Lot 17","L526504D"," ","S8110 - Forest Oaks Sec 9","Real","$662,280","$662,280"
"R428527","R-17-W324-090K-0018-0008","NORLING, JOHN M & JOANNA","207 PHEASANT RIDGE RD  CEDAR PARK, TX 78613","207 PHEASANT RIDGE RD, CEDAR PARK, TX  78613","S8110 - Forest Oaks Sec 9, BLOCK K, Lot 18","L526504D"," ","S8110 - Forest Oaks Sec 9","Real","$764,150","$764,150"
"R428528","R-17-W324-090K-0019-0008","BERGERON, GARY & BROOK","205 PHEASANT RIDGE DR  CEDAR PARK, TX 78613","205 PHEASANT RIDGE DR, CEDAR PARK, TX  78613","S8110 - Forest Oaks Sec 9, BLOCK K, Lot 19","L526504D"," ","S8110 - Forest Oaks Sec 9","Real","$533,585","$533,585"
"R428529","R-17-W324-090K-0020-0008","KUTRYB, CAROL ELIZABETH","203 PHEASANT RIDGE DR  CEDAR PARK, TX 78613-4069","203 PHEASANT RIDGE DR, CEDAR PARK, TX  78613","S8110 - Forest Oaks Sec 9, BLOCK K, Lot 20","L526504D"," ","S8110 - Forest Oaks Sec 9","Real","$489,478","$489,478"
"R428530","R-17-W324-090K-0021-0008","NICODEMUS, GARY W & LORAN KENT ATKINSON TRUSTEES OF NICODEMUS & ATKINSON REVOC T","1304 QUAIL CREEK TRL  CEDAR PARK, TX 78613-4067","1304 QUAIL CREEK TRL, CEDAR PARK, TX  78613","S8110 - Forest Oaks Sec 9, BLOCK K, Lot 21","L526504D"," ","S8110 - Forest Oaks Sec 9","Real","$647,247","$647,247"
"R428531","R-17-W324-090K-0022-0008","BUCK, KATHRYN & JASON","1302 QUAIL CREEK TRL  CEDAR PARK, TX 78613","1302 QUAIL CREEK TRL, CEDAR PARK, TX  78613","S8110 - Forest Oaks Sec 9, BLOCK K, Lot 22","L526504D"," ","S8110 - Forest Oaks Sec 9","Real","$651,751","$651,751"
"R428532","R-17-W324-090K-0023-0008","LEE, JIM & LORRAINE","1300 QUAIL CREEK TRL  CEDAR PARK, TX 78613","1300 QUAIL CREEK TRL, CEDAR PARK, TX  78613","S8110 - Forest Oaks Sec 9, BLOCK K, Lot 23","L526504D"," ","S8110 - Forest Oaks Sec 9","Real","$631,436","$631,436"
"R428533","R-17-W324-090K-0024-0008","TABUENCA, DANIEL E & GISELA ETEL","1301 QUAIL CREEK TRL  CEDAR PARK, TX 78613","1301 QUAIL CREEK TRL, CEDAR PARK, TX  78613","S8110 - Forest Oaks Sec 9, BLOCK K, Lot 24","L526504D"," ","S8110 - Forest Oaks Sec 9","Real","$640,216","$640,216"
"R428534","R-17-W324-090K-0025-0008","GATICA, ANTHONY W & KAREN A","1303 QUAIL CREEK TRL  CEDAR PARK, TX 78613","1303 QUAIL CREEK TRL, CEDAR PARK, TX  78613","S8110 - Forest Oaks Sec 9, BLOCK K, Lot 25","L526504D"," ","S8110 - Forest Oaks Sec 9","Real","$652,305","$652,305"
"R428535","R-17-W324-090K-0026-0008","JAGEN, MICHAEL C & STEPHANIE W","226 TULIP TRAIL BND  CEDAR PARK, TX 78613-3775","1305 QUAIL CREEK TRL, CEDAR PARK, TX  78613","S8110 - Forest Oaks Sec 9, BLOCK K, Lot 26","L526504D"," ","S8110 - Forest Oaks Sec 9","Real","$605,527","$605,527"
"R428536","R-17-W324-090K-0027-0008","MALONE, MICHELE R & MATTHEW J","1307 QUAIL CREEK TRL CEDAR PARK, TX 78613-4067","1307 QUAIL CREEK TRL, CEDAR PARK, TX  78613","S8110 - Forest Oaks Sec 9, BLOCK K, Lot 27","L526504D"," ","S8110 - Forest Oaks Sec 9","Real","$631,448","$631,448"
"R428537","R-17-W324-090K-0028-0008","SMITH, AARON & MISTY","3790 CHICORY BND  SAN ANTONIO, TX 78163","1309 QUAIL CREEK TRL, CEDAR PARK, TX  78613","S8110 - Forest Oaks Sec 9, BLOCK K, Lot 28","L526504D"," ","S8110 - Forest Oaks Sec 9","Real","$699,808","$699,808"
"R428538","R-17-W324-090K-0029-0008","STYLES, JAMES B & ANN M","1311 QUAIL CREEK TRL  CEDAR PARK, TX 78613-4067","1311 QUAIL CREEK TRL, CEDAR PARK, TX  78613","S8110 - Forest Oaks Sec 9, BLOCK K, Lot 29","L526504D"," ","S8110 - Forest Oaks Sec 9","Real","$677,864","$677,864"
"R428539","R-17-W324-090K-0030-0008","SNYDER, JOHN H & KATHERINE M","1313 QUAIL CREEK TRL  CEDAR PARK, TX 78613-4067","1313 QUAIL CREEK TRL, CEDAR PARK, TX  78613","S8110 - Forest Oaks Sec 9, BLOCK K, Lot 30","L526504D"," ","S8110 - Forest Oaks Sec 9","Real","$649,814","$649,814"
"R428540","R-17-W324-090L-0001-0008","CHILDRESS JR, ROMMEL G","1306 QUAIL CREEK TRL  CEDAR PARK, TX 78613-4067","1306 QUAIL CREEK TRL, CEDAR PARK, TX  78613","S8110 - Forest Oaks Sec 9, BLOCK L, Lot 1","L526504D"," ","S8110 - Forest Oaks Sec 9","Real","$710,438","$710,438"
"R428541","R-17-W324-090L-0002-0008","AMELIA PATRICIA MURRIN TRUSTEE OF THE MURRIN-CONANT LIVING TRUST","1308 QUAIL CREEK TRL  CEDAR PARK, TX 78613","1308 QUAIL CREEK TRL, CEDAR PARK, TX  78613","S8110 - Forest Oaks Sec 9, BLOCK L, Lot 2","L526504D"," ","S8110 - Forest Oaks Sec 9","Real","$568,013","$568,013"
"R428542","R-17-W324-090L-0013-0008","CHESSHER, CRAIG & PHYLLIS MAYE TRUSTEES OF CHESSHER FAM LIV TRUST","214 PHEASANT RIDGE DR  CEDAR PARK, TX 78613","214 PHEASANT RIDGE DR, CEDAR PARK, TX  78613","S8110 - Forest Oaks Sec 9, BLOCK L, Lot 13","L526504D"," ","S8110 - Forest Oaks Sec 9","Real","$564,129","$564,129"
"R428543","R-17-W324-090L-0014-0008","RAI, VIHAR (RS) & SHAWNA (RS)","212 PHEASANT RIDGE DR  CEDAR PARK, TX 78613-4069","212 PHEASANT RIDGE DR, CEDAR PARK, TX  78613","S8110 - Forest Oaks Sec 9, BLOCK L, Lot 14","L526504D"," ","S8110 - Forest Oaks Sec 9","Real","$726,629","$726,629"
"R428544","R-17-W324-090L-0015-0008","JAMES BRYANT COKER & ARLYNE V COKER TRS OF THE CENTINELA LEGACY TRUST","210 PHEASANT RIDGE DR  CEDAR PARK, TX 78613-4069","210 PHEASANT RIDGE DR, CEDAR PARK, TX  78613","S8110 - Forest Oaks Sec 9, BLOCK L, Lot 15","L526504D"," ","S8110 - Forest Oaks Sec 9","Real","$664,292","$664,292"
"R428545","R-17-W324-090L-0016-0008","WATSON, CHRISTOPHER D STEPHANIE K","208 PHEASANT RIDGE DR  CEDAR PARK, TX 78613","208 PHEASANT RIDGE DR, CEDAR PARK, TX  78613","S8110 - Forest Oaks Sec 9, BLOCK L, Lot 16","L526504D"," ","S8110 - Forest Oaks Sec 9","Real","$634,665","$634,665"
"R428546","R-17-W324-090L-0017-0008","PATALINGHUG, MARILYN A","206 PHEASANT RIDGE DR CEDAR PARK, TX 78613-4069","206 PHEASANT RIDGE DR, CEDAR PARK, TX  78613","S8110 - Forest Oaks Sec 9, BLOCK L, Lot 17","L526504D"," ","S8110 - Forest Oaks Sec 9","Real","$452,128","$452,128"
"R428547","R-17-W324-090L-0018-0008","ZAMORA, SARA & ALDO MARTELL","204 PHEASANT RIDGE DR CEDAR PARK, TX 78613-4069","204 PHEASANT RIDGE DR, CEDAR PARK, TX  78613","S8110 - Forest Oaks Sec 9, BLOCK L, Lot 18","L526504D"," ","S8110 - Forest Oaks Sec 9","Real","$572,138","$572,138"
"R428548","R-17-W324-090L-0019-0008","MCGEE, GREGORY L & SHARON A","202 PHEASANT RIDGE  CEDAR PARK, TX 78613","202 PHEASANT RIDGE DR, CEDAR PARK, TX  78613","S8110 - Forest Oaks Sec 9, BLOCK L, Lot 19","L526504D"," ","S8110 - Forest Oaks Sec 9","Real","$608,578","$608,578"
"R428549","R-17-W324-090N-0012-0008","CHISHOLM, ANDREW G & STEPHANIE L","108 TRAILRIDGE DR  CEDAR PARK, TX 78613","108 TRAILRIDGE DR, CEDAR PARK, TX  78613","S8110 - Forest Oaks Sec 9, BLOCK N, Lot 12","L526504D"," ","S8110 - Forest Oaks Sec 9","Real","$698,922","$698,922"
"R428550","R-17-W324-090N-0013-0008","SCOTT N PAULSEN & JANE ELIZABETH INSALL TRS PAULSEN-INSALL LIVING TRUST","106 TRAILRIDGE DR  CEDAR PARK, TX 78613-4047","106 TRAILRIDGE DR, CEDAR PARK, TX  78613","S8110 - Forest Oaks Sec 9, BLOCK N, Lot 13","L526504D"," ","S8110 - Forest Oaks Sec 9","Real","$508,148","$508,148"
"R428551","R-17-W324-090N-0014-0008","SOEST, COURTNEY ADAM  (RS) & MELISSA ANN (RS)","104 TRAILRIDGE DR  CEDAR PARK, TX 78613","104 TRAILRIDGE DR, CEDAR PARK, TX  78613","FOREST OAKS SEC 9, BLOCK N, LOT 14","L526504D"," ","S8110 - Forest Oaks Sec 9","Real","$458,096","$458,096"
"R428552","R-17-W324-090N-0015-0008","CHUNDURU, HITESH KRISHNA & ANUSHA VEMURI","4501 VIESTE VW LEANDER, TX 78641-4266","102 TRAILRIDGE DR, CEDAR PARK, TX  78613","S8110 - Forest Oaks Sec 9, BLOCK N, Lot 15","L526504D"," ","S8110 - Forest Oaks Sec 9","Real","$565,691","$565,691"
"R438732","R-17-W345-301A-0001-0008","FOREST OAKS OWNERS ASSOC INC","Attn: SPECTRUM ASSOCIATION MGT 17319 SAN PEDRO AVE STE 318 SAN ANTONIO, TX 78232-1443","401 MANDARIN FLYWAY, CEDAR PARK, TX  78613","S8313 - Silver Oak Sec 1, BLOCK A, Lot 1, ACRES 4.554, (GREENBELT)","L526504D"," ","S8313 - Silver Oak Sec 1","Real","$1,366","$1,366"
"R438733","R-17-W345-301A-0002-0008","CANTU, ALEXANDER H","611 MANDARIN FLYWAY  CEDAR PARK, TX 78613","611 MANDARIN FLYWAY, CEDAR PARK, TX  78613","S8313 - Silver Oak Sec 1, BLOCK A, Lot 2","L526504D"," ","S8313 - Silver Oak Sec 1","Real","$621,072","$621,072"
"R438734","R-17-W345-301A-0003-0008","YEE, PETER & KARA","609 MANDARIN FLYWAY  CEDAR PARK, TX 78613","609 MANDARIN FLYWAY, CEDAR PARK, TX  78613","S8313 - Silver Oak Sec 1, BLOCK A, Lot 3","L526504D"," ","S8313 - Silver Oak Sec 1","Real","$595,363","$595,363"
"R438735","R-17-W345-301A-0004-0008","NEAL, JEREMY DIXON & APRIL","607 MANDARIN FLYWAY  CEDAR PARK, TX 78613","607 MANDARIN FLYWAY, CEDAR PARK, TX  78613","S8313 - Silver Oak Sec 1, BLOCK A, Lot 4","L526504D"," ","S8313 - Silver Oak Sec 1","Real","$582,131","$582,131"
"R438736","R-17-W345-301A-0005-0008","MOON, YONG JU","605 MANDARIN FLYWAY  CEDAR PARK, TX 78613","605 MANDARIN FLYWAY, CEDAR PARK, TX  78613","S8313 - Silver Oak Sec 1, BLOCK A, Lot 5","L526504D"," ","S8313 - Silver Oak Sec 1","Real","$506,441","$506,441"
"R438737","R-17-W345-301A-0006-0008","RANJAN, SHASHI & KAVITA SINHA","603 MANDARIN FLYWAY  CEDAR PARK, TX 78613","603 MANDARIN FLYWAY, CEDAR PARK, TX  78613","S8313 - Silver Oak Sec 1, BLOCK A, Lot 6","L526504D"," ","S8313 - Silver Oak Sec 1","Real","$519,127","$519,127"
"R438738","R-17-W345-301A-0007-0008","NARASIMHAN, SRIRAM & SRIDEVI KRISHNAN","601 MANDARIN FLYWAY RD  CEDAR PARK, TX 78613","601 MANDARIN FLYWAY, CEDAR PARK, TX  78613","S8313 - Silver Oak Sec 1, BLOCK A, Lot 7","L526504D"," ","S8313 - Silver Oak Sec 1","Real","$688,788","$688,788"
"R438739","R-17-W345-301A-0008-0008","FERNALD, KENNETH (TOD) LYNDA FERNALD (TOD)","511 MANDARIN FLYWAY  CEDAR PARK, TX 78613","511 MANDARIN FLYWAY, CEDAR PARK, TX  78613","S8313 - Silver Oak Sec 1, BLOCK A, Lot 8","L526504D"," ","S8313 - Silver Oak Sec 1","Real","$576,205","$576,205"
"R438740","R-17-W345-301A-0009-0008","IRWIN CAMILLE DIANE TRUSTEES OF THE IRWIN TRUST","509 MANDARIN FLYWAY  CEDAR PARK, TX 78613","509 MANDARIN FLYWAY, CEDAR PARK, TX  78613","S8313 - Silver Oak Sec 1, BLOCK A, Lot 9","L526504D"," ","S8313 - Silver Oak Sec 1","Real","$509,896","$509,896"
"R438741","R-17-W345-301A-0010-0008","BORCICH JOHN M & DAGNY TRUSTEES OF TRUST","13365 FAIRWAY DR  TRUCKEE, CA 96161-4517","507 MANDARIN FLYWAY, CEDAR PARK, TX  78613","S8313 - Silver Oak Sec 1, BLOCK A, Lot 10","L526504D"," ","S8313 - Silver Oak Sec 1","Real","$507,348","$507,348"
"R438742","R-17-W345-301A-0011-0008","HEGER, CLEMENCIA (TOD) & WILLIAM CHARLES HEGER (TOD)","505 MANDARIN FLYWAY  CEDAR PARK, TX 78613","505 MANDARIN FLYWAY, CEDAR PARK, TX  78613","S8313 - Silver Oak Sec 1, BLOCK A, Lot 11","L526504D"," ","S8313 - Silver Oak Sec 1","Real","$502,144","$502,144"
"R438743","R-17-W345-301A-0012-0008","BALAGUR-CONN, BARBARA JILL","503 MANDARIN FLYWAY  CEDAR PARK, TX 78613","503 MANDARIN FLYWAY, CEDAR PARK, TX  78613","S8313 - Silver Oak Sec 1, BLOCK A, Lot 12","L526504D"," ","S8313 - Silver Oak Sec 1","Real","$461,193","$461,193"
"R438744","R-17-W345-301A-0013-0008","LEVIS, PATRICIA A","501 MANDARIN FLYWAY  CEDAR PARK, TX 78631-4075","501 MANDARIN FLYWAY, CEDAR PARK, TX  78613","S8313 - Silver Oak Sec 1, BLOCK A, Lot 13","L526504D"," ","S8313 - Silver Oak Sec 1","Real","$517,590","$517,590"
"R438745","R-17-W345-301A-0014-0008","VOGEL, GEORGE W Jr & ANNA M","417 MANDARIN FLYWAY  CEDAR PARK, TX 78613","417 MANDARIN FLYWAY, CEDAR PARK, TX  78613","S8313 - Silver Oak Sec 1, BLOCK A, Lot 14","L526504D"," ","S8313 - Silver Oak Sec 1","Real","$576,205","$576,205"
"R438746","R-17-W345-301A-0015-0008","KIRSCHNER, RICHARD E & MADISON H","415 MANDARIN FLYWAY  CEDAR PARK, TX 78613","415 MANDARIN FLYWAY, CEDAR PARK, TX  78613","S8313 - Silver Oak Sec 1, BLOCK A, Lot 15","L526504D"," ","S8313 - Silver Oak Sec 1","Real","$466,861","$466,861"
"R438747","R-17-W345-301A-0016-0008","HUTCHINS, DEBORAH ANN TRUSTEE OF DA HUTCHINS TRUST","413 MANDARIN FLYWAY  CEDAR PARK, TX 78613","413 MANDARIN FLYWAY, CEDAR PARK, TX  78613","S8313 - Silver Oak Sec 1, BLOCK A, Lot 16","L526504D"," ","S8313 - Silver Oak Sec 1","Real","$507,307","$507,307"
"R438748","R-17-W345-301A-0017-0008","LYNN, JAIME MCCAIN","411 MANDARIN FLYWAY  CEDAR PARK, TX 78613","411 MANDARIN FLYWAY, CEDAR PARK, TX  78613","S8313 - Silver Oak Sec 1, BLOCK A, Lot 17","L526504D"," ","S8313 - Silver Oak Sec 1","Real","$470,686","$470,686"
"R438749","R-17-W345-301A-0018-0008","BONHAM, ROD & HEATHER","409 MANDARIN FLYWAY  CEDAR PARK, TX 78613","409 MANDARIN FLYWAY, CEDAR PARK, TX  78613","S8313 - Silver Oak Sec 1, BLOCK A, Lot 18","L526504D"," ","S8313 - Silver Oak Sec 1","Real","$519,602","$519,602"
"R438750","R-17-W345-301A-0019-0008","NETO, JORGE R DE ALMEIDA CASTRO & MICHELINE BARBOSA DE ALMEIDA CASTRO","407 MANDARIN FLYWAY  CEDAR PARK, TX 78613-4087","407 MANDARIN FLYWAY, CEDAR PARK, TX  78613","S8313 - Silver Oak Sec 1, BLOCK A, Lot 19","L526504D"," ","S8313 - Silver Oak Sec 1","Real","$464,347","$464,347"
"R438751","R-17-W345-301A-0020-0008","OSBORN, NICHOLAS R (TOD) & CATHERINE S (TOD)","405 MANDARIN FLYWAY  CEDAR PARK, TX 78613-4087","405 MANDARIN FLYWAY, CEDAR PARK, TX  78613","S8313 - Silver Oak Sec 1, BLOCK A, Lot 20","L526504D"," ","S8313 - Silver Oak Sec 1","Real","$519,960","$519,960"
"R438752","R-17-W345-301A-0021-0008","SIU, STEPHEN C","403 MANDARIN FLYWAY  CEDAR PARK, TX 78613","403 MANDARIN FLYWAY, CEDAR PARK, TX  78613","S8313 - Silver Oak Sec 1, BLOCK A, Lot 21","L526504D"," ","S8313 - Silver Oak Sec 1","Real","$504,075","$504,075"
"R438753","R-17-W345-301A-0022-0008","SHAIKH SHOEB & HUMERA SAMREEN","401 MANDARIN FLYWAY  CEDAR PARK, TX 78613","401 MANDARIN FLYWAY, CEDAR PARK, TX  78613","S8313 - Silver Oak Sec 1, BLOCK A, Lot 22","L526504D"," ","S8313 - Silver Oak Sec 1","Real","$576,228","$576,228"
"R438755","R-17-W345-301B-0002-0008","SMITH, KYLE & MELISSA LEAGUE","608 MANDARIN FLYWAY  CEDAR PARK, TX 78613","608 MANDARIN FLYWAY, CEDAR PARK, TX  78613","S8313 - Silver Oak Sec 1, BLOCK B, Lot 2","L526504D"," ","S8313 - Silver Oak Sec 1","Real","$655,178","$655,178"
"R438756","R-17-W345-301B-0003-0008","ORARDEN, JEREMY P","606 MANDARIN FLYWAY  CEDAR PARK, TX 78613","606 MANDARIN FLYWAY, CEDAR PARK, TX  78613","S8313 - Silver Oak Sec 1, BLOCK B, Lot 3","L526504D"," ","S8313 - Silver Oak Sec 1","Real","$542,854","$542,854"
"R438757","R-17-W345-301B-0004-0008","FULLER, CODY COX & ANNIE CONSTANCE","604 MANDARIN FLYWAY  CEDAR PARK, TX 78613","604 MANDARIN FLYWAY, CEDAR PARK, TX  78613","S8313 - Silver Oak Sec 1, BLOCK B, Lot 4","L526504D"," ","S8313 - Silver Oak Sec 1","Real","$498,559","$498,559"
"R438758","R-17-W345-301B-0005-0008","KENNELL, STEPHEN & ABBY","602 MANDARIN FLYWAY  CEDAR PARK, TX 78613","602 MANDARIN FLYWAY, CEDAR PARK, TX  78613","S8313 - Silver Oak Sec 1, BLOCK B, Lot 5","L526504D"," ","S8313 - Silver Oak Sec 1","Real","$656,075","$656,075"
"R438759","R-17-W345-301B-0006-0008","MCCUTCHEN, KRISTA DENISE & MICHAEL","600 MANDARIN FLYWAY  CEDAR PARK, TX 78613","600 MANDARIN FLYWAY, CEDAR PARK, TX  78613","S8313 - Silver Oak Sec 1, BLOCK B, Lot 6","L526504D"," ","S8313 - Silver Oak Sec 1","Real","$519,228","$519,228"
"R438760","R-17-W345-301B-0007-0008","TOP, BABACAR DUKE (TOD) & NDEYE M FALL (TOD)","601 BUFFLEHEAD LN  CEDAR PARK, TX 78613","601 BUFFLEHEAD LN, CEDAR PARK, TX  78613","S8313 - Silver Oak Sec 1, BLOCK B, Lot 7","L526504D"," ","S8313 - Silver Oak Sec 1","Real","$577,116","$577,116"
"R438761","R-17-W345-301B-0008-0008","HICKENBOTTOM, IRIS LEOS & JOSEPH L TRIMARCHI","603 BUFFLEHEAD LN  CEDAR PARK, TX 78613","603 BUFFLEHEAD LN, CEDAR PARK, TX  78613","S8313 - Silver Oak Sec 1, BLOCK B, Lot 8","L526504D"," ","S8313 - Silver Oak Sec 1","Real","$510,623","$510,623"
"R438762","R-17-W345-301B-0009-0008","TRAUBE JOHN & THE ESTATE OF VIJA ANITA TRAUBE","605 BUFFLEHEAD LN  CEDAR PARK, TX 78613","605 BUFFLEHEAD LN, CEDAR PARK, TX  78613","S8313 - Silver Oak Sec 1, BLOCK B, Lot 9","L526504D"," ","S8313 - Silver Oak Sec 1","Real","$509,896","$509,896"
"R438763","R-17-W345-301B-0010-0008","ESSMAN, LYNN G (LE) & HEIDI L (LE)","607 BUFFLEHEAD LN  CEDAR PARK, TX 78613-4093","607 BUFFLEHEAD LN, CEDAR PARK, TX  78613","S8313 - Silver Oak Sec 1, BLOCK B, Lot 10","L526504D"," ","S8313 - Silver Oak Sec 1","Real","$493,528","$493,528"
"R438764","R-17-W345-301B-0011-0008","WINKLES, JEREMY W","1500 MERGANSER LN  CEDAR PARK, TX 78613","1500 MERGANSER LN, CEDAR PARK, TX  78613","S8313 - Silver Oak Sec 1, BLOCK B, Lot 11","L526504D"," ","S8313 - Silver Oak Sec 1","Real","$479,616","$479,616"
"R438765","R-17-W345-301B-0012-0008","ELLING, JUSTINE D","1502 MERGANSER LN  CEDAR PARK, TX 78613","1502 MERGANSER LN, CEDAR PARK, TX  78613","S8313 - Silver Oak Sec 1, BLOCK B, Lot 12","L526504D"," ","S8313 - Silver Oak Sec 1","Real","$673,001","$673,001"
"R438766","R-17-W345-301B-0013-0008","MIEARS, SCOTT & DAWN","1504 MERGANSER LN  CEDAR PARK, TX 78613","1504 MERGANSER LN, CEDAR PARK, TX  78613","S8313 - Silver Oak Sec 1, BLOCK B, Lot 13","L526504D"," ","S8313 - Silver Oak Sec 1","Real","$501,988","$501,988"
"R438767","R-17-W345-301C-0001-0008","STOUT, DENNIS E & ROBIN LYNN","506 MANDARIN FLYWAY  CEDAR PARK, TX 78613-4075","506 MANDARIN FLYWAY, CEDAR PARK, TX  78613","S8313 - Silver Oak Sec 1, BLOCK C, Lot 1","L526504D"," ","S8313 - Silver Oak Sec 1","Real","$463,493","$463,493"
"R438768","R-17-W345-301C-0002-0008","HOWARD, MICHELLE D","504 MANDARIN FLYWAY  CEDAR PARK, TX 78613","504 MANDARIN FLYWAY, CEDAR PARK, TX  78613","S8313 - Silver Oak Sec 1, BLOCK C, Lot 2","L526504D"," ","S8313 - Silver Oak Sec 1","Real","$539,869","$539,869"
"R438769","R-17-W345-301C-0003-0008","LE, TRUNG PHOUC & NGOC THI MAI NGUYEN","502 MANDARIN FLYWAY  CEDAR PARK, TX 78613-4075","502 MANDARIN FLYWAY, CEDAR PARK, TX  78613","S8313 - Silver Oak Sec 1, BLOCK C, Lot 3","L526504D"," ","S8313 - Silver Oak Sec 1","Real","$465,565","$465,565"
"R438770","R-17-W345-301C-0004-0008","MOSSHOLDER, JUSTIN","500 MANDARIN FLYWAY  CEDAR PARK, TX 78613","500 MANDARIN FLYWAY, CEDAR PARK, TX  78613","S8313 - Silver Oak Sec 1, BLOCK C, Lot 4","L526504D"," ","S8313 - Silver Oak Sec 1","Real","$502,342","$502,342"
"R438771","R-17-W345-301C-0005-0008","QUANT, ROBERT JOO & HIU-WAH SHUM","418 MANDARIN FLYWAY  CEDAR PARK, TX 78613-4087","418 MANDARIN FLYWAY, CEDAR PARK, TX  78613","S8313 - Silver Oak Sec 1, BLOCK C, Lot 5","L526504D"," ","S8313 - Silver Oak Sec 1","Real","$475,644","$475,644"
"R438772","R-17-W345-301C-0006-0008","HERNANDEZ, SANDRA & MICHAEL NANNOLA","416 MANDARIN FLYWAY  CEDAR PARK, TX 78613","416 MANDARIN FLYWAY, CEDAR PARK, TX  78613","S8313 - Silver Oak Sec 1, BLOCK C, Lot 6","L526504D"," ","S8313 - Silver Oak Sec 1","Real","$527,887","$527,887"
"R438773","R-17-W345-301C-0007-0008","DAHIR, SARMAD JAMAL & MARIAM HUSSEIN ALI ALI","414 MANDARIN FLYWAY  CEDAR PARK, TX 78613-4087","414 MANDARIN FLYWAY, CEDAR PARK, TX  78613","S8313 - Silver Oak Sec 1, BLOCK C, Lot 7","L526504D"," ","S8313 - Silver Oak Sec 1","Real","$527,075","$527,075"
"R438774","R-17-W345-301C-0008-0008","TREJO, EDWARD MEDINA","412 MANDARIN FLYWAY  CEDAR PARK, TX 78613-4087","412 MANDARIN FLYWAY, CEDAR PARK, TX  78613","S8313 - Silver Oak Sec 1, BLOCK C, Lot 8","L526504D"," ","S8313 - Silver Oak Sec 1","Real","$576,228","$576,228"
"R438775","R-17-W345-301C-0009-0008","BAKHSHI, FEREIDOUN & LISA ANN AKE","410 MANDARIN FLYWAY  CEDAR PARK, TX 78613","410 MANDARIN FLYWAY, CEDAR PARK, TX  78613","S8313 - Silver Oak Sec 1, BLOCK C, Lot 9","L526504D"," ","S8313 - Silver Oak Sec 1","Real","$510,985","$510,985"
"R438776","R-17-W345-301D-0001-0008","DENZIN, JASON C & KRISTINE","604 BUFFLEHEAD LN  CEDAR PARK, TX 78613","604 BUFFLEHEAD LN, CEDAR PARK, TX  78613","S8313 - Silver Oak Sec 1, BLOCK D, Lot 1","L526504D"," ","S8313 - Silver Oak Sec 1","Real","$517,590","$517,590"
"R438777","R-17-W345-301D-0002-0008","KANG, YI & HUA XIANG","602 BUFFLEHEAD LN  CEDAR PARK, TX 78613","602 BUFFLEHEAD LN, CEDAR PARK, TX  78613","S8313 - Silver Oak Sec 1, BLOCK D, Lot 2","L526504D"," ","S8313 - Silver Oak Sec 1","Real","$515,179","$515,179"
"R438778","R-17-W345-301D-0003-0008","TREJO, JUAN  F & JILL","600 BUFFLEHEAD LN  CEDAR PARK, TX 78613","600 BUFFLEHEAD LN, CEDAR PARK, TX  78613","S8313 - Silver Oak Sec 1, BLOCK D, Lot 3","L526504D"," ","S8313 - Silver Oak Sec 1","Real","$509,896","$509,896"
"R438779","R-17-W345-301D-0004-0008","ZOLONDEK, ALLEN T & MARIANNA K","508 BUFFLEHEAD LN  CEDAR PARK, TX 78613","508 BUFFLEHEAD LN, CEDAR PARK, TX  78613","S8313 - Silver Oak Sec 1, BLOCK D, Lot 4","L526504D"," ","S8313 - Silver Oak Sec 1","Real","$517,590","$517,590"
"R438780","R-17-W345-301H-0001-0008","WENTWORTH, JOSIE LYNN","1501 SILVER OAK TRL  CEDAR PARK, TX 78613","1501 SILVER OAK TRL, CEDAR PARK, TX  78613","S8313 - Silver Oak Sec 1, BLOCK H, Lot 1","L526504D"," ","S8313 - Silver Oak Sec 1","Real","$507,139","$507,139"
"R438781","R-17-W345-301H-0002-0008","FAROOQ, SAAD","1503 SILVER OAK TRL  CEDAR PARK, TX 78613","1503 SILVER OAK TRL, CEDAR PARK, TX  78613","S8313 - Silver Oak Sec 1, BLOCK H, Lot 2","L526504D"," ","S8313 - Silver Oak Sec 1","Real","$661,427","$661,427"
"R438782","R-17-W345-301H-0003-0008","KOO, JONG EUN & BO KYUNG KIM","1505 SILVER OAK TRL  CEDAR PARK, TX 78613","1505 SILVER OAK TRL, CEDAR PARK, TX  78613","S8313 - Silver Oak Sec 1, BLOCK H, Lot 3","L526504D"," ","S8313 - Silver Oak Sec 1","Real","$611,885","$611,885"
"R438783","R-17-W345-302F-0001-0008","PONCIK, SHELBY & PAUL JEFFREY KRISTO","1501 FLYWAY LN  CEDAR PARK, TX 78613","1501 FLYWAY LN, CEDAR PARK, TX  78613","S8310 - Silver Oak Sec 2, BLOCK F, Lot 1","L526504D"," ","S8310 - Silver Oak Sec 2","Real","$519,537","$519,537"
"R438784","R-17-W345-303G-0020-0008","CITY OF CEDAR PARK","450 CYPRESS CREEK  #BLDG 1 CEDAR PARK, TX 78613","212 GLADWALL LN S, CEDAR PARK, TX  78613","S8329 - Silver Oak Sec 3, BLOCK G, Lot 20, ACRES 3.106, (DETENTION POND)","L526504D"," ","S8329 - Silver Oak Sec 3","Real","$932","$932"
"R438785","R-17-W345-303H-0012-0008","VAIDYA MIHIR & GAURI PULEKAR","1518 CANVASBACK TRL CEDAR PARK, TX 78613","1518 CANVASBACK TRL, CEDAR PARK, TX  78613","S8329 - Silver Oak Sec 3, BLOCK H, Lot 12","L526504D"," ","S8329 - Silver Oak Sec 3","Real","$623,674","$623,674"
"R438786","R-17-W345-303H-0013-0008","LOPEZ, KIMBERLY Z","1516 CANVASBACK TRL  CEDAR PARK, TX 78613","1516 CANVASBACK TRL, CEDAR PARK, TX  78613","S8329 - Silver Oak Sec 3, BLOCK H, Lot 13","L526504D"," ","S8329 - Silver Oak Sec 3","Real","$479,209","$479,209"
"R438787","R-17-W345-303H-0014-0008","MARTINEZ, HECTOR L (TOD) & AILEEN SOTO (TOD)","1514 CANVASBACK TRL  CEDAR PARK, TX 78613-4082","1514 CANVASBACK TRL, CEDAR PARK, TX  78613","S8329 - Silver Oak Sec 3, BLOCK H, Lot 14","L526504D"," ","S8329 - Silver Oak Sec 3","Real","$568,052","$568,052"
"R438788","R-17-W345-303H-0015-0008","DONALSON, JEREMY BLAKE","1512 CANVASBACK TRL  CEDAR PARK, TX 78613","1512 CANVASBACK TRL, CEDAR PARK, TX  78613","S8329 - Silver Oak Sec 3, BLOCK H, Lot 15","L526504D"," ","S8329 - Silver Oak Sec 3","Real","$453,346","$453,346"
"R438789","R-17-W345-303H-0016-0008","PORRECO, THOMAS","1510 CANVASBACK TRL  CEDAR PARK, TX 78613","1510 CANVASBACK TRL, CEDAR PARK, TX  78613","S8329 - Silver Oak Sec 3, BLOCK H, Lot 16","L526504D"," ","S8329 - Silver Oak Sec 3","Real","$645,063","$645,063"
"R438790","R-17-W345-303H-0017-0008","GERALD E & BRENDA R HIGGINS TRS GERALD & BRENDA HIGGINS LIVING TRUST","1508 CANVASBACK TRL  CEDAR PARK, TX 78613","1508 CANVASBACK TRL, CEDAR PARK, TX  78613","S8329 - Silver Oak Sec 3, BLOCK H, Lot 17","L526504D"," ","S8329 - Silver Oak Sec 3","Real","$498,994","$498,994"
"R438791","R-17-W345-303H-0018-0008","IYER, ABHISHEK & NEEHARIKA PALAKA","1506 CANVASBACK TRL  CEDAR PARK, TX 78613","1506 CANVASBACK TRL, CEDAR PARK, TX  78613","S8329 - Silver Oak Sec 3, BLOCK H, Lot 18","L526504D"," ","S8329 - Silver Oak Sec 3","Real","$568,050","$568,050"
"R438792","R-17-W345-303H-0019-0008","BURDICK, DAVID H & LORI M","1504 CANVASBACK TRL  CEDAR PARK, TX 78613","1504 CANVASBACK TRL, CEDAR PARK, TX  78613","S8329 - Silver Oak Sec 3, BLOCK H, Lot 19","L526504D"," ","S8329 - Silver Oak Sec 3","Real","$545,537","$545,537"
"R438793","R-17-W345-303H-0020-0008","SILVER, MATHEW D & MARIE A","1502 CANVASBACK TRL CEDAR PARK, TX 78613-4082","1502 CANVASBACK TRL, CEDAR PARK, TX  78613","S8329 - Silver Oak Sec 3, BLOCK H, Lot 20","L526504D"," ","S8329 - Silver Oak Sec 3","Real","$644,319","$644,319"
"R438794","R-17-W345-303H-0021-0008","PILLAI, NISHANT SUNDARESAN & SAPNA NISHANT","1500 CANVASBECK TRL  CEDAR PARK, TX 78613","1500 CANVASBACK TRL, CEDAR PARK, TX  78613","S8329 - Silver Oak Sec 3, BLOCK H, Lot 21","L526504D"," ","S8329 - Silver Oak Sec 3","Real","$527,740","$527,740"
"R438795","R-17-W345-303H-0022-0008","GARDIOL, JON PHILLIPE & MARY KATHRYN","311 MUSCOVY LN CEDAR PARK, TX 78613-4084","311 MUSCOVY LN, CEDAR PARK, TX  78613","S8329 - Silver Oak Sec 3, BLOCK H, Lot 22","L526504D"," ","S8329 - Silver Oak Sec 3","Real","$663,383","$663,383"
"R438796","R-17-W345-303H-0023-0008","VU, DUY","309 MUSCOVY LN  CEDAR PARK, TX 78613-4084","309 MUSCOVY LN, CEDAR PARK, TX  78613","S8329 - Silver Oak Sec 3, BLOCK H, Lot 23","L526504D"," ","S8329 - Silver Oak Sec 3","Real","$735,756","$735,756"
"R438797","R-17-W345-303H-0024-0008","BERRY, MICHAEL","307 MUSCOVY LN  CEDAR PARK, TX 78613-4084","307 MUSCOVY LN, CEDAR PARK, TX  78613","S8329 - Silver Oak Sec 3, BLOCK H, Lot 24","L526504D"," ","S8329 - Silver Oak Sec 3","Real","$628,361","$628,361"
"R438798","R-17-W345-303H-0025-0008","HUANDRA, RUSMAN","305 MUSCOVY LN CEDAR PARK, TX 78613-4084","305 MUSCOVY LN, CEDAR PARK, TX  78613","S8329 - Silver Oak Sec 3, BLOCK H, Lot 25","L526504D"," ","S8329 - Silver Oak Sec 3","Real","$629,026","$629,026"
"R438799","R-17-W345-303H-0026-0008","BRODE, BYRON & KELLY","303 MUSCOVY LN CEDAR PARK, TX 78613-4084","303 MUSCOVY LN, CEDAR PARK, TX  78613","S8329 - Silver Oak Sec 3, BLOCK H, Lot 26","L526504D"," ","S8329 - Silver Oak Sec 3","Real","$485,388","$485,388"
"R438800","R-17-W345-303H-0027-0008","PIIADIN, DENIS","301 MUSCOVY LN  CEDAR PARK, TX 78613-4084","301 MUSCOVY LN, CEDAR PARK, TX  78613","S8329 - Silver Oak Sec 3, BLOCK H, Lot 27","L526504D"," ","S8329 - Silver Oak Sec 3","Real","$576,818","$576,818"
"R438801","R-17-W345-303H-0028-0008","JABER, AZZAM H","207 MUSCOVY LN  CEDAR PARK, TX 78613","207 MUSCOVY LN, CEDAR PARK, TX  78613","S8329 - Silver Oak Sec 3, BLOCK H, Lot 28","L526504D"," ","S8329 - Silver Oak Sec 3","Real","$738,227","$738,227"
"R438802","R-17-W345-303H-0029-0008","BOZE SR, CHRISTOPHER CHARLES & CECILIA ARIAS","205 MUSCOVY LN  CEDAR PARK, TX 78613","205 MUSCOVY LN, CEDAR PARK, TX  78613","S8329 - Silver Oak Sec 3, BLOCK H, Lot 29","L526504D"," ","S8329 - Silver Oak Sec 3","Real","$639,711","$639,711"
"R438803","R-17-W345-303H-0030-0008","VEERAMACHINENI, SHYAM & SARADA","203 MUSCOVY LN  CEDAR PARK, TX 78613","203 MUSCOVY LN, CEDAR PARK, TX  78613","S8329 - Silver Oak Sec 3, BLOCK H, Lot 30","L526504D"," ","S8329 - Silver Oak Sec 3","Real","$577,187","$577,187"
"R438804","R-17-W345-303H-0031-0008","COMPUESTO, RENE D & LINDA","201 MUSCOVY LN  CEDAR PARK, TX 78613","201 MUSCOVY LN, CEDAR PARK, TX  78613","S8329 - Silver Oak Sec 3, BLOCK H, Lot 31","L526504D"," ","S8329 - Silver Oak Sec 3","Real","$728,756","$728,756"
"R438805","R-17-W345-303H-0032-0008","BURKHART, JOSEPH A & MELISSA M","111 MUSCOVY LN  CEDAR PARK, TX 78613-4078","111 MUSCOVY LN, CEDAR PARK, TX  78613","S8329 - Silver Oak Sec 3, BLOCK H, Lot 32","L526504D"," ","S8329 - Silver Oak Sec 3","Real","$641,225","$641,225"
"R438806","R-17-W345-303H-0033-0008","PENNINGTON, JAMES & JENNIFER","109 MUSCOVY LN CEDAR PARK, TX 78613-4078","109 MUSCOVY LN, CEDAR PARK, TX  78613","S8329 - Silver Oak Sec 3, BLOCK H, Lot 33","L526504D"," ","S8329 - Silver Oak Sec 3","Real","$672,329","$672,329"
"R438807","R-17-W345-303H-0034-0008","DUBE, ISHA & AJIT GOPALAKRISHNAN","107 MUSCOVY LN  CEDAR PARK, TX 78613-4078","107 MUSCOVY LN, CEDAR PARK, TX  78613","S8329 - Silver Oak Sec 3, BLOCK H, Lot 34","L526504D"," ","S8329 - Silver Oak Sec 3","Real","$693,563","$693,563"
"R438808","R-17-W345-303H-0035-0008","DINH, HUU NGOC","105 MUSCOVY LN  CEDAR PARK, TX 78613","105 MUSCOVY LN, CEDAR PARK, TX  78613","S8329 - Silver Oak Sec 3, BLOCK H, Lot 35","L526504D"," ","S8329 - Silver Oak Sec 3","Real","$499,882","$499,882"
"R438809","R-17-W345-303H-0036-0008","DINH, HAI Q","103 MUSCOVY LN  CEDAR PARK, TX 78613","103 MUSCOVY LN, CEDAR PARK, TX  78613","S8329 - Silver Oak Sec 3, BLOCK H, Lot 36","L526504D"," ","S8329 - Silver Oak Sec 3","Real","$512,371","$512,371"
"R438810","R-17-W345-303H-0037-0008","LUONG, CATHERINE (LE)","101 MUSCOVY LN  CEDAR PARK, TX 78613-4078","101 MUSCOVY LN, CEDAR PARK, TX  78613","S8329 - Silver Oak Sec 3, BLOCK H, Lot 37","L526504D"," ","S8329 - Silver Oak Sec 3","Real","$488,635","$488,635"
"R438811","R-17-W345-303H-0038-0008","DINH, HUYNH T","100 MUSCOVY LN CEDAR PARK, TX 78613-4078","100 MUSCOVY LN, CEDAR PARK, TX  78613","S8329 - Silver Oak Sec 3, BLOCK H, Lot 38","L526504D"," ","S8329 - Silver Oak Sec 3","Real","$509,027","$509,027"
"R438812","R-17-W345-303H-0039-0008","DANG, VANHA & KHA THU DINH","102 MUSCOVY LN  CEDAR PARK, TX 78613-4078","102 MUSCOVY LN, CEDAR PARK, TX  78613","S8329 - Silver Oak Sec 3, BLOCK H, Lot 39","L526504D"," ","S8329 - Silver Oak Sec 3","Real","$510,623","$510,623"
"R438813","R-17-W345-303H-0040-0008","DINH, THUY NGOC & TRI T NGUYEN","104 MUSCOVY LN  CEDAR PARK, TX 78613","104 MUSCOVY LN, CEDAR PARK, TX  78613","S8329 - Silver Oak Sec 3, BLOCK H, Lot 40","L526504D"," ","S8329 - Silver Oak Sec 3","Real","$516,038","$516,038"
"R438814","R-17-W345-303H-0041-0008","MORITZ, BRIAN L & MELISSA K","106 MUSCOVY LN  CEDAR PARK, TX 78613","106 MUSCOVY LN, CEDAR PARK, TX  78613","S8329 - Silver Oak Sec 3, BLOCK H, Lot 41","L526504D"," ","S8329 - Silver Oak Sec 3","Real","$568,050","$568,050"
"R438815","R-17-W345-303H-0042-0008","CAPESIUS, JOSEPH PETER & MELANIE M","1801 SALINE CREEK DR  CEDAR PARK, TX 78613","108 MUSCOVY LN, CEDAR PARK, TX  78613","S8329 - Silver Oak Sec 3, BLOCK H, Lot 42","L526504D"," ","S8329 - Silver Oak Sec 3","Real","$637,087","$637,087"
"R438816","R-17-W345-303H-0043-0008","WHEELER, STACEY T","110 MUSCOVY LN CEDAR PARK, TX 78613-4078","110 MUSCOVY LN, CEDAR PARK, TX  78613","S8329 - Silver Oak Sec 3, BLOCK H, Lot 43","L526504D"," ","S8329 - Silver Oak Sec 3","Real","$550,899","$550,899"
"R438817","R-17-W345-303H-0044-0008","AGRON, JEANETTE D & VALDEMAR E","200 MUSCOVY LN  CEDAR PARK, TX 78613","200 MUSCOVY LN, CEDAR PARK, TX  78613","S8329 - Silver Oak Sec 3, BLOCK H, Lot 44","L526504D"," ","S8329 - Silver Oak Sec 3","Real","$619,871","$619,871"
"R438818","R-17-W345-303H-0045-0008","COLON, JAYLON ALI","202 MUSCOVY LN  CEDAR PARK, TX 78613-4079","202 MUSCOVY LN, CEDAR PARK, TX  78613","S8329 - Silver Oak Sec 3, BLOCK H, Lot 45","L526504D"," ","S8329 - Silver Oak Sec 3","Real","$464,031","$464,031"
"R438819","R-17-W345-303H-0046-0008","MAHMOUD, ENAD M & ZINA A ELURI","204 MUSCOVY LN  CEDAR PARK, TX 78613","204 MUSCOVY LN, CEDAR PARK, TX  78613","S8329 - Silver Oak Sec 3, BLOCK H, Lot 46","L526504D"," ","S8329 - Silver Oak Sec 3","Real","$473,008","$473,008"
"R438820","R-17-W345-303H-0047-0008","WHITE RETHA D TRUST","206 MUSCOVY LN  CEDAR PARK, TX 78613","206 MUSCOVY LN, CEDAR PARK, TX  78613","S8329 - Silver Oak Sec 3, BLOCK H, Lot 47","L526504D"," ","S8329 - Silver Oak Sec 3","Real","$522,020","$522,020"
"R438821","R-17-W345-303H-0048-0008","HUNTER, DAVID P (TOD) & SYLVIA (TOD)","207 WIGEON CV  CEDAR PARK, TX 78613","207 WIGEON CV, CEDAR PARK, TX  78613","S8329 - Silver Oak Sec 3, BLOCK H, Lot 48","L526504D"," ","S8329 - Silver Oak Sec 3","Real","$510,679","$510,679"
"R438822","R-17-W345-303H-0049-0008","SCOTT ROYAL SMITH TRUSTEE OF THE 205 WIGEON COVE TRUST","8811 GLEN CANYON DR ROUND ROCK, TX 78681-3426","205 WIGEON CV, CEDAR PARK, TX  78613","S8329 - Silver Oak Sec 3, BLOCK H, Lot 49","L526504D"," ","S8329 - Silver Oak Sec 3","Real","$464,492","$464,492"
"R438823","R-17-W345-303H-0050-0008","LEDBETTER, BILLY JR & NATALIE","203 WIGEON CV  CEDAR PARK, TX 78613","203 WIGEON CV, CEDAR PARK, TX  78613","S8329 - Silver Oak Sec 3, BLOCK H, Lot 50","L526504D"," ","S8329 - Silver Oak Sec 3","Real","$713,087","$713,087"
"R438824","R-17-W345-303H-0051-0008","MCMILLAN, JIM BOB INDV & AS TRUSTEE OF MILTON L DOOLITTLE REVOCABLE TRUST","201 WIGEON CV  CEDAR PARK, TX 78613","201 WIGEON CV, CEDAR PARK, TX  78613","S8329 - Silver Oak Sec 3, BLOCK H, Lot 51","L526504D"," ","S8329 - Silver Oak Sec 3","Real","$517,634","$517,634"
"R438825","R-17-W345-303H-0052-0008","BAJAJ, OMESH","107 WIGEON CV CEDAR PARK, TX 78613-4080","107 WIGEON CV, CEDAR PARK, TX  78613","S8329 - Silver Oak Sec 3, BLOCK H, Lot 52","L526504D"," ","S8329 - Silver Oak Sec 3","Real","$722,800","$722,800"
"R438826","R-17-W345-303H-0053-0008","PARIKH, SANJAY","105 WIGEON CV  CEDAR PARK, TX 78613","105 WIGEON CV, CEDAR PARK, TX  78613","S8329 - Silver Oak Sec 3, BLOCK H, Lot 53","L526504D"," ","S8329 - Silver Oak Sec 3","Real","$612,297","$612,297"
"R438827","R-17-W345-303H-0054-0008","MELVILLE M KIRKLAND JR TR MELVILLE MARSHALL KIRKLAND JR LIVING TRUST","103 WIGEON CV  CEDAR PARK, TX 78613-4080","103 WIGEON CV, CEDAR PARK, TX  78613","S8329 - Silver Oak Sec 3, BLOCK H, Lot 54","L526504D"," ","S8329 - Silver Oak Sec 3","Real","$576,385","$576,385"
"R438828","R-17-W345-303H-0055-0008","DAVIS, CYNTHIA L","101 WIGEON CV  CEDAR PARK, TX 78613","101 WIGEON CV, CEDAR PARK, TX  78613","S8329 - Silver Oak Sec 3, BLOCK H, Lot 55","L526504D"," ","S8329 - Silver Oak Sec 3","Real","$829,646","$829,646"
"R438829","R-17-W345-303H-0056-0008","SCOTT, KADIN HUNTER FRANCIS & CANDICE L","100 WIGEON CV  CEDAR PARK, TX 78613","100 WIGEON CV, CEDAR PARK, TX  78613","S8329 - Silver Oak Sec 3, BLOCK H, Lot 56","L526504D"," ","S8329 - Silver Oak Sec 3","Real","$635,833","$635,833"
"R438830","R-17-W345-303H-0057-0008","NGUYEN, KHANG MINH (LE)","102 WIGEON CV  CEDAR PARK, TX 78613-4080","102 WIGEON CV, CEDAR PARK, TX  78613","S8329 - Silver Oak Sec 3, BLOCK H, Lot 57","L526504D"," ","S8329 - Silver Oak Sec 3","Real","$687,721","$687,721"
"R438831","R-17-W345-303H-0058-0008","SADLO, MATTHEW J & HAILEY L","104 WIGEON CV  CEDAR PARK, TX 78613","104 WIGEON CV, CEDAR PARK, TX  78613","S8329 - Silver Oak Sec 3, BLOCK H, Lot 58","L526504D"," ","S8329 - Silver Oak Sec 3","Real","$502,665","$502,665"
"R438832","R-17-W345-303H-0059-0008","COX, MATTHEW RYAN","106 WIGEON CV  CEDAR PARK, TX 78613","106 WIGEON CV, CEDAR PARK, TX  78613","S8329 - Silver Oak Sec 3, BLOCK H, Lot 59","L526504D"," ","S8329 - Silver Oak Sec 3","Real","$479,379","$479,379"
"R438833","R-17-W345-303H-0060-0008","NGUYEN, JENNIFER B","108 WIGEON CV  CEDAR PARK, TX 78613","108 WIGEON CV, CEDAR PARK, TX  78613","S8329 - Silver Oak Sec 3, BLOCK H, Lot 60","L526504D"," ","S8329 - Silver Oak Sec 3","Real","$617,337","$617,337"
"R438834","R-17-W345-303H-0061-0008","KUMAR, VIVEK & BINGJIE ZHANG","200 WIGEON CV  CEDAR PARK, TX 78613-4081","200 WIGEON CV, CEDAR PARK, TX  78613","S8329 - Silver Oak Sec 3, BLOCK H, Lot 61","L526504D"," ","S8329 - Silver Oak Sec 3","Real","$568,050","$568,050"
"R438835","R-17-W345-303H-0062-0008","JACOBSON, SHELDON S & LESLIE L","202 WIGEON CV  CEDAR PARK, TX 78613","202 WIGEON CV, CEDAR PARK, TX  78613","S8329 - Silver Oak Sec 3, BLOCK H, Lot 62","L526504D"," ","S8329 - Silver Oak Sec 3","Real","$490,925","$490,925"
"R438836","R-17-W345-303H-0063-0008","HOLTZ, KEVIN","204 WIGEON CV CEDAR PARK, TX 78613-4081","204 WIGEON CV, CEDAR PARK, TX  78613","S8329 - Silver Oak Sec 3, BLOCK H, Lot 63","L526504D"," ","S8329 - Silver Oak Sec 3","Real","$507,814","$507,814"
"R438837","R-17-W345-303H-0064-0008","WALSH, CHRISTOPHER & SILPA SARMA","206 WIGEON CV  CEDAR PARK, TX 78613","206 WIGEON CV, CEDAR PARK, TX  78613","S8329 - Silver Oak Sec 3, BLOCK H, Lot 64","L526504D"," ","S8329 - Silver Oak Sec 3","Real","$680,533","$680,533"
"R438838","R-17-W345-303I-0001-0008","LEE, EUNCHAN & CHAEYOUNG KIL","1501 CANVASBACK TRL  CEDAR PARK, TX 78613","1501 CANVASBACK TRL, CEDAR PARK, TX  78613","S8329 - Silver Oak Sec 3, BLOCK I, Lot 1","L526504D"," ","S8329 - Silver Oak Sec 3","Real","$640,098","$640,098"
"R438839","R-17-W345-303I-0002-0008","ME AND FE FAMILY REVOCABLE TRUST","1503 CANVASBACK TRL CEDAR PARK, TX 78613","1503 CANVASBACK TRL, CEDAR PARK, TX  78613","S8329 - Silver Oak Sec 3, BLOCK I, Lot 2","L526504D"," ","S8329 - Silver Oak Sec 3","Real","$738,571","$738,571"
"R438840","R-17-W345-303I-0003-0008","HUANG, GUO-CHIN & JAUCHI SU","1505 CANVASBACK TRL  CEDAR PARK, TX 78613","1505 CANVASBACK TRL, CEDAR PARK, TX  78613","S8329 - Silver Oak Sec 3, BLOCK I, Lot 3","L526504D"," ","S8329 - Silver Oak Sec 3","Real","$479,776","$479,776"
"R438841","R-17-W345-303I-0004-0008","DISHMAN, CODY & CHEZ M","1507 CANVASBACK TRL  CEDAR PARK, TX 78613","1507 CANVASBACK TRL, CEDAR PARK, TX  78613","S8329 - Silver Oak Sec 3, BLOCK I, Lot 4","L526504D"," ","S8329 - Silver Oak Sec 3","Real","$554,410","$554,410"
"R438842","R-17-W345-303I-0005-0008","HOSKIN, KENNETH FRANCIS JR & YUKI","1509 CANVASBACK TRL  CEDAR PARK, TX 78613","1509 CANVASBACK TRL, CEDAR PARK, TX  78613","S8329 - Silver Oak Sec 3, BLOCK I, Lot 5","L526504D"," ","S8329 - Silver Oak Sec 3","Real","$513,121","$513,121"
"R438843","R-17-W345-303I-0006-0008","RUTLEY, REGINALD KEITH & SHAUNTICE T","1511 CANVASBACK TRL  CEDAR PARK, TX 78613","1511 CANVASBACK TRL, CEDAR PARK, TX  78613","S8329 - Silver Oak Sec 3, BLOCK I, Lot 6","L526504D"," ","S8329 - Silver Oak Sec 3","Real","$507,323","$507,323"
"R438844","R-17-W345-303I-0007-0008","KIM YOO INVESTMENTS LLC SERIES 1513 CANVASBACK TRL","15101 CALAVERAS DR  AUSTIN, TX 78717-4597","1513 CANVASBACK TRL, CEDAR PARK, TX  78613","S8329 - Silver Oak Sec 3, BLOCK I, Lot 7","L526504D"," ","S8329 - Silver Oak Sec 3","Real","$445,459","$445,459"
"R438845","R-17-W345-303I-0008-0008","RIOJAS, RIGO G & ROBYN R","1515 CANVASBACK TRL CEDAR PARK, TX 78613-4082","1515 CANVASBACK TRL, CEDAR PARK, TX  78613","S8329 - Silver Oak Sec 3, BLOCK I, Lot 8","L526504D"," ","S8329 - Silver Oak Sec 3","Real","$621,482","$621,482"
"R438846","R-17-W345-303I-0009-0008","BOBO, JOSHUA MICHAEL & INA","1517 CANVASBACK TRL  CEDAR PARK, TX 78613","1517 CANVASBACK TRL, CEDAR PARK, TX  78613","S8329 - Silver Oak Sec 3, BLOCK I, Lot 9","L526504D"," ","S8329 - Silver Oak Sec 3","Real","$693,659","$693,659"
"R438847","R-17-W345-303I-0010-0008","XIZHU CHENG TR OF THE SURVIVORS TRUST","48815 LYRA ST  FREMONT, CA 94539-7527","1516 BIRD DOG LN, CEDAR PARK, TX  78613","S8329 - Silver Oak Sec 3, BLOCK I, Lot 10","L526504D"," ","S8329 - Silver Oak Sec 3","Real","$609,804","$609,804"
"R438848","R-17-W345-303I-0011-0008","MARTIN, WILLIAM TALLON","1514 BIRD DOG LN  CEDAR PARK, TX 78613","1514 BIRD DOG LN, CEDAR PARK, TX  78613","S8329 - Silver Oak Sec 3, BLOCK I, Lot 11","L526504D"," ","S8329 - Silver Oak Sec 3","Real","$449,801","$449,801"
"R438849","R-17-W345-303I-0012-0008","DANYAL, GHAZY H","1512 BIRD DOG LN  CEDAR PARK, TX 78613","1512 BIRD DOG LN, CEDAR PARK, TX  78613","S8329 - Silver Oak Sec 3, BLOCK I, Lot 12","L526504D"," ","S8329 - Silver Oak Sec 3","Real","$488,808","$488,808"
"R438850","R-17-W345-303I-0013-0008","BEASLEY, WILLIAM THEODORE","1510 BIRD DOG LN  CEDAR PARK, TX 78613","1510 BIRD DOG LN, CEDAR PARK, TX  78613","S8329 - Silver Oak Sec 3, BLOCK I, Lot 13","L526504D"," ","S8329 - Silver Oak Sec 3","Real","$636,681","$636,681"
"R438851","R-17-W345-303I-0014-0008","CPP 1508 B A SUB SERIES OF CITY PARK PROPERTIES LLC & EQUITY TRUST CO CUSTODIAN","3605 SERENE HILLS DR  AUSTIN, TX 78738-1223","1508 BIRD DOG LN, CEDAR PARK, TX  78613","S8329 - Silver Oak Sec 3, BLOCK I, Lot 14","L526504D"," ","S8329 - Silver Oak Sec 3","Real","$447,798","$447,798"
"R438852","R-17-W345-303I-0015-0008","THE MURUGESH & KANCHANA REVOCABLE TRUST","188 HIGGINS AVE  LOS ALTOS, CA 94022","1506 BIRD DOG LN, CEDAR PARK, TX  78613","S8329 - Silver Oak Sec 3, BLOCK I, Lot 15","L526504D"," ","S8329 - Silver Oak Sec 3","Real","$477,926","$477,926"
"R438853","R-17-W345-303I-0016-0008","BELISLE, CATHERINE D & RAYMOND O","1504 BIRD DOG LN  CEDAR PARK, TX 78613","1504 BIRD DOG LN, CEDAR PARK, TX  78613","S8329 - Silver Oak Sec 3, BLOCK I, Lot 16","L526504D"," ","S8329 - Silver Oak Sec 3","Real","$515,387","$515,387"
"R438854","R-17-W345-303I-0017-0008","BENNETT, DAVID TROY & TAMARA","1502 BIRD DOG LN  CEDAR PARK, TX 78613-4083","1502 BIRD DOG LN, CEDAR PARK, TX  78613","S8329 - Silver Oak Sec 3, BLOCK I, Lot 17","L526504D"," ","S8329 - Silver Oak Sec 3","Real","$693,890","$693,890"
"R438855","R-17-W345-303I-0018-0008","DEPP, TAYLOR O & KATALIN N","1500 BIRD DOG LN  CEDAR PARK, TX 78613","1500 BIRD DOG LN, CEDAR PARK, TX  78613","S8329 - Silver Oak Sec 3, BLOCK I, Lot 18","L526504D"," ","S8329 - Silver Oak Sec 3","Real","$575,865","$575,865"
"R438856","R-17-W345-302F-0009-0008","WILES, GEOFFREY K (TOD) & JAMIE YOUNGS (TOD)","1520 SILVER OAK TRL  CEDAR PARK, TX 78613","1520 SILVER OAK TRL, CEDAR PARK, TX  78613","S8310 - Silver Oak Sec 2, BLOCK F, Lot 9","L526504D"," ","S8310 - Silver Oak Sec 2","Real","$499,667","$499,667"
"R438857","R-17-W345-302F-0010-0008","NGUYEN, LONG & TRAN NHA LE","1518 SILVER OAK TRL  CEDAR PARK, TX 78613","1518 SILVER OAK TRL, CEDAR PARK, TX  78613","S8310 - Silver Oak Sec 2, BLOCK F, Lot 10","L526504D"," ","S8310 - Silver Oak Sec 2","Real","$513,238","$513,238"
"R438858","R-17-W345-302F-0011-0008","NABOURS, HUEY R & SANDRA L","1516 SILVER OAK TRL  CEDAR PARK, TX 78613","1516 SILVER OAK TRL, CEDAR PARK, TX  78613","S8310 - Silver Oak Sec 2, BLOCK F, Lot 11","L526504D"," ","S8310 - Silver Oak Sec 2","Real","$520,246","$520,246"
"R438859","R-17-W345-302F-0012-0008","DRABEK, DAVID ALBERT & KAREN BOLTZ","1514 SILVER OAK TRL  CEDAR PARK, TX 78613","1514 SILVER OAK TRL, CEDAR PARK, TX  78613","S8310 - Silver Oak Sec 2, BLOCK F, Lot 12","L526504D"," ","S8310 - Silver Oak Sec 2","Real","$655,997","$655,997"
"R438860","R-17-W345-302F-0013-0008","DAVIS, JENNIFER S (TOD)","1512 SILVER OAK TRL  CEDAR PARK, TX 78613","1512 SILVER OAK TRL, CEDAR PARK, TX  78613","S8310 - Silver Oak Sec 2, BLOCK F, Lot 13","L526504D"," ","S8310 - Silver Oak Sec 2","Real","$504,100","$504,100"
"R438861","R-17-W345-302F-0014-0008","KONUDULA, SUNDEEP & SOUMYA KAMBHAMPATI","1510 SILVER OAK TRL  CEDAR PARK, TX 78613","1510 SILVER OAK TRL, CEDAR PARK, TX  78613","S8310 - Silver Oak Sec 2, BLOCK F, Lot 14","L526504D"," ","S8310 - Silver Oak Sec 2","Real","$623,197","$623,197"
"R438862","R-17-W345-302F-0015-0008","ADAMS, EDWARD A & MALGORZATA GLODZIAK-DOJNIK","1508 SILVER OAK TRL  CEDAR PARK, TX 78613","1508 SILVER OAK TRL, CEDAR PARK, TX  78613","S8310 - Silver Oak Sec 2, BLOCK F, Lot 15","L526504D"," ","S8310 - Silver Oak Sec 2","Real","$551,015","$551,015"
"R438863","R-17-W345-302F-0016-0008","NGUYEN, HUY & YEN DOAN","1506 SILVER OAK TRL  CEDAR PARK, TX 78613","1506 SILVER OAK TRL, CEDAR PARK, TX  78613","S8310 - Silver Oak Sec 2, BLOCK F, Lot 16","L526504D"," ","S8310 - Silver Oak Sec 2","Real","$511,335","$511,335"
"R438865","R-17-W345-302G-0017-0008","WINTENBURG, CHRISTOPHER T & AMANDA B","21528 MOUNTSFIELD DR GOLDEN, CO 80401-9432","304 GADWALL LN S, CEDAR PARK, TX  78613","S8310 - Silver Oak Sec 2, BLOCK G, Lot 17","L526504D"," ","S8310 - Silver Oak Sec 2","Real","$672,657","$672,657"
"R438866","R-17-W345-302G-0018-0008","GRAY, RUTH ELIZABETH","302 S GADWALL LN  CEDAR PARK, TX 78613-4094","302 GADWALL LN S, CEDAR PARK, TX  78613","S8310 - Silver Oak Sec 2, BLOCK G, Lot 18","L526504D"," ","S8310 - Silver Oak Sec 2","Real","$581,144","$581,144"
"R438867","R-17-W345-302G-0019-0008","BUSSARD, TRACY & IVAN DAVID BENAVIDES","300 S GADWALL LN  CEDAR PARK, TX 78613","300 GADWALL LN S, CEDAR PARK, TX  78613","S8310 - Silver Oak Sec 2, BLOCK G, Lot 19","L526504D"," ","S8310 - Silver Oak Sec 2","Real","$503,757","$503,757"
"R438868","R-17-W345-302H-0004-0008","PARANJAPE, MAHESH & SUSHAMA","1507 SILVER OAK TRL CEDAR PARK, TX 78613","1507 SILVER OAK TRL, CEDAR PARK, TX  78613","S8310 - Silver Oak Sec 2, BLOCK H, Lot 4","L526504D"," ","S8310 - Silver Oak Sec 2","Real","$726,389","$726,389"
"R438869","R-17-W345-302H-0005-0008","HEHENBERGER, ABIGAIL & LANCE","1509 SILVER OAK TRL  CEDAR PARK, TX 78613","1509 SILVER OAK TRL, CEDAR PARK, TX  78613","S8310 - Silver Oak Sec 2, BLOCK H, Lot 5","L526504D"," ","S8310 - Silver Oak Sec 2","Real","$680,099","$680,099"
"R438870","R-17-W345-302H-0006-0008","SILVA, PAULO J & DEBORAH","1511 SILVER OAK TRL CEDAR PARK, TX 78613-4088","1511 SILVER OAK TRL, CEDAR PARK, TX  78613","S8310 - Silver Oak Sec 2, BLOCK H, Lot 6","L526504D"," ","S8310 - Silver Oak Sec 2","Real","$693,163","$693,163"
"R438871","R-17-W345-302H-0007-0008","FRIMER, PAMELA","1513 SILVER OAK TRL  CEDAR PARK, TX 78613","1513 SILVER OAK TRL, CEDAR PARK, TX  78613","S8310 - Silver Oak Sec 2, BLOCK H, Lot 7","L526504D"," ","S8310 - Silver Oak Sec 2","Real","$521,441","$521,441"
"R438872","R-17-W345-302H-0008-0008","COOK, FELICIA L & JEFFERY K","1515 SILVER OAK TRL  CEDAR PARK, TX 78613","1515 SILVER OAK TRL, CEDAR PARK, TX  78613","S8310 - Silver Oak Sec 2, BLOCK H, Lot 8","L526504D"," ","S8310 - Silver Oak Sec 2","Real","$624,573","$624,573"
"R438873","R-17-W345-302H-0009-0008","QUINTANA, JORGE J & SHARI B","1517 SILVER OAK TRL  CEDAR PARK, TX 78613-4088","1517 SILVER OAK TRL, CEDAR PARK, TX  78613","S8310 - Silver Oak Sec 2, BLOCK H, Lot 9","L526504D"," ","S8310 - Silver Oak Sec 2","Real","$506,657","$506,657"
"R438874","R-17-W345-302H-0010-0008","GANGATIRKAR, KETAN","1519 SILVER OAK TRL  CEDAR PARK, TX 78613","1519 SILVER OAK TRL, CEDAR PARK, TX  78613","S8310 - Silver Oak Sec 2, BLOCK H, Lot 10","L526504D"," ","S8310 - Silver Oak Sec 2","Real","$677,708","$677,708"
"R438875","R-17-W345-302H-0011-0008","LANG, STEVEN F & BETH B","1521 SILVER OAK TRL  CEDAR PARK, TX 78613","1521 SILVER OAK TRL, CEDAR PARK, TX  78613","S8310 - Silver Oak Sec 2, BLOCK H, Lot 11","L526504D"," ","S8310 - Silver Oak Sec 2","Real","$685,705","$685,705"
"R438878","R-17-W324-012J-0001-0008","TALBOTT, ERIKA & JAMES EARL JR","101 TRAILRIDGE DR CEDAR PARK, TX 78613-4047","101 TRAILRIDGE DR, CEDAR PARK, TX  78613","S8364 - Forest Oaks Sec 12, BLOCK J, Lot 1","L526504D"," ","S8364 - Forest Oaks Sec 12","Real","$641,782","$641,782"
"R438879","R-17-W324-012J-0001-A008","FOREST OAKS OWNERS ASSOCIATION INC","c/o SPECTRUM ASSOCIATION MGT 17319 SAN PEDRO AVE STE 318 SAN ANTONIO, TX 78232-1443","E PARK ST, CEDAR PARK, TX  78613","S8364 - Forest Oaks Sec 12, BLOCK J, Lot 1-A, ACRES 0.0349, (LANDSCAPE)","L526504D"," ","S8364 - Forest Oaks Sec 12","Real","$300","$300"
"R438880","R-17-W324-012J-0096-A008","CITY OF CEDAR PARK","450 CYPRESS CREEK  #BLDG 1 CEDAR PARK, TX 78613","1300 E PARK ST, CEDAR PARK, TX  78613","S8364 - Forest Oaks Sec 12, BLOCK J, Lot 96-A, ACRES 0.5421, (DRAINAGE EASEMENT)","L526504D"," ","S8364 - Forest Oaks Sec 12","Real","$300","$300"
"R438881","R-17-W324-012O-0001-0008","YOUNG CRAIG E & CATHERINE R TR OF THE CARIG E YOUNG & C R YOUNG FAMILY TRUST","1200 WILLOWBROOK DR  CEDAR PARK, TX 78613","1200 WILLOWBROOK DR, CEDAR PARK, TX  78613","S8364 - Forest Oaks Sec 12, BLOCK O, Lot 1","L526504D"," ","S8364 - Forest Oaks Sec 12","Real","$537,620","$537,620"
"R438882","R-17-W324-012O-0002-0008","JEFTS, RICHARD NELSON Jr & HEATHER ROSE","1202 WILLOWBROOK DR  CEDAR PARK, TX 78613","1202 WILLOWBROOK DR, CEDAR PARK, TX  78613","S8364 - Forest Oaks Sec 12, BLOCK O, Lot 2","L526504D"," ","S8364 - Forest Oaks Sec 12","Real","$718,125","$718,125"
"R438883","R-17-W324-012O-0003-0008","HANDY, JAMES R & CLARA","1204 WILLOWBROOK DR  CEDAR PARK, TX 78613-3710","1204 WILLOWBROOK DR, CEDAR PARK, TX  78613","S8364 - Forest Oaks Sec 12, BLOCK O, Lot 3","L526504D"," ","S8364 - Forest Oaks Sec 12","Real","$449,744","$449,744"
"R438884","R-17-W324-012O-0004-0008","NICOLS, BRITTANY NICOLE & BRIAN GREGORY","1206 WILLOWBROOK DR  CEDAR PARK, TX 78613","1206 WILLOWBROOK DR, CEDAR PARK, TX  78613","S8364 - Forest Oaks Sec 12, BLOCK O, Lot 4","L526504D"," ","S8364 - Forest Oaks Sec 12","Real","$642,204","$642,204"
"R438885","R-17-W324-012O-0005-0008","PRADHAN, ANUSUYA SHRESTHA & MANISH","4226 ANA RIDGE LN FULSHEAR, TX 77441-2303","1208 WILLOWBROOK DR, CEDAR PARK, TX  78613","S8364 - Forest Oaks Sec 12, BLOCK O, Lot 5","L526504D"," ","S8364 - Forest Oaks Sec 12","Real","$499,172","$499,172"
"R438886","R-17-W324-012O-0006-0008","ZENG, YIHONG & CHAO W TAN","1210 WILLOWBROOK DR  CEDAR PARK, TX 78613","1210 WILLOWBROOK DR, CEDAR PARK, TX  78613","S8364 - Forest Oaks Sec 12, BLOCK O, Lot 6","L526504D"," ","S8364 - Forest Oaks Sec 12","Real","$479,974","$479,974"
"R438887","R-17-W324-012O-0007-0008","CHISM, LOGAN & VICTORIA E DELGADO","1212 WILLOWBROOK DR  CEDAR PARK, TX 78613","1212 WILLOWBROOK DR, CEDAR PARK, TX  78613","S8364 - Forest Oaks Sec 12, BLOCK O, Lot 7","L526504D"," ","S8364 - Forest Oaks Sec 12","Real","$563,907","$563,907"
"R438888","R-17-W324-012O-0008-0008","DODDS, MARY JOANNE & AARON","1214 WILLOWBROOK DR  CEDAR PARK, TX 78613","1214 WILLOWBROOK DR, CEDAR PARK, TX  78613","S8364 - Forest Oaks Sec 12, BLOCK O, Lot 8","L526504D"," ","S8364 - Forest Oaks Sec 12","Real","$507,144","$507,144"
"R438889","R-17-W324-012O-0009-0008","CHEN, WARD & WENDY LIN","373 BLEA HILLS AVE  BLEA, CA 92823","1216 WILLOWBROOK DR, CEDAR PARK, TX  78613","S8364 - Forest Oaks Sec 12, BLOCK O, Lot 9","L526504D"," ","S8364 - Forest Oaks Sec 12","Real","$640,199","$640,199"
"R438890","R-17-W324-012O-0010-0008","WALLACE, CORY S & ELYSSA URBANO","1218 WILLOWBROOK DR  CEDAR PARK, TX 78613","1218 WILLOWBROOK DR, CEDAR PARK, TX  78613","S8364 - Forest Oaks Sec 12, BLOCK O, Lot 10","L526504D"," ","S8364 - Forest Oaks Sec 12","Real","$600,883","$600,883"
"R438891","R-17-W324-012O-0011-0008","CRISALIS, ROBERT & TETYANA MELNYK","1220 WILLOWBROOK DR  CEDAR PARK, TX 78613-3710","1220 WILLOWBROOK DR, CEDAR PARK, TX  78613","S8364 - Forest Oaks Sec 12, BLOCK O, Lot 11","L526504D"," ","S8364 - Forest Oaks Sec 12","Real","$685,593","$685,593"
"R438892","R-17-W324-012O-0012-0008","ALLEN, DAVID","1222 WILLOWBROOK DR CEDAR PARK, TX 78613-3710","1222 WILLOWBROOK DR, CEDAR PARK, TX  78613","S8364 - Forest Oaks Sec 12, BLOCK O, Lot 12","L526504D"," ","S8364 - Forest Oaks Sec 12","Real","$664,035","$664,035"
"R438893","R-17-W324-012O-0013-0008","HEGDE, PRAVIN & TANIA BAWA","4115 LOGAN RIDGE DR  CEDAR PARK, TX 78613","1224 WILLOWBROOK DR, CEDAR PARK, TX  78613","S8364 - Forest Oaks Sec 12, BLOCK O, Lot 13","L526504D"," ","S8364 - Forest Oaks Sec 12","Real","$601,947","$601,947"
"R438894","R-17-W324-012O-0014-0008","LIVINGSTON, THOMAS V III & LISA M","1226 WILLOWBROOK DR CEDAR PARK, TX 78613-3710","1226 WILLOWBROOK DR, CEDAR PARK, TX  78613","S8364 - Forest Oaks Sec 12, BLOCK O, Lot 14","L526504D"," ","S8364 - Forest Oaks Sec 12","Real","$654,668","$654,668"
"R438895","R-17-W324-012O-0015-0008","SARMA, RAGURAMAN S & SUBHASHINI","1228 WILLOWBROOK DR CEDAR PARK, TX 78613-3710","1228 WILLOWBROOK DR, CEDAR PARK, TX  78613","S8364 - Forest Oaks Sec 12, BLOCK O, Lot 15","L526504D"," ","S8364 - Forest Oaks Sec 12","Real","$607,438","$607,438"
"R438896","R-17-W324-012O-0016-0008","COLLIER, JOSEPH TANNER","1230 WILLOWBROOK DR  CEDAR PARK, TX 78613","1230 WILLOWBROOK DR, CEDAR PARK, TX  78613","S8364 - Forest Oaks Sec 12, BLOCK O, Lot 16","L526504D"," ","S8364 - Forest Oaks Sec 12","Real","$733,146","$733,146"
"R438897","R-17-W324-012O-0017-0008","SAENZ, MARCELLA MONTALVO & ROBERT","100 WALNUT CREEK DR  CEDAR PARK, TX 78613","100 WALNUT CREEK DR, CEDAR PARK, TX  78613","S8364 - Forest Oaks Sec 12, BLOCK O, Lot 17","L526504D"," ","S8364 - Forest Oaks Sec 12","Real","$628,015","$628,015"
"R438898","R-17-W324-012O-0018-0008","ZAPALAC, KENNETH W & KATHERINE M OF KENNETH & KATHERINE ZAPALAC REVOCABLE TRUST","102 WALNUT CREEK DR  CEDAR PARK, TX 78613-3797","102 WALNUT CREEK DR, CEDAR PARK, TX  78613","S8364 - Forest Oaks Sec 12, BLOCK O, Lot 18","L526504D"," ","S8364 - Forest Oaks Sec 12","Real","$621,288","$621,288"
"R438899","R-17-W324-012O-0019-0008","DURAISAMY, OORMILA THANGAM & ALEX EDWIN SELWYN","104 WALNUT CREEK DR  CEDAR PARK, TX 78613","104 WALNUT CREEK DR, CEDAR PARK, TX  78613","S8364 - Forest Oaks Sec 12, BLOCK O, Lot 19","L526504D"," ","S8364 - Forest Oaks Sec 12","Real","$615,109","$615,109"
"R438900","R-17-W324-012O-0020-0008","PENDALWAR, NIRAJ & ANAGHA VAIRAGADE","106 WALNUT CREEK DR  CEDAR PARK, TX 78613-3797","106 WALNUT CREEK DR, CEDAR PARK, TX  78613","S8364 - Forest Oaks Sec 12, BLOCK O, Lot 20","L526504D"," ","S8364 - Forest Oaks Sec 12","Real","$628,342","$628,342"
"R438901","R-17-W324-012O-0021-0008","SHULTS, NANCY LYNN","108 WALNUT CREEK DR  CEDAR PARK, TX 78613","108 WALNUT CREEK DR, CEDAR PARK, TX  78613","S8364 - Forest Oaks Sec 12, BLOCK O, Lot 21","L526504D"," ","S8364 - Forest Oaks Sec 12","Real","$699,309","$699,309"
"R438902","R-17-W324-012O-0022-0008","ELOY & SUSAN RODRIGUEZ TRS ELOY AND SUSAN RODRIGUEZ REVOCABLE TRUST","11705 BROOKWOOD RD  AUSTIN, TX 78750-2709","110 WALNUT CREEK DR, CEDAR PARK, TX  78613","S8364 - Forest Oaks Sec 12, BLOCK O, Lot 22","L526504D"," ","S8364 - Forest Oaks Sec 12","Real","$431,713","$431,713"
"R438903","R-17-W324-012O-0023-0008","ADAMS, DEBRA K","112 WALNUT CREEK DR  CEDAR PARK, TX 78613","112 WALNUT CREEK DR, CEDAR PARK, TX  78613","S8364 - Forest Oaks Sec 12, BLOCK O, Lot 23","L526504D"," ","S8364 - Forest Oaks Sec 12","Real","$512,786","$512,786"
"R438904","R-17-W324-012O-0024-0008","MIRI, ROBERT EDWARD & LUZ ADRIANA","114 WALNUT CREEK DR  CEDAR PARK, TX 78613-3797","114 WALNUT CREEK DR, CEDAR PARK, TX  78613","S8364 - Forest Oaks Sec 12, BLOCK O, Lot 24","L526504D"," ","S8364 - Forest Oaks Sec 12","Real","$616,811","$616,811"
"R438905","R-17-W324-012O-0025-0008","PENNINGTON, JAMIE CATHERINE & MICHAEL JOHN","116 WALNUT CREEK DR CEDAR PARK, TX 78613-3797","116 WALNUT CREEK DR, CEDAR PARK, TX  78613","S8364 - Forest Oaks Sec 12, BLOCK O, Lot 25","L526504D"," ","S8364 - Forest Oaks Sec 12","Real","$639,852","$639,852"
"R438906","R-17-W324-012O-0026-0008","BERGERON, JOHN A","118 WALNUT CREEK DR CEDAR PARK, TX 78613-3797","118 WALNUT CREEK DR, CEDAR PARK, TX  78613","S8364 - Forest Oaks Sec 12, BLOCK O, Lot 26","L526504D"," ","S8364 - Forest Oaks Sec 12","Real","$650,235","$650,235"
"R438907","R-17-W324-012O-0027-0008","LOELIGER, JON","120 WALNUT CREEK DR  CEDAR PARK, TX 78613","120 WALNUT CREEK DR, CEDAR PARK, TX  78613","S8364 - Forest Oaks Sec 12, BLOCK O, Lot 27","L526504D"," ","S8364 - Forest Oaks Sec 12","Real","$622,420","$622,420"
"R438908","R-17-W324-012O-0028-0008","LAVELLE, BRENT & MELANIE","122 WALNUT CREEK DR CEDAR PARK, TX 78613-3797","122 WALNUT CREEK DR, CEDAR PARK, TX  78613","S8364 - Forest Oaks Sec 12, BLOCK O, Lot 28","L526504D"," ","S8364 - Forest Oaks Sec 12","Real","$662,547","$662,547"
"R438909","R-17-W324-012O-0029-0008","YU THOMAS & CLAUDIA JIEH-LEAN CHEN TRUSTEES OF YU FAMILY LIVING TRUST","124 WALNUT CREEK DR  CEDAR PARK, TX 78613","124 WALNUT CREEK DR, CEDAR PARK, TX  78613","S8364 - Forest Oaks Sec 12, BLOCK O, Lot 29","L526504D"," ","S8364 - Forest Oaks Sec 12","Real","$638,675","$638,675"
"R438910","R-17-W324-012O-0030-0008","NGUYEN, COREY S","200 WALNUT CREEK DR CEDAR PARK, TX 78613-3799","200 WALNUT CREEK DR, CEDAR PARK, TX  78613","S8364 - Forest Oaks Sec 12, BLOCK O, Lot 30","L526504D"," ","S8364 - Forest Oaks Sec 12","Real","$673,516","$673,516"
"R438911","R-17-W324-012O-0031-0008","WHITEHEAD, PAUL & MICHELLE","202 WALNUT CREEK DR  CEDAR PARK, TX 78613","202 WALNUT CREEK DR, CEDAR PARK, TX  78613","S8364 - Forest Oaks Sec 12, BLOCK O, Lot 31","L526504D"," ","S8364 - Forest Oaks Sec 12","Real","$634,755","$634,755"
"R438912","R-17-W324-012O-0032-0008","HOMERSTAD, STEVEN MICHAEL & BRIANA","204 WALNUT CREEK DR  CEDAR PARK, TX 78613","204 WALNUT CREEK DR, CEDAR PARK, TX  78613","S8364 - Forest Oaks Sec 12, BLOCK O, Lot 32","L526504D"," ","S8364 - Forest Oaks Sec 12","Real","$616,566","$616,566"
"R438913","R-17-W324-012O-0033-0008","SINGH, SANJIV & ABHA","206 WALNUT CREEK DR  CEDAR PARK, TX 78613","206 WALNUT CREEK DR, CEDAR PARK, TX  78613","S8364 - Forest Oaks Sec 12, BLOCK O, Lot 33","L526504D"," ","S8364 - Forest Oaks Sec 12","Real","$511,623","$511,623"
"R438914","R-17-W324-012O-0034-0008","MATEI, FLORIN  & CRISTINA E","208 WALNUT CREEK DR  CEDAR PARK, TX 78613","208 WALNUT CREEK DR, CEDAR PARK, TX  78613","S8364 - Forest Oaks Sec 12, BLOCK O, Lot 34","L526504D"," ","S8364 - Forest Oaks Sec 12","Real","$630,779","$630,779"
"R438915","R-17-W324-012O-0035-0008","THOMPSON, SARAH","210 WALNUT CREEK DR  CEDAR PARK, TX 78613","210 WALNUT CREEK DR, CEDAR PARK, TX  78613","S8364 - Forest Oaks Sec 12, BLOCK O, Lot 35","L526504D"," ","S8364 - Forest Oaks Sec 12","Real","$610,711","$610,711"
"R438916","R-17-W324-012O-0036-0008","ROBERIE, TUYEN P & BRIAN E","209 WALNUT CREEK DR  CEDAR PARK, TX 78613-3799","209 WALNUT CREEK DR, CEDAR PARK, TX  78613","S8364 - Forest Oaks Sec 12, BLOCK O, Lot 36","L526504D"," ","S8364 - Forest Oaks Sec 12","Real","$666,361","$666,361"
"R438917","R-17-W324-012O-0037-0008","BERES, LISA LEIGH & RYAN BENJAMIN","207 WALNUT CREEK DR  CEDAR PARK, TX 78613","207 WALNUT CREEK DR, CEDAR PARK, TX  78613","S8364 - Forest Oaks Sec 12, BLOCK O, Lot 37","L526504D"," ","S8364 - Forest Oaks Sec 12","Real","$653,691","$653,691"
"R438918","R-17-W324-012O-0038-0008","MURRAY, JAMES R & ANDREA E","205 WALNUT CREEK DR CEDAR PARK, TX 78613-3799","205 WALNUT CREEK DR, CEDAR PARK, TX  78613","S8364 - Forest Oaks Sec 12, BLOCK O, Lot 38","L526504D"," ","S8364 - Forest Oaks Sec 12","Real","$624,672","$624,672"
"R438919","R-17-W324-012O-0039-0008","STUMPF, MICHAEL & XINQI","203 WALNUT CREEK DR  CEDAR PARK, TX 78613","203 WALNUT CREEK DR, CEDAR PARK, TX  78613","S8364 - Forest Oaks Sec 12, BLOCK O, Lot 39","L526504D"," ","S8364 - Forest Oaks Sec 12","Real","$649,266","$649,266"
"R438920","R-17-W324-012O-0040-0008","DIXSON, LAUREN & RONALD J","201 WALNUT CREEK DR  CEDAR PARK, TX 78613","201 WALNUT CREEK DR, CEDAR PARK, TX  78613","S8364 - Forest Oaks Sec 12, BLOCK O, Lot 40","L526504D"," ","S8364 - Forest Oaks Sec 12","Real","$506,629","$506,629"
"R438921","R-17-W324-012O-0041-0008","GOSTKOWSKI, WILLIAM L JR (TOD) & SUSAN (TOD)","1313 SILVERADO TRL  CEDAR PARK, TX 78613","1313 SILVERADO TRL, CEDAR PARK, TX  78613","S8364 - Forest Oaks Sec 12, BLOCK O, Lot 41","L526504D"," ","S8364 - Forest Oaks Sec 12","Real","$664,926","$664,926"
"R438922","R-17-W324-012O-0042-0008","MCDONALD, CAREY","1311 SILVERADO TRL  CEDAR PARK, TX 78613","1311 SILVERADO TRL, CEDAR PARK, TX  78613","S8364 - Forest Oaks Sec 12, BLOCK O, Lot 42","L526504D"," ","S8364 - Forest Oaks Sec 12","Real","$655,647","$655,647"
"R438923","R-17-W324-012O-0043-0008","ELIZA ADCOX TR HOARD ADCOX REVOCABLE TRUST","1309 SILVERADO TRL  CEDAR PARK, TX 78613-3727","1309 SILVERADO TRL, CEDAR PARK, TX  78613","S8364 - Forest Oaks Sec 12, BLOCK O, Lot 43","L526504D"," ","S8364 - Forest Oaks Sec 12","Real","$627,618","$627,618"
"R438924","R-17-W324-012O-0044-0008","PHINNEY, JENNIFER ROSE & ERIC RICHARD","1307 SILVERADO TRL  CEDAR PARK, TX 78613","1307 SILVERADO TRL, CEDAR PARK, TX  78613","S8364 - Forest Oaks Sec 12, BLOCK O, Lot 44","L526504D"," ","S8364 - Forest Oaks Sec 12","Real","$699,917","$699,917"
"R438925","R-17-W324-012O-0045-0008","ORR, CRAGIN T","3202 26TH AVE W SEATTLE, WA 98199-2824","1305 SILVERADO TRL, CEDAR PARK, TX  78613","S8364 - Forest Oaks Sec 12, BLOCK O, Lot 45","L526504D"," ","S8364 - Forest Oaks Sec 12","Real","$637,283","$637,283"
"R438926","R-17-W324-012O-0046-0008","MITCHELL, WILLIAM L","1303 SILVERADO TRL  CEDAR PARK, TX 78613","1303 SILVERADO TRL, CEDAR PARK, TX  78613","S8364 - Forest Oaks Sec 12, BLOCK O, Lot 46","L526504D"," ","S8364 - Forest Oaks Sec 12","Real","$615,109","$615,109"
"R438927","R-17-W324-012O-0047-0008","LAPORTE, GUY & FRANCE FAUTEUX","1301 SILVERADO TRL  CEDAR PARK, TX 78613","1301 SILVERADO TRL, CEDAR PARK, TX  78613","S8364 - Forest Oaks Sec 12, BLOCK O, Lot 47","L526504D"," ","S8364 - Forest Oaks Sec 12","Real","$538,248","$538,248"
"R438928","R-17-W324-012P-0001-0008","JENSEN, MICHAEL J & VIKTORIYA B","1221 WILLOWBROOK DR CEDAR PARK, TX 78613-3710","1221 WILLOWBROOK DR, CEDAR PARK, TX  78613","S8364 - Forest Oaks Sec 12, BLOCK P, Lot 1","L526504D"," ","S8364 - Forest Oaks Sec 12","Real","$632,432","$632,432"
"R438929","R-17-W324-012P-0002-0008","NOELLER, WESLEY A & DIANE T","1219 WILLOWBROOK DR CEDAR PARK, TX 78613-3710","1219 WILLOWBROOK DR, CEDAR PARK, TX  78613","S8364 - Forest Oaks Sec 12, BLOCK P, Lot 2","L526504D"," ","S8364 - Forest Oaks Sec 12","Real","$656,071","$656,071"
"R438930","R-17-W324-012P-0003-0008","ZUNKER, TERESA & TOMA MILLER","1217 WILLOWBROOK DR  CEDAR PARK, TX 78613","1217 WILLOWBROOK DR, CEDAR PARK, TX  78613","S8364 - Forest Oaks Sec 12, BLOCK P, Lot 3","L526504D"," ","S8364 - Forest Oaks Sec 12","Real","$707,812","$707,812"
"R438931","R-17-W324-012P-0004-0008","RYAN, JOHN V","1004 BLEU SPUR COPPERAS COVE, TX 76522-3801","1215 WILLOWBROOK DR, CEDAR PARK, TX  78613","S8364 - Forest Oaks Sec 12, BLOCK P, Lot 4","L526504D"," ","S8364 - Forest Oaks Sec 12","Real","$645,591","$645,591"
"R438932","R-17-W324-012P-0005-0008","MCINTYRE, PATRICK & STEPHANIE","1213 WILLOWBROOK DR  CEDAR PARK, TX 78613","1213 WILLOWBROOK DR, CEDAR PARK, TX  78613","S8364 - Forest Oaks Sec 12, BLOCK P, Lot 5","L526504D"," ","S8364 - Forest Oaks Sec 12","Real","$469,817","$469,817"
"R438933","R-17-W324-012P-0006-0008","KINYUA, MARTIN","1211 WILLOWBROOK DR  CEDAR PARK, TX 78613","1211 WILLOWBROOK DR, CEDAR PARK, TX  78613","S8364 - Forest Oaks Sec 12, BLOCK P, Lot 6","L526504D"," ","S8364 - Forest Oaks Sec 12","Real","$563,253","$563,253"
"R438934","R-17-W324-012P-0007-0008","HOWE THEODORE H & PATRICIA K TRUSTEE HOWE FAMILY REVOCABLE LIVING TRUST","1209 WILLOWBROOK DR  CEDAR PARK, TX 78613","1209 WILLOWBROOK DR, CEDAR PARK, TX  78613","S8364 - Forest Oaks Sec 12, BLOCK P, Lot 7","L526504D"," ","S8364 - Forest Oaks Sec 12","Real","$502,871","$502,871"
"R438935","R-17-W324-012P-0008-0008","CHOW, PHYLLIS M","1207 WILLOWBROOK DR  CEDAR PARK, TX 78613","1207 WILLOWBROOK DR, CEDAR PARK, TX  78613","S8364 - Forest Oaks Sec 12, BLOCK P, Lot 8","L526504D"," ","S8364 - Forest Oaks Sec 12","Real","$433,629","$433,629"
"R438936","R-17-W324-012P-0009-0008","BEAMAN, ROBERT A & TERESA L","1205 WILLOWBROOK DR  CEDAR PARK, TX 78613","1205 WILLOWBROOK DR, CEDAR PARK, TX  78613","S8364 - Forest Oaks Sec 12, BLOCK P, Lot 9","L526504D"," ","S8364 - Forest Oaks Sec 12","Real","$486,397","$486,397"
"R438937","R-17-W324-012P-0010-0008","DENNIS CHIA HWA CHENG & YURIKO MASUDA TRUSTEES OF THE CHENG & MASUDA TRUST","63 WINDING WAY IRVINE, TX 92620-3415","1203 WILLOWBROOK DR, CEDAR PARK, TX  78613","S8364 - Forest Oaks Sec 12, BLOCK P, Lot 10","L526504D"," ","S8364 - Forest Oaks Sec 12","Real","$618,744","$618,744"
"R438938","R-17-W324-012P-0011-0008","CHEN, KEVIN (TOD) & NGOC K (TOD)","1201 WILLOWBROOK DR  CEDAR PARK, TX 78613-3710","1201 WILLOWBROOK DR, CEDAR PARK, TX  78613","S8364 - Forest Oaks Sec 12, BLOCK P, Lot 11","L526504D"," ","S8364 - Forest Oaks Sec 12","Real","$605,851","$605,851"
"R438939","R-17-W324-012P-0012-0008","ROBERTSON, CONSTANCE","1302 SILVERADO TRL  CEDAR PARK, TX 78613","1302 SILVERADO TRL, CEDAR PARK, TX  78613","S8364 - Forest Oaks Sec 12, BLOCK P, Lot 12","L526504D"," ","S8364 - Forest Oaks Sec 12","Real","$441,299","$441,299"
"R438940","R-17-W324-012P-0013-0008","OTT, EDOUARD J","1304 SILVERADO TRL  CEDAR PARK, TX 78613","1304 SILVERADO TRL, CEDAR PARK, TX  78613","S8364 - Forest Oaks Sec 12, BLOCK P, Lot 13","L526504D"," ","S8364 - Forest Oaks Sec 12","Real","$561,018","$561,018"
"R438941","R-17-W324-012P-0014-0008","SMITH SCOTT ROYAL TRUSTEE OF THE 1306 SILVERADO TRAIL TRUST","1100 AZIE MORTON RD 1105 AUSTIN, TX 78704","1306 SILVERADO TRL, CEDAR PARK, TX  78613","S8364 - Forest Oaks Sec 12, BLOCK P, Lot 14","L526504D"," ","S8364 - Forest Oaks Sec 12","Real","$472,061","$472,061"
"R438942","R-17-W324-012P-0015-0008","CALTAGIRONE, CHRISTOPHE","1308 SILVERADO TRL  CEDAR PARK, TX 78613","1308 SILVERADO TRL, CEDAR PARK, TX  78613","S8364 - Forest Oaks Sec 12, BLOCK P, Lot 15","L526504D"," ","S8364 - Forest Oaks Sec 12","Real","$468,193","$468,193"
"R438943","R-17-W324-012P-0016-0008","GOTT, ANDRE A & JING JING ZHAO","1310 SILVERADO TRL  CEDAR PARK, TX 78613","1310 SILVERADO TRL, CEDAR PARK, TX  78613","S8364 - Forest Oaks Sec 12, BLOCK P, Lot 16","L526504D"," ","S8364 - Forest Oaks Sec 12","Real","$511,925","$511,925"
"R438944","R-17-W324-012P-0017-0008","ONEAL, JONATHAN M & JENNIFER","123 WALNUT CREEK DR  CEDAR PARK, TX 78613","123 WALNUT CREEK DR, CEDAR PARK, TX  78613","S8364 - Forest Oaks Sec 12, BLOCK P, Lot 17","L526504D"," ","S8364 - Forest Oaks Sec 12","Real","$646,757","$646,757"
"R438945","R-17-W324-012P-0018-0008","DREWS, JACK R & ELIZABETH H","121 WALNUT CREEK DR CEDAR PARK, TX 78613-3797","121 WALNUT CREEK DR, CEDAR PARK, TX  78613","S8364 - Forest Oaks Sec 12, BLOCK P, Lot 18","L526504D"," ","S8364 - Forest Oaks Sec 12","Real","$535,095","$535,095"
"R438946","R-17-W324-012P-0019-0008","PAMELA J HIGBY OF PAMELA J HIGBY LIVING TRUST","119 WALNUT CREEK DR  CEDAR PARK, TX 78613-3797","119 WALNUT CREEK DR, CEDAR PARK, TX  78613","S8364 - Forest Oaks Sec 12, BLOCK P, Lot 19","L526504D"," ","S8364 - Forest Oaks Sec 12","Real","$483,243","$483,243"
"R438947","R-17-W324-012P-0020-0008","LANEY, MARK & LAURA","117 WALNUT CREEK DR  CEDAR PARK, TX 78613","117 WALNUT CREEK DR, CEDAR PARK, TX  78613","S8364 - Forest Oaks Sec 12, BLOCK P, Lot 20","L526504D"," ","S8364 - Forest Oaks Sec 12","Real","$498,623","$498,623"
"R438948","R-17-W324-012P-0021-0008","LERMA, JOHN R & ERIN M","1305 WALNUT CV  CEDAR PARK, TX 78613","1305 WALNUT CV, CEDAR PARK, TX  78613","S8364 - Forest Oaks Sec 12, BLOCK P, Lot 21","L526504D"," ","S8364 - Forest Oaks Sec 12","Real","$635,401","$635,401"
"R438949","R-17-W324-012P-0022-0008","SHANMUGARAJA, RAJA A","2726 MIRASOL LOOP ROUND ROCK, TX 78681-2459","1303 WALNUT CV, CEDAR PARK, TX  78613","S8364 - Forest Oaks Sec 12, BLOCK P, Lot 22","L526504D"," ","S8364 - Forest Oaks Sec 12","Real","$620,394","$620,394"
"R438950","R-17-W324-012P-0023-0008","LAFFERTY, MICHAEL & JIN LI CHUA","1301 WALNUT CV  CEDAR PARK, TX 78613","1301 WALNUT CV, CEDAR PARK, TX  78613","S8364 - Forest Oaks Sec 12, BLOCK P, Lot 23","L526504D"," ","S8364 - Forest Oaks Sec 12","Real","$508,508","$508,508"
"R438951","R-17-W324-012P-0024-0008","ISHAK, MEDHAT A & CHRISTIN MARKOUS","1300 WALNUT CV  CEDAR PARK, TX 78613-3773","1300 WALNUT CV, CEDAR PARK, TX  78613","S8364 - Forest Oaks Sec 12, BLOCK P, Lot 24","L526504D"," ","S8364 - Forest Oaks Sec 12","Real","$646,620","$646,620"
"R438952","R-17-W324-012P-0025-0008","BOZZOLASCO, WENDY & PAUL FARRUGIA","1302 WALNUT CV  CEDAR PARK, TX 78613","1302 WALNUT CV, CEDAR PARK, TX  78613","S8364 - Forest Oaks Sec 12, BLOCK P, Lot 25","L526504D"," ","S8364 - Forest Oaks Sec 12","Real","$714,958","$714,958"
"R438953","R-17-W324-012P-0026-0008","ALAGURAJA, KARTHIKEYAN & GIRISHA K PILLAI","2712 CRESSMAN CV ROUND ROCK, TX 78665-2887","1304 WALNUT CV, CEDAR PARK, TX  78613","S8364 - Forest Oaks Sec 12, BLOCK P, Lot 26","L526504D"," ","S8364 - Forest Oaks Sec 12","Real","$459,609","$459,609"
"R438954","R-17-W324-012P-0027-0008","TURNER, TRAVIS & MILAGROS N","1306 WALNUT CV  CEDAR PARK, TX 78613-3773","1306 WALNUT CV, CEDAR PARK, TX  78613","S8364 - Forest Oaks Sec 12, BLOCK P, Lot 27","L526504D"," ","S8364 - Forest Oaks Sec 12","Real","$502,116","$502,116"
"R438955","R-17-W324-012P-0028-0008","NGUYEN, TRUNG & HOA QUACH","111 WALNUT CREEK DR CEDAR PARK, TX 78613-3797","111 WALNUT CREEK DR, CEDAR PARK, TX  78613","S8364 - Forest Oaks Sec 12, BLOCK P, Lot 28","L526504D"," ","S8364 - Forest Oaks Sec 12","Real","$564,647","$564,647"
"R438956","R-17-W324-012P-0029-0008","HOLUB, JEFFREY WAYNE & OLIVETTE GARCIA-HOLUB","109 WALNUT CREEK DR  CEDAR PARK, TX 78613","109 WALNUT CREEK DR, CEDAR PARK, TX  78613","S8364 - Forest Oaks Sec 12, BLOCK P, Lot 29","L526504D"," ","S8364 - Forest Oaks Sec 12","Real","$500,511","$500,511"
"R438957","R-17-W324-012R-0001-0008","CARDWELL, MICHAEL P & HOLLY R","1120 WILLOWBROOK DR  CEDAR PARK, TX 78613","1120 WILLOWBROOK DR, CEDAR PARK, TX  78613","S8364 - Forest Oaks Sec 12, BLOCK R, Lot 1","L526504D"," ","S8364 - Forest Oaks Sec 12","Real","$644,187","$644,187"
"R438958","R-17-W324-012N-0016-0008","KADAKIA, SHAILEY & NIKET","100 TRAILRIDGE DR  CEDAR PARK, TX 78613","100 TRAILRIDGE DR, CEDAR PARK, TX  78613","S8364 - Forest Oaks Sec 12, BLOCK N, Lot 16","L526504D"," ","S8364 - Forest Oaks Sec 12","Real","$631,736","$631,736"
"R438959","R-17-W324-012N-0016-A008","FOREST OAKS OWNERS ASSOCIATION INC","c/o SPECTRUM ASSOCIATION MGT 17319 SAN PEDRO AVE STE 318 SAN ANTONIO, TX 78232-1443","E PARK ST, CEDAR PARK, TX  78613","S8364 - Forest Oaks Sec 12, BLOCK N, Lot 16-A, ACRES 0.0372, (LANDSCAPE)","L526504D"," ","S8364 - Forest Oaks Sec 12","Real","$300","$300"
"R455728","R-17-W324-001A-0035-0008","JONNALAGADDA, SHANKAR PRADEEP & SESHA SUNAYANA SURI","1002 BRETTON WOODS DR  CEDAR PARK, TX 78613","1002 BRETTONWOODS DR, CEDAR PARK, TX  78613","S8644 - FOREST OAKS SEC 10, BLOCK A, Lot 35","L526504D"," ","S8644 - FOREST OAKS SEC 10","Real","$638,329","$638,329"
"R456057","R-17-W324-001A-0036-0008","CHEN, CHRISTY CHIU & CHANG W","1004 BRETTON WOODS DR  CEDAR PARK, TX 78613","1004 BRETTONWOODS DR, CEDAR PARK, TX  78613","S8644 - FOREST OAKS SEC 10, BLOCK A, Lot 36","L526504D"," ","S8644 - FOREST OAKS SEC 10","Real","$613,453","$613,453"
"R456058","R-17-W324-001A-0037-0008","JAGADEESAN, PRABHURAM & SHWETA PRABHURAM","1006 BRETTON WOODS DR  CEDAR PARK, TX 78613","1006 BRETTONWOODS DR, CEDAR PARK, TX  78613","S8644 - FOREST OAKS SEC 10, BLOCK A, Lot 37","L526504D"," ","S8644 - FOREST OAKS SEC 10","Real","$654,314","$654,314"
"R456059","R-17-W324-001A-0038-0008","CHITTAMAI, ANDREW & APRIL","1008 BRETTON WOODS DR  CEDAR PARK, TX 78613","1008 BRETTONWOODS DR, CEDAR PARK, TX  78613","S8644 - FOREST OAKS SEC 10, BLOCK A, Lot 38","L526504D"," ","S8644 - FOREST OAKS SEC 10","Real","$818,075","$818,075"
"R456060","R-17-W324-001A-0039-0008","CANNON, LONNIE J JR & MELISSA D","1010 BRETTONWOODS DR CEDAR PARK, TX 78613-3267","1010 BRETTONWOODS DR, CEDAR PARK, TX  78613","S8644 - FOREST OAKS SEC 10, BLOCK A, Lot 39","L526504D"," ","S8644 - FOREST OAKS SEC 10","Real","$659,149","$659,149"
"R456061","R-17-W324-001A-0040-0008","WIELAND, ANDREW M & NATALIE J","1012 BRETTON WOODS DR  CEDAR PARK, TX 78613","1012 BRETTONWOODS DR, CEDAR PARK, TX  78613","S8644 - FOREST OAKS SEC 10, BLOCK A, Lot 40","L526504D"," ","S8644 - FOREST OAKS SEC 10","Real","$722,975","$722,975"
"R456062","R-17-W324-001A-0041-0008","ROBINSON, ADRIAN O","1014 BRETTONWOODS DR CEDAR PARK, TX 78613-3267","1014 BRETTONWOODS DR, CEDAR PARK, TX  78613","S8644 - FOREST OAKS SEC 10, BLOCK A, Lot 41","L526504D"," ","S8644 - FOREST OAKS SEC 10","Real","$667,332","$667,332"
"R456063","R-17-W324-001A-0042-0008","MIRABAL, CRYSTAL & ROLAND MORENO","1016 BRETTON WOODS DR  CEDAR PARK, TX 78613","1016 BRETTONWOODS DR, CEDAR PARK, TX  78613","S8644 - FOREST OAKS SEC 10, BLOCK A, Lot 42","L526504D"," ","S8644 - FOREST OAKS SEC 10","Real","$673,559","$673,559"
"R456064","R-17-W324-001A-0043-0008","HETRICK, GEORGE C (TOD) & PATRICIA MCLAUGHLIN (TOD)","1018 BRETTON WOODS DR  CEDAR PARK, TX 78613","1018 BRETTON WOODS DR, CEDAR PARK, TX  78613","S8644 - FOREST OAKS SEC 10, BLOCK A, Lot 43","L526504D"," ","S8644 - FOREST OAKS SEC 10","Real","$459,450","$459,450"
"R456065","R-17-W324-001A-0044-0008","JONES, MICHAEL GARRETT","1020 BRETTON WOODS DR  CEDAR PARK, TX 78613","1020 BRETTON WOODS DR, CEDAR PARK, TX  78613","S8644 - FOREST OAKS SEC 10, BLOCK A, Lot 44","L526504D"," ","S8644 - FOREST OAKS SEC 10","Real","$504,985","$504,985"
"R456066","R-17-W324-001A-0045-0008","TOBIAS, AMY & MATTHEW","1022 BRETTONWOODS DR  CEDAR PARK, TX 78613-3267","1022 BRETTON WOODS DR, CEDAR PARK, TX  78613","S8644 - FOREST OAKS SEC 10, BLOCK A, Lot 45","L526504D"," ","S8644 - FOREST OAKS SEC 10","Real","$649,993","$649,993"
"R456067","R-17-W324-001A-0046-0008","CABANVAZQUEZ, ELIAS & CECILIA","1021 BRETTON WOODS DR CEDAR PARK, TX 78613-3267","1021 BRETTON WOODS DR, CEDAR PARK, TX  78613","S8644 - FOREST OAKS SEC 10, BLOCK A, Lot 46","L526504D"," ","S8644 - FOREST OAKS SEC 10","Real","$557,796","$557,796"
"R456068","R-17-W324-001A-0047-0008","WAMPLER, KIM & JEFFREY WINEINGER","1019 BRETTON WOODS DR  CEDAR PARK, TX 78613","1019 BRETTON WOODS DR, CEDAR PARK, TX  78613","S8644 - FOREST OAKS SEC 10, BLOCK A, Lot 47","L526504D"," ","S8644 - FOREST OAKS SEC 10","Real","$739,929","$739,929"
"R456069","R-17-W324-001A-0048-0008","DURU, UGONNA & GODWIN","919 ANNADALE DR CEDAR PARK, TX 78613-3269","919 ANNADALE DR, CEDAR PARK, TX  78613","S8644 - FOREST OAKS SEC 10, BLOCK A, Lot 48","L526504D"," ","S8644 - FOREST OAKS SEC 10","Real","$641,404","$641,404"
"R456070","R-17-W324-001A-0049-0008","PATEL, BIRAVA YOGESH & LEE BROOKS WESTER","917 ANNADALE DR  CEDAR PARK, TX 78613","917 ANNADALE DR, CEDAR PARK, TX  78613","S8644 - FOREST OAKS SEC 10, BLOCK A, Lot 49","L526504D"," ","S8644 - FOREST OAKS SEC 10","Real","$499,409","$499,409"
"R456071","R-17-W324-001A-0050-0008","LK PROPERTIES LLC","9304 ROLLING OAKS TRL  AUSTIN, TX 78750","915 ANNADALE DR, CEDAR PARK, TX  78613","S8644 - FOREST OAKS SEC 10, BLOCK A, Lot 50","L526504D"," ","S8644 - FOREST OAKS SEC 10","Real","$503,154","$503,154"
"R456072","R-17-W324-001A-0051-0008","ZARAZUA, ALFREDO & SANDY","913 ANNADALE DR  CEDAR PARK, TX 78613-3269","913 ANNADALE DR, CEDAR PARK, TX  78613","S8644 - FOREST OAKS SEC 10, BLOCK A, Lot 51","L526504D"," ","S8644 - FOREST OAKS SEC 10","Real","$667,716","$667,716"
"R456073","R-17-W324-001A-0052-0008","DALAL, ADIL F & JESMIN A","304 CORDOVA CV  CEDAR PARK, TX 78613","304 CORDOVA CV, CEDAR PARK, TX  78613","S8644 - FOREST OAKS SEC 10, BLOCK A, Lot 52","L526504D"," ","S8644 - FOREST OAKS SEC 10","Real","$671,777","$671,777"
"R456074","R-17-W324-001A-0053-0008","COOLEY, GREGORY W & JENNIFER A","302 CORDOVA CV  CEDAR PARK, TX 78613","302 CORDOVA CV, CEDAR PARK, TX  78613","S8644 - FOREST OAKS SEC 10, BLOCK A, Lot 53","L526504D"," ","S8644 - FOREST OAKS SEC 10","Real","$698,373","$698,373"
"R456075","R-17-W324-001A-0054-0008","CHENG, TEH & CHRISTINE","300 CORDOVA CV CEDAR PARK, TX 78613-3270","300 CORDOVA CV, CEDAR PARK, TX  78613","S8644 - FOREST OAKS SEC 10, BLOCK A, Lot 54","L526504D"," ","S8644 - FOREST OAKS SEC 10","Real","$847,757","$847,757"
"R456076","R-17-W324-001A-0055-0008","EDWARD THOMAS STROUT & BONNIE LOU STROUT CO-TRS OF THE BE STROUT REVOCABLE TRUST","301 CORDOVA CV  CEDAR PARK, TX 78613-3270","301 CORDOVA CV, CEDAR PARK, TX  78613","S8644 - FOREST OAKS SEC 10, BLOCK A, Lot 55","L526504D"," ","S8644 - FOREST OAKS SEC 10","Real","$628,669","$628,669"
"R456077","R-17-W324-001A-0056-0008","FUJIMOTO, BARRON & MARIKO","303 CORDOVA CV CEDAR PARK, TX 78613-3270","303 CORDOVA CV, CEDAR PARK, TX  78613","S8644 - FOREST OAKS SEC 10, BLOCK A, Lot 56","L526504D"," ","S8644 - FOREST OAKS SEC 10","Real","$688,035","$688,035"
"R456078","R-17-W324-001A-0057-0008","GATRAM, BALASUBRAHMANYAM & MAHESWARI","3341 BALBOA WAY  ROUND ROCK, TX 78665","305 CORDOVA CV, CEDAR PARK, TX  78613","S8644 - FOREST OAKS SEC 10, BLOCK A, Lot 57","L526504D"," ","S8644 - FOREST OAKS SEC 10","Real","$639,215","$639,215"
"R456079","R-17-W324-001A-0058-0008","LAZA, CRYSTAL (TOD) & CHRISTOPHER BRIAN FOUTS (TOD)","911 ANNADALE DR  CEDAR PARK, TX 78613","911 ANNADALE DR, CEDAR PARK, TX  78613","S8644 - FOREST OAKS SEC 10, BLOCK A, Lot 58","L526504D"," ","S8644 - FOREST OAKS SEC 10","Real","$481,114","$481,114"
"R456080","R-17-W324-001A-0059-0008","ERUMATHADATHIL, JERRY PHILIP & JULIE A","909 ANNADALE DR  CEDAR PARK, TX 78613","909 ANNADALE DR, CEDAR PARK, TX  78613","S8644 - FOREST OAKS SEC 10, BLOCK A, Lot 59","L526504D"," ","S8644 - FOREST OAKS SEC 10","Real","$659,555","$659,555"
"R456081","R-17-W324-001A-0060-0008","MERE, CHRISTOPHER J & KRISTI L","310 ASPEN CV  CEDAR PARK, TX 78613","310 ASPEN CV, CEDAR PARK, TX  78613","S8644 - FOREST OAKS SEC 10, BLOCK A, Lot 60","L526504D"," ","S8644 - FOREST OAKS SEC 10","Real","$707,907","$707,907"
"R456082","R-17-W324-001A-0061-0008","GANESAN, SIVAKUMAR","308 ASPEN CV CEDAR PARK, TX 78613-3268","308 ASPEN CV, CEDAR PARK, TX  78613","S8644 - FOREST OAKS SEC 10, BLOCK A, Lot 61","L526504D"," ","S8644 - FOREST OAKS SEC 10","Real","$739,150","$739,150"
"R456083","R-17-W324-001A-0062-0008","UPADHYAYA, MARKAND & CHARITA","306 ASPEN CV  CEDAR PARK, TX 78613","306 ASPEN CV, CEDAR PARK, TX  78613","S8644 - FOREST OAKS SEC 10, BLOCK A, Lot 62","L526504D"," ","S8644 - FOREST OAKS SEC 10","Real","$717,148","$717,148"
"R456084","R-17-W324-001A-0063-0008","WAAGE, MICHAEL T & ALLISON B","304 ASPEN CV  CEDAR PARK, TX 78613","304 ASPEN CV, CEDAR PARK, TX  78613","S8644 - FOREST OAKS SEC 10, BLOCK A, Lot 63","L526504D"," ","S8644 - FOREST OAKS SEC 10","Real","$630,944","$630,944"
"R456085","R-17-W324-001A-0064-0008","CAMPBELL, JOEL A & REBEKAH H","302 ASPEN CV  CEDAR PARK, TX 78613","302 ASPEN CV, CEDAR PARK, TX  78613","S8644 - FOREST OAKS SEC 10, BLOCK A, Lot 64","L526504D"," ","S8644 - FOREST OAKS SEC 10","Real","$676,392","$676,392"
"R456086","R-17-W324-001A-0065-0008","MINERVE, JAMES","13276 RESEARCH  #UNIT 209 AUSTIN, TX 78750","300 ASPEN CV, CEDAR PARK, TX  78613","S8644 - FOREST OAKS SEC 10, BLOCK A, Lot 65","L526504D"," ","S8644 - FOREST OAKS SEC 10","Real","$787,834","$787,834"
"R456087","R-17-W324-001A-0066-0008","SAMAD, MUKIT & SAIRA KHAN","301 ASPEN CV  CEDAR PARK, TX 78613","301 ASPEN CV, CEDAR PARK, TX  78613","S8644 - FOREST OAKS SEC 10, BLOCK A, Lot 66","L526504D"," ","S8644 - FOREST OAKS SEC 10","Real","$649,751","$649,751"
"R456088","R-17-W324-001A-0067-0008","STRATMANN, DONALD L & ANITA A","303 ASPEN CV  CEDAR PARK, TX 78613","303 ASPEN CV, CEDAR PARK, TX  78613","S8644 - FOREST OAKS SEC 10, BLOCK A, Lot 67","L526504D"," ","S8644 - FOREST OAKS SEC 10","Real","$580,098","$580,098"
"R456089","R-17-W324-001A-0068-0008","SHACHAR, SHARON & YAIR","305 ASPEN CV  CEDAR PARK, TX 78613","305 ASPEN CV, CEDAR PARK, TX  78613","S8644 - FOREST OAKS SEC 10, BLOCK A, Lot 68","L526504D"," ","S8644 - FOREST OAKS SEC 10","Real","$681,441","$681,441"
"R456090","R-17-W324-001A-0069-0008","OLIVO, ANDRE LUIS & MARIA THEREZA RUSSO OLIVO","307 ASPEN CV  CEDAR PARK, TX 78613-3268","307 ASPEN CV, CEDAR PARK, TX  78613","S8644 - FOREST OAKS SEC 10, BLOCK A, Lot 69","L526504D"," ","S8644 - FOREST OAKS SEC 10","Real","$660,329","$660,329"
"R456091","R-17-W324-001A-0070-0008","LANE, MARILYN & TOM","309 ASPEN CV CEDAR PARK, TX 78613-3268","309 ASPEN CV, CEDAR PARK, TX  78613","S8644 - FOREST OAKS SEC 10, BLOCK A, Lot 70","L526504D"," ","S8644 - FOREST OAKS SEC 10","Real","$706,641","$706,641"
"R456092","R-17-W324-001C-0001-0008","VAUGHN, GREGORY","1009 BRETTON WOODS DR  CEDAR PARK, TX 78613","1009 BRETTON WOODS DR, CEDAR PARK, TX  78613","S8644 - FOREST OAKS SEC 10, BLOCK C, Lot 1","L526504D"," ","S8644 - FOREST OAKS SEC 10","Real","$511,096","$511,096"
"R456093","R-17-W324-001C-0002-0008","MOOD, MAHYAR SHARIFI & MAHSA ALLAHYARI","1011 BRETTON WOODS DR  CEDAR PARK, TX 78613","1011 BRETTON WOODS DR, CEDAR PARK, TX  78613","S8644 - FOREST OAKS SEC 10, BLOCK C, Lot 2","L526504D"," ","S8644 - FOREST OAKS SEC 10","Real","$638,654","$638,654"
"R456094","R-17-W324-001C-0003-0008","Unknown","Unknown","1013 BRETTON WOODS DR, CEDAR PARK, TX  78613","S8644 - FOREST OAKS SEC 10, BLOCK C, Lot 3","L526504D"," ","S8644 - FOREST OAKS SEC 10","Real","$660,023","$660,023"
"R456095","R-17-W324-001C-0004-0008","TRINH KHAI & LINDA KIM (RS)","1015 BRETTON WOODS DR CEDAR PARK, TX 78613","1015 BRETTON WOODS DR, CEDAR PARK, TX  78613","S8644 - FOREST OAKS SEC 10, BLOCK C, Lot 4","L526504D"," ","S8644 - FOREST OAKS SEC 10","Real","$499,327","$499,327"
"R456096","R-17-W324-001C-0005-0008","LEWIS, BENJAMIN & LEILA S","918 ANNADALE DR  CEDAR PARK, TX 78613","918 ANNADALE DR, CEDAR PARK, TX  78613","S8644 - FOREST OAKS SEC 10, BLOCK C, Lot 5","L526504D"," ","S8644 - FOREST OAKS SEC 10","Real","$712,977","$712,977"
"R456097","R-17-W324-001C-0006-0008","PIKE, BRIAN CHRISTOPHER & REBECCA LEA","916 ANNADALE DR  CEDAR PARK, TX 78613","916 ANNADALE DR, CEDAR PARK, TX  78613","S8644 - FOREST OAKS SEC 10, BLOCK C, Lot 6","L526504D"," ","S8644 - FOREST OAKS SEC 10","Real","$713,538","$713,538"
"R456098","R-17-W324-001C-0007-0008","GEORGE, BASIL NAZHICHERIL & SMITHA BASIL","914 ANNADALE DR  CEDAR PARK, TX 78613","914 ANNADALE DR, CEDAR PARK, TX  78613","S8644 - FOREST OAKS SEC 10, BLOCK C, Lot 7","L526504D"," ","S8644 - FOREST OAKS SEC 10","Real","$689,468","$689,468"
"R456099","R-17-W324-001C-0008-0008","STRENGERT, MAGNUS & VALERIE SCHUBERT","912 ANNADALE DR  CEDAR PARK, TX 78613","912 ANNADALE DR, CEDAR PARK, TX  78613","S8644 - FOREST OAKS SEC 10, BLOCK C, Lot 8","L526504D"," ","S8644 - FOREST OAKS SEC 10","Real","$657,368","$657,368"
"R456100","R-17-W324-001C-0009-0008","GROUT, RONALD M & LIS P","910 ANNADALE DR CEDAR PARK, TX 78613-3269","910 ANNADALE DR, CEDAR PARK, TX  78613","S8644 - FOREST OAKS SEC 10, BLOCK C, Lot 9","L526504D"," ","S8644 - FOREST OAKS SEC 10","Real","$507,905","$507,905"
"R456101","R-17-W324-001C-0010-0008","TAYLOR, THOMAS T E & AMY L","908 ANNADALE DR  CEDAR PARK, TX 78613-3269","908 ANNADALE DR, CEDAR PARK, TX  78613","S8644 - FOREST OAKS SEC 10, BLOCK C, Lot 10","L526504D"," ","S8644 - FOREST OAKS SEC 10","Real","$662,574","$662,574"
"R456102","R-17-W324-001C-0011-0008","SIVARAMAN K SIVAPRAKASAM & SARANYA ELUMALAI CO TRS SIVARAMAN LIVING TRUST","906 ANNADALE DR  CEDAR PARK, TX 78613","906 ANNADALE DR, CEDAR PARK, TX  78613","S8644 - FOREST OAKS SEC 10, BLOCK C, Lot 11","L526504D"," ","S8644 - FOREST OAKS SEC 10","Real","$531,741","$531,741"
"R456103","R-17-W324-001C-0012-0008","ALI, SYED","904 ANNADALE DR  CEDAR PARK, TX 78613","904 ANNADALE DR, CEDAR PARK, TX  78613","S8644 - FOREST OAKS SEC 10, BLOCK C, Lot 12","L526504D"," ","S8644 - FOREST OAKS SEC 10","Real","$682,374","$682,374"
"R456104","R-17-W324-001C-0013-0008","UTAMA, FRANKLIN (TOD) & MYRNA KOESNOHARDJO (TOD)","902 ANNADALE DR  CEDAR PARK, TX 78613","902 ANNADALE DR, CEDAR PARK, TX  78613","S8644 - FOREST OAKS SEC 10, BLOCK C, Lot 13","L526504D"," ","S8644 - FOREST OAKS SEC 10","Real","$660,840","$660,840"
"R456105","R-17-W324-001C-0014-0008","REUTER, DAVID BRUCE, Jr","406 CLEAR CREEK LN  CEDAR PARK, TX 78613","406 CLEAR CREEK CV, CEDAR PARK, TX  78613","S8644 - FOREST OAKS SEC 10, BLOCK C, Lot 14","L526504D"," ","S8644 - FOREST OAKS SEC 10","Real","$713,602","$713,602"
"R456106","R-17-W324-001C-0015-0008","ROMER, MICHAEL & LAURA","404 CLEAR CREEK CV  CEDAR PARK, TX 78613-3242","404 CLEAR CREEK CV, CEDAR PARK, TX  78613","S8644 - FOREST OAKS SEC 10, BLOCK C, Lot 15","L526504D"," ","S8644 - FOREST OAKS SEC 10","Real","$662,355","$662,355"
"R456107","R-17-W324-001C-0016-0008","PRICE, JESSE B III & JENNIFER R","402 CLEAR CREEK CV  CEDAR PARK, TX 78613","402 CLEAR CREEK CV, CEDAR PARK, TX  78613","S8644 - FOREST OAKS SEC 10, BLOCK C, Lot 16","L526504D"," ","S8644 - FOREST OAKS SEC 10","Real","$642,450","$642,450"
"R456108","R-17-W324-001C-0017-0008","GUPTA, ABHISHEK","400 CLEAR CREEK CV  CEDAR PARK, TX 78613","400 CLEAR CREEK CV, CEDAR PARK, TX  78613","S8644 - FOREST OAKS SEC 10, BLOCK C, Lot 17","L526504D"," ","S8644 - FOREST OAKS SEC 10","Real","$644,814","$644,814"
"R456109","R-17-W324-001C-0018-0008","MAHMOUDI, FARSHEED","401 CLEAR CREEK CV  CEDAR PARK, TX 78613-3242","401 CLEAR CREEK CV, CEDAR PARK, TX  78613","S8644 - FOREST OAKS SEC 10, BLOCK C, Lot 18","L526504D"," ","S8644 - FOREST OAKS SEC 10","Real","$666,767","$666,767"
"R456110","R-17-W324-001C-0019-0008","HINES, WILLIAM M, III","403 CLEAR CREEK CV  CEDAR PARK, TX 78613-3242","403 CLEAR CREEK CV, CEDAR PARK, TX  78613","S8644 - FOREST OAKS SEC 10, BLOCK C, Lot 19","L526504D"," ","S8644 - FOREST OAKS SEC 10","Real","$700,499","$700,499"
"R456111","R-17-W324-001C-0020-0008","THORNBURGH, DAWN LYNN","405 CLEAR CREEK CV  CEDAR PARK, TX 78613","405 CLEAR CREEK CV, CEDAR PARK, TX  78613","S8644 - FOREST OAKS SEC 10, BLOCK C, Lot 20","L526504D"," ","S8644 - FOREST OAKS SEC 10","Real","$647,545","$647,545"
"R456112","R-17-W324-001C-0021-0008","KUEHN, STUART W & MARIA","407 CLEAR CREEK CV  CEDAR PARK, TX 78613","407 CLEAR CREEK CV, CEDAR PARK, TX  78613","S8644 - FOREST OAKS SEC 10, BLOCK C, Lot 21","L526504D"," ","S8644 - FOREST OAKS SEC 10","Real","$672,218","$672,218"
"R456113","R-17-W324-001C-0022-0008","COKAL, ERHAN & BRENDA","409 CLEAR CREEK CV  CEDAR PARK, TX 78613","409 CLEAR CREEK CV, CEDAR PARK, TX  78613","S8644 - FOREST OAKS SEC 10, BLOCK C, Lot 22","L526504D"," ","S8644 - FOREST OAKS SEC 10","Real","$632,590","$632,590"
"R456114","R-17-W324-001C-0023-0008","RICE, MICHAEL A & TRACEY M","411 CLEAR CREEK CV CEDAR PARK, TX 78613-3242","411 CLEAR CREEK CV, CEDAR PARK, TX  78613","S8644 - FOREST OAKS SEC 10, BLOCK C, Lot 23","L526504D"," ","S8644 - FOREST OAKS SEC 10","Real","$680,061","$680,061"
"R456115","R-17-W324-001C-0024-0008","KULKARNI, VITHAL & BINDU SURESH MAGAL","413 CLEAR CREEK CV  CEDAR PARK, TX 78613-3242","413 CLEAR CREEK CV, CEDAR PARK, TX  78613","S8644 - FOREST OAKS SEC 10, BLOCK C, Lot 24","L526504D"," ","S8644 - FOREST OAKS SEC 10","Real","$661,692","$661,692"
"R456116","R-17-W324-001C-0025-0008","MOHANDAS, RENJU & MANHATTAN KYOTO ISHIMI","415 CLEAR CREEK CV  CEDAR PARK, TX 78613-3242","415 CLEAR CREEK CV, CEDAR PARK, TX  78613","S8644 - FOREST OAKS SEC 10, BLOCK C, Lot 25","L526504D"," ","S8644 - FOREST OAKS SEC 10","Real","$645,834","$645,834"
"R456117","R-17-W324-001C-0026-0008","SMITH, DEBRA K","417 CLEAR CREEK CV CEDAR PARK, TX 78613-3242","417 CLEAR CREEK CV, CEDAR PARK, TX  78613","S8644 - FOREST OAKS SEC 10, BLOCK C, Lot 26","L526504D"," ","S8644 - FOREST OAKS SEC 10","Real","$507,511","$507,511"
"R456118","R-17-W324-001C-0027-0008","SMITH, COLIN A & KARLA","419 CLEAR CREEK CV  CEDAR PARK, TX 78613-3242","419 CLEAR CREEK CV, CEDAR PARK, TX  78613","S8644 - FOREST OAKS SEC 10, BLOCK C, Lot 27","L526504D"," ","S8644 - FOREST OAKS SEC 10","Real","$655,217","$655,217"
"R457761","R-17-W324-011G-0001-0008","HUYNH, TAN","1203 SHILOH ST  CEDAR PARK, TX 78613","1203 SHILOH ST, CEDAR PARK, TX  78613","S8676 - FOREST OAKS SEC 11, BLOCK G, Lot 1","L526504D"," ","S8676 - FOREST OAKS SEC 11","Real","$636,280","$636,280"
"R458352","R-17-W324-011G-0001-A008","FOREST OAKS OWNERS ASSOCIATION INC","c/o SPECTRUM ASSOCIATION MGT 17319 SAN PEDRO AVE STE 318 SAN ANTONIO, TX 78232-1443","E PARK ST, CEDAR PARK, TX  78613","S8676 - FOREST OAKS SEC 11, BLOCK G, Lot 1A, ACRES 0.04, (LANDSCAPE)","L526504D"," ","S8676 - FOREST OAKS SEC 11","Real","$300","$300"
"R458353","R-17-W324-011G-0002-0008","PEDDADA, MANI MIHIRA & VAMSI KRISHNA TEKUMALLA","1201 SHILOH ST  CEDAR PARK, TX 78613","1201 SHILOH ST, CEDAR PARK, TX  78613","S8676 - FOREST OAKS SEC 11, BLOCK G, Lot 2","L526504D"," ","S8676 - FOREST OAKS SEC 11","Real","$701,375","$701,375"
"R458354","R-17-W324-011G-0033-0008","IRA J CHASE IV & TRACI HOLLAND TR OF TRACI & IRA J CHASE HOLLAND IV LIVING TRUST","301 BRAMBLE DR  CEDAR PARK, TX 78613","301 BRAMBLE DR, CEDAR PARK, TX  78613","S8676 - FOREST OAKS SEC 11, BLOCK G, Lot 33","L526504D"," ","S8676 - FOREST OAKS SEC 11","Real","$850,926","$850,926"
"R458355","R-17-W324-011G-0034-0008","WALTERS, LADONA ANN","303 BRAMBLE DR  CEDAR PARK, TX 78613","303 BRAMBLE DR, CEDAR PARK, TX  78613","S8676 - FOREST OAKS SEC 11, BLOCK G, Lot 34","L526504D"," ","S8676 - FOREST OAKS SEC 11","Real","$698,515","$698,515"
"R458356","R-17-W324-011G-0035-0008","ADELEKE, BABATUNDE P & ADE","305 BRAMBLE DR CEDAR PARK, TX 78613-6967","305 BRAMBLE DR, CEDAR PARK, TX  78613","S8676 - FOREST OAKS SEC 11, BLOCK G, Lot 35","L526504D"," ","S8676 - FOREST OAKS SEC 11","Real","$771,190","$771,190"
"R458357","R-17-W324-011G-0036-0008","BARKER, ROBERT G (TOD) & JANIS R (TOD)","307 BRAMBLE DR  CEDAR PARK, TX 78613","307 BRAMBLE DR, CEDAR PARK, TX  78613","S8676 - FOREST OAKS SEC 11, BLOCK G, Lot 36","L526504D"," ","S8676 - FOREST OAKS SEC 11","Real","$666,352","$666,352"
"R458358","R-17-W324-011G-0037-0008","FERGUSON, JENNIFER RENAE & JASON DAVID","309 BRAMBLE DR  CEDAR PARK, TX 78613-6967","309 BRAMBLE DR, CEDAR PARK, TX  78613","S8676 - FOREST OAKS SEC 11, BLOCK G, Lot 37","L526504D"," ","S8676 - FOREST OAKS SEC 11","Real","$765,253","$765,253"
"R458359","R-17-W324-011G-0038-0008","RONAYNE, STACIE & RAYMOND J","311 BRAMBLE DR  CEDAR PARK, TX 78613","311 BRAMBLE DR, CEDAR PARK, TX  78613","S8676 - FOREST OAKS SEC 11, BLOCK G, Lot 38","L526504D"," ","S8676 - FOREST OAKS SEC 11","Real","$680,504","$680,504"
"R458360","R-17-W324-011G-0039-0008","ENGQUIST, JOHN LARS & SHANNON JOYCE","1100 SHILOH ST  CEDAR PARK, TX 78613-6968","1100 SHILOH ST, CEDAR PARK, TX  78613","S8676 - FOREST OAKS SEC 11, BLOCK G, Lot 39","L526504D"," ","S8676 - FOREST OAKS SEC 11","Real","$654,516","$654,516"
"R458361","R-17-W324-011G-0040-0008","FERGUSON, CAMI & RANGNOW, KYLE","1102 SHILOH ST  CEDAR PARK, TX 78613","1102 SHILOH ST, CEDAR PARK, TX  78613","S8676 - FOREST OAKS SEC 11, BLOCK G, Lot 40","L526504D"," ","S8676 - FOREST OAKS SEC 11","Real","$762,950","$762,950"
"R458362","R-17-W324-011G-0041-0008","CASTILLO, LUIS MIGUEL & DANIELLE C","1104 SHILOH ST  CEDAR PARK, TX 78613","1104 SHILOH ST, CEDAR PARK, TX  78613","S8676 - FOREST OAKS SEC 11, BLOCK G, Lot 41","L526504D"," ","S8676 - FOREST OAKS SEC 11","Real","$638,460","$638,460"
"R458363","R-17-W324-011G-0042-0008","YALAVARTHI, SRILATHA & DANIEL ANTON ROHRER","1106 SHILOH ST  CEDAR PARK, TX 78613-6968","1106 SHILOH ST, CEDAR PARK, TX  78613","S8676 - FOREST OAKS SEC 11, BLOCK G, Lot 42","L526504D"," ","S8676 - FOREST OAKS SEC 11","Real","$717,173","$717,173"
"R458364","R-17-W324-011G-0043-0008","HAROON, JAVED & SEEMA JAVED","1108 SHILOH ST  CEDAR PARK, TX 78613","1108 SHILOH ST, CEDAR PARK, TX  78613","S8676 - FOREST OAKS SEC 11, BLOCK G, Lot 43","L526504D"," ","S8676 - FOREST OAKS SEC 11","Real","$780,010","$780,010"
"R458365","R-17-W324-011G-0044-0008","SIEVERT, RONALD JAMES & MARCIA LOUISE","1110 SHILOH ST  CEDAR PARK, TX 78613-6968","1110 SHILOH ST, CEDAR PARK, TX  78613","S8676 - FOREST OAKS SEC 11, BLOCK G, Lot 44","L526504D"," ","S8676 - FOREST OAKS SEC 11","Real","$708,960","$708,960"
"R458366","R-17-W324-011G-0045-0008","MURPHY, DAVID C & HEIKE FRAENSEL","1112 SHILOH ST CEDAR PARK, TX 78613-6968","1112 SHILOH ST, CEDAR PARK, TX  78613","S8676 - FOREST OAKS SEC 11, BLOCK G, Lot 45","L526504D"," ","S8676 - FOREST OAKS SEC 11","Real","$718,676","$718,676"
"R458367","R-17-W324-011G-0046-0008","ROBERTS, MATTHEW E & KATHERINE ELIZABETH","1200 MAGNOLIA CT  CEDAR PARK, TX 78613","1200 MAGNOLIA CT, CEDAR PARK, TX  78613","S8676 - FOREST OAKS SEC 11, BLOCK G, Lot 46","L526504D"," ","S8676 - FOREST OAKS SEC 11","Real","$676,120","$676,120"
"R458368","R-17-W324-011G-0047-0008","NGUYEN, THIEN TRI & YEN NICKI","1202 MAGNOLIA CT CEDAR PARK, TX 78613-6971","1202 MAGNOLIA CT, CEDAR PARK, TX  78613","S8676 - FOREST OAKS SEC 11, BLOCK G, Lot 47","L526504D"," ","S8676 - FOREST OAKS SEC 11","Real","$786,301","$786,301"
"R458369","R-17-W324-011G-0048-0008","JANDA, DALE & MELISSA A","1204 MAGNOLIA CT  CEDAR PARK, TX 78613","1204 MAGNOLIA CT, CEDAR PARK, TX  78613","S8676 - FOREST OAKS SEC 11, BLOCK G, Lot 48","L526504D"," ","S8676 - FOREST OAKS SEC 11","Real","$654,642","$654,642"
"R458370","R-17-W324-011G-0049-0008","TAYLOR, SARA & TYLER","1206 MAGNOLIA CT  CEDAR PARK, TX 78613","1206 MAGNOLIA CT, CEDAR PARK, TX  78613","S8676 - FOREST OAKS SEC 11, BLOCK G, Lot 49","L526504D"," ","S8676 - FOREST OAKS SEC 11","Real","$693,272","$693,272"
"R458371","R-17-W324-011G-0050-0008","BURKE, ESTATE OF BRETT & JAIME","1207 MAGNOLIA CT  CEDAR PARK, TX 78613","1207 MAGNOLIA CT, CEDAR PARK, TX  78613","S8676 - FOREST OAKS SEC 11, BLOCK G, Lot 50","L526504D"," ","S8676 - FOREST OAKS SEC 11","Real","$893,732","$893,732"
"R458372","R-17-W324-011G-0051-0008","CURRIN, ELIZABETH ANNE","1205 MAGNOLIA CT  CEDAR PARK, TX 78613","1205 MAGNOLIA CT, CEDAR PARK, TX  78613","S8676 - FOREST OAKS SEC 11, BLOCK G, Lot 51","L526504D"," ","S8676 - FOREST OAKS SEC 11","Real","$657,133","$657,133"
"R458373","R-17-W324-011G-0052-0008","PHAN, HA T & SON T NGUYEN","1203 MAGNOLIA CT  CEDAR PARK, TX 78613","1203 MAGNOLIA CT, CEDAR PARK, TX  78613","S8676 - FOREST OAKS SEC 11, BLOCK G, Lot 52","L526504D"," ","S8676 - FOREST OAKS SEC 11","Real","$635,285","$635,285"
"R458374","R-17-W324-011G-0053-0008","SEITZ, CULLEN & JANA","1116 SHILOH ST CEDAR PARK, TX 78613-6968","1116 SHILOH ST, CEDAR PARK, TX  78613","S8676 - FOREST OAKS SEC 11, BLOCK G, Lot 53","L526504D"," ","S8676 - FOREST OAKS SEC 11","Real","$694,699","$694,699"
"R458375","R-17-W324-011G-0054-0008","KUZEY, AHMET & SEVGI","1118 SHILOH ST  CEDAR PARK, TX 78613","1118 SHILOH ST, CEDAR PARK, TX  78613","S8676 - FOREST OAKS SEC 11, BLOCK G, Lot 54","L526504D"," ","S8676 - FOREST OAKS SEC 11","Real","$665,413","$665,413"
"R458376","R-17-W324-011G-0055-0008","KELLER, BRANDON G & ANDREA","1200 SHILOH ST CEDAR PARK, TX 78613-6969","1200 SHILOH ST, CEDAR PARK, TX  78613","S8676 - FOREST OAKS SEC 11, BLOCK G, Lot 55","L526504D"," ","S8676 - FOREST OAKS SEC 11","Real","$678,549","$678,549"
"R458377","R-17-W324-011G-0055-A008","FOREST OAKS OWNERS ASSOCIATION INC","c/o SPECTRUM ASSOCIATION MGT 17319 SAN PEDRO AVE STE 318 SAN ANTONIO, TX 78232-1443","E PARK ST, CEDAR PARK, TX  78613","S8676 - FOREST OAKS SEC 11, BLOCK G, Lot 55A, ACRES 0.09, (LANDSCAPE)","L526504D"," ","S8676 - FOREST OAKS SEC 11","Real","$300","$300"
"R458378","R-17-W324-011I-0007-0008","MOLCHO SHIRA & ELI ZILBERSHTEIN TRUSTEES ZILBERSHTEIN & MOLCHO REVOCABLE TRUST","1115 SHILOH ST  CEDAR PARK, TX 78613-6968","1115 SHILOH ST, CEDAR PARK, TX  78613","S8676 - FOREST OAKS SEC 11, BLOCK I, Lot 7","L526504D"," ","S8676 - FOREST OAKS SEC 11","Real","$775,105","$775,105"
"R458379","R-17-W324-011I-0008-0008","RIDDLE, CHARISSA","1113 SHILOH ST CEDAR PARK, TX 78613-6968","1113 SHILOH ST, CEDAR PARK, TX  78613","S8676 - FOREST OAKS SEC 11, BLOCK I, Lot 8","L526504D"," ","S8676 - FOREST OAKS SEC 11","Real","$750,728","$750,728"
"R458380","R-17-W324-011I-0009-0008","STEFFY, DANIEL A & KRISTA M","1111 SHILOH ST  CEDAR PARK, TX 78613","1111 SHILOH ST, CEDAR PARK, TX  78613","S8676 - FOREST OAKS SEC 11, BLOCK I, Lot 9","L526504D"," ","S8676 - FOREST OAKS SEC 11","Real","$669,802","$669,802"
"R458381","R-17-W324-011I-0010-0008","LANDRY, GARIN M & JORDAN A","1109 SHILOH ST  CEDAR PARK, TX 78613","1109 SHILOH ST, CEDAR PARK, TX  78613","S8676 - FOREST OAKS SEC 11, BLOCK I, Lot 10","L526504D"," ","S8676 - FOREST OAKS SEC 11","Real","$616,856","$616,856"
"R458382","R-17-W324-011I-0011-0008","PUKLICH, ANASTASIIA & OLEKSII SHOKALO","1107 SHILOH ST  CEDAR PARK, TX 78613-6968","1107 SHILOH ST, CEDAR PARK, TX  78613","S8676 - FOREST OAKS SEC 11, BLOCK I, Lot 11","L526504D"," ","S8676 - FOREST OAKS SEC 11","Real","$688,078","$688,078"
"R458383","R-17-W324-011I-0012-0008","LATTEN, JOY","1105 SHILOH ST CEDAR PARK, TX 78613-6968","1105 SHILOH ST, CEDAR PARK, TX  78613","S8676 - FOREST OAKS SEC 11, BLOCK I, Lot 12","L526504D"," ","S8676 - FOREST OAKS SEC 11","Real","$494,939","$494,939"
"R458384","R-17-W324-011I-0013-0008","COPELAND, KEVIN D & MILICENT A","1103 SHILOH ST  CEDAR PARK, TX 78613","1103 SHILOH ST, CEDAR PARK, TX  78613","S8676 - FOREST OAKS SEC 11, BLOCK I, Lot 13","L526504D"," ","S8676 - FOREST OAKS SEC 11","Real","$562,321","$562,321"
"R458385","R-17-W324-011I-0014-0008","VASQUEZ, KARLA R & DAVID","1101 SHILOH ST  CEDAR PARK, TX 78613","1101 SHILOH ST, CEDAR PARK, TX  78613","S8676 - FOREST OAKS SEC 11, BLOCK I, Lot 14","L526504D"," ","S8676 - FOREST OAKS SEC 11","Real","$704,012","$704,012"
"R458386","R-17-W324-011I-0015-0008","PATEL, JAIMIN MAGANBHAI & MINAL PANKAJBHAI","1100 DRY CREEK CV  CEDAR PARK, TX 78613","1100 DRY CREEK CV, CEDAR PARK, TX  78613","S8676 - FOREST OAKS SEC 11, BLOCK I, Lot 15","L526504D"," ","S8676 - FOREST OAKS SEC 11","Real","$759,406","$759,406"
"R458387","R-17-W324-011I-0016-0008","SINGH, SHIREESH KUMAR & PREETI","1102 DRY CREEK CV  CEDAR PARK, TX 78613","1102 DRY CREEK CV, CEDAR PARK, TX  78613","S8676 - FOREST OAKS SEC 11, BLOCK I, Lot 16","L526504D"," ","S8676 - FOREST OAKS SEC 11","Real","$652,604","$652,604"
"R458388","R-17-W324-011I-0017-0008","BROWN, KRISTI NIXON","1104 DRY CREEK CV  CEDAR PARK, TX 78613","1104 DRY CREEK CV, CEDAR PARK, TX  78613","S8676 - FOREST OAKS SEC 11, BLOCK I, Lot 17","L526504D"," ","S8676 - FOREST OAKS SEC 11","Real","$822,029","$822,029"
"R458389","R-17-W324-011I-0018-0008","HUCKELBA, ANGELA MARIE","1106 DRY CREEK CV  CEDAR PARK, TX 78613-6970","1106 DRY CREEK CV, CEDAR PARK, TX  78613","S8676 - FOREST OAKS SEC 11, BLOCK I, Lot 18","L526504D"," ","S8676 - FOREST OAKS SEC 11","Real","$680,859","$680,859"
"R458390","R-17-W324-011I-0019-0008","KAPPMEYER, KEITH A","1105 DRY CREEK CV  CEDAR PARK, TX 78613","1105 DRY CREEK CV, CEDAR PARK, TX  78613","S8676 - FOREST OAKS SEC 11, BLOCK I, Lot 19","L526504D"," ","S8676 - FOREST OAKS SEC 11","Real","$676,340","$676,340"
"R458391","R-17-W324-011I-0020-0008","HARPER, KAREN & DARREN","1103 DRY CREEK CV CEDAR PARK, TX 78613-6970","1103 DRY CREEK CV, CEDAR PARK, TX  78613","S8676 - FOREST OAKS SEC 11, BLOCK I, Lot 20","L526504D"," ","S8676 - FOREST OAKS SEC 11","Real","$746,433","$746,433"
"R458392","R-17-W324-011I-0021-0008","SUCHARIT REDDY & KAVITHA MANDAPATI","1101 DRY CREEK CV  CEDAR PARK, TX 78613","1101 DRY CREEK CV, CEDAR PARK, TX  78613","S8676 - FOREST OAKS SEC 11, BLOCK I, Lot 21","L526504D"," ","S8676 - FOREST OAKS SEC 11","Real","$715,131","$715,131"
"R465673","R-17-W345-305G-0021-0008","PAN, YII-CHWEN & MEI-SHUAN","1600 BIRD DOG LN CEDAR PARK, TX 78613-4116","1600 BIRD DOG LN, CEDAR PARK, TX  78613","S8878 - SILVER OAK SEC 5, BLOCK G, Lot 21","L526504D"," ","S8878 - SILVER OAK SEC 5","Real","$556,409","$556,409"
"R465674","R-17-W345-305G-0022-0008","LEWIS, BRADLEY & KATIE","1602 BIRD DOG LN  CEDAR PARK, TX 78613","1602 BIRD DOG LN, CEDAR PARK, TX  78613","S8878 - SILVER OAK SEC 5, BLOCK G, Lot 22","L526504D"," ","S8878 - SILVER OAK SEC 5","Real","$480,447","$480,447"
"R465675","R-17-W345-305G-0023-0008","PARK, KEVIN CHULWOONG & EUN HAE KIM","1604 BIRD DOG LN  CEDAR PARK, TX 78613","1604 BIRD DOG LN, CEDAR PARK, TX  78613","S8878 - SILVER OAK SEC 5, BLOCK G, Lot 23","L526504D"," ","S8878 - SILVER OAK SEC 5","Real","$497,004","$497,004"
"R465676","R-17-W345-305G-0024-0008","SHOFNER, ORMAN G & SUZAN L","1606 BIRD DOG LN  CEDAR PARK, TX 78613","1606 BIRD DOG LN, CEDAR PARK, TX  78613","S8878 - SILVER OAK SEC 5, BLOCK G, Lot 24","L526504D"," ","S8878 - SILVER OAK SEC 5","Real","$516,227","$516,227"
"R465677","R-17-W345-305G-0025-0008","BRYANT, DAVID F & SUSAN R","1608 BIRD DOG LN CEDAR PARK, TX 78613-4116","1608 BIRD DOG LN, CEDAR PARK, TX  78613","S8878 - SILVER OAK SEC 5, BLOCK G, Lot 25","L526504D"," ","S8878 - SILVER OAK SEC 5","Real","$609,049","$609,049"
"R465678","R-17-W345-305G-0026-0008","CHOATE, LEIGH & DAYNE STIRLING","114 GREATER SCAUP LN  CEDAR PARK, TX 78613","114 GREATER SCAUP LN, CEDAR PARK, TX  78613","S8878 - SILVER OAK SEC 5, BLOCK G, Lot 26","L526504D"," ","S8878 - SILVER OAK SEC 5","Real","$661,024","$661,024"
"R465679","R-17-W345-305G-0027-0008","MURPHY, THOMAS & LAURA","112 GREATER SCAUP LN  CEDAR PARK, TX 78613","112 GREATER SCAUP LN, CEDAR PARK, TX  78613","S8878 - SILVER OAK SEC 5, BLOCK G, Lot 27","L526504D"," ","S8878 - SILVER OAK SEC 5","Real","$571,891","$571,891"
"R465680","R-17-W345-305G-0028-0008","ROY, ISHIKA","110 GREATER SCAUP LN  CEDAR PARK, TX 78613","110 GREATER SCAUP LN, CEDAR PARK, TX  78613","S8878 - SILVER OAK SEC 5, BLOCK G, Lot 28","L526504D"," ","S8878 - SILVER OAK SEC 5","Real","$505,273","$505,273"
"R465681","R-17-W345-305G-0029-0008","PRATT, ANDREA L & ALEXANDER S","108 GREATER SCAUP LN  CEDAR PARK, TX 78613","108 GREATER SCAUP LN, CEDAR PARK, TX  78613","S8878 - SILVER OAK SEC 5, BLOCK G, Lot 29","L526504D"," ","S8878 - SILVER OAK SEC 5","Real","$658,385","$658,385"
"R465682","R-17-W345-305G-0030-0008","YOO, BRUCE YOUNG & KIM HEEKYUNG","9903 PICKFAIR DR  AUSTIN, TX 78750","106 GREATER SCAUP LN, CEDAR PARK, TX  78613","S8878 - SILVER OAK SEC 5, BLOCK G, Lot 30","L526504D"," ","S8878 - SILVER OAK SEC 5","Real","$442,559","$442,559"
"R465683","R-17-W345-305G-0031-0008","FALLAHPOUR, KAMBIZ & ILDIKO","104 GREATER SCAUP LN  CEDAR PARK, TX 78613","104 GREATER SCAUP LN, CEDAR PARK, TX  78613","S8878 - SILVER OAK SEC 5, BLOCK G, Lot 31","L526504D"," ","S8878 - SILVER OAK SEC 5","Real","$475,969","$475,969"
"R465684","R-17-W345-305G-0032-0008","PRICE, DON & JUDI","102 GREATER SCAUP LN CEDAR PARK, TX 78613-4099","102 GREATER SCAUP LN, CEDAR PARK, TX  78613","S8878 - SILVER OAK SEC 5, BLOCK G, Lot 32","L526504D"," ","S8878 - SILVER OAK SEC 5","Real","$631,407","$631,407"
"R465685","R-17-W345-305G-0033-0008","ASHKENAZI, ZEEV","5415 NEWCASTLE AVE   30 ENCINO, CA 91316","100 GREATER SCAUP LN, CEDAR PARK, TX  78613","S8878 - SILVER OAK SEC 5, BLOCK G, Lot 33","L526504D"," ","S8878 - SILVER OAK SEC 5","Real","$479,861","$479,861"
"R465686","R-17-W345-305G-0034-0008","FOREST OAKS OWNERS ASSOC INC","Attn: SPECTRUM ASSOCIATION MGT 17319 SAN PEDRO AVE STE 318 SAN ANTONIO, TX 78232-1443","E PARK ST, CEDAR PARK, TX  78613","S8878 - SILVER OAK SEC 5, BLOCK G, Lot 34, ACRES 0.0273, (LANDSCAPE)","L526504D"," ","S8878 - SILVER OAK SEC 5","Real","$300","$300"
"R465687","R-17-W345-305H-0065-0008","LYLE III, JOHN B & SHANNA L","115 S GADWALL LN  CEDAR PARK, TX 78613","115 S GADWALL LN, CEDAR PARK, TX  78613","S8878 - SILVER OAK SEC 5, BLOCK H, Lot 65","L526504D"," ","S8878 - SILVER OAK SEC 5","Real","$607,707","$607,707"
"R465688","R-17-W345-305H-0066-0008","FRAZIER, CHRISTOPHER & JESSICA","113 S GADWALL LN  CEDAR PARK, TX 78613-4097","113 S GADWALL LN, CEDAR PARK, TX  78613","S8878 - SILVER OAK SEC 5, BLOCK H, Lot 66","L526504D"," ","S8878 - SILVER OAK SEC 5","Real","$575,060","$575,060"
"R465689","R-17-W345-305H-0067-0008","TANG, JINGCHAO & JUNYING REN","19012 EXCURSION FALLS WAY  JONESTOWN, TX 78645-2176","111 S GADWALL LN, CEDAR PARK, TX  78613","S8878 - SILVER OAK SEC 5, BLOCK H, Lot 67","L526504D"," ","S8878 - SILVER OAK SEC 5","Real","$480,447","$480,447"
"R465690","R-17-W345-305H-0068-0008","PULLABHOTLA, SAI & SANDHYA BHASKARA","109 S GADWALL LN  CEDAR PARK, TX 78613","109 S GADWALL LN, CEDAR PARK, TX  78613","S8878 - SILVER OAK SEC 5, BLOCK H, Lot 68","L526504D"," ","S8878 - SILVER OAK SEC 5","Real","$500,493","$500,493"
"R465691","R-17-W345-305H-0069-0008","BHAT, DEEPAK S & PRIYA S","107 S GADWALL LN CEDAR PARK, TX 78613-4097","107 S GADWALL LN, CEDAR PARK, TX  78613","S8878 - SILVER OAK SEC 5, BLOCK H, Lot 69","L526504D"," ","S8878 - SILVER OAK SEC 5","Real","$606,613","$606,613"
"R465692","R-17-W345-305H-0070-0008","BUIANKIN, IURII O & IRINA KONDRATEVA","105 S GADWALL  CEDAR PARK, TX 78613","105 S GADWALL LN, CEDAR PARK, TX  78613","S8878 - SILVER OAK SEC 5, BLOCK H, Lot 70","L526504D"," ","S8878 - SILVER OAK SEC 5","Real","$626,771","$626,771"
"R465693","R-17-W345-305H-0071-0008","SCHROEDER, NATHANIEL STEVEN","103 S GADWALL LN  CEDAR PARK, TX 78613-4097","103 S GADWALL LN, CEDAR PARK, TX  78613","S8878 - SILVER OAK SEC 5, BLOCK H, Lot 71","L526504D"," ","S8878 - SILVER OAK SEC 5","Real","$646,023","$646,023"
"R465694","R-17-W345-305H-0072-0008","TANG, JINGCHAO & JUNYING REN","101 S GADWALL LN  CEDAR PARK, TX 78613","101 S GADWALL LN, CEDAR PARK, TX  78613","S8878 - SILVER OAK SEC 5, BLOCK H, Lot 72","L526504D"," ","S8878 - SILVER OAK SEC 5","Real","$489,325","$489,325"
"R465695","R-17-W345-305H-0073-0008","FOREST OAKS OWNERS ASSOC INC","Attn: SPECTRUM ASSOCIATION MGT 17319 SAN PEDRO AVE STE 318 SAN ANTONIO, TX 78232-1443","E PARK ST, CEDAR PARK, TX  78613","S8878 - SILVER OAK SEC 5, BLOCK H, Lot 73, ACRES 0.2107, (LANDSCAPE)","L526504D"," ","S8878 - SILVER OAK SEC 5","Real","$300","$300"
"R465696","R-17-W345-305J-0001-0008","COBB, BENJAMIN LEE & STEPHANIE LYONS","100 S GADWALL LN  CEDAR PARK, TX 78613-4097","100 S GADWALL LN, CEDAR PARK, TX  78613","S8878 - SILVER OAK SEC 5, BLOCK J, Lot 1","L526504D"," ","S8878 - SILVER OAK SEC 5","Real","$477,173","$477,173"
"R465697","R-17-W345-305J-0002-0008","BAZZAZI, MOHAMMAD & VIDA MOHAMMADI","102 S GADWALL LN  CEDAR PARK, TX 78613","102 S GADWALL LN, CEDAR PARK, TX  78613","S8878 - SILVER OAK SEC 5, BLOCK J, Lot 2","L526504D"," ","S8878 - SILVER OAK SEC 5","Real","$451,789","$451,789"
"R465698","R-17-W345-305J-0003-0008","SETHURAMAN, KEERTHI KANTH","5316 GUENOC VALLEY LN ANTIOCH, CA 94531-6219","104 S GADWALL LN, CEDAR PARK, TX  78613","S8878 - SILVER OAK SEC 5, BLOCK J, Lot 3","L526504D"," ","S8878 - SILVER OAK SEC 5","Real","$469,306","$469,306"
"R465699","R-17-W345-305J-0004-0008","MANI, THAMIZH SELVAN & ANANDHI KALYANA SUNDARAM","106 S GADWALL LN  CEDAR PARK, TX 78613","106 S GADWALL LN, CEDAR PARK, TX  78613","S8878 - SILVER OAK SEC 5, BLOCK J, Lot 4","L526504D"," ","S8878 - SILVER OAK SEC 5","Real","$612,862","$612,862"
"R465700","R-17-W345-305J-0005-0008","DAVIS, ROBERT F (TOD) & ALLISON B (TOD)","108 S GADWALL LN  CEDAR PARK, TX 78613-4097","108 S GADWALL LN, CEDAR PARK, TX  78613","S8878 - SILVER OAK SEC 5, BLOCK J, Lot 5","L526504D"," ","S8878 - SILVER OAK SEC 5","Real","$506,494","$506,494"
"R465701","R-17-W345-305J-0006-0008","THOMSEN, KIMBERLY K","110 S GADWALL LN  CEDAR PARK, TX 78613","110 S GADWALL LN, CEDAR PARK, TX  78613","S8878 - SILVER OAK SEC 5, BLOCK J, Lot 6","L526504D"," ","S8878 - SILVER OAK SEC 5","Real","$444,941","$444,941"
"R465702","R-17-W345-305J-0007-0008","MICHAEL VIET NGUYEN & THANH VAN NGOC TRAN CO-TRUSTEES OF THE MICHAEL VIET NGUYEN","112 S GADWALL LN  CEDAR PARK, TX 78613","112 S GADWALL LN, CEDAR PARK, TX  78613","S8878 - SILVER OAK SEC 5, BLOCK J, Lot 7","L526504D"," ","S8878 - SILVER OAK SEC 5","Real","$644,773","$644,773"
"R465703","R-17-W345-305J-0008-0008","KERBY, SHELLEY","113 GREATER SCAUP LN CEDAR PARK, TX 78613-4099","113 GREATER SCAUP LN, CEDAR PARK, TX  78613","S8878 - SILVER OAK SEC 5, BLOCK J, Lot 8","L526504D"," ","S8878 - SILVER OAK SEC 5","Real","$501,535","$501,535"
"R465704","R-17-W345-305J-0009-0008","PUTHISIGAMANI, SATHEESH","111 GREATER SCAUP LN  CEDAR PARK, TX 78613","111 GREATER SCAUP LN, CEDAR PARK, TX  78613","S8878 - SILVER OAK SEC 5, BLOCK J, Lot 9","L526504D"," ","S8878 - SILVER OAK SEC 5","Real","$574,658","$574,658"
"R465705","R-17-W345-305J-0010-0008","SHARP, SCOTT T","344 DOLPHIN SHORES CIR NOKOMIS, FL 34275-1913","109 GREATER SCAUP LN, CEDAR PARK, TX  78613","S8878 - SILVER OAK SEC 5, BLOCK J, Lot 10","L526504D"," ","S8878 - SILVER OAK SEC 5","Real","$471,233","$471,233"
"R465706","R-17-W345-305J-0011-0008","PINA-SULLIVAN, ERNESTINE & MICHAEL W SULLIVAN","107 GREATER SCAUP LN  CEDAR PARK, TX 78613","107 GREATER SCAUP LN, CEDAR PARK, TX  78613","S8878 - SILVER OAK SEC 5, BLOCK J, Lot 11","L526504D"," ","S8878 - SILVER OAK SEC 5","Real","$622,381","$622,381"
"R465707","R-17-W345-305J-0012-0008","STILL, JAMES EDWARD & KIRSTEN LYNN GRUMET","105 GREATER SCAUP LN  CEDAR PARK, TX 78613","105 GREATER SCAUP LN, CEDAR PARK, TX  78613","S8878 - SILVER OAK SEC 5, BLOCK J, Lot 12","L526504D"," ","S8878 - SILVER OAK SEC 5","Real","$480,543","$480,543"
"R465708","R-17-W345-305J-0013-0008","KAMARAJ, VAIYAPURI & JEYARANI KARUPANNAN","107 PINE BARRENS CT AUSTIN, TX 78738-1760","103 GREATER SCAUP LN, CEDAR PARK, TX  78613","S8878 - SILVER OAK SEC 5, BLOCK J, Lot 13","L526504D"," ","S8878 - SILVER OAK SEC 5","Real","$636,128","$636,128"
"R465709","R-17-W345-305J-0014-0008","DIAZ, ALBA G & ALBERTO & MARIA C","101 GREATER SCAUP LN  CEDAR PARK, TX 78613","101 GREATER SCAUP LN, CEDAR PARK, TX  78613","S8878 - SILVER OAK SEC 5, BLOCK J, Lot 14","L526504D"," ","S8878 - SILVER OAK SEC 5","Real","$507,698","$507,698"
"R465710","R-17-W345-305J-0015-0008","FOREST OAKS OWNERS ASSOC INC","Attn: SPECTRUM ASSOCIATION MGT 17319 SAN PEDRO AVE STE 318 SAN ANTONIO, TX 78232-1443","E PARK ST, CEDAR PARK, TX  78613","S8878 - SILVER OAK SEC 5, BLOCK J, Lot 15, ACRES 0.0441, (LANDSCAPE)","L526504D"," ","S8878 - SILVER OAK SEC 5","Real","$300","$300"
"R465711","R-17-W345-305K-0001-0008","FOREST OAKS OWNERS ASSOC INC","Attn: SPECTRUM ASSOCIATION MGT 17319 SAN PEDRO AVE STE 318 SAN ANTONIO, TX 78232-1443","E PARK ST, CEDAR PARK, TX  78613","S8878 - SILVER OAK SEC 5, BLOCK K, Lot 1, ACRES 0.1018, (LANDSCAPE)","L526504D"," ","S8878 - SILVER OAK SEC 5","Real","$300","$300"
"R465712","R-17-W345-305K-0002-0008","TURNER, DAVID PIERCE & PATTI LEE","1606 TEAL TRL  CEDAR PARK, TX 78613","1606 TEAL TRL, CEDAR PARK, TX  78613","S8878 - SILVER OAK SEC 5, BLOCK K, Lot 2","L526504D"," ","S8878 - SILVER OAK SEC 5","Real","$513,834","$513,834"
"R465713","R-17-W345-305K-0003-0008","CHALLAGULLA, SURESH & VIJAYA GOKANAPUDI","1608 TEAL TRL  CEDAR PARK, TX 78613","1608 TEAL TRL, CEDAR PARK, TX  78613","S8878 - SILVER OAK SEC 5, BLOCK K, Lot 3","L526504D"," ","S8878 - SILVER OAK SEC 5","Real","$474,347","$474,347"
"R465714","R-17-W345-305K-0004-0008","BLANK, JEFFREY R","1610 TEAL TRL  CEDAR PARK, TX 78613","1610 TEAL TRL, CEDAR PARK, TX  78613","S8878 - SILVER OAK SEC 5, BLOCK K, Lot 4","L526504D"," ","S8878 - SILVER OAK SEC 5","Real","$571,891","$571,891"
"R465715","R-17-W345-305K-0005-0008","ACEVEDO, HENRY & MELISSA A","1612 TEAL TRL  CEDAR PARK, TX 78613-4098","1612 TEAL TRL, CEDAR PARK, TX  78613","S8878 - SILVER OAK SEC 5, BLOCK K, Lot 5","L526504D"," ","S8878 - SILVER OAK SEC 5","Real","$543,104","$543,104"
"R465716","R-17-W345-305K-0006-0008","PLACHY, PRESTON & WENDY HU","1613 TEAL TRL  CEDAR PARK, TX 78613-4098","1613 TEAL TRL, CEDAR PARK, TX  78613","S8878 - SILVER OAK SEC 5, BLOCK K, Lot 6","L526504D"," ","S8878 - SILVER OAK SEC 5","Real","$639,061","$639,061"
"R465717","R-17-W345-305K-0007-0008","FURR, JEFFREY O & OLGA","1611 TEAL TRL  CEDAR PARK, TX 78613","1611 TEAL TRL, CEDAR PARK, TX  78613","S8878 - SILVER OAK SEC 5, BLOCK K, Lot 7","L526504D"," ","S8878 - SILVER OAK SEC 5","Real","$609,998","$609,998"
"R465718","R-17-W345-305K-0008-0008","WANG, QIANG & RONG FU","1609 TEAL TRL CEDAR PARK, TX 78613-4098","1609 TEAL TRL, CEDAR PARK, TX  78613","S8878 - SILVER OAK SEC 5, BLOCK K, Lot 8","L526504D"," ","S8878 - SILVER OAK SEC 5","Real","$599,179","$599,179"
"R465719","R-17-W345-305K-0009-0008","GARG, NITIN (TOD) & GARIMA (TOD)","7312 ELLAVIEW LN AUSTIN, TX 78759-3063","1607 TEAL TRL, CEDAR PARK, TX  78613","S8878 - SILVER OAK SEC 5, BLOCK K, Lot 9","L526504D"," ","S8878 - SILVER OAK SEC 5","Real","$607,129","$607,129"
"R465720","R-17-W345-305K-0010-0008","MARTIN, STEVEN & KENDRA","1605 TEAL TRL  CEDAR PARK, TX 78613","1605 TEAL TRL, CEDAR PARK, TX  78613","S8878 - SILVER OAK SEC 5, BLOCK K, Lot 10","L526504D"," ","S8878 - SILVER OAK SEC 5","Real","$648,726","$648,726"
"R465721","R-17-W345-305K-0011-0008","REYNOLDS, JASON L & RHONDA N","1603 TEAL TRL CEDAR PARK, TX 78613-4098","1603 TEAL TRL, CEDAR PARK, TX  78613","S8878 - SILVER OAK SEC 5, BLOCK K, Lot 11","L526504D"," ","S8878 - SILVER OAK SEC 5","Real","$522,178","$522,178"
"R465722","R-17-W345-305K-0012-0008","HARRINGTON, WILLIAM N, Jr","1601 TEAL TRL  CEDAR PARK, TX 78613","1601 TEAL TRL, CEDAR PARK, TX  78613","S8878 - SILVER OAK SEC 5, BLOCK K, Lot 12","L526504D"," ","S8878 - SILVER OAK SEC 5","Real","$653,704","$653,704"
"R465723","R-17-W345-305K-0013-0008","ELSAMADOUNY, AHMED H","1600 TEAL TRL  CEDAR PARK, TX 78613-4098","1600 TEAL TRL, CEDAR PARK, TX  78613","S8878 - SILVER OAK SEC 5, BLOCK K, Lot 13","L526504D"," ","S8878 - SILVER OAK SEC 5","Real","$641,019","$641,019"
"R465724","R-17-W345-305K-0014-0008","SHOUP, JILL BURPO","1602 TEAL TRL  CEDAR PARK, TX 78613","1602 TEAL TRL, CEDAR PARK, TX  78613","S8878 - SILVER OAK SEC 5, BLOCK K, Lot 14","L526504D"," ","S8878 - SILVER OAK SEC 5","Real","$702,466","$702,466"
"R465725","R-17-W345-305K-0015-0008","AMAR, SUMIT","18512 134TH ST SE MONROE, WA 98272-9702","1604 TEAL TRL, CEDAR PARK, TX  78613","S8878 - SILVER OAK SEC 5, BLOCK K, Lot 15","L526504D"," ","S8878 - SILVER OAK SEC 5","Real","$491,699","$491,699"
"R465726","R-17-W345-305K-0016-0008","FOREST OAKS OWNERS ASSOC INC","Attn: SPECTRUM ASSOCIATION MGT 17319 SAN PEDRO AVE STE 318 SAN ANTONIO, TX 78232-1443","E PARK ST, CEDAR PARK, TX  78613","S8878 - SILVER OAK SEC 5, BLOCK K, Lot 16, ACRES 0.0926, (LANDSCAPE)","L526504D"," ","S8878 - SILVER OAK SEC 5","Real","$300","$300"
"R465727","R-17-W345-305K-0017-0008","CASE, JASON B & AMY","1517 E PARK ST CEDAR PARK, TX 78613-4122","1517 E PARK ST, CEDAR PARK, TX  78613","S8878 - SILVER OAK SEC 5, BLOCK K, Lot 17","L526504D"," ","S8878 - SILVER OAK SEC 5","Real","$633,803","$633,803"
"R465728","R-17-W345-305K-0018-0008","MANN, AARYN GAIL","1515 E PARK ST  CEDAR PARK, TX 78612","1515 E PARK ST, CEDAR PARK, TX  78613","S8878 - SILVER OAK SEC 5, BLOCK K, Lot 18","L526504D"," ","S8878 - SILVER OAK SEC 5","Real","$648,475","$648,475"
"R465729","R-17-W345-305K-0019-0008","PETERSON, R BRYAN & LACEY G","1513 E PARK ST  CEDAR PARK, TX 78613","1513 E PARK ST, CEDAR PARK, TX  78613","S8878 - SILVER OAK SEC 5, BLOCK K, Lot 19","L526504D"," ","S8878 - SILVER OAK SEC 5","Real","$689,083","$689,083"
"R465730","R-17-W345-305K-0020-0008","GREWAL, DALWINDERJEET KULAR & SHIVRAJ SINGH","1511 E PARK ST  CEDAR PARK, TX 78613-4122","1511 E PARK ST, CEDAR PARK, TX  78613","S8878 - SILVER OAK SEC 5, BLOCK K, Lot 20","L526504D"," ","S8878 - SILVER OAK SEC 5","Real","$653,318","$653,318"
"R465731","R-17-W345-305K-0021-0008","KAUITZSCH, RUSSELL WAYNE","1509 E PARK ST  CEDAR PARK, TX 78613","1509 E PARK ST, CEDAR PARK, TX  78613","S8878 - SILVER OAK SEC 5, BLOCK K, Lot 21","L526504D"," ","S8878 - SILVER OAK SEC 5","Real","$482,920","$482,920"
"R465732","R-17-W345-305K-0022-0008","WATSON, VINCENT CHARLES & CORA ANN","15922 CABO BLANCO DR CORPUS CHRISTI, TX 78418-6544","1507 E PARK ST, CEDAR PARK, TX  78613","S8878 - SILVER OAK SEC 5, BLOCK K, Lot 22","L526504D"," ","S8878 - SILVER OAK SEC 5","Real","$674,822","$674,822"
"R465733","R-17-W345-305K-0023-0008","REYNOLDS, ROBERT S & MICHELLE L","1505 E PARK ST  CEDAR PARK, TX 78613","1505 E PARK ST, CEDAR PARK, TX  78613","S8878 - SILVER OAK SEC 5, BLOCK K, Lot 23","L526504D"," ","S8878 - SILVER OAK SEC 5","Real","$542,448","$542,448"
"R465734","R-17-W345-305K-0024-0008","YALAVARTHI, SRILATHA & DANIEL A ROHRER","1106 SHILOH ST CEDAR PARK, TX 78613-6968","1503 E PARK ST, CEDAR PARK, TX  78613","S8878 - SILVER OAK SEC 5, BLOCK K, Lot 24","L526504D"," ","S8878 - SILVER OAK SEC 5","Real","$611,246","$611,246"
"R465735","R-17-W345-305K-0025-0008","ROSS, APRIL","1501 E PARK ST  CEDAR PARK, TX 78613","1501 E PARK ST, CEDAR PARK, TX  78613","S8878 - SILVER OAK SEC 5, BLOCK K, Lot 25","L526504D"," ","S8878 - SILVER OAK SEC 5","Real","$466,794","$466,794"
"R468812","R-17-W324-014O-0048-0008","ODOM, CHRISTINA M","100 CRESTVIEW DR  CEDAR PARK, TX 78613","100 CRESTVIEW DR, CEDAR PARK, TX  78613","S8889 - FOREST OAKS SEC 14, BLOCK O, Lot 48","L526504D"," ","S8889 - FOREST OAKS SEC 14","Real","$520,333","$520,333"
"R468813","R-17-W324-014O-0049-0008","IBARRA, JORGE A & CYNTHIA R","102 CRESTVIEW DR CEDAR PARK, TX 78613-3978","102 CRESTVIEW DR, CEDAR PARK, TX  78613","S8889 - FOREST OAKS SEC 14, BLOCK O, Lot 49","L526504D"," ","S8889 - FOREST OAKS SEC 14","Real","$613,125","$613,125"
"R468814","R-17-W324-014O-0050-0008","ELHASSAN, NOUHAD & ROUWAIDA KANJ","104 CRESTVIEW DR  CEDAR PARK, TX 78613","104 CRESTVIEW DR, CEDAR PARK, TX  78613","S8889 - FOREST OAKS SEC 14, BLOCK O, Lot 50","L526504D"," ","S8889 - FOREST OAKS SEC 14","Real","$624,625","$624,625"
"R468815","R-17-W324-014O-0051-0008","JHA, SACHIDA N (TOD) & SASHI (TOD)","106 CRESTVIEW DR  CEDAR PARK, TX 78613","106 CRESTVIEW DR, CEDAR PARK, TX  78613","S8889 - FOREST OAKS SEC 14, BLOCK O, Lot 51","L526504D"," ","S8889 - FOREST OAKS SEC 14","Real","$475,560","$475,560"
"R468816","R-17-W324-014O-0052-0008","ABBOTT, GARY G II & STEPHANIE N","108 CRESTVIEW DR  CEDAR PARK, TX 78613","108 CRESTVIEW DR, CEDAR PARK, TX  78613","S8889 - FOREST OAKS SEC 14, BLOCK O, Lot 52","L526504D"," ","S8889 - FOREST OAKS SEC 14","Real","$665,603","$665,603"
"R468817","R-17-W324-014O-0053-0008","KEKELIK, ROBERT J & DARLENE A","222 TULIP TRAIL BND  CEDAR PARK, TX 78613","222 TULIP TRAIL BND, CEDAR PARK, TX  78613","S8889 - FOREST OAKS SEC 14, BLOCK O, Lot 53","L526504D"," ","S8889 - FOREST OAKS SEC 14","Real","$721,438","$721,438"
"R468818","R-17-W324-014O-0054-0008","WALTON, ANDREA NICHOLLE","224 TULIP TRAIL BND  CEDAR PARK, TX 78613-3775","224 TULIP TRAIL BND, CEDAR PARK, TX  78613","S8889 - FOREST OAKS SEC 14, BLOCK O, Lot 54","L526504D"," ","S8889 - FOREST OAKS SEC 14","Real","$658,910","$658,910"
"R468819","R-17-W324-014O-0055-0008","JAGEN, MICHAEL C & STEPHANIE W","226 TULIP TRAIL BND  CEDAR PARK, TX 78613-3775","226 TULIP TRAIL BND, CEDAR PARK, TX  78613","S8889 - FOREST OAKS SEC 14, BLOCK O, Lot 55","L526504D"," ","S8889 - FOREST OAKS SEC 14","Real","$790,347","$790,347"
"R468820","R-17-W324-014O-0056-0008","BYRNE, BRIAN PATRICK","227 TULIP TRAIL BND CEDAR PARK, TX 78613-3775","227 TULIP TRAIL BND, CEDAR PARK, TX  78613","S8889 - FOREST OAKS SEC 14, BLOCK O, Lot 56","L526504D"," ","S8889 - FOREST OAKS SEC 14","Real","$588,141","$588,141"
"R468821","R-17-W324-014O-0057-0008","LEAL, GEORGE R & TINA L","225 TULIP TRAIL BND CEDAR PARK, TX 78613-3775","225 TULIP TRAIL BND, CEDAR PARK, TX  78613","S8889 - FOREST OAKS SEC 14, BLOCK O, Lot 57","L526504D"," ","S8889 - FOREST OAKS SEC 14","Real","$644,207","$644,207"
"R468822","R-17-W324-014O-0058-0008","KANG, JIN SEOK & BANGSIL KO","6106 GENOVA PL ROUND ROCK, TX 78665-2359","223 TULIP TRAIL BND, CEDAR PARK, TX  78613","S8889 - FOREST OAKS SEC 14, BLOCK O, Lot 58","L526504D"," ","S8889 - FOREST OAKS SEC 14","Real","$501,164","$501,164"
"R468823","R-17-W324-014O-0059-0008","PADILLA, CELINA E","221 TULIP TRAIL BND  CEDAR PARK, TX 78613","221 TULIP TRAIL BND, CEDAR PARK, TX  78613","S8889 - FOREST OAKS SEC 14, BLOCK O, Lot 59","L526504D"," ","S8889 - FOREST OAKS SEC 14","Real","$619,047","$619,047"
"R468824","R-17-W324-014O-0060-0008","SREENIVASAN, NAGARAJAN & INDHU BALACHANDRAN","219 TULIP TRAIL BND  CEDAR PARK, TX 78613","219 TULIP TRAIL BND, CEDAR PARK, TX  78613","S8889 - FOREST OAKS SEC 14, BLOCK O, Lot 60","L526504D"," ","S8889 - FOREST OAKS SEC 14","Real","$642,691","$642,691"
"R468825","R-17-W324-014O-0061-0008","SMEDLEY, BLAKE & KRISTEN","217 TULIP TRAIL BND CEDAR PARK, TX 78613-3775","217 TULIP TRAIL BND, CEDAR PARK, TX  78613","S8889 - FOREST OAKS SEC 14, BLOCK O, Lot 61","L526504D"," ","S8889 - FOREST OAKS SEC 14","Real","$545,204","$545,204"
"R468826","R-17-W324-014O-0062-0008","RIGNEY, NEAL & AMBER","215 TULIP TRAIL BND  CEDAR PARK, TX 78613-3775","215 TULIP TRAIL BND, CEDAR PARK, TX  78613","S8889 - FOREST OAKS SEC 14, BLOCK O, Lot 62","L526504D"," ","S8889 - FOREST OAKS SEC 14","Real","$678,956","$678,956"
"R468827","R-17-W324-014O-0063-0008","ROLISON, ANNE M","213 TULIP TRAIL BND  CEDAR PARK, TX 78613","213 TULIP TRAIL BND, CEDAR PARK, TX  78613","S8889 - FOREST OAKS SEC 14, BLOCK O, Lot 63","L526504D"," ","S8889 - FOREST OAKS SEC 14","Real","$572,752","$572,752"
"R468828","R-17-W324-014O-0064-0008","DONALDSON, JOHN, VICTORIA, MARK & DEBRA","211 TULIP TRAIL BND  CEDAR PARK, TX 78613","211 TULIP TRAIL BND, CEDAR PARK, TX  78613","S8889 - FOREST OAKS SEC 14, BLOCK O, Lot 64","L526504D"," ","S8889 - FOREST OAKS SEC 14","Real","$615,195","$615,195"
"R468829","R-17-W324-014O-0065-0008","RADER, THOMAS & KELLEN WILSON","209 TULIP TRAIL BND  CEDAR PARK, TX 78613","209 TULIP TRAIL BND, CEDAR PARK, TX  78613","S8889 - FOREST OAKS SEC 14, BLOCK O, Lot 65","L526504D"," ","S8889 - FOREST OAKS SEC 14","Real","$686,019","$686,019"
"R468830","R-17-W324-014O-0066-0008","DUFFEY, GREGORY & KRISTEN K","207 TULIP TRAIL BND CEDAR PARK, TX 78613-3775","207 TULIP TRAIL BND, CEDAR PARK, TX  78613","S8889 - FOREST OAKS SEC 14, BLOCK O, Lot 66","L526504D"," ","S8889 - FOREST OAKS SEC 14","Real","$597,233","$597,233"
"R468831","R-17-W324-014O-0067-0008","MAYER, LAWRENCE & JACOBA JOHANNA","205 TULIP TRAIL BND  CEDAR PARK, TX 78613-3775","205 TULIP TRAIL BND, CEDAR PARK, TX  78613","S8889 - FOREST OAKS SEC 14, BLOCK O, Lot 67","L526504D"," ","S8889 - FOREST OAKS SEC 14","Real","$598,169","$598,169"
"R468832","R-17-W324-014O-0068-0008","HOANG, BACH N & RWO-CHI WANG","203 TULIP TRAIL BND  CEDAR PARK, TX 78613","203 TULIP TRAIL BND, CEDAR PARK, TX  78613","S8889 - FOREST OAKS SEC 14, BLOCK O, Lot 68","L526504D"," ","S8889 - FOREST OAKS SEC 14","Real","$634,619","$634,619"
"R468833","R-17-W324-014O-0069-0008","ILLING, ROBERT & JULY ANDREA LEON ANGEL","201 TULIP TRAIL BND  CEDAR PARK, TX 78613-3775","201 TULIP TRAIL BND, CEDAR PARK, TX  78613","S8889 - FOREST OAKS SEC 14, BLOCK O, Lot 69","L526504D"," ","S8889 - FOREST OAKS SEC 14","Real","$610,000","$610,000"
"R468834","R-17-W324-014O-0070-0008","SCHNEIDER, VIVIAN & MARCELO","115 TULIP TRAIL BND  CEDAR PARK, TX 78613","115 TULIP TRAIL BND, CEDAR PARK, TX  78613","S8889 - FOREST OAKS SEC 14, BLOCK O, Lot 70","L526504D"," ","S8889 - FOREST OAKS SEC 14","Real","$476,820","$476,820"
"R468835","R-17-W324-014O-0071-0008","SEES, DUANE R & DARLA R","113 TULIP TRAIL BND CEDAR PARK, TX 78613-3770","113 TULIP TRAIL BND, CEDAR PARK, TX  78613","S8889 - FOREST OAKS SEC 14, BLOCK O, Lot 71","L526504D"," ","S8889 - FOREST OAKS SEC 14","Real","$657,030","$657,030"
"R468836","R-17-W324-014O-0072-0008","BARNATAN, NIR & SHIRAN","111 TULIPTRAIL BND  CEDAR PARK, TX 78613","111 TULIP TRAIL BND, CEDAR PARK, TX  78613","S8889 - FOREST OAKS SEC 14, BLOCK O, Lot 72","L526504D"," ","S8889 - FOREST OAKS SEC 14","Real","$632,847","$632,847"
"R468837","R-17-W324-014O-0073-0008","LIAUW, RAYMOND","109 TULIP TRAIL BND  CEDAR PARK, TX 78613","109 TULIP TRAIL BND, CEDAR PARK, TX  78613","S8889 - FOREST OAKS SEC 14, BLOCK O, Lot 73","L526504D"," ","S8889 - FOREST OAKS SEC 14","Real","$478,408","$478,408"
"R468838","R-17-W324-014O-0074-0008","BHAGAWATULA, HEMANTH K","12824 COUNCIL BLUFF DR  AUSTIN, TX 78727","107 TULIP TRAIL BND, CEDAR PARK, TX  78613","S8889 - FOREST OAKS SEC 14, BLOCK O, Lot 74","L526504D"," ","S8889 - FOREST OAKS SEC 14","Real","$475,759","$475,759"
"R468839","R-17-W324-014O-0075-0008","AMH 2014-1 BORROWER LLC","ATTN: PROPERTY TAX DEPARTMENT 23975 PARK SORRENTO  #STE 300 CALABASAS, CA 91302-4012","105 TULIP TRAIL BND, CEDAR PARK, TX  78613","S8889 - FOREST OAKS SEC 14, BLOCK O, Lot 75","L526504D"," ","S8889 - FOREST OAKS SEC 14","Real","$618,146","$618,146"
"R468840","R-17-W324-014O-0076-0008","GORDON, GEORGE & JACQUELINE","103 TULIP TRAIL BND  CEDAR PARK, TX 78613","103 TULIP TRAIL BND, CEDAR PARK, TX  78613","S8889 - FOREST OAKS SEC 14, BLOCK O, Lot 76","L526504D"," ","S8889 - FOREST OAKS SEC 14","Real","$577,475","$577,475"
"R468841","R-17-W324-014O-0077-0008","GARAY, RAUL, MD","101 TULIP TRAIL BND CEDAR PARK, TX 78613-3770","101 TULIP TRAIL BND, CEDAR PARK, TX  78613","S8889 - FOREST OAKS SEC 14, BLOCK O, Lot 77","L526504D"," ","S8889 - FOREST OAKS SEC 14","Real","$516,486","$516,486"
"R468842","R-17-W324-014Q-0001-0008","FINNEGAN, MARTIN J","1101 WILLOWBROOK DR  CEDAR PARK, TX 78613-3698","1101 WILLOWBROOK DR, CEDAR PARK, TX  78613","S8889 - FOREST OAKS SEC 14, BLOCK Q, Lot 1","L526504D"," ","S8889 - FOREST OAKS SEC 14","Real","$634,678","$634,678"
"R468843","R-17-W324-014Q-0002-0008","ZITTLOW, RODNEY A & WENDY L","1103 WILLOWBROOK DR  CEDAR PARK, TX 78613","1103 WILLOWBROOK DR, CEDAR PARK, TX  78613","S8889 - FOREST OAKS SEC 14, BLOCK Q, Lot 2","L526504D"," ","S8889 - FOREST OAKS SEC 14","Real","$624,309","$624,309"
"R468844","R-17-W324-014Q-0003-0008","Unknown","Unknown","1105 WILLOWBROOK DR, CEDAR PARK, TX  78613","S8889 - FOREST OAKS SEC 14, BLOCK Q, Lot 3","L526504D"," ","S8889 - FOREST OAKS SEC 14","Real","$626,641","$626,641"
"R468845","R-17-W324-014Q-0004-0008","Unknown","Unknown","1107 WILLOWBROOK DR, CEDAR PARK, TX  78613","S8889 - FOREST OAKS SEC 14, BLOCK Q, Lot 4","L526504D"," ","S8889 - FOREST OAKS SEC 14","Real","$700,488","$700,488"
"R468846","R-17-W324-014Q-0005-0008","SHEA BULB LLC","385 RIVER OAKS PKWY APT 1043 SAN JOSE, CA 95134-3469","1109 WILLOWBROOK DR, CEDAR PARK, TX  78613","S8889 - FOREST OAKS SEC 14, BLOCK Q, Lot 5","L526504D"," ","S8889 - FOREST OAKS SEC 14","Real","$480,413","$480,413"
"R468847","R-17-W324-014Q-0006-0008","HARSCH, JOSHUA LYNN & LAURA ANN","1111 WILLOWBROOK DR  CEDAR PARK, TX 78613","1111 WILLOWBROOK DR, CEDAR PARK, TX  78613","S8889 - FOREST OAKS SEC 14, BLOCK Q, Lot 6","L526504D"," ","S8889 - FOREST OAKS SEC 14","Real","$651,481","$651,481"
"R468848","R-17-W324-014Q-0007-0008","TANGUTURI, VENKATA & SUMANA SURI","101 CRESTVIEW DR  CEDAR PARK, TX 78613","101 CRESTVIEW DR, CEDAR PARK, TX  78613","S8889 - FOREST OAKS SEC 14, BLOCK Q, Lot 7","L526504D"," ","S8889 - FOREST OAKS SEC 14","Real","$620,598","$620,598"
"R468849","R-17-W324-014Q-0008-0008","MONAHAN, KIERON & NICOLA","103 CRESTVIEW DR  CEDAR PARK, TX 78613","103 CRESTVIEW DR, CEDAR PARK, TX  78613","S8889 - FOREST OAKS SEC 14, BLOCK Q, Lot 8","L526504D"," ","S8889 - FOREST OAKS SEC 14","Real","$648,059","$648,059"
"R468850","R-17-W324-014Q-0009-0008","MARCH, STEVEN E & ERIN L","105 CRESTVIEW DR CEDAR PARK, TX 78613-3978","105 CRESTVIEW DR, CEDAR PARK, TX  78613","S8889 - FOREST OAKS SEC 14, BLOCK Q, Lot 9","L526504D"," ","S8889 - FOREST OAKS SEC 14","Real","$632,177","$632,177"
"R468851","R-17-W324-014Q-0010-0008","CHARLEMAGNE, GERALD & LINDA R","218 TULIP TRAIL BND  CEDAR PARK, TX 78613","218 TULIP TRAIL BND, CEDAR PARK, TX  78613","S8889 - FOREST OAKS SEC 14, BLOCK Q, Lot 10","L526504D"," ","S8889 - FOREST OAKS SEC 14","Real","$525,049","$525,049"
"R468852","R-17-W324-014Q-0011-0008","KOTIAN, ROHAN & VARSHA PRABHU","10315 HOLME LACEY LN AUSTIN, TX 78750-4024","216 TULIP TRAIL BND, CEDAR PARK, TX  78613","S8889 - FOREST OAKS SEC 14, BLOCK Q, Lot 11","L526504D"," ","S8889 - FOREST OAKS SEC 14","Real","$492,195","$492,195"
"R468853","R-17-W324-014Q-0012-0008","SIMEONOV, KRASSIMIR IVANOV & MARINA GEORGIEVA SEMEONOVA","214 TULIP TRAIL BND  CEDAR PARK, TX 78613","214 TULIP TRAIL BND, CEDAR PARK, TX  78613","S8889 - FOREST OAKS SEC 14, BLOCK Q, Lot 12","L526504D"," ","S8889 - FOREST OAKS SEC 14","Real","$689,167","$689,167"
"R468854","R-17-W324-014Q-0013-0008","HUNOLDT, BRETT & MAGDALENA","212 TULIP TRAIL BND  CEDAR PARK, TX 78613","212 TULIP TRAIL BND, CEDAR PARK, TX  78613","S8889 - FOREST OAKS SEC 14, BLOCK Q, Lot 13","L526504D"," ","S8889 - FOREST OAKS SEC 14","Real","$619,369","$619,369"
"R468855","R-17-W324-014Q-0014-0008","WIRTH, ROBERT & CHARI GUNNELS WIRTH","210 TULIP TRAIL BND  CEDAR PARK, TX 78613","210 TULIP TRAIL BND, CEDAR PARK, TX  78613","S8889 - FOREST OAKS SEC 14, BLOCK Q, Lot 14","L526504D"," ","S8889 - FOREST OAKS SEC 14","Real","$480,777","$480,777"
"R468856","R-17-W324-014Q-0015-0008","IDDALAGI, PRAVEENKUMAR SHRUTI ASHOK","208 TULIP TRAIL BND  CEDAR PARK, TX 78613","208 TULIP TRAIL BND, CEDAR PARK, TX  78613","S8889 - FOREST OAKS SEC 14, BLOCK Q, Lot 15","L526504D"," ","S8889 - FOREST OAKS SEC 14","Real","$637,627","$637,627"
"R468857","R-17-W324-014Q-0016-0008","LAKKAPRAGADA, KUMAR N & MANISRI SIVARAJU","206 TULIP TRAIL BND  CEDAR PARK, TX 78613","206 TULIP TRAIL BND, CEDAR PARK, TX  78613","S8889 - FOREST OAKS SEC 14, BLOCK Q, Lot 16","L526504D"," ","S8889 - FOREST OAKS SEC 14","Real","$516,572","$517,334"
"R468858","R-17-W324-014Q-0017-0008","DESHMUKH, GAURI MADHAV & SACHIN VISHRAM SHRIKHANDE","500 RAGING RIVER RD  CEDAR PARK, TX 78613","204 TULIP TRAIL BND, CEDAR PARK, TX  78613","S8889 - FOREST OAKS SEC 14, BLOCK Q, Lot 17","L526504D"," ","S8889 - FOREST OAKS SEC 14","Real","$660,047","$660,047"
"R468859","R-17-W324-014Q-0018-0008","MURUGESAN, SETHURATHINAM & SAHAYARANI LATHA SETHURANTHINAM","9431 BING CHERRY LN  AUSTIN, TX 78750-3412","202 TULIP TRAIL BND, CEDAR PARK, TX  78613","S8889 - FOREST OAKS SEC 14, BLOCK Q, Lot 18","L526504D"," ","S8889 - FOREST OAKS SEC 14","Real","$535,951","$535,951"
"R468860","R-17-W324-014R-0002-0008","STASSWENDER, ELIZABETH A","1118 WILLOWBROOK DR  CEDAR PARK, TX 78613","1118 WILLOWBROOK DR, CEDAR PARK, TX  78613","S8889 - FOREST OAKS SEC 14, BLOCK R, Lot 2","L526504D"," ","S8889 - FOREST OAKS SEC 14","Real","$531,446","$531,446"
"R468861","R-17-W324-014R-0003-0008","JURCOVAN, HORIA & GABRIELA","1116 WILLOWBROOK DR  CEDAR PARK, TX 78613-3698","1116 WILLOWBROOK DR, CEDAR PARK, TX  78613","S8889 - FOREST OAKS SEC 14, BLOCK R, Lot 3","L526504D"," ","S8889 - FOREST OAKS SEC 14","Real","$491,769","$491,769"
"R468862","R-17-W324-014R-0004-0008","BROWN, BENJAMIN R & CHARMAIN L KELLER","1114 WILLOWBROOK DR CEDAR PARK, TX 78613-3698","1114 WILLOWBROOK DR, CEDAR PARK, TX  78613","S8889 - FOREST OAKS SEC 14, BLOCK R, Lot 4","L526504D"," ","S8889 - FOREST OAKS SEC 14","Real","$589,000","$589,000"
"R468863","R-17-W324-014R-0005-0008","BENAVIDES, LETICIA (TOD)","1112 WILLOWBROOK DR  CEDAR PARK, TX 78613","1112 WILLOWBROOK DR, CEDAR PARK, TX  78613","S8889 - FOREST OAKS SEC 14, BLOCK R, Lot 5","L526504D"," ","S8889 - FOREST OAKS SEC 14","Real","$481,465","$481,465"
"R468864","R-17-W324-014R-0006-0008","SEENIRAJ, RAMPRASAD & HEMA CHERUKOORU","3624 ANDALUSIAN CT LEANDER, TX 78641-4746","1110 WILLOWBROOK DR, CEDAR PARK, TX  78613","S8889 - FOREST OAKS SEC 14, BLOCK R, Lot 6","L526504D"," ","S8889 - FOREST OAKS SEC 14","Real","$623,817","$623,817"
"R468865","R-17-W324-014R-0007-0008","CHRISTIANSON, HOLLY & JOSE ROCES","1108 WILLOWBROOK DR CEDAR PARK, TX 78613-3698","1108 WILLOWBROOK DR, CEDAR PARK, TX  78613","S8889 - FOREST OAKS SEC 14, BLOCK R, Lot 7","L526504D"," ","S8889 - FOREST OAKS SEC 14","Real","$475,852","$475,852"
"R468866","R-17-W324-014R-0008-0008","ADAMS, ELISABETH RENE & LUIS MARTINEZ","1106 WILLOW BROOK DR  CEDAR PARK, TX 78613","1106 WILLOWBROOK DR, CEDAR PARK, TX  78613","S8889 - FOREST OAKS SEC 14, BLOCK R, Lot 8","L526504D"," ","S8889 - FOREST OAKS SEC 14","Real","$635,457","$635,457"
"R468867","R-17-W324-014R-0009-0008","ANUMULA, SARAT & VYSHNAVI THOTA","4700 N CAPITAL OF TEXAS HWY APT 910 AUSTIN, TX 78746-1123","1104 WILLOWBROOK DR, CEDAR PARK, TX  78613","S8889 - FOREST OAKS SEC 14, BLOCK R, Lot 9","L526504D"," ","S8889 - FOREST OAKS SEC 14","Real","$650,367","$650,367"
"R468868","R-17-W324-014R-0010-0008","NISTALA, SATYAPRASAD","1102 WILLOWBROOK DR  CEDAR PARK, TX 78613-3698","1102 WILLOWBROOK DR, CEDAR PARK, TX  78613","S8889 - FOREST OAKS SEC 14, BLOCK R, Lot 10","L526504D"," ","S8889 - FOREST OAKS SEC 14","Real","$519,020","$519,020"
"R468869","R-17-W324-014R-0011-0008","GOWLER, MICHELLE ORNER & NEIL ROY","1100 WILLOWBROOK DR  CEDAR PARK, TX 78613","1100 WILLOWBROOK DR, CEDAR PARK, TX  78613","S8889 - FOREST OAKS SEC 14, BLOCK R, Lot 11","L526504D"," ","S8889 - FOREST OAKS SEC 14","Real","$674,937","$674,937"
"R475620","R-17-W324-013G-0001-A008","NEWMARK HOMES LP","% TOUSA TEXAS LP 4000 HOLLYWOOD BLVD, STE 400N HOLLYWOOD, FL 33021-1220","E PARK ST, CEDAR PARK, TX  78613","S9112 - FOREST OAKS SEC 13, BLOCK G, Lot 1-A, ACRES 0.204, (LANDSCAPE)","L526504D"," ","S9112 - FOREST OAKS SEC 13","Real","$300","$300"
"R475621","R-17-W324-013G-0003-0008","RICHARDS, ROBERTA JO","218 RICHMOND ST  CEDAR PARK, TX 78613-7578","218 RICHMOND ST, CEDAR PARK, TX  78613","S9112 - FOREST OAKS SEC 13, BLOCK G, Lot 3","L526504D"," ","S9112 - FOREST OAKS SEC 13","Real","$499,334","$499,334"
"R475622","R-17-W324-013G-0004-0008","FOLEY, MARK S & MAUREEN P","216 RICHMOND ST CEDAR PARK, TX 78613-7578","216 RICHMOND ST, CEDAR PARK, TX  78613","S9112 - FOREST OAKS SEC 13, BLOCK G, Lot 4","L526504D"," ","S9112 - FOREST OAKS SEC 13","Real","$633,374","$633,374"
"R475623","R-17-W324-013G-0005-0008","HARTMAN, DUANE SAMUEL & KRYSTAL","214 RICHMOND ST  CEDAR PARK, TX 78613-7578","214 RICHMOND ST, CEDAR PARK, TX  78613","S9112 - FOREST OAKS SEC 13, BLOCK G, Lot 5","L526504D"," ","S9112 - FOREST OAKS SEC 13","Real","$557,533","$557,533"
"R475624","R-17-W324-013G-0006-0008","SIRSAMKAR, SHANTANU & MAYURI RIMJHA","2121 ADONAI TRL LEANDER, TX 78641-5030","212 RICHMOND ST, CEDAR PARK, TX  78613","S9112 - FOREST OAKS SEC 13, BLOCK G, Lot 6","L526504D"," ","S9112 - FOREST OAKS SEC 13","Real","$676,993","$676,993"
"R475625","R-17-W324-013G-0007-0008","BOYD, AIMEE M & BRETT A","210 RICHMOND ST  CEDAR PARK, TX 78613","210 RICHMOND ST, CEDAR PARK, TX  78613","S9112 - FOREST OAKS SEC 13, BLOCK G, Lot 7","L526504D"," ","S9112 - FOREST OAKS SEC 13","Real","$542,889","$542,889"
"R475626","R-17-W324-013G-0008-0008","PARK, HYUNGTAE & HYUNHYO KIM","208 RICHMOND ST  CEDAR PARK, TX 78613","208 RICHMOND ST, CEDAR PARK, TX  78613","S9112 - FOREST OAKS SEC 13, BLOCK G, Lot 8","L526504D"," ","S9112 - FOREST OAKS SEC 13","Real","$699,281","$699,281"
"R475627","R-17-W324-013G-0009-0008","WILLIAMS, TIMOTHY D & JOAN N","206 RICHMOND ST  CEDAR PARK, TX 78613-7578","206 RICHMOND ST, CEDAR PARK, TX  78613","S9112 - FOREST OAKS SEC 13, BLOCK G, Lot 9","L526504D"," ","S9112 - FOREST OAKS SEC 13","Real","$506,906","$506,906"
"R475628","R-17-W324-013G-0010-0008","MCCAULEY, INMAN MILAS & CHARLENE L OF INMAN M & CHARLENE L MCCAULEY TRUST","204 RICHMOND ST  CEDAR PARK, TX 78613-7578","204 RICHMOND ST, CEDAR PARK, TX  78613","S9112 - FOREST OAKS SEC 13, BLOCK G, Lot 10","L526504D"," ","S9112 - FOREST OAKS SEC 13","Real","$550,726","$550,726"
"R475629","R-17-W324-013G-0011-0008","INMAN, SAM W JR & DALIA F","202 RICHMOND ST  CEDAR PARK, TX 78613","202 RICHMOND ST, CEDAR PARK, TX  78613","S9112 - FOREST OAKS SEC 13, BLOCK G, Lot 11","L526504D"," ","S9112 - FOREST OAKS SEC 13","Real","$561,982","$561,982"
"R475630","R-17-W324-013G-0012-0008","EVANS, ROBERT (TOD) & JENNIFER (TOD)","104 BRIARWOODS DR  CEDAR PARK, TX 78613","104 BRIARWOOD DR, CEDAR PARK, TX  78613","S9112 - FOREST OAKS SEC 13, BLOCK G, Lot 12","L526504D"," ","S9112 - FOREST OAKS SEC 13","Real","$634,980","$634,980"
"R475631","R-17-W324-013G-0013-0008","ARCAYA, DACX N & JENNIFER L","102 BRIARWOOD DR  CEDAR PARK, TX 78613","102 BRIARWOOD DR, CEDAR PARK, TX  78613","S9112 - FOREST OAKS SEC 13, BLOCK G, Lot 13","L526504D"," ","S9112 - FOREST OAKS SEC 13","Real","$695,069","$695,069"
"R475632","R-17-W324-013G-0014-0008","MOORE, JOSEPH R & LINDA S","100 BRIARWOOD DR  CEDAR PARK, TX 78613","100 BRIARWOOD DR, CEDAR PARK, TX  78613","S9112 - FOREST OAKS SEC 13, BLOCK G, Lot 14","L526504D"," ","S9112 - FOREST OAKS SEC 13","Real","$675,326","$675,326"
"R475633","R-17-W324-013G-0015-0008","GRACE, JASON & AIMEE","101 BRIARWOOD DR  CEDAR PARK, TX 78613","101 BRIARWOOD DR, CEDAR PARK, TX  78613","S9112 - FOREST OAKS SEC 13, BLOCK G, Lot 15","L526504D"," ","S9112 - FOREST OAKS SEC 13","Real","$867,543","$867,543"
"R475634","R-17-W324-013G-0016-0008","WACHSMANN, ERIC","103 BRIARWOOD DR CEDAR PARK, TX 78613-7579","103 BRIARWOOD DR, CEDAR PARK, TX  78613","S9112 - FOREST OAKS SEC 13, BLOCK G, Lot 16","L526504D"," ","S9112 - FOREST OAKS SEC 13","Real","$663,564","$663,564"
"R475635","R-17-W324-013G-0017-0008","DEBRUYN, ERICH L & PAIGE L EHRLICH-DEBRUYN","105 BRIARWOOD DR  CEDAR PARK, TX 78613","105 BRIARWOOD DR, CEDAR PARK, TX  78613","S9112 - FOREST OAKS SEC 13, BLOCK G, Lot 17","L526504D"," ","S9112 - FOREST OAKS SEC 13","Real","$639,140","$639,140"
"R475636","R-17-W324-013G-0018-0008","TERRY, JANA KAYE","107 BRIARWOOD DR CEDAR PARK, TX 78613-7579","107 BRIARWOOD DR, CEDAR PARK, TX  78613","S9112 - FOREST OAKS SEC 13, BLOCK G, Lot 18","L526504D"," ","S9112 - FOREST OAKS SEC 13","Real","$595,733","$595,733"
"R475637","R-17-W324-013G-0019-0008","SPECK, PAUL LANCE & CINDY W TRUSTEES OF THE SPECK LIVING TRUST","109 BRIARWOOD DR  CEDAR PARK, TX 78613","109 BRIARWOOD DR, CEDAR PARK, TX  78613","S9112 - FOREST OAKS SEC 13, BLOCK G, Lot 19","L526504D"," ","S9112 - FOREST OAKS SEC 13","Real","$726,219","$726,219"
"R475638","R-17-W324-013G-0020-0008","MILLS, TIMOTHY J & STACEY MARVEL-MILLS","111 BRIARWOOD DR  CEDAR PARK, TX 78613","111 BRIARWOOD DR, CEDAR PARK, TX  78613","S9112 - FOREST OAKS SEC 13, BLOCK G, Lot 20","L526504D"," ","S9112 - FOREST OAKS SEC 13","Real","$624,990","$624,990"
"R475639","R-17-W324-013G-0021-0008","AHMED, NATASHA & SUHAYB","113 BRIARWOOD DR  CEDAR PARK, TX 78613","113 BRIARWOOD DR, CEDAR PARK, TX  78613","S9112 - FOREST OAKS SEC 13, BLOCK G, Lot 21","L526504D"," ","S9112 - FOREST OAKS SEC 13","Real","$834,274","$834,274"
"R475640","R-17-W324-013G-0022-0008","SUTTON, ROBERT A & MARTINA G","115 BRIARWOOD DR  CEDAR PARK, TX 78613","115 BRIARWOOD DR, CEDAR PARK, TX  78613","S9112 - FOREST OAKS SEC 13, BLOCK G, Lot 22","L526504D"," ","S9112 - FOREST OAKS SEC 13","Real","$686,443","$686,443"
"R475641","R-17-W324-013G-0023-0008","HERZOG, ALISON J & CHRISTOPHER G","117 BRIARWOOD DR  CEDAR PARK, TX 78613","117 BRIARWOOD DR, CEDAR PARK, TX  78613","S9112 - FOREST OAKS SEC 13, BLOCK G, Lot 23","L526504D"," ","S9112 - FOREST OAKS SEC 13","Real","$678,453","$678,453"
"R475642","R-17-W324-013G-0024-0008","SAWYER, MARK A (TOD)","119 BRIARWOOD DR  CEDAR PARK, TX 78613-7579","119 BRIARWOOD DR, CEDAR PARK, TX  78613","S9112 - FOREST OAKS SEC 13, BLOCK G, Lot 24","L526504D"," ","S9112 - FOREST OAKS SEC 13","Real","$701,887","$701,887"
"R475643","R-17-W324-013G-0025-0008","CARPENTIER, LAURENT N & JUDITH M","121 BRIARWOOD DR CEDAR PARK, TX 78613-7579","121 BRIARWOOD DR, CEDAR PARK, TX  78613","S9112 - FOREST OAKS SEC 13, BLOCK G, Lot 25","L526504D"," ","S9112 - FOREST OAKS SEC 13","Real","$510,438","$510,438"
"R475644","R-17-W324-013G-0026-0008","SZEWCZYK, ERIC PAUL & AMY LAURIE","905 SEDALIA ST CEDAR PARK, TX 78613-7575","905 SEDALIA ST, CEDAR PARK, TX  78613","S9112 - FOREST OAKS SEC 13, BLOCK G, Lot 26","L526504D"," ","S9112 - FOREST OAKS SEC 13","Real","$706,598","$706,598"
"R475645","R-17-W324-013G-0027-0008","PARENTE, GARY M & SARAH","903 SEDALIA ST  CEDAR PARK, TX 78613-7575","903 SEDALIA ST, CEDAR PARK, TX  78613","S9112 - FOREST OAKS SEC 13, BLOCK G, Lot 27","L526504D"," ","S9112 - FOREST OAKS SEC 13","Real","$647,401","$647,401"
"R475646","R-17-W324-013G-0028-0008","MEHNDIRATTA, ANSHIKA & ANUBHAV KANDPAL","901 SEDALIA ST  CEDAR PARK, TX 78613","901 SEDALIA ST, CEDAR PARK, TX  78613","S9112 - FOREST OAKS SEC 13, BLOCK G, Lot 28","L526504D"," ","S9112 - FOREST OAKS SEC 13","Real","$558,813","$558,813"
"R475647","R-17-W324-013G-0029-0008","GRIER, DONALD H & COLETTE M","902 SEDALIA ST CEDAR PARK, TX 78613-7575","902 SEDALIA ST, CEDAR PARK, TX  78613","S9112 - FOREST OAKS SEC 13, BLOCK G, Lot 29","L526504D"," ","S9112 - FOREST OAKS SEC 13","Real","$651,491","$651,491"
"R475648","R-17-W324-013G-0030-0008","PHILLIPS, PATRICK W & HEATHER D","904 SEDALIA ST  CEDAR PARK, TX 78613","904 SEDALIA ST, CEDAR PARK, TX  78613","S9112 - FOREST OAKS SEC 13, BLOCK G, Lot 30","L526504D"," ","S9112 - FOREST OAKS SEC 13","Real","$616,397","$616,397"
"R475649","R-17-W324-013G-0031-0008","GUTHRIE, BRANDON & JULIE","906 SEDALIA ST  CEDAR PARK, TX 78613-7575","906 SEDALIA ST, CEDAR PARK, TX  78613","S9112 - FOREST OAKS SEC 13, BLOCK G, Lot 31","L526504D"," ","S9112 - FOREST OAKS SEC 13","Real","$643,169","$643,169"
"R475650","R-17-W324-013G-0032-0008","SMITH, ALETHA RENEE & CRAIG M","908 SEDALIA ST  CEDAR PARK, TX 78613","908 SEDALIA ST, CEDAR PARK, TX  78613","S9112 - FOREST OAKS SEC 13, BLOCK G, Lot 32","L526504D"," ","S9112 - FOREST OAKS SEC 13","Real","$778,305","$778,305"
"R475651","R-17-W324-013H-0001-0008","MUTHALATHU JOSEPH & MARY JOSEPH TR JOSEPH MUTHALATHU & MARY JOSEPH LIVING TRUST","9609 RAINLILLY LN AUSTIN, TX 78759-7702","201 RICHMOND ST, CEDAR PARK, TX  78613","S9112 - FOREST OAKS SEC 13, BLOCK H, Lot 1","L526504D"," ","S9112 - FOREST OAKS SEC 13","Real","$527,134","$527,134"
"R475652","R-17-W324-013H-0002-0008","HOLLINGER, MORGAN S","203 RICHMOND ST CEDAR PARK, TX 78613-7578","203 RICHMOND ST, CEDAR PARK, TX  78613","S9112 - FOREST OAKS SEC 13, BLOCK H, Lot 2","L526504D"," ","S9112 - FOREST OAKS SEC 13","Real","$636,542","$636,542"
"R475653","R-17-W324-013H-0003-0008","COMIA, ALEXIS","4317 MEZZALUNA PASS LEANDER, TX 78641-3770","205 RICHMOND ST, CEDAR PARK, TX  78613","S9112 - FOREST OAKS SEC 13, BLOCK H, Lot 3","L526504D"," ","S9112 - FOREST OAKS SEC 13","Real","$678,908","$678,908"
"R475654","R-17-W324-013H-0004-0008","RAJU, SUBRAMANYA","1929 GRANITE SPRINGS RD  LEANDER, TX 78641","207 RICHMOND ST, CEDAR PARK, TX  78613","S9112 - FOREST OAKS SEC 13, BLOCK H, Lot 4","L526504D"," ","S9112 - FOREST OAKS SEC 13","Real","$513,327","$513,327"
"R475655","R-17-W324-013H-0005-0008","THOMAS, MICHAEL D & CHARREE L","209 RICHMOND ST  CEDAR PARK, TX 78613-7578","209 RICHMOND ST, CEDAR PARK, TX  78613","S9112 - FOREST OAKS SEC 13, BLOCK H, Lot 5","L526504D"," ","S9112 - FOREST OAKS SEC 13","Real","$555,391","$555,391"
"R475656","R-17-W324-013H-0006-0008","SIDHARTH & PRIYANKA KODIKAL LIVING TRUST","211 RICHMOND ST  CEDAR PARK, TX 78613-7578","211 RICHMOND ST, CEDAR PARK, TX  78613","S9112 - FOREST OAKS SEC 13, BLOCK H, Lot 6","L526504D"," ","S9112 - FOREST OAKS SEC 13","Real","$689,467","$689,467"
"R475657","R-17-W324-013H-0007-0008","PELED, MEIR & HANA","213 RICHMOND ST  CEDAR PARK, TX 78613","213 RICHMOND ST, CEDAR PARK, TX  78613","S9112 - FOREST OAKS SEC 13, BLOCK H, Lot 7","L526504D"," ","S9112 - FOREST OAKS SEC 13","Real","$567,778","$567,778"
"R475658","R-17-W324-013H-0008-0008","GRIGAS, MICHELLE A","1007 SEDALIA ST  CEDAR PARK, TX 78613","1007 SEDALIA ST, CEDAR PARK, TX  78613","S9112 - FOREST OAKS SEC 13, BLOCK H, Lot 8","L526504D"," ","S9112 - FOREST OAKS SEC 13","Real","$633,992","$633,992"
"R475659","R-17-W324-013H-0009-0008","KIMBALL, TERENCE HARVEY & BARBARA W","1005 SEDALIA ST  CEDAR PARK, TX 78613","1005 SEDALIA ST, CEDAR PARK, TX  78613","S9112 - FOREST OAKS SEC 13, BLOCK H, Lot 9","L526504D"," ","S9112 - FOREST OAKS SEC 13","Real","$691,378","$691,378"
"R475660","R-17-W324-013H-0010-0008","HARGROVE, KARA D & GARRETT G","1003 SEDALIA ST CEDAR PARK, TX 78613-7576","1003 SEDALIA ST, CEDAR PARK, TX  78613","S9112 - FOREST OAKS SEC 13, BLOCK H, Lot 10","L526504D"," ","S9112 - FOREST OAKS SEC 13","Real","$633,916","$633,916"
"R475661","R-17-W324-013H-0011-0008","MAGBEE, MATTHEW & TERRY","1001 SEDALIA ST  CEDAR PARK, TX 78613","1001 SEDALIA ST, CEDAR PARK, TX  78613","S9112 - FOREST OAKS SEC 13, BLOCK H, Lot 11","L526504D"," ","S9112 - FOREST OAKS SEC 13","Real","$629,800","$629,800"
"R475662","R-17-W324-013H-0012-0008","WOODLEY, ROGER","909 SEDALIA ST  CEDAR PARK, TX 78613","909 SEDALIA ST, CEDAR PARK, TX  78613","S9112 - FOREST OAKS SEC 13, BLOCK H, Lot 12","L526504D"," ","S9112 - FOREST OAKS SEC 13","Real","$686,192","$686,192"
"R475663","R-17-W324-013H-0013-0008","SMITHEY, DEREK & ALEXANDRA","907 SEDALIA ST  CEDAR PARK, TX 78613","907 SEDALIA ST, CEDAR PARK, TX  78613","S9112 - FOREST OAKS SEC 13, BLOCK H, Lot 13","L526504D"," ","S9112 - FOREST OAKS SEC 13","Real","$633,215","$633,215"
"R475664","R-17-W324-013H-0014-0008","KILLION, AARON","120 BRIARWOOD DR  CEDAR PARK, TX 78613-7579","120 BRIARWOOD DR, CEDAR PARK, TX  78613","S9112 - FOREST OAKS SEC 13, BLOCK H, Lot 14","L526504D"," ","S9112 - FOREST OAKS SEC 13","Real","$693,473","$693,473"
"R475665","R-17-W324-013H-0015-0008","RIPPLE, JARED W & SARAH K","118 BRIARWOOD DR  CEDAR PARK, TX 78613","118 BRIARWOOD DR, CEDAR PARK, TX  78613","S9112 - FOREST OAKS SEC 13, BLOCK H, Lot 15","L526504D"," ","S9112 - FOREST OAKS SEC 13","Real","$608,400","$608,400"
"R475666","R-17-W324-013H-0016-0008","ROGERS COREY RICHARD (TOD) & KATHRYN LYNN ROGERS (TOD)","1000 SUFFOLK CT  CEDAR PARK, TX 78613","1000 SUFFOLK CT, CEDAR PARK, TX  78613","S9112 - FOREST OAKS SEC 13, BLOCK H, Lot 16","L526504D"," ","S9112 - FOREST OAKS SEC 13","Real","$508,894","$508,894"
"R475667","R-17-W324-013H-0017-0008","WENDY IRWIN & KEVIN IRWIN AS CO TRUSTEES OF THE IRWIN LIVING TRUST","1002 SUFFOLK CT  CEDAR PARK, TX 78613","1002 SUFFOLK CT, CEDAR PARK, TX  78613","S9112 - FOREST OAKS SEC 13, BLOCK H, Lot 17","L526504D"," ","S9112 - FOREST OAKS SEC 13","Real","$729,860","$729,860"
"R475668","R-17-W324-013H-0018-0008","BERRY, MATT R & LUANNE F","1004 SUFFOLK CT  CEDAR PARK, TX 78613","1004 SUFFOLK CT, CEDAR PARK, TX  78613","S9112 - FOREST OAKS SEC 13, BLOCK H, Lot 18","L526504D"," ","S9112 - FOREST OAKS SEC 13","Real","$726,897","$726,897"
"R475669","R-17-W324-013H-0019-0008","JURAJDA, INGER S & DARRON F","1006 SUFFOLK CT  CEDAR PARK, TX 78613","1006 SUFFOLK CT, CEDAR PARK, TX  78613","S9112 - FOREST OAKS SEC 13, BLOCK H, Lot 19","L526504D"," ","S9112 - FOREST OAKS SEC 13","Real","$674,451","$674,451"
"R475670","R-17-W324-013H-0020-0008","COX, MICHAEL J (TOD) & JENNIFER L (TOD)","1005 SUFFOLK CT  CEDAR PARK, TX 78613","1005 SUFFOLK CT, CEDAR PARK, TX  78613","S9112 - FOREST OAKS SEC 13, BLOCK H, Lot 20","L526504D"," ","S9112 - FOREST OAKS SEC 13","Real","$696,204","$705,960"
"R475671","R-17-W324-013H-0021-0008","MOORE, BRYAN E (TOD) & THERESA M (TOD)","3017 COVINGTON PL  ROUND ROCK, TX 78681","1003 SUFFOLK CT, CEDAR PARK, TX  78613","S9112 - FOREST OAKS SEC 13, BLOCK H, Lot 21","L526504D"," ","S9112 - FOREST OAKS SEC 13","Real","$540,043","$540,043"
"R475672","R-17-W324-013H-0022-0008","CRAWFORD, GRANT J & LYNDSEY B","1001 SUFFOLK COURT  CEDAR PARK, TX 78613-7583","1001 SUFFOLK CT, CEDAR PARK, TX  78613","S9112 - FOREST OAKS SEC 13, BLOCK H, Lot 22","L526504D"," ","S9112 - FOREST OAKS SEC 13","Real","$731,107","$731,107"
"R475673","R-17-W324-013I-0001-0008","KARABINAS, DAVID P & SAMANTHA","1000 SEDALIA ST CEDAR PARK, TX 78613-7576","1000 SEDALIA ST, CEDAR PARK, TX  78613","S9112 - FOREST OAKS SEC 13, BLOCK I, Lot 1","L526504D"," ","S9112 - FOREST OAKS SEC 13","Real","$737,671","$737,671"
"R475674","R-17-W324-013I-0002-0008","KANJIRAMKATTE, PRAVEEN C & SOWMYA DAS PULAPPATTA","1002 SEDALIA ST  CEDAR PARK, TX 78613","1002 SEDALIA ST, CEDAR PARK, TX  78613","S9112 - FOREST OAKS SEC 13, BLOCK I, Lot 2","L526504D"," ","S9112 - FOREST OAKS SEC 13","Real","$605,618","$605,618"
"R475675","R-17-W324-013I-0003-0008","MOYAERT-MARTIN, DEANIE","1004 SEDALIA ST CEDAR PARK, TX 78613-7576","1004 SEDALIA ST, CEDAR PARK, TX  78613","S9112 - FOREST OAKS SEC 13, BLOCK I, Lot 3","L526504D"," ","S9112 - FOREST OAKS SEC 13","Real","$558,809","$558,809"
"R475676","R-17-W324-013I-0004-0008","ASTON, MICHAEL & JANAE","1006 SEDALIA ST  CEDAR PARK, TX 78613","1006 SEDALIA ST, CEDAR PARK, TX  78613","S9112 - FOREST OAKS SEC 13, BLOCK I, Lot 4","L526504D"," ","S9112 - FOREST OAKS SEC 13","Real","$639,394","$639,394"
"R475677","R-17-W324-013I-0005-0008","BACH, JEREMY","1008 SEDALIA ST  CEDAR PARK, TX 78613","1008 SEDALIA ST, CEDAR PARK, TX  78613","S9112 - FOREST OAKS SEC 13, BLOCK I, Lot 5","L526504D"," ","S9112 - FOREST OAKS SEC 13","Real","$744,608","$744,608"
"R475678","R-17-W324-013I-0006-0008","KRZYWONSKI, SIDNEY C","1010 SEDALIA ST  CEDAR PARK, TX 78613","1010 SEDALIA ST, CEDAR PARK, TX  78613","S9112 - FOREST OAKS SEC 13, BLOCK I, Lot 6","L526504D"," ","S9112 - FOREST OAKS SEC 13","Real","$593,840","$593,840"
"R475725","R-17-W345-304A-B014-0008","BARLOW, JEFFREY & JILLIAN","1506 MERGANSER LN  CEDAR PARK, TX 78613","1506 MERGANSER LN, CEDAR PARK, TX  78613","S9139 - SILVER OAK SEC 4A, BLOCK B, Lot 14","L526504D"," ","S9139 - SILVER OAK SEC 4A","Real","$656,860","$656,860"
"R475726","R-17-W345-304A-B015-0008","MITCHELL, JEFFREY PAUL & APRIL","1508 MERGANSER LN  CEDAR PARK, TX 78613-4077","1508 MERGANSER LN, CEDAR PARK, TX  78613","S9139 - SILVER OAK SEC 4A, BLOCK B, Lot 15","L526504D"," ","S9139 - SILVER OAK SEC 4A","Real","$744,204","$744,204"
"R475727","R-17-W345-304A-B016-0008","SEALS, ANDREW T & AIVY","1600 MERGANSER LN  CEDER PARK, TX 78613","1600 MERGANSER LN, CEDAR PARK, TX  78613","S9139 - SILVER OAK SEC 4A, BLOCK B, Lot 16","L526504D"," ","S9139 - SILVER OAK SEC 4A","Real","$620,103","$620,103"
"R475728","R-17-W345-304A-B017-0008","FENG, DANIEL Z","7109 BAREFOOT CV AUSTIN, TX 78730-1524","1602 MERGANSER LN, CEDAR PARK, TX  78613","S9139 - SILVER OAK SEC 4A, BLOCK B, Lot 17","L526504D"," ","S9139 - SILVER OAK SEC 4A","Real","$471,135","$471,135"
"R475729","R-17-W345-304A-C010-0008","BRIAN FRANK VEALE & GAYATHRI SWAMINATHAN VEALE TRS BGA LIVING TRUST","401 BUFFLEHEAD LN  CEDAR PARK, TX 78613","401 BUFFLEHEAD LN, CEDAR PARK, TX  78613","S9139 - SILVER OAK SEC 4A, BLOCK C, Lot 10","L526504D"," ","S9139 - SILVER OAK SEC 4A","Real","$518,791","$518,791"
"R475730","R-17-W345-304A-C011-0008","GOGULSKI, DAVID H & KIMBERLY A","403 BUFFLEHEAD LN CEDAR PARK, TX 78613-4134","403 BUFFLEHEAD LN, CEDAR PARK, TX  78613","S9139 - SILVER OAK SEC 4A, BLOCK C, Lot 11","L526504D"," ","S9139 - SILVER OAK SEC 4A","Real","$671,568","$671,568"
"R475731","R-17-W345-304A-C012-0008","CANADY, MARK & STEPHANIE BELLUOMINI","405 BUFFLEHEAD LN  CEDAR PARK, TX 78613","405 BUFFLEHEAD LN, CEDAR PARK, TX  78613","S9139 - SILVER OAK SEC 4A, BLOCK C, Lot 12","L526504D"," ","S9139 - SILVER OAK SEC 4A","Real","$645,953","$645,953"
"R475732","R-17-W345-304A-C013-0008","SOON, YOUNG H & OK H HAN","407 BUFFLEHEAD LN  CEDAR PARK, TX 78613","407 BUFFLEHEAD LN, CEDAR PARK, TX  78613","S9139 - SILVER OAK SEC 4A, BLOCK C, Lot 13","L526504D"," ","S9139 - SILVER OAK SEC 4A","Real","$763,188","$763,188"
"R475733","R-17-W345-304A-C014-0008","VENKATACHALAM, ARAVIND & JANANI BALAMURUGAN SUGANTHI","409 BUFFLEHEAD LN  CEDAR PARK, TX 78613","409 BUFFLEHEAD LN, CEDAR PARK, TX  78613","S9139 - SILVER OAK SEC 4A, BLOCK C, Lot 14","L526504D"," ","S9139 - SILVER OAK SEC 4A","Real","$704,166","$704,166"
"R475734","R-17-W345-304A-C015-0008","KISNER, TIMOTHY A & SYLVIA A","501 BUFFLEHEAD LN  CEDAR PARK, TX 78613","501 BUFFLEHEAD LN, CEDAR PARK, TX  78613","S9139 - SILVER OAK SEC 4A, BLOCK C, Lot 15","L526504D"," ","S9139 - SILVER OAK SEC 4A","Real","$658,803","$658,803"
"R475735","R-17-W345-304A-C016-0008","COOK, MARK","503 BUFFLEHEAD LN  CEDAR PARK, TX 78613","503 BUFFLEHEAD LN, CEDAR PARK, TX  78613","S9139 - SILVER OAK SEC 4A, BLOCK C, Lot 16","L526504D"," ","S9139 - SILVER OAK SEC 4A","Real","$519,677","$519,677"
"R475736","R-17-W345-304A-C017-0008","CHOW, ANITA","239 CYRUS MILTON DR  BUDA, TX 78610-4029","505 BUFFLEHEAD LN, CEDAR PARK, TX  78613","S9139 - SILVER OAK SEC 4A, BLOCK C, Lot 17","L526504D"," ","S9139 - SILVER OAK SEC 4A","Real","$517,495","$517,495"
"R475737","R-17-W345-304A-C018-0008","WIECHMAN, MICHAEL S & RACHEL E","507 BUFFLEHEAD LN  CEDAR PARK, TX 78613-4074","507 BUFFLEHEAD LN, CEDAR PARK, TX  78613","S9139 - SILVER OAK SEC 4A, BLOCK C, Lot 18","L526504D"," ","S9139 - SILVER OAK SEC 4A","Real","$736,575","$736,575"
"R475738","R-17-W345-304A-D005-0008","RIVERA, NORMAN VINCENT PAUL & KRISTIN CUMMINGS KLINE","506 BUFFLEHEAD LN  CEDAR PARK, TX 78613-4074","506 BUFFLEHEAD LN, CEDAR PARK, TX  78613","S9139 - SILVER OAK SEC 4A, BLOCK D, Lot 5","L526504D"," ","S9139 - SILVER OAK SEC 4A","Real","$642,581","$642,581"
"R475739","R-17-W345-304A-D006-0008","CHUN, EDWARD (TOD) & SUKYONG (TOD)","504 BUFFLEHEAD LN  CEDAR PARK, TX 78613-4074","504 BUFFLEHEAD LN, CEDAR PARK, TX  78613","S9139 - SILVER OAK SEC 4A, BLOCK D, Lot 6","L526504D"," ","S9139 - SILVER OAK SEC 4A","Real","$583,021","$583,021"
"R475740","R-17-W345-304A-D007-0008","RAO, SHREESHA & SOUGANDHIKA","502 BUFFLEHEAD LN  CEDAR PARK, TX 78613","502 BUFFLEHEAD LN, CEDAR PARK, TX  78613","S9139 - SILVER OAK SEC 4A, BLOCK D, Lot 7","L526504D"," ","S9139 - SILVER OAK SEC 4A","Real","$624,698","$624,698"
"R475741","R-17-W345-304A-D008-0008","LIU, WEN-KUANG & RONG TANG","500 BUFFLEHEAD LN  CEDAR PARK, TX 78613","500 BUFFLEHEAD LN, CEDAR PARK, TX  78613","S9139 - SILVER OAK SEC 4A, BLOCK D, Lot 8","L526504D"," ","S9139 - SILVER OAK SEC 4A","Real","$567,118","$567,118"
"R475742","R-17-W345-304A-D009-0008","PEREZ, ANNETTE M (TOD) & EDUARDO A SOLIS (TOD)","408 BUFFLEHEAD LN  CEDAR PARK, TX 78613","408 BUFFLEHEAD LN, CEDAR PARK, TX  78613","S9139 - SILVER OAK SEC 4A, BLOCK D, Lot 9","L526504D"," ","S9139 - SILVER OAK SEC 4A","Real","$663,557","$663,557"
"R475743","R-17-W345-304A-D010-0008","RITCHIE, PATRICK","406 BUFFLEHEAD LN  CEDAR PARK, TX 78613","406 BUFFLEHEAD LN, CEDAR PARK, TX  78613","S9139 - SILVER OAK SEC 4A, BLOCK D, Lot 10","L526504D"," ","S9139 - SILVER OAK SEC 4A","Real","$736,214","$736,214"
"R475744","R-17-W345-304A-D011-0008","CAUSEY, CYNTHIA","404 BUFFLEHEAD LN  CEDAR PARK, TX 78613","404 BUFFLEHEAD LN, CEDAR PARK, TX  78613","S9139 - SILVER OAK SEC 4A, BLOCK D, Lot 11","L526504D"," ","S9139 - SILVER OAK SEC 4A","Real","$642,733","$642,733"
"R475745","R-17-W345-304A-D012-0008","EMILIO STEPHEN MARTINEZ & HEATHER GABBERT MARTINEZ OF E&H MARTINEZ LIVING TRUST","402 BUFFLEHEAD LN  CEDAR PARK, TX 78613-4134","402 BUFFLEHEAD LN, CEDAR PARK, TX  78613","S9139 - SILVER OAK SEC 4A, BLOCK D, Lot 12","L526504D"," ","S9139 - SILVER OAK SEC 4A","Real","$672,982","$672,982"
"R475746","R-17-W345-304A-D013-0008","NGUYEN, CARIE & VICTOR VUONG","400 BUFFLEHEAD LN  CEDAR PARK, TX 78613","400 BUFFLEHEAD LN, CEDAR PARK, TX  78613","S9139 - SILVER OAK SEC 4A, BLOCK D, Lot 13","L526504D"," ","S9139 - SILVER OAK SEC 4A","Real","$641,098","$641,098"
"R475747","R-17-W345-304A-D014-0008","LAWLIS, SUMMER L (TOD)","401 S GADWALL LN  CEDAR PARK, TX 78613-4135","401 S GADWALL LN, CEDAR PARK, TX  78613","S9139 - SILVER OAK SEC 4A, BLOCK D, Lot 14","L526504D"," ","S9139 - SILVER OAK SEC 4A","Real","$761,448","$761,448"
"R475748","R-17-W345-304A-D015-0008","DE LA GARZA, EDUARDO","3917 COLE VALLEY LN ROUND ROCK, TX 78681-2401","403 S GADWALL LN, CEDAR PARK, TX  78613","S9139 - SILVER OAK SEC 4A, BLOCK D, Lot 15","L526504D"," ","S9139 - SILVER OAK SEC 4A","Real","$693,717","$693,717"
"R475749","R-17-W345-304A-D016-0008","BRENT VOTRUBA TR OF THE VOTRUBA REVOCABLE TRUST","405 S GADWALL LN  CEDAR PARK, TX 78613-4135","405 S GADWALL LN, CEDAR PARK, TX  78613","S9139 - SILVER OAK SEC 4A, BLOCK D, Lot 16","L526504D"," ","S9139 - SILVER OAK SEC 4A","Real","$627,011","$627,011"
"R475750","R-17-W345-304A-D017-0008","PIETRZAK, JON WESLEY & HEATHER DAWN","407 S GADWALL LN CEDAR PARK, TX 78613-4135","407 S GADWALL LN, CEDAR PARK, TX  78613","S9139 - SILVER OAK SEC 4A, BLOCK D, Lot 17","L526504D"," ","S9139 - SILVER OAK SEC 4A","Real","$635,052","$635,052"
"R475751","R-17-W345-304A-D018-0008","ALI, AZHAR & CAITLIN DAVIS","409 S GADWALL LN  CEDAR PARK, TX 78613","409 S GADWALL LN, CEDAR PARK, TX  78613","S9139 - SILVER OAK SEC 4A, BLOCK D, Lot 18","L526504D"," ","S9139 - SILVER OAK SEC 4A","Real","$559,965","$559,965"
"R475752","R-17-W345-304A-D019-0008","ZUREL, AVRAHAM & SIGAL","501 S GADWALL LN  CEDAR PARK, TX 78613","501 S GADWALL LN, CEDAR PARK, TX  78613","S9139 - SILVER OAK SEC 4A, BLOCK D, Lot 19","L526504D"," ","S9139 - SILVER OAK SEC 4A","Real","$673,912","$673,912"
"R475753","R-17-W345-304A-D020-0008","ROJAS, MARTIN & SONIA G","503 S GADWALL LN CEDAR PARK, TX 78613-4139","503 S GADWALL LN, CEDAR PARK, TX  78613","S9139 - SILVER OAK SEC 4A, BLOCK D, Lot 20","L526504D"," ","S9139 - SILVER OAK SEC 4A","Real","$530,762","$530,762"
"R475754","R-17-W345-304A-D021-0008","GREATA, BRIAN RUSSELL & LAURA ELISE","505 GADWALL LN  CEDAR PARK, TX 78613","505 S GADWALL LN, CEDAR PARK, TX  78613","S9139 - SILVER OAK SEC 4A, BLOCK D, Lot 21","L526504D"," ","S9139 - SILVER OAK SEC 4A","Real","$678,187","$678,187"
"R475755","R-17-W345-304A-D022-0008","VORTMAN, MOTI & SHOSHAN","507 S GADWALL LN  CEDAR PARK, TX 78613","507 S GADWALL LN, CEDAR PARK, TX  78613","S9139 - SILVER OAK SEC 4A, BLOCK D, Lot 22","L526504D"," ","S9139 - SILVER OAK SEC 4A","Real","$581,668","$581,668"
"R475756","R-17-W345-304A-D023-0008","SINGH, HIMANI & ARUN","509 S GADWALL LN  CEDAR PARK, TX 78613","509 S GADWALL LN, CEDAR PARK, TX  78613","S9139 - SILVER OAK SEC 4A, BLOCK D, Lot 23","L526504D"," ","S9139 - SILVER OAK SEC 4A","Real","$722,323","$722,323"
"R475757","R-17-W345-304A-D024-0008","GANGATIRKAR, KETAN & JESSICA DAVEY","601 S GADWALL LN  CEDAR PARK, TX 78613","601 S GADWALL LN, CEDAR PARK, TX  78613","S9139 - SILVER OAK SEC 4A, BLOCK D, Lot 24","L526504D"," ","S9139 - SILVER OAK SEC 4A","Real","$695,156","$695,156"
"R475758","R-17-W345-304A-D025-0008","NEAL, MATTHEW S & EMILY C","603 GADWALL LN  CEDAR PARK, TX 78613","603 S GADWALL LN, CEDAR PARK, TX  78613","S9139 - SILVER OAK SEC 4A, BLOCK D, Lot 25","L526504D"," ","S9139 - SILVER OAK SEC 4A","Real","$684,074","$684,074"
"R475759","R-17-W345-304A-D026-0008","THORNOCK, JOSHUA","605 S GADWALL LN  CEDAR PARK, TX 78613-4140","605 S GADWALL LN, CEDAR PARK, TX  78613","S9139 - SILVER OAK SEC 4A, BLOCK D, Lot 26","L526504D"," ","S9139 - SILVER OAK SEC 4A","Real","$680,588","$680,588"
"R475760","R-17-W345-304A-E001-0008","ALEXANDER CORBIN GREGG & BECKY CARROLL GREGG TRS GREGG FAMILY LIVING TRUST","604 S GADWALL LN  CEDAR PARK, TX 78613-4140","604 S GADWALL LN, CEDAR PARK, TX  78613","S9139 - SILVER OAK SEC 4A, BLOCK E, Lot 1","L526504D"," ","S9139 - SILVER OAK SEC 4A","Real","$718,543","$718,543"
"R475761","R-17-W345-304A-E002-0008","DECHERT, TIFFANY L & DAVID A ZAVALETA","602 S GADWALL LN  CEDAR PARK, TX 78613","602 S GADWALL LN, CEDAR PARK, TX  78613","S9139 - SILVER OAK SEC 4A, BLOCK E, Lot 2","L526504D"," ","S9139 - SILVER OAK SEC 4A","Real","$703,792","$703,792"
"R475762","R-17-W345-304A-E003-0008","KHUBAIB, KHUBAIB & SANA JABBAR","600 S GADWALL LN  CEDAR PARK, TX 78613","600 S GADWALL LN, CEDAR PARK, TX  78613","S9139 - SILVER OAK SEC 4A, BLOCK E, Lot 3","L526504D"," ","S9139 - SILVER OAK SEC 4A","Real","$700,068","$700,068"
"R475763","R-17-W345-304A-E004-0008","COREY DANIEL BALKO & SHELLEY LYNN BALKO TRS BALKO FAMILY LIVING TRUST","508 S GADWALL LN  CEDAR PARK, TX 78613-4139","508 S GADWALL LN, CEDAR PARK, TX  78613","S9139 - SILVER OAK SEC 4A, BLOCK E, Lot 4","L526504D"," ","S9139 - SILVER OAK SEC 4A","Real","$657,892","$657,892"
"R475764","R-17-W345-304A-E005-0008","LEAR, JEFFREY CALVIN & JENNIFER KRISTINE","506 S GADWALL LN  CEDAR PARK, TX 78613","506 S GADWALL LN, CEDAR PARK, TX  78613","S9139 - SILVER OAK SEC 4A, BLOCK E, Lot 5","L526504D"," ","S9139 - SILVER OAK SEC 4A","Real","$652,131","$652,131"
"R475765","R-17-W345-304A-E006-0008","DURAN, JONATHAN","504 S GADWALL LN  CEDAR PARK, TX 78613","504 S GADWALL LN, CEDAR PARK, TX  78613","S9139 - SILVER OAK SEC 4A, BLOCK E, Lot 6","L526504D"," ","S9139 - SILVER OAK SEC 4A","Real","$641,940","$641,940"
"R475766","R-17-W345-304A-E007-0008","COOKE, CLEOPHAS R & CHIKAKO HIRAYAMA COOKE","502 S GADWALL LN  CEDAR PARK, TX 78613","502 S GADWALL LN, CEDAR PARK, TX  78613","S9139 - SILVER OAK SEC 4A, BLOCK E, Lot 7","L526504D"," ","S9139 - SILVER OAK SEC 4A","Real","$641,181","$641,181"
"R475767","R-17-W345-304A-E008-0008","DAVISON, VAN DAVID (TOD) & CHRISTY MONTGOMERY BOWEN (TOD)","500 S GADWELL LN  CEDAR PARK, TX 78613-4139","500 S GADWALL LN, CEDAR PARK, TX  78613","S9139 - SILVER OAK SEC 4A, BLOCK E, Lot 8","L526504D"," ","S9139 - SILVER OAK SEC 4A","Real","$706,154","$706,954"
"R475768","R-17-W345-304A-E009-0008","DADASHAZAR, ARASH & ANNETTE LAM","408 S GADWALL LN  CEDAR PARK, TX 78613","408 S GADWALL LN, CEDAR PARK, TX  78613","S9139 - SILVER OAK SEC 4A, BLOCK E, Lot 9","L526504D"," ","S9139 - SILVER OAK SEC 4A","Real","$671,630","$671,630"
"R475769","R-17-W345-304A-E010-0008","BEESON, JOHN D & STEPHANIE R","1905 KENMARE DR CARMEL, IN 46074-6159","406 S GADWALL LN, CEDAR PARK, TX  78613","S9139 - SILVER OAK SEC 4A, BLOCK E, Lot 10","L526504D"," ","S9139 - SILVER OAK SEC 4A","Real","$626,697","$626,697"
"R475770","R-17-W345-304A-E011-0008","NIMJE, ANSHUL K & SUJATA T ZANZAD","404 S GADWALL LN  CEDAR PARK, TX 78613","404 S GADWALL LN, CEDAR PARK, TX  78613","S9139 - SILVER OAK SEC 4A, BLOCK E, Lot 11","L526504D"," ","S9139 - SILVER OAK SEC 4A","Real","$661,486","$661,486"
"R475771","R-17-W345-304A-E012-0008","CROWN, NICHOLAS J & STEPHANIE N","402 S GADWALL LN CEDAR PARK, TX 78613-4135","402 S GADWALL LN, CEDAR PARK, TX  78613","S9139 - SILVER OAK SEC 4A, BLOCK E, Lot 12","L526504D"," ","S9139 - SILVER OAK SEC 4A","Real","$685,159","$685,159"
"R475772","R-17-W345-304A-E013-0008","HERNANDEZ, BENNIE B JR & TAMARA A","400 S GADWALL LN  CEDAR PARK, TX 78613","400 S GADWALL LN, CEDAR PARK, TX  78613","S9139 - SILVER OAK SEC 4A, BLOCK E, Lot 13","L526504D"," ","S9139 - SILVER OAK SEC 4A","Real","$509,744","$509,744"
"R475773","R-17-W345-304A-F002-0008","FILIPPELLI, DIEGO & SHANNON","1503 FLYWAY LN  CEDAR PARK, TX 78613","1503 FLYWAY LN, CEDAR PARK, TX  78613","S9139 - SILVER OAK SEC 4A, BLOCK F, Lot 2","L526504D"," ","S9139 - SILVER OAK SEC 4A","Real","$647,481","$647,481"
"R475774","R-17-W345-304A-F003-0008","SKRABANEK, MATTHEW & LINDSAY","1505 FLYWAY LN  CEDAR PARK, TX 78613","1505 FLYWAY LN, CEDAR PARK, TX  78613","S9139 - SILVER OAK SEC 4A, BLOCK F, Lot 3","L526504D"," ","S9139 - SILVER OAK SEC 4A","Real","$687,162","$687,162"
"R475775","R-17-W345-304A-F004-0008","GONZALEZ, JOSE D & RACHEL J","1507 FLYWAY LN  CEDAR PARK, TX 78613","1507 FLYWAY LN, CEDAR PARK, TX  78613","S9139 - SILVER OAK SEC 4A, BLOCK F, Lot 4","L526504D"," ","S9139 - SILVER OAK SEC 4A","Real","$631,302","$631,302"
"R475776","R-17-W345-304A-F005-0008","KANDAVELU, KUMARAN (TOD) & ARATHI VITTAL (TOD)","1509 FLYWAY LN  CEDAR PARK, TX 78613-4089","1509 FLYWAY LN, CEDAR PARK, TX  78613","S9139 - SILVER OAK SEC 4A, BLOCK F, Lot 5","L526504D"," ","S9139 - SILVER OAK SEC 4A","Real","$510,572","$510,572"
"R475777","R-17-W345-304A-F006-0008","EDWARD IRA KURTZER & DEEANN LUCILLE KURTZER TRS KURTZER LIVING TRUST","1511 FLYWAY LN  CEDAR PARK, TX 78613-4089","1511 FLYWAY LN, CEDAR PARK, TX  78613","S9139 - SILVER OAK SEC 4A, BLOCK F, Lot 6","L526504D"," ","S9139 - SILVER OAK SEC 4A","Real","$624,004","$624,004"
"R475778","R-17-W345-304A-F007-0008","HOOH FAMILY REVOCABLE TRUST","1513 FLYWAY LN  CEDAR PARK, TX 78613-4089","1513 FLYWAY LN, CEDAR PARK, TX  78613","S9139 - SILVER OAK SEC 4A, BLOCK F, Lot 7","L526504D"," ","S9139 - SILVER OAK SEC 4A","Real","$702,910","$702,910"
"R475779","R-17-W345-304A-F008-0008","FOLLOWAY, JACKIE LEE JR & JENNY LEE","1515 FLYWAY LN  CEDAR PARK, TX 78613","1515 FLYWAY LN, CEDAR PARK, TX  78613","S9139 - SILVER OAK SEC 4A, BLOCK F, Lot 8","L526504D"," ","S9139 - SILVER OAK SEC 4A","Real","$707,813","$707,813"
"R475780","R-17-W345-304A-G015-0008","WEIL, REAGAN E & SARAH M","308 S GADWALL LN  CEDAR PARK, TX 78613","308 S GADWALL LN, CEDAR PARK, TX  78613","S9139 - SILVER OAK SEC 4A, BLOCK G, Lot 15","L526504D"," ","S9139 - SILVER OAK SEC 4A","Real","$685,156","$685,156"
"R475781","R-17-W345-304A-G016-0008","REHMAN, SHAFATH AHMED & SAIMA","306 S GADWALL LN  CEDAR PARK, TX 78613","306 S GADWALL LN, CEDAR PARK, TX  78613","S9139 - SILVER OAK SEC 4A, BLOCK G, Lot 16","L526504D"," ","S9139 - SILVER OAK SEC 4A","Real","$693,587","$693,587"
"R475788","R-17-W345-304B-B018-0008","ROBINSON, RODNEY T & LACHELLE LEE","1604 MERGANSER LN  CEDAR PARK, TX 78613","1604 MERGANSER LN, CEDAR PARK, TX  78613","S9138 - SILVER OAK SEC 4B, BLOCK B, Lot 18","L526504D"," ","S9138 - SILVER OAK SEC 4B","Real","$695,193","$704,322"
"R475789","R-17-W345-304B-B019-0008","KEANEY, TIMOTHY (TOD) & DEBRA (TOD)","1606 MERGANSER LN  CEDAR PARK, TX 78613","1606 MERGANSER LN, CEDAR PARK, TX  78613","S9138 - SILVER OAK SEC 4B, BLOCK B, Lot 19","L526504D"," ","S9138 - SILVER OAK SEC 4B","Real","$696,704","$696,704"
"R475790","R-17-W345-304B-B020-0008","SHENOY, GANESH N & DEEPA G","33155 FALCON DR  FREMONT, CA 94555-1125","1608 MERGANSER LN, CEDAR PARK, TX  78613","S9138 - SILVER OAK SEC 4B, BLOCK B, Lot 20","L526504D"," ","S9138 - SILVER OAK SEC 4B","Real","$562,346","$562,346"
"R475791","R-17-W345-304B-B021-0008","SCHNEIDER, KURT O & CHRISTINE T","608 KING EIDER LN  CEDAR PARK, TX 78613","608 KING EIDER LN, CEDAR PARK, TX  78613","S9138 - SILVER OAK SEC 4B, BLOCK B, Lot 21","L526504D"," ","S9138 - SILVER OAK SEC 4B","Real","$686,974","$686,974"
"R475792","R-17-W345-304B-B022-0008","MENHDIRATTA, ROHAN & SONAL JAIN","606 KING EIDER LN  CEDAR PARK, TX 78613-4141","606 KING EIDER LN, CEDAR PARK, TX  78613","S9138 - SILVER OAK SEC 4B, BLOCK B, Lot 22","L526504D"," ","S9138 - SILVER OAK SEC 4B","Real","$706,873","$706,873"
"R475793","R-17-W345-304B-B023-0008","PARKER, TARA A & SCOTT S JR","604 KING EIDER LN  CEDAR PARK, TX 78613","604 KING EIDER LN, CEDAR PARK, TX  78613","S9138 - SILVER OAK SEC 4B, BLOCK B, Lot 23","L526504D"," ","S9138 - SILVER OAK SEC 4B","Real","$633,099","$633,099"
"R475794","R-17-W345-304B-B024-0008","MAHANES, MICHAEL D & GELSEY W","602 KING EIDER LN  CEDAR PARK, TX 78613-4141","602 KING EIDER LN, CEDAR PARK, TX  78613","S9138 - SILVER OAK SEC 4B, BLOCK B, Lot 24","L526504D"," ","S9138 - SILVER OAK SEC 4B","Real","$622,219","$622,219"
"R475795","R-17-W345-304B-B025-0008","DOUGLAS KENT ALEONG & ANITA LYNN ALEONG CO-TRS OF THE ALEONG LIVING TRUST","600 KING EIDER LN  CEDAR PARK, TX 78613-4141","600 KING EIDER LN, CEDAR PARK, TX  78613","S9138 - SILVER OAK SEC 4B, BLOCK B, Lot 25","L526504D"," ","S9138 - SILVER OAK SEC 4B","Real","$713,263","$713,263"
"R475796","R-17-W345-304B-B026-0008","CALVO, SHALOM & CRISTINA","510 KING EIDER LN  CEDAR PARK, TX 78613-4138","510 KING EIDER LN, CEDAR PARK, TX  78613","S9138 - SILVER OAK SEC 4B, BLOCK B, Lot 26","L526504D"," ","S9138 - SILVER OAK SEC 4B","Real","$719,012","$719,012"
"R475797","R-17-W345-304B-B027-0008","LOPEZ, LEONARDO R & SARA A","508 KING EIDER LN  CEDAR PARK, TX 78613","508 KING EIDER LN, CEDAR PARK, TX  78613","S9138 - SILVER OAK SEC 4B, BLOCK B, Lot 27","L526504D"," ","S9138 - SILVER OAK SEC 4B","Real","$679,188","$679,188"
"R475798","R-17-W345-304B-B028-0008","ACKEL, DAVID PAUL & AMANDA HEARD","506 KING EIDER LN CEDAR PARK, TX 78613-4138","506 KING EIDER LN, CEDAR PARK, TX  78613","S9138 - SILVER OAK SEC 4B, BLOCK B, Lot 28","L526504D"," ","S9138 - SILVER OAK SEC 4B","Real","$755,881","$755,881"
"R475799","R-17-W345-304B-B029-0008","HAGEDORN, MICHAEL & STEPHANIE","504 KING EIDER LN  CEDAR PARK, TX 78613","504 KING EIDER LN, CEDAR PARK, TX  78613","S9138 - SILVER OAK SEC 4B, BLOCK B, Lot 29","L526504D"," ","S9138 - SILVER OAK SEC 4B","Real","$743,491","$743,491"
"R475800","R-17-W345-304B-B030-0008","SHAW, CASEY & MISTY","502 KING EIDER LN  CEDAR PARK, TX 78613","502 KING EIDER LN, CEDAR PARK, TX  78613","S9138 - SILVER OAK SEC 4B, BLOCK B, Lot 30","L526504D"," ","S9138 - SILVER OAK SEC 4B","Real","$659,929","$659,929"
"R475801","R-17-W345-304B-B031-0008","YU, CRYSTAL BINGRAN","500 KING ELDER LN  CEDAR PARK, TX 78613","500 KING EIDER LN, CEDAR PARK, TX  78613","S9138 - SILVER OAK SEC 4B, BLOCK B, Lot 31","L526504D"," ","S9138 - SILVER OAK SEC 4B","Real","$469,210","$469,210"
"R475802","R-17-W345-304B-E014-0008","LOUT, JAMES P","401 KING EIDER LN CEDAR PARK, TX 78613-4137","401 KING EIDER LN, CEDAR PARK, TX  78613","S9138 - SILVER OAK SEC 4B, BLOCK E, Lot 14","L526504D"," ","S9138 - SILVER OAK SEC 4B","Real","$617,639","$617,639"
"R475803","R-17-W345-304B-E015-0008","FRIEDRICH, WARREN CHARLES & GEORGIA CAROL","403 KING EIDER LN  CEDAR PARK, TX 78613","403 KING EIDER LN, CEDAR PARK, TX  78613","S9138 - SILVER OAK SEC 4B, BLOCK E, Lot 15","L526504D"," ","S9138 - SILVER OAK SEC 4B","Real","$490,491","$490,491"
"R475804","R-17-W345-304B-E016-0008","MEJIA, JARROD C & JENNIFER L","405 KING EIDER LN  CEDAR PARK, TX 78613","405 KING EIDER LN, CEDAR PARK, TX  78613","S9138 - SILVER OAK SEC 4B, BLOCK E, Lot 16","L526504D"," ","S9138 - SILVER OAK SEC 4B","Real","$615,016","$615,016"
"R475805","R-17-W345-304B-E017-0008","KATHRYN BURROW (JTWROS) & STEPHANIE VICTORIAN (JTWROS)","407 KING EIDER LN  CEDAR PARK, TX 78613","407 KING EIDER LN, CEDAR PARK, TX  78613","S9138 - SILVER OAK SEC 4B, BLOCK E, Lot 17","L526504D"," ","S9138 - SILVER OAK SEC 4B","Real","$642,989","$642,989"
"R475806","R-17-W345-304B-E018-0008","YENNA, SATHISH KUMAR","4028 LOGAN RIDGE DR  CEDAR PARK, TX 78613-2063","501 KING EIDER LN, CEDAR PARK, TX  78613","S9138 - SILVER OAK SEC 4B, BLOCK E, Lot 18","L526504D"," ","S9138 - SILVER OAK SEC 4B","Real","$481,992","$481,992"
"R475807","R-17-W345-304B-E019-0008","HOFFMAN, CHRISTOPHER W & CHRISTINE J","503 KING EIDER LN  CEDAR PARK, TX 78613","503 KING EIDER LN, CEDAR PARK, TX  78613","S9138 - SILVER OAK SEC 4B, BLOCK E, Lot 19","L526504D"," ","S9138 - SILVER OAK SEC 4B","Real","$610,480","$610,480"
"R475808","R-17-W345-304B-E020-0008","HAMMEL, KRISTINA G & JON-MICHAEL","505 KING EIDER LN CEDAR PARK, TX 78613-4138","505 KING EIDER LN, CEDAR PARK, TX  78613","S9138 - SILVER OAK SEC 4B, BLOCK E, Lot 20","L526504D"," ","S9138 - SILVER OAK SEC 4B","Real","$685,751","$685,751"
"R475809","R-17-W345-304B-E021-0008","GAWAI, VISHAL MADHAO (TOD) & TANUJA AVINASH DEO (TOD)","800 FOLSOM CV  ROUND ROCK, TX 78681","507 KING EIDER LN, CEDAR PARK, TX  78613","S9138 - SILVER OAK SEC 4B, BLOCK E, Lot 21","L526504D"," ","S9138 - SILVER OAK SEC 4B","Real","$478,191","$478,191"
"R475810","R-17-W345-304B-E022-0008","WILLMANN, JAMES LESLIE & AUTUMN","509 KING EIDER LN  CEDAR PARK, TX 78613","509 KING EIDER LN, CEDAR PARK, TX  78613","S9138 - SILVER OAK SEC 4B, BLOCK E, Lot 22","L526504D"," ","S9138 - SILVER OAK SEC 4B","Real","$528,073","$528,073"
"R475811","R-17-W345-304B-E023-0008","JOHN, JARAMILLO & JARAMILLO UNKI KIM","333 TIGRIS RD  RIO RANCHO, NM 87124","511 KING EIDER LN, CEDAR PARK, TX  78613","S9138 - SILVER OAK SEC 4B, BLOCK E, Lot 23","L526504D"," ","S9138 - SILVER OAK SEC 4B","Real","$472,941","$472,941"
"R475812","R-17-W345-304B-E024-0008","PIPER, RONALD & HOPE","601 KING EIDER LN  CEDAR PARK, TX 78613-4141","601 KING EIDER LN, CEDAR PARK, TX  78613","S9138 - SILVER OAK SEC 4B, BLOCK E, Lot 24","L526504D"," ","S9138 - SILVER OAK SEC 4B","Real","$735,657","$735,657"
"R475813","R-17-W345-304B-E025-0008","CRABTREE, SUSAN R","603 KING EIDER LN  CEDAR PARK, TX 78613","603 KING EIDER LN, CEDAR PARK, TX  78613","S9138 - SILVER OAK SEC 4B, BLOCK E, Lot 25","L526504D"," ","S9138 - SILVER OAK SEC 4B","Real","$698,587","$698,587"
"R475814","R-17-W345-304B-G001-0008","WILLIS JR, KENNETH S","406 KING EIDER LN  CEDAR PARK, TX 78613-4137","406 KING EIDER LN, CEDAR PARK, TX  78613","S9138 - SILVER OAK SEC 4B, BLOCK G, Lot 1","L526504D"," ","S9138 - SILVER OAK SEC 4B","Real","$513,586","$513,586"
"R475815","R-17-W345-304B-G002-0008","HICKERSON, BRYAN G","404 KING EIDER LN  CEDAR PARK, TX 78613","404 KING EIDER LN, CEDAR PARK, TX  78613","S9138 - SILVER OAK SEC 4B, BLOCK G, Lot 2","L526504D"," ","S9138 - SILVER OAK SEC 4B","Real","$646,729","$646,729"
"R475816","R-17-W345-304B-G003-0008","YI, KHIN HTWE (TOD)","402 KING EIDER LN  CEDAR PARK, TX 78613","402 KING EIDER LN, CEDAR PARK, TX  78613","S9138 - SILVER OAK SEC 4B, BLOCK G, Lot 3","L526504D"," ","S9138 - SILVER OAK SEC 4B","Real","$464,620","$464,620"
"R475817","R-17-W345-304B-G004-0008","MILLER, JANIS","400 KING EIDER LN  CEDAR PARK, TX 78613","400 KING EIDER LN, CEDAR PARK, TX  78613","S9138 - SILVER OAK SEC 4B, BLOCK G, Lot 4","L526504D"," ","S9138 - SILVER OAK SEC 4B","Real","$488,429","$488,429"
"R475818","R-17-W345-304B-G005-0008","DERIDDER, ADAM","310 KING EIDER LN CEDAR PARK, TX 78613-4136","310 KING EIDER LN, CEDAR PARK, TX  78613","S9138 - SILVER OAK SEC 4B, BLOCK G, Lot 5","L526504D"," ","S9138 - SILVER OAK SEC 4B","Real","$586,852","$586,852"
"R475819","R-17-W345-304B-G006-0008","MCCLELLAND, GREGORY J & KATHLEEN J","308 KING EIDER LN  CEDAR PARK, TX 78613","308 KING EIDER LN, CEDAR PARK, TX  78613","S9138 - SILVER OAK SEC 4B, BLOCK G, Lot 6","L526504D"," ","S9138 - SILVER OAK SEC 4B","Real","$632,354","$632,354"
"R475820","R-17-W345-304B-G007-0008","NELSON, KATHRYN BURNS","306 KING EIDER LN  CEDAR PARK, TX 78613-4136","306 KING EIDER LN, CEDAR PARK, TX  78613","S9138 - SILVER OAK SEC 4B, BLOCK G, Lot 7","L526504D"," ","S9138 - SILVER OAK SEC 4B","Real","$639,732","$639,732"
"R475821","R-17-W345-304B-G008-0008","GEIGER, JAMES W III & MELISSA","304 KING EIDER LN CEDAR PARK, TX 78613-4136","304 KING EIDER LN, CEDAR PARK, TX  78613","S9138 - SILVER OAK SEC 4B, BLOCK G, Lot 8","L526504D"," ","S9138 - SILVER OAK SEC 4B","Real","$512,219","$512,219"
"R475822","R-17-W345-304B-G009-0008","MILLER, PAUL & APRIL","302 KING EIDER LN  CEDAR PARK, TX 78613","302 KING EIDER LN, CEDAR PARK, TX  78613","S9138 - SILVER OAK SEC 4B, BLOCK G, Lot 9","L526504D"," ","S9138 - SILVER OAK SEC 4B","Real","$696,085","$696,085"
"R475823","R-17-W345-304B-G010-0008","WILKERSON, PATANA & CHERYL HARLOW (TOD)","300 KING EIDER LN  CEDAR PARK, TX 78613","300 KING EIDER LN, CEDAR PARK, TX  78613","S9138 - SILVER OAK SEC 4B, BLOCK G, Lot 10","L526504D"," ","S9138 - SILVER OAK SEC 4B","Real","$642,355","$642,355"
"R475824","R-17-W345-304B-G011-0008","PRYOR, JEFF R & LARA M","301 KING EIDER LN CEDAR PARK, TX 78613-4136","301 KING EIDER LN, CEDAR PARK, TX  78613","S9138 - SILVER OAK SEC 4B, BLOCK G, Lot 11","L526504D"," ","S9138 - SILVER OAK SEC 4B","Real","$691,150","$691,150"
"R475825","R-17-W345-304B-G012-0008","PARK, JUNG HWAN","303 KING EIDER LN  CEDAR PARK, TX 78613","303 KING EIDER LN, CEDAR PARK, TX  78613","S9138 - SILVER OAK SEC 4B, BLOCK G, Lot 12","L526504D"," ","S9138 - SILVER OAK SEC 4B","Real","$645,623","$645,623"
"R475826","R-17-W345-304B-G013-0008","MEDINA, LEONARD B Jr & LISA MARIE","305 KING EIDER LN  CEDAR PARK, TX 78613-4136","305 KING EIDER LN, CEDAR PARK, TX  78613","S9138 - SILVER OAK SEC 4B, BLOCK G, Lot 13","L526504D"," ","S9138 - SILVER OAK SEC 4B","Real","$509,959","$509,959"
"R475827","R-17-W345-304B-E026-0008","SIMONSON ERIC & TERESA M TRUSTEE SIMONSON LIVING TRUST","605 KING EIDER LN CEDAR PARK, TX 78613-4141","605 KING EIDER LN, CEDAR PARK, TX  78613","S9138 - SILVER OAK SEC 4B, BLOCK E, Lot 26","L526504D"," ","S9138 - SILVER OAK SEC 4B","Real","$525,593","$525,593"
"R475828","R-17-W345-304B-G014-0008","PYTEREK, MICHAEL C & PENNIE","307 KING EIDER LN CEDAR PARK, TX 78613-4136","307 KING EIDER LN, CEDAR PARK, TX  78613","S9138 - SILVER OAK SEC 4B, BLOCK G, Lot 14","L526504D"," ","S9138 - SILVER OAK SEC 4B","Real","$625,374","$625,374"
