"PROPERTY ID","ACCOUNT","OWNER NAME","OWNER ADDRESS","SITUS ADDRESS","LEGAL DESCRIPTION","NEIGHBORHOOD CODE","ABSTRACT","SUBDIVISION","PROPERTY TYPE","2026 ASSESSED VALUE","2026 MARKET VALUE"
"R538007","R-17-W339-5053-I007","RAPOLE, RAVIKIRANREDDY & KANDALA HARINI","3716 ARVEL DR  LEANDER, TX 78641","3716 ARVEL DR, LEANDER, TX  78641","S10878 - PECAN CREEK PH 3, BLOCK I, Lot 7","L497517B"," ","S10878 - PECAN CREEK PH 3","Real","$700,470","$700,470"
"R609017","17-W440-02-000A-0011","SAMAKAGARI, VISHNU VARDHAN REDDY & TEJASREE SETTIPALLE","2620 LOST WOODS BND  LEANDER, TX 78641","2620 LOST WOODS BND, LEANDER, TX  78641","S12524 - LOST WOODS PRESERVE PH 2, BLOCK A, Lot 11, ACRES 0.179","L497517B"," ","S12524 - LOST WOODS PRESERVE PH 2","Real","$644,660","$644,660"
"R609019","17-W440-02-000A-0013","VAMSI KRISHNA GUNTUPALLI & VASUDHA KODALI LIVING TRUST","313 RIETI PKWY  LIBERTY HILL, TX 78642-2308","3924 MINERAL DR, LEANDER, TX  78641","S12524 - LOST WOODS PRESERVE PH 2, BLOCK A, Lot 13, ACRES 0.177","L497517B"," ","S12524 - LOST WOODS PRESERVE PH 2","Real","$660,807","$660,807"
"R609058","17-W440-02-000C-0014","SHAH, MEHUL SUDHIRKUMAR (TOD) & NIYATI (TOD)","4024 PINE CONE WAY  LEANDER, TX 78641-5251","4024 PINE CONE WAY, LEANDER, TX  78641","S12524 - LOST WOODS PRESERVE PH 2, BLOCK C, Lot 14, ACRES 0.183","L497517B"," ","S12524 - LOST WOODS PRESERVE PH 2","Real","$585,586","$589,891"
"R609083","17-W440-02-000D-0023","KIM, KANDIS KATHLEEN & JOHN CHRISTOPHER","3941 PINE CONE WAY  LEANDER, TX 78641","3941 PINE CONE WAY, LEANDER, TX  78641","S12524 - LOST WOODS PRESERVE PH 2, BLOCK D, Lot 23, ACRES 0.143","L497517B"," ","S12524 - LOST WOODS PRESERVE PH 2","Real","$571,519","$591,222"
"R609094","17-W440-02-000F-0006","MANIEZHILAN SHANMUGAM & ANIETHA PALANISWAMY COTRS AMA REVOCABLE LIVING TRUST","2512 STEEL TIMBER TRL  LEANDER, TX 78641-5228","2512 STEEL TIMBER TRL, LEANDER, TX  78641","S12524 - LOST WOODS PRESERVE PH 2, BLOCK F, Lot 6, ACRES 0.144","L497517B"," ","S12524 - LOST WOODS PRESERVE PH 2","Real","$599,734","$599,734"
"R557756","R-17-W339-5055-J033","PECAN CREEK (LEANDER) HOA","Attn: SPECTRUM ASSOCIATION MGT 17319 SAN PEDRO AVE STE 318 SAN ANTONIO, TX 78232-1443","2708 STEECE WAY, LEANDER, TX  78641","S11436 - PECAN CREEK PH 5, BLOCK J, Lot 33, ACRES 3.564, (OPEN SPACE, DRAINAGE EASEMENT)","L497517B"," ","S11436 - PECAN CREEK PH 5","Real","$1,069","$1,069"
"R557765","R-17-W339-5055-M007","MUDDASANI, MAYUR REDDY","2725 STEECE WAY  LEANDER, TX 78641","2725 STEECE WAY, LEANDER, TX  78641","S11436 - PECAN CREEK PH 5, BLOCK M, Lot 7, ACRES 0.202","L497517B"," ","S11436 - PECAN CREEK PH 5","Real","$725,018","$725,018"
"R557788","R-17-W339-5055-N020","KONERU, RAMAN KUMAR & PALLAVI APPANENI","2708 HUDSON LN  LEANDER, TX 78641","2708 HUDSON LN, LEANDER, TX  78641","S11436 - PECAN CREEK PH 5, BLOCK N, Lot 20, ACRES 0.276","L497517B"," ","S11436 - PECAN CREEK PH 5","Real","$563,128","$563,128"
"R557790","R-17-W339-5055-N022","CHEN, LARRY & NICOLE","3400 CORTINA LN  ROUND ROCK, TX 78681","2700 HUDSON LN, LEANDER, TX  78641","S11436 - PECAN CREEK PH 5, BLOCK N, Lot 22, ACRES 0.18","L497517B"," ","S11436 - PECAN CREEK PH 5","Real","$546,787","$546,787"
"R628670","R-17-W440-030D-0001","TRIPATHI, KULDEEP & RANJANA","3916 ALTUS FALLS WAY  LEANDER, TX 78641","3916 ALTUS FALLS WAY, LEANDER, TX  78641","S12916 - LOST WOODS PRESERVE PH 3, BLOCK D, Lot 1","L497517B"," ","S12916 - LOST WOODS PRESERVE PH 3","Real","$646,831","$646,831"
"R628697","R-17-W440-030E-0015","YEH, CHIA-TSEN & WEN-CHEN TAI","4017 ALTUS FALLS WAY  LEANDER, TX 78641","4017 ALTUS FALLS WAY, LEANDER, TX  78641","S12916 - LOST WOODS PRESERVE PH 3, BLOCK E, Lot 15","L497517B"," ","S12916 - LOST WOODS PRESERVE PH 3","Real","$630,843","$630,843"
"R628727","R-17-W440-030K-0008","KUMAR, SATHISH KUMAR & SINDHU PRABHAKARAN","2301 SERENE PL  LEANDER, TX 78641-5515","2301 SERENE PL, LEANDER, TX  78641","S12916 - LOST WOODS PRESERVE PH 3, BLOCK K, Lot 8","L497517B"," ","S12916 - LOST WOODS PRESERVE PH 3","Real","$632,834","$632,834"
"R628731","R-17-W440-030K-0012","KAKKAD, PUJAN SHAILESH","2316 SERENE PL  LEANDER, TX 78641-5515","2316 SERENE PL, LEANDER, TX  78641","S12916 - LOST WOODS PRESERVE PH 3, BLOCK K, Lot 12","L497517B"," ","S12916 - LOST WOODS PRESERVE PH 3","Real","$659,503","$659,503"
"R522808","R-17-W339-505B-0003","KO, LEEA","2305 MILLBROOK LOOP  LEANDER, TX 78641-1510","2305 MILLBROOK LOOP, LEANDER, TX  78641","S10477 - PECAN CREEK PH 1, BLOCK B, Lot 3","L497517B"," ","S10477 - PECAN CREEK PH 1","Real","$702,912","$702,912"
"R522810","R-17-W339-505B-0005","MAHESANIYA, AZIZBHAI & KISMATBEN A","2313 MILLBROOK LOOP  LEANDER, TX 78641","2313 MILLBROOK LOOP, LEANDER, TX  78641","S10477 - PECAN CREEK PH 1, BLOCK B, Lot 5","L497517B"," ","S10477 - PECAN CREEK PH 1","Real","$722,092","$722,092"
"R522835","R-17-W339-505B-0030","MYERS, LINDA DIANE (TOD)","2453 MILLBROOK LOOP  LEANDER, TX 78641","2453 MILLBROOK LOOP, LEANDER, TX  78641","S10477 - PECAN CREEK PH 1, BLOCK B, Lot 30","L497517B"," ","S10477 - PECAN CREEK PH 1","Real","$489,548","$489,548"
"R533386","R-17-W339-5052-A012","PECAN CREEK (LEANDER) HOA","Attn: SPECTRUM ASSOCIATION MGT 17319 SAN PEDRO AVE STE 318 SAN ANTONIO, TX 78232-1443","JOURNEY PKWY, LEANDER, TX  78641","S10766 - PECAN CREEK PH 2, BLOCK A, Lot 12, ACRES 0.796, (OPEN SPACE)","L497517B"," ","S10766 - PECAN CREEK PH 2","Real","$300","$300"
"R533393","R-17-W339-5052-D007","LIAO, WEI-PO & PEI-SHAN YUAN","3817 JULIAN LN  LEANDER, TX 78641","3817 JULIAN LN, LEANDER, TX  78641","S10766 - PECAN CREEK PH 2, BLOCK D, Lot 7","L497517B"," ","S10766 - PECAN CREEK PH 2","Real","$546,581","$546,581"
"R533395","R-17-W339-5052-D009","FLETCHER, RYAN","3809 JULIAN LN  LEANDER, TX 78641","3809 JULIAN LN, LEANDER, TX  78641","S10766 - PECAN CREEK PH 2, BLOCK D, Lot 9","L497517B"," ","S10766 - PECAN CREEK PH 2","Real","$629,754","$629,754"
"R546580","R-17-W339-5054-G003","GONA, NIKHIL & VYSHNAVI R NARALA","2416 ECHO PARK DR  LEANDER, TX 78641","2416 ECHO PARK DR, LEANDER, TX  78641","S11136 - PECAN CREEK PH 4, BLOCK G, Lot 3, ACRES 0.187","L497517B"," ","S11136 - PECAN CREEK PH 4","Real","$550,616","$550,616"
"R557750","R-17-W339-5055-J027","CONTRERAS, MELISSA & JORGE CONTRERAS-LOPEZ","2737 HUDSON LN  LEANDER, TX 78641","2737 HUDSON LN, LEANDER, TX  78641","S11436 - PECAN CREEK PH 5, BLOCK J, Lot 27, ACRES 0.165","L497517B"," ","S11436 - PECAN CREEK PH 5","Real","$737,682","$737,682"
"R592876","R-17-W440-010A-0036","VELUSAMY, KANNAN NALLUR & SHOBANA NATESAN","2633 ROARING RIVER TRL  LEANDER, TX 78641","2633 ROARING RIVER TRL, LEANDER, TX  78641","S12248 - LOST WOODS PRESERVE PH 1, BLOCK A, Lot 36","L497517B"," ","S12248 - LOST WOODS PRESERVE PH 1","Real","$704,426","$704,426"
"R592883","R-17-W440-010A-0043","RADHA KRISHNA BHUVAN RAJ KUMAR TUMMALA & SUNITHA GIDUTURI","2608 ROARING RIVER TRL  LEANDER, TX 78641","2608 ROARING RIVER TRL, LEANDER, TX  78641","S12248 - LOST WOODS PRESERVE PH 1, BLOCK A, Lot 43","L497517B"," ","S12248 - LOST WOODS PRESERVE PH 1","Real","$640,328","$640,328"
"R592908","R-17-W440-010G-0001","SHARMA, DIKSHA & DEEPAK KUMAR","2532 ROARING RIVER TRL  LEANDER, TX 78641","2532 ROARING RIVER TRL, LEANDER, TX  78641","S12248 - LOST WOODS PRESERVE PH 1, BLOCK G, Lot 1","L497517B"," ","S12248 - LOST WOODS PRESERVE PH 1","Real","$501,404","$501,404"
"R592915","R-17-W440-010G-0008","SHAIK, NAZEER BASHA & SHAMRIN","3348 WALKALOOSA WAY LEANDER, TX 78641-4757","2504 ROARING RIVER TRL, LEANDER, TX  78641","S12248 - LOST WOODS PRESERVE PH 1, BLOCK G, Lot 8","L497517B"," ","S12248 - LOST WOODS PRESERVE PH 1","Real","$594,667","$594,667"
"R592940","R-17-W440-010J-0002","LOST WOODS PRESERVE RESIDENTIAL COMMUNITY INC","PO BOX 421150 MINNEAPOLIS, MN 55442-0150","2329 LOST WOODS BND, LEANDER, TX  78641","S12248 - LOST WOODS PRESERVE PH 1, BLOCK J, Lot 2, ACRES 2.8017, (PARKLAND)","L497517B"," ","S12248 - LOST WOODS PRESERVE PH 1","Real","$841","$841"
"R609030","17-W440-02-000A-0024","PATEL, TARACHAND & DEEPIKA","4016 MINERAL DR  LEANDER, TX 78641","4016 MINERAL DR, LEANDER, TX  78641","S12524 - LOST WOODS PRESERVE PH 2, BLOCK A, Lot 24, ACRES 0.287","L497517B"," ","S12524 - LOST WOODS PRESERVE PH 2","Real","$617,712","$617,712"
"R609064","17-W440-02-000C-0020","MITTAL, KARAN & JYOTI","4017 MINERAL DR  LEANDER, TX 78641","4017 MINERAL DR, LEANDER, TX  78641","S12524 - LOST WOODS PRESERVE PH 2, BLOCK C, Lot 20, ACRES 0.143","L497517B"," ","S12524 - LOST WOODS PRESERVE PH 2","Real","$563,626","$563,626"
"R609079","17-W440-02-000D-0019","KUMAR, VIJAY","4013 PINE CONE WAY  LEANDER, TX 78641","4013 PINE CONE WAY, LEANDER, TX  78641","S12524 - LOST WOODS PRESERVE PH 2, BLOCK D, Lot 19, ACRES 0.143","L497517B"," ","S12524 - LOST WOODS PRESERVE PH 2","Real","$645,855","$645,855"
"R522812","R-17-W339-505B-0007","DASI, SREEDHAR (TOD) & SOUJANYA POOLA (TOD)","2321 MILLBROOK LOOP  LEANDER, TX 78641","2321 MILLBROOK LOOP, LEANDER, TX  78641","S10477 - PECAN CREEK PH 1, BLOCK B, Lot 7","L497517B"," ","S10477 - PECAN CREEK PH 1","Real","$665,729","$665,729"
"R522814","R-17-W339-505B-0009","YENUMULA, NARENDAR REDDY & HIMA B POREDDY","2329 MILLBROOK LOOP  LEANDER, TX 78641","2329 MILLBROOK LOOP, LEANDER, TX  78641","S10477 - PECAN CREEK PH 1, BLOCK B, Lot 9","L497517B"," ","S10477 - PECAN CREEK PH 1","Real","$734,304","$734,304"
"R522821","R-17-W339-505B-0016","MARVIN, KEVIN & ERINI","2357 MILLBROOK LOOP  LEANDER, TX 78641","2357 MILLBROOK LOOP, LEANDER, TX  78641","S10477 - PECAN CREEK PH 1, BLOCK B, Lot 16","L497517B"," ","S10477 - PECAN CREEK PH 1","Real","$683,454","$683,454"
"R522840","R-17-W339-505B-0035","PECAN CREEK (LEANDER) HOA","Attn: SPECTRUM ASSOCIATION MGT 17319 SAN PEDRO AVE STE 318 SAN ANTONIO, TX 78232-1443","2473 MILLBROOK LOOP, LEANDER, TX  78641","S10477 - PECAN CREEK PH 1, BLOCK B, Lot 35, ACRES 0.105, (LANDSCAPE)","L497517B"," ","S10477 - PECAN CREEK PH 1","Real","$300","$300"
"R522846","R-17-W339-505C-0006","REDDY, SHAILESH S & KANCHAN U YENGAL","2324 MILLBROOK LOOP  LEANDER, TX 78641","2324 MILLBROOK LOOP, LEANDER, TX  78641","S10477 - PECAN CREEK PH 1, BLOCK C, Lot 6","L497517B"," ","S10477 - PECAN CREEK PH 1","Real","$667,444","$667,444"
"R522848","R-17-W339-505C-0008","MANGAL, MAYANK & SNEHAL VIJAY BOGAR","2336 MILLBROOK LOOP  LEANDER, TX 78641","2336 MILLBROOK LOOP, LEANDER, TX  78641","S10477 - PECAN CREEK PH 1, BLOCK C, Lot 8","L497517B"," ","S10477 - PECAN CREEK PH 1","Real","$585,376","$585,376"
"R522853","R-17-W339-505C-0013","BERNARDO, CRAIG MICHAEL","3617 MILLBROOK CV  LEANDER, TX 78641-1530","3617 MILLBROOK CV, LEANDER, TX  78641","S10477 - PECAN CREEK PH 1, BLOCK C, Lot 13","L497517B"," ","S10477 - PECAN CREEK PH 1","Real","$468,678","$468,678"
"R522865","R-17-W339-505C-0025","MASILAMANI, SAMPATH MANI PALANI & ROSEMARY VARGHESE","16417 DONOHER DR  AUSTIN, TX 78717-4204","2416 MILLBROOK LOOP, LEANDER, TX  78641","S10477 - PECAN CREEK PH 1, BLOCK C, Lot 25","L497517B"," ","S10477 - PECAN CREEK PH 1","Real","$542,693","$542,693"
"R533384","R-17-W339-5052-A010","PATEL, JANAK & FORAM","3805 CARYA DR  LEANDER, TX 78641-3224","3805 CARYA DR, LEANDER, TX  78641","S10766 - PECAN CREEK PH 2, BLOCK A, Lot 10","L497517B"," ","S10766 - PECAN CREEK PH 2","Real","$608,431","$608,431"
"R533390","R-17-W339-5052-D004","SHYAM SUNDER REDDY GUDI & SADWINI PALLE OF SGSP FAMILY REVOCABLE TRUST","1900 EQUINE RD  LEANDER, TX 78641-4754","3804 CARYA DR, LEANDER, TX  78641","S10766 - PECAN CREEK PH 2, BLOCK D, Lot 4","L497517B"," ","S10766 - PECAN CREEK PH 2","Real","$706,084","$706,084"
"R533399","R-17-W339-5052-D013","SUNDARESAN KODISVARAN & SANKARI D ARUMUGAM TRUSTEE OF SARASWATHI TRUST","331 BOOTHBAY AVE  FOSTER CITY, CA 94404-3511","3725 JULIAN LN, LEANDER, TX  78641","S10766 - PECAN CREEK PH 2, BLOCK D, Lot 13","L497517B"," ","S10766 - PECAN CREEK PH 2","Real","$467,005","$467,005"
"R533408","R-17-W339-5052-E007","SIDDIQUI, KASHIF N & SADAF K","2328 ECHO PARK DR  LEANDER, TX 78641","2328 ECHO PARK DR, LEANDER, TX  78641","S10766 - PECAN CREEK PH 2, BLOCK E, Lot 7","L497517B"," ","S10766 - PECAN CREEK PH 2","Real","$730,881","$730,881"
"R537994","R-17-W339-5053-H003","KONDA, RAJA J & BHAGYA L PULEKAR","2608 PECAN CREEK DR  LEANDER, TX 78641","2608 PECAN CREEK DR, LEANDER, TX  78641","S10878 - PECAN CREEK PH 3, BLOCK H, Lot 3","L497517B"," ","S10878 - PECAN CREEK PH 3","Real","$656,250","$656,250"
"R537997","R-17-W339-5053-H006","RAHIM, RAHIM & FNU AYESHA","2544 PECAN CREEK DR  LEANDER, TX 78641","2544 PECAN CREEK DR, LEANDER, TX  78641","S10878 - PECAN CREEK PH 3, BLOCK H, Lot 6","L497517B"," ","S10878 - PECAN CREEK PH 3","Real","$712,786","$712,786"
"R538012","R-17-W339-5053-I012","SANVIDIRA LLC","12055 CAROL LN  SARATOGA, CA 95070","3709 MINERAL DR, LEANDER, TX  78641","S10878 - PECAN CREEK PH 3, BLOCK I, Lot 12","L497517B"," ","S10878 - PECAN CREEK PH 3","Real","$479,226","$479,226"
"R538044","R-17-W339-5053-L003","PAPILY, RAGHU KISHORE & CHANDRIKA ALLA","2625 STEECE WAY  LEANDER, TX 78641","2625 STEECE WAY, LEANDER, TX  78641","S10878 - PECAN CREEK PH 3, BLOCK L, Lot 3","L497517B"," ","S10878 - PECAN CREEK PH 3","Real","$581,440","$581,440"
"R546608","R-17-W339-5054-H015","AU, WALTER Y (RS) & HELENA XIAOHUA (RS)","2609 HUDSON LN  LEANDER, TX 78641-3496","2609 HUDSON LN, LEANDER, TX  78641","S11136 - PECAN CREEK PH 4, BLOCK H, Lot 15, ACRES 0.193","L497517B"," ","S11136 - PECAN CREEK PH 4","Real","$619,668","$619,668"
"R557760","R-17-W339-5055-M002","KUNDURU, SUDHIR KUMAR REDDY & JOSPHINA POTHIREDDY","2701 STEECE WAY  LEANDER, TX 78641","2701 STEECE WAY, LEANDER, TX  78641","S11436 - PECAN CREEK PH 5, BLOCK M, Lot 2, ACRES 0.193","L497517B"," ","S11436 - PECAN CREEK PH 5","Real","$675,649","$675,649"
"R592872","R-17-W440-010A-0032","KOMMINENI, BHARGAVA & TEJASWI YERRA","2617 ROARING RIVER TRL  LEANDER, TX 78641","2617 ROARING RIVER TRL, LEANDER, TX  78641","S12248 - LOST WOODS PRESERVE PH 1, BLOCK A, Lot 32","L497517B"," ","S12248 - LOST WOODS PRESERVE PH 1","Real","$611,982","$611,982"
"R592881","R-17-W440-010A-0041","GUTHA, NARESH & MOUNIKA","2616 ROARING RIVER TRL  LEANDER, TX 78641","2616 ROARING RIVER TRL, LEANDER, TX  78641","S12248 - LOST WOODS PRESERVE PH 1, BLOCK A, Lot 41","L497517B"," ","S12248 - LOST WOODS PRESERVE PH 1","Real","$621,757","$621,757"
"R592894","R-17-W440-010F-0022","ABHISHEK GUPTA & JYOTI KESARWANI CO-TRUSTEES OF THE GUPTA-KESARWANI LIVING TRUST","2421 ROARING RIVER TRL  LEANDER, TX 78641","2421 ROARING RIVER TRL, LEANDER, TX  78641","S12248 - LOST WOODS PRESERVE PH 1, BLOCK F, Lot 22","L497517B"," ","S12248 - LOST WOODS PRESERVE PH 1","Real","$653,713","$653,713"
"R592906","R-17-W440-010F-0034","HARISHKUMAR A JAIN & NEHA H JAIN CO TR OF THE JAIN FAMILY LIVING TRUST","2529 ROARING RIVER TRL  LEANDER, TX 78641","2529 ROARING RIVER TRL, LEANDER, TX  78641","S12248 - LOST WOODS PRESERVE PH 1, BLOCK F, Lot 34","L497517B"," ","S12248 - LOST WOODS PRESERVE PH 1","Real","$657,546","$657,546"
"R609020","17-W440-02-000A-0014","MANNEM, SANDEEP REDDY & SRAVANTHI KATTEKOLA","3928 MINERAL DR  LEANDER, TX 78641","3928 MINERAL DR, LEANDER, TX  78641","S12524 - LOST WOODS PRESERVE PH 2, BLOCK A, Lot 14, ACRES 0.204","L497517B"," ","S12524 - LOST WOODS PRESERVE PH 2","Real","$646,408","$646,408"
"R609023","17-W440-02-000A-0017","SIRIGIRI, HARITHA DEVI & ANIL KODAVATIKANTI","2625 ROARING RIVER CV  LEANDER, TX 78641","2625 ROARING RIVER CV, LEANDER, TX  78641","S12524 - LOST WOODS PRESERVE PH 2, BLOCK A, Lot 17, ACRES 0.223","L497517B"," ","S12524 - LOST WOODS PRESERVE PH 2","Real","$632,766","$632,766"
"R609038","17-W440-02-000B-0003","MURALIDHARA, PRABHANJAN SOSALE & RANJITHA SURYA PRASAD","2601 LOST WOODS BND  LEANDER, TX 78641","2601 LOST WOODS BND, LEANDER, TX  78641","S12524 - LOST WOODS PRESERVE PH 2, BLOCK B, Lot 3, ACRES 0.138","L497517B"," ","S12524 - LOST WOODS PRESERVE PH 2","Real","$656,066","$656,066"
"R609087","17-W440-02-000D-0027","VIJAYAKUMAR, DINESH & PURNIMA TAMILARASAN","3921 PINE CONE WAY  LEANDER, TX 78641","3921 PINE CONE WAY, LEANDER, TX  78641","S12524 - LOST WOODS PRESERVE PH 2, BLOCK D, Lot 27, ACRES 0.161","L497517B"," ","S12524 - LOST WOODS PRESERVE PH 2","Real","$644,462","$644,462"
"R628665","R-17-W440-030B-0012","BORUDE, RAMDAS (TOD) & MRUNAL (TOD)","2453 LOST WOODS BND  LEANDER, TX 78641-5519","2453 LOST WOODS BND, LEANDER, TX  78641","S12916 - LOST WOODS PRESERVE PH 3, BLOCK B, Lot 12","L497517B"," ","S12916 - LOST WOODS PRESERVE PH 3","Real","$542,047","$542,047"
"R628666","R-17-W440-030B-0013","ANUMANDLA, SUNIL KUMAR REDDY & SRILAXMI","2449 LOST WOODS BND  LEANDER, TX 78641-5519","2449 LOST WOODS BND, LEANDER, TX  78641","S12916 - LOST WOODS PRESERVE PH 3, BLOCK B, Lot 13","L497517B"," ","S12916 - LOST WOODS PRESERVE PH 3","Real","$641,716","$641,716"
"R628674","R-17-W440-030D-0005","KRISHNAPPA, ARUNA & PAVITHRA BALE VENKATARAMANAIAH","3932 ALTUS FALLS WAY  LEANDER, TX 78641","3932 ALTUS FALLS WAY, LEANDER, TX  78641","S12916 - LOST WOODS PRESERVE PH 3, BLOCK D, Lot 5","L497517B"," ","S12916 - LOST WOODS PRESERVE PH 3","Real","$589,088","$589,088"
"R628693","R-17-W440-030E-0010","CHANG, YEN HOCK","2340 LOST WOODS BND  LEANDER, TX 78641","2340 LOST WOODS BND, LEANDER, TX  78641","S12916 - LOST WOODS PRESERVE PH 3, BLOCK E, Lot 10","L497517B"," ","S12916 - LOST WOODS PRESERVE PH 3","Real","$516,762","$516,762"
"R628710","R-17-W440-030F-0010","KARTHIK BALASURYA FAMILY REVOCABLE LIVING TRUST","2436 STEEL TIMBER TRL  LEANDER, TX 78641-0009","2436 STEEL TIMBER TRL, LEANDER, TX  78641","S12916 - LOST WOODS PRESERVE PH 3, BLOCK F, Lot 10","L497517B"," ","S12916 - LOST WOODS PRESERVE PH 3","Real","$638,211","$638,211"
"R628733","R-17-W440-030K-0014","MALEMANE, ARUN KUMAR VEDSE & PRIYANKA GANESH JALISATGI","3941 JULIAN LN  LEANDER, TX 78641-5514","3941 JULIAN LN, LEANDER, TX  78641","S12916 - LOST WOODS PRESERVE PH 3, BLOCK K, Lot 14","L497517B"," ","S12916 - LOST WOODS PRESERVE PH 3","Real","$669,487","$669,487"
"R522807","R-17-W339-505B-0002","MARTINEZ, ZEUS MATEO & MARIA GONZALEZ","2301 MILLBROOK LOOP  LEANDER, TX 78641","2301 MILLBROOK LOOP, LEANDER, TX  78641","S10477 - PECAN CREEK PH 1, BLOCK B, Lot 2","L497517B"," ","S10477 - PECAN CREEK PH 1","Real","$536,930","$536,930"
"R522811","R-17-W339-505B-0006","NANTHAN, VINOD & SHRAVANI SIRIVOORU","2317 MILLBROOK LOOP  LEANDER, TX 78641","2317 MILLBROOK LOOP, LEANDER, TX  78641","S10477 - PECAN CREEK PH 1, BLOCK B, Lot 6","L497517B"," ","S10477 - PECAN CREEK PH 1","Real","$587,120","$587,120"
"R522815","R-17-W339-505B-0010","LEE, PAULINE","2333 MILLBROOK LOOP  LEANDER, TX 78641","2333 MILLBROOK LOOP, LEANDER, TX  78641","S10477 - PECAN CREEK PH 1, BLOCK B, Lot 10","L497517B"," ","S10477 - PECAN CREEK PH 1","Real","$592,543","$592,543"
"R522826","R-17-W339-505B-0021","AITHABATHULA, GOPALA KRISHNA","2417 MILLBROOK LOOP  LEANDER, TX 78641","2417 MILLBROOK LOOP, LEANDER, TX  78641","S10477 - PECAN CREEK PH 1, BLOCK B, Lot 21","L497517B"," ","S10477 - PECAN CREEK PH 1","Real","$720,177","$720,177"
"R522830","R-17-W339-505B-0025","DO, HUY (TOD) & VIVIAN TROUNG (TOD)","2433 MILLBROOK LOOP  LEANDER, TX 78641-1515","2433 MILLBROOK LOOP, LEANDER, TX  78641","S10477 - PECAN CREEK PH 1, BLOCK B, Lot 25","L497517B"," ","S10477 - PECAN CREEK PH 1","Real","$484,859","$484,859"
"R522836","R-17-W339-505B-0031","CAMPBELL, FRANCES R","2457 MILLBROOK LOOP  LEANDER, TX 78641-1515","2457 MILLBROOK LOOP, LEANDER, TX  78641","S10477 - PECAN CREEK PH 1, BLOCK B, Lot 31","L497517B"," ","S10477 - PECAN CREEK PH 1","Real","$491,342","$491,342"
"R522843","R-17-W339-505C-0003","KAMAT, AMEYA R & RADHIKA A","2304 MILLBROOK LOOP  LEANDER, TX 78641","2304 MILLBROOK LOOP, LEANDER, TX  78641","S10477 - PECAN CREEK PH 1, BLOCK C, Lot 3","L497517B"," ","S10477 - PECAN CREEK PH 1","Real","$546,083","$546,083"
"R522845","R-17-W339-505C-0005","MURKI, SRIKANTH & SABITHA KOMERAVELLI","2316 MILLBROOK LOOP  LEANDER, TX 78641","2316 MILLBROOK LOOP, LEANDER, TX  78641","S10477 - PECAN CREEK PH 1, BLOCK C, Lot 5","L497517B"," ","S10477 - PECAN CREEK PH 1","Real","$737,900","$737,900"
"R522851","R-17-W339-505C-0011","SINDHU KALAKONDA & SUHAS SHANKER PRODDUTURI OF PRODDUTURI & KALAKONDA TRUST","2356 MILLBROOK LOOP  LEANDER, TX 78641-1510","2356 MILLBROOK LOOP, LEANDER, TX  78641","S10477 - PECAN CREEK PH 1, BLOCK C, Lot 11","L497517B"," ","S10477 - PECAN CREEK PH 1","Real","$650,372","$650,372"
"R522861","R-17-W339-505C-0021","MORGAN L COTTEN & JOANNE M COTTEN TRS OF THE MO & JO PROTECTION TRUST","3604 MILLBROOK CV  LEANDER, TX 78641-1530","3604 MILLBROOK CV, LEANDER, TX  78641","S10477 - PECAN CREEK PH 1, BLOCK C, Lot 21","L497517B"," ","S10477 - PECAN CREEK PH 1","Real","$603,527","$603,527"
"R522868","R-17-W339-505C-0028","VINNAKOTA, VENKATA S & REKHA VENNELAGANTI","2204 VITTORIA VW LEANDER, TX 78641-5995","2452 MILLBROOK LOOP, LEANDER, TX  78641","S10477 - PECAN CREEK PH 1, BLOCK C, Lot 28","L497517B"," ","S10477 - PECAN CREEK PH 1","Real","$587,403","$587,403"
"R533377","R-17-W339-5052-A003","BOTLA, GANESH & SIVA LAKSHMI","3709 CARYA DR  LEANDER, TX 78641","3709 CARYA DR, LEANDER, TX  78641","S10766 - PECAN CREEK PH 2, BLOCK A, Lot 3","L497517B"," ","S10766 - PECAN CREEK PH 2","Real","$682,760","$682,760"
"R533383","R-17-W339-5052-A009","GARCIA-LOPEZ, MAYRA & ALEJANDRO JAVIER LOPEZ","3801 CARYA DR  LEANDER, TX 78641","3801 CARYA DR, LEANDER, TX  78641","S10766 - PECAN CREEK PH 2, BLOCK A, Lot 9","L497517B"," ","S10766 - PECAN CREEK PH 2","Real","$628,152","$628,152"
"R533394","R-17-W339-5052-D008","KONOVALOV, ALEXEY & LARISSA","3813 JULIAN LN  LEANDER, TX 78641","3813 JULIAN LN, LEANDER, TX  78641","S10766 - PECAN CREEK PH 2, BLOCK D, Lot 8","L497517B"," ","S10766 - PECAN CREEK PH 2","Real","$464,670","$464,670"
"R533398","R-17-W339-5052-D012","HOPKINS, FRED JR & NATASHA","3729 JULIAN LN  LEANDER, TX 78641","3729 JULIAN LN, LEANDER, TX  78641","S10766 - PECAN CREEK PH 2, BLOCK D, Lot 12","L497517B"," ","S10766 - PECAN CREEK PH 2","Real","$588,929","$588,929"
"R533400","R-17-W339-5052-D014","ALAPATI SUHARSHA & KRISHNA VENI THATIKONDA","3721 JULIAN LN  LEANDER, TX 78641","3721 JULIAN LN, LEANDER, TX  78641","S10766 - PECAN CREEK PH 2, BLOCK D, Lot 14","L497517B"," ","S10766 - PECAN CREEK PH 2","Real","$545,481","$545,481"
"R533411","R-17-W339-5052-F002","VANAM, SAI KIRAN & KEERTHI SEETA","3728 JULIAN LN  LEANDER, TX 78641-3225","3728 JULIAN LN, LEANDER, TX  78641","S10766 - PECAN CREEK PH 2, BLOCK F, Lot 2","L497517B"," ","S10766 - PECAN CREEK PH 2","Real","$480,369","$480,369"
"R533413","R-17-W339-5052-F004","JOHNSON, AMANDA SUE & MELISSA JEAN THRASH","3804 JULIAN LN  LEANDER, TX 78641-3226","3804 JULIAN LN, LEANDER, TX  78641","S10766 - PECAN CREEK PH 2, BLOCK F, Lot 4","L497517B"," ","S10766 - PECAN CREEK PH 2","Real","$628,175","$628,175"
"R533415","R-17-W339-5052-F006","HANIN, ROMAN & KATERYNA HANINA","3812 JULIAN LN  LEANDER, TX 78641","3812 JULIAN LN, LEANDER, TX  78641","S10766 - PECAN CREEK PH 2, BLOCK F, Lot 6","L497517B"," ","S10766 - PECAN CREEK PH 2","Real","$483,082","$483,082"
"R537990","R-17-W339-5053-F014","GUILLORY, GEORGE III & BRANDI","2524 PECAN CREEK DR  LEANDER, TX 78641","2524 PECAN CREEK DR, LEANDER, TX  78641","S10878 - PECAN CREEK PH 3, BLOCK F, Lot 14","L497517B"," ","S10878 - PECAN CREEK PH 3","Real","$598,361","$598,361"
"R538002","R-17-W339-5053-I002","GANJI, NAGA VIJAYA KRISHNA & BALA SUJATHA BITRA","3636 ARVEL DR  LEANDER, TX 78641","3636 ARVEL DR, LEANDER, TX  78641","S10878 - PECAN CREEK PH 3, BLOCK I, Lot 2","L497517B"," ","S10878 - PECAN CREEK PH 3","Real","$645,908","$645,908"
"R538015","R-17-W339-5053-I015","VAN VOORHIS, PATRICK & MARTHA G","3641 MINERAL DR  LEANDER, TX 78641-3278","3641 MINERAL DR, LEANDER, TX  78641","S10878 - PECAN CREEK PH 3, BLOCK I, Lot 15","L497517B"," ","S10878 - PECAN CREEK PH 3","Real","$478,129","$478,129"
"R538021","R-17-W339-5053-J004","VOOTUKURI, AKHIL & PRANITHA DUBBAKA","3700 MINERAL DR  LEANDER, TX 78641","3700 MINERAL DR, LEANDER, TX  78641","S10878 - PECAN CREEK PH 3, BLOCK J, Lot 4","L497517B"," ","S10878 - PECAN CREEK PH 3","Real","$628,410","$628,410"
"R538026","R-17-W339-5053-J009","YANALA, KIRANMAYEE & SUMAN K KONDRAGUNTA","15412 CABRILLO WAY  BEE CAVE, TX 78738-4128","3720 MINERAL DR, LEANDER, TX  78641","S10878 - PECAN CREEK PH 3, BLOCK J, Lot 9","L497517B"," ","S10878 - PECAN CREEK PH 3","Real","$618,266","$618,266"
"R538032","R-17-W339-5053-K003","KANDULA, AJAY KUMAR & SILPA KESANAM","2533 PECAN CREEK DR  LEANDER, TX 78641","2533 PECAN CREEK DR, LEANDER, TX  78641","S10878 - PECAN CREEK PH 3, BLOCK K, Lot 3","L497517B"," ","S10878 - PECAN CREEK PH 3","Real","$680,902","$680,902"
"R538034","R-17-W339-5053-K005","JONES, WILLIAM K & LESLEY","3717 ARVEL DR  LEANDER, TX 78641","3717 ARVEL DR, LEANDER, TX  78641","S10878 - PECAN CREEK PH 3, BLOCK K, Lot 5","L497517B"," ","S10878 - PECAN CREEK PH 3","Real","$590,070","$590,070"
"R538038","R-17-W339-5053-K009","BONDIGA, MURALI K & VISHNU P SANABOYINA","3701 ARVEL DR  LEANDER, TX 78641","3701 ARVEL DR, LEANDER, TX  78641","S10878 - PECAN CREEK PH 3, BLOCK K, Lot 9","L497517B"," ","S10878 - PECAN CREEK PH 3","Real","$587,664","$587,664"
"R546598","R-17-W339-5054-G021","CHAKWA, AKHIL A & FNU A BANU","2620 HUDSON LN  LEANDER, TX 78641","2620 HUDSON LN, LEANDER, TX  78641","S11136 - PECAN CREEK PH 4, BLOCK G, Lot 21, ACRES 0.192","L497517B"," ","S11136 - PECAN CREEK PH 4","Real","$646,050","$646,050"
"R546600","R-17-W339-5054-G023","HANG, TONY (TOD) & LINH TON (TOD)","3813 MINERAL DR  LEANDER, TX 78641-3477","3813 MINERAL DR, LEANDER, TX  78641","S11136 - PECAN CREEK PH 4, BLOCK G, Lot 23, ACRES 0.254","L497517B"," ","S11136 - PECAN CREEK PH 4","Real","$622,831","$622,831"
"R546602","R-17-W339-5054-G025","PECAN CREEK (LEANDER) HOMEOWNERS ASSOCIATION INC","Attn: SPECTRUM ASSOCIATION MGT 17319 SAN PEDRO AVE STE 318 SAN ANTONIO, TX 78232-1443","2412 ECHO PARK DR, LEANDER, TX  78641","S11136 - PECAN CREEK PH 4, BLOCK G, Lot 25, ACRES 1.689, (OPEN SPACE)","L497517B"," ","S11136 - PECAN CREEK PH 4","Real","$507","$507"
"R557738","R-17-W339-5055-J015","MATHANE, SUDHIR G & VYTARANI","2701 HUDSON LN  LEANDER, TX 78641","2701 HUDSON LN, LEANDER, TX  78641","S11436 - PECAN CREEK PH 5, BLOCK J, Lot 15, ACRES 0.189","L497517B"," ","S11436 - PECAN CREEK PH 5","Real","$587,141","$587,141"
"R557740","R-17-W339-5055-J017","KANDULA, ARJUN KUMAR & KALI NAGA TEJASWI BASAVA","2709 HUDSON LN  LEANDER, TX 78641","2709 HUDSON LN, LEANDER, TX  78641","S11436 - PECAN CREEK PH 5, BLOCK J, Lot 17, ACRES 0.254","L497517B"," ","S11436 - PECAN CREEK PH 5","Real","$622,097","$622,097"
"R557747","R-17-W339-5055-J024","ALAPATI, SANGRAM & SANDHYA","2709 URSULA CT  LEANDER, TX 78641","2709 URSULA CT, LEANDER, TX  78641","S11436 - PECAN CREEK PH 5, BLOCK J, Lot 24, ACRES 0.277","L497517B"," ","S11436 - PECAN CREEK PH 5","Real","$742,317","$742,317"
"R557771","R-17-W339-5055-N003","NALLANA, PRAVEEN KUMAR & LAVANYA KILLADA","2756 HUDSON LN  LEANDER, TX 78641","2756 HUDSON LN, LEANDER, TX  78641","S11436 - PECAN CREEK PH 5, BLOCK N, Lot 3, ACRES 0.253","L497517B"," ","S11436 - PECAN CREEK PH 5","Real","$607,965","$607,965"
"R557781","R-17-W339-5055-N013","MURALI KULALA TR JAGANNADAN KULALA REVOCABLE LIVING TRUST","123 CHARLES ST  SOMERSET, NJ 08873-2774","3804 TANGO CT, LEANDER, TX  78641","S11436 - PECAN CREEK PH 5, BLOCK N, Lot 13, ACRES 0.427","L497517B"," ","S11436 - PECAN CREEK PH 5","Real","$735,209","$735,209"
"R557789","R-17-W339-5055-N021","BOMMANA, BHASKAR & PADMAVATHI KARPURAPU","2704 HUDSON LN  LEANDER, TX 78641","2704 HUDSON LN, LEANDER, TX  78641","S11436 - PECAN CREEK PH 5, BLOCK N, Lot 21, ACRES 0.183","L497517B"," ","S11436 - PECAN CREEK PH 5","Real","$708,840","$708,840"
"R592869","R-17-W440-010A-0029","KARNATI, RAVI BABU & HEMALATHA CHUNDURI","2605 ROARING RIVER TRL  LEANDER, TX 78641-4848","2605 ROARING RIVER TRL, LEANDER, TX  78641","S12248 - LOST WOODS PRESERVE PH 1, BLOCK A, Lot 29","L497517B"," ","S12248 - LOST WOODS PRESERVE PH 1","Real","$631,972","$631,972"
"R592886","R-17-W440-010A-0047","LOST WOODS PRESERVE RESIDENTIAL COMMUNITY INC","PO BOX 421150 MINNEAPOLIS, MN 55442-0150","ROARING RIVER TRL, LEANDER, TX  78641","S12248 - LOST WOODS PRESERVE PH 1, BLOCK A, Lot 47, ACRES 0.4435, (OPEN SPACE)","L497517B"," ","S12248 - LOST WOODS PRESERVE PH 1","Real","$300","$300"
"R592905","R-17-W440-010F-0033","NIJALINGAIAH, MOHAN & CHYTHRA MARANAYAKANAHALLY CHANDRASHEKHARAIAH","2525 ROARING RIVER TRL  LEANDER, TX 78641","2525 ROARING RIVER TRL, LEANDER, TX  78641","S12248 - LOST WOODS PRESERVE PH 1, BLOCK F, Lot 33","L497517B"," ","S12248 - LOST WOODS PRESERVE PH 1","Real","$585,759","$585,759"
"R592920","R-17-W440-010G-0013","PALANISWAMY, NIRMAL KUMAR SUNDARAM & ANU ALAPAKKAM SRINIVASA RAGHVAN","2428 ROARING RIVER TRL  LEANDER, TX 78641","2428 ROARING RIVER TRL, LEANDER, TX  78641","S12248 - LOST WOODS PRESERVE PH 1, BLOCK G, Lot 13","L497517B"," ","S12248 - LOST WOODS PRESERVE PH 1","Real","$582,217","$582,217"
"R592922","R-17-W440-010G-0015","SANISETTY, SRIDHAR & AKHILA THOTA","2420 ROARING RIVER TRL  LEANDER, TX 78641","2420 ROARING RIVER TRL, LEANDER, TX  78641","S12248 - LOST WOODS PRESERVE PH 1, BLOCK G, Lot 15","L497517B"," ","S12248 - LOST WOODS PRESERVE PH 1","Real","$642,980","$642,980"
"R592924","R-17-W440-010G-0017","KUMAR, VINOTH KUMAR NANDA & RAMYA PRIYAA MOHAN","117 SHADY SPRING TRL GEORGETOWN, TX 78628-3137","2412 ROARING RIVER TRL, LEANDER, TX  78641","S12248 - LOST WOODS PRESERVE PH 1, BLOCK G, Lot 17","L497517B"," ","S12248 - LOST WOODS PRESERVE PH 1","Real","$533,652","$533,652"
"R592926","R-17-W440-010G-0019","LOST WOODS PRESERVE RESIDENTIAL COMMUNITY INC","PO BOX 421150 MINNEAPOLIS, MN 55442-0150","2234 LOST WOODS BND, LEANDER, TX  78641","S12248 - LOST WOODS PRESERVE PH 1, BLOCK G, Lot 19, ACRES 0.7721, (OPEN SPACE)","L497517B"," ","S12248 - LOST WOODS PRESERVE PH 1","Real","$300","$300"
"R592931","R-17-W440-010H-0005","THAMMISETTI, CHANDRASEKHAR & LAVANYA","2317 ROARING RIVER TRL  LEANDER, TX 78641","2317 ROARING RIVER TRL, LEANDER, TX  78641","S12248 - LOST WOODS PRESERVE PH 1, BLOCK H, Lot 5","L497517B"," ","S12248 - LOST WOODS PRESERVE PH 1","Real","$580,136","$580,136"
"R592933","R-17-W440-010H-0007","DEBAYAN SAHA & ATREYEE DHAR CO TRUSTEES OF THE SAHA FAMILY TRUST","2312 ROARING RIVER TRL  LEANDER, TX 78641","2312 ROARING RIVER TRL, LEANDER, TX  78641","S12248 - LOST WOODS PRESERVE PH 1, BLOCK H, Lot 7","L497517B"," ","S12248 - LOST WOODS PRESERVE PH 1","Real","$658,167","$658,167"
"R609008","17-W440-02-000A-0002","JAMMULA, JAGADEESH & SWAPNA YANAMADALA","2621 LOST WOODS BND  LEANDER, TX 78641","2621 LOST WOODS BND, LEANDER, TX  78641","S12524 - LOST WOODS PRESERVE PH 2, BLOCK A, Lot 2, ACRES 0.165","L497517B"," ","S12524 - LOST WOODS PRESERVE PH 2","Real","$661,830","$661,830"
"R609029","17-W440-02-000A-0023","KADAM, VARSHA & DEEPAK BHIKANRAO GAIKWAD","4008 MINERAL DR  LEANDER, TX 78641","4008 MINERAL DR, LEANDER, TX  78641","S12524 - LOST WOODS PRESERVE PH 2, BLOCK A, Lot 23, ACRES 0.308","L497517B"," ","S12524 - LOST WOODS PRESERVE PH 2","Real","$655,950","$655,950"
"R609033","17-W440-02-000A-0027","GANDLA, RAVI KIRAN & SWATHI","4032 MINERAL DR  LEANDER, TX 78641","4032 MINERAL DR, LEANDER, TX  78641","S12524 - LOST WOODS PRESERVE PH 2, BLOCK A, Lot 27, ACRES 0.238","L497517B"," ","S12524 - LOST WOODS PRESERVE PH 2","Real","$597,594","$597,594"
"R609042","17-W440-02-000B-0007","PRASLA, JAWED & NIMIRA TAJDIN DAUVA","2521 LOST WOODS BND  LEANDER, TX 78641-5230","2521 LOST WOODS BND, LEANDER, TX  78641","S12524 - LOST WOODS PRESERVE PH 2, BLOCK B, Lot 7, ACRES 0.138","L497517B"," ","S12524 - LOST WOODS PRESERVE PH 2","Real","$643,432","$643,432"
"R609046","17-W440-02-000C-0002","KARAMALA, MUNIRATHNAM & TANUJA KUMARI","3920 PINE CONE WAY  LEANDER, TX 78641","3920 PINE CONE WAY, LEANDER, TX  78641","S12524 - LOST WOODS PRESERVE PH 2, BLOCK C, Lot 2, ACRES 0.172","L497517B"," ","S12524 - LOST WOODS PRESERVE PH 2","Real","$618,651","$618,651"
"R609052","17-W440-02-000C-0008","CHAKKA, SIVA SAI PRASANNA & ANURADHA PABBATHI","4000 PINE CONE WAY  LEANDER, TX 78641","4000 PINE CONE WAY, LEANDER, TX  78641","S12524 - LOST WOODS PRESERVE PH 2, BLOCK C, Lot 8, ACRES 0.138","L497517B"," ","S12524 - LOST WOODS PRESERVE PH 2","Real","$618,679","$618,679"
"R609069","17-W440-02-000C-0025","BHANDARI JAIBUNISHA & ASIF MANASIYA & ZAINUBIYA BHANDARI","3941 MINERAL DR  LEANDER, TX 78641","3941 MINERAL DR, LEANDER, TX  78641","S12524 - LOST WOODS PRESERVE PH 2, BLOCK C, Lot 25, ACRES 0.143","L497517B"," ","S12524 - LOST WOODS PRESERVE PH 2","Real","$513,114","$513,114"
"R609076","17-W440-02-000D-0016","PANT, HEM RAJ & MRIDULA LEKHAK","4025 PINE CONE WAY  LEANDER, TX 78641","4025 PINE CONE WAY, LEANDER, TX  78641","S12524 - LOST WOODS PRESERVE PH 2, BLOCK D, Lot 16, ACRES 0.143","L497517B"," ","S12524 - LOST WOODS PRESERVE PH 2","Real","$611,238","$611,238"
"R609077","17-W440-02-000D-0017","DOGUPARTHI, HANUMAN PRASAD & DIVYA KALWA","4021 PINE CONE WAY  LEANDER, TX 78641","4021 PINE CONE WAY, LEANDER, TX  78641","S12524 - LOST WOODS PRESERVE PH 2, BLOCK D, Lot 17, ACRES 0.143","L497517B"," ","S12524 - LOST WOODS PRESERVE PH 2","Real","$648,984","$658,047"
"R609078","17-W440-02-000D-0018","KIM, CHUNGHYUN & BORAM RYU","4017 PINE COVE WAY  LEANDER, TX 78641","4017 PINE CONE WAY, LEANDER, TX  78641","S12524 - LOST WOODS PRESERVE PH 2, BLOCK D, Lot 18, ACRES 0.143","L497517B"," ","S12524 - LOST WOODS PRESERVE PH 2","Real","$587,584","$587,584"
"R609080","17-W440-02-000D-0020","MKSM FAMILY REVOCABLE TRUST","4009 PINE CONE WAY  LEANDER, TX 78641","4009 PINE CONE WAY, LEANDER, TX  78641","S12524 - LOST WOODS PRESERVE PH 2, BLOCK D, Lot 20, ACRES 0.143","L497517B"," ","S12524 - LOST WOODS PRESERVE PH 2","Real","$636,672","$640,200"
"R609082","17-W440-02-000D-0022","PRABU RAMARAJ & SARANYA BASKAR TRS OF THE PRSB FAMILY REVOCABLE TRUST","4001 PINE CONE WAY  LEANDER, TX 78641-5251","4001 PINE CONE WAY, LEANDER, TX  78641","S12524 - LOST WOODS PRESERVE PH 2, BLOCK D, Lot 22, ACRES 0.143","L497517B"," ","S12524 - LOST WOODS PRESERVE PH 2","Real","$647,315","$647,315"
"R609091","17-W440-02-000F-0003","SAMINENI, SAI CHOWDARY & MOUNIKA CHOWDARY NELLURI","2524 STEEL TIMBER TRL  LEANDER, TX 78641","2524 STEEL TIMBER TRL, LEANDER, TX  78641","S12524 - LOST WOODS PRESERVE PH 2, BLOCK F, Lot 3, ACRES 0.145","L497517B"," ","S12524 - LOST WOODS PRESERVE PH 2","Real","$590,304","$590,304"
"R628673","R-17-W440-030D-0004","ACHARYA, KAVAN & POOJA","3928 ALTUS FALLS WAY  LEANDER, TX 78641-5516","3928 ALTUS FALLS WAY, LEANDER, TX  78641","S12916 - LOST WOODS PRESERVE PH 3, BLOCK D, Lot 4","L497517B"," ","S12916 - LOST WOODS PRESERVE PH 3","Real","$600,390","$600,390"
"R628705","R-17-W440-030E-0023","RAMAN RAMAKRISHNAN & SAVITHA SUNDARAM TRS SAVITHA RAMAN FAMILY TRUST","3929 ALTUS FALLS WAY  LEANDER, TX 78641-5516","3929 ALTUS FALLS WAY, LEANDER, TX  78641","S12916 - LOST WOODS PRESERVE PH 3, BLOCK E, Lot 23","L497517B"," ","S12916 - LOST WOODS PRESERVE PH 3","Real","$646,991","$646,991"
"R628711","R-17-W440-030F-0011","MAHENDRA, SAIKANTH & SOWMYA NARAYANAMURTHY","2432 STEEL TIMBER TRL  LEANDER, TX 78641","2432 STEEL TIMBER TRL, LEANDER, TX  78641","S12916 - LOST WOODS PRESERVE PH 3, BLOCK F, Lot 11","L497517B"," ","S12916 - LOST WOODS PRESERVE PH 3","Real","$618,679","$618,679"
"R628713","R-17-W440-030F-0013","APTA FAMILY REVOCABLE TRUST","2424 STEEL TIMBER TRL  LEANDER, TX 78641-0009","2424 STEEL TIMBER TRL, LEANDER, TX  78641","S12916 - LOST WOODS PRESERVE PH 3, BLOCK F, Lot 13","L497517B"," ","S12916 - LOST WOODS PRESERVE PH 3","Real","$598,059","$598,059"
"R628726","R-17-W440-030K-0007","VETSA, RAVI SIVA NAGA SATYA SRINIVAS & SUREKHA","2305 SERENE PL  LEANDER, TX 78641-5515","2305 SERENE PL, LEANDER, TX  78641","S12916 - LOST WOODS PRESERVE PH 3, BLOCK K, Lot 7","L497517B"," ","S12916 - LOST WOODS PRESERVE PH 3","Real","$661,494","$661,494"
"R628730","R-17-W440-030K-0011","THORAT, SAINATH & PRERANA SHIRISHKUMAR LONKAR","2312 SERENE PL  LEANDER, TX 78641-5515","2312 SERENE PL, LEANDER, TX  78641","S12916 - LOST WOODS PRESERVE PH 3, BLOCK K, Lot 11","L497517B"," ","S12916 - LOST WOODS PRESERVE PH 3","Real","$592,802","$592,802"
"R522806","R-17-W339-505B-0001","PECAN CREEK (LEANDER) HOA","Attn: SPECTRUM ASSOCIATION MGT 17319 SAN PEDRO AVE STE 318 SAN ANTONIO, TX 78232-1443","3714 JOURNEY PKWY, LEANDER, TX  78641","S10477 - PECAN CREEK PH 1, BLOCK B, Lot 1, ACRES 0.175, (LANDSCAPE)","L497517B"," ","S10477 - PECAN CREEK PH 1","Real","$300","$300"
"R522813","R-17-W339-505B-0008","BICKNESE, JOHN E (TOD) & SUE A (TOD)","2325 MILLBROOK LOOP  LEANDER, TX 78641","2325 MILLBROOK LOOP, LEANDER, TX  78641","S10477 - PECAN CREEK PH 1, BLOCK B, Lot 8","L497517B"," ","S10477 - PECAN CREEK PH 1","Real","$590,956","$590,956"
"R522823","R-17-W339-505B-0018","SUCHOMEL, LARRY ALBERT & NANCY KAY","2405 MILLBROOK LOOP  LEANDER, TX 78641","2405 MILLBROOK LOOP, LEANDER, TX  78641","S10477 - PECAN CREEK PH 1, BLOCK B, Lot 18","L497517B"," ","S10477 - PECAN CREEK PH 1","Real","$535,920","$535,920"
"R522834","R-17-W339-505B-0029","GARAPATI, ADITYA & SMITHA CHOWDARY","2449 MILLBROOK LOOP  LEANDER, TX 78641","2449 MILLBROOK LOOP, LEANDER, TX  78641","S10477 - PECAN CREEK PH 1, BLOCK B, Lot 29","L497517B"," ","S10477 - PECAN CREEK PH 1","Real","$585,137","$585,137"
"R522838","R-17-W339-505B-0033","SREEDHAR, BRINDA VARADANAHALLI","2465 MILLBROOK LOOP  LEANDER, TX 78641-1515","2465 MILLBROOK LOOP, LEANDER, TX  78641","S10477 - PECAN CREEK PH 1, BLOCK B, Lot 33","L497517B"," ","S10477 - PECAN CREEK PH 1","Real","$596,846","$596,846"
"R522841","R-17-W339-505C-0001","PECAN CREEK (LEANDER) HOA","Attn: SPECTRUM ASSOCIATION MGT 17319 SAN PEDRO AVE STE 318 SAN ANTONIO, TX 78232-1443","MILLBROOK LOOP, LEANDER, TX  78641","S10477 - PECAN CREEK PH 1, BLOCK C, Lot 1, ACRES 0.121, (LANDSCAPE)","L497517B"," ","S10477 - PECAN CREEK PH 1","Real","$300","$300"
"R522847","R-17-W339-505C-0007","BESARLA, DHAMAN KUMAR & PREETHI SHABADU","2332 MILLBROOK LOOP  LEANDER, TX 78641","2332 MILLBROOK LOOP, LEANDER, TX  78641","S10477 - PECAN CREEK PH 1, BLOCK C, Lot 7","L497517B"," ","S10477 - PECAN CREEK PH 1","Real","$687,575","$687,575"
"R522855","R-17-W339-505C-0015","VILORIA, MARK A & ALICIA LOZA","3625 MILLBROOK CV  LEANDER, TX 78641","3625 MILLBROOK CV, LEANDER, TX  78641","S10477 - PECAN CREEK PH 1, BLOCK C, Lot 15","L497517B"," ","S10477 - PECAN CREEK PH 1","Real","$675,822","$675,822"
"R522856","R-17-W339-505C-0016","SOLOMON, KEITH D & CHRISTINE M","3624 MILLBROOK CV  LEANDER, TX 78641","3624 MILLBROOK CV, LEANDER, TX  78641","S10477 - PECAN CREEK PH 1, BLOCK C, Lot 16","L497517B"," ","S10477 - PECAN CREEK PH 1","Real","$800,489","$800,489"
"R522862","R-17-W339-505C-0022","ROSENQUEST, LANCE G","3600 MILLBROOK CV  LEANDER, TX 78641","3600 MILLBROOK CV, LEANDER, TX  78641","S10477 - PECAN CREEK PH 1, BLOCK C, Lot 22","L497517B"," ","S10477 - PECAN CREEK PH 1","Real","$604,515","$604,515"
"R522870","R-17-W339-505C-0030","ALEXANDER, ROBERT & KATIE","2460 MILLBROOK LOOP  LEANDER, TX 78641-1515","2460 MILLBROOK LOOP, LEANDER, TX  78641","S10477 - PECAN CREEK PH 1, BLOCK C, Lot 30","L497517B"," ","S10477 - PECAN CREEK PH 1","Real","$593,134","$593,134"
"R522873","R-17-W339-505C-0033","SUBHAJIT RAY & KOEL RAY AS CO-TRS OF THE RAY FAMILY LIVING TRUST","2472 MILLBROOK LOOP  LEANDER, TX 78641-1515","2472 MILLBROOK LOOP, LEANDER, TX  78641","S10477 - PECAN CREEK PH 1, BLOCK C, Lot 33","L497517B"," ","S10477 - PECAN CREEK PH 1","Real","$459,996","$459,996"
"R533375","R-17-W339-5052-A001","SATASIA, RAHULKUMAR & JIGNASHABEN PATEL","3701 CARYA DR  LEANDER, TX 78641","3701 CARYA DR, LEANDER, TX  78641","S10766 - PECAN CREEK PH 2, BLOCK A, Lot 1","L497517B"," ","S10766 - PECAN CREEK PH 2","Real","$708,476","$708,476"
"R533380","R-17-W339-5052-A006","SUMADEEPAK REVOCABLE TRUST","3721 CARYA DR  LEANDER, TX 78641-3223","3721 CARYA DR, LEANDER, TX  78641","S10766 - PECAN CREEK PH 2, BLOCK A, Lot 6","L497517B"," ","S10766 - PECAN CREEK PH 2","Real","$600,936","$600,936"
"R533385","R-17-W339-5052-A011","EAPPEN, THOMAS VINU","3809 CARYA DR  LEANDER, TX 78641","3809 CARYA DR, LEANDER, TX  78641","S10766 - PECAN CREEK PH 2, BLOCK A, Lot 11","L497517B"," ","S10766 - PECAN CREEK PH 2","Real","$672,335","$672,335"
"R533387","R-17-W339-5052-D001","BARNETT, CHARLOTTE DUGAS & RICHARD A","3720 CARYA DR  LEANDER, TX 78641-3223","3720 CARYA DR, LEANDER, TX  78641","S10766 - PECAN CREEK PH 2, BLOCK D, Lot 1","L497517B"," ","S10766 - PECAN CREEK PH 2","Real","$692,033","$692,033"
"R533389","R-17-W339-5052-D003","SINHA, ABHINAV & ESHITA BATTA","3800 CARYA DR  LEANDER, TX 78641","3800 CARYA DR, LEANDER, TX  78641","S10766 - PECAN CREEK PH 2, BLOCK D, Lot 3","L497517B"," ","S10766 - PECAN CREEK PH 2","Real","$710,983","$710,983"
"R533392","R-17-W339-5052-D006","ABNEY, GARY W & NELDA T","3812 CARYA DR  LEANDER, TX 78641","3812 CARYA DR, LEANDER, TX  78641","S10766 - PECAN CREEK PH 2, BLOCK D, Lot 6","L497517B"," ","S10766 - PECAN CREEK PH 2","Real","$550,855","$550,855"
"R533401","R-17-W339-5052-D015","PECAN CREEK (LEANDER) HOA","Attn: SPECTRUM ASSOCIATION MGT 17319 SAN PEDRO AVE STE 318 SAN ANTONIO, TX 78232-1443","3712 CARYA DR, LEANDER, TX  78641","S10766 - PECAN CREEK PH 2, BLOCK D, Lot 15, ACRES 0.084, (OPEN SPACE)","L497517B"," ","S10766 - PECAN CREEK PH 2","Real","$300","$300"
"R533405","R-17-W339-5052-E004","KI, DAIYE & JASON B PAK","2316 ECHO PARK DR  LEANDER, TX 78641","2316 ECHO PARK DR, LEANDER, TX  78641","S10766 - PECAN CREEK PH 2, BLOCK E, Lot 4","L497517B"," ","S10766 - PECAN CREEK PH 2","Real","$618,380","$618,380"
"R533407","R-17-W339-5052-E006","THORNTON, TIMOTHY F & GINNY LI","2324 ECHO PARK DR  LEANDER, TX 78641","2324 ECHO PARK DR, LEANDER, TX  78641","S10766 - PECAN CREEK PH 2, BLOCK E, Lot 6","L497517B"," ","S10766 - PECAN CREEK PH 2","Real","$644,013","$644,013"
"R533410","R-17-W339-5052-F001","AJUFO, ONYEBUCHI CATHERINE & ANTHONY BIDO","3724 JULIAN LN  LEANDER, TX 78641","3724 JULIAN LN, LEANDER, TX  78641","S10766 - PECAN CREEK PH 2, BLOCK F, Lot 1","L497517B"," ","S10766 - PECAN CREEK PH 2","Real","$545,150","$545,150"
"R533412","R-17-W339-5052-F003","ALETI, SHRUTHIN REDDY & NIKHILA ALETI","3800 JULIAN LN  LEANDER, TX 78641","3800 JULIAN LN, LEANDER, TX  78641","S10766 - PECAN CREEK PH 2, BLOCK F, Lot 3","L497517B"," ","S10766 - PECAN CREEK PH 2","Real","$598,757","$598,757"
"R533417","R-17-W339-5052-F016","PECAN CREEK (LEANDER) HOA","Attn: SPECTRUM ASSOCIATION MGT 17319 SAN PEDRO AVE STE 318 SAN ANTONIO, TX 78232-1443","3714 JULIAN LN, LEANDER, TX  78641","S10766 - PECAN CREEK PH 2, BLOCK F, Lot 16, ACRES 4.045, (OPEN SPACE)","L497517B"," ","S10766 - PECAN CREEK PH 2","Real","$6,254","$6,254"
"R533419","R-17-W339-5052-G002","GUNTNER, JOHNNY M & IRYNA","2404 ECHO PARK DR  LEANDER, TX 78641","2404 ECHO PARK DR, LEANDER, TX  78641","S10766 - PECAN CREEK PH 2, BLOCK G, Lot 2","L497517B"," ","S10766 - PECAN CREEK PH 2","Real","$593,740","$593,740"
"R538001","R-17-W339-5053-I001","PABBATHI, ALEKHYA & MAHIPAL REDDY MALLAYAGARI","3632 ARVEL DR  LEANDER, TX 78641","3632 ARVEL DR, LEANDER, TX  78641","S10878 - PECAN CREEK PH 3, BLOCK I, Lot 1","L497517B"," ","S10878 - PECAN CREEK PH 3","Real","$626,299","$626,299"
"R538003","R-17-W339-5053-I003","KADIYALA, DEEPIKA (TOD) & VENU GOPAL (TOD)","3640 ARVEL DR  LEANDER, TX 78641-3280","3640 ARVEL DR, LEANDER, TX  78641","S10878 - PECAN CREEK PH 3, BLOCK I, Lot 3","L497517B"," ","S10878 - PECAN CREEK PH 3","Real","$627,078","$627,078"
"R538004","R-17-W339-5053-I004","RAMASWAMY, KANNAPIRAN & MALATHY PRIYA SUBBAN RAJU","319 SPANISH MUSTANG DR  CEDAR PARK, TX 78613-7827","3644 ARVEL DR, LEANDER, TX  78641","S10878 - PECAN CREEK PH 3, BLOCK I, Lot 4","L497517B"," ","S10878 - PECAN CREEK PH 3","Real","$470,090","$470,090"
"R538005","R-17-W339-5053-I005","ARKALA, RAM SAGAR RAO & ARUNA","3700 ARVEL DR  LEANDER, TX 78641","3700 ARVEL DR, LEANDER, TX  78641","S10878 - PECAN CREEK PH 3, BLOCK I, Lot 5","L497517B"," ","S10878 - PECAN CREEK PH 3","Real","$579,531","$579,531"
"R538006","R-17-W339-5053-I006","NEMALIKANTI, VENKATA R & BHARGAVI PENUMAKA","3704 ARVEL DR  LEANDER, TX 78641","3704 ARVEL DR, LEANDER, TX  78641","S10878 - PECAN CREEK PH 3, BLOCK I, Lot 6","L497517B"," ","S10878 - PECAN CREEK PH 3","Real","$474,709","$474,709"
"R538013","R-17-W339-5053-I013","RAHUL BANERJEE & BIDISHA BANERJEE CO-TRS OF THE RBBB FAMILY REVOCABLE TRUST","3705 MINERAL DR  LEANDER, TX 78641-3279","3705 MINERAL DR, LEANDER, TX  78641","S10878 - PECAN CREEK PH 3, BLOCK I, Lot 13","L497517B"," ","S10878 - PECAN CREEK PH 3","Real","$478,251","$478,251"
"R538014","R-17-W339-5053-I014","ANUMANTHUGARI, PRAMOD & MALVIKA BELLAMKONDA","3701 MINERAL DR  LEANDER, TX 78641","3701 MINERAL DR, LEANDER, TX  78641","S10878 - PECAN CREEK PH 3, BLOCK I, Lot 14","L497517B"," ","S10878 - PECAN CREEK PH 3","Real","$484,179","$484,179"
"R538019","R-17-W339-5053-J002","BANALA, KRANTI K & MEGHAMALA PULLELA","3636 MINERAL DR  LEANDER, TX 78641","3636 MINERAL DR, LEANDER, TX  78641","S10878 - PECAN CREEK PH 3, BLOCK J, Lot 2","L497517B"," ","S10878 - PECAN CREEK PH 3","Real","$577,045","$577,045"
"R538020","R-17-W339-5053-J003","GOTRALA, KARTHIK & RAMYA MUDDU","3640 MINERAL DR  LEANDER, TX 78641","3640 MINERAL DR, LEANDER, TX  78641","S10878 - PECAN CREEK PH 3, BLOCK J, Lot 3","L497517B"," ","S10878 - PECAN CREEK PH 3","Real","$667,462","$667,462"
"R538022","R-17-W339-5053-J005","KOPPULA, PAVANKUMAR & RADHIKA","3704 MINERAL DR  LEANDER, TX 78641","3704 MINERAL DR, LEANDER, TX  78641","S10878 - PECAN CREEK PH 3, BLOCK J, Lot 5","L497517B"," ","S10878 - PECAN CREEK PH 3","Real","$660,576","$660,576"
"R538028","R-17-W339-5053-J011","YERRAGUDI, VENKATA SUBBA REDDY & GAYATHRI","2432 BEL PAESE BND LEANDER, TX 78641-4776","3728 MINERAL DR, LEANDER, TX  78641","S10878 - PECAN CREEK PH 3, BLOCK J, Lot 11","L497517B"," ","S10878 - PECAN CREEK PH 3","Real","$616,341","$616,341"
"R538031","R-17-W339-5053-K002","HANSON, MARK WILLIAM & PRISCILLA ANNE","2529 PECAN CREEK DR  LEANDER, TX 78641","2529 PECAN CREEK DR, LEANDER, TX  78641","S10878 - PECAN CREEK PH 3, BLOCK K, Lot 2","L497517B"," ","S10878 - PECAN CREEK PH 3","Real","$651,542","$651,542"
"R538035","R-17-W339-5053-K006","CHUNG, HYUN CHUL & JI YUN JUNG","3713 ARVEL DR  LEANDER, TX 78641","3713 ARVEL DR, LEANDER, TX  78641","S10878 - PECAN CREEK PH 3, BLOCK K, Lot 6","L497517B"," ","S10878 - PECAN CREEK PH 3","Real","$604,501","$604,501"
"R538036","R-17-W339-5053-K007","PATTEN, CHRISTOPHER C & ILIANA","3709 ARVEL DR  LEANDER, TX 78641","3709 ARVEL DR, LEANDER, TX  78641","S10878 - PECAN CREEK PH 3, BLOCK K, Lot 7","L497517B"," ","S10878 - PECAN CREEK PH 3","Real","$596,805","$596,805"
"R538037","R-17-W339-5053-K008","PATEL, JAYMINKUMAR V & RICHA","3705 ARVEL DR  LEANDER, TX 78641","3705 ARVEL DR, LEANDER, TX  78641","S10878 - PECAN CREEK PH 3, BLOCK K, Lot 8","L497517B"," ","S10878 - PECAN CREEK PH 3","Real","$598,446","$598,446"
"R538039","R-17-W339-5053-K010","KNIGHT, JERRY LYNN (TOD) & MARIA BUENDIA KNIGHT (TOD) to ADAM R KNIGHT","3641 ARVEL DR  LEANDER, TX 78641","3641 ARVEL DR, LEANDER, TX  78641","S10878 - PECAN CREEK PH 3, BLOCK K, Lot 10","L497517B"," ","S10878 - PECAN CREEK PH 3","Real","$499,980","$499,980"
"R538040","R-17-W339-5053-K011","SURI, GAGAN & DEEPALI","3633 ARVEL DR  LEANDER, TX 78641-3280","3633 ARVEL DR, LEANDER, TX  78641","S10878 - PECAN CREEK PH 3, BLOCK K, Lot 11","L497517B"," ","S10878 - PECAN CREEK PH 3","Real","$635,204","$680,894"
"R538045","R-17-W339-5053-L004","KOTAMARTHI, SATYENDRA KIRAN & JYOTHIRMAI BULUSU","2629 STEECE WAY  LEANDER, TX 78641","2629 STEECE WAY, LEANDER, TX  78641","S10878 - PECAN CREEK PH 3, BLOCK L, Lot 4","L497517B"," ","S10878 - PECAN CREEK PH 3","Real","$670,406","$670,406"
"R546574","R-17-W339-5054-F008","MADISHETTY, PRIYATHAM & DEEPTHI KARNATI","2417 ECHO PARK DR  LEANDER, TX 78641","2417 ECHO PARK DR, LEANDER, TX  78641","S11136 - PECAN CREEK PH 4, BLOCK F, Lot 8, ACRES 0.214","L497517B"," ","S11136 - PECAN CREEK PH 4","Real","$623,941","$623,941"
"R546577","R-17-W339-5054-F011","RENGANATHAN, MAKESH & SHRUTI V JAGTAP","2501 ECHO PARK DR  LEANDER, TX 78641","2501 ECHO PARK DR, LEANDER, TX  78641","S11136 - PECAN CREEK PH 4, BLOCK F, Lot 11, ACRES 0.221","L497517B"," ","S11136 - PECAN CREEK PH 4","Real","$623,237","$623,237"
"R546579","R-17-W339-5054-F013","NAMBALLA, MURALI K & PRIYANKA RONANKI","2509 ECHO PARK DR  LEANDER, TX 78641","2509 ECHO PARK DR, LEANDER, TX  78641","S11136 - PECAN CREEK PH 4, BLOCK F, Lot 13, ACRES 0.204","L497517B"," ","S11136 - PECAN CREEK PH 4","Real","$725,109","$725,109"
"R546586","R-17-W339-5054-G009","KANNAN, BALASUBRAMANIYAN","46812 WINEMA CMN  FREMONT, CA 94539","3800 EMPIRE CV, LEANDER, TX  78641","S11136 - PECAN CREEK PH 4, BLOCK G, Lot 9, ACRES 0.296","L497517B"," ","S11136 - PECAN CREEK PH 4","Real","$629,664","$629,664"
"R546588","R-17-W339-5054-G011","GIRGUS, BRANDON K & KAYLA A","3805 ALPINE RIDGE CV  LEANDER, TX 78641","3805 ALPINE RIDGE CV, LEANDER, TX  78641","S11136 - PECAN CREEK PH 4, BLOCK G, Lot 11, ACRES 0.2","L497517B"," ","S11136 - PECAN CREEK PH 4","Real","$545,303","$545,303"
"R546597","R-17-W339-5054-G020","RADHAKRISHNAN, DEEPU (TOD)  & SREEDEVI DEEPU (TOD)","2616 HUDSON LN  LEANDER, TX 78641","2616 HUDSON LN, LEANDER, TX  78641","S11136 - PECAN CREEK PH 4, BLOCK G, Lot 20, ACRES 0.165","L497517B"," ","S11136 - PECAN CREEK PH 4","Real","$719,296","$719,296"
"R546604","R-17-W339-5054-H011","VEJENDLA, CHANDRA S (TOD) & PRATIMA V (TOD)","2509 HUDSON LN  LEANDER, TX 78641","2509 HUDSON LN, LEANDER, TX  78641","S11136 - PECAN CREEK PH 4, BLOCK H, Lot 11, ACRES 0.209","L497517B"," ","S11136 - PECAN CREEK PH 4","Real","$649,805","$649,805"
"R546609","R-17-W339-5054-H016","VADDEPALLI, NAVEEN & BHAVANI RANI","2613 HUDSON LN  LEANDER, TX 78641","2613 HUDSON LN, LEANDER, TX  78641","S11136 - PECAN CREEK PH 4, BLOCK H, Lot 16, ACRES 0.193","L497517B"," ","S11136 - PECAN CREEK PH 4","Real","$584,949","$584,949"
"R546615","R-17-W339-5054-O003","MADHUKAR GADDAM & TEJASWI TUMMALA REVOCABLE LIVING TRUST","3812 MINERAL DR LEANDER, TX 78641","3812 MINERAL DR, LEANDER, TX  78641","S11136 - PECAN CREEK PH 4, BLOCK O, Lot 3, ACRES 0.228","L497517B"," ","S11136 - PECAN CREEK PH 4","Real","$615,617","$615,617"
"R546617","R-17-W339-5054-O005","PARVATINI, BHASKARA CHAITANYA & MANJUSHA UPPALAPATI","3820 MINERAL DR  LEANDER, TX 78641","3820 MINERAL DR, LEANDER, TX  78641","S11136 - PECAN CREEK PH 4, BLOCK O, Lot 5, ACRES 0.213","L497517B"," ","S11136 - PECAN CREEK PH 4","Real","$596,564","$596,564"
"R557739","R-17-W339-5055-J016","KRISHNAPRASAD S IYER & RUCHI J BHATT OF IYER FAMILY LIVING TRUST","2705 HUDSON LN  LEANDER, TX 78641-3820","2705 HUDSON LN, LEANDER, TX  78641","S11436 - PECAN CREEK PH 5, BLOCK J, Lot 16, ACRES 0.203","L497517B"," ","S11436 - PECAN CREEK PH 5","Real","$730,784","$730,784"
"R557741","R-17-W339-5055-J018","POREDDY, NAGENDRA REDDY & SUJATHA REDDY MUCHUMARI","2717 HUDSON LN  LEANDER, TX 78641","2717 HUDSON LN, LEANDER, TX  78641","S11436 - PECAN CREEK PH 5, BLOCK J, Lot 18, ACRES 0.278","L497517B"," ","S11436 - PECAN CREEK PH 5","Real","$580,415","$580,415"
"R557744","R-17-W339-5055-J021","DIETZ, CHASE & REBECCA","2708 URSULA CT  LEANDER, TX 78641-3821","2708 URSULA CT, LEANDER, TX  78641","S11436 - PECAN CREEK PH 5, BLOCK J, Lot 21, ACRES 0.384","L497517B"," ","S11436 - PECAN CREEK PH 5","Real","$728,285","$728,285"
"R557746","R-17-W339-5055-J023","SALLA, SRINIVAS & SAVANI SURAM","2705 URSULA CT  LEANDER, TX 78641","2705 URSULA CT, LEANDER, TX  78641","S11436 - PECAN CREEK PH 5, BLOCK J, Lot 23, ACRES 0.372","L497517B"," ","S11436 - PECAN CREEK PH 5","Real","$669,588","$669,588"
"R557748","R-17-W339-5055-J025","BOKKA, KAVITHA & VENKATAYESU VENNAPUSA","2713 URSULA CT  LEANDER, TX 78641","2713 URSULA CT, LEANDER, TX  78641","S11436 - PECAN CREEK PH 5, BLOCK J, Lot 25, ACRES 0.233","L497517B"," ","S11436 - PECAN CREEK PH 5","Real","$743,315","$743,315"
"R557753","R-17-W339-5055-J030","SHUKLA, VISHWAS & BHUMIKA SHUKLA","2728 STEECE WAY  LEANDER, TX 78641","2728 STEECE WAY, LEANDER, TX  78641","S11436 - PECAN CREEK PH 5, BLOCK J, Lot 30, ACRES 0.26","L497517B"," ","S11436 - PECAN CREEK PH 5","Real","$676,890","$676,890"
"R557755","R-17-W339-5055-J032","KOVVURU, MANOHAR RAO & SREELATHA NANADAVARAM","2720 STEECE WAY  LEANDER, TX 78641","2720 STEECE WAY, LEANDER, TX  78641","S11436 - PECAN CREEK PH 5, BLOCK J, Lot 32, ACRES 0.201","L497517B"," ","S11436 - PECAN CREEK PH 5","Real","$664,651","$664,651"
"R557759","R-17-W339-5055-M001","KUMAR, SUMANT (TOD) & NITU KUMARI (TOD)","2637 STEECE WAY  LEANDER, TX 78641","2637 STEECE WAY, LEANDER, TX  78641","S11436 - PECAN CREEK PH 5, BLOCK M, Lot 1, ACRES 0.193","L497517B"," ","S11436 - PECAN CREEK PH 5","Real","$556,582","$556,582"
"R557766","R-17-W339-5055-M008","BABU, SRINIVASAN ENGIMURI DILLI & HEMAVATHI MALLISETTY","2729 STEECE WAY  LEANDER, TX 78641-3767","2729 STEECE WAY, LEANDER, TX  78641","S11436 - PECAN CREEK PH 5, BLOCK M, Lot 8, ACRES 0.173","L497517B"," ","S11436 - PECAN CREEK PH 5","Real","$670,424","$670,424"
"R557768","R-17-W339-5055-M010","PECAN CREEK (LEANDER) HOA","Attn: SPECTRUM ASSOCIATION MGT 17319 SAN PEDRO AVE STE 318 SAN ANTONIO, TX 78232-1443","2737 STEECE WAY, LEANDER, TX  78641","S11436 - PECAN CREEK PH 5, BLOCK M, Lot 10, ACRES 2.988, (OPEN SPACE, DRAINAGE EASEMENT)","L497517B"," ","S11436 - PECAN CREEK PH 5","Real","$896","$896"
"R557769","R-17-W339-5055-N001","ARORA, SUMEER & RITABAI R SINGH","2764 HUDSON LN  LEANDER, TX 78641","2764 HUDSON LN, LEANDER, TX  78641","S11436 - PECAN CREEK PH 5, BLOCK N, Lot 1, ACRES 0.221","L497517B"," ","S11436 - PECAN CREEK PH 5","Real","$713,652","$713,652"
"R557776","R-17-W339-5055-N008","KASIREDDY, MAHESH & KAVYA KOMURU","2736 HUDSON LN  LEANDER, TX 78641","2736 HUDSON LN, LEANDER, TX  78641","S11436 - PECAN CREEK PH 5, BLOCK N, Lot 8, ACRES 0.193","L497517B"," ","S11436 - PECAN CREEK PH 5","Real","$729,162","$729,162"
"R557780","R-17-W339-5055-N012","PAHUJA, SAURABH & SHIKHA GUPTA","2720 HUDSON LN  LEANDER, TX 78641","2720 HUDSON LN, LEANDER, TX  78641","S11436 - PECAN CREEK PH 5, BLOCK N, Lot 12, ACRES 0.268","L497517B"," ","S11436 - PECAN CREEK PH 5","Real","$761,459","$761,459"
"R557784","R-17-W339-5055-N016","SUNDARAM, SATHYA PRAKASH MOHANA & NISHANTHI MURUGESH KUMAR","3816 TANGO CT  LEANDER, TX 78641-3823","3816 TANGO CT, LEANDER, TX  78641","S11436 - PECAN CREEK PH 5, BLOCK N, Lot 16, ACRES 0.285","L497517B"," ","S11436 - PECAN CREEK PH 5","Real","$748,427","$748,427"
"R557786","R-17-W339-5055-N018","KU, HENGCHI & ALEX LANCASTER","3821 TANGO CT  LEANDER, TX 78641","3821 TANGO CT, LEANDER, TX  78641","S11436 - PECAN CREEK PH 5, BLOCK N, Lot 18, ACRES 0.285","L497517B"," ","S11436 - PECAN CREEK PH 5","Real","$719,083","$719,083"
"R592877","R-17-W440-010A-0037","DEV, KAMAL & KAJAL CHAUDHARY","2632 ROARING RIVER TRL  LEANDER, TX 78641","2632 ROARING RIVER TRL, LEANDER, TX  78641","S12248 - LOST WOODS PRESERVE PH 1, BLOCK A, Lot 37","L497517B"," ","S12248 - LOST WOODS PRESERVE PH 1","Real","$660,620","$660,620"
"R592878","R-17-W440-010A-0038","THAVAMANI, KARTHIK & JAYACHITRA THANGARAJ","2628 ROARING RIVER TRL  LEANDER, TX 78641","2628 ROARING RIVER TRL, LEANDER, TX  78641","S12248 - LOST WOODS PRESERVE PH 1, BLOCK A, Lot 38","L497517B"," ","S12248 - LOST WOODS PRESERVE PH 1","Real","$648,463","$648,463"
"R592888","R-17-W440-010F-0016","PONNUSAMY, VIGNESWARAN & PUNNAGAI RAMASAMY KADIRVEL","2412 STEEL TIMBER TRL  LEANDER, TX 78641","2412 STEEL TIMBER TRL, LEANDER, TX  78641","S12248 - LOST WOODS PRESERVE PH 1, BLOCK F, Lot 16","L497517B"," ","S12248 - LOST WOODS PRESERVE PH 1","Real","$583,750","$583,750"
"R592893","R-17-W440-010F-0021","MUNNIREDDY, VIJAYAKUMAR & SRUTHI PALLIPATU","2417 ROARING RIVER TRL  LEANDER, TX 78641","2417 ROARING RIVER TRL, LEANDER, TX  78641","S12248 - LOST WOODS PRESERVE PH 1, BLOCK F, Lot 21","L497517B"," ","S12248 - LOST WOODS PRESERVE PH 1","Real","$587,319","$587,319"
"R592897","R-17-W440-010F-0025","ROCHANI, HARESH D & JAYA SADHNANI","2433 ROARING RIVER TRL  LEANDER, TX 78641-4846","2433 ROARING RIVER TRL, LEANDER, TX  78641","S12248 - LOST WOODS PRESERVE PH 1, BLOCK F, Lot 25","L497517B"," ","S12248 - LOST WOODS PRESERVE PH 1","Real","$587,319","$587,319"
"R592900","R-17-W440-010F-0028","RAVICHANDRAN, KRITHIKA SADASIVAM & SHARAN NAGESH","233 BLUE JASMINE TRL GEORGETOWN, TX 78628-3966","2501 ROARING RIVER TRL, LEANDER, TX  78641","S12248 - LOST WOODS PRESERVE PH 1, BLOCK F, Lot 28","L497517B"," ","S12248 - LOST WOODS PRESERVE PH 1","Real","$539,463","$539,463"
"R592902","R-17-W440-010F-0030","AGGARWAL, GAURAV & SHIKHA GUPTA","2509 ROARING RIVER TRL  LEANDER, TX 78641","2509 ROARING RIVER TRL, LEANDER, TX  78641","S12248 - LOST WOODS PRESERVE PH 1, BLOCK F, Lot 30","L497517B"," ","S12248 - LOST WOODS PRESERVE PH 1","Real","$572,423","$572,423"
"R592903","R-17-W440-010F-0031","KAPALAVAI, SRINIVASARAO & KAMALA RANI","2517 ROARING RIVER TRL  LEANDER, TX 78641","2517 ROARING RIVER TRL, LEANDER, TX  78641","S12248 - LOST WOODS PRESERVE PH 1, BLOCK F, Lot 31","L497517B"," ","S12248 - LOST WOODS PRESERVE PH 1","Real","$671,526","$671,526"
"R592911","R-17-W440-010G-0004","PATEL JADEJA REVOCABLE TRUST","2520 ROARING RIVER TRL  LEANDER, TX 78641-4847","2520 ROARING RIVER TRL, LEANDER, TX  78641","S12248 - LOST WOODS PRESERVE PH 1, BLOCK G, Lot 4","L497517B"," ","S12248 - LOST WOODS PRESERVE PH 1","Real","$582,521","$582,521"
"R592925","R-17-W440-010G-0018","KASTURI, VARUN & MANI DEEPIKA KANDAKTLA","2408 ROARING RIVER TRL  LEANDER, TX 78641","2408 ROARING RIVER TRL, LEANDER, TX  78641","S12248 - LOST WOODS PRESERVE PH 1, BLOCK G, Lot 18","L497517B"," ","S12248 - LOST WOODS PRESERVE PH 1","Real","$572,122","$572,122"
"R592927","R-17-W440-010H-0001","BALACHANDRAN, SANTHOSH KUMAR & PRASSANNA GOPALAKRISHNA","2333 ROARING RIVER TRL  LEANDER, TX 78641","2333 ROARING RIVER TRL, LEANDER, TX  78641","S12248 - LOST WOODS PRESERVE PH 1, BLOCK H, Lot 1","L497517B"," ","S12248 - LOST WOODS PRESERVE PH 1","Real","$612,077","$612,077"
"R592929","R-17-W440-010H-0003","MAJJI, ARPITA & JYOTHY SWAROOP","2325 ROARING RIVER TRL  LEANDER, TX 78641","2325 ROARING RIVER TRL, LEANDER, TX  78641","S12248 - LOST WOODS PRESERVE PH 1, BLOCK H, Lot 3","L497517B"," ","S12248 - LOST WOODS PRESERVE PH 1","Real","$667,381","$667,381"
"R592934","R-17-W440-010H-0008","RAMACHANDRAN, THANGADURAI & SUMITHRA THANGADURAI","2316 ROARING RIVER TRL  LEANDER, TX 78641","2316 ROARING RIVER TRL, LEANDER, TX  78641","S12248 - LOST WOODS PRESERVE PH 1, BLOCK H, Lot 8","L497517B"," ","S12248 - LOST WOODS PRESERVE PH 1","Real","$629,923","$629,923"
"R592937","R-17-W440-010H-0011","SAGIRAJU, VENKATA SATYA & VINODINI JAMPANA","2328 ROARING RIVER TRL  LEANDER, TX 78641","2328 ROARING RIVER TRL, LEANDER, TX  78641","S12248 - LOST WOODS PRESERVE PH 1, BLOCK H, Lot 11","L497517B"," ","S12248 - LOST WOODS PRESERVE PH 1","Real","$632,937","$632,937"
"R592939","R-17-W440-010H-0013","LOST WOODS PRESERVE RESIDENTIAL COMMUNITY INC","PO BOX 421150 MINNEAPOLIS, MN 55442-0150","ROARING RIVER TRL, LEANDER, TX  78641","S12248 - LOST WOODS PRESERVE PH 1, BLOCK H, Lot 13, ACRES 0.3006, (OPEN SPACE)","L497517B"," ","S12248 - LOST WOODS PRESERVE PH 1","Real","$300","$300"
"R592941","R-17-W440-010L-0001","LOST WOODS PRESERVE RESIDENTIAL COMMUNITY INC","PO BOX 421150 MINNEAPOLIS, MN 55442-0150","ROARING RIVER TRL, LEANDER, TX  78641","S12248 - LOST WOODS PRESERVE PH 1, BLOCK L, Lot 1, ACRES 0.0502, (OPEN SPACE)","L497517B"," ","S12248 - LOST WOODS PRESERVE PH 1","Real","$300","$300"
"R609011","17-W440-02-000A-0005","GARG, ANSHUL & MANJIRI GAD","2633 LOST WOODS BND  LEANDER, TX 78641","2633 LOST WOODS BND, LEANDER, TX  78641","S12524 - LOST WOODS PRESERVE PH 2, BLOCK A, Lot 5, ACRES 0.165","L497517B"," ","S12524 - LOST WOODS PRESERVE PH 2","Real","$589,688","$589,688"
"R609012","17-W440-02-000A-0006","SANGOLE, SANDEEP & DEEPALI","2637 LOST WOODS BND  LEANDER, TX 78641","2637 LOST WOODS BND, LEANDER, TX  78641","S12524 - LOST WOODS PRESERVE PH 2, BLOCK A, Lot 6, ACRES 0.216","L497517B"," ","S12524 - LOST WOODS PRESERVE PH 2","Real","$670,869","$670,869"
"R609013","17-W440-02-000A-0007","VANGALA, SAMPATH & PRASOONA","2641 LOST WOODS BND  LEANDER, TX 78641","2641 LOST WOODS BND, LEANDER, TX  78641","S12524 - LOST WOODS PRESERVE PH 2, BLOCK A, Lot 7, ACRES 0.265","L497517B"," ","S12524 - LOST WOODS PRESERVE PH 2","Real","$653,847","$653,847"
"R609016","17-W440-02-000A-0010","DESHPANDE, PUSHKAR PRAKASH & TRUPTI PUSHKAR","2624 LOST WOODS BND  LEANDER, TX 78641","2624 LOST WOODS BND, LEANDER, TX  78641","S12524 - LOST WOODS PRESERVE PH 2, BLOCK A, Lot 10, ACRES 0.188","L497517B"," ","S12524 - LOST WOODS PRESERVE PH 2","Real","$589,860","$589,860"
"R609022","17-W440-02-000A-0016","MARRI, VIJAY THEJA & USHA HARIKA CHATHALA","2621 ROARING RIVER CV  LEANDER, TX 78641","2621 ROARING RIVER CV, LEANDER, TX  78641","S12524 - LOST WOODS PRESERVE PH 2, BLOCK A, Lot 16, ACRES 0.182","L497517B"," ","S12524 - LOST WOODS PRESERVE PH 2","Real","$651,638","$651,638"
"R609027","17-W440-02-000A-0021","KUNTAL, ISHWAR SINGH & MONIKA CHOUDHARY","4000 MINERAL DR  LEANDER, TX 78641","4000 MINERAL DR, LEANDER, TX  78641","S12524 - LOST WOODS PRESERVE PH 2, BLOCK A, Lot 21, ACRES 0.165","L497517B"," ","S12524 - LOST WOODS PRESERVE PH 2","Real","$598,003","$598,003"
"R609028","17-W440-02-000A-0022","KUMAR, SANGEETH & SASIREKHA SANGEETHKUMAR","4004 MINERAL DR  LEANDER, TX 78641","4004 MINERAL DR, LEANDER, TX  78641","S12524 - LOST WOODS PRESERVE PH 2, BLOCK A, Lot 22, ACRES 0.165","L497517B"," ","S12524 - LOST WOODS PRESERVE PH 2","Real","$659,930","$659,930"
"R609031","17-W440-02-000A-0025","AYYADURAI, BALASANKAR & PREETHA MURUGESAN","4020 MINERAL DR  LEANDER, TX 78641","4020 MINERAL DR, LEANDER, TX  78641","S12524 - LOST WOODS PRESERVE PH 2, BLOCK A, Lot 25, ACRES 0.266","L497517B"," ","S12524 - LOST WOODS PRESERVE PH 2","Real","$675,899","$675,899"
"R609032","17-W440-02-000A-0026","BALDANIYA, KIRITKUMAR V & KASTURBEN","4024 MINERAL DR  LEANDER, TX 78641","4024 MINERAL DR, LEANDER, TX  78641","S12524 - LOST WOODS PRESERVE PH 2, BLOCK A, Lot 26, ACRES 0.246","L497517B"," ","S12524 - LOST WOODS PRESERVE PH 2","Real","$594,351","$594,351"
"R609039","17-W440-02-000B-0004","LINGALA, SATISH & MOUNIKA JAGATHI","2533 LOST WOODS BND  LEANDER, TX 78641","2533 LOST WOODS BND, LEANDER, TX  78641","S12524 - LOST WOODS PRESERVE PH 2, BLOCK B, Lot 4, ACRES 0.138","L497517B"," ","S12524 - LOST WOODS PRESERVE PH 2","Real","$591,615","$591,615"
"R609040","17-W440-02-000B-0005","ELAHI, MIRZA MOHAMMAD MAH & ZAKIA AFRIN","2529 LOST WOODS BND  LEANDER, TX 78641","2529 LOST WOODS BND, LEANDER, TX  78641","S12524 - LOST WOODS PRESERVE PH 2, BLOCK B, Lot 5, ACRES 0.138","L497517B"," ","S12524 - LOST WOODS PRESERVE PH 2","Real","$581,586","$581,586"
"R609041","17-W440-02-000B-0006","DESAI, ABRAR AHMED JAHANGIR & NAZIA K KAZI","2525 LOST WOODS BND  LEANDER, TX 78641","2525 LOST WOODS BND, LEANDER, TX  78641","S12524 - LOST WOODS PRESERVE PH 2, BLOCK B, Lot 6, ACRES 0.138","L497517B"," ","S12524 - LOST WOODS PRESERVE PH 2","Real","$654,491","$654,491"
"R609043","17-W440-02-000B-0008","DASARI, VIJAY KUMAR","2517 LOST WOODS BND  LEANDER, TX 78641","2517 LOST WOODS BND, LEANDER, TX  78641","S12524 - LOST WOODS PRESERVE PH 2, BLOCK B, Lot 8, ACRES 0.138","L497517B"," ","S12524 - LOST WOODS PRESERVE PH 2","Real","$667,535","$667,535"
"R609045","17-W440-02-000C-0001","CHOUBEY, ASHUTOSH KUMAR & SONIA SHARMA","3916 PINE CONE WAY  LEANDER, TX 78641","3916 PINE CONE WAY, LEANDER, TX  78641","S12524 - LOST WOODS PRESERVE PH 2, BLOCK C, Lot 1, ACRES 0.212","L497517B"," ","S12524 - LOST WOODS PRESERVE PH 2","Real","$573,407","$573,407"
"R609048","17-W440-02-000C-0004","MMDS FAMILY REVOCABLE TRUST","3928 PINE CONE WAY  LEANDER, TX 78641-5250","3928 PINE CONE WAY, LEANDER, TX  78641","S12524 - LOST WOODS PRESERVE PH 2, BLOCK C, Lot 4, ACRES 0.149","L497517B"," ","S12524 - LOST WOODS PRESERVE PH 2","Real","$633,193","$633,193"
"R609053","17-W440-02-000C-0009","PENUGONDA, SRIKAANTH & DEEPTHI MEDA","4004 PINE CONE WAY  LEANDER, TX 78641","4004 PINE CONE WAY, LEANDER, TX  78641","S12524 - LOST WOODS PRESERVE PH 2, BLOCK C, Lot 9, ACRES 0.138","L497517B"," ","S12524 - LOST WOODS PRESERVE PH 2","Real","$580,316","$580,316"
"R609057","17-W440-02-000C-0013","ELANGOVAN VENEESWARI FAMILY REVOCABLE LIVING TRUST","4020 PINE CONE WAY  LEANDER, TX 78641-5251","4020 PINE CONE WAY, LEANDER, TX  78641","S12524 - LOST WOODS PRESERVE PH 2, BLOCK C, Lot 13, ACRES 0.138","L497517B"," ","S12524 - LOST WOODS PRESERVE PH 2","Real","$647,082","$647,082"
"R609059","17-W440-02-000C-0015","SRIDHAR, VASUDEVAN THOTTI & YAMINI SATHIYAMOORTHY","4028 PINE CONE WAY  LEANDER, TX 78641","4028 PINE CONE WAY, LEANDER, TX  78641","S12524 - LOST WOODS PRESERVE PH 2, BLOCK C, Lot 15, ACRES 0.217","L497517B"," ","S12524 - LOST WOODS PRESERVE PH 2","Real","$636,836","$636,836"
"R609065","17-W440-02-000C-0021","ANKIT KAUSHIK & ROOPALI GOEL TRS KAUSHIK GOEL LIVING TRUST","4013 MINERAL DR  LEANDER, TX 78641-5249","4013 MINERAL DR, LEANDER, TX  78641","S12524 - LOST WOODS PRESERVE PH 2, BLOCK C, Lot 21, ACRES 0.143","L497517B"," ","S12524 - LOST WOODS PRESERVE PH 2","Real","$636,116","$636,116"
"R609068","17-W440-02-000C-0024","UDAY, RAJESH & ARUNAA SUBRAMANIAN","4001 MINERAL DR  LEANDER, TX 78641","4001 MINERAL DR, LEANDER, TX  78641","S12524 - LOST WOODS PRESERVE PH 2, BLOCK C, Lot 24, ACRES 0.143","L497517B"," ","S12524 - LOST WOODS PRESERVE PH 2","Real","$596,640","$596,640"
"R609071","17-W440-02-000C-0027","PATEL, KARANKUMAR HITESHBHAI & KRUPALIBEN KAUSHIKBHAI,","3933 MINERAL DR  LEANDER, TX 78641","3933 MINERAL DR, LEANDER, TX  78641","S12524 - LOST WOODS PRESERVE PH 2, BLOCK C, Lot 27, ACRES 0.143","L497517B"," ","S12524 - LOST WOODS PRESERVE PH 2","Real","$642,046","$642,046"
"R609072","17-W440-02-000C-0028","KARMAKAR, LILY SUNIL & SUNIL","3929 MINERAL DR  LEANDER, TX 78641","3929 MINERAL DR, LEANDER, TX  78641","S12524 - LOST WOODS PRESERVE PH 2, BLOCK C, Lot 28, ACRES 0.143","L497517B"," ","S12524 - LOST WOODS PRESERVE PH 2","Real","$528,704","$528,704"
"R609081","17-W440-02-000D-0021","SVMM FAMILY REVOCABLE TRUST","4005 PINE CONE WAY  LEANDER, TX 78641-5251","4005 PINE CONE WAY, LEANDER, TX  78641","S12524 - LOST WOODS PRESERVE PH 2, BLOCK D, Lot 21, ACRES 0.143","L497517B"," ","S12524 - LOST WOODS PRESERVE PH 2","Real","$609,316","$671,453"
"R609084","17-W440-02-000D-0024","GOVINDARAJ, RAJESHKANNA & DHIVYA MANI","3937 PINE CONE WAY  LEANDER, TX 78641","3937 PINE CONE WAY, LEANDER, TX  78641","S12524 - LOST WOODS PRESERVE PH 2, BLOCK D, Lot 24, ACRES 0.143","L497517B"," ","S12524 - LOST WOODS PRESERVE PH 2","Real","$644,388","$669,713"
"R609089","17-W440-02-000F-0001","BANGERA FAMILY REVOCABLE LIVING TRUST","2532 STEEL TIMBER TRL  LEANDER, TX 78641-5228","2532 STEEL TIMBER TRL, LEANDER, TX  78641","S12524 - LSOT WOODS PRESERVE PH 2, BLOCK F, Lot 1","L497517B"," ","S12524 - LOST WOODS PRESERVE PH 2","Real","$645,303","$645,303"
"R609090","17-W440-02-000F-0002","KANCHARLA, ANIL & JAYA SURYA","2528 STEEL TIMBER TRL  LEANDER, TX 78641","2528 STEEL TIMBER TRL, LEANDER, TX  78641","S12524 - LOST WOODS PRESERVE PH 2, BLOCK F, Lot 2, ACRES 0.144","L497517B"," ","S12524 - LOST WOODS PRESERVE PH 2","Real","$603,992","$603,992"
"R609093","17-W440-02-000F-0005","VENKATA PURNACHAND GUMMADI & ANUSHA MEKA OF GUMMADI MEKA LIVING TRUST","2516 STEEL TIMBER TRL  LEANDER, TX 78641","2516 STEEL TIMBER TRL, LEANDER, TX  78641","S12524 - LOST WOODS PRESERVE PH 2, BLOCK F, Lot 5, ACRES 0.148","L497517B"," ","S12524 - LOST WOODS PRESERVE PH 2","Real","$576,882","$576,882"
"R628664","R-17-W440-030B-0011","MALEPATI, ANUDEEP KUMAR SAVANT & SRUTHI YADLAPATI","2505 LOST WOODS BND  LEANDER, TX 78641-0011","2505 LOST WOODS BND, LEANDER, TX  78641","S12916 - LOST WOODS PRESERVE PH 3, BLOCK B, Lot 11","L497517B"," ","S12916 - LOST WOODS PRESERVE PH 3","Real","$646,481","$646,481"
"R628667","R-17-W440-030B-0014","PARCHA, KRISHNA CHAITANYA & SUDHA MOSALIKANTI","2445 LOST WOODS BND  LEANDER, TX 78641","2445 LOST WOODS BND, LEANDER, TX  78641","S12916 - LOST WOODS PRESERVE PH 3, BLOCK B, Lot 14","L497517B"," ","S12916 - LOST WOODS PRESERVE PH 3","Real","$633,459","$633,459"
"R628668","R-17-W440-030B-0015","SABBINENI, SREENATH & VINUSHA ADDALA","2441 LOST WOODS BND  LEANDER, TX 78641-5519","2441 LOST WOODS BND, LEANDER, TX  78641","S12916 - LOST WOODS PRESERVE PH 3, BLOCK B, Lot 15","L497517B"," ","S12916 - LOST WOODS PRESERVE PH 3","Real","$613,140","$613,140"
"R628675","R-17-W440-030D-0006","FLORES, JOSE LUIS & CLAUDIA IVONNE","3936 ALTUS FALLS WAY  LEANDER, TX 78641","3936 ALTUS FALLS WAY, LEANDER, TX  78641","S12916 - LOST WOODS PRESERVE PH 3, BLOCK D, Lot 6","L497517B"," ","S12916 - LOST WOODS PRESERVE PH 3","Real","$617,128","$617,128"
"R628682","R-17-W440-030D-0013","SINHA, RAVI RANJAN & RUMA BHOWMICK","4020 ALTUS FALLS WAY  LEANDER, TX 78641","4020 ALTUS FALLS WAY, LEANDER, TX  78641","S12916 - LOST WOODS PRESERVE PH 3, BLOCK D, Lot 13","L497517B"," ","S12916 - LOST WOODS PRESERVE PH 3","Real","$657,259","$657,259"
"R628685","R-17-W440-030E-0002","PUTCHAKAYALA, GOWTHAM NAGADUTT & SNIGDHA R RAYI","2420 LOST WOODS BND  LEANDER, TX 78641-5519","2420 LOST WOODS BND, LEANDER, TX  78641","S12916 - LOST WOODS PRESERVE PH 3, BLOCK E, Lot 2","L497517B"," ","S12916 - LOST WOODS PRESERVE PH 3","Real","$664,951","$664,951"
"R628689","R-17-W440-030E-0006","RASUMANI, LOGESH & BRINDHA AMIRTHAVALLI THANGARAJ","2404 LOST WOODS BND  LEANDER, TX 78641-5519","2404 LOST WOODS BND, LEANDER, TX  78641","S12916 - LOST WOODS PRESERVE PH 3, BLOCK E, Lot 6","L497517B"," ","S12916 - LOST WOODS PRESERVE PH 3","Real","$658,647","$658,647"
"R628690","R-17-W440-030E-0007","MATHA, VENKATA RAMESH & MANASA TIRUMAREDDY","2400 LOST WOODS BND  LEANDER, TX 78641","2400 LOST WOODS BND, LEANDER, TX  78641","S12916 - LOST WOODS PRESERVE PH 3, BLOCK E, Lot 7","L497517B"," ","S12916 - LOST WOODS PRESERVE PH 3","Real","$592,338","$592,338"
"R628692","R-17-W440-030E-0009","DAGGUPATI, KAVYASREE & HAJARATHAIAH PODALAKURU","2344 LOST WOODS BND  LEANDER, TX 78641","2344 LOST WOODS BND, LEANDER, TX  78641","S12916 - LOST WOODS PRESERVE PH 3, BLOCK E, Lot 9","L497517B"," ","S12916 - LOST WOODS PRESERVE PH 3","Real","$606,548","$606,548"
"R628694","R-17-W440-030E-0011","NARASAPPA, DHARNISHA & RAJESHWARI NERLIGE ONKARAPPA","2336 LOST WOODS BND  LEANDER, TX 78641-5518","2336 LOST WOODS BND, LEANDER, TX  78641","S12916 - LOST WOODS PRESERVE PH 3, BLOCK E, Lot 11","L497517B"," ","S12916 - LOST WOODS PRESERVE PH 3","Real","$638,487","$638,487"
"R628699","R-17-W440-030E-0017","THAKRE, SHASHANK PURUSHOTTAMRAO & RADHIKA KALMEGH","4009 ALTUS FALLS WAY  LEANDER, TX 78641","4009 ALTUS FALLS WAY, LEANDER, TX  78641","S12916 - LOST WOODS PRESERVE PH 3, BLOCK E, Lot 17","L497517B"," ","S12916 - LOST WOODS PRESERVE PH 3","Real","$597,128","$597,128"
"R628709","R-17-W440-030F-0009","MAHENDER JAKKULA TR JAKKULA REVOCABLE LIVING TRUST","2500 STEEL TIMBER TRL  LEANDER, TX 78641-0010","2500 STEEL TIMBER TRL, LEANDER, TX  78641","S12916 - LOST WOODS PRESERVE PH 3, BLOCK F, Lot 9","L497517B"," ","S12916 - LOST WOODS PRESERVE PH 3","Real","$658,984","$658,984"
"R628714","R-17-W440-030F-0014","RUPARELIA, SAMEER B & KHYATI SAMEER AS CO-TRS OF THE RUPARELIA LIVING TRUST","2420 STEEL TIMBER TRL  LEANDER, TX 78641-0009","2420 STEEL TIMBER TRL, LEANDER, TX  78641","S12916 - LOST WOODS PRESERVE PH 3, BLOCK F, Lot 14","L497517B"," ","S12916 - LOST WOODS PRESERVE PH 3","Real","$598,891","$598,891"
"R628717","R-17-W440-030I-0002","GARG, ATIN & RUCHI","3952 JULIAN LN  LEANDER, TX 78641-5514","3952 JULIAN LN, LEANDER, TX  78641","S12916 - LOST WOODS PRESERVE PH 3, BLOCK I, Lot 2","L497517B"," ","S12916 - LOST WOODS PRESERVE PH 3","Real","$678,534","$678,534"
"R628721","R-17-W440-030K-0002","SHANTHA R M ASHOK & SUDANDRA L KANNAN COTRS SASK FAMILY REVOCABLE TRUST","2325 SERENE PL  LEANDER, TX 78641-5515","2325 SERENE PL, LEANDER, TX  78641","S12916 - LOST WOODS PRESERVE PH 3, BLOCK K, Lot 2","L497517B"," ","S12916 - LOST WOODS PRESERVE PH 3","Real","$661,665","$661,665"
"R628732","R-17-W440-030K-0013","KANNAN, KABILAN & PRIYADARSHINI KABILAN","2324 SERENE PL  LEANDER, TX 78641","2324 SERENE PL, LEANDER, TX  78641","S12916 - LOST WOODS PRESERVE PH 3, BLOCK K, Lot 13","L497517B"," ","S12916 - LOST WOODS PRESERVE PH 3","Real","$596,029","$596,029"
"R628737","R-17-W440-030K-0018","LOST WOODS PRESERVE RESIDENTIAL COMMUNITY INC","PO BOX 421150 MINNEAPOLIS, MN 55442-0150","3955 JULIAN LN, LEANDER, TX  78641","S12916 - LOST WOODS PRESERVE PH 3, BLOCK K, Lot 18, ACRES 0.661, (OPEN SPACE)","L497517B"," ","S12916 - LOST WOODS PRESERVE PH 3","Real","$300","$300"
"R522809","R-17-W339-505B-0004","BARAI, SHANKAR & RITA BISWAS","2309 MILLBROOK LOOP  LEANDER, TX 78641","2309 MILLBROOK LOOP, LEANDER, TX  78641","S10477 - PECAN CREEK PH 1, BLOCK B, Lot 4","L497517B"," ","S10477 - PECAN CREEK PH 1","Real","$722,501","$722,501"
"R522816","R-17-W339-505B-0011","PUCHALAPALLI, SANDESH & MADHURI PAMANJI","2337 MILLBROOK LOOP  LEANDER, TX 78641","2337 MILLBROOK LOOP, LEANDER, TX  78641","S10477 - PECAN CREEK PH 1, BLOCK B, Lot 11","L497517B"," ","S10477 - PECAN CREEK PH 1","Real","$713,595","$713,595"
"R522817","R-17-W339-505B-0012","SURTI, HEERAK S K & SEJAL H","2341 MILLBROOK LOOP  LEANDER, TX 78641","2341 MILLBROOK LOOP, LEANDER, TX  78641","S10477 - PECAN CREEK PH 1, BLOCK B, Lot 12","L497517B"," ","S10477 - PECAN CREEK PH 1","Real","$673,214","$673,214"
"R522818","R-17-W339-505B-0013","ALLAMNENI, SUDHAKAR & KRISHNAVENI","2345 MILLBROOK LOOP  LEANDER, TX 78641","2345 MILLBROOK LOOP, LEANDER, TX  78641","S10477 - PECAN CREEK PH 1, BLOCK B, Lot 13","L497517B"," ","S10477 - PECAN CREEK PH 1","Real","$674,410","$674,410"
"R522819","R-17-W339-505B-0014","DOSAPATI, VINOD K & HARIKA DEVADULA","2349 MILLBROOK LOOP  LEANDER, TX 78641-1510","2349 MILLBROOK LOOP, LEANDER, TX  78641","S10477 - PECAN CREEK PH 1, BLOCK B, Lot 14","L497517B"," ","S10477 - PECAN CREEK PH 1","Real","$698,633","$698,633"
"R522820","R-17-W339-505B-0015","DODLA, VIJAY KUMAR & SRILATHA VADLAMUDI","2353 MILLBROOK LOOP  LEANDER, TX 78641","2353 MILLBROOK LOOP, LEANDER, TX  78641","S10477 - PECAN CREEK PH 1, BLOCK B, Lot 15","L497517B"," ","S10477 - PECAN CREEK PH 1","Real","$672,420","$672,420"
"R522822","R-17-W339-505B-0017","JONNALAGADDA RATNADITYA & PALLAVI SINGH","2401 MILLBROOK LOOP  LEANDER, TX 78641","2401 MILLBROOK LOOP, LEANDER, TX  78641","S10477 - PECAN CREEK PH 1, BLOCK B, Lot 17","L497517B"," ","S10477 - PECAN CREEK PH 1","Real","$708,754","$708,754"
"R522824","R-17-W339-505B-0019","SANDERS, HARVEY L & CHRISTINA","2409 MILLBROOK LOOP  LEANDER, TX 78641-1515","2409 MILLBROOK LOOP, LEANDER, TX  78641","S10477 - PECAN CREEK PH 1, BLOCK B, Lot 19","L497517B"," ","S10477 - PECAN CREEK PH 1","Real","$605,456","$605,456"
"R522825","R-17-W339-505B-0020","VAZQUEZ, CARLOS A & CLARISSA L","2413 MILLBROOK LOOP  LEANDER, TX 78641","2413 MILLBROOK LOOP, LEANDER, TX  78641","S10477 - PECAN CREEK PH 1, BLOCK B, Lot 20","L497517B"," ","S10477 - PECAN CREEK PH 1","Real","$640,380","$640,380"
"R522827","R-17-W339-505B-0022","PECAN CREEK (LEANDER) HOA","Attn: SPECTRUM ASSOCIATION MGT 17319 SAN PEDRO AVE STE 318 SAN ANTONIO, TX 78232-1443","2421 MILLBROOK LOOP, LEANDER, TX  78641","S10477 - PECAN CREEK PH 1, BLOCK B, Lot 22, ACRES 3.4, (DETENTION AREA)","L497517B"," ","S10477 - PECAN CREEK PH 1","Real","$1,020","$1,020"
"R522828","R-17-W339-505B-0023","CHILUKURI, SHARAD KRISHNA & VIJAYA LAKSHMI VALLEPALLI","1653 NOVARA TRL LEANDER, TX 78641-5928","2425 MILLBROOK LOOP, LEANDER, TX  78641","S10477 - PECAN CREEK PH 1, BLOCK B, Lot 23","L497517B"," ","S10477 - PECAN CREEK PH 1","Real","$636,016","$636,016"
"R522829","R-17-W339-505B-0024","SLABKO, MYKHAILO","2429 MILLBROOK LOOP  LEANDER, TX 78641","2429 MILLBROOK LOOP, LEANDER, TX  78641","S10477 - PECAN CREEK PH 1, BLOCK B, Lot 24","L497517B"," ","S10477 - PECAN CREEK PH 1","Real","$479,851","$479,851"
"R522831","R-17-W339-505B-0026","PULLAKANDAM, SREERAM & CHARISHMA DARA","2437 MILLBROOK LOOP  LEANDER, TX 78641","2437 MILLBROOK LOOP, LEANDER, TX  78641","S10477 - PECAN CREEK PH 1, BLOCK B, Lot 26","L497517B"," ","S10477 - PECAN CREEK PH 1","Real","$574,510","$574,510"
"R522832","R-17-W339-505B-0027","HANCOCK, PAUL & TANYA D HUCKABAY","2441 MILLBROOK LOOP  LEANDER, TX 78641","2441 MILLBROOK LOOP, LEANDER, TX  78641","S10477 - PECAN CREEK PH 1, BLOCK B, Lot 27","L497517B"," ","S10477 - PECAN CREEK PH 1","Real","$505,301","$505,301"
"R522833","R-17-W339-505B-0028","SUDHA, KISHORE & SIRISHA NAGA VENKATA","2445 MILLBROOK LOOP  LEANDER, TX 78641","2445 MILLBROOK LOOP, LEANDER, TX  78641","S10477 - PECAN CREEK PH 1, BLOCK B, Lot 28","L497517B"," ","S10477 - PECAN CREEK PH 1","Real","$531,615","$531,615"
"R522837","R-17-W339-505B-0032","MAHERAY, YONATHAN Y & SARA H FISSEHAYE","2461 MILLBROOK LOOP  LEANDER, TX 78641","2461 MILLBROOK LOOP, LEANDER, TX  78641","S10477 - PECAN CREEK PH 1, BLOCK B, Lot 32","L497517B"," ","S10477 - PECAN CREEK PH 1","Real","$538,089","$538,089"
"R522839","R-17-W339-505B-0034","VARANASI, SAICHAND & LALITHA M PANCHAGNULA","2469 MILLBROOK LOOP  LEANDER, TX 78641-1515","2469 MILLBROOK LOOP, LEANDER, TX  78641","S10477 - PECAN CREEK PH 1, BLOCK B, Lot 34","L497517B"," ","S10477 - PECAN CREEK PH 1","Real","$647,074","$647,074"
"R522842","R-17-W339-505C-0002","GALLAGHER, GREG & CARLEY MANAGEMENT TRUST","2300 MILLBROOK LOOP  LEANDER, TX 78641","2300 MILLBROOK LOOP, LEANDER, TX  78641","S10477 - PECAN CREEK PH 1, BLOCK C, Lot 2","L497517B"," ","S10477 - PECAN CREEK PH 1","Real","$599,834","$599,834"
"R522844","R-17-W339-505C-0004","KATTA, SRINIVAS & BHARGAVI","2312 MILLBROOK LOOP  LEANDER, TX 78641","2312 MILLBROOK LOOP, LEANDER, TX  78641","S10477 - PECAN CREEK PH 1, BLOCK C, Lot 4","L497517B"," ","S10477 - PECAN CREEK PH 1","Real","$675,213","$675,213"
"R522849","R-17-W339-505C-0009","LEATHA HELEN KAIM ALIX & LOUIS CHARLES ALIX TRS LEATHA & LOUIS LIVING TRUST","2344 MILLBROOK LOOP  LEANDER, TX 78641","2344 MILLBROOK LOOP, LEANDER, TX  78641","S10477 - PECAN CREEK PH 1, BLOCK C, Lot 9","L497517B"," ","S10477 - PECAN CREEK PH 1","Real","$597,290","$597,290"
"R522850","R-17-W339-505C-0010","RODNENKO, VITALY & IRINA ALEKSANDROVNA","2348 MILLBROOK LOOP  LEANDER, TX 78641","2348 MILLBROOK LOOP, LEANDER, TX  78641","S10477 - PECAN CREEK PH 1, BLOCK C, Lot 10","L497517B"," ","S10477 - PECAN CREEK PH 1","Real","$580,714","$580,714"
"R522852","R-17-W339-505C-0012","LUNA, KRISTINE & MARK ANTHONY PASCUAL","3601 MILLBROOK CV  LEANDER, TX 78641","3601 MILLBROOK CV, LEANDER, TX  78641","S10477 - PECAN CREEK PH 1, BLOCK C, Lot 12","L497517B"," ","S10477 - PECAN CREEK PH 1","Real","$745,878","$745,878"
"R522854","R-17-W339-505C-0014","GUNUPURU, SIVA & RENUKA RONGALA","3621 MILLBROOK CV  LEANDER, TX 78641","3621 MILLBROOK CV, LEANDER, TX  78641","S10477 - PECAN CREEK PH 1, BLOCK C, Lot 14","L497517B"," ","S10477 - PECAN CREEK PH 1","Real","$698,878","$698,878"
"R522857","R-17-W339-505C-0017","WEBSTER RICHARD L & SHARON A","3620 MILLBROOK CV  LEANDER, TX 78641","3620 MILLBROOK CV, LEANDER, TX  78641","S10477 - PECAN CREEK PH 1, BLOCK C, Lot 17","L497517B"," ","S10477 - PECAN CREEK PH 1","Real","$566,202","$566,202"
"R522858","R-17-W339-505C-0018","KARNES, MARSHALL & SHIRLEY","3616 MILLBROOK CV  LEANDER, TX 78641","3616 MILLBROOK CV, LEANDER, TX  78641","S10477 - PECAN CREEK PH 1, BLOCK C, Lot 18","L497517B"," ","S10477 - PECAN CREEK PH 1","Real","$474,851","$474,851"
"R522859","R-17-W339-505C-0019","PAPAIAHGARI, RAJAREDDY & APARNA MANDA","3612 MILLBROOK CV  LEANDER, TX 78641","3612 MILLBROOK CV, LEANDER, TX  78641","S10477 - PECAN CREEK PH 1, BLOCK C, Lot 19","L497517B"," ","S10477 - PECAN CREEK PH 1","Real","$716,445","$716,445"
"R522860","R-17-W339-505C-0020","JAY W RUSSELL & DEANN RUSSELL TRS OF THE RUSSELL FAMILY TRUST","3608 MILLBROOK CV  LEANDER, TX 78641-1530","3608 MILLBROOK CV, LEANDER, TX  78641","S10477 - PECAN CREEK PH 1, BLOCK C, Lot 20","L497517B"," ","S10477 - PECAN CREEK PH 1","Real","$572,684","$572,684"
"R522863","R-17-W339-505C-0023","PASUPULA, SUBBA SATYAM-MOHAN & PADMINI BATCHU","2404 MILLBROOK LOOP  LEANDER, TX 78641-1515","2404 MILLBROOK LOOP, LEANDER, TX  78641","S10477 - PECAN CREEK PH 1, BLOCK C, Lot 23","L497517B"," ","S10477 - PECAN CREEK PH 1","Real","$654,599","$654,599"
"R522864","R-17-W339-505C-0024","NUNLEY, CHRISTOPHER & ALMA GODINEZ","2408 MILLBROOK LOOP  LEANDER, TX 78641","2408 MILLBROOK LOOP, LEANDER, TX  78641","S10477 - PECAN CREEK PH 1, BLOCK C, Lot 24","L497517B"," ","S10477 - PECAN CREEK PH 1","Real","$682,248","$682,248"
"R522866","R-17-W339-505C-0026","DIN, BASIM & AFFIFA RASHID","2428 MILLBROOK LOOP  LEANDER, TX 78641","2428 MILLBROOK LOOP, LEANDER, TX  78641","S10477 - PECAN CREEK PH 1, BLOCK C, Lot 26","L497517B"," ","S10477 - PECAN CREEK PH 1","Real","$614,812","$614,812"
"R522867","R-17-W339-505C-0027","GAJJALA, SUMAN KUMAR & SWETHA RAVVA","712 ALTEA DR LEANDER, TX 78641-4885","2444 MILLBROOK LOOP, LEANDER, TX  78641","S10477 - PECAN CREEK PH 1, BLOCK C, Lot 27","L497517B"," ","S10477 - PECAN CREEK PH 1","Real","$526,105","$526,105"
"R522869","R-17-W339-505C-0029","DEVARA, SRIDHAR RAO & AMULYA PADALA","2456 MILLBROOK LOOP  LEANDER, TX 78641","2456 MILLBROOK LOOP, LEANDER, TX  78641","S10477 - PECAN CREEK PH 1, BLOCK C, Lot 29","L497517B"," ","S10477 - PECAN CREEK PH 1","Real","$632,850","$632,850"
"R522871","R-17-W339-505C-0031","KAMALASANAN, ASWAK & ANU AMBIKA","2464 MILLBROOK LOOP  LEANDER, TX 78641","2464 MILLBROOK LOOP, LEANDER, TX  78641","S10477 - PECAN CREEK PH 1, BLOCK C, Lot 31","L497517B"," ","S10477 - PECAN CREEK PH 1","Real","$554,310","$554,310"
"R522872","R-17-W339-505C-0032","RAJESH BHARADWAJ THIRUMALAI & VIDYA SETHURAMAN TRUSTEES OF THE RAJESH & VIDYA RE","10216 WILL CT  CUPERTINO, CA 95014","2468 MILLBROOK LOOP, LEANDER, TX  78641","S10477 - PECAN CREEK PH 1, BLOCK C, Lot 32","L497517B"," ","S10477 - PECAN CREEK PH 1","Real","$469,476","$469,476"
"R533376","R-17-W339-5052-A002","VNSN FAMILY REVOCABLE TRUST","3705 CARYA DR  LEANDER, TX 78641-3223","3705 CARYA DR, LEANDER, TX  78641","S10766 - PECAN CREEK PH 2, BLOCK A, Lot 2","L497517B"," ","S10766 - PECAN CREEK PH 2","Real","$598,951","$598,951"
"R533378","R-17-W339-5052-A004","GARZA, JOSE L & ALMA M","3713 CARYA DR  LEANDER, TX 78641","3713 CARYA DR, LEANDER, TX  78641","S10766 - PECAN CREEK PH 2, BLOCK A, Lot 4","L497517B"," ","S10766 - PECAN CREEK PH 2","Real","$596,983","$596,983"
"R533379","R-17-W339-5052-A005","SMYTHIA DAVID LEE & BEVERLY FRAYTET SMYTHIA CO-TRUSTEES OF SMYTHIA LIVING TRUST","3717 CARYA DR LEANDER, TX 78641","3717 CARYA DR, LEANDER, TX  78641","S10766 - PECAN CREEK PH 2, BLOCK A, Lot 5","L497517B"," ","S10766 - PECAN CREEK PH 2","Real","$548,868","$548,868"
"R533381","R-17-W339-5052-A007","MANOHAR BASAVANT MUTNAL & ANJALI MANOHAR MUTNAL OF MMAM FMLY RVCBL TST","3725 CARYA DR  LEANDER, TX 78641","3725 CARYA DR, LEANDER, TX  78641","S10766 - PECAN CREEK PH 2, BLOCK A, Lot 7","L497517B"," ","S10766 - PECAN CREEK PH 2","Real","$654,646","$654,646"
"R533382","R-17-W339-5052-A008","NAGENDER, NARIN KURA & MANASA KAJA","3729 CARYA DR  LEANDER, TX 78641","3729 CARYA DR, LEANDER, TX  78641","S10766 - PECAN CREEK PH 2, BLOCK A, Lot 8","L497517B"," ","S10766 - PECAN CREEK PH 2","Real","$549,392","$549,392"
"R533388","R-17-W339-5052-D002","KATRAGADDA FAMILY TRUST","3728 CARYA DR  LEANDER, TX 78641-3223","3728 CARYA DR, LEANDER, TX  78641","S10766 - PECAN CREEK PH 2, BLOCK D, Lot 2","L497517B"," ","S10766 - PECAN CREEK PH 2","Real","$599,086","$599,086"
"R533391","R-17-W339-5052-D005","NEELANJAN GHOSH (TOD) & JAYA PATRA (TOD)","704 PALAMOS DR  LEANDER, TX 78641","3808 CARYA DR, LEANDER, TX  78641","S10766 - PECAN CREEK PH 2, BLOCK D, Lot 5","L497517B"," ","S10766 - PECAN CREEK PH 2","Real","$608,921","$608,921"
"R533396","R-17-W339-5052-D010","VEMPALLI, KHADER BASHA & PAVANI DEVI CHARY","3805 JULIAN LN  LEANDER, TX 78641","3805 JULIAN LN, LEANDER, TX  78641","S10766 - PECAN CREEK PH 2, BLOCK D, Lot 10","L497517B"," ","S10766 - PECAN CREEK PH 2","Real","$592,539","$592,539"
"R533397","R-17-W339-5052-D011","PONCY, ADAM B & KELLI E","3801 JULIAN LN  LEANDER, TX 78641","3801 JULIAN LN, LEANDER, TX  78641","S10766 - PECAN CREEK PH 2, BLOCK D, Lot 11","L497517B"," ","S10766 - PECAN CREEK PH 2","Real","$481,776","$481,776"
"R533402","R-17-W339-5052-E001","MOORE, JAMES RAY & LYNN SUZANNE","2304 ECHO PARK DR  LEANDER, TX 78641","2304 ECHO PARK DR, LEANDER, TX  78641","S10766 - PECAN CREEK PH 2, BLOCK E, Lot 1","L497517B"," ","S10766 - PECAN CREEK PH 2","Real","$631,992","$631,992"
"R533403","R-17-W339-5052-E002","PAUL E CLEEK TRUSTEE OF THE PAUL CLEEK TRUST and ROSANDI A CLEEK","2308 ECHO PARK DR  LEANDER, TX 78641-3221","2308 ECHO PARK DR, LEANDER, TX  78641","S10766 - PECAN CREEK PH 2, BLOCK E, Lot 2","L497517B"," ","S10766 - PECAN CREEK PH 2","Real","$583,503","$583,503"
"R533404","R-17-W339-5052-E003","YENUGU, INDUMATHI & NAGA KISHORE VANKADARU","2312 ECHO PARK DR  LEANDER, TX 78641","2312 ECHO PARK DR, LEANDER, TX  78641","S10766 - PECAN CREEK PH 2, BLOCK E, Lot 3","L497517B"," ","S10766 - PECAN CREEK PH 2","Real","$621,094","$621,094"
"R533406","R-17-W339-5052-E005","CHETTIPOTULA, KRANTI KUMAR & JANSI RANI","2320 ECHO PARK DR  LEANDER, TX 78641","2320 ECHO PARK DR, LEANDER, TX  78641","S10766 - PECAN CREEK PH 2, BLOCK E, Lot 5","L497517B"," ","S10766 - PECAN CREEK PH 2","Real","$696,844","$696,844"
"R533409","R-17-W339-5052-E008","PECAN CREEK (LEANDER) HOA","Attn: SPECTRUM ASSOCIATION MGT 17319 SAN PEDRO AVE STE 318 SAN ANTONIO, TX 78232-1443","JOURNEY PKWY, LEANDER, TX  78641","S10766 - PECAN CREEK PH 2, BLOCK E, Lot 8, ACRES 0.423, (OPEN SPACE)","L497517B"," ","S10766 - PECAN CREEK PH 2","Real","$300","$300"
"R533414","R-17-W339-5052-F005","VINCENT, KATHLEEN & CHRISTOPHER","3808 JULIAN LN  LEANDER, TX 78641","3808 JULIAN LN, LEANDER, TX  78641","S10766 - PECAN CREEK PH 2, BLOCK F, Lot 5","L497517B"," ","S10766 - PECAN CREEK PH 2","Real","$554,326","$554,326"
"R533416","R-17-W339-5052-F007","COVINGTON, KEVIN (TOD) & ANA (TOD)","3816 JULIAN LN  LEANDER, TX 78641-3226","3816 JULIAN LN, LEANDER, TX  78641","S10766 - PECAN CREEK PH 2, BLOCK F, Lot 7","L497517B"," ","S10766 - PECAN CREEK PH 2","Real","$547,543","$547,543"
"R533418","R-17-W339-5052-G001","JOHNSON, ANGELIA HENDERSON","2400 ECHO PARK DR  LEANDER, TX 78641","2400 ECHO PARK DR, LEANDER, TX  78641","S10766 - PECAN CREEK PH 2, BLOCK G, Lot 1","L497517B"," ","S10766 - PECAN CREEK PH 2","Real","$543,306","$543,306"
"R537991","R-17-W339-5053-F015","MAJETY, RAVIKANTH & LAXMI SHILPA KONATHAM","2520 PECAN CREEK DR  LEANDER, TX 78641","2520 PECAN CREEK DR, LEANDER, TX  78641","S10878 - PECAN CREEK PH 3, BLOCK F, Lot 15","L497517B"," ","S10878 - PECAN CREEK PH 3","Real","$688,052","$688,052"
"R537992","R-17-W339-5053-H001","BALAJI VASUDEVAN & PREETHY PREMKUMAR AS CO TRS OF THE BALAJI FAMILY LIVING TRUST","2616 PECAN CREEK DR  LEANDER, TX 78641-3283","2616 PECAN CREEK DR, LEANDER, TX  78641","S10878 - PECAN CREEK PH 3, BLOCK H, Lot 1","L497517B"," ","S10878 - PECAN CREEK PH 3","Real","$595,913","$595,913"
"R537993","R-17-W339-5053-H002","MAILAVARAM, SRAVANTHI & GOPALA K TATAVARTHI","2612 PECAN CREEK DR  LEANDER, TX 78641-3283","2612 PECAN CREEK DR, LEANDER, TX  78641","S10878 - PECAN CREEK PH 3, BLOCK H, Lot 2","L497517B"," ","S10878 - PECAN CREEK PH 3","Real","$561,582","$561,582"
"R537995","R-17-W339-5053-H004","KAPADIA, ANKUR V KAPADIA & KINJAL P VYAS","2604 PECAN CREEK DR  LEANDER, TX 78641","2604 PECAN CREEK DR, LEANDER, TX  78641","S10878 - PECAN CREEK PH 3, BLOCK H, Lot 4","L497517B"," ","S10878 - PECAN CREEK PH 3","Real","$677,871","$677,871"
"R537996","R-17-W339-5053-H005","LANDE, SUHAS & RAJANI BHORE","2600 PECAN CREEK DR  LEANDER, TX 78641","2600 PECAN CREEK DR, LEANDER, TX  78641","S10878 - PECAN CREEK PH 3, BLOCK H, Lot 5","L497517B"," ","S10878 - PECAN CREEK PH 3","Real","$583,710","$583,710"
"R537998","R-17-W339-5053-H007","DAS, AMRIT KUMAR","2228 LONG BOW DR LEANDER, TX 78641-2228","2540 PECAN CREEK DR, LEANDER, TX  78641","S10878 - PECAN CREEK PH 3, BLOCK H, Lot 7","L497517B"," ","S10878 - PECAN CREEK PH 3","Real","$683,568","$683,568"
"R537999","R-17-W339-5053-H008","MOHAMMED, SHAHID SALEEM & FARHEEN SULTANA LNU","2536 PECAN CREEK DR  LEANDER, TX 78641","2536 PECAN CREEK DR, LEANDER, TX  78641","S10878 - PECAN CREEK PH 3, BLOCK H, Lot 8","L497517B"," ","S10878 - PECAN CREEK PH 3","Real","$596,983","$596,983"
"R538000","R-17-W339-5053-H009","KUMAR, VINAY & SWETA PANDEY","2532 PECAN CREEK DR  LEANDER, TX 78641","2532 PECAN CREEK DR, LEANDER, TX  78641","S10878 - PECAN CREEK PH 3, BLOCK H, Lot 9","L497517B"," ","S10878 - PECAN CREEK PH 3","Real","$726,120","$726,120"
"R538008","R-17-W339-5053-I008","CHENNAMCHETTY, HARSHAVARDHAN & LALITHA PENUMATSA","3720 ARVEL DR  LEANDER, TX 78641","3720 ARVEL DR, LEANDER, TX  78641","S10878 - PECAN CREEK PH 3, BLOCK I, Lot 8","L497517B"," ","S10878 - PECAN CREEK PH 3","Real","$615,836","$615,836"
"R538009","R-17-W339-5053-I009","SHAFlEl, MARYAM & MOHAMMAD BOUJABADI","2609 PECAN CREEK DR  LEANDER, TX 78641","2609 PECAN CREEK DR, LEANDER, TX  78641","S10878 - PECAN CREEK PH 3, BLOCK I, Lot 9","L497517B"," ","S10878 - PECAN CREEK PH 3","Real","$660,521","$660,521"
"R538010","R-17-W339-5053-I010","KANNIPOTI, RAVIKUMAR & GEETHA DEVI","2613 PECAN CREEK DR  LEANDER, TX 78641","2613 PECAN CREEK DR, LEANDER, TX  78641","S10878 - PECAN CREEK PH 3, BLOCK I, Lot 10","L497517B"," ","S10878 - PECAN CREEK PH 3","Real","$612,167","$612,167"
"R538011","R-17-W339-5053-I011","KOMMAREDDY, SUNIL REDDY & AMALA SIRISHA YERABHAM","2617 PECAN CREEK DR  LEANDER, TX 78641","2617 PECAN CREEK DR, LEANDER, TX  78641","S10878 - PECAN CREEK PH 3, BLOCK I, Lot 11","L497517B"," ","S10878 - PECAN CREEK PH 3","Real","$621,269","$621,269"
"R538016","R-17-W339-5053-I016","VEERAMACHANENI, SASANKA & VANITA NAIDU","2904 PORTULACA DR  ROUND ROCK, TX 78681-2450","3637 MINERAL DR, LEANDER, TX  78641","S10878 - PECAN CREEK PH 3, BLOCK I, Lot 16","L497517B"," ","S10878 - PECAN CREEK PH 3","Real","$472,876","$472,876"
"R538017","R-17-W339-5053-I017","KALYN SISTI TR OF THE KALYN MICHELLE SISTI 2023 TRUST","3633 MINERAL DR  LEANDER, TX 78641-3278","3633 MINERAL DR, LEANDER, TX  78641","S10878 - PECAN CREEK PH 3, BLOCK I, Lot 17","L497517B"," ","S10878 - PECAN CREEK PH 3","Real","$496,076","$496,076"
"R538018","R-17-W339-5053-J001","JIGAR GANDHI & LAJJA MEHTA CO TRUSTEES OF THE GANDHI REVOCABLE LIVING TRUST","3632 MINERAL DR  LEANDER, TX 78641","3632 MINERAL DR, LEANDER, TX  78641","S10878 - PECAN CREEK PH 3, BLOCK J, Lot 1","L497517B"," ","S10878 - PECAN CREEK PH 3","Real","$564,748","$564,748"
"R538023","R-17-W339-5053-J006","MANNAM, SIVA P (TOD) & BHAVANA J GATTINENI (TOD)","3708 MINERAL DR  LEANDER, TX 78641","3708 MINERAL DR, LEANDER, TX  78641","S10878 - PECAN CREEK PH 3, BLOCK J, Lot 6","L497517B"," ","S10878 - PECAN CREEK PH 3","Real","$568,993","$568,993"
"R538024","R-17-W339-5053-J007","PATEL, ALPESH C & SEJAL A","3712 MINERAL DR  LEANDER, TX 78641","3712 MINERAL DR, LEANDER, TX  78641","S10878 - PECAN CREEK PH 3, BLOCK J, Lot 7","L497517B"," ","S10878 - PECAN CREEK PH 3","Real","$600,564","$600,564"
"R538025","R-17-W339-5053-J008","KOGANTI, RAJESH & SHIRISHA","3716 MINERAL DR  LEANDER, TX 78641","3716 MINERAL DR, LEANDER, TX  78641","S10878 - PECAN CREEK PH 3, BLOCK J, Lot 8","L497517B"," ","S10878 - PECAN CREEK PH 3","Real","$619,631","$619,631"
"R538027","R-17-W339-5053-J010","REYNOLDS, MANISHA & JASON","3724 MINERAL DR  LEANDER, TX 78641","3724 MINERAL DR, LEANDER, TX  78641","S10878 - PECAN CREEK PH 3, BLOCK J, Lot 10","L497517B"," ","S10878 - PECAN CREEK PH 3","Real","$660,013","$660,013"
"R538029","R-17-W339-5053-J012","SAMANTA, NIRUPAM & GARGI","3732 MINERAL DR  LEANDER, TX 78641","3732 MINERAL DR, LEANDER, TX  78641","S10878 - PECAN CREEK PH 3, BLOCK J, Lot 12","L497517B"," ","S10878 - PECAN CREEK PH 3","Real","$516,000","$516,000"
"R538030","R-17-W339-5053-K001","PECAN CREEK (LEANDER) HOMEOWNERS ASSOCIATION","Attn: SPECTRUM ASSOCIATION MGT 17319 SAN PEDRO AVE STE 318 SAN ANTONIO, TX 78232-1443","2615 STEECE WAY, LEANDER, TX  78641","S10878 - PECAN CREEK PH 3, BLOCK K, Lot 1, ACRES 7.074, (OPEN SPACE)","L497517B"," ","S10878 - PECAN CREEK PH 3","Real","$2,122","$2,122"
"R538033","R-17-W339-5053-K004","SMITH, VENCE JR (RS) & KATHRYN A (RS)","3721 ARVEL DR  LEANDER, TX 78641-3281","3721 ARVEL DR, LEANDER, TX  78641","S10878 - PECAN CREEK PH 3, BLOCK K, Lot 4","L497517B"," ","S10878 - PECAN CREEK PH 3","Real","$506,941","$506,941"
"R538041","R-17-W339-5053-K012","GILLIAM, ROBERT & CHAE","3629 ARVEL DR  LEANDER, TX 78641-3280","3629 ARVEL DR, LEANDER, TX  78641","S10878 - PECAN CREEK PH 3, BLOCK K, Lot 12","L497517B"," ","S10878 - PECAN CREEK PH 3","Real","$584,408","$584,408"
"R538042","R-17-W339-5053-L001","HARE, RODNEY B & MAUREEN E","15595 MEADOWBROOK CIRCLE LN  CHESTERFIELD, MO 63017-7529","2617 STEECE WAY, LEANDER, TX  78641","S10878 - PECAN CREEK PH 3, BLOCK L, Lot 1","L497517B"," ","S10878 - PECAN CREEK PH 3","Real","$593,740","$593,740"
"R538043","R-17-W339-5053-L002","PSENCIK, CYNTHIA & EVAN RAY","2621 STEECE WAY  LEANDER, TX 78641-3284","2621 STEECE WAY, LEANDER, TX  78641","S10878 - PECAN CREEK PH 3, BLOCK L, Lot 2","L497517B"," ","S10878 - PECAN CREEK PH 3","Real","$636,146","$636,146"
"R546575","R-17-W339-5054-F009","Unknown","Unknown","2425 ECHO PARK DR, LEANDER, TX  78641","S11136 - PECAN CREEK PH 4, BLOCK F, Lot 9, ACRES 0.166","L497517B"," ","S11136 - PECAN CREEK PH 4","Real","$663,555","$663,555"
"R546576","R-17-W339-5054-F010","TEAL, KIRK","2429 ECHO PARK DR  LEANDER, TX 78641","2429 ECHO PARK DR, LEANDER, TX  78641","S11136 - PECAN CREEK PH 4, BLOCK F, Lot 10, ACRES 0.178","L497517B"," ","S11136 - PECAN CREEK PH 4","Real","$587,394","$587,394"
"R546578","R-17-W339-5054-F012","MANNEPALLI, SWATHI PRIYA & SRINIVASA ASHWIN GUDIPATI","2505 ECHO PARK DR  LEANDER, TX 78641","2505 ECHO PARK DR, LEANDER, TX  78641","S11136 - PECAN CREEK PH 4, BLOCK F, Lot 12, ACRES 0.222","L497517B"," ","S11136 - PECAN CREEK PH 4","Real","$665,204","$665,204"
"R546581","R-17-W339-5054-G004","WARREN, JONATHAN ASHLEY","2420 ECHO PARK DR  LEANDER, TX 78641-3222","2420 ECHO PARK DR, LEANDER, TX  78641","S11136 - PECAN CREEK PH 4, BLOCK G, Lot 4, ACRES 0.208","L497517B"," ","S11136 - PECAN CREEK PH 4","Real","$610,232","$610,232"
"R546582","R-17-W339-5054-G005","LI, JU-CHANG & CHAOYANG KAO","11109 CALLANISH PARK DR  AUSTIN, TX 78750","3805 EMPIRE CV, LEANDER, TX  78641","S11136 - PECAN CREEK PH 4, BLOCK G, Lot 5, ACRES 0.248","L497517B"," ","S11136 - PECAN CREEK PH 4","Real","$612,454","$612,454"
"R546583","R-17-W339-5054-G006","EAMON MUHAMMAD BIZRA & TUBA HAVVA BIZRA TRS EAMON & TUBA BIZRA REVOCABLE TRUST","1321 ANNA BELLA CT  LEANDER, TX 78641-5919","3809 EMPIRE CV, LEANDER, TX  78641","S11136 - PECAN CREEK PH 4, BLOCK G, Lot 6, ACRES 0.449","L497517B"," ","S11136 - PECAN CREEK PH 4","Real","$699,156","$699,156"
"R546584","R-17-W339-5054-G007","CASAS, RICARDO & KIMBERLY JORDAN CASAS","3808 EMPIRE CV  LEANDER, TX 78641","3808 EMPIRE CV, LEANDER, TX  78641","S11136 - PECAN CREEK PH 4, BLOCK G, Lot 7, ACRES 0.546","L497517B"," ","S11136 - PECAN CREEK PH 4","Real","$684,379","$684,379"
"R546585","R-17-W339-5054-G008","HARKHANI, ALPESH & NIRMA","3804 EMPIRE CV  LEANDER, TX 78641","3804 EMPIRE CV, LEANDER, TX  78641","S11136 - PECAN CREEK PH 4, BLOCK G, Lot 8, ACRES 0.181","L497517B"," ","S11136 - PECAN CREEK PH 4","Real","$650,572","$650,572"
"R546587","R-17-W339-5054-G010","BADDAM, SUPRASENA R & ARCHANA MUPPU","2504 ECHO PARK DR  LEANDER, TX 78641","2504 ECHO PARK DR, LEANDER, TX  78641","S11136 - PECAN CREEK PH 4, BLOCK G, Lot 10, ACRES 0.259","L497517B"," ","S11136 - PECAN CREEK PH 4","Real","$728,127","$728,127"
"R546589","R-17-W339-5054-G012","FLEISHMAN, LEONEL & RONY MESHEL","3809 ALPINE RIDGE CV  LEANDER, TX 78641-3479","3809 ALPINE RIDGE CV, LEANDER, TX  78641","S11136 - PECAN CREEK PH 4, BLOCK G, Lot 12, ACRES 0.172","L497517B"," ","S11136 - PECAN CREEK PH 4","Real","$595,000","$595,000"
"R546590","R-17-W339-5054-G013","AL BASEER LLC - ALPINE","115 MESA OAKS  LEANDER, TX 78641-3286","3813 ALPINE RIDGE CV, LEANDER, TX  78641","S11136 - PECAN CREEK PH 4, BLOCK G, Lot 13, ACRES 0.301","L497517B"," ","S11136 - PECAN CREEK PH 4","Real","$573,988","$573,988"
"R546591","R-17-W339-5054-G014","CABANAS, RODRIGO S & NAYELI M TORRES FUERTE","3817 ALPINE RIDGE CV  LEANDER, TX 78641","3817 ALPINE RIDGE CV, LEANDER, TX  78641","S11136 - PECAN CREEK PH 4, BLOCK G, Lot 14, ACRES 0.45","L497517B"," ","S11136 - PECAN CREEK PH 4","Real","$627,873","$627,873"
"R546592","R-17-W339-5054-G015","REDDY, SHAM SUNDER & APARANJI","3501 TWINSPUR ST LEANDER, TX 78641-4742","3816 ALPINE RIDGE CV, LEANDER, TX  78641","S11136 - PECAN CREEK PH 4, BLOCK G, Lot 15, ACRES 0.488","L497517B"," ","S11136 - PECAN CREEK PH 4","Real","$641,695","$641,695"
"R546593","R-17-W339-5054-G016","KOMMIDI, MADHU J & SAILAJA SURAM","4268 ASTOR HOLLOW ST SAN RAMON, CA 94582-4877","3812 ALPINE RIDGE CV, LEANDER, TX  78641","S11136 - PECAN CREEK PH 4, BLOCK G, Lot 16, ACRES 0.285","L497517B"," ","S11136 - PECAN CREEK PH 4","Real","$678,864","$678,864"
"R546594","R-17-W339-5054-G017","VINUKONDA SHIVA SHAKER CHARY & SWATHI CHOLETTI","2604 HUDSON LN  LEANDER, TX 78641","2604 HUDSON LN, LEANDER, TX  78641","S11136 - PECAN CREEK PH 4, BLOCK G, Lot 17, ACRES 0.189","L497517B"," ","S11136 - PECAN CREEK PH 4","Real","$588,852","$588,852"
"R546595","R-17-W339-5054-G018","GUPTA, SACHIN & RAJANI","2608 HUDSON LN  LEANDER, TX 78641","2608 HUDSON LN, LEANDER, TX  78641","S11136 - PECAN CREEK PH 4, BLOCK G, Lot 18, ACRES 0.165","L497517B"," ","S11136 - PECAN CREEK PH 4","Real","$634,340","$634,340"
"R546596","R-17-W339-5054-G019","ASAITHAMBI, HEMA CHANDRAN MANICKAM & STAYA ALAGIRLSWAMY","2612 HUDSON LN  LEANDER, TX 78641","2612 HUDSON LN, LEANDER, TX  78641","S11136 - PECAN CREEK PH 4, BLOCK G, Lot 19, ACRES 0.165","L497517B"," ","S11136 - PECAN CREEK PH 4","Real","$567,943","$567,943"
"R546599","R-17-W339-5054-G022","RAMAMURTHY, AKHASH","598 GINKGO TER FREMONT, CA 94539-8373","3809 MINERAL DR, LEANDER, TX  78641","S11136 - PECAN CREEK PH 4, BLOCK G, Lot 22, ACRES 0.254","L497517B"," ","S11136 - PECAN CREEK PH 4","Real","$725,769","$725,769"
"R546601","R-17-W339-5054-G024","GADIRAJU, RAMA RAJU & SOWMITHRI","3817 MINERAL DR  LEANDER, TX 78641","3817 MINERAL DR, LEANDER, TX  78641","S11136 - PECAN CREEK PH 4, BLOCK G, Lot 24, ACRES 0.253","L497517B"," ","S11136 - PECAN CREEK PH 4","Real","$811,890","$811,890"
"R546603","R-17-W339-5054-H010","LAKSHMI K & SWAPNA PONNAPALLI CO TRS PONNAPALLI LIVING TRUST","2505 HUDSON LN  LEANDER, TX 78641-3495","2505 HUDSON LN, LEANDER, TX  78641","S11136 - PECAN CREEK PH 4, BLOCK H, Lot 10, ACRES 0.252","L497517B"," ","S11136 - PECAN CREEK PH 4","Real","$620,250","$620,250"
"R546605","R-17-W339-5054-H012","SIRASANAGANDLA, SATYANARAYANA M & PADMAVATHI BHUVANAGIRI","2513 HUDSON LN  LEANDER, TX 78641","2513 HUDSON LN, LEANDER, TX  78641","S11136 - PECAN CREEK PH 4, BLOCK H, Lot 12, ACRES 0.193","L497517B"," ","S11136 - PECAN CREEK PH 4","Real","$735,452","$735,452"
"R546606","R-17-W339-5054-H013","SHAFI, TARIQ & ZARQA TARIQ","1113 ROUND MOUNTAIN PASS  GEORGETOWN, TX 78628-2636","2601 HUDSON LN, LEANDER, TX  78641","S11136 - PECAN CREEK PH 4, BLOCK H, Lot 13, ACRES 0.193","L497517B"," ","S11136 - PECAN CREEK PH 4","Real","$604,091","$604,091"
"R546607","R-17-W339-5054-H014","ANAND, NEERAJ & RITIKA YADAV","2605 HUDSON LN  LEANDER, TX 78641","2605 HUDSON LN, LEANDER, TX  78641","S11136 - PECAN CREEK PH 4, BLOCK H, Lot 14, ACRES 0.193","L497517B"," ","S11136 - PECAN CREEK PH 4","Real","$600,781","$600,781"
"R546610","R-17-W339-5054-H017","BYTINTI, RAGHURAMI R & MAHITA GANGAVARAM","2621 HUDSON LN  LEANDER, TX 78641","2621 HUDSON LN, LEANDER, TX  78641","S11136 - PECAN CREEK PH 4, BLOCK H, Lot 17, ACRES 0.219","L497517B"," ","S11136 - PECAN CREEK PH 4","Real","$590,724","$590,724"
"R546611","R-17-W339-5054-J013","HUSSAIN, YASIR & SABA ALAM","3736 MINERAL DR  LEANDER, TX 78641","3736 MINERAL DR, LEANDER, TX  78641","S11136 - PECAN CREEK PH 4, BLOCK J, Lot 13, ACRES 0.184","L497517B"," ","S11136 - PECAN CREEK PH 4","Real","$595,037","$595,037"
"R546612","R-17-W339-5054-J014","SEN, SOURAV & BHARATHI CHAINRAJ JAIN","3740 MINERAL DR  LEANDER, TX 78641","3740 MINERAL DR, LEANDER, TX  78641","S11136 - PECAN CREEK PH 4, BLOCK J, Lot 14, ACRES 0.256","L497517B"," ","S11136 - PECAN CREEK PH 4","Real","$573,013","$573,013"
"R546613","R-17-W339-5054-O001","MATHEWS, MELVIN","3804 MINERAL DR  LEANDER, TX 78641","3804 MINERAL DR, LEANDER, TX  78641","S11136 - PECAN CREEK PH 4, BLOCK O, Lot 1, ACRES 0.279","L497517B"," ","S11136 - PECAN CREEK PH 4","Real","$590,245","$590,245"
"R546614","R-17-W339-5054-O002","PARK, JONG WOOK & NAYOUNG","3808 MINERAL DR  LEANDER, TX 78641-3477","3808 MINERAL DR, LEANDER, TX  78641","S11136 - PECAN CREEK PH 4, BLOCK O, Lot 2, ACRES 0.243","L497517B"," ","S11136 - PECAN CREEK PH 4","Real","$720,496","$720,496"
"R546616","R-17-W339-5054-O004","DONKA, SANTOSH K & ASHA KHANNA MOOKALA","3816 MINERAL DR  LEANDER, TX 78641","3816 MINERAL DR, LEANDER, TX  78641","S11136 - PECAN CREEK PH 4, BLOCK O, Lot 4, ACRES 0.213","L497517B"," ","S11136 - PECAN CREEK PH 4","Real","$599,606","$599,606"
"R557742","R-17-W339-5055-J019","RAKESH KUMAR GULIA & SONIA GULIA CO-TRS RGSG FAMILY REVOCABLE TRUST","2725 HUDSON LN  LEANDER, TX 78641-3820","2725 HUDSON LN, LEANDER, TX  78641","S11436 - PECAN CREEK PH 5, BLOCK J, Lot 19, ACRES 0.267","L497517B"," ","S11436 - PECAN CREEK PH 5","Real","$754,585","$754,585"
"R557743","R-17-W339-5055-J020","NAGESH BALLA & BALLA RAJA SRIDEVI NUKALA TRUSTEES OF THE BALA LIVING TRUST","2712 URSULA CT  LEANDER, TX 78641","2712 URSULA CT, LEANDER, TX  78641","S11436 - PECAN CREEK PH 5, BLOCK J, Lot 20, ACRES 0.341","L497517B"," ","S11436 - PECAN CREEK PH 5","Real","$677,539","$677,539"
"R557745","R-17-W339-5055-J022","RAJAN, SANGEETHA & VINODH BOOPALAN","2704 URSULA CT  LEANDER, TX 78641","2704 URSULA CT, LEANDER, TX  78641","S11436 - PECAN CREEK PH 5, BLOCK J, Lot 22, ACRES 0.358","L497517B"," ","S11436 - PECAN CREEK PH 5","Real","$724,794","$724,794"
"R557749","R-17-W339-5055-J026","MYDEEN, ERSHAD MOHAMED & RAIHA SAFEENA RASHEED","2733 HUDSON LN  LEANDER, TX 78641","2733 HUDSON LN, LEANDER, TX  78641","S11436 - PECAN CREEK PH 5, BLOCK J, Lot 26, ACRES 0.219","L497517B"," ","S11436 - PECAN CREEK PH 5","Real","$552,930","$552,930"
"R557751","R-17-W339-5055-J028","CHIGURUPALLI, RAVI CHANDRA & ROOPAVATHI","2741 HUDSON LN  LEANDER, TX 78641","2741 HUDSON LN, LEANDER, TX  78641","S11436 - PECAN CREEK PH 5, BLOCK J, Lot 28, ACRES 0.268","L497517B"," ","S11436 - PECAN CREEK PH 5","Real","$603,375","$603,375"
"R557752","R-17-W339-5055-J029","ALI, SHOAIB & ANWAR & REHMAT","2749 HUDSON LN  LEANDER, TX 78641","2749 HUDSON LN, LEANDER, TX  78641","S11436 - PECAN CREEK PH 5, BLOCK J, Lot 29, ACRES 0.347","L497517B"," ","S11436 - PECAN CREEK PH 5","Real","$730,148","$730,148"
"R557754","R-17-W339-5055-J031","KAMINENI, RAJESWARI & SATISH KOYYALAMUDI","2724 STEECE WAY  LEANDER, TX 78641","2724 STEECE WAY, LEANDER, TX  78641","S11436 - PECAN CREEK PH 5, BLOCK J, Lot 31, ACRES 0.197","L497517B"," ","S11436 - PECAN CREEK PH 5","Real","$737,099","$737,099"
"R557757","R-17-W339-5055-L005","GANTI, KALI N MAHESH CHANDRA & RAMYA SRI AVVARI","1408 MULBERRY OAK LN GEORGETOWN, TX 78628-3757","2633 STEECE WAY, LEANDER, TX  78641","S11436 - PECAN CREEK PH 5, BLOCK L, Lot 5, ACRES 0.193","L497517B"," ","S11436 - PECAN CREEK PH 5","Real","$643,236","$643,236"
"R557758","R-17-W339-5055-L006","PECAN CREEK (LEANDER) HOA","Attn: SPECTRUM ASSOCIATION MGT 17319 SAN PEDRO AVE STE 318 SAN ANTONIO, TX 78232-1443","2787 STEECE WAY, LEANDER, TX  78641","S11436 - PECAN CREEK PH 5, BLOCK L, Lot 6, ACRES 2.573, (OPEN SPACE, DRAINAGE EASEMENT)","L497517B"," ","S11436 - PECAN CREEK PH 5","Real","$772","$772"
"R557761","R-17-W339-5055-M003","MORUPARAJ, MAHENDER RAO & PREETHI MEDI","2705 STEECE WAY  LEANDER, TX 78641","2705 STEECE WAY, LEANDER, TX  78641","S11436 - PECAN CREEK PH 5, BLOCK M, Lot 3, ACRES 0.187","L497517B"," ","S11436 - PECAN CREEK PH 5","Real","$729,644","$729,644"
"R557762","R-17-W339-5055-M004","U S BANK TRUST COMPANY NATIONAL ASSOCIATION TR BEHALF OF BCAT 2022-26TT","601 OFFICE CENTER DR  #STE 100 FORT WASHINGTON, PA 19034","2709 STEECE WAY, LEANDER, TX  78641","S11436 - PECAN CREEK PH 5, BLOCK M, Lot 4, ACRES 0.203","L497517B"," ","S11436 - PECAN CREEK PH 5","Real","$628,751","$628,751"
"R557763","R-17-W339-5055-M005","GANGU, ADITHYA KIRAN & VARCHASWINI","2713 STEECE WAY  LEANDER, TX 78641","2713 STEECE WAY, LEANDER, TX  78641","S11436 - PECAN CREEK PH 5, BLOCK M, Lot 5, ACRES 0.194","L497517B"," ","S11436 - PECAN CREEK PH 5","Real","$756,643","$756,643"
"R557764","R-17-W339-5055-M006","TATITURI, VENKAT SAI & PRIYAHARSHINI BANDARU","2721 STEECE WAY  LEANDER, TX 78641","2721 STEECE WAY, LEANDER, TX  78641","S11436 - PECAN CREEK PH 5, BLOCK M, Lot 6, ACRES 0.203","L497517B"," ","S11436 - PECAN CREEK PH 5","Real","$584,452","$584,452"
"R557767","R-17-W339-5055-M009","TERWAY, FRANCIS M & AMY","2733 STEECE WAY  LEANDER, TX 78641","2733 STEECE WAY, LEANDER, TX  78641","S11436 - PECAN CREEK PH 5, BLOCK M, Lot 9, ACRES 0.326","L497517B"," ","S11436 - PECAN CREEK PH 5","Real","$741,023","$741,023"
"R557770","R-17-W339-5055-N002","PRASHANT U NAPHADE & PURNIMA P NAPHADE CO-TR NAPHADE FAMILY TRUST","2760 HUDSON LN  LEANDER, TX 78641","2760 HUDSON LN, LEANDER, TX  78641","S11436 - PECAN CREEK PH 5, BLOCK N, Lot 2, ACRES 0.259","L497517B"," ","S11436 - PECAN CREEK PH 5","Real","$735,374","$735,374"
"R557772","R-17-W339-5055-N004","NAREGUDAM, MAHENDER & KAVITHA R PATLOLLA","2752 HUDSON LN  LEANDER, TX 78641","2752 HUDSON LN, LEANDER, TX  78641","S11436 - PECAN CREEK PH 5, BLOCK N, Lot 4, ACRES 0.283","L497517B"," ","S11436 - PECAN CREEK PH 5","Real","$796,346","$796,346"
"R557773","R-17-W339-5055-N005","GATLA, AJAY & SHAILAJA BUMRASIPATA","2748 HUDSON LN  LEANDER, TX 78641","2748 HUDSON LN, LEANDER, TX  78641","S11436 - PECAN CREEK PH 5, BLOCK N, Lot 5, ACRES 0.236","L497517B"," ","S11436 - PECAN CREEK PH 5","Real","$659,804","$659,804"
"R557774","R-17-W339-5055-N006","RAGHUWANSI, KUNAL & PRIYANKA","2744 HUDSON LN  LEANDER, TX 78641","2744 HUDSON LN, LEANDER, TX  78641","S11436 - PECAN CREEK PH 5, BLOCK N, Lot 6, ACRES 0.205","L497517B"," ","S11436 - PECAN CREEK PH 5","Real","$592,519","$592,519"
"R557775","R-17-W339-5055-N007","BANDI, GANDHI & USHA","2740 HUDSON LN  LEANDER, TX 78641","2740 HUDSON LN, LEANDER, TX  78641","S11436 - PECAN CREEK PH 5, BLOCK N, Lot 7, ACRES 0.193","L497517B"," ","S11436 - PECAN CREEK PH 5","Real","$683,537","$683,537"
"R557777","R-17-W339-5055-N009","UDIPI, TEJASWINI","2732 HUDSON LN  LEANDER, TX 78641-3820","2732 HUDSON LN, LEANDER, TX  78641","S11436 - PECAN CREEK PH 5, BLOCK N, Lot 9, ACRES 0.193","L497517B"," ","S11436 - PECAN CREEK PH 5","Real","$734,737","$734,737"
"R557778","R-17-W339-5055-N010","RAHUL PRATAP & NEETU SINGH TRS RAHUL PRATAP & NEETU SINGH LIVING TRUST","2728 HUDSON LN  LEANDER, TX 78641-3820","2728 HUDSON LN, LEANDER, TX  78641","S11436 - PECAN CREEK PH 5, BLOCK N, Lot 10, ACRES 0.2","L497517B"," ","S11436 - PECAN CREEK PH 5","Real","$683,852","$683,852"
"R557779","R-17-W339-5055-N011","VEERLAPALLY, MANOHAR R & DEEPTHI R PABBATHI","2724 HUDSON LN  LEANDER, TX 78641","2724 HUDSON LN, LEANDER, TX  78641","S11436 - PECAN CREEK PH 5, BLOCK N, Lot 11, ACRES 0.216","L497517B"," ","S11436 - PECAN CREEK PH 5","Real","$618,702","$618,702"
"R557782","R-17-W339-5055-N014","SANDHIYA PALANISAMY & TAMILSELVAN KULANDASAMY LIVING TRUST","3808 TANGO CT  LEANDER, TX 78641-3823","3808 TANGO CT, LEANDER, TX  78641","S11436 - PECAN CREEK PH 5, BLOCK N, Lot 14, ACRES 0.243","L497517B"," ","S11436 - PECAN CREEK PH 5","Real","$665,987","$665,987"
"R557783","R-17-W339-5055-N015","HUNSAKER, JED","3812 TANGO CT  LEANDER, TX 78641","3812 TANGO CT, LEANDER, TX  78641","S11436 - PECAN CREEK PH 5, BLOCK N, Lot 15, ACRES 0.191","L497517B"," ","S11436 - PECAN CREEK PH 5","Real","$709,241","$709,241"
"R557785","R-17-W339-5055-N017","THOTA, SANDEEP & NIROSHA BHOOTHAM","3820 TANGO CT  LEANDER, TX 78641","3820 TANGO CT, LEANDER, TX  78641","S11436 - PECAN CREEK PH 5, BLOCK N, Lot 17, ACRES 0.273","L497517B"," ","S11436 - PECAN CREEK PH 5","Real","$678,570","$678,570"
"R557787","R-17-W339-5055-N019","RAJAN, JAICHANDRAN & MADHU ANANDAN","3817 TANGO CT  LEANDER, TX 78641","3817 TANGO CT, LEANDER, TX  78641","S11436 - PECAN CREEK PH 5, BLOCK N, Lot 19, ACRES 0.197","L497517B"," ","S11436 - PECAN CREEK PH 5","Real","$719,323","$719,323"
"R557791","R-17-W339-5055-O023","PECAN CREEK (LEANDER) HOA","Attn: SPECTRUM ASSOCIATION MGT 17319 SAN PEDRO AVE STE 318 SAN ANTONIO, TX 78232-1443","2632 HUDSON LN, LEANDER, TX  78641","S11436 - PECAN CREEK PH 5, BLOCK O, Lot 23, ACRES 2.055, (OPEN SPACE, DRAINAGE EASEMENT)","L497517B"," ","S11436 - PECAN CREEK PH 5","Real","$617","$617"
"R592870","R-17-W440-010A-0030","BHATTACHARJI, DIBYAJYOTI & SURANJIMA KAR","2609 ROARING RIVER TRL  LEANDER, TX 78641","2609 ROARING RIVER TRL, LEANDER, TX  78641","S12248 - LOST WOODS PRESERVE PH 1, BLOCK A, Lot 30","L497517B"," ","S12248 - LOST WOODS PRESERVE PH 1","Real","$666,083","$666,083"
"R592871","R-17-W440-010A-0031","VADLAMUDI, SREEHARI & SINDHU UPPALAPATI","2613 ROARING RIVER TRL  LEANDER, TX 78641","2613 ROARING RIVER TRL, LEANDER, TX  78641","S12248 - LOST WOODS PRESERVE PH 1, BLOCK A, Lot 31","L497517B"," ","S12248 - LOST WOODS PRESERVE PH 1","Real","$653,542","$653,542"
"R592873","R-17-W440-010A-0033","MURTHY, VARSHA & SATHISH KOMMURI","2621 ROARING RIVER TRL  LEANDER, TX 78641","2621 ROARING RIVER TRL, LEANDER, TX  78641","S12248 - LOST WOODS PRESERVE PH 1, BLOCK A, Lot 33","L497517B"," ","S12248 - LOST WOODS PRESERVE PH 1","Real","$688,067","$688,067"
"R592874","R-17-W440-010A-0034","JAYARAMAN, SENTHILVEDHAN & SARANYA VEDAGIRI","2625 ROARING RIVER TRL  LEANDER, TX 78641","2625 ROARING RIVER TRL, LEANDER, TX  78641","S12248 - LOST WOODS PRESERVE PH 1, BLOCK A, Lot 34","L497517B"," ","S12248 - LOST WOODS PRESERVE PH 1","Real","$598,481","$598,481"
"R592875","R-17-W440-010A-0035","ROHIT SINGH & AVANTIKA SINGH CO-TRS OF THE SINGH FAMILY TRUST","2629 ROARING RIVER TRL  LEANDER, TX 78641-4848","2629 ROARING RIVER TRL, LEANDER, TX  78641","S12248 - LOST WOODS PRESERVE PH 1, BLOCK A, Lot 35","L497517B"," ","S12248 - LOST WOODS PRESERVE PH 1","Real","$695,868","$695,868"
"R592879","R-17-W440-010A-0039","BANDLAMUDI, SRIKANTH & SWATHI CHITTINENI","2624 ROARING RIVER TRL  LEANDER, TX 78641","2624 ROARING RIVER TRL, LEANDER, TX  78641","S12248 - LOST WOODS PRESERVE PH 1, BLOCK A, Lot 39","L497517B"," ","S12248 - LOST WOODS PRESERVE PH 1","Real","$672,555","$672,555"
"R592880","R-17-W440-010A-0040","MORISETTY, RAMA M & BHARGAVI BODDU","2620 ROARING RIVER TRL  LEANDER, TX 78641","2620 ROARING RIVER TRL, LEANDER, TX  78641","S12248 - LOST WOODS PRESERVE PH 1, BLOCK A, Lot 40","L497517B"," ","S12248 - LOST WOODS PRESERVE PH 1","Real","$636,590","$636,590"
"R592882","R-17-W440-010A-0042","PALANIGOUNDER, MAYILSAMY & MOHANA PRIYA MAYILSAMY","2612 ROARING RIVER TRL  LEANDER, TX 78641","2612 ROARING RIVER TRL, LEANDER, TX  78641","S12248 - LOST WOODS PRESERVE PH 1, BLOCK A, Lot 42","L497517B"," ","S12248 - LOST WOODS PRESERVE PH 1","Real","$613,775","$613,775"
"R592884","R-17-W440-010A-0044","GUPTA, ROHIT & ANSHITA","2604 ROARING RIVER TRL  LEANDER, TX 78641","2604 ROARING RIVER TRL, LEANDER, TX  78641","S12248 - LOST WOODS PRESERVE PH 1, BLOCK A, Lot 44","L497517B"," ","S12248 - LOST WOODS PRESERVE PH 1","Real","$583,411","$583,411"
"R592885","R-17-W440-010A-0046","LOST WOODS PRESERVE RESIDENTIAL COMMUNITY INC","PO BOX 421150 MINNEAPOLIS, MN 55442-0150","MINERAL DR, LEANDER, TX  78641","S12248 - LOST WOODS PRESERVE PH 1, BLOCK A, Lot 46, ACRES 0.4225, (OPEN SPACE)","L497517B"," ","S12248 - LOST WOODS PRESERVE PH 1","Real","$300","$300"
"R592887","R-17-W440-010E-0012","KUMAR, SUDHIR","2332 LOST WOODS BND  LEANDER, TX 78641","2332 LOST WOODS BND, LEANDER, TX  78641","S12248 - LOST WOODS PRESERVE PH 1, BLOCK E, Lot 12","L497517B"," ","S12248 - LOST WOODS PRESERVE PH 1","Real","$632,486","$632,486"
"R592889","R-17-W440-010F-0017","MAJJI, SURYANADH & KAVITA","2408 STEEL TIMBER TRL  LEANDER, TX 78641","2408 STEEL TIMBER TRL, LEANDER, TX  78641","S12248 - LOST WOODS PRESERVE PH 1, BLOCK F, Lot 17","L497517B"," ","S12248 - LOST WOODS PRESERVE PH 1","Real","$605,044","$605,044"
"R592890","R-17-W440-010F-0018","CHINCHILI, SRIDHAR KUMAR & RAJESWARI","2405 ROARING RIVER TRL  LEANDER, TX 78641","2405 ROARING RIVER TRL, LEANDER, TX  78641","S12248 - LOST WOODS PRESERVE PH 1, BLOCK F, Lot 18","L497517B"," ","S12248 - LOST WOODS PRESERVE PH 1","Real","$652,625","$652,625"
"R592891","R-17-W440-010F-0019","SIVASANKARAN NAGARAJ & DIVYA NAGARAJ","2409 ROARING RIVER TRL LEANDER, TX 78641","2409 ROARING RIVER TRL, LEANDER, TX  78641","S12248 - LOST WOODS PRESERVE PH 1, BLOCK F, Lot 19","L497517B"," ","S12248 - LOST WOODS PRESERVE PH 1","Real","$582,468","$582,468"
"R592892","R-17-W440-010F-0020","PANKAJ RATHORE & POOJA RATHORE CO TRUSTEES OF THE RATHORE FAMILY LIVING TRUST","2413 ROARING RIVER TRL  LEANDER, TX 78641","2413 ROARING RIVER TRL, LEANDER, TX  78641","S12248 - LOST WOODS PRESERVE PH 1, BLOCK F, Lot 20","L497517B"," ","S12248 - LOST WOODS PRESERVE PH 1","Real","$623,018","$623,018"
"R592895","R-17-W440-010F-0023","MALI, NITHIN KUMAR & SAI KAVYA GUTHA","1824 EQUINE RD LEANDER, TX 78641-4753","2425 ROARING RIVER TRL, LEANDER, TX  78641","S12248 - LOST WOODS PRESERVE PH 1, BLOCK F, Lot 23","L497517B"," ","S12248 - LOST WOODS PRESERVE PH 1","Real","$644,737","$644,737"
"R592896","R-17-W440-010F-0024","SHROFF SHYAM & SNEHA CHOUDHARY","2429 ROARING RIVER TRL LEANDER, TX 78641","2429 ROARING RIVER TRL, LEANDER, TX  78641","S12248 - LOST WOODS PRESERVE PH 1, BLOCK F, Lot 24","L497517B"," ","S12248 - LOST WOODS PRESERVE PH 1","Real","$498,376","$498,376"
"R592898","R-17-W440-010F-0026","ADDEPALLI, SUBRAHMANYAM & MADHURI ADURI","2437 ROARING RIVER TRL  LEANDER, TX 78641","2437 ROARING RIVER TRL, LEANDER, TX  78641","S12248 - LOST WOODS PRESERVE PH 1, BLOCK F, Lot 26","L497517B"," ","S12248 - LOST WOODS PRESERVE PH 1","Real","$646,308","$646,308"
"R592899","R-17-W440-010F-0027","KUMAR & HEMA TANDON, RAJIV","2441 ROARING RIVER TRL  LEANDER, TX 78641","2441 ROARING RIVER TRL, LEANDER, TX  78641","S12248 - LOST WOODS PRESERVE PH 1, BLOCK F, Lot 27","L497517B"," ","S12248 - LOST WOODS PRESERVE PH 1","Real","$590,633","$590,633"
"R592901","R-17-W440-010F-0029","SRINATH, VARUN & SWATHI MURALI","2505 ROARING RIVER TRL  LEANDER, TX 78641","2505 ROARING RIVER TRL, LEANDER, TX  78641","S12248 - LOST WOODS PRESERVE PH 1, BLOCK F, Lot 29","L497517B"," ","S12248 - LOST WOODS PRESERVE PH 1","Real","$603,141","$603,141"
"R592904","R-17-W440-010F-0032","PURALASETTY, RAMALINGESWARA RAO (TOD) & ASWANIDEVI (TOD)","2521 ROARING RIVER TRL  LEANDER, TX 78641","2521 ROARING RIVER TRL, LEANDER, TX  78641","S12248 - LOST WOODS PRESERVE PH 1, BLOCK F, Lot 32","L497517B"," ","S12248 - LOST WOODS PRESERVE PH 1","Real","$641,301","$641,301"
"R592907","R-17-W440-010F-0035","SANGA, SRIKANTH & SUPRIYANKA ADDIMULAM","2533 ROARING RIVER TRL LEANDER, TX 78641-4847","2533 ROARING RIVER TRL, LEANDER, TX  78641","S12248 - LOST WOODS PRESERVE PH 1, BLOCK F, Lot 35","L497517B"," ","S12248 - LOST WOODS PRESERVE PH 1","Real","$596,227","$596,227"
"R592909","R-17-W440-010G-0002","SARKAR, AVIJIT & DAMITRA RUDRA","2528 ROARING RIVER TRL  LEANDER, TX 78641","2528 ROARING RIVER TRL, LEANDER, TX  78641","S12248 - LOST WOODS PRESERVE PH 1, BLOCK G, Lot 2","L497517B"," ","S12248 - LOST WOODS PRESERVE PH 1","Real","$604,829","$604,829"
"R592910","R-17-W440-010G-0003","MICHAEL, ELJAN M SNOWS & SEETHAL ELJAN","2524 ROARING RIVER TRL  LEANDER, TX 78641","2524 ROARING RIVER TRL, LEANDER, TX  78641","S12248 - LOST WOODS PRESERVE PH 1, BLOCK G, Lot 3","L497517B"," ","S12248 - LOST WOODS PRESERVE PH 1","Real","$524,864","$524,864"
"R592912","R-17-W440-010G-0005","KRISHNASAMY, MAHESHWARAN & VIDYA VIJAYAKUMAR","2516 ROARING RIVER TRL  LEANDER, TX 78641","2516 ROARING RIVER TRL, LEANDER, TX  78641","S12248 - LOST WOODS PRESERVE PH 1, BLOCK G, Lot 5","L497517B"," ","S12248 - LOST WOODS PRESERVE PH 1","Real","$648,456","$648,456"
"R592913","R-17-W440-010G-0006","CHHABRA, DIPINDER SINGH & JASLEEN","2512 ROARING RIVER TRL  LEANDER, TX 78641","2512 ROARING RIVER TRL, LEANDER, TX  78641","S12248 - LOST WOODS PRESERVE PH 1, BLOCK G, Lot 6","L497517B"," ","S12248 - LOST WOODS PRESERVE PH 1","Real","$517,209","$571,451"
"R592914","R-17-W440-010G-0007","SABHARWAL, JASPUNEET S & GURPREET ARORA","2508 ROARING RIVER TRL  LEANDER, TX 78641","2508 ROARING RIVER TRL, LEANDER, TX  78641","S12248 - LOST WOODS PRESERVE PH 1, BLOCK G, Lot 7","L497517B"," ","S12248 - LOST WOODS PRESERVE PH 1","Real","$599,393","$599,393"
"R592916","R-17-W440-010G-0009","VARANASI, PHANI KAMESWARA ABHISHIKTH & LAKSHMI HIMAJA AKELLA","2500 ROARING RIVER TRL LEANDER, TX 78641","2500 ROARING RIVER TRL, LEANDER, TX  78641","S12248 - LOST WOODS PRESERVE PH 1, BLOCK G, Lot 9","L497517B"," ","S12248 - LOST WOODS PRESERVE PH 1","Real","$604,342","$604,342"
"R592917","R-17-W440-010G-0010","PIONEER INTEGRATED SOLUTIONS LLC","2504 STEEL TIMBER TRL  LEANDER, TX 78641-0010","2440 ROARING RIVER TRL, LEANDER, TX  78641","S12248 - LOST WOODS PRESERVE PH 1, BLOCK G, Lot 10","L497517B"," ","S12248 - LOST WOODS PRESERVE PH 1","Real","$517,140","$517,140"
"R592918","R-17-W440-010G-0011","GURUSWAMY, SUBASH & BRINTHA DEVI","2436 ROARING RIVER TRL  LEANDER, TX 78641","2436 ROARING RIVER TRL, LEANDER, TX  78641","S12248 - LOST WOODS PRESERVE PH 1, BLOCK G, Lot 11","L497517B"," ","S12248 - LOST WOODS PRESERVE PH 1","Real","$542,124","$542,124"
"R592919","R-17-W440-010G-0012","GANDAM, SARATH KUMAR & MADHURIMA CHINNAMSETTY","2432 ROARING RIVER TRL  LEANDER, TX 78641","2432 ROARING RIVER TRL, LEANDER, TX  78641","S12248 - LOST WOODS PRESERVE PH 1, BLOCK G, Lot 12","L497517B"," ","S12248 - LOST WOODS PRESERVE PH 1","Real","$654,033","$654,033"
"R592921","R-17-W440-010G-0014","SHANMUKH, NAGADEV & PREETHI SUBHAS BADAVADAGI","2424 ROARING RIVER TRL  LEANDER, TX 78641","2424 ROARING RIVER TRL, LEANDER, TX  78641","S12248 - LOST WOODS PRESERVE PH 1, BLOCK G, Lot 14","L497517B"," ","S12248 - LOST WOODS PRESERVE PH 1","Real","$547,725","$547,725"
"R592923","R-17-W440-010G-0016","MAHESANIYA, AZIZBHAI SULTANALI & KISMATBEN A","2416 ROARING RIVER TRL  LEANDER, TX 78641","2416 ROARING RIVER TRL, LEANDER, TX  78641","S12248 - LOST WOODS PRESERVE PH 1, BLOCK G, Lot 16","L497517B"," ","S12248 - LOST WOODS PRESERVE PH 1","Real","$662,999","$662,999"
"R592928","R-17-W440-010H-0002","SKVA FAMILY REVOCABLE TRUST","2329 ROARING RIVER TRL  LEANDER, TX 78641","2329 ROARING RIVER TRL, LEANDER, TX  78641","S12248 - LOST WOODS PRESERVE PH 1, BLOCK H, Lot 2","L497517B"," ","S12248 - LOST WOODS PRESERVE PH 1","Real","$582,807","$582,807"
"R592930","R-17-W440-010H-0004","KATRAGADDA, HARISH & BHARGAVI PALADUGU","2321 ROARING RIVER TRL  LEANDER, TX 78641","2321 ROARING RIVER TRL, LEANDER, TX  78641","S12248 - LOST WOODS PRESERVE PH 1, BLOCK H, Lot 4","L497517B"," ","S12248 - LOST WOODS PRESERVE PH 1","Real","$637,492","$637,492"
"R592932","R-17-W440-010H-0006","NAGESWARAN, ANANTH & VYJAYANTHI ANANTH","2308 ROARING RIVER TRL  LEANDER, TX 78641","2308 ROARING RIVER TRL, LEANDER, TX  78641","S12248 - LOST WOODS PRESERVE PH 1, BLOCK H, Lot 6","L497517B"," ","S12248 - LOST WOODS PRESERVE PH 1","Real","$577,339","$577,339"
"R592935","R-17-W440-010H-0009","KIM, YOUN JUNG & JAESEOK JOO","9408 CEDAR CREST DR AUSTIN, TX 78750-2723","2320 ROARING RIVER TRL, LEANDER, TX  78641","S12248 - LOST WOODS PRESERVE PH 1, BLOCK H, Lot 9","L497517B"," ","S12248 - LOST WOODS PRESERVE PH 1","Real","$571,307","$571,307"
"R592936","R-17-W440-010H-0010","KARUTURI, SRIDHAR & BABITHA KANDREGULA","2324 ROARING RIVER TRL  LEANDER, TX 78641","2324 ROARING RIVER TRL, LEANDER, TX  78641","S12248 - LOST WOODS PRESERVE PH 1, BLOCK H, Lot 10","L497517B"," ","S12248 - LOST WOODS PRESERVE PH 1","Real","$522,123","$522,123"
"R592938","R-17-W440-010H-0012","CHEMMERI, RAJESH & SHILPA KORAMBETH","2332 ROARING RIVER TRL  LEANDER, TX 78641","2332 ROARING RIVER TRL, LEANDER, TX  78641","S12248 - LOST WOODS PRESERVE PH 1, BLOCK H, Lot 12","L497517B"," ","S12248 - LOST WOODS PRESERVE PH 1","Real","$591,746","$591,746"
"R609007","17-W440-02-000A-0001","LINGALA, SANTOSH KUMAR & PAVANI KANCHERLA","2617 LOST WOODS BND  LEANDER, TX 78641","2617 LOST WOODS BND, LEANDER, TX  78641","S12524 - LOST WOODS PRESERVE PH 2, BLOCK A, Lot 1, ACRES 0.197","L497517B"," ","S12524 - LOST WOODS PRESERVE PH 2","Real","$620,111","$620,111"
"R609009","17-W440-02-000A-0003","GURRAM, SATISH KUMAR & SANGEETHA VULLUGONIPALLY","2625 LOST WOODS BND  LEANDER, TX 78641","2625 LOST WOODS BND, LEANDER, TX  78641","S12524 - LOST WOODS PRESERVE PH 2, BLOCK A, Lot 3, ACRES 0.165","L497517B"," ","S12524 - LOST WOODS PRESERVE PH 2","Real","$602,274","$602,274"
"R609010","17-W440-02-000A-0004","DIGUVA SADAM FAMILY REVOCABLE LIVING TRUST","2629 LOST WOODS BND  LEANDER, TX 78641-5229","2629 LOST WOODS BND, LEANDER, TX  78641","S12524 - LOST WOODS PRESERVE PH 2, BLOCK A, Lot 4, ACRES 0.165","L497517B"," ","S12524 - LOST WOODS PRESERVE PH 2","Real","$651,782","$651,782"
"R609014","17-W440-02-000A-0008","GUPTA, AMIT & DEEPIKA","2640 LOST WOODS BND  LEANDER, TX 78641","2640 LOST WOODS BND, LEANDER, TX  78641","S12524 - LOST WOODS PRESERVE PH 2, BLOCK A, Lot 8, ACRES 0.204","L497517B"," ","S12524 - LOST WOODS PRESERVE PH 2","Real","$651,888","$651,888"
"R609015","17-W440-02-000A-0009","MISTRY, PAAVAN MUKESH (TOD) & URVI (TOD)","2632 LOST WOODS BND  LEANDER, TX 78641-5229","2632 LOST WOODS BND, LEANDER, TX  78641","S12524 - LOST WOODS PRESERVE PH 2, BLOCK A, Lot 9, ACRES 0.311","L497517B"," ","S12524 - LOST WOODS PRESERVE PH 2","Real","$627,192","$627,192"
"R609018","17-W440-02-000A-0012","BODAPATI, KOTESWARA RAO & YAMINI","2616 LOST WOODS BND  LEANDER, TX 78641","2616 LOST WOODS BND, LEANDER, TX  78641","S12524 - LOST WOODS PRESERVE PH 2, BLOCK A, Lot 12, ACRES 0.217","L497517B"," ","S12524 - LOST WOODS PRESERVE PH 2","Real","$655,105","$655,105"
"R609021","17-W440-02-000A-0015","RATHI, LAXMIKANT RADHESHYAM & JAYSHREE RADHESHYAM SOMANI","2617 ROARING RIVER CV  LEANDER, TX 78641","2617 ROARING RIVER CV, LEANDER, TX  78641","S12524 - LOST WOODS PRESERVE PH 2, BLOCK A, Lot 15, ACRES 0.211","L497517B"," ","S12524 - LOST WOODS PRESERVE PH 2","Real","$689,234","$689,234"
"R609024","17-W440-02-000A-0018","NIMIT VIJAY UPADHYAYA & SAKSHI UPADHYAYA CO-TRS OF THE UPADHYAYA REVOCABLE LIVIN","2620 ROARING RIVER CV  LEANDER, TX 78641-5227","2620 ROARING RIVER CV, LEANDER, TX  78641","S12524 - LOST WOODS PRESERVE PH 2, BLOCK A, Lot 18, ACRES 0.27","L497517B"," ","S12524 - LOST WOODS PRESERVE PH 2","Real","$654,026","$654,026"
"R609025","17-W440-02-000A-0019","RAMMOORTHY, SAMPATH KUMAR MULVATHUN & JAYSHREE SAMPATH KUMAR","2616 ROARING RIVER CV  LEANDER, TX 78641","2616 ROARING RIVER CV, LEANDER, TX  78641","S12524 - LOST WOODS PRESERVE PH 2, BLOCK A, Lot 19, ACRES 0.266","L497517B"," ","S12524 - LOST WOODS PRESERVE PH 2","Real","$664,254","$664,254"
"R609026","17-W440-02-000A-0020","OMPRAKASH GUNIYA MOHAN RAM & JOTHI GUNIYA OMPRAKASH TRS JORD GUNIYA TRUST","3940 MINERAL DR  LEANDER, TX 78641-5248","3940 MINERAL DR, LEANDER, TX  78641","S12524 - LOST WOODS PRESERVE PH 2, BLOCK A, Lot 20, ACRES 0.204","L497517B"," ","S12524 - LOST WOODS PRESERVE PH 2","Real","$644,186","$644,186"
"R609034","17-W440-02-000A-0028","KEKRE, KOUSTUBH & PALLAVI V DESHMUKH","4036 MINERAL DR  LEANDER, TX 78641","4036 MINERAL DR, LEANDER, TX  78641","S12524 - LOST WOODS PRESERVE PH 2, BLOCK A, Lot 28, ACRES 0.216","L497517B"," ","S12524 - LOST WOODS PRESERVE PH 2","Real","$602,520","$602,520"
"R609035","17-W440-02-000A-0045","LOST WOODS PRESERVE RESIDENTIAL COMMUNITY INC","PO BOX 421150 MINNEAPOLIS, MN 55442-0150","4042 MINERAL DR, LEANDER, TX  78641","S12524 - LOST WOODS PRESERVE PH 2, BLOCK A, Lot 45, ACRES 1.296, LANDSCAPE LOT","L497517B"," ","S12524 - LOST WOODS PRESERVE PH 2","Real","$389","$389"
"R609036","17-W440-02-000B-0001","RAVELLA, SANGAMESH & BALA TRIPURA SUNDARI YADLAPATI","2609 LOST WOODS BND  LEANDER, TX 78641","2609 LOST WOODS BND, LEANDER, TX  78641","S12524 - LOST WOODS PRESERVE PH 2, BLOCK B, Lot 1, ACRES 0.2","L497517B"," ","S12524 - LOST WOODS PRESERVE PH 2","Real","$601,789","$601,789"
"R609037","17-W440-02-000B-0002","KHADKE, GIRISH SATISH & RACHNA GAJRE","2605 LOST WOODS BND  LEANDER, TX 78641","2605 LOST WOODS BND, LEANDER, TX  78641","S12524 - LOST WOODS PRESERVE PH 2, BLOCK B, Lot 2, ACRES 0.138","L497517B"," ","S12524 - LOST WOODS PRESERVE PH 2","Real","$612,489","$612,489"
"R609044","17-W440-02-000B-0017","LOST WOODS PRESERVE RESIDENTIAL COMMUNITY INC","PO BOX 421150 MINNEAPOLIS, MN 55442-0150","LOST WOODS BND, LEANDER, TX  78641","S12524 - LOST WOODS PRESERVE PH 2, BLOCK B, Lot 17, ACRES 0.162, LANDSCAPE LOT","L497517B"," ","S12524 - LOST WOODS PRESERVE PH 2","Real","$49","$49"
"R609047","17-W440-02-000C-0003","LANKIREDDY, SRIKANTHA REDDY & NAGA VARDHANI BHIMMIREDDY","3924 PINE CONE WAY LEANDER, TX 78641-5250","3924 PINE CONE WAY, LEANDER, TX  78641","S12524 - LOST WOODS PRESERVE PH 2, BLOCK C, Lot 3, ACRES 0.157","L497517B"," ","S12524 - LOST WOODS PRESERVE PH 2","Real","$650,657","$650,657"
"R609049","17-W440-02-000C-0005","CHIDAMBARAM, DEVI & THENAPPAN NACHIAPPAN","3932 PINE CONE WAY  LEANDER, TX 78641","3932 PINE CONE WAY, LEANDER, TX  78641","S12524 - LOST WOODS PRESERVE PH 2, BLOCK C, Lot 5, ACRES 0.14","L497517B"," ","S12524 - LOST WOODS PRESERVE PH 2","Real","$603,624","$603,624"
"R609050","17-W440-02-000C-0006","NATHANI, SANDIP PRAVINCHANDRA & SEJAL OZA","3936 PINE CONE WAY  LEANDER, TX 78641","3936 PINE CONE WAY, LEANDER, TX  78641","S12524 - LOST WOODS PRESERVE PH 2, BLOCK C, Lot 6, ACRES 0.138","L497517B"," ","S12524 - LOST WOODS PRESERVE PH 2","Real","$584,479","$584,479"
"R609051","17-W440-02-000C-0007","NURUBASHA, FNU ESA & ASMA SHAIK","3940 PINE CONE WAY  LEANDER, TX 78641","3940 PINE CONE WAY, LEANDER, TX  78641","S12524 - LOST WOODS PRESERVE PH 2, BLOCK C, Lot 7, ACRES 0.138","L497517B"," ","S12524 - LOST WOODS PRESERVE PH 2","Real","$646,830","$646,830"
"R609054","17-W440-02-000C-0010","MEHRA, RAMDATTA V & ARUNDHATI B JAGTAP","4008 PINE CONE WAY  LEANDER, TX 78641","4008 PINE CONE WAY, LEANDER, TX  78641","S12524 - LOST WOODS PRESERVE PH 2, BLOCK C, Lot 10, ACRES 0.138","L497517B"," ","S12524 - LOST WOODS PRESERVE PH 2","Real","$607,107","$607,107"
"R609055","17-W440-02-000C-0011","SUDHAKAR RAO PINJALA & UMAMAHESWARI MAKTALA TRS SP & UM FAMILY LIVING TRUST","4012 PINE CONE WAY  LEANDER, TX 78641-5251","4012 PINE CONE WAY, LEANDER, TX  78641","S12524 - LOST WOODS PRESERVE PH 2, BLOCK C, Lot 11, ACRES 0.138","L497517B"," ","S12524 - LOST WOODS PRESERVE PH 2","Real","$666,108","$666,108"
"R609056","17-W440-02-000C-0012","SEN, SOUGATA & SRIRUPA CHATTERJEE","4016 PINE CONE WAY  LEANDER, TX 78641","4016 PINE CONE WAY, LEANDER, TX  78641","S12524 - LOST WOODS PRESERVE PH 2, BLOCK C, Lot 12, ACRES 0.138","L497517B"," ","S12524 - LOST WOODS PRESERVE PH 2","Real","$628,503","$628,503"
"R609060","17-W440-02-000C-0016","ALEXANDER MARIADOSS & JANCY KALAIARASI ALEXANDER OF AJSS FAMILY REVOCABLE TRUST","4033 MINERAL DR  LEANDER, TX 78641-5249","4033 MINERAL DR, LEANDER, TX  78641","S12524 - LOST WOODS PRESERVE PH 2, BLOCK C, Lot 16, ACRES 0.224","L497517B"," ","S12524 - LOST WOODS PRESERVE PH 2","Real","$660,307","$660,307"
"R609061","17-W440-02-000C-0017","PEDDINTI, RAVINDRA & SANTHOSHI MANI DEEPIKA KORLAM","4029 MINERAL DR  LEANDER, TX 78641","4029 MINERAL DR, LEANDER, TX  78641","S12524 - LOST WOODS PRESERVE PH 2, BLOCK C, Lot 17, ACRES 0.157","L497517B"," ","S12524 - LOST WOODS PRESERVE PH 2","Real","$593,055","$593,055"
"R609062","17-W440-02-000C-0018","BHARGAV, NEERAJ & RICHA SHARMA","4025 MINERAL DR  LEANDER, TX 78641","4025 MINERAL DR, LEANDER, TX  78641","S12524 - LOST WOODS PRESERVE PH 2, BLOCK C, Lot 18, ACRES 0.146","L497517B"," ","S12524 - LOST WOODS PRESERVE PH 2","Real","$615,485","$615,485"
"R609063","17-W440-02-000C-0019","KALIYAPERUMAL, GOPU & SUDHA GOPU","4021 MINERAL DR  LEANDER, TX 78641","4021 MINERAL DR, LEANDER, TX  78641","S12524 - LOST WOODS PRESERVE PH 2, BLOCK C, Lot 19, ACRES 0.143","L497517B"," ","S12524 - LOST WOODS PRESERVE PH 2","Real","$592,945","$592,945"
"R609066","17-W440-02-000C-0022","SUNDARARAJ, RAGHURAMAN & KOTHAI RAGHURAMAN","4009 MINERAL DR  LEANDER, TX 78641","4009 MINERAL DR, LEANDER, TX  78641","S12524 - LOST WOODS PRESERVE PH 2, BLOCK C, Lot 22, ACRES 0.143","L497517B"," ","S12524 - LOST WOODS PRESERVE PH 2","Real","$531,579","$531,579"
"R609067","17-W440-02-000C-0023","GOGINENI, VEERENDRA & DEEPTI","4005 MINERAL DR  LEANDER, TX 78641","4005 MINERAL DR, LEANDER, TX  78641","S12524 - LOST WOODS PRESERVE PH 2, BLOCK C, Lot 23, ACRES 0.143","L497517B"," ","S12524 - LOST WOODS PRESERVE PH 2","Real","$582,805","$582,805"
"R609070","17-W440-02-000C-0026","NAGALLAPATI, VENKATESHWARA RAJU & MRUDULA HASTHI","3937 MINERAL DR  LEANDER, TX 78641","3937 MINERAL DR, LEANDER, TX  78641","S12524 - LOST WOODS PRESERVE PH 2, BLOCK C, Lot 26, ACRES 0.143","L497517B"," ","S12524 - LOST WOODS PRESERVE PH 2","Real","$630,946","$630,946"
"R609073","17-W440-02-000C-0029","MAITY, TUHIN RANJAN & DOLA PAL","3925 MINERAL DR  LEANDER, TX 78641","3925 MINERAL DR, LEANDER, TX  78641","S12524 - LOST WOODS PRESERVE PH 2, BLOCK C, Lot 29, ACRES 0.143","L497517B"," ","S12524 - LOST WOODS PRESERVE PH 2","Real","$567,798","$567,798"
"R609074","17-W440-02-000C-0030","MADDIPATI, NARESH ET AL","3917 MINERAL DR  LEANDER, TX 78641","3917 MINERAL DR, LEANDER, TX  78641","S12524 - LOST WOODS PRESERVE PH 2, BLOCK C, Lot 30, ACRES 0.307","L497517B"," ","S12524 - LOST WOODS PRESERVE PH 2","Real","$660,554","$660,554"
"R609075","17-W440-02-000D-0015","SIDDOJIRA, ASHOK KUMAR TULSOJIRAO & FNU RASHMI  ASHOK KUMAR","4029 PINE CONE WAY  LEANDER, TX 78641","4029 PINE CONE WAY, LEANDER, TX  78641","S12524 - LOST WOODS PRESERVE PH 2, BLOCK D, Lot 15, ACRES 0.208","L497517B"," ","S12524 - LOST WOODS PRESERVE PH 2","Real","$611,935","$611,935"
"R609085","17-W440-02-000D-0025","PANDILLA, SURENDAR REDDY & MADHURI","3933 PINE CONE WAY  LEANDER, TX 78641","3933 PINE CONE WAY, LEANDER, TX  78641","S12524 - LOST WOODS PRESERVE PH 2, BLOCK D, Lot 25, ACRES 0.143","L497517B"," ","S12524 - LOST WOODS PRESERVE PH 2","Real","$651,813","$651,813"
"R609086","17-W440-02-000D-0026","SRINIVASAN JANARTHANAM & JANANI SRINIVASAN OF SRINIVASAN JANANI LIVING TRUST","3929 PINE CONE WAY  LEANDER, TX 78641","3929 PINE CONE WAY, LEANDER, TX  78641","S12524 - LOST WOODS PRESERVE PH 2, BLOCK D, Lot 26, ACRES 0.161","L497517B"," ","S12524 - LOST WOODS PRESERVE PH 2","Real","$620,438","$620,438"
"R609088","17-W440-02-000D-0028","SB & JV FAMILY REVOCABLE TRUST","3917 PINE CONE WAY  LEANDER, TX 78641","3917 PINE CONE WAY, LEANDER, TX  78641","S12524 - LOST WOODS PRESERVE PH 2, BLOCK D, Lot 28, ACRES 0.194","L497517B"," ","S12524 - LOST WOODS PRESERVE PH 2","Real","$665,500","$666,322"
"R609092","17-W440-02-000F-0004","REPALLE, ADI & CHAITANYA GANGU","2520 STEEL TIMBER TRL  LEANDER, TX 78641","2520 STEEL TIMBER TRL, LEANDER, TX  78641","S12524 - LOST WOODS PRESERVE PH 2, BLOCK F, Lot 4, ACRES 0.15","L497517B"," ","S12524 - LOST WOODS PRESERVE PH 2","Real","$659,345","$659,345"
"R609095","17-W440-02-000F-0007","SAHOO, CHINMAYA KUMAR & SONALI PATTNAIK","2508 STEEL TIMBER TRL  LEANDER, TX 78641","2508 STEEL TIMBER TRL, LEANDER, TX  78641","S12524 - LOST WOODS PRESERVE PH 2, BLOCK F, Lot 7, ACRES 0.138","L497517B"," ","S12524 - LOST WOODS PRESERVE PH 2","Real","$596,237","$596,237"
"R628662","R-17-W440-030B-0009","NAVEEN B CLEMENT & DOROTHY G IGNATIUS OF NCDI FAMILY REVOCABLE TRUST","2513 LOST WOODS BND  LEANDER, TX 78641-0011","2513 LOST WOODS BND, LEANDER, TX  78641","S12916 - LOST WOODS PRESERVE PH 3, BLOCK B, Lot 9","L497517B"," ","S12916 - LOST WOODS PRESERVE PH 3","Real","$606,141","$606,141"
"R628663","R-17-W440-030B-0010","DINAKARAN, SUNDAR & ALAMELU SUNDAR","2509 LOST WOODS BND  LEANDER, TX 78641","2509 LOST WOODS BND, LEANDER, TX  78641","S12916 - LOST WOODS PRESERVE PH 3, BLOCK B, Lot 10","L497517B"," ","S12916 - LOST WOODS PRESERVE PH 3","Real","$649,436","$649,436"
"R628669","R-17-W440-030B-0016","YERRAGUNTA, RANGANATH & KRISHNA VENI KARNATI","2437 LOST WOODS BND  LEANDER, TX 78641-5519","2437 LOST WOODS BND, LEANDER, TX  78641","S12916 - LOST WOODS PRESERVE PH 3, BLOCK B, Lot 16","L497517B"," ","S12916 - LOST WOODS PRESERVE PH 3","Real","$624,731","$624,731"
"R628671","R-17-W440-030D-0002","PAREPALLY, SAIKIRAN & SPANDANA CHITTIMALA","3920 ALTUS FALLS WAY  LEANDER, TX 78641-5516","3920 ALTUS FALLS WAY, LEANDER, TX  78641","S12916 - LOST WOODS PRESERVE PH 3, BLOCK D, Lot 2","L497517B"," ","S12916 - LOST WOODS PRESERVE PH 3","Real","$621,702","$621,702"
"R628672","R-17-W440-030D-0003","SAJJA, VENKATA SUNIL KUMAR & SAROJA MANTHA","3924 ALTUS FALLS WAY  LEANDER, TX 78641","3924 ALTUS FALLS WAY, LEANDER, TX  78641","S12916 - LOST WOODS PRESERVE PH 3, BLOCK D, Lot 3","L497517B"," ","S12916 - LOST WOODS PRESERVE PH 3","Real","$575,343","$575,343"
"R628676","R-17-W440-030D-0007","KALAIMANI, HARISANKAR & KARTHIKA UDHAYA KUMAR","3940 ALTUS FALLS WAY  LEANDER, TX 78641","3940 ALTUS FALLS WAY, LEANDER, TX  78641","S12916 - LOST WOODS PRESERVE PH 3, BLOCK D, Lot 7","L497517B"," ","S12916 - LOST WOODS PRESERVE PH 3","Real","$652,484","$652,484"
"R628677","R-17-W440-030D-0008","UPPALA, SRINIVAS & BHARGAVI KAPARTHI","4000 ALTUS FALLS WAY  LEANDER, TX 78641-5517","4000 ALTUS FALLS WAY, LEANDER, TX  78641","S12916 - LOST WOODS PRESERVE PH 3, BLOCK D, Lot 8","L497517B"," ","S12916 - LOST WOODS PRESERVE PH 3","Real","$608,110","$608,110"
"R628678","R-17-W440-030D-0009","SENTHILNATHAN & MYTHILI FAMILY REVOCABLE LIVING TRUST","4004 ALTUS FALLS WAY  LEANDER, TX 78641-5517","4004 ALTUS FALLS WAY, LEANDER, TX  78641","S12916 - LOST WOODS PRESERVE PH 3, BLOCK D, Lot 9","L497517B"," ","S12916 - LOST WOODS PRESERVE PH 3","Real","$613,194","$613,194"
"R628679","R-17-W440-030D-0010","PACHAVA, VENGAL RAO & LOKA PAVANI SOMPALLI","4008 ALTUS FALLS WAY  LEANDER, TX 78641-5517","4008 ALTUS FALLS WAY, LEANDER, TX  78641","S12916 - LOST WOODS PRESERVE PH 3, BLOCK D, Lot 10","L497517B"," ","S12916 - LOST WOODS PRESERVE PH 3","Real","$635,848","$635,848"
"R628680","R-17-W440-030D-0011","DUAN, JIAXU & XIAOHAN SUN","4012 ALTUS FALLS WAY  LEANDER, TX 78641","4012 ALTUS FALLS WAY, LEANDER, TX  78641","S12916 - LOST WOODS PRESERVE PH 3, BLOCK D, Lot 11","L497517B"," ","S12916 - LOST WOODS PRESERVE PH 3","Real","$528,010","$528,010"
"R628681","R-17-W440-030D-0012","BHATTIPROL, SAIKRISHNA MOHAN & VIDYA MADHURI CHELLURI","4016 ALTUS FALLS WAY  LEANDER, TX 78641","4016 ALTUS FALLS WAY, LEANDER, TX  78641","S12916 - LOST WOODS PRESERVE PH 3, BLOCK D, Lot 12","L497517B"," ","S12916 - LOST WOODS PRESERVE PH 3","Real","$628,711","$628,711"
"R628683","R-17-W440-030D-0014","KOLLA, PAVAN KUMAR & HIMA VENKATA NAGA D VOORA","4024 ALTUS FALLS WAY  LEANDER, TX 78641","4024 ALTUS FALLS WAY, LEANDER, TX  78641","S12916 - LOST WOODS PRESERVE PH 3, BLOCK D, Lot 14","L497517B"," ","S12916 - LOST WOODS PRESERVE PH 3","Real","$646,031","$646,031"
"R628684","R-17-W440-030E-0001","KANDULA, RAMAKRISHNA VENKATA NAGA","2424 LOST WOODS BND  LEANDER, TX 78641-5519","2424 LOST WOODS BND, LEANDER, TX  78641","S12916 - LOST WOODS PRESERVE PH 3, BLOCK E, Lot 1","L497517B"," ","S12916 - LOST WOODS PRESERVE PH 3","Real","$648,867","$648,867"
"R628686","R-17-W440-030E-0003","CHAUDHARI, PARAG & ANKITA KADU","341 CENTRAL AVE MENLO PARK, CA 94025-2802","2416 LOST WOODS BND, LEANDER, TX  78641","S12916 - LOST WOODS PRESERVE PH 3, BLOCK E, Lot 3","L497517B"," ","S12916 - LOST WOODS PRESERVE PH 3","Real","$661,414","$661,414"
"R628687","R-17-W440-030E-0004","EARLAPATI, SREELEKHA & PRAVEEN KUMAR KANNEGUNDLA","2412 LOST WOODS BND  LEANDER, TX 78641-5519","2412 LOST WOODS BND, LEANDER, TX  78641","S12916 - LOST WOODS PRESERVE PH 3, BLOCK E, Lot 4","L497517B"," ","S12916 - LOST WOODS PRESERVE PH 3","Real","$597,250","$597,250"
"R628688","R-17-W440-030E-0005","BABU, TARUN KUMAR NANDI SURESH & PRITHI SUBRAMANYA JYOTHI","2408 LOST WOODS BND  LEANDER, TX 78641-5519","2408 LOST WOODS BND, LEANDER, TX  78641","S12916 - LOST WOODS PRESERVE PH 3, BLOCK E, Lot 5","L497517B"," ","S12916 - LOST WOODS PRESERVE PH 3","Real","$617,389","$617,389"
"R628691","R-17-W440-030E-0008","CHALASANI THARUN & GAYATHRI DEVI TAMMAREDDY","2348 LOST WOODS BND  LEANDER, TX 78641-5518","2348 LOST WOODS BND, LEANDER, TX  78641","S12916 - LOST WOODS PRESERVE PH 3, BLOCK E, Lot 8","L497517B"," ","S12916 - LOST WOODS PRESERVE PH 3","Real","$659,503","$659,503"
"R628695","R-17-W440-030E-0013","SAWALAPURKAR, PARITOSH WASUDEO & SHRUTI P","4025 ALTUS FALLS WAY  LEANDER, TX 78641","4025 ALTUS FALLS WAY, LEANDER, TX  78641","S12916 - LOST WOODS PRESERVE PH 3, BLOCK E, Lot 13","L497517B"," ","S12916 - LOST WOODS PRESERVE PH 3","Real","$588,498","$588,498"
"R628696","R-17-W440-030E-0014","WANG, YANG & FANGYUAN WU","4021 ALTUS FALLS WAY  LEANDER, TX 78641","4021 ALTUS FALLS WAY, LEANDER, TX  78641","S12916 - LOST WOODS PRESERVE PH 3, BLOCK E, Lot 14","L497517B"," ","S12916 - LOST WOODS PRESERVE PH 3","Real","$564,211","$564,211"
"R628698","R-17-W440-030E-0016","SALAVE, SANDEEP V & SHWETA SANDEEP","4013 ALTUS FALLS WAY  LEANDER, TX 78641","4013 ALTUS FALLS WAY, LEANDER, TX  78641","S12916 - LOST WOODS PRESERVE PH 3, BLOCK E, Lot 16","L497517B"," ","S12916 - LOST WOODS PRESERVE PH 3","Real","$597,443","$597,443"
"R628700","R-17-W440-030E-0018","RAJENDRAN, GUNASEKAR & AMUDHA GUNASEKAR","4005 ALTUS FALLS WAY  LEANDER, TX 78641","4005 ALTUS FALLS WAY, LEANDER, TX  78641","S12916 - LOST WOODS PRESERVE PH 3, BLOCK E, Lot 18","L497517B"," ","S12916 - LOST WOODS PRESERVE PH 3","Real","$591,702","$591,702"
"R628701","R-17-W440-030E-0019","SIVASUBRAMANIAM MANIVASAKAM & INDHURAGAVI NATARAJAN AS CO-TRS OF THE SMIN FAM RE","4001 ALTUS FALLS WAY  LEANDER, TX 78641-5517","4001 ALTUS FALLS WAY, LEANDER, TX  78641","S12916 - LOST WOODS PRESERVE PH 3, BLOCK E, Lot 19","L497517B"," ","S12916 - LOST WOODS PRESERVE PH 3","Real","$586,148","$586,148"
"R628702","R-17-W440-030E-0020","JALAGAM, SREE ANANTHA VENKATA NAGA SUGUNA","3941 ALTUS FALLS WAY  LEANDER, TX 78641","3941 ALTUS FALLS WAY, LEANDER, TX  78641","S12916 - LOST WOODS PRESERVE PH 3, BLOCK E, Lot 20","L497517B"," ","S12916 - LOST WOODS PRESERVE PH 3","Real","$588,426","$588,426"
"R628703","R-17-W440-030E-0021","MUNNIREDDY, VIJAYAKUMAR & SRUTHI PALLIPATU","3937 ALTUS FALLS WAY  LEANDER, TX 78641","3937 ALTUS FALLS WAY, LEANDER, TX  78641","S12916 - LOST WOODS PRESERVE PH 3, BLOCK E, Lot 21","L497517B"," ","S12916 - LOST WOODS PRESERVE PH 3","Real","$657,879","$657,879"
"R628704","R-17-W440-030E-0022","SIVAKUMAR BALAKRISHNAN & ANNAPOORANI BALASUBRAMANIAN OF SIVAKUMAR LVG TST","3933 ALTUS FALLS WAY  LEANDER, TX 78641-5516","3933 ALTUS FALLS WAY, LEANDER, TX  78641","S12916 - LOST WOODS PRESERVE PH 3, BLOCK E, Lot 22","L497517B"," ","S12916 - LOST WOODS PRESERVE PH 3","Real","$655,309","$655,309"
"R628706","R-17-W440-030E-0024","KORADIYA, SHAILESHKUMAR JERAMBHAI & REKHABEN SHAILESHKUMAR","3921 ALTUS FALLS WAY  LEANDER, TX 78641-5516","3921 ALTUS FALLS WAY, LEANDER, TX  78641","S12916 - LOST WOODS PRESERVE PH 3, BLOCK E, Lot 24","L497517B"," ","S12916 - LOST WOODS PRESERVE PH 3","Real","$591,944","$591,944"
"R628707","R-17-W440-030E-0025","SHANMUGAM, MAHENDRAN & GAYATHRI MAHENDRAN","3917 ALTUS FALLS WAY  LEANDER, TX 78641","3917 ALTUS FALLS WAY, LEANDER, TX  78641","S12916 - LOST WOODS PRESERVE PH 3, BLOCK E, Lot 25","L497517B"," ","S12916 - LOST WOODS PRESERVE PH 3","Real","$580,859","$580,859"
"R628708","R-17-W440-030F-0008","MUTHIAH RAJ MOHAN RAJA & SUDHA GOVINDASAMY TRUSTEES RMSG FAMILY REVOCABLE TRUST","2504 STEEL TIMBER TRL  LEANDER, TX 78641","2504 STEEL TIMBER TRL, LEANDER, TX  78641","S12916 - LOST WOODS PRESERVE PH 3, BLOCK F, Lot 8","L497517B"," ","S12916 - LOST WOODS PRESERVE PH 3","Real","$592,092","$592,092"
"R628712","R-17-W440-030F-0012","ASHWIN SHRINIVAS BAHETI & RASHMI ASHWIN BAHETI COTRS BAHETI LIVING TRUST","2428 STEEL TIMBER TRL  LEANDER, TX 78641-0009","2428 STEEL TIMBER TRL, LEANDER, TX  78641","S12916 - LOST WOODS PRESERVE PH 3, BLOCK F, Lot 12","L497517B"," ","S12916 - LOST WOODS PRESERVE PH 3","Real","$598,892","$598,892"
"R628715","R-17-W440-030F-0015","VISHAL KHANDALKAR & SHWETA PUNTAMBEKAR TRS KHANDALKAR LIVING TRUST","2416 STEEL TIMBER TRL  LEANDER, TX 78641-0009","2416 STEEL TIMBER TRL, LEANDER, TX  78641","S12916 - LOST WOODS PRESERVE PH 3, BLOCK F, Lot 15","L497517B"," ","S12916 - LOST WOODS PRESERVE PH 3","Real","$618,679","$618,679"
"R628716","R-17-W440-030I-0001","LANSAKARA, DHARMIKA PATHIRATNE & MANGALA WICKRAMANAYAKE KARUNARATNE","3948 JULIAN LN  LEANDER, TX 78641-5514","3948 JULIAN LN, LEANDER, TX  78641","S12916 - LOST WOODS PRESERVE PH 3, BLOCK I, Lot 1","L497517B"," ","S12916 - LOST WOODS PRESERVE PH 3","Real","$609,017","$609,017"
"R628718","R-17-W440-030J-0001","LOST WOODS PRESERVE RESIDENTIAL COMMUNITY INC","PO BOX 421150 MINNEAPOLIS, MN 55442-0150","JULIAN LN, LEANDER, TX  78641","S12916 - LOST WOODS PRESERVE PH 3, BLOCK J, Lot 1, ACRES 8.613, (OPEN SPACE)","L497517B"," ","S12916 - LOST WOODS PRESERVE PH 3","Real","$2,584","$2,584"
"R628719","R-17-W440-030J-0003","LOST WOODS PRESERVE RESIDENTIAL COMMUNITY INC","PO BOX 421150 MINNEAPOLIS, MN 55442-0150","2409 LOST WOODS BND, LEANDER, TX  78641","S12916 - LOST WOODS PRESERVE PH 3, BLOCK J, Lot 3, ACRES 0.941, (OPEN SPACE)","L497517B"," ","S12916 - LOST WOODS PRESERVE PH 3","Real","$13,605","$13,605"
"R628720","R-17-W440-030K-0001","SUNDARAM, SRINIVASAN & SARANYA HARIHARAN","2329 SERENE PL  LEANDER, TX 78641-5515","2329 SERENE PL, LEANDER, TX  78641","S12916 - LOST WOODS PRESERVE PH 3, BLOCK K, Lot 1","L497517B"," ","S12916 - LOST WOODS PRESERVE PH 3","Real","$652,627","$652,627"
"R628722","R-17-W440-030K-0003","CHERUKURI, NAVEEN R & ROHITHA","2321 SERENE PL  LEANDER, TX 78641-5515","2321 SERENE PL, LEANDER, TX  78641","S12916 - LOST WOODS PRESERVE PH 3, BLOCK K, Lot 3","L497517B"," ","S12916 - LOST WOODS PRESERVE PH 3","Real","$634,963","$634,963"
"R628723","R-17-W440-030K-0004","JIGAR KANUBHAI PATEL & KHYATIBEN JIGAR TRS JPKP FAMILY REVOCABLE TRUST","2317 SERENE PL  LEANDER, TX 78641-5515","2317 SERENE PL, LEANDER, TX  78641","S12916 - LOST WOODS PRESERVE PH 3, BLOCK K, Lot 4","L497517B"," ","S12916 - LOST WOODS PRESERVE PH 3","Real","$629,671","$629,671"
"R628724","R-17-W440-030K-0005","KOTA, NAVA AJAY KANTH & SRUJANA","2313 SERENE PL  LEANDER, TX 78641-5515","2313 SERENE PL, LEANDER, TX  78641","S12916 - LOST WOODS PRESERVE PH 3, BLOCK K, Lot 5","L497517B"," ","S12916 - LOST WOODS PRESERVE PH 3","Real","$643,865","$643,865"
"R628725","R-17-W440-030K-0006","YERRAMADA, SAMARA SIMHA REDDY & RAMYA GUJJA","2309 SERENE PL  LEANDER, TX 78641-5515","2309 SERENE PL, LEANDER, TX  78641","S12916 - LOST WOODS PRESERVE PH 3, BLOCK K, Lot 6","L497517B"," ","S12916 - LOST WOODS PRESERVE PH 3","Real","$618,355","$618,355"
"R628728","R-17-W440-030K-0009","ARVAPALLY, VENKATESHAM & UMARANI ARAVAPALLY & KRISHNA ARVAPALLY","2304 SERENE PL  LEANDER, TX 78641-5515","2304 SERENE PL, LEANDER, TX  78641","S12916 - LOST WOODS PRESERVE PH 3, BLOCK K, Lot 9","L497517B"," ","S12916 - LOST WOODS PRESERVE PH 3","Real","$582,432","$582,432"
"R628729","R-17-W440-030K-0010","JHA, PRAVIN KUMAR & SHALINI","2308 SERENE PL  LEANDER, TX 78641-5515","2308 SERENE PL, LEANDER, TX  78641","S12916 - LOST WOODS PRESERVE PH 3, BLOCK K, Lot 10","L497517B"," ","S12916 - LOST WOODS PRESERVE PH 3","Real","$589,472","$589,472"
"R628734","R-17-W440-030K-0015","GOGULAMUDI, PRAVEEN KUMAR REDDY & HARSHITHA AKULA","3945 JULIAN LN  LEANDER, TX 78641-5514","3945 JULIAN LN, LEANDER, TX  78641","S12916 - LOST WOODS PRESERVE PH 3, BLOCK K, Lot 15","L497517B"," ","S12916 - LOST WOODS PRESERVE PH 3","Real","$633,637","$633,637"
"R628735","R-17-W440-030K-0016","GADDAMANUGU, TARAKARAMA RAVI KUMAR & SRI HARSHITA","3949 JULIAN LN  LEANDER, TX 78641-5514","3949 JULIAN LN, LEANDER, TX  78641","S12916 - LOST WOODS PRESERVE PH 3, BLOCK K, Lot 16","L497517B"," ","S12916 - LOST WOODS PRESERVE PH 3","Real","$594,153","$594,153"
"R628736","R-17-W440-030K-0017","VANKAYALAPATI, MADHUSUDHAN REDDY & SARITHA MATLURI","3953 JULIAN LN  LEANDER, TX 78641-5514","3953 JULIAN LN, LEANDER, TX  78641","S12916 - LOST WOODS PRESERVE PH 3, BLOCK K, Lot 17","L497517B"," ","S12916 - LOST WOODS PRESERVE PH 3","Real","$636,421","$636,421"
