"PROPERTY ID","ACCOUNT","OWNER NAME","OWNER ADDRESS","SITUS ADDRESS","LEGAL DESCRIPTION","PROPERTY TYPE","2026 ASSESSED VALUE","2026 MARKET VALUE"
"R051144","R-16-4821-000A-0021","WEBSTER, STEPHEN WILLIAM & CLARE ALBERS","1805 SPRINGWATER DR ROUND ROCK, TX 78681-4403","1805 SPRINGWATER DR, ROUND ROCK, TX  78681","OAKLANDS THE SEC 1-A, BLOCK A, LOT 21","Real","$527,145","$527,145"
"R081232","R-16-4823-000H-0036","MITCHELL, RAY","2225 PARKLAND CV  ROUND ROCK, TX 78681","2225 PARKLAND CV, ROUND ROCK, TX  78681","S4296 - Oaklands Sec 3a, BLOCK H, Lot 36","Real","$452,996","$452,996"
"R081233","R-16-4823-000H-0035","DRUMMOND, MEGAN KAY","2223 PARKLAND CV  ROUND ROCK, TX 78681","2223 PARKLAND CV, ROUND ROCK, TX  78681","OAKLANDS SEC 3A, BLOCK H, LOT 35","Real","$523,990","$523,990"
"R081234","R-16-4823-000H-0034","LANNING, ROSS & AMY","2221 PARKLAND CV  ROUND ROCK, TX 78681","2221 PARKLAND CV, ROUND ROCK, TX  78681","OAKLANDS SEC 3A, BLOCK H, LOT 34","Real","$548,476","$548,476"
"R081235","R-16-4823-000H-0033","CABLE, JEREMIAH","2219 PARKLAND CV  ROUND ROCK, TX 78681","2219 PARKLAND CV, ROUND ROCK, TX  78681","S7110 - Oaklands Sec 3a, 3b, & 2-revised Amending Plat, BLOCK H, Lot 33","Real","$497,797","$497,797"
"R081236","R-16-4823-000H-0032","DEBEAU, VICTOR OSWALD & NANCY COBB DEBEAU","NANCY COBB DEBEAU 2217 PARKLAND CV ROUND ROCK, TX 78681-4086","2217 PARKLAND CV, ROUND ROCK, TX  78681","S7110 - Oaklands Sec 3a, 3b, & 2-revised Amending Plat, BLOCK H, Lot 32","Real","$469,798","$469,798"
"R081237","R-16-4823-000H-0031","MROZEK, CRAIG & STACIE","2215 PARKLAND CV  ROUND ROCK, TX 78681","2215 PARKLAND CV, ROUND ROCK, TX  78681","S7110 - Oaklands Sec 3a, 3b, & 2-revised Amending Plat, BLOCK H, Lot 31","Real","$509,712","$509,712"
"R081238","R-16-4823-000H-0030","DINOLFO, JULIA & ORION ARAGORN ARCHUNG","2213 PARKLAND CV  ROUND ROCK, TX 78681","2213 PARKLAND CV, ROUND ROCK, TX  78681","S7110 - Oaklands Sec 3a, 3b, & 2-revised Amending Plat, BLOCK H, Lot 30","Real","$473,506","$473,506"
"R081239","R-16-4823-000H-0029","TIDWELL, FREDERICK WILEY III & REBECCA HYTOVICK","2212 PARKLAND CV  ROUND ROCK, TX 78681","2212 PARKLAND CV, ROUND ROCK, TX  78681","OAKLANDS SEC 3A, BLOCK H, LOT 29","Real","$451,413","$451,413"
"R081240","R-16-4823-000H-0028","TSENG, HSIANG JER & CHIH JUNG HSU","1892 SIPES ALY  ORLANDO, FL 32814","2210 PARKLAND CV, ROUND ROCK, TX  78681","S4296 - Oaklands Sec 3a, BLOCK H, Lot 28, ACRES 0.1677, & LOT 21 (PT)","Real","$444,815","$444,815"
"R081241","R-16-4823-000H-0027","COX, DANIEL R & ELIZABETH B","2208 PARKLAND CV  ROUND ROCK, TX 78681","2208 PARKLAND CV, ROUND ROCK, TX  78681","OAKLANDS SEC 3A, BLOCK H, LOT 27","Real","$491,083","$491,083"
"R081242","R-16-4823-000H-0026","DURFEE, KENNETH & INGRID M","2206 PARKLAND CV ROUND ROCK, TX 78681-4086","2206 PARKLAND CV, ROUND ROCK, TX  78681","OAKLANDS SEC 3A, BLOCK H, LOT 26","Real","$470,216","$470,216"
"R081243","R-16-4823-000H-0025","CHINNASWAMY, ROHITH & MYTHILY JAGANATHAN","2204 PARKLAND CV  ROUND ROCK, TX 78681","2204 PARKLAND CV, ROUND ROCK, TX  78681","OAKLANDS SEC 3A, BLOCK H, LOT 25","Real","$440,714","$440,714"
"R081244","R-16-4823-000H-0024","JOSEPH, MICHAEL A & MYRIAM E","3249 GOLDENOAK CIR ROUND ROCK, TX 78681-2291","2202 PARKLAND CV, ROUND ROCK, TX  78681","OAKLANDS SEC 3A, BLOCK H, LOT 24","Real","$510,960","$510,960"
"R081245","R-16-4823-000H-0023","TERRY, DREW A & REBECCA L","608 OAK PARK DR ROUND ROCK, TX 78681-4088","608 OAK PARK DR, ROUND ROCK, TX  78681","OAKLANDS SEC 3A, BLOCK H, LOT 23","Real","$507,507","$507,507"
"R081246","R-16-4823-000H-0022","CONTRERAS, ALBERT J & KAMMI","610 OAK PARK DR ROUND ROCK, TX 78681-4088","610 OAK PARK DR, ROUND ROCK, TX  78681","OAKLANDS SEC 3A, BLOCK H, LOT 22","Real","$522,129","$522,129"
"R081247","R-16-4823-000H-0021","OAKLAND OWNERS ASSOC INC THE","c/o GOODWIN MANAGEMENT, INC PO BOX 203310 AUSTIN, TX 78720-3310","700 OAK PARK DR, ROUND ROCK, TX  78681","S4296 - Oaklands Sec 3a, BLOCK H, Lot 21/PT (COM, ACRES 3.3067","Real","$11,802","$11,802"
"R081248","R-16-4823-000H-0020","HO, HUONG & SON HUYNH THAI TRAN","2201 CLEARWATER DR  ROUND ROCK, TX 78681","2201 CLEARWATER DR, ROUND ROCK, TX  78681","OAKLANDS SEC 3A, BLOCK H, LOT 20 & 21/PT","Real","$581,663","$581,663"
"R081249","R-16-4823-000H-0019","WALZ, PETER CHRISTOPHER & NORMA A","2301 COUNTY ROAD 105 HUTTO, TX 78634-3057","2203 CLEARWATER DR, ROUND ROCK, TX  78681","OAKLANDS SEC 3A, BLOCK H, LOT 19","Real","$486,245","$486,245"
"R081250","R-16-4823-000H-0018","SCHNEIDER, KASIE RENEE","905 BROOKSIDE CT  ROUND ROCK, TX 78681","905 BROOKSIDE CT, ROUND ROCK, TX  78681","OAKLANDS SEC 3A, BLOCK H, LOT 18","Real","$565,793","$565,793"
"R081251","R-16-4823-000H-0017","NICHOLSON, JAMES","903 BROOKSIDE CT  ROUND ROCK, TX 78681","903 BROOKSIDE CT, ROUND ROCK, TX  78681","OAKLANDS SEC 3A, BLOCK H, LOT 17","Real","$515,150","$515,150"
"R081252","R-16-4823-000H-0016","CIERI, CHRISTOPHER J & JAMIE L","901 BROOKSIDE CT  ROUND ROCK, TX 78681","901 BROOKSIDE CT, ROUND ROCK, TX  78681","OAKLANDS SEC 3A, BLOCK H, LOT 16","Real","$553,943","$553,943"
"R081253","R-16-4823-000H-0015","STEARNS, STEVEN L & JEANNE H","900 BROOKSIDE CT ROUND ROCK, TX 78681-4073","900 BROOKSIDE CT, ROUND ROCK, TX  78681","S4296 - Oaklands Sec 3a, BLOCK H, Lot 15, ACRES 0.214","Real","$616,243","$616,243"
"R081254","R-16-4823-000H-0014","CORDERO, ROBERT B & EMORI","902 BROOKSIDE CT  ROUND ROCK, TX 78681","902 BROOKSIDE CT, ROUND ROCK, TX  78681","S4296 - Oaklands Sec 3a, BLOCK H, Lot 14 & PT 21","Real","$637,301","$637,301"
"R081255","R-16-4823-000H-0013","GARCIA, RICARDO H & MARISA S","904 BROOKSIDE CT ROUND ROCK, TX 78681-4073","904 BROOKSIDE CT, ROUND ROCK, TX  78681","OAKLANDS SEC 3A, BLOCK H, LOT 13","Real","$524,693","$524,693"
"R081256","R-16-4823-000H-0012","NGUYEN, LINH & THAO TRAN","906 BROOKSIDE CT  ROUND ROCK, TX 78681-4073","906 BROOKSIDE CT, ROUND ROCK, TX  78681","OAKLANDS SEC 3A, BLOCK H, LOT 12","Real","$551,506","$551,506"
"R081257","R-16-4823-000H-0011","JOHNSON M E 'GENE' DESCENDANT TRUST","4612 HORSESHOE BND AUSTIN, TX 78731-5325","909 SWEETWATER CV, ROUND ROCK, TX  78681","OAKLANDS SEC 3A, BLOCK H, LOT 11","Real","$546,500","$546,500"
"R081258","R-16-4823-000H-0010","VASQUEZ, JOHN E & MARGARET H","907 SWEETWATER CV ROUND ROCK, TX 78681-4072","907 SWEETWATER CV, ROUND ROCK, TX  78681","OAKLANDS SEC 3A, BLOCK H, LOT 10","Real","$474,240","$474,240"
"R081259","R-16-4823-000H-0009","GUELICH, JONATHAN & TANYA","505 GOULD CT LIBERTY HILL, TX 78642-2388","905 SWEETWATER CV, ROUND ROCK, TX  78681","OAKLANDS SEC 3A, BLOCK H, LOT 9","Real","$578,203","$578,203"
"R081260","R-16-4823-000H-0008","SHAW, JONATHAN L & CATHERINE B","903 SWEETWATER CV ROUND ROCK, TX 78681-4072","903 SWEETWATER CV, ROUND ROCK, TX  78681","OAKLANDS SEC 3A, BLOCK H, LOT 8","Real","$568,605","$568,605"
"R081261","R-16-4823-000H-0007","CANNON, ANDREW W & EMILY P","901 SWEETWATER CV  ROUND ROCK, TX 78681","901 SWEETWATER CV, ROUND ROCK, TX  78681","OAKLANDS SEC 3A, BLOCK H, LOT 7","Real","$559,894","$559,894"
"R081262","R-16-4823-000H-0006","SHOEMAKER, AMY & ANDREW TIJERINA JR","900 SWEETWATER CV  ROUND ROCK, TX 78681","900 SWEETWATER CV, ROUND ROCK, TX  78681","OAKLANDS SEC 3A, BLOCK H, LOT 6","Real","$496,137","$496,137"
"R081263","R-16-4823-000H-0005","LADEIRA, LEONARDO BARCELLOS & LUCIANA DE CASSIA TARDELLI","902 SWEETWATER CV  ROUND ROCK, TX 78681","902 SWEETWATER CV, ROUND ROCK, TX  78681","OAKLANDS SEC 3A, BLOCK H, LOT 5","Real","$609,778","$609,778"
"R081264","R-16-4823-000H-0004","HAROLD HERBERT FLANDERS & NANCY RUTH SOUTHWORTH HANEY FLANDERS TRS OF THE HAROLD","904 SWEETWATER CV  ROUND ROCK, TX 78681-4072","904 SWEETWATER CV, ROUND ROCK, TX  78681","OAKLANDS SEC 3A, BLOCK H, LOT 4","Real","$587,816","$587,816"
"R081265","R-16-4823-000H-0003","DUDLEY, GENE & SHANNON K","906 SWEETWATER CV  ROUND ROCK, TX 78681","906 SWEETWATER CV, ROUND ROCK, TX  78681","OAKLANDS SEC 3A, BLOCK H, LOT 3","Real","$494,928","$494,928"
"R081266","R-16-4823-000H-0002","QADRI OMERUZZIA SYED & SHAZIA AZIZ CO TRUSTEES OF THE OQ AND SA FAMILY REV TRUST","908 SWEETWATER CV  ROUND ROCK, TX 78681","908 SWEETWATER CV, ROUND ROCK, TX  78681","OAKLANDS SEC 3A, BLOCK H, LOT 2","Real","$524,791","$524,791"
"R081267","R-16-4823-000H-0001","LEE, JINU","910 SWEETWATER CV  ROUND ROCK, TX 78681","910 SWEETWATER CV, ROUND ROCK, TX  78681","OAKLANDS SEC 3A, BLOCK H, LOT 1","Real","$517,738","$517,738"
"R081268","R-16-4823-000F-0038","HARESH, PADMA","805 OAK PARK DR  ROUND ROCK, TX 78681-4077","805 OAK PARK DR, ROUND ROCK, TX  78681","OAKLANDS SEC 3A, BLOCK F, LOT 38","Real","$447,503","$447,503"
"R081269","R-16-4823-000F-0037","OAKLAND OWNERS ASSOC INC THE","c/o GOODWIN MANAGEMENT, INC PO BOX 203310 AUSTIN, TX 78720-3310","OAK PARK DR, ROUND ROCK, TX  78681","S4296 - Oaklands Sec 3a, BLOCK F, Lot 37 pt, ACRES 0.071, (DRAINAGE EASEMENT)","Real","$300","$300"
"R081270","R-16-4823-000F-0036","TOM, ROBERT JOHN & CAROLYN CHAN","4408 VIVIAN ST  BELLAIRE, TX 77401-5631","803 OAK PARK DR, ROUND ROCK, TX  78681","OAKLANDS SEC 3A, BLOCK F, LOT 36,37(PT)","Real","$507,396","$507,396"
"R081271","R-16-4823-000F-0035","CHAN, DAVID & JENNIFER","801 OAK PARK DR  ROUND ROCK, TX 78681","801 OAK PARK DR, ROUND ROCK, TX  78681","OAKLANDS SEC 3A, BLOCK F, LOT 35","Real","$525,370","$525,370"
"R081272","R-16-4823-000F-0034","HILL, MELISSA R","707 OAK PARK DR  ROUND ROCK, TX 78681","707 OAK PARK DR, ROUND ROCK, TX  78681","OAKLANDS SEC 3A, BLOCK F, LOT 34","Real","$550,531","$550,531"
"R081273","R-16-4823-000F-0033","ROBBINS, TERRY S & TERRY L","705 OAK PARK DR ROUND ROCK, TX 78681-4071","705 OAK PARK DR, ROUND ROCK, TX  78681","OAKLANDS SEC 3A, BLOCK F, LOT 33","Real","$548,451","$548,451"
"R081274","R-16-4823-000F-0032","KESSELRING, SARA L & MARK D","703 OAK PARK DR ROUND ROCK, TX 78681","703 OAK PARK DR, ROUND ROCK, TX  78681","OAKLANDS SEC 3A, BLOCK F, LOT 32","Real","$496,909","$496,909"
"R081275","R-16-4823-000F-0031","PAMELA ANNE ESTES & MICHAEL WAYNE ESTES OF BLACKBIRD TRUST","701 OAK PARK DR  ROUND ROCK, TX 78681-4071","701 OAK PARK DR, ROUND ROCK, TX  78681","OAKLANDS SEC 3A, BLOCK F, LOT 31","Real","$440,902","$440,902"
"R081276","R-16-4823-000F-0030","OAKLAND OWNERS ASSOC INC THE","c/o GOODWIN MANAGEMENT, INC PO BOX 203310 AUSTIN, TX 78720-3310","613 OAK PARK DR, ROUND ROCK, TX  78681","S4296 - Oaklands Sec 3a, BLOCK F, Lot 30 pt, ACRES 0.0964, (DRAINAGE EASEMENT)","Real","$300","$300"
"R081277","R-16-4823-000F-0029","PRAY, AUSTIN & KELLY EASTWOOD","611 OAK PARK DR  ROUND ROCK, TX 78681","611 OAK PARK DR, ROUND ROCK, TX  78681","S7112 - Oaklands Sec 3a Lts 26-29 Blk F & Sec 1a Blk F Lt 11, BLOCK F, Lot 29","Real","$432,241","$432,241"
"R081278","R-16-4823-000F-0028","BENNETT, ADAM K & CANDIDA B","23651 LITCHFIELD BEND LN KATY, TX 77494-2292","609 OAK PARK DR, ROUND ROCK, TX  78681","S7112 - Oaklands Sec 3a Lts 26-29 Blk F & Sec 1a Blk F Lt 11, BLOCK F, Lot 28","Real","$510,860","$510,860"
"R081279","R-16-4823-000F-0027","JACOBS, JAMES WESLEY JR & TOK HUI JACOBS","607 OAK PARK DR ROUND ROCK, TX 78681-4087","607 OAK PARK DR, ROUND ROCK, TX  78681","S7112 - Oaklands Sec 3a Lts 26-29 Blk F & Sec 1a Blk F Lt 11, BLOCK F, Lot 27","Real","$466,191","$466,191"
"R081280","R-16-4823-000F-0026","OCONNOR, PATRICE","605 OAK PARK DR  ROUND ROCK, TX 78681-4087","605 OAK PARK DR, ROUND ROCK, TX  78681","S7112 - Oaklands Sec 3a Lts 26-29 Blk F & Sec 1a Blk F Lt 11, BLOCK F, Lot 26","Real","$583,234","$583,234"
"R081281","R-16-4823-000F-0025","GWINN, MICHAEL & ANGELA","603 OAK PARK DR  ROUND ROCK, TX 78681","603 OAK PARK DR, ROUND ROCK, TX  78681","OAKLANDS SEC 3A, BLOCK F, LOT 24-25","Real","$528,374","$528,374"
"R081283","R-16-4823-000E-0025","BRIDENDOLPH, LESLIE ALISON","2218 CLEARWATER DR  ROUND ROCK, TX 78681","2218 CLEARWATER DR, ROUND ROCK, TX  78681","OAKLANDS SEC 3A, BLOCK E, LOT 25","Real","$484,306","$484,306"
"R081284","R-16-4823-000E-0024","MARAWI JOSEPH GEORGE & AREEJ BADEE ALHOU","2216 CLEARWATER DR  ROUND ROCK, TX 78681","2216 CLEARWATER DR, ROUND ROCK, TX  78681","OAKLANDS SEC 3A, BLOCK E, LOT 24","Real","$477,034","$477,034"
"R081285","R-16-4823-000E-0023","PHAM, KHAI","2214 CLEARWATER DR  ROUND ROCK, TX 78681","2214 CLEARWATER DR, ROUND ROCK, TX  78681","OAKLANDS SEC 3A, BLOCK E, LOT 23","Real","$414,186","$414,186"
"R081286","R-16-4823-000E-0022","DAUGHTRY, REED WILBURN","2212 CLEARWATER DR ROUND ROCK, TX 78681-4075","2212 CLEARWATER DR, ROUND ROCK, TX  78681","OAKLANDS SEC 3A, BLOCK E, LOT 22","Real","$567,776","$567,776"
"R081287","R-16-4823-000E-0021","FRANCO, STEVEN M & STEPHANIE R","2210 CLEARWATER DR  ROUND ROCK, TX 78681","2210 CLEARWATER DR, ROUND ROCK, TX  78681","OAKLANDS SEC 3A, BLOCK E, LOT 21","Real","$450,340","$450,340"
"R081288","R-16-4823-000E-0020","RODRIGUEZ, RODOLFO M","2208 CLEARWATER DR  ROUND ROCK, TX 78681-4075","2208 CLEARWATER DR, ROUND ROCK, TX  78681","OAKLANDS SEC 3A, BLOCK E, LOT 20","Real","$551,766","$551,766"
"R081289","R-16-4823-000E-0019","RISKIND, DAVID A & KARLA S","2206 CLEARWATER DR ROUND ROCK, TX 78681-4075","2206 CLEARWATER DR, ROUND ROCK, TX  78681","OAKLANDS SEC 3A, BLOCK E, LOT 19","Real","$486,786","$486,786"
"R081290","R-16-4823-000E-0018","BENTETI, BERETIATA T & KRISTI L","2204 CLEARWATER DR  ROUND ROCK, TX 78681","2204 CLEARWATER DR, ROUND ROCK, TX  78681","OAKLANDS SEC 3A, BLOCK E, LOT 18","Real","$558,804","$558,804"
"R081291","R-16-4823-000E-0017","MCLEOD, CATHY L & PATRICK S","2202 CLEARWATER DR  ROUND ROCK, TX 78681","2202 CLEARWATER DR, ROUND ROCK, TX  78681","OAKLANDS SEC 3A, BLOCK E, LOT 17","Real","$534,272","$534,272"
"R081292","R-16-4823-000E-0016","COTTON, DONALD W & SALLY A","2200 CLEARWATER DR ROUND ROCK, TX 78681-4075","2200 CLEARWATER DR, ROUND ROCK, TX  78681","OAKLANDS SEC 3A, BLOCK E, LOT 16","Real","$518,734","$518,734"
"R081293","R-16-4823-000E-0015","SCOTT, KAREN L","900 OAK PARK DR ROUND ROCK, TX 78681-4079","900 OAK PARK DR, ROUND ROCK, TX  78681","OAKLANDS SEC 3A, BLOCK E, LOT 15","Real","$521,878","$521,878"
"R081294","R-16-4823-000E-0014","MARTINEZ, GEORGE E & JENNIFER T","902 OAK PARK DR  ROUND ROCK, TX 78681","902 OAK PARK DR, ROUND ROCK, TX  78681","OAKLANDS SEC 3A, BLOCK E, LOT 14","Real","$508,625","$508,625"
"R081295","R-16-4823-000E-0013","VANOVERLOOP, MICHAEL","904 OAK PARK DR  ROUND ROCK, TX 78581","904 OAK PARK DR, ROUND ROCK, TX  78681","OAKLANDS SEC 3A, BLOCK E, LOT 13","Real","$419,811","$419,811"
"R081296","R-16-4823-000E-0012","CROIX, LINDA M MUNDY","906 OAK PARK DR ROUND ROCK, TX 78681-4079","906 OAK PARK DR, ROUND ROCK, TX  78681","OAKLANDS SEC 3A, BLOCK E, LOT 12","Real","$423,105","$423,105"
"R081297","R-16-4823-000E-0011","MOSES, CHRISTOPHER TULL & AMY ELIZABETH","905 OAK PARK DR  ROUND ROCK, TX 78681-4079","905 OAK PARK DR, ROUND ROCK, TX  78681","OAKLANDS SEC 3A, BLOCK E, LOT 11","Real","$507,670","$507,670"
"R081298","R-16-4823-000E-0010","GONG, SYLVIA","903 OAK PARK DR  ROUND ROCK, TX 78681-4079","903 OAK PARK DR, ROUND ROCK, TX  78681","OAKLANDS SEC 3A, BLOCK E, LOT 10","Real","$490,984","$490,984"
"R081299","R-16-4823-000E-0009","VISHNUBHOTLA, PRASAD & RAMANIMANI","901 OAK PARK DR ROUND ROCK, TX 78681-4079","901 OAK PARK DR, ROUND ROCK, TX  78681","OAKLANDS SEC 3A, BLOCK E, LOT 9","Real","$594,840","$594,840"
"R087448","R-16-4821-000A-0001","GUNERATNE, NILUSHA D & ARUNA","2119 SPRING HOLLOW PATH  ROUND ROCK, TX 78681","2119 SPRING HOLLOW PATH, ROUND ROCK, TX  78681","S4293 - Oaklands The Sec 1-a, BLOCK A, Lot 1","Real","$532,509","$532,509"
"R087450","R-16-4821-000A-0002","MUSHTAQ, AMER","2117 SPRING HOLLOW PATH  ROUND ROCK, TX 78681","2117 SPRING HOLLOW PATH, ROUND ROCK, TX  78681","OAKLANDS THE SEC 1-A, BLOCK A, LOT 2","Real","$510,365","$510,365"
"R087452","R-16-4821-000A-0003","FREDRICH, BRIAN & RACHAEL","2115 SPRING HOLLOW PATH  ROUND ROCK, TX 78681","2115 SPRING HOLLOW PATH, ROUND ROCK, TX  78681","OAKLANDS THE SEC 1-A, BLOCK A, LOT 3","Real","$524,923","$524,923"
"R087455","R-16-4821-000A-0004","RODRIGUEZ, NICHOLAS & ALEXANDRIA","2113 SPRING HOLLOW PATH  ROUND ROCK, TX 78681-4054","2113 SPRING HOLLOW PATH, ROUND ROCK, TX  78681","OAKLANDS THE SEC 1-A, BLOCK A, LOT 4","Real","$556,007","$556,007"
"R087457","R-16-4821-000A-0005","VADLAPUDI, SHIVARANJAN & PRANEETHA TANGELLAPALLI","1012 SIENA SUNSET RD LEANDER, TX 78641-5305","2111 SPRING HOLLOW PATH, ROUND ROCK, TX  78681","OAKLANDS THE SEC 1-A, BLOCK A, LOT 5","Real","$572,662","$572,662"
"R087459","R-16-4821-000A-0006","PARICIO, TODD STEVEN","4216 ENDCLIFFE DR  AUSTIN, TX 78731","2109 SPRING HOLLOW PATH, ROUND ROCK, TX  78681","OAKLANDS THE SEC 1-A, BLOCK A, LOT 6","Real","$516,245","$516,245"
"R087461","R-16-4821-000A-0007","MITZELFELT, STEVEN A & RENE R","2107 SPRING HOLLOW PATH  ROUND ROCK, TX 78681","2107 SPRING HOLLOW PATH, ROUND ROCK, TX  78681","OAKLANDS THE SEC 1-A, BLOCK A, LOT 7","Real","$507,596","$507,596"
"R087463","R-16-4821-000A-0008","JERNT, DONALD & GERALDINE","2105 SPRING HOLLOW PATH ROUND ROCK, TX 78681-4054","2105 SPRING HOLLOW PATH, ROUND ROCK, TX  78681","OAKLANDS THE SEC 1-A, BLOCK A, LOT 8","Real","$572,531","$572,531"
"R087465","R-16-4821-000A-0009","MA, DARREN & WAI MAN LIN","2103 SPRING HOLLOW PATH ROUND ROCK, TX 78681-4054","2103 SPRING HOLLOW PATH, ROUND ROCK, TX  78681","OAKLANDS THE SEC 1-A, BLOCK A, LOT 9","Real","$493,065","$493,065"
"R087468","R-16-4821-000A-0010","RAKHAR, DHANMATIE L","2101 SPRING HOLLOW PATH  ROUND ROCK, TX 78681","2101 SPRING HOLLOW PATH, ROUND ROCK, TX  78681","OAKLANDS THE SEC 1-A, BLOCK A, LOT 10","Real","$521,138","$521,138"
"R087470","R-16-4821-000A-0011","WOODRUFF, JODY G & SANDRA","1913 SPRINGWATER DR ROUND ROCK, TX 78681-4062","1913 SPRINGWATER DR, ROUND ROCK, TX  78681","OAKLANDS THE SEC 1-A, BLOCK A, LOT 11","Real","$473,518","$473,518"
"R087473","R-16-4821-000A-0012","MORGAN, LAURA ANN","1911 SPRINGWATER DR ROUND ROCK, TX 78681-4062","1911 SPRINGWATER DR, ROUND ROCK, TX  78681","OAKLANDS THE SEC 1-A, BLOCK A, LOT 12","Real","$353,122","$353,122"
"R087476","R-16-4821-000A-0013","ABBINENI, ABHIRAM & HANISHA KOGANTI","9815 QUERCIA DR  AUSTIN, TX 78717","1909 SPRINGWATER DR, ROUND ROCK, TX  78681","OAKLANDS THE SEC 1-A, BLOCK A, LOT 13","Real","$579,275","$579,275"
"R087478","R-16-4821-000A-0014","ADAMS, JUSTIN","1907 SPRINGWATER DR  ROUND ROCK, TX 78681","1907 SPRINGWATER DR, ROUND ROCK, TX  78681","OAKLANDS THE SEC 1-A, BLOCK A, LOT 14","Real","$521,919","$521,919"
"R087480","R-16-4821-000A-0015","DINH, RICHARD T & THANH-HOA T","1905 SPRINGWATER DR ROUND ROCK, TX 78681-4062","1905 SPRINGWATER DR, ROUND ROCK, TX  78681","OAKLANDS THE SEC 1-A, BLOCK A, LOT 15","Real","$509,862","$509,862"
"R087481","R-16-4821-000A-0016","MUSSMAN, CONNIE","1903 SPRINGWATER DR ROUND ROCK, TX 78681-4062","1903 SPRINGWATER DR, ROUND ROCK, TX  78681","OAKLANDS THE SEC 1-A, BLOCK A, LOT 16","Real","$571,856","$571,856"
"R087483","R-16-4821-000A-0017","RASTE, NEHA NITIN & PHANEENDRA PAGADALA","1901 SPRINGWATER DR  ROUND ROCK, TX 78681","1901 SPRINGWATER DR, ROUND ROCK, TX  78681","OAKLANDS THE SEC 1-A, BLOCK A, LOT 17","Real","$489,071","$489,071"
"R087485","R-16-4821-000A-0018","DAVID QUOC TRAN TRUSTEE OF THE DAVID & ANNA TRAN REVOCABLE LIVING TRUST","1811 SPRINGWATER DR  ROUND ROCK, TX 78681-4403","1811 SPRINGWATER DR, ROUND ROCK, TX  78681","OAKLANDS THE SEC 1-A, BLOCK A, LOT 18","Real","$522,163","$522,163"
"R087487","R-16-4821-000A-0019","CHEN, ZHI CHUN & QING XIANG","2601 N HIGHWAY 183 LIBERTY HILL, TX 78642-4746","1809 SPRINGWATER DR, ROUND ROCK, TX  78681","OAKLANDS THE SEC 1-A, BLOCK A, LOT 19","Real","$439,933","$439,933"
"R087490","R-16-4821-000A-0020","HELMUTH, LOYAL ANTHONY & TRACY DENISE","1807 SPRINGWATER DR ROUND ROCK, TX 78681-4403","1807 SPRINGWATER DR, ROUND ROCK, TX  78681","OAKLANDS THE SEC 1-A, BLOCK A, LOT 20","Real","$483,791","$483,791"
"R087500","R-16-4821-000A-0022","HARDY, KALEB CHRISTIAN","1803 SPRINGWATER DR  ROUND ROCK, TX 78681-4403","1803 SPRINGWATER DR, ROUND ROCK, TX  78681","OAKLANDS THE SEC 1-A, BLOCK A, LOT 22","Real","$597,559","$597,559"
"R087502","R-16-4821-000A-0023","TAN, JUSTIN & MEREDITH","1809 JOHNSON WAY  ROUND ROCK, TX 78681-4065","1809 JOHNSON WAY, ROUND ROCK, TX  78681","OAKLANDS THE SEC 1-A, BLOCK A, LOT 23","Real","$495,895","$495,895"
"R087503","R-16-4821-000A-0024","APPL, WILLIAM & ERIN ALISON","1807 JOHNSON WAY  ROUND ROCK, TX 78681","1807 JOHNSON WAY, ROUND ROCK, TX  78681","OAKLANDS THE SEC 1-A, BLOCK A, LOT 24","Real","$507,285","$507,285"
"R087504","R-16-4821-000B-0001","MITCHELL, TARA NICOLE","1910 SPRINGWATER DR  ROUND ROCK, TX 78681-4063","1910 SPRINGWATER DR, ROUND ROCK, TX  78681","S4293 - Oaklands The Sec 1-a, BLOCK B, Lot 1, ACRES 0.252","Real","$530,264","$530,264"
"R087505","R-16-4821-000B-0002","LEE, HYUN GORN","1908 SPRINGWATER DR  ROUND ROCK, TX 78681","1908 SPRINGWATER DR, ROUND ROCK, TX  78681","OAKLANDS THE SEC 1-A, BLOCK B, LOT 2","Real","$448,778","$448,778"
"R087506","R-16-4821-000B-0003","WILKE, JON & MAUREEN","1906 SPRINGWATER DR  ROUND ROCK, TX 78681","1906 SPRINGWATER DR, ROUND ROCK, TX  78681","OAKLANDS THE SEC 1-A, BLOCK B, LOT 3","Real","$416,178","$416,178"
"R087507","R-16-4821-000B-0004","ENDSLEY, RICKEY & VICKI","1904 SPRINGWATER DR  ROUND ROCK, TX 78681","1904 SPRINGWATER DR, ROUND ROCK, TX  78681","OAKLANDS THE SEC 1-A, BLOCK B, LOT 4","Real","$513,310","$513,310"
"R087509","R-16-4821-000B-0005","JOHN S ROAN III & DEBORAH A ROAN TRS OF THE ROAN FAMILY TRUST","600 OAKLANDS DR  ROUND ROCK, TX 78681-4027","1902 SPRINGWATER DR, ROUND ROCK, TX  78681","OAKLANDS THE SEC 1-A, BLOCK B, LOT 5","Real","$423,818","$423,818"
"R087510","R-16-4821-000B-0006","WISE, OSCAR JR & SHANA R","1900 SPRINGWATER DR ROUND ROCK, TX 78681-4063","1900 SPRINGWATER DR, ROUND ROCK, TX  78681","OAKLANDS THE SEC 1-A, BLOCK B, LOT 6","Real","$391,958","$391,958"
"R087511","R-16-4821-000B-0007","COLLINS, LAFAYETTE","1800 SPRINGWATER DR ROUND ROCK, TX 78681-4061","1800 SPRINGWATER DR, ROUND ROCK, TX  78681","OAKLANDS THE SEC 1-A, BLOCK B, LOT 7","Real","$470,897","$470,897"
"R087512","R-16-4821-000B-0008","SWEET, MARGARET ANN & HOLLIS GORDON BAKER","1802 SPRINGWATER DR  ROUND ROCK, TX 78681-4061","1802 SPRINGWATER DR, ROUND ROCK, TX  78681","OAKLANDS THE SEC 1-A, BLOCK B, LOT 8","Real","$468,607","$468,607"
"R087513","R-16-4821-000B-0009","WERNER, ROBERT G & LISA L","1804 SPRINGWATER DR ROUND ROCK, TX 78681-4061","1804 SPRINGWATER DR, ROUND ROCK, TX  78681","OAKLANDS THE SEC 1-A, BLOCK B, LOT 9","Real","$421,813","$421,813"
"R087515","R-16-4821-000B-0010","JOHNSON, ELIZABETH A","1806 SPRINGWATER DR  ROUND ROCK, TX 78681","1806 SPRINGWATER DR, ROUND ROCK, TX  78681","OAKLANDS THE SEC 1-A, BLOCK B, LOT 10","Real","$387,669","$387,669"
"R087516","R-16-4821-000B-0011","MCCARTHY, RACHEL","1901 SPRING HOLLOW PATH  ROUND ROCK, TX 78681","1901 SPRING HOLLOW PATH, ROUND ROCK, TX  78681","OAKLANDS THE SEC 1-A, BLOCK B, LOT 11","Real","$513,820","$513,820"
"R087517","R-16-4821-000B-0012","CHACHOUA, GERALDINE CORINNE LEONIE & NIR YONA","1903 SPRING HOLLOW PATH  ROUND ROCK, TX 78681","1903 SPRING HOLLOW PATH, ROUND ROCK, TX  78681","OAKLANDS THE SEC 1-A, BLOCK B, LOT 12","Real","$483,933","$483,933"
"R087518","R-16-4821-000B-0013","JOHNSON, ELSTON H & BARBARA H","1905 SPRING HOLLOW PATH  ROUND ROCK, TX 78664","1905 SPRING HOLLOW PATH, ROUND ROCK, TX  78681","OAKLANDS THE SEC 1-A, BLOCK B, LOT 13","Real","$467,140","$467,140"
"R087519","R-16-4821-000B-0014","AMBROSIUS PATRICIA ANN TRUSTEE OF THE MONNETT TRUST","1508 WINDY PARK DR ROUND ROCK, TX 78664-7075","1907 SPRING HOLLOW PATH, ROUND ROCK, TX  78681","OAKLANDS THE SEC 1-A, BLOCK B, LOT 14","Real","$347,244","$347,244"
"R087520","R-16-4821-000B-0015","KEESE, MICHAEL H & RENEE A","1909 SPRING HOLLOW PATH  ROUND ROCK, TX 78681","1909 SPRING HOLLOW PATH, ROUND ROCK, TX  78681","OAKLANDS THE SEC 1-A, BLOCK B, LOT 15","Real","$511,626","$511,626"
"R087521","R-16-4821-000B-0016","MAGLIOCCA, SARAH","1911 SPRING HOLLOW PATH  ROUND ROCK, TX 78681-4052","1911 SPRING HOLLOW PATH, ROUND ROCK, TX  78681","OAKLANDS THE SEC 1-A, BLOCK B, LOT 16","Real","$436,092","$436,092"
"R087522","R-16-4821-000B-0017","LEMMONS, ROBERT E & PEGGY ROAN","2001 SPRING HOLLOW PATH ROUND ROCK, TX 78681-4402","2001 SPRING HOLLOW PATH, ROUND ROCK, TX  78681","OAKLANDS THE SEC 1-A, BLOCK B, LOT 17","Real","$360,969","$360,969"
"R087523","R-16-4821-000B-0018","SALAM, LYLE R & DENISE M","2003 SPRING HOLLOW PATH ROUND ROCK, TX 78681-4402","2003 SPRING HOLLOW PATH, ROUND ROCK, TX  78681","OAKLANDS THE SEC 1-A, BLOCK B, LOT 18","Real","$501,922","$501,922"
"R087524","R-16-4821-000B-0019","KUMAR, AKSHAY MAGANTI VIJAY & AISHWARYA KARRA","2005 SPRING HOLLOW PATH  ROUND ROCK, TX 78681","2005 SPRING HOLLOW PATH, ROUND ROCK, TX  78681","OAKLANDS THE SEC 1-A, BLOCK B, LOT 19","Real","$430,973","$430,973"
"R087525","R-16-4821-000B-0020","CLASON, JONATHAN V & TAYA T","2007 SPRING HOLLOW PATH  ROUND ROCK, TX 78681","2007 SPRING HOLLOW PATH, ROUND ROCK, TX  78681","OAKLANDS THE SEC 1-A, BLOCK B, LOT 20","Real","$438,164","$438,164"
"R087526","R-16-4821-000C-0001","HAAS, SUSAN P (TOD)","1913 CLEARWATER DR  ROUND ROCK, TX 78681","1913 CLEARWATER DR, ROUND ROCK, TX  78681","OAKLANDS THE SEC 1-A, BLOCK C, LOT 1","Real","$586,163","$586,163"
"R087527","R-16-4821-000C-0002","GARRETT, DAVID B & CYNTHIA A OTT","1911 CLEARWATER DR ROUND ROCK, TX 78681-4036","1911 CLEARWATER DR, ROUND ROCK, TX  78681","OAKLANDS THE SEC 1-B, BLOCK C, LOT 2","Real","$507,229","$507,229"
"R087528","R-16-4821-000C-0003","KREMKUS, MARK & ERIN","1909 CLEARWATER DR  ROUND ROCK, TX 78681","1909 CLEARWATER DR, ROUND ROCK, TX  78681","OAKLANDS THE SEC 1-B, BLOCK C, LOT 3","Real","$506,000","$544,962"
"R087529","R-16-4821-000C-0004","DURBIN, JENNIFER","1907 CLEARWATER DR ROUND ROCK, TX 78681-4036","1907 CLEARWATER DR, ROUND ROCK, TX  78681","OAKLANDS THE SEC 1-B, BLOCK C, LOT 4","Real","$529,089","$529,089"
"R087530","R-16-4821-000C-0005","AUERBACH, ANTHONY & RITA","1905 CLEARWATER DR  ROUND ROCK, TX 78681","1905 CLEARWATER DR, ROUND ROCK, TX  78681","OAKLANDS THE SEC 1-B, BLOCK C, LOT 5","Real","$512,035","$512,035"
"R087531","R-16-4821-000C-0006","REDA, JOSEPH A (TOD) & MARY L (TOD) to RENEE PACUNAS ET AL","1903 CLEARWATER DR  ROUND ROCK, TX 78681-4036","1903 CLEARWATER DR, ROUND ROCK, TX  78681","OAKLANDS THE SEC 1-B, BLOCK C, LOT 6","Real","$502,867","$502,867"
"R087532","R-16-4821-000C-0007","LUCAS, EVAN HEREFORD","1901 CLEARWATER DR  ROUND ROCK, TX 78681-4036","1901 CLEARWATER DR, ROUND ROCK, TX  78681","OAKLANDS THE SEC 1-B, BLOCK C, LOT 7","Real","$558,111","$558,111"
"R087534","R-16-4821-000C-0008","SYKORA, JENNIFER & FRANK E","800 BLUE SPRING CIR  ROUND ROCK, TX 78681","800 BLUE SPRING CIR, ROUND ROCK, TX  78681","OAKLANDS THE SEC 1-B, BLOCK C, LOT 8","Real","$575,717","$575,717"
"R087535","R-16-4821-000C-0009","ESTRADA, MANUEL ADAMS & VELIA C","802 BLUE SPRING CIR ROUND ROCK, TX 78681-4047","802 BLUE SPRING CIR, ROUND ROCK, TX  78681","OAKLANDS THE SEC 1-B, BLOCK C, LOT 9","Real","$493,584","$493,584"
"R087536","R-16-4821-000C-0010","MILLS, ANN LAWLER (TOD)","804 BLUE SPRING CIR  ROUND ROCK, TX 78681-4047","804 BLUE SPRING CIR, ROUND ROCK, TX  78681","OAKLANDS THE SEC 1-B, BLOCK C, LOT 10","Real","$572,310","$572,310"
"R087537","R-16-4821-000C-0011","JOSHUA HENLEY & LAUREN & MATTHEW HENSON","806 BLUE SPRING CIR  ROUND ROCK, TX 78681","806 BLUE SPRING CIR, ROUND ROCK, TX  78681","OAKLANDS THE SEC 1-B, BLOCK C, LOT 11","Real","$503,463","$503,463"
"R087538","R-16-4821-000C-0012","MARKUM, MATT F III & ALICIA, III","808 BLUE SPRING CIR  ROUND ROCK, TX 78681","808 BLUE SPRING CIR, ROUND ROCK, TX  78681","OAKLANDS THE SEC 1-B, BLOCK C, LOT 12","Real","$609,841","$609,841"
"R087539","R-16-4821-000C-0013","NEAL, JOHN & TERESA","810 BLUE SPRING CIR ROUND ROCK, TX 78681-4049","810 BLUE SPRING CIR, ROUND ROCK, TX  78681","OAKLANDS THE SEC 1-B, BLOCK C, LOT 13","Real","$497,211","$497,211"
"R087540","R-16-4821-000C-0014","GELFAND, AARON & AMY","812 BLUE SPRING CIR ROUND ROCK, TX 78681-4049","812 BLUE SPRING CIR, ROUND ROCK, TX  78681","OAKLANDS THE SEC 1-B, BLOCK C, LOT 14","Real","$421,042","$421,042"
"R087541","R-16-4821-000D-0001","ARBUCKLE, GARY E & JEAN H OSHAW","921 BLUE SPRING CIR ROUND ROCK, TX 78681-4042","921 BLUE SPRING CIR, ROUND ROCK, TX  78681","OAKLANDS THE SEC 1-B, BLOCK D, LOT 1","Real","$429,592","$429,592"
"R087542","R-16-4821-000D-0002","MCDONOUGH, MIKE & AMANDA","923 BLUE SPRINGS CIR  ROUND ROCK, TX 78681","923 BLUE SPRING CIR, ROUND ROCK, TX  78681","OAKLANDS THE SEC 1-B, BLOCK D, LOT 2","Real","$532,018","$532,018"
"R087543","R-16-4821-000D-0003","ROBINSON, JAMES M (LE) & SANDRA L (LE)","925 BLUE SPRING CIR  ROUND ROCK, TX 78681-4042","925 BLUE SPRING CIR, ROUND ROCK, TX  78681","OAKLANDS THE SEC 1-B, BLOCK D, LOT 3","Real","$444,029","$444,029"
"R087544","R-16-4821-000D-0004","WOOD, NICKOLAUS & REAGAN","927 BLUE SPRING CIR  ROUND ROCK, TX 78681-4042","927 BLUE SPRING CIR, ROUND ROCK, TX  78681","OAKLANDS THE SEC 1-B, BLOCK D, LOT 4","Real","$536,237","$536,237"
"R087545","R-16-4821-000D-0005","RINEHART, CHARLES & ALEXIA","929 BLUE SPRINGS CIR  ROUND ROCK, TX 78681","929 BLUE SPRING CIR, ROUND ROCK, TX  78681","OAKLANDS THE SEC 1-B, BLOCK D, LOT 5","Real","$527,651","$527,651"
"R087546","R-16-4821-000D-0006","REHBEIN, DAVID A & EDNA A","931 BLUE SPRING CIR ROUND ROCK, TX 78681-4042","931 BLUE SPRING CIR, ROUND ROCK, TX  78681","OAKLANDS THE SEC 1-B, BLOCK D, LOT 6","Real","$565,897","$565,897"
"R087547","R-16-4821-000D-0007","13 RAW LLC","PO BOX 1508 ROUND ROCK, TX 78680","933 BLUE SPRING CIR, ROUND ROCK, TX  78681","OAKLANDS THE SEC 1-B, BLOCK D, LOT 7","Real","$403,565","$403,565"
"R087548","R-16-4821-000D-0008","SEYMOUR, JENNA S","939 BLUE SPRING CIR  ROUND ROCK, TX 78681","939 BLUE SPRING CIR, ROUND ROCK, TX  78681","OAKLANDS THE SEC 1-B, BLOCK D, LOT 8","Real","$622,356","$622,356"
"R087550","R-16-4821-000D-0009","HOBDY, TONY C & STEPHANIE","941 BLUE SPRING CIR  ROUND ROCK, TX 78681","941 BLUE SPRING CIR, ROUND ROCK, TX  78681","OAKLANDS THE SEC 1-B, BLOCK D, LOT 9","Real","$512,882","$512,882"
"R087551","R-16-4821-000D-0010","DINTER, TARA ANN & YANIV","1900 CLEARWATER DR  ROUND ROCK, TX 78681-4035","1900 CLEARWATER DR, ROUND ROCK, TX  78681","OAKLANDS THE SEC 1-B, BLOCK D, LOT 10","Real","$622,461","$622,461"
"R087552","R-16-4821-000D-0011","WILEY, LARRY JOE","159 COUNTY ROAD 3270 CLIFTON, TX 76634-4598","1902 CLEARWATER DR, ROUND ROCK, TX  78681","OAKLANDS THE SEC 1-B, BLOCK D, LOT 11","Real","$442,750","$442,750"
"R087553","R-16-4821-000D-0012","BRUNER, MEREDITH KAY","901 ROCK SPRING CV ROUND ROCK, TX 78681-4045","901 ROCK SPRING CV, ROUND ROCK, TX  78681","OAKLANDS THE SEC 1-B, BLOCK D, LOT 12","Real","$510,539","$510,539"
"R087554","R-16-4821-000D-0013","ONE ACRE HOME LLC","10109 LAKE CREEK PKWY  #UNIT 170561 AUSTIN, TX 78717","903 ROCK SPRING CV, ROUND ROCK, TX  78681","OAKLANDS THE SEC 1-B, BLOCK D, LOT 13","Real","$592,006","$592,006"
"R087555","R-16-4821-000D-0014","THOENE MAX & CINDY 2012 TRUST","905 ROCK SPRING CV  ROUND ROCK, TX 78681","905 ROCK SPRING CV, ROUND ROCK, TX  78681","OAKLANDS THE SEC 1-B, BLOCK D, LOT 14","Real","$615,145","$615,145"
"R087556","R-16-4821-000D-0015","ADAIR, MICHAEL D & CHARLEEN K","907 ROCK SPRING CV  ROUND ROCK, TX 78681","907 ROCK SPRING CV, ROUND ROCK, TX  78681","OAKLANDS THE SEC 1-B, BLOCK D, LOT 15","Real","$518,422","$518,422"
"R087557","R-16-4821-000D-0016","MEDRANO, JOHN ALAN","909 ROCK SPRING CV  ROUND ROCK, TX 78681","909 ROCK SPRING CV, ROUND ROCK, TX  78681","OAKLANDS THE SEC 1-B, BLOCK D, LOT 16","Real","$496,246","$496,246"
"R087558","R-16-4821-000D-0017","SCARPELLI, BRANDI & BRANDON","908 ROCK SPRING CV  ROUND ROCK, TX 78681","908 ROCK SPRING CV, ROUND ROCK, TX  78681","OAKLANDS THE SEC 1-B, BLOCK D, LOT 17","Real","$583,957","$583,957"
"R087559","R-16-4821-000D-0018","FLAGG, JEFFREY R & CHARLY","906 ROCK SPRING CV  ROUND ROCK, TX 78681","906 ROCK SPRING CV, ROUND ROCK, TX  78681","OAKLANDS THE SEC 1-B, BLOCK D, LOT 18","Real","$549,642","$549,642"
"R087560","R-16-4821-000D-0019","PISKORZ, GEORGE A & LINDA L","904 ROCK SPRING CV ROUND ROCK, TX 78681-4045","904 ROCK SPRING CV, ROUND ROCK, TX  78681","OAKLANDS THE SEC 1-B, BLOCK D, LOT 19","Real","$528,699","$528,699"
"R087561","R-16-4821-000D-0020","TIMOTHY ALAN MCCALL & DONNA JEAN MCCALL TRS TIM & DONNA MCCALL LIV TRUST","902 ROCK SPRING CV  ROUND ROCK, TX 78681","902 ROCK SPRING CV, ROUND ROCK, TX  78681","OAKLANDS THE SEC 1-B, BLOCK D, LOT 20","Real","$571,878","$571,878"
"R087562","R-16-4821-000D-0021","SINGER, BARBARA F TRUSTEE & MICHAEL B & VICTORIA L WELLER","1906 CLEARWATER DR  ROUND ROCK, TX 78681","1906 CLEARWATER DR, ROUND ROCK, TX  78681","OAKLANDS THE SEC 1-B, BLOCK D, LOT 21","Real","$540,137","$540,137"
"R087563","R-16-4821-000D-0022","ANDERSON, WILLIAM V & LEVONA K","1908 CLEARWATER DR ROUND ROCK, TX 78681-4037","1908 CLEARWATER DR, ROUND ROCK, TX  78681","OAKLANDS THE SEC 1-B, BLOCK D, LOT 22","Real","$512,090","$512,090"
"R087564","R-16-4821-000D-0023","CLARK, KEVIN & ELISA","1910 CLEARWATER DR  ROUND ROCK, TX 78681","1910 CLEARWATER DR, ROUND ROCK, TX  78681","OAKLANDS THE SEC 1-B, BLOCK D, LOT 23","Real","$493,548","$493,548"
"R087565","R-16-4821-000D-0024","CLEVENGER, RONALD & LAURA","903 BLUE SPRING CIR ROUND ROCK, TX 78681-4040","903 BLUE SPRING CIR, ROUND ROCK, TX  78681","OAKLANDS THE SEC 1-B, BLOCK D, LOT 24","Real","$429,925","$429,925"
"R087566","R-16-4821-000D-0025","ROBERTSON, SHARA L & ANDREW","905 BLUE SPRING CIR  ROUND ROCK, TX 78681-4040","905 BLUE SPRING CIR, ROUND ROCK, TX  78681","OAKLANDS THE SEC 1-B, BLOCK D, LOT 25","Real","$566,850","$566,850"
"R087567","R-16-4821-000D-0026","SMITH, ROBERT D","907 BLUE SPRING CIR ROUND ROCK, TX 78681-4040","907 BLUE SPRING CIR, ROUND ROCK, TX  78681","OAKLANDS THE SEC 1-B, BLOCK D, LOT 26","Real","$463,846","$463,846"
"R087568","R-16-4821-000D-0027","HIRSCH, JASON S & ANGELIA M","909 BLUE SPRING CIR  ROUND ROCK, TX 78681-4040","909 BLUE SPRING CIR, ROUND ROCK, TX  78681","OAKLANDS THE SEC 1-B, BLOCK D, LOT 27","Real","$515,064","$515,064"
"R087569","R-16-4821-000E-0001","SPAETH, MERLINDA & KRIS","1004 OAKLANDS DR  ROUND ROCK, TX 78681-4033","1004 OAKLANDS DR, ROUND ROCK, TX  78681","OAKLANDS THE SEC 1-B, BLOCK E, LOT 1","Real","$529,838","$529,838"
"R087570","R-16-4821-000E-0002","MOAK, MICHELE WALKER & MICHAEL E","1002 OAKLANDS DR ROUND ROCK, TX 78681-4033","1002 OAKLANDS DR, ROUND ROCK, TX  78681","OAKLANDS THE SEC 1-B, BLOCK E, LOT 2","Real","$535,430","$535,430"
"R087571","R-16-4821-000E-0003","LEGACY HOME VESTORS LLC","1309 COFFEEN AVE   1200 SHERIDAN, WY 82801","1000 OAKLANDS DR, ROUND ROCK, TX  78681","OAKLANDS THE SEC 1-B, BLOCK E, LOT 3","Real","$503,805","$503,805"
"R087573","R-16-4821-000E-0004","BOEGEL, PAUL & ROBYN","908 OAKLANDS DR  ROUND ROCK, TX 78681","908 OAKLANDS DR, ROUND ROCK, TX  78681","OAKLANDS THE SEC 1-B, BLOCK E, LOT 4","Real","$423,217","$423,217"
"R087574","R-16-4821-000E-0005","GROSENHEIDER, KIRSTEN D & AARON J ERWIN","906 OAKLANDS DR  ROUND ROCK, TX 78681","906 OAKLANDS DR, ROUND ROCK, TX  78681","OAKLANDS THE SEC 1-B, BLOCK E, LOT 5","Real","$471,263","$471,263"
"R087575","R-16-4821-000E-0006","WANNAMAKER, DANIEL","904 OAKLANDS DR  ROUND ROCK, TX 78681-4031","904 OAKLANDS DR, ROUND ROCK, TX  78681","OAKLANDS THE SEC 1-B, BLOCK E, LOT 6","Real","$469,862","$469,862"
"R087576","R-16-4821-000E-0007","WHALEN, JEANETTE L","902 OAKLANDS DR  ROUND ROCK, TX 78681","902 OAKLANDS DR, ROUND ROCK, TX  78681","OAKLANDS THE SEC 1-B, BLOCK E, LOT 7","Real","$443,657","$443,657"
"R087577","R-16-4821-000E-0008","Unknown","Unknown","900 OAKLANDS DR, ROUND ROCK, TX  78681","OAKLANDS THE SEC 1-A, BLOCK E, LOT 8","Real","$460,318","$460,318"
"R087578","R-16-4821-000F-0001","RAYBURN, JACK S & PATRICIA ANN","804 OAKLANDS DR  ROUND ROCK, TX 78681","804 OAKLANDS DR, ROUND ROCK, TX  78681","OAKLANDS THE SEC 1-A, BLOCK F, LOT 1","Real","$612,401","$612,401"
"R087579","R-16-4821-000F-0002","JOHNSON, STEVEN C & HEATHER H","802 OAKLANDS DR  ROUND ROCK, TX 78681","802 OAKLANDS DR, ROUND ROCK, TX  78681","OAKLANDS THE SEC 1-A, BLOCK F, LOT 2","Real","$398,961","$398,961"
"R087580","R-16-4821-000F-0003","LEE, ROBERT GREGG & KRISTI B","800 OAKLANDS DR  ROUND ROCK, TX 78681","800 OAKLANDS DR, ROUND ROCK, TX  78681","OAKLANDS THE SEC 1-A, BLOCK F, LOT 3","Real","$599,192","$599,192"
"R087581","R-16-4821-000F-0004","LASH, GARY L & REBECCA R","963 COMANCHE RDG ROUND MOUNTAIN, TX 78663-5124","706 OAKLANDS DR, ROUND ROCK, TX  78681","OAKLANDS THE SEC 1-A, BLOCK F, LOT 4","Real","$435,199","$435,199"
"R087583","R-16-4821-000F-0005","NAYLOR, JAY W (RS) & LORAINE K (RS)","704 OAKLANDS DR  ROUND ROCK, TX 78681","704 OAKLANDS DR, ROUND ROCK, TX  78681","OAKLANDS THE SEC 1-A, BLOCK F, LOT 5","Real","$487,349","$487,349"
"R087584","R-16-4821-000F-0006","DANKS, JOHN B & RENEE","702 OAKLANDS DR ROUND ROCK, TX 78681-4029","702 OAKLANDS DR, ROUND ROCK, TX  78681","OAKLANDS THE SEC 1-A, BLOCK F, LOT 6","Real","$612,359","$612,359"
"R087585","R-16-4821-000F-0007","HELMER, THOMAS E & CHRISTINA P TRS HELMER ANDERSON FAMILY REVOCABLE TRUST","700 OAKLANDS DR  ROUND ROCK, TX 78681-4029","700 OAKLANDS DR, ROUND ROCK, TX  78681","OAKLANDS THE SEC 1-A, BLOCK F, LOT 7","Real","$495,700","$495,700"
"R087587","R-16-4821-000F-0008","LO, CHIN-CHUNG & JUI-YUN HSIUNG","606 OAKLANDS DR ROUND ROCK, TX 78681-4027","606 OAKLANDS DR, ROUND ROCK, TX  78681","OAKLANDS THE SEC 1-A, BLOCK F, LOT 8","Real","$504,497","$504,497"
"R087590","R-16-4821-000F-0009","CORDES, MOIRA P","604 OAKLANDS DR  ROUND ROCK, TX 78681","604 OAKLANDS DR, ROUND ROCK, TX  78681","OAKLANDS THE SEC 1-A, BLOCK F, LOT 9","Real","$504,029","$504,029"
"R087591","R-16-4821-000F-0010","PUTNAM, JAMES AND SUSAN PUTNAM REVOCABLE LIVING TRUST","602 OAKLANDS DR  ROUND ROCK, TX 78681-4027","602 OAKLANDS DR, ROUND ROCK, TX  78681","OAKLANDS THE SEC 1-A, BLOCK F, LOT 10","Real","$459,498","$459,498"
"R087592","R-16-4821-000F-0011","JOHN S ROAN III & DEBORAH A ROAN OF THE ROAN FAMILY TRUST","600 OAKLANDS DR  ROUND ROCK, TX 78681-4027","600 OAKLANDS DR, ROUND ROCK, TX  78681","S7112 - Oaklands Sec 3a Lts 26-29 Blk F & Sec 1a Blk F Lt 11, BLOCK F, Lot 11","Real","$547,622","$547,622"
"R087593","R-16-4821-000F-0012","SZESZYCKI, ROMAN M ET UX","504 OAKLANDS DR ROUND ROCK, TX 78681-4005","504 OAKLANDS DR, ROUND ROCK, TX  78681","OAKLANDS THE SEC 1-A, BLOCK F, LOT 12","Real","$449,399","$449,399"
"R087594","R-16-4821-000F-0013","AMBROSE, SARAH & ROBERT S Jr","16612 MALAGA HILLS DR  ROUND ROCK, TX 78681-5533","502 OAKLANDS DR, ROUND ROCK, TX  78681","OAKLANDS THE SEC 1-A, BLOCK F, LOT 13","Real","$497,426","$497,426"
"R087596","R-16-4821-000F-0014","MALDONADO, HECTOR & REBECCA","2200 SPRING HOLLOW PATH  ROUND ROCK, TX 78681","2200 SPRING HOLLOW PATH, ROUND ROCK, TX  78681","OAKLANDS THE SEC 1-A, BLOCK F, LOT 14","Real","$562,291","$562,291"
"R087597","R-16-4821-000H-0001","KERNSTOCK, CHRISTOPHER","1806 JOHNSON WAY  ROUND ROCK, TX 78681","1806 JOHNSON WAY, ROUND ROCK, TX  78681","OAKLANDS THE SEC 1-A, BLOCK H, LOT 1","Real","$499,786","$499,786"
"R087598","R-16-4821-000H-0002","HOUGHTON, DALE L (TOD) & JILL DOROUGH (TOD)","1808 JOHNSON WAY  ROUND ROCK, TX 78681","1808 JOHNSON WAY, ROUND ROCK, TX  78681","OAKLANDS THE SEC 1-A, BLOCK H, LOT 2","Real","$400,702","$400,702"
"R087599","R-16-4821-000H-0003","BOLKEY, RICHARD & JAMIE","1705 SPRINGWATER DR  ROUND ROCK, TX 78681","1705 SPRINGWATER DR, ROUND ROCK, TX  78681","OAKLANDS THE SEC 1-A, BLOCK H, LOT 3","Real","$490,523","$490,523"
"R087600","R-16-4821-000H-0004","KOSUB-YOUNG, ELIZABETH K","2004 SAVANNAH CT ROUND ROCK, TX 78681-2174","1703 SPRINGWATER DR, ROUND ROCK, TX  78681","OAKLANDS THE SEC 1-A, BLOCK H, LOT 4","Real","$344,729","$344,729"
"R087601","R-16-4821-000H-0005","WILLIAMS, STEVEN KEITH","1701 SPRINGWATER DR  ROUND ROCK, TX 78681","1701 SPRINGWATER DR, ROUND ROCK, TX  78681","OAKLANDS THE SEC 1-A, BLOCK H, LOT 5","Real","$451,616","$451,616"
"R087602","R-16-4821-000H-0006","ERWIN, JOANNA & SAMUEL","1900 SPRING HOLLOW PATH  ROUND ROCK, TX 78681","1900 SPRING HOLLOW PATH, ROUND ROCK, TX  78681","OAKLANDS THE SEC 1-A, BLOCK H, LOT 6","Real","$514,390","$514,390"
"R087603","R-16-4821-000H-0007","KIMMEL, MARK ZACHARY & ELIZABETH REKIA B COFFMAN","1902 SPRING HOLLOW PATH  ROUND ROCK, TX 78681","1902 SPRING HOLLOW PATH, ROUND ROCK, TX  78681","OAKLANDS THE SEC 1-A, BLOCK H, LOT 7","Real","$453,119","$453,119"
"R087604","R-16-4821-000H-0008","HOLLAND, JEREMY  & ALEXANDRA KEPPEL","1904 SPRING HOLLOW PATH  ROUND ROCK, TX 78681","1904 SPRING HOLLOW PATH, ROUND ROCK, TX  78681","OAKLANDS THE SEC 1-A, BLOCK H, LOT 8","Real","$449,227","$449,227"
"R087605","R-16-4821-000H-0009","NISHI KUMAR TR OF THE NISHI KUMAR REVOCABLE TRUST","117 CYPRESS BEND CT  GEORGETOWN, TX 78626-2090","1906 SPRING HOLLOW PATH, ROUND ROCK, TX  78681","OAKLANDS THE SEC 1-A, BLOCK H, LOT 9","Real","$536,521","$536,521"
"R087607","R-16-4821-000H-0010","TAN, RONI T & JUNHUA ZHI","3466 PARKLAND AVE  SAN JOSE, CA 95117-2919","1908 SPRING HOLLOW PATH, ROUND ROCK, TX  78681","OAKLANDS THE SEC 1-A, BLOCK H, LOT 10","Real","$454,632","$454,632"
"R087608","R-16-4821-000H-0011","MOHLER, ELLIOTT JAMES & ALLISON L","1910 SPRING HOLLOW PATH  ROUND ROCK, TX 78681","1910 SPRING HOLLOW PATH, ROUND ROCK, TX  78681","OAKLANDS THE SEC 1-A, BLOCK H, LOT 11","Real","$532,737","$532,737"
"R087609","R-16-4821-000H-0012","BEACHUM, ALMA D & ANDREW M","1912 SPRING HOLLOW PATH  ROUND ROCK, TX 78681","1912 SPRING HOLLOW PATH, ROUND ROCK, TX  78681","OAKLANDS THE SEC 1-A, BLOCK H, LOT 12","Real","$404,198","$404,198"
"R087610","R-16-4821-000H-0013","CALLISON, DALE & MEREDITH","1914 SPRING HOLLOW PATH  ROUND ROCK, TX 78681","1914 SPRING HOLLOW PATH, ROUND ROCK, TX  78681","OAKLANDS THE SEC 1-A, BLOCK H, LOT 13","Real","$518,420","$518,420"
"R087611","R-16-4821-000H-0014","SCHOFFLER, JOY ETERNAL","702 IVY CT  ROUND ROCK, TX 78681-4058","702 IVY CT, ROUND ROCK, TX  78681","OAKLANDS THE SEC 1-A, BLOCK H, LOT 14","Real","$491,294","$491,294"
"R087612","R-16-4821-000H-0015","RIDINGS, JOHN B & JONI J","704 IVY CT ROUND ROCK, TX 78681-4058","704 IVY CT, ROUND ROCK, TX  78681","OAKLANDS THE SEC 1-A, BLOCK H, LOT 15","Real","$366,081","$366,081"
"R087613","R-16-4821-000H-0016","LVB PROPERTIES LLC","1716 POSSUM TROT  ROUND ROCK, TX 78681","706 IVY CT, ROUND ROCK, TX  78681","OAKLANDS THE SEC 1-A, BLOCK H, LOT 16","Real","$378,079","$378,079"
"R087614","R-16-4821-000H-0017","GRESHAM, CAROLYN","708 IVY CT ROUND ROCK, TX 78681-4058","708 IVY CT, ROUND ROCK, TX  78681","OAKLANDS THE SEC 1-A, BLOCK H, LOT 17","Real","$349,754","$349,754"
"R087615","R-16-4821-000H-0018","KILLOUGH, CHARLES EMORY (TOD) & JOY KATHLEEN (TOD)","710 IVY CT  ROUND ROCK, TX 78681-4058","710 IVY CT, ROUND ROCK, TX  78681","OAKLANDS THE SEC 1-A, BLOCK H, LOT 18","Real","$376,737","$376,737"
"R087616","R-16-4821-000H-0019","QUINONEZ, RICHARD P & STACEY LEIGH JETT","711 IVY CT  ROUND ROCK, TX 78681","711 IVY CT, ROUND ROCK, TX  78681","OAKLANDS THE SEC 1-A, BLOCK H, LOT 19","Real","$437,440","$437,440"
"R087618","R-16-4821-000H-0020","NANCY LYNN PARKER & RANDAL JAMES PARKER TRS OF THE PARKER PROTECTION TRUST","709 IVY CT  ROUND ROCK, TX 78681-4058","709 IVY CT, ROUND ROCK, TX  78681","OAKLANDS THE SEC 1-A, BLOCK H, LOT 20","Real","$463,939","$463,939"
"R087619","R-16-4821-000H-0021","DAUGHTRY, CAROL SUE","707 IVY CT  ROUND ROCK, TX 78681","707 IVY CT, ROUND ROCK, TX  78681","OAKLANDS THE SEC 1-A, BLOCK H, LOT 21","Real","$463,401","$463,401"
"R087620","R-16-4821-000H-0022","OZDEMIR, AYTEKIN & BETUL AYSAKAR","705 IVY CT  ROUND ROCK, TX 78681","705 IVY CT, ROUND ROCK, TX  78681","OAKLANDS THE SEC 1-A, BLOCK H, LOT 22","Real","$528,129","$528,129"
"R087622","R-16-4821-000H-0023","SANTOS, OSCAR & HOLLY","2805 CHATELLE DR ROUND ROCK, TX 78681-2237","703 IVY CT, ROUND ROCK, TX  78681","OAKLANDS THE SEC 1-A, BLOCK H, LOT 23","Real","$553,846","$553,846"
"R087623","R-16-4821-000H-0024","VAN HORN, EVETT M","701 IVY CT  ROUND ROCK, TX 78681-4058","701 IVY CT, ROUND ROCK, TX  78681","OAKLANDS THE SEC 1-A, BLOCK H, LOT 24","Real","$489,975","$489,975"
"R087624","R-16-4821-000H-0025","MYSLOVSKIY, ALEKSEY & TATYANA","2002 SPRING HOLLOW PATH  ROUND ROCK, TX 78681","2002 SPRING HOLLOW PATH, ROUND ROCK, TX  78681","OAKLANDS THE SEC 1-A, BLOCK H, LOT 25","Real","$523,357","$523,357"
"R087625","R-16-4821-000H-0026","GOLDSTON, DAVID & JENNIFER","2004 SPRING HOLLOW PATH  ROUND ROCK, TX 78681","2004 SPRING HOLLOW PATH, ROUND ROCK, TX  78681","OAKLANDS THE SEC 1-A, BLOCK H, LOT 26","Real","$522,801","$522,801"
"R087626","R-16-4821-000H-0027","URBIOLA, ALMA & ALEX","2006 SPRING HOLLOW PATH  ROUND ROCK, TX 78681","2006 SPRING HOLLOW PATH, ROUND ROCK, TX  78681","OAKLANDS THE SEC 1-A, BLOCK H, LOT 27","Real","$464,657","$464,657"
"R087627","R-16-4821-000H-0028","KARABACAK, MURAT & CEYDA","601 CLOUD CT  ROUND ROCK, TX 78681-4059","601 CLOUD CT, ROUND ROCK, TX  78681","S4293 - Oaklands The Sec 1-a, BLOCK H, Lot 28","Real","$527,116","$527,116"
"R087628","R-16-4821-000H-0029","MESQUITA, FILIPE DE SA & CAMILA PICANCO","603 CLOUD CT  ROUND ROCK, TX 78681","603 CLOUD CT, ROUND ROCK, TX  78681","OAKLANDS THE SEC 1-A, BLOCK H, LOT 29","Real","$547,044","$547,044"
"R087635","R-16-4821-000H-0030","VALDES, JUAN CARLOS Z & JEANETTE ZERTUCHE","605 CLOUD CT  ROUND ROCK, TX 78681","605 CLOUD CT, ROUND ROCK, TX  78681","OAKLANDS THE SEC 1-A, BLOCK H, LOT 30","Real","$519,510","$519,510"
"R087638","R-16-4821-000H-0031","OCONNOR, KEVIN M","607 CLOUD CT ROUND ROCK, TX 78681-4059","607 CLOUD CT, ROUND ROCK, TX  78681","OAKLANDS THE SEC 1-A, BLOCK H, LOT 31","Real","$331,841","$331,841"
"R087640","R-16-4821-000H-0032","VENTURA, CLEMENTE & ERIN ELIZABETH","11121 ZIMMERMAN LN  #UNIT B AUSTIN, TX 78726","609 CLOUD CT, ROUND ROCK, TX  78681","OAKLANDS THE SEC 1-A, BLOCK H, LOT 32","Real","$489,796","$489,796"
"R087642","R-16-4821-000H-0033","ADDIE MARIE GROSS & ARIEL DAVID GROSS TRS OF THE GROSS FAMILY TRUST","611 CLOUD CT  ROUND ROCK, TX 78681-4059","611 CLOUD CT, ROUND ROCK, TX  78681","OAKLANDS THE SEC 1-A, BLOCK H, LOT 33","Real","$389,229","$389,229"
"R087643","R-16-4821-000H-0034","ELLIS, PERRY W & NANCY","612 CLOUD CT ROUND ROCK, TX 78681-4059","612 CLOUD CT, ROUND ROCK, TX  78681","OAKLANDS THE SEC 1-A, BLOCK H, LOT 34","Real","$446,568","$446,568"
"R087644","R-16-4821-000H-0035","GARLETT, JOSEPH & REBECCA L","610 CLOUD CT ROUND ROCK, TX 78681-4059","610 CLOUD CT, ROUND ROCK, TX  78681","OAKLANDS THE SEC 1-A, BLOCK H, LOT 35","Real","$494,588","$494,588"
"R087647","R-16-4821-000H-0036","SALINAS, MINERVA R","608 CLOUD CT  ROUND ROCK, TX 78681","608 CLOUD CT, ROUND ROCK, TX  78681","OAKLANDS THE SEC 1-A, BLOCK H, LOT 36","Real","$502,633","$502,633"
"R087649","R-16-4821-000H-0037","MCCALMONT, CYNTHIA & DAVID","606 CLOUD CT  ROUND ROCK, TX 78681-4059","606 CLOUD CT, ROUND ROCK, TX  78681","OAKLANDS THE SEC 1-A, BLOCK H, LOT 37","Real","$437,488","$437,488"
"R087651","R-16-4821-000H-0038","DAU, TUYET THI","604 CLOUD CT  ROUND ROCK, TX 78681-4059","604 CLOUD CT, ROUND ROCK, TX  78681","OAKLANDS THE SEC 1-A, BLOCK H, LOT 38","Real","$600,907","$600,907"
"R087653","R-16-4821-000H-0039","JASON CHEN & SAN SAN ONG TRUSTEES OF THE SAN ONG & JASON CHEN TRUST","35600 PURCELL PL  FREMONT, CA 94536","602 CLOUD CT, ROUND ROCK, TX  78681","OAKLANDS THE SEC 1-A, BLOCK H, LOT 39","Real","$490,409","$490,409"
"R087655","R-16-4821-000H-0040","LOGIUDICE, ELIZABETH C & OVE VALSETH","600 CLOUD CT  ROUND ROCK, TX 78681","600 CLOUD COURT, ROUND ROCK, TX  78681","OAKLANDS THE SEC 1-A, BLOCK H, LOT 40","Real","$458,193","$458,193"
"R087657","R-16-4821-000H-0041","KOSTROUN, MARK ANTHONY & ABIGAIL ROSE","2112 SPRING HOLLOW PATH  ROUND ROCK, TX 78681-4055","2112 SPRING HOLLOW PATH, ROUND ROCK, TX  78681","OAKLANDS THE SEC 1-A, BLOCK H, LOT 41","Real","$486,624","$486,624"
"R087659","R-16-4821-000H-0042","MCGINLEY, MEGAN M","2114 SPRING HOLLOW PATH  ROUND ROCK, TX 78681","2114 SPRING HOLLOW PATH, ROUND ROCK, TX  78681","OAKLANDS THE SEC 1-A, BLOCK H, LOT 42","Real","$354,477","$354,477"
"R087661","R-16-4821-000H-0043","MATTHEWS, JASON C","2116 SPRING HOLLOW PATH  ROUND ROCK, TX 78681","2116 SPRING HOLLOW PATH, ROUND ROCK, TX  78681","OAKLANDS THE SEC 1-A, BLOCK H, LOT 43","Real","$411,287","$411,287"
"R087663","R-16-4821-000H-0044","HANCOCK, J R & LINDA G","2118 SPRING HOLLOW PATH ROUND ROCK, TX 78681-4055","2118 SPRING HOLLOW PATH, ROUND ROCK, TX  78681","OAKLANDS THE SEC 1-A, BLOCK H, LOT 44","Real","$545,427","$545,427"
"R087665","R-16-4821-000H-0045","CANADY, JAMES J & SONIA GUEDEN-ROBERTS","503 OAKLANDS DR  ROUND ROCK, TX 78681","503 OAKLANDS DR, ROUND ROCK, TX  78681","OAKLANDS THE SEC 1-A, BLOCK H, LOT 45","Real","$499,931","$499,931"
"R087667","R-16-4821-000H-0046","RYSDYKE, JODI LEE","601 OAKLANDS DR  ROUND ROCK, TX 78681-4028","601 OAKLANDS DR, ROUND ROCK, TX  78681","OAKLANDS THE SEC 1-A, BLOCK H, LOT 46","Real","$539,533","$539,533"
"R087668","R-16-4821-000H-0047","HESS, MICHAEL D","603 OAKLANDS DR ROUND ROCK, TX 78681-4028","603 OAKLANDS DR, ROUND ROCK, TX  78681","OAKLANDS THE SEC 1-A, BLOCK H, LOT 47","Real","$515,161","$515,161"
"R087669","R-16-4821-000H-0048","TAYLOR, WILLIAM L & MELINDA  J","605 OAKLANDS DR ROUND ROCK, TX 78681-4028","605 OAKLANDS DR, ROUND ROCK, TX  78681","OAKLANDS THE SEC 1-A, BLOCK H, LOT 48","Real","$532,006","$532,006"
"R087670","R-16-4821-000H-0049","JENNINGS, WILLIAM T III & LISA N","607 OAKLANDS DR  ROUND ROCK, TX 78681","607 OAKLANDS DR, ROUND ROCK, TX  78681","OAKLANDS THE SEC 1-A, BLOCK H, LOT 49","Real","$529,987","$529,987"
"R087671","R-16-4821-000H-0050","PUORRO, BRANDEN & JAMI","7878 VISTA RIDGE DR CITURS HEIGHTS, CA 95610-3021","701 OAKLANDS DR, ROUND ROCK, TX  78681","OAKLANDS THE SEC 1-A, BLOCK H, LOT 50","Real","$584,742","$584,742"
"R087673","R-16-4821-000H-0051","ELANGOVAN, RAJDURAI & RIZWANA BEGUM RAJDURAI","703 OAKLANDS DR  ROUND ROCK, TX 78681","703 OAKLANDS DR, ROUND ROCK, TX  78681","OAKLANDS THE SEC 1-A, BLOCK H, LOT 51","Real","$571,476","$571,476"
"R087675","R-16-4821-000H-0052","WUBBENA, BRIAN & TABITHA","705 OAKLANDS DR  ROUND ROCK, TX 78681","705 OAKLANDS DR, ROUND ROCK, TX  78681","OAKLANDS THE SEC 1-A, BLOCK H, LOT 52","Real","$584,366","$584,366"
"R087676","R-16-4821-000H-0053","WENTWORTH, BRADLEY C & CAROL A","707 OAKLANDS DR ROUND ROCK, TX 78681-4029","707 OAKLANDS DR, ROUND ROCK, TX  78681","OAKLANDS THE SEC 1-A, BLOCK H, LOT 53","Real","$533,056","$533,056"
"R087677","R-16-4821-000H-0054","MILLS, BRADY W & SUSAN P","709 OAKLANDS DR ROUND ROCK, TX 78681-4029","709 OAKLANDS DR, ROUND ROCK, TX  78681","OAKLANDS THE SEC 1-A, BLOCK H, LOT 54","Real","$465,660","$465,660"
"R087678","R-16-4821-000H-0055","SNELSON, TRACY & CARTER","801 OAKLANDS DR ROUND ROCK, TX 78681-4030","801 OAKLANDS DR, ROUND ROCK, TX  78681","OAKLANDS THE SEC 1-A, BLOCK H, LOT 55","Real","$531,678","$531,678"
"R087679","R-16-4821-000H-0056","IP, CORWIN & JESSICA J","803 OAKLANDS DR  ROUND ROCK, TX 78681","803 OAKLANDS DR, ROUND ROCK, TX  78681","OAKLANDS THE SEC 1-A, BLOCK H, LOT 56","Real","$602,818","$602,818"
"R087680","R-16-4821-000H-0057","ROBINSON, JAMES E JR & SHERRY A","805 OAKLANDS DR  ROUND ROCK, TX 78681-4030","805 OAKLANDS DR, ROUND ROCK, TX  78681","OAKLANDS THE SEC 1-A, BLOCK H, LOT 57","Real","$535,268","$535,268"
"R087681","R-16-4821-000H-0058","PARRELLA, JOHN D","823 BLUE SPRING CIR ROUND ROCK, TX 78681-4050","823 BLUE SPRING CIR, ROUND ROCK, TX  78681","OAKLANDS THE SEC 1-A, BLOCK H, LOT 58","Real","$606,919","$606,919"
"R087683","R-16-4821-000H-0059","NICHOLS, ROBERT E & SANDRA A","821 BLUE SPRING CIR ROUND ROCK, TX 78681-4050","821 BLUE SPRING CIR, ROUND ROCK, TX  78681","OAKLANDS THE SEC 1-B, BLOCK H, LOT 59","Real","$495,038","$495,038"
"R087684","R-16-4821-000H-0060","LAKIS, MICHAEL & ADDIE PRESTON","819 BLUE SPRING CIR ROUND ROCK, TX 78681-4050","819 BLUE SPRING CIR, ROUND ROCK, TX  78681","OAKLANDS THE SEC 1-B, BLOCK H, LOT 60","Real","$643,922","$643,922"
"R087685","R-16-4821-000H-0061","COLLIER, DANIEL JAMES (LE) & DEBORAH LYNN (LE)","817 BLUE SPRING CIR  ROUND ROCK, TX 78681-4050","817 BLUE SPRING CIR, ROUND ROCK, TX  78681","OAKLANDS THE SEC 1-B, BLOCK H, LOT 61","Real","$495,281","$495,281"
"R087686","R-16-4821-000H-0062","BULLOCK, GLENDA R","815 BLUE SPRING CIR  ROUND ROCK, TX 78681","815 BLUE SPRING CIR, ROUND ROCK, TX  78681","OAKLANDS THE SEC 1-B, BLOCK H, LOT 62","Real","$458,231","$458,231"
"R087687","R-16-4821-000H-0063","EVERETT, CAROL NAN (TOD)","813 BLUE SPRINGS CIR  ROUND ROCK, TX 78681","813 BLUE SPRING CIR, ROUND ROCK, TX  78681","OAKLANDS THE SEC 1-B, BLOCK H, LOT 63","Real","$468,431","$468,431"
"R087688","R-16-4821-000H-0064","BU, NAISHI & ZHENG MA","811 BLUE SPRING CIR  ROUND ROCK, TX 78681","811 BLUE SPRING CIR, ROUND ROCK, TX  78681","OAKLANDS THE SEC 1-B, BLOCK H, LOT 64","Real","$500,789","$500,789"
"R087689","R-16-4821-000H-0065","MILLER, DAVID L","809 BLUE SPRING CIR ROUND ROCK, TX 78681-4050","809 BLUE SPRING CIR, ROUND ROCK, TX  78681","OAKLANDS THE SEC 1-B, BLOCK H, LOT 65","Real","$497,483","$497,483"
"R087690","R-16-4821-000H-0066","JESSE NAVARRETE TRS OF THE J NAVARRETE LIVING TRUST","807 BLUE SPRING CIR  ROUND ROCK, TX 78681-4050","807 BLUE SPRING CIR, ROUND ROCK, TX  78681","OAKLANDS THE SEC 1-B, BLOCK H, LOT 66","Real","$540,690","$540,690"
"R087692","R-16-4821-000H-0067","DVORAK, JOSHUA & KENDALL","805 BLUE SPRING CIR  ROUND ROCK, TX 78681-4048","805 BLUE SPRING CIR, ROUND ROCK, TX  78681","OAKLANDS THE SEC 1-B, BLOCK H, LOT 67","Real","$538,856","$538,856"
"R087693","R-16-4821-000H-0068","HARLAN ROGER B TRUSTEE","ROGER/ALICE HARLAN LIVING TR 803 BLUE SPRING CIR ROUND ROCK, TX 78681-4048","803 BLUE SPRING CIR, ROUND ROCK, TX  78681","OAKLANDS THE SEC 1-B, BLOCK H, LOT 68","Real","$464,644","$464,644"
"R087694","R-16-4821-000H-0069","WRIGHT, JAMES C & LINDA B","801 BLUE SPRING CIR  ROUND ROCK, TX 78681-4048","801 BLUE SPRING CIR, ROUND ROCK, TX  78681","OAKLANDS THE SEC 1-B, BLOCK H, LOT 69","Real","$513,542","$513,542"
"R087695","R-16-4821-000H-0070","JONES, TRENT & ALANA","957 BLUE SPRING CV  ROUND ROCK, TX 78681","957 BLUE SPRING CV, ROUND ROCK, TX  78681","OAKLANDS THE SEC 1-B, BLOCK H, LOT 70","Real","$498,060","$498,060"
"R087696","R-16-4821-000H-0071","NEMEC, STEPHEN & ASHLEY","959 BLUE SPRING CV  ROUND ROCK, TX 78681","959 BLUE SPRING CV, ROUND ROCK, TX  78681","OAKLANDS THE SEC 1-B, BLOCK H, LOT 71","Real","$503,100","$503,100"
"R087700","R-16-4821-000H-0072","BLATZ, KENNETH J & VERNA","960 BLUE SPRING CV  ROUND ROCK, TX 78681-4044","960 BLUE SPRING CV, ROUND ROCK, TX  78681","OAKLANDS THE SEC 1-B, BLOCK H, LOT 72","Real","$592,046","$592,046"
"R087702","R-16-4821-000H-0073","SAUER, SUZANNE C","958 BLUE SPRING CV  ROUND ROCK, TX 78681-4044","958 BLUE SPRING CV, ROUND ROCK, TX  78681","OAKLANDS THE SEC 1-B, BLOCK H, LOT 73","Real","$541,009","$541,009"
"R087703","R-16-4821-000H-0074","JOY, KAREN L (LE) & CHARLES DAVID (LE)","956 BLUE SPRING CV  ROUND ROCK, TX 78681","956 BLUE SPRING CV, ROUND ROCK, TX  78681","OAKLANDS THE SEC 1-B, BLOCK H, LOT 74","Real","$556,781","$556,781"
"R087705","R-16-4821-000H-0075","HARTMAN, STEVEN P & JOANNE S","954 BLUE SPRING CV ROUND ROCK, TX 78681-4044","954 BLUE SPRING CV, ROUND ROCK, TX  78681","OAKLANDS THE SEC 1-B, BLOCK H, LOT 75","Real","$541,300","$541,300"
"R087707","R-16-4821-000H-0076","DIECKERT, HEATH","952 BLUE SPRING CIR  ROUND ROCK, TX 78681-4043","952 BLUE SPRING CIR, ROUND ROCK, TX  78681","OAKLANDS THE SEC 1-B, BLOCK H, LOT 76","Real","$841,511","$841,511"
"R087710","R-16-4821-000H-0077","VENKATESWARAN, KALYANARAMAN","950 BLUE SPRING CIR  ROUND ROCK, TX 78681","950 BLUE SPRING CIR, ROUND ROCK, TX  78681","OAKLANDS THE SEC 1-B, BLOCK H, LOT 77","Real","$543,560","$543,560"
"R087712","R-16-4821-000H-0078","SOLMES, CHERYL","948 BLUE SPRING CIR  ROUND ROCK, TX 78681","948 BLUE SPRING CIR, ROUND ROCK, TX  78681","OAKLANDS THE SEC 1-B, BLOCK H, LOT 78","Real","$544,076","$544,076"
"R087713","R-16-4821-000H-0079","TELFORD, ARTHUR G & LINDA","946 BLUE SPRING CIR ROUND ROCK, TX 78681-4043","946 BLUE SPRING CIR, ROUND ROCK, TX  78681","OAKLANDS THE SEC 1-B, BLOCK H, LOT 79","Real","$523,635","$523,635"
"R087714","R-16-4821-000H-0080","UNDERBRINK, JESSICA & RICHARD","944 BLUE SPRING CIR  ROUND ROCK, TX 78681-4043","944 BLUE SPRING CIR, ROUND ROCK, TX  78681","OAKLANDS THE SEC 1-B, BLOCK H, LOT 80","Real","$612,627","$612,627"
"R087715","R-16-4821-000H-0081","HUNTER, REGINALD W & JANICE S","942 BLUE SPRING CIR ROUND ROCK, TX 78681-4041","942 BLUE SPRING CIR, ROUND ROCK, TX  78681","OAKLANDS THE SEC 1-B, BLOCK H, LOT 81","Real","$489,435","$489,435"
"R087716","R-16-4821-000H-0082","MARTIN ROBERT B & SANDRA L","TRUSTEES,MARTIN LIVING TRUST 940 BLUE SPRING CIR ROUND ROCK, TX 78681-4041","940 BLUE SPRING CIR, ROUND ROCK, TX  78681","OAKLANDS THE SEC 1-B, BLOCK H, LOT 82","Real","$470,097","$470,097"
"R087717","R-16-4821-000H-0083","JETT, ROBERT E & ANGELA P","938 BLUE SPRING CIR ROUND ROCK, TX 78681-4041","938 BLUE SPRING CIR, ROUND ROCK, TX  78681","OAKLANDS THE SEC 1-B, BLOCK H, LOT 83","Real","$552,892","$552,892"
"R087718","R-16-4821-000H-0084","WOMER, KEITH A & MARTHA M","936 BLUE SPRING CIR ROUND ROCK, TX 78681-4041","936 BLUE SPRING CIR, ROUND ROCK, TX  78681","OAKLANDS THE SEC 1-B, BLOCK H, LOT 84","Real","$548,833","$548,833"
"R087719","R-16-4821-000H-0085","SATHER, WILLIAM B","934 BLUE SPRING CIR ROUND ROCK, TX 78681-4041","934 BLUE SPRING CIR, ROUND ROCK, TX  78681","OAKLANDS THE SEC 1-B, BLOCK H, LOT 85","Real","$560,826","$560,826"
"R087720","R-16-4821-000H-0086","VANDERSCHAAF, NEIL R & ANN M","932 BLUE SPRING CIR ROUND ROCK, TX 78681-4041","932 BLUE SPRING CIR, ROUND ROCK, TX  78681","OAKLANDS THE SEC 1-B, BLOCK H, LOT 86","Real","$507,595","$507,595"
"R087721","R-16-4821-000H-0087","KUROWSKI, MICHAEL JOHN & JIANGXIA AI","930 BLUE SPRING CIR  ROUND ROCK, TX 78681-4041","930 BLUE SPRING CIR, ROUND ROCK, TX  78681","OAKLANDS THE SEC 1-B, BLOCK H, LOT 87","Real","$535,846","$535,846"
"R087722","R-16-4821-000H-0088","COOK, CHARLES R & KATHARINE","928 BLUE SPRING CIR  ROUND ROCK, TX 78681","928 BLUE SPRING CIR, ROUND ROCK, TX  78681","OAKLANDS THE SEC 1-B, BLOCK H, LOT 88","Real","$623,253","$623,253"
"R087723","R-16-4821-000H-0089","JERGINS, PAUL JAMES (LE)","926 BLUE SPRING CIR  ROUND ROCK, TX 78681","926 BLUE SPRING CIR, ROUND ROCK, TX  78681","OAKLANDS THE SEC 1-B, BLOCK H, LOT 89","Real","$453,776","$453,776"
"R087724","R-16-4821-000H-0090","ARDA, DENIZ H & KAMURAN CANDAN","924 BLUE SPRING CIR  ROUND ROCK, TX 78681-4041","924 BLUE SPRING CIR, ROUND ROCK, TX  78681","OAKLANDS THE SEC 1-B, BLOCK H, LOT 90","Real","$562,783","$562,783"
"R087726","R-16-4821-000H-0091","HARWICK, BRAD & KELLY","922 BLUE SPRING CIR ROUND ROCK, TX 78681-4041","922 BLUE SPRING CIR, ROUND ROCK, TX  78681","OAKLANDS THE SEC 1-B, BLOCK H, LOT 91","Real","$547,462","$547,462"
"R087727","R-16-4821-000H-0092","MESSINA, K RENE PALMER","920 BLUE SPRING CIR ROUND ROCK, TX 78681-4041","920 BLUE SPRING CIR, ROUND ROCK, TX  78681","OAKLANDS THE SEC 1-B, BLOCK H, LOT 92","Real","$424,752","$424,752"
"R087728","R-16-4821-000H-0093","THOMPSON, DAVID & JULIA","918 BLUE SPRING CIR  ROUND ROCK, TX 78681","918 BLUE SPRING CIR, ROUND ROCK, TX  78681","OAKLANDS THE SEC 1-B, BLOCK H, LOT 93","Real","$472,833","$472,833"
"R087729","R-16-4821-000H-0094","LAYNE, DOUG E & MELISSA K","916 BLUE SPRING CIR ROUND ROCK, TX 78681-4039","916 BLUE SPRING CIR, ROUND ROCK, TX  78681","OAKLANDS THE SEC 1-B, BLOCK H, LOT 94","Real","$604,111","$604,111"
"R087730","R-16-4821-000H-0095","BLAKLEY, ROBERT R & KAREN H","914 BLUE SPRING CIR ROUND ROCK, TX 78681-4039","914 BLUE SPRING CIR, ROUND ROCK, TX  78681","OAKLANDS THE SEC 1-B, BLOCK H, LOT 95","Real","$632,922","$632,922"
"R087731","R-16-4821-000H-0096","GARCIA-MEDINA, MIGUEL & SARAH GARCIA-MORGAN","912 BLUE SPRING CIR  ROUND ROCK, TX 78681","912 BLUE SPRING CIR, ROUND ROCK, TX  78681","OAKLANDS THE SEC 1-B, BLOCK H, LOT 96","Real","$502,785","$502,785"
"R087732","R-16-4821-000H-0097","SPAKOSKI, CHRISTOPHER & DAISY MARTINEZ","910 BLUE SPRING CIR  ROUND ROCK, TX 78681-4039","910 BLUE SPRING CIR, ROUND ROCK, TX  78681","OAKLANDS THE SEC 1-B, BLOCK H, LOT 97","Real","$484,866","$484,866"
"R087733","R-16-4821-000H-0098","KEYES, WILLARD, JR","908 BLUE SPRING CIR ROUND ROCK, TX 78681-4039","908 BLUE SPRING CIR, ROUND ROCK, TX  78681","OAKLANDS THE SEC 1-B, BLOCK H, LOT 98","Real","$496,654","$496,654"
"R087734","R-16-4821-000H-0099","BELANGER, MARK AUSTIN (TOD) & GLORIA (TOD)","4601 COLLINS ST  ROUND ROCK, TX 78681","906 BLUE SPRING CIR, ROUND ROCK, TX  78681","OAKLANDS THE SEC 1-B, BLOCK H, LOT 99","Real","$422,355","$422,355"
"R087735","R-16-4821-000H-0100","BONK, ANNA M (TOD)","904 BLUE SPRING CIR  ROUND ROCK, TX 78681","904 BLUE SPRING CIR, ROUND ROCK, TX  78681","OAKLANDS THE SEC 1-B, BLOCK H, LOT 100","Real","$488,499","$488,499"
"R087736","R-16-4821-000H-0101","RIZZO, MICHAEL F & CAROL E OVENS","902 BLUE SPRING CIR ROUND ROCK, TX 78681-4039","902 BLUE SPRING CIR, ROUND ROCK, TX  78681","OAKLANDS THE SEC 1-A, BLOCK H, LOT 101","Real","$514,054","$514,054"
"R087737","R-16-4821-000H-0102","HOLLOWAY, THOMAS ALEXANDER","900 BLUE SPRING CIR  ROUND ROCK, TX 78681-4039","900 BLUE SPRING CIR, ROUND ROCK, TX  78664","OAKLANDS THE SEC 1-A, BLOCK H, LOT 102","Real","$530,690","$530,690"
"R087738","R-16-4821-000H-0103","LARY, EMMA PINKSTON","901 OAKLANDS DR  ROUND ROCK, TX 78681","901 OAKLANDS DR, ROUND ROCK, TX  78681","OAKLANDS THE SEC 1-A, BLOCK H, LOT 103","Real","$494,452","$494,452"
"R087739","R-16-4821-000H-0104","CW RE INVESTMENT LLC SERIES OAKLANDSDRIVE","16238 RANCH ROAD 620 N #STE F AUSTIN, TX 78717","903 OAKLANDS DR, ROUND ROCK, TX  78681","OAKLANDS THE SEC 1-B, BLOCK H, LOT 104","Real","$422,084","$422,084"
"R087740","R-16-4821-000H-0105","FRICK, JACK A (TOD) & MARY ELLEN (TOD)","905 OAKLANDS DR  ROUND ROCK, TX 78681-4032","905 OAKLANDS DR, ROUND ROCK, TX  78681","OAKLANDS THE SEC 1-B, BLOCK H, LOT 105","Real","$471,211","$471,211"
"R087741","R-16-4821-000H-0106","EVERT, BRIAN & NICOLE","907 OAKLANDS DR  ROUND ROCK, TX 78681","907 OAKLANDS DR, ROUND ROCK, TX  78681","OAKLANDS THE SEC 1-B, BLOCK H, LOT 106","Real","$601,692","$601,692"
"R087743","R-16-4821-000H-0107","WALLACE, ROGER A & TAMMI M","909 OAKLANDS DR ROUND ROCK, TX 78681-4032","909 OAKLANDS DR, ROUND ROCK, TX  78681","OAKLANDS THE SEC 1-B, BLOCK H, LOT 107","Real","$508,427","$508,427"
"R087746","R-16-4821-000H-0108","WATSON, WAYNE ALLAN","911 OAKLANDS DR  ROUND ROCK, TX 78681","911 OAKLANDS DR, ROUND ROCK, TX  78681","OAKLANDS THE SEC 1-B, BLOCK H, LOT 108","Real","$558,954","$558,954"
"R087747","R-16-4821-000H-0109","KOHLHOFF, PAUL JOHN & PATRICIA LOUISE","1001 OAKLANDS DR ROUND ROCK, TX 78681-4034","1001 OAKLANDS DR, ROUND ROCK, TX  78681","OAKLANDS THE SEC 1-B, BLOCK H, LOT 109","Real","$420,767","$420,767"
"R087748","R-16-4821-000H-0110","HUANG, CHINLUNG & MULU YEH","1003 OAKLANDS DR  ROUND ROCK, TX 78681","1003 OAKLANDS DR, ROUND ROCK, TX  78681","OAKLANDS THE SEC 1-B, BLOCK H, LOT 110","Real","$545,241","$545,241"
"R087749","R-16-4821-000H-0111","FARRIS, TIMOTHY E & JILL","1005 OAKLANDS DR ROUND ROCK, TX 78681-4034","1005 OAKLANDS DR, ROUND ROCK, TX  78681","OAKLANDS THE SEC 1-B, BLOCK H, LOT 111","Real","$553,002","$553,002"
"R087753","R-16-4821-000G-0001","DACKO, DAVE","1025 OAKLANDS DR  ROUND ROCK, TX 78681-4066","2201 SPRING HOLLOW PATH, ROUND ROCK, TX  78681","OAKLANDS THE SEC 1-A, BLOCK G, LOT 1","Real","$492,325","$492,325"
"R087758","R-16-4821-EX00-0001","SATHER, WILLIAM B","934 BLUE SPRING CIR ROUND ROCK, TX 78681-4041","SPRING WATER DR, ROUND ROCK, TX  78681","S4294 - Oaklands The Sec 1-b, BLOCK H, ACRES 6.291","Real","$1,887","$1,887"
"R302306","R-16-4818-000B-0011","SAEGER, KRISTIN","2426 FALCON DR  ROUND ROCK, TX 78681","2426 FALCON DR, ROUND ROCK, TX  78681","S4280 - Oakcreek Sec 1, BLOCK B, Lot 11, ACRES 0.159","Real","$402,647","$402,647"
"R302307","R-16-4818-000B-0012","HALLOWELL, KIMBERLY YVONNE","2424 FALCON DR  ROUND ROCK, TX 78681-2719","2424 FALCON DR, ROUND ROCK, TX  78681","S4280 - Oakcreek Sec 1, BLOCK B, Lot 12, ACRES 0.171","Real","$451,426","$451,426"
"R302308","R-16-4818-000B-0013","FERGUSON, KEEGAN & DIANA","11215 DELLA TORRE DR AUSTIN, TX 78750-2809","2422 FALCON DR, ROUND ROCK, TX  78681","S4280 - Oakcreek Sec 1, BLOCK B, Lot 13, ACRES 0.187","Real","$510,980","$510,980"
"R302309","R-16-4818-000B-0014","SAPORTAS, DANIEL & JENNIFFER ESCAMILLA CABALLERO","2420 FALCON DR  ROUND ROCK, TX 78681","2420 FALCON DR, ROUND ROCK, TX  78681","S4280 - Oakcreek Sec 1, BLOCK B, Lot 14, ACRES 0.21","Real","$512,831","$512,831"
"R302310","R-16-4818-000B-0015","Unknown","Unknown","2418 FALCON DR, ROUND ROCK, TX  78681","S4280 - Oakcreek Sec 1, BLOCK B, Lot 15, ACRES 0.197","Real","$546,646","$546,646"
"R302311","R-16-4818-000B-0016","LOZANO, DAVID & ANASTASIIA","2416 FALCON DR  ROUND ROCK, TX 78681","2416 FALCON DR, ROUND ROCK, TX  78681","S4280 - Oakcreek Sec 1, BLOCK B, Lot 16, ACRES 0.175","Real","$520,234","$520,234"
"R302312","R-16-4818-000B-0017","PRACHYL, JEFFREY S & DANIELLE SILVA","2414 FALCON DR  ROUND ROCK, TX 78681","2414 FALCON DR, ROUND ROCK, TX  78681","S4280 - Oakcreek Sec 1, BLOCK B, Lot 17, ACRES 0.16","Real","$584,087","$584,087"
"R302313","R-16-4818-000B-0018","MORONE, ANTHONY F & LISA A","2412 FALCON DR ROUND ROCK, TX 78681-2719","2412 FALCON DR, ROUND ROCK, TX  78681","S4280 - Oakcreek Sec 1, BLOCK B, Lot 18, ACRES 0.153","Real","$498,686","$498,686"
"R302314","R-16-4818-000B-0019","TAMEZ, DARBY J","2410 FALCON DR  ROUND ROCK, TX 78681","2410 FALCON DR, ROUND ROCK, TX  78681","S4280 - Oakcreek Sec 1, BLOCK B, Lot 19, ACRES 0.153","Real","$450,956","$450,956"
"R302315","R-16-4818-000B-0020","GILBERT, THOMAS & SHAUNA GILBERT","5627 40TH AVE W SEATTLE, WA 98199-1034","2408 FALCON DR, ROUND ROCK, TX  78681","S4280 - Oakcreek Sec 1, BLOCK B, Lot 20, ACRES 0.153","Real","$500,027","$500,027"
"R302316","R-16-4818-000B-0021","HANTELMAN, STACY A & YOUNG SOOK","2406 FALCON DR  ROUND ROCK, TX 78681","2406 FALCON DR, ROUND ROCK, TX  78681","S4280 - Oakcreek Sec 1, BLOCK B, Lot 21, ACRES 0.153","Real","$570,800","$570,800"
"R302317","R-16-4818-000B-0022","HOSKINS, LINDA A","2404 FALCON DR  ROUND ROCK, TX 78681-2719","2404 FALCON DR, ROUND ROCK, TX  78681","S4280 - Oakcreek Sec 1, BLOCK B, Lot 22, ACRES 0.153","Real","$427,362","$427,362"
"R302318","R-16-4818-000B-0023","DIECKERT, HEATH","2402 FALCON DR  ROUND ROCK, TX 78681","2402 FALCON DR, ROUND ROCK, TX  78681","S4280 - Oakcreek Sec 1, BLOCK B, Lot 23, ACRES 0.16","Real","$424,905","$424,905"
"R302319","R-16-4818-000B-0024","DICKERSON, JUANITA (LE)","2400 FALCON DR  ROUND ROCK, TX 78681","2400 FALCON DR, ROUND ROCK, TX  78681","OAKCREEK SEC 1, BLOCK B, LOT 24, ACRES .164","Real","$471,539","$471,539"
"R302320","R-16-4818-000C-0001","BASSI, ANKUSH (TOD)","2314 FALCON DR  ROUND ROCK, TX 78681-2754","2314 FALCON DR, ROUND ROCK, TX  78681","S4280 - Oakcreek Sec 1, BLOCK C, Lot 1, ACRES 0.177","Real","$483,560","$483,560"
"R302321","R-16-4818-000C-0002","HAMMOCK, EMERSON & KRISTIN","2312 FALCON DR  ROUND ROCK, TX 78681","2312 FALCON DR, ROUND ROCK, TX  78681","S4280 - Oakcreek Sec 1, BLOCK C, Lot 2, ACRES 0.153","Real","$563,115","$563,115"
"R302322","R-16-4818-000C-0003","MEVAWALA, CHAITANYA","2310 FALCON DR  ROUND ROCK, TX 78681","2310 FALCON DR, ROUND ROCK, TX  78681","S4280 - Oakcreek Sec 1, BLOCK C, Lot 3, ACRES 0.153","Real","$445,865","$445,865"
"R302323","R-16-4818-000C-0004","Unknown","Unknown","2308 FALCON DR, ROUND ROCK, TX  78681","S4280 - Oakcreek Sec 1, BLOCK C, Lot 4, ACRES 0.153","Real","$513,743","$513,743"
"R302324","R-16-4818-000C-0005","HAGEMEIER, DOUGLAS DUANE","2306 FALCON DR  ROUND ROCK, TX 78681","2306 FALCON DR, ROUND ROCK, TX  78681","S4280 - Oakcreek Sec 1, BLOCK C, Lot 5, ACRES 0.153","Real","$496,973","$496,973"
"R302325","R-16-4818-000C-0006","VANDERMEER, TIMOTHY A & MELISSA K","2304 FALCON DR  ROUND ROCK, TX 78681","2304 FALCON DR, ROUND ROCK, TX  78681","S4280 - Oakcreek Sec 1, BLOCK C, Lot 6, ACRES 0.153","Real","$414,946","$414,946"
"R302326","R-16-4818-000C-0007","KOEN, JAMES PAUL (LE)","2302 FALCON DR  ROUND ROCK, TX 78681-2754","2302 FALCON DR, ROUND ROCK, TX  78681","OAKCREEK SEC 1, BLOCK C, LOT 7, ACRES .153","Real","$657,898","$657,898"
"R302327","R-16-4818-000C-0008","JOHNSON, ROBERT S & JOANNE M","2300 FALCON DR ROUND ROCK, TX 78681-2754","2300 FALCON DR, ROUND ROCK, TX  78681","S4280 - Oakcreek Sec 1, BLOCK C, Lot 8, ACRES 0.177","Real","$482,361","$482,361"
"R302328","R-16-4818-000D-0001","RODRIGUES, NATHAN ANDREW & MIRANDA DEE RODRIGUES","2204 FALCON DR  ROUND ROCK, TX 78681-2715","2204 FALCON DR, ROUND ROCK, TX  78681","OAKCREEK SEC 1, BLOCK D, LOT 1, ACRES .195","Real","$478,041","$478,041"
"R302329","R-16-4818-000D-0002","SRIDHARAN, SANDHYA","791 LINDEN AVE  LOS ALTOS, CA 94022","2202 FALCON DR, ROUND ROCK, TX  78681","S4280 - Oakcreek Sec 1, BLOCK D, Lot 2, ACRES 0.153","Real","$508,008","$508,008"
"R302330","R-16-4818-000D-0003","MCCAMMON, JOHN REGAN & JANE LUCY COOGAN","7001 VIRIDIAN LN AUSTIN, TX 78739-2091","2200 FALCON DR, ROUND ROCK, TX  78664","S4280 - Oakcreek Sec 1, BLOCK D, Lot 3, ACRES 0.175","Real","$483,070","$483,070"
"R302331","R-16-4818-000E-0001","SLUPE, RICHARD L & JOHANN E","2301 MOCKINGBIRD DR ROUND ROCK, TX 78681-2711","2301 MOCKINGBIRD DR, ROUND ROCK, TX  78681","S4280 - Oakcreek Sec 1, BLOCK E, Lot 1, ACRES 0.159","Real","$523,378","$523,378"
"R302332","R-16-4818-000E-0002","RAY, DEBJIT & SNESH ASHOK KAVATHEKAR","508 HENDON CT SUNNYVALE, CA 94087-3351","2303 MOCKINGBIRD DR, ROUND ROCK, TX  78681","S4280 - Oakcreek Sec 1, BLOCK E, Lot 2, ACRES 0.139","Real","$412,839","$412,839"
"R302333","R-16-4818-000E-0003","SANTTI, NATHAN J & JENNA N","2305 MOCKINGBIRD DR  ROUND ROCK, TX 78681","2305 MOCKINGBIRD DR, ROUND ROCK, TX  78681","S4280 - Oakcreek Sec 1, BLOCK E, Lot 3, ACRES 0.139","Real","$452,347","$452,347"
"R302334","R-16-4818-000E-0004","SOTO, CECILIA","2307 MOCKINGBIRD DR ROUND ROCK, TX 78681-2711","2307 MOCKINGBIRD DR, ROUND ROCK, TX  78681","S4280 - Oakcreek Sec 1, BLOCK E, Lot 4, ACRES 0.139","Real","$520,507","$520,507"
"R302335","R-16-4818-000E-0005","LISENBY, ANTHONY W & DONNA S","2309 MOCKINGBIRD DR ROUND ROCK, TX 78681-2711","2309 MOCKINGBIRD DR, ROUND ROCK, TX  78681","S4280 - Oakcreek Sec 1, BLOCK E, Lot 5, ACRES 0.139","Real","$400,812","$400,812"
"R302336","R-16-4818-000E-0006","SEE, KENNETH M & JILL S","2311 MOCKINGBIRD DR ROUND ROCK, TX 78681-2711","2311 MOCKINGBIRD DR, ROUND ROCK, TX  78681","S4280 - Oakcreek Sec 1, BLOCK E, Lot 6, ACRES 0.138","Real","$485,581","$485,581"
"R302338","R-16-4818-000E-0007","MENKE, DOUGLAS R & SHARI L","2313 MOCKINGBIRD DR ROUND ROCK, TX 78681-2711","2313 MOCKINGBIRD DR, ROUND ROCK, TX  78681","S4280 - Oakcreek Sec 1, BLOCK E, Lot 7, ACRES 0.139","Real","$520,913","$520,913"
"R302339","R-16-4818-000E-0008","ROBINS, TIMOTHY P TRUSTEE OF TIMOTHY & VICKY ROBINS REVOCABLE TRUST","2304 WOODWAY DR  ROUND ROCK, TX 78681","2315 MOCKINGBIRD DR, ROUND ROCK, TX  78681","S4280 - Oakcreek Sec 1, BLOCK E, Lot 8, ACRES 0.138","Real","$11,400","$11,400"
"R302340","R-16-4818-000E-0009","DRAKE, ALAN J & JULIE D","2317 MOCKINGBIRD DR ROUND ROCK, TX 78681-2711","2317 MOCKINGBIRD DR, ROUND ROCK, TX  78681","S4280 - Oakcreek Sec 1, BLOCK E, Lot 9, ACRES 0.137","Real","$545,721","$545,721"
"R302342","R-16-4818-000E-0010","LU, DAVID D & GRACE Y","10502 CASSIA DR  AUSTIN, TX 78759","2319 MOCKINGBIRD DR, ROUND ROCK, TX  78681","S4280 - Oakcreek Sec 1, BLOCK E, Lot 10, ACRES 0.137","Real","$500,066","$500,066"
"R302343","R-16-4818-000E-0011","DREES, NATHAN & MELISSA","2321 MOCKINGBIRD DR  ROUND ROCK, TX 78681","2321 MOCKINGBIRD DR, ROUND ROCK, TX  78681","S4280 - Oakcreek Sec 1, BLOCK E, Lot 11, ACRES 0.184","Real","$507,925","$507,925"
"R302344","R-16-4818-000E-0012","BORMAN, KRISTOPHER & LAURA","2323 MOCKINGBIRD DR  ROUND ROCK, TX 78681","2323 MOCKINGBIRD DR, ROUND ROCK, TX  78681","S4280 - Oakcreek Sec 1, BLOCK E, Lot 12, ACRES 0.208","Real","$531,405","$531,405"
"R302345","R-16-4818-000E-0013","DENTON, THOMAS LAWRENCE SR & PATRICIA ANN","1986 CANCIONES DEL CIELO  VISTA, CA 92084-3645","2401 MOCKINGBIRD DR, ROUND ROCK, TX  78664","S4280 - Oakcreek Sec 1, BLOCK E, Lot 13, ACRES 0.354","Real","$527,758","$527,758"
"R302346","R-16-4818-000E-0014","KALAPATAPU, SAI M & NAGA M KOTA","2403 MOCKINGBIRD DR  ROUND ROCK, TX 78681","2403 MOCKINGBIRD DR, ROUND ROCK, TX  78681","S4280 - Oakcreek Sec 1, BLOCK E, Lot 14, ACRES 0.245","Real","$428,172","$428,172"
"R302347","R-16-4818-000E-0015","CHRISTIANSON JEFFREY B TRUSTEE OF JEFFREY B CHRISTIANSON REVOCABLE TRUST","11427 PORTER RANCH DR APT 117 PORTER RANCH, CA 91326-4502","2405 MOCKINGBIRD DR, ROUND ROCK, TX  78681","S4280 - Oakcreek Sec 1, BLOCK E, Lot 15, ACRES 0.197","Real","$410,464","$410,464"
"R302348","R-16-4818-000E-0016","JENKINS, WILLIAM T III & BETH L DRISKILL","2407 MOCKINGBIRD DR  ROUND ROCK, TX 78681","2407 MOCKINGBIRD DR, ROUND ROCK, TX  78681","S4280 - Oakcreek Sec 1, BLOCK E, Lot 16, ACRES 0.178","Real","$479,392","$479,392"
"R302349","R-16-4818-000E-0017","DEERY, JESSICA & JOHN","2409 MOCKINGBIRD DR ROUND ROCK, TX 78681-2712","2409 MOCKINGBIRD DR, ROUND ROCK, TX  78681","S4280 - Oakcreek Sec 1, BLOCK E, Lot 17, ACRES 0.154","Real","$489,915","$489,915"
"R302350","R-16-4818-000E-0018","DYER, KEITH & KATHIE","2411 MOCKINGBIRD DR ROUND ROCK, TX 78681-2712","2411 MOCKINGBIRD DR, ROUND ROCK, TX  78681","S4280 - Oakcreek Sec 1, BLOCK E, Lot 18, ACRES 0.163","Real","$498,870","$498,870"
"R302351","R-16-4818-000F-0001","GEORGE THOMAS HODGES, JR & JANE WONG, TRUSTEES OF THE HW TRUST","2231 MOCKINGBIRD DR ROUND ROCK, TX 78681","2231 MOCKINGBIRD DR, ROUND ROCK, TX  78681","S4280 - Oakcreek Sec 1, BLOCK F, Lot 1, ACRES 0.149","Real","$519,791","$519,791"
"R302352","R-16-4818-000F-0002","LEE, ANDREW & XIN YI","4151 23RD ST  SAN FRANCISCO, CA 94114","2229 MOCKINGBIRD DR, ROUND ROCK, TX  78681","S4280 - Oakcreek Sec 1, BLOCK F, Lot 2, ACRES 0.149","Real","$509,315","$509,315"
"R302353","R-16-4818-000F-0003","LANKFORD, STEPHANIE & NATHAN","2227 MOCKINGBIRD DR  ROUND ROCK, TX 78681-2709","2227 MOCKINGBIRD DR, ROUND ROCK, TX  78681","S4280 - Oakcreek Sec 1, BLOCK F, Lot 3, ACRES 0.147","Real","$507,052","$507,052"
"R302354","R-16-4818-000F-0004","AINSWORTH, SPENCER  J & DEBRA T OF SPENCER J & DEBRA T AINSWORTH LIVING TRUST","2225 MOCKINGBIRD DR  ROUND ROCK, TX 78681-2709","2225 MOCKINGBIRD DR, ROUND ROCK, TX  78681","S4280 - Oakcreek Sec 1, BLOCK F, Lot 4, ACRES 0.148","Real","$500,304","$500,304"
"R302356","R-16-4818-000F-0005","WATTS, PAIGE SLOAN","2223 MOCKINGBIRD DR  ROUND ROCK, TX 78681","2223 MOCKINGBIRD DR, ROUND ROCK, TX  78681","S4280 - Oakcreek Sec 1, BLOCK F, Lot 5, ACRES 0.148","Real","$417,338","$417,338"
"R302357","R-16-4818-000F-0006","LIPSCOMB, LORI SUE & J RYAN JR","2221 MOCKINGBIRD DR ROUND ROCK, TX 78681-2709","2221 MOCKINGBIRD DR, ROUND ROCK, TX  78681","S4280 - Oakcreek Sec 1, BLOCK F, Lot 6, ACRES 0.148","Real","$389,371","$389,371"
"R302358","R-16-4818-000F-0007","KANICKI, JOSEPH J JR & LINDA W","2219 MOCKINGBIRD DR ROUND ROCK, TX 78681-2709","2219 MOCKINGBIRD DR, ROUND ROCK, TX  78681","S4280 - Oakcreek Sec 1, BLOCK F, Lot 7, ACRES 0.148","Real","$488,123","$488,123"
"R302359","R-16-4818-000F-0008","LI, MIN & QINGYUN WANG","2217 MOCKINGBIRD DR  ROUND ROCK, TX 78681","2217 MOCKINGBIRD DR, ROUND ROCK, TX  78681","S4280 - Oakcreek Sec 1, BLOCK F, Lot 8, ACRES 0.149","Real","$502,854","$502,854"
"R302361","R-16-4818-000F-0009","CLUTSON, WADE & KELSEY T STURM","2215 MOCKINGBIRD DR  ROUND ROCK, TX 78681","2215 MOCKINGBIRD DR, ROUND ROCK, TX  78681","S4280 - Oakcreek Sec 1, BLOCK F, Lot 9, ACRES 0.149","Real","$431,835","$431,835"
"R302362","R-16-4818-000F-0010","HOLLINGSWORTH, AARON & ALICE","2213 MOCKINGBIRD DR  ROUND ROCK, TX 78681-2709","2213 MOCKINGBIRD DR, ROUND ROCK, TX  78681","S4280 - Oakcreek Sec 1, BLOCK F, Lot 10, ACRES 0.149","Real","$506,944","$506,944"
"R302363","R-16-4818-000F-0011","ADCOCK, SIMRALL G","2211 MOCKINGBIRD DR  ROUND ROCK, TX 78681-2709","2211 MOCKINGBIRD DR, ROUND ROCK, TX  78681","S4280 - Oakcreek Sec 1, BLOCK F, Lot 11, ACRES 0.149","Real","$493,672","$493,672"
"R302365","R-16-4818-000F-0012","WISE, JOEL CHRISTEN & KYREN KRISTINA SCHULTZ","2209 MOCKINGBIRD DR  ROUND ROCK, TX 78681","2209 MOCKINGBIRD DR, ROUND ROCK, TX  78681","S4280 - Oakcreek Sec 1, BLOCK F, Lot 12, ACRES 0.15","Real","$536,415","$536,415"
"R302366","R-16-4818-000F-0013","BARNETT, MICHAEL PAUL & TERESA ANNE","2207 MOCKINGBIRD DR ROUND ROCK, TX 78681-2709","2207 MOCKINGBIRD DR, ROUND ROCK, TX  78681","S4280 - Oakcreek Sec 1, BLOCK F, Lot 13, ACRES 0.142","Real","$519,295","$519,295"
"R302368","R-16-4818-000F-0014","MURPHY, SHAUN M & BOREUM C","2205 MOCKINGBIRD DR  ROUND ROCK , TX 78681","2205 MOCKINGBIRD DR, ROUND ROCK, TX  78681","S4280 - Oakcreek Sec 1, BLOCK F, Lot 14, ACRES 0.121","Real","$501,596","$501,596"
"R302369","R-16-4818-000F-0015","MILLS, KATIE & TOBY W","2203 MOCKINGBIRD DR  ROUND ROCK, TX 78681","2203 MOCKINGBIRD DR, ROUND ROCK, TX  78681","S4280 - Oakcreek Sec 1, BLOCK F, Lot 15, ACRES 0.229","Real","$575,075","$575,075"
"R302371","R-16-4818-000F-0016","SANCHEZ, ROEL","2201 MOCKINGBIRD DR  ROUND ROCK, TX 78681","2201 MOCKINGBIRD DR, ROUND ROCK, TX  78681","S4280 - Oakcreek Sec 1, BLOCK F, Lot 16, ACRES 0.309","Real","$452,321","$452,321"
"R302372","R-16-4818-000F-0017","SHOLAR, JONATHAN & KARA","2115 MOCKINGBIRD DR  ROUND ROCK, TX 78681","2115 MOCKINGBIRD DR, ROUND ROCK, TX  78681","S4280 - Oakcreek Sec 1, BLOCK F, Lot 17, ACRES 0.194","Real","$455,151","$455,151"
"R302373","R-16-4818-000F-0018","CHEN, YIQUN","2113 MOCKINGBIRD DR  ROUND ROCK, TX 78681","2113 MOCKINGBIRD DR, ROUND ROCK, TX  78681","OAKCREEK SEC 1, BLOCK F, LOT 18","Real","$448,451","$448,451"
"R302375","R-16-4818-000F-0019","DONG, XIAO & RAN GU","443 LOTUS LN MOUNTAIN VIEW, CA 94043-4509","2111 MOCKINGBIRD DR, ROUND ROCK, TX  78681","S4280 - Oakcreek Sec 1, BLOCK F, Lot 19, ACRES 0.149","Real","$349,549","$349,549"
"R302376","R-16-4818-000F-0020","POLAK, TAB L & GAYLE E","2603 COVINGTON PL ROUND ROCK, TX 78681-2285","2109 MOCKINGBIRD DR, ROUND ROCK, TX  78681","S4280 - Oakcreek Sec 1, BLOCK F, Lot 20-21, ACRES 0.303","Real","$634,274","$634,274"
"R302377","R-16-4818-000F-0021","POLAK, TAB L & GAYLE E","2603 COVINGTON PL ROUND ROCK, TX 78681-2285","2107 MOCKINGBIRD DR, ROUND ROCK, TX  78681","S4280 - Oakcreek Sec 1, BLOCK F, Lot 21, ACRES 0.144, (DEL18 to R302376)","Real","$29,650","$29,650"
"R302378","R-16-4818-000F-0022","MOERBE, TODD W & ROSEMARY H","1018 OAKLANDS DR  ROUND ROCK, TX 78681","1018 OAKLANDS DR, ROUND ROCK, TX  78681","S4280 - Oakcreek Sec 1, BLOCK F, Lot 22, ACRES 0.145","Real","$489,196","$489,196"
"R302380","R-16-4818-000F-0023","TIPTON, GARY W & LINDA K","1016 OAKLANDS DR ROUND ROCK, TX 78681-4038","1016 OAKLANDS DR, ROUND ROCK, TX  78681","S4280 - Oakcreek Sec 1, BLOCK F, Lot 23, ACRES 0.13","Real","$497,121","$497,121"
"R302381","R-16-4818-000F-0024","EED, HAMDY T","1014 OAKLANDS DR ROUND ROCK, TX 78681-4038","1014 OAKLANDS DR, ROUND ROCK, TX  78681","S4280 - Oakcreek Sec 1, BLOCK F, Lot 24, ACRES 0.126","Real","$480,157","$480,157"
"R302382","R-16-4818-000F-0025","ENGSTROM, GREG & DIANE","1012 OAKLANDS DR ROUND ROCK, TX 78681-4038","1012 OAKLANDS DR, ROUND ROCK, TX  78681","S4280 - Oakcreek Sec 1, BLOCK F, Lot 25, ACRES 0.125","Real","$492,874","$492,874"
"R302394","R-16-4818-000F-0026","AOYAMA, YUKI","1-21-6 NAKANE, MEGURO-KU TOKYO JAPAN 152-0031","1010 OAKLANDS DR, ROUND ROCK, TX  78681","S4280 - Oakcreek Sec 1, BLOCK F, Lot 26, ACRES 0.13","Real","$485,632","$485,632"
"R302395","R-16-4818-000F-0027","SNOWDEN, DAREN D & JACQUELINE M","1008 OAKLANDS DR  ROUND ROCK, TX 78681","1008 OAKLANDS DR, ROUND ROCK, TX  78681","S4280 - Oakcreek Sec 1, BLOCK F, Lot 27, ACRES 0.134","Real","$521,465","$521,465"
"R302396","R-16-4818-000F-0028","GIDONY, DAVID","2708 BRUBECK BND  #UNIT CEDAR PARK, TX 78613","1006 OAKLANDS DR, ROUND ROCK, TX  78681","OAKCREEK SEC 1, BLOCK F, LOT 28","Real","$459,333","$459,333"
"R302397","R-16-4818-000I-0001","GREENE, EDWARD G & AMANDA L","2437 FALCON DR ROUND ROCK, TX 78681-2721","2437 FALCON DR, ROUND ROCK, TX  78681","S4280 - Oakcreek Sec 1, BLOCK I, Lot 1, ACRES 0.202","Real","$479,748","$479,748"
"R302398","R-16-4818-000I-0002","SHEA, RICHARD P Jr & ESTELA B","2439 FALCON DR ROUND ROCK, TX 78681-2721","2439 FALCON DR, ROUND ROCK, TX  78681","S4280 - Oakcreek Sec 1, BLOCK I, Lot 2, ACRES 0.187","Real","$495,274","$495,274"
"R302400","R-16-4818-000I-0003","JUSTIN GO & ALICIA MABRY TRS OF THE JUSTIN GO & ALICIA MABRY LIVING TRUST","2441 FALCON DR  ROUND ROCK, TX 78681-2721","2441 FALCON DR, ROUND ROCK, TX  78681","S4280 - Oakcreek Sec 1, BLOCK I, Lot 3, ACRES 0.17","Real","$617,078","$617,078"
"R302401","R-16-4818-000I-0004","KENT ALLAN BURR AND MICHELLE ANN BURR TRUSTEES OF THE KMB TRUST","1132 OAKLANDS DR ROUND ROCK, TX 78681","1132 OAKLANDS DR, ROUND ROCK, TX  78681","S4280 - Oakcreek Sec 1, BLOCK I, Lot 4, ACRES 0.166","Real","$505,304","$505,304"
"R302402","R-16-4818-000I-0005","SANTORI, MARJORIE A","1130 OAKLANDS DR  ROUND ROCK, TX 78681","1130 OAKLANDS DR, ROUND ROCK, TX  78681","S4280 - Oakcreek Sec 1, BLOCK I, Lot 5, ACRES 0.151","Real","$390,849","$390,849"
"R302403","R-16-4818-000I-0006","LARGENT, JASON D & STEPHANIE R","1128 OAKLANDS DR  ROUND ROCK, TX 78681-2702","1128 OAKLANDS DR, ROUND ROCK, TX  78681","S4280 - Oakcreek Sec 1, BLOCK I, Lot 6, ACRES 0.156","Real","$517,656","$517,656"
"R302405","R-16-4818-000I-0007","BARRETT, PATRICK JAMES, JR","1126 OAKLANDS DR  ROUND ROCK, TX 78681","1126 OAKLANDS DR, ROUND ROCK, TX  78681","S4280 - Oakcreek Sec 1, BLOCK I, Lot 7, ACRES 0.188","Real","$490,770","$490,770"
"R302406","R-16-4818-000I-0008","HARAN, AVIAD & DAFNA HARAN KERMISCH","1124 OAKLANDS DR  ROUND ROCK, TX 78681-2702","1124 OAKLANDS DR, ROUND ROCK, TX  78681","S4280 - Oakcreek Sec 1, BLOCK I, Lot 8, ACRES 0.17","Real","$530,339","$530,339"
"R302407","R-16-4818-000I-0009","SHAH, NAMRATA & VIJAY","18 HAYWARD RD  ACTON, MA 01720-3004","1122 OAKLANDS DR, ROUND ROCK, TX  78681","S4280 - Oakcreek Sec 1, BLOCK I, Lot 9, ACRES 0.174","Real","$522,064","$522,064"
"R302409","R-16-4818-000I-0010","SULLIVAN, SEAN P & KELLY","1120 OAKLANDS DR  ROUND ROCK, TX 78681","1120 OAKLANDS DR, ROUND ROCK, TX  78681","S4280 - Oakcreek Sec 1, BLOCK I, Lot 10, ACRES 0.18","Real","$548,731","$548,731"
"R302410","R-16-4818-000I-0011","LIM, EUNHIE & DOOHWAN YOON","1118 OAKLANDS DR  ROUND ROCK, TX 78681-2702","1118 OAKLANDS DR, ROUND ROCK, TX  78681","S4280 - Oakcreek Sec 1, BLOCK I, Lot 11, ACRES 0.186","Real","$480,949","$480,949"
"R302414","R-16-4818-000I-0015","ELLEN SKOVIERA TR OF THE ELLEN SKOVIERA REVOCABLE TRUST","1110 OAKLANDS DR  ROUND ROCK, TX 78681-2702","1110 OAKLANDS DR, ROUND ROCK, TX  78681","S4280 - Oakcreek Sec 1, BLOCK I, Lot 15, ACRES 0.159","Real","$603,172","$603,172"
"R302415","R-16-4818-000I-0016","WILLIAM R HAMPTON & MARINDA C VLETAS OF HAMPTON VLETAS FAMILY LIVING TRUST","1108 OAKLANDS DR  ROUND ROCK, TX 78681-2702","1108 OAKLANDS DR, ROUND ROCK, TX  78681","S4280 - Oakcreek Sec 1, BLOCK I, Lot 16, ACRES 0.164","Real","$432,799","$432,799"
"R302417","R-16-4818-000I-0017","THOMAS DAVID KRAVET & JANIS CLARKE KRAVET TRUSTEES OF THE THOMAS AND","15412 MONTOYA CV AUSTIN, TX 78717","1106 OAKLANDS DR, ROUND ROCK, TX  78681","S4280 - Oakcreek Sec 1, BLOCK I, Lot 17, ACRES 0.179","Real","$411,409","$411,409"
"R302418","R-16-4818-000I-0018","PN LIVING TRUST","3601 GABLE DR AUSTIN, TX 78759-3015","1104 OAKLANDS DR, ROUND ROCK, TX  78681","S4280 - Oakcreek Sec 1, BLOCK I, Lot 18, ACRES 0.181","Real","$420,256","$420,256"
"R302419","R-16-4818-000I-0019","PORTER, RANDALL S & MELISSA H","1102 OAKLANDS DR ROUND ROCK, TX 78681-2702","1102 OAKLANDS DR, ROUND ROCK, TX  78681","S4280 - Oakcreek Sec 1, BLOCK I, Lot 19, ACRES 0.183","Real","$517,681","$517,681"
"R302420","R-16-4818-000I-0020","BOTERO, ANDRES & ANDREA DEL PILAR GUZMAN GARZON","1100 OAKLANDS DR  ROUND ROCK, TX 78681","1100 OAKLANDS DR, ROUND ROCK, TX  78681","S4280 - Oakcreek Sec 1, BLOCK I, Lot 20, ACRES 0.169","Real","$496,613","$496,613"
"R302421","R-16-4818-000I-0021","DUNKLE, TERRY L & JANET E","1102 OAKWOOD BLVD ROUND ROCK, TX 78681-2752","1102 OAKWOOD BLVD, ROUND ROCK, TX  78681","S4280 - Oakcreek Sec 1, BLOCK I, Lot 21, ACRES 0.145","Real","$584,893","$584,893"
"R302422","R-16-4818-000I-0022","JUAREZ, JOSE LUIS","2401 SPARROW DR  ROUND ROCK, TX 78681","2401 SPARROW DR, ROUND ROCK, TX  78681","S4280 - Oakcreek Sec 1, BLOCK I, Lot 22, ACRES 0.144","Real","$526,249","$526,249"
"R302424","R-16-4818-000I-0023","JEFFERS, JOSEPH WILLIAM","2403 SPARROW DR  ROUND ROCK, TX 78681","2403 SPARROW DR, ROUND ROCK, TX  78681","S4280 - Oakcreek Sec 1, BLOCK I, Lot 23, ACRES 0.166","Real","$381,894","$381,894"
"R302425","R-16-4818-000I-0024","ROYER, STEVEN & SARA","2405 SPARROW DR  ROUND ROCK, TX 78681","2405 SPARROW DR, ROUND ROCK, TX  78681","S4280 - Oakcreek Sec 1, BLOCK I, Lot 24, ACRES 0.174","Real","$473,639","$473,639"
"R302428","R-16-4818-000I-0025","MURPHY, BRENT & SALLY","2407 SPARROW DR  ROUND ROCK, TX 78681","2407 SPARROW DR, ROUND ROCK, TX  78681","S4280 - Oakcreek Sec 1, BLOCK I, Lot 25, ACRES 0.168","Real","$460,055","$460,055"
"R302430","R-16-4818-000I-0026","CUMMINGS, SEAN C & KAREN E","2409 SPARROW DR  ROUND ROCK, TX 78681","2409 SPARROW DR, ROUND ROCK, TX  78681","S4280 - Oakcreek Sec 1, BLOCK I, Lot 26, ACRES 0.176","Real","$481,345","$481,345"
"R302431","R-16-4818-000I-0027","DIECKERT, SHARON LYNN","2411 SPARROW DR ROUND ROCK, TX 78681-2727","2411 SPARROW DR, ROUND ROCK, TX  78681","S4280 - Oakcreek Sec 1, BLOCK I, Lot 27, ACRES 0.176","Real","$495,212","$495,212"
"R302432","R-16-4818-000I-0028","WILLIAM BRUCE COWEY & DEBRA LYNN COWEY TR OF WILLIAM & DEBRA COWEY REVCOB TRUST","2413 SPARROW DR  ROUND ROCK, TX 78681-2727","2413 SPARROW DR, ROUND ROCK, TX  78681","S4280 - Oakcreek Sec 1, BLOCK I, Lot 28, ACRES 0.179","Real","$398,309","$398,309"
"R302433","R-16-4818-000I-0029","NAYLOR, TIMOTHY DOUGLAS & BARBARA M","2415 SPARROW DR  ROUND ROCK, TX 78681-2727","2415 SPARROW DR, ROUND ROCK, TX  78681","S4280 - Oakcreek Sec 1, BLOCK I, Lot 29, ACRES 0.178","Real","$446,973","$446,973"
"R302435","R-16-4818-000I-0030","ROBERT JEROME O NEILL & MARTHA JO O NEILL TRS OF THE ONEILL FAMILY TRUST","2417 SPARROW DR  ROUND ROCK, TX 78681-2727","2417 SPARROW DR, ROUND ROCK, TX  78681","S4280 - Oakcreek Sec 1, BLOCK I, Lot 30, ACRES 0.186","Real","$497,121","$497,121"
"R302436","R-16-4818-000I-0031","MOORE, ANDREW S & CAMILLE C","2419 SPARROW DR  ROUND ROCK, TX 78681","2419 SPARROW DR, ROUND ROCK, TX  78681","S4280 - Oakcreek Sec 1, BLOCK I, Lot 31, ACRES 0.188","Real","$505,118","$505,118"
"R302437","R-16-4818-000I-0032","BEHR, JASON MICHAEL & VANESSA R","2421 SPARROW DR  ROUND ROCK, TX 78681","2421 SPARROW DR, ROUND ROCK, TX  78681","S4280 - Oakcreek Sec 1, BLOCK I, Lot 32, ACRES 0.172","Real","$423,673","$423,673"
"R302439","R-16-4818-000I-0033","PITTMAN, G GREG & ANGELA S","2423 SPARROW DR ROUND ROCK, TX 78681-2727","2423 SPARROW DR, ROUND ROCK, TX  78681","S4280 - Oakcreek Sec 1, BLOCK I, Lot 33, ACRES 0.151","Real","$511,954","$511,954"
"R302440","R-16-4818-000I-0034","HARRY, RAYMOND J & REBECKA RAJ","2425 SPARROW DR  ROUND ROCK, TX 78681","2425 SPARROW DR, ROUND ROCK, TX  78681","S4280 - Oakcreek Sec 1, BLOCK I, Lot 34, ACRES 0.141","Real","$531,377","$531,377"
"R302441","R-16-4818-000I-0035","BRUSSEAU, DEBORAH M & PHILLIP J","2427 SPARROW DR ROUND ROCK, TX 78681-2727","2427 SPARROW DR, ROUND ROCK, TX  78681","S4280 - Oakcreek Sec 1, BLOCK I, Lot 35, ACRES 0.142","Real","$535,755","$535,755"
"R302442","R-16-4818-000J-0001","PERKINS, SCHEHERAZAD","2420 MOCKINGBIRD DR ROUND ROCK, TX 78681-2714","2420 MOCKINGBIRD DR, ROUND ROCK, TX  78681","S4280 - Oakcreek Sec 1, BLOCK J, Lot 1, ACRES 0.15","Real","$497,642","$497,642"
"R302443","R-16-4818-000J-0002","ABITUA, ANGEL & DIANE D","2418 MOCKINGBIRD DR ROUND ROCK, TX 78681-2714","2418 MOCKINGBIRD DR, ROUND ROCK, TX  78681","S4280 - Oakcreek Sec 1, BLOCK J, Lot 2, ACRES 0.149","Real","$417,944","$417,944"
"R302444","R-16-4818-000J-0003","HAKE, KENNETH","2416 MOCKINGBIRD DR ROUND ROCK, TX 78681-2714","2416 MOCKINGBIRD DR, ROUND ROCK, TX  78681","S4280 - Oakcreek Sec 1, BLOCK J, Lot 3, ACRES 0.15","Real","$546,737","$546,737"
"R302445","R-16-4818-000J-0004","MANJI, MOIZ & SONIA RAJANI","4915 CANCUN HILLS CT FULSHEAR, TX 77441-1573","2414 MOCKINGBIRD DR, ROUND ROCK, TX  78681","S4280 - Oakcreek Sec 1, BLOCK J, Lot 4, ACRES 0.15","Real","$503,087","$503,087"
"R302446","R-16-4818-000J-0005","EMMEL, GUENTHER","2412 MOCKINGBIRD DR ROUND ROCK, TX 78681-2714","2412 MOCKINGBIRD DR, ROUND ROCK, TX  78681","S4280 - Oakcreek Sec 1, BLOCK J, Lot 5, ACRES 0.156","Real","$600,556","$600,556"
"R302447","R-16-4818-000J-0006","SOLOMONS, AMANDA GOLSON &  JAMES BROUGHTON","2410 MOCKINGBIRD DR  ROUND ROCK, TX 78681-2714","2410 MOCKINGBIRD DR, ROUND ROCK, TX  78681","S4280 - Oakcreek Sec 1, BLOCK J, Lot 6, ACRES 0.164","Real","$516,276","$516,276"
"R302449","R-16-4818-000J-0007","LEHMAN, WILLIAM B, Jr","2408 MOCKINGBIRD DR  ROUND ROCK, TX 78681-2714","2408 MOCKINGBIRD DR, ROUND ROCK, TX  78681","S4280 - Oakcreek Sec 1, BLOCK J, Lot 7, ACRES 0.173","Real","$367,216","$367,216"
"R302450","R-16-4818-000J-0008","ADAMS, JAMES C","2400 MOCKINGBIRD DR  ROUND ROCK, TX 78681","2400 MOCKINGBIRD DR, ROUND ROCK, TX  78681","S4280 - Oakcreek Sec 1, BLOCK J, Lot 8, ACRES 0.149","Real","$571,472","$571,472"
"R302451","R-16-4818-000J-0009","GALLAGHER, MAX J & LURA J","2318 MOCKINGBIRD DR ROUND ROCK, TX 78681-2710","2318 MOCKINGBIRD DR, ROUND ROCK, TX  78681","S4280 - Oakcreek Sec 1, BLOCK J, Lot 9, ACRES 0.147","Real","$365,813","$365,813"
"R302452","R-16-4818-000J-0010","CHOWDHURY, MOHAMMAD","2316 MOCKINGBIRD DR  ROUND ROCK, TX 78681","2316 MOCKINGBIRD DR, ROUND ROCK, TX  78681","S4280 - Oakcreek Sec 1, BLOCK J, Lot 10, ACRES 0.142","Real","$563,294","$563,294"
"R302453","R-16-4818-000J-0011","PHAM, MINH XUAN & ANH NGUYEN","2314 MOCKINGBIRD DR ROUND ROCK, TX 78681-2710","2314 MOCKINGBIRD DR, ROUND ROCK, TX  78681","S4280 - Oakcreek Sec 1, BLOCK J, Lot 11, ACRES 0.142","Real","$601,000","$601,000"
"R302454","R-16-4818-000J-0012","DILLON, TRACI & STEWART LE","2312 MOCKINGBIRD DR  ROUND ROCK, TX 78681","2312 MOCKINGBIRD DR, ROUND ROCK, TX  78681","S4280 - Oakcreek Sec 1, BLOCK J, Lot 12, ACRES 0.142","Real","$459,879","$459,879"
"R302455","R-16-4818-000J-0013","JONES, DANIEL O & DIANA LYNN","2310 MOCKINGBIRD DR ROUND ROCK, TX 78681-2710","2310 MOCKINGBIRD DR, ROUND ROCK, TX  78681","S4280 - Oakcreek Sec 1, BLOCK J, Lot 13, ACRES 0.142","Real","$498,201","$498,201"
"R302456","R-16-4818-000J-0014","HOOVER, RYAN S & COUSETT","2308 MOCKINGBIRD DR  ROUND ROCK, TX 78681","2308 MOCKINGBIRD DR, ROUND ROCK, TX  78681","S4280 - Oakcreek Sec 1, BLOCK J, Lot 14, ACRES 0.142","Real","$449,458","$449,458"
"R302457","R-16-4818-000J-0015","COX, KENNETH R & MARY ELIZABETH","2306 MOCKINGBIRD DR ROUND ROCK, TX 78681-2710","2306 MOCKINGBIRD DR, ROUND ROCK, TX  78681","S4280 - Oakcreek Sec 1, BLOCK J, Lot 15, ACRES 0.142","Real","$416,616","$416,616"
"R302458","R-16-4818-000J-0016","VITALE, MICHAEL K & KARYL","2304 MOCKINGBIRD DR ROUND ROCK, TX 78681-2710","2304 MOCKINGBIRD DR, ROUND ROCK, TX  78681","S4280 - Oakcreek Sec 1, BLOCK J, Lot 16, ACRES 0.142","Real","$465,707","$465,707"
"R302459","R-16-4818-000J-0017","FARRAR, RACHEL & JAMES","2302 MOCKINGBIRD DR  ROUND ROCK, TX 78681","2302 MOCKINGBIRD DR, ROUND ROCK, TX  78681","S4280 - Oakcreek Sec 1, BLOCK J, Lot 17, ACRES 0.141","Real","$508,170","$508,170"
"R302460","R-16-4818-000J-0018","HOGAN, WILLIAM","2300 MOCKINGBIRD DR  ROUND ROCK, TX 78681-2710","2300 MOCKINGBIRD DR, ROUND ROCK, TX  78681","S4280 - Oakcreek Sec 1, BLOCK J, Lot 18, ACRES 0.119","Real","$491,886","$491,886"
"R302461","R-16-4818-000J-0019","HEER, HARALD & AMANDA","1002 OAKWOOD BLVD ROUND ROCK, TX 78681-2748","1002 OAKWOOD BLVD, ROUND ROCK, TX  78681","S4280 - Oakcreek Sec 1, BLOCK J, Lot 19, ACRES 0.147","Real","$380,045","$380,045"
"R302462","R-16-4818-000J-0020","NORTON, H KAY","1004 OAKWOOD BLVD ROUND ROCK, TX 78681-2748","1004 OAKWOOD BLVD, ROUND ROCK, TX  78681","S4280 - Oakcreek Sec 1, BLOCK J, Lot 20, ACRES 0.16","Real","$419,936","$419,936"
"R302463","R-16-4818-000J-0021","SMITH, RYAN F & KELLEY J","1006 OAKWOOD BLVD  ROUND ROCK, TX 78681","1006 OAKWOOD BLVD, ROUND ROCK, TX  78681","S4280 - Oakcreek Sec 1, BLOCK J, Lot 21, ACRES 0.15","Real","$410,279","$410,279"
"R302464","R-16-4818-000J-0022","LOO, KHAI KEAT","1008 OAKWOOD BLVD  ROUND ROCK, TX 78681-2748","1008 OAKWOOD BLVD, ROUND ROCK, TX  78681","S4280 - Oakcreek Sec 1, BLOCK J, Lot 22, ACRES 0.14","Real","$432,144","$432,144"
"R302465","R-16-4818-000J-0023","DYKES, JONATHAN D & SAMANTHA M","150 ARABIAN AVE N LIBERTY HILL, TX 78642-3907","1010 OAKWOOD BLVD, ROUND ROCK, TX  78681","S4280 - Oakcreek Sec 1, BLOCK J, Lot 23, ACRES 0.154","Real","$515,132","$515,132"
"R302466","R-16-4818-000J-0024","DUFFY, WILLIAM A","1101 OAKLANDS DR  ROUND ROCK, TX 78681","1101 OAKLANDS DR, ROUND ROCK, TX  78681","S4280 - Oakcreek Sec 1, BLOCK J, Lot 24, ACRES 0.195","Real","$468,131","$468,131"
"R302467","R-16-4818-000J-0025","LITWIN STUART L & SANDRA J OF STUART LEE LITWIN & SANDRA JEAN LITWIN RVCBL TST","1103 OAKLANDS DR  ROUND ROCK, TX 78681","1103 OAKLANDS DR, ROUND ROCK, TX  78681","S4280 - Oakcreek Sec 1, BLOCK J, Lot 25, ACRES 0.18","Real","$517,320","$517,320"
"R302468","R-16-4818-000J-0026","KENT JOSEPH P & ELEANOR CO-TRUSTEES OF THE KENT FAMILY LIVING TRUST","1008 BLUE BIRD CT ROUND ROCK, TX 78681","1105 OAKLANDS DR, ROUND ROCK, TX  78681","S4280 - Oakcreek Sec 1, BLOCK J, Lot 26, ACRES 0.166","Real","$439,168","$439,168"
"R302469","R-16-4818-000J-0027","SHOPTAW, JOHN PAUL & MARY ANN","1007 BLUE BIRD CT ROUND ROCK, TX 78681-2743","1007 BLUE BIRD CT, ROUND ROCK, TX  78681","S4280 - Oakcreek Sec 1, BLOCK J, Lot 27, ACRES 0.16","Real","$421,083","$421,083"
"R302471","R-16-4818-000J-0028","ELLEN M STEVENS TR ELLEN STEVENS LIVING TRUST","1005 BLUE BIRD CT  ROUND ROCK, TX 78681-2743","1005 BLUE BIRD CT, ROUND ROCK, TX  78681","S4280 - Oakcreek Sec 1, BLOCK J, Lot 28, ACRES 0.114","Real","$414,335","$414,335"
"R302472","R-16-4818-000J-0029","GALA, VINIT & VIDHI SHAH","1003 BLUE BIRD CT  ROUND ROCK, TX 78681","1003 BLUE BIRD CT, ROUND ROCK, TX  78681","S4280 - Oakcreek Sec 1, BLOCK J, Lot 29, ACRES 0.142","Real","$545,354","$545,354"
"R302474","R-16-4818-000J-0030","LONG, LARRY & CHERYL","1001 BLUE BIRD CT ROUND ROCK, TX 78681-2743","1001 BLUE BIRD CT, ROUND ROCK, TX  78681","S4280 - Oakcreek Sec 1, BLOCK J, Lot 30, ACRES 0.198","Real","$509,118","$509,118"
"R302475","R-16-4818-000J-0031","MARLBOROUGH, NICOLE & EARVIN BAHENA","32 WILDERNESS WAY ROUND ROCK, TX 78664-9630","1000 BLUE BIRD CT, ROUND ROCK, TX  78681","S4280 - Oakcreek Sec 1, BLOCK J, Lot 31, ACRES 0.192","Real","$486,190","$486,190"
"R302476","R-16-4818-000J-0032","ABBENANTE, STEVEN","5304 CORNETTO BLFS ROUND ROCK, TX 78665-2368","1002 BLUE BIRD CT, ROUND ROCK, TX  78681","S4280 - Oakcreek Sec 1, BLOCK J, Lot 32, ACRES 0.247","Real","$436,657","$436,657"
"R302477","R-16-4818-000J-0033","HUDSON, CHARLES L JR & MARION D","1004 BLUE BIRD CT ROUND ROCK, TX 78681-2742","1004 BLUE BIRD CT, ROUND ROCK, TX  78681","S4280 - Oakcreek Sec 1, BLOCK J, Lot 33, ACRES 0.197","Real","$490,089","$490,089"
"R302479","R-16-4818-000J-0034","ERCOLINE, BRANDON","1006 BLUE BIRD CT  ROUND ROCK, TX 78681","1006 BLUE BIRD CT, ROUND ROCK, TX  78681","S4280 - Oakcreek Sec 1, BLOCK J, Lot 34, ACRES 0.171","Real","$536,320","$536,320"
"R302480","R-16-4818-000J-0035","KENT JOSEPH P & ELEANOR CO-TRUSTEES OF THE KENT FAMILY LIVING TRUST","1008 BLUE BIRD CT  ROUND ROCK, TX 78681","1008 BLUE BIRD CT, ROUND ROCK, TX  78681","S4280 - Oakcreek Sec 1, BLOCK J, Lot 35, ACRES 0.139","Real","$378,596","$378,596"
"R302481","R-16-4818-000J-0036","MURALI, SRIHARI","1010 BLUE BIRD CT  ROUND ROCK, TX 78681","1010 BLUE BIRD CT, ROUND ROCK, TX  78681","S4280 - Oakcreek Sec 1, BLOCK J, Lot 36, ACRES 0.171","Real","$423,367","$423,367"
"R302482","R-16-4818-000J-0037","BRENT B AND PATRICIA L CRAWLEY TR BRENT B CRAWLEY AND PATRICIA L CRAWLEY TRUST","1009 WREN CT  ROUND ROCK, TX 78681","1009 WREN CT, ROUND ROCK, TX  78681","S4280 - Oakcreek Sec 1, BLOCK J, Lot 37, ACRES 0.168","Real","$496,972","$496,972"
"R302483","R-16-4818-000J-0038","HOLCOMB, SEAN E & ELIZABETH S","1007 WREN CT ROUND ROCK, TX 78681-2741","1007 WREN CT, ROUND ROCK, TX  78681","S4280 - Oakcreek Sec 1, BLOCK J, Lot 38, ACRES 0.136","Real","$516,704","$516,704"
"R302484","R-16-4818-000J-0039","LOATS, PHILIP & XIAOTONG WANG","1005 WREN CT ROUND ROCK, TX 78681-2741","1005 WREN CT, ROUND ROCK, TX  78681","S4280 - Oakcreek Sec 1, BLOCK J, Lot 39, ACRES 0.166","Real","$481,080","$481,080"
"R302485","R-16-4818-000J-0040","WEI, MINGYUAN & WEI SHEN","1003 WREN CT  ROUND ROCK, TX 78681","1003 WREN CT, ROUND ROCK, TX  78681","S4280 - Oakcreek Sec 1, BLOCK J, Lot 40, ACRES 0.186","Real","$494,482","$494,482"
"R302487","R-16-4818-000J-0041","PANKRATZ, JAMES A","1001 WREN CT ROUND ROCK, TX 78681-2741","1001 WREN CT, ROUND ROCK, TX  78681","S4280 - Oakcreek Sec 1, BLOCK J, Lot 41, ACRES 0.258","Real","$420,880","$420,880"
"R302493","R-16-4818-000J-0042","BROWN, PATRICK & NATALIE","1000 WREN CT  ROUND ROCK, TX 78681","1000 WREN CT, ROUND ROCK, TX  78681","S4280 - Oakcreek Sec 1, BLOCK J, Lot 42, ACRES 0.23","Real","$513,945","$513,945"
"R302494","R-16-4818-000J-0043","NAVARRO, ERNESTO JR & LESLIE V TRS OF ERNESTO & LESLIE NAVARRO LIVING TRUST","1002 WREN CT  ROUND ROCK, TX 78681-2741","1002 WREN CT, ROUND ROCK, TX  78681","S4280 - Oakcreek Sec 1, BLOCK J, Lot 43, ACRES 0.279","Real","$687,908","$687,908"
"R302495","R-16-4818-000J-0044","KRUGER, NICK EMMETT & DEANNA JARRELL","1004 WREN CT ROUND ROCK, TX 78681-2741","1004 WREN CT, ROUND ROCK, TX  78681","S4280 - Oakcreek Sec 1, BLOCK J, Lot 44, ACRES 0.184","Real","$445,917","$445,917"
"R302496","R-16-4818-000J-0045","RICARDO & LORRAINE RAMOS REVOCABLE TRUST","1006 WREN CT  ROUND ROCK, TX 78681-2741","1006 WREN CT, ROUND ROCK, TX  78681","S4280 - Oakcreek Sec 1, BLOCK J, Lot 45, ACRES 0.159","Real","$529,519","$529,519"
"R302497","R-16-4818-000J-0046","CHOWDHARY, MUKESH (TOD) & APARNA (TOD)","1008 WREN CT  ROUND ROCK, TX 78681-2741","1008 WREN CT, ROUND ROCK, TX  78681","S4280 - Oakcreek Sec 1, BLOCK J, Lot 46, ACRES 0.133","Real","$490,724","$490,724"
"R302498","R-16-4818-000J-0047","BERRY, ROBERT W JR & CAROLYN R","1010 WREN CT  ROUND ROCK, TX 78681-2741","1010 WREN CT, ROUND ROCK, TX  78681","S4280 - Oakcreek Sec 1, BLOCK J, Lot 47, ACRES 0.145","Real","$574,557","$574,557"
"R302499","R-16-4818-000K-0001","KARAGIAS, MARY K & TIMOTHY","1013 OAKWOOD BLVD  ROUND ROCK, TX 78681","1013 OAKWOOD BLVD, ROUND ROCK, TX  78681","S4280 - Oakcreek Sec 1, BLOCK K, Lot 1, ACRES 0.179","Real","$545,206","$545,206"
"R302500","R-16-4818-000K-0002","MONEY, LINDA SUE TINDLE","1011 OAKWOOD BLVD  ROUND ROCK, TX 78681","1011 OAKWOOD BLVD, ROUND ROCK, TX  78681","S4280 - Oakcreek Sec 1, BLOCK K, Lot 2, ACRES 0.15","Real","$366,030","$366,030"
"R302501","R-16-4818-000K-0003","ZENAD, LOUNIS & MARIA","1009 OAKWOOD BLVD  ROUND ROCK, TX 78681","1009 OAKWOOD BLVD, ROUND ROCK, TX  78681","S4280 - Oakcreek Sec 1, BLOCK K, Lot 3, ACRES 0.15","Real","$494,095","$494,095"
"R302502","R-16-4818-000K-0004","KENNEDY, MATTHEW R & JULIE B","1007 OAKWOOD BLVD ROUND ROCK, TX 78681-2749","1007 OAKWOOD BLVD, ROUND ROCK, TX  78681","S4280 - Oakcreek Sec 1, BLOCK K, Lot 4, ACRES 0.157","Real","$523,267","$523,267"
"R302503","R-16-4818-000K-0005","BELK, MATTHEW RICHARD, II","1005 OAKWOOD BLVD  ROUND ROCK, TX 78681-2749","1005 OAKWOOD BLVD, ROUND ROCK, TX  78681","S4280 - Oakcreek Sec 1, BLOCK K, Lot 5, ACRES 0.15","Real","$552,083","$552,083"
"R302504","R-16-4818-000K-0006","MATHEW, SINIMOL JOSE & SALPHY","3416 FRANCISCO WAY  ROUND ROCK, TX 78665","1003 OAKWOOD BLVD, ROUND ROCK, TX  78681","S4280 - Oakcreek Sec 1, BLOCK K, Lot 6, ACRES 0.166","Real","$345,815","$345,815"
"R302505","R-16-4818-000K-0007","XU, ZHAOYANG & YIXIN ZHAO","10380 MALVERN CT  CUPERTINO, CA 95014-4526","1001 OAKWOOD BLVD, ROUND ROCK, TX  78681","S4280 - Oakcreek Sec 1, BLOCK K, Lot 7, ACRES 0.186","Real","$492,299","$492,299"
"R302506","R-16-4818-000K-0008","WILLERT, TIMOTHY & ERIN","2230 MOCKINGBIRD DR  ROUND ROCK, TX 78681","2230 MOCKINGBIRD DR, ROUND ROCK, TX  78681","S4280 - Oakcreek Sec 1, BLOCK K, Lot 8, ACRES 0.174","Real","$498,721","$498,721"
"R302507","R-16-4818-000K-0009","HAYGOOD, JOHN R & JESUSA B","2228 MOCKINGBIRD DR  ROUND ROCK, TX 78681","2228 MOCKINGBIRD DR, ROUND ROCK, TX  78681","S4280 - Oakcreek Sec 1, BLOCK K, Lot 9, ACRES 0.152","Real","$481,539","$481,539"
"R302508","R-16-4818-000K-0010","CAHILL, SAMSON & STEPHANIE","2226 MOCKINGBIRD DR  ROUND ROCK, TX 78681-2707","2226 MOCKINGBIRD DR, ROUND ROCK, TX  78681","S4280 - Oakcreek Sec 1, BLOCK K, Lot 10, ACRES 0.152","Real","$470,789","$470,789"
"R302509","R-16-4818-000K-0011","PUN, STEPHEN & BINGYI NI","2224 MOCKINGBIRD DR  ROUND ROCK, TX 78681-2707","2224 MOCKINGBIRD DR, ROUND ROCK, TX  78681","S4280 - Oakcreek Sec 1, BLOCK K, Lot 11, ACRES 0.152","Real","$503,946","$503,946"
"R302510","R-16-4818-000K-0012","ESPERSEN, RAYMOND M","2222 MOCKINGBIRD DR ROUND ROCK, TX 78681-2707","2222 MOCKINGBIRD DR, ROUND ROCK, TX  78681","S4280 - Oakcreek Sec 1, BLOCK K, Lot 12, ACRES 0.152","Real","$559,787","$559,787"
"R302512","R-16-4818-000K-0013","KUBICEK, RYAN L & SHARON D MOORE","2220 MOCKINGBIRD DR ROUND ROCK, TX 78681-2707","2220 MOCKINGBIRD DR, ROUND ROCK, TX  78681","S4280 - Oakcreek Sec 1, BLOCK K, Lot 13, ACRES 0.152","Real","$410,464","$410,464"
"R302513","R-16-4818-000K-0014","FRERES, ANNETTE DURAND (TOD)","2218 MOCKINGBIRD DR  ROUND ROCK, TX 78681","2218 MOCKINGBIRD DR, ROUND ROCK, TX  78681","S4280 - Oakcreek Sec 1, BLOCK K, Lot 14, ACRES 0.152","Real","$454,628","$454,628"
"R302514","R-16-4818-000K-0015","BARBER, CHARLES D (TOD) & ELIZABETH (TOD)","2216 MOCKINGBIRD DR  ROUND ROCK, TX 78681-2707","2216 MOCKINGBIRD DR, ROUND ROCK, TX  78681","S4280 - Oakcreek Sec 1, BLOCK K, Lot 15, ACRES 0.152","Real","$463,327","$463,327"
"R302515","R-16-4818-000K-0016","GROH, KENNETH J & SHARON ANN","2214 MOCKINGBIRD DR  ROUND ROCK, TX 78681-2707","2214 MOCKINGBIRD DR, ROUND ROCK, TX  78681","S4280 - Oakcreek Sec 1, BLOCK K, Lot 16, ACRES 0.152","Real","$380,341","$380,341"
"R302517","R-16-4818-000K-0017","DIENSTBIER, COLLEEN MARIE & STEVEN LEE OF DIENSTBIER FAMILY TRUST","2212 MOCKINGBIRD DR  ROUND ROCK, TX 78681-2707","2212 MOCKINGBIRD DR, ROUND ROCK, TX  78681","S4280 - Oakcreek Sec 1, BLOCK K, Lot 17, ACRES 0.152","Real","$475,388","$475,388"
"R302518","R-16-4818-000K-0018","NUNEZ, JORGE ANDRES & MARIA BEJARANO","2210 MOCKINGBIRD DR  ROUND ROCK, TX 78681","2210 MOCKINGBIRD DR, ROUND ROCK, TX  78681","S4280 - Oakcreek Sec 1, BLOCK K, Lot 18, ACRES 0.152","Real","$491,321","$491,321"
"R302519","R-16-4818-000K-0019","SCHNEIDER, MARK AARON & ANGELA WANG","2208 MOCKINGBIRD DR ROUND ROCK, TX 78681-2707","2208 MOCKINGBIRD DR, ROUND ROCK, TX  78681","S4280 - Oakcreek Sec 1, BLOCK K, Lot 19, ACRES 0.151","Real","$434,769","$434,769"
"R302520","R-16-4818-000K-0020","SPARKS, SUSAN L","2200 MOCKINGBIRD DR ROUND ROCK, TX 78681-2707","2200 MOCKINGBIRD DR, ROUND ROCK, TX  78681","S4280 - Oakcreek Sec 1, BLOCK K, Lot 20, ACRES 0.12","Real","$413,191","$413,191"
"R302521","R-16-4818-000K-0021","HASSAN, SYED","2112 MOCKINGBIRD DR  ROUND ROCK, TX 78681","2112 MOCKINGBIRD DR, ROUND ROCK, TX  78681","S4280 - Oakcreek Sec 1, BLOCK K, Lot 21, ACRES 0.188","Real","$502,573","$502,573"
"R302522","R-16-4818-000K-0022","DACKO, PAT & DONNA","2110 MOCKINGBIRD DR  ROUND ROCK, TX 78681","2110 MOCKINGBIRD DR, ROUND ROCK, TX  78681","S4280 - Oakcreek Sec 1, BLOCK K, Lot 22, ACRES 0.152","Real","$404,008","$404,008"
"R302523","R-16-4818-000K-0023","NICHOLSON, DIARMUID E & DONNA C","2108 MOCKINGBIRD DR  ROUND ROCK, TX 78681","2108 MOCKINGBIRD DR, ROUND ROCK, TX  78681","S4280 - Oakcreek Sec 1, BLOCK K, Lot 23, ACRES 0.152","Real","$351,234","$351,234"
"R302524","R-16-4818-000K-0024","YORK SHAWN & AMY","2106 MOCKINGBIRD DR ROUND ROCK, TX 78681-2706","2106 MOCKINGBIRD DR, ROUND ROCK, TX  78681","S4280 - Oakcreek Sec 1, BLOCK K, Lot 24, ACRES 0.152","Real","$413,106","$413,106"
"R302525","R-16-4818-000K-0025","DENKLER, JOHN F & ELISA D","2104 MOCKINGBIRD DR ROUND ROCK, TX 78681-2706","2104 MOCKINGBIRD DR, ROUND ROCK, TX  78681","S4280 - Oakcreek Sec 1, BLOCK K, Lot 25, ACRES 0.152","Real","$507,573","$507,573"
"R302526","R-16-4818-000K-0026","RAYMOND, ALEXANDRIA BRITTANY & THOMAS MICHAEL","2102 MOCKINGBIRD DR  ROUND ROCK, TX 78681","2102 MOCKINGBIRD DR, ROUND ROCK, TX  78681","S4280 - Oakcreek Sec 1, BLOCK K, Lot 26, ACRES 0.152","Real","$502,874","$502,874"
"R302527","R-16-4818-000K-0027","ROBINSON, DANIELLE M & JAMES E III","2100 MOCKINGBIRD DR ROUND ROCK, TX 78681-2706","2100 MOCKINGBIRD DR, ROUND ROCK, TX  78681","S4280 - Oakcreek Sec 1, BLOCK K, Lot 27, ACRES 0.154","Real","$497,294","$497,294"
"R302528","R-16-4818-000K-0028","FLORES, RENE M (TOD) & CYNTHIA A (TOD)","1013 PARROT TRL  ROUND ROCK, TX 78681","1013 PARROT TRL, ROUND ROCK, TX  78681","S4280 - Oakcreek Sec 1, BLOCK K, Lot 28, ACRES 0.187","Real","$497,664","$497,664"
"R302529","R-16-4818-000K-0029","BEREN, LOREN A","1011 PARROT TRL ROUND ROCK, TX 78681-2745","1011 PARROT TRL, ROUND ROCK, TX  78681","S4280 - Oakcreek Sec 1, BLOCK K, Lot 29, ACRES 0.161","Real","$379,291","$379,291"
"R302530","R-16-4818-000K-0030","STREBER, HOLLY & NICHOLAS EL-TAKACH","1009 PARROT TRL  ROUND ROCK, TX 78681-2745","1009 PARROT TRL, ROUND ROCK, TX  78681","S4280 - Oakcreek Sec 1, BLOCK K, Lot 30, ACRES 0.163","Real","$479,811","$479,811"
"R302531","R-16-4818-000K-0031","GUZMAN, MICHAEL & CAROLYN","1007 PARROT TRL  ROUND ROCK, TX 78681","1007 PARROT TRL, ROUND ROCK, TX  78681","S4280 - Oakcreek Sec 1, BLOCK K, Lot 31, ACRES 0.164","Real","$497,149","$497,149"
"R302532","R-16-4818-000K-0032","PAGE, ANDREW & LORRAINE","1005 PARROT TRL  ROUND ROCK, TX 78681","1005 PARROT TRL, ROUND ROCK, TX  78681","S4280 - Oakcreek Sec 1, BLOCK K, Lot 32, ACRES 0.162","Real","$500,414","$500,414"
"R302533","R-16-4818-000K-0033","COLEGROVE, ROBERT A & BETHANY J","1003 PARROT TRL  ROUND ROCK, TX 78681","1003 PARROT TRL, ROUND ROCK, TX  78681","S4280 - Oakcreek Sec 1, BLOCK K, Lot 33, ACRES 0.206","Real","$516,461","$516,461"
"R302534","R-16-4818-000K-0034","ARNOLD, SCOTT KENDRICK","1001 PARROT TRL ROUND ROCK, TX 78681-2745","1001 PARROT TRL, ROUND ROCK, TX  78681","S4280 - Oakcreek Sec 1, BLOCK K, Lot 34, ACRES 0.2","Real","$397,637","$397,637"
"R302535","R-16-4818-000K-0035","YOCUM, JAMES & ELIZABETH","1000 PARROT TRL ROUND ROCK, TX 78681-2745","1000 PARROT TRL, ROUND ROCK, TX  78681","S4280 - Oakcreek Sec 1, BLOCK K, Lot 35, ACRES 0.174","Real","$422,084","$422,084"
"R302536","R-16-4818-000K-0036","COOKE, MICHAEL J & CANDACE K","1002 PARROT TRL  ROUND ROCK, TX 78681","1002 PARROT TRL, ROUND ROCK, TX  78681","S4280 - Oakcreek Sec 1, BLOCK K, Lot 36, ACRES 0.216","Real","$461,732","$461,732"
"R302537","R-16-4818-000K-0037","GALINAT, NATHAN & KATHRYN","1004 PARROT TRL  ROUND ROCK, TX 78681","1004 PARROT TRL, ROUND ROCK, TX  78681","S4280 - Oakcreek Sec 1, BLOCK K, Lot 37, ACRES 0.135","Real","$417,689","$417,689"
"R302538","R-16-4818-000K-0038","MILTON, WILLIAM A & VICTORIA","1006 PARROT TRL ROUND ROCK, TX 78681-2745","1006 PARROT TRL, ROUND ROCK, TX  78681","S4280 - Oakcreek Sec 1, BLOCK K, Lot 38, ACRES 0.15","Real","$486,799","$486,799"
"R302539","R-16-4818-000K-0039","NEELLEY, CHRISTOPHER & AMANDA & JAMES HOWELL (TOD)","1008 PARROT TRL  ROUND ROCK, TX 78681","1008 PARROT TRL, ROUND ROCK, TX  78681","S4280 - Oakcreek Sec 1, BLOCK K, Lot 39, ACRES 0.152","Real","$506,291","$506,291"
"R302540","R-16-4818-000K-0040","ALVARADO, CHRISTINA","1010 PARROT TRL  ROUND ROCK, TX 78681-2745","1010 PARROT TRL, ROUND ROCK, TX  78681","S4280 - Oakcreek Sec 1, BLOCK K, Lot 40, ACRES 0.152","Real","$559,159","$559,159"
"R302541","R-16-4818-000K-0041","MA, YONG & PING YAO","1012 PARROT TRL  ROUND ROCK, TX 78681","1012 PARROT TRL, ROUND ROCK, TX  78681","S4280 - Oakcreek Sec 1, BLOCK K, Lot 41, ACRES 0.152","Real","$497,136","$497,136"
"R302542","R-16-4818-000K-0042","ROSS, MICHAEL","8 TRUMAN RD BERLIN, NJ 08009-1668","1014 PARROT TRL, ROUND ROCK, TX  78681","S4280 - Oakcreek Sec 1, BLOCK K, Lot 42, ACRES 0.159","Real","$407,143","$407,143"
"R302543","R-16-4818-000K-0043","BHASIN, BHUPINDER & SREEDHARA","4904 DUVAL ST  #UNIT B AUSTIN, TX 78751-2537","1015 HAWK CT, ROUND ROCK, TX  78681","S4280 - Oakcreek Sec 1, BLOCK K, Lot 43, ACRES 0.138","Real","$448,131","$448,131"
"R302544","R-16-4818-000K-0044","JABLONSKI, LEON ANTHONY (TOD) & DORIS ANN (TOD)","1013 HAWK CT  ROUND ROCK, TX 78681-2744","1013 HAWK CT, ROUND ROCK, TX  78681","S4280 - Oakcreek Sec 1, BLOCK K, Lot 44, ACRES 0.16","Real","$420,770","$420,770"
"R302545","R-16-4818-000K-0045","SCHULTZ, PRESTON WAYNE (TOD)","1011 HAWK CT  ROUND ROCK, TX 78681","1011 HAWK CT, ROUND ROCK, TX  78681","S4280 - Oakcreek Sec 1, BLOCK K, Lot 45, ACRES 0.159","Real","$393,821","$393,821"
"R302546","R-16-4818-000K-0046","ZITZ, KARLPETER & GAIL J","1009 HAWK CT  ROUND ROCK, TX 78681","1009 HAWK CT, ROUND ROCK, TX  78681","S4280 - Oakcreek Sec 1, BLOCK K, Lot 46, ACRES 0.157","Real","$577,748","$577,748"
"R302547","R-16-4818-000K-0047","KRISHNA, KIRAN KUMAR & SHRUTHI KIRAN","1007 HAWK CT  ROUND ROCK, TX 78681","1007 HAWK CT, ROUND ROCK, TX  78681","S4280 - Oakcreek Sec 1, BLOCK K, Lot 47, ACRES 0.156","Real","$523,411","$523,411"
"R302548","R-16-4818-000K-0048","GUILBEAU CYNTHIA LEE TRUSTEE OF RICHARD & CYNTHIA GUILBEAU  REV LIVING TRUST","1005 HAWK CT  ROUND ROCK, TX 78681","1005 HAWK CT, ROUND ROCK, TX  78681","S4280 - Oakcreek Sec 1, BLOCK K, Lot 48, ACRES 0.152","Real","$479,627","$479,627"
"R302549","R-16-4818-000K-0049","RICHARD, DONNA","1003 HAWK CT  ROUND ROCK, TX 78681","1003 HAWK CT, ROUND ROCK, TX  78681","S4280 - Oakcreek Sec 1, BLOCK K, Lot 49, ACRES 0.249","Real","$501,955","$501,955"
"R302550","R-16-4818-000K-0050","LINDSEY, RYAN BLAKE & JODI","1001 HAWK CT  ROUND ROCK, TX 78681","1001 HAWK CT, ROUND ROCK, TX  78681","S4280 - Oakcreek Sec 1, BLOCK K, Lot 50, ACRES 0.19","Real","$545,312","$545,312"
"R302551","R-16-4818-000K-0051","RING, PATRICIA L & VINCE D","1000 HAWK CT ROUND ROCK, TX 78681-2744","1000 HAWK CT, ROUND ROCK, TX  78681","S4280 - Oakcreek Sec 1, BLOCK K, Lot 51, ACRES 0.25","Real","$517,978","$517,978"
"R302552","R-16-4818-000K-0052","NORWOOD, DAVID & LINDA","1002 HAWK CT ROUND ROCK, TX 78681-2744","1002 HAWK CT, ROUND ROCK, TX  78681","S4280 - Oakcreek Sec 1, BLOCK K, Lot 52, ACRES 0.204","Real","$405,025","$405,025"
"R302553","R-16-4818-000K-0053","THORNTON, COLE A & MOLLY K","1004 HAWK CT  ROUND ROCK, TX 78681","1004 HAWK CT, ROUND ROCK, TX  78681","S4280 - Oakcreek Sec 1, BLOCK K, Lot 53, ACRES 0.154","Real","$425,478","$425,478"
"R302554","R-16-4818-000K-0054","HUCKABAY, ROBERT SCOTT & LAUREN BELEN","1006 HAWK CT  ROUND ROCK, TX 78681","1006 HAWK CT, ROUND ROCK, TX  78681","S4280 - Oakcreek Sec 1, BLOCK K, Lot 54, ACRES 0.151","Real","$492,994","$492,994"
"R302555","R-16-4818-000K-0055","ZITZ, JULIE M","1008 HAWK CT  ROUND ROCK, TX 78681","1008 HAWK CT, ROUND ROCK, TX  78681","S4280 - Oakcreek Sec 1, BLOCK K, Lot 55, ACRES 0.146","Real","$551,069","$551,069"
"R302556","R-16-4818-000K-0056","PARICIO, TODD STEVEN","4216 ENDCLIFFE DR  AUSTIN, TX 78731","1010 HAWK CT, ROUND ROCK, TX  78681","S4280 - Oakcreek Sec 1, BLOCK K, Lot 56, ACRES 0.143","Real","$498,794","$498,794"
"R302557","R-16-4818-000K-0057","BILAL, ASR","1012 HAWK CT  ROUND ROCK, TX 78681","1012 HAWK CT, ROUND ROCK, TX  78681","S4280 - Oakcreek Sec 1, BLOCK K, Lot 57, ACRES 0.165","Real","$355,506","$355,506"
"R302558","R-16-4818-000L-0001","ZHANG, TONG","120 MOUNTAIN LION RD  GEORGETOWN, TX 78628","2421 FALCON DR, ROUND ROCK, TX  78681","S4280 - Oakcreek Sec 1, BLOCK L, Lot 1, ACRES 0.156","Real","$479,093","$479,093"
"R302559","R-16-4818-000L-0002","ZHOU, XINLI & YI XIE","309 MEADOWLARK DR  RICHARDSON, TX 75080","2423 FALCON DR, ROUND ROCK, TX  78681","S4280 - Oakcreek Sec 1, BLOCK L, Lot 2, ACRES 0.13","Real","$489,864","$489,864"
"R302560","R-16-4818-000L-0003","HORN, ERIC RUSSELL & AMANDA","1013 OAKWOOD BLVD  ROUND ROCK, TX 78681","2425 FALCON DR, ROUND ROCK, TX  78681","S4280 - Oakcreek Sec 1, BLOCK L, Lot 3, ACRES 0.144","Real","$505,672","$505,672"
"R302561","R-16-4818-000L-0004","BURT, RICHARD PRESTON","2427 FALCON DR  ROUND ROCK, TX 78681","2427 FALCON DR, ROUND ROCK, TX  78681","S4280 - Oakcreek Sec 1, BLOCK L, Lot 4, ACRES 0.145","Real","$521,093","$521,093"
"R302562","R-16-4818-000L-0005","ZIMMERMAN, JEFFREY L (TOD) & SUSAN E (TOD)","2429 FALCON DR  ROUND ROCK, TX 78681","2429 FALCON DR, ROUND ROCK, TX  78681","OAKCREEK SEC 1, BLOCK L, LOT 5, ACRES .150","Real","$461,806","$461,806"
"R302563","R-16-4818-000L-0006","HAMILTON, JASON & MELISSA","2424 SPARROW DR  ROUND ROCK, TX 78681","2424 SPARROW DR, ROUND ROCK, TX  78681","OAKCREEK SEC 1, BLOCK L, LOT 6, ACRES .152","Real","$448,050","$448,050"
"R302564","R-16-4818-000L-0007","BOEHM, PAUL EUGENE","2422 SPARROW DR ROUND ROCK, TX 78681-2726","2422 SPARROW DR, ROUND ROCK, TX  78681","OAKCREEK SEC 1, BLOCK L, LOT 7, ACRES .152","Real","$356,610","$356,610"
"R302565","R-16-4818-000L-0008","KIM, JAE HYUN & JIHEE HAN","2420 SPARROW DR  ROUND ROCK, TX 78681","2420 SPARROW DR, ROUND ROCK, TX  78681","OAKCREEK SEC 1, BLOCK L, LOT 8","Real","$505,366","$505,366"
"R302567","R-16-4818-000L-0009","FERGUSON, FIONA & ANDREW LEVETT-PRINSEP","2418 SPARROW DR  ROUND ROCK, TX 78681-2726","2418 SPARROW DR, ROUND ROCK, TX  78681","OAKCREEK SEC 1, BLOCK L, LOT 9, ACRES .169","Real","$406,773","$406,773"
"R302568","R-16-4818-000L-0010","ROBINSON, ALLEN JOHN & CATHERINE CARMICHAEL","2416 SPARROW DR  ROUND ROCK, TX 78681","2416 SPARROW DR, ROUND ROCK, TX  78681","S4280 - Oakcreek Sec 1, BLOCK L, Lot 10, ACRES 0.144","Real","$438,983","$438,983"
"R302569","R-16-4818-000L-0011","MCGUIRE, PATRICK WILLIAM (LE) & LYNN EDWARDS (TOD","2414 SPARROW DR  ROUND ROCK, TX 78681-2726","2414 SPARROW DR, ROUND ROCK, TX  78681","S4280 - Oakcreek Sec 1, BLOCK L, Lot 11, ACRES 0.176","Real","$422,314","$422,314"
"R302570","R-16-4818-000L-0012","MARSAC, JOHN & MINGLIANG","2412 SPARROW DR  ROUND ROCK, TX 78681","2412 SPARROW DR, ROUND ROCK, TX  78681","S4280 - Oakcreek Sec 1, BLOCK L, Lot 12, ACRES 0.168","Real","$530,758","$530,758"
"R302571","R-16-4818-000L-0013","WALLS, RICHARD A & AMANDA OETTMEIER","2410 SPARROW DR  ROUND ROCK, TX 78681","2410 SPARROW DR, ROUND ROCK, TX  78681","S4280 - Oakcreek Sec 1, BLOCK L, Lot 13, ACRES 0.161","Real","$493,836","$493,836"
"R302572","R-16-4818-000L-0014","ZHANG, CHUNHUA & JUNFENG MA","2402 SPARROW DR  ROUND ROCK, TX 78681-2726","2408 SPARROW DR, ROUND ROCK, TX  78681","S4280 - Oakcreek Sec 1, BLOCK L, Lot 14, ACRES 0.152","Real","$431,099","$431,099"
"R302573","R-16-4818-000L-0015","RATTRAY, MURRAY R & JANICE","2406 SPARROW DR ROUND ROCK, TX 78681-2726","2406 SPARROW DR, ROUND ROCK, TX  78681","S4280 - Oakcreek Sec 1, BLOCK L, Lot 15, ACRES 0.162","Real","$586,118","$586,118"
"R302574","R-16-4818-000L-0016","PATRICK A HAYES & VANICE Y HAYES TRS OF THE HAYES LIVING TRUST","2404 SPARROW DR  ROUND ROCK, TX 78681-2726","2404 SPARROW DR, ROUND ROCK, TX  78681","S4280 - Oakcreek Sec 1, BLOCK L, Lot 16, ACRES 0.164","Real","$505,154","$505,154"
"R302575","R-16-4818-000L-0017","ZHANG, KAIXIANG & SIQI LIN","5020 BROOK VALLEY LOOP  SAN JOSE, CA 95136","2402 SPARROW DR, ROUND ROCK, TX  78681","S4280 - Oakcreek Sec 1, BLOCK L, Lot 17, ACRES 0.164","Real","$515,461","$515,461"
"R302576","R-16-4818-000L-0018","OCHOA, MARIO & CAROLINA","1504 MORNING MOON CIR  AUSTIN, TX 78732","2400 SPARROW DR, ROUND ROCK, TX  78681","S4280 - Oakcreek Sec 1, BLOCK L, Lot 18, ACRES 0.187","Real","$414,830","$414,830"
"R302577","R-16-4818-000L-0019","MCLINDON, MEGAN & FRANK FOGG","1202 OAKWOOD BLVD  ROUND ROCK, TX 78681-2751","1202 OAKWOOD BLVD, ROUND ROCK, TX  78681","S4280 - Oakcreek Sec 1, BLOCK L, Lot 19, ACRES 0.167","Real","$588,172","$588,172"
"R302578","R-16-4818-000L-0020","DACKO, DAVE","1025 OAKLANDS DR  ROUND ROCK, TX 78681-4066","1204 OAKWOOD BLVD, ROUND ROCK, TX  78681","S4280 - Oakcreek Sec 1, BLOCK L, Lot 20, ACRES 0.152","Real","$503,575","$503,575"
"R302579","R-16-4818-000L-0021","CHASAK, TOMMY W & L DENISE","1206 OAKWOOD BLVD ROUND ROCK, TX 78681-2751","1206 OAKWOOD BLVD, ROUND ROCK, TX  78681","S4280 - Oakcreek Sec 1, BLOCK L, Lot 21, ACRES 0.152","Real","$444,201","$444,201"
"R302580","R-16-4818-000L-0022","A1 SAS OAKWOOD PROPERTY LLC","PO BOX 763 MANCHACA, TX 78652","1208 OAKWOOD BLVD, ROUND ROCK, TX  78681","S4280 - Oakcreek Sec 1, BLOCK L, Lot 22, ACRES 0.152","Real","$404,358","$404,358"
"R302581","R-16-4818-000L-0023","BUECHE, SHERRY","1210 OAKWOOD BLVD  ROUND ROCK, TX 78681","1210 OAKWOOD BLVD, ROUND ROCK, TX  78681","S4280 - Oakcreek Sec 1, BLOCK L, Lot 23, ACRES 0.16","Real","$477,416","$477,416"
"R302582","R-16-4818-000L-0024","COOK, LEIGH SUSAN","1209 HUMMINGBIRD CT  ROUND ROCK, TX 78681","1209 HUMMINGBIRD CT, ROUND ROCK, TX  78681","S4280 - Oakcreek Sec 1, BLOCK L, Lot 24, ACRES 0.166","Real","$540,223","$540,223"
"R302583","R-16-4818-000L-0025","BRANT, JESSE C & BOBBI BALLARD","1207 HUMMINGBIRD CT ROUND ROCK, TX 78681-2736","1207 HUMMINGBIRD CT, ROUND ROCK, TX  78681","S4280 - Oakcreek Sec 1, BLOCK L, Lot 25, ACRES 0.144","Real","$433,755","$433,755"
"R302584","R-16-4818-000L-0026","HOWELL DIANNE S TRUSTEE JENNIFER LLEWELLYN TRUST","1205 HUMMINGBIRD CT  ROUND ROCK, TX 78681","1205 HUMMINGBIRD CT, ROUND ROCK, TX  78681","S4280 - Oakcreek Sec 1, BLOCK L, Lot 26, ACRES 0.168","Real","$541,311","$541,311"
"R302585","R-16-4818-000L-0027","ADANTI BUSTOS, DAWN","1203 HUMMINGBIRD CT  ROUND ROCK, TX 78681-2736","1203 HUMMINGBIRD CT, ROUND ROCK, TX  78681","S4280 - Oakcreek Sec 1, BLOCK L, Lot 27, ACRES 0.174","Real","$515,370","$515,370"
"R302586","R-16-4818-000L-0028","SALINAS, WILLIAM CHARLES & PENELOPE ANDROS","1201 HUMMINGBIRD CT  CT, TX 78681","1201 HUMMINGBIRD CT, ROUND ROCK, TX  78681","S4280 - Oakcreek Sec 1, BLOCK L, Lot 28, ACRES 0.22","Real","$614,134","$614,134"
"R302587","R-16-4818-000L-0029","REDELINGHUYS, FESTUS C & ROSEMARY A","1200 HUMMINGBIRD CT  ROUND ROCK, TX 78681","1200 HUMMINGBIRD CT, ROUND ROCK, TX  78681","S4280 - Oakcreek Sec 1, BLOCK L, Lot 29, ACRES 0.304","Real","$471,684","$471,684"
"R302588","R-16-4818-000L-0030","OESTLUND, ANNELIE MARY LINNEA & CARL LINUS LUNDBER","1202 HUMMINGBIRD CT  ROUND ROCK, TX 78681","1202 HUMMINGBIRD CT, ROUND ROCK, TX  78681","S4280 - Oakcreek Sec 1, BLOCK L, Lot 30, ACRES 0.183","Real","$574,976","$574,976"
"R302589","R-16-4818-000L-0031","WILSON, REED A & EMILY A","1204 HUMMINGBIRD CT  ROUND ROCK, TX 78681","1204 HUMMINGBIRD CT, ROUND ROCK, TX  78681","S4280 - Oakcreek Sec 1, BLOCK L, Lot 31, ACRES 0.154","Real","$502,674","$502,674"
"R302590","R-16-4818-000L-0032","HARRISON, BRENDA K","1206 HUMMINGBIRD CT  ROUND ROCK, TX 78681","1206 HUMMINGBIRD CT, ROUND ROCK, TX  78681","S4280 - Oakcreek Sec 1, BLOCK L, Lot 32, ACRES 0.155","Real","$512,543","$512,543"
"R302591","R-16-4818-000L-0033","CLEGG, BRIAN S & REBECCA A","1208 HUMMINGBIRD CT ROUND ROCK, TX 78681-2736","1208 HUMMINGBIRD CT, ROUND ROCK, TX  78681","S4280 - Oakcreek Sec 1, BLOCK L, Lot 33, ACRES 0.181","Real","$599,886","$599,886"
"R302592","R-16-4818-000L-0034","DECKER, JAMES COLBY & JENNIFER ANN NASH","1209 CANARY CT  ROUND ROCK, TX 78681","1209 CANARY CT, ROUND ROCK, TX  78681","S4280 - Oakcreek Sec 1, BLOCK L, Lot 34, ACRES 0.18","Real","$412,275","$412,275"
"R302593","R-16-4818-000L-0035","WALKER, RODNEY J & LISA E","1207 CANARY CT ROUND ROCK, TX 78681-2735","1207 CANARY CT, ROUND ROCK, TX  78681","S4280 - Oakcreek Sec 1, BLOCK L, Lot 35, ACRES 0.147","Real","$479,194","$479,194"
"R302594","R-16-4818-000L-0036","SUMNER, LINDA A & RANDELL D","1205 CANARY CT  ROUND ROCK, TX 78681","1205 CANARY CT, ROUND ROCK, TX  78681","S4280 - Oakcreek Sec 1, BLOCK L, Lot 36, ACRES 0.115","Real","$517,265","$517,265"
"R302595","R-16-4818-000L-0037","DEMPSKI DONALD A & SUSAN M DEMPSKI CO-TRUSTEES OF D & S DEMPSKI LIVING TRUST","1203 CANARY CT  ROUND ROCK, TX 78681","1203 CANARY CT, ROUND ROCK, TX  78681","S4280 - Oakcreek Sec 1, BLOCK L, Lot 37, ACRES 0.193","Real","$624,892","$624,892"
"R302596","R-16-4818-000L-0038","KRAIL, FREDDY W & NANCY WORTHINGTON","1201 CANARY CT ROUND ROCK, TX 78681-2735","1201 CANARY CT, ROUND ROCK, TX  78681","S4280 - Oakcreek Sec 1, BLOCK L, Lot 38, ACRES 0.25","Real","$493,660","$493,660"
"R302597","R-16-4818-000L-0039","JOHNNY MANUEL BARRERA & JANET GAYLE BARRERA TRS OF THE BARRERA FAMILY TRUST","1200 CANARY CT  ROUND ROCK, TX 78681-2734","1200 CANARY CT, ROUND ROCK, TX  78681","S4280 - Oakcreek Sec 1, BLOCK L, Lot 39, ACRES 0.211","Real","$458,318","$458,318"
"R302598","R-16-4818-000L-0040","ADAMS, CASON LEE","1202 CANARY CT  ROUND ROCK, TX 78681","1202 CANARY CT, ROUND ROCK, TX  78681","OAKCREEK SEC 1, BLOCK L, LOT 40, ACRES .181","Real","$534,200","$534,200"
"R302599","R-16-4818-000L-0041","SCALET, GRACE & JONATHEN B","1204 CANARY CT  ROUND ROCK, TX 78681-2734","1204 CANARY CT, ROUND ROCK, TX  78681","OAKCREEK SEC 1, BLOCK L, LOT 41, ACRES .221","Real","$454,418","$454,418"
"R302600","R-16-4818-000L-0042","HALE, CURTIS CLARK JR & MELANIE MARTIN HALE","1206 CANARY CT ROUND ROCK, TX 78681-2734","1206 CANARY CT, ROUND ROCK, TX  78681","OAKCREEK SEC 1, BLOCK L, LOT 42, ACRES .269","Real","$560,116","$560,116"
"R302601","R-16-4818-000M-0001","DONNA W MADER OF MADER FAMILY TRUST","2351 OAKMONT DR   114 ROUND ROCK, TX 78665","2309 FALCON DR, ROUND ROCK, TX  78681","OAKCREEK SEC 1, BLOCK M, LOT 1, ACRES .117","Real","$586,029","$586,029"
"R302602","R-16-4818-000M-0002","CALLAHAN, SHERRY A","10624 OAK VIEW DR  AUSTIN, TX 78759-4508","2311 FALCON DR, ROUND ROCK, TX  78681","OAKCREEK SEC 1, BLOCK M, LOT 2, ACRES .122","Real","$376,129","$376,129"
"R302603","R-16-4818-000M-0003","HOWARD, JOHN DAVID (TOD)","1209 OAKWOOD BLVD  ROUND ROCK, TX 78681-2751","1209 OAKWOOD BLVD, ROUND ROCK, TX  78681","OAKCREEK SEC 1, BLOCK M, LOT 3, ACRES .173","Real","$412,284","$412,284"
"R302604","R-16-4818-000M-0004","FAIRCLOTH, JOHN-MICHAEL & JESSICA TAYLOR","1207 OAKWOOD BLVD  ROUND ROCK, TX 78681","1207 OAKWOOD BLVD, ROUND ROCK, TX  78681","OAKCREEK SEC 1, BLOCK M, LOT 4, ACRES .155","Real","$507,631","$507,631"
"R302605","R-16-4818-000M-0005","CHOE, JOON & LEEANN","1205 OAKWOOD BLVD  ROUND ROCK, TX 78681","1205 OAKWOOD BLVD, ROUND ROCK, TX  78681","OAKCREEK SEC 1, BLOCK M, LOT 5, ACRES .156","Real","$549,332","$549,332"
"R302606","R-16-4818-000M-0006","VERNON L WOODWARD & DEBORAH A WOODWARDAS TRS OF THE WOODWARD FAMILY TRUST","1203 OAKWOOD BLVD  ROUND ROCK, TX 78681-2751","1203 OAKWOOD BLVD, ROUND ROCK, TX  78681","OAKCREEK SEC 1, BLOCK M, LOT 6, ACRES .156","Real","$479,699","$479,699"
"R302607","R-16-4818-000M-0007","MEADOR CONSTANCE E TRUSTEE OF THE MEADOR FAMILY TRUST","1201 OAKWOOD BLVD  ROUND ROCK, TX 78681","1201 OAKWOOD BLVD, ROUND ROCK, TX  78681","OAKCREEK SEC 1, BLOCK M, LOT 7, ACRES .170","Real","$351,234","$351,234"
"R302608","R-16-4818-000M-0008","REITH, NICHOLAS E & LAUREN E REINEKE","1109 OAKWOOD BLVD  ROUND ROCK, TX 78681","1109 OAKWOOD BLVD, ROUND ROCK, TX  78681","OAKCREEK SEC 1, BLOCK M, LOT 8, ACRES .193","Real","$403,133","$403,133"
"R302609","R-16-4818-000M-0009","DEWEY, DOUGLAS M","1107 OAKWOOD BLVD ROUND ROCK, TX 78681-2752","1107 OAKWOOD BLVD, ROUND ROCK, TX  78681","OAKCREEK SEC 1, BLOCK M, LOT 9, ACRES .211","Real","$533,590","$533,590"
"R302610","R-16-4818-000M-0010","MAYES, SUSAN (TOD) & JEFFERY SCOTT (TOD)","1105 OAKWOOD BLVD  ROUND ROCK, TX 78681-2752","1105 OAKWOOD BLVD, ROUND ROCK, TX  78681","OAKCREEK SEC 1, BLOCK M, LOT 10, ACRES .157","Real","$500,858","$500,858"
"R302611","R-16-4818-000M-0011","ALI SADJADI TRS & SADJADI FAMILY TRUST","1103 OAKWOOD BLVD  ROUND ROCK, TX 78681-2752","1103 OAKWOOD BLVD, ROUND ROCK, TX  78681","OAKCREEK SEC 1, BLOCK M, LOT 11, ACRES .137","Real","$517,340","$517,340"
"R302612","R-16-4818-000M-0012","LICARI, JOSEPH","1101 OAKWOOD BLVD ROUND ROCK, TX 78681-2752","1101 OAKWOOD BLVD, ROUND ROCK, TX  78681","OAKCREEK SEC 1, BLOCK M, LOT 12, ACRES .151","Real","$355,970","$355,970"
"R302613","R-16-4818-000M-0013","BRADLEY, GERALD WILLIAM (TOD)","1045 OAKLANDS DR  ROUND ROCK, TX 78681-2701","1045 OAKLANDS DR, ROUND ROCK, TX  78681","OAKCREEK SEC 1, BLOCK M, LOT 13, ACRES .159","Real","$414,326","$414,326"
"R302614","R-16-4818-000M-0014","FISCHER, CLINT G & AMANDA L","1043 OAKLANDS DR  ROUND ROCK, TX 78681","1043 OAKLANDS DR, ROUND ROCK, TX  78681","OAKCREEK SEC 1, BLOCK M, LOT 14, ACRES .158","Real","$515,195","$515,195"
"R302615","R-16-4818-000M-0015","1041 OAKLANDS DRIVE LLC","1325 WATERVIEW DR  SCOTRUN, PA 18355-7823","1041 OAKLANDS DR, ROUND ROCK, TX  78681","OAKCREEK SEC 1, BLOCK M, LOT 15, ACRES .190","Real","$383,440","$383,440"
"R302616","R-16-4818-000M-0016","WORKMAN, MICHAEL TIMOTHY & DANIELA NOEMI LABBE","927 BLUE SPRING CIR  ROUND ROCK, TX 78681-4042","1039 OAKLANDS DR, ROUND ROCK, TX  78681","OAKCREEK SEC 1, BLOCK M, LOT 16, ACRES .165","Real","$430,768","$430,768"
"R302617","R-16-4818-000M-0017","RUTTERFORD, BRIE ANNE","117 FLY CATCHER CV CEDAR CREEK, TX 78612-4295","1037 OAKLANDS DR, ROUND ROCK, TX  78681","OAKCREEK SEC 1, BLOCK M, LOT 17, ACRES .162","Real","$405,097","$405,097"
"R302618","R-16-4818-000M-0018","GESCH, JORDAN & KEELEY","1035 OAKLANDS DR  ROUND ROCK, TX 78681","1035 OAKLANDS DR, ROUND ROCK, TX  78681","OAKCREEK SEC 1, BLOCK M, LOT 18, ACRES .156","Real","$502,314","$502,314"
"R302619","R-16-4818-000M-0019","LOZANO, CESAR J & PATRICIA L","1203 PARROT TRL  ROUND ROCK, TX 78681","1203 PARROT TRL, ROUND ROCK, TX  78681","OAKCREEK SEC 1, BLOCK M, LOT 19, ACRES .158","Real","$513,948","$513,948"
"R302620","R-16-4818-000M-0020","FERCHILL, TIMOTHY & VIVIAN","1205 PARROT TRL ROUND ROCK, TX 78681-2746","1205 PARROT TRL, ROUND ROCK, TX  78681","OAKCREEK SEC 1, BLOCK M, LOT 20, ACRES .158","Real","$480,172","$480,172"
"R302621","R-16-4818-000M-0021","ALFORD, MARK R (RS) & SYLVIA ANN (RS)","1207 PARROT TRL  ROUND ROCK, TX 78681","1207 PARROT TRL, ROUND ROCK, TX  78681","OAKCREEK SEC 1, BLOCK M, LOT 21, ACRES .158","Real","$468,456","$468,456"
"R302622","R-16-4818-000M-0022","CHRISTIAN JACOB & KATHRYN DEBUSK","1209 PARROT TRL  ROUND ROCK, TX 78681-2746","1209 PARROT TRL, ROUND ROCK, TX  78681","OAKCREEK SEC 1, BLOCK M, LOT 22, ACRES .158","Real","$432,335","$432,335"
"R302623","R-16-4818-000M-0023","FOWLER, WILLIAM SAMUEL JR & CYNTHIA K","1211 PARROT TRL  ROUND ROCK, TX 78681","1211 PARROT TRL, ROUND ROCK, TX  78681","S4280 - Oakcreek Sec 1, BLOCK M, Lot 23, ACRES 0.158","Real","$458,951","$458,951"
"R302624","R-16-4818-000M-0024","HILLYER, JESSICA E & MARK A","1213 PARROT TRL  ROUND ROCK, TX 78681","1213 PARROT TRL, ROUND ROCK, TX  78681","OAKCREEK SEC 1, BLOCK M, LOT 24, ACRES .158","Real","$411,168","$411,168"
"R302625","R-16-4818-000M-0025","CAMERON, KIMBERLY & MARCO D","1215 PARROT TRL  ROUND ROCK, TX 78681","1215 PARROT TRL, ROUND ROCK, TX  78681","S4280 - Oakcreek Sec 1, BLOCK M, Lot 25, ACRES 0.169","Real","$482,427","$482,427"
"R302626","R-16-4818-000M-0026","BRANSCUM, AMY & DAVID","2301 FALCON DR  ROUND ROCK, TX 78681","2301 FALCON DR, ROUND ROCK, TX  78681","OAKCREEK SEC 1, BLOCK M, LOT 26, ACRES .169","Real","$536,320","$536,320"
"R302627","R-16-4818-000M-0027","ROMAN-WENSING, KAYLA D & ALEXANDER F","2303 FALCON DR  ROUND ROCK, TX 78681","2303 FALCON DR, ROUND ROCK, TX  78681","OAKCREEK SEC 1, BLOCK M, LOT 27, ACRES .136","Real","$523,095","$523,095"
"R302628","R-16-4818-000M-0028","TOVAR, CHRISTOPHER & REBECCA","1209 BOBWHITE CT  ROUND ROCK, TX 78681","1209 BOBWHITE CT, ROUND ROCK, TX  78681","OAKCREEK SEC 1, BLOCK M, LOT 28, ACRES .187","Real","$615,349","$615,349"
"R302629","R-16-4818-000M-0029","COBURN, BLAKE & KARIZ","1207 BOBWHITE CT  ROUND ROCK, TX 78681","1207 BOBWHITE CT, ROUND ROCK, TX  78681","OAKCREEK SEC 1, BLOCK M, LOT 29, ACRES .215","Real","$617,151","$617,151"
"R302630","R-16-4818-000M-0030","MCMILLAN, ANDREW","1205 BOBWHITE CT ROUND ROCK, TX 78681-2737","1205 BOBWHITE CT, ROUND ROCK, TX  78681","OAKCREEK SEC 1, BLOCK M, LOT 30, ACRES .165","Real","$438,595","$438,595"
"R302631","R-16-4818-000M-0031","MALICOAT, DEANNA K","1203 BOBWHITE CT  ROUND ROCK, TX 78681","1203 BOBWHITE CT, ROUND ROCK, TX  78681","OAKCREEK SEC 1, BLOCK M, LOT 31, ACRES .190","Real","$545,328","$545,328"
"R302632","R-16-4818-000M-0032","HENRY, STEPHEN & MONICA","1201 BOBWHITE CT  ROUND ROCK, TX 78681","1201 BOBWHITE CT, ROUND ROCK, TX  78681","OAKCREEK SEC 1, BLOCK M, LOT 32, ACRES .243","Real","$553,117","$553,117"
"R302633","R-16-4818-000M-0033","RYSDYKE, ERNEST L (TOD) & BETTY F (TOD)","1200 BOBWHITE CT  ROUND ROCK, TX 78681-2737","1200 BOBWHITE CT, ROUND ROCK, TX  78681","OAKCREEK SEC 1, BLOCK M, LOT 33","Real","$465,062","$465,062"
"R302634","R-16-4818-000M-0034","WALLACE, JEREMY S","1202 BOBWHITE CT ROUND ROCK, TX 78681-2737","1202 BOBWHITE CT, ROUND ROCK, TX  78681","OAKCREEK SEC 1, BLOCK M, LOT 34, ACRES .291","Real","$606,286","$606,286"
"R302635","R-16-4818-000M-0035","RAGAN, RICHARD W, Jr","1204 BOBWHITE CT ROUND ROCK, TX 78681-2737","1204 BOBWHITE CT, ROUND ROCK, TX  78681","OAKCREEK SEC 1, BLOCK M, LOT 35, ACRES .157","Real","$506,921","$506,921"
"R302636","R-16-4818-000M-0036","REID, MARY LEE YATES","1206 BOBWHITE CT  ROUND ROCK, TX 78681","1206 BOBWHITE CT, ROUND ROCK, TX  78681","OAKCREEK SEC 1, BLOCK M, LOT 36, ACRES .162","Real","$510,231","$510,231"
"R302637","R-16-4818-000M-0037","BAKEER, JUDE & ABEER BARAKAT","1208 BOB WHITE CT  ROUND ROCK, TX 78681","1208 BOBWHITE CT, ROUND ROCK, TX  78681","OAKCREEK SEC 1, BLOCK M, LOT 37, ACRES .149","Real","$535,152","$535,152"
"R302638","R-16-4818-000M-0038","GROSSER, JEFF M & JULIE K","1210 BOBWHITE CT  ROUND ROCK, TX 78681-2737","1210 BOBWHITE CT, ROUND ROCK, TX  78681","OAKCREEK SEC 1, BLOCK M, LOT 38, ACRES .144","Real","$447,686","$447,686"
"R302639","R-16-4818-000N-0001","SMITH, MICHELLE NICOLE CHRISTINE","2201 FALCON DR ROUND ROCK, TX 78681-2716","2201 FALCON DR, ROUND ROCK, TX  78681","OAKCREEK SEC 1, BLOCK N, LOT 1, ACRES .174","Real","$465,028","$465,028"
"R302640","R-16-4818-000N-0002","PATRICIA GAYLE EVERS TR OF THE GAYLE EVERS FAMILY TRUST","2203 FALCON DR  ROUND ROCK, TX 78681-2716","2203 FALCON DR, ROUND ROCK, TX  78681","OAKCREEK SEC 1, BLOCK N, LOT 2, ACRES .147","Real","$418,282","$418,282"
"R302641","R-16-4818-000N-0003","MCDONALD, LYLE & MYRA","2205 FALCON DR  ROUND ROCK, TX 78681","2205 FALCON DR, ROUND ROCK, TX  78681","OAKCREEK SEC 1, BLOCK N, LOT 3, ACRES .187","Real","$500,242","$500,242"
"R302642","R-16-4818-000N-0004","VOGL, KEVIN & MICHAELA","1212 PARROT TRL  ROUND ROCK, TX 78681","1212 PARROT TRL, ROUND ROCK, TX  78681","OAKCREEK SEC 1, BLOCK N, LOT 4, ACRES .135","Real","$480,655","$480,655"
"R302643","R-16-4818-000N-0005","BAILEY, AMANDA LYNN & PATRICK WADE","1210 PARROT TRL  ROUND ROCK, TX 78681","1210 PARROT TRL, ROUND ROCK, TX  78681","OAKCREEK SEC 1, BLOCK N, LOT 5, ACRES .144","Real","$486,777","$486,777"
"R302644","R-16-4818-000N-0006","PATTERSON, GARRY D & SHARON","1208 PARROT TRL ROUND ROCK, TX 78681-2747","1208 PARROT TRL, ROUND ROCK, TX  78681","OAKCREEK SEC 1, BLOCK N, LOT 6, ACRES .144","Real","$494,519","$494,519"
"R302645","R-16-4818-000N-0007","COLEMAN, TODD & RHONDA","1206 PARROT TRL ROUND ROCK, TX 78681-2747","1206 PARROT TRL, ROUND ROCK, TX  78681","OAKCREEK SEC 1, BLOCK N, LOT 7, ACRES .144","Real","$491,373","$491,373"
"R302646","R-16-4818-000N-0008","CATHY L REDMOND TRUSTEE OF THE CATHY L REDMOND TRUST","9775 FOUR VIEWS ST LAS VEGAS, NV 89143","1204 PARROT TRL, ROUND ROCK, TX  78681","OAKCREEK SEC 1, BLOCK N, LOT 8, ACRES .144","Real","$374,659","$374,659"
"R302647","R-16-4818-000N-0009","LEDESMA, ANDREANA D","1202 PARROT TRL  ROUND ROCK, TX 78681-2747","1202 PARROT TRL, ROUND ROCK, TX  78681","OAKCREEK SEC 1, BLOCK N, LOT 9, ACRES .157","Real","$403,939","$403,939"
"R302648","R-16-4818-000N-0010","1200 PARROT LLC","6001 W PARMER LN STE 370 #589 AUSTIN, TX 78727","1200 PARROT TRL, ROUND ROCK, TX  78681","OAKCREEK SEC 1, BLOCK N, LOT 10, ACRES .169","Real","$521,136","$521,136"
"R302649","R-16-4818-000N-0011","LAW, BILLY MARSHALL & CAROL DIANE","1031 OAKLANDS DR ROUND ROCK, TX 78681-4066","1031 OAKLANDS DR, ROUND ROCK, TX  78681","OAKCREEK SEC 1, BLOCK N, LOT 11, ACRES .165","Real","$530,257","$530,257"
"R302650","R-16-4818-000N-0012","HAIDINYAK, JAMES M","1029 OAKLANDS DR  ROUND ROCK, TX 78681","1029 OAKLANDS DR, ROUND ROCK, TX  78681","OAKCREEK SEC 1, BLOCK N, LOT 12, ACRES .157","Real","$453,449","$453,449"
"R302651","R-16-4818-000N-0013","D'ENCARNACAO, DANIELLE M & JONATHAN E JETER","1027 OAKLANDS DR  ROUND ROCK, TX 78681","1027 OAKLANDS DR, ROUND ROCK, TX  78681","OAKCREEK SEC 1, BLOCK N, LOT 13, ACRES .145","Real","$560,409","$560,409"
"R302653","R-16-4818-000N-0014","DACKO, DAVE","1025 OAKLANDS DR  ROUND ROCK, TX 78681-4066","1025 OAKLANDS DR, ROUND ROCK, TX  78681","OAKCREEK SEC 1, BLOCK N, LOT 14, ACRES .204","Real","$632,816","$632,816"
"R302654","R-16-4818-000N-0015","LIOU, KAN-LEE & HSIU-YI CHAN","1023 OAKLANDS DR ROUND ROCK, TX 78681-4066","1023 OAKLANDS DR, ROUND ROCK, TX  78681","OAKCREEK SEC 1, BLOCK N, LOT 15, ACRES .157","Real","$489,219","$489,219"
"R302655","R-16-4818-000N-0016","SMADI, MITHKAL M & LISA K","1021 OAKLANDS DR ROUND ROCK, TX 78681-4066","1021 OAKLANDS DR, ROUND ROCK, TX  78681","OAKCREEK SEC 1, BLOCK N, LOT 16, ACRES .164","Real","$514,652","$514,652"
"R302656","R-16-4818-000N-0017","GONG, SHIA-SAN & SHU-HWA KU","1019 OAKLANDS DR ROUND ROCK, TX 78681-4066","1019 OAKLANDS DR, ROUND ROCK, TX  78681","OAKCREEK SEC 1, BLOCK N, LOT 17, ACRES .165","Real","$445,301","$445,301"
"R302657","R-16-4818-000N-0018","CODY, BENJAMIN J & DREW E","1015 OAKLANDS DR  ROUND ROCK, TX 78681","1015 OAKLANDS DR, ROUND ROCK, TX  78681","OAKCREEK SEC 1, BLOCK N, LOT 18, ACRES .174","Real","$431,905","$431,905"
"R302659","R-16-4818-000N-0019","DAWIDCZIK, MICHAEL & ADRIA","1013 OAKLANDS DR  ROUND ROCK, TX 78681","1013 OAKLANDS DR, ROUND ROCK, TX  78681","OAKCREEK SEC 1, BLOCK N, LOT 19, ACRES .176","Real","$519,984","$519,984"
"R302660","R-16-4818-000N-0020","YUSKA SAMUEL (LE) & LYNDSAY YUSKA (LE)","1011 OAKLANDS DR  ROUND ROCK, TX 78681","1011 OAKLANDS DR, ROUND ROCK, TX  78681","OAKCREEK SEC 1, BLOCK N, LOT 20, ACRES .176","Real","$413,116","$413,116"
"R302661","R-16-4818-000N-0021","MEHRA, MANAN & SHALU","74 COURT ST EXETER, NH 03833-2726","1009 OAKLANDS DR, ROUND ROCK, TX  78681","OAKCREEK SEC 1, BLOCK N, LOT 21, ACRES .175","Real","$525,927","$525,927"
"R302663","R-16-4818-000N-0022","BORDOVSKY, PAUL K JR & CINDY W","1007 OAKLANDS DR ROUND ROCK, TX 78681-4066","1007 OAKLANDS DR, ROUND ROCK, TX  78681","OAKCREEK SEC 1, BLOCK N, LOT 22, ACRES .203","Real","$486,889","$486,889"
"R302664","R-16-4818-000N-0023","AUGUST, COURTNEY C & CLIFTON WATTERS","1210 ROBIN TRL  ROUND ROCK, TX 78681","1210 ROBIN TRL, ROUND ROCK, TX  78681","OAKCREEK SEC 1, BLOCK N, LOT 23, ACRES .143","Real","$569,143","$569,143"
"R302665","R-16-4818-000N-0024","CUSICK, JEFFERY SCOTT","1208 ROBIN TRL ROUND ROCK, TX 78681-2738","1208 ROBIN TRL, ROUND ROCK, TX  78681","OAKCREEK SEC 1, BLOCK N, LOT 24, ACRES .145","Real","$492,621","$492,621"
"R302667","R-16-4818-000N-0025","ROBB, ERIC JOSEPH & SUSAN MARIE","1206 ROBIN TRL  ROUND ROCK, TX 78681","1206 ROBIN TRL, ROUND ROCK, TX  78681","OAKCREEK SEC 1, BLOCK N, LOT 25, ACRES .136","Real","$531,383","$531,383"
"R302668","R-16-4818-000N-0026","FORSE, DONALD & REBECCA","1204 ROBIN TRL ROUND ROCK, TX 78681-2738","1204 ROBIN TRL, ROUND ROCK, TX  78681","OAKCREEK SEC 1, BLOCK N, LOT 26, ACRES .162","Real","$529,105","$529,105"
"R302669","R-16-4818-000N-0027","DESAI, PRAKASH (TOD) & LINDA (TOD)","1202 ROBIN TRL  ROUND ROCK, TX 78681-2738","1202 ROBIN TRL, ROUND ROCK, TX  78681","OAKCREEK SEC 1, BLOCK N, LOT 27, ACRES .161","Real","$490,940","$490,940"
"R302670","R-16-4818-000N-0028","HOLCOMBE, MARY LUCENA QUANTIUS","1200 ROBIN TRL  ROUND ROCK, TX 78681","1200 ROBIN TRL, ROUND ROCK, TX  78681","OAKCREEK SEC 1, BLOCK N, LOT 28, ACRES .261","Real","$437,100","$437,100"
"R302671","R-16-4818-000N-0029","KALEY, LANE C III & MICHELLE L","1201 ROBIN TRL ROUND ROCK, TX 78681-2739","1201 ROBIN TRL, ROUND ROCK, TX  78681","OAKCREEK SEC 1, BLOCK N, LOT 29, ACRES .312","Real","$511,299","$511,299"
"R302672","R-16-4818-000N-0030","DAVIS, BRYAN","1203 ROBIN TRL  ROUND ROCK, TX 78681","1203 ROBIN TRL, ROUND ROCK, TX  78681","OAKCREEK SEC 1, BLOCK N, LOT 30, ACRES .143","Real","$381,940","$381,940"
"R302673","R-16-4818-000N-0031","DAVILA, TANYA & MARCO","1205 ROBIN TRL  ROUND ROCK, TX 78681","1205 ROBIN TRL, ROUND ROCK, TX  78681","OAKCREEK SEC 1, BLOCK N, LOT 31, ACRES .140","Real","$394,928","$394,928"
"R302674","R-16-4818-000N-0032","HUANG, CHENG-YUAN & DANNIE LIANG","3256 LUBBOCK PL  FREMONT, CA 94536","1207 ROBIN TRL, ROUND ROCK, TX  78681","OAKCREEK SEC 1, BLOCK N, LOT 32, ACRES .160","Real","$344,518","$344,518"
"R302675","R-16-4818-000N-0033","REAP, ROBERT & KEVIN C & MARIANNE DOMINGUEZ","1209 ROBIN TRL  ROUND ROCK, TX 78681-2739","1209 ROBIN TRL, ROUND ROCK, TX  78681","OAKCREEK SEC 1, BLOCK N, LOT 33, ACRES .160","Real","$393,691","$393,691"
"R302676","R-16-4818-000N-0034","VAUGHN, JACKI L","1211 ROBIN TRL  ROUND ROCK, TX 78681","1211 ROBIN TRL, ROUND ROCK, TX  78681","OAKCREEK SEC 1, BLOCK N, LOT 34, ACRES .160","Real","$406,248","$406,248"
"R302677","R-16-4818-000N-0035","DACKO, DAVE","1025 OAKLANDS DR  ROUND ROCK, TX 78681-4066","1213 ROBIN TRL, ROUND ROCK, TX  78681","OAKCREEK SEC 1, BLOCK N, LOT 35, ACRES .160","Real","$517,918","$517,918"
"R302678","R-16-4818-000N-0036","CRAMER, ALLISON J & MATTHEW R","1612 WESTEND PL  ROUND ROCK, TX 78681","1215 ROBIN TRL, ROUND ROCK, TX  78681","OAKCREEK SEC 1, BLOCK N, LOT 36, ACRES .160","Real","$479,518","$479,518"
"R302679","R-16-4818-000N-0037","PHILLIPS RYAN & PHILLIPS AMANDA TRUSTEES OF THE PHILLIPS FAMILY LIVING TRUST","1217 ROBIN TRL  ROUND ROCK, TX 78681","1217 ROBIN TRL, ROUND ROCK, TX  78681","OAKCREEK SEC 1, BLOCK N, LOT 37, ACRES .167","Real","$478,120","$478,120"
"R302688","R-16-4819-000A-0001","PURDY, KIM M & A FRANCES","2528 FALCON DR ROUND ROCK, TX 78681-2722","2528 FALCON DR, ROUND ROCK, TX  78681","OAKCREEK SEC 2, BLOCK A, LOT 1","Real","$548,075","$548,075"
"R302690","R-16-4819-000A-0002","MCKEE, RYAN A & TRACY L","2526 FALCON DR  ROUND ROCK, TX 78681","2526 FALCON DR, ROUND ROCK, TX  78681","OAKCREEK SEC 2, BLOCK A, LOT 2","Real","$510,719","$510,719"
"R302693","R-16-4819-000A-0003","SANTANA, BENJAMIN J & RENEE TRUSTEES OF THE BJS & RS REVOCABLE TRUST","2524 FALCON DR  ROUND ROCK, TX 78681","2524 FALCON DR, ROUND ROCK, TX  78681","OAKCREEK SEC 2, BLOCK A, LOT 3","Real","$424,912","$424,912"
"R302694","R-16-4819-000A-0004","BOLDEN, STEVEN & MEHRNOOSH GHARIBVAND","2522 FALCON DR  ROUND ROCK, TX 78681-2722","2522 FALCON DR, ROUND ROCK, TX  78681","OAKCREEK SEC 2, BLOCK A, LOT 4","Real","$537,989","$537,989"
"R302696","R-16-4819-000A-0005","FENTANES, JOAQUIN & CATHERINE","2520 FALCON DR ROUND ROCK, TX 78681-2722","2520 FALCON DR, ROUND ROCK, TX  78681","OAKCREEK SEC 2, BLOCK A, LOT 5","Real","$527,332","$527,332"
"R302697","R-16-4819-000A-0006","PERLUZZO, NATALIE & ROBERTO","2518 FALCON DR  ROUND ROCK, TX 78681","2518 FALCON DR, ROUND ROCK, TX  78681","OAKCREEK SEC 2, BLOCK A, LOT 6","Real","$525,320","$525,320"
"R302698","R-16-4819-000A-0007","BONA, CHRIS R & JANNA","2516 FALCON DR  ROUND ROCK, TX 78681-2722","2516 FALCON DR, ROUND ROCK, TX  78681","OAKCREEK SEC 2, BLOCK A, LOT 7","Real","$519,851","$519,851"
"R302700","R-16-4819-000A-0008","WAHED, NAUREEN","5064 SAVIO DR ROUND ROCK, TX 78665-2176","2514 FALCON DR, ROUND ROCK, TX  78681","OAKCREEK SEC 2, BLOCK A, LOT 8","Real","$358,087","$358,087"
"R302701","R-16-4819-000A-0009","SOTO, JOSE","4932 N DRAKE AVE  CHICAGO, IL 60625-5616","2512 FALCON DR, ROUND ROCK, TX  78681","OAKCREEK SEC 2, BLOCK A, LOT 9","Real","$510,136","$510,136"
"R302702","R-16-4819-000A-0010","CANTRELL, WILLIAM S & MICHELLE","2510 FALCON DR ROUND ROCK, TX 78681-2722","2510 FALCON DR, ROUND ROCK, TX  78681","OAKCREEK SEC 2, BLOCK A, LOT 10","Real","$460,359","$460,359"
"R302704","R-16-4819-000A-0011","LOZANO, JAVIER A & YANA V","2508 FALCON DR  ROUND ROCK, TX 78681-2722","2508 FALCON DR, ROUND ROCK, TX  78681","OAKCREEK SEC 2, BLOCK A, LOT 11","Real","$468,816","$468,816"
"R302705","R-16-4819-000A-0012","HOWELL, TERRY D & STEPHANIE ANN KESKI","2506 FALCON DR  ROUND ROCK, TX 78681","2506 FALCON DR, ROUND ROCK, TX  78681","OAKCREEK SEC 2, BLOCK A, LOT 12","Real","$448,209","$448,209"
"R302707","R-16-4819-000A-0013","VANCE, JAMES","2504 FALCON DR ROUND ROCK, TX 78681-2722","2504 FALCON DR, ROUND ROCK, TX  78681","OAKCREEK SEC 2, BLOCK A, LOT 13","Real","$445,490","$445,490"
"R302708","R-16-4819-000A-0014","CARMICHEAL, CARYIN STACEY","2502 FALCON DR  ROUND ROCK, TX 78681","2502 FALCON DR, ROUND ROCK, TX  78681","OAKCREEK SEC 2, BLOCK A, LOT 14","Real","$520,081","$520,081"
"R302709","R-16-4819-000A-0015","LAW, KAREN MICHELLE","2500 FALCON DR ROUND ROCK, TX 78681-2722","2500 FALCON DR, ROUND ROCK, TX  78681","OAKCREEK SEC 2, BLOCK A, LOT 15","Real","$487,691","$487,691"
"R302711","R-16-4819-000A-0016","SMITH, MARTIN OTT III & CHANDRA CHONG XIONG","2601 STARLING DR  ROUND ROCK, TX 78681","2601 STARLING DR, ROUND ROCK, TX  78681","OAKCREEK SEC 2, BLOCK A, LOT 16","Real","$544,033","$544,033"
"R302712","R-16-4819-000A-0017","HEPTINSTALL, JEFF","1205 OWL CT  ROUND ROCK, TX 78681","1205 OWL CT, ROUND ROCK, TX  78681","OAKCREEK SEC 2, BLOCK A, LOT 17","Real","$539,781","$539,781"
"R302713","R-16-4819-000A-0018","Unknown","Unknown","1203 OWL CT, ROUND ROCK, TX  78681","OAKCREEK SEC 2, BLOCK A, LOT 18","Real","$551,679","$551,679"
"R302714","R-16-4819-000A-0019","HUA, PHILIP & LAUREN AKEMI","1201 OWL CT  ROUND ROCK, TX 78681-2730","1201 OWL CT, ROUND ROCK, TX  78681","OAKCREEK SEC 2, BLOCK A, LOT 19","Real","$436,308","$436,308"
"R302716","R-16-4819-000A-0020","BOWDEN, KIRK M & JOAN M","1200 OWL CT ROUND ROCK, TX 78681-2730","1200 OWL CT, ROUND ROCK, TX  78681","OAKCREEK SEC 2, BLOCK A, LOT 20","Real","$526,328","$526,328"
"R302717","R-16-4819-000A-0021","WON, RAYMOND WAI MING & PATRICIA A","1202 OWL CT  ROUND ROCK, TX 78681","1202 OWL CT, ROUND ROCK, TX  78681","OAKCREEK SEC 2, BLOCK A, LOT 21","Real","$438,091","$438,091"
"R302719","R-16-4819-000A-0022","CLIFTON, TYLER JAMES & TARA JADE","1204 OWL CT  ROUND ROCK, TX 78681","1204 OWL CT, ROUND ROCK, TX  78681","OAKCREEK SEC 2, BLOCK A, LOT 22","Real","$499,896","$499,896"
"R302720","R-16-4819-000A-0023","SAUTNER, JAMES B & KELLEY J","1213 CARDINAL LN  ROUND ROCK, TX 78681","1213 CARDINAL LN, ROUND ROCK, TX  78681","OAKCREEK SEC 2, BLOCK A, LOT 23","Real","$537,294","$537,294"
"R302721","R-16-4819-000A-0024","LATHAM, DAVID S & NANCY I SANDERS LATHAM","1211 CARDINAL LN ROUND ROCK, TX 78681-2731","1211 CARDINAL LN, ROUND ROCK, TX  78681","OAKCREEK SEC 2, BLOCK A, LOT 24","Real","$474,074","$474,074"
"R302723","R-16-4819-000A-0025","PONCE, LISA","1209 CARDINAL LN  ROUND ROCK, TX 78681","1209 CARDINAL LN, ROUND ROCK, TX  78681","OAKCREEK SEC 2, BLOCK A, LOT 25","Real","$507,478","$507,478"
"R302724","R-16-4819-000A-0026","SOYLEMEZ, TUFAN & GOKCE GULMEZ","1207 CARDINAL LN  ROUND ROCK, TX 78681-2731","1207 CARDINAL LN, ROUND ROCK, TX  78681","S4281 - Oakcreek Sec 2, BLOCK A, Lot 26","Real","$507,649","$507,649"
"R302725","R-16-4819-000A-0027","ALFARO, LUIS E & JENNIFER M","1205 CARDINAL LN  ROUND ROCK, TX 78681","1205 CARDINAL LN, ROUND ROCK, TX  78681","OAKCREEK SEC 2, BLOCK A, LOT 27","Real","$489,788","$489,788"
"R302726","R-16-4819-000A-0028","MERVIN JAMES JONES & ANNETTE DOLORES JONES CO TRS OF THE MAJ TRUST","121 CHADWICK DR  GEORGETOWN, TX 78628-2100","1203 CARDINAL LN, ROUND ROCK, TX  78681","OAKCREEK SEC 2, BLOCK A, LOT 28","Real","$530,510","$530,510"
"R302727","R-16-4819-000A-0029","LYONS, MICHAEL EDWARD & JOELLEN B","1201 CARDINAL LN ROUND ROCK, TX 78681-2731","1201 CARDINAL LN, ROUND ROCK, TX  78681","OAKCREEK SEC 2, BLOCK A, LOT 29","Real","$505,553","$505,553"
"R302728","R-16-4819-000A-0030","JOSSERAND, ARTHUR W (TOD)","1200 CARDINAL LN  ROUND ROCK, TX 78681","1200 CARDINAL LN, ROUND ROCK, TX  78681","OAKCREEK SEC 2, BLOCK A, LOT 30","Real","$457,706","$457,706"
"R302734","R-16-4819-000A-0034","CHANTAPLIN, NITRATORA & CHUACHUN","1208 CARDINAL LN ROUND ROCK, TX 78681-2731","1208 CARDINAL LN, ROUND ROCK, TX  78681","OAKCREEK SEC 2, BLOCK A, LOT 34","Real","$473,242","$473,242"
"R302735","R-16-4819-000A-0035","RICHMOND MARK W & MARILYN L","DENIS LOUBET & ARRON ALLSTO 1210 CARDINAL LN ROUND ROCK, TX 78681-2731","1210 CARDINAL LN, ROUND ROCK, TX  78681","OAKCREEK SEC 2, BLOCK A, LOT 35","Real","$569,536","$569,536"
"R302736","R-16-4819-000A-0036","DECKER SHARILYN & AARON FRESCAS","1212 CARDINAL LN  ROUND ROCK, TX 78681-2731","1212 CARDINAL LN, ROUND ROCK, TX  78681","OAKCREEK SEC 2, BLOCK A, LOT 36","Real","$538,212","$538,212"
"R302737","R-16-4819-000A-0037","SCHMITT, ROBERT LOUIS & ASHLEY MICHELLE","1214 CARDINAL LN  ROUND ROCK, TX 78681","1214 CARDINAL LN, ROUND ROCK, TX  78681","OAKCREEK SEC 2, BLOCK A, LOT 37","Real","$428,082","$428,082"
"R302739","R-16-4819-000A-0038","ROSE, TERESA LYNNE","1300 CARDINAL LN ROUND ROCK, TX 78681-2732","1300 CARDINAL LN, ROUND ROCK, TX  78681","OAKCREEK SEC 2, BLOCK A, LOT 38","Real","$473,750","$473,750"
"R302740","R-16-4819-000A-0039","KRECH, JEFFREY M & NANCY B","1302 CARDINAL LN ROUND ROCK, TX 78681-2732","1302 CARDINAL LN, ROUND ROCK, TX  78681","OAKCREEK SEC 2, BLOCK A, LOT 39","Real","$476,487","$476,487"
"R302741","R-16-4819-000B-0001","OAKCREEK, HOMEOWNERS ASSOC","14050 SUMMIT DR STE 113 AUSTIN, TX 78728-7134","1207 OAKLANDS DR, ROUND ROCK, TX  78681","S4281 - Oakcreek Sec 2, BLOCK B, Lot 1-2, (PARK, AMENITIES)","Real","$9,794","$9,794"
"R302745","R-16-4819-000B-0003","OAKCREEK, HOMEOWNERS ASSOC","14050 SUMMIT DR STE 113 AUSTIN, TX 78728-7134","1203 OAKLANDS DR, ROUND ROCK, TX  78681","S4281 - Oakcreek Sec 2, BLOCK B, Lot 3, (PARK)","Real","$300","$300"
"R302746","R-16-4819-000B-0004","VU, NGOC MINH","2440 FALCON DR  ROUND ROCK, TX 78681","2440 FALCON DR, ROUND ROCK, TX  78681","OAKCREEK SEC 2, BLOCK B, LOT 4","Real","$538,934","$538,934"
"R302748","R-16-4819-000B-0005","PARICIO, TODD STEVEN","4216 ENDCLIFFE DR  AUSTIN, TX 78731","2438 FALCON DR, ROUND ROCK, TX  78681","OAKCREEK SEC 2, BLOCK B, LOT 5","Real","$495,465","$495,465"
"R302749","R-16-4819-000B-0006","GOODRICK, JOSEPH & OLHA","2436 FALCON DR  ROUND ROCK, TX 78681","2436 FALCON DR, ROUND ROCK, TX  78681","OAKCREEK SEC 2, BLOCK B, LOT 6","Real","$527,331","$527,331"
"R302750","R-16-4819-000B-0007","PARK, YONG JIN","2434 FALCON DR  ROUND ROCK, TX 78681","2434 FALCON DR, ROUND ROCK, TX  78681","OAKCREEK SEC 2, BLOCK B, LOT 7","Real","$513,688","$513,688"
"R302753","R-16-4819-000B-0008","ANDERSON, ANDRU & NATALIA","2432 FALCON DR  ROUND ROCK, TX 78681","2432 FALCON DR, ROUND ROCK, TX  78681","OAKCREEK SEC 2, BLOCK B, LOT 8","Real","$433,054","$433,054"
"R302754","R-16-4819-000B-0009","HUGHES, JASON T & STEPHANIE D","2430 FALCON DR ROUND ROCK, TX 78681-2755","2430 FALCON DR, ROUND ROCK, TX  78681","OAKCREEK SEC 2, BLOCK B, LOT 9","Real","$478,604","$478,604"
"R302755","R-16-4819-000B-0010","BARI, MAKSUDUL H","7713 BASIL DR AUSTIN, TX 78750-7940","2428 FALCON DR, ROUND ROCK, TX  78681","OAKCREEK SEC 2, BLOCK B, LOT 10","Real","$503,514","$503,514"
"R302756","R-16-4819-000E-0019","HOLCOMBE, WALTER LEE & STELA RAQUEL","2500 FIELD LARK DR  ROUND ROCK, TX 78681-2725","2500 FIELD LARK DR, ROUND ROCK, TX  78681","OAKCREEK SEC 2, BLOCK E, LOT 19","Real","$503,427","$503,427"
"R302757","R-16-4819-000E-0020","CREWS, KIMBERLY","2502 FIELD LARK DR  ROUND ROCK, TX 78681-2725","2502 FIELD LARK DR, ROUND ROCK, TX  78681","OAKCREEK SEC 2, BLOCK E, LOT 20","Real","$358,207","$358,207"
"R302758","R-16-4819-000E-0021","DEANNE L WOOD TR WOOD LIVING TRUST","2504 FIELD LARK DR  ROUND ROCK, TX 78681-2725","2504 FIELD LARK DR, ROUND ROCK, TX  78681","OAKCREEK SEC 2, BLOCK E, LOT 21","Real","$456,907","$456,907"
"R302759","R-16-4819-000E-0022","TAKAHASHI, OSAMU & TOSHIMI","2506 FIELD LARK DR ROUND ROCK, TX 78681-2725","2506 FIELD LARK DR, ROUND ROCK, TX  78681","OAKCREEK SEC 2, BLOCK E, LOT 22","Real","$476,161","$476,161"
"R302760","R-16-4819-000E-0023","KANTAK PRAVIN B & DAMAYANTI P TRUSTEES KANTAK REVOCABLE TRUST","1452 ELKA AVE SAN JOSE, CA 95109","2508 FIELD LARK DR, ROUND ROCK, TX  78681","OAKCREEK SEC 2, BLOCK E, LOT 23","Real","$392,157","$392,157"
"R302761","R-16-4819-000E-0024","BAKER, DAVID A ETUX","2510 FIELD LARK DR ROUND ROCK, TX 78681-2725","2510 FIELD LARK DR, ROUND ROCK, TX  78681","OAKCREEK SEC 2, BLOCK E, LOT 24","Real","$456,871","$456,871"
"R302762","R-16-4819-000E-0025","LOWDER, JASON B","2512 FIELD LARK DR ROUND ROCK, TX 78681-2725","2512 FIELD LARK DR, ROUND ROCK, TX  78681","OAKCREEK SEC 2, BLOCK E, LOT 25","Real","$383,160","$383,160"
"R302763","R-16-4819-000E-0026","COHEN, JAMES D & MONIQUE N","2514 FIELD LARK DR ROUND ROCK, TX 78681-2725","2514 FIELD LARK DR, ROUND ROCK, TX  78681","OAKCREEK SEC 2, BLOCK E, LOT 26","Real","$557,607","$557,607"
"R302764","R-16-4819-000E-0027","MAYER, JASON & ELIZABETH","2516 FIELD LARK DR ROUND ROCK, TX 78681-2725","2516 FIELD LARK DR, ROUND ROCK, TX  78681","OAKCREEK SEC 2, BLOCK E, LOT 27","Real","$465,759","$465,759"
"R302765","R-16-4819-000E-0028","ANGELA LYNN ELLIS & ALEXANDER NATHANIEL ELLIS TRS OF THE ELLIS LIVING TRUST","2518 FIELD LARK DR  ROUND ROCK, TX 78681-2725","2518 FIELD LARK DR, ROUND ROCK, TX  78681","OAKCREEK SEC 2, BLOCK E, LOT 28","Real","$515,224","$515,224"
"R302766","R-16-4819-000E-0029","DE VRIES, GUOYU CHEN","2311 WHITLOW CV  ROUND ROCK, TX 78681-1847","2501 PARTRIDGE CT, ROUND ROCK, TX  78681","OAKCREEK SEC 2 (AMENDED LTS 29-30, BLK E), BLOCK E, LOT 29","Real","$555,719","$555,719"
"R302767","R-16-4819-000E-0030","KETZER, SHEILA RIBEIRO","2503 PARTRIDGE CT  ROUND ROCK, TX 78681","2503 PARTRIDGE CT, ROUND ROCK, TX  78681","OAKCREEK SEC 2 (AMENDED LTS 29-30, BLK E), BLOCK E, LOT 30","Real","$603,273","$603,273"
"R302768","R-16-4819-000E-0031","BENNETT, JEFFREY M & SUSAN E","2505 PARTRIDGE CT ROUND ROCK, TX 78681-2740","2505 PARTRIDGE CT, ROUND ROCK, TX  78681","OAKCREEK SEC 2, BLOCK E, LOT 31","Real","$489,616","$489,616"
"R302769","R-16-4819-000E-0032","BURROWS LINDA S (TOD)","2507 PARTRIDGE CT  ROUND ROCK, TX 78681","2507 PARTRIDGE CT, ROUND ROCK, TX  78681","OAKCREEK SEC 2, BLOCK E, LOT 32","Real","$360,295","$360,295"
"R302770","R-16-4819-000E-0033","MARQUARDT, DAVID R & KAREN A","2509 PARTRIDGE CT ROUND ROCK, TX 78681-2740","2509 PARTRIDGE CT, ROUND ROCK, TX  78681","OAKCREEK SEC 2, BLOCK E, LOT 33","Real","$409,694","$409,694"
"R302771","R-16-4819-000E-0034","SHIMP, TEDD & MORGAN","2510 PARTRIDGE CT  ROUND ROCK, TX 78681","2510 PARTRIDGE CT, ROUND ROCK, TX  78681","OAKCREEK SEC 2, BLOCK E, LOT 34","Real","$481,993","$481,993"
"R302772","R-16-4819-000E-0035","BOYD, JAMES ALTON JR & CATHERINE LORRAINE","2508 PARTRIDGE CT ROUND ROCK, TX 78681-2740","2508 PARTRIDGE CT, ROUND ROCK, TX  78681","OAKCREEK SEC 2, BLOCK E, LOT 35","Real","$482,056","$482,056"
"R302773","R-16-4819-000E-0036","PARICIO, TODD STEVEN","4216 ENDCLIFFE DR  AUSTIN, TX 78731","2506 PARTRIDGE CT, ROUND ROCK, TX  78681","OAKCREEK SEC 2, BLOCK E, LOT 36","Real","$495,409","$495,409"
"R302774","R-16-4819-000E-0037","HAHN, KEATON & KAILEE","2504 PARTRIDGE CT  ROUND ROCK, TX 78681","2504 PARTRIDGE CT, ROUND ROCK, TX  78681","OAKCREEK SEC 2, BLOCK E, LOT 37","Real","$449,127","$449,127"
"R302775","R-16-4819-000E-0038","VILLARREAL SERGIO JESUS & SERGIO JOSE & HERMILA FLORES VILLARREAL","2502 PARTRIDGE CT ROUND ROCK, TX 78681-2740","2502 PARTRIDGE CT, ROUND ROCK, TX  78681","OAKCREEK SEC 2, BLOCK E, LOT 38","Real","$410,464","$410,464"
"R302776","R-16-4819-000E-0039","OLIVER, ALLEN E & JOYCE M","2500 PARTRIDGE CT ROUND ROCK, TX 78681-2740","2500 PARTRIDGE CT, ROUND ROCK, TX  78681","OAKCREEK SEC 2, BLOCK E, LOT 39","Real","$479,361","$479,361"
"R302777","R-16-4819-000G-0001","ISAAC, ANITA & BRIAN","2519 FALCON DR  ROUND ROCK, TX 78681","2519 FALCON DR, ROUND ROCK, TX  78681","OAKCREEK SEC 2, BLOCK G, LOT 1","Real","$462,721","$462,721"
"R302778","R-16-4819-000G-0002","WILLIAMSON, LORI B","2517 FALCON DR ROUND ROCK, TX 78681-2723","2517 FALCON DR, ROUND ROCK, TX  78681","OAKCREEK SEC 2, BLOCK G, LOT 2","Real","$433,068","$433,068"
"R302779","R-16-4819-000G-0003","KERCHEVILLE, TRACY DEANN","2515 FALCON DR ROUND ROCK, TX 78681-2723","2515 FALCON DR, ROUND ROCK, TX  78681","OAKCREEK SEC 2, BLOCK G, LOT 3","Real","$506,144","$506,144"
"R302780","R-16-4819-000G-0004","GERALD W JOHANNSEN TRUSTEE OF THE GERALD W JOHANNSEN LIVING TRUST","1113 QUAIL LN  ROUND ROCK, TX 78681","1113 QUAIL LN, ROUND ROCK, TX  78681","OAKCREEK SEC 2, BLOCK G, LOT 4","Real","$397,626","$397,626"
"R302781","R-16-4819-000G-0005","SCHARRENBERG, KURT B JR & KRISTI D","1111 QUAIL LN  ROUND ROCK, TX 78681","1111 QUAIL LN, ROUND ROCK, TX  78681","OAKCREEK SEC 2, BLOCK G, LOT 5","Real","$466,335","$466,335"
"R302782","R-16-4819-000G-0006","LAWSON, GINA M & VINCENT J","1109 QUAIL LN  ROUND ROCK, TX 78681","1109 QUAIL LN, ROUND ROCK, TX  78681","OAKCREEK SEC 2, BLOCK G, LOT 6","Real","$498,566","$498,566"
"R302783","R-16-4819-000G-0007","HOLM, RUSSELL L & CHERYL B","1107 QUAIL LN ROUND ROCK, TX 78681-2756","1107 QUAIL LN, ROUND ROCK, TX  78681","OAKCREEK SEC 2, BLOCK G, LOT 7","Real","$451,224","$451,224"
"R302784","R-16-4819-000G-0008","MEHTA, HIMALI ASHOKKUMAR","1105 QUAIL LN  ROUND ROCK, TX 78681-2756","1105 QUAIL LN, ROUND ROCK, TX  78681","OAKCREEK SEC 2, BLOCK G, LOT 8","Real","$403,599","$403,599"
"R302785","R-16-4819-000G-0009","MACCHIWALLA, IFRAN","1103 QUAIL LN ROUND ROCK, TX 78681-2756","1103 QUAIL LN, ROUND ROCK, TX  78681","OAKCREEK SEC 2, BLOCK G, LOT 9","Real","$436,598","$436,598"
"R302786","R-16-4819-000G-0010","MARAVI, PERCY F & CRYSTAL S","1101 QUAIL LN  ROUND ROCK, TX 78681","1101 QUAIL LN, ROUND ROCK, TX  78681","S4281 - Oakcreek Sec 2, BLOCK G, Lot 10","Real","$401,094","$401,094"
"R302787","R-16-4819-000G-0011","ARNAUTOV, ANTON & YULIIA DANYLEVSKA","2509 FIELD LARK DR  ROUND ROCK, TX 78681-2724","2509 FIELD LARK DR, ROUND ROCK, TX  78681","OAKCREEK SEC 2, BLOCK G, LOT 11","Real","$512,482","$512,482"
"R302788","R-16-4819-000G-0012","SWANHOLM, PATRICIA K & DALE G","123 SCISSORTAIL TRL  GEORGETOWN, TX 78633-4811","2511 FIELD LARK DR, ROUND ROCK, TX  78681","OAKCREEK SEC 2, BLOCK G, LOT 12","Real","$410,172","$410,172"
"R302789","R-16-4819-000G-0013","LOUSMA, JACOB M","2513 FIELD LARK DR  ROUND ROCK, TX 78681","2513 FIELD LARK DR, ROUND ROCK, TX  78681","OAKCREEK SEC 2, BLOCK G, LOT 13","Real","$469,173","$469,173"
"R302790","R-16-4819-000G-0014","PRESCOTT, HAROLD D & JILL","2515 FIELD LARK DR  ROUND ROCK, TX 78681","2515 FIELD LARK DR, ROUND ROCK, TX  78681","OAKCREEK SEC 2, BLOCK G, LOT 14","Real","$503,284","$503,284"
"R302791","R-16-4819-000G-0015","DUGIE, HUNTER KENNETH","2517 FIELD LARK DR  ROUND ROCK, TX 78681","2517 FIELD LARK DR, ROUND ROCK, TX  78681","OAKCREEK SEC 2, BLOCK G, LOT 15","Real","$394,164","$394,164"
"R302792","R-16-4819-000H-0001","PIERCE, MARK A","1137 OAKLANDS DR  ROUND ROCK, TX 78681-2705","1137 OAKLANDS DR, ROUND ROCK, TX  78681","OAKCREEK SEC 2, BLOCK H, LOT 1","Real","$552,431","$552,431"
"R302793","R-16-4819-000H-0002","JARVIS, THOMAS YOUNG & NICOLE MOANIKEALA","1135 OAKLANDS DR  ROUND ROCK, TX 78681","1135 OAKLANDS DR, ROUND ROCK, TX  78681","OAKCREEK SEC 2, BLOCK H, LOT 2","Real","$471,441","$471,441"
"R302794","R-16-4819-000H-0003","SKOVIERA, JENNIFER ANNA","1133 OAKLANDS DR  ROUND ROCK, TX 78681","1133 OAKLANDS DR, ROUND ROCK, TX  78681","OAKCREEK SEC 2, BLOCK H, LOT 3","Real","$485,742","$485,742"
"R302795","R-16-4819-000H-0004","CHARLES, JOHN D & SUZANNE L","1131 OAKLANDS DR ROUND ROCK, TX 78681-2705","1131 OAKLANDS DR, ROUND ROCK, TX  78681","OAKCREEK SEC 2, BLOCK H, LOT 4","Real","$500,722","$500,722"
"R302796","R-16-4819-000H-0005","LAKE, RICHARD W & AUDREY E","1129 OAKLANDS DR ROUND ROCK, TX 78681-2705","1129 OAKLANDS DR, ROUND ROCK, TX  78681","OAKCREEK SEC 2, BLOCK H, LOT 5","Real","$425,511","$425,511"
"R302797","R-16-4819-000H-0006","HSU, YU-YEH SU & SHERMAN HSU","2215 POST RD  #APT 2005 AUSTIN, TX 78704-4344","1127 OAKLANDS DR, ROUND ROCK, TX  78681","OAKCREEK SEC 2, BLOCK H, LOT 6","Real","$558,282","$558,282"
"R302798","R-16-4819-000H-0007","JOSEPH, CHRISTOPHER STEPHEN","1125 OAKLANDS DR  ROUND ROCK, TX 78681","1125 OAKLANDS DR, ROUND ROCK, TX  78681","OAKCREEK SEC 2, BLOCK H, LOT 7","Real","$550,430","$550,430"
"R302799","R-16-4819-000H-0008","WENMAN, BREA & PETER","1123 OAKLANDS DR  ROUND ROCK, TX 78681","1123 OAKLANDS DR, ROUND ROCK, TX  78681","OAKCREEK SEC 2, BLOCK H, LOT 8","Real","$511,904","$511,904"
"R302800","R-16-4819-000H-0009","FERRIS, DAVID B & JUNE A","1121 OAKLANDS DR ROUND ROCK, TX 78681-2705","1121 OAKLANDS DR, ROUND ROCK, TX  78681","OAKCREEK SEC 2, BLOCK H, LOT 9","Real","$477,157","$477,157"
"R302801","R-16-4819-000H-0010","STRATTON WILLIAM KIP & MERRY LUSCAINE TRUSTEES HAPPY TRAILS LIVING TRUST","2415 MOCKINGBIRD DR  ROUND ROCK, TX 78681","2415 MOCKINGBIRD DR, ROUND ROCK, TX  78681","OAKCREEK SEC 2, BLOCK H, LOT 10","Real","$422,437","$422,437"
"R302802","R-16-4819-000H-0011","GREENLY, ROBERT L & MARTI D","2413 MOCKINGBIRD DR ROUND ROCK, TX 78681-2713","2413 MOCKINGBIRD DR, ROUND ROCK, TX  78681","OAKCREEK SEC 2, BLOCK H, LOT 11","Real","$547,084","$547,084"
"R302803","R-16-4819-000H-0012","HANSON, CARTER REID & ANN ELISE GONDRAN","1100 QUAIL LN  ROUND ROCK, TX 78681-2753","1100 QUAIL LN, ROUND ROCK, TX  78681","OAKCREEK SEC 2, BLOCK H, LOT 12","Real","$513,479","$513,479"
"R302804","R-16-4819-000H-0013","MALNER, MIKE & DIANE POTTS","1102 QUAIL LN  ROUND ROCK, TX 78681","1102 QUAIL LN, ROUND ROCK, TX  78681","OAKCREEK SEC 2, BLOCK H, LOT 13","Real","$493,126","$493,126"
"R302805","R-16-4819-000H-0014","DHINGRA, AMAN","2992 REUNION BLVD  AUSTIN, TX 78737","1104 QUAIL LN, ROUND ROCK, TX  78681","OAKCREEK SEC 2, BLOCK H, LOT 14","Real","$510,466","$510,466"
"R302806","R-16-4819-000H-0015","ZIESCHANG, DANIEL W & MARY K","1106 QUAIL LN ROUND ROCK, TX 78681-2753","1106 QUAIL LN, ROUND ROCK, TX  78681","OAKCREEK SEC 2, BLOCK H, LOT 15","Real","$480,742","$480,742"
"R302807","R-16-4819-000H-0016","REAVIS, KATHERINE MARY","1108 QUAIL LN  ROUND ROCK, TX 78681-2753","1108 QUAIL LN, ROUND ROCK, TX  78681","OAKCREEK SEC 2, BLOCK H, LOT 16","Real","$463,181","$463,181"
"R302808","R-16-4819-000H-0017","YAO, ANDREW","1110 QUAIL LN  ROUND ROCK, TX 78681-2753","1110 QUAIL LN, ROUND ROCK, TX  78681","OAKCREEK SEC 2, BLOCK H, LOT 17","Real","$492,897","$492,897"
"R302809","R-16-4819-000H-0018","KELLY, KIM & BETTINA","1112 QUAIL LN ROUND ROCK, TX 78681-2753","1112 QUAIL LN, ROUND ROCK, TX  78681","OAKCREEK SEC 2, BLOCK H, LOT 18","Real","$456,871","$456,871"
"R302810","R-16-4819-000H-0019","JONES, THOMAS & HELEN","1114 QUAIL LN  ROUND ROCK, TX 78681","1114 QUAIL LN, ROUND ROCK, TX  78681","OAKCREEK SEC 2, BLOCK H, LOT 19","Real","$324,669","$324,669"
"R302811","R-16-4819-000H-0020","DOUGLAS, JOANN PARLAK","1116 QUAIL LN  ROUND ROCK, TX 78681","1116 QUAIL LN, ROUND ROCK, TX  78681","OAKCREEK SEC 2, BLOCK H, LOT 20","Real","$351,596","$351,596"
"R302812","R-16-4819-000O-0001","DE LA CRUZ, MICHELLE & MATTHEW","2600 STARLING DR  ROUND ROCK, TX 78681-2728","2600 STARLING DR, ROUND ROCK, TX  78681","OAKCREEK SEC 2, BLOCK O, LOT 1","Real","$437,515","$437,515"
"R302813","R-16-4819-000O-0002","BANICS, BALAZS (TOD) & JUDIT ESZETER SCHIFTER (TOD)","2602 STARLING DR  ROUND ROCK, TX 78681-2728","2602 STARLING DR, ROUND ROCK, TX  78681","OAKCREEK SEC 2, BLOCK O, LOT 2","Real","$432,203","$432,203"
"R302814","R-16-4819-000O-0003","OSTERLUND, CHRISTIAN P & SARAH R","2604 STARLING DR  ROUND ROCK, TX 78681","2604 STARLING DR, ROUND ROCK, TX  78681","OAKCREEK SEC 2, BLOCK O, LOT 3","Real","$502,922","$502,922"
"R302815","R-16-4819-000O-0005","MOMAN, ALAINA & ZACHARY GOSSETT","1701 JOHNSON WAY ROUND ROCK, TX 78681-4400","2608 STARLING DR, ROUND ROCK, TX  78681","OAKCREEK SEC 2, BLOCK O, LOT 5","Real","$501,597","$501,597"
"R302816","R-16-4819-000O-0006","BARBER, WILLIAM BRUCE","2610 STARLING DR ROUND ROCK, TX 78681-2728","2610 STARLING DR, ROUND ROCK, TX  78681","OAKCREEK SEC 2, BLOCK O, LOT 6","Real","$416,436","$416,436"
"R302817","R-16-4819-000O-0007","HOLMBERG, BRYAN & ERICA","1301 CARDINAL LN  ROUND ROCK, TX 78681","1301 CARDINAL LN, ROUND ROCK, TX  78681","OAKCREEK SEC 2, BLOCK O, LOT 7","Real","$421,108","$421,108"
"R302818","R-16-4819-000O-0008","SMITH, RIKI ALYSON","1303 CARDINAL LN  ROUND ROCK, TX 78681","1303 CARDINAL LN, ROUND ROCK, TX  78681","OAKCREEK SEC 2, BLOCK O, LOT 8","Real","$441,229","$441,229"
"R313626","R-16-4824-000G-0017","RAD, ADEL A & ASA NAHIDI","5527 GRANDWOOD LN  KATY, TX 77450","409 OAK PARK DR, ROUND ROCK, TX  78681","OAKLANDS, SEC 2, REVISED AMENDED, BLOCK G, LOT 17, ACRES .172","Real","$408,441","$408,441"
"R315090","R-16-4819-000O-0004","EHSANI, NATHANIEL & PAIGE MELANCON","2606 STARLING DR  ROUND ROCK, TX 78681-2728","2606 STARLING DR, ROUND ROCK, TX  78681","OAKCREEK SEC 2, BLOCK O, LOT 4","Real","$540,745","$540,745"
"R335192","R-16-4825-000F-0017","JOHN C ROIKO & CONNIE M ROIKO TRUSTEES OF THE JOHN & CONNIE ROIKO LIVING TRUST","7412 TWO JACKS TRL  ROUND ROCK, TX 78681","2204 SPRING HOLLOW PATH, ROUND ROCK, TX  78681","S5767 - Oakland Sec 3b, BLOCK F, Lot 17","Real","$454,093","$454,093"
"R335193","R-16-4825-000F-0018","ROMAN, OSIRIS","2208 SPRING HOLLOW PATH  ROUND ROCK, TX 78681","2208 SPRING HOLLOW PATH, ROUND ROCK, TX  78681","S5767 - Oakland Sec 3b, BLOCK F, Lot 18","Real","$494,368","$494,368"
"R335194","R-16-4825-000F-0019","CUZYDLO, KYLE & ALYSSA CHAN-CUZYDLO","519 OAK PARK DR  ROUND ROCK, TX 78681","519 OAK PARK DR, ROUND ROCK, TX  78681","S5767 - Oakland Sec 3b, BLOCK F, Lot 19","Real","$476,061","$476,061"
"R335195","R-16-4825-000F-0020","BURGESS, DEREK","521 OAK PARK DR ROUND ROCK, TX 78681-4078","521 OAK PARK DR, ROUND ROCK, TX  78681","S5767 - Oakland Sec 3b, BLOCK F, Lot 20","Real","$487,618","$487,618"
"R335196","R-16-4825-000F-0021","MCCOY MICHAEL J TRUSTEE & MICHAEL J MCCOY TRUST","523 OAK PARK DR  ROUND ROCK, TX 78681","523 OAK PARK DR, ROUND ROCK, TX  78681","S5767 - Oakland Sec 3b, BLOCK F, Lot 21","Real","$505,793","$505,793"
"R335197","R-16-4825-000F-0022","ARMISTEAD, ROBERT E & JULIE P","525 OAK PARK DR ROUND ROCK, TX 78681-4078","525 OAK PARK DR, ROUND ROCK, TX  78681","S5767 - Oakland Sec 3b, BLOCK F, Lot 22","Real","$516,585","$516,585"
"R335198","R-16-4825-000F-0023","SIMMONS, JAMES & MALENA MORAES","527 OAK PARK DR  ROUND ROCK, TX 78681-4078","527 OAK PARK DR, ROUND ROCK, TX  78681","S5767 - Oakland Sec 3b, BLOCK F, Lot 23","Real","$508,590","$508,590"
"R335199","R-16-4825-000G-0003","XIE, HUI","6026 RONCHAMPS DR ROUND ROCK, TX 78681-5330","2203 SPRING HOLLOW PATH, ROUND ROCK, TX  78681","S5767 - Oakland Sec 3b, BLOCK G, Lot 3","Real","$526,005","$526,005"
"R335200","R-16-4825-000G-0004","CARPENTER, BRANDY","2205 SPRING HOLLOW PATH  ROUND ROCK, TX 78681","2205 SPRING HOLLOW PATH, ROUND ROCK, TX  78681","S5767 - Oakland Sec 3b, BLOCK G, Lot 4","Real","$432,479","$432,479"
"R335201","R-16-4825-000G-0005","HIGGINS, LEO M & JENNIFER","2207 SPRING HOLLOW PATH  ROUND ROCK, TX 78681","2207 SPRING HOLLOW PATH, ROUND ROCK, TX  78681","S5767 - Oakland Sec 3b, BLOCK G, Lot 5","Real","$525,796","$525,796"
"R335202","R-16-4825-000G-0006","WOLF, STEPHEN R & DEBORAH M","2209 SPRING HOLLOW PATH ROUND ROCK, TX 78681-4057","2209 SPRING HOLLOW PATH, ROUND ROCK, TX  78681","S5767 - Oakland Sec 3b, BLOCK G, Lot 6","Real","$472,313","$472,313"
"R335203","R-16-4825-000G-0007","HARRISON, PETER & KELLIE","2211 SPRING HOLLOW PATH ROUND ROCK, TX 78681-4057","2211 SPRING HOLLOW PATH, ROUND ROCK, TX  78681","S5767 - Oakland Sec 3b, BLOCK G, Lot 7","Real","$520,253","$520,253"
"R335204","R-16-4825-000G-0008","BARNES, DAVID A & CHRISTY A","2213 SPRING HOLLOW PATH  ROUND ROCK, TX 78681","2213 SPRING HOLLOW PATH, ROUND ROCK, TX  78681","S5767 - Oakland Sec 3b, BLOCK G, Lot 8","Real","$552,211","$552,211"
"R335205","R-16-4825-000G-0009","FAULLIN, STANLEY W","515 OAK PARK DR  ROUND ROCK, TX 78681","515 OAK PARK DR, ROUND ROCK, TX  78681","S5767 - Oakland Sec 3b, BLOCK G, Lot 9","Real","$503,827","$503,827"
"R335206","R-16-4825-000G-0010","PROUT CORI NICOLE DORAN TRUSTEE SPD TRUST","507 OAK PARK DR  ROUND ROCK, TX 78641","513 OAK PARK DR, ROUND ROCK, TX  78681","S5767 - Oakland Sec 3b, BLOCK G, Lot 10","Real","$623,521","$623,521"
"R335207","R-16-4825-000G-0011","ELLSWORTH, DEBRA J & RONALD L","511 OAK PARK  ROUND ROCK, TX 78681","511 OAK PARK DR, ROUND ROCK, TX  78681","S5767 - Oakland Sec 3b, BLOCK G, Lot 11","Real","$547,616","$547,616"
"R335208","R-16-4825-000G-0012","MANTRAVADI, VASUDHA & VINOD KONDRAGUNTA","509 OAK PARK DR  ROUND ROCK, TX 78681-4091","509 OAK PARK DR, ROUND ROCK, TX  78681","S5767 - Oakland Sec 3b, BLOCK G, Lot 12","Real","$563,681","$563,681"
"R335209","R-16-4825-000G-0013","PROUT, DAVID & CORI N DORAN-PROUT","507 OAK PARK DR  ROUND ROCK, TX 78681","507 OAK PARK DR, ROUND ROCK, TX  78681","S5767 - Oakland Sec 3b, BLOCK G, Lot 13","Real","$562,471","$562,471"
"R335210","R-16-4825-000G-0014","GUO, KUN","33469 PONY LOOP  FREMONT, CA 94555","505 OAK PARK DR, ROUND ROCK, TX  78681","S5767 - Oakland Sec 3b, BLOCK G, Lot 14","Real","$597,255","$597,255"
"R335211","R-16-4825-000G-0015","HERNANDEZ, EDUARDO","255 W MARTIN LUTHER KING BLVD UNIT 1005 CHARLOTTE, NC 28202-1946","503 OAK PARK DR, ROUND ROCK, TX  78681","S5767 - Oakland Sec 3b, BLOCK G, Lot 15","Real","$445,561","$445,561"
"R335212","R-16-4825-000G-0016","RINEER, MATTHEW ISSAC & CAROLYN L","501 OAK PARK DR  ROUND ROCK, TX 78681","501 OAK PARK DR, ROUND ROCK, TX  78681","S5767 - Oakland Sec 3b, BLOCK G, Lot 16","Real","$559,575","$559,575"
"R335213","R-16-4825-000H-0037","CITY OF ROUND ROCK","221 MAIN ST  ROUND ROCK, TX 78664-5299","2300 OAK SPRINGS CV, ROUND ROCK, TX  78681","S5767 - Oakland Sec 3b, BLOCK H, Lot 37, ACRES 0.144, (WATER QUALITY POND)","Real","$300","$300"
"R335214","R-16-4825-000H-0038","WARREN, MICHELE J & JERRY L","2302 OAK SPRINGS CV  ROUND ROCK, TX 78681-4080","2302 OAK SPRINGS CV, ROUND ROCK, TX  78681","S5767 - Oakland Sec 3b, BLOCK H, Lot 38","Real","$544,202","$544,202"
"R335215","R-16-4825-000H-0039","GHIYA, RUTWIK & PRERNA SHAH","2304 OAK SPRINGS CV  ROUND ROCK, TX 78681-4080","2304 OAK SPRINGS CV, ROUND ROCK, TX  78681","S5767 - Oakland Sec 3b, BLOCK H, Lot 39","Real","$504,107","$504,107"
"R335216","R-16-4825-000H-0040","BURGESS, SHANDELL","2306 OAK SPRINGS CV ROUND ROCK, TX 78681-4080","2306 OAK SPRINGS CV, ROUND ROCK, TX  78681","S7110 - Oaklands Sec 3a, 3b, & 2-revised Amending Plat, BLOCK H, Lot 40","Real","$530,313","$530,313"
"R335217","R-16-4825-000H-0041","SATO, CHRISTOPHER E & LINDA LYNN","2308 OAK SPRINGS CV ROUND ROCK, TX 78681-4080","2308 OAK SPRINGS CV, ROUND ROCK, TX  78681","S7110 - Oaklands Sec 3a, 3b, & 2-revised Amending Plat, BLOCK H, Lot 41","Real","$573,977","$573,977"
"R335218","R-16-4825-000H-0042","GROMER, JUDY","2310 OAK SPRINGS CV ROUND ROCK, TX 78681-4080","2310 OAK SPRINGS CV, ROUND ROCK, TX  78681","S7110 - Oaklands Sec 3a, 3b, & 2-revised Amending Plat, BLOCK H, Lot 42","Real","$499,100","$499,100"
"R335219","R-16-4825-000H-0043","SIMMONS, LAURIE ELIZABETH","2312 OAK SPRINGS CV  ROUND ROCK, TX 78681-4080","2312 OAK SPRINGS CV, ROUND ROCK, TX  78681","S7110 - Oaklands Sec 3a, 3b, & 2-revised Amending Plat, BLOCK H, Lot 43","Real","$582,858","$582,858"
"R335220","R-16-4825-000H-0044","QUINN, JEFFREY E","14911 APPLE SPRINGS HOLW  LEANDER, TX 78641-8924","2314 OAK SPRINGS CV, ROUND ROCK, TX  78681","S7110 - Oaklands Sec 3a, 3b, & 2-revised Amending Plat, BLOCK H, Lot 44","Real","$502,700","$502,700"
"R335221","R-16-4825-000H-0045","MOSELEY, ALISON","2309 OAK SPRINGS CV  ROUND ROCK, TX 78681","2309 OAK SPRINGS CV, ROUND ROCK, TX  78681","S5767 - Oakland Sec 3b, BLOCK H, Lot 45","Real","$643,964","$643,964"
"R335222","R-16-4825-000H-0046","RILEY, NICCOLI G","2307 OAK SPRINGS CV  ROUND ROCK, TX 78681","2307 OAK SPRINGS CV, ROUND ROCK, TX  78681","S5767 - Oakland Sec 3b, BLOCK H, Lot 46","Real","$682,790","$682,790"
"R335223","R-16-4825-000H-0047","GONZALEZ, OMAR & KATHRYN ANN","2305 OAK SPRINGS CV ROUND ROCK, TX 78681-4089","2305 OAK SPRINGS CV, ROUND ROCK, TX  78681","S5767 - Oakland Sec 3b, BLOCK H, Lot 47","Real","$521,422","$521,422"
"R335224","R-16-4825-000H-0048","ZHENG LI & MO YANG","105 FIXIE IRVINE, CA 92618-1033","2303 OAK SPRINGS CV, ROUND ROCK, TX  78681","S5767 - Oakland Sec 3b, BLOCK H, Lot 48","Real","$552,018","$552,018"
"R335225","R-16-4825-000H-0049","HERNANDEZ, HENDRICH & MIRTA","524 OAK PARK DR ROUND ROCK, TX 78681-4090","524 OAK PARK DR, ROUND ROCK, TX  78681","S5767 - Oakland Sec 3b, BLOCK H, Lot 49","Real","$524,955","$524,955"
"R335226","R-16-4825-000H-0050","PATEL, MAULIN I & PINKY M","320 NAVIGATOR DR  AUSTIN, TX 78717","522 OAK PARK DR, ROUND ROCK, TX  78681","S5767 - Oakland Sec 3b, BLOCK H, Lot 50","Real","$521,208","$521,208"
"R335227","R-16-4825-000H-0051","KIM, BUMSIK & DOYEON","520 OAK PARK DR  ROUND ROCK, TX 78681","520 OAK PARK DR, ROUND ROCK, TX  78681","S5767 - Oakland Sec 3b, BLOCK H, Lot 51","Real","$496,459","$496,459"
"R335228","R-16-4825-000H-0052","MUNOZ, ERIC & SUMMER","518 OAK PARK DR ROUND ROCK, TX 78681-4090","518 OAK PARK DR, ROUND ROCK, TX  78681","S5767 - Oakland Sec 3b, BLOCK H, Lot 52","Real","$450,202","$450,202"
"R335229","R-16-4825-000H-0053","FALTESEK, JOSH & KELLI","516 OAK PARK DR  ROUND ROCK, TX 78681","516 OAK PARK DR, ROUND ROCK, TX  78681","S5767 - Oakland Sec 3b, BLOCK H, Lot 53","Real","$530,430","$530,430"
"R335230","R-16-4825-000H-0054","BERGERON, RONALD W & FAITH","514 OAK PARK DR ROUND ROCK, TX 78681-4090","514 OAK PARK DR, ROUND ROCK, TX  78681","S5767 - Oakland Sec 3b, BLOCK H, Lot 54","Real","$498,380","$498,380"
"R335231","R-16-4825-000H-0055","PATEL, RUPANDE","512 BROOKSTONE CT  ROUND ROCK, TX 78681","512 BROOKSTONE CT, ROUND ROCK, TX  78681","S5767 - Oakland Sec 3b, BLOCK H, Lot 55","Real","$486,842","$486,842"
"R335232","R-16-4825-000H-0056","HUBBARD, CRAIG J & JENNIFER C","510 BROOKSTONE CT  ROUND ROCK, TX 78681","510 BROOKSTONE CT, ROUND ROCK, TX  78681","S5767 - Oakland Sec 3b, BLOCK H, Lot 56","Real","$509,160","$509,160"
"R335233","R-16-4825-000H-0057","KNAIER, MARK K","Attn: WILLIAM ROQUEMORE 12604 CRICOLI DR  AUSTIN, TX 78739","508 BROOKSTONE CT, ROUND ROCK, TX  78681","S7110 - Oaklands Sec 3a, 3b, & 2-revised Amending Plat, BLOCK H, Lot 57","Real","$465,689","$465,689"
"R335234","R-16-4825-000H-0058","KODUKULA, SIVARAMA K & KAMESWARI","506 BROOKSTONE CT ROUND ROCK, TX 78681-4081","506 BROOKSTONE CT, ROUND ROCK, TX  78681","S7110 - Oaklands Sec 3a, 3b, & 2-revised Amending Plat, BLOCK H, Lot 58","Real","$577,244","$577,244"
"R335235","R-16-4825-000H-0059","LEVINE, DEREK & JAMIE","504 BROOKSTONE CT  ROUND ROCK, TX 78681","504 BROOKSTONE CT, ROUND ROCK, TX  78681","S7110 - Oaklands Sec 3a, 3b, & 2-revised Amending Plat, BLOCK H, Lot 59","Real","$516,156","$516,156"
"R336374","R-16-4819-000A-0031A","DAVIS, BRADY & ANGELA","1202 CARDINAL LN  ROUND ROCK, TX 78681-2731","1202 CARDINAL LN, ROUND ROCK, TX  78681","S5799 - Oakcreek Sec 2 (amended Lts 31-33 Blk A), BLOCK A, Lot 31-A","Real","$481,698","$481,698"
"R336377","R-16-4819-000A-0033A","VOGELSANG KIMBERLY & JESS BEAL","1206 CARDINAL LN  ROUND ROCK, TX 78681","1206 CARDINAL LN, ROUND ROCK, TX  78681","S5799 - Oakcreek Sec 2 (amended Lts 31-33 Blk A), BLOCK A, Lot 33-A","Real","$522,026","$522,026"
"R336691","R-16-4818-000I-0012A","STACEY THE FAMILY TRUST","STEVEN & REBECCA STACEY TR 1116 OAKLANDS DR ROUND ROCK, TX 78681-2702","1116 OAKLANDS DR, ROUND ROCK, TX  78681","S5820 - Oakcreek Sec 1 (amended Lts 12-14, Blk I), BLOCK I, Lot 12-A, ACRES 0.25","Real","$521,049","$521,049"
"R336692","R-16-4818-000I-0014A","TYLTIN, OLEKSII & OLGA","1112 OAKLANDS DR  ROUND ROCK, TX 78681-2702","1112 OAKLANDS DR, ROUND ROCK, TX  78681","S5820 - Oakcreek Sec 1 (amended Lts 12-14, Blk I), BLOCK I, Lot 14-A, ACRES 0.25","Real","$463,374","$463,374"
"R341021","R-16-3400-000A-0001","SCHOECH, JAMES (TOD)","500 ARDEN CT  ROUND ROCK, TX 78681","500 ARDEN CT, ROUND ROCK, TX  78681","S5935 - Bluffs Of Oaklands, BLOCK A, Lot 1","Real","$532,987","$532,987"
"R341022","R-16-3400-000A-0002","BURFORD, WILLIAM B & MELINDA L","810 W STOREY AVE  MIDLAND, TX 78701","502 ARDEN CT, ROUND ROCK, TX  78681","S5935 - Bluffs Of Oaklands, BLOCK A, Lot 2","Real","$516,126","$516,126"
"R341023","R-16-3400-000A-0003","GALLEGOS, STEVE J & GERALDINA M","504 ARDEN CT  ROUND ROCK, TX 78681","504 ARDEN CT, ROUND ROCK, TX  78681","S5935 - Bluffs Of Oaklands, BLOCK A, Lot 3","Real","$538,135","$538,135"
"R341024","R-16-3400-000A-0004","EULENFELD, LINDSAY B & DANIEL W","506 ARDEN CT  ROUND ROCK, TX 78681","506 ARDEN CT, ROUND ROCK, TX  78681","S5935 - Bluffs Of Oaklands, BLOCK A, Lot 4","Real","$553,758","$553,758"
"R341025","R-16-3400-000A-0005","SHORT, ROBERT E","507 ARDEN CT  ROUND ROCK, TX 78681","507 ARDEN CT, ROUND ROCK, TX  78681","S5935 - Bluffs Of Oaklands, BLOCK A, Lot 5","Real","$544,091","$544,091"
"R341026","R-16-3400-000A-0006","SOWELL DALE B & MONICA A","505 ARDEN CT ROUND ROCK, TX 78681-4401","505 ARDEN CT, ROUND ROCK, TX  78681","S5935 - Bluffs Of Oaklands, BLOCK A, Lot 6","Real","$548,428","$548,428"
"R341027","R-16-3400-000A-0007","FRIEND, DAVID & LAURA","503 ARDEN CT ROUND ROCK, TX 78681-4401","503 ARDEN CT, ROUND ROCK, TX  78681","S5935 - Bluffs Of Oaklands, BLOCK A, Lot 7","Real","$502,661","$502,661"
"R341028","R-16-3400-000A-0008","COLE, PAMELA L & PETER C","3721 ASPEN CREEK PKWY  AUSTIN, TX 78749","501 ARDEN CT, ROUND ROCK, TX  78681","S5935 - Bluffs Of Oaklands, BLOCK A, Lot 8","Real","$507,633","$507,633"
"R341036","R-16-3400-000A-0010","MOMAN JOHN & TONI L","1701 JOHNSON WAY ROUND ROCK, TX 78681-4400","1701 JOHNSON WAY, ROUND ROCK, TX  78681","S5935 - Bluffs Of Oaklands, BLOCK A, Lot 10","Real","$573,668","$573,668"
"R341037","R-16-3400-000A-0011","KORGEL, PILAR MELENDEZ","1700 JOHNSON WAY  ROUND ROCK, TX 78681-4400","1700 JOHNSON WAY, ROUND ROCK, TX  78681","S5935 - Bluffs Of Oaklands, BLOCK A, Lot 11","Real","$574,481","$574,481"
"R341038","R-16-3400-000A-0012","ALBEE, WILLIAM G, JR","1702 JOHNSON WAY  ROUND ROCK, TX 78681-4400","1702 JOHNSON WAY, ROUND ROCK, TX  78681","S5935 - Bluffs Of Oaklands, BLOCK A, Lot 12","Real","$479,382","$479,382"
"R341039","R-16-3400-000A-0013","COLE, BRENT","1704 JOHNSON WAY  ROUND ROCK, TX 78681","1704 JOHNSON WAY, ROUND ROCK, TX  78681","S5935 - Bluffs Of Oaklands, BLOCK A, Lot 13","Real","$552,262","$552,262"
"R341040","R-16-3400-000A-0014","PIERCE, DEETTA KATHLEEN","1800 JOHNSON WAY  ROUND ROCK, TX 78681","1800 JOHNSON WAY, ROUND ROCK, TX  78681","S5935 - Bluffs Of Oaklands, BLOCK A, Lot 14","Real","$557,476","$557,476"
"R341041","R-16-3400-000A-0015","HART, KIMBERLEY M & DONALD E JR","1802 JOHNSON WAY  ROUND ROCK, TX 78681","1802 JOHNSON WAY, ROUND ROCK, TX  78681","S5935 - Bluffs Of Oaklands, BLOCK A, Lot 15","Real","$553,330","$553,330"
"R341042","R-16-3400-000A-0016","CRIPE DANIEL N & KAREN E","1804 JOHNSON WAY  ROUND ROCK, TX 78681-4064","1804 JOHNSON WAY, ROUND ROCK, TX  78681","S5935 - Bluffs Of Oaklands, BLOCK A, Lot 16","Real","$426,380","$426,380"
"R341181","R-16-3400-000A-0000","CITY OF ROUND ROCK","221 MAIN ST  ROUND ROCK, TX 78664-5299","SAM BASS RD, ROUND ROCK, TX  78681","S5935 - Bluffs Of Oaklands, BLOCK A, ACRES 1.395, (PARKLAND)","Real","$419","$419"
"R344090","R-16-4824-000H-0001","ZAYOUR, MIKE & LEMIRA","2124 PARK PLACE CIR  ROUND ROCK, TX 78681-3908","500 OAKWOOD BLVD, ROUND ROCK, TX  78681","S5920 - Oaklands Sec 2 Amd Revised (amd Lts 64-90, Blk H), BLOCK H, Lot 1","Real","$441,151","$441,151"
"R344096","R-16-4824-000H-0002","HERNANDEZ, ANTHONY P & LUCILLE","502 OAKWOOD BLVD  ROUND ROCK, TX 78681","502 OAKWOOD BLVD, ROUND ROCK, TX  78681","S5920 - Oaklands Sec 2 Amd Revised (amd Lts 64-90, Blk H), BLOCK H, Lot 2","Real","$390,249","$390,249"
"R344098","R-16-4824-000H-0003","JOSHI NARENDRA & KETKI MARATHE","33114 LAKE GARRISON ST FREMONT, CA 94555-1222","504 OAKWOOD BLVD, ROUND ROCK, TX  78681","S5920 - Oaklands Sec 2 Amd Revised (amd Lts 64-90, Blk H), BLOCK H, Lot 3","Real","$457,090","$457,090"
"R344132","R-16-4824-000H-0004","SPELLS, DANIEL L & DORCAS J MOORE","506 OAKWOOD BLVD ROUND ROCK, TX 78681-4404","506 OAKWOOD BLVD, ROUND ROCK, TX  78681","S5920 - Oaklands Sec 2 Amd Revised (amd Lts 64-90, Blk H), BLOCK H, Lot 4","Real","$419,198","$419,198"
"R344133","R-16-4824-000H-0005","BUSCHE DAVID CLAY & BUSCHE ELLEN SILVER CO-TRUSTEES OF BUSCHE REVOCABLE TRUST","508 OAKWOOD BLVD  ROUND ROCK, TX 78681","508 OAKWOOD BLVD, ROUND ROCK, TX  78681","S5920 - Oaklands Sec 2 Amd Revised (amd Lts 64-90, Blk H), BLOCK H, Lot 5","Real","$508,625","$508,625"
"R344134","R-16-4824-000H-0006","RICE, WHITNEY F & TREVOR R","510 OAKWOOD BLVD  ROUND ROCK, TX 78681-4404","510 OAKWOOD BLVD, ROUND ROCK, TX  78681","S5920 - Oaklands Sec 2 Amd Revised (amd Lts 64-90, Blk H), BLOCK H, Lot 6","Real","$415,784","$415,784"
"R344135","R-16-4824-000H-0007","MALLORY, CHARLES W & ELIZABETH J","512 OAKWOOD BLVD ROUND ROCK, TX 78681-4404","512 OAKWOOD BLVD, ROUND ROCK, TX  78681","S5920 - Oaklands Sec 2 Amd Revised (amd Lts 64-90, Blk H), BLOCK H, Lot 7","Real","$522,633","$522,633"
"R344136","R-16-4824-000H-0008","BOKOBZA, AVIEM & NOY","514 OAKWOOD BLVD  ROUND ROCK, TX 78681-4404","514 OAKWOOD BLVD, ROUND ROCK, TX  78681","S5920 - Oaklands Sec 2 Amd Revised (amd Lts 64-90, Blk H), BLOCK H, Lot 8","Real","$516,004","$516,004"
"R344137","R-16-4824-000H-0009","LAYNE, RYAN D","516 OAKWOOD BLVD  ROUND ROCK, TX 78681-4404","516 OAKWOOD BLVD, ROUND ROCK, TX  78681","S5920 - Oaklands Sec 2 Amd Revised (amd Lts 64-90, Blk H), BLOCK H, Lot 9","Real","$510,683","$510,683"
"R344138","R-16-4824-000H-0010","ELLIS, MICHAEL C & REBECCA L","518 OAKWOOD BLVD ROUND ROCK, TX 78681-4404","518 OAKWOOD BLVD, ROUND ROCK, TX  78681","S6188 - Oaklands Sec 2 Revised Amended Blk H Lts 64-90 (repl, BLOCK H, Lot 10","Real","$490,926","$490,926"
"R344139","R-16-4824-000H-0011","VANARTSDALEN, JAMES","500 OAKWOOD BLVD  ROUND ROCK, TX 78681-4404","520 OAKWOOD BLVD, ROUND ROCK, TX  78681","S6188 - Oaklands Sec 2 Revised Amended Blk H Lts 64-90 (repl, BLOCK H, Lot 11","Real","$525,444","$525,444"
"R344140","R-16-4824-000H-0012","VANARTSDALEN, JAMES","500 OAKWOOD BLVD  ROUND ROCK, TX 78681-4404","522 OAKWOOD BLVD, ROUND ROCK, TX  78681","S6188 - Oaklands Sec 2 Revised Amended Blk H Lts 64-90 (repl, BLOCK H, Lot 12","Real","$114,000","$114,000"
"R351976","R-16-4824-000H-00CA-1","REGENCY PROPERTIES INC","PO BOX 170958 AUSTIN, TX 78717-0038","602 OAK PARK DR, ROUND ROCK, TX  78681","S6188 - Oaklands Sec 2 Revised Amended Blk H Lts 64-90 (repl, BLOCK H, Lot CA-1, ACRES 0.7429, (ROW EASEMENT)","Real","$223","$223"
"R392537","R-16-4821-000A-0000A","OAKLAND OWNERS ASSOC INC THE","c/o GOODWIN MANAGEMENT, INC PO BOX 203310 AUSTIN, TX 78720-3310","1915 SPRINGWATER DR, ROUND ROCK, TX  78681","S4293 - Oaklands The Sec 1-a, BLOCK A, ACRES 0.103, (DRAINAGE EASEMENT)","Real","$300","$300"
"R392538","R-16-4821-000A-0000B","OAKLAND OWNERS ASSOC INC THE","c/o GOODWIN MANAGEMENT, INC PO BOX 203310 AUSTIN, TX 78720-3310","SPRINGWATER DR, ROUND ROCK, TX  78681","S4293 - Oaklands The Sec 1-a, BLOCK A, ACRES 0.124, (DRAINAGE EASEMENT)","Real","$300","$300"
"R392539","R-16-4821-000B-0000A","OAKLAND OWNERS ASSOC INC THE","c/o GOODWIN MANAGEMENT, INC PO BOX 203310 AUSTIN, TX 78720-3310","1808 SPRINGWATER DR, ROUND ROCK, TX  78681","S4293 - Oaklands The Sec 1-a, BLOCK B, ACRES 0.5858, (DRAINAGE EASEMENT)","Real","$300","$300"
"R392540","R-16-4821-000F-0000A","OAKLAND OWNERS ASSOC INC THE","c/o GOODWIN MANAGEMENT, INC PO BOX 203310 AUSTIN, TX 78720-3310","OAKLANDS DR, ROUND ROCK, TX  78681","S4293 - Oaklands The Sec 1-a, BLOCK F, ACRES 0.083, (DRAINAGE EASEMENT)","Real","$300","$300"
"R392541","R-16-4821-000F-0000B","OAKLAND OWNERS ASSOC INC THE","c/o GOODWIN MANAGEMENT, INC PO BOX 203310 AUSTIN, TX 78720-3310","608 OAKLANDS DR, ROUND ROCK, TX  78681","S4293 - Oaklands The Sec 1-a, BLOCK F, ACRES 0.083, (DRAINAGE EASEMENT)","Real","$300","$300"
"R392542","R-16-4821-000H-0000A","OAKLAND OWNERS ASSOC INC THE","c/o GOODWIN MANAGEMENT, INC PO BOX 203310 AUSTIN, TX 78720-3310","609 OAKLANDS DR, ROUND ROCK, TX  78681","S4293 - Oaklands The Sec 1-a, BLOCK H, ACRES 0.414, (DRAINAGE EASEMENT)","Real","$300","$300"
"R392543","R-16-4821-000H-0000B","OAKLAND OWNERS ASSOC INC THE","c/o GOODWIN MANAGEMENT, INC PO BOX 203310 AUSTIN, TX 78720-3310","OAKLANDS DR, ROUND ROCK, TX  78681","S4293 - Oaklands The Sec 1-a, BLOCK H, ACRES 0.081, (DRAINAGE EASEMENT)","Real","$300","$300"
"R392544","R-16-4821-000C-0000A","OAKLAND OWNERS ASSOC INC THE","c/o GOODWIN MANAGEMENT, INC PO BOX 203310 AUSTIN, TX 78720-3310","822 BLUE SPRING CIR, ROUND ROCK, TX  78681","S4294 - Oaklands The Sec 1-b, BLOCK C, ACRES 0.488, (DRAINAGE EASEMENT)","Real","$300","$300"
"R392545","R-16-4821-000H-0000C","OAKLAND OWNERS ASSOC INC THE","c/o GOODWIN MANAGEMENT, INC PO BOX 203310 AUSTIN, TX 78720-3310","BLUE SPRING CIR, ROUND ROCK, TX  78681","S4294 - Oaklands The Sec 1-b, BLOCK H, ACRES 0.084, (DRAINAGE EASEMENT)","Real","$300","$300"
"R392546","R-16-4821-000H-0000D","OAKLAND OWNERS ASSOC INC THE","c/o GOODWIN MANAGEMENT, INC PO BOX 203310 AUSTIN, TX 78720-3310","BLUE SPRING CIR, ROUND ROCK, TX  78681","S4294 - Oaklands The Sec 1-b, BLOCK H, ACRES 0.078, (DRAINAGE EASEMENT)","Real","$300","$300"
"R392547","R-16-4821-000H-0000E","OAKLAND OWNERS ASSOC INC THE","c/o GOODWIN MANAGEMENT, INC PO BOX 203310 AUSTIN, TX 78720-3310","BLUE SPRING CIR, ROUND ROCK, TX  78681","S4294 - Oaklands The Sec 1-b, BLOCK H, ACRES 0.074, (DRAINAGE EASEMENT)","Real","$300","$300"
