"PROPERTY ID","ACCOUNT","OWNER NAME","OWNER ADDRESS","SITUS ADDRESS","LEGAL DESCRIPTION","NEIGHBORHOOD CODE","ABSTRACT","SUBDIVISION","PROPERTY TYPE","2026 ASSESSED VALUE","2026 MARKET VALUE"
"R497892","R-16-4939-0000-0000","PARMER VILLAGE CONDOMINIUMS"," ","PARMER LN, AUSTIN, TX  78729","CONDO REFERENCE ONLY - C760 - PARMER VILLAGE CONDO, 60.633 ACRES, COMMON INT, (REF)","R369O"," "," ","Real","$22,770,000","$22,770,000"
"R497893","R-16-4939-0000-0000M","PARMER VILLAGE CONDOMINIUMS"," ","PARMER LN, AUSTIN, TX  78729","CONDO REFERENCE ONLY - C760 - PARMER VILLAGE CONDO, 14.267 ACRE, COMMON INT (M15), {R497892/NON-M15}, (REF), (DEL12 TO R497892)","R369O"," "," ","Real","$0","$0"
"R497900","R-16-4939-0000-00UD","CONTINENTAL HOMES OF TEXAS LP","10700 PECAN PARK BLVD FOURTH FLOOR STE 400 AUSTIN, TX 78750-1227","PARMER LN, AUSTIN, TX  78729","C760 - PARMER VILLAGE CONDO, 26.60% COMMON AREA INTEREST, 100 UNITS (RESERVE TO CREATE), [TU Pcts], (DEL16)","R369O"," "," ","Real","$2,127,606","$2,127,606"
"R497901","R-16-4939-0000-00UDM","CONTINENTAL HOMES OF TEXAS LP","10700 PECAN PARK BLVD FOURTH FLOOR STE 400 AUSTIN, TX 78750-1227","PARMER LN, AUSTIN, TX  78729","C760 - PARMER VILLAGE CONDO, 59.318% COMMON AREA INTEREST, 223 UNITS (RESERVE TO CREATE), {R497900/NON-M15}, (DEL12 to R497900)","R369O"," "," ","Real","$648,814","$648,814"
"R497906","R-16-4939-0000-0224","TRESCH, TRAVIS","13613 PINE WARBLER DR  AUSTIN, TX 78729-8083","13613 PINE WARBLER DR, AUSTIN, TX  78729","C760 - PARMER VILLAGE CONDO, UNIT 224, 0.362% COMMON AREA INTEREST, (PH 1), [TU Pcts]","R369O"," "," ","Real","$356,632","$356,632"
"R497907","R-16-4939-0000-0225","BLOUNT, KYLE & AUDREY","13617 PINE WARBLER DR  AUSTIN, TX 78729-8083","13617 PINE WARBLER DR, AUSTIN, TX  78729","C760 - PARMER VILLAGE CONDO, UNIT 225, 0.362% COMMON AREA INTEREST, (PH 1), [TU Pcts]","R369O"," "," ","Real","$410,885","$410,885"
"R497908","R-16-4939-0000-0226","WANG, XIANG","8624 HARRIER DR  #UNIT 226 AUSTIN, TX 78729","8624 HARRIER DR, AUSTIN, TX  78729","C760 - PARMER VILLAGE CONDO, UNIT 226, 0.362% COMMON AREA INTEREST, (PH 1), [TU Pcts]","R369O"," "," ","Real","$462,040","$462,040"
"R497909","R-16-4939-0000-0227","SAULMAN, GERALD EUGENE, II","8620 HARRIER DR AUSTIN, TX 78729-8082","8620 HARRIER DR, AUSTIN, TX  78729","C760 - PARMER VILLAGE CONDO, UNIT 227, 0.362% COMMON AREA INTEREST, (PH 1), [TU Pcts]","R369O"," "," ","Real","$370,891","$370,891"
"R497910","R-16-4939-0000-0228","ZHANG, YANDONG","8217 FOUNTAIN SPRINGS DR  PLANO, TX 75025","8616 HARRIER DR, AUSTIN, TX  78729","C760 - PARMER VILLAGE CONDO, UNIT 228, 0.362% COMMON AREA INTEREST, (PH 1), [TU Pcts]","R369O"," "," ","Real","$356,632","$356,632"
"R497911","R-16-4939-0000-0229","ZHANG, YANDONG","8217 FOUNTAIN SPRINGS DR  PLANO, TX 75025","8612 HARRIER DR, AUSTIN, TX  78729","C760 - PARMER VILLAGE CONDO, UNIT 229, 0.362% COMMON AREA INTEREST, (PH 1), [TU Pcts]","R369O"," "," ","Real","$394,897","$394,897"
"R497912","R-16-4939-0000-0230","VEMBUNARAYANAN, JANARDHANAN & SHARMILLA DEVI JANARDHANAN","617 MADRONE AVE SUNNYVALE, CA 94085-3040","8608 HARRIER DR, AUSTIN, TX  78729","C760 - PARMER VILLAGE CONDO, UNIT 230, 0.362% COMMON AREA INTEREST, (PH 1), [TU Pcts]","R369O"," "," ","Real","$392,597","$392,597"
"R497913","R-16-4939-0000-0224M","WILFRED, LAUREN & PRESTON ALLEN","13613 PINE WARBLER DR  AUSTIN, TX 78729","13613 PINE WARBLER DR, AUSTIN, TX  78729","S9727 - PARMER VILLAGE CONDO, (PH 1), UNIT 224, .266% COMMON INT, {R497906/NON-M15}, (DEL12 to R497906)","R369O"," ","S9727 - PARMER VILLAGE CONDO","Real","$2,909","$2,909"
"R497914","R-16-4939-0000-0225M","CARYA LLC","4000 FM 971  GEORGETOWN, TX 78626-4433","13617 PINE WARBLER DR, AUSTIN, TX  78729","S9727 - PARMER VILLAGE CONDO, (PH 1), UNIT 225, .266% COMMON INT, {R497907/NON-M15}, (DEL12 to R497907)","R369O"," ","S9727 - PARMER VILLAGE CONDO","Real","$160,594","$160,594"
"R497915","R-16-4939-0000-0226M","GARREFFA, TABITHA A","7607 VELVET ANTLER TRL  ARLINGTON, TX 76002-4325","8624 HARRIER DR, AUSTIN, TX  78729","S9727 - PARMER VILLAGE CONDO, (PH 1), UNIT 226, .266% COMMON INT, {R497908/NON-M15}, (DEL12 to R497908)","R369O"," ","S9727 - PARMER VILLAGE CONDO","Real","$230,580","$230,580"
"R497916","R-16-4939-0000-0227M","SAULMAN, GERALD EUGENE, II","8620 HARRIER DR AUSTIN, TX 78729-8082","8620 HARRIER DR, AUSTIN, TX  78729","S9727 - PARMER VILLAGE CONDO, (PH 1), UNIT 227, .266% COMMON INT, {R497909/NON-M15}, (DEL12 to R497909)","R369O"," ","S9727 - PARMER VILLAGE CONDO","Real","$182,331","$182,331"
"R497917","R-16-4939-0000-0228M","JOHNSON, PHILIPS W, Jr","801 W 5TH ST  #APT 2704 AUSTIN, TX 78703-5464","8616 HARRIER DR, AUSTIN, TX  78729","S9727 - PARMER VILLAGE CONDO, (PH 1), UNIT 228, .266% COMMON INT, {R497910/NON-M15}, (DEL12 to R497910)","R369O"," ","S9727 - PARMER VILLAGE CONDO","Real","$172,133","$172,133"
"R497918","R-16-4939-0000-0229M","KREIGER, SHANNON","8612 HARRIER DR   229 AUSTIN, TX 78729","8612 HARRIER DR, AUSTIN, TX  78729","S9727 - PARMER VILLAGE CONDO, (PH 1), UNIT 229, .266% COMMON INT, {R497911/NON-M15}, (DEL12 to R497911)","R369O"," ","S9727 - PARMER VILLAGE CONDO","Real","$197,852","$197,852"
"R497919","R-16-4939-0000-0230M","OLINGER, LAUREN & JULIO ACOSTA","8608 HARRIER DR  AUSTIN, TX 78729","8608 HARRIER DR, AUSTIN, TX  78729","S9727 - PARMER VILLAGE CONDO, (PH 1), UNIT 230, .266% COMMON INT, {R497912/NON-M15}, (DEL12 to R497912)","R369O"," ","S9727 - PARMER VILLAGE CONDO","Real","$195,976","$195,976"
"R497921","R-16-4939-0000-0101","FELDER, MARGARET E","13624 OYSTERCATCHER DR AUSTIN, TX 78729-8076","13624 OYSTERCATCHER DR, AUSTIN, TX  78729","C760 - PARMER VILLAGE CONDO, UNIT 101, 0.362% COMMON AREA INTEREST, (PH 2), [TU Pcts]","R369O"," "," ","Real","$356,632","$356,632"
"R497922","R-16-4939-0000-0205","GANWANI, NISHA & GIORGIO PELLEGRINI FLORES","2309 FARRINGTON CT  CEDAR PARK, TX 78613-1623","8613 ROCK PIGEON DR, AUSTIN, TX  78729","C760 - PARMER VILLAGE CONDO, UNIT 205, 0.362% COMMON AREA INTEREST, (PH 2), [TU Pcts]","R369O"," "," ","Real","$356,632","$356,632"
"R497923","R-16-4939-0000-0214","ZHANG, FAN","8128 OSBORNE DR  AUSTIN, TX 78729","13617 OYSTERCATCHER DR, AUSTIN, TX  78729","C760 - PARMER VILLAGE CONDO, UNIT 214, 0.362% COMMON AREA INTEREST, (PH 2), [TU Pcts]","R369O"," "," ","Real","$356,632","$356,632"
"R497924","R-16-4939-0000-0216","WEST JARED J & CHRISTIAN EDGARDO CRUZ","10224 FOSSMOOR ST  AUSTIN, TX 78717-3822","8644 HARRIER DR, AUSTIN, TX  78729","C760 - PARMER VILLAGE CONDO, UNIT 216, 0.362% COMMON AREA INTEREST, (PH 2), [TU Pcts]","R369O"," "," ","Real","$422,675","$422,675"
"R497925","R-16-4939-0000-0223","CHAN, JESSEY TING & BING WONG","130 GELLERT DR  SAN FRANCISCO, CA 94132","13609 PINE WARBLER DR, AUSTIN, TX  78729","C760 - PARMER VILLAGE CONDO, UNIT 223, 0.362% COMMON AREA INTEREST, (PH 2), [TU Pcts]","R369O"," "," ","Real","$394,897","$394,897"
"R497926","R-16-4939-0000-0101M","FELDER, MARGARET E","13624 OYSTERCATCHER DR AUSTIN, TX 78729-8076","13624 OYSTERCATCHER DR, AUSTIN, TX  78729","C760 - PARMER VILLAGE CONDO, UNIT 101, 0.226% COMMON AREA INTEREST, (PH 2), {R497921/NON-M15}, (DEL12 to R497921)","R369O"," "," ","Real","$172,133","$172,133"
"R497927","R-16-4939-0000-0205M","CHARPING, ERIC","8613 ROCK PIGEON DR AUSTIN, TX 78729-8086","8613 ROCK PIGEON DR, AUSTIN, TX  78729","C760 - PARMER VILLAGE CONDO, UNIT 205, 0.266% COMMON AREA INTEREST, (PH 2), {R497922/NON-M15}, (DEL12 to R497922)","R369O"," "," ","Real","$0","$0"
"R497928","R-16-4939-0000-0214M","SANDOVAL, JOHN","13617 OYSTERCATCHER DR AUSTIN, TX 78729-8076","13617 OYSTERCATCHER DR, AUSTIN, TX  78729","S9727 - PARMER VILLAGE CONDO, (PH 2), UNIT 214, .266% COMMON INT, {R497923/NON-M15}, (DEL12 to R497923)","R369O"," ","S9727 - PARMER VILLAGE CONDO","Real","$2,909","$2,909"
"R497929","R-16-4939-0000-0216M","SHARP-BUCKLEY, OLANDA","11900 JOLLYVILLE RD  #UNIT 204149 AUSTIN, TX 78720-5167","8644 HARRIER DR, AUSTIN, TX  78729","S9727 - PARMER VILLAGE CONDO, (PH 2), UNIT 216, .266% COMMON INT, {R497924/NON-M15}, (DEL12 to R497924)","R369O"," ","S9727 - PARMER VILLAGE CONDO","Real","$208,700","$208,700"
"R497930","R-16-4939-0000-0223M","BATRICE, KIMBERLY & PAUL","9500 ALTONA WAY  AUSTIN, TX 78717-4593","13609 PINE WARBLER DR, AUSTIN, TX  78729","S9727 - PARMER VILLAGE CONDO, (PH 2), UNIT 223, .266% COMMON INT, {R497925/NON-M15}, (DEL12 to R497925)","R369O"," ","S9727 - PARMER VILLAGE CONDO","Real","$2,909","$2,909"
"R499024","R-16-4939-0000-0103","SHAN, SHAN","13616 OYSTERCATCHER DR  AUSTIN, TX 78729","13616 OYSTERCATCHER DR, AUSTIN, TX  78729","C760 - PARMER VILLAGE CONDO, UNIT 103, 0.362% COMMON AREA INTEREST, (PH 3), [TU Pcts]","R369O"," "," ","Real","$370,891","$370,891"
"R499025","R-16-4939-0000-0196","NIEDERMYER, JERROD & ANGELA","8720 WOOD STORK DR  AUSTIN, TX 78729","8720 WOOD STORK DR, AUSTIN, TX  78729","C760 - PARMER VILLAGE CONDO, UNIT 196, 0.362% COMMON AREA INTEREST, (PH 3), [TU Pcts]","R369O"," "," ","Real","$401,698","$401,698"
"R499026","R-16-4939-0000-0211","LAMPKIN, ZACHARY W","8809 WOOD STORK DR  AUSTIN, TX 78729","8809 WOOD STORK DR, AUSTIN, TX  78729","C760 - PARMER VILLAGE CONDO, UNIT 211, 0.362% COMMON AREA INTEREST, (PH 3), UNIT 211, .362% COMMON INT, [TU Pcts]","R369O"," "," ","Real","$392,597","$392,597"
"R499027","R-16-4939-0000-0215","BHAMIDIPATI KISHORE & SIRISHA AYYAGARI TR OF AYYAGARI-BHAMIDIPATI FAMILY TRUST","610 MYSTIC LN  FOSTER CITY, CA 94404","13621 OYSTERCATCHER DR, AUSTIN, TX  78729","C760 - PARMER VILLAGE CONDO, UNIT 215, 0.362% COMMON AREA INTEREST, (PH 3), [TU Pcts]","R369O"," "," ","Real","$410,885","$410,885"
"R499028","R-16-4939-0000-0220","DOMINGUEZ, CARLOS AQUILES & DANA MARTINEZ ARROYO","13616 PINE WARBLER DR  #UNIT 220 AUSTIN, TX 78729","13616 PINE WARBLER DR, AUSTIN, TX  78729","C760 - PARMER VILLAGE CONDO, UNIT 220, 0.362% COMMON AREA INTEREST, (PH 3), [TU Pcts]","R369O"," "," ","Real","$394,897","$394,897"
"R499029","R-16-4939-0000-0103M","RHODES, MARK","13616 OYSTERCATCHER DR  AUSTIN, TX 78729","13616 OYSTERCATCHER DR, AUSTIN, TX  78729","C760 - PARMER VILLAGE CONDO, UNIT 103, 0.266% COMMON AREA INTEREST, (PH 3), (1%UDIHS), {R499024/NON-M15}, (DEL12 to R499024)","R369O"," "," ","Real","$1,918","$1,918"
"R499030","R-16-4939-0000-0196M","NORMAND, ADRIENNE","8720 WOOD STORK DR AUSTIN, TX 78729-8087","8720 WOOD STORK DR, AUSTIN, TX  78729","C760 - PARMER VILLAGE CONDO, UNIT 196, 0.266% COMMON AREA INTEREST, (PH 3), {R499025/NON-M15}, (DEL12 to R499025)","R369O"," "," ","Real","$2,909","$2,909"
"R499031","R-16-4939-0000-0211M","LAMPKIN, ZACHARY W","8809 WOOD STORK DR  AUSTIN, TX 78729","8809 WOOD STORK DR, AUSTIN, TX  78729","C760 - PARMER VILLAGE CONDO, UNIT 211, 0.266% COMMON AREA INTEREST, (PH 3), {R499026/NON-M15}, (DEL12 to R499026)","R369O"," "," ","Real","$0","$0"
"R499032","R-16-4939-0000-0215M","SNODGRASS, DAVID HEATH & RUTH ANN","13621 OYSTERCATCHER DR  AUSTIN, TX 78729","13621 OYSTERCATCHER DR, AUSTIN, TX  78729","S9727 - PARMER VILLAGE CONDO, (PH 3), UNIT 215, .266% COMMON INT, {R499027/NON-M15}, (DEL12 to R499027)","R369O"," ","S9727 - PARMER VILLAGE CONDO","Real","$110,694","$110,694"
"R499033","R-16-4939-0000-0220M","HARNER, JENNA","13616 PINE WARBLER DR AUSTIN, TX 78729-8083","13616 PINE WARBLER DR, AUSTIN, TX  78729","S9727 - PARMER VILLAGE CONDO, (PH 3), UNIT 220, .266% COMMON INT, (52%UDIHS), {R499028/NON-M15}, (DEL12 to R499028)","R369O"," ","S9727 - PARMER VILLAGE CONDO","Real","$107,799","$107,799"
"R500126","R-16-4939-0000-0102","BIAS, ASHLEY","13620 OYSTERCATCHER DR  AUSTIN, TX 78729","13620 OYSTERCATCHER DR, AUSTIN, TX  78729","C760 - PARMER VILLAGE CONDO, UNIT 102, 0.362% COMMON AREA INTEREST, (PH 4), [TU Pcts]","R369O"," "," ","Real","$345,684","$345,684"
"R500127","R-16-4939-0000-0104","SONG, JAE-HO","13612 OYSTERCATCHER DR  AUSTIN, TX 78729","13612 OYSTERCATCHER DR, AUSTIN, TX  78729","C760 - PARMER VILLAGE CONDO, UNIT 104, 0.362% COMMON AREA INTEREST, (PH 4), [TU Pcts]","R369O"," "," ","Real","$356,632","$356,632"
"R500128","R-16-4939-0000-0105","VALDES-CHAVARRIA, GUSTAVO & JULIANA P BRANDAO","11625 YEADON WAY  AUSTIN, TX 78717-4982","13608 OYSTERCATCHER DR, AUSTIN, TX  78729","C760 - PARMER VILLAGE CONDO, UNIT 105, 0.362% COMMON AREA INTEREST, (PH 4), [TU Pcts]","R369O"," "," ","Real","$345,684","$345,684"
"R500129","R-16-4939-0000-0177","PARK, CHEULJAE & SANG IN LEE","8713 BLACKVIREO DR  AUSTIN, TX 78729-8079","8713 BLACK VIREO DR, AUSTIN, TX  78729","C760 - PARMER VILLAGE CONDO, UNIT 177, 0.362% COMMON AREA INTEREST, (PH 4), [TU Pcts]","R369O"," "," ","Real","$468,947","$468,947"
"R500130","R-16-4939-0000-0187","INGRAM, BRIAN KEITH & JULIA","13525 OYSTERCATCHER DR AUSTIN, TX 78729-8080","13525 OYSTERCATCHER DR, AUSTIN, TX  78729","C760 - PARMER VILLAGE CONDO, UNIT 187, 0.362% COMMON AREA INTEREST, (PH 4), [TU Pcts]","R369O"," "," ","Real","$462,056","$462,056"
"R500131","R-16-4939-0000-0102M","EMERY, MICHAEL & GRETTA GAMEZ","15408 IVEANS WAY  AUSTIN, TX 78717","13620 OYSTERCATCHER DR, AUSTIN, TX  78729","C760 - PARMER VILLAGE CONDO, UNIT 102, 0.266% COMMON AREA INTEREST, (PH 4),  (73%UDIHS), {R500126/NON-M15}, (DEL12 to R500126)","R369O"," "," ","Real","$128,388","$128,388"
"R500132","R-16-4939-0000-0104M","GONZALEZ, IVAN & ANAIS GRACIELA RIVERA","13612 OYSTERCATCHER DR  AUSTIN, TX 78729","13612 OYSTERCATCHER DR, AUSTIN, TX  78729","C760 - PARMER VILLAGE CONDO, UNIT 104, 0.266% COMMON AREA INTEREST, (PH 4), {R500127/NON-M15}, (DEL12 to R500127)","R369O"," "," ","Real","$2,909","$2,909"
"R500133","R-16-4939-0000-0105M","VALDES-CHAVARRIA, GUSTAVO & JULIANA P BRANDAO","11625 YEADON WAY  AUSTIN, TX 78717-4982","13608 OYSTERCATCHER DR, AUSTIN, TX  78729","C760 - PARMER VILLAGE CONDO, UNIT 105, 0.266% COMMON AREA INTEREST, (PH 4), (2%UDIHS), {R500128/NON-M15}, (DEL12 to R500128)","R369O"," "," ","Real","$3,517","$3,517"
"R500134","R-16-4939-0000-0177M","RICE, GRANT G III & MARIANNE","8713 BLACK VIREO DR  AUSTIN, TX 78729","8713 BLACK VIREO DR, AUSTIN, TX  78729","C760 - PARMER VILLAGE CONDO, UNIT 177, 0.266% COMMON AREA INTEREST, (PH 4), {R500129/NON-M15}, (DEL12 to R500129)","R369O"," "," ","Real","$2,909","$2,909"
"R500135","R-16-4939-0000-0187M","INGRAM, BRIAN KEITH & JULIA","13525 OYSTERCATCHER DR AUSTIN, TX 78729-8080","13525 OYSTERCATCHER DR, AUSTIN, TX  78729","C760 - PARMER VILLAGE CONDO, UNIT 187, 0.266% COMMON AREA INTEREST, (PH 4), {R500130/NON-M15}, (DEL12 to R500130)","R369O"," "," ","Real","$2,909","$2,909"
"R500957","R-16-4939-0000-0100","MITCHELL SFR LLC","2942 N 24TH ST  #STE 115 PHOENIX, AZ 85016","13628 OYSTERCATCHER DR, AUSTIN, TX  78729","C760 - PARMER VILLAGE CONDO, UNIT 100, 0.362% COMMON AREA INTEREST, (PH 5), [TU Pcts]","R369O"," "," ","Real","$370,891","$370,891"
"R500958","R-16-4939-0000-0174","KIM YOO INVESTMENTS LLC","15101 CALAVERAS DR  AUSTIN, TX 78717-4597","8701 BLACKVIREO DR, AUSTIN, TX  78729","C760 - PARMER VILLAGE CONDO, UNIT 174, 0.362% COMMON AREA INTEREST, (PH 5), [TU Pcts]","R369O"," "," ","Real","$423,668","$423,668"
"R500959","R-16-4939-0000-0219","EVERTON, CHRIS & CRAIG KOCAY","8632 HARRIER DR  #UNIT 219 AUSTIN, TX 78729","8632 HARRIER DR, UNIT #219, AUSTIN, TX  78729","C760 - PARMER VILLAGE CONDO, UNIT 219, 0.362% COMMON AREA INTEREST, (PH 5), [TU Pcts]","R369O"," "," ","Real","$410,885","$410,885"
"R500960","R-16-4939-0000-0107","MARU, SOHIL C & JUI SOHIL","13600 OYSTERCATCHER DR AUSTIN, TX 78729-8076","13600 OYSTERCATCHER DR, AUSTIN, TX  78729","C760 - PARMER VILLAGE CONDO, UNIT 107, 0.362% COMMON AREA INTEREST, (PH 6), [TU Pcts]","R369O"," "," ","Real","$370,891","$370,891"
"R500961","R-16-4939-0000-0113","LEE, AIKUO & YINGYING YU LEE","9215 MEMORIAL VALLEY DR  SPRING, TX 77379","13520 OYSTERCATCHER DR, AUSTIN, TX  78729","C760 - PARMER VILLAGE CONDO, UNIT 113, 0.362% COMMON AREA INTEREST, (PH 6), [TU Pcts]","R369O"," "," ","Real","$346,660","$346,660"
"R500962","R-16-4939-0000-0206","GOINS, MIRANDA J & PATRICK H","8725 WOOD STORK DR  AUSTIN, TX 78729","8725 WOOD STORK DR, AUSTIN, TX  78729","C760 - PARMER VILLAGE CONDO, UNIT 206, 0.362% COMMON AREA INTEREST, (PH 6), [TU Pcts]","R369O"," "," ","Real","$410,885","$410,885"
"R500963","R-16-4939-0000-0210","ESPARZA, NICHOLAS A","8805 WOOD STORK DR  AUSTIN, TX 78729-8088","8805 WOOD STORK DR, AUSTIN, TX  78729","C760 - PARMER VILLAGE CONDO, UNIT 210, 0.362% COMMON AREA INTEREST, (PH 6),  [TU Pcts]","R369O"," "," ","Real","$394,897","$394,897"
"R500964","R-16-4939-0000-0221","RAMESH, DILEEP & AKSHATHA SATHYANARAYAN","1166 MARASCHINO DR SUNNYVALE, CA 94087-2101","13612 PINE WARBLER DR, AUSTIN, TX  78729","C760 - PARMER VILLAGE CONDO, UNIT 221, 0.362% COMMON AREA INTEREST, (PH 6), [TU Pcts]","R369O"," "," ","Real","$410,885","$410,885"
"R500965","R-16-4939-0000-0190","SORENSEN, DAVID & TIFFANY","8804 WOOD STORK DR  AUSTIN, TX 78729","8804 WOOD STORK DR, AUSTIN, TX  78729","C760 - PARMER VILLAGE CONDO, UNIT 190, 0.362% COMMON AREA INTEREST, (PH 7), [TU Pcts]","R369O"," "," ","Real","$437,540","$437,540"
"R500966","R-16-4939-0000-0207","ABRS VENTURES LLC-WOOD STORK SERIES","3821 MATTIE ST  AUSTIN, TX 78723","8729 WOOD STORK DR, AUSTIN, TX  78729","C760 - PARMER VILLAGE CONDO, UNIT 207, 0.362% COMMON AREA INTEREST, (PH 7), [TU Pcts]","R369O"," "," ","Real","$356,632","$356,632"
"R500967","R-16-4939-0000-0208","YANG, ALBERT","8733 WOOD STORK DR  #UNIT 208 AUSTIN, TX 78729","8733 WOOD STORK DR, AUSTIN, TX  78729","C760 - PARMER VILLAGE CONDO, UNIT 208, 0.362% COMMON AREA INTEREST, (PH 7), [TU Pcts]","R369O"," "," ","Real","$394,897","$394,897"
"R500968","R-16-4939-0000-0217","AIKMAN, SETH T","8640 HARRIER DR  AUSTIN, TX 78729","8640 HARRIER DR, AUSTIN, TX  78729","C760 - PARMER VILLAGE CONDO, UNIT 217, 0.362% COMMON AREA INTEREST, (PH 7),  [TU Pcts]","R369O"," "," ","Real","$356,632","$356,632"
"R500969","R-16-4939-0000-0218","CANAANI, AVIV & LITAL","8636 HARRIER DR  #UNIT 218 AUSTIN, TX 78729","8636 HARRIER DR, AUSTIN, TX  78729","C760 - PARMER VILLAGE CONDO, UNIT 218, 0.362% COMMON AREA INTEREST, (PH 7), [TU Pcts]","R369O"," "," ","Real","$394,897","$394,897"
"R500970","R-16-4939-0000-0100M","LEMIEUX, PETER MICHAEL Jr & VICTORIA","13628 OYSTERCATCHER DR  AUSTIN, TX 78729","13628 OYSTERCATCHER DR, AUSTIN, TX  78729","C760 - PARMER VILLAGE CONDO, UNIT 100, 0.266% COMMON AREA INTEREST, (PH 5), {R500957/NON-M15}, (DEL12 to R500957)","R369O"," "," ","Real","$431,411","$438,116"
"R500971","R-16-4939-0000-0174M","CANO, ENRIQUE, Jr","8701 BLACKVIREO DR  AUSTIN, TX 78729","8701 BLACKVIREO DR, AUSTIN, TX  78729","C760 - PARMER VILLAGE CONDO, UNIT 174, 0.266% COMMON AREA INTEREST, (PH 5), {R500958/NON-M15}, (DEL12 to R500958)","R369O"," "," ","Real","$2,909","$2,909"
"R500972","R-16-4939-0000-0219M","SIMPSON, SHANE P","4175 ESTATE JUDITHS FANCY CHRISTIANSTED, VI 00820-4308","8632 HARRIER DR, AUSTIN, TX  78729","S9727 - PARMER VILLAGE CONDO, (PH 5), UNIT 219, .266% COMMON INT, {R500959/NON-M15}, (DEL12 to R500959)","R369O"," ","S9727 - PARMER VILLAGE CONDO","Real","$202,510","$202,510"
"R500973","R-16-4939-0000-0107M","TAYLOR, KIRBY WESLEY & CRISTEN","2512 PRESERVE TRL  CEDAR PARK, TX 78613","13600 OYSTERCATCHER DR, AUSTIN, TX  78729","C760 - PARMER VILLAGE CONDO, UNIT 107, 0.266% COMMON AREA INTEREST, (PH 6), {R500960/NON-M15}, (DEL12 to R500960)","R369O"," "," ","Real","$2,909","$2,909"
"R500974","R-16-4939-0000-0113M","SIMONETTA, ANTHONY J & TERESA A HAYES","13520 OYSTERCATCHER DR  AUSTIN, TX 78729","13520 OYSTERCATCHER DR, AUSTIN, TX  78729","C760 - PARMER VILLAGE CONDO, UNIT 113, 0.266% COMMON AREA INTEREST, (PH 6), {R500961/NON-M15}, (DEL12 to R500961)","R369O"," "," ","Real","$2,909","$2,909"
"R500975","R-16-4939-0000-0206M","FREEMAN, BRENT & GINA","2332 BELEN DR  LEANDER, TX 78641","8725 WOOD STORK DR, AUSTIN, TX  78729","C760 - PARMER VILLAGE CONDO, UNIT 206, 0.266% COMMON AREA INTEREST, (PH 6), {R500962/NON-M15}, (DEL12 to R500962)","R369O"," "," ","Real","$0","$0"
"R500976","R-16-4939-0000-0210M","LOQUERCIO, GIOACCHINO & GESINA A FELIX","8805 WOOD STORK DR AUSTIN, TX 78729-8088","8805 WOOD STORK DR, AUSTIN, TX  78729","C760 - PARMER VILLAGE CONDO, UNIT 210, 0.266% COMMON AREA INTEREST, (PH 6), (1%UDIHS), {R500963/NON-M15}, (DEL12 to R500963)","R369O"," "," ","Real","$4,605","$4,749"
"R500977","R-16-4939-0000-0221M","KRIEGEL, KYLE & JENNIFER","13612 PINE WARBLER DR  AUSTIN, TX 78729","13612 PINE WARBLER DR, AUSTIN, TX  78729","S9727 - PARMER VILLAGE CONDO, (PH 6), UNIT 221, .266% COMMON INT, {R500964/NON-M15}, (DEL12 to R500964)","R369O"," ","S9727 - PARMER VILLAGE CONDO","Real","$2,909","$2,909"
"R500978","R-16-4939-0000-0190M","COOK, RYAN & NATALIE","112 FAROLA CV  ROUND ROCK, TX 78681","8804 WOOD STORK DR, AUSTIN, TX  78729","C760 - PARMER VILLAGE CONDO, UNIT 190, 0.266% COMMON AREA INTEREST, (PH 7), {R500965/NON-M15}, (DEL12 to R500965)","R369O"," "," ","Real","$2,909","$2,909"
"R500979","R-16-4939-0000-0207M","REYES, ROSALYN","8729 WOOD STORK DR  AUSTIN, TX 78729","8729 WOOD STORK DR, AUSTIN, TX  78729","C760 - PARMER VILLAGE CONDO, UNIT 207, 0.266% COMMON AREA INTEREST, (PH 7), {R500966/NON-M15}, (DEL12 to R500966)","R369O"," "," ","Real","$0","$0"
"R500980","R-16-4939-0000-0208M","JOHNSON, MICHAEL S & EDA","8800 MARYBANK DR  AUSTIN, TX 78750-3562","8733 WOOD STORK DR, AUSTIN, TX  78729","C760 - PARMER VILLAGE CONDO, UNIT 208, 0.266% COMMON AREA INTEREST, (PH 7), {R500967/NON-M15}, (DEL12 to R500967)","R369O"," "," ","Real","$0","$0"
"R500981","R-16-4939-0000-0217M","AIKMAN, SETH T","8640 HARRIER DR  AUSTIN, TX 78729","8640 HARRIER DR, AUSTIN, TX  78729","S9727 - PARMER VILLAGE CONDO, (PH 7), UNIT 217, .266% COMMON INT, {R500968/NON-M15}, (DEL12 to R500968)","R369O"," ","S9727 - PARMER VILLAGE CONDO","Real","$172,133","$172,133"
"R500982","R-16-4939-0000-0218M","HILFERTY, LYNN","8636 HARRIER DR AUSTIN, TX 78729-8082","8636 HARRIER DR, AUSTIN, TX  78729","S9727 - PARMER VILLAGE CONDO, (PH 7), UNIT 218, .266% COMMON INT, {R500969/NON-M15}, (DEL12 to R500969)","R369O"," ","S9727 - PARMER VILLAGE CONDO","Real","$197,852","$197,852"
"R501019","R-16-4939-0000-0233","KANG, SUNG-TAEG & JIHYUN UM","815 ALTAIRE WALK  PALO ALTO, CA 94303","8528 HARRIER DR, AUSTIN, TX  78729","C760 - PARMER VILLAGE CONDO, UNIT 233, 0.362% COMMON AREA INTEREST, (PH 10), [TU Pcts]","R369O"," "," ","Real","$394,897","$394,897"
"R501020","R-16-4939-0000-0234","GREY ROSE PROPERTIES LLC","8029 MULEY DR  AUSTIN, TX 78759","8524 HARRIER DR, AUSTIN, TX  78729","C760 - PARMER VILLAGE CONDO, UNIT 234, 0.362% COMMON AREA INTEREST, (PH 10), [TU Pcts]","R369O"," "," ","Real","$356,632","$356,632"
"R501021","R-16-4939-0000-0233M","CONTINENTAL HOMES OF TEXAS LP","10700 PECAN PARK BLVD FOURTH FLOOR STE 400 AUSTIN, TX 78750-1227","8528 HARRIER DR, AUSTIN, TX  78729","S9727 - PARMER VILLAGE CONDO, (PH 10), UNIT 233, .266% COMMON INT, {R501019/NON-M15}, (Model Home), (DEL12 to R501019)","R369O"," ","S9727 - PARMER VILLAGE CONDO","Real","$197,852","$197,852"
"R501022","R-16-4939-0000-0234M","CONTINENTAL HOMES OF TEXAS LP","10700 PECAN PARK BLVD FOURTH FLOOR STE 400 AUSTIN, TX 78750-1227","8524 HARRIER DR, AUSTIN, TX  78729","S9727 - PARMER VILLAGE CONDO, (PH 10), UNIT 234, .266% COMMON INT, {R501020/NON-M15}, (Model Home), (DEL12 to R501020)","R369O"," ","S9727 - PARMER VILLAGE CONDO","Real","$172,133","$172,133"
"R503271","R-16-4939-0000-0106","XU, BILING","13604 OYSTERCATHER DR  AUSTIN, TX 78729","13604 OYSTERCATCHER DR, AUSTIN, TX  78729","C760 - PARMER VILLAGE CONDO, UNIT 106, 0.362% COMMON AREA INTEREST, (PH 8), [TU Pcts]","R369O"," "," ","Real","$357,610","$357,610"
"R503272","R-16-4939-0000-0141","STROPKO, PAUL & ELIZABETH","8640 WHITE IBIS DR AUSTIN, TX 78729-8095","8640 WHITE IBIS DR, AUSTIN, TX  78729","C760 - PARMER VILLAGE CONDO, UNIT 141, 0.362% COMMON AREA INTEREST, (PH 8), [TU Pcts]","R369O"," "," ","Real","$411,875","$411,875"
"R503273","R-16-4939-0000-0160","JSW-1 PROPERTIES LLC","PO BOX 10169 AUSTIN, TX 78766","13509 OYSTERCATCHER DR, AUSTIN, TX  78729","C760 - PARMER VILLAGE CONDO, UNIT 160, 0.362% COMMON AREA INTEREST, (PH 8), [TU Pcts]","R369O"," "," ","Real","$423,668","$423,668"
"R503274","R-16-4939-0000-0188","BABAI-PIROUZ, MEHRDAD & SUSAN W","13529 OYSTERCATCHER DR AUSTIN, TX 78729-8080","13529 OYSTERCATCHER DR, AUSTIN, TX  78729","C760 - PARMER VILLAGE CONDO, UNIT 188, 0.362% COMMON AREA INTEREST, (PH 8), [TU Pcts]","R369O"," "," ","Real","$395,879","$395,879"
"R503275","R-16-4939-0000-0192","XIONG, WEN","8736 WOOD STORK DR  AUSTIN, TX 78729","8736 WOOD STORK DR, AUSTIN, TX  78729","C760 - PARMER VILLAGE CONDO, UNIT 192, 0.362% COMMON AREA INTEREST, (PH 8), [TU Pcts]","R369O"," "," ","Real","$395,879","$395,879"
"R503276","R-16-4939-0000-0204","GANWANI, NISHA","8609 ROCK PIGEON DR  AUSTIN, TX 78729","8609 ROCK PIGEON DR, AUSTIN, TX  78729","C760 - PARMER VILLAGE CONDO, UNIT 204, 0.362% COMMON AREA INTEREST, (PH 8), [TU Pcts]","R369O"," "," ","Real","$423,668","$423,668"
"R503277","R-16-4939-0000-0213","ZHANG, LONG","13613 OYSTERCATCHER DR  #UNIT 213 AUSTIN, TX 78729","13613 OYSTERCATCHER DR, AUSTIN, TX  78729","C760 - PARMER VILLAGE CONDO, UNIT 213, 0.362% COMMON AREA INTEREST, (PH 8), [TU Pcts]","R369O"," "," ","Real","$395,879","$395,879"
"R503278","R-16-4939-0000-0189","FAULKNER, LAURA & DAVID L KOEMPEL","13533 OYSTERCATCHER DR  AUSTIN, TX 78729-8080","13533 OYSTERCATCHER DR, AUSTIN, TX  78729","C760 - PARMER VILLAGE CONDO, UNIT 189, 0.362% COMMON AREA INTEREST, (PH8), [TU Pcts]","R369O"," "," ","Real","$363,652","$363,652"
"R503279","R-16-4939-0000-0222","DU, JUAN (TOD)","3413 COLONY HILLS RD  COLORADO SPRINGS, CO 80916-3448","13608 PINE WARBLER DR, AUSTIN, TX  78729","C760 - PARMER VILLAGE CONDO, UNIT 222, 0.362% COMMON AREA INTEREST, (PH 8), [TU Pcts]","R369O"," "," ","Real","$395,879","$395,879"
"R503281","R-16-4939-0000-0106M","BRYAND, DAMIAN","13604 OYSTERCATCHER DR AUSTIN, TX 78729-8076","13604 OYSTERCATCHER DR, AUSTIN, TX  78729","C760 - PARMER VILLAGE CONDO, UNIT 106, 0.266% COMMON AREA INTEREST, (PH 8), {R503271/NON-M15}, (DEL12 to R503271)","R369O"," "," ","Real","$2,909","$2,909"
"R503282","R-16-4939-0000-0141M","STROPKO, PAUL & ELIZABETH","8640 WHITE IBIS DR AUSTIN, TX 78729-8095","8640 WHITE IBIS DR, AUSTIN, TX  78729","C760 - PARMER VILLAGE CONDO, UNIT 141, 0.266% COMMON AREA INTEREST, (PH 8), {R503272/NON-M15}, (DEL12 to R503272)","R369O"," "," ","Real","$2,909","$2,909"
"R503283","R-16-4939-0000-0160M","MARONN, MANDI","13509 OYSTERCATCHER DR AUSTIN, TX 78729-8080","13509 OYSTERCATCHER DR, AUSTIN, TX  78729","C760 - PARMER VILLAGE CONDO, UNIT 160, 0.266% COMMON AREA INTEREST, (PH 8), {R503273/NON-M15}, (DEL12 to R503273)","R369O"," "," ","Real","$2,909","$2,909"
"R503284","R-16-4939-0000-0188M","BABAI-PIROUZ, MEHRDAD & SUSAN W","13529 OYSTERCATCHER DR AUSTIN, TX 78729-8080","13529 OYSTERCATCHER DR, AUSTIN, TX  78729","C760 - PARMER VILLAGE CONDO, UNIT 188, 0.266% COMMON AREA INTEREST, (PH 8), {R503274/NON-M15}, (DEL12 to R503274)","R369O"," "," ","Real","$2,909","$2,909"
"R503285","R-16-4939-0000-0189M","LANE, BLAKE O & MELISSA A","13533 OYSTERCATCHER DR  AUSTIN, TX 78729","13533 OYSTERCATCHER DR, AUSTIN, TX  78729","C760 - PARMER VILLAGE CONDO, UNIT 189, 0.266% COMMON AREA INTEREST, (PH 8), {R503278/NON-M15}, (DEL12 to R503278)","R369O"," "," ","Real","$2,909","$2,909"
"R503286","R-16-4939-0000-0192M","HAYES, GREGORY & LILIBETH","3812 LOMBARD ST  ROUND ROCK, TX 78681","8736 WOOD STORK DR, AUSTIN, TX  78729","C760 - PARMER VILLAGE CONDO, UNIT 192, 0.266% COMMON AREA INTEREST, (PH 8), (1%UDIHS), {R503275/NON-M15}, (DEL12 to R503275)","R369O"," "," ","Real","$2,093","$2,093"
"R503287","R-16-4939-0000-0204M","GANWANI, NISHA","8609 ROCK PIGEON DR  AUSTIN, TX 78729","8609 ROCK PIGEON DR, AUSTIN, TX  78729","C760 - PARMER VILLAGE CONDO, UNIT 204, 0.266% COMMON AREA INTEREST, (PH 8), {R503276/NON-M15}, (DEL12 to R503276)","R369O"," "," ","Real","$0","$0"
"R503288","R-16-4939-0000-0213M","VENERO, JOSE","13613 OYSTERCATCHER DR AUSTIN, FL 78729-8076","13613 OYSTERCATCHER DR, AUSTIN, TX  78729","C760 - PARMER VILLAGE CONDO, UNIT 213, 0.266% COMMON AREA INTEREST, (PH 8), {R503277/NON-M15}, (DEL12 TO R503277)","R369O"," "," ","Real","$0","$0"
"R503289","R-16-4939-0000-0222M","HAWKS, KELLY B","224 WILDWOOD DR  GEORGETOWN, TX 78633-5167","13608 PINE WARBLER DR, AUSTIN, TX  78729","S9727 - PARMER VILLAGE CONDO, (PH 8), UNIT 222, .266% COMMON INT, {R503279/NON-M15}, (DEL12 to R503279)","R369O"," ","S9727 - PARMER VILLAGE CONDO","Real","$2,909","$2,909"
"R503290","R-16-4939-0000-0169","LI, ZHEN","8716 BLACKVIREO DR  #UNIT 169 AUSTIN, TX 78729","8716 BLACKVIREO DR, AUSTIN, TX  78729","C760 - PARMER VILLAGE CONDO, UNIT 169, 0.362% COMMON AREA INTEREST, (PH 9), [TU Pcts]","R369O"," "," ","Real","$395,879","$395,879"
"R503291","R-16-4939-0000-0183","JENKINS, JAMES & PAIGE RICHERSON","8737 BLACKVIREO DR  AUSTIN, TX 78729","8737 BLACKVIREO DR, AUSTIN, TX  78729","C760 - PARMER VILLAGE CONDO, UNIT 183, 0.362% COMMON AREA INTEREST, (PH 9), [TU Pcts]","R369O"," "," ","Real","$395,879","$395,879"
"R503292","R-16-4939-0000-0194","SYED, UZAIR SHAH & SAKENA UNNISA FASIUDDIN","8642 SPARKLING SPRINGS DR HOUSTON, TX 77095-4614","8728 WOOD STORK DR, AUSTIN, TX  78729","C760 - PARMER VILLAGE CONDO, UNIT 194, 0.362% COMMON AREA INTEREST, (PH 9), [TU Pcts]","R369O"," "," ","Real","$411,875","$411,875"
"R503293","R-16-4939-0000-0195","MALIK, SARAH & BILAL","1300 BOMAR ST  HOUSTON, TX 77006","8724 WOOD STORK DR, AUSTIN, TX  78729","C760 - PARMER VILLAGE CONDO, UNIT 195, 0.266% COMMON AREA INTEREST, (PH 9), [TU Pcts]","R369O"," "," ","Real","$346,660","$346,660"
"R503294","R-16-4939-0000-0197","BONILLA, CARLOS & KARINA MEDINA","1417 CASSIOPEIA WAY  AUSTIN, TX 78732","8716 WOOD STORK DR, AUSTIN, TX  78729","C760 - PARMER VILLAGE CONDO, UNIT 197, 0.362% COMMON AREA INTEREST, (PH 9), [TU Pcts]","R369O"," "," ","Real","$411,875","$411,875"
"R503295","R-16-4939-0000-0198","HWANG, DU HYUN & CHAE SHIN CHUNG","6 KEELROCK PL  THE WOODLANDS, TX 77382","8712 WOOD STORK DR, AUSTIN, TX  78729","C760 - PARMER VILLAGE CONDO, UNIT 198, 0.362% COMMON AREA INTEREST, (PH 9), [TU Pcts]","R369O"," "," ","Real","$395,879","$395,879"
"R503296","R-16-4939-0000-0201","MOVVA, SAI KIRAN","410 ROYALE PARK DR  SAN JOSE, CA 95136-2028","8700 WOOD STORK DR, AUSTIN, TX  78729","C760 - PARMER VILLAGE CONDO, UNIT 201, 0.362% COMMON AREA INTEREST, (PH 9), [TU Pcts]","R369O"," "," ","Real","$395,879","$395,879"
"R503298","R-16-4939-0000-0169M","DERKACH, STACEY","8716 BLACKVIREO DR AUSTIN, TX 78729-8079","8716 BLACKVIREO DR, AUSTIN, TX  78729","C760 - PARMER VILLAGE CONDO, UNIT 169, 0.266% COMMON AREA INTEREST, (PH 9), {R503290/NON-M15}, (DEL12 to R503290)","R369O"," "," ","Real","$2,909","$2,909"
"R503299","R-16-4939-0000-0183M","KATES, GARETT L & REBECCA M","1000 LA CANTARA  LEANDER, TX 78641","8737 BLACKVIREO DR, AUSTIN, TX  78729","C760 - PARMER VILLAGE CONDO, UNIT 183, 0.266% COMMON AREA INTEREST, (PH 9), {R503291/NON-M15}, (DEL12 to R503291)","R369O"," "," ","Real","$2,909","$2,909"
"R503300","R-16-4939-0000-0194M","MUKHATIRA, PREETHAM","8728 WOOD STORK DR  AUSTIN, TX 78729","8728 WOOD STORK DR, AUSTIN, TX  78729","C760 - PARMER VILLAGE CONDO, UNIT 194, 0.266% COMMON AREA INTEREST, (PH 9), {R503292/NON-M15}, (DEL12 to R503292)","R369O"," "," ","Real","$2,909","$2,909"
"R503301","R-16-4939-0000-0195M","PROKOPINSKA, MAGDALENA","8724 WOOD STORK DR AUSTIN, TX 78729-8087","8724 WOOD STORK DR, AUSTIN, TX  78729","C760 - PARMER VILLAGE CONDO, UNIT 195, 0.266% COMMON AREA INTEREST, (PH 9), {R503293/NON-M15}, (DEL12 to R503293)","R369O"," "," ","Real","$2,909","$2,909"
"R503302","R-16-4939-0000-0197M","GUSTAFSON, KIMBERLEY SUE","207 BARZONA BND CEDAR PARK, TX 78613-7745","8716 WOOD STORK DR, AUSTIN, TX  78729","C760 - PARMER VILLAGE CONDO, UNIT 197, 0.266% COMMON AREA INTEREST, (PH 9), {R503294/NON-M15}, (DEL12 to R503294)","R369O"," "," ","Real","$2,909","$2,909"
"R503303","R-16-4939-0000-0198M","RIOS, RUBEN C & SARAH E GORMAN","6500 CHAMPION GRANDVIEW WAY  #APT 11006 AUSTIN, TX 78750-8341","8712 WOOD STORK DR, AUSTIN, TX  78729","C760 - PARMER VILLAGE CONDO, UNIT 198, 0.266% COMMON AREA INTEREST, (PH 9), {R503295/NON-M15}, (DEL12 to R503295)","R369O"," "," ","Real","$2,909","$2,909"
"R503304","R-16-4939-0000-0201M","KAMBLE, VINAY","1104 RUTHERFORD DR LEANDER, TX 78641-3134","8700 WOOD STORK DR, AUSTIN, TX  78729","C760 - PARMER VILLAGE CONDO, UNIT 201, 0.266% COMMON AREA INTEREST, (PH 9), {R503296/NON-M15}, (DEL12 to R503296)","R369O"," "," ","Real","$0","$0"
"R503308","R-16-4939-0000-0108","MINNICK, ADAM J","1611 SPRINGER LN  AUSTIN, TX 78758","13540 OYSTERCATCHER DR, AUSTIN, TX  78729","C760 - PARMER VILLAGE CONDO, UNIT 108, 0.362% COMMON AREA INTEREST, (PH 10), [TU Pcts]","R369O"," "," ","Real","$395,879","$395,879"
"R503309","R-16-4939-0000-0109","SHYU, EVELYN","13536 OYSTER CATCHER DR  AUSTIN, TX 78729","13536 OYSTERCATCHER DR, AUSTIN, TX  78729","C760 - PARMER VILLAGE CONDO, UNIT 109, 0.362% COMMON AREA INTEREST, (PH 10), [TU Pcts]","R369O"," "," ","Real","$346,660","$346,660"
"R503310","R-16-4939-0000-0110","BAMMEL, SHANE JOSEPH","13532 OYSTERCATCHER DR  AUSTIN, TX 78729","13532 OYSTERCATCHER DR, AUSTIN, TX  78729","C760 - PARMER VILLAGE CONDO, UNIT 110, 0.362% COMMON AREA INTEREST, (PH 10), [TU Pcts]","R369O"," "," ","Real","$357,610","$357,610"
"R503311","R-16-4939-0000-0111","JIANG, LIANJUN & YAFEN HSU","10702 SPICEWOOD PKWY AUSTIN, TX 78750-3308","13528 OYSTERCATCHER DR, AUSTIN, TX  78729","C760 - PARMER VILLAGE CONDO, UNIT 111, 0.362% COMMON AREA INTEREST, (PH 10), [TU Pcts]","R369O"," "," ","Real","$377,520","$377,520"
"R503312","R-16-4939-0000-0112","MICHEL, ANNE E","13524 OYSTERCATCHER DR  AUSTIN, TX 78729","13524 OYSTERCATCHER DR, AUSTIN, TX  78729","C760 - PARMER VILLAGE CONDO, UNIT 112, 0.362% COMMON AREA INTEREST, (PH 10), [TU Pcts]","R369O"," "," ","Real","$357,610","$357,610"
"R503313","R-16-4939-0000-0114","MCCALL, NICOLE","8801 SW WHITE IBIS DR  #UNIT 114 AUSTIN, TX 78729","8801 WHITE IBIS DR, AUSTIN, TX  78729","C760 - PARMER VILLAGE CONDO, UNIT 114, 0.362% COMMON AREA INTEREST, (PH 10), [TU Pcts]","R369O"," "," ","Real","$346,667","$346,667"
"R503314","R-16-4939-0000-0115","BOYER, JENNIFER","8805 WHITE IBIS DR AUSTIN, TX 78729-8078","8805 WHITE IBIS DR, AUSTIN, TX  78729","C760 - PARMER VILLAGE CONDO, UNIT 115, 0.362% COMMON AREA INTEREST, (PH 10), [TU Pcts]","R369O"," "," ","Real","$357,610","$357,610"
"R503315","R-16-4939-0000-0116","DAI, WEI","2412 SOPRANO WAY ROUND ROCK, TX 78681-2069","8809 WHITE IBIS DR, AUSTIN, TX  78729","C760 - PARMER VILLAGE CONDO, UNIT 116, 0.362% COMMON AREA INTEREST, (PH 10), [TU Pcts]","R369O"," "," ","Real","$396,860","$396,860"
"R503316","R-16-4939-0000-0117","PEARL AND KIAAN LLC-SERIES WHITE IBIS DR","300 SOUTHERN CARINA DR ROUND ROCK, TX 78681","8813 WHITE IBIS DR, AUSTIN, TX  78729","C760 - PARMER VILLAGE CONDO, UNIT 117, 0.362% COMMON AREA INTEREST, (PH 10), [TU Pcts]","R369O"," "," ","Real","$412,865","$412,865"
"R503317","R-16-4939-0000-0118","CHOKHAVATIA, AMRISH","11501 CEDARCLIFFE DR  AUSTIN, TX 78750","8817 WHITE IBIS DR, AUSTIN, TX  78729","C760 - PARMER VILLAGE CONDO, UNIT 118, 0.362% COMMON AREA INTEREST, (PH 10), [TU Pcts]","R369O"," "," ","Real","$359,566","$359,566"
"R503318","R-16-4939-0000-0119","FRANCO, ERIC & MARGI DOMINGO RAMOS","8821 WHITE IBIS DR  AUSTIN, TX 78729","8821 WHITE IBIS DR, AUSTIN, TX  78729","C760 - PARMER VILLAGE CONDO, UNIT 119, 0.362% COMMON AREA INTEREST, (PH 10), [TU Pcts]","R369O"," "," ","Real","$375,527","$375,527"
"R503319","R-16-4939-0000-0120","SARRAF, NAKUL & MANSI","608 RAGING RIVER RD  CEDAR PARK, TX 78613-3185","8825 WHITE IBIS DR, AUSTIN, TX  78729","C760 - PARMER VILLAGE CONDO, UNIT 120, 0.362% COMMON AREA INTEREST, (PH 10), [TU Pcts]","R369O"," "," ","Real","$336,064","$336,064"
"R503320","R-16-4939-0000-0121","DONG, MANDUO","8829 WHITE IBIS DR   121 AUSTIN, TX 78729","8829 WHITE IBIS DR, AUSTIN, TX  78729","C760 - PARMER VILLAGE CONDO, UNIT 121, 0.362% COMMON AREA INTEREST, (PH 10), [TU Pcts]","R369O"," "," ","Real","$458,649","$458,649"
"R503321","R-16-4939-0000-0122","PFEIFER, FREDRIC M & CYNTHIA R","8029 MULEY DR  AUSTIN, TX 78759-6900","8832 WHITE IBIS DR, AUSTIN, TX  78729","C760 - PARMER VILLAGE CONDO, UNIT 122, 0.362% COMMON AREA INTEREST, (PH 10), [TU Pcts]","R369O"," "," ","Real","$397,841","$397,841"
"R503322","R-16-4939-0000-0123","LEE, YOON JAE & WOO JIN KIM","8828 WHITE IBIS DR  AUSTIN, TX 78729","8828 WHITE IBIS DR, AUSTIN, TX  78729","C760 - PARMER VILLAGE CONDO, UNIT 123, 0.362% COMMON AREA INTEREST, (PH 10), [TU Pcts]","R369O"," "," ","Real","$394,560","$394,560"
"R503323","R-16-4939-0000-0125","WILLIS, TERESA M","8820 WHITE IBIS DR  AUSTIN, TX 78729","8820 WHITE IBIS DR, AUSTIN, TX  78729","C760 - PARMER VILLAGE CONDO, UNIT 125, 0.362% COMMON AREA INTEREST, (PH 10), [TU Pcts]","R369O"," "," ","Real","$364,630","$364,630"
"R503324","R-16-4939-0000-0127","SINGH, RUCHIR PRATAP","8812 WHITE IBIS DR   127 AUSTIN, TX 78729","8812 WHITE IBIS DR #127, AUSTIN, TX  78729","C760 - PARMER VILLAGE CONDO, UNIT 127, 0.362% COMMON AREA INTEREST, (PH 10), [TU Pcts]","R369O"," "," ","Real","$397,841","$397,841"
"R503325","R-16-4939-0000-0128","SHENG, LI","10914 BALLYBUNION PL AUSTIN, TX 78747-1433","8808 WHITE IBIS DR, AUSTIN, TX  78729","C760 - PARMER VILLAGE CONDO, UNIT 128, 0.362% COMMON AREA INTEREST, (PH 10), [TU Pcts]","R369O"," "," ","Real","$347,637","$347,637"
"R503326","R-16-4939-0000-0129","PULSE, GARRETT CODY","8804 WHITE IBIS DR  AUSTIN, TX 78729","8804 WHITE IBIS DR, AUSTIN, TX  78729","C760 - PARMER VILLAGE CONDO, UNIT 129, 0.362% COMMON AREA INTEREST, (PH 10), [TU Pcts]","R369O"," "," ","Real","$396,860","$396,860"
"R503327","R-16-4939-0000-0130","CHOOTAVEE, SATHAPANICK & SIRI BENSOONGNERN","8800 WHITE IBIS DR  AUSTIN, TX 78729","8800 WHITE IBIS DR, AUSTIN, TX  78729","C760 - PARMER VILLAGE CONDO, UNIT 130, 0.362% COMMON AREA INTEREST, (PH 10), [TU Pcts]","R369O"," "," ","Real","$335,088","$335,088"
"R503328","R-16-4939-0000-0131","LEE, DONNA M","8736 WHITE IBIS DR  AUSTIN, TX 78729","8736 WHITE IBIS DR, AUSTIN, TX  78729","C760 - PARMER VILLAGE CONDO, BUILDING .362, UNIT 131, (PH 10), [TU Pcts]","R369O"," "," ","Real","$335,088","$335,088"
"R503329","R-16-4939-0000-0132","WILSON, BLAKE","8732 WHITE IBIS DR  #UNIT 132 AUSTIN, TX 78717","8732 WHITE IBIS DR, AUSTIN, TX  78729","C760 - PARMER VILLAGE CONDO, UNIT 132, 0.362% COMMON AREA INTEREST, (PH 10), [TU Pcts]","R369O"," "," ","Real","$348,613","$348,613"
"R503330","R-16-4939-0000-0133","ZOU, ZHIPING","8728 WHITE IBIS DR  AUSTIN, TX 78729","8728 WHITE IBIS DR, AUSTIN, TX  78729","C760 - PARMER VILLAGE CONDO, UNIT 133, 0.362% COMMON AREA INTEREST, (PH 10), [TU Pcts]","R369O"," "," ","Real","$359,288","$359,288"
"R503331","R-16-4939-0000-0134","LIU, CHANG","8724 WHITE IBIS DR   134 AUSTIN, TX 78729","8724 WHITE IBIS DR, AUSTIN, TX  78729","C760 - PARMER VILLAGE CONDO, UNIT 134, 0.362% COMMON AREA INTEREST, (PH 10),  [TU Pcts]","R369O"," "," ","Real","$397,841","$397,841"
"R503332","R-16-4939-0000-0135","OLLAPALLY, PHILIP & ALEENA","10206 SPICEWOOD MESA  AUSTIN, TX 78759-6800","8720 WHITE IBIS DR, AUSTIN, TX  78729","C760 - PARMER VILLAGE CONDO, UNIT 135, 0.362% COMMON AREA INTEREST, (PH 10), [TU Pcts]","R369O"," "," ","Real","$350,567","$350,567"
"R503333","R-16-4939-0000-0136","ABDELDAYEM, OMAR ABDELMONIEM","8716 WHITE IBIS DR  #UNIT 136 AUSTIN, TX 78729-8077","8716 WHITE IBIS DR, AUSTIN, TX  78729","C760 - PARMER VILLAGE CONDO, UNIT 136, 0.362% COMMON AREA INTEREST, (PH 10), [TU Pcts]","R369O"," "," ","Real","$359,566","$359,566"
"R503334","R-16-4939-0000-0137","HANNAH, MARC T","8712 WHITE IBIS DR  AUSTIN, TX 78729","8712 WHITE IBIS DR, AUSTIN, TX  78729","C760 - PARMER VILLAGE CONDO, UNIT 137, 0.362% COMMON AREA INTEREST, (PH 10), [TU Pcts]","R369O"," "," ","Real","$412,865","$412,865"
"R503335","R-16-4939-0000-0138","LEE, JUNGHWAN","8708 WHITE IBIS DR  AUSTIN, TX 78729","8708 WHITE IBIS DR, AUSTIN, TX  78729","C760 - PARMER VILLAGE CONDO, UNIT 138, 0.362% COMMON AREA INTEREST, (PH 10), [TU Pcts]","R369O"," "," ","Real","$397,841","$397,841"
"R503336","R-16-4939-0000-0139","LIN, YONG & SIMENG WU","116 PATRIOT DR  BASKING RIDGE, NJ 07920","8704 WHITE IBIS DR, AUSTIN, TX  78729","C760 - PARMER VILLAGE CONDO, UNIT 139, 0.362% COMMON AREA INTEREST, (PH 10), [TU Pcts]","R369O"," "," ","Real","$348,613","$348,613"
"R503337","R-16-4939-0000-0140","YANG, YUEH-HUAN & WAN Y HO","8700 WHITE IBIS DR  AUSTIN, TX 78729","8700 WHITE IBIS DR, AUSTIN, TX  78729","C760 - PARMER VILLAGE CONDO, UNIT 140, 0.362% COMMON AREA INTEREST, (PH 10), [TU Pcts]","R369O"," "," ","Real","$458,649","$458,649"
"R503338","R-16-4939-0000-0142","PATEL, JAYNATKUMAR KASHIRAM & ARCHANA JAYANTKUMAR PATEL","8636 WHITE IBIS DR  AUSTIN, TX 78729","8636 WHITE IBIS DR, AUSTIN, TX  78729","C760 - PARMER VILLAGE CONDO, UNIT 142, 0.362% COMMON AREA INTEREST, (PH 10), [TU Pcts]","R369O"," "," ","Real","$397,841","$397,841"
"R503339","R-16-4939-0000-0143","PFEIFER, FREDRIC M & CYNTHIA R","8029 MULEY DR  AUSTIN, TX 78759-6900","8632 WHITE IBIS DR, AUSTIN, TX  78729","C760 - PARMER VILLAGE CONDO, UNIT 143, 0.362% COMMON AREA INTEREST, (PH 10), [TU Pcts]","R369O"," "," ","Real","$359,566","$359,566"
"R503340","R-16-4939-0000-0144","WU, FEI & ARTHUR C TROILO","8628 WHITE IBIS  AUSTIN, TX 78729","8628 WHITE IBIS DR, AUSTIN, TX  78729","C760 - PARMER VILLAGE CONDO, UNIT 144, 0.362% COMMON AREA INTEREST, (PH 10), [TU Pcts]","R369O"," "," ","Real","$397,837","$397,837"
"R503341","R-16-4939-0000-0145","PHU NGUYEN & CATHY TRAN TRS OF THE C.O.P LIVING TRUST","8624 WHITE IBIS DR  #UNIT 145 AUSTIN, TX 78729-8095","8624 WHITE IBIS DR, AUSTIN, TX  78729","C760 - PARMER VILLAGE CONDO, UNIT 145, 0.362% COMMON AREA INTEREST, (PH 10), [TU Pcts]","R369O"," "," ","Real","$349,953","$349,953"
"R503342","R-16-4939-0000-0146","PUTRI, DEWI PETRINASIH & JOSEPH SUYATNO","8625 WHITE IBIS DR  AUSTIN, TX 78729","8625 WHITE IBIS DR, AUSTIN, TX  78729","C760 - PARMER VILLAGE CONDO, UNIT 146, 0.362% COMMON AREA INTEREST, (PH 10), [TU Pcts]","R369O"," "," ","Real","$436,425","$436,425"
"R503343","R-16-4939-0000-0147","BIAN, YANHUI","2412 FIRST VW LEANDER, TX 78641-8882","8629 WHITE IBIS DR, AUSTIN, TX  78729","C760 - PARMER VILLAGE CONDO, UNIT 147, 0.362% COMMON AREA INTEREST, (PH 10), [TU Pcts]","R369O"," "," ","Real","$423,668","$423,668"
"R503344","R-16-4939-0000-0148","DHANANJAY, PRADEEP & DEEPTI PANT","14316 PADBROOK PARK CV AUSTIN, TX 78717-4443","8633 WHITE IBIS DR, AUSTIN, TX  78729","C760 - PARMER VILLAGE CONDO, UNIT 148, 0.362% COMMON AREA INTEREST, (PH 10), [TU Pcts]","R369O"," "," ","Real","$396,860","$396,860"
"R503345","R-16-4939-0000-0149","FRIESENHAHN, WILLIAM C & KATHERINE L","8637 WHITE IBIS DR  AUSTIN, TX 78729","8637 WHITE IBIS DR, AUSTIN, TX  78729","C760 - PARMER VILLAGE CONDO, UNIT 149, 0.362% COMMON AREA INTEREST, (PH 10), [TU Pcts]","R369O"," "," ","Real","$457,660","$457,660"
"R503346","R-16-4939-0000-0150","RASHMI NANJUNDASWAMY  TRUSTEE  THE RASHMI NANJUNDASWAMY  REVOCABLE TRUST","3258 LAKE PILLSBURY DR FREMONT, CA 94555","8641 WHITE IBIS DR, AUSTIN, TX  78729","C760 - PARMER VILLAGE CONDO, UNIT 150, 0.362% COMMON AREA INTEREST, (PH 10), [TU Pcts]","R369O"," "," ","Real","$396,860","$396,860"
"R503347","R-16-4939-0000-0151","SAPHIR, JOAN","8701 WHITE IBIS DR  #UNIT 151 AUSTIN, TX 78729-8077","8701 WHITE IBIS DR, AUSTIN, TX  78729","C760 - PARMER VILLAGE CONDO, UNIT 151, 0.362% COMMON AREA INTEREST, (PH 10), [TU Pcts]","R369O"," "," ","Real","$358,588","$358,588"
"R503348","R-16-4939-0000-0152","DALBIANCO, RITA","8708 SILVERHILL LN AUSTIN, TX 78759-7417","8705 WHITE IBIS DR, AUSTIN, TX  78729","C760 - PARMER VILLAGE CONDO, UNIT 152, 0.362% COMMON AREA INTEREST, (PH 10), [TU Pcts]","R369O"," "," ","Real","$396,860","$396,860"
"R503349","R-16-4939-0000-0153","VISHWANATH RAMAKRISHNA & NANDA MERAWADE","924 BIRCHBROOKE DR LEANDER, TX 78641-4624","8709 WHITE IBIS DR, AUSTIN, TX  78729","C760 - PARMER VILLAGE CONDO, UNIT 153, 0.362% COMMON AREA INTEREST, (PH 10), [TU Pcts]","R369O"," "," ","Real","$358,588","$358,588"
"R503350","R-16-4939-0000-0154","BARLETT ROBERT W & FLORENCE H TRUSTEES OF BARLETT FAMILY TRUST","8713 WHITE IBIS DR AUSTIN, TX 78729-8077","8713 WHITE IBIS DR, AUSTIN, TX  78729","C760 - PARMER VILLAGE CONDO, UNIT 154, 0.362% COMMON AREA INTEREST, (PH 10), [TU Pcts]","R369O"," "," ","Real","$356,299","$356,299"
"R503351","R-16-4939-0000-0155","GRANT, JUSTIN TAYLOR","8717 WHITE IBIS DR  #UNIT 155 AUSTIN, TX 78729","8717 WHITE IBIS DR, AUSTIN, TX  78729","C760 - PARMER VILLAGE CONDO, UNIT 155, 0.362% COMMON AREA INTEREST, (PH 10), [TU Pcts]","R369O"," "," ","Real","$396,860","$396,860"
"R503352","R-16-4939-0000-0156","WONG, CLAIRE & KATE","8721 WHITE IBIS DR  AUSTIN, TX 78729","8721 WHITE IBIS DR, AUSTIN, TX  78729","C760 - PARMER VILLAGE CONDO, UNIT 156, 0.362% COMMON AREA INTEREST, (PH 10), [TU Pcts]","R369O"," "," ","Real","$347,637","$347,637"
"R503353","R-16-4939-0000-0157","VATSU INVESTMENTS, LLC","652 SAN CARLOS CT  FREMONT, CA 94539","8725 WHITE IBIS DR, AUSTIN, TX  78729","C760 - PARMER VILLAGE CONDO, UNIT 157, 0.362% COMMON AREA INTEREST, (PH 10), [TU Pcts]","R369O"," "," ","Real","$358,588","$358,588"
"R503354","R-16-4939-0000-0158","NOLAN, DONNA KAY","13501 OYSTERCATCHER DR  AUSTIN, TX 78729","13501 OYSTERCATCHER DR, AUSTIN, TX  78729","C760 - PARMER VILLAGE CONDO, UNIT 15, 0.362% COMMON AREA INTEREST, (PH 10), [TU Pcts]","R369O"," "," ","Real","$335,088","$335,088"
"R503355","R-16-4939-0000-0159","WANG, XUELING & HONGYUN","13505 OYSTERCATCHER DR  AUSTIN, TX 78729","13505 OYSTERCATCHER DR, AUSTIN, TX  78729","C760 - PARMER VILLAGE CONDO, UNIT 159, 0.362% COMMON AREA INTEREST, (PH 10), [TU Pcts]","R369O"," "," ","Real","$439,712","$439,712"
"R503356","R-16-4939-0000-0161","TONG, JIE","4808 TIMBERLINE DR  AUSTIN, TX 78746","13513 OYSTERCATCHER DR, AUSTIN, TX  78729","C760 - PARMER VILLAGE CONDO, UNIT 161, 0.362% COMMON AREA INTEREST, (PH 10), [TU Pcts]","R369O"," "," ","Real","$457,660","$457,660"
"R503357","R-16-4939-0000-0162","ZHU, YILAN","20426 126TH AVE NE BOTHELL, WA 98011-7669","8744 BLACKVIREO DR, AUSTIN, TX  78729","C760 - PARMER VILLAGE CONDO, UNIT 162, 0.362% COMMON AREA INTEREST, (PH 10), [TU Pcts]","R369O"," "," ","Real","$423,668","$423,668"
"R503358","R-16-4939-0000-0163","DAVIS, ALLEN SCOTT & ROSE M","8740 BLACKVIREO DR  AUSTIN, TX 78729","8740 BLACKVIREO DR, AUSTIN, TX  78729","C760 - PARMER VILLAGE CONDO, UNIT 163, 0.362% COMMON AREA INTEREST, (PH 10), [TU Pcts]","R369O"," "," ","Real","$395,879","$395,879"
"R503359","R-16-4939-0000-0164","SATHYANARAYANA, PRASANNA","8736 BLACKVIREO DR AUSTIN, TX 78729-8079","8736 BLACKVIREO DR, AUSTIN, TX  78729","C760 - PARMER VILLAGE CONDO, UNIT 164, 0.362% COMMON AREA INTEREST, (PH 10), [TU Pcts]","R369O"," "," ","Real","$411,875","$411,875"
"R503360","R-16-4939-0000-0165","ZENG, XIAOXUE","8732 BLACKVIREO DR  AUSTIN, TX 78729","8732 BLACKVIREO DR, AUSTIN, TX  78729","C760 - PARMER VILLAGE CONDO, UNIT 165, 0.362% COMMON AREA INTEREST, (PH 10), [TU Pcts]","R369O"," "," ","Real","$396,860","$396,860"
"R503361","R-16-4939-0000-0166","FULLER, CODY & ANN CONSTANCE","604 MANDADRIN FLYWAY  CEDAR PARK, TX 78613","8728 BLACKVIREO DR, AUSTIN, TX  78729","C760 - PARMER VILLAGE CONDO, UNIT 166, 0.362% COMMON AREA INTEREST, (PH 10), [TU Pcts]","R369O"," "," ","Real","$358,588","$358,588"
"R503362","R-16-4939-0000-0167","YAN, RENCHI & WENYAO CHENG","8724 BLACK VIREO DR  AUSTIN, TX 78729","8724 BLACKVIREO DR, AUSTIN, TX  78729","C760 - PARMER VILLAGE CONDO, UNIT 167, 0.362% COMMON AREA INTEREST, (PH 10), [TU Pcts]","R369O"," "," ","Real","$396,860","$396,860"
"R503363","R-16-4939-0000-0168","MABERRY MICKLE INVESTMENTS & PROPERTIES LLC","8720 BLACKVIREO DR  AUSTIN, TX 78729","8720 BLACKVIREO DR, AUSTIN, TX  78729","C760 - PARMER VILLAGE CONDO, UNIT 168, 0.362% COMMON AREA INTEREST, (PH 10), [TU Pcts]","R369O"," "," ","Real","$347,637","$347,637"
"R503364","R-16-4939-0000-0170","CLAY, RICHARD L & KATHERINE R","4304 RIO ROBLES DR  AUSTIN, TX 78746","8712 BLACKVIREO DR, AUSTIN, TX  78729","C760 - PARMER VILLAGE CONDO, UNIT 170, 0.362% COMMON AREA INTEREST, (PH 10), [TU Pcts]","R369O"," "," ","Real","$358,588","$358,588"
"R503365","R-16-4939-0000-0171","SHEEHAN, ERIN","8708 BLACKVIREO DR  AUSTIN, TX 78729","8708 BLACKVIREO DR, AUSTIN, TX  78729","C760 - PARMER VILLAGE CONDO, UNIT 171, 0.362% COMMON AREA INTEREST, (PH 10), [TU Pcts]","R369O"," "," ","Real","$346,667","$346,667"
"R503366","R-16-4939-0000-0172","GOMEZ, ANA M & JUAN MANUEL CARO MEDINA","8704 BLACKVIREO DR  AUSTIN, TX 78729","8704 BLACKVIREO DR, AUSTIN, TX  78729","C760 - PARMER VILLAGE CONDO, UNIT 172, 0.362% COMMON AREA INTEREST, (PH 10), [TU Pcts]","R369O"," "," ","Real","$393,579","$393,579"
"R503367","R-16-4939-0000-0173","TVRDIK, WILLIAM L","8700 BLACKVIREO DR AUSTIN, TX 78729-8079","8700 BLACKVIREO DR, AUSTIN, TX  78729","C760 - PARMER VILLAGE CONDO, UNIT 173, 0.362% COMMON AREA INTEREST, (PH 10), [TU Pcts]","R369O"," "," ","Real","$371,678","$371,678"
"R503368","R-16-4939-0000-0175","GUO, CHEN & YAO WEI","12609 ORBA DR  AUSTIN, TX 78739","8705 BLACKVIREO DR, AUSTIN, TX  78729","C760 - PARMER VILLAGE CONDO, UNIT 175, 0.362% COMMON AREA INTEREST, (PH 10), [TU Pcts]","R369O"," "," ","Real","$357,610","$357,610"
"R503369","R-16-4939-0000-0176","GODFREY, LAUREN LEIGH","8709 BLACKVIREO DR  AUSTIN, TX 78729","8709 BLACKVIREO DR, AUSTIN, TX  78729","C760 - PARMER VILLAGE CONDO, UNIT 176, 0.362% COMMON AREA INTEREST, (PH 10), [TU Pcts]","R369O"," "," ","Real","$411,875","$411,875"
"R503370","R-16-4939-0000-0178","VEMURI, RAMAKRISHNA & CHANDANA","2871 BEARD RD  FREMONT, CA 94555","8717 BLACKVIREO DR, AUSTIN, TX  78729","C760 - PARMER VILLAGE CONDO, UNIT 178, 0.362% COMMON AREA INTEREST, (PH 10), [TU Pcts]","R369O"," "," ","Real","$357,610","$357,610"
"R503371","R-16-4939-0000-0179","EQUITY TRUST CO CUSTODIAN FBO MARIA BEERENS IRA","#47023,  PO BOX 660675 DALLAS, TX 75266-0675","8721 BLACKVIREO DR, AUSTIN, TX  78729","C760 - PARMER VILLAGE CONDO, UNIT 179, 0.362% COMMON AREA INTEREST, (PH 10), [TU Pcts]","R369O"," "," ","Real","$395,879","$395,879"
"R503372","R-16-4939-0000-0180","IGTN VENTURES LLC","8220 CRESTWOOD HEIGHTS DR APT 1408 MCLEAN, VA 22102-3138","8725 BLACKVIREO DR, AUSTIN, TX  78729","C760 - PARMER VILLAGE CONDO, UNIT 180, 0.362% COMMON AREA INTEREST, (PH 10), [TU Pcts]","R369O"," "," ","Real","$436,425","$436,425"
"R503373","R-16-4939-0000-0181","GUYSENIR, BARBARA","8729 BLACKVIREO DR AUSTIN, TX 78729-8079","8729 BLACKVIREO DR, AUSTIN, TX  78729","C760 - PARMER VILLAGE CONDO, UNIT 181, 0.362% COMMON AREA INTEREST, (PH 10), UNIT 181, .362% COMMON INT, [TU Pcts]","R369O"," "," ","Real","$363,652","$363,652"
"R503374","R-16-4939-0000-0182","ZHANG, FENG & XIAOHONG DUAN","1434 CORTE DE ROSA  SAN JOSE, CA 95120-4912","8733 BLACKVIREO DR, AUSTIN, TX  78729","C760 - PARMER VILLAGE CONDO, UNIT 182, 0.362% COMMON AREA INTEREST, (PH 10), [TU Pcts]","R369O"," "," ","Real","$354,239","$354,239"
"R503375","R-16-4939-0000-0184","KANG, JIAN & CHENG-CHI YU","2516 CHAROLAIS CT  ROUND ROCK, TX 78681","8741 BLACKVIREO DR, AUSTIN, TX  78729","C760 - PARMER VILLAGE CONDO, UNIT 184, 0.362% COMMON AREA INTEREST, (PH 10), [TU Pcts]","R369O"," "," ","Real","$357,610","$357,610"
"R503376","R-16-4939-0000-0186","HARTWELL, JACOB C & ALANA D CRUMRINE","13521 OYSTERCATCHER DR  AUSTIN, TX 78729","13521 OYSTERCATCHER DR, AUSTIN, TX  78729","C760 - PARMER VILLAGE CONDO, UNIT 186, 0.362% COMMON AREA INTEREST, (PH 10), [TU Pcts]","R369O"," "," ","Real","$357,610","$357,610"
"R503377","R-16-4939-0000-0191","SAMPATHKUMAR, SRINATH","8800 WOOD STORK DR  AUSTIN, TX 78729","8800 WOOD STORK DR, AUSTIN, TX  78729","C760 - PARMER VILLAGE CONDO, UNIT 191, 0.362% COMMON AREA INTEREST, (PH 10), [TU Pcts]","R369O"," "," ","Real","$357,610","$357,610"
"R503378","R-16-4939-0000-0193","STEGMAN, JACOB JAMES & REBECCA KATE","8732 WOOD STORK DR  #UNIT 193 AUSTIN, TX 78729","8732 WOOD STORK DR, AUSTIN, TX  78729","C760 - PARMER VILLAGE CONDO, UNIT 193, 0.362% COMMON AREA INTEREST, (PH 10), [TU Pcts]","R369O"," "," ","Real","$357,610","$357,610"
"R503379","R-16-4939-0000-0199","LOBANA, GURSHAAN SINGH","8708 WOOD STORK DR  #UNIT 199 AUSTIN, TX 78729-8087","8708 WOOD STORK DR, AUSTIN, TX  78729","C760 - PARMER VILLAGE CONDO, UNIT 199, 0.362% COMMON AREA INTEREST, (PH 10), [TU Pcts]","R369O"," "," ","Real","$357,610","$357,610"
"R503380","R-16-4939-0000-0200","GILMORE, JULIE","8704 WOOD STORK DR  AUSTIN, TX 78729","8704 WOOD STORK DR, AUSTIN, TX  78729","C760 - PARMER VILLAGE CONDO, UNIT 200, 0.362% COMMON AREA INTEREST, (PH 10), [TU Pcts]","R369O"," "," ","Real","$346,660","$346,660"
"R503381","R-16-4939-0000-0202","KIS, IOAN FODOR & INA M GEORGESCU","8601 ROCK PIGEON DR  AUSTIN, TX 78729","8601 ROCK PIGEON DR, AUSTIN, TX  78729","C760 - PARMER VILLAGE CONDO, UNIT 202, 0.362% COMMON AREA INTEREST, (PH 10), [TU Pcts]","R369O"," "," ","Real","$440,704","$440,704"
"R503382","R-16-4939-0000-0203","KENNEDY, GORDON & MELISSA","8605 ROCK PIGEON DR  AUSTIN, TX 78729-8086","8605 ROCK PIGEON DR, AUSTIN, TX  78729","C760 - PARMER VILLAGE CONDO, UNIT 203, 0.362% COMMON AREA INTEREST, (PH 10), [TU Pcts]","R369O"," "," ","Real","$399,804","$399,804"
"R503383","R-16-4939-0000-0209","VELASQUEZ, JESUS","818 VIA DESCANSO DR EL PASO, TX 79912-2600","8801 WOOD STORK DR, AUSTIN, TX  78729","C760 - PARMER VILLAGE CONDO, UNIT 209, 0.362% COMMON AREA INTEREST, (PH 10), [TU Pcts]","R369O"," "," ","Real","$371,678","$371,678"
"R503384","R-16-4939-0000-0212","DAI, WEI & FEI LIU","2412 SOPRANO WAY  ROUND ROCK, TX 78681","8813 WOOD STORK DR, AUSTIN, TX  78729","C760 - PARMER VILLAGE CONDO, UNIT 212, 0.362% COMMON AREA INTEREST, (PH 10), [TU Pcts]","R369O"," "," ","Real","$457,660","$457,660"
"R503385","R-16-4939-0000-0231","GUERRERO, LUIS CARLOS CORRAL","7604 PATRICIA HIGHSMITH DR  LAREDO, TX 78041","8600 HARRIER DR, AUSTIN, TX  78729","C760 - PARMER VILLAGE CONDO, UNIT 231, 0.362% COMMON AREA INTEREST, (PH 10), [TU Pcts]","R369O"," "," ","Real","$353,861","$353,861"
"R503386","R-16-4939-0000-0232","MUNGARA RAGHURAM & SIREESHA KASTURI","10995 WATERTON RD SAN DIEGO, CA 92131-3629","8532 HARRIER DR, AUSTIN, TX  78729","C760 - PARMER VILLAGE CONDO, UNIT 232, 0.362% COMMON AREA INTEREST, (PH 10),  [TU Pcts]","R369O"," "," ","Real","$353,861","$353,861"
"R503387","R-16-4939-0000-0235","BANDREDDY, HEMCHAND & SARADA R","9225 LIMONCILLO DR  AUSTIN, TX 78750","8520 HARRIER DR, AUSTIN, TX  78729","C760 - PARMER VILLAGE CONDO, UNIT 235, 0.362% COMMON AREA INTEREST, (PH 10), [TU Pcts]","R369O"," "," ","Real","$415,840","$415,840"
"R503388","R-16-4939-0000-0236","CANUMALLA, VINAY CHANDRA","15900 BRAESGATE DR AUSTIN, TX 78717-4817","13525 SAGE GROUSE DR, AUSTIN, TX  78729","C760 - PARMER VILLAGE CONDO, UNIT 236, 0.362% COMMON AREA INTEREST, (PH 10), [TU Pcts]","R369O"," "," ","Real","$415,840","$415,840"
"R503389","R-16-4939-0000-0237","YANG, JOSH","13521 SAGE GROUSE DR  AUSTIN, TX 78729","13521 SAGE GROUSE DR, AUSTIN, TX  78729","C760 - PARMER VILLAGE CONDO, UNIT 237, 0.362% COMMON AREA INTEREST, (PH 10), [TU Pcts]","R369O"," "," ","Real","$361,522","$361,522"
"R503390","R-16-4939-0000-0238","STOVALL, DAVID WINSTON (TOD) & KATJA MARIE (TOD)","132 PRINGLE CT  ALVORD, TX 76225-1529","13517 SAGE GROUSE DR, AUSTIN, TX  78729","C760 - PARMER VILLAGE CONDO, UNIT 238, 0.362% COMMON AREA INTEREST, (PH 10), [TU Pcts]","R369O"," "," ","Real","$424,174","$424,174"
"R503391","R-16-4939-0000-0239","NULL, LORA BRENEE","1817 SUMMIT SPUR KERRVILLE, TX 78028-8977","13513 SAGE GROUSE DR, AUSTIN, TX  78729","C760 - PARMER VILLAGE CONDO, UNIT 239, 0.362% COMMON AREA INTEREST, (PH 10), [TU Pcts]","R369O"," "," ","Real","$393,579","$393,579"
"R503392","R-16-4939-0000-0240","AHERNE, MARTIN C","13509 SAGE GROUSE DR AUSTIN, TX 78729-8090","13509 SAGE GROUSE DR, AUSTIN, TX  78729","C760 - PARMER VILLAGE CONDO, UNIT 240, 0.362% COMMON AREA INTEREST, (PH 10), [TU Pcts]","R369O"," "," ","Real","$395,879","$395,879"
"R503393","R-16-4939-0000-0241","TANCZOS, REKA BALLA","13505 SAGE GROUSE DR  #UNIT 241 AUSTIN, TX 78729","13505 SAGE GROUSE DR, AUSTIN, TX  78729","C760 - PARMER VILLAGE CONDO, UNIT 241, 0.362% COMMON AREA INTEREST, (PH 10), [TU Pcts]","R369O"," "," ","Real","$423,668","$423,668"
"R503394","R-16-4939-0000-0242","HOOKS, KRISTIAN M & WYATT A","13501 SAGE GROUSE DR  AUSTIN, TX 78729-8090","13501 SAGE GROUSE DR, AUSTIN, TX  78729","C760 - PARMER VILLAGE CONDO, UNIT 242, 0.362% COMMON AREA INTEREST, (PH 10), [TU Pcts]","R369O"," "," ","Real","$395,879","$395,879"
"R503395","R-16-4939-0000-0316","TURLEY, ERIC J & VIRGINIA RENEE MOCHA","13401 SAGE GROUSE DR  AUSTIN, TX 78729","13401 SAGE GROUSE DR, AUSTIN, TX  78729","C760 - PARMER VILLAGE CONDO, UNIT 316, 0.362% COMMON AREA INTEREST, (PH 10), [TU Pcts]","R369O"," "," ","Real","$363,652","$363,652"
"R503396","R-16-4939-0000-0317","DEWEESE, CAITLIN & HIRAM VELA","13405 SAGE GROUSE DR  AUSTIN, TX 78729","13405 SAGE GROUSE DR, AUSTIN, TX  78729","C760 - PARMER VILLAGE CONDO, UNIT 317, 0.362% COMMON AREA INTEREST, (PH 10), [TU Pcts]","R369O"," "," ","Real","$346,667","$346,667"
"R503397","R-16-4939-0000-0318","KRISHNAMURTHY, SUBRAMANIAM & MADHUMATHI VENKATARAMANI","4317 WATSON CIR  SANTA CLARA, CA 95054-4166","13409 SAGE GROUSE DR, AUSTIN, TX  78729","C760 - PARMER VILLAGE CONDO, UNIT 318, 0.362% COMMON AREA INTEREST, (PH 10), [TU Pcts]","R369O"," "," ","Real","$395,879","$395,879"
"R503398","R-16-4939-0000-0319","SONG, MIAO & NANAN JIANG","214 BARZONA BND  CEDAR PARK, TX 78613","13413 SAGE GROUSE DR, AUSTIN, TX  78729","C760 - PARMER VILLAGE CONDO, UNIT 319, 0.362% COMMON AREA INTEREST, (PH 10), [TU Pcts]","R369O"," "," ","Real","$357,610","$357,610"
"R503399","R-16-4939-0000-0320","SANCHEZ, AMANDA","171 TIVOLI LN DANVILLE, CA 94506-4603","13417 SAGE GROUSE DR, AUSTIN, TX  78729","C760 - PARMER VILLAGE CONDO, UNIT 320, 0.362% COMMON AREA INTEREST, (PH 10), [TU Pcts]","R369O"," "," ","Real","$411,875","$411,875"
"R503400","R-16-4939-0000-0321","LOU, MICHELLE","13421 SAGE GROUSE DR  AUSTIN, TX 78729","13421 SAGE GROUSE DR, AUSTIN, TX  78729","C760 - PARMER VILLAGE CONDO, UNIT 321, 0.362% COMMON AREA INTEREST, (PH 10), [TU Pcts]","R369O"," "," ","Real","$396,860","$396,860"
"R503401","R-16-4939-0000-0322","LEVINE, DANIEL & BEATRICE","13425 SAGE GROUSE DR  #UNIT 322 AUSTIN, TX 78729","13425 SAGE GROUSE DR, AUSTIN, TX  78729","C760 - PARMER VILLAGE CONDO, UNIT 322, 0.362% COMMON AREA INTEREST, (PH 10),[TU Pcts]","R369O"," "," ","Real","$358,588","$358,588"
"R503402","R-16-4939-0000-0323","HENDRIX, DUSTIN J & KAY LYNN","13429 SAGE GROUSE DR AUSTIN, TX 78729-8089","13429 SAGE GROUSE DR, AUSTIN, TX  78729","C760 - PARMER VILLAGE CONDO, UNIT 323, 0.362% COMMON AREA INTEREST, (PH 10), [TU Pcts]","R369O"," "," ","Real","$347,644","$347,644"
"R503403","R-16-4939-0000-0325","ROOME, CHARLES & WENDI K","13437 SAGE GROUSE DR  #UNIT 325 AUSTIN, TX 78729","13437 SAGE GROUSE DR, AUSTIN, TX  78729","C760 - PARMER VILLAGE CONDO, UNIT 325, 0.362% COMMON AREA INTEREST, (PH 10), [TU Pcts]","R369O"," "," ","Real","$335,088","$335,088"
"R503404","R-16-4939-0000-0124","SOH, CHANKYU & MEI","8824 WHITE IBIS DR  AUSTIN, TX 78729","8824 WHITE IBIS DR, AUSTIN, TX  78729","C760 - PARMER VILLAGE CONDO, UNIT 124, 0.362% COMMON AREA INTEREST, (PH 10), [TU Pcts]","R369O"," "," ","Real","$438,719","$438,719"
"R503405","R-16-4939-0000-0126","MCSWEENEY, WEI CHUAN MELISA & THOMAS JOSEPH","31076 SILVERDALE DR  NOVI, MI 48377","8816 WHITE IBIS DR, AUSTIN, TX  78729","C760 - PARMER VILLAGE CONDO, UNIT 126, 0.362% COMMON AREA INTEREST, (PH 10), [TU Pcts]","R369O"," "," ","Real","$358,588","$358,588"
"R503406","R-16-4939-0000-0185","YUNG, ANGELA","9212 PARTRIDGE CIR  AUSTIN, TX 78758-6549","8745 BLACKVIREO DR, AUSTIN, TX  78729","C760 - PARMER VILLAGE CONDO, UNIT 185, 0.362% COMMON AREA INTEREST, (PH 10), [TU Pcts]","R369O"," "," ","Real","$346,660","$346,660"
"R503407","R-16-4939-0000-0324","LECLERCQ, YANNICK & YICHEN","9208 EVENING PRIMROSE PATH  AUSTIN, TX 78750","13433 SAGE GROUSE DR, AUSTIN, TX  78729","C760 - PARMER VILLAGE CONDO, UNIT 324, 0.362% COMMON AREA INTEREST, (PH 10), [TU Pcts]","R369O"," "," ","Real","$395,879","$395,879"
"R503409","R-16-4939-0000-0108M","ALEXANDER, JENNIFER A & ADAM J MINNICK","1807 JOJOBA DR  CEDAR PARK, TX 78613-1540","13540 OYSTERCATCHER DR, AUSTIN, TX  78729","C760 - PARMER VILLAGE CONDO, UNIT 108, 0.266% COMMON AREA INTEREST, (PH 10), {R503308/NON-M15}, (DEL12 to R503308)","R369O"," "," ","Real","$2,909","$2,909"
"R503410","R-16-4939-0000-0109M","KWIK, NATASHA & JOSEPH & HERLINA","8768 REGAL ROYALE DR  FORT WORTH, TX 76108-7947","13536 OYSTERCATCHER DR, AUSTIN, TX  78729","C760 - PARMER VILLAGE CONDO, UNIT 109, 0.266% COMMON AREA INTEREST, (PH 10), (2%UDIHS), {R503309/NON-M15}, (DEL12 to R503309)","R369O"," "," ","Real","$3,551","$3,551"
"R503411","R-16-4939-0000-0110M","LANKFORD, JEFFREY","13532 OYSTERCATCHER DR  AUSTIN, TX 78729","13532 OYSTERCATCHER DR, AUSTIN, TX  78729","C760 - PARMER VILLAGE CONDO, UNIT 110, 0.266% COMMON AREA INTEREST, (PH 10), (2%UDIHS), {R503310/NON-M15}, (DEL12 to R503310)","R369O"," "," ","Real","$3,666","$3,666"
"R503412","R-16-4939-0000-0111M","ALMANZA, PABLO & TABITHA","13528 OYSTERCATCHER DR AUSTIN, TX 78729-8080","13528 OYSTERCATCHER DR, AUSTIN, TX  78729","C760 - PARMER VILLAGE CONDO, UNIT 111, 0.266% COMMON AREA INTEREST, (PH 10), (1%UDIHS), {R503311/NON-M15}, (DEL12 to R503311)","R369O"," "," ","Real","$1,936","$1,936"
"R503413","R-16-4939-0000-0112M","SPILLER, TALLEY & NANCY","13524 OYSTERCATCHER DR AUSTIN, TX 78729-8080","13524 OYSTERCATCHER DR, AUSTIN, TX  78729","C760 - PARMER VILLAGE CONDO, UNIT 112, 0.266% COMMON AREA INTEREST, (PH 10), (2%UDIHS), {R503312/NON-M15}, (DEL12 to R503312)","R369O"," "," ","Real","$3,666","$3,666"
"R503414","R-16-4939-0000-0114M","JERNIGAN, KRISTEN","8801 WHITE IBIS DR  AUSTIN, TX 78729","8801 WHITE IBIS DR, AUSTIN, TX  78729","C760 - PARMER VILLAGE CONDO, UNIT 114, 0.266% COMMON AREA INTEREST, (PH 10), {R503313/NON-M15}, (DEL12 to R503313)","R369O"," "," ","Real","$2,909","$2,909"
"R503415","R-16-4939-0000-0115M","BOYER, JENNIFER","8805 WHITE IBIS DR AUSTIN, TX 78729-8078","8805 WHITE IBIS DR, AUSTIN, TX  78729","C760 - PARMER VILLAGE CONDO, UNIT 115, 0.266% COMMON AREA INTEREST, (PH 10), {R503314/NON-M15}, (DEL12 to R503314)","R369O"," "," ","Real","$2,909","$2,909"
"R503416","R-16-4939-0000-0116M","RYNEARSON, JOSHUA & VIKTOR H AUZENNE","8809 WHITE IBIS DR  AUSTIN, TX 78729","8809 WHITE IBIS DR, AUSTIN, TX  78729","C760 - PARMER VILLAGE CONDO, UNIT 116, 0.266% COMMON AREA INTEREST, (PH 10), {R503315/NON-M15}, (DEL12 to R503315)","R369O"," "," ","Real","$2,909","$2,909"
"R503417","R-16-4939-0000-0117M","GONZALEZ, MARISA RENEE","8813 WHITE IBIS DR  AUSTIN, TX 78729","8813 WHITE IBIS DR, AUSTIN, TX  78729","C760 - PARMER VILLAGE CONDO, UNIT 117, 0.266% COMMON AREA INTEREST, (PH 10), (1%UDIHS), {R503316/NON-M15}, (DEL12 to R503316)","R369O"," "," ","Real","$2,161","$2,161"
"R503418","R-16-4939-0000-0118M","CONTINENTAL HOMES OF TEXAS LP","10700 PECAN PARK BLVD FOURTH FLOOR STE 400 AUSTIN, TX 78750-1227","8817 WHITE IBIS DR, AUSTIN, TX  78729","C760 - PARMER VILLAGE CONDO, UNIT 118, 0.266% COMMON AREA INTEREST, (PH 10), {R503317/NON-M15}, (DEL12 to R503317)","R369O"," "," ","Real","$2,909","$2,909"
"R503419","R-16-4939-0000-0119M","FRANCO, IRENEO & ERIC FRANCO","8821 WHITE IBIS DR  AUSTIN, TX 78729","8821 WHITE IBIS DR, AUSTIN, TX  78729","C760 - PARMER VILLAGE CONDO, UNIT 119, 0.266% COMMON AREA INTEREST, (PH 10), {R503318/NON-M15}, (DEL12 to R503318)","R369O"," "," ","Real","$2,909","$2,909"
"R503420","R-16-4939-0000-0120M","DYORICH, BRIAN","9920 QUANDT AVE ALLEN PARK, MI 48101-1353","8825 WHITE IBIS DR, AUSTIN, TX  78729","C760 - PARMER VILLAGE CONDO, UNIT 120, 0.266% COMMON AREA INTEREST, (PH 10), {R503319/NON-M15}, (DEL12 to R503319)","R369O"," "," ","Real","$2,909","$2,909"
"R503421","R-16-4939-0000-0121M","BOTELLO, NICHOLAS & SAMANTHA","8829 WHITE IBIS DR  AUSTIN, TX 78729","8829 WHITE IBIS DR, AUSTIN, TX  78729","C760 - PARMER VILLAGE CONDO, UNIT 121, 0.266% COMMON AREA INTEREST, (PH 10), (1%UDIHS), {R503320/NON-M15}, (DEL12 to R503320)","R369O"," "," ","Real","$2,423","$2,423"
"R503422","R-16-4939-0000-0122M","CONTINENTAL HOMES OF TEXAS LP","10700 PECAN PARK BLVD FOURTH FLOOR STE 400 AUSTIN, TX 78750-1227","8832 WHITE IBIS DR, AUSTIN, TX  78729","C760 - PARMER VILLAGE CONDO, UNIT 122, 0.266% COMMON AREA INTEREST, (PH 10), {R503321/NON-M15}, (DEL12 to R503321)","R369O"," "," ","Real","$2,909","$2,909"
"R503423","R-16-4939-0000-0123M","SHEEHY, MICHAEL G & NANCY J","8828 WHITE IBIS DR AUSTIN, TX 78729-8078","8828 WHITE IBIS DR, AUSTIN, TX  78729","C760 - PARMER VILLAGE CONDO, UNIT 123, 0.266% COMMON AREA INTEREST, (PH 10), {R503322/NON-M15}, (DEL12 to R503322)","R369O"," "," ","Real","$2,909","$2,909"
"R503424","R-16-4939-0000-0124M","SOH, CHANKYU & MEI","8824 WHITE IBIS DR  AUSTIN, TX 78729","8824 WHITE IBIS DR, AUSTIN, TX  78729","C760 - PARMER VILLAGE CONDO, UNIT 124, 0.266% COMMON AREA INTEREST, (PH 10), {R503404/NON-M15}, (DEL12 to R503404)","R369O"," "," ","Real","$2,909","$2,909"
"R503425","R-16-4939-0000-0125M","WILLIS, TERESA M","8820 WHITE IBIS DR  AUSTIN, TX 78729","8820 WHITE IBIS DR, AUSTIN, TX  78729","C760 - PARMER VILLAGE CONDO, UNIT 125, 0.266% COMMON AREA INTEREST, (PH 10), {R503323/NON-M15}, (DEL12 to R503323)","R369O"," "," ","Real","$2,909","$2,909"
"R503426","R-16-4939-0000-0127M","MEDLEY, MEGAN & SEAN","8812 WHITE IBIS DR  AUSTIN, TX 78729","8812 WHITE IBIS DR, AUSTIN, TX  78729","C760 - PARMER VILLAGE CONDO, UNIT 127, 0.266% COMMON AREA INTEREST, (PH 10), {R503324/NON-M15}, (DEL12 TO R503324)","R369O"," "," ","Real","$2,909","$2,909"
"R503427","R-16-4939-0000-0128M","MALVAROSE, STEPHANIE","8808 WHITE IBIS DR  AUSTIN, TX 78729","8808 WHITE IBIS DR, AUSTIN, TX  78729","C760 - PARMER VILLAGE CONDO, UNIT 128, 0.266% COMMON AREA INTEREST, (PH 10), (2%UDIHS), {R503325/NON-M15}, (DEL12 to R503325)","R369O"," "," ","Real","$3,584","$3,584"
"R503428","R-16-4939-0000-0129M","PULSE, GARRETT CODY & MARISOL LAZCANO","8804 WHITE IBIS DR  AUSTIN, TX 78729","8804 WHITE IBIS DR, AUSTIN, TX  78729","C760 - PARMER VILLAGE CONDO, UNIT 129, 0.266% COMMON AREA INTEREST, (PH 10), {R503326/NON-M15}, (DEL12 to R503326)","R369O"," "," ","Real","$2,909","$2,909"
"R503429","R-16-4939-0000-0130M","CHOOTAVEE, SATHAPANICK & SIRI BENSOONGNERN","8800 WHITE IBIS DR  AUSTIN, TX 78729","8800 WHITE IBIS DR, AUSTIN, TX  78729","C760 - PARMER VILLAGE CONDO, UNIT 130, 0.266% COMMON AREA INTEREST, (PH 10), {R503327/NON-M15}, (DEL12 to R503327)","R369O"," "," ","Real","$2,909","$2,909"
"R503430","R-16-4939-0000-0131M","COUMOS, ANDREA","710 ARROW POINT DR  #UNIT 12 CEDAR PARK, TX 78613","8736 WHITE IBIS DR, AUSTIN, TX  78729","C760 - PARMER VILLAGE CONDO, UNIT 131, 0.266% COMMON AREA INTEREST, (PH 10), {R503328/NON-M15}, (DEL12 to R503328)","R369O"," "," ","Real","$2,909","$2,909"
"R503431","R-16-4939-0000-0132M","ROSENBLAD, BEN","8732 WHITE IBIS DR  AUSTIN, TX 78729","8732 WHITE IBIS DR, AUSTIN, TX  78729","C760 - PARMER VILLAGE CONDO, UNIT 132, 0.266% COMMON AREA INTEREST, (PH 10), {R503329/NON-M15}, (DEL12 to R503329)","R369O"," "," ","Real","$0","$0"
"R503432","R-16-4939-0000-0133M","HARRIS, KATHERINE & BRANDON","8728 WHITE IBIS DR  AUSTIN, TX 78729","8728 WHITE IBIS DR, AUSTIN, TX  78729","C760 - PARMER VILLAGE CONDO, UNIT 133, 0.266% COMMON AREA INTEREST, (PH 10), {R503330/NON-M15}, (DEL12 to R503330)","R369O"," "," ","Real","$0","$0"
"R503433","R-16-4939-0000-0134M","CHI, EUNHYON","2306 PORTWOOD BEND CV  CEDAR PARK, TX 78613-5933","8724 WHITE IBIS DR, AUSTIN, TX  78729","C760 - PARMER VILLAGE CONDO, UNIT 134, 0.266% COMMON AREA INTEREST, (PH 10), {R503331/NON-M15}, (DEL12 to R503331)","R369O"," "," ","Real","$2,909","$2,909"
"R503434","R-16-4939-0000-0135M","CABLE, ALANA & JANE L","8720 WHITE IBIS DR AUSTIN, TX 78729-8077","8720 WHITE IBIS DR, AUSTIN, TX  78729","C760 - PARMER VILLAGE CONDO, UNIT 135, 0.266% COMMON AREA INTEREST, (PH 10), (2%UDIHS), {R503332/NON-M15}, (DEL12 to R503332)","R369O"," "," ","Real","$3,584","$3,584"
"R503435","R-16-4939-0000-0136M","CONTINENTAL HOMES OF TEXAS LP","10700 PECAN PARK BLVD FOURTH FLOOR STE 400 AUSTIN, TX 78750-1227","8716 WHITE IBIS DR, AUSTIN, TX  78729","C760 - PARMER VILLAGE CONDO, UNIT 136, 0.266% COMMON AREA INTEREST, (PH 10), UNIT 136, .266% COMMON INT, {R503333/NON-M15}, (DEL12 to R503333)","R369O"," "," ","Real","$2,909","$2,909"
"R503436","R-16-4939-0000-0137M","HANNAH, MARC T","8712 WHITE IBIS DR  AUSTIN, TX 78729","8712 WHITE IBIS DR, AUSTIN, TX  78729","C760 - PARMER VILLAGE CONDO, UNIT 137, 0.266% COMMON AREA INTEREST, (PH 10), {R503334/NON-M15}, (DEL12 to R503334)","R369O"," "," ","Real","$2,909","$2,909"
"R503437","R-16-4939-0000-0138M","HOGAN, DOUGLAS ALLEN & CAROLIN","8708 WHITE IBIS DR  AUSTIN, TX 78729","8708 WHITE IBIS DR, AUSTIN, TX  78729","C760 - PARMER VILLAGE CONDO, UNIT 138, 0.266% COMMON AREA INTEREST, (PH 10), {R503335/NON-M15}, (DEL12 to R503335)","R369O"," "," ","Real","$2,909","$2,909"
"R503438","R-16-4939-0000-0139M","CONTINENTAL HOMES OF TEXAS LP","10700 PECAN PARK BLVD FOURTH FLOOR STE 400 AUSTIN, TX 78750-1227","8704 WHITE IBIS DR, AUSTIN, TX  78729","C760 - PARMER VILLAGE CONDO, UNIT 139, 0.266% COMMON AREA INTEREST, (PH 10), {R503336/NON-M15}, (DEL12 to R503336)","R369O"," "," ","Real","$2,909","$2,909"
"R503439","R-16-4939-0000-0140M","YANG, YUEH-HUAN & WAN Y HO","8700 WHITE IBIS DR  AUSTIN, TX 78729","8700 WHITE IBIS DR, AUSTIN, TX  78729","C760 - PARMER VILLAGE CONDO, UNIT 140, 0.266% COMMON AREA INTEREST, (PH 10), (1%UDIHS), {R503337/NON-M15}, (DEL12 to R503337)","R369O"," "," ","Real","$2,423","$2,423"
"R503440","R-16-4939-0000-0142M","CONTINENTAL HOMES OF TEXAS LP","10700 PECAN PARK BLVD FOURTH FLOOR STE 400 AUSTIN, TX 78750-1227","8636 WHITE IBIS DR, AUSTIN, TX  78729","C760 - PARMER VILLAGE CONDO, UNIT 142, 0.266% COMMON AREA INTEREST, (PH 10), {R503338/NON-M15}, (DEL12 to R503338)","R369O"," "," ","Real","$2,909","$2,909"
"R503441","R-16-4939-0000-0143M","CONTINENTAL HOMES OF TEXAS LP","10700 PECAN PARK BLVD FOURTH FLOOR STE 400 AUSTIN, TX 78750-1227","8632 WHITE IBIS DR, AUSTIN, TX  78729","C760 - PARMER VILLAGE CONDO, UNIT 143, 0.266% COMMON AREA INTEREST, (PH 10), {R503339/NON-M15}, (DEL12 to R503339)","R369O"," "," ","Real","$2,909","$2,909"
"R503442","R-16-4939-0000-0144M","CONTINENTAL HOMES OF TEXAS LP","10700 PECAN PARK BLVD FOURTH FLOOR STE 400 AUSTIN, TX 78750-1227","8628 WHITE IBIS DR, AUSTIN, TX  78729","C760 - PARMER VILLAGE CONDO, UNIT 144, 0.266% COMMON AREA INTEREST, (PH 10), {R503340/NON-M15}, (DEL12 to R503340)","R369O"," "," ","Real","$2,909","$2,909"
"R503443","R-16-4939-0000-0145M","REED, SANDRA K","8624 WHITE IBIS DR AUSTIN, TX 78729-8095","8624 WHITE IBIS DR, AUSTIN, TX  78729","C760 - PARMER VILLAGE CONDO, UNIT 145, 0.266% COMMON AREA INTEREST, (PH 10), (2%UDIHS), {R503341/NON-M15}, (DEL12 to R503341)","R369O"," "," ","Real","$3,566","$3,566"
"R503444","R-16-4939-0000-0146M","FARRELL, DONALD SCOTT","8625 WHITE IBIS DR AUSTIN, TX 78729-8095","8625 WHITE IBIS DR, AUSTIN, TX  78729","C760 - PARMER VILLAGE CONDO, UNIT 146, 0.266% COMMON AREA INTEREST, (PH 10), {R503342/NON-M15}, (DEL12 to R503342)","R369O"," "," ","Real","$2,909","$2,909"
"R503445","R-16-4939-0000-0147M","PRUDEN, AMY & MICHAEL","8629 WHITE IBIS DR  AUSTIN, TX 78729","8629 WHITE IBIS DR, AUSTIN, TX  78729","C760 - PARMER VILLAGE CONDO, UNIT 147, 0.266% COMMON AREA INTEREST, (PH 10), {R503343/NON-M15}, (DEL12 to R503343)","R369O"," "," ","Real","$2,909","$2,909"
"R503446","R-16-4939-0000-0148M","NEWBY, JOHN THOMAS, II","8633 WHITE IBIS DR  AUSTIN, TX 78729","8633 WHITE IBIS DR, AUSTIN, TX  78729","C760 - PARMER VILLAGE CONDO, UNIT 148, 0.266% COMMON AREA INTEREST, (PH 10), {R503344/NON-M15}, (DEL12 to R503344)","R369O"," "," ","Real","$2,909","$2,909"
"R503447","R-16-4939-0000-0149M","FRIESENHAHN, WILLIAM C & KATHERINE L","8637 WHITE IBIS DR  AUSTIN, TX 78729","8637 WHITE IBIS DR, AUSTIN, TX  78729","C760 - PARMER VILLAGE CONDO, UNIT 149, 0.266% COMMON AREA INTEREST, (PH 10), {R503345/NON-M15}, (DEL12 to R503345)","R369O"," "," ","Real","$2,909","$2,909"
"R503448","R-16-4939-0000-0150M","TMT MONTANA PARTNERS LLC","PO BOX 660675 #47023 DALLAS, TX 75266-0675","8641 WHITE IBIS DR, AUSTIN, TX  78729","C760 - PARMER VILLAGE CONDO, UNIT 150, 0.266% COMMON AREA INTEREST, (PH 10), {R503346/NON-M15}, (DEL12 to R503346)","R369O"," "," ","Real","$2,909","$2,909"
"R503449","R-16-4939-0000-0151M","FINLAY, LAURA SU","8701 WHITE IBIS DR  AUSTIN, TX 78729","8701 WHITE IBIS DR, AUSTIN, TX  78729","C760 - PARMER VILLAGE CONDO, UNIT 151, 0.266% COMMON AREA INTEREST, (PH 10), {R503347/NON-M15}, (DEL12 to R503347)","R369O"," "," ","Real","$2,909","$2,909"
"R503450","R-16-4939-0000-0152M","DALBIANCO, RITA","8708 SILVERHILL LN AUSTIN, TX 78759-7417","8705 WHITE IBIS DR, AUSTIN, TX  78729","C760 - PARMER VILLAGE CONDO, UNIT 152, 0.266% COMMON AREA INTEREST, (PH 10), {R503348/NON-M15}, (DEL12 to R503348)","R369O"," "," ","Real","$2,909","$2,909"
"R503451","R-16-4939-0000-0153M","GUZMAN, DANIEL & MICHELLE","103 COUNTY ROAD 180  #UNIT 29 LEANDER, TX 78641","8709 WHITE IBIS DR, AUSTIN, TX  78729","C760 - PARMER VILLAGE CONDO, UNIT 153, 0.266% COMMON AREA INTEREST, (PH 10), {R503349/NON-M15}, (DEL12 to R503349)","R369O"," "," ","Real","$2,909","$2,909"
"R503452","R-16-4939-0000-0154M","BARLETT ROBERT W & FLORENCE H TRUSTEES OF BARLETT FAMILY TRUST","8713 WHITE IBIS DR AUSTIN, TX 78729-8077","8713 WHITE IBIS DR, AUSTIN, TX  78729","C760 - PARMER VILLAGE CONDO, UNIT 154, 0.266% COMMON AREA INTEREST, (PH 10), (2%UDIHS), {R503350/NON-M15}, (DEL12 to R503350)","R369O"," "," ","Real","$3,666","$3,666"
"R503453","R-16-4939-0000-0155M","RUSSELL, MATTHEW & CANDICE","8717 WHITE IBIS DR  AUSTIN, TX 78729","8717 WHITE IBIS DR, AUSTIN, TX  78729","C760 - PARMER VILLAGE CONDO, UNIT 155, 0.266% COMMON AREA INTEREST, (PH 10), {R503351/NON-M15}, (DEL12 to R503351)","R369O"," "," ","Real","$2,909","$2,909"
"R503454","R-16-4939-0000-0156M","JOHANSEN, EMILY","8721 WHITE IBIS DR  AUSTIN, TX 78729","8721 WHITE IBIS DR, AUSTIN, TX  78729","C760 - PARMER VILLAGE CONDO, UNIT 156, 0.266% COMMON AREA INTEREST, (PH 10), {R503352/NON-M15}, (DEL12 to R503352)","R369O"," "," ","Real","$2,909","$2,909"
"R503455","R-16-4939-0000-0157M","BAKER, JENNIFER NICOLE","8725 WHITE IBIS DR  AUSTIN, TX 78729","8725 WHITE IBIS DR, AUSTIN, TX  78729","C760 - PARMER VILLAGE CONDO, UNIT 157, 0.266% COMMON AREA INTEREST, (PH 10), {R503353/NON-M15}, (DEL12 to R503353)","R369O"," "," ","Real","$2,909","$2,909"
"R503456","R-16-4939-0000-0158M","LEESE, DIANA MICHELE","13501 OYSTERCATCHER DR  AUSTIN, TX 78729","13501 OYSTERCATCHER DR, AUSTIN, TX  78729","C760 - PARMER VILLAGE CONDO, UNIT 158, 0.266% COMMON AREA INTEREST, (PH 10), {R503354/NON-M15}, (DEL12 to R503354)","R369O"," "," ","Real","$2,909","$2,909"
"R503457","R-16-4939-0000-0159M","MICHAELS, TERRY & CHRISTINE","1195 RED BUD LN  ROUND ROCK, TX 78664-6148","13505 OYSTERCATCHER DR, AUSTIN, TX  78729","C760 - PARMER VILLAGE CONDO, UNIT 15, 0.266% COMMON AREA INTEREST, (PH 10), {R503355/NON-M15}, (DEL12 to R503355)","R369O"," "," ","Real","$2,909","$2,909"
"R503458","R-16-4939-0000-0161M","CHAVEZ, AMELIA C & ROBERT E HINTON JR","13513 OYSTERCATCHER DR  AUSTIN, TX 78729","13513 OYSTERCATCHER DR, AUSTIN, TX  78729","C760 - PARMER VILLAGE CONDO, UNIT 161, 0.266% COMMON AREA INTEREST, (PH 10), {R503356/NON-M15}, (DEL12 to R503356)","R369O"," "," ","Real","$2,909","$2,909"
"R503459","R-16-4939-0000-0162M","TANG, LILIAN KIT MAN","8744 BLACKVIREO DR AUSTIN, TX 78729-8079","8744 BLACKVIREO DR, AUSTIN, TX  78729","C760 - PARMER VILLAGE CONDO, UNIT 162, 0.266% COMMON AREA INTEREST, (PH 10), {R503357/NON-M15}, (DEL12 to R503357)","R369O"," "," ","Real","$2,909","$2,909"
"R503460","R-16-4939-0000-0163M","DAVIS, ALLEN SCOTT & ROSE M","8740 BLACKVIREO DR  AUSTIN, TX 78729","8740 BLACKVIREO DR, AUSTIN, TX  78729","C760 - PARMER VILLAGE CONDO, UNIT 163, 0.266% COMMON AREA INTEREST, (PH 10), {R503358/NON-M15}, (DEL12 to R503358)","R369O"," "," ","Real","$2,909","$2,909"
"R503461","R-16-4939-0000-0164M","SATHYANARAYANA, PRASANNA","8736 BLACKVIREO DR AUSTIN, TX 78729-8079","8736 BLACKVIREO DR, AUSTIN, TX  78729","C760 - PARMER VILLAGE CONDO, UNIT 164, 0.266% COMMON AREA INTEREST, (PH 10), {R503359/NON-M15}, (DEL12 to R503359)","R369O"," "," ","Real","$2,909","$2,909"
"R503462","R-16-4939-0000-0165M","COPELAND, KELLY","8732 BLACKVIREO DR  AUSTIN, TX 78729","8732 BLACKVIREO DR, AUSTIN, TX  78729","C760 - PARMER VILLAGE CONDO, UNIT 165, 0.266% COMMON AREA INTEREST, (PH 10), {R503360/NON-M15}, (DEL12 to R503360)","R369O"," "," ","Real","$2,909","$2,909"
"R503463","R-16-4939-0000-0166M","CONSTANCE, ANN MICHELLE","8728 BLACKVIREO DR  AUSTIN, TX 78729","8728 BLACKVIREO DR, AUSTIN, TX  78729","C760 - PARMER VILLAGE CONDO, UNIT 166, 0.266% COMMON AREA INTEREST, (PH 10), {R503361/NON-M15}, (DEL12 to R503361)","R369O"," "," ","Real","$0","$0"
"R503464","R-16-4939-0000-0167M","NGUYEN, NGHY LE LYNH","8724 BLACKVIREO DR  AUSTIN, TX 78729","8724 BLACKVIREO DR, AUSTIN, TX  78729","C760 - PARMER VILLAGE CONDO, UNIT 167, 0.266% COMMON AREA INTEREST, (PH 10), {R503362/NON-M15}, (DEL12 to R503362)","R369O"," "," ","Real","$2,909","$2,909"
"R503465","R-16-4939-0000-0168M","MABERRY, DYLAN & TRACI","8720 BLACKVIREO DR AUSTIN, TX 78729-8079","8720 BLACKVIREO DR, AUSTIN, TX  78729","C760 - PARMER VILLAGE CONDO, UNIT 168, 0.266% COMMON AREA INTEREST, (PH 10), (2%UDIHS), {R503363/NON-M15}, (DEL12 to R503363)","R369O"," "," ","Real","$3,584","$3,584"
"R503466","R-16-4939-0000-0170M","CLAY, RICHARD L & KATHERINE R","4304 RIO ROBLES DR  AUSTIN, TX 78746","8712 BLACKVIREO DR, AUSTIN, TX  78729","C760 - PARMER VILLAGE CONDO, UNIT 170, 0.266% COMMON AREA INTEREST, (PH 10), {R503364/NON-M15}, (DEL12 to R503364)","R369O"," "," ","Real","$2,909","$2,909"
"R503467","R-16-4939-0000-0171M","PALMA, DANIEL & JESSICA VALVERDE","8708 BLACKVIREO DR  AUSTIN, TX 78729","8708 BLACKVIREO DR, AUSTIN, TX  78729","C760 - PARMER VILLAGE CONDO, UNIT 171, 0.266% COMMON AREA INTEREST, (PH 10), {R503365/NON-M15}, (DEL12 to R503365)","R369O"," "," ","Real","$2,909","$2,909"
"R503468","R-16-4939-0000-0172M","LENAMON, MARTHA A & DAVID P HARDAWAY","8704 BLACKVIREO DR  AUSTIN, TX 78729","8704 BLACKVIREO DR, AUSTIN, TX  78729","C760 - PARMER VILLAGE CONDO, UNIT 172, 0.266% COMMON AREA INTEREST, (PH 10), UNIT 172, {R503366/NON-M15}, (DEL12 to R503366)","R369O"," "," ","Real","$2,909","$2,909"
"R503469","R-16-4939-0000-0173M","TVRDIK, WILLIAM L","8700 BLACKVIREO DR AUSTIN, TX 78729-8079","8700 BLACKVIREO DR, AUSTIN, TX  78729","C760 - PARMER VILLAGE CONDO, UNIT 173, 0.266% COMMON AREA INTEREST, (PH 10), (1%UDIHS), {R503367/NON-M15}, (DEL12 to R503367)","R369O"," "," ","Real","$1,936","$1,936"
"R503470","R-16-4939-0000-0175M","DUBE, TERESA M","8705 BLACKVIREO DR AUSTIN, TX 78729-8079","8705 BLACKVIREO DR, AUSTIN, TX  78729","C760 - PARMER VILLAGE CONDO, UNIT 175, 0.266% COMMON AREA INTEREST, (PH 10), {R503368/NON-M15}, (DEL12 to R503368)","R369O"," "," ","Real","$2,909","$2,909"
"R503471","R-16-4939-0000-0176M","GODFREY, LAUREN LEIGH","8709 BLACKVIREO DR  AUSTIN, TX 78729","8709 BLACKVIREO DR, AUSTIN, TX  78729","C760 - PARMER VILLAGE CONDO, UNIT 176, 0.266% COMMON AREA INTEREST, (PH 10), {R503369/NON-M15}, (DEL12 to R503369)","R369O"," "," ","Real","$2,909","$2,909"
"R503472","R-16-4939-0000-0178M","MILLER, TROY & ANDREA HERNANDEZ and CHARLES P & KAREN L MILLER","8717 BLACKVIREO DR AUSTIN, TX 78729-8079","8717 BLACKVIREO DR, AUSTIN, TX  78729","C760 - PARMER VILLAGE CONDO, UNIT 178, 0.266% COMMON AREA INTEREST, (PH 10), {R503370/NON-M15}, (DEL12 to R503370)","R369O"," "," ","Real","$2,909","$2,909"
"R503473","R-16-4939-0000-0179M","EQUITY TRUST CO CUSTODIAN FBO MARIA BEERENS IRA","#47023,  PO BOX 660675 DALLAS, TX 75266-0675","8721 BLACKVIREO DR, AUSTIN, TX  78729","C760 - PARMER VILLAGE CONDO, UNIT 179, 0.266% COMMON AREA INTEREST, (PH 10), {R503371/NON-M15}, (DEL12 to R503371)","R369O"," "," ","Real","$2,909","$2,909"
"R503474","R-16-4939-0000-0180M","MALOTT, PATRICK & JULIA","8725 BLACKVIREO DR AUSTIN, TX 78729-8079","8725 BLACKVIREO DR, AUSTIN, TX  78729","C760 - PARMER VILLAGE CONDO, UNIT 180, 0.266% COMMON AREA INTEREST, (PH 10), {R503372/NON-M15}, (DEL12 to R503372)","R369O"," "," ","Real","$2,909","$2,909"
"R503475","R-16-4939-0000-0181M","GUYSENIR, BARBARA","8729 BLACKVIREO DR AUSTIN, TX 78729-8079","8729 BLACKVIREO DR, AUSTIN, TX  78729","C760 - PARMER VILLAGE CONDO, UNIT 181, 0.266% COMMON AREA INTEREST, (PH 10), {R503373/NON-M15}, (DEL12 to R503373)","R369O"," "," ","Real","$2,909","$2,909"
"R503476","R-16-4939-0000-0182M","MYERS, JOSHUA M & KATHERINE R CARNEY","8733 BLACKVIREO DR AUSTIN, TX 78729-8079","8733 BLACKVIREO DR, AUSTIN, TX  78729","C760 - PARMER VILLAGE CONDO, UNIT 182, 0.266% COMMON AREA INTEREST, (PH 10), {R503374/NON-M15}, (DEL12 to R503374)","R369O"," "," ","Real","$2,909","$2,909"
"R503477","R-16-4939-0000-0184M","COTTON, SHELLY D","8741 BLACKVIREO DR  AUSTIN, TX 78729","8741 BLACKVIREO DR, AUSTIN, TX  78729","C760 - PARMER VILLAGE CONDO, UNIT 184, 0.266% COMMON AREA INTEREST, (PH 10), {R503375/NON-M15}, (DEL12 to R503375)","R369O"," "," ","Real","$2,909","$2,909"
"R503478","R-16-4939-0000-0185M","YUNG, ANGELA","9212 PARTRIDGE CIR  AUSTIN, TX 78758-6549","8745 BLACKVIREO DR, AUSTIN, TX  78729","C760 - PARMER VILLAGE CONDO, UNIT 185, 0.266% COMMON AREA INTEREST, (PH 10), (2%UDIHS), {R503406/NON-M15}, (DEL12 to R503406)","R369O"," "," ","Real","$3,551","$3,551"
"R503479","R-16-4939-0000-0186M","HAMANN, KRISTINE LEE","502 S POST OAK LN  #APT 608 HOUSTON, TX 77056-1459","13521 OYSTERCATCHER DR, AUSTIN, TX  78729","C760 - PARMER VILLAGE CONDO, UNIT 186, 0.266% COMMON AREA INTEREST, (PH 10), {R503376/NON-M15}, (DEL12 to R503376)","R369O"," "," ","Real","$2,909","$2,909"
"R503480","R-16-4939-0000-0191M","CLARK, LUKE A & JENNIFER K","8800 WOOD STORK DR  AUSTIN, TX 78729-8088","8800 WOOD STORK DR, AUSTIN, TX  78729","C760 - PARMER VILLAGE CONDO, UNIT 191, 0.266% COMMON AREA INTEREST, (PH 10), UNIT 191, .266% COMMON INT, {R503377/NON-M15}, (DEL12 to R503377)","R369O"," "," ","Real","$44,088","$44,088"
"R503481","R-16-4939-0000-0193M","GARVIN, DAX","2800 SAINT FRANCES CT  ROUND ROCK, TX 78665","8732 WOOD STORK DR, AUSTIN, TX  78729","C760 - PARMER VILLAGE CONDO, UNIT 193, 0.266% COMMON AREA INTEREST, (PH 10), {R503378/NON-M15}, (DEL12 to R503378)","R369O"," "," ","Real","$2,909","$2,909"
"R503482","R-16-4939-0000-0199M","HUYNH, BINH & ANTHONY CORTINAS","8708 WOOD STORK DR AUSTIN, TX 78729-8087","8708 WOOD STORK DR, AUSTIN, TX  78729","C760 - PARMER VILLAGE CONDO, UNIT 199, 0.266% COMMON AREA INTEREST, (PH 10), {R503379/NON-M15}, (DEL12 to R503379)","R369O"," "," ","Real","$0","$0"
"R503483","R-16-4939-0000-0200M","GILMORE, JULIE","8704 WOOD STORK DR  AUSTIN, TX 78729","8704 WOOD STORK DR, AUSTIN, TX  78729","C760 - PARMER VILLAGE CONDO, UNIT 200, 0.266% COMMON AREA INTEREST, (PH 10), {R503380/NON-M15}, (DEL12 to R503380)","R369O"," "," ","Real","$0","$0"
"R503484","R-16-4939-0000-0202M","CONTINENTAL HOMES OF TEXAS LP","10700 PECAN PARK BLVD FOURTH FLOOR STE 400 AUSTIN, TX 78750-1227","8601 ROCK PIGEON DR, AUSTIN, TX  78729","C760 - PARMER VILLAGE CONDO, UNIT 202, 0.266% COMMON AREA INTEREST, (PH 10), {R503381/NON-M15}, (DEL12 to R503381)","R369O"," "," ","Real","$0","$0"
"R503485","R-16-4939-0000-0203M","CONTINENTAL HOMES OF TEXAS LP","10700 PECAN PARK BLVD FOURTH FLOOR STE 400 AUSTIN, TX 78750-1227","8605 ROCK PIGEON DR, AUSTIN, TX  78729","C760 - PARMER VILLAGE CONDO, UNIT 203, 0.266% COMMON AREA INTEREST, (PH 10), {R503382/NON-M15}, (DEL12 to R503382)","R369O"," "," ","Real","$0","$0"
"R503486","R-16-4939-0000-0209M","ALLAR, ANDREW F","1114 IRIS CRESCENT DR  FLORESVILLE, TX 78114-3020","8801 WOOD STORK DR, AUSTIN, TX  78729","C760 - PARMER VILLAGE CONDO, UNIT 209, 0.266% COMMON AREA INTEREST, (PH 10), {R503383/NON-M15}, (DEL12 to R503383)","R369O"," "," ","Real","$0","$0"
"R503487","R-16-4939-0000-0231M","CONTINENTAL HOMES OF TEXAS LP","10700 PECAN PARK BLVD FOURTH FLOOR STE 400 AUSTIN, TX 78750-1227","8600 HARRIER DR, AUSTIN, TX  78729","S9727 - PARMER VILLAGE CONDO, (PH 10), UNIT 231, .266% COMMON INT, {R503385/NON-M15}, (DEL12 to R503385)","R369O"," ","S9727 - PARMER VILLAGE CONDO","Real","$2,909","$2,909"
"R503488","R-16-4939-0000-0232M","CONTINENTAL HOMES OF TEXAS LP","10700 PECAN PARK BLVD FOURTH FLOOR STE 400 AUSTIN, TX 78750-1227","8532 HARRIER DR, AUSTIN, TX  78729","S9727 - PARMER VILLAGE CONDO, (PH 10), UNIT 232, .266% COMMON INT, {R503386/NON-M15}, (DEL12 to R503386)","R369O"," ","S9727 - PARMER VILLAGE CONDO","Real","$2,909","$2,909"
"R503489","R-16-4939-0000-0235M","CONTINENTAL HOMES OF TEXAS LP","10700 PECAN PARK BLVD FOURTH FLOOR STE 400 AUSTIN, TX 78750-1227","8520 HARRIER DR, AUSTIN, TX  78729","S9727 - PARMER VILLAGE CONDO, (PH 10), UNIT 235, .266% COMMON INT, {R503387/NON-M15}, (DEL12 to R503387)","R369O"," ","S9727 - PARMER VILLAGE CONDO","Real","$2,909","$2,909"
"R503490","R-16-4939-0000-0236M","CONTINENTAL HOMES OF TEXAS LP","10700 PECAN PARK BLVD FOURTH FLOOR STE 400 AUSTIN, TX 78750-1227","13525 SAGE GROUSE DR, AUSTIN, TX  78729","S9727 - PARMER VILLAGE CONDO, (PH 10), UNIT 236, .266% COMMON INT, {R503388/NON-M15}, (DEL12 to R503388)","R369O"," ","S9727 - PARMER VILLAGE CONDO","Real","$2,909","$2,909"
"R503491","R-16-4939-0000-0237M","CONTINENTAL HOMES OF TEXAS LP","10700 PECAN PARK BLVD FOURTH FLOOR STE 400 AUSTIN, TX 78750-1227","13521 SAGE GROUSE DR, AUSTIN, TX  78729","S9727 - PARMER VILLAGE CONDO, (PH 10), UNIT 237, .266% COMMON INT, {R503389/NON-M15}, (DEL12 to R503389)","R369O"," ","S9727 - PARMER VILLAGE CONDO","Real","$2,909","$2,909"
"R503492","R-16-4939-0000-0238M","MARLIN FARM LP","13517 SAGE GROUSE DR  AUSTIN, TX 78729","13517 SAGE GROUSE DR, AUSTIN, TX  78729","S9727 - PARMER VILLAGE CONDO, (PH 10), UNIT 238, .266% COMMON INT, {R503390/NON-M15}, (DEL12 to R503390)","R369O"," ","S9727 - PARMER VILLAGE CONDO","Real","$2,909","$2,909"
"R503493","R-16-4939-0000-0239M","NULL, BRADLEY & LORA","13513 SAGE GROUSE DR AUSTIN, TX 78729-8090","13513 SAGE GROUSE DR, AUSTIN, TX  78729","S9727 - PARMER VILLAGE CONDO, (PH 10), UNIT 239, .266% COMMON INT, {R503391/NON-M15}, (DEL12 to R503391)","R369O"," ","S9727 - PARMER VILLAGE CONDO","Real","$2,909","$2,909"
"R503494","R-16-4939-0000-0240M","AHERNE, MARTIN C","13509 SAGE GROUSE DR AUSTIN, TX 78729-8090","13509 SAGE GROUSE DR, AUSTIN, TX  78729","S9727 - PARMER VILLAGE CONDO, (PH 10), UNIT 240, .266% COMMON INT, {R503392/NON-M15}, (DEL12 to R503392)","R369O"," ","S9727 - PARMER VILLAGE CONDO","Real","$2,909","$2,909"
"R503495","R-16-4939-0000-0241M","ARENTZ, JOSEPH DANIEL JR & JUSTIN W STAUDIGL","13505 SAGE GROUSE DR  AUSTIN, TX 78729","13505 SAGE GROUSE DR, AUSTIN, TX  78729","S9727 - PARMER VILLAGE CONDO, (PH 10), UNIT 241, .266% COMMON INT, {R503393/NON-M15}, (DEL12 to R503393)","R369O"," ","S9727 - PARMER VILLAGE CONDO","Real","$2,909","$2,909"
"R503496","R-16-4939-0000-0242M","CREQUE, JEANETTE","13501 SAGE GROUSE DR AUSTIN, TX 78729-8090","13501 SAGE GROUSE DR, AUSTIN, TX  78729","S9727 - PARMER VILLAGE CONDO, (PH 10), UNIT 242, .266% COMMON INT, {R503394/NON-M15}, (DEL12 to R503394)","R369O"," ","S9727 - PARMER VILLAGE CONDO","Real","$2,909","$2,909"
"R503497","R-16-4939-0000-0316M","TURLEY, ERIC J & VIRGINIA RENEE MOCHA","13401 SAGE GROUSE DR  AUSTIN, TX 78729","13401 SAGE GROUSE DR, AUSTIN, TX  78729","S9727 - PARMER VILLAGE CONDO, (PH 10), UNIT 316, .266% COMMON INT, {R503395/NON-M15}, (DEL12 to R503395)","R369O"," ","S9727 - PARMER VILLAGE CONDO","Real","$2,909","$2,909"
"R503498","R-16-4939-0000-0317M","FEATHERSTON, JEFFREY DON & VIVIAN A","13405 SAGE GROUSE DR AUSTIN, TX 78729-8089","13405 SAGE GROUSE DR, AUSTIN, TX  78729","S9727 - PARMER VILLAGE CONDO, (PH 10), UNIT 317, .266% COMMON INT, {R503396/NON-M15}, (DEL12 to R503396)","R369O"," ","S9727 - PARMER VILLAGE CONDO","Real","$2,909","$2,909"
"R503499","R-16-4939-0000-0318M","GUMBERT, GARY & JACQUELINE E","33105 SANTIAGO RD  #SPC 123 ACTON, CA 93510-1883","13409 SAGE GROUSE DR, AUSTIN, TX  78729","S9727 - PARMER VILLAGE CONDO, (PH 10), UNIT 318, .266% COMMON INT, {R503397/NON-M15}, (DEL12 to R503397)","R369O"," ","S9727 - PARMER VILLAGE CONDO","Real","$2,909","$2,909"
"R503500","R-16-4939-0000-0319M","KAIL, JACOB JOSEPH & ANNA","13413 GROUSE DR AUSTIN, TX 78729","13413 SAGE GROUSE DR, AUSTIN, TX  78729","S9727 - PARMER VILLAGE CONDO, (PH 10), UNIT 319, .266% COMMON INT, (2%UDIHS), {R503398/NON-M15}, (DEL12 to R503398)","R369O"," ","S9727 - PARMER VILLAGE CONDO","Real","$3,666","$3,666"
"R503501","R-16-4939-0000-0320M","SANCHEZ, AMANDA V & JAIME M FERNANDEZ","171 TIVOLI LN  DANVILLE, CA 94506","13417 SAGE GROUSE DR, AUSTIN, TX  78729","S9727 - PARMER VILLAGE CONDO, (PH 10), UNIT 320, .266% COMMON INT, {R503399/NON-M15}, (DEL12 to R503399)","R369O"," ","S9727 - PARMER VILLAGE CONDO","Real","$2,909","$2,909"
"R503502","R-16-4939-0000-0321M","LAU, YAT TUNG & JUNG SIM","12908 SCOFIELD FARMS DR  AUSTIN, TX 78727","13421 SAGE GROUSE DR, AUSTIN, TX  78729","S9727 - PARMER VILLAGE CONDO, (PH 10), UNIT 321, .266% COMMON INT, {R503400/NON-M15}, (DEL12 to R503400)","R369O"," ","S9727 - PARMER VILLAGE CONDO","Real","$2,909","$2,909"
"R503503","R-16-4939-0000-0322M","PETERS, CHRIS","13425 SAGE GROUSE DR  AUSTIN, TX 78729","13425 SAGE GROUSE DR, AUSTIN, TX  78729","S9727 - PARMER VILLAGE CONDO, (PH 10), UNIT 322, .266% COMMON INT, {R503401/NON-M15}, (DEL12 to R503401)","R369O"," ","S9727 - PARMER VILLAGE CONDO","Real","$2,909","$2,909"
"R503504","R-16-4939-0000-0323M","HENDRIX, DUSTIN J & KAY LYNN","13429 SAGE GROUSE DR AUSTIN, TX 78729-8089","13429 SAGE GROUSE DR, AUSTIN, TX  78729","S9727 - PARMER VILLAGE CONDO, (PH 10), UNIT 323, .266% COMMON INT, {R503402/NON-M15}, (DEL12 to R503402)","R369O"," ","S9727 - PARMER VILLAGE CONDO","Real","$2,909","$2,909"
"R503505","R-16-4939-0000-0324M","KENWORTHY, KIRSTEN LEE","13433 SAGE GROUSE DR  AUSTIN, TX 78729","13433 SAGE GROUSE DR, AUSTIN, TX  78729","S9727 - PARMER VILLAGE CONDO, (PH 10), UNIT 324, .266% COMMON INT, {R503407/NON-M15}, (DEL12 to R503407)","R369O"," ","S9727 - PARMER VILLAGE CONDO","Real","$2,909","$2,909"
"R503506","R-16-4939-0000-0325M","MCINTYRE, MARY ELLEN","11901 KNIGHTS BRG  AUSTIN, TX 78759-3623","13437 SAGE GROUSE DR, AUSTIN, TX  78729","S9727 - PARMER VILLAGE CONDO, (PH 10), UNIT 325, .266% COMMON INT, (2%UDIHS), {R503403/NON-M15}, (DEL12 to R503403)","R369O"," ","S9727 - PARMER VILLAGE CONDO","Real","$3,436","$3,436"
"R503507","R-16-4939-0000-0126M","SON, YOUNGHEE","8816 WHITE IBIS DR AUSTIN, TX 78729-8078","8816 WHITE IBIS DR, AUSTIN, TX  78729","C760 - PARMER VILLAGE CONDO, UNIT 126, 0.266% COMMON AREA INTEREST, (PH 10), {R503405/NON-M15}, (DEL12 to R503405)","R369O"," "," ","Real","$2,909","$2,909"
"R503508","R-16-4939-0000-0212M","YOUNG, BLAKE THOMAS","8813 WOOD STORK DR  AUSTIN, TX 78729","8813 WOOD STORK DR, AUSTIN, TX  78729","C760 - PARMER VILLAGE CONDO, UNIT 212, 0.266% COMMON AREA INTEREST, (PH 10), {R503384/NON-M15}, (DEL12 to R503384)","R369O"," "," ","Real","$0","$0"
"R513279","R-16-4939-0000-0243","DEITZ, JULIE","18809 EDINBOURGH CASTLE RD  PFLUGERVILLE, TX 78660","13500 NIGHT HERON DR, AUSTIN, TX  78729","C760 - PARMER VILLAGE CONDO, UNIT 243, 0.362% COMMON AREA INTEREST, (PH 11), [TU Pcts]","R369O"," "," ","Real","$361,522","$361,522"
"R513280","R-16-4939-0000-0244","SHAH, MEHUL","13504 NIGHT HERON DR   244 AUSTIN, TX 78729","13504 NIGHT HERON DR, AUSTIN, TX  78729","C760 - PARMER VILLAGE CONDO, UNIT 244, 0.362% COMMON AREA INTEREST, (PH 11), [TU Pcts]","R369O"," "," ","Real","$364,328","$364,328"
"R513281","R-16-4939-0000-0245","ASHTON, LESLIE  (TOD)","13508 NIGHT HERON DR  AUSTIN, TX 78729","13508 NIGHT HERON DR, AUSTIN, TX  78729","C760 - PARMER VILLAGE CONDO, UNIT 245, 0.362% COMMON AREA INTEREST, PH 11), [TU Pcts]","R369O"," "," ","Real","$367,565","$367,565"
"R513282","R-16-4939-0000-0246","SHEN, YUSONG & YINGYING XU","13512 NIGHT HERON DR   246 AUSTIN, TX 78729","13512 NIGHT HERON DR, AUSTIN, TX  78729","C760 - PARMER VILLAGE CONDO, UNIT 246, 0.362% COMMON AREA INTEREST, (PH 11), [TU Pcts]","R369O"," "," ","Real","$460,610","$460,610"
"R513283","R-16-4939-0000-0247","SABELLA, GIOVANNI L","13516 NIGHT HERON DR  AUSTIN, TX 78729","13516 NIGHT HERON DR, AUSTIN, TX  78729","C760 - PARMER VILLAGE CONDO, UNIT 247, 0.362% COMMON AREA INTEREST, (PH 11), [TU Pcts]","R369O"," "," ","Real","$399,804","$399,804"
"R513284","R-16-4939-0000-0248","SANCHEZ, AMANDA V & JAIME M FERNANDEZ","171 TIVOLI LN  DANVILLE, CA 94506","13520 NIGHT HERON DR, AUSTIN, TX  78729","C760 - PARMER VILLAGE CONDO, UNIT 248, 0.362% COMMON AREA INTEREST, (PH 11), [TU Pcts]","R369O"," "," ","Real","$415,840","$415,840"
"R513285","R-16-4939-0000-0249","GIANI, MATTHEW S & SHADI","13002 ARMAGA SPRINGS RD  AUSTIN, TX 78727-3455","13524 NIGHT HERON DR, AUSTIN, TX  78729","C760 - PARMER VILLAGE CONDO, UNIT 249, 0.362% COMMON AREA INTEREST, (PH 11), [TU Pcts]","R369O"," "," ","Real","$367,565","$367,565"
"R513286","R-16-4939-0000-0250","ZHANG & YU MENG, LIFAN","13525 NIGHT HERON DR  AUSTIN, TX 78729","13525 NIGHT HERON DR, AUSTIN, TX  78729","C760 - PARMER VILLAGE CONDO, UNIT 250, 0.362% COMMON AREA INTEREST, (PH 11), [TU Pcts]","R369O"," "," ","Real","$427,640","$427,640"
"R513287","R-16-4939-0000-0251","KURUSZ, JOHN BRADLEY","13521 NIGHT HERON DR  AUSTIN, TX 78729","13521 NIGHT HERON DR #251, AUSTIN, TX  78729","C760 - PARMER VILLAGE CONDO, UNIT 251, 0.362% COMMON AREA INTEREST, (PH 11), [TU Pcts]","R369O"," "," ","Real","$364,328","$364,328"
"R513288","R-16-4939-0000-0252","PINGLE, NIKHIL","8933 IVEANS CV AUSTIN, TX 78717-4174","13517 NIGHT HERON DR, AUSTIN, TX  78729","C760 - PARMER VILLAGE CONDO, UNIT 252, 0.362% COMMON AREA INTEREST, (PH 11), [TU Pcts]","R369O"," "," ","Real","$399,804","$399,804"
"R513289","R-16-4939-0000-0253","STARK, RILO","13513 NIGHT HERON DR  AUSTIN, TX 78729-8093","13513 NIGHT HERON DR, AUSTIN, TX  78729","C760 - PARMER VILLAGE CONDO, UNIT 253, 0.362% COMMON AREA INTEREST, (PH 11), [TU Pcts]","R369O"," "," ","Real","$361,522","$361,522"
"R513290","R-16-4939-0000-0254","GAULDIN THOMAS CHRISTOPHER TRUSTEE OF THE GAULDIN LIVING TRUST","13509 NIGHT HERON DR  AUSTIN, TX 78729","13509 NIGHT HERON DR, AUSTIN, TX  78729","C760 - PARMER VILLAGE CONDO, UNIT 254, 0.362% COMMON AREA INTEREST, (PH 11), [TU Pcts]","R369O"," "," ","Real","$459,636","$459,636"
"R513291","R-16-4939-0000-0255","BOLLOM, MATTHEW S","8613 WOOD STORK DR  AUSTIN, TX 78729","8613 WOOD STORK DR, AUSTIN, TX  78729","C760 - PARMER VILLAGE CONDO, UNIT 255, 0.362% COMMON AREA INTEREST, (PH 11), [TU Pcts]","R369O"," "," ","Real","$348,613","$348,613"
"R513292","R-16-4939-0000-0256","DA SILVA, RODRIGO FERREIRA","8609 WOOD STORK DR  AUSTIN, TX 78729","8609 WOOD STORK DR, AUSTIN, TX  78729","C760 - PARMER VILLAGE CONDO, UNIT 256, 0.362% COMMON AREA INTEREST, (PH 11), [TU Pcts]","R369O"," "," ","Real","$359,566","$359,566"
"R513293","R-16-4939-0000-0257","TAQVI, ALI","13508 RED EGRET DR  #UNIT 257 AUSTIN, TX 78729","13508 RED EGRET DR, AUSTIN, TX  78729","C760 - PARMER VILLAGE CONDO, UNIT 257, 0.362% COMMON AREA INTEREST, (PH 11), [TU Pcts]","R369O"," "," ","Real","$352,884","$352,884"
"R513294","R-16-4939-0000-0258","LU, DAQING (TOD)","13512 RED EGRET DR  AUSTIN, TX 78729","13512 RED EGRET DR, AUSTIN, TX  78729","C760 - PARMER VILLAGE CONDO, UNIT 258, 0.362% COMMON AREA INTEREST, (PH 11), [TU Pcts]","R369O"," "," ","Real","$366,587","$366,587"
"R513295","R-16-4939-0000-0259","LI, YUE & SHAORONG-ZHU LI","10008 BRIGHTLING LN  AUSTIN, TX 78750","13516 RED EGRET DR, AUSTIN, TX  78729","C760 - PARMER VILLAGE CONDO, UNIT 259, 0.362% COMMON AREA INTEREST, (PH 11), [TU Pcts]","R369O"," "," ","Real","$397,504","$397,504"
"R513296","R-16-4939-0000-0260","ZHANG, YU & YUJING QIU","399 MINDANAO DR  REDWOOD CITY, CA 95065","13520 RED EGRET DR, AUSTIN, TX  78729","C760 - PARMER VILLAGE CONDO, UNIT 260, 0.362% COMMON AREA INTEREST, (PH 11), [TU Pcts]","R369O"," "," ","Real","$350,567","$350,567"
"R513297","R-16-4939-0000-0261","ROSE, ROGER FOX","8500 HARRIER DRIVE #261 AUSTIN, TX 78729","8500 HARRIER DR #261, AUSTIN, TX  78729","C760 - PARMER VILLAGE CONDO, UNIT 261, 0.362% COMMON AREA INTEREST, (PH 11), [TU Pcts]","R369O"," "," ","Real","$366,587","$366,587"
"R513298","R-16-4939-0000-0262","FALVEY, ROBERT A","8504 HARRIER DR  AUSTIN, TX 78729","8504 HARRIER DR, AUSTIN, TX  78729","C760 - PARMER VILLAGE CONDO, UNIT 262, 0.362% COMMON AREA INTEREST, (PH 11), [TU Pcts]","R369O"," "," ","Real","$440,704","$440,704"
"R513299","R-16-4939-0000-0263","VINSON SHEA HOLDINGS LTD","2025 STONEGATE VALLEY DR TYLER, TX 75703-0115","8508 HARRIER DR, AUSTIN, TX  78729","C760 - PARMER VILLAGE CONDO, UNIT 263, 0.362% COMMON AREA INTEREST, (PH 11), [TU Pcts]","R369O"," "," ","Real","$364,328","$364,328"
"R513300","R-16-4939-0000-0264","FRIEDMAN, CALIST & DOLLORES K","16013 DOUBLE EAGLE DR  AUSTIN, TX 78717-3814","8512 HARRIER DR, AUSTIN, TX  78729","C760 - PARMER VILLAGE CONDO, UNIT 264, 0.362% COMMON AREA INTEREST, (PH 11), [TU Pcts]","R369O"," "," ","Real","$397,504","$397,504"
"R513301","R-16-4939-0000-0265","BASAVA, SRITEJA & SUSHMA KUMARI KANUGANTI","8417 HARRIER DR  AUSTIN, TX 78729","8417 HARRIER DR, AUSTIN, TX  78729","C760 - PARMER VILLAGE CONDO, UNIT 265, 0.362% COMMON AREA INTEREST, (PH 11),  [TU Pcts]","R369O"," "," ","Real","$459,636","$459,636"
"R513302","R-16-4939-0000-0266","DENNIS, ROBIN","8413 HARRIER DR  AUSTIN, TX 78729","8413 HARRIER DR, AUSTIN, TX  78729","C760 - PARMER VILLAGE CONDO, UNIT 266, 0.362% COMMON AREA INTEREST, (PH 11), [TU Pcts]","R369O"," "," ","Real","$366,587","$366,587"
"R513303","R-16-4939-0000-0267","ARNOLD, NINA M","4500 TAMARACK TRL AUSTIN, TX 78727","8409 HARRIER DR, AUSTIN, TX  78729","C760 - PARMER VILLAGE CONDO, UNIT 267, 0.362% COMMON AREA INTEREST, (PH 11), [TU Pcts]","R369O"," "," ","Real","$396,522","$396,522"
"R513304","R-16-4939-0000-0268","RAHMAN, BALEEGH & ISHRAIN HUSSAIN","8400 HARRIER DR  AUSTIN, TX 78729","8400 HARRIER DR, AUSTIN, TX  78729","C760 - PARMER VILLAGE CONDO, UNIT 268, 0.362% COMMON AREA INTEREST, PH 11), [TU Pcts]","R369O"," "," ","Real","$366,587","$366,587"
"R513305","R-16-4939-0000-0269","NAYAK, ASHISH KUMAR","15104 IVEANS WAY AUSTIN, TX 78717-4159","8404 HARRIER DR, AUSTIN, TX  78729","C760 - PARMER VILLAGE CONDO, UNIT 269, 0.362% COMMON AREA INTEREST, (PH 11), [TU Pcts]","R369O"," "," ","Real","$399,804","$399,804"
"R513306","R-16-4939-0000-0270","SHUTER, RAYMOND & JESSICA","8408 HARRIER DR  AUSTIN, TX 78729","8408 HARRIER DR, AUSTIN, TX  78729","C760 - PARMER VILLAGE CONDO, UNIT 270, 0.362% COMMON AREA INTEREST, (PH 11), [TU Pcts]","R369O"," "," ","Real","$350,567","$350,567"
"R513307","R-16-4939-0000-0271","PARK, JUSTIN","1850 SETTLERS GLEN DR  #UNIT 1703 ROUND ROCK, TX 78665","8412 HARRIER DR, AUSTIN, TX  78729","C760 - PARMER VILLAGE CONDO, UNIT 271, 0.362% COMMON AREA INTEREST, (PH 11), [TU Pcts]","R369O"," "," ","Real","$364,328","$364,328"
"R513308","R-16-4939-0000-0272","PFEIFER, FREDRIC M & CYNTHIA R","8029 MULEY DR  AUSTIN, TX 78759-6900","13521 RED EGRET DR, AUSTIN, TX  78729","C760 - PARMER VILLAGE CONDO, UNIT 272, 0.362% COMMON AREA INTEREST, (PH 11), [TU Pcts]","R369O"," "," ","Real","$372,673","$372,673"
"R513309","R-16-4939-0000-0273","LITTLE ROCK FOUNDATION","12758 ROYAL OAKS LN FARMERS BRANCH, TX 75234-4803","13517 RED EGRET DR, AUSTIN, TX  78729","C760 - PARMER VILLAGE CONDO, UNIT 273, 0.362% COMMON AREA INTEREST, (PH 11), [TU Pcts]","R369O"," "," ","Real","$460,610","$460,610"
"R513310","R-16-4939-0000-0274","WILLIAMS, KORY","13513 RED EGRET DR  #UNIT 274 AUSTIN, TX 78729","13513 RED EGRET DR, AUSTIN, TX  78729","C760 - PARMER VILLAGE CONDO, UNIT 274, 0.362% COMMON AREA INTEREST, (PH 11), [TU Pcts]","R369O"," "," ","Real","$396,522","$396,522"
"R513311","R-16-4939-0000-0275","SUTEDJA, STEPHANIE & DJOHAN","13509 RED EGRET DR  AUSTIN, TX 78729","13509 RED EGRET DR, AUSTIN, TX  78729","C760 - PARMER VILLAGE CONDO, UNIT 275, 0.362% COMMON AREA INTEREST, (PH 11), [TU Pcts]","R369O"," "," ","Real","$439,712","$439,712"
"R513312","R-16-4939-0000-0276","REALHA166 LLC - SERIES B","9600 ESCARPMENT BLVD  #STE 745-268 AUSTIN, TX 78749","8521 WOOD STORK DR, AUSTIN, TX  78729","C760 - PARMER VILLAGE CONDO, UNIT 276, 0.362% COMMON AREA INTEREST, (PH 11), [TU Pcts]","R369O"," "," ","Real","$364,328","$364,328"
"R513313","R-16-4939-0000-0277","DEKEY, SAMSON LEE","1405 CLEARWING CIR  GEORGETOWN, TX 78626","8517 WOOD STORK DR, AUSTIN, TX  78729","C760 - PARMER VILLAGE CONDO, UNIT 277, 0.362% COMMON AREA INTEREST, (PH 11), [TU Pcts]","R369O"," "," ","Real","$399,804","$399,804"
"R513314","R-16-4939-0000-0278","ZHANG, YU & YUJING QIU","399 MINDANAO DR  REDWOOD CITY, CA 95065","8513 WOOD STORK DR, AUSTIN, TX  78729","C760 - PARMER VILLAGE CONDO, UNIT 278, 0.362% COMMON AREA INTEREST, (PH 11), [TU Pcts]","R369O"," "," ","Real","$350,567","$350,567"
"R513315","R-16-4939-0000-0279","BOROFF, WILLIAM JAMES & SEENA MATHEW","8509 WOOD STORK DR  AUSTIN, TX 78729","8509 WOOD STORK DR, AUSTIN, TX  78729","C760 - PARMER VILLAGE CONDO, UNIT 279, 0.362% COMMON AREA INTEREST, (PH 11), [TU Pcts]","R369O"," "," ","Real","$473,534","$473,534"
"R513316","R-16-4939-0000-0281","JSW-2 PROPERTIES LLC","PO BOX 10169 AUSTIN, TX 78766","13512 PIPING PLOVER DR, AUSTIN, TX  78729","C760 - PARMER VILLAGE CONDO, UNIT 281, 0.362% COMMON AREA INTEREST, (PH 11), [TU Pcts]","R369O"," "," ","Real","$397,504","$397,504"
"R513317","R-16-4939-0000-0282","CARTER, GEUMSOON & ROBERT D II","1807 NELSON RANCH LOOP  CEDAR PARK, TX 78613-4034","13516 PIPING PLOVER DR, AUSTIN, TX  78729","C760 - PARMER VILLAGE CONDO, UNIT 282, 0.362% COMMON AREA INTEREST, (PH 11), [TU Pcts]","R369O"," "," ","Real","$366,587","$366,587"
"R513318","R-16-4939-0000-0283","ZHOU, YAPING & YURONG SHI TRUSTEES OF THE ZHOU & SHI FAMILY TRUST","17520 ELAINE CT MONTE SERENO, CA 95030","13520 PIPING PLOVER DR, AUSTIN, TX  78729","C760 - PARMER VILLAGE CONDO, UNIT 283, 0.362% COMMON AREA INTEREST, (PH 11), [TU Pcts]","R369O"," "," ","Real","$363,349","$363,349"
"R513319","R-16-4939-0000-0284","DAO, DAVID & LINDA NGUYEN","13524 PIPING PLOVER DR  AUSTIN, TX 78729","13524 PIPING PLOVER DR, AUSTIN, TX  78729","C760 - PARMER VILLAGE CONDO, UNIT 284, 0.362% COMMON AREA INTEREST, (PH 11), [TU Pcts]","R369O"," "," ","Real","$352,884","$352,884"
"R513320","R-16-4939-0000-0285","ANWAR, SHOAIB","13521 PIPING PLOVER DR  AUSTIN, TX 78729","13521 PIPING PLOVER DR, AUSTIN, TX  78729","C760 - PARMER VILLAGE CONDO, UNIT 285, 0.362% COMMON AREA INTEREST, (PH 11), [TU Pcts]","R369O"," "," ","Real","$438,719","$438,719"
"R513321","R-16-4939-0000-0286","ZHOU, LING (TOD) & PUHONG YOU (TOD)","4514 LAGO VIENTO  AUSTIN, TX 78734-1909","13517 PIPING PLOVER DR, AUSTIN, TX  78729","C760 - PARMER VILLAGE CONDO, UNIT 286, 0.362% COMMON AREA INTEREST, (PH 11), [TU Pcts]","R369O"," "," ","Real","$363,349","$363,349"
"R513322","R-16-4939-0000-0287","12308 RR 620 LLC","9909 ANDERSON MILL RD AUSTIN, TX 78750-2229","13513 PIPING PLOVER DR, AUSTIN, TX  78729","C760 - PARMER VILLAGE CONDO, UNIT 287, 0.362% COMMON AREA INTEREST, (PH 11), [TU Pcts]","R369O"," "," ","Real","$349,590","$349,590"
"R513323","R-16-4939-0000-0288","SUTEDJA, DJOHAN","13509 PIPING PLOVER DR  AUSTIN, TX 78729","13509 PIPING PLOVER DR, AUSTIN, TX  78729","C760 - PARMER VILLAGE CONDO, UNIT 288, 0.362% COMMON AREA INTEREST, (PH 11),[TU Pcts]","R369O"," "," ","Real","$459,636","$459,636"
"R513324","R-16-4939-0000-0289","GARCIA, MARIANO & ARLENE TORRES-GARCIA","13505 PIPING PLOVER DR  AUSTIN, TX 78729","13505 PIPING PLOVER DR, AUSTIN, TX  78729","C760 - PARMER VILLAGE CONDO, UNIT 289, 0.362% COMMON AREA INTEREST, (PH 11), [TU Pcts]","R369O"," "," ","Real","$398,823","$398,823"
"R513325","R-16-4939-0000-0290","KRISHNAMURTHY, SUBRAMANIAM & MADHUMATHI VENKATARAMANI","4317 WATSON CIR  SANTA CLARA, CA 95054-4166","13501 PIPING PLOVER DR, AUSTIN, TX  78729","C760 - PARMER VILLAGE CONDO, UNIT 290, 0.362% COMMON AREA INTEREST, (PH 11), [TU Pcts]","R369O"," "," ","Real","$360,544","$360,544"
"R513326","R-16-4939-0000-0291","SUGAREK, DARLENE","13437 LITTLE GULL DR  #UNIT 291 AUSTIN, TX 78729","13437 LITTLE GULL DR, AUSTIN, TX  78729","C760 - PARMER VILLAGE CONDO, UNIT 291, 0.362% COMMON AREA INTEREST, (PH 11), [TU Pcts]","R369O"," "," ","Real","$365,608","$365,608"
"R513327","R-16-4939-0000-0292","WARD, LUIS","13433 LITTLE GULL DR  AUSTIN, TX 78729","13433 LITTLE GULL DR, AUSTIN, TX  78729","C760 - PARMER VILLAGE CONDO, UNIT 292, 0.362% COMMON AREA INTEREST, (PH 11), [TU Pcts]","R369O"," "," ","Real","$395,541","$395,541"
"R513328","R-16-4939-0000-0293","RYAN, DEL ALAN & MARY JANELLE","13429 LITTLE GULL DR  AUSTIN, TX 78729","13429 LITTLE GULL DR, AUSTIN, TX  78729","C760 - PARMER VILLAGE CONDO, UNIT 293, 0.362% COMMON AREA INTEREST, (PH 11), [TU Pcts]","R369O"," "," ","Real","$439,712","$439,712"
"R513329","R-16-4939-0000-0294","BUKHARI, SARIM","13425 LITTLE GULL DR   294 AUSTIN, TX 78729","13425 LITTLE GULL DR, AUSTIN, TX  78729","C760 - PARMER VILLAGE CONDO, UNIT 294, 0.362% COMMON AREA INTEREST, (PH 11), [TU Pcts]","R369O"," "," ","Real","$426,647","$426,647"
"R513330","R-16-4939-0000-0295","BOWLES, SEAN","13421 LITTLE GULL DR  AUSTIN, TX 78729","13421 LITTLE GULL DR, AUSTIN, TX  78729","C760 - PARMER VILLAGE CONDO, UNIT 295, 0.362% COMMON AREA INTEREST, (PH 11), [TU Pcts]","R369O"," "," ","Real","$349,590","$349,590"
"R513331","R-16-4939-0000-0296","YU, TONY & MYONG SUL YU","4124 GEARY ST  ROUND ROCK, TX 78681-2017","13417 LITTLE GULL DR, AUSTIN, TX  78729","C760 - PARMER VILLAGE CONDO, UNIT 296, 0.362% COMMON AREA INTEREST, (PH 11), [TU Pcts]","R369O"," "," ","Real","$360,544","$360,544"
"R513332","R-16-4939-0000-0297","TESTON, CATHY","13413 LITTLE GULL DR  AUSTIN, TX 78729","13413 LITTLE GULL DR, AUSTIN, TX  78729","C760 - PARMER VILLAGE CONDO, UNIT 297, 0.362% COMMON AREA INTEREST, (PH 11), [TU Pcts]","R369O"," "," ","Real","$396,860","$396,860"
"R513333","R-16-4939-0000-0298","LOZANO, ARLENNE & MATIAS","13409 LITTLE GULL DR  AUSTIN, TX 78729","13409 LITTLE GULL DR, AUSTIN, TX  78729","C760 - PARMER VILLAGE CONDO, UNIT 298, 0.362% COMMON AREA INTEREST, (PH 11), [TU Pcts]","R369O"," "," ","Real","$463,664","$463,664"
"R513334","R-16-4939-0000-0299","LOZANO, ARLENNE IVONNE & MATIAS ENRIQUE","13409 LITTLE GULL DR  AUSTIN, TX 78729","13405 LITTLE GULL DR, AUSTIN, TX  78729","C760 - PARMER VILLAGE CONDO, UNIT 299, 0.362% COMMON AREA INTEREST, (PH 11), [TU Pcts]","R369O"," "," ","Real","$394,075","$394,075"
"R513335","R-16-4939-0000-0300","PAN, HUAI & QIZHI LIN","901 KINGSTON PL  CEDAR PARK, TX 78613-2481","8508 WHITE IBIS DR, AUSTIN, TX  78729","C760 - PARMER VILLAGE CONDO, UNIT 300, 0.362% COMMON AREA INTEREST, (PH 11), [TU Pcts]","R369O"," "," ","Real","$359,566","$359,566"
"R513336","R-16-4939-0000-0301","GOLDENSON, ERIN","8512 WHITE IBIS DR  AUSTIN, TX 78729","8512 WHITE IBIS DR, AUSTIN, TX  78729","C760 - PARMER VILLAGE CONDO, UNIT 301, 0.362% COMMON AREA INTEREST, (PH 11), [TU Pcts]","R369O"," "," ","Real","$349,590","$349,590"
"R513337","R-16-4939-0000-0302","DURHAM, PATRICIA MICHELLE","8516 WHITE IBIS DR  AUSTIN, TX 78729","8516 WHITE IBIS DR, AUSTIN, TX  78729","C760 - PARMER VILLAGE CONDO, UNIT 302, 0.362% COMMON AREA INTEREST, (PH 11), [TU Pcts]","R369O"," "," ","Real","$366,587","$366,587"
"R513338","R-16-4939-0000-0303","SATHNUR, SURENDRANATH B & SANJEEVI SURENDRANATH","3709 TURETELLA DR  ROUND ROCK, TX 78681","8520 WHITE IBIS DR, AUSTIN, TX  78729","C760 - PARMER VILLAGE CONDO, UNIT 303, 0.362% COMMON AREA INTEREST, (PH 11), [TU Pcts]","R369O"," "," ","Real","$398,823","$398,823"
"R513339","R-16-4939-0000-0304","LAM, LONG & ANNA","8524 WHITE IBIS DR  AUSTIN, TX 78729","8524 WHITE IBIS DR, AUSTIN, TX  78729","C760 - PARMER VILLAGE CONDO, UNIT 304, 0.362% COMMON AREA INTEREST, (PH 11), [TU Pcts]","R369O"," "," ","Real","$426,647","$426,647"
"R513340","R-16-4939-0000-0305","HONG XIE TRUSTEE OF THE HONG XIE TRUST","320 MACKINTOSH TER FREEMONT, CA 94539","8528 WHITE IBIS DR, AUSTIN, TX  78729","C760 - PARMER VILLAGE CONDO, UNIT 305, 0.362% COMMON AREA INTEREST, (PH 11), [TU Pcts]","R369O"," "," ","Real","$439,712","$439,712"
"R513341","R-16-4939-0000-0306","IM, ALBERT & ANDREA VANCE","8532 WHITE IBIS DR  AUSTIN, TX 78729","8532 WHITE IBIS DR, AUSTIN, TX  78729","C760 - PARMER VILLAGE CONDO, UNIT 306, 0.362% COMMON AREA INTEREST, (PH 11), [TU Pcts]","R369O"," "," ","Real","$398,823","$398,823"
"R513342","R-16-4939-0000-0307","ACE TL INVESTMENT LLC","952 DENNIS DR  PALOAHO, CA 94303","8536 WHITE IBIS DR, AUSTIN, TX  78729","C760 - PARMER VILLAGE CONDO, UNIT 307, 0.362% COMMON AREA INTEREST, (PH 11),[TU Pcts]","R369O"," "," ","Real","$363,349","$363,349"
"R513343","R-16-4939-0000-0308","ANDERSON, TIFFANI S","8540 WHITE IBIS DR  AUSTIN, TX 78729-8094","8540 WHITE IBIS DR, AUSTIN, TX  78729","C760 - PARMER VILLAGE CONDO, UNIT 308, 0.362% COMMON AREA INTEREST, (PH 11), [TU Pcts]","R369O"," "," ","Real","$396,522","$396,522"
"R513344","R-16-4939-0000-0309","MISRA, NAVENDU","9803 VISTA VIEW DR  AUSTIN, TX 78750-3339","8544 WHITE IBIS DR, AUSTIN, TX  78729","C760 - PARMER VILLAGE CONDO, UNIT 309, 0.362% COMMON AREA INTEREST, (PH 11), [TU Pcts]","R369O"," "," ","Real","$349,597","$349,597"
"R513345","R-16-4939-0000-0310","LU, GUANGHUI & JIANLAN","4220 ALBANS ST  HOUSTON, TX 77005-1008","8548 WHITE IBIS DR, AUSTIN, TX  78729","C760 - PARMER VILLAGE CONDO, UNIT 310, 0.362% COMMON AREA INTEREST, (PH 11), [TU Pcts]","R369O"," "," ","Real","$398,823","$398,823"
"R513346","R-16-4939-0000-0311","BLACK, JEFFREY & SHILPA SHARDA","2033 2ND AVE  #UNIT 2204 SEATTLE, WA 98121","8600 WHITE IBIS DR, AUSTIN, TX  78729","C760 - PARMER VILLAGE CONDO, UNIT 311, 0.362% COMMON AREA INTEREST, (PH 11), [TU Pcts]","R369O"," "," ","Real","$413,856","$413,856"
"R513347","R-16-4939-0000-0312","CASTOLDI, JILLIAN MARIE (TOD)","8604 WHITE IBIS DR  AUSTIN, TX 78729","8604 WHITE IBIS DR, AUSTIN, TX  78729","C760 - PARMER VILLAGE CONDO, UNIT 312, 0.362% COMMON AREA INTEREST, (PH 11), [TU Pcts]","R369O"," "," ","Real","$395,541","$395,541"
"R513348","R-16-4939-0000-0313","IGTN VENTURES LLC","8220 CRESTWOOD HEIGHTS DR APT 1408 MCLEAN, VA 22102-3138","8608 WHITE IBIS DR, AUSTIN, TX  78729","C760 - PARMER VILLAGE CONDO, UNIT 313, 0.362% COMMON AREA INTEREST, (PH 11), [TU Pcts]","R369O"," "," ","Real","$360,544","$360,544"
"R513349","R-16-4939-0000-0314","KIM, YEON JOONG & YOUNG SU LEE","8612 WHITE IBIS DR  AUSTIN, TX 78729","8612 WHITE IBIS DR, AUSTIN, TX  78729","C760 - PARMER VILLAGE CONDO, UNIT 314, 0.362% COMMON AREA INTEREST, (PH 11), [TU Pcts]","R369O"," "," ","Real","$398,823","$398,823"
"R513350","R-16-4939-0000-0315","GREEN, ROBYN S","8616 WHITE IBIS DR  AUSTIN, TX 78729","8616 WHITE IBIS DR, AUSTIN, TX  78729","C760 - PARMER VILLAGE CONDO, UNIT 315, 0.362% COMMON AREA INTEREST, (PH 11), [TU Pcts]","R369O"," "," ","Real","$439,712","$439,712"
"R513352","R-16-4939-0000-0326","SHULING JIAN A STRUSTEES OF THE SEGULA FAMILY TRUST","537 JETTY WAY  REDWOOD CITY, CA 94065","13436 NIGHT HERON DR, AUSTIN, TX  78729","C760 - PARMER VILLAGE CONDO, UNIT 326, 0.362% COMMON AREA INTEREST, (PH 11), [TU Pcts]","R369O"," "," ","Real","$351,656","$351,656"
"R513353","R-16-4939-0000-0327","CONNOLLY, PETER","13432 NIGHT HERON DR  AUSTIN, TX 78729","13432 NIGHT HERON DR, AUSTIN, TX  78729","C760 - PARMER VILLAGE CONDO, UNIT 327, 0.362% COMMON AREA INTEREST, (PH 11), [TU Pcts]","R369O"," "," ","Real","$398,823","$398,823"
"R513354","R-16-4939-0000-0328","GARCIA, BENJAMIN CELIS","3829 CONDOR STOOP DR PFLUGERVILLE, TX 78660-4294","13428 NIGHT HERON DR, AUSTIN, TX  78729","C760 - PARMER VILLAGE CONDO, UNIT 328, 0.362% COMMON AREA INTEREST, (PH 11), [TU Pcts]","R369O"," "," ","Real","$363,349","$363,349"
"R513355","R-16-4939-0000-0329","CARR, KELLY & PAUL ORELLANA","13424 NIGHT HERON DR  AUSTIN, TX 78729","13424 NIGHT HERON DR, AUSTIN, TX  78729","C760 - PARMER VILLAGE CONDO, UNIT 329, 0.362% COMMON AREA INTEREST, (PH 11), [TU Pcts]","R369O"," "," ","Real","$423,465","$423,465"
"R513356","R-16-4939-0000-0330","UPPALURI, PADMAVATHI (TOD)","13420 NIGHT HERON DR  AUSTIN, TX 78729-8091","13420 NIGHT HERON DR, AUSTIN, TX  78729","C760 - PARMER VILLAGE CONDO, UNIT 330, 0.362% COMMON AREA INTEREST, (PH 11), [TU Pcts]","R369O"," "," ","Real","$398,823","$398,823"
"R513357","R-16-4939-0000-0331","VAN HOLLAND, CHAD","13416 NIGHT HERON DR AUSTIN, TX 78729-8091","13416 NIGHT HERON DR, AUSTIN, TX  78729","C760 - PARMER VILLAGE CONDO, UNIT 331, 0.362% COMMON AREA INTEREST, (PH 11), [TU Pcts]","R369O"," "," ","Real","$363,349","$363,349"
"R513358","R-16-4939-0000-0332","PARMER VILLAGE 332 LLC","1433 N HARPER AVE  #APT 3 WEST HOLLYWOOD, CA 90046-3765","13412 NIGHT HERON DR, AUSTIN, TX  78729","C760 - PARMER VILLAGE CONDO, UNIT 332, 0.362% COMMON AREA INTEREST, (PH 11), [TU Pcts]","R369O"," "," ","Real","$349,597","$349,597"
"R513359","R-16-4939-0000-0333","BAGH, FARES & ABEER","5600 GORAHM GLEN LN  AUSTIN, TX 78739","13408 NIGHT HERON DR, AUSTIN, TX  78729","C760 - PARMER VILLAGE CONDO, UNIT 333, 0.362% COMMON AREA INTEREST, (PH 11), [TU Pcts]","R369O"," "," ","Real","$407,225","$407,225"
"R513360","R-16-4939-0000-0334","KENNEDY, GORDON & MELISSA","13404 NIGHT HERON DR  #UNIT 334 AUSTIN, TX 78729","13404 NIGHT HERON DR, UNIT #334, AUSTIN, TX  78729","C760 - PARMER VILLAGE CONDO, UNIT 334, 0.362% COMMON AREA INTEREST, (PH 11), [TU Pcts]","R369O"," "," ","Real","$364,328","$364,328"
"R513361","R-16-4939-0000-0335","LEE, LI-CHYN & SULIN SU","8521 WHITE IBIS DR AUSTIN, TX 78729-8094","13400 NIGHT HERON DR, AUSTIN, TX  78729","C760 - PARMER VILLAGE CONDO, UNIT 335, 0.362% COMMON AREA INTEREST, (PH 11), [TU Pcts]","R369O"," "," ","Real","$367,565","$367,565"
"R513362","R-16-4939-0000-0336","MUELLER, LEO O, III","8545 WHITE IBIS DR  AUSTIN, TX 78729","8545 WHITE IBIS DR, AUSTIN, TX  78729","C760 - PARMER VILLAGE CONDO, UNIT 336, 0.362% COMMON AREA INTEREST, (PH 11), [TU Pcts]","R369O"," "," ","Real","$414,847","$414,847"
"R513363","R-16-4939-0000-0337","MYERS, GERALD WAYNE","8541 WHITE IBIS DR  AUSTIN, TX 78729","8541 WHITE IBIS DR, AUSTIN, TX  78729","C760 - PARMER VILLAGE CONDO, UNIT 337, 0.362% COMMON AREA INTEREST, (PH 11), [TU Pcts]","R369O"," "," ","Real","$426,647","$426,647"
"R513364","R-16-4939-0000-0338","COOK, WILLIAM J, II","14612 SPILLMAN RANCH LOOP  BEE CAVE, TX 78738","8537 WHITE IBIS DR, AUSTIN, TX  78729","C760 - PARMER VILLAGE CONDO, UNIT 338, 0.362% COMMON AREA INTEREST, (PH 11), [TU Pcts]","R369O"," "," ","Real","$349,597","$349,597"
"R513365","R-16-4939-0000-0339","HUANG, TAO","2033 EMMA LONG ST AUSTIN, TX 78723-5392","8533 WHITE IBIS DR, AUSTIN, TX  78729","C760 - PARMER VILLAGE CONDO, UNIT 339, 0.362% COMMON AREA INTEREST, (PH 11), [TU Pcts]","R369O"," "," ","Real","$363,349","$363,349"
"R513366","R-16-4939-0000-0340","WHEELER, JULIA","8529 WHITE IBIS DR  AUSTIN, TX 78729","8529 WHITE IBIS DR, AUSTIN, TX  78729","C760 - PARMER VILLAGE CONDO, UNIT 340, 0.362% COMMON AREA INTEREST, (PH 11), [TU Pcts]","R369O"," "," ","Real","$366,587","$366,587"
"R513367","R-16-4939-0000-0341","BLANDO, GUSTAVO JAVIER & MARIA EVANGELISTI","11711 DOMAIN DR  #APT 1464 AUSTIN, TX 78758-0043","8525 WHITE IBIS DR, AUSTIN, TX  78729","C760 - PARMER VILLAGE CONDO, UNIT 341, 0.362% COMMON AREA INTEREST, (PH 11), [TU Pcts]","R369O"," "," ","Real","$349,597","$349,597"
"R513368","R-16-4939-0000-0342","LEE, ALBERT","8521 WHITE IBIS DR  #UNIT 342 AUSTIN, TX 78729-8094","8521 WHITE IBIS DR, AUSTIN, TX  78729","C760 - PARMER VILLAGE CONDO, UNIT 342, 0.362% COMMON AREA INTEREST, (PH 11), [TU Pcts]","R369O"," "," ","Real","$363,349","$363,349"
"R513369","R-16-4939-0000-0343","ZHAO, YINGCHUN","4742 LA VILLA MARINA  #UNIT H MARINA DEL REY, CA 90292","8517 WHITE IBIS DR, AUSTIN, TX  78729","C760 - PARMER VILLAGE CONDO, UNIT 343, 0.362% COMMON AREA INTEREST, (PH 11),[TU Pcts]","R369O"," "," ","Real","$398,823","$398,823"
"R513370","R-16-4939-0000-0344","XU, GRACE XIAOQIAN","1418 VALEVIEW DR  DIAMOND BAR, CA 91765-4337","8513 WHITE IBIS DR, AUSTIN, TX  78729","C760 - PARMER VILLAGE CONDO, UNIT 344, 0.362% COMMON AREA INTEREST, (PH 11), [TU Pcts]","R369O"," "," ","Real","$439,712","$439,712"
"R513371","R-16-4939-0000-0345","LUO, CHUN & XIAOLIANG LU","3065 AGAVE LOOP  ROUND ROCK, TX 78681-2467","8509 WHITE IBIS DR, AUSTIN, TX  78729","C760 - PARMER VILLAGE CONDO, UNIT 345, 0.362% COMMON AREA INTEREST, (PH 11), [TU Pcts]","R369O"," "," ","Real","$360,544","$360,544"
"R513372","R-16-4939-0000-0346","SHAPIRO, LEAH (TOD)","232 SANGIOVESE ST  LEANDER, TX 78641","8505 WHITE IBIS DR, AUSTIN, TX  78729","C760 - PARMER VILLAGE CONDO, UNIT 346, 0.362% COMMON AREA INTEREST, (PH 11), [TU Pcts]","R369O"," "," ","Real","$365,608","$365,608"
"R513373","R-16-4939-0000-0347","HAO, ALEXANDER QUENTIN","8500 INCA DOVE DR  AUSTIN, TX 78729-4962","8500 INCA DOVE DR, AUSTIN, TX  78729","C760 - PARMER VILLAGE CONDO, UNIT 347, 0.362% COMMON AREA INTEREST, (PH 11), [TU Pcts]","R369O"," "," ","Real","$349,597","$349,597"
"R513374","R-16-4939-0000-0348","TU, HONGMING & QIONG SHUI","7724 YAUPON DR  AUSTIN, TX 78759","8504 INCA DOVE DR, AUSTIN, TX  78729","C760 - PARMER VILLAGE CONDO, UNIT 348, 0.362% COMMON AREA INTEREST, (PH 11), [TU Pcts]","R369O"," "," ","Real","$363,349","$363,349"
"R513375","R-16-4939-0000-0349","ARETY, VENU V & PRASANTHI K","3101 LYME RIDGE DR  LEANDER, TX 78641","8508 INCA DOVE DR, AUSTIN, TX  78729","C760 - PARMER VILLAGE CONDO, UNIT 349, 0.362% COMMON AREA INTEREST, (PH 11), [TU Pcts]","R369O"," "," ","Real","$426,647","$426,647"
"R513376","R-16-4939-0000-0350","LIANG, NIYA","8512 INCA DOVE DR  AUSTIN, TX 78729","8512 INCA DOVE DR, AUSTIN, TX  78729","C760 - PARMER VILLAGE CONDO, UNIT 350, 0.362% COMMON AREA INTEREST, (PH 11), [TU Pcts]","R369O"," "," ","Real","$366,587","$366,587"
"R513377","R-16-4939-0000-0351","KOTA FAMILY REVOCABLE TRUST","4352 PROVIDENCE TER  FREMONT, CA 94538","8516 INCA DOVE DR, AUSTIN, TX  78729","C760 - PARMER VILLAGE CONDO, UNIT 351, 0.362% COMMON AREA INTEREST, (PH 11), [TU Pcts]","R369O"," "," ","Real","$439,712","$439,712"
"R513378","R-16-4939-0000-0352","ZHAO, YINGCHUN","11008 BEXLEY LN  AUSTIN, TX 78729-1810","8520 INCA DOVE DR, AUSTIN, TX  78729","C760 - PARMER VILLAGE CONDO, UNIT 352, 0.362% COMMON AREA INTEREST, (PH 11), [TU Pcts]","R369O"," "," ","Real","$360,544","$360,544"
"R513379","R-16-4939-0000-0353","WU, CHIA LING","1210 CHARLTON PARK DR  HOUSTON, TX 77077","8524 INCA DOVE DR, AUSTIN, TX  78729","C760 - PARMER VILLAGE CONDO, UNIT 353, 0.362% COMMON AREA INTEREST, (PH 11), [TU Pcts]","R369O"," "," ","Real","$414,847","$414,847"
"R513380","R-16-4939-0000-0354","GILBERT JAYNE MONTGOMERY & ADAM RAY BAUGH","8528 INCA DOVE DR  AUSTIN, TX 78729-4962","8528 INCA DOVE DR, AUSTIN, TX  78729","C760 - PARMER VILLAGE CONDO, UNIT 354, 0.362% COMMON AREA INTEREST, (PH 11), [TU Pcts]","R369O"," "," ","Real","$349,597","$349,597"
"R513381","R-16-4939-0000-0355","BAGH, FARES","5600 GORHAM GLEN LN  AUSTIN, TX 78739","8532 INCA DOVE DR, AUSTIN, TX  78729","C760 - PARMER VILLAGE CONDO, UNIT 355, 0.362% COMMON AREA INTEREST, (PH 11), [TU Pcts]","R369O"," "," ","Real","$360,542","$360,542"
"R513382","R-16-4939-0000-0356","ANDERSON, CARLTON","8536 INCA DOVE DR  AUSTIN, TX 78729","8536 INCA DOVE DR, AUSTIN, TX  78729","C760 - PARMER VILLAGE CONDO, UNIT 356, 0.266% COMMON AREA INTEREST, (PH 11), [TU Pcts]","R369O"," "," ","Real","$398,823","$398,823"
"R513383","R-16-4939-0000-0357","CHEN, EN KUANG","10009 SPICEWOOD MESA  AUSTIN, TX 78759","8540 INCA DOVE DR, AUSTIN, TX  78729","C760 - PARMER VILLAGE CONDO, UNIT 357, 0.362% COMMON AREA INTEREST, (PH 11), [TU Pcts]","R369O"," "," ","Real","$395,627","$395,627"
"R513384","R-16-4939-0000-0358","SCHRAMM, CHARLOTTE A","8541 INCA DOVE DR  AUSTIN, TX 78729","8541 INCA DOVE DR, AUSTIN, TX  78729","C760 - PARMER VILLAGE CONDO, UNIT 358, 0.362% COMMON AREA INTEREST, (PH 11), [TU Pcts]","R369O"," "," ","Real","$378,625","$378,625"
"R513385","R-16-4939-0000-0359","LIU, LU","8537 INCA DOVE DR  AUSTIN, TX 78729-4962","8537 INCA DOVE DR, AUSTIN, TX  78729","C760 - PARMER VILLAGE CONDO, UNIT 359, 0.362% COMMON AREA INTEREST, (PH 11), [TU Pcts]","R369O"," "," ","Real","$459,629","$459,629"
"R513386","R-16-4939-0000-0360","HEGARTY, MATTHEW W","8525 INCA DOVE DR  AUSTIN, TX 78729","8525 INCA DOVE DR, AUSTIN, TX  78729","C760 - PARMER VILLAGE CONDO, UNIT 360, 0.362% COMMON AREA INTEREST, (PH 11), [TU Pcts]","R369O"," "," ","Real","$398,823","$398,823"
"R513387","R-16-4939-0000-0361","BORODETSKY YLENA (TOD)","3757 FOSSILWOOD WAY  ROUND ROCK, TX 78681","8521 INCA DOVE DR, AUSTIN, TX  78729","C760 - PARMER VILLAGE CONDO, UNIT 361, 0.362% COMMON AREA INTEREST, (PH 11), [TU Pcts]","R369O"," "," ","Real","$425,653","$425,653"
"R513388","R-16-4939-0000-0362","COLACO, JOEL","8517 INCA DOVE DR  AUSTIN, TX 78729-4962","8517 INCA DOVE DR, AUSTIN, TX  78729","C760 - PARMER VILLAGE CONDO, UNIT 362, 0.362% COMMON AREA INTEREST, (PH 11), [TU Pcts]","R369O"," "," ","Real","$398,823","$398,823"
"R513389","R-16-4939-0000-0363","CHOKHAVATIA, AMRISH","11501 CEDARCLIFFE DR  AUSTIN, TX 78750","8513 INCA DOVE DR, AUSTIN, TX  78729","C760 - PARMER VILLAGE CONDO, UNIT 363, 0.362% COMMON AREA INTEREST, (PH 11), [TU Pcts]","R369O"," "," ","Real","$359,566","$359,566"
"R513390","R-16-4939-0000-0364","LIU, ZHEN & YUANYE WANG","3313 VALLEY SQUARE LN  SAN JOSE, CA 95117","8509 INCA DOVE DR, AUSTIN, TX  78729","C760 - PARMER VILLAGE CONDO, UNIT 364, 0.362% COMMON AREA INTEREST, (PH 11), [TU Pcts]","R369O"," "," ","Real","$348,621","$348,621"
"R513391","R-16-4939-0000-0365","ZHONG, SHI & TINGTING ZHOU","4202 FRONT RANGE LN  AUSTIN, TX 78732-1612","8505 INCA DOVE DR, AUSTIN, TX  78729","C760 - PARMER VILLAGE CONDO, UNIT 365, 0.362% COMMON AREA INTEREST, (PH 11), [TU Pcts]","R369O"," "," ","Real","$359,566","$359,566"
"R513392","R-16-4939-0000-0366","FOWLER, MARGARET A (TOD)","8501 INCA DOVE DR  AUSTIN, TX 78729","8501 INCA DOVE DR, AUSTIN, TX  78729","C760 - PARMER VILLAGE CONDO, UNIT 366, 0.362% COMMON AREA INTEREST, (PH 11), [TU Pcts]","R369O"," "," ","Real","$337,040","$337,040"
"R513393","R-16-4939-0000-0367","CHIANG, ANDREW PEI-EN & CYNTHIA CHI","8500 WOOD STORK DR  AUSTIN, TX 78729","8500 WOOD STORK DR, AUSTIN, TX  78729","C760 - PARMER VILLAGE CONDO, UNIT 367, 0.362% COMMON AREA INTEREST, (PH 11), [TU Pcts]","R369O"," "," ","Real","$365,608","$365,608"
"R513394","R-16-4939-0000-0368","SETHI, SIDDHARTH & DHVANI PATEL","8504 WOOD STORK DR  AUSTIN, TX 78729","8504 WOOD STORK DR, AUSTIN, TX  78729","C760 - PARMER VILLAGE CONDO, UNIT 368, 0.362% COMMON AREA INTEREST, (PH 11),[TU Pcts]","R369O"," "," ","Real","$425,653","$425,653"
"R513395","R-16-4939-0000-0369","CHIANG, ANDREW PEI-EN & CYNTHIA CHI","8500 WOOD STORK DR  AUSTIN, TX 78729","8508 WOOD STORK DR, AUSTIN, TX  78729","C760 - PARMER VILLAGE CONDO, UNIT 369, 0.362% COMMON AREA INTEREST, (PH 11), [TU Pcts]","R369O"," "," ","Real","$395,541","$395,541"
"R513396","R-16-4939-0000-0370","HALDAMAN, HEATHER","8512 WOOD STORK DR  AUSTIN, TX 78729","8512 WOOD STORK DR, AUSTIN, TX  78729","C760 - PARMER VILLAGE CONDO, UNIT 370, 0.362% COMMON AREA INTEREST, (PH 11), [TU Pcts]","R369O"," "," ","Real","$348,613","$348,613"
"R513397","R-16-4939-0000-0371","ROBERTSON-PYLE, VICTORIA E","8516 WOOD STORK DR  AUSTIN, TX 78729","8516 WOOD STORK DR, AUSTIN, TX  78729","C760 - PARMER VILLAGE CONDO, UNIT 371, 0.362% COMMON AREA INTEREST, (PH 11), [TU Pcts]","R369O"," "," ","Real","$365,608","$365,608"
"R513398","R-16-4939-0000-0372","DAKE JEFFREY R TRUSTEE OF JEFFREY R DAKE REVOCABLE TRUST","7938 MESA TRAILS CIR AUSTIN, TX 78731-1445","8520 WOOD STORK DR, AUSTIN, TX  78729","C760 - PARMER VILLAGE CONDO, UNIT 372, 0.362% COMMON AREA INTEREST, (PH 11), [TU Pcts]","R369O"," "," ","Real","$438,719","$438,719"
"R513399","R-16-4939-0000-0373","CHEN, EN-KUANG","10009 SPICEWOOD MESA  AUSTIN, TX 78759","8600 WOOD STORK DR, AUSTIN, TX  78729","C760 - PARMER VILLAGE CONDO, UNIT 373, 0.362% COMMON AREA INTEREST, (PH 11), [TU Pcts]","R369O"," "," ","Real","$463,664","$463,664"
"R513400","R-16-4939-0000-0374","BENDAMKILA, ARDELWAHAD","8604 WOOD STORK DR  AUSTIN, TX 78729","8604 WOOD STORK DR, AUSTIN, TX  78729","C760 - PARMER VILLAGE CONDO, UNIT 374, 0.362% COMMON AREA INTEREST, (PH 11), [TU Pcts]","R369O"," "," ","Real","$413,856","$413,856"
"R513401","R-16-4939-0000-0375","SIGHTLER, LEIGH ALLISON","8608 WOOD STORK DR  AUSTIN, TX 78729","8608 WOOD STORK DR, AUSTIN, TX  78729","C760 - PARMER VILLAGE CONDO, UNIT 375, 0.362% COMMON AREA INTEREST, (PH 11), [TU Pcts]","R369O"," "," ","Real","$397,841","$397,841"
"R513402","R-16-4939-0000-0376","GROTEWOLD, MARK","8612 WOOD STORK DR  #UNIT 376 AUSTIN, TX 78729","8612 WOOD STORK DR, AUSTIN, TX  78729","C760 - PARMER VILLAGE CONDO, UNIT 376, 0.362% COMMON AREA INTEREST, (PH 11), [TU Pcts]","R369O"," "," ","Real","$351,907","$351,907"
