"PROPERTY ID","ACCOUNT","OWNER NAME","OWNER ADDRESS","SITUS ADDRESS","LEGAL DESCRIPTION","NEIGHBORHOOD CODE","ABSTRACT","SUBDIVISION","PROPERTY TYPE","2026 ASSESSED VALUE","2026 MARKET VALUE"
"R489619","R-17-W340-807S-0005-0008","ALLEN, LORA J & WADE H","318 SILENT SPRING DR  CEDAR PARK, TX 78613","318 SILENT SPRING DR, CEDAR PARK, TX  78613","S9462 - RED OAKS SEC 7, BLOCK S, Lot 5","L305606D"," ","S9462 - RED OAKS SEC 7","Real","$802,481","$802,481"
"R469031","R-17-W340-801B-F004-0008","CROSS, JUDITH (TOD)","604 HICKORY RUN DR  CEDAR PARK, TX 78613","604 HICKORY RUN DR, CEDAR PARK, TX  78613","S8922 - RED OAKS SEC 1B, BLOCK F, Lot 4","L305606D"," ","S8922 - RED OAKS SEC 1B","Real","$566,991","$566,991"
"R470491","R-17-W340-801C-F012-0008","CAMACHO, HERMES C & JACLYN D WIGGINS-CAMACHO","303 SILENT SPRING DR CEDAR PARK, TX 78613-4217","601 PEBBLESTONE WALK DR, CEDAR PARK, TX  78613","S8986 - RED OAKS SEC 1C, BLOCK F, Lot 12","L305606D"," ","S8986 - RED OAKS SEC 1C","Real","$534,265","$534,265"
"R468972","R-17-W340-801A-B002-0008","EBERSOLE, KIRSTEN","418 MISTY MORN LN  CEDAR PARK, TX 78613","418 MISTY MORN LN, CEDAR PARK, TX  78613","S8916 - RED OAKS SEC 1A, BLOCK B, Lot 2","L305606D"," ","S8916 - RED OAKS SEC 1A","Real","$790,491","$833,215"
"R470517","R-17-W340-801C-H002-0008","ANDRON LINDA K (TOD)","1405 LIBERTY OAKS BLVD  CEDAR PARK, TX 78613","1405 LIBERTY OAKS BLVD, CEDAR PARK, TX  78613","S8986 - RED OAKS SEC 1C, BLOCK H, Lot 2","L305606D"," ","S8986 - RED OAKS SEC 1C","Real","$564,146","$564,146"
"R499153","R-17-W340-808A-F028-0008","PUROL, MARK F & SHERYL E","1305 ORCHARD FALLS DR  CEDAR PARK, TX 78613","1305 ORCHARD FALLS DR, CEDAR PARK, TX  78613","S9781 - RED OAKS SEC 8A, BLOCK F, Lot 28","L305606D"," ","S9781 - RED OAKS SEC 8A","Real","$680,033","$680,033"
"R468956","R-17-W340-801A-A006-0008","JACOBSON, IRMA & MICAH","417 MISTY MORN LN  CEDAR PARK, TX 78613","417 MISTY MORN LN, CEDAR PARK, TX  78613","S8916 - RED OAKS SEC 1A, BLOCK A, Lot 6","L305606D"," ","S8916 - RED OAKS SEC 1A","Real","$761,922","$765,420"
"R470510","R-17-W340-801C-G011-0008","ROMERO, MIGUEL DIAB & SILVANA ROSA FIGUEREDO","1509 OAK TREE LN  CEDAR PARK, TX 78613","1509 OAK TREE LN, CEDAR PARK, TX  78613","S8986 - RED OAKS SEC 1C, BLOCK G, Lot 11","L305606D"," ","S8986 - RED OAKS SEC 1C","Real","$708,357","$708,357"
"R481574","R-17-W340-8040-U011-0008","PIRANI, SHAMS & ANITA","1802 LIBERTY OAKS BLVD  CEDAR PARK, TX 78613","1802 LIBERTY OAKS BLVD, CEDAR PARK, TX  78613","S9246 - RED OAKS SEC 4, BLOCK U, Lot 11","L305606D"," ","S9246 - RED OAKS SEC 4","Real","$772,909","$772,909"
"R475933","R-17-W340-8030-K056-0008","WEINHEIMER, ZANE T & DANYA K","1606 HARVEST BEND LN  CEDAR PARK, TX 78613","1606 HARVEST BEND LN, CEDAR PARK, TX  78613","S9154 - RED OAKS SEC 3, BLOCK K, Lot 56","L305606D"," ","S9154 - RED OAKS SEC 3","Real","$581,633","$581,633"
"R469010","R-17-W340-801A-D006-0008","KIM, TAEHYUP","502 SCARLET MAPLE DR  CEDAR PARK, TX 78613","502 SCARLET MAPLE DR, CEDAR PARK, TX  78613","S8916 - RED OAKS SEC 1A, BLOCK D, Lot 6","L305606D"," ","S8916 - RED OAKS SEC 1A","Real","$724,235","$724,235"
"R475873","R-17-W340-8020-F008-0008","REICHMANIS SCOTT E & STACI M","606 SPRING ARBOR LN CEDAR PARK, TX 78613-4145","606 SPRING ARBOR LN, CEDAR PARK, TX  78613","S9088 - RED OAKS SEC 2, BLOCK F, Lot 8","L305606D"," ","S9088 - RED OAKS SEC 2","Real","$818,919","$818,919"
"R475848","R-17-W340-8020-D008-0008","STANSBURY, LINDA","1205 QUIET CREEK DR  CEDAR PARK, TX 78613-3996","1205 QUIET CREEK DR, CEDAR PARK, TX  78613","S9088 - RED OAKS SEC 2, BLOCK D, Lot 8","L305606D"," ","S9088 - RED OAKS SEC 2","Real","$722,147","$722,147"
"R468990","R-17-W340-801A-B020-0008","GROGONO, DAVID & NATALIE COTRUSTEES OF THE GROGONO FAMILY TRUST","417 SCARLET MAPLE DR  CEDAR PARK, TX 78613","417 SCARLET MAPLE DR, CEDAR PARK, TX  78613","S8916 - RED OAKS SEC 1A, BLOCK B, Lot 20","L305606D"," ","S8916 - RED OAKS SEC 1A","Real","$842,925","$842,925"
"R481547","R-17-W340-8040-R039-0008","KITCHEN, KELLY MARIE & MATTHEW BRADLEY NALL","1605 AVONDALE DR CEDAR PARK, TX 78613-4155","1605 AVONDALE DR, CEDAR PARK, TX  78613","S9246 - RED OAKS SEC 4, BLOCK R, Lot 39","L305606D"," ","S9246 - RED OAKS SEC 4","Real","$556,392","$556,392"
"R470498","R-17-W340-801C-F019-0008","KUMAR, KAPIL","1502 LIBERTY OAKS BLVD CEDAR PARK, TX 78613-3988","1502 LIBERTY OAKS BLVD, CEDAR PARK, TX  78613","S8986 - RED OAKS SEC 1C, BLOCK F, Lot 19","L305606D"," ","S8986 - RED OAKS SEC 1C","Real","$609,512","$609,512"
"R481573","R-17-W340-8040-U010-0008","KAMP, DEREK J & MELISSA S","1804 LIBERTY OAKS BLVD CEDAR PARK, TX 78613-4159","1804 LIBERTY OAKS BLVD, CEDAR PARK, TX  78613","S9246 - RED OAKS SEC 4, BLOCK U, Lot 10","L305606D"," ","S9246 - RED OAKS SEC 4","Real","$636,015","$636,015"
"R503868","R-17-W324-3400-0103-0008","CITY OF CEDAR PARK","450 CYPRESS CREEK  #BLDG 1 CEDAR PARK, TX 78613","450 CYPRESS CREEK RD, UNIT #103, CEDAR PARK, TX  78613","C766 - GALLERIA AT RED OAKS OFFICE PARK CONDO, BUILDING 3, UNIT 103, 16.67% COMMON AREA INTEREST","9882OL5PD"," "," ","Real","$2,132,128","$2,132,128"
"R503869","R-17-W324-3400-0104-0008","CITY OF CEDAR PARK","450 CYPRESS CREEK  #BLDG 1 CEDAR PARK, TX 78613","450 CYPRESS CREEK RD, UNIT #104, CEDAR PARK, TX  78613","C766 - GALLERIA AT RED OAKS OFFICE PARK CONDO, BUILDING 4, UNIT 104, 16.67% COMMON AREA INTEREST","9882OL5PD"," "," ","Real","$2,132,128","$2,132,128"
"R503871","R-17-W324-3400-0106-0008","CITY OF CEDAR PARK","450 CYPRESS CREEK  #BLDG 1 CEDAR PARK, TX 78613","450 CYPRESS CREEK RD, UNIT #106, CEDAR PARK, TX  78613","C766 - GALLERIA AT RED OAKS OFFICE PARK CONDO, BUILDING 6, UNIT 106, 16.67% COMMON AREA INTEREST","9882OL5PD"," "," ","Real","$2,132,128","$2,132,128"
"R503867","R-17-W324-3400-0102-0008","CITY OF CEDAR PARK","450 CYPRESS CREEK  #BLDG 1 CEDAR PARK, TX 78613","450 CYPRESS CREEK RD, UNIT #102, CEDAR PARK, TX  78613","C766 - GALLERIA AT RED OAKS OFFICE PARK CONDO, BUILDING 2, UNIT 102, 16.67% COMMON AREA INTEREST","9882OL5PD"," "," ","Real","$2,132,128","$2,132,128"
"R503870","R-17-W324-3400-0105-0008","CITY OF CEDAR PARK","450 CYPRESS CREEK  #BLDG 1 CEDAR PARK, TX 78613","450 CYPRESS CREEK RD, UNIT #105, CEDAR PARK, TX  78613","C766 - GALLERIA AT RED OAKS OFFICE PARK CONDO, BUILDING 5, UNIT 105, 16.67% COMMON AREA INTEREST","9882OL5PD"," "," ","Real","$2,132,119","$2,132,119"
"R503866","R-17-W324-3400-0101-0008","CITY OF CEDAR PARK","450 CYPRESS CREEK  #BLDG 1 CEDAR PARK, TX 78613","450 CYPRESS CREEK RD, UNIT #101, CEDAR PARK, TX  78613","C766 - GALLERIA AT RED OAKS OFFICE PARK CONDO, BUILDING 1, UNIT 101, 16.67% COMMON AREA INTEREST","9882OL5PD"," "," ","Real","$9,756,246","$9,756,246"
"R475966","R-17-W340-8030-V019-0008","PATEL, ASHVINKUMAR BHAGVANBHAI","1801 HARVEST BEND LN  CEDAR PARK, TX 78613","1801 HARVEST BEND LN, CEDAR PARK, TX  78613","S9154 - RED OAKS SEC 3, BLOCK V, Lot 19","L305606D"," ","S9154 - RED OAKS SEC 3","Real","$579,171","$579,171"
"R495389","R-17-W340-806L-0022-0008","YUAN, CHUN","19733 CALLE LASUEN WALNUT, CA 91789-2221","511 ROLLING BROOK LN, CEDAR PARK, TX  78613","S9652 - RED OAKS SEC 6, BLOCK L, Lot 22","L305606D"," ","S9652 - RED OAKS SEC 6","Real","$549,668","$549,668"
"R475931","R-17-W340-8030-K054-0008","NGUYEN, STEPHANIE DIEP","1610 HARVEST BEND LN CEDAR PARK, TX 78613-4148","1610 HARVEST BEND LN, CEDAR PARK, TX  78613","S9154 - RED OAKS SEC 3, BLOCK K, Lot 54","L305606D"," ","S9154 - RED OAKS SEC 3","Real","$604,185","$604,185"
"R489596","R-17-W340-807R-0008-0008","Unknown","Unknown","311 SILENT SPRING DR, CEDAR PARK, TX  78613","S9462 - RED OAKS SEC 7, BLOCK R, Lot 8","L305606D"," ","S9462 - RED OAKS SEC 7","Real","$813,703","$813,703"
"R495380","R-17-W340-806K-0023-0008","ROBERTSON, ROBERT HUNTER & ANN CLAIRE WILLIE","706 ROLLING BROOK LN  CEDAR PARK, TX 78613","706 ROLLING BROOK LN, CEDAR PARK, TX  78613","S9652 - RED OAKS SEC 6, BLOCK K, Lot 23","L305606D"," ","S9652 - RED OAKS SEC 6","Real","$557,879","$557,879"
"R475961","R-17-W340-8030-V014-0008","MOUSA, PETER & SARA G","1711 HARVEST BEND LN  CEDAR PARK, TX 78613","1711 HARVEST BEND LN, CEDAR PARK, TX  78613","S9154 - RED OAKS SEC 3, BLOCK V, Lot 14","L305606D"," ","S9154 - RED OAKS SEC 3","Real","$648,051","$678,246"
"R475867","R-17-W340-8020-F002-0008","CROWLEY, PAUL R","1303 QUIET CREEK DR  CEDAR PARK, TX 78613","1303 QUIET CREEK DR, CEDAR PARK, TX  78613","S9088 - RED OAKS SEC 2, BLOCK F, Lot 2","L305606D"," ","S9088 - RED OAKS SEC 2","Real","$852,656","$852,656"
"R470516","R-17-W340-801C-H001-0008","GIANNETTA, JOSEPH & MARY Z","1403 LIBERTY OAKS BLVD  CEDAR PARK, TX 78613","1403 LIBERTY OAKS BLVD, CEDAR PARK, TX  78613","S8986 - RED OAKS SEC 1C, BLOCK H, Lot 1","L305606D"," ","S8986 - RED OAKS SEC 1C","Real","$553,377","$553,377"
"R470529","R-17-W340-801C-I002-0008","SMITH, KEVIN","1603 LIBERTY OAKS BLVD  CEDAR PARK, TX 78613","1603 LIBERTY OAKS BLVD, CEDAR PARK, TX  78613","S8986 - RED OAKS SEC 1C, BLOCK I, Lot 2","L305606D"," ","S8986 - RED OAKS SEC 1C","Real","$608,694","$608,694"
"R481540","R-17-W340-8040-R032-0008","ERSKINE, JAMES PETER & MONICA RENEE","1600 AVONDALE DR  CEDAR PARK, TX 78613","1600 AVONDALE DR, CEDAR PARK, TX  78613","S9246 - RED OAKS SEC 4, BLOCK R, Lot 32","L305606D"," ","S9246 - RED OAKS SEC 4","Real","$682,087","$682,087"
"R475953","R-17-W340-8030-Q006-0008","RUSSO, JOHN P & LAURA M","1504 HARVEST BEND LN  CEDAR PARK, TX 78613","1504 HARVEST BEND LN, CEDAR PARK, TX  78613","S9154 - RED OAKS SEC 3, BLOCK Q, Lot 6","L305606D"," ","S9154 - RED OAKS SEC 3","Real","$544,633","$544,633"
"R468998","R-17-W340-801A-C003-0008","JANES, DEBORAH L (TOD) & ROGER R (TOD)","412 SCARLET MAPLE DR  CEDAR PARK, TX 78613","412 SCARLET MAPLE DR, CEDAR PARK, TX  78613","S8916 - RED OAKS SEC 1A, BLOCK C, Lot 3","L305606D"," ","S8916 - RED OAKS SEC 1A","Real","$805,219","$805,219"
"R481544","R-17-W340-8040-R036-0008","POWERS, PHILIP C & REBECCA W","1608 AVONDALE DR CEDAR PARK, TX 78613-4155","1608 AVONDALE DR, CEDAR PARK, TX  78613","S9246 - RED OAKS SEC 4, BLOCK R, Lot 36","L305606D"," ","S9246 - RED OAKS SEC 4","Real","$559,766","$559,766"
"R470525","R-17-W340-801C-H010-0008","GRIMBALL, JOHN III & LORISE S","1515 LIBERTY OAKS BLVD CEDAR PARK, TX 78613-3988","1515 LIBERTY OAKS BLVD, CEDAR PARK, TX  78613","S8986 - RED OAKS SEC 1C, BLOCK H, Lot 10","L305606D"," ","S8986 - RED OAKS SEC 1C","Real","$555,061","$555,061"
"R470513","R-17-W340-801C-G014-0008","OWEN, ALISABETH JODINE (TOD)","1604 LIBERTY OAKS BLVD  CEDAR PARK, TX 78613-3989","1604 LIBERTY OAKS BLVD, CEDAR PARK, TX  78613","S8986 - RED OAKS SEC 1C, BLOCK G, Lot 14","L305606D"," ","S8986 - RED OAKS SEC 1C","Real","$541,885","$541,885"
"R475847","R-17-W340-8020-D007-0008","MARY LOU RILEY TR MARY LOU RILEY LIVING TRUST","1203 QUIET CREEK DR  CEDAR PARK, TX 78613-3996","1203 QUIET CREEK DR, CEDAR PARK, TX  78613","S9088 - RED OAKS SEC 2, BLOCK D, Lot 7","L305606D"," ","S9088 - RED OAKS SEC 2","Real","$764,400","$764,400"
"R470531","R-17-W340-801C-I004-0008","ECKLUND, VANCE & LUISA  IRAZEMA","1607 LIBERTY OAKS BLVD  CEDAR PARK, TX 78613-3989","1607 LIBERTY OAKS BLVD, CEDAR PARK, TX  78613","S8986 - RED OAKS SEC 1C, BLOCK I, Lot 4","L305606D"," ","S8986 - RED OAKS SEC 1C","Real","$661,088","$661,088"
"R475910","R-17-W340-8030-K033-0008","LAKV DECATURE INC","3285 PINKERTON DR SAN JOSE, CA 95148-2751","1808 HARVEST BEND LN, CEDAR PARK, TX  78613","S9154 - RED OAKS SEC 3, BLOCK K, Lot 33","L305606D"," ","S9154 - RED OAKS SEC 3","Real","$554,718","$554,718"
"R489575","R-17-W340-805F-0026-0008","RAE, ROBERT J","400 AUTUMN BEND LN  CEDAR PARK, TX 78613","400 AUTUMN BEND LN, CEDAR PARK, TX  78613","S9466 - RED OAKS SEC 5, BLOCK F, Lot 26","L305606D"," ","S9466 - RED OAKS SEC 5","Real","$941,027","$941,027"
"R481522","R-17-W340-8040-Q013-0008","EVANGELOS, ANDREW JACOB & JESSICA M MIRANDA","1401 ORCHARD FALLS DR  CEDAR PARK, TX 78613","1401 ORCHARD FALLS DR, CEDAR PARK, TX  78613","S9246 - RED OAKS SEC 4, BLOCK Q, Lot 13","L305606D"," ","S9246 - RED OAKS SEC 4","Real","$692,371","$692,371"
"R468982","R-17-W340-801A-B012-0008","McCANDLIS, TYLER SHANNON & SHARON N SCOTT","401 SCARLET MAPLE DR  CEDAR PARK, TX 78613","401 SCARLET MAPLE DR, CEDAR PARK, TX  78613","S8916 - RED OAKS SEC 1A, BLOCK B, Lot 12","L305606D"," ","S8916 - RED OAKS SEC 1A","Real","$836,534","$836,534"
"R481557","R-17-W340-8040-T008-0008","LOHMEYER, STEVEN & SARAH","1506 FIELDSTONE ST  CEDAR PARK, TX 78613","1506 FIELDSTONE ST, CEDAR PARK, TX  78613","S9246 - RED OAKS SEC 4, BLOCK T, Lot 8","L305606D"," ","S9246 - RED OAKS SEC 4","Real","$762,773","$762,773"
"R495373","R-17-W340-806K-0017-0008","HESTER, STEVEN & ERIN MARGARET CULLISON","709 ROLLING BROOK LN  CEDAR PARK, TX 78613-4548","709 ROLLING BROOK LN, CEDAR PARK, TX  78613","S9652 - RED OAKS SEC 6, BLOCK K, Lot 17","L305606D"," ","S9652 - RED OAKS SEC 6","Real","$676,692","$676,692"
"R468989","R-17-W340-801A-B019-0008","JONES, MICHAEL A & KATIE E PHILLIPS-JONES","415 SCARLET MAPLE DR  CEDAR PARK, TX 78613","415 SCARLET MAPLE DR, CEDAR PARK, TX  78613","S8916 - RED OAKS SEC 1A, BLOCK B, Lot 19","L305606D"," ","S8916 - RED OAKS SEC 1A","Real","$801,354","$801,354"
"R475894","R-17-W340-8030-H013-0008","GILBERT E LARA & VELINDA LARA TRS GILBERT & VELINDA LARA REVOCABLE TRUST","507 HICKORY RUN DR  CEDAR PARK, TX 78613-3993","507 HICKORY RUN DR, CEDAR PARK, TX  78613","S9154 - RED OAKS SEC 3, BLOCK H, Lot 13","L305606D"," ","S9154 - RED OAKS SEC 3","Real","$648,949","$648,949"
"R475934","R-17-W340-8030-K057-0008","HOLLIDAY, RYAN O","1604 HARVEST BEND LN  CEDAR PARK, TX 78613","1604 HARVEST BEND LN, CEDAR PARK, TX  78613","S9154 - RED OAKS SEC 3, BLOCK K, Lot 57","L305606D"," ","S9154 - RED OAKS SEC 3","Real","$677,056","$677,056"
"R475977","R-17-W340-8030-V024-0008","ROBERTS, BROOKS & DANA","1811 HARVEST BEND LN  CEDAR PARK, TX 78613","1811 HARVEST BEND LN, CEDAR PARK, TX  78613","S9154 - RED OAKS SEC 3, BLOCK V, Lot 24","L305606D"," ","S9154 - RED OAKS SEC 3","Real","$443,114","$443,114"
"R481572","R-17-W340-8040-U009-0008","DEAL, RANDALL G","1806 LIBERTY OAKS BLVD  CEDAR PARK, TX 78613-4159","1806 LIBERTY OAKS BLVD, CEDAR PARK, TX  78613","S9246 - RED OAKS SEC 4, BLOCK U, Lot 9","L305606D"," ","S9246 - RED OAKS SEC 4","Real","$726,599","$726,599"
"R469008","R-17-W340-801A-D004-0008","D'SOUZA, GERARD J & LANA","506 SCARLET MAPLE DR  CEDAR PARK, TX 78613","506 SCARLET MAPLE DR, CEDAR PARK, TX  78613","S8916 - RED OAKS SEC 1A, BLOCK D, Lot 4","L305606D"," ","S8916 - RED OAKS SEC 1A","Real","$680,222","$680,222"
"R495378","R-17-W340-806K-0021-0008","STURDEVANT, DANIEL J & WENDY P STURDEVANT","710 ROLLING BROOK LN  CEDAR PARK, TX 78613","710 ROLLING BROOK LN, CEDAR PARK, TX  78613","S9652 - RED OAKS SEC 6, BLOCK K, Lot 21","L305606D"," ","S9652 - RED OAKS SEC 6","Real","$696,640","$696,640"
"R489599","R-17-W340-807R-0010-0008","BIGLER, THOMAS J & SHOMIKA H, TRSTS OF THE THOMAS & SHOMIKA BIGLER LIVING TRUST","307 SILENT SPRING DR  CEDAR PARK, TX 78613","307 SILENT SPRING DR, CEDAR PARK, TX  78613","S9462 - RED OAKS SEC 7, BLOCK R, Lot 10","L305606D"," ","S9462 - RED OAKS SEC 7","Real","$738,276","$738,276"
"R475886","R-17-W340-8030-F012-0008","MOHSENI KABIR, NINA","10000 DARK STAR TER AUSTIN, TX 78726-1885","500 HICKORY RUN DR, CEDAR PARK, TX  78613","S9154 - RED OAKS SEC 3, BLOCK F, Lot 12","L305606D"," ","S9154 - RED OAKS SEC 3","Real","$651,797","$651,797"
"R475963","R-17-W340-8030-V016-0008","BROWN, MICHAEL L & ELAINE S","1715 HARVEST BEND LN  CEDAR PARK, TX 78613","1715 HARVEST BEND LN, CEDAR PARK, TX  78613","S9154 - RED OAKS SEC 3, BLOCK V, Lot 16","L305606D"," ","S9154 - RED OAKS SEC 3","Real","$676,705","$676,705"
"R469033","R-17-W340-801B-F006-0008","ZHANG, YU","3121 RIPPLING CREEK CT  AUSTIN, TX 78732","600 HICKORY RUN DR, CEDAR PARK, TX  78613","S8922 - RED OAKS SEC 1B, BLOCK F, Lot 6","L305606D"," ","S8922 - RED OAKS SEC 1B","Real","$575,860","$575,860"
"R469037","R-17-W340-801B-F010-0008","LIN, YAMIN","504 HICKORY RUN DR CEDAR PARK, TX 78613-3993","504 HICKORY RUN DR, CEDAR PARK, TX  78613","S8922 - RED OAKS SEC 1B, BLOCK F, Lot 10","L305606D"," ","S8922 - RED OAKS SEC 1B","Real","$551,158","$551,158"
"R495401","R-17-W340-806V-0005-0008","YIM, RAYMOND","602 ROLLING BROOK LN  CEDAR PARK, TX 78613","602 ROLLING BROOK LN, CEDAR PARK, TX  78613","S9652 - RED OAKS SEC 6, BLOCK V, Lot 5","L305606D"," ","S9652 - RED OAKS SEC 6","Real","$736,263","$736,263"
"R489611","R-17-W340-807R-0022-0008","TATE, BLAINE S","1508 PENDLETON DR CEDAR PARK, TX 78613-4242","1508 PENDLETON DR, CEDAR PARK, TX  78613","S9462 - RED OAKS SEC 7, BLOCK R, Lot 22","L305606D"," ","S9462 - RED OAKS SEC 7","Real","$591,314","$591,314"
"R481571","R-17-W340-8040-U008-0008","VALENZUELA HECTOR MANUEL & DEANNA MARIE TRUSTEES OF THE VALENZUELA LIVING TRUST","1808 LIBERTY OAKS BLVD CEDAR PARK, TX 78613","1808 LIBERTY OAKS BLVD, CEDAR PARK, TX  78613","S9246 - RED OAKS SEC 4, BLOCK U, Lot 8","L305606D"," ","S9246 - RED OAKS SEC 4","Real","$934,588","$934,588"
"R489615","R-17-W340-807S-0001-0008","IRVIN, EMANUEL P, Sr","326 SILENT SPRING DR CEDAR PARK, TX 78613-4217","326 SILENT SPRING DR, CEDAR PARK, TX  78613","S9462 - RED OAKS SEC 7, BLOCK S, Lot 1","L305606D"," ","S9462 - RED OAKS SEC 7","Real","$820,316","$820,316"
"R489566","R-17-W340-805F-0017-0008","DAVIES, ANITA","12609 LYNDON DR  AUSTIN, TX 78732-1837","502 SPRING ARBOR LN, CEDAR PARK, TX  78613","S9466 - RED OAKS SEC 5, BLOCK F, Lot 17","L305606D"," ","S9466 - RED OAKS SEC 5","Real","$815,964","$815,964"
"R475935","R-17-W340-8030-L010-0008","WIGERT, JENNIFER","1619 LIBERTY OAKS BLVD  CEDAR PARK, TX 78613","1619 LIBERTY OAKS BLVD, CEDAR PARK, TX  78613","S9154 - RED OAKS SEC 3, BLOCK L, Lot 10","L305606D"," ","S9154 - RED OAKS SEC 3","Real","$675,190","$675,190"
"R481539","R-17-W340-8040-R031-0008","RAINEY, DAVID ALAN & REBECCA ANN","1803 LIBERTY OAKS BLVD  CEDAR PARK, TX 78613","1803 LIBERTY OAKS BLVD, CEDAR PARK, TX  78613","S9246 - RED OAKS SEC 4, BLOCK R, Lot 31","L305606D"," ","S9246 - RED OAKS SEC 4","Real","$760,598","$760,598"
"R475899","R-17-W340-8030-H018-0008","KRISTEN A GROSZ & KARL E GROS TRS OF THE KRISTEN & KARL GROSZ LIVING TRUST","405 SILENT SPRING DR  CEDAR PARK, TX 78613-4149","405 SILENT SPRING DR, CEDAR PARK, TX  78613","S9154 - RED OAKS SEC 3, BLOCK H, Lot 18","L305606D"," ","S9154 - RED OAKS SEC 3","Real","$492,746","$492,746"
"R475950","R-17-W340-8030-Q003-0008","SEIFERT, DANIEL A & XIAO RAO","1510 HARVEST BEND LN  CEDAR PARK, TX 78613-4147","1510 HARVEST BEND LN, CEDAR PARK, TX  78613","S9154 - RED OAKS SEC 3, BLOCK Q, Lot 3","L305606D"," ","S9154 - RED OAKS SEC 3","Real","$533,827","$533,827"
"R499162","R-17-W340-808A-P004-0008","BOSELAH, MICHAEL & RANA","301 INDIAN SPRINGS CT  CEDAR PARK, TX 78613-4565","301 INDIAN SPRINGS CT, CEDAR PARK, TX  78613","S9781 - RED OAKS SEC 8A, BLOCK P, Lot 4","L305606D"," ","S9781 - RED OAKS SEC 8A","Real","$576,567","$576,567"
"R470541","R-17-W340-801C-J005-0008","THE ROBERT AND CHERYL TORN LIVING TRUST","1508 OAK TREE LN  CEDAR PARK, TX 78613","1508 OAK TREE LN, CEDAR PARK, TX  78613","S8986 - RED OAKS SEC 1C, BLOCK J, Lot 5","L305606D"," ","S8986 - RED OAKS SEC 1C","Real","$584,844","$584,844"
"R495387","R-17-W340-806L-0020-0008","WINWARD, TROY B & AIMEE S","507 ROLLING BROOK LN CEDAR PARK, TX 78613-4549","507 ROLLING BROOK LN, CEDAR PARK, TX  78613","S9652 - RED OAKS SEC 6, BLOCK L, Lot 20","L305606D"," ","S9652 - RED OAKS SEC 6","Real","$671,054","$671,054"
"R481550","R-17-W340-8040-S008-0008","HENDRICKS, LUCAS & KATHLEEN","301 GLEN HOLLOW ST  CEDAR PARK, TX 78613","301 GLEN HOLLOW ST, CEDAR PARK, TX  78613","S9246 - RED OAKS SEC 4, BLOCK S, Lot 8","L305606D"," ","S9246 - RED OAKS SEC 4","Real","$799,815","$799,815"
"R475879","R-17-W340-8020-G003-0008","LINDLEY JOHN M & DARLENE K","1304 CREEKSTONE DR CEDAR PARK, TX 78613-3995","1304 CREEKSTONE DR, CEDAR PARK, TX  78613","S9088 - RED OAKS SEC 2, BLOCK G, Lot 3","L305606D"," ","S9088 - RED OAKS SEC 2","Real","$864,775","$864,775"
"R470504","R-17-W340-801C-G005-0008","AHUJA, GAGAN & SAPNA","602 PEBBLESTONE WALK DR CEDAR PARK, TX 78613-3991","602 PEBBLESTONE WALK DR, CEDAR PARK, TX  78613","S8986 - RED OAKS SEC 1C, BLOCK G, Lot 5","L305606D"," ","S8986 - RED OAKS SEC 1C","Real","$677,104","$679,359"
"R481558","R-17-W340-8040-T009-0008","NALKUR, PRIYA GERSAPPA","6800 VALBURN DR  AUSTIN, TX 78731-1804","1504 FIELDSTONE ST, CEDAR PARK, TX  78613","S9246 - RED OAKS SEC 4, BLOCK T, Lot 9","L305606D"," ","S9246 - RED OAKS SEC 4","Real","$786,175","$786,175"
"R469006","R-17-W340-801A-D002-0008","FERGUSON, ZANE HAYS","510 SCARLET MAPLE DR  CEDAR PARK, TX 78613","510 SCARLET MAPLE DR, CEDAR PARK, TX  78613","S8916 - RED OAKS SEC 1A, BLOCK D, Lot 2","L305606D"," ","S8916 - RED OAKS SEC 1A","Real","$578,624","$578,624"
"R489586","R-17-W340-805N-0007-0008","YOOSUFANI JAMAL & MARZIA LISA","1305 ECHO RIDGE LN  CEDAR PARK, TX 78613-4560","1305 ECHO RIDGE LN, CEDAR PARK, TX  78613","S9466 - RED OAKS SEC 5, BLOCK N, Lot 7","L305606D"," ","S9466 - RED OAKS SEC 5","Real","$795,000","$795,000"
"R481535","R-17-W340-8040-R027-0008","ARORA, SUDHIR","403 FRIESIAN LN CEDAR PARK, TX 78613-4888","1811 LIBERTY OAKS BLVD, CEDAR PARK, TX  78613","S9246 - RED OAKS SEC 4, BLOCK R, Lot 27","L305606D"," ","S9246 - RED OAKS SEC 4","Real","$643,403","$643,403"
"R489584","R-17-W340-805N-0005-0008","TANKERSLEY, CARL R & TRACY T","1301 ECHO RIDGE LN CEDAR PARK, TX 78613-4560","1301 ECHO RIDGE LN, CEDAR PARK, TX  78613","S9466 - RED OAKS SEC 5, BLOCK N, Lot 5","L305606D"," ","S9466 - RED OAKS SEC 5","Real","$840,044","$840,044"
"R468963","R-17-W340-801A-A013-0008","SRINIVASAN, ANAND & CHITRA SURYANARAYANAN","403 MISTY MORN LN  CEDAR PARK, TX 78613","403 MISTY MORN LN, CEDAR PARK, TX  78613","S8916 - RED OAKS SEC 1A, BLOCK A, Lot 13","L305606D"," ","S8916 - RED OAKS SEC 1A","Real","$711,362","$711,362"
"R470519","R-17-W340-801C-H004-0008","Unknown","Unknown","1503 LIBERTY OAKS BLVD, CEDAR PARK, TX  78613","S8986 - RED OAKS SEC 1C, BLOCK H, Lot 4","L305606D"," ","S8986 - RED OAKS SEC 1C","Real","$697,792","$710,787"
"R495381","R-17-W340-806K-0024-0008","NGUYEN, LUYEN T","704 ROLLING BROOK LN  CEDAR PARK, TX 78613","704 ROLLING BROOK LN, CEDAR PARK, TX  78613","S9652 - RED OAKS SEC 6, BLOCK K, Lot 24","L305606D"," ","S9652 - RED OAKS SEC 6","Real","$556,003","$556,003"
"R468992","R-17-W340-801A-B022-0008","JOHNSON, PAUL (TOD) & DIANE (TOD)","503 SCARLET MAPLE DR  CEDAR PARK, TX 78613","503 SCARLET MAPLE DR, CEDAR PARK, TX  78613","S8916 - RED OAKS SEC 1A, BLOCK B, Lot 22","L305606D"," ","S8916 - RED OAKS SEC 1A","Real","$686,112","$686,112"
"R475911","R-17-W340-8030-K034-0008","BALU, SASIKUMAR","1806 HARVEST BEND LN  CEDAR PARK, TX 78613","1806 HARVEST BEND LN, CEDAR PARK, TX  78613","S9154 - RED OAKS SEC 3, BLOCK K, Lot 34","L305606D"," ","S9154 - RED OAKS SEC 3","Real","$705,654","$715,512"
"R489625","R-17-W340-807T-0004-0008","ORDWAY WEST, MEREDITH & JOSHUA WEST","1501 PENDLETON DR  CEDAR PARK, TX 78613-4242","1501 PENDLETON DR, CEDAR PARK, TX  78613","S9462 - RED OAKS SEC 7, BLOCK T, Lot 4","L305606D"," ","S9462 - RED OAKS SEC 7","Real","$747,636","$747,636"
"R489577","R-17-W340-805G-0007-0008","HARVEL, JAMES RAY & NANCY PENN","1303 FERNGLADE LN  CEDAR PARK, TX 78613","1303 FERNGLADE LN, CEDAR PARK, TX  78613","S9466 - RED OAKS SEC 5, BLOCK G, Lot 7","L305606D"," ","S9466 - RED OAKS SEC 5","Real","$762,502","$762,502"
"R481537","R-17-W340-8040-R029-0008","KS & MS LLC","2224 JULIA LN  LEANDER, TX 78641-2794","1807 LIBERTY OAKS BLVD, CEDAR PARK, TX  78613","S9246 - RED OAKS SEC 4, BLOCK R, Lot 29","L305606D"," ","S9246 - RED OAKS SEC 4","Real","$755,757","$755,757"
"R489617","R-17-W340-807S-0003-0008","TRIMBLE, JASON & ASHLEY","322 SILENT SPRING DR CEDAR PARK, TX 78613-4217","322 SILENT SPRING DR, CEDAR PARK, TX  78613","S9462 - RED OAKS SEC 7, BLOCK S, Lot 3","L305606D"," ","S9462 - RED OAKS SEC 7","Real","$667,134","$667,134"
"R481527","R-17-W340-8040-Q018-0008","SEO, KEUNTAEK D & YOUNGJU","1503 ORCHARD FALLS DR  CEDAR PARK, TX 78613","1503 ORCHARD FALLS DR, CEDAR PARK, TX  78613","S9246 - RED OAKS SEC 4, BLOCK Q, Lot 18","L305606D"," ","S9246 - RED OAKS SEC 4","Real","$704,689","$708,393"
"R469032","R-17-W340-801B-F005-0008","RAJA VELSAMY & MATHIVADHANA RAJA CO-TRS OF THE RMAB LIVING TRUST","602 HICKORY RUN DR  CEDAR PARK, TX 78613-3986","602 HICKORY RUN DR, CEDAR PARK, TX  78613","S8922 - RED OAKS SEC 1B, BLOCK F, Lot 5","L305606D"," ","S8922 - RED OAKS SEC 1B","Real","$680,740","$680,740"
"R468984","R-17-W340-801A-B014-0008","PHILLIPS, WILLIAM M","405 SCARLET MAPLE DR CEDAR PARK, TX 78613-3981","405 SCARLET MAPLE DR, CEDAR PARK, TX  78613","S8916 - RED OAKS SEC 1A, BLOCK B, Lot 14","L305606D"," ","S8916 - RED OAKS SEC 1A","Real","$820,636","$820,636"
"R495407","R-17-W340-806V-0011-0008","DAVILA, LAURA NICOLE & LETICIA","502 ROLLING BROOK LN  CEDAR PARK, TX 78613-4549","502 ROLLING BROOK LN, CEDAR PARK, TX  78613","S9652 - RED OAKS SEC 6, BLOCK V, Lot 11","L305606D"," ","S9652 - RED OAKS SEC 6","Real","$558,790","$558,790"
"R475860","R-17-W340-8020-E009-0008","VALENZUELA, MIGUEL P & ALEXANDRIA V","1301 CREEKSTONE DR  CEDAR PARK, TX 78613","1301 CREEKSTONE DR, CEDAR PARK, TX  78613","S9088 - RED OAKS SEC 2, BLOCK E, Lot 9","L305606D"," ","S9088 - RED OAKS SEC 2","Real","$801,713","$801,713"
"R475954","R-17-W340-8030-Q007-0008","SHENG, CHENGKE & GUANG ZHU","10125 TULAROSA PASS  AUSTIN, TX 78726","1502 HARVEST BEND LN, CEDAR PARK, TX  78613","S9154 - RED OAKS SEC 3, BLOCK Q, Lot 7","L305606D"," ","S9154 - RED OAKS SEC 3","Real","$521,044","$521,044"
"R489561","R-17-W340-805F-0012-0008","FORNEY CRAIG B & KATHLEEN F TRSTS OF REVOCABLE LIVING TRUST","514 SPRING ARBOR LN  CEDAR PARK, TX 78613","514 SPRING ARBOR LN, CEDAR PARK, TX  78613","S9466 - RED OAKS SEC 5, BLOCK F, Lot 12","L305606D"," ","S9466 - RED OAKS SEC 5","Real","$732,978","$732,978"
"R470503","R-17-W340-801C-G004-0008","DADE, JESSICA RENEE & DWAYNE DIONTE","604 PEBBLESTONE WALK DR  CEDAR PARK, TX 78613-3991","604 PEBBLESTONE WALK DR, CEDAR PARK, TX  78613","S8986 - RED OAKS SEC 1C, BLOCK G, Lot 4","L305606D"," ","S8986 - RED OAKS SEC 1C","Real","$582,660","$582,660"
"R475907","R-17-W340-8030-K030-0008","8302 FRANWOOD LLC","1705 TAMRA CT  ROUND ROCK, TX 78681-7385","1816 HARVEST BEND LN, CEDAR PARK, TX  78613","S9154 - RED OAKS SEC 3, BLOCK K, Lot 30","L305606D"," ","S9154 - RED OAKS SEC 3","Real","$562,992","$562,992"
"R475851","R-17-W340-8020-D011-0008","MARIETTA, BRYAN D & VICTORIA J","1211 QUIET CREEK DR  CEDAR PARK, TX 78613","1211 QUIET CREEK DR, CEDAR PARK, TX  78613","S9088 - RED OAKS SEC 2, BLOCK D, Lot 11","L305606D"," ","S9088 - RED OAKS SEC 2","Real","$784,368","$784,368"
"R499159","R-17-W340-808A-P001-0008","ADAMS, KEITH H & TONDA L","307 INDIAN SPRINGS CT  CEDAR PARK, TX 78613","307 INDIAN SPRINGS CT, CEDAR PARK, TX  78613","S9781 - RED OAKS SEC 8A, BLOCK P, Lot 1","L305606D"," ","S9781 - RED OAKS SEC 8A","Real","$631,762","$631,762"
"R470497","R-17-W340-801C-F018-0008","RAJAN ARULSWAMY & ANITA CHITRA RATHINAM CO TRUSTEES OF THE RAJAN AND ANITA ARULS","1504 LIBERTY OAKS BLVD CEDAR PARK, TX 78613","1504 LIBERTY OAKS BLVD, CEDAR PARK, TX  78613","S8986 - RED OAKS SEC 1C, BLOCK F, Lot 18","L305606D"," ","S8986 - RED OAKS SEC 1C","Real","$692,671","$692,671"
"R495404","R-17-W340-806V-0008-0008","ABERRA, EZANA H & FABIOLA C IBARRA","508 ROLLING BROOK LN  CEDAR PARK, TX 78613","508 ROLLING BROOK LN, CEDAR PARK, TX  78613","S9652 - RED OAKS SEC 6, BLOCK V, Lot 8","L305606D"," ","S9652 - RED OAKS SEC 6","Real","$663,687","$663,687"
"R481525","R-17-W340-8040-Q016-0008","BLAIR, JAMES J & NICOLE L","1407 ORCHARD FALLS DR  CEDAR PARK, TX 78613","1407 ORCHARD FALLS DR, CEDAR PARK, TX  78613","S9246 - RED OAKS SEC 4, BLOCK Q, Lot 16","L305606D"," ","S9246 - RED OAKS SEC 4","Real","$716,130","$716,166"
"R475951","R-17-W340-8030-Q004-0008","KBQ INVESTMENT LLC","1303 QUIET CREEK DR  CEDAR PARK, TX 78613","1508 HARVEST BEND LN, CEDAR PARK, TX  78613","S9154 - RED OAKS SEC 3, BLOCK Q, Lot 4","L305606D"," ","S9154 - RED OAKS SEC 3","Real","$581,065","$581,065"
"R481545","R-17-W340-8040-R037-0008","HASSELL, PAUL & MAMTA JAYAVARDHAN","1610 AVONDALE DR  CEDAR PARK, TX 78613","1610 AVONDALE DR, CEDAR PARK, TX  78613","S9246 - RED OAKS SEC 4, BLOCK R, Lot 37","L305606D"," ","S9246 - RED OAKS SEC 4","Real","$790,914","$790,914"
"R475914","R-17-W340-8030-K037-0008","SHEYKHNAZARI, MOSTAFA & FIROUZEH MOAZZEZI","1800 HARVEST BEND LN  CEDAR PARK, TX 78613","1800 HARVEST BEND LN, CEDAR PARK, TX  78613","S9154 - RED OAKS SEC 3, BLOCK K, Lot 37","L305606D"," ","S9154 - RED OAKS SEC 3","Real","$557,970","$557,970"
"R489601","R-17-W340-807R-0012-0008","WIGGINS-CAMACHO, JACLYN & HERMES CAMACHO","303 SILENT SPRING DR  CEDAR PARK, TX 78613-4217","303 SILENT SPRING DR, CEDAR PARK, TX  78613","S9462 - RED OAKS SEC 7, BLOCK R, Lot 12","L305606D"," ","S9462 - RED OAKS SEC 7","Real","$736,429","$736,429"
"R470538","R-17-W340-801C-J002-0008","JAMES, MONICA & DANIEL","1502 OAK TREE LN CEDAR PARK, TX 78613-3992","1502 OAK TREE LN, CEDAR PARK, TX  78613","S8986 - RED OAKS SEC 1C, BLOCK J, Lot 2","L305606D"," ","S8986 - RED OAKS SEC 1C","Real","$599,251","$599,251"
"R470544","R-17-W340-801C-J008-0008","NISSEN, TROY R","1514 OAK TREE LN  CEDAR PARK, TX 78613","1514 OAK TREE LN, CEDAR PARK, TX  78613","S8986 - RED OAKS SEC 1C, BLOCK J, Lot 8","L305606D"," ","S8986 - RED OAKS SEC 1C","Real","$694,962","$694,962"
"R468986","R-17-W340-801A-B016-0008","BROWN, TONY & BABETTE","409 SCARLET MAPLE DR  CEDAR PARK, TX 78613","409 SCARLET MAPLE DR, CEDAR PARK, TX  78613","S8916 - RED OAKS SEC 1A, BLOCK B, Lot 16","L305606D"," ","S8916 - RED OAKS SEC 1A","Real","$797,379","$797,379"
"R470515","R-17-W340-801C-G016-0008","ONUR, KUTSI & DONNA","1600 LIBERTY OAKS BLVD  CEDAR PARK, TX 78613","1600 LIBERTY OAKS BLVD, CEDAR PARK, TX  78613","S8986 - RED OAKS SEC 1C, BLOCK G, Lot 16","L305606D"," ","S8986 - RED OAKS SEC 1C","Real","$602,555","$602,555"
"R475890","R-17-W340-8030-F016-0008","CHOI, PETER HOON & KAREN LOPEZ-SOLIS","505 PEBBLESTONE WALK DR  CEDAR PARK, TX 78613","505 PEBBLESTONE WALK DR, CEDAR PARK, TX  78613","S9154 - RED OAKS SEC 3, BLOCK F, Lot 16","L305606D"," ","S9154 - RED OAKS SEC 3","Real","$555,457","$555,457"
"R468969","R-17-W340-801A-A019-0008","BENTZ, MATTHEW & TRACEY FLORES","1108 ORCHARD FALLS DR  CEDAR PARK, TX 78613","1108 ORCHARD FALLS DR, CEDAR PARK, TX  78613","S8916 - RED OAKS SEC 1A, BLOCK A, Lot 19","L305606D"," ","S8916 - RED OAKS SEC 1A","Real","$705,848","$705,848"
"R475861","R-17-W340-8020-E010-0008","RATNER, ARMEN & DANA","1303 CREEKSTONE DR  CEDAR PARK, TX 78613-3995","1303 CREEKSTONE DR, CEDAR PARK, TX  78613","S9088 - RED OAKS SEC 2, BLOCK E, Lot 10","L305606D"," ","S9088 - RED OAKS SEC 2","Real","$860,986","$860,986"
"R495383","R-17-W340-806K-0026-0008","SINGH, PARAMJEET & SONIA ARORA","700 ROLLING BROOK LN  CEDAR PARK, TX 78613","700 ROLLING BROOK LN, CEDAR PARK, TX  78613","S9652 - RED OAKS SEC 6, BLOCK K, Lot 26","L305606D"," ","S9652 - RED OAKS SEC 6","Real","$643,713","$643,713"
"R499155","R-17-W340-808A-F030-0008","PHELPS, DANIEL & ALLISON","1309 ORCHARD FALLS DR  CEDAR PARK, TX 78613","1309 ORCHARD FALLS DR, CEDAR PARK, TX  78613","S9781 - RED OAKS SEC 8A, BLOCK F, Lot 30","L305606D"," ","S9781 - RED OAKS SEC 8A","Real","$717,949","$717,949"
"R470318","R-17-W340-801C-F009-0008","ROMINE, SCOTT & JEANINE","509 PEBBLESTONE WALK DR  CEDAR PARK, TX 78613","509 PEBBLESTONE WALK DR, CEDAR PARK, TX  78613","S8986 - RED OAKS SEC 1C, BLOCK F, Lot 9","L305606D"," ","S8986 - RED OAKS SEC 1C","Real","$629,202","$629,202"
"R470521","R-17-W340-801C-H006-0008","OOSTHUIZEN, JOHAN","1507 LIBERTY OAKS BLVD  CEDAR PARK, TX 78613","1507 LIBERTY OAKS BLVD, CEDAR PARK, TX  78613","S8986 - RED OAKS SEC 1C, BLOCK H, Lot 6","L305606D"," ","S8986 - RED OAKS SEC 1C","Real","$585,612","$585,612"
"R495372","R-17-W340-806K-0016-0008","GROTH, JOHN MICHAEL","707 ROLLING BROOK LN  CEDAR PARK, TX 78613","707 ROLLING BROOK LN, CEDAR PARK, TX  78613","S9652 - RED OAKS SEC 6, BLOCK K, Lot 16","L305606D"," ","S9652 - RED OAKS SEC 6","Real","$694,618","$694,618"
"R499165","R-17-W340-808A-P007-0008","LEVINE, GAIL E & JEFFREY ALAN","304 INDIAN SPRING CT  CEDAR PARK, TX 78613","304 INDIAN SPRINGS CT, CEDAR PARK, TX  78613","S9781 - RED OAKS SEC 8A, BLOCK P, Lot 7","L305606D"," ","S9781 - RED OAKS SEC 8A","Real","$711,966","$711,966"
"R470514","R-17-W340-801C-G015-0008","FRANTSKEVICH, ULADZIMIR & NATALY YAGUR","1602 LIBERTY OAKS BLVD  CEDAR PARK, TX 78613","1602 LIBERTY OAKS BLVD, CEDAR PARK, TX  78613","S8986 - RED OAKS SEC 1C, BLOCK G, Lot 15","L305606D"," ","S8986 - RED OAKS SEC 1C","Real","$575,859","$575,859"
"R468977","R-17-W340-801A-B007-0008","HUSKISSON, SHARON L & PETER G","408 MISTY MORN LN  CEDAR PARK, TX 78613-3983","408 MISTY MORN LN, CEDAR PARK, TX  78613","S8916 - RED OAKS SEC 1A, BLOCK B, Lot 7","L305606D"," ","S8916 - RED OAKS SEC 1A","Real","$739,073","$739,073"
"R499166","R-17-W340-808A-P008-0008","MOBASHER, NIMA & SANAM NAZ AFTAHI","306 INDIAN SPRINGS CT  CEDAR PARK, TX 78613","306 INDIAN SPRINGS CT, CEDAR PARK, TX  78613","S9781 - RED OAKS SEC 8A, BLOCK P, Lot 8","L305606D"," ","S9781 - RED OAKS SEC 8A","Real","$576,442","$576,442"
"R475928","R-17-W340-8030-K051-0008","KO, IN SUK","1616 HARVEST BEND LN  CEDAR PARK, TX 78613-4148","1616 HARVEST BEND LN, CEDAR PARK, TX  78613","S9154 - RED OAKS SEC 3, BLOCK K, Lot 51","L305606D"," ","S9154 - RED OAKS SEC 3","Real","$678,640","$678,640"
"R475930","R-17-W340-8030-K053-0008","PHAN, THIEN PHAT","1612 HARVEST BEND LN CEDAR PARK, TX 78613-4148","1612 HARVEST BEND LN, CEDAR PARK, TX  78613","S9154 - RED OAKS SEC 3, BLOCK K, Lot 53","L305606D"," ","S9154 - RED OAKS SEC 3","Real","$602,721","$602,721"
"R470494","R-17-W340-801C-F015-0008","HELEN G CARBONELL TR HELEN G CARBONELL REVOCABLE TRUST","607 PEBBLESTONE WALK DR  CEDAR PARK, TX 78613-3991","607 PEBBLESTONE WALK DR, CEDAR PARK, TX  78613","S8986 - RED OAKS SEC 1C, BLOCK F, Lot 15","L305606D"," ","S8986 - RED OAKS SEC 1C","Real","$595,511","$595,511"
"R489580","R-17-W340-805N-0001-0008","PARK, RANDAL","1306 FERNGLADE LN  CEDAR PARK, TX 78613","1306 FERNGLADE LN, CEDAR PARK, TX  78613","S9466 - RED OAKS SEC 5, BLOCK N, Lot 1","L305606D"," ","S9466 - RED OAKS SEC 5","Real","$779,118","$779,118"
"R489602","R-17-W340-807R-0013-0008","GRAY, BARBARA LYNNE","301 SILENT SPRING DR  CEDAR PARK, TX 78613-4217","301 SILENT SPRING DR, CEDAR PARK, TX  78613","S9462 - RED OAKS SEC 7, BLOCK R, Lot 13","L305606D"," ","S9462 - RED OAKS SEC 7","Real","$692,819","$692,819"
"R489592","R-17-W340-807R-0004-0008","BOHMAN, EKATERINA (RS) & KRISTIPHER (RS)","319 SILENT SPRING DR  CEDAR PARK, TX 78613","319 SILENT SPRING DR, CEDAR PARK, TX  78613","S9462 - RED OAKS SEC 7, BLOCK R, Lot 4","L305606D"," ","S9462 - RED OAKS SEC 7","Real","$791,345","$791,345"
"R481541","R-17-W340-8040-R033-0008","DOMINGUEZ, ARTURO & MARIA","1602 AVONDALE DR  CEDAR PARK, TX 78613","1602 AVONDALE DR, CEDAR PARK, TX  78613","S9246 - RED OAKS SEC 4, BLOCK R, Lot 33","L305606D"," ","S9246 - RED OAKS SEC 4","Real","$640,395","$640,395"
"R489606","R-17-W340-807R-0017-0008","PORTILLO, LEOPOLDO & ADRIANA R","1406 PENDLETON DR  CEDAR PARK, TX 78613","1406 PENDLETON DR, CEDAR PARK, TX  78613","S9462 - RED OAKS SEC 7, BLOCK R, Lot 17","L305606D"," ","S9462 - RED OAKS SEC 7","Real","$773,206","$773,206"
"R495369","R-17-W340-806K-0013-0008","LIAO, HSI-CHE","701 ROLLING BROOK LN  CEDAR PARK, TX 78613-4548","701 ROLLING BROOK LN, CEDAR PARK, TX  78613","S9652 - RED OAKS SEC 6, BLOCK K, Lot 13","L305606D"," ","S9652 - RED OAKS SEC 6","Real","$686,727","$686,727"
"R468980","R-17-W340-801A-B010-0008","WOLTER, KEVIN RUSSELL & MELISSA","402 MISTY MORN LN  CEDAR PARK, TX 78613-3983","402 MISTY MORN LN, CEDAR PARK, TX  78613","S8916 - RED OAKS SEC 1A, BLOCK B, Lot 10","L305606D"," ","S8916 - RED OAKS SEC 1A","Real","$750,798","$750,798"
"R475856","R-17-W340-8020-E005-0008","MIZE, MATTHEW & TABRIAH","1300 QUIET CREEK DR  CEDAR PARK, TX 78613","1300 QUIET CREEK DR, CEDAR PARK, TX  78613","S9088 - RED OAKS SEC 2, BLOCK E, Lot 5","L305606D"," ","S9088 - RED OAKS SEC 2","Real","$740,382","$740,382"
"R475904","R-17-W340-8030-K027-0008","VOGELZANG, BENJAMIN","1812 BUFFALO THUNDER LEANDER, TX 78641-8777","1703 OAKLAND DR, CEDAR PARK, TX  78613","S9154 - RED OAKS SEC 3, BLOCK K, Lot 27","L305606D"," ","S9154 - RED OAKS SEC 3","Real","$527,183","$527,183"
"R495405","R-17-W340-806V-0009-0008","DAVIS, PATRICK & LAURA","506 ROLLING BROOK LN  CEDAR PARK, TX 78613","506 ROLLING BROOK LN, CEDAR PARK, TX  78613","S9652 - RED OAKS SEC 6, BLOCK V, Lot 9","L305606D"," ","S9652 - RED OAKS SEC 6","Real","$576,427","$576,427"
"R470511","R-17-W340-801C-G012-0008","CHANDLER, RODNEY (TOD) C & LESLEY (TOD) N","1511 OAK TREE LN  CEDAR PARK, TX 78613","1511 OAK TREE LN, CEDAR PARK, TX  78613","S8986 - RED OAKS SEC 1C, BLOCK G, Lot 12","L305606D"," ","S8986 - RED OAKS SEC 1C","Real","$687,465","$700,567"
"R495393","R-17-W340-806L-0026-0008","LEE, SZE-MING & MO YUE LEE","603 ROLLING BROOK LN  CEDAR PARK, TX 78613","603 ROLLING BROOK LN, CEDAR PARK, TX  78613","S9652 - RED OAKS SEC 6, BLOCK L, Lot 26","L305606D"," ","S9652 - RED OAKS SEC 6","Real","$646,134","$646,134"
"R469007","R-17-W340-801A-D003-0008","DO, VIVIAN & CONG MAI","508 SCARLET MAPLE DR  CEDAR PARK, TX 78613","508 SCARLET MAPLE DR, CEDAR PARK, TX  78613","S8916 - RED OAKS SEC 1A, BLOCK D, Lot 3","L305606D"," ","S8916 - RED OAKS SEC 1A","Real","$791,277","$791,277"
"R475895","R-17-W340-8030-H014-0008","PAINTER, CHRISTOPHER P & CHERYL","505 HICKORY RUN DR  CEDAR PARK, TX 78613","505 HICKORY RUN DR, CEDAR PARK, TX  78613","S9154 - RED OAKS SEC 3, BLOCK H, Lot 14","L305606D"," ","S9154 - RED OAKS SEC 3","Real","$675,762","$675,762"
"R469016","R-17-W340-801B-E001-LS08","RED OAKS COMMUNITY INC","% REAL MANAGE PO BOX 700128 DALLAS, TX 75370-0128","LITTLE ELM TRL, CEDAR PARK, TX  78613","S8922 - RED OAKS SEC 1B, BLOCK E, Lot 1-LS, ACRES 0.249, (LANDSCAPE)","L305606D"," ","S8922 - RED OAKS SEC 1B","Real","$300","$300"
"R475892","R-17-W340-8030-H000-0008","RED OAKS COMMUNITY INC","% REAL MANAGE PO BOX 700128 DALLAS, TX 75370-0128","HICKORY RUN DR, CEDAR PARK, TX  78613","S9154 - RED OAKS SEC 3, BLOCK H, ACRES 0.083, (OPEN SPACE)","L305606D"," ","S9154 - RED OAKS SEC 3","Real","$300","$300"
"R475902","R-17-W340-8030-K003-0008","RED OAKS COMMUNITY INC","% REAL MANAGE PO BOX 700128 DALLAS, TX 75370-0128","1600 HARVEST BEND LN, CEDAR PARK, TX  78613","S9154 - RED OAKS SEC 3, BLOCK K, Lot 3, ACRES 0.274, (DETENTION POND)","L305606D"," ","S9154 - RED OAKS SEC 3","Real","$300","$300"
"R481533","R-17-W340-8040-R004-0008","RED OAKS COMMUNITY INC","% REAL MANAGE PO BOX 700128 DALLAS, TX 75370-0128","1607 AVONDALE DR, CEDAR PARK, TX  78613","S9246 - RED OAKS SEC 4, BLOCK R, Lot 4, ACRES 0.547, (DETENTION POND)","L305606D"," ","S9246 - RED OAKS SEC 4","Real","$300","$300"
"R469005","R-17-W340-801A-D002-LS08","RED OAKS COMMUNITY INC","% REAL MANAGE PO BOX 700128 DALLAS, TX 75370-0128","514 SCARLET MAPLE DR, CEDAR PARK, TX  78613","S8916 - RED OAKS SEC 1A, BLOCK D, Lot 2-LS, ACRES 0.302, (LANDSCAPE)","L305606D"," ","S8916 - RED OAKS SEC 1A","Real","$300","$300"
"R481519","R-17-W340-8040-H011-0008","RED OAKS COMMUNITY INC","% REAL MANAGE PO BOX 700128 DALLAS, TX 75370-0128","LITTLE ELM TRL, CEDAR PARK, TX  78613","S9246 - RED OAKS SEC 4, BLOCK H, Lot 11, ACRES 0.088, (LANDSCAPE)","L305606D"," ","S9246 - RED OAKS SEC 4","Real","$300","$300"
"R499167","R-17-W340-808A-P007-LS08","RED OAKS COMMUNITY INC","% REAL MANAGE PO BOX 700128 DALLAS, TX 75370-0128","1316 ORCHARD FALLS DR, CEDAR PARK, TX  78613","S9781 - RED OAKS SEC 8A, BLOCK P, Lot 7, ACRES 0.117, (LANDSCAPE)","L305606D"," ","S9781 - RED OAKS SEC 8A","Real","$300","$300"
"R494170","R-17-W340-805F-0000-0008","RED OAKS COMMUNITY INC","% REAL MANAGE PO BOX 700128 DALLAS, TX 75370-0128","508 SPRING ARBOR LN, CEDAR PARK, TX  78613","S9466 - RED OAKS SEC 5, BLOCK F, ACRES 0.0875, (ACCESS EASEMENT)","L305606D"," ","S9466 - RED OAKS SEC 5","Real","$300","$300"
"R475900","R-17-W340-8030-K002-DE08","RED OAKS COMMUNITY INC","% REAL MANAGE PO BOX 700128 DALLAS, TX 75370-0128","1814 HARVEST BEND LN, CEDAR PARK, TX  78613","S9154 - RED OAKS SEC 3, BLOCK K, Lot 2, ACRES 1.713, (DETENTION POND)","L305606D"," ","S9154 - RED OAKS SEC 3","Real","$514","$514"
"R475901","R-17-W340-8030-K002-OS08","RED OAKS COMMUNITY INC","% REAL MANAGE PO BOX 700128 DALLAS, TX 75370-0128","1622 HARVEST BEND LN, CEDAR PARK, TX  78613","S9154 - RED OAKS SEC 3, BLOCK K, Lot 2, ACRES 0.06, (OPEN SPACE)","L305606D"," ","S9154 - RED OAKS SEC 3","Real","$300","$300"
"R468965","R-17-W340-801A-A015-0008","RED OAKS COMMUNITY INC","% REAL MANAGE PO BOX 700128 DALLAS, TX 75370-0128","1100 ORCHARD FALLS DR, CEDAR PARK, TX  78613","S8916 - RED OAKS SEC 1A, BLOCK A, Lot 15, ACRES 1.005, (DETENTION POND)","L305606D"," ","S8916 - RED OAKS SEC 1A","Real","$302","$302"
"R470512","R-17-W340-801C-G013-0008","RED OAKS COMMUNITY INC","% REAL MANAGE PO BOX 700128 DALLAS, TX 75370-0128","1610 LIBERTY OAKS BLVD, CEDAR PARK, TX  78613","S8986 - RED OAKS SEC 1C, BLOCK G, Lot 13, ACRES 1.598, (AMENITY CTR)","L305606D"," ","S8986 - RED OAKS SEC 1C","Real","$32,453","$32,453"
"R489597","R-17-W340-807R-0008-LS08","RED OAKS COMMUNITY INC","% REAL MANAGE PO BOX 700128 DALLAS, TX 75370-0128","LITTLE ELM TRL, CEDAR PARK, TX  78613","S9462 - RED OAKS SEC 7, BLOCK R, Lot 8/LS, ACRES 0.455, (LANDSCAPE)","L305606D"," ","S9462 - RED OAKS SEC 7","Real","$300","$300"
"R499151","R-17-W340-808A-F010-0008","RED OAKS COMMUNITY INC","% REAL MANAGE PO BOX 700128 DALLAS, TX 75370-0128","1317 ORCHARD FALLS DR, CEDAR PARK, TX  78613","S9781 - RED OAKS SEC 8A, BLOCK F, Lot 10, ACRES 0.149, (LANDSCAPE)","L305606D"," ","S9781 - RED OAKS SEC 8A","Real","$300","$300"
"R489560","R-17-W340-805F-0005-0008","RED OAKS COMMUNITY INC","% REAL MANAGE PO BOX 700128 DALLAS, TX 75370-0128","LITTLE ELM TRL, CEDAR PARK, TX  78613","S9466 - RED OAKS SEC 5, BLOCK F, Lot 5, ACRES 0.28, (LANDSCAPE)","L305606D"," ","S9466 - RED OAKS SEC 5","Real","$300","$300"
"R475839","R-17-W340-8020-0002-0008","RED OAKS COMMUNITY INC","% REAL MANAGE PO BOX 700128 DALLAS, TX 75370-0128","LIBERTY OAKS BLVD, CEDAR PARK, TX  78613","S9088 - RED OAKS SEC 2, Lot 2, ACRES 0.1735, (LANDSCAPE)","L305606D"," ","S9088 - RED OAKS SEC 2","Real","$300","$300"
"R475838","R-17-W340-8020-0001-0008","RED OAKS COMMUNITY INC","% REAL MANAGE PO BOX 700128 DALLAS, TX 75370-0128","LIBERTY OAKS BLVD, CEDAR PARK, TX  78613","S9088 - RED OAKS SEC 2, Lot 1, ACRES 0.0992, (LANDSCAPE)","L305606D"," ","S9088 - RED OAKS SEC 2","Real","$300","$300"
"R468951","R-17-W340-801A-A001-LS08","RED OAKS COMMUNITY INC","% REAL MANAGE PO BOX 700128 DALLAS, TX 75370-0128","LIBERTY OAKS BLVD, CEDAR PARK, TX  78613","S8916 - RED OAKS SEC 1A, BLOCK A, Lot 1-LS, ACRES 0.102, (LANDSCAPE)","L305606D"," ","S8916 - RED OAKS SEC 1A","Real","$300","$300"
"R475903","R-17-W340-8030-K009-0008","RED OAKS COMMUNITY INC","% REAL MANAGE PO BOX 700128 DALLAS, TX 75370-0128","1602 HARVEST BEND LN, CEDAR PARK, TX  78613","S9154 - RED OAKS SEC 3, BLOCK K, Lot 9, ACRES 0.793, (DETENTION POND)","L305606D"," ","S9154 - RED OAKS SEC 3","Real","$300","$300"
"R475840","R-17-W340-8020-0003-0008","RED OAKS COMMUNITY INC","% REAL MANAGE PO BOX 700128 DALLAS, TX 75370-0128","LIBERTY OAKS BLVD, CEDAR PARK, TX  78613","S9088 - RED OAKS SEC 2, Lot 3, ACRES 0.3918, (LANDSCAPE)","L305606D"," ","S9088 - RED OAKS SEC 2","Real","$300","$300"
"R485652","R-17-W340-8030-K001-0008","RED OAKS COMMUNITY INC","% REAL MANAGE PO BOX 700128 DALLAS, TX 75370-0128","1814 HARVEST BEND LN, CEDAR PARK, TX  78613","S9154 - RED OAKS SEC 3, BLOCK K, Lot 1, ACRES 6.294, (PARKLAND)","L305606D"," ","S9154 - RED OAKS SEC 3","Real","$1,888","$1,888"
"R475893","R-17-W340-8030-H010-0008","RED OAKS COMMUNITY INC","% REAL MANAGE PO BOX 700128 DALLAS, TX 75370-0128","LITTLE ELM TRL, CEDAR PARK, TX  78613","S9154 - RED OAKS SEC 3, BLOCK H, Lot 10, ACRES 0.793, (LANDSCAPE)","L305606D"," ","S9154 - RED OAKS SEC 3","Real","$300","$300"
"R475888","R-17-W340-8030-F014-0008","RED OAKS COMMUNITY INC","% REAL MANAGE PO BOX 700128 DALLAS, TX 75370-0128","1403 HARVEST BEND LN, CEDAR PARK, TX  78613","S9154 - RED OAKS SEC 3, BLOCK F, Lot 14","L305606D"," ","S9154 - RED OAKS SEC 3","Real","$300","$300"
"R495377","R-17-W340-806K-0020-A008","RED OAKS COMMUNITY INC","% REAL MANAGE PO BOX 700128 DALLAS, TX 75370-0128","712 ROLLING BROOK LN, CEDAR PARK, TX  78613","S9652 - RED OAKS SEC 6, BLOCK K, Lot 20A, ACRES 0.1, (LANDSCAPE)","L305606D"," ","S9652 - RED OAKS SEC 6","Real","$300","$300"
"R475863","R-17-W340-8020-E012-0008","Unknown","Unknown","1307 CREEKSTONE DR, CEDAR PARK, TX  78613","S9088 - RED OAKS SEC 2, BLOCK E, Lot 12","L305606D"," ","S9088 - RED OAKS SEC 2","Real","$815,159","$815,159"
"R468983","R-17-W340-801A-B013-0008","MARTIN, R DAVID & BETHANY B","403 SCARLET MAPLE DR CEDAR PARK, TX 78613-3981","403 SCARLET MAPLE DR, CEDAR PARK, TX  78613","S8916 - RED OAKS SEC 1A, BLOCK B, Lot 13","L305606D"," ","S8916 - RED OAKS SEC 1A","Real","$787,038","$787,038"
"R469011","R-17-W340-801A-D007-0008","VAIDEESWARAN, RAMAMURTHI & MEENAKSHI","500 SCARLET MAPLE DR CEDAR PARK, TX 78613-3982","500 SCARLET MAPLE DR, CEDAR PARK, TX  78613","S8916 - RED OAKS SEC 1A, BLOCK D, Lot 7","L305606D"," ","S8916 - RED OAKS SEC 1A","Real","$790,069","$790,069"
"R489627","R-17-W340-807T-0006-0008","POWERS, CLAIRE WARREN","1505 PENDLETON DR  CEDAR PARK, TX 78613-4242","1505 PENDLETON DR, CEDAR PARK, TX  78613","S9462 - RED OAKS SEC 7, BLOCK T, Lot 6","L305606D"," ","S9462 - RED OAKS SEC 7","Real","$786,857","$786,857"
"R468975","R-17-W340-801A-B005-0008","BELACHEW, AKLILE (TOD) & YEMISRACH (TOD)","412 MISTY MORN LN  CEDAR PARK, TX 78613-3983","412 MISTY MORN LN, CEDAR PARK, TX  78613","S8916 - RED OAKS SEC 1A, BLOCK B, Lot 5","L305606D"," ","S8916 - RED OAKS SEC 1A","Real","$777,304","$777,304"
"R481529","R-17-W340-8040-Q020-0008","HENRY, LAUREN MARIE MARTINO & DUSTIN WILLIAMSON","1507 ORCHARD FALLS DR  CEDAR PARK, TX 78613-4163","1507 ORCHARD FALLS DR, CEDAR PARK, TX  78613","S9246 - RED OAKS SEC 4, BLOCK Q, Lot 20","L305606D"," ","S9246 - RED OAKS SEC 4","Real","$525,765","$525,765"
"R489593","R-17-W340-807R-0005-0008","HOTCHKISS, GREGORY M & MELANIE A","317 SILENT SPRING DR  CEDAR PARK, TX 78613","317 SILENT SPRING DR, CEDAR PARK, TX  78613","S9462 - RED OAKS SEC 7, BLOCK R, Lot 5","L305606D"," ","S9462 - RED OAKS SEC 7","Real","$787,697","$829,842"
"R475917","R-17-W340-8030-K040-0008","Unknown","Unknown","1716 HARVEST BEND LN, CEDAR PARK, TX  78613","S9154 - RED OAKS SEC 3, BLOCK K, Lot 40","L305606D"," ","S9154 - RED OAKS SEC 3","Real","$681,758","$681,758"
"R475858","R-17-W340-8020-E007-0008","WADINO, MIKE (TOD) & JOAN (TOD)","1202 QUIET CREEK DR  CEDAR PARK, TX 78613-3996","1202 QUIET CREEK DR, CEDAR PARK, TX  78613","S9088 - RED OAKS SEC 2, BLOCK E, Lot 7","L305606D"," ","S9088 - RED OAKS SEC 2","Real","$752,088","$752,088"
"R475912","R-17-W340-8030-K035-0008","REHM, DAVID & SARAH","1804 HARVEST BEND LN  CEDAR PARK, TX 78613","1804 HARVEST BEND LN, CEDAR PARK, TX  78613","S9154 - RED OAKS SEC 3, BLOCK K, Lot 35","L305606D"," ","S9154 - RED OAKS SEC 3","Real","$758,231","$758,959"
"R481532","R-17-W340-8040-Q023-0008","VATS, KAMAL & SANJEEV","1513 ORCHARD FALLS DR  CEDAR PARK, TX 78613","1513 ORCHARD FALLS DR, CEDAR PARK, TX  78613","S9246 - RED OAKS SEC 4, BLOCK Q, Lot 23","L305606D"," ","S9246 - RED OAKS SEC 4","Real","$668,959","$668,959"
"R489621","R-17-W340-807S-0007-0008","HAMMERSMITH, KYLE C & KELLIE A","314 SILENT SPRING DR CEDAR PARK, TX 78613-4217","314 SILENT SPRING DR, CEDAR PARK, TX  78613","S9462 - RED OAKS SEC 7, BLOCK S, Lot 7","L305606D"," ","S9462 - RED OAKS SEC 7","Real","$725,389","$725,389"
"R468968","R-17-W340-801A-A018-0008","SCHMITT, MICHAEL EDWARD","1106 ORCHARD FALLS DR  CEDAR PARK, TX 78613","1106 ORCHARD FALLS DR, CEDAR PARK, TX  78613","S8916 - RED OAKS SEC 1A, BLOCK A, Lot 18","L305606D"," ","S8916 - RED OAKS SEC 1A","Real","$771,231","$771,231"
"R481577","R-17-W340-8040-U014-0008","FANG, TIANHAO","1510 ORCHARD FALLS DR  CEDAR PARK, TX 78613","1510 ORCHARD FALLS DR, CEDAR PARK, TX  78613","S9246 - RED OAKS SEC 4, BLOCK U, Lot 14","L305606D"," ","S9246 - RED OAKS SEC 4","Real","$814,575","$814,575"
"R495376","R-17-W340-806K-0020-0008","THOMPSON, BRIAN P & DANA N","714 ROLLING BROOK LN CEDAR PARK, TX 78613-4548","714 ROLLING BROOK LN, CEDAR PARK, TX  78613","S9652 - RED OAKS SEC 6, BLOCK K, Lot 20","L305606D"," ","S9652 - RED OAKS SEC 6","Real","$643,081","$643,081"
"R468970","R-17-W340-801A-A020-0008","SAMA, KIRAN","1200 ORCHARD FALLS DR  CEDAR PARK, TX 78613","1200 ORCHARD FALLS DR, CEDAR PARK, TX  78613","S8916 - RED OAKS SEC 1A, BLOCK A, Lot 20","L305606D"," ","S8916 - RED OAKS SEC 1A","Real","$742,640","$742,640"
"R499156","R-17-W340-808A-F031-0008","WU, YANPING","1311 ORCHARD FALLS DR  CEDAR PARK, TX 78613","1311 ORCHARD FALLS DR, CEDAR PARK, TX  78613","S9781 - RED OAKS SEC 8A, BLOCK F, Lot 31","L305606D"," ","S9781 - RED OAKS SEC 8A","Real","$557,836","$557,836"
"R468952","R-17-W340-801A-A002-0008","CLARK, ERIC RANDALL","425 MISTY MORN LN  CEDAR PARK, TX 78613-3983","425 MISTY MORN LN, CEDAR PARK, TX  78613","S8916 - RED OAKS SEC 1A, BLOCK A, Lot 2","L305606D"," ","S8916 - RED OAKS SEC 1A","Real","$847,919","$847,919"
"R469004","R-17-W340-801A-D001-0008","PAYNE, CORY & TAYLOR","512 SCARLET MAPLE DR  CEDAR PARK, TX 78613","512 SCARLET MAPLE DR, CEDAR PARK, TX  78613","S8916 - RED OAKS SEC 1A, BLOCK D, Lot 1","L305606D"," ","S8916 - RED OAKS SEC 1A","Real","$566,413","$566,413"
"R475845","R-17-W340-8020-D005-0008","PETRINEC, BRYAN J & MARA L JOHNSON PETRINEC","515 AUTUMN BEND LN  CEDAR PARK, TX 78613","515 AUTUMN BEND LN, CEDAR PARK, TX  78613","S9088 - RED OAKS SEC 2, BLOCK D, Lot 5","L305606D"," ","S9088 - RED OAKS SEC 2","Real","$892,590","$892,590"
"R469026","R-17-W340-801B-E011-0008","CANO, CASSANDRA JO","511 HICKORY RUN DR  CEDAR PARK, TX 78613","511 HICKORY RUN DR, CEDAR PARK, TX  78613","S8922 - RED OAKS SEC 1B, BLOCK E, Lot 11","L305606D"," ","S8922 - RED OAKS SEC 1B","Real","$574,148","$574,148"
"R470520","R-17-W340-801C-H005-0008","SOTO-URANGA, MANLIO ARMANDO & SOLEDAD G A MARTINEZ","1505 LIBERTY OAKS BLVD  CEDAR PARK, TX 78613","1505 LIBERTY OAKS BLVD, CEDAR PARK, TX  78613","S8986 - RED OAKS SEC 1C, BLOCK H, Lot 5","L305606D"," ","S8986 - RED OAKS SEC 1C","Real","$689,253","$701,903"
"R475938","R-17-W340-8030-L013-0008","GALVAO, MARCELO","1603 HARVEST BEND LN CEDAR PARK, TX 78613-4148","1603 HARVEST BEND LN, CEDAR PARK, TX  78613","S9154 - RED OAKS SEC 3, BLOCK L, Lot 13","L305606D"," ","S9154 - RED OAKS SEC 3","Real","$545,512","$545,512"
"R489608","R-17-W340-807R-0019-0008","NGUYEN, THANHKIEU & THIEN LY","1502 PENDLETON DR CEDAR PARK, TX 78613-4242","1502 PENDLETON DR, CEDAR PARK, TX  78613","S9462 - RED OAKS SEC 7, BLOCK R, Lot 19","L305606D"," ","S9462 - RED OAKS SEC 7","Real","$753,082","$753,082"
"R469002","R-17-W340-801A-C008-0008","MCCRAW, KENNETH L JR & LYNN","402 SCARLET MAPLE DR CEDAR PARK, TX 78613-3981","402 SCARLET MAPLE DR, CEDAR PARK, TX  78613","S8916 - RED OAKS SEC 1A, BLOCK C, Lot 8","L305606D"," ","S8916 - RED OAKS SEC 1A","Real","$744,404","$744,404"
"R468991","R-17-W340-801A-B021-0008","URSENBACH, HAROLD G (TOD) & DIANE M (TOD)","501 SCARLET MAPLE DR  CEDAR PARK, TX 78613","501 SCARLET MAPLE DR, CEDAR PARK, TX  78613","S8916 - RED OAKS SEC 1A, BLOCK B, Lot 21","L305606D"," ","S8916 - RED OAKS SEC 1A","Real","$785,195","$785,195"
"R475891","R-17-W340-8030-F017-0008","SACHDEVA RAVINDER KUMAR (TOD) & TANIMA (TOD) SUDAN","3501 SCENIC OVERLOOK TRL  AUSTIN, TX 78734","507 PEBBLESTONE WALK DR, CEDAR PARK, TX  78613","S9154 - RED OAKS SEC 3, BLOCK F, Lot 17","L305606D"," ","S9154 - RED OAKS SEC 3","Real","$651,973","$651,973"
"R468962","R-17-W340-801A-A012-0008","SALOMON, BROOK L & PAUL J","405 MISTY MORN LN  CEDAR PARK, TX 78613-3983","405 MISTY MORN LN, CEDAR PARK, TX  78613","S8916 - RED OAKS SEC 1A, BLOCK A, Lot 12","L305606D"," ","S8916 - RED OAKS SEC 1A","Real","$774,973","$774,973"
"R470535","R-17-W340-801C-I008-0008","PATEL, NASIRALI R & FARIDA N","1615 LIBERTY OAKS BLVD  CEDAR PARK, TX 78613","1615 LIBERTY OAKS BLVD, CEDAR PARK, TX  78613","S8986 - RED OAKS SEC 1C, BLOCK I, Lot 8","L305606D"," ","S8986 - RED OAKS SEC 1C","Real","$691,655","$713,394"
"R489567","R-17-W340-805F-0018-0008","SOLOMON, CHRISTOPHER & JENNIFER","500 SPRING ARBOR LN  CEDAR PARK, TX 78613","500 SPRING ARBOR LN, CEDAR PARK, TX  78613","S9466 - RED OAKS SEC 5, BLOCK F, Lot 18","L305606D"," ","S9466 - RED OAKS SEC 5","Real","$925,652","$925,652"
"R489562","R-17-W340-805F-0013-0008","MCMURRAY, JOSEPH R & SHARLYN A","512 SPRING ARBOR LN  CEDAR PARK, TX 78613","512 SPRING ARBOR LN, CEDAR PARK, TX  78613","S9466 - RED OAKS SEC 5, BLOCK F, Lot 13","L305606D"," ","S9466 - RED OAKS SEC 5","Real","$694,543","$694,543"
"R489591","R-17-W340-807R-0003-0008","LERMA, FRANCES G & DAVID S","7303 GLENHILL RD  AUSTIN, TX 78752-2124","321 SILENT SPRING DR, CEDAR PARK, TX  78613","S9462 - RED OAKS SEC 7, BLOCK R, Lot 3","L305606D"," ","S9462 - RED OAKS SEC 7","Real","$767,162","$767,162"
"R481553","R-17-W340-8040-S011-0008","WILLIAM L IWATA TRUST & THE ANN E IWATA TRUST","307 GLEN HOLLOW ST  CEDAR PARK, TX 78613","307 GLEN HOLLOW ST, CEDAR PARK, TX  78613","S9246 - RED OAKS SEC 4, BLOCK S, Lot 11","L305606D"," ","S9246 - RED OAKS SEC 4","Real","$793,051","$793,051"
"R468999","R-17-W340-801A-C005-0008","YADAV, VINOD KUMAR (TOD) & SANDHYA VINOD (TOD)","408 SCARLET MAPLE DR  CEDAR PARK, TX 78613","408 SCARLET MAPLE DR, CEDAR PARK, TX  78613","S8916 - RED OAKS SEC 1A, BLOCK C, Lot 5","L305606D"," ","S8916 - RED OAKS SEC 1A","Real","$829,896","$829,896"
"R495394","R-17-W340-806L-0027-0008","SCHWAGER, KIMBERLY A","605 ROLLING BROOK LN  CEDAR PARK, TX 78613","605 ROLLING BROOK LN, CEDAR PARK, TX  78613","S9652 - RED OAKS SEC 6, BLOCK L, Lot 27","L305606D"," ","S9652 - RED OAKS SEC 6","Real","$573,591","$573,591"
"R481567","R-17-W340-8040-U004-0008","POLANSKY, ROBERT (TOD) & JUDITH (TOD) to HOWARD A POLANSKY","306 GLEN HOLLOW ST  CEDAR PARK, TX 78613","306 GLEN HOLLOW ST, CEDAR PARK, TX  78613","S9246 - RED OAKS SEC 4, BLOCK U, Lot 4","L305606D"," ","S9246 - RED OAKS SEC 4","Real","$642,536","$642,536"
"R468978","R-17-W340-801A-B008-0008","KIELEY, JAMES THOMAS & AUTUMN","406 MISTY MORN LN  CEDAR PARK, TX 78613","406 MISTY MORN LN, CEDAR PARK, TX  78613","S8916 - RED OAKS SEC 1A, BLOCK B, Lot 8","L305606D"," ","S8916 - RED OAKS SEC 1A","Real","$755,348","$755,348"
"R469027","R-17-W340-801B-E012-0008","AAS VENTURES LLC HICKORY RUN","1132 CATHEDRAL OAKS DR LEANDER, TX 78641-5480","509 HICKORY RUN DR, CEDAR PARK, TX  78613","S8922 - RED OAKS SEC 1B, BLOCK E, Lot 12","L305606D"," ","S8922 - RED OAKS SEC 1B","Real","$697,181","$697,181"
"R475955","R-17-W340-8030-Q008-0008","HARVEY, CHRISTOPHER T & SANDRA M","1500 HARVEST BND  CEDAR PARK, TX 78613","1500 HARVEST BEND LN, CEDAR PARK, TX  78613","S9154 - RED OAKS SEC 3, BLOCK Q, Lot 8","L305606D"," ","S9154 - RED OAKS SEC 3","Real","$701,924","$721,266"
"R475850","R-17-W340-8020-D010-0008","ADCOX, THOMAS & MEGHAN K","1209 QUIET CREEK DR  CEDAR PARK, TX 78613","1209 QUIET CREEK DR, CEDAR PARK, TX  78613","S9088 - RED OAKS SEC 2, BLOCK D, Lot 10","L305606D"," ","S9088 - RED OAKS SEC 2","Real","$944,114","$944,114"
"R470508","R-17-W340-801C-G009-0008","MCDONALD, MARK & KIMBERLY","1505 OAK TREE LN  CEDAR PARK, TX 78613","1505 OAK TREE LN, CEDAR PARK, TX  78613","S8986 - RED OAKS SEC 1C, BLOCK G, Lot 9","L305606D"," ","S8986 - RED OAKS SEC 1C","Real","$675,382","$675,382"
"R475970","R-17-W340-8030-V023-0008","THOMPSON, KENNETH LEE","1809 HARVEST BEND LN  CEDAR PARK, TX 78613","1809 HARVEST BEND LN, CEDAR PARK, TX  78613","S9154 - RED OAKS SEC 3, BLOCK V, Lot 23","L305606D"," ","S9154 - RED OAKS SEC 3","Real","$639,281","$639,281"
"R495385","R-17-W340-806L-0018-0008","LINKFUN PROPERTIES LLC","1105 CRYSTAL CREEK DR  AUSTIN, TX 78746-4713","503 ROLLING BROOK LN, CEDAR PARK, TX  78613","S9652 - RED OAKS SEC 6, BLOCK L, Lot 18","L305606D"," ","S9652 - RED OAKS SEC 6","Real","$709,286","$709,286"
"R475897","R-17-W340-8030-H016-0008","YOUNG, SPENCER D & TABITHA M","409 SILENT SPRING DR CEDAR PARK, TX 78613-4149","409 SILENT SPRING DR, CEDAR PARK, TX  78613","S9154 - RED OAKS SEC 3, BLOCK H, Lot 16","L305606D"," ","S9154 - RED OAKS SEC 3","Real","$698,733","$712,758"
"R495390","R-17-W340-806L-0023-0008","DAVISON, DENNIS DEAN, II","513 ROLLING BROOK LN  CEDAR PARK, TX 78613-4549","513 ROLLING BROOK LN, CEDAR PARK, TX  78613","S9652 - RED OAKS SEC 6, BLOCK L, Lot 23","L305606D"," ","S9652 - RED OAKS SEC 6","Real","$554,855","$554,855"
"R489604","R-17-W340-807R-0015-0008","KELVEKAR, PARESH & JUILI","1402 PENDLETON DR  CEDAR PARK, TX 78613","1402 PENDLETON DR, CEDAR PARK, TX  78613","S9462 - RED OAKS SEC 7, BLOCK R, Lot 15","L305606D"," ","S9462 - RED OAKS SEC 7","Real","$756,651","$756,651"
"R481538","R-17-W340-8040-R030-0008","ENGERT, NEITHA (TOD) & HENRIK (TOD)","1805 LIBERTY OAKS BLVD  CEDAR PARK, TX 78613","1805 LIBERTY OAKS BLVD, CEDAR PARK, TX  78613","S9246 - RED OAKS SEC 4, BLOCK R, Lot 30","L305606D"," ","S9246 - RED OAKS SEC 4","Real","$571,393","$571,393"
"R475941","R-17-W340-8030-M009-0008","HUBBARD, LINDA D (LE)","1513 HARVEST BEND DR  CEDAR PARK, TX 78613-4147","1513 HARVEST BEND LN, CEDAR PARK, TX  78613","S9154 - RED OAKS SEC 3, BLOCK M, Lot 9","L305606D"," ","S9154 - RED OAKS SEC 3","Real","$600,195","$600,195"
"R470523","R-17-W340-801C-H008-0008","WILLIAMS, JAMES W & SUSAN K","1511 LIBERTY OAKS BLVD  CEDAR PARK, TX 78613","1511 LIBERTY OAKS BLVD, CEDAR PARK, TX  78613","S8986 - RED OAKS SEC 1C, BLOCK H, Lot 8","L305606D"," ","S8986 - RED OAKS SEC 1C","Real","$567,363","$567,363"
"R470528","R-17-W340-801C-I001-0008","ALSBURY FLORENCE A (TOD)","1601 LIBERTY OAKS BLVD  CEDAR PARK, TX 78613","1601 LIBERTY OAKS BLVD, CEDAR PARK, TX  78613","S8986 - RED OAKS SEC 1C, BLOCK I, Lot 1","L305606D"," ","S8986 - RED OAKS SEC 1C","Real","$560,438","$560,438"
"R475944","R-17-W340-8030-M012-0008","YOO, MYUNG H","1507 HARVEST BND  CEDAR PARK, TX 78613","1507 HARVEST BEND LN, CEDAR PARK, TX  78613","S9154 - RED OAKS SEC 3, BLOCK M, Lot 12","L305606D"," ","S9154 - RED OAKS SEC 3","Real","$594,399","$594,399"
"R489552","R-17-W340-805C-0012-0008","BAYLISS, LARRY (TOD) & JAN BAYLISS (TOD)","405 AUTUMN BEND LN  CEDAR PARK, TX 78613","405 AUTUMN BEND LN, CEDAR PARK, TX  78613","S9466 - RED OAKS SEC 5, BLOCK C, Lot 12","L305606D"," ","S9466 - RED OAKS SEC 5","Real","$671,098","$671,098"
"R489569","R-17-W340-805F-0020-0008","KOEDERITZ, WILLIAM L (TOD)","1306 ECHO RIDGE LN  CEDAR PARK, TX 78613-4560","1306 ECHO RIDGE LN, CEDAR PARK, TX  78613","S9466 - RED OAKS SEC 5, BLOCK F, Lot 20","L305606D"," ","S9466 - RED OAKS SEC 5","Real","$698,311","$698,311"
"R475956","R-17-W340-8030-Q009-0008","CANALES, MARK & JESSICA L BERGMAN","1406 HARVEST BEND LN  CEDAR PARK, TX 78613","1406 HARVEST BEND LN, CEDAR PARK, TX  78613","S9154 - RED OAKS SEC 3, BLOCK Q, Lot 9","L305606D"," ","S9154 - RED OAKS SEC 3","Real","$676,461","$676,461"
"R495384","R-17-W340-806L-0017-0008","DILLEY, AGNES ELAINE (LE)","501 ROLLING BROOK LN  CEDAR PARK, TX 78613","501 ROLLING BROOK LN, CEDAR PARK, TX  78613","S9652 - RED OAKS SEC 6, BLOCK L, Lot 17","L305606D"," ","S9652 - RED OAKS SEC 6","Real","$564,445","$564,445"
"R475957","R-17-W340-8030-Q010-0008","KALE, ANURITA","1940 CABRERA DR LEANDER, TX 78641-5508","1404 HARVEST BEND LN, CEDAR PARK, TX  78613","S9154 - RED OAKS SEC 3, BLOCK Q, Lot 10","L305606D"," ","S9154 - RED OAKS SEC 3","Real","$691,052","$691,052"
"R475876","R-17-W340-8020-F011-0008","DOWNING, BRYAN A & JESUS S NANEZ JR","600 SPRING ARBOR LN  CEDAR PARK, TX 78613","600 SPRING ARBOR LN, CEDAR PARK, TX  78613","S9088 - RED OAKS SEC 2, BLOCK F, Lot 11","L305606D"," ","S9088 - RED OAKS SEC 2","Real","$724,608","$724,608"
"R475929","R-17-W340-8030-K052-0008","ABEYDEERA, LALANTHA R & SRINI & RUMESH KARUNARATNE","1614 HARVEST BEND LN  CEDAR PARK, TX 78613","1614 HARVEST BEND LN, CEDAR PARK, TX  78613","S9154 - RED OAKS SEC 3, BLOCK K, Lot 52","L305606D"," ","S9154 - RED OAKS SEC 3","Real","$711,552","$720,835"
"R475881","R-17-W340-8020-G005-0008","TURK, LUCIAN D & VALERIE","1300 CREEKSTONE DR  CEDAR PARK, TX 78613","1300 CREEKSTONE DR, CEDAR PARK, TX  78613","S9088 - RED OAKS SEC 2, BLOCK G, Lot 5","L305606D"," ","S9088 - RED OAKS SEC 2","Real","$808,828","$808,828"
"R475877","R-17-W340-8020-G001-0008","GABA, ANKUR & POONAM LUTHRA","2904 JUNEAU DR CEDAR PARK, TX 78613-2537","1308 CREEKSTONE DR, CEDAR PARK, TX  78613","S9088 - RED OAKS SEC 2, BLOCK G, Lot 1","L305606D"," ","S9088 - RED OAKS SEC 2","Real","$736,506","$736,506"
"R475878","R-17-W340-8020-G002-0008","BAILEY, SCOTT E & MAE A","1306 CREEKSTONE DR  CEDAR PARK, TX 78613","1306 CREEKSTONE DR, CEDAR PARK, TX  78613","S9088 - RED OAKS SEC 2, BLOCK G, Lot 2","L305606D"," ","S9088 - RED OAKS SEC 2","Real","$726,841","$726,841"
"R475969","R-17-W340-8030-V022-0008","RAI, RAJESH","10500 LAVON BND  AUSTIN, TX 78717-4188","1807 HARVEST BEND LN, CEDAR PARK, TX  78613","S9154 - RED OAKS SEC 3, BLOCK V, Lot 22","L305606D"," ","S9154 - RED OAKS SEC 3","Real","$612,464","$612,464"
"R481526","R-17-W340-8040-Q017-0008","LAVERGNE, MARK & TERRI","1501 ORCHARD FALLS DR  CEDAR PARK, TX 78613","1501 ORCHARD FALLS DR, CEDAR PARK, TX  78613","S9246 - RED OAKS SEC 4, BLOCK Q, Lot 17","L305606D"," ","S9246 - RED OAKS SEC 4","Real","$694,525","$694,525"
"R481569","R-17-W340-8040-U006-0008","KODEBOINA KIRAN & PAVANI BALMURI TRUSTEES OF THE KODEBOINA AND BALMURI FAMILY TR","2002 COLINA CV CEDAR PARK, TX 78613-7867","302 GLEN HOLLOW ST, CEDAR PARK, TX  78613","S9246 - RED OAKS SEC 4, BLOCK U, Lot 6","L305606D"," ","S9246 - RED OAKS SEC 4","Real","$663,414","$663,414"
"R489576","R-17-W340-805G-0006-0008","RAMON, ZVIKA & LIRON GOLAN","1301 FERNGLADE  CEDAR PARK, TX 78613","1301 FERNGLADE LN, CEDAR PARK, TX  78613","S9466 - RED OAKS SEC 5, BLOCK G, Lot 6","L305606D"," ","S9466 - RED OAKS SEC 5","Real","$911,932","$911,932"
"R481562","R-17-W340-8040-T013-0008","COLEMAN, STEVEN ANDREW & NICOLE MARIE","1402 FIELDSTONE ST  CEDAR PARK, TX 78613","1402 FIELDSTONE ST, CEDAR PARK, TX  78613","S9246 - RED OAKS SEC 4, BLOCK T, Lot 13","L305606D"," ","S9246 - RED OAKS SEC 4","Real","$655,718","$655,718"
"R475940","R-17-W340-8030-L015-0008","NAGANATHAN , AVINASH &  SWETHA MEENAKSHI SUNDARAM","1607 HARVEST BEND LN  CEDAR PARK, TX 78613","1607 HARVEST BEND LN, CEDAR PARK, TX  78613","S9154 - RED OAKS SEC 3, BLOCK L, Lot 15","L305606D"," ","S9154 - RED OAKS SEC 3","Real","$686,719","$686,719"
"R475885","R-17-W340-8030-F011-0008","BOOKER, EARNEST LEROY & WANDA JEAN","502 HICKORY RUN DR  CEDAR PARK, TX 78913","502 HICKORY RUN DR, CEDAR PARK, TX  78613","S9154 - RED OAKS SEC 3, BLOCK F, Lot 11","L305606D"," ","S9154 - RED OAKS SEC 3","Real","$538,434","$538,434"
"R469025","R-17-W340-801B-E010-0008","NIX, DERON & KEESHA","513 HICKORY RUN DR  CEDAR PARK, TX 78613","513 HICKORY RUN DR, CEDAR PARK, TX  78613","S8922 - RED OAKS SEC 1B, BLOCK E, Lot 10","L305606D"," ","S8922 - RED OAKS SEC 1B","Real","$703,727","$712,846"
"R469018","R-17-W340-801B-E003-0008","JIN, ZHUOCHENG & AIMEI LI","3105 214TH PL SE SAMMAMISH, WA 98075-9517","613 HICKORY RUN DR, CEDAR PARK, TX  78613","S8922 - RED OAKS SEC 1B, BLOCK E, Lot 3","L305606D"," ","S8922 - RED OAKS SEC 1B","Real","$538,533","$538,533"
"R499152","R-17-W340-808A-F027-0008","ORCHARD FALLS DR LLC","5900 BALCONES DR  #STE 100 AUSTIN, TX 78731","1303 ORCHARD FALLS DR, CEDAR PARK, TX  78613","S9781 - RED OAKS SEC 8A, BLOCK F, Lot 27","L305606D"," ","S9781 - RED OAKS SEC 8A","Real","$656,385","$656,385"
"R469029","R-17-W340-801B-F002-0008","ALI, JAMILA & AHMED","10101 SWAN VALLEY LN  AUSTIN, TX 78759","608 HICKORY RUN DR, CEDAR PARK, TX  78613","S8922 - RED OAKS SEC 1B, BLOCK F, Lot 2","L305606D"," ","S8922 - RED OAKS SEC 1B","Real","$538,806","$538,806"
"R475945","R-17-W340-8030-M013-0008","JAYARAM, RAJEEV & MAITHRI AJJAMPURA","16400 HORSE TRAP LN AUSTIN, TX 78717-4205","1505 HARVEST BEND LN, CEDAR PARK, TX  78613","S9154 - RED OAKS SEC 3, BLOCK M, Lot 13","L305606D"," ","S9154 - RED OAKS SEC 3","Real","$472,314","$472,314"
"R470522","R-17-W340-801C-H007-0008","DAMODARAN, ANIL-KUMAR K & MAYA T SIVADASAN","1509 LIBERTY OAKS BLVD CEDAR PARK, TX 78613-3988","1509 LIBERTY OAKS BLVD, CEDAR PARK, TX  78613","S8986 - RED OAKS SEC 1C, BLOCK H, Lot 7","L305606D"," ","S8986 - RED OAKS SEC 1C","Real","$687,466","$692,243"
"R468974","R-17-W340-801A-B004-0008","MARTIN, BRIAN W & ELIZABETH ANNE","414 MISTY MORN LN  CEDAR PARK, TX 78613-3983","414 MISTY MORN LN, CEDAR PARK, TX  78613","S8916 - RED OAKS SEC 1A, BLOCK B, Lot 4","L305606D"," ","S8916 - RED OAKS SEC 1A","Real","$898,939","$898,939"
"R475916","R-17-W340-8030-K039-0008","PATTERSON, CHAD J & MARNA S","1718 HARVEST BEND LN CEDAR PARK, TX 78613-4152","1718 HARVEST BEND LN, CEDAR PARK, TX  78613","S9154 - RED OAKS SEC 3, BLOCK K, Lot 39","L305606D"," ","S9154 - RED OAKS SEC 3","Real","$693,527","$704,813"
"R495391","R-17-W340-806L-0024-0008","HERNANDEZ, FRANCINE Z","515 ROLLING BROOK  CEDAR PARK, TX 78613","515 ROLLING BROOK LN, CEDAR PARK, TX  78613","S9652 - RED OAKS SEC 6, BLOCK L, Lot 24","L305606D"," ","S9652 - RED OAKS SEC 6","Real","$575,420","$575,420"
"R489600","R-17-W340-807R-0011-0008","NATISHA KOERNER & GREG KOERNER TRS OF THE 2025 KOERNER LIVING TRUST","305 SILENT SPRING DR  CEDAR PARK, TX 78613-4217","305 SILENT SPRING DR, CEDAR PARK, TX  78613","S9462 - RED OAKS SEC 7, BLOCK R, Lot 11","L305606D"," ","S9462 - RED OAKS SEC 7","Real","$720,705","$720,705"
"R470492","R-17-W340-801C-F013-0008","MARTIN, REBECCA & WILLIAM","603 PEBBLESTONE WALK DR  CEDAR PARK, TX 78613-3991","603 PEBBLESTONE WALK DR, CEDAR PARK, TX  78613","S8986 - RED OAKS SEC 1C, BLOCK F, Lot 13","L305606D"," ","S8986 - RED OAKS SEC 1C","Real","$585,000","$585,000"
"R468955","R-17-W340-801A-A005-0008","RAMSEY, WADE A & BRIDGETTE P","419 MISTY MORN LN  CEDAR PARK, TX 78613","419 MISTY MORN LN, CEDAR PARK, TX  78613","S8916 - RED OAKS SEC 1A, BLOCK A, Lot 5","L305606D"," ","S8916 - RED OAKS SEC 1A","Real","$840,142","$840,142"
"R489618","R-17-W340-807S-0004-0008","WARREN, NICK J & MONICA","320 SILENT SPRING DR  CEDAR PARK, TX 78613","320 SILENT SPRING DR, CEDAR PARK, TX  78613","S9462 - RED OAKS SEC 7, BLOCK S, Lot 4","L305606D"," ","S9462 - RED OAKS SEC 7","Real","$764,859","$764,859"
"R475857","R-17-W340-8020-E006-0008","COCCIMIGLIO, ROSARIO & KRISTIE MARIE","1204 QUIET CREEK DR  CEDAR PARK, TX 78613","1204 QUIET CREEK DR, CEDAR PARK, TX  78613","S9088 - RED OAKS SEC 2, BLOCK E, Lot 6","L305606D"," ","S9088 - RED OAKS SEC 2","Real","$944,098","$944,098"
"R475918","R-17-W340-8030-K041-0008","SI, ZHIMING & ZHIWEN ZHANG","1714 HARVEST BEND LN  CEDAR PARK, TX 78613","1714 HARVEST BEND LN, CEDAR PARK, TX  78613","S9154 - RED OAKS SEC 3, BLOCK K, Lot 41","L305606D"," ","S9154 - RED OAKS SEC 3","Real","$644,550","$644,550"
"R470533","R-17-W340-801C-I006-0008","ALI, AHMED & JAMILA","10101 SWAN VALLEY LN  AUSTIN, TX 78759","1611 LIBERTY OAKS BLVD, CEDAR PARK, TX  78613","S8986 - RED OAKS SEC 1C, BLOCK I, Lot 6","L305606D"," ","S8986 - RED OAKS SEC 1C","Real","$650,401","$650,401"
"R499157","R-17-W340-808A-F032-0008","CASTANEDA, OMAR","1313 ORCHARD FALLS DR  CEDAR PARK, TX 78613","1313 ORCHARD FALLS DR, CEDAR PARK, TX  78613","S9781 - RED OAKS SEC 8A, BLOCK F, Lot 32","L305606D"," ","S9781 - RED OAKS SEC 8A","Real","$734,071","$734,071"
"R495388","R-17-W340-806L-0021-0008","REICH, JOHN D JR & PATRICIA D","509 ROLLING BROOK LN CEDAR PARK, TX 78613-4549","509 ROLLING BROOK LN, CEDAR PARK, TX  78613","S9652 - RED OAKS SEC 6, BLOCK L, Lot 21","L305606D"," ","S9652 - RED OAKS SEC 6","Real","$672,758","$672,758"
"R489557","R-17-W340-805D-0008-0008","SEBASTIAN MIRCEA MANCIULEA & GABRIELA MANCIULEA TRUSTEES OF SEBASTIAN MIRCEA MAN","457 WISTERIA CT BRENTWOOD, CA 94513","501 AUTUMN BEND LN, CEDAR PARK, TX  78613","S9466 - RED OAKS SEC 5, BLOCK D, Lot 8","L305606D"," ","S9466 - RED OAKS SEC 5","Real","$698,510","$698,510"
"R469000","R-17-W340-801A-C006-0008","IVY, JOHN DAVID & ERIN LEIGH","406 SCARLET MAPLE DR  CEDAR PARK, TX 78613-3981","406 SCARLET MAPLE DR, CEDAR PARK, TX  78613","S8916 - RED OAKS SEC 1A, BLOCK C, Lot 6","L305606D"," ","S8916 - RED OAKS SEC 1A","Real","$702,167","$702,167"
"R475923","R-17-W340-8030-K046-0008","GOODRICH, GAVIN CRAIG & LAUREN","1704 HARVEST BEND LN  CEDAR PARK, TX 78613","1704 HARVEST BEND LN, CEDAR PARK, TX  78613","S9154 - RED OAKS SEC 3, BLOCK K, Lot 46","L305606D"," ","S9154 - RED OAKS SEC 3","Real","$736,852","$736,852"
"R489612","R-17-W340-807R-0023-0008","BOUMAZA, LAURENT & ALLISON B","1510 PENDLETON DR  CEDAR PARK, TX 78613","1510 PENDLETON DR, CEDAR PARK, TX  78613","S9462 - RED OAKS SEC 7, BLOCK R, Lot 23","L305606D"," ","S9462 - RED OAKS SEC 7","Real","$784,929","$784,929"
"R475844","R-17-W340-8020-D004-0008","EASTON COLIN E & PATRICIA SHEILA A EASTON CO-TRUSTEES OF EASTON REV LIVING TRUST","513 AUTUMN BEND LN  CEDAR PARK, TX 78613","513 AUTUMN BEND LN, CEDAR PARK, TX  78613","S9088 - RED OAKS SEC 2, BLOCK D, Lot 4","L305606D"," ","S9088 - RED OAKS SEC 2","Real","$689,754","$689,754"
"R470490","R-17-W340-801C-F011-0008","KENT H TREDE & SYLVIA HUANG TRUSTEES OF KENT TREDE & SYLVIA HUANG REVOCABLE TST","513 PEBBLESTONE WALK DR  CEDAR PARK, TX 78613","513 PEBBLESTONE WALK DR, CEDAR PARK, TX  78613","S8986 - RED OAKS SEC 1C, BLOCK F, Lot 11","L305606D"," ","S8986 - RED OAKS SEC 1C","Real","$557,141","$557,141"
"R481549","R-17-W340-8040-R041-0008","PANDEY, PRATIK & SANDEEPA SAJJA","1601 AVONDALE DR  CEDAR PARK, TX 78613","1601 AVONDALE DR, CEDAR PARK, TX  78613","S9246 - RED OAKS SEC 4, BLOCK R, Lot 41","L305606D"," ","S9246 - RED OAKS SEC 4","Real","$748,405","$748,405"
"R469021","R-17-W340-801B-E006-0008","MOUND, SEAN P & PATRICIA M","607 HICKORY RUN DR CEDAR PARK, TX 78613-3986","607 HICKORY RUN DR, CEDAR PARK, TX  78613","S8922 - RED OAKS SEC 1B, BLOCK E, Lot 6","L305606D"," ","S8922 - RED OAKS SEC 1B","Real","$656,497","$656,497"
"R468976","R-17-W340-801A-B006-0008","PACELLI, NICOLAS J & CHRISTINA W","410 MISTY MORN LN  CEDAR PARK, TX 78613-3983","410 MISTY MORN LN, CEDAR PARK, TX  78613","S8916 - RED OAKS SEC 1A, BLOCK B, Lot 6","L305606D"," ","S8916 - RED OAKS SEC 1A","Real","$805,908","$805,908"
"R475939","R-17-W340-8030-L014-0008","HILLHOUSE, CLAY","1605 HARVEST BEND LN  CEDAR PARK, TX 78613","1605 HARVEST BEND LN, CEDAR PARK, TX  78613","S9154 - RED OAKS SEC 3, BLOCK L, Lot 14","L305606D"," ","S9154 - RED OAKS SEC 3","Real","$733,513","$737,804"
"R489620","R-17-W340-807S-0006-0008","Unknown","Unknown","316 SILENT SPRING DR, CEDAR PARK, TX  78613","S9462 - RED OAKS SEC 7, BLOCK S, Lot 6","L305606D"," ","S9462 - RED OAKS SEC 7","Real","$776,843","$776,843"
"R489582","R-17-W340-805N-0003-0008","SCHULENBURG, TERRANCE & LAURA","1302 FERNGLADE  CEDAR PARK, TX 78613-4562","1302 FERNGLADE LN, CEDAR PARK, TX  78613","S9466 - RED OAKS SEC 5, BLOCK N, Lot 3","L305606D"," ","S9466 - RED OAKS SEC 5","Real","$768,130","$768,130"
"R481576","R-17-W340-8040-U013-0008","YUAN, QUAN & SI LIU","1512 ORCHARD FALLS DR  CEDAR PARK, TX 78613-4163","1512 ORCHARD FALLS DR, CEDAR PARK, TX  78613","S9246 - RED OAKS SEC 4, BLOCK U, Lot 13","L305606D"," ","S9246 - RED OAKS SEC 4","Real","$740,119","$740,119"
"R481568","R-17-W340-8040-U005-0008","HOPKINS, JEREMY T & EMILY J","304 GLEN HOLLOW ST CEDAR PARK, TX 78613-4158","304 GLEN HOLLOW ST, CEDAR PARK, TX  78613","S9246 - RED OAKS SEC 4, BLOCK U, Lot 5","L305606D"," ","S9246 - RED OAKS SEC 4","Real","$788,576","$822,871"
"R475855","R-17-W340-8020-E004-0008","ANDERSON, JACOB G & CHELSEA C","1302 QUIET CREEK DR  CEDAR PARK, TX 78613","1302 QUIET CREEK DR, CEDAR PARK, TX  78613","S9088 - RED OAKS SEC 2, BLOCK E, Lot 4","L305606D"," ","S9088 - RED OAKS SEC 2","Real","$741,302","$741,302"
"R495399","R-17-W340-806V-0003-0008","CONNER, KEITH B & CHRISTA K","606 ROLLING BROOK LN  CEDAR PARK, TX 78613","606 ROLLING BROOK LN, CEDAR PARK, TX  78613","S9652 - RED OAKS SEC 6, BLOCK V, Lot 3","L305606D"," ","S9652 - RED OAKS SEC 6","Real","$646,632","$646,632"
"R468959","R-17-W340-801A-A009-0008","BALAGIA, KATHLEEN MARIE","411 MISTY MORN LN  CEDAR PARK, TX 78613-3983","411 MISTY MORN LN, CEDAR PARK, TX  78613","S8916 - RED OAKS SEC 1A, BLOCK A, Lot 9","L305606D"," ","S8916 - RED OAKS SEC 1A","Real","$719,991","$719,991"
"R489626","R-17-W340-807T-0005-0008","MATT, BRIAN & ALICIA","1503 PENDLETON DR CEDAR PARK, TX 78613-4242","1503 PENDLETON DR, CEDAR PARK, TX  78613","S9462 - RED OAKS SEC 7, BLOCK T, Lot 5","L305606D"," ","S9462 - RED OAKS SEC 7","Real","$675,610","$675,610"
"R495370","R-17-W340-806K-0014-0008","LIM, JIN YEOW ADRIAN & JUSTINE YING YING GOH","703 ROLLING BROOK LN  CEDAR PARK, TX 78613","703 ROLLING BROOK LN, CEDAR PARK, TX  78613","S9652 - RED OAKS SEC 6, BLOCK K, Lot 14","L305606D"," ","S9652 - RED OAKS SEC 6","Real","$577,578","$577,578"
"R475906","R-17-W340-8030-K029-0008","LEFFLER, DAVID A","5602 SHOALWOOD AVE  AUSTIN, TX 78756-1624","1707 OAKLAND DR, CEDAR PARK, TX  78613","S9154 - RED OAKS SEC 3, BLOCK K, Lot 29","L305606D"," ","S9154 - RED OAKS SEC 3","Real","$550,380","$550,380"
"R470502","R-17-W340-801C-G003-0008","KWON, YONG JIN & SUN OH","606 PEBBLESTONE WALK DR  CEDAR PARK, TX 78613","606 PEBBLESTONE WALK DR, CEDAR PARK, TX  78613","S8986 - RED OAKS SEC 1C, BLOCK G, Lot 3","L305606D"," ","S8986 - RED OAKS SEC 1C","Real","$606,299","$606,299"
"R499160","R-17-W340-808A-P002-0008","CUI, XIANG","305 INDIAN SPRINGS CT  CEDAR PARK, TX 78613","305 INDIAN SPRINGS CT, CEDAR PARK, TX  78613","S9781 - RED OAKS SEC 8A, BLOCK P, Lot 2","L305606D"," ","S9781 - RED OAKS SEC 8A","Real","$649,020","$649,020"
"R489624","R-17-W340-807T-0003-0008","COHEN, NEAL S & ANNE S","1405 PENDLETON DR  CEDAR PARK, TX 78613","1405 PENDLETON DR, CEDAR PARK, TX  78613","S9462 - RED OAKS SEC 7, BLOCK T, Lot 3","L305606D"," ","S9462 - RED OAKS SEC 7","Real","$770,997","$770,997"
"R475952","R-17-W340-8030-Q005-0008","GULSEN, HALIL & OZLEM","1506 HARVEST BEND LN  CEDAR PARK, TX 78613","1506 HARVEST BEND LN, CEDAR PARK, TX  78613","S9154 - RED OAKS SEC 3, BLOCK Q, Lot 5","L305606D"," ","S9154 - RED OAKS SEC 3","Real","$673,670","$673,670"
"R475843","R-17-W340-8020-D003-0008","MANION, THOMAS ALAN & MARTHA ELIZABETH","511 AUTUMN BEND LN  CEDAR PARK, TX 78613-4143","511 AUTUMN BEND LN, CEDAR PARK, TX  78613","S9088 - RED OAKS SEC 2, BLOCK D, Lot 3","L305606D"," ","S9088 - RED OAKS SEC 2","Real","$770,618","$770,618"
"R481524","R-17-W340-8040-Q015-0008","KARA 1405 ORCHARD FALLS LLC","9806 TREE BEND CV  AUSTIN, TX 78750-3837","1405 ORCHARD FALLS DR, CEDAR PARK, TX  78613","S9246 - RED OAKS SEC 4, BLOCK Q, Lot 15","L305606D"," ","S9246 - RED OAKS SEC 4","Real","$555,480","$555,480"
"R469028","R-17-W340-801B-F001-0008","MILLER, RANDY & KRISTIN","610 HICKORY RUN DR CEDAR PARK, TX 78613-3986","610 HICKORY RUN DR, CEDAR PARK, TX  78613","S8922 - RED OAKS SEC 1B, BLOCK F, Lot 1","L305606D"," ","S8922 - RED OAKS SEC 1B","Real","$746,378","$746,378"
"R470496","R-17-W340-801C-F017-0008","LOVE, LIZ M & WALTER R GRAHAM","1506 LIBERTY OAKS BLVD  CEDAR PARK, TX 78613","1506 LIBERTY OAKS BLVD, CEDAR PARK, TX  78613","S8986 - RED OAKS SEC 1C, BLOCK F, Lot 17","L305606D"," ","S8986 - RED OAKS SEC 1C","Real","$552,292","$552,292"
"R468954","R-17-W340-801A-A004-0008","FLORES, JOSE L","421 MISTY MORN LN CEDAR PARK, TX 78613-3983","421 MISTY MORN LN, CEDAR PARK, TX  78613","S8916 - RED OAKS SEC 1A, BLOCK A, Lot 4","L305606D"," ","S8916 - RED OAKS SEC 1A","Real","$868,924","$868,924"
"R489565","R-17-W340-805F-0016-0008","NOWLING, JEFFREY & STEPHANIE","504 SPRING ARBOR LN  CEDAR PARK, TX 78613","504 SPRING ARBOR LN, CEDAR PARK, TX  78613","S9466 - RED OAKS SEC 5, BLOCK F, Lot 16","L305606D"," ","S9466 - RED OAKS SEC 5","Real","$731,595","$731,595"
"R489554","R-17-W340-805C-0014-0008","WANG, DAVID HOUXIANG & YANLI CAO","409 AUTUMN BEND LN CEDAR PARK, TX 78613-4142","409 AUTUMN BEND LN, CEDAR PARK, TX  78613","S9466 - RED OAKS SEC 5, BLOCK C, Lot 14","L305606D"," ","S9466 - RED OAKS SEC 5","Real","$707,572","$707,572"
"R475889","R-17-W340-8030-F015-0008","GRIJALVA, DJ","503 PEBBLESTONE WALK DR  CEDAR PARK, TX 78613","503 PEBBLESTONE WALK DR, CEDAR PARK, TX  78613","S9154 - RED OAKS SEC 3, BLOCK F, Lot 15","L305606D"," ","S9154 - RED OAKS SEC 3","Real","$672,625","$672,625"
"R481564","R-17-W340-8040-U001-0008","SANDOVAL  & STEVEN GARCIA, LIZA","312 GLEN HOLLOW ST  CEDAR PARK, TX 78613","312 GLEN HOLLOW ST, CEDAR PARK, TX  78613","S9246 - RED OAKS SEC 4, BLOCK U, Lot 1","L305606D"," ","S9246 - RED OAKS SEC 4","Real","$783,317","$783,317"
"R475874","R-17-W340-8020-F009-0008","CHOE, KYOUNG SIK & JUNG EUN JUNE KIM","604 SPRING ARBOR LN  CEDAR PARK, TX 78613","604 SPRING ARBOR LN, CEDAR PARK, TX  78613","S9088 - RED OAKS SEC 2, BLOCK F, Lot 9","L305606D"," ","S9088 - RED OAKS SEC 2","Real","$932,814","$932,814"
"R489572","R-17-W340-805F-0023-0008","SWARTZ, JASON & BRONWYN","406 AUTUMN BEND LN  CEDAR PARK, TX 78613","406 AUTUMN BEND LN, CEDAR PARK, TX  78613","S9466 - RED OAKS SEC 5, BLOCK F, Lot 23","L305606D"," ","S9466 - RED OAKS SEC 5","Real","$751,132","$751,132"
"R470493","R-17-W340-801C-F014-0008","KIRK, KRISTI & DANIEL","605 PEBBLE STONE WALK DR  CEDAR PARK, TX 78613","605 PEBBLESTONE WALK DR, CEDAR PARK, TX  78613","S8986 - RED OAKS SEC 1C, BLOCK F, Lot 14","L305606D"," ","S8986 - RED OAKS SEC 1C","Real","$701,842","$701,842"
"R495374","R-17-W340-806K-0018-0008","ROBINS, JEREMY N","711 ROLLING BROOK LN  CEDAR PARK, TX 78613","711 ROLLING BROOK LN, CEDAR PARK, TX  78613","S9652 - RED OAKS SEC 6, BLOCK K, Lot 18","L305606D"," ","S9652 - RED OAKS SEC 6","Real","$648,028","$648,028"
"R489616","R-17-W340-807S-0002-0008","OO, THAUNG HTUN & OHNMAR NYI","324 SILENT SPRING DR  CEDAR PARK, TX 78613-4217","324 SILENT SPRING DR, CEDAR PARK, TX  78613","S9462 - RED OAKS SEC 7, BLOCK S, Lot 2","L305606D"," ","S9462 - RED OAKS SEC 7","Real","$715,943","$715,943"
"R475920","R-17-W340-8030-K043-0008","CROSS, TERESA","1710 HARVEST BEND LN  CEDAR PARK, TX 78613","1710 HARVEST BEND LN, CEDAR PARK, TX  78613","S9154 - RED OAKS SEC 3, BLOCK K, Lot 43","L305606D"," ","S9154 - RED OAKS SEC 3","Real","$713,152","$713,152"
"R468964","R-17-W340-801A-A014-0008","SHOBE, CHAD EDWARD & BRANDI LYNN","401 MISTY MORN LN  CEDAR PARK, TX 78613","401 MISTY MORN LN, CEDAR PARK, TX  78613","S8916 - RED OAKS SEC 1A, BLOCK A, Lot 14","L305606D"," ","S8916 - RED OAKS SEC 1A","Real","$757,146","$757,146"
"R495395","R-17-W340-806L-0028-0008","RUTHERFORD, CORY & STEPHANIE","607 ROLLING BROOK LN  CEDAR PARK, TX 78613","607 ROLLING BROOK LN, CEDAR PARK, TX  78613","S9652 - RED OAKS SEC 6, BLOCK L, Lot 28","L305606D"," ","S9652 - RED OAKS SEC 6","Real","$654,682","$654,682"
"R481556","R-17-W340-8040-S014-0008","ANTHONY NOEL EVANS & JACQUELINE JOSEPHINE EVANS COTRUSTEES OF THE SOUTHWIND TRUS","313 GLEN HOLLOW ST  CEDAR PARK, TX 78613","313 GLEN HOLLOW ST, CEDAR PARK, TX  78613","S9246 - RED OAKS SEC 4, BLOCK S, Lot 14","L305606D"," ","S9246 - RED OAKS SEC 4","Real","$847,793","$847,793"
"R489613","R-17-W340-807R-0024-0008","Unknown","Unknown","1817 LIBERTY OAKS BLVD, CEDAR PARK, TX  78613","S9462 - RED OAKS SEC 7, BLOCK R, Lot 24","L305606D"," ","S9462 - RED OAKS SEC 7","Real","$844,775","$844,775"
"R475905","R-17-W340-8030-K028-0008","ASAAD, FADY & NAGWA TADROS","1705 OAKLAND DR  CEDAR PARK, TX 78613","1705 OAKLAND DR, CEDAR PARK, TX  78613","S9154 - RED OAKS SEC 3, BLOCK K, Lot 28","L305606D"," ","S9154 - RED OAKS SEC 3","Real","$686,056","$686,056"
"R495400","R-17-W340-806V-0004-0008","SEIDERS, SHERYL D","604 ROLLING BROOK LN  CEDAR PARK, TX 78613","604 ROLLING BROOK LN, CEDAR PARK, TX  78613","S9652 - RED OAKS SEC 6, BLOCK V, Lot 4","L305606D"," ","S9652 - RED OAKS SEC 6","Real","$546,079","$546,079"
"R469024","R-17-W340-801B-E009-0008","BENETTI, JEFFERY M & STEPHANIE K","601 HICKORY RUN DR  CEDAR PARK, TX 78613","601 HICKORY RUN DR, CEDAR PARK, TX  78613","S8922 - RED OAKS SEC 1B, BLOCK E, Lot 9","L305606D"," ","S8922 - RED OAKS SEC 1B","Real","$573,977","$573,977"
"R475854","R-17-W340-8020-E003-0008","POTEAT, RODNEY J & DANIELLE M","1304 QUIET CREEK DR  CEDAR PARK, TX 78613","1304 QUIET CREEK DR, CEDAR PARK, TX  78613","S9088 - RED OAKS SEC 2, BLOCK E, Lot 3","L305606D"," ","S9088 - RED OAKS SEC 2","Real","$717,610","$717,610"
"R495386","R-17-W340-806L-0019-0008","YUAN, HAOFENG & CUIQIONG LIN","505 ROLLING BROOK LN  CEDAR PARK, TX 78613-4549","505 ROLLING BROOK LN, CEDAR PARK, TX  78613","S9652 - RED OAKS SEC 6, BLOCK L, Lot 19","L305606D"," ","S9652 - RED OAKS SEC 6","Real","$557,447","$557,447"
"R499161","R-17-W340-808A-P003-0008","Unknown","Unknown","303 INDIAN SPRINGS CT, CEDAR PARK, TX  78613","S9781 - RED OAKS SEC 8A, BLOCK P, Lot 3","L305606D"," ","S9781 - RED OAKS SEC 8A","Real","$672,625","$672,625"
"R469019","R-17-W340-801B-E004-0008","FLORES, ENRIQUE TORRES","611 HICKORY RUN DR  CEDAR PARK, TX 78613","611 HICKORY RUN DR, CEDAR PARK, TX  78613","S8922 - RED OAKS SEC 1B, BLOCK E, Lot 4","L305606D"," ","S8922 - RED OAKS SEC 1B","Real","$675,443","$675,443"
"R475908","R-17-W340-8030-K031-0008","COLLINS, ANGELA T","1812 HARVEST BEND LN CEDAR PARK, TX 78613-4153","1812 HARVEST BEND LN, CEDAR PARK, TX  78613","S9154 - RED OAKS SEC 3, BLOCK K, Lot 31","L305606D"," ","S9154 - RED OAKS SEC 3","Real","$702,294","$751,947"
"R468971","R-17-W340-801A-B001-0008","TRENNER, MATTHEW KARL &  BRANDI LYN TRUSTEES OF THE MBT FAMILY TRUST","505 SCARLET MAPLE DR  CEDAR PARK, TX 78613","505 SCARLET MAPLE DR, CEDAR PARK, TX  78613","S8916 - RED OAKS SEC 1A, BLOCK B, Lot 1","L305606D"," ","S8916 - RED OAKS SEC 1A","Real","$739,343","$739,343"
"R499154","R-17-W340-808A-F029-0008","WARREN, CATHERINE","2409 MONTELLO CT  LEANDER, TX 78641","1307 ORCHARD FALLS DR, CEDAR PARK, TX  78613","S9781 - RED OAKS SEC 8A, BLOCK F, Lot 29","L305606D"," ","S9781 - RED OAKS SEC 8A","Real","$580,217","$580,217"
"R469017","R-17-W340-801B-E002-0008","HEWES, GREGORY & MAREN S","615 HICKORY RUN DR  CEDAR PARK, TX 78613","615 HICKORY RUN DR, CEDAR PARK, TX  78613","S8922 - RED OAKS SEC 1B, BLOCK E, Lot 2","L305606D"," ","S8922 - RED OAKS SEC 1B","Real","$703,694","$722,238"
"R499158","R-17-W340-808A-F033-0008","ESTATE OF STEVEN ERNEST MIZER","%SHELLEY MIZER% 1315 ORCHARD FALLS DR CEDAR PARK, TX 78613","1315 ORCHARD FALLS DR, CEDAR PARK, TX  78613","S9781 - RED OAKS SEC 8A, BLOCK F, Lot 33","L305606D"," ","S9781 - RED OAKS SEC 8A","Real","$577,469","$577,469"
"R475849","R-17-W340-8020-D009-0008","KAIMAL, JANARDANA P & DONNA L","1207 QUIET CREEK DR  CEDAR PARK, TX 78613-3996","1207 QUIET CREEK DR, CEDAR PARK, TX  78613","S9088 - RED OAKS SEC 2, BLOCK D, Lot 9","L305606D"," ","S9088 - RED OAKS SEC 2","Real","$718,518","$718,518"
"R470537","R-17-W340-801C-J001-0008","HOLLEY, JACKIE E & TRACIE M","1500 OAK TREE LN  CEDAR PARK, TX 78613","1500 OAK TREE LN, CEDAR PARK, TX  78613","S8986 - RED OAKS SEC 1C, BLOCK J, Lot 1","L305606D"," ","S8986 - RED OAKS SEC 1C","Real","$697,402","$697,402"
"R481543","R-17-W340-8040-R035-0008","NAGENDRAPPA, MANJUNATHA JAGALUR","1606 AVONDALE DR  CEDAR PARK, TX 78613","1606 AVONDALE DR, CEDAR PARK, TX  78613","S9246 - RED OAKS SEC 4, BLOCK R, Lot 35","L305606D"," ","S9246 - RED OAKS SEC 4","Real","$583,290","$583,290"
"R468994","R-17-W340-801A-C002-0008","THROWER, THOMAS","414 SCARLET MAPLE DR  CEDAR PARK, TX 78613","414 SCARLET MAPLE DR, CEDAR PARK, TX  78613","S8916 - RED OAKS SEC 1A, BLOCK C, Lot 2","L305606D"," ","S8916 - RED OAKS SEC 1A","Real","$791,984","$792,733"
"R469022","R-17-W340-801B-E007-0008","LOWEN, JUSTIN & SRUTHI MATHEWS","605 HICKORY RUN DR  CEDAR PARK, TX 78613-3986","605 HICKORY RUN DR, CEDAR PARK, TX  78613","S8922 - RED OAKS SEC 1B, BLOCK E, Lot 7","L305606D"," ","S8922 - RED OAKS SEC 1B","Real","$575,948","$575,948"
"R468979","R-17-W340-801A-B009-0008","RUSSOM, KEVIN E & ALICIA R","404 MISTY MORN LN CEDAR PARK, TX 78613-3983","404 MISTY MORN LN, CEDAR PARK, TX  78613","S8916 - RED OAKS SEC 1A, BLOCK B, Lot 9","L305606D"," ","S8916 - RED OAKS SEC 1A","Real","$850,224","$850,224"
"R470532","R-17-W340-801C-I005-0008","PHAN, TUAN & MY THANH PHAM","1609 LIBERTY OAKS BLVD  CEDAR PARK, TX 78613","1609 LIBERTY OAKS BLVD, CEDAR PARK, TX  78613","S8986 - RED OAKS SEC 1C, BLOCK I, Lot 5","L305606D"," ","S8986 - RED OAKS SEC 1C","Real","$580,678","$580,678"
"R489581","R-17-W340-805N-0002-0008","HUNTER, MARY JANE (TOD)","1304 FERNGLADE LN  CEDAR PARK, TX 78613","1304 FERNGLADE LN, CEDAR PARK, TX  78613","S9466 - RED OAKS SEC 5, BLOCK N, Lot 2","L305606D"," ","S9466 - RED OAKS SEC 5","Real","$720,398","$720,398"
"R489556","R-17-W340-805C-0016-0008","PATIL, RAVI CHANBASANGOUDA & ANJALI","413 AUTUMN BEND LN  CEDAR PARK, TX 78613-4142","413 AUTUMN BEND LN, CEDAR PARK, TX  78613","S9466 - RED OAKS SEC 5, BLOCK C, Lot 16","L305606D"," ","S9466 - RED OAKS SEC 5","Real","$752,383","$752,383"
"R469030","R-17-W340-801B-F003-0008","CROSS, ERIC J","606 HICKORY RUN DR  CEDAR PARK, TX 78613","606 HICKORY RUN DR, CEDAR PARK, TX  78613","S8922 - RED OAKS SEC 1B, BLOCK F, Lot 3","L305606D"," ","S8922 - RED OAKS SEC 1B","Real","$697,628","$710,724"
"R499163","R-17-W340-808A-P005-0008","MEHLOW, MATTHEW A & ANNEMARIE","300 INDIAN SPRINGS CT  CEDAR PARK, TX 78613","300 INDIAN SPRINGS CT, CEDAR PARK, TX  78613","S9781 - RED OAKS SEC 8A, BLOCK P, Lot 5","L305606D"," ","S9781 - RED OAKS SEC 8A","Real","$711,077","$711,077"
"R475865","R-17-W340-8020-E014-0008","MILLER, CHRISTOPHER BRYAN & MARCELLINA ASHLEE","1311 CREEKSTONE DR  CEDAR PARK, TX 78613","1311 CREEKSTONE DR, CEDAR PARK, TX  78613","S9088 - RED OAKS SEC 2, BLOCK E, Lot 14","L305606D"," ","S9088 - RED OAKS SEC 2","Real","$894,159","$894,159"
"R468985","R-17-W340-801A-B015-0008","LANG, STACEY A & BRAXTON B","407 SCARLET MAPLE DR  CEDAR PARK, TX 78613-3981","407 SCARLET MAPLE DR, CEDAR PARK, TX  78613","S8916 - RED OAKS SEC 1A, BLOCK B, Lot 15","L305606D"," ","S8916 - RED OAKS SEC 1A","Real","$586,870","$586,870"
"R468988","R-17-W340-801A-B018-0008","SHAHRY, ALI & JENNIFER L","413 SCARLET MAPLE DR  CEDAR PARK, TX 78613","413 SCARLET MAPLE DR, CEDAR PARK, TX  78613","S8916 - RED OAKS SEC 1A, BLOCK B, Lot 18","L305606D"," ","S8916 - RED OAKS SEC 1A","Real","$784,526","$784,526"
"R468993","R-17-W340-801A-C001-0008","HALL, JAMES A & SUSAN SMITH","416 SCARLET MAPLE DR  CEDAR PARK, TX 78613","416 SCARLET MAPLE DR, CEDAR PARK, TX  78613","S8916 - RED OAKS SEC 1A, BLOCK C, Lot 1","L305606D"," ","S8916 - RED OAKS SEC 1A","Real","$728,544","$728,544"
"R468960","R-17-W340-801A-A010-0008","KESEL, ARTUR & GUADALUPE L","409 MISTY MORN LN  CEDAR PARK, TX 78613","409 MISTY MORN LN, CEDAR PARK, TX  78613","S8916 - RED OAKS SEC 1A, BLOCK A, Lot 10","L305606D"," ","S8916 - RED OAKS SEC 1A","Real","$604,180","$604,180"
"R469020","R-17-W340-801B-E005-0008","SHAO, WEILING & DAVID SHEN","609 HICKORY RUN DR  CEDAR PARK, TX 78613","609 HICKORY RUN DR, CEDAR PARK, TX  78613","S8922 - RED OAKS SEC 1B, BLOCK E, Lot 5","L305606D"," ","S8922 - RED OAKS SEC 1B","Real","$516,308","$516,308"
"R475925","R-17-W340-8030-K048-0008","KLEMCKE HARVEST BEND LLC","270 SUNRISE TER  CEDAR PARK, TX 78613","1700 HARVEST BEND LN, CEDAR PARK, TX  78613","S9154 - RED OAKS SEC 3, BLOCK K, Lot 48","L305606D"," ","S9154 - RED OAKS SEC 3","Real","$565,055","$565,055"
"R489589","R-17-W340-807R-0001-0008","CROWLEY, DAVID & VERONICA","325 SILENT SPRING DR  CEDAR PARK, TX 78613","325 SILENT SPRING DR, CEDAR PARK, TX  78613","S9462 - RED OAKS SEC 7, BLOCK R, Lot 1","L305606D"," ","S9462 - RED OAKS SEC 7","Real","$670,882","$670,882"
"R489555","R-17-W340-805C-0015-0008","YANG, LINA CHIA LIN & RICHARD NGUYEN","411 AUTUMN BEND LN  CEDAR PARK, TX 78613","411 AUTUMN BEND LN, CEDAR PARK, TX  78613","S9466 - RED OAKS SEC 5, BLOCK C, Lot 15","L305606D"," ","S9466 - RED OAKS SEC 5","Real","$786,418","$786,418"
"R475958","R-17-W340-8030-Q011-0008","NAM, SEUNGHYUN & HANNAH DOOAI LEE","1402 HARVEST BEND LN  CEDAR PARK, TX 78613","1402 HARVEST BEND LN, CEDAR PARK, TX  78613","S9154 - RED OAKS SEC 3, BLOCK Q, Lot 11","L305606D"," ","S9154 - RED OAKS SEC 3","Real","$527,865","$527,865"
"R470499","R-17-W340-801C-F020-0008","RICHARDSON, SHARON MARIA BATTISTE (TOD) & AUSTIN IRWIN (TOD)","1500 LIBERTY OAKS BLVD  CEDAR PARK, TX 78613","1500 LIBERTY OAKS BLVD, CEDAR PARK, TX  78613","S8986 - RED OAKS SEC 1C, BLOCK F, Lot 20","L305606D"," ","S8986 - RED OAKS SEC 1C","Real","$614,035","$614,035"
"R475946","R-17-W340-8030-M014-0008","LI, ZHUO","10116 SWAN VALLEY LN  AUSTIN, TX 78759-3049","1503 HARVEST BEND LN, CEDAR PARK, TX  78613","S9154 - RED OAKS SEC 3, BLOCK M, Lot 14","L305606D"," ","S9154 - RED OAKS SEC 3","Real","$476,937","$476,937"
"R489550","R-17-W340-805C-0010-0008","LI, ZHUO","10116 SWAN VALLEY LN  AUSTIN, TX 78759-3049","401 AUTUMN BEND LN, CEDAR PARK, TX  78613","S9466 - RED OAKS SEC 5, BLOCK C, Lot 10","L305606D"," ","S9466 - RED OAKS SEC 5","Real","$752,596","$752,596"
"R475960","R-17-W340-8030-V013-0008","PALACIOS, JOAQUIN M & MARIA G","1709 HARVEST BEND LN CEDAR PARK, TX 78613-4152","1709 HARVEST BEND LN, CEDAR PARK, TX  78613","S9154 - RED OAKS SEC 3, BLOCK V, Lot 13","L305606D"," ","S9154 - RED OAKS SEC 3","Real","$688,907","$688,907"
"R495382","R-17-W340-806K-0025-0008","NGO, LINH PHUONG","11503 BRANDON PARKE TRL  AUSTIN, TX 78750-1502","702 ROLLING BROOK LN, CEDAR PARK, TX  78613","S9652 - RED OAKS SEC 6, BLOCK K, Lot 25","L305606D"," ","S9652 - RED OAKS SEC 6","Real","$655,198","$655,198"
"R475915","R-17-W340-8030-K038-0008","SHARMA, SIDDHARTHA & SUPRIYA","2920 ZOYSIA DR  LEANDER, TX 78641","1720 HARVEST BEND LN, CEDAR PARK, TX  78613","S9154 - RED OAKS SEC 3, BLOCK K, Lot 38","L305606D"," ","S9154 - RED OAKS SEC 3","Real","$513,608","$513,608"
"R481555","R-17-W340-8040-S013-0008","LARKIN, SUSAN M","311 GLEN HOLLOW ST  CEDAR PARK, TX 78613-4158","311 GLEN HOLLOW ST, CEDAR PARK, TX  78613","S9246 - RED OAKS SEC 4, BLOCK S, Lot 13","L305606D"," ","S9246 - RED OAKS SEC 4","Real","$672,542","$672,542"
"R470542","R-17-W340-801C-J006-0008","JORDAN, JASON A & KAREN B","1510 OAK TREE LN CEDAR PARK, TX 78613-3992","1510 OAK TREE LN, CEDAR PARK, TX  78613","S8986 - RED OAKS SEC 1C, BLOCK J, Lot 6","L305606D"," ","S8986 - RED OAKS SEC 1C","Real","$692,318","$705,168"
"R481560","R-17-W340-8040-T011-0008","RAINWATER, ROBERT & MARIA PENA-RAINWATER","1500 FIELDSTONE ST CEDAR PARK, TX 78613-4157","1500 FIELDSTONE ST, CEDAR PARK, TX  78613","S9246 - RED OAKS SEC 4, BLOCK T, Lot 11","L305606D"," ","S9246 - RED OAKS SEC 4","Real","$767,305","$767,305"
"R470524","R-17-W340-801C-H009-0008","MOOND, GAJENDRA","1513 LIBERTY OAKS BLVD  CEDAR PARK, TX 78613-3988","1513 LIBERTY OAKS BLVD, CEDAR PARK, TX  78613","S8986 - RED OAKS SEC 1C, BLOCK H, Lot 9","L305606D"," ","S8986 - RED OAKS SEC 1C","Real","$729,337","$733,329"
"R481520","R-17-W340-8040-H019-0008","LI, LILLIAN & PAUL","403 SILENT SPRING DR  CEDAR PARK, TX 78613","403 SILENT SPRING DR, CEDAR PARK, TX  78613","S9246 - RED OAKS SEC 4, BLOCK H, Lot 19","L305606D"," ","S9246 - RED OAKS SEC 4","Real","$560,614","$560,614"
"R489587","R-17-W340-805N-0008-0008","KLEIN, DONALD CHARLES & DEBBIE RESON","1307 ECHO RIDGE LN  CEDAR PARK, TX 78613","1307 ECHO RIDGE LN, CEDAR PARK, TX  78613","S9466 - RED OAKS SEC 5, BLOCK N, Lot 8","L305606D"," ","S9466 - RED OAKS SEC 5","Real","$792,981","$792,981"
"R475868","R-17-W340-8020-F003-0008","BROEK, RYAN & MARIE","1305 QUIET CREEK DR  CEDAR PARK, TX 78613","1305 QUIET CREEK DR, CEDAR PARK, TX  78613","S9088 - RED OAKS SEC 2, BLOCK F, Lot 3","L305606D"," ","S9088 - RED OAKS SEC 2","Real","$946,720","$946,720"
"R489585","R-17-W340-805N-0006-0008","TODD HONOHAN & RACHELLE HONOHAN TRS TODD & RACHELLE HONOHAN LIVING TRUST","1303 ECHO RIDGE LN  CEDAR PARK, TX 78613-4560","1303 ECHO RIDGE LN, CEDAR PARK, TX  78613","S9466 - RED OAKS SEC 5, BLOCK N, Lot 6","L305606D"," ","S9466 - RED OAKS SEC 5","Real","$783,019","$783,019"
"R495403","R-17-W340-806V-0007-0008","CURT CHI HO WONG & TAN MAN YVONNE YEUNG TRS WONG YEUNG FAMILY LIVING TRUST","1722 BELLEVUE WAY NE BELLEVUE, WA 98004-2856","510 ROLLING BROOK LN, CEDAR PARK, TX  78613","S9652 - RED OAKS SEC 6, BLOCK V, Lot 7","L305606D"," ","S9652 - RED OAKS SEC 6","Real","$531,101","$531,101"
"R495379","R-17-W340-806K-0022-0008","EHRLICH, DANIEL SHOTA","11805 HARPSTER BND  AUSTIN, TX 78717-5089","708 ROLLING BROOK LN, CEDAR PARK, TX  78613","S9652 - RED OAKS SEC 6, BLOCK K, Lot 22","L305606D"," ","S9652 - RED OAKS SEC 6","Real","$663,159","$663,159"
"R468953","R-17-W340-801A-A003-0008","EGAN, JAMES & GINA M","423 MISTY MORN LN  CEDAR PARK, TX 78613","423 MISTY MORN LN, CEDAR PARK, TX  78613","S8916 - RED OAKS SEC 1A, BLOCK A, Lot 3","L305606D"," ","S8916 - RED OAKS SEC 1A","Real","$589,949","$589,949"
"R481552","R-17-W340-8040-S010-0008","POSEY, KEN & MICHELE","305 GLEN HOLLOW ST  CEDAR PARK, TX 78613","305 GLEN HOLLOW ST, CEDAR PARK, TX  78613","S9246 - RED OAKS SEC 4, BLOCK S, Lot 10","L305606D"," ","S9246 - RED OAKS SEC 4","Real","$633,876","$633,876"
"R475887","R-17-W340-8030-F013-0008","LEE, SUGU & INKYUNG","1401 HARVEST BEND LN  CEDAR PARK, TX 78613","1401 HARVEST BEND LN, CEDAR PARK, TX  78613","S9154 - RED OAKS SEC 3, BLOCK F, Lot 13","L305606D"," ","S9154 - RED OAKS SEC 3","Real","$541,738","$541,738"
"R489573","R-17-W340-805F-0024-0008","TOWNS, RUSSELL & MELISSA HURST","404 AUTUMN BEND LN  CEDAR PARK, TX 78613","404 AUTUMN BEND LN, CEDAR PARK, TX  78613","S9466 - RED OAKS SEC 5, BLOCK F, Lot 24","L305606D"," ","S9466 - RED OAKS SEC 5","Real","$796,031","$796,031"
"R475922","R-17-W340-8030-K045-0008","MUESSIG, JUSTIN","1706 HARVEST BEND LN  CEDAR PARK, TX 78613","1706 HARVEST BEND LN, CEDAR PARK, TX  78613","S9154 - RED OAKS SEC 3, BLOCK K, Lot 45","L305606D"," ","S9154 - RED OAKS SEC 3","Real","$492,539","$492,539"
"R470534","R-17-W340-801C-I007-0008","MEYER, ANDREW","1613 LIBERTY OAKS BLVD  CEDAR PARK, TX 78613","1613 LIBERTY OAKS BLVD, CEDAR PARK, TX  78613","S8986 - RED OAKS SEC 1C, BLOCK I, Lot 7","L305606D"," ","S8986 - RED OAKS SEC 1C","Real","$603,031","$603,031"
"R481566","R-17-W340-8040-U003-0008","SHAW, STEVEN ROBERT & NANCY PUI-FONG YIM","308 GLEN HOLLOW ST  CEDAR PARK, TX 78613","308 GLEN HOLLOW ST, CEDAR PARK, TX  78613","S9246 - RED OAKS SEC 4, BLOCK U, Lot 3","L305606D"," ","S9246 - RED OAKS SEC 4","Real","$797,703","$797,703"
"R475870","R-17-W340-8020-F005-0008","CARTOLANO, ANTHONY R & KAREN A","1309 QUIET CREEK DR  CEDAR PARK, TX 78613","1309 QUIET CREEK DR, CEDAR PARK, TX  78613","S9088 - RED OAKS SEC 2, BLOCK F, Lot 5","L305606D"," ","S9088 - RED OAKS SEC 2","Real","$757,844","$757,844"
"R489559","R-17-W340-805D-0010-0008","HARPER, SCOTT A & CHERYL H","505 AUTUMN BEND LN CEDAR PARK, TX 78613-4143","505 AUTUMN BEND LN, CEDAR PARK, TX  78613","S9466 - RED OAKS SEC 5, BLOCK D, Lot 10","L305606D"," ","S9466 - RED OAKS SEC 5","Real","$759,475","$759,475"
"R470495","R-17-W340-801C-F016-0008","MILLER, RONALD JOSEPH","609 PEBBLESTONE WALK DR  CEDAR PARK, TX 78613","609 PEBBLESTONE WALK DR, CEDAR PARK, TX  78613","S8986 - RED OAKS SEC 1C, BLOCK F, Lot 16","L305606D"," ","S8986 - RED OAKS SEC 1C","Real","$756,843","$756,843"
"R475926","R-17-W340-8030-K049-0008","SMITH, STEVEN & NOOR","1620 HARVEST BEND LN  CEDAR PARK, TX 78613","1620 HARVEST BEND LN, CEDAR PARK, TX  78613","S9154 - RED OAKS SEC 3, BLOCK K, Lot 49","L305606D"," ","S9154 - RED OAKS SEC 3","Real","$752,719","$769,062"
"R489614","R-17-W340-807R-0025-0008","PLASCENCIA, JAVIER & YESENIA CO-TRUSTEES OF PLASCENCIA REVOC LIVING TRUST","1815 LIBERTY OAKS BLVD  CEDAR PARK, TX 78613","1815 LIBERTY OAKS BLVD, CEDAR PARK, TX  78613","S9462 - RED OAKS SEC 7, BLOCK R, Lot 25","L305606D"," ","S9462 - RED OAKS SEC 7","Real","$806,816","$806,816"
"R481551","R-17-W340-8040-S009-0008","BERGER, ROBERT & KELLY","303 GLEN HOLLOW ST  CEDAR PARK, TX 78613","303 GLEN HOLLOW ST, CEDAR PARK, TX  78613","S9246 - RED OAKS SEC 4, BLOCK S, Lot 9","L305606D"," ","S9246 - RED OAKS SEC 4","Real","$788,357","$788,357"
"R475898","R-17-W340-8030-H017-0008","NEYENS, JAMES F & JANET E","407 SILENT SPRING DR  CEDAR PARK, TX 78613","407 SILENT SPRING DR, CEDAR PARK, TX  78613","S9154 - RED OAKS SEC 3, BLOCK H, Lot 17","L305606D"," ","S9154 - RED OAKS SEC 3","Real","$693,294","$703,165"
"R468973","R-17-W340-801A-B003-0008","OLIVERI, SHANTEL L & MARC M","416 MISTY MORN LN  CEDAR PARK, TX 78613","416 MISTY MORN LN, CEDAR PARK, TX  78613","S8916 - RED OAKS SEC 1A, BLOCK B, Lot 3","L305606D"," ","S8916 - RED OAKS SEC 1A","Real","$589,433","$589,433"
"R470489","R-17-W340-801C-F010-0008","PULLEY, AMANDA JO","511 PEBBLESTONE WALK DR  CEDAR PARK, TX 78613","511 PEBBLESTONE WALK DR, CEDAR PARK, TX  78613","S8986 - RED OAKS SEC 1C, BLOCK F, Lot 10","L305606D"," ","S8986 - RED OAKS SEC 1C","Real","$678,611","$694,541"
"R475948","R-17-W340-8030-Q001-0008","GODINEZ, RICHARD & HEATHER","1514 HARVEST BEND LN  CEDAR PARK, TX 78613","1514 HARVEST BEND LN, CEDAR PARK, TX  78613","S9154 - RED OAKS SEC 3, BLOCK Q, Lot 1","L305606D"," ","S9154 - RED OAKS SEC 3","Real","$577,160","$577,160"
"R489568","R-17-W340-805F-0019-0008","RANGEL, RENE & MAYRA","1308 ECHO RIDGE LN  CEDAR PARK, TX 78613","1308 ECHO RIDGE LN, CEDAR PARK, TX  78613","S9466 - RED OAKS SEC 5, BLOCK F, Lot 19","L305606D"," ","S9466 - RED OAKS SEC 5","Real","$742,002","$742,002"
"R469036","R-17-W340-801B-F009-0008","STREMPEL, BRYAN J & SHANNON K","506 HICKORY RUN DR CEDAR PARK, TX 78613-3993","506 HICKORY RUN DR, CEDAR PARK, TX  78613","S8922 - RED OAKS SEC 1B, BLOCK F, Lot 9","L305606D"," ","S8922 - RED OAKS SEC 1B","Real","$671,988","$671,988"
"R469001","R-17-W340-801A-C007-0008","PHELPS, MATTHEW R & COURTNEY N","404 SCARLET MAPLE DR  CEDAR PARK, TX 78613-3981","404 SCARLET MAPLE DR, CEDAR PARK, TX  78613","S8916 - RED OAKS SEC 1A, BLOCK C, Lot 7","L305606D"," ","S8916 - RED OAKS SEC 1A","Real","$614,585","$614,585"
"R475880","R-17-W340-8020-G004-0008","Unknown","Unknown","1302 CREEKSTONE DR, CEDAR PARK, TX  78613","S9088 - RED OAKS SEC 2, BLOCK G, Lot 4","L305606D"," ","S9088 - RED OAKS SEC 2","Real","$877,902","$877,902"
"R495371","R-17-W340-806K-0015-0008","MUSGROVE, JACOB","1930 CREEK CREST WAY  ROUND ROCK, TX 78664","705 ROLLING BROOK LN, CEDAR PARK, TX  78613","S9652 - RED OAKS SEC 6, BLOCK K, Lot 15","L305606D"," ","S9652 - RED OAKS SEC 6","Real","$559,027","$559,027"
"R481561","R-17-W340-8040-T012-0008","WILSON, MARK J & DORIE F MICKELSON","1404 FIELDSTONE ST  CEDAR PARK, TX 78613","1404 FIELDSTONE ST, CEDAR PARK, TX  78613","S9246 - RED OAKS SEC 4, BLOCK T, Lot 12","L305606D"," ","S9246 - RED OAKS SEC 4","Real","$592,024","$592,024"
"R475968","R-17-W340-8030-V021-0008","TYAGI, BALJEET K & PARDEEP KUMAR","1805 HARVEST BEND LN  CEDAR PARK, TX 78613","1805 HARVEST BEND LN, CEDAR PARK, TX  78613","S9154 - RED OAKS SEC 3, BLOCK V, Lot 21","L305606D"," ","S9154 - RED OAKS SEC 3","Real","$683,703","$683,703"
"R470506","R-17-W340-801C-G007-0008","HARDY, JOHANNA & JONATHAN ERIC","1501 OAK TREE LN  CEDAR PARK, TX 78613","1501 OAK TREE LN, CEDAR PARK, TX  78613","S8986 - RED OAKS SEC 1C, BLOCK G, Lot 7","L305606D"," ","S8986 - RED OAKS SEC 1C","Real","$686,388","$686,388"
"R481575","R-17-W340-8040-U012-0008","BLODGETT, THOMAS E & CHRISTINA LEA","1800 LIBERTY OAKS BLVD  CEDAR PARK, TX 78613","1800 LIBERTY OAKS BLVD, CEDAR PARK, TX  78613","S9246 - RED OAKS SEC 4, BLOCK U, Lot 12","L305606D"," ","S9246 - RED OAKS SEC 4","Real","$796,900","$796,900"
"R475896","R-17-W340-8030-H015-0008","Unknown","Unknown","503 HICKORY RUN DR, CEDAR PARK, TX  78613","S9154 - RED OAKS SEC 3, BLOCK H, Lot 15","L305606D"," ","S9154 - RED OAKS SEC 3","Real","$613,600","$613,600"
"R489603","R-17-W340-807R-0014-0008","WILSON, JOSHUA & KATIE","1400 PENDLETON DR  CEDAR PARK, TX 78613","1400 PENDLETON DR, CEDAR PARK, TX  78613","S9462 - RED OAKS SEC 7, BLOCK R, Lot 14","L305606D"," ","S9462 - RED OAKS SEC 7","Real","$735,891","$735,891"
"R489595","R-17-W340-807R-0007-0008","GRIECO, ANTHONY & BROOKE E","313 SILENT SPRING DR  CEDAR PARK, TX 78613-4217","313 SILENT SPRING DR, CEDAR PARK, TX  78613","S9462 - RED OAKS SEC 7, BLOCK R, Lot 7","L305606D"," ","S9462 - RED OAKS SEC 7","Real","$701,305","$701,305"
"R475949","R-17-W340-8030-Q002-0008","LAWRENCE, STEPHEN R & KELLY S","1512 HARVEST BEND LN  CEDAR PARK, TX 78613","1512 HARVEST BEND LN, CEDAR PARK, TX  78613","S9154 - RED OAKS SEC 3, BLOCK Q, Lot 2","L305606D"," ","S9154 - RED OAKS SEC 3","Real","$715,534","$717,071"
"R470509","R-17-W340-801C-G010-0008","COAKLEY, CHRISTINE ANN & JOHN CHARLES RICHARD","1507 OAK TREE LN  CEDAR PARK, TX 78613-3992","1507 OAK TREE LN, CEDAR PARK, TX  78613","S8986 - RED OAKS SEC 1C, BLOCK G, Lot 10","L305606D"," ","S8986 - RED OAKS SEC 1C","Real","$547,643","$547,643"
"R470540","R-17-W340-801C-J004-0008","MUTHUKRISHNAN, DILIP","9615 VISTA VIEW DR  AUSTIN, TX 78750-3335","1506 OAK TREE LN, CEDAR PARK, TX  78613","S8986 - RED OAKS SEC 1C, BLOCK J, Lot 4","L305606D"," ","S8986 - RED OAKS SEC 1C","Real","$604,984","$604,984"
"R489579","R-17-W340-805G-0009-0008","SMITH, WILLIAM E II (TOD) & DIANE B (TOD)","1307 FERNGLADE LN  CEDAR PARK, TX 78613","1307 FERNGLADE LN, CEDAR PARK, TX  78613","S9466 - RED OAKS SEC 5, BLOCK G, Lot 9","L305606D"," ","S9466 - RED OAKS SEC 5","Real","$796,378","$796,378"
"R475932","R-17-W340-8030-K055-0008","MORROW, STEPHEN & DONNA","1608 HARVEST BEND LN CEDAR PARK, TX 78613-4148","1608 HARVEST BEND LN, CEDAR PARK, TX  78613","S9154 - RED OAKS SEC 3, BLOCK K, Lot 55","L305606D"," ","S9154 - RED OAKS SEC 3","Real","$517,940","$517,940"
"R495406","R-17-W340-806V-0010-0008","ALETI, SHARATH C & SRAVYA GONGALLA","104 LANDS END CV  ROUND ROCK, TX 78681","504 ROLLING BROOK LN, CEDAR PARK, TX  78613","S9652 - RED OAKS SEC 6, BLOCK V, Lot 10","L305606D"," ","S9652 - RED OAKS SEC 6","Real","$648,980","$648,980"
"R475871","R-17-W340-8020-F006-0008","GOERNER, DONALD W & KIMBERLY K","1311 QUIET CREEK DR CEDAR PARK, TX 78613-3997","1311 QUIET CREEK DR, CEDAR PARK, TX  78613","S9088 - RED OAKS SEC 2, BLOCK F, Lot 6","L305606D"," ","S9088 - RED OAKS SEC 2","Real","$911,378","$911,378"
"R475864","R-17-W340-8020-E013-0008","LEIFESTE, AARON T & GRETCHEN L","1309 CREEKSTONE DR  CEDAR PARK, TX 78613","1309 CREEKSTONE DR, CEDAR PARK, TX  78613","S9088 - RED OAKS SEC 2, BLOCK E, Lot 13","L305606D"," ","S9088 - RED OAKS SEC 2","Real","$747,411","$747,411"
"R489607","R-17-W340-807R-0018-0008","SALGUERO, ANNA M","1500 PENDLETON DR CEDAR PARK, TX 78613-4242","1500 PENDLETON DR, CEDAR PARK, TX  78613","S9462 - RED OAKS SEC 7, BLOCK R, Lot 18","L305606D"," ","S9462 - RED OAKS SEC 7","Real","$590,140","$590,140"
"R489558","R-17-W340-805D-0009-0008","ELSAYED, MOHAMED","503 AUTUMN BEND LN  CEDAR PARK, TX 78613","503 AUTUMN BEND LN, CEDAR PARK, TX  78613","S9466 - RED OAKS SEC 5, BLOCK D, Lot 9","L305606D"," ","S9466 - RED OAKS SEC 5","Real","$764,200","$764,200"
"R495402","R-17-W340-806V-0006-0008","CHRISTIE, MATTHEW STEPHEN","600 ROLLING BROOK LN  CEDAR PARK, TX 78613","600 ROLLING BROOK LN, CEDAR PARK, TX  78613","S9652 - RED OAKS SEC 6, BLOCK V, Lot 6","L305606D"," ","S9652 - RED OAKS SEC 6","Real","$557,385","$557,385"
"R475853","R-17-W340-8020-E002-0008","GLEASON, JEFFREY P & MELISSA LEE","1306 QUIET CREEK DR CEDAR PARK, TX 78613-3997","1306 QUIET CREEK DR, CEDAR PARK, TX  78613","S9088 - RED OAKS SEC 2, BLOCK E, Lot 2","L305606D"," ","S9088 - RED OAKS SEC 2","Real","$892,957","$892,957"
"R475869","R-17-W340-8020-F004-0008","CHRISTIERSON, JEFFREY VON","1307 QUIET CREEK DR  CEDAR PARK, TX 78613-3997","1307 QUIET CREEK DR, CEDAR PARK, TX  78613","S9088 - RED OAKS SEC 2, BLOCK F, Lot 4","L305606D"," ","S9088 - RED OAKS SEC 2","Real","$784,733","$784,733"
"R475841","R-17-W340-8020-D001-0008","MICHAL OSTROWSKI & JENNIFER OSTROWSKI COTRS OSTROWSKI FAMILY MANAGEMENT TRUST","507 AUTUMN BEND LN  CEDAR PARK, TX 78613-4143","507 AUTUMN BEND LN, CEDAR PARK, TX  78613","S9088 - RED OAKS SEC 2, BLOCK D, Lot 1","L305606D"," ","S9088 - RED OAKS SEC 2","Real","$927,034","$927,034"
"R469009","R-17-W340-801A-D005-0008","OBERHOFF, MARY & MARK","504 SCARLET MAPLE DR CEDAR PARK, TX 78613-3982","504 SCARLET MAPLE DR, CEDAR PARK, TX  78613","S8916 - RED OAKS SEC 1A, BLOCK D, Lot 5","L305606D"," ","S8916 - RED OAKS SEC 1A","Real","$721,244","$721,244"
"R481548","R-17-W340-8040-R040-0008","ZHANG XIAOLIANG & HONGXIN WANG","1603 AVONDALE DR  CEDAR PARK, TX 78613-4155","1603 AVONDALE DR, CEDAR PARK, TX  78613","S9246 - RED OAKS SEC 4, BLOCK R, Lot 40","L305606D"," ","S9246 - RED OAKS SEC 4","Real","$702,435","$702,435"
"R489551","R-17-W340-805C-0011-0008","HIGGINS, WILLIAM","403 AUTUMN BEND LN  CEDAR PARK, TX 78613-4142","403 AUTUMN BEND LN, CEDAR PARK, TX  78613","S9466 - RED OAKS SEC 5, BLOCK C, Lot 11","L305606D"," ","S9466 - RED OAKS SEC 5","Real","$693,276","$693,276"
"R475875","R-17-W340-8020-F010-0008","BAILEY, LIONEL III & CYNTHIA","602 SPRING ARBOR LN CEDAR PARK, TX 78613-4145","602 SPRING ARBOR LN, CEDAR PARK, TX  78613","S9088 - RED OAKS SEC 2, BLOCK F, Lot 10","L305606D"," ","S9088 - RED OAKS SEC 2","Real","$924,530","$924,530"
"R469023","R-17-W340-801B-E008-0008","CARTOLANO, ANTHONY & JEANETTE","603 HICKORY RUN DR  CEDAR PARK, TX 78613","603 HICKORY RUN DR, CEDAR PARK, TX  78613","S8922 - RED OAKS SEC 1B, BLOCK E, Lot 8","L305606D"," ","S8922 - RED OAKS SEC 1B","Real","$782,725","$782,725"
"R489574","R-17-W340-805F-0025-0008","WHITAKER, GINGER G","402 AUTUMN BEND LN  CEDAR PARK, TX 78613","402 AUTUMN BEND LN, CEDAR PARK, TX  78613","S9466 - RED OAKS SEC 5, BLOCK F, Lot 25","L305606D"," ","S9466 - RED OAKS SEC 5","Real","$897,730","$897,730"
"R489578","R-17-W340-805G-0008-0008","JACKSON, CHAD N & SARAH L","1305 FERNGLADE LN  CEDAR PARK, TX 78613","1305 FERNGLADE LN, CEDAR PARK, TX  78613","S9466 - RED OAKS SEC 5, BLOCK G, Lot 8","L305606D"," ","S9466 - RED OAKS SEC 5","Real","$732,565","$732,565"
"R495397","R-17-W340-806V-0001-0008","JACOBUS, DAVID & NICOLE","4623 MONTEROSA LN  ROUND ROCK, TX 78665","610 ROLLING BROOK LN, CEDAR PARK, TX  78613","S9652 - RED OAKS SEC 6, BLOCK V, Lot 1","L305606D"," ","S9652 - RED OAKS SEC 6","Real","$556,409","$556,409"
"R469035","R-17-W340-801B-F008-0008","GHOSH, JYOTIRMOY & SUNANDA GUHA","508 HICKORY RUN DR  CEDAR PARK, TX 78613","508 HICKORY RUN DR, CEDAR PARK, TX  78613","S8922 - RED OAKS SEC 1B, BLOCK F, Lot 8","L305606D"," ","S8922 - RED OAKS SEC 1B","Real","$643,145","$643,145"
"R481570","R-17-W340-8040-U007-0008","PUTAANSUU, CHRISTOPHER M & SUSAN J","300 GLEN HOLLOW ST  CEDAR PARK, TX 78613","300 GLEN HOLLOW ST, CEDAR PARK, TX  78613","S9246 - RED OAKS SEC 4, BLOCK U, Lot 7","L305606D"," ","S9246 - RED OAKS SEC 4","Real","$754,228","$754,228"
"R475947","R-17-W340-8030-M015-0008","MELLO, MARJORIE D","1501 HARVEST BEND LN CEDAR PARK, TX 78613-4147","1501 HARVEST BEND LN, CEDAR PARK, TX  78613","S9154 - RED OAKS SEC 3, BLOCK M, Lot 15","L305606D"," ","S9154 - RED OAKS SEC 3","Real","$693,527","$704,813"
"R475921","R-17-W340-8030-K044-0008","RHYNE, VERNON THOMAS, IV","1708 HARVEST BEND LN  CEDAR PARK, TX 78613","1708 HARVEST BEND LN, CEDAR PARK, TX  78613","S9154 - RED OAKS SEC 3, BLOCK K, Lot 44","L305606D"," ","S9154 - RED OAKS SEC 3","Real","$639,665","$639,665"
"R470500","R-17-W340-801C-G001-0008","AKI, FUAT & GULAY","610 PEBBLESTONE WALK DR CEDAR PARK, TX 78613-3991","610 PEBBLESTONE WALK DR, CEDAR PARK, TX  78613","S8986 - RED OAKS SEC 1C, BLOCK G, Lot 1","L305606D"," ","S8986 - RED OAKS SEC 1C","Real","$699,237","$709,809"
"R475936","R-17-W340-8030-L011-0008","GREENWOOD, NANCY S (TOD)","4150 WYCLIFF AVE APT 108 DALLAS, TX 75219-3086","1621 LIBERTY OAKS BLVD, CEDAR PARK, TX  78613","S9154 - RED OAKS SEC 3, BLOCK L, Lot 11","L305606D"," ","S9154 - RED OAKS SEC 3","Real","$605,162","$605,162"
"R475964","R-17-W340-8030-V017-0008","DROZD, JAMES W & CHERYL K","1717 HARVEST BEND LN CEDAR PARK, TX 78613-4152","1717 HARVEST BEND LN, CEDAR PARK, TX  78613","S9154 - RED OAKS SEC 3, BLOCK V, Lot 17","L305606D"," ","S9154 - RED OAKS SEC 3","Real","$557,368","$557,368"
"R489610","R-17-W340-807R-0021-0008","VANCE, JOHN F & STASIA RENEE","1506 PENDLETON DR CEDAR PARK, TX 78613-4242","1506 PENDLETON DR, CEDAR PARK, TX  78613","S9462 - RED OAKS SEC 7, BLOCK R, Lot 21","L305606D"," ","S9462 - RED OAKS SEC 7","Real","$831,250","$831,250"
"R470505","R-17-W340-801C-G006-0008","MARQUES, ADRIANO MONTEIRO","600 PEBBLESTONE WALK DR  CEDAR PARK, TX 78613","600 PEBBLESTONE WALK DR, CEDAR PARK, TX  78613","S8986 - RED OAKS SEC 1C, BLOCK G, Lot 6","L305606D"," ","S8986 - RED OAKS SEC 1C","Real","$702,158","$702,158"
"R481559","R-17-W340-8040-T010-0008","RIDER, COURTNEY HOGAN","1502 FIELDSTONE ST  CEDAR PARK, TX 78613","1502 FIELDSTONE ST, CEDAR PARK, TX  78613","S9246 - RED OAKS SEC 4, BLOCK T, Lot 10","L305606D"," ","S9246 - RED OAKS SEC 4","Real","$819,213","$819,213"
"R481528","R-17-W340-8040-Q019-0008","BRICE, SHELLY","1505 ORCHARD FALLS DR  CEDAR PARK, TX 78613","1505 ORCHARD FALLS DR, CEDAR PARK, TX  78613","S9246 - RED OAKS SEC 4, BLOCK Q, Lot 19","L305606D"," ","S9246 - RED OAKS SEC 4","Real","$579,581","$579,581"
"R468995","R-17-W340-801A-C004-0008","TEMPLETON, ROGER D & JANEICE M","410 SCARLET MAPLE DR  CEDAR PARK, TX 78613","410 SCARLET MAPLE DR, CEDAR PARK, TX  78613","S8916 - RED OAKS SEC 1A, BLOCK C, Lot 4","L305606D"," ","S8916 - RED OAKS SEC 1A","Real","$627,897","$627,897"
"R481563","R-17-W340-8040-T014-0008","VIRR, THOMAS F & MARGARET W","1400 FIELDSTONE  CEDAR PARK, TX 78613","1400 FIELDSTONE ST, CEDAR PARK, TX  78613","S9246 - RED OAKS SEC 4, BLOCK T, Lot 14","L305606D"," ","S9246 - RED OAKS SEC 4","Real","$775,137","$775,137"
"R475959","R-17-W340-8030-Q012-0008","SUSAN W BARRETT TRUSTEE OF THE BARRETT FAMILY TRUST","1400 HARVEST BEND LN  CEDAR PARK, TX 78613-4146","1400 HARVEST BEND LN, CEDAR PARK, TX  78613","S9154 - RED OAKS SEC 3, BLOCK Q, Lot 12","L305606D"," ","S9154 - RED OAKS SEC 3","Real","$604,924","$604,924"
"R481523","R-17-W340-8040-Q014-0008","FRANCE, RYAN P & KRISTIN E TAVCAR","1403 ORCHARD FALLS DR CEDAR PARK, TX 78613-4162","1403 ORCHARD FALLS DR, CEDAR PARK, TX  78613","S9246 - RED OAKS SEC 4, BLOCK Q, Lot 14","L305606D"," ","S9246 - RED OAKS SEC 4","Real","$658,588","$658,588"
"R475962","R-17-W340-8030-V015-0008","HAO, CHING YU","1713 HARVEST BEND LN  CEDAR PARK, TX 78613-4152","1713 HARVEST BEND LN, CEDAR PARK, TX  78613","S9154 - RED OAKS SEC 3, BLOCK V, Lot 15","L305606D"," ","S9154 - RED OAKS SEC 3","Real","$571,398","$571,398"
"R470501","R-17-W340-801C-G002-0008","BROUSSARD, SCOTT J & STACY L","211 DIAMOND POINT RD GEORGETOWN, TX 78633-2673","608 PEBBLESTONE WALK DR, CEDAR PARK, TX  78613","S8986 - RED OAKS SEC 1C, BLOCK G, Lot 2","L305606D"," ","S8986 - RED OAKS SEC 1C","Real","$556,000","$556,000"
"R470530","R-17-W340-801C-I003-0008","SMETHIE, JOSHUA BLAINE & JAMIE ROBIN","1605 LIBERTY OAKS BLVD  CEDAR PARK, TX 78613","1605 LIBERTY OAKS BLVD, CEDAR PARK, TX  78613","S8986 - RED OAKS SEC 1C, BLOCK I, Lot 3","L305606D"," ","S8986 - RED OAKS SEC 1C","Real","$692,084","$715,611"
"R489583","R-17-W340-805N-0004-0008","GOODRICH ROBERT J & MADELINE ANN K GOODRICH TRUSTEES OF GOODRICH FAMILY REV TRUS","1300 FERNGLADE LN  CEDAR PARK, TX 78613","1300 FERNGLADE LN, CEDAR PARK, TX  78613","S9466 - RED OAKS SEC 5, BLOCK N, Lot 4","L305606D"," ","S9466 - RED OAKS SEC 5","Real","$797,760","$797,760"
"R468966","R-17-W340-801A-A016-0008","TRUONG, DAVID L & LISA M BUI","1102 ORCHARD FALLS DR  CEDAR PARK, TX 78613","1102 ORCHARD FALLS DR, CEDAR PARK, TX  78613","S8916 - RED OAKS SEC 1A, BLOCK A, Lot 16","L305606D"," ","S8916 - RED OAKS SEC 1A","Real","$725,302","$725,302"
"R481542","R-17-W340-8040-R034-0008","FERGUSON, ERIC & CHRISTINE","1604 AVONDALE DR  CEDAR PARK, TX 78613-4155","1604 AVONDALE DR, CEDAR PARK, TX  78613","S9246 - RED OAKS SEC 4, BLOCK R, Lot 34","L305606D"," ","S9246 - RED OAKS SEC 4","Real","$729,882","$729,882"
"R468957","R-17-W340-801A-A007-0008","BALAGIA, VINCENT","415 MISTY MORN LN  CEDAR PARK, TX 78613-3983","415 MISTY MORN LN, CEDAR PARK, TX  78613","S8916 - RED OAKS SEC 1A, BLOCK A, Lot 7","L305606D"," ","S8916 - RED OAKS SEC 1A","Real","$838,570","$838,570"
"R489553","R-17-W340-805C-0013-0008","PALLADINO, GARY L & GRACE","407 AUTUMN BEND LN CEDAR PARK, TX 78613-4142","407 AUTUMN BEND LN, CEDAR PARK, TX  78613","S9466 - RED OAKS SEC 5, BLOCK C, Lot 13","L305606D"," ","S9466 - RED OAKS SEC 5","Real","$792,865","$792,865"
"R475942","R-17-W340-8030-M010-0008","YOUNG, PATRICK","1511 HARVEST BEND LN  CEDAR PARK, TX 78613-4147","1511 HARVEST BEND LN, CEDAR PARK, TX  78613","S9154 - RED OAKS SEC 3, BLOCK M, Lot 10","L305606D"," ","S9154 - RED OAKS SEC 3","Real","$602,119","$602,119"
"R475852","R-17-W340-8020-E001-0008","MAGINEL, RUSSELL D & BIANCA","1308 QUIET CREEK DR CEDAR PARK, TX 78613-3997","1308 QUIET CREEK DR, CEDAR PARK, TX  78613","S9088 - RED OAKS SEC 2, BLOCK E, Lot 1","L305606D"," ","S9088 - RED OAKS SEC 2","Real","$716,593","$716,593"
"R489598","R-17-W340-807R-0009-0008","BLANCHETT, JOHN O, Jr","309 SILENT SPRING DR  CEDAR PARK, TX 78613","309 SILENT SPRING DR, CEDAR PARK, TX  78613","S9462 - RED OAKS SEC 7, BLOCK R, Lot 9","L305606D"," ","S9462 - RED OAKS SEC 7","Real","$593,449","$593,449"
"R470518","R-17-W340-801C-H003-0008","GRAHAM JACK A III & MELINDA & JACK A SR & ESTATE OF DOROTHY I GRAHAM","1501 LIBERTY OAKS BLVD  CEDAR PARK, TX 78613","1501 LIBERTY OAKS BLVD, CEDAR PARK, TX  78613","S8986 - RED OAKS SEC 1C, BLOCK H, Lot 3","L305606D"," ","S8986 - RED OAKS SEC 1C","Real","$688,180","$705,152"
"R470536","R-17-W340-801C-I009-0008","AZIOS, ERIC & CHRISTEN N","1617 LIBERTY OAKS BLVD  CEDAR PARK, TX 78613","1617 LIBERTY OAKS BLVD, CEDAR PARK, TX  78613","S8986 - RED OAKS SEC 1C, BLOCK I, Lot 9","L305606D"," ","S8986 - RED OAKS SEC 1C","Real","$584,605","$584,605"
"R475927","R-17-W340-8030-K050-0008","SMITH, STEVEN W & NOOR","1620 HARVEST BEND LN  CEDAR PARK, TX 78613","1618 HARVEST BEND LN, CEDAR PARK, TX  78613","S9154 - RED OAKS SEC 3, BLOCK K, Lot 50","L305606D"," ","S9154 - RED OAKS SEC 3","Real","$623,203","$623,203"
"R475913","R-17-W340-8030-K036-0008","SHAMSUNDER, ABHILASH & SHRUTHI ANANTHARA","1802 HARVEST BEND LN  CEDAR PARK, TX 78613","1802 HARVEST BEND LN, CEDAR PARK, TX  78613","S9154 - RED OAKS SEC 3, BLOCK K, Lot 36","L305606D"," ","S9154 - RED OAKS SEC 3","Real","$703,304","$703,304"
"R468967","R-17-W340-801A-A017-0008","LASHLEY, FELISSA","1104 ORCHARD FALLS DR  CEDAR PARK, TX 78613","1104 ORCHARD FALLS DR, CEDAR PARK, TX  78613","S8916 - RED OAKS SEC 1A, BLOCK A, Lot 17","L305606D"," ","S8916 - RED OAKS SEC 1A","Real","$635,240","$635,240"
"R475862","R-17-W340-8020-E011-0008","ROBERT KENDALL AS TRUSTEE OF THE RK LIVING TRUST","1305 CREEKSTONE DR  CEDAR PARK, TX 78613","1305 CREEKSTONE DR, CEDAR PARK, TX  78613","S9088 - RED OAKS SEC 2, BLOCK E, Lot 11","L305606D"," ","S9088 - RED OAKS SEC 2","Real","$878,106","$878,106"
"R489571","R-17-W340-805F-0022-0008","WARMERDAM, STEVEN & CORINA","1302 ECHO RIDGE LN  CEDAR PARK, TX 78613","1302 ECHO RIDGE LN, CEDAR PARK, TX  78613","S9466 - RED OAKS SEC 5, BLOCK F, Lot 22","L305606D"," ","S9466 - RED OAKS SEC 5","Real","$827,695","$827,695"
"R489570","R-17-W340-805F-0021-0008","HENGST, WILLIAM N III & PHYLLIS","PO BOX 3996 CEDAR PARK, TX 78630-3996","1304 ECHO RIDGE LN, CEDAR PARK, TX  78613","S9466 - RED OAKS SEC 5, BLOCK F, Lot 21","L305606D"," ","S9466 - RED OAKS SEC 5","Real","$786,125","$786,125"
"R481536","R-17-W340-8040-R028-0008","KHAN-FAROOQI, HAUMITH R & LESLEY A","1809 LIBERTY OAKS BLVD  CEDAR PARK, TX 78613","1809 LIBERTY OAKS BLVD, CEDAR PARK, TX  78613","S9246 - RED OAKS SEC 4, BLOCK R, Lot 28","L305606D"," ","S9246 - RED OAKS SEC 4","Real","$810,129","$810,129"
"R481530","R-17-W340-8040-Q021-0008","BARNES WANDA TRUSTEE OF THE WANDA R BARNES TRUST","1509 ORCHARD FALLS DR CEDAR PARK, TX 78613-4163","1509 ORCHARD FALLS DR, CEDAR PARK, TX  78613","S9246 - RED OAKS SEC 4, BLOCK Q, Lot 21","L305606D"," ","S9246 - RED OAKS SEC 4","Real","$599,318","$599,318"
"R489623","R-17-W340-807T-0002-0008","PATEL, KEYURKUMAR D & MANISHABEN K","1403 PENDLETON DR  CEDAR PARK, TX 78613","1403 PENDLETON DR, CEDAR PARK, TX  78613","S9462 - RED OAKS SEC 7, BLOCK T, Lot 2","L305606D"," ","S9462 - RED OAKS SEC 7","Real","$758,887","$758,887"
"R475842","R-17-W340-8020-D002-0008","WONG, HOGAN & KIM","509 AUTUMN BEND LN  CEDAR PARK, TX 78613","509 AUTUMN BEND LN, CEDAR PARK, TX  78613","S9088 - RED OAKS SEC 2, BLOCK D, Lot 2","L305606D"," ","S9088 - RED OAKS SEC 2","Real","$952,149","$952,149"
"R468961","R-17-W340-801A-A011-0008","KOBYLAK, MICHAEL RICHARD","350 W CENTRAL AVE APT 2006 TRACY, CA 95376-9053","407 MISTY MORN LN, CEDAR PARK, TX  78613","S8916 - RED OAKS SEC 1A, BLOCK A, Lot 11","L305606D"," ","S8916 - RED OAKS SEC 1A","Real","$809,682","$809,682"
"R481534","R-17-W340-8040-R026-0008","KO, SUKHOON (TOD)","1813 LIBERTY OAKS BLVD  CEDAR PARK, TX 78613-4159","1813 LIBERTY OAKS BLVD, CEDAR PARK, TX  78613","S9246 - RED OAKS SEC 4, BLOCK R, Lot 26","L305606D"," ","S9246 - RED OAKS SEC 4","Real","$746,233","$746,233"
"R475909","R-17-W340-8030-K032-0008","CHOE, KYOUNG SIK & JUNG EUN KIM","604 SPRING ARBOR LN CEDAR PARK, TX 78613-4145","1810 HARVEST BEND LN, CEDAR PARK, TX  78613","S9154 - RED OAKS SEC 3, BLOCK K, Lot 32","L305606D"," ","S9154 - RED OAKS SEC 3","Real","$666,938","$666,938"
"R475971","R-17-W340-8030-L016-0008","KANSARA, NILESHKUMAR J & VAISHALI N","2801 ZAMBIA DR  CEDAR PARK, TX 78613","1609 HARVEST BEND LN, CEDAR PARK, TX  78613","S9154 - RED OAKS SEC 3, BLOCK L, Lot 16","L305606D"," ","S9154 - RED OAKS SEC 3","Real","$691,960","$691,960"
"R489563","R-17-W340-805F-0014-0008","SCOTT, DOUGLAS L & DIANE M","510 SPRING ARBOR LN  CEDAR PARK, TX 78613","510 SPRING ARBOR LN, CEDAR PARK, TX  78613","S9466 - RED OAKS SEC 5, BLOCK F, Lot 14","L305606D"," ","S9466 - RED OAKS SEC 5","Real","$787,985","$787,985"
"R469015","R-17-W340-801B-E001-0008","DURON NANCY (LE)","617 HICKORY RUN DR  CEDAR PARK, TX 78613","617 HICKORY RUN DR, CEDAR PARK, TX  78613","S8922 - RED OAKS SEC 1B, BLOCK E, Lot 1","L305606D"," ","S8922 - RED OAKS SEC 1B","Real","$537,560","$537,560"
"R489622","R-17-W340-807T-0001-0008","FEATHERSTON, LAURA & SHANTAE","1401 PENDLETON DR  CEDAR PARK, TX 78613","1401 PENDLETON DR, CEDAR PARK, TX  78613","S9462 - RED OAKS SEC 7, BLOCK T, Lot 1","L305606D"," ","S9462 - RED OAKS SEC 7","Real","$744,119","$744,119"
"R470539","R-17-W340-801C-J003-0008","KAUL, KASHYAP & SUSHIL","1504 OAK TREE LN  CEDAR PARK, TX 78613","1504 OAK TREE LN, CEDAR PARK, TX  78613","S8986 - RED OAKS SEC 1C, BLOCK J, Lot 3","L305606D"," ","S8986 - RED OAKS SEC 1C","Real","$708,725","$708,725"
"R481546","R-17-W340-8040-R038-0008","EASTBERG, CHARLES & APRIL","1612 AVONDALE DR  CEDAR PARK, TX 78613","1612 AVONDALE DR, CEDAR PARK, TX  78613","S9246 - RED OAKS SEC 4, BLOCK R, Lot 38","L305606D"," ","S9246 - RED OAKS SEC 4","Real","$642,007","$642,007"
"R481565","R-17-W340-8040-U002-0008","ABDELALL, WALEED & TESNEEM IBRAHIM","310 GLEN HOLLOW ST  CEDAR PARK, TX 78613","310 GLEN HOLLOW ST, CEDAR PARK, TX  78613","S9246 - RED OAKS SEC 4, BLOCK U, Lot 2","L305606D"," ","S9246 - RED OAKS SEC 4","Real","$749,344","$749,344"
"R475965","R-17-W340-8030-V018-0008","BECK, CAROLINE CONSTANCE & BRETT WESTERLEY VINECOMBE","1719 HARVEST BEND LN  CEDAR PARK, TX 78613-4152","1719 HARVEST BEND LN, CEDAR PARK, TX  78613","S9154 - RED OAKS SEC 3, BLOCK V, Lot 18","L305606D"," ","S9154 - RED OAKS SEC 3","Real","$712,015","$712,015"
"R475866","R-17-W340-8020-F001-0008","SULLIVAN, STEPHEN H & MARTHA","1301 QUIET CREEK DR  CEDAR PARK, TX 78613","1301 QUIET CREEK DR, CEDAR PARK, TX  78613","S9088 - RED OAKS SEC 2, BLOCK F, Lot 1","L305606D"," ","S9088 - RED OAKS SEC 2","Real","$824,334","$824,334"
"R469034","R-17-W340-801B-F007-0008","KARSTEN, JESSE K & KIMBERLY","510 HICKORY RUN DR CEDAR PARK, TX 78613-3993","510 HICKORY RUN DR, CEDAR PARK, TX  78613","S8922 - RED OAKS SEC 1B, BLOCK F, Lot 7","L305606D"," ","S8922 - RED OAKS SEC 1B","Real","$652,849","$652,849"
"R495375","R-17-W340-806K-0019-0008","BRAYTON & HESTER FAMILY REVOCABLE LIVING TRUST","713 ROLLING BROOK LN  CEDAR PARK, TX 78613-4548","713 ROLLING BROOK LN, CEDAR PARK, TX  78613","S9652 - RED OAKS SEC 6, BLOCK K, Lot 19","L305606D"," ","S9652 - RED OAKS SEC 6","Real","$563,319","$563,319"
"R475937","R-17-W340-8030-L012-0008","MEHARIZGHI TESFAGABIR & FITHAWIT ASMELLASH","1601 HARVEST BND  CEDAR PARK, TX 78613","1601 HARVEST BEND LN, CEDAR PARK, TX  78613","S9154 - RED OAKS SEC 3, BLOCK L, Lot 12","L305606D"," ","S9154 - RED OAKS SEC 3","Real","$682,623","$682,623"
"R468958","R-17-W340-801A-A008-0008","MADDELA, HARRY A & MEENU JAKKULA","413 MISTY MORN LN CEDAR PARK, TX 78613-3983","413 MISTY MORN LN, CEDAR PARK, TX  78613","S8916 - RED OAKS SEC 1A, BLOCK A, Lot 8","L305606D"," ","S8916 - RED OAKS SEC 1A","Real","$819,534","$819,534"
"R481554","R-17-W340-8040-S012-0008","RATRA, RUPINDER & BOBBY","309 GLEN HOLLOW ST  CEDAR PARK, TX 78613","309 GLEN HOLLOW ST, CEDAR PARK, TX  78613","S9246 - RED OAKS SEC 4, BLOCK S, Lot 12","L305606D"," ","S9246 - RED OAKS SEC 4","Real","$740,689","$740,689"
"R475943","R-17-W340-8030-M011-0008","URISTA, BELMA & LUIS R JR","1509 HARVEST BEND LN  CEDAR PARK, TX 78613-4147","1509 HARVEST BEND LN, CEDAR PARK, TX  78613","S9154 - RED OAKS SEC 3, BLOCK M, Lot 11","L305606D"," ","S9154 - RED OAKS SEC 3","Real","$686,498","$686,498"
"R469003","R-17-W340-801A-C009-0008","IZZO, RICHARD P & CLAUDIA A","400 SCARLET MAPLE DR  CEDAR PARK, TX 78613","400 SCARLET MAPLE DR, CEDAR PARK, TX  78613","S8916 - RED OAKS SEC 1A, BLOCK C, Lot 9","L305606D"," ","S8916 - RED OAKS SEC 1A","Real","$641,617","$664,219"
"R470543","R-17-W340-801C-J007-0008","KASZA, JAMES S & LUCINDA K","1512 OAK TREE LN  CEDAR PARK, TX 78613","1512 OAK TREE LN, CEDAR PARK, TX  78613","S8986 - RED OAKS SEC 1C, BLOCK J, Lot 7","L305606D"," ","S8986 - RED OAKS SEC 1C","Real","$703,855","$703,855"
"R495392","R-17-W340-806L-0025-0008","NGHIEM, PHUONG N & DAI NGUYEN","601 ROLLING BROOK LN  CEDAR PARK, TX 78613","601 ROLLING BROOK LN, CEDAR PARK, TX  78613","S9652 - RED OAKS SEC 6, BLOCK L, Lot 25","L305606D"," ","S9652 - RED OAKS SEC 6","Real","$618,595","$618,595"
"R489628","R-17-W340-807T-0007-0008","CHEN, PAI LI & MICHAEL MINGYUAN TSENG","1507 PENDLETON DR  CEDAR PARK, TX 78613","1507 PENDLETON DR, CEDAR PARK, TX  78613","S9462 - RED OAKS SEC 7, BLOCK T, Lot 7","L305606D"," ","S9462 - RED OAKS SEC 7","Real","$742,144","$742,144"
"R489590","R-17-W340-807R-0002-0008","ABOUELKHEIR, BENJAMIN SOBHI & ELIZABETH","323 SILENT SPRING DR  CEDAR PARK, TX 78613","323 SILENT SPRING DR, CEDAR PARK, TX  78613","S9462 - RED OAKS SEC 7, BLOCK R, Lot 2","L305606D"," ","S9462 - RED OAKS SEC 7","Real","$793,075","$793,075"
"R489594","R-17-W340-807R-0006-0008","CIRCOSTA, ANDREW & GLORIA","315 SILENT SPRING DR  CEDAR PARK, TX 78613","315 SILENT SPRING DR, CEDAR PARK, TX  78613","S9462 - RED OAKS SEC 7, BLOCK R, Lot 6","L305606D"," ","S9462 - RED OAKS SEC 7","Real","$691,611","$723,906"
"R475846","R-17-W340-8020-D006-0008","PECJAK, AMBER A & ANTHONY E","1201 QUIET CREEK DR  CEDAR PARK, TX 78613","1201 QUIET CREEK DR, CEDAR PARK, TX  78613","S9088 - RED OAKS SEC 2, BLOCK D, Lot 6","L305606D"," ","S9088 - RED OAKS SEC 2","Real","$840,688","$840,688"
"R475919","R-17-W340-8030-K042-0008","CLAUDIA LORENA ABULLARADE TR CLAUDIA LORENA ABULLARADE REVOCABLE TRUST","1712 HARVEST BEND LN  CEDAR PARK, TX 78613-4152","1712 HARVEST BEND LN, CEDAR PARK, TX  78613","S9154 - RED OAKS SEC 3, BLOCK K, Lot 42","L305606D"," ","S9154 - RED OAKS SEC 3","Real","$590,696","$590,696"
"R481531","R-17-W340-8040-Q022-0008","CHIDAMBARAM, SHANKAR","1511 ORCHARD FALLS DR  CEDAR PARK, TX 78613","1511 ORCHARD FALLS DR, CEDAR PARK, TX  78613","S9246 - RED OAKS SEC 4, BLOCK Q, Lot 22","L305606D"," ","S9246 - RED OAKS SEC 4","Real","$689,812","$689,812"
"R495408","R-17-W340-806V-0012-0008","RODRIGUEZ CHRISTIAN E & MARIA C IBARRA","500 ROLLING BROOK LN  CEDAR PARK, TX 78613","500 ROLLING BROOK LN, CEDAR PARK, TX  78613","S9652 - RED OAKS SEC 6, BLOCK V, Lot 12","L305606D"," ","S9652 - RED OAKS SEC 6","Real","$713,866","$713,866"
"R499164","R-17-W340-808A-P006-0008","HINOJOSA, MARIO ANTONIO","302 INDIAN SPRINGS CT  CEDAR PARK, TX 78613","302 INDIAN SPRINGS CT, CEDAR PARK, TX  78613","S9781 - RED OAKS SEC 8A, BLOCK P, Lot 6","L305606D"," ","S9781 - RED OAKS SEC 8A","Real","$706,074","$707,969"
"R470527","R-17-W340-801C-H012-0008","DEAN, JENNIFER K & ROBERT L PRYOR","1519 LIBERTY OAKS BLVD  CEDAR PARK, TX 78613","1519 LIBERTY OAKS BLVD, CEDAR PARK, TX  78613","S8986 - RED OAKS SEC 1C, BLOCK H, Lot 12","L305606D"," ","S8986 - RED OAKS SEC 1C","Real","$558,324","$558,324"
"R489564","R-17-W340-805F-0015-0008","HARWOOD, KEVIN CORT II & ALICEAN C","506 SPRING ARBOR LN  CEDAR PARK, TX 78613","506 SPRING ARBOR LN, CEDAR PARK, TX  78613","S9466 - RED OAKS SEC 5, BLOCK F, Lot 15","L305606D"," ","S9466 - RED OAKS SEC 5","Real","$800,000","$800,000"
"R475859","R-17-W340-8020-E008-0008","YARBROUGH, TODD & CARRI","1200 QUIET CREEK DR  CEDAR PARK, TX 78613","1200 QUIET CREEK DR, CEDAR PARK, TX  78613","S9088 - RED OAKS SEC 2, BLOCK E, Lot 8","L305606D"," ","S9088 - RED OAKS SEC 2","Real","$922,706","$922,706"
"R489609","R-17-W340-807R-0020-0008","NGU, BINH & HANG THI THANH NGUYEN","1504 PENDLETON DR  CEDAR PARK, TX 78613","1504 PENDLETON DR, CEDAR PARK, TX  78613","S9462 - RED OAKS SEC 7, BLOCK R, Lot 20","L305606D"," ","S9462 - RED OAKS SEC 7","Real","$652,036","$652,036"
"R470507","R-17-W340-801C-G008-0008","RALSTON, JAMES","1503 OAK TREE LN  CEDAR PARK, TX 78613","1503 OAK TREE LN, CEDAR PARK, TX  78613","S8986 - RED OAKS SEC 1C, BLOCK G, Lot 8","L305606D"," ","S8986 - RED OAKS SEC 1C","Real","$540,191","$540,191"
"R470526","R-17-W340-801C-H011-0008","ADAMSON, RONALD E & KATHERINE J","2606 ROLLING PLAINS CT  CEDAR PARK, TX 78613","1517 LIBERTY OAKS BLVD, CEDAR PARK, TX  78613","S8986 - RED OAKS SEC 1C, BLOCK H, Lot 11","L305606D"," ","S8986 - RED OAKS SEC 1C","Real","$565,973","$565,973"
"R489605","R-17-W340-807R-0016-0008","RAVAL, VIRALKUMAR K & JALPA D JOSHI","1404 PENDLETON DR  CEDAR PARK, TX 78613","1404 PENDLETON DR, CEDAR PARK, TX  78613","S9462 - RED OAKS SEC 7, BLOCK R, Lot 16","L305606D"," ","S9462 - RED OAKS SEC 7","Real","$590,140","$590,140"
"R468981","R-17-W340-801A-B011-0008","JAMES, MATTHEW WILSON & JILLIAN EVE","400 MISTY MORN LN  CEDAR PARK, TX 78613","400 MISTY MORN LN, CEDAR PARK, TX  78613","S8916 - RED OAKS SEC 1A, BLOCK B, Lot 11","L305606D"," ","S8916 - RED OAKS SEC 1A","Real","$846,246","$846,246"
"R475924","R-17-W340-8030-K047-0008","SCHIESZ, WESLEY","1702 HARVEST BEND LN  CEDAR PARK, TX 78613","1702 HARVEST BEND LN, CEDAR PARK, TX  78613","S9154 - RED OAKS SEC 3, BLOCK K, Lot 47","L305606D"," ","S9154 - RED OAKS SEC 3","Real","$713,549","$713,549"
"R481521","R-17-W340-8040-H020-0008","SINGH, HARMANDER & RUBINDER KAUR","3903 WINCHESTER DR  CEDAR PARK, TX 78613-7420","401 SILENT SPRING DR, CEDAR PARK, TX  78613","S9246 - RED OAKS SEC 4, BLOCK H, Lot 20","L305606D"," ","S9246 - RED OAKS SEC 4","Real","$683,458","$683,458"
"R495396","R-17-W340-806L-0029-0008","NGUYEN, HUE MY","609 ROLLING BROOK LN  CEDAR PARK, TX 78613","609 ROLLING BROOK LN, CEDAR PARK, TX  78613","S9652 - RED OAKS SEC 6, BLOCK L, Lot 29","L305606D"," ","S9652 - RED OAKS SEC 6","Real","$628,846","$628,846"
"R475967","R-17-W340-8030-V020-0008","TIMMONS, THOMAS B","1803 HARVEST BEND LN  CEDAR PARK, TX 78613","1803 HARVEST BEND LN, CEDAR PARK, TX  78613","S9154 - RED OAKS SEC 3, BLOCK V, Lot 20","L305606D"," ","S9154 - RED OAKS SEC 3","Real","$539,900","$539,900"
"R468987","R-17-W340-801A-B017-0008","WILLIAM WILSON & CHRISTINE A WILSON TRS WILSON LIVING TRUST","411 SCARLET MAPLE DR  CEDAR PARK, TX 78613-3981","411 SCARLET MAPLE DR, CEDAR PARK, TX  78613","S8916 - RED OAKS SEC 1A, BLOCK B, Lot 17","L305606D"," ","S8916 - RED OAKS SEC 1A","Real","$875,123","$875,123"
"R468950","R-17-W340-801A-A001-0008","PATEL, BALMUKUND & PRINCY","427 MISTY MORN LN CEDAR PARK, TX 78613-3983","427 MISTY MORN LN, CEDAR PARK, TX  78613","S8916 - RED OAKS SEC 1A, BLOCK A, Lot 1","L305606D"," ","S8916 - RED OAKS SEC 1A","Real","$793,336","$793,336"
"R475872","R-17-W340-8020-F007-0008","HEATHER R BRENNAN & MATTHEW V BRENNAN TRS OF THE BRENNAN LIVING TRUST","608 SPRING ARBOR LN  CEDAR PARK, TX 78613","608 SPRING ARBOR LN, CEDAR PARK, TX  78613","S9088 - RED OAKS SEC 2, BLOCK F, Lot 7","L305606D"," ","S9088 - RED OAKS SEC 2","Real","$845,613","$845,613"
"R495398","R-17-W340-806V-0002-0008","HALDERIA, BHARATKUMAR & HEMANIBEN","11445 FINCH HATTONS DR FRISCO, TX 75035-2814","608 ROLLING BROOK LN, CEDAR PARK, TX  78613","S9652 - RED OAKS SEC 6, BLOCK V, Lot 2","L305606D"," ","S9652 - RED OAKS SEC 6","Real","$683,760","$683,760"
