"PROPERTY ID","ACCOUNT","OWNER NAME","OWNER ADDRESS","SITUS ADDRESS","LEGAL DESCRIPTION","NEIGHBORHOOD CODE","ABSTRACT","SUBDIVISION","PROPERTY TYPE","2026 ASSESSED VALUE","2026 MARKET VALUE"
"R484407","R-16-5755-000B-0033","LIU, CHANGFU & XIAOHONG CHEN","4506 WICKLOW MOUNTAIN TRL  CEDAR PARK, TX 78613-4851","4506 WICKLOW MOUNTAIN TRL, CEDAR PARK, TX  78613","S9327 - WALSH TRAILS SEC 1, BLOCK B, Lot 33","R235607D"," ","S9327 - WALSH TRAILS SEC 1","Real","$675,607","$675,607"
"R484408","R-16-5755-000B-0034","THOMAS, SHAWN ROBERT & LISA ANNE","4504 WICKLOW MOUNTAIN TRL  CEDAR PARK, TX 78613","4504 WICKLOW MOUNTAIN TRL, CEDAR PARK, TX  78613","S9327 - WALSH TRAILS SEC 1, BLOCK B, Lot 34","R235607D"," ","S9327 - WALSH TRAILS SEC 1","Real","$593,985","$593,985"
"R484409","R-16-5755-000B-0035","CHIANG, YANGMING","4502 WICKLOW MOUNTAIN TRL CEDAR PARK, TX 78613-4851","4502 WICKLOW MOUNTAIN TRL, CEDAR PARK, TX  78613","S9327 - WALSH TRAILS SEC 1, BLOCK B, Lot 35","R235607D"," ","S9327 - WALSH TRAILS SEC 1","Real","$544,261","$544,261"
"R484410","R-16-5755-000B-0036","SHANNON, JAMES M & NICOLE M ZAPATA-SHANNON","4500 WICKLOW MOUNTAIN TRL  CEDAR PARK, TX 78613","4500 WICKLOW MOUNTAIN TRL, CEDAR PARK, TX  78613","S9327 - WALSH TRAILS SEC 1, BLOCK B, Lot 36","R235607D"," ","S9327 - WALSH TRAILS SEC 1","Real","$629,516","$629,516"
"R484411","R-16-5755-000B-0037","BILLE JEAN LEIN TR BILLE JEAN LEIN TRUST","900 WALSH HILL TRL  CEDAR PARK, TX 78613-4845","900 WALSH HILL TRL, CEDAR PARK, TX  78613","S9327 - WALSH TRAILS SEC 1, BLOCK B, Lot 37","R235607D"," ","S9327 - WALSH TRAILS SEC 1","Real","$682,450","$682,450"
"R484412","R-16-5755-000B-0038","LISA THOMAS & VICSON VICTOR OF LISA THOMAS & VICSON VICTOR LIVING TRUST","902 WALSH HILL TRL  CEDAR PARK, TX 78613-4845","902 WALSH HILL TRL, CEDAR PARK, TX  78613","S9327 - WALSH TRAILS SEC 1, BLOCK B, Lot 38","R235607D"," ","S9327 - WALSH TRAILS SEC 1","Real","$740,959","$740,959"
"R484413","R-16-5755-000B-0039","SAWYER, RODNEY G & KAREN J CHRISTENSEN","904 WALSH HILL TRL  CEDAR PARK, TX 78613","904 WALSH HILL TRL, CEDAR PARK, TX  78613","S9327 - WALSH TRAILS SEC 1, BLOCK B, Lot 39","R235607D"," ","S9327 - WALSH TRAILS SEC 1","Real","$789,787","$789,787"
"R484414","R-16-5755-000B-0040","DISANO, ROY & CLAIRE","1000 WALSH HILL TRL CEDAR PARK, TX 78613-4839","1000 WALSH HILL TRL, CEDAR PARK, TX  78613","S9327 - WALSH TRAILS SEC 1, BLOCK B, Lot 40","R235607D"," ","S9327 - WALSH TRAILS SEC 1","Real","$635,462","$635,462"
"R484415","R-16-5755-000B-0041","MEHTA, CHIRAG J & NIKITA S","1002 WALSH HILL TRL  CEDAR PARK, TX 78613","1002 WALSH HILL TRL, CEDAR PARK, TX  78613","S9327 - WALSH TRAILS SEC 1, BLOCK B, Lot 41","R235607D"," ","S9327 - WALSH TRAILS SEC 1","Real","$734,903","$734,903"
"R484416","R-16-5755-000B-0042","ZHANG, CHEN & XIN KANG","1004 WALSH HILL TRL  CEDAR PARK, TX 78613","1004 WALSH HILL TRL, CEDAR PARK, TX  78613","S9327 - WALSH TRAILS SEC 1, BLOCK B, Lot 42","R235607D"," ","S9327 - WALSH TRAILS SEC 1","Real","$594,559","$594,559"
"R484417","R-16-5755-000B-0043","BHAT, SUTEEKSHAN & TRUPTI SHASHIKANT RAUT","1006 WALSH HILL TRL  CEDAR PARK, TX 78613-4839","1006 WALSH HILL TRL, CEDAR PARK, TX  78613","S9327 - WALSH TRAILS SEC 1, BLOCK B, Lot 43","R235607D"," ","S9327 - WALSH TRAILS SEC 1","Real","$752,535","$752,535"
"R484418","R-16-5755-000B-0044","HONG, SUN JU","1008 WALSH HILL TRL  CEDAR PARK, TX 78613","1008 WALSH HILL TRL, CEDAR PARK, TX  78613","S9327 - WALSH TRAILS SEC 1, BLOCK B, Lot 44","R235607D"," ","S9327 - WALSH TRAILS SEC 1","Real","$772,517","$772,517"
"R484419","R-16-5755-000B-0045","JOHN, ABRAHAM & SHEENA","1010 WALSH HILL TRL  CEDAR PARK, TX 78613","1010 WALSH HILL TRL, CEDAR PARK, TX  78613","S9327 - WALSH TRAILS SEC 1, BLOCK B, Lot 45","R235607D"," ","S9327 - WALSH TRAILS SEC 1","Real","$786,351","$786,351"
"R484420","R-16-5755-000B-0046","PARKER, THOMAS & SONIA","1012 WALSH HILL TRL  CEDAR PARK, TX 78613","1012 WALSH HILL TRL, CEDAR PARK, TX  78613","S9327 - WALSH TRAILS SEC 1, BLOCK B, Lot 46","R235607D"," ","S9327 - WALSH TRAILS SEC 1","Real","$671,747","$671,747"
"R484421","R-16-5755-000B-0047","FARNSWORTH, ROBERT STANLEY II & EMILY REBECCA","4513 THREE ARROWS CT  CEDAR PARK, TX 78613","4513 THREE ARROWS CT, CEDAR PARK, TX  78613","S9327 - WALSH TRAILS SEC 1, BLOCK B, Lot 47","R235607D"," ","S9327 - WALSH TRAILS SEC 1","Real","$722,720","$722,720"
"R484422","R-16-5755-000B-0048","RAMAMURTHY, DEEPAK & DEEPTHI SHIVASWAMY","4515 THREE ARROWS CT  CEDAR PARK, TX 78613","4515 THREE ARROWS CT, CEDAR PARK, TX  78613","S9327 - WALSH TRAILS SEC 1, BLOCK B, Lot 48","R235607D"," ","S9327 - WALSH TRAILS SEC 1","Real","$753,284","$753,284"
"R484423","R-16-5755-000B-0049","NANDURU, SRINIVAS & GEETHA M KALAVALAPALLI","4517 THREE ARROWS CT  CEDAR PARK, TX 78613","4517 THREE ARROWS CT, CEDAR PARK, TX  78613","S9327 - WALSH TRAILS SEC 1, BLOCK B, Lot 49","R235607D"," ","S9327 - WALSH TRAILS SEC 1","Real","$812,014","$812,014"
"R484424","R-16-5755-000B-0050","DOLAN, MICHAEL P & LORI A","4519 THREE ARROWS CT CEDAR PARK, TX 78613-4838","4519 THREE ARROWS CT, CEDAR PARK, TX  78613","S9327 - WALSH TRAILS SEC 1, BLOCK B, Lot 50","R235607D"," ","S9327 - WALSH TRAILS SEC 1","Real","$770,210","$770,210"
"R484425","R-16-5755-000B-0051","DUENES, ARISTEO SANTANA & MAELEE B","4521 THREE ARROWS CT  CEDAR PARK, TX 78613","4521 THREE ARROWS CT, CEDAR PARK, TX  78613","S9327 - WALSH TRAILS SEC 1, BLOCK B, Lot 51","R235607D"," ","S9327 - WALSH TRAILS SEC 1","Real","$679,612","$679,612"
"R484426","R-16-5755-000B-0052","MOORE, JIMMY & VANESSA","4523 THREE ARROWS CT  CEDAR PARK, TX 78613","4523 THREE ARROWS CT, CEDAR PARK, TX  78613","S9327 - WALSH TRAILS SEC 1, BLOCK B, Lot 52","R235607D"," ","S9327 - WALSH TRAILS SEC 1","Real","$777,794","$777,794"
"R484427","R-16-5755-000B-0053","LINYUN HE & RUNXIN HE TRS RHLH FAMILY REVOCABLE TRUST","4525 THREE ARROWS CT  CEDAR PARK, TX 78613-4838","4525 THREE ARROWS CT, CEDAR PARK, TX  78613","S9327 - WALSH TRAILS SEC 1, BLOCK B, Lot 53","R235607D"," ","S9327 - WALSH TRAILS SEC 1","Real","$810,003","$810,003"
"R484428","R-16-5755-000B-0054","MOORE, ANNA D & KEVIN M","4527 THREE ARROWS CT  CEDAR PARK, TX 78613","4527 THREE ARROWS CT, CEDAR PARK, TX  78613","S9327 - WALSH TRAILS SEC 1, BLOCK B, Lot 54","R235607D"," ","S9327 - WALSH TRAILS SEC 1","Real","$751,985","$751,985"
"R484429","R-16-5755-000B-0055","CAMPBELL, ERIC B & LISA L","4529 THREE ARROWS CT  CEDAR PARK, TX 78613","4529 THREE ARROWS CT, CEDAR PARK, TX  78613","S9327 - WALSH TRAILS SEC 1, BLOCK B, Lot 55","R235607D"," ","S9327 - WALSH TRAILS SEC 1","Real","$878,838","$878,838"
"R484430","R-16-5755-000B-0056","MARTIN, ERIC S & SHANDRA R","4528 THREE ARROWS CT  CEDAR PARK, TX 78613","4528 THREE ARROWS CT, CEDAR PARK, TX  78613","S9327 - WALSH TRAILS SEC 1, BLOCK B, Lot 56","R235607D"," ","S9327 - WALSH TRAILS SEC 1","Real","$794,503","$794,503"
"R484431","R-16-5755-000B-0057","CRUZ, KARI LEIGH & CARLOS DAMON CRUZ","4526 THREE ARROWS CT CEDAR PARK, TX 78613-4838","4526 THREE ARROWS CT, CEDAR PARK, TX  78613","S9327 - WALSH TRAILS SEC 1, BLOCK B, Lot 57","R235607D"," ","S9327 - WALSH TRAILS SEC 1","Real","$784,079","$784,079"
"R484432","R-16-5755-000B-0058","WANG, YUN & XIAOQI LIU","4524 THREE ARROWS CT  CEDAR PARK, TX 78613","4524 THREE ARROWS CT, CEDAR PARK, TX  78613","S9327 - WALSH TRAILS SEC 1, BLOCK B, Lot 58","R235607D"," ","S9327 - WALSH TRAILS SEC 1","Real","$780,358","$780,358"
"R484433","R-16-5755-000B-0059","ZHANG, JING & JUN LI","9263 SCENIC BLUFF DR AUSTIN, TX 78733-6022","4522 THREE ARROWS CT, CEDAR PARK, TX  78613","S9327 - WALSH TRAILS SEC 1, BLOCK B, Lot 59","R235607D"," ","S9327 - WALSH TRAILS SEC 1","Real","$705,000","$705,000"
"R484434","R-16-5755-000B-0060","CARTER COONS TR OF THE THREE ARROWS TRUST","4520 THREE ARROWS CT  CEDAR PARK, TX 78613","4520 THREE ARROWS CT, CEDAR PARK, TX  78613","S9327 - WALSH TRAILS SEC 1, BLOCK B, Lot 60","R235607D"," ","S9327 - WALSH TRAILS SEC 1","Real","$803,431","$803,431"
"R484435","R-16-5755-000B-0061","SAYANI, CHAKRAVARTHY V & ASHA","4518 THREE ARROWS CT  CEDAR PARK, TX 78613","4518 THREE ARROWS CT, CEDAR PARK, TX  78613","S9327 - WALSH TRAILS SEC 1, BLOCK B, Lot 61","R235607D"," ","S9327 - WALSH TRAILS SEC 1","Real","$683,681","$683,681"
"R484436","R-16-5755-000B-0062","RINN, REED H & DONNA C","4516 THREE ARROWS CT CEDAR PARK, TX 78613-4838","4516 THREE ARROWS CT, CEDAR PARK, TX  78613","S9327 - WALSH TRAILS SEC 1, BLOCK B, Lot 62","R235607D"," ","S9327 - WALSH TRAILS SEC 1","Real","$587,325","$587,325"
"R484437","R-16-5755-000B-0063","BEAUBOUEF, RICHARD ALLEN","4514 THREE ARROWS CT  CEDAR PARK, TX 78613-4838","4514 THREE ARROWS CT, CEDAR PARK, TX  78613","S9327 - WALSH TRAILS SEC 1, BLOCK B, Lot 63","R235607D"," ","S9327 - WALSH TRAILS SEC 1","Real","$739,362","$739,362"
"R484438","R-16-5755-000B-0064","RAMACHANDRAN, RAKESH (TOD) & RITU RAJMOHAN NAIR (TOD)","4512 THREE ARROWS CT  CEDAR PARK, TX 78613-4838","4512 THREE ARROWS CT, CEDAR PARK, TX  78613","S9327 - WALSH TRAILS SEC 1, BLOCK B, Lot 64","R235607D"," ","S9327 - WALSH TRAILS SEC 1","Real","$712,179","$712,179"
"R484439","R-16-5755-000B-0065","GOMEZ, CONSTANCIO H & KARINA A PARTID","4510 THREE ARROWS CT  CEDAR PARK, TX 78613-4838","4510 THREE ARROWS CT, CEDAR PARK, TX  78613","S9327 - WALSH TRAILS SEC 1, BLOCK B, Lot 65","R235607D"," ","S9327 - WALSH TRAILS SEC 1","Real","$664,430","$664,430"
"R484440","R-16-5755-000B-0066","ZHANG, JIAYU & PENGYU XIE","4508 THREE ARROWS CT  CEDAR PARK, TX 78613-4838","4508 THREE ARROWS CT, CEDAR PARK, TX  78613","S9327 - WALSH TRAILS SEC 1, BLOCK B, Lot 66","R235607D"," ","S9327 - WALSH TRAILS SEC 1","Real","$720,290","$720,290"
"R484441","R-16-5755-000B-0067","VAJJHALA, RAMKUMAR & SIRISHA BHAMIDIPATI","2452 CAPESTRANO CIR ROUND ROCK, TX 78665-2262","4506 THREE ARROWS CT, CEDAR PARK, TX  78613","S9327 - WALSH TRAILS SEC 1, BLOCK B, Lot 67","R235607D"," ","S9327 - WALSH TRAILS SEC 1","Real","$697,937","$697,937"
"R484442","R-16-5755-000B-0068","MUJAHID MASOOD & ANJUM GHOUSE CO-TRS OF THE MMAG FAMILY REVOCABLE TRUST","4504 THREE ARROWS CT  CEDAR PARK, TX 78613-4838","4504 THREE ARROWS CT, CEDAR PARK, TX  78613","S9327 - WALSH TRAILS SEC 1, BLOCK B, Lot 68","R235607D"," ","S9327 - WALSH TRAILS SEC 1","Real","$853,706","$853,706"
"R484443","R-16-5755-000B-0069","JAMBHORKAR, BHAKTI B & PRAMIL K SINGH","4502 THREE ARROWS CT  CEDAR PARK, TX 78613","4502 THREE ARROWS CT, CEDAR PARK, TX  78613","S9327 - WALSH TRAILS SEC 1, BLOCK B, Lot 69","R235607D"," ","S9327 - WALSH TRAILS SEC 1","Real","$789,493","$789,493"
"R484444","R-16-5755-000B-0070","BRISCOE, BRYAN J & CARLEN D","4500 THREE ARROWS CT  CEDAR PARK, TX 78613-4838","4500 THREE ARROWS CT, CEDAR PARK, TX  78613","S9327 - WALSH TRAILS SEC 1, BLOCK B, Lot 70","R235607D"," ","S9327 - WALSH TRAILS SEC 1","Real","$717,221","$717,221"
"R484445","R-16-5755-000B-0071","WALSH TRAILS ASSOCIATION OF HOMEOWNERS INC","C/O GOODWIN MANAGEMENT, INC P.O. BOX 203310 AUSTIN, TX 78720-3310","1110 WALSH HILL TRL, CEDAR PARK, TX  78613","S9327 - WALSH TRAILS SEC 1, BLOCK B, Lot 71, ACRES 2.05, (RETENTION POND)","R235607D"," ","S9327 - WALSH TRAILS SEC 1","Real","$615","$615"
"R484446","R-16-5755-000B-0072","CITY OF CEDAR PARK","450 CYPRESS CREEK  #BLDG 1 CEDAR PARK, TX 78613","806 WALSH HILL TRL, CEDAR PARK, TX  78613","S9327 - WALSH TRAILS SEC 1, BLOCK B, Lot 72, ACRES 0.783, (PARKLAND)","R235607D"," ","S9327 - WALSH TRAILS SEC 1","Real","$300","$300"
"R484447","R-16-5755-000B-0073","WALSH TRAILS ASSOCIATION OF HOMEOWNERS INC","C/O GOODWIN MANAGEMENT, INC P.O. BOX 203310 AUSTIN, TX 78720-3310","4001 BRUSHY CREEK RD, CEDAR PARK, TX  78613","S9327 - WALSH TRAILS SEC 1, BLOCK B, Lot 73, ACRES 0.11, (LANDSCAPE)","R235607D"," ","S9327 - WALSH TRAILS SEC 1","Real","$300","$300"
"R484448","R-16-5755-000D-0001","KIM, WAN GEUN & SO YEON KANG","4501 WICKLOW MOUNTAIN TRL  CEDAR PARK, TX 78613","4501 WICKLOW MOUNTAIN TRL, CEDAR PARK, TX  78613","S9327 - WALSH TRAILS SEC 1, BLOCK D, Lot 1","R235607D"," ","S9327 - WALSH TRAILS SEC 1","Real","$663,902","$663,902"
"R484449","R-16-5755-000D-0002","BRUCE CLARK ARTHUR & LYNN CHERI TRUSTEES OF JOINT LIVING TRUST","4503 WICKLOW MOUNTAIN TRL  CEDAR PARK, TX 78613","4503 WICKLOW MOUNTAIN TRL, CEDAR PARK, TX  78613","S9327 - WALSH TRAILS SEC 1, BLOCK D, Lot 2","R235607D"," ","S9327 - WALSH TRAILS SEC 1","Real","$591,307","$591,307"
"R484450","R-16-5755-000D-0003","FORTANELY EUGENIO & FORTANELY FRANCES ANNE TRUSTEES OF THE FORTANELY LIVING TRUS","4505 WICKLOW MOUNTAIN TRL  CEDAR PARK, TX 78613","4505 WICKLOW MOUNTAIN TRL, CEDAR PARK, TX  78613","S9327 - WALSH TRAILS SEC 1, BLOCK D, Lot 3","R235607D"," ","S9327 - WALSH TRAILS SEC 1","Real","$592,523","$592,523"
"R484451","R-16-5755-000D-0022","KUMAR, PRANAV & SHILPI CHOWBEY","700 WALSH HILL TRL  CEDAR PARK, TX 78613-4855","700 WALSH HILL TRL, CEDAR PARK, TX  78613","S9327 - WALSH TRAILS SEC 1, BLOCK D, Lot 22","R235607D"," ","S9327 - WALSH TRAILS SEC 1","Real","$548,362","$548,362"
"R484452","R-16-5755-000D-0023","HUANG, SHILING (TOD)","10505 ROY BUTLER DR  AUSTIN, TX 78717-3905","702 WALSH HILL TRL, CEDAR PARK, TX  78613","S9327 - WALSH TRAILS SEC 1, BLOCK D, Lot 23","R235607D"," ","S9327 - WALSH TRAILS SEC 1","Real","$696,642","$696,642"
"R484453","R-16-5755-000D-0024","MADHAVARAPU, VENKATESHWAR R & HARITHA PAPANNAGARI","704 WALSH HILL TRL  CEDAR PARK, TX 78613","704 WALSH HILL TRL, CEDAR PARK, TX  78613","S9327 - WALSH TRAILS SEC 1, BLOCK D, Lot 24","R235607D"," ","S9327 - WALSH TRAILS SEC 1","Real","$702,631","$702,631"
"R484454","R-16-5755-000D-0025","ARATA, MARTIN & BEATRIZ ARIAS-GODINEZ","706 WALSH HILL TRL  CEDAR PARK, TX 78613","706 WALSH HILL TRL, CEDAR PARK, TX  78613","S9327 - WALSH TRAILS SEC 1, BLOCK D, Lot 25","R235607D"," ","S9327 - WALSH TRAILS SEC 1","Real","$565,287","$565,287"
"R484455","R-16-5755-000D-0026","BEAVERS, JARED D & KRISTIE G","708 WALSH HILL TRL  CEDAR PARK, TX 78613","708 WALSH HILL TRL, CEDAR PARK, TX  78613","S9327 - WALSH TRAILS SEC 1, BLOCK D, Lot 26","R235607D"," ","S9327 - WALSH TRAILS SEC 1","Real","$545,385","$545,385"
"R484456","R-16-5755-000D-0027","DORAISWAMY, NARAYANAN","710 WALSH HILL TRL  CEDAR PARK, TX 78613","710 WALSH HILL TRL, CEDAR PARK, TX  78613","S9327 - WALSH TRAILS SEC 1, BLOCK D, Lot 27","R235607D"," ","S9327 - WALSH TRAILS SEC 1","Real","$539,203","$539,203"
"R484457","R-16-5755-000D-0028","DOBSON, KASH RANDOLPH","712 WALSH HILL TRL  CEDAR PARK, TX 78613","712 WALSH HILL TRL, CEDAR PARK, TX  78613","S9327 - WALSH TRAILS SEC 1, BLOCK D, Lot 28","R235607D"," ","S9327 - WALSH TRAILS SEC 1","Real","$541,652","$541,652"
"R484458","R-16-5755-000D-0029","LOBATO, MARIO EDUARDO CERATTI","714 WALSH HILL TRL  CEDAR PARK, TX 78613","714 WALSH HILL TRL, CEDAR PARK, TX  78613","S9327 - WALSH TRAILS SEC 1, BLOCK D, Lot 29","R235607D"," ","S9327 - WALSH TRAILS SEC 1","Real","$734,508","$734,508"
"R484459","R-16-5755-000D-0030","CAI, SHENGYONG & SAN ZENG","716 WALSH HILL TRL  CEDAR PARK, TX 78613","716 WALSH HILL TRL, CEDAR PARK, TX  78613","S9327 - WALSH TRAILS SEC 1, BLOCK D, Lot 30","R235607D"," ","S9327 - WALSH TRAILS SEC 1","Real","$656,458","$656,458"
"R484460","R-16-5755-000D-0031","GUI, ZHIJUN & JIANGFAN WANG","718 WALSH HILL TRL  CEDAR PARK, TX 78613-4855","718 WALSH HILL TRL, CEDAR PARK, TX  78613","S9327 - WALSH TRAILS SEC 1, BLOCK D, Lot 31","R235607D"," ","S9327 - WALSH TRAILS SEC 1","Real","$624,762","$624,762"
"R484461","R-16-5755-000E-0001","MANDROLI, SAMPATRAJ SHANKAR & ASHWINI BONGALE","1105 WALSH HILL TRL  CEDAR PARK, TX 78613-4840","1105 WALSH HILL TRL, CEDAR PARK, TX  78613","S9327 - WALSH TRAILS SEC 1, BLOCK E, Lot 1","R235607D"," ","S9327 - WALSH TRAILS SEC 1","Real","$773,059","$773,059"
"R484462","R-16-5755-000E-0002","MCGETTRICK, RAYMOND","1103 WALSH HILL TRL  CEDAR PARK, TX 78613","1103 WALSH HILL TRL, CEDAR PARK, TX  78613","S9327 - WALSH TRAILS SEC 1, BLOCK E, Lot 2","R235607D"," ","S9327 - WALSH TRAILS SEC 1","Real","$587,803","$587,803"
"R484463","R-16-5755-000E-0003","RANGINENI, KRISHNA KUMAR","1101 WALSH HILL TRL  CEDAR PARK, TX 78613","1101 WALSH HILL TRL, CEDAR PARK, TX  78613","S9327 - WALSH TRAILS SEC 1, BLOCK E, Lot 3","R235607D"," ","S9327 - WALSH TRAILS SEC 1","Real","$655,477","$655,477"
"R484464","R-16-5755-000E-0004","PAL, SUNIL KUMAR & ANKITA SARKAR","5317 CHRISTINA CT AUSTIN, TX 78723-4419","1015 WALSH HILL TRL, CEDAR PARK, TX  78613","S9327 - WALSH TRAILS SEC 1, BLOCK E, Lot 4","R235607D"," ","S9327 - WALSH TRAILS SEC 1","Real","$668,104","$668,104"
"R484465","R-16-5755-000E-0005","SHANBHOGUE, VINAYAK H (TOD) & JYOTHI K PRABHU (TOD)","1013 WALSH HILL TRL  CEDAR PARK, TX 78613","1013 WALSH HILL TRL, CEDAR PARK, TX  78613","S9327 - WALSH TRAILS SEC 1, BLOCK E, Lot 5","R235607D"," ","S9327 - WALSH TRAILS SEC 1","Real","$771,870","$771,870"
"R484466","R-16-5755-000E-0006","SAKE, NISHITA & MAHESH SAKE","1011 WALSH HILL TRL  CEDAR PARK, TX 78613","1011 WALSH HILL TRL, CEDAR PARK, TX  78613","S9327 - WALSH TRAILS SEC 1, BLOCK E, Lot 6","R235607D"," ","S9327 - WALSH TRAILS SEC 1","Real","$764,126","$764,126"
"R484467","R-16-5755-000E-0007","SEELAM, SRUTHIMA R","1009 WALSH HILL TRL  CEDAR PARK, TX 78613","1009 WALSH HILL TRL, CEDAR PARK, TX  78613","S9327 - WALSH TRAILS SEC 1, BLOCK E, Lot 7","R235607D"," ","S9327 - WALSH TRAILS SEC 1","Real","$817,577","$817,577"
"R484468","R-16-5755-000E-0008","KARANGULA, UMAMAHESH","1007 WALSH HILL TRL  CEDAR PARK, TX 78613","1007 WALSH HILL TRL, CEDAR PARK, TX  78613","S9327 - WALSH TRAILS SEC 1, BLOCK E, Lot 8","R235607D"," ","S9327 - WALSH TRAILS SEC 1","Real","$712,628","$712,628"
"R484469","R-16-5755-000E-0009","KAPPERA, RAJA REDDY & RAMA","1005 WALSH HILL TRL  CEDAR PARK, TX 78613","1005 WALSH HILL TRL, CEDAR PARK, TX  78613","S9327 - WALSH TRAILS SEC 1, BLOCK E, Lot 9","R235607D"," ","S9327 - WALSH TRAILS SEC 1","Real","$797,808","$797,808"
"R484470","R-16-5755-000E-0010","NAGARAJA, VASUKI & NANDINI B","1003 WALSH  HILL TRL  CEDAR PARK, TX 78613","1003 WALSH HILL TRL, CEDAR PARK, TX  78613","S9327 - WALSH TRAILS SEC 1, BLOCK E, Lot 10","R235607D"," ","S9327 - WALSH TRAILS SEC 1","Real","$739,368","$739,368"
"R484471","R-16-5755-000E-0011","NAINENI, MALAHAL RAO & PRAVEENA ERRABELLI","521 WALSH HILL TRL  CEDAR PARK, TX 78613-4923","1001 WALSH HILL TRL, CEDAR PARK, TX  78613","S9327 - WALSH TRAILS SEC 1, BLOCK E, Lot 11","R235607D"," ","S9327 - WALSH TRAILS SEC 1","Real","$658,745","$658,745"
"R484472","R-16-5755-000F-0001","PHAM, KHANHHUNG HOANG & THANH TRAM NGO","4410 SPANISH GOLD LN  CEDAR PARK, TX 78613","4410 SPANISH GOLD LN, CEDAR PARK, TX  78613","S9327 - WALSH TRAILS SEC 1, BLOCK F, Lot 1","R235607D"," ","S9327 - WALSH TRAILS SEC 1","Real","$611,056","$611,056"
"R484473","R-16-5755-000F-0002","NGUYEN, DON HOANG & HANH VO NGUYEN","4408 SPANISH GOLD LN  CEDAR PARK, TX 78613","4408 SPANISH GOLD LN, CEDAR PARK, TX  78613","S9327 - WALSH TRAILS SEC 1, BLOCK F, Lot 2","R235607D"," ","S9327 - WALSH TRAILS SEC 1","Real","$715,911","$715,911"
"R484474","R-16-5755-000F-0021","WALSH TRAILS ASSOCIATION OF HOMEOWNERS INC","C/O GOODWIN MANAGEMENT, INC P.O. BOX 203310 AUSTIN, TX 78720-3310","BRUSHY CREEK RD, CEDAR PARK, TX  78613","S9327 - WALSH TRAILS SEC 1, BLOCK F, Lot 21, ACRES 0.124, (LANDSCAPE)","R235607D"," ","S9327 - WALSH TRAILS SEC 1","Real","$300","$300"
"R484475","R-16-5755-000G-0001","CHAN, JASON YAP & HINA AHMAD","905 WALSH HILL TRL  CEDAR PARK, TX 78613-4845","905 WALSH HILL TRL, CEDAR PARK, TX  78613","S9327 - WALSH TRAILS SEC 1, BLOCK G, Lot 1","R235607D"," ","S9327 - WALSH TRAILS SEC 1","Real","$911,976","$911,976"
"R484476","R-16-5755-000G-0002","GUNTNER, NANCY BARBOSA & KURT DAMON","903 WALSH HILL TRL  CEDAR PARK, TX 78613","903 WALSH HILL TRL, CEDAR PARK, TX  78613","S9327 - WALSH TRAILS SEC 1, BLOCK G, Lot 2","R235607D"," ","S9327 - WALSH TRAILS SEC 1","Real","$655,531","$655,531"
"R484477","R-16-5755-000G-0003","JULIAN, GARY DON (TOD)","901 WALSH HILL TRL  CEDAR PARK, TX 78613-4845","901 WALSH HILL TRL, CEDAR PARK, TX  78613","S9327 - WALSH TRAILS SEC 1, BLOCK G, Lot 3","R235607D"," ","S9327 - WALSH TRAILS SEC 1","Real","$612,458","$612,458"
"R484478","R-16-5755-000G-0004","SHARMA, RAGHAV","805 WALSH HILL TRL  CEDAR PARK, TX 78613-4852","805 WALSH HILL TRL, CEDAR PARK, TX  78613","S9327 - WALSH TRAILS SEC 1, BLOCK G, Lot 4","R235607D"," ","S9327 - WALSH TRAILS SEC 1","Real","$791,998","$791,998"
"R484479","R-16-5755-000G-0005","KUMARASWAMI, RAMESH & PARVATHY KALYANI DHULIPALLA","803 WALSH HILL TRL  CEDAR PARK, TX 78613","803 WALSH HILL TRL, CEDAR PARK, TX  78613","S9327 - WALSH TRAILS SEC 1, BLOCK G, Lot 5","R235607D"," ","S9327 - WALSH TRAILS SEC 1","Real","$684,539","$684,539"
"R484480","R-16-5755-000G-0006","BACHUWALA, VENUKUMAR & ROOPMATHI","801 WALSH HILL TRL  CEDAR PARK, TX 78613","801 WALSH HILL TRL, CEDAR PARK, TX  78613","S9327 - WALSH TRAILS SEC 1, BLOCK G, Lot 6","R235607D"," ","S9327 - WALSH TRAILS SEC 1","Real","$729,987","$729,987"
"R484481","R-16-5755-000G-0007","MILLER, MARY RAMONA","3861 FOX TROT TRL BULVERDE, TX 78163-2348","800 WILLIAMS WAY, CEDAR PARK, TX  78613","S9327 - WALSH TRAILS SEC 1, BLOCK G, Lot 7","R235607D"," ","S9327 - WALSH TRAILS SEC 1","Real","$542,496","$542,496"
"R484482","R-16-5755-000G-0008","YANG & PENG LI, QIAN","802 WILLIAMS WAY  CEDAR PARK, TX 78613","802 WILLIAMS WAY, CEDAR PARK, TX  78613","S9327 - WALSH TRAILS SEC 1, BLOCK G, Lot 8","R235607D"," ","S9327 - WALSH TRAILS SEC 1","Real","$656,749","$656,749"
"R484483","R-16-5755-000G-0014","CITY OF CEDAR PARK","450 CYPRESS CREEK  #BLDG 1 CEDAR PARK, TX 78613","807 WALSH HILL TRL, CEDAR PARK, TX  78613","S9327 - WALSH TRAILS SEC 1, BLOCK G, Lot 14, ACRES 0.275, (PARKLAND)","R235607D"," ","S9327 - WALSH TRAILS SEC 1","Real","$300","$300"
"R484484","R-16-5755-000H-0001","HAN, ZHE & TIANRAN SHI","719 WALSH HILL TRL CEDAR PARK, TX 78613-4855","719 WALSH HILL TRL, CEDAR PARK, TX  78613","S9327 - WALSH TRAILS SEC 1, BLOCK H, Lot 1","R235607D"," ","S9327 - WALSH TRAILS SEC 1","Real","$623,489","$623,489"
"R484485","R-16-5755-000H-0002","DOMMARAJU, RAMLOK","717 WALSH HILL TRL  CEDAR PARK, TX 78613","717 WALSH HILL TRL, CEDAR PARK, TX  78613","S9327 - WALSH TRAILS SEC 1, BLOCK H, Lot 2","R235607D"," ","S9327 - WALSH TRAILS SEC 1","Real","$717,373","$717,373"
"R484486","R-16-5755-000H-0003","SAID, RAAFAT H","715 WALSH HILL TRL  CEDAR PARK, TX 78613","715 WALSH HILL TRL, CEDAR PARK, TX  78613","S9327 - WALSH TRAILS SEC 1, BLOCK H, Lot 3","R235607D"," ","S9327 - WALSH TRAILS SEC 1","Real","$598,829","$598,829"
"R484487","R-16-5755-000H-0004","SANIL RAVEENDRAN & SEEMA SARASWATHY REVOCABLE TRUST","713 WALSH HILL TRL  CEDAR PARK, TX 78613-4855","713 WALSH HILL TRL, CEDAR PARK, TX  78613","S9327 - WALSH TRAILS SEC 1, BLOCK H, Lot 4","R235607D"," ","S9327 - WALSH TRAILS SEC 1","Real","$625,418","$625,418"
"R484488","R-16-5755-000H-0005","SMITH, LYDIA & SCOTT KNOBLE","711 WALSH HILL TRL  CEDAR PARK, TX 78613","711 WALSH HILL TRL, CEDAR PARK, TX  78613","S9327 - WALSH TRAILS SEC 1, BLOCK H, Lot 5","R235607D"," ","S9327 - WALSH TRAILS SEC 1","Real","$681,531","$681,531"
"R484489","R-16-5755-000H-0006","TELLABATI, VENKATA SYAM SUNDAR","13247 JUILLIARD ST FRISCO, TX 75035-1429","709 WALSH HILL TRL, CEDAR PARK, TX  78613","S9327 - WALSH TRAILS SEC 1, BLOCK H, Lot 6","R235607D"," ","S9327 - WALSH TRAILS SEC 1","Real","$728,763","$728,763"
"R484490","R-16-5755-000H-0007","PENG, XIN & DAVID PATRICK HICKEY","707 WALSH HILL TRL  CEDAR PARK, TX 78613-4855","707 WALSH HILL TRL, CEDAR PARK, TX  78613","S9327 - WALSH TRAILS SEC 1, BLOCK H, Lot 7","R235607D"," ","S9327 - WALSH TRAILS SEC 1","Real","$737,428","$737,428"
"R484491","R-16-5755-000H-0008","FENG, DANIEL & WENDY XIE","7109 BAREFOOT CV AUSTIN, TX 78730-1524","705 WALSH HILL TRL, CEDAR PARK, TX  78613","S9327 - WALSH TRAILS SEC 1, BLOCK H, Lot 8","R235607D"," ","S9327 - WALSH TRAILS SEC 1","Real","$701,761","$701,761"
"R484492","R-16-5755-000H-0009","BARLAS, HAROON SAGHIR","703 WALSH HILL TRL  CEDAR PARK, TX 78613","703 WALSH HILL TRL, CEDAR PARK, TX  78613","S9327 - WALSH TRAILS SEC 1, BLOCK H, Lot 9","R235607D"," ","S9327 - WALSH TRAILS SEC 1","Real","$713,019","$713,019"
"R484493","R-16-5755-000H-0010","BILBRAY, ALLY & TALLULAH RACHEL BRESLIN","701 WALSH HILL TRL  CEDAR PARK, TX 78613","701 WALSH HILL TRL, CEDAR PARK, TX  78613","S9327 - WALSH TRAILS SEC 1, BLOCK H, Lot 10","R235607D"," ","S9327 - WALSH TRAILS SEC 1","Real","$689,880","$689,880"
"R484494","R-16-5755-000H-0011","XU, HENGYI & TIANPEI HE","700 WILLIAMS WAY  CEDAR PARK, TX 78613","700 WILLIAMS WAY, CEDAR PARK, TX  78613","S9327 - WALSH TRAILS SEC 1, BLOCK H, Lot 11","R235607D"," ","S9327 - WALSH TRAILS SEC 1","Real","$520,193","$520,193"
"R484495","R-16-5755-000H-0012","BLANK, MICHELE","702 WILLIAMS WAY  CEDAR PARK, TX 78613-4848","702 WILLIAMS WAY, CEDAR PARK, TX  78613","S9327 - WALSH TRAILS SEC 1, BLOCK H, Lot 12","R235607D"," ","S9327 - WALSH TRAILS SEC 1","Real","$659,900","$659,900"
"R484496","R-16-5755-000H-0013","HO, CHUN-TA","704 WILLIAMS WAY  CEDAR PARK, TX 78613","704 WILLIAMS WAY, CEDAR PARK, TX  78613","S9327 - WALSH TRAILS SEC 1, BLOCK H, Lot 13","R235607D"," ","S9327 - WALSH TRAILS SEC 1","Real","$638,605","$638,605"
"R484497","R-16-5755-000H-0014","HUTCHINSON, JONATHAN & BOBBI","706 WILLIAMS WAY  CEDAR PARK, TX 78613","706 WILLIAMS WAY, CEDAR PARK, TX  78613","S9327 - WALSH TRAILS SEC 1, BLOCK H, Lot 14","R235607D"," ","S9327 - WALSH TRAILS SEC 1","Real","$663,748","$663,748"
"R484498","R-16-5755-000H-0015","SEKHAR S GORAJALA CHANDRA & GEETHA GADIPUURI TR GORAJALA FAMILY REV TRUST","227 EMORY TER  FREMONT, CA 94539","708 WILLIAMS WAY, CEDAR PARK, TX  78613","S9327 - WALSH TRAILS SEC 1, BLOCK H, Lot 15","R235607D"," ","S9327 - WALSH TRAILS SEC 1","Real","$685,381","$685,381"
"R484499","R-16-5755-000H-0016","THATCHNAMOORTHY, PRABHAKARAN & RAMYA GUNASEKARAN","710 WILLIAMS WAY  CEDAR PARK, TX 78613","710 WILLIAMS WAY, CEDAR PARK, TX  78613","S9327 - WALSH TRAILS SEC 1, BLOCK H, Lot 16","R235607D"," ","S9327 - WALSH TRAILS SEC 1","Real","$547,677","$547,677"
"R484500","R-16-5755-000H-0017","LEE, CHEOL WOO","712 WILLIAMS WAY  CEDAR PARK, TX 78613-4848","712 WILLIAMS WAY, CEDAR PARK, TX  78613","S9327 - WALSH TRAILS SEC 1, BLOCK H, Lot 17","R235607D"," ","S9327 - WALSH TRAILS SEC 1","Real","$709,367","$709,367"
"R484501","R-16-5755-000H-0018","SULLIVAN, JOHN B & CHRISTINA R","714 WILLIAMS WAY  CEDAR PARK, TX 78613-4848","714 WILLIAMS WAY, CEDAR PARK, TX  78613","S9327 - WALSH TRAILS SEC 1, BLOCK H, Lot 18","R235607D"," ","S9327 - WALSH TRAILS SEC 1","Real","$537,657","$537,657"
"R484502","R-16-5755-000H-0019","FERREE, GENE ANDRE & KIMBERLY","716 WILLIAMS WAY CEDAR PARK, TX 78613-4848","716 WILLIAMS WAY, CEDAR PARK, TX  78613","S9327 - WALSH TRAILS SEC 1, BLOCK H, Lot 19","R235607D"," ","S9327 - WALSH TRAILS SEC 1","Real","$723,967","$723,967"
"R484503","R-16-5755-000I-0001","ATHMALINGAME, KALAISEJIANE & LAVANYA KALAISEJIANE","715 WILLIAMS WAY  CEDAR PARK, TX 78613","715 WILLIAMS WAY, CEDAR PARK, TX  78613","S9327 - WALSH TRAILS SEC 1, BLOCK I, Lot 1","R235607D"," ","S9327 - WALSH TRAILS SEC 1","Real","$705,515","$705,515"
"R484504","R-16-5755-000I-0002","ANANTHULA, SANTOSH K & RAJYA L NAGULUGARI","713 WILLIAMS WAY  CEDAR PARK, TX 78613","713 WILLIAMS WAY, CEDAR PARK, TX  78613","S9327 - WALSH TRAILS SEC 1, BLOCK I, Lot 2","R235607D"," ","S9327 - WALSH TRAILS SEC 1","Real","$725,239","$725,239"
"R484505","R-16-5755-000I-0003","SUTAPA, I GEDE","711 WILLIAMS WAY CEDAR PARK, TX 78613-4848","711 WILLIAMS WAY, CEDAR PARK, TX  78613","S9327 - WALSH TRAILS SEC 1, BLOCK I, Lot 3","R235607D"," ","S9327 - WALSH TRAILS SEC 1","Real","$579,639","$579,639"
"R484506","R-16-5755-000I-0004","MAK, KITTY PUI-NGAN (TOD)","709 WILLIAMS WAY  CEDAR PARK, TX 78613","709 WILLIAMS WAY, CEDAR PARK, TX  78613","S9327 - WALSH TRAILS SEC 1, BLOCK I, Lot 4","R235607D"," ","S9327 - WALSH TRAILS SEC 1","Real","$511,377","$511,377"
"R484507","R-16-5755-000I-0005","GAMBLE, MCKINLEY Jr & SHARI LYNN","707 WILLIAMS WAY  CEDAR PARK, TX 78613-4848","707 WILLIAMS WAY, CEDAR PARK, TX  78613","S9327 - WALSH TRAILS SEC 1, BLOCK I, Lot 5","R235607D"," ","S9327 - WALSH TRAILS SEC 1","Real","$691,138","$691,138"
"R484508","R-16-5755-000I-0006","LEE, SUGU & INKYUNG","705 WILLIAMS WAY  CEDAR PARK, TX 78613","705 WILLIAMS WAY, CEDAR PARK, TX  78613","S9327 - WALSH TRAILS SEC 1, BLOCK I, Lot 6","R235607D"," ","S9327 - WALSH TRAILS SEC 1","Real","$720,252","$720,252"
"R484509","R-16-5755-000I-0007","EMATA, BEN O & YSAMIN N","703 WILLIAMS WAY  CEDAR PARK, TX 78613","703 WILLIAMS WAY, CEDAR PARK, TX  78613","S9327 - WALSH TRAILS SEC 1, BLOCK I, Lot 7","R235607D"," ","S9327 - WALSH TRAILS SEC 1","Real","$586,558","$586,558"
"R484510","R-16-5755-000I-0008","LANKA, PHANI KUMAR & SRIVIDYA TANGIRALA","701 WILLIAMS WAY  CEDAR PARK, TX 78613","701 WILLIAMS WAY, CEDAR PARK, TX  78613","S9327 - WALSH TRAILS SEC 1, BLOCK I, Lot 8","R235607D"," ","S9327 - WALSH TRAILS SEC 1","Real","$696,925","$696,925"
"R484511","R-16-5755-000I-0009","MEYER, PATRICIA A & DOUGLAS","627 WILLIAMS WAY  CEDAR PARK, TX 78613","627 WILLIAMS WAY, CEDAR PARK, TX  78613","S9327 - WALSH TRAILS SEC 1, BLOCK I, Lot 9","R235607D"," ","S9327 - WALSH TRAILS SEC 1","Real","$520,365","$520,365"
"R484512","R-16-5755-000I-0010","XIAN, CHUNKUI & HONG TANG","10100 PICKFAIR DR  AUSTIN, TX 78750","625 WILLIAMS WAY, CEDAR PARK, TX  78613","S9327 - WALSH TRAILS SEC 1, BLOCK I, Lot 10","R235607D"," ","S9327 - WALSH TRAILS SEC 1","Real","$700,403","$700,403"
"R484513","R-16-5755-000I-0011","COCKREHAM, BRENNHAM & AMY","623 WILLIAMS WAY  CEDAR PARK, TX 78613","623 WILLIAMS WAY, CEDAR PARK, TX  78613","S9327 - WALSH TRAILS SEC 1, BLOCK I, Lot 11","R235607D"," ","S9327 - WALSH TRAILS SEC 1","Real","$763,184","$763,184"
"R484514","R-16-5755-000I-0012","CHAVEZ, CATHY C & LUIS L","621 WILLIAMS WAY  CEDAR PARK, TX 78613","621 WILLIAMS WAY, CEDAR PARK, TX  78613","S9327 - WALSH TRAILS SEC 1, BLOCK I, Lot 12","R235607D"," ","S9327 - WALSH TRAILS SEC 1","Real","$615,342","$615,342"
"R484515","R-16-5755-000J-0007","Unknown","Unknown","801 WILLIAMS WAY, CEDAR PARK, TX  78613","S9327 - WALSH TRAILS SEC 1, BLOCK J, Lot 7","R235607D"," ","S9327 - WALSH TRAILS SEC 1","Real","$726,053","$726,053"
"R484516","R-16-5755-000L-0096","KAMUNI, SATISH RAJU & SWAPNA","628 WALSH HILL TRL  CEDAR PARK, TX 78613","628 WALSH HILL TRL, CEDAR PARK, TX  78613","S9327 - WALSH TRAILS SEC 1, BLOCK L, Lot 96","R235607D"," ","S9327 - WALSH TRAILS SEC 1","Real","$725,252","$725,252"
"R484517","R-16-5755-000M-0001","DINAVAHI, SATYA P K & VENKATA R M ALAMURA","625 WALSH HILL TRL  CEDAR PARK, TX 78613","625 WALSH HILL TRL, CEDAR PARK, TX  78613","S9327 - WALSH TRAILS SEC 1, BLOCK M, Lot 1","R235607D"," ","S9327 - WALSH TRAILS SEC 1","Real","$682,938","$682,938"
"R484518","R-16-5755-000M-0024","KUNKEL, CHRISTOPHER K & STEPHANIE J LITTLE","620 WILLIAMS WAY  CEDAR PARK, TX 78613","620 WILLIAMS WAY, CEDAR PARK, TX  78613","S9327 - WALSH TRAILS SEC 1, BLOCK M, Lot 24","R235607D"," ","S9327 - WALSH TRAILS SEC 1","Real","$793,471","$793,471"
"R484519","R-16-5755-000M-0025","SYNOWIEC, WIKTORIA & JOSUE D PEREZ","622 WILLIAMS WAY  CEDAR PARK, TX 78613","622 WILLIAMS WAY, CEDAR PARK, TX  78613","S9327 - WALSH TRAILS SEC 1, BLOCK M, Lot 25","R235607D"," ","S9327 - WALSH TRAILS SEC 1","Real","$656,478","$656,478"
"R484520","R-16-5755-000M-0026","KATIPALLI, EASWAR & DEEPTHI KANDURI","5315 N MACARTHUR BLVD   2042 IRVING, TX 75038","624 WILLIAMS WAY, CEDAR PARK, TX  78613","S9327 - WALSH TRAILS SEC 1, BLOCK M, Lot 26","R235607D"," ","S9327 - WALSH TRAILS SEC 1","Real","$649,927","$649,927"
"R484536","R-16-5756-000E-0012","LEE, JIHYUN & EUNJIN OH","1000 WILLIAMS WAY  CEDAR PARK, TX 78613-4843","1000 WILLIAMS WAY, CEDAR PARK, TX  78613","S9328 - WALSH TRAILS SEC 2, BLOCK E, Lot 12","R235607D"," ","S9328 - WALSH TRAILS SEC 2","Real","$815,511","$815,511"
"R484537","R-16-5756-000E-0013","HUANG, SUITEH K REVOCABLE TRUST","1002 WILLIAMS WAY CEDAR PARK, TX 78613-4843","1002 WILLIAMS WAY, CEDAR PARK, TX  78613","S9328 - WALSH TRAILS SEC 2, BLOCK E, Lot 13","R235607D"," ","S9328 - WALSH TRAILS SEC 2","Real","$751,136","$751,136"
"R484538","R-16-5756-000E-0014","KIM, YOUNGIN & EUNKYUNG","1004 WILLIAM WAY  CEDAR PARK, TX 78613","1004 WILLIAMS WAY, CEDAR PARK, TX  78613","S9328 - WALSH TRAILS SEC 2, BLOCK E, Lot 14","R235607D"," ","S9328 - WALSH TRAILS SEC 2","Real","$834,911","$834,911"
"R484539","R-16-5756-000E-0015","HALBLEIB, JOHN","1006 WILLIAMS WAY  CEDAR PARK, TX 78613","1006 WILLIAMS WAY, CEDAR PARK, TX  78613","S9328 - WALSH TRAILS SEC 2, BLOCK E, Lot 15","R235607D"," ","S9328 - WALSH TRAILS SEC 2","Real","$584,240","$584,240"
"R484540","R-16-5756-000E-0016","NING, YAN & JIACHEN LI","1008 WILLIAMS WAY  CEDAR PARK, TX 78613","1008 WILLIAMS WAY, CEDAR PARK, TX  78613","S9328 - WALSH TRAILS SEC 2, BLOCK E, Lot 16","R235607D"," ","S9328 - WALSH TRAILS SEC 2","Real","$627,787","$627,787"
"R484541","R-16-5756-000E-0017","PURCE, WILLIAM THOMAS & REGINA ANN","1010 WILLIAMS WAY  CEDAR PARK, TX 78613","1010 WILLIAMS WAY, CEDAR PARK, TX  78613","S9328 - WALSH TRAILS SEC 2, BLOCK E, Lot 17","R235607D"," ","S9328 - WALSH TRAILS SEC 2","Real","$614,152","$614,152"
"R484542","R-16-5756-000E-0018","SAMUEL, JOSEPH & ANU VAKKACHEN","1012 WILLIAMS WAY  CEDAR PARK, TX 78613","1012 WILLIAMS WAY, CEDAR PARK, TX  78613","S9328 - WALSH TRAILS SEC 2, BLOCK E, Lot 18","R235607D"," ","S9328 - WALSH TRAILS SEC 2","Real","$684,239","$684,239"
"R484543","R-16-5756-000E-0019","SMYTHIA, JOSEPH","1014 WILLIAMS WAY  CEDAR PARK, TX 78613","1014 WILLIAMS WAY, CEDAR PARK, TX  78613","S9328 - WALSH TRAILS SEC 2, BLOCK E, Lot 19","R235607D"," ","S9328 - WALSH TRAILS SEC 2","Real","$604,765","$604,765"
"R484544","R-16-5756-000E-0020","CHANDRA, JOHAN & SU HAUW","1100 WILLIAMS WAY  CEDAR PARK, TX 78613","1100 WILLIAMS WAY, CEDAR PARK, TX  78613","S9328 - WALSH TRAILS SEC 2, BLOCK E, Lot 20","R235607D"," ","S9328 - WALSH TRAILS SEC 2","Real","$719,600","$719,600"
"R484545","R-16-5756-000E-0021","BASKERVILLE, DEBBIE ANN JAMES & DAVID M","1102 WILLIAMS WAY  CEDAR PARK, TX 78613-4844","1102 WILLIAMS WAY, CEDAR PARK, TX  78613","S9328 - WALSH TRAILS SEC 2, BLOCK E, Lot 21","R235607D"," ","S9328 - WALSH TRAILS SEC 2","Real","$699,549","$699,549"
"R484546","R-16-5756-000E-0022","CHAVEZ, AMELIA M. (TOD) & CARLOS AMADO (TOD)","1104 WILLIAMS WAY CEDAR PARK, TX 78613-4844","1104 WILLIAMS WAY, CEDAR PARK, TX  78613","S9328 - WALSH TRAILS SEC 2, BLOCK E, Lot 22","R235607D"," ","S9328 - WALSH TRAILS SEC 2","Real","$591,312","$591,312"
"R484547","R-16-5756-000F-0003","Unknown","Unknown","4406 SPANISH GOLD LN, CEDAR PARK, TX  78613","S9328 - WALSH TRAILS SEC 2, BLOCK F, Lot 3","R235607D"," ","S9328 - WALSH TRAILS SEC 2","Real","$624,325","$624,325"
"R484548","R-16-5756-000F-0004","PHAM, MAI NGUYEN (TOD) & KIMLOAN THI NGUYEN (TOD)","4404 SPANISH GOLD LN  CEDAR PARK, TX 78613-4841","4404 SPANISH GOLD LN, CEDAR PARK, TX  78613","S9328 - WALSH TRAILS SEC 2, BLOCK F, Lot 4","R235607D"," ","S9328 - WALSH TRAILS SEC 2","Real","$565,908","$565,908"
"R484549","R-16-5756-000F-0005","TUCKER, BRONSON TYLER","4402 SPANISH GOLD LN  CEDAR PARK, TX 78613-4841","4402 SPANISH GOLD LN, CEDAR PARK, TX  78613","S9328 - WALSH TRAILS SEC 2, BLOCK F, Lot 5","R235607D"," ","S9328 - WALSH TRAILS SEC 2","Real","$716,534","$716,534"
"R484550","R-16-5756-000F-0006","ISMAIL, TARIQ","4400 SPANISH GOLD LN  CEDAR PARK, TX 78613","4400 SPANISH GOLD LN, CEDAR PARK, TX  78613","S9328 - WALSH TRAILS SEC 2, BLOCK F, Lot 6","R235607D"," ","S9328 - WALSH TRAILS SEC 2","Real","$604,325","$604,325"
"R484551","R-16-5756-000F-0007","LIU, CHANGFU","4506 WICKLOW MOUNTAIN TRL CEDAR PARK, TX 78613-4851","1109 WILLIAMS WAY, CEDAR PARK, TX  78613","S9328 - WALSH TRAILS SEC 2, BLOCK F, Lot 7","R235607D"," ","S9328 - WALSH TRAILS SEC 2","Real","$600,874","$600,874"
"R484552","R-16-5756-000F-0008","AREFIN, S M & SOBHANI HAFIZ","1107 WILLIAMS WAY  CEDAR PARK, TX 78613","1107 WILLIAMS WAY, CEDAR PARK, TX  78613","S9328 - WALSH TRAILS SEC 2, BLOCK F, Lot 8","R235607D"," ","S9328 - WALSH TRAILS SEC 2","Real","$642,712","$642,712"
"R484553","R-16-5756-000F-0009","RAJA, ASAD","1105 WILLIAMS WAY  CEDAR PARK, TX 78613","1105 WILLIAMS WAY, CEDAR PARK, TX  78613","S9328 - WALSH TRAILS SEC 2, BLOCK F, Lot 9","R235607D"," ","S9328 - WALSH TRAILS SEC 2","Real","$792,674","$792,674"
"R484554","R-16-5756-000F-0010","SACHIN SAH & SWAPNA SAH CO-TR OF THE SAH FAMILY REVOCABLE LIVING TRUST","1103 WILLIAMS WAY  CEDAR PARK, TX 78613-4844","1103 WILLIAMS WAY, CEDAR PARK, TX  78613","S9328 - WALSH TRAILS SEC 2, BLOCK F, Lot 10","R235607D"," ","S9328 - WALSH TRAILS SEC 2","Real","$817,298","$817,298"
"R484555","R-16-5756-000F-0011","DHAGAY, SUNIL K (TOD) & PRASANTHI B PATHANGE (TOD)","1101 WILLIAMS WAY  CEDAR PARK, TX 78613-4844","1101 WILLIAMS WAY, CEDAR PARK, TX  78613","S9328 - WALSH TRAILS SEC 2, BLOCK F, Lot 11","R235607D"," ","S9328 - WALSH TRAILS SEC 2","Real","$625,331","$625,331"
"R484556","R-16-5756-000F-0012","MULLAPUDI, PHANI K & RAJARAJESWARI GUMMADI","1017 WILLIAMS WAY  CEDAR PARK, TX 78613","1017 WILLIAMS WAY, CEDAR PARK, TX  78613","S9328 - WALSH TRAILS SEC 2, BLOCK F, Lot 12","R235607D"," ","S9328 - WALSH TRAILS SEC 2","Real","$775,713","$775,713"
"R484557","R-16-5756-000F-0013","NEVIN, DANIEL & VIRGINIA","1015 WILLIAMS WAY  CEDAR PARK, TX 78613","1015 WILLIAMS WAY, CEDAR PARK, TX  78613","S9328 - WALSH TRAILS SEC 2, BLOCK F, Lot 13","R235607D"," ","S9328 - WALSH TRAILS SEC 2","Real","$679,337","$679,337"
"R484558","R-16-5756-000F-0014","RANDALL, GILBERT WAYNE (TOD)","1013 WILLIAMS WAY  CEDAR PARK, TX 78613","1013 WILLIAMS WAY, CEDAR PARK, TX  78613","S9328 - WALSH TRAILS SEC 2, BLOCK F, Lot 14","R235607D"," ","S9328 - WALSH TRAILS SEC 2","Real","$627,981","$627,981"
"R484559","R-16-5756-000F-0015","CHO, MINSIK & SORA LIM","16513 ALONG CREEK CV  AUSTIN, TX 78717-3992","1011 WILLIAMS WAY, CEDAR PARK, TX  78613","S9328 - WALSH TRAILS SEC 2, BLOCK F, Lot 15","R235607D"," ","S9328 - WALSH TRAILS SEC 2","Real","$646,584","$646,584"
"R484560","R-16-5756-000F-0016","BAHER & MARILYN TANIUS CO-TRS BAHER TANIUS & MARILYN TANIUS LIVING TRUST","1009 WILLIAMS WAY  CEDAR PARK, TX 78613","1009 WILLIAMS WAY, CEDAR PARK, TX  78613","S9328 - WALSH TRAILS SEC 2, BLOCK F, Lot 16","R235607D"," ","S9328 - WALSH TRAILS SEC 2","Real","$596,329","$596,329"
"R484561","R-16-5756-000F-0017","KIM, CHANGSOO","1007 WILLIAMS WAY  CEDAR PARK, TX 78613","1007 WILLIAMS WAY, CEDAR PARK, TX  78613","S9328 - WALSH TRAILS SEC 2, BLOCK F, Lot 17","R235607D"," ","S9328 - WALSH TRAILS SEC 2","Real","$788,441","$788,441"
"R484562","R-16-5756-000F-0018","SINGH, SAURABH & JESSICA R FALK","16009 DOUBLE EAGLE DR AUSTIN, TX 78717-3814","1005 WILLIAMS WAY, CEDAR PARK, TX  78613","S9328 - WALSH TRAILS SEC 2, BLOCK F, Lot 18","R235607D"," ","S9328 - WALSH TRAILS SEC 2","Real","$622,705","$622,705"
"R484563","R-16-5756-000F-0019","YUGANDHAR JANJANAM & MADHAVI BATTU OF JANJANAM FAMILY REVOCABLE LIVING TRUST","2113 LOLO LN LEANDER, TX 78641-6328","1003 WILLIAMS WAY, CEDAR PARK, TX  78613","S9328 - WALSH TRAILS SEC 2, BLOCK F, Lot 19","R235607D"," ","S9328 - WALSH TRAILS SEC 2","Real","$736,143","$736,143"
"R484564","R-16-5756-000F-0020","FERNANDES, MAGDALENA (TOD) & FREDERICK (TOD)","1001 WILLIAMS WAY  CEDAR PARK, TX 78613","1001 WILLIAMS WAY, CEDAR PARK, TX  78613","S9328 - WALSH TRAILS SEC 2, BLOCK F, Lot 20","R235607D"," ","S9328 - WALSH TRAILS SEC 2","Real","$613,003","$613,003"
"R484566","R-16-5756-000G-0009","SUSANTO, LUSIANTI ET AL","PERUM. CITRA GARDEN 2 BLOK H1 NO. 8 JAKARTA BARAT INDONESIA 11830","804 WILLIAMS WAY, CEDAR PARK, TX  78613","S9328 - WALSH TRAILS SEC 2, BLOCK G, Lot 9","R235607D"," ","S9328 - WALSH TRAILS SEC 2","Real","$561,072","$561,072"
"R484567","R-16-5756-000G-0010","DESAI, MAUNIKKUMAR","250 ANDOVER LN UHLAND, TX 78640-2871","900 WILLIAMS WAY, CEDAR PARK, TX  78613","S9328 - WALSH TRAILS SEC 2, BLOCK G, Lot 10","R235607D"," ","S9328 - WALSH TRAILS SEC 2","Real","$799,947","$799,947"
"R484568","R-16-5756-000G-0011","CHAMBERS, C PARKER","902 WILLIAMS WAY  CEDAR PARK, TX 78613","902 WILLIAMS WAY, CEDAR PARK, TX  78613","S9328 - WALSH TRAILS SEC 2, BLOCK G, Lot 11","R235607D"," ","S9328 - WALSH TRAILS SEC 2","Real","$594,796","$594,796"
"R484569","R-16-5756-000G-0012","KEYSER, DOUGLAS J & DEBORAH N","904 WILLIAMS WAY CEDAR PARK, TX 78613-4842","904 WILLIAMS WAY, CEDAR PARK, TX  78613","S9328 - WALSH TRAILS SEC 2, BLOCK G, Lot 12","R235607D"," ","S9328 - WALSH TRAILS SEC 2","Real","$743,523","$743,523"
"R484570","R-16-5756-000G-0013","SRINIVASAN, SRIVATSAN & RAJESWARI SETHURAMAN","906 WILLIAMS WAY  CEDAR PARK, TX 78613","906 WILLIAMS WAY, CEDAR PARK, TX  78613","S9328 - WALSH TRAILS SEC 2, BLOCK G, Lot 13","R235607D"," ","S9328 - WALSH TRAILS SEC 2","Real","$725,570","$725,570"
"R484572","R-16-5756-000I-0013","MATADHA, VEERABHADRAIAH LINGADHALLI","619 WILLIAMS WAY  CEDAR PARK, TX 78613","619 WILLIAMS WAY, CEDAR PARK, TX  78613","S9328 - WALSH TRAILS SEC 2, BLOCK I, Lot 13","R235607D"," ","S9328 - WALSH TRAILS SEC 2","Real","$660,144","$660,144"
"R484573","R-16-5756-000I-0014","FARIAS, CELESTE & JOSE MANUEL FARIAS","700 EDWARDS WALK DR  CEDAR PARK, TX 78613","700 EDWARDS WALK DR, CEDAR PARK, TX  78613","S9328 - WALSH TRAILS SEC 2, BLOCK I, Lot 14","R235607D"," ","S9328 - WALSH TRAILS SEC 2","Real","$725,472","$725,472"
"R484574","R-16-5756-000I-0015","FLUCK, HENRY K","702 EDWARDS WALK DR  CEDAR PARK, TX 78613","702 EDWARDS WALK DR, CEDAR PARK, TX  78613","S9328 - WALSH TRAILS SEC 2, BLOCK I, Lot 15","R235607D"," ","S9328 - WALSH TRAILS SEC 2","Real","$515,785","$515,785"
"R484575","R-16-5756-000I-0016","SHANKAR, SIDDHARTH & NIDHI SINGH","704 EDWARDS WALK DR  CEDAR PARK, TX 78613","704 EDWARDS WALK DR, CEDAR PARK, TX  78613","S9328 - WALSH TRAILS SEC 2, BLOCK I, Lot 16","R235607D"," ","S9328 - WALSH TRAILS SEC 2","Real","$603,734","$603,734"
"R484576","R-16-5756-000I-0017","SUBBARAO, GURUPRASAD & RAMA BADRINATH","41160 TURKEY OAK DR ALDI, VA 20105-5869","706 EDWARDS WALK DR, CEDAR PARK, TX  78613","S9328 - WALSH TRAILS SEC 2, BLOCK I, Lot 17","R235607D"," ","S9328 - WALSH TRAILS SEC 2","Real","$545,420","$545,420"
"R484577","R-16-5756-000I-0018","ANTHONY, DAVID & CYNTHIA","708 EDWARDS WALK DR CEDAR PARK, TX 78613-4847","708 EDWARDS WALK DR, CEDAR PARK, TX  78613","S9328 - WALSH TRAILS SEC 2, BLOCK I, Lot 18","R235607D"," ","S9328 - WALSH TRAILS SEC 2","Real","$740,510","$740,510"
"R484578","R-16-5756-000I-0019","SHENG, RUOFEI","710 EDWARDS WALK DR  CEDAR PARK, TX 78613","710 EDWARDS WALK DR, CEDAR PARK, TX  78613","S9328 - WALSH TRAILS SEC 2, BLOCK I, Lot 19","R235607D"," ","S9328 - WALSH TRAILS SEC 2","Real","$520,521","$520,521"
"R484579","R-16-5756-000I-0020","BALLEJO, FRANK","712 EDWARDS WALK DR  CEDAR PARK, TX 78613","712 EDWARDS WALK DR, CEDAR PARK, TX  78613","S9328 - WALSH TRAILS SEC 2, BLOCK I, Lot 20","R235607D"," ","S9328 - WALSH TRAILS SEC 2","Real","$592,850","$592,850"
"R484580","R-16-5756-000I-0021","KRIESEL, RANDY W & SHUHUA L","714 EDWARDS WALK DR  CEDAR PARK, TX 78613","714 EDWARDS WALK DR, CEDAR PARK, TX  78613","S9328 - WALSH TRAILS SEC 2, BLOCK I, Lot 21","R235607D"," ","S9328 - WALSH TRAILS SEC 2","Real","$538,900","$538,900"
"R484581","R-16-5756-000I-0022","ZHOU, LIN","716 EDWARDS WALK DR  CEDAR PARK, TX 78613","716 EDWARDS WALK DR, CEDAR PARK, TX  78613","S9328 - WALSH TRAILS SEC 2, BLOCK I, Lot 22","R235607D"," ","S9328 - WALSH TRAILS SEC 2","Real","$535,422","$535,422"
"R484582","R-16-5756-000I-0023","PARTHASARATHY, VIKRAM & ADITI VIJAYAKRISHNAN","718 EDWARDS WALK DR  CEDAR PARK, TX 78613","718 EDWARDS WALK DR, CEDAR PARK, TX  78613","S9328 - WALSH TRAILS SEC 2, BLOCK I, Lot 23","R235607D"," ","S9328 - WALSH TRAILS SEC 2","Real","$595,574","$595,574"
"R484583","R-16-5756-000I-0024","TAYLOR, ALLISON J","720 EDWARDS WALK DR  CEDAR PARK, TX 78613","720 EDWARDS WALK DR, CEDAR PARK, TX  78613","S9328 - WALSH TRAILS SEC 2, BLOCK I, Lot 24","R235607D"," ","S9328 - WALSH TRAILS SEC 2","Real","$580,396","$580,396"
"R484584","R-16-5756-000I-0025","HOFF, JENNIFER (TOD)","722 EDWARDS WALK DR  CEDAR PARK, TX 78613","722 EDWARDS WALK DR, CEDAR PARK, TX  78613","S9328 - WALSH TRAILS SEC 2, BLOCK I, Lot 25","R235607D"," ","S9328 - WALSH TRAILS SEC 2","Real","$664,769","$664,769"
"R484585","R-16-5756-000I-0026","CAO, WEI WEI","1111 KANG QIAO ROAD RM 101,  BLDG 13 NAN HUI DISTRICT, SHANGHAI CHINA 201315","724 EDWARDS WALK DR, CEDAR PARK, TX  78613","S9328 - WALSH TRAILS SEC 2, BLOCK I, Lot 26","R235607D"," ","S9328 - WALSH TRAILS SEC 2","Real","$672,744","$672,744"
"R484586","R-16-5756-000I-0027","PARK, JI SEOK & JOOMIN YEON","726 EDWARDS WALK DR CEDAR PARK, TX 78613-4847","726 EDWARDS WALK DR, CEDAR PARK, TX  78613","S9328 - WALSH TRAILS SEC 2, BLOCK I, Lot 27","R235607D"," ","S9328 - WALSH TRAILS SEC 2","Real","$751,187","$751,187"
"R484587","R-16-5756-000J-0001","HARDY, STEPHEN G (TOD) & THERESA A (TOD)","907 WILLIAMS WAY  CEDAR PARK, TX 78613","907 WILLIAMS WAY, CEDAR PARK, TX  78613","S9328 - WALSH TRAILS SEC 2, BLOCK J, Lot 1","R235607D"," ","S9328 - WALSH TRAILS SEC 2","Real","$672,427","$672,427"
"R484588","R-16-5756-000J-0002","KELLEY, ROCKY & SHALINDA LITTLE","905 WILLIAMS WAY  CEDAR PARK, TX 78613","905 WILLIAMS WAY, CEDAR PARK, TX  78613","S9328 - WALSH TRAILS SEC 2, BLOCK J, Lot 2","R235607D"," ","S9328 - WALSH TRAILS SEC 2","Real","$755,778","$755,778"
"R484589","R-16-5756-000J-0003","GOODWIN, JAMES ALLEN (TOD) & LAURA MARIE (TOD)","903 WILLIAMS WAY  CEDAR PARK, TX 78613","903 WILLIAMS WAY, CEDAR PARK, TX  78613","S9328 - WALSH TRAILS SEC 2, BLOCK J, Lot 3","R235607D"," ","S9328 - WALSH TRAILS SEC 2","Real","$622,679","$622,679"
"R484590","R-16-5756-000J-0004","POLARIAN TRUST","901 WILLIAMS WAY  CEDAR PARK, TX 78613-4842","901 WILLIAMS WAY, CEDAR PARK, TX  78613","S9328 - WALSH TRAILS SEC 2, BLOCK J, Lot 4","R235607D"," ","S9328 - WALSH TRAILS SEC 2","Real","$703,392","$703,392"
"R484591","R-16-5756-000J-0005","HERMAWAN, SANDY (TOD) & MERRY CAROLINE RUSLI (TOD)","805 WILLIAMS WAY  CEDAR PARK, TX 78613","805 WILLIAMS WAY, CEDAR PARK, TX  78613","S9328 - WALSH TRAILS SEC 2, BLOCK J, Lot 5","R235607D"," ","S9328 - WALSH TRAILS SEC 2","Real","$584,287","$584,287"
"R484592","R-16-5756-000J-0006","SHASHIKIRAN, CHIDAMBARA & SHREELAKSHMI NAGARAJ","4200 THOROUGHBRED CEDAR PARK, TX 78613-7832","803 WILLIAMS WAY, CEDAR PARK, TX  78613","S9328 - WALSH TRAILS SEC 2, BLOCK J, Lot 6","R235607D"," ","S9328 - WALSH TRAILS SEC 2","Real","$681,268","$681,268"
"R484593","R-16-5756-000J-0008","KOMMURI, SATHISH B & VARSHA MURTHY","2621 ROARDING RIVER TRL LEANDER, TX 78641-4848","4404 WICKLOW MOUNTAIN TRL, CEDAR PARK, TX  78613","S9328 - WALSH TRAILS SEC 2, BLOCK J, Lot 8","R235607D"," ","S9328 - WALSH TRAILS SEC 2","Real","$634,682","$634,682"
"R484594","R-16-5756-000J-0009","NGUYEN, THI DIEMTRANG","4402 WICKLOW MOUNTAIN TRL  CEDAR PARK, TX 78613","4402 WICKLOW MOUNTAIN TRL, CEDAR PARK, TX  78613","S9328 - WALSH TRAILS SEC 2, BLOCK J, Lot 9","R235607D"," ","S9328 - WALSH TRAILS SEC 2","Real","$644,145","$644,145"
"R484595","R-16-5756-000J-0010","HASAN, QUAZI MAINUL & NABILA RAHMAN","4400 WICKLOW MOUNTAIN TRL  CEDAR PARK, TX 78613","4400 WICKLOW MOUNTAIN TRL, CEDAR PARK, TX  78613","S9328 - WALSH TRAILS SEC 2, BLOCK J, Lot 10","R235607D"," ","S9328 - WALSH TRAILS SEC 2","Real","$594,073","$594,073"
"R484596","R-16-5756-000J-0011","MANISH H & SUHANI SHETTY CO TRS MANISH & SUHANI SHETTY REVOC LIV TRUST","3905 REMINGTON RD  CEDAR PARK, TX 78613-7719","737 EDWARDS WALK DR, CEDAR PARK, TX  78613","S9328 - WALSH TRAILS SEC 2, BLOCK J, Lot 11","R235607D"," ","S9328 - WALSH TRAILS SEC 2","Real","$651,815","$651,815"
"R484597","R-16-5756-000J-0012","OAD, SAMEER SHANKAR & NARMEEN","735 EDWARDS WALK DR  CEDAR PARK, TX 78613-4847","735 EDWARDS WALK DR, CEDAR PARK, TX  78613","S9328 - WALSH TRAILS SEC 2, BLOCK J, Lot 12","R235607D"," ","S9328 - WALSH TRAILS SEC 2","Real","$613,342","$613,342"
"R484598","R-16-5756-000J-0013","MUTHUSWAMY, NARAYANAN VISHNAMPETTAI","733 EDWARDS WALK  CEDAR PARK, TX 78613","733 EDWARDS WALK DR, CEDAR PARK, TX  78613","S9328 - WALSH TRAILS SEC 2, BLOCK J, Lot 13","R235607D"," ","S9328 - WALSH TRAILS SEC 2","Real","$591,380","$591,380"
"R484599","R-16-5756-000J-0014","HRUZEK, PATRICIA","731 EDWARDS WALK DR  CEDAR PARK, TX 78613-4847","731 EDWARDS WALK DR, CEDAR PARK, TX  78613","S9328 - WALSH TRAILS SEC 2, BLOCK J, Lot 14","R235607D"," ","S9328 - WALSH TRAILS SEC 2","Real","$718,058","$718,058"
"R484600","R-16-5756-000J-0015","HOGE, BLAKE & JULIA","729 EDWARDS WALK DR CEDAR PARK, TX 78613-4847","729 EDWARDS WALK DR, CEDAR PARK, TX  78613","S9328 - WALSH TRAILS SEC 2, BLOCK J, Lot 15","R235607D"," ","S9328 - WALSH TRAILS SEC 2","Real","$610,596","$610,596"
"R484601","R-16-5756-000J-0016","EASOW, BINDU & SIBU JOSEPH","727 EDWARDS WALK DR  CEDAR PARK, TX 78613","727 EDWARDS WALK DR, CEDAR PARK, TX  78613","S9328 - WALSH TRAILS SEC 2, BLOCK J, Lot 16","R235607D"," ","S9328 - WALSH TRAILS SEC 2","Real","$614,067","$614,067"
"R484602","R-16-5756-000J-0017","ALPS FAMILY REVOCABLE TRUST","725 EDWARDS WALK DR  CEDAR PARK, TX 78613","725 EDWARDS WALK DR, CEDAR PARK, TX  78613","S9328 - WALSH TRAILS SEC 2, BLOCK J, Lot 17","R235607D"," ","S9328 - WALSH TRAILS SEC 2","Real","$613,382","$613,382"
"R484603","R-16-5756-000J-0018","MARION, TODD J & JESSICA","723 EDWARDS WALK DR  CEDAR PARK, TX 78613-4847","723 EDWARDS WALK DR, CEDAR PARK, TX  78613","S9328 - WALSH TRAILS SEC 2, BLOCK J, Lot 18","R235607D"," ","S9328 - WALSH TRAILS SEC 2","Real","$800,067","$800,067"
"R484604","R-16-5756-000J-0019","LIANG, LIANG & QI ZHU","15816 PEARSON BROTHERS DR  AUSTIN, TX 78717","721 EDWARDS WALK DR, CEDAR PARK, TX  78613","S9328 - WALSH TRAILS SEC 2, BLOCK J, Lot 19","R235607D"," ","S9328 - WALSH TRAILS SEC 2","Real","$536,940","$536,940"
"R484605","R-16-5756-000J-0020","MCELFISH, CLAUDE H & AMY L","719 EDWARDS WALK DR CEDAR PARK, TX 78613-4847","719 EDWARDS WALK DR, CEDAR PARK, TX  78613","S9328 - WALSH TRAILS SEC 2, BLOCK J, Lot 20","R235607D"," ","S9328 - WALSH TRAILS SEC 2","Real","$745,405","$745,405"
"R484606","R-16-5756-000J-0021","JITENDRA ADITYA LANKA & SUPRIYA TANGIRALA AS CO-TRS OF THE JLST FAMILY TRUST","717 EDWARDS WALK DR  CEDAR PARK, TX 78613-4847","717 EDWARDS WALK DR, CEDAR PARK, TX  78613","S9328 - WALSH TRAILS SEC 2, BLOCK J, Lot 21","R235607D"," ","S9328 - WALSH TRAILS SEC 2","Real","$609,342","$609,342"
"R484607","R-16-5756-000J-0022","PARVATANENI, SAI PRASAD VENKATA (TOD)","4108 STEEP ROCK LN  AUSTIN, TX 78732","715 EDWARDS WALK DR, CEDAR PARK, TX  78613","S9328 - WALSH TRAILS SEC 2, BLOCK J, Lot 22","R235607D"," ","S9328 - WALSH TRAILS SEC 2","Real","$520,213","$520,213"
"R484608","R-16-5756-000J-0023","VENKATA ANAND & GEETA ANAND TRS ANAND FAMILY REVOCABLE LIVING TRUST","5 GALE MEADOW WAY  WESTBOROUGH, MA 01581-2652","713 EDWARDS WALK DR, CEDAR PARK, TX  78613","S9328 - WALSH TRAILS SEC 2, BLOCK J, Lot 23","R235607D"," ","S9328 - WALSH TRAILS SEC 2","Real","$762,731","$762,731"
"R484609","R-16-5756-000J-0024","ALAGAPPAN SHANMUGAM & SRIVIDHYA ALAGAPPAN COTRUSTEES OF ASKK FAMILY RVBLE TST","711 EDWARDS WALK DR  CEDAR PARK, TX 78613","711 EDWARDS WALK DR, CEDAR PARK, TX  78613","S9328 - WALSH TRAILS SEC 2, BLOCK J, Lot 24","R235607D"," ","S9328 - WALSH TRAILS SEC 2","Real","$532,025","$532,025"
"R484610","R-16-5756-000J-0025","ALLEN, WANDA K","709 EDWARDS WALK DR CEDAR PARK, TX 78613-4847","709 EDWARDS WALK DR, CEDAR PARK, TX  78613","S9328 - WALSH TRAILS SEC 2, BLOCK J, Lot 25","R235607D"," ","S9328 - WALSH TRAILS SEC 2","Real","$675,482","$675,482"
"R484611","R-16-5756-000J-0026","MCCOLLUM, KEVIN WAYNE & LISA LYNN","707 EDWARDS WALK DR CEDAR PARK, TX 78613-4847","707 EDWARDS WALK DR, CEDAR PARK, TX  78613","S9328 - WALSH TRAILS SEC 2, BLOCK J, Lot 26","R235607D"," ","S9328 - WALSH TRAILS SEC 2","Real","$795,098","$795,098"
"R484612","R-16-5756-000J-0027","NEIMAN, JOSEPH E & ELIZABETH A","705 EDWARDS WALK DR  CEDAR PARK, TX 78613-4847","705 EDWARDS WALK DR, CEDAR PARK, TX  78613","S9328 - WALSH TRAILS SEC 2, BLOCK J, Lot 27","R235607D"," ","S9328 - WALSH TRAILS SEC 2","Real","$609,163","$609,163"
"R484613","R-16-5756-000J-0028","ANAND, HIMYANSHU (TOD) & MRIDULA (TOD)","703 EDWARDS WALK DR  CEDAR PARK, TX 78613","703 EDWARDS WALK DR, CEDAR PARK, TX  78613","S9328 - WALSH TRAILS SEC 2, BLOCK J, Lot 28","R235607D"," ","S9328 - WALSH TRAILS SEC 2","Real","$611,714","$611,714"
"R484614","R-16-5756-000J-0029","LIN, YI-HSIEN (TOD) & YA-TING CHENG (TOD)","701 EDWARDS WALK DR  CEDAR PARK, TX 78613-4847","701 EDWARDS WALK DR, CEDAR PARK, TX  78613","S9328 - WALSH TRAILS SEC 2, BLOCK J, Lot 29","R235607D"," ","S9328 - WALSH TRAILS SEC 2","Real","$601,362","$601,362"
"R484615","R-16-5756-000J-0033","CITY OF CEDAR PARK","450 CYPRESS CREEK  #BLDG 1 CEDAR PARK, TX 78613","807 WILLIAMS WAY, CEDAR PARK, TX  78613","S9328 - WALSH TRAILS SEC 2, BLOCK J, Lot 33, ACRES 0.66, (PARKLAND)","R235607D"," ","S9328 - WALSH TRAILS SEC 2","Real","$300","$300"
"R484616","R-16-5756-000L-0059","HONG, KEVIN K & LENA M","529 CAMERON CV  CEDAR PARK, TX 78613","529 CAMERON CV, CEDAR PARK, TX  78613","S9328 - WALSH TRAILS SEC 2, BLOCK L, Lot 59","R235607D"," ","S9328 - WALSH TRAILS SEC 2","Real","$671,824","$671,824"
"R484617","R-16-5756-000L-0087","BELFORTE, FERNANDO & SUNEETA MUDDAPU","530 CAMERON CV  CEDAR PARK, TX 78613","530 CAMERON CV, CEDAR PARK, TX  78613","S9328 - WALSH TRAILS SEC 2, BLOCK L, Lot 87","R235607D"," ","S9328 - WALSH TRAILS SEC 2","Real","$588,324","$588,324"
"R484618","R-16-5756-000L-0088","S GUNJA & N HABIBULLA REVOCABLE LIVING TRUST","532 CAMERON CV  CEDAR PARK, TX 78613-4856","532 CAMERON CV, CEDAR PARK, TX  78613","S9328 - WALSH TRAILS SEC 2, BLOCK L, Lot 88","R235607D"," ","S9328 - WALSH TRAILS SEC 2","Real","$746,413","$746,413"
"R484619","R-16-5756-000L-0089","MCGUIRE, THOMAS DANIEL & KIRSTEN WELO","614 WALSH HILL TRL  CEDAR PARK, TX 78613","614 WALSH HILL TRL, CEDAR PARK, TX  78613","S9328 - WALSH TRAILS SEC 2, BLOCK L, Lot 89","R235607D"," ","S9328 - WALSH TRAILS SEC 2","Real","$737,951","$737,951"
"R484620","R-16-5756-000L-0090","MCLEAN, BRIAN D & TAMARA M","616 WALSH HILL TRL CEDAR PARK, TX 78613-4854","616 WALSH HILL TRL, CEDAR PARK, TX  78613","S9328 - WALSH TRAILS SEC 2, BLOCK L, Lot 90","R235607D"," ","S9328 - WALSH TRAILS SEC 2","Real","$680,828","$680,828"
"R484621","R-16-5756-000L-0091","FRANKS, SCOTT & LESLEY","618 WALSH HILL TRL  CEDAR PARK, TX 78613","618 WALSH HILL TRL, CEDAR PARK, TX  78613","S9328 - WALSH TRAILS SEC 2, BLOCK L, Lot 91","R235607D"," ","S9328 - WALSH TRAILS SEC 2","Real","$607,047","$607,047"
"R484622","R-16-5756-000L-0092","KANDIMALLA, RAM & BHARGAVI CHERUKURI","620 WALSH HILL TRL  CEDAR PARK, TX 78613","620 WALSH HILL TRL, CEDAR PARK, TX  78613","S9328 - WALSH TRAILS SEC 2, BLOCK L, Lot 92","R235607D"," ","S9328 - WALSH TRAILS SEC 2","Real","$682,987","$682,987"
"R484623","R-16-5756-000L-0093","Unknown","Unknown","622 WALSH HILL TRL, CEDAR PARK, TX  78613","S9328 - WALSH TRAILS SEC 2, BLOCK L, Lot 93","R235607D"," ","S9328 - WALSH TRAILS SEC 2","Real","$637,537","$637,537"
"R484624","R-16-5756-000L-0094","CHALISE, BIJAYA RAJ & ANJU SHARMA","624 WALSH HILL TRL  CEDAR PARK, TX 78613","624 WALSH HILL TRL, CEDAR PARK, TX  78613","S9328 - WALSH TRAILS SEC 2, BLOCK L, Lot 94","R235607D"," ","S9328 - WALSH TRAILS SEC 2","Real","$761,770","$761,770"
"R484625","R-16-5756-000L-0095","LAZOR, PAUL & AMY","626 WALSH HILL TRL  CEDAR PARK, TX 78613","626 WALSH HILL TRL, CEDAR PARK, TX  78613","S9328 - WALSH TRAILS SEC 2, BLOCK L, Lot 95","R235607D"," ","S9328 - WALSH TRAILS SEC 2","Real","$642,651","$642,651"
"R484626","R-16-5756-000M-0002","JALKOTE, SATISH S & RANI","623 WALSH HILL TRL  CEDAR PARK, TX 78613","623 WALSH HILL TRL, CEDAR PARK, TX  78613","S9328 - WALSH TRAILS SEC 2, BLOCK M, Lot 2","R235607D"," ","S9328 - WALSH TRAILS SEC 2","Real","$600,640","$600,640"
"R484627","R-16-5756-000M-0003","CHIANG, CHIALIN & HUI-TZU BRENDA LIN","621 WALSH HILL TRL  CEDAR PARK, TX 78613","621 WALSH HILL TRL, CEDAR PARK, TX  78613","S9328 - WALSH TRAILS SEC 2, BLOCK M, Lot 3","R235607D"," ","S9328 - WALSH TRAILS SEC 2","Real","$613,141","$613,141"
"R484628","R-16-5756-000M-0004","PANDYA, SUDHESH & DIPALI SHAH-PANDYA","619 WALSH HILL TRL  CEDAR PARK, TX 78613","619 WALSH HILL TRL, CEDAR PARK, TX  78613","S9328 - WALSH TRAILS SEC 2, BLOCK M, Lot 4","R235607D"," ","S9328 - WALSH TRAILS SEC 2","Real","$672,532","$672,532"
"R484629","R-16-5756-000M-0005","POPPEN, TROY DANIEL","617 WALSH HILL TRL  CEDAR PARK, TX 78613","617 WALSH HILL TRL, CEDAR PARK, TX  78613","S9328 - WALSH TRAILS SEC 2, BLOCK M, Lot 5","R235607D"," ","S9328 - WALSH TRAILS SEC 2","Real","$550,476","$550,476"
"R484630","R-16-5756-000M-0006","ANEM, RAMA RANI & PAVAN KUMAR NARNI","615 WALSH HILL TRL  CEDAR PARK, TX 78613","615 WALSH HILL TRL, CEDAR PARK, TX  78613","S9328 - WALSH TRAILS SEC 2, BLOCK M, Lot 6","R235607D"," ","S9328 - WALSH TRAILS SEC 2","Real","$641,013","$641,013"
"R484631","R-16-5756-000M-0007","MERCHANT, SHAMIM (TOD)","613 WALSH HILL TRL  CEDAR PARK, TX 78613","613 WALSH HILL TRL, CEDAR PARK, TX  78613","S9328 - WALSH TRAILS SEC 2, BLOCK M, Lot 7","R235607D"," ","S9328 - WALSH TRAILS SEC 2","Real","$573,578","$573,578"
"R484632","R-16-5756-000M-0008","GOVINDHA, RAJAN R & SINDHUJA SUNDARARAJAN","611 WALSH HILL TRL  CEDAR PARK, TX 78613","611 WALSH HILL TRL, CEDAR PARK, TX  78613","S9328 - WALSH TRAILS SEC 2, BLOCK M, Lot 8","R235607D"," ","S9328 - WALSH TRAILS SEC 2","Real","$608,071","$608,071"
"R484633","R-16-5756-000M-0009","SONASETH MURTAZA SAIFUDDIN & MUNIRA SONASETH TRUSTEES OF SONASETH FAMILY TRUST","20085 CEDAR TREE LN  CUPERTINO, CA 95014","609 WALSH HILL TRL, CEDAR PARK, TX  78613","S9328 - WALSH TRAILS SEC 2, BLOCK M, Lot 9","R235607D"," ","S9328 - WALSH TRAILS SEC 2","Real","$565,481","$565,481"
"R484634","R-16-5756-000M-0010","DAVID THOMAS KIRKPATRICK & SARA LYNNE KIRKPATRICK OF KIRKPATRICK LIVING TRUST","607 WALSH HILL TRL  CEDAR PARK, TX 78613-4854","607 WALSH HILL TRL, CEDAR PARK, TX  78613","S9328 - WALSH TRAILS SEC 2, BLOCK M, Lot 10","R235607D"," ","S9328 - WALSH TRAILS SEC 2","Real","$614,317","$614,317"
"R484635","R-16-5756-000M-0011","GUPTA, SAURABH & PRIYA","605 WALSH HILL TRL  CEDAR PARK, TX 78613","605 WALSH HILL TRL, CEDAR PARK, TX  78613","S9328 - WALSH TRAILS SEC 2, BLOCK M, Lot 11","R235607D"," ","S9328 - WALSH TRAILS SEC 2","Real","$751,360","$751,360"
"R484637","R-16-5756-000M-0012","VINAY GAJJALA & SWAPNA GAJJALA CO-TRUSTEES OF THE VISWAHA LIVING TRUST","603 WALSH HILL TRL  CEDAR PARK, TX 78613","603 WALSH HILL TRL, CEDAR PARK, TX  78613","S9328 - WALSH TRAILS SEC 2, BLOCK M, Lot 12","R235607D"," ","S9328 - WALSH TRAILS SEC 2","Real","$596,517","$596,517"
"R484638","R-16-5756-000M-0016","KANAGAVEL MADHAN (TOD) & SHANMUGAPRIYA UDAYASHANKAR (TOD)","604 WILLIAMS WAY  CEDAR PARK, TX 78613","604 WILLIAMS WAY, CEDAR PARK, TX  78613","S9328 - WALSH TRAILS SEC 2, BLOCK M, Lot 16","R235607D"," ","S9328 - WALSH TRAILS SEC 2","Real","$587,529","$587,529"
"R484639","R-16-5756-000M-0017","KNODEL, SHAWN & TRACIE","606 WILLIAMS WAY  CEDAR PARK, TX 78613","606 WILLIAMS WAY, CEDAR PARK, TX  78613","S9328 - WALSH TRAILS SEC 2, BLOCK M, Lot 17","R235607D"," ","S9328 - WALSH TRAILS SEC 2","Real","$592,479","$592,479"
"R484640","R-16-5756-000M-0018","PUGH, TAYLOR & LACY G","608 WILLIAMS WAY  CEDAR PARK, TX 78613","608 WILLIAMS WAY, CEDAR PARK, TX  78613","S9328 - WALSH TRAILS SEC 2, BLOCK M, Lot 18","R235607D"," ","S9328 - WALSH TRAILS SEC 2","Real","$765,867","$765,867"
"R484641","R-16-5756-000M-0019","ROWE, GREGORY A & GINA M","610 WILLIAMS WAY  CEDAR PARK, TX 78613","610 WILLIAMS WAY, CEDAR PARK, TX  78613","S9328 - WALSH TRAILS SEC 2, BLOCK M, Lot 19","R235607D"," ","S9328 - WALSH TRAILS SEC 2","Real","$678,522","$678,522"
"R484642","R-16-5756-000M-0020","NGUYEN, PHUOC (TOD) & VAN LE (TOD)","612 WILLIAMS WAY  CEDAR PARK, TX 78613-4853","612 WILLIAMS WAY, CEDAR PARK, TX  78613","S9328 - WALSH TRAILS SEC 2, BLOCK M, Lot 20","R235607D"," ","S9328 - WALSH TRAILS SEC 2","Real","$546,308","$546,308"
"R484643","R-16-5756-000M-0021","DONG, BAOHUA","614 WILLIAMS WAY  CEDAR PARK, TX 78613","614 WILLIAMS WAY, CEDAR PARK, TX  78613","S9328 - WALSH TRAILS SEC 2, BLOCK M, Lot 21","R235607D"," ","S9328 - WALSH TRAILS SEC 2","Real","$595,688","$595,688"
"R484644","R-16-5756-000M-0022","DORAN, DAVID & ISEBEL V","616 WILLIAMS WAY  CEDAR PARK, TX 78613-4853","616 WILLIAMS WAY, CEDAR PARK, TX  78613","S9328 - WALSH TRAILS SEC 2, BLOCK M, Lot 22","R235607D"," ","S9328 - WALSH TRAILS SEC 2","Real","$645,893","$645,893"
"R484645","R-16-5756-000M-0023","CAMPBELL, MICHAEL FRED & ROBIN JEANNE","618 WILLIAMS WAY CEDAR PARK, TX 78613-4853","618 WILLIAMS WAY, CEDAR PARK, TX  78613","S9328 - WALSH TRAILS SEC 2, BLOCK M, Lot 23","R235607D"," ","S9328 - WALSH TRAILS SEC 2","Real","$777,205","$777,205"
"R496244","R-16-5757-000J-0030","ZONGKER, SEAN & LAURA","605 WILLIAMS WAY  CEDAR PARK, TX 78613","605 WILLIAMS WAY, CEDAR PARK, TX  78613","S9712 - WALSH TRAILS SEC 3, BLOCK J, Lot 30","R235607D"," ","S9712 - WALSH TRAILS SEC 3","Real","$844,461","$844,461"
"R496245","R-16-5757-000J-0031","JOG, SACHIN & SAYALI MOKATE","603 WILLIAMS WAY  CEDAR PARK, TX 78613","603 WILLIAMS WAY, CEDAR PARK, TX  78613","S9712 - WALSH TRAILS SEC 3, BLOCK J, Lot 31","R235607D"," ","S9712 - WALSH TRAILS SEC 3","Real","$628,144","$628,144"
"R496246","R-16-5757-000J-0032","JASTI, SRINIVAS","601 WILLIAMS WAY  CEDAR PARK, TX 78613","601 WILLIAMS WAY, CEDAR PARK, TX  78613","S9712 - WALSH TRAILS SEC 3, BLOCK J, Lot 32","R235607D"," ","S9712 - WALSH TRAILS SEC 3","Real","$700,204","$700,204"
"R496247","R-16-5757-000L-0045","POWELL, SCOTT & KATHY","406 WALSH HILL TRL  CEDAR PARK, TX 78613","406 WALSH HILL TRL, CEDAR PARK, TX  78613","S9712 - WALSH TRAILS SEC 3, BLOCK L, Lot 45","R235607D"," ","S9712 - WALSH TRAILS SEC 3","Real","$621,766","$621,766"
"R496248","R-16-5757-000L-0046","GANGRADE, SHRESHTHA & SHALIN","500 WALSH HILL TRL  CEDAR PARK, TX 78613","500 WALSH HILL TRL, CEDAR PARK, TX  78613","S9712 - WALSH TRAILS SEC 3, BLOCK L, Lot 46","R235607D"," ","S9712 - WALSH TRAILS SEC 3","Real","$643,855","$643,855"
"R496249","R-16-5757-000L-0047","SMITH, HOMER H & ELIZABETH J","502 WALSH HILL TRL  CEDAR PARK, TX 78613","502 WALSH HILL TRL, CEDAR PARK, TX  78613","S9712 - WALSH TRAILS SEC 3, BLOCK L, Lot 47","R235607D"," ","S9712 - WALSH TRAILS SEC 3","Real","$614,471","$614,471"
"R496250","R-16-5757-000L-0048","GRIDER, STEPHANIE L","504 WALSH HILL TRL  CEDAR PARK, TX 78613","504 WALSH HILL TRL, CEDAR PARK, TX  78613","S9712 - WALSH TRAILS SEC 3, BLOCK L, Lot 48","R235607D"," ","S9712 - WALSH TRAILS SEC 3","Real","$657,326","$657,326"
"R496251","R-16-5757-000L-0049","HU, SHENG & DANLU HUANG","4008 BRADY RIDGE DR  CEDAR PARK, TX 78613","506 WALSH HILL TRL, CEDAR PARK, TX  78613","S9712 - WALSH TRAILS SEC 3, BLOCK L, Lot 49","R235607D"," ","S9712 - WALSH TRAILS SEC 3","Real","$646,186","$646,186"
"R496252","R-16-5757-000L-0050","XI, XIAODAN & KUNYI JIANG","508 WALSH HILL TRL  CEDAR PARK, TX 78613","508 WALSH HILL TRL, CEDAR PARK, TX  78613","S9712 - WALSH TRAILS SEC 3, BLOCK L, Lot 50","R235607D"," ","S9712 - WALSH TRAILS SEC 3","Real","$577,786","$577,786"
"R496253","R-16-5757-000L-0051","ZHOU, YIJING & DONGHUA CAO","15325 SISTERS CIR  AUSTIN, TX 78717","510 WALSH HILL TRL, CEDAR PARK, TX  78613","S9712 - WALSH TRAILS SEC 3, BLOCK L, Lot 51","R235607D"," ","S9712 - WALSH TRAILS SEC 3","Real","$658,662","$658,662"
"R496254","R-16-5757-000L-0052","ARASHVAND, SOUZAN","8104 AMELIA CV  AUSTIN, TX 78750-7880","512 WALSH HILL TRL, CEDAR PARK, TX  78613","S9712 - WALSH TRAILS SEC 3, BLOCK L, Lot 52","R235607D"," ","S9712 - WALSH TRAILS SEC 3","Real","$603,135","$603,135"
"R496255","R-16-5757-000L-0053","OCHOA, FRANCISCO","514 WALSH HILL TRL  CEDAR PARK, TX 78613","514 WALSH HILL TRL, CEDAR PARK, TX  78613","S9712 - WALSH TRAILS SEC 3, BLOCK L, Lot 53","R235607D"," ","S9712 - WALSH TRAILS SEC 3","Real","$562,699","$562,699"
"R496256","R-16-5757-000L-0054","GONZALES, DELPHINE","516 WALSH HILL TRL CEDAR PARK, TX 78613-4870","516 WALSH HILL TRL, CEDAR PARK, TX  78613","S9712 - WALSH TRAILS SEC 3, BLOCK L, Lot 54","R235607D"," ","S9712 - WALSH TRAILS SEC 3","Real","$616,739","$616,739"
"R496257","R-16-5757-000L-0055","YEDUVAKA, SHANKAR GOWRI","518 WALSH HILL TRL  CEDAR PARK, TX 78613","518 WALSH HILL TRL, CEDAR PARK, TX  78613","S9712 - WALSH TRAILS SEC 3, BLOCK L, Lot 55","R235607D"," ","S9712 - WALSH TRAILS SEC 3","Real","$660,621","$660,621"
"R496258","R-16-5757-000L-0056","SHIH, CHENG-CHEN & YI-FANG LEE","520 WALSH HILL TRL  CEDAR PARK, TX 78613","520 WALSH HILL TRL, CEDAR PARK, TX  78613","S9712 - WALSH TRAILS SEC 3, BLOCK L, Lot 56","R235607D"," ","S9712 - WALSH TRAILS SEC 3","Real","$564,907","$564,907"
"R496259","R-16-5757-000L-0057","TRAN, SAM S & BETTY N NGUYEN","522 WALSH HILL TRL  CEDAR PARK, TX 78613","522 WALSH HILL TRL, CEDAR PARK, TX  78613","S9712 - WALSH TRAILS SEC 3, BLOCK L, Lot 57","R235607D"," ","S9712 - WALSH TRAILS SEC 3","Real","$702,242","$702,242"
"R496260","R-16-5757-000L-0058","PRASLA, KARIM & ALVINA","524 WALSH HILL TRL  CEDAR PARK, TX 78613","524 WALSH HILL TRL, CEDAR PARK, TX  78613","S9712 - WALSH TRAILS SEC 3, BLOCK L, Lot 58","R235607D"," ","S9712 - WALSH TRAILS SEC 3","Real","$677,708","$677,708"
"R496261","R-16-5757-000L-0060","WARJAS, JESSICA BARBARA & JOSEPH MICHAEL","527 CAMERON CV  CEDAR PARK, TX 78613","527 CAMERON CV, CEDAR PARK, TX  78613","S9712 - WALSH TRAILS SEC 3, BLOCK L, Lot 60","R235607D"," ","S9712 - WALSH TRAILS SEC 3","Real","$661,460","$661,460"
"R496262","R-16-5757-000L-0061","WANG, XIANGWEI & FANG ZHANG","11911 CHARING CROSS RD # B AUSTIN, TX 78759-3649","525 CAMERON CV, CEDAR PARK, TX  78613","S9712 - WALSH TRAILS SEC 3, BLOCK L, Lot 61","R235607D"," ","S9712 - WALSH TRAILS SEC 3","Real","$606,793","$606,793"
"R496263","R-16-5757-000L-0062","HAMANN, ERIC WAYNE (TOD) & DENISE (TOD)","523 CAMERON CV  CEDAR PARK, TX 78613-4856","523 CAMERON CV, CEDAR PARK, TX  78613","S9712 - WALSH TRAILS SEC 3, BLOCK L, Lot 62","R235607D"," ","S9712 - WALSH TRAILS SEC 3","Real","$655,238","$655,238"
"R496264","R-16-5757-000L-0063","LEVITT, SHERRY & ARNOLD","2224 GLENDON AVE  LOS ANGELES, CA 90064","521 CAMERON CV, CEDAR PARK, TX  78613","S9712 - WALSH TRAILS SEC 3, BLOCK L, Lot 63","R235607D"," ","S9712 - WALSH TRAILS SEC 3","Real","$568,937","$568,937"
"R496265","R-16-5757-000L-0064","YE HUILIN & YANG LU","519 CAMERON CV  CEDAR PARK, TX 78613-4856","519 CAMERON CV, CEDAR PARK, TX  78613","S9712 - WALSH TRAILS SEC 3, BLOCK L, Lot 64","R235607D"," ","S9712 - WALSH TRAILS SEC 3","Real","$625,981","$625,981"
"R496266","R-16-5757-000L-0065","PURI, RICHA","3906 BLACK GOLD BND  CEDAR PARK, TX 78613-2494","517 CAMERON CV, CEDAR PARK, TX  78613","S9712 - WALSH TRAILS SEC 3, BLOCK L, Lot 65","R235607D"," ","S9712 - WALSH TRAILS SEC 3","Real","$547,634","$547,634"
"R496267","R-16-5757-000L-0066","MOTURI, ARUNA","515 CAMERON CV  CEDAR PARK, TX 78613","515 CAMERON CV, CEDAR PARK, TX  78613","S9712 - WALSH TRAILS SEC 3, BLOCK L, Lot 66","R235607D"," ","S9712 - WALSH TRAILS SEC 3","Real","$573,727","$573,727"
"R496268","R-16-5757-000L-0067","CHALASANI, SATISH & JYOSTNA SUNKARA","3816 REMINGTON RD  CEDAR PARK, TX 78613","513 CAMERON CV, CEDAR PARK, TX  78613","S9712 - WALSH TRAILS SEC 3, BLOCK L, Lot 67","R235607D"," ","S9712 - WALSH TRAILS SEC 3","Real","$673,103","$673,103"
"R496269","R-16-5757-000L-0068","CHANG, KANG-WEI","511 CAMERON CV  CEDAR PARK, TX 78613","511 CAMERON CV, CEDAR PARK, TX  78613","S9712 - WALSH TRAILS SEC 3, BLOCK L, Lot 68","R235607D"," ","S9712 - WALSH TRAILS SEC 3","Real","$662,255","$662,255"
"R496270","R-16-5757-000L-0069","ZHENG, FENG & LEI JIANG","509 CAMERON CV  CEDAR PARK, TX 78613","509 CAMERON CV, CEDAR PARK, TX  78613","S9712 - WALSH TRAILS SEC 3, BLOCK L, Lot 69","R235607D"," ","S9712 - WALSH TRAILS SEC 3","Real","$673,103","$673,103"
"R496271","R-16-5757-000L-0070","LAPOLIWA, LAUDRIA A & SYLVIA DHAMAYANTI","507 CAMERON CV  CEDAR PARK, TX 78613","507 CAMERON CV, CEDAR PARK, TX  78613","S9712 - WALSH TRAILS SEC 3, BLOCK L, Lot 70","R235607D"," ","S9712 - WALSH TRAILS SEC 3","Real","$565,055","$565,055"
"R496272","R-16-5757-000L-0071","SUH, MANSUK","505 CAMERON CV  CEDAR PARK, TX 78613","505 CAMERON CV, CEDAR PARK, TX  78613","S9712 - WALSH TRAILS SEC 3, BLOCK L, Lot 71","R235607D"," ","S9712 - WALSH TRAILS SEC 3","Real","$646,242","$646,242"
"R496273","R-16-5757-000L-0072","LADD, CLINTON F","503 CAMERON CV  CEDAR PARK, TX 78613","503 CAMERON CV, CEDAR PARK, TX  78613","S9712 - WALSH TRAILS SEC 3, BLOCK L, Lot 72","R235607D"," ","S9712 - WALSH TRAILS SEC 3","Real","$686,099","$686,099"
"R496274","R-16-5757-000L-0073","ROCKEY DANIEL & BOISARD TIFE TRUTEES OF THE ROCKEY AND BOISARD LIVING TRUST","502 CAMERON CV  CEDAR PARK, TX 78613","502 CAMERON CV, CEDAR PARK, TX  78613","S9712 - WALSH TRAILS SEC 3, BLOCK L, Lot 73","R235607D"," ","S9712 - WALSH TRAILS SEC 3","Real","$668,601","$668,601"
"R496275","R-16-5757-000L-0074","PFEIFER, ERICK & ALINE BELLINI","4360 MAYFIELD RANCH BLVD  ROUND ROCK, TX 78681","504 CAMERON CV, CEDAR PARK, TX  78613","S9712 - WALSH TRAILS SEC 3, BLOCK L, Lot 74","R235607D"," ","S9712 - WALSH TRAILS SEC 3","Real","$537,417","$537,417"
"R496276","R-16-5757-000L-0075","SHAH, BHAVIN & JWETA PATEL","500 APACHE DR  CEDAR PARK, TX 78613-4898","506 CAMERON CV, CEDAR PARK, TX  78613","S9712 - WALSH TRAILS SEC 3, BLOCK L, Lot 75","R235607D"," ","S9712 - WALSH TRAILS SEC 3","Real","$539,983","$539,983"
"R496277","R-16-5757-000L-0076","DE LA MANO-IGLESIAS, FERNANDO","508 CAMERON CV  CEDAR PARK, TX 78613","508 CAMERON CV, CEDAR PARK, TX  78613","S9712 - WALSH TRAILS SEC 3, BLOCK L, Lot 76","R235607D"," ","S9712 - WALSH TRAILS SEC 3","Real","$586,691","$586,691"
"R496278","R-16-5757-000L-0077","NG, WAI KEUNG KEVIN","3217 INDIGO WATERS DR  AUSTIN, TX 78732-1908","510 CAMERON CV, CEDAR PARK, TX  78613","S9712 - WALSH TRAILS SEC 3, BLOCK L, Lot 77","R235607D"," ","S9712 - WALSH TRAILS SEC 3","Real","$534,974","$534,974"
"R496279","R-16-5757-000L-0078","AHMED, BABERY","122 DASHER DR CEDAR PARK, TX 78613-7818","512 CAMERON CV, CEDAR PARK, TX  78613","S9712 - WALSH TRAILS SEC 3, BLOCK L, Lot 78","R235607D"," ","S9712 - WALSH TRAILS SEC 3","Real","$522,265","$522,265"
"R496280","R-16-5757-000L-0079","HENDRA, ARI SJABANA","514 CAMERON CV  CEDAR PARK, TX 78613","514 CAMERON CV, CEDAR PARK, TX  78613","S9712 - WALSH TRAILS SEC 3, BLOCK L, Lot 79","R235607D"," ","S9712 - WALSH TRAILS SEC 3","Real","$572,842","$572,842"
"R496281","R-16-5757-000L-0080","KANERIA, ANKUR & REENA PATEL","516 CAMERON CV  CEDAR PARK, TX 78613","516 CAMERON CV, CEDAR PARK, TX  78613","S9712 - WALSH TRAILS SEC 3, BLOCK L, Lot 80","R235607D"," ","S9712 - WALSH TRAILS SEC 3","Real","$681,797","$681,797"
"R496282","R-16-5757-000L-0081","ZEMLICKA, CYNTHIA ANN & GEORGE","79 N CHANDLER CREEK CIR  WOODLANDS, TX 77381","518 CAMERON CV, CEDAR PARK, TX  78613","S9712 - WALSH TRAILS SEC 3, BLOCK L, Lot 81","R235607D"," ","S9712 - WALSH TRAILS SEC 3","Real","$556,546","$556,546"
"R496283","R-16-5757-000L-0082","CHEN, LIANGSHAN & JIAYIN GU","520 CAMERON CV  CEDAR PARK, TX 78613","520 CAMERON CV, CEDAR PARK, TX  78613","S9712 - WALSH TRAILS SEC 3, BLOCK L, Lot 82","R235607D"," ","S9712 - WALSH TRAILS SEC 3","Real","$705,582","$705,582"
"R496284","R-16-5757-000L-0083","LICATA, RODNEY J & SHAYLA D","522 CAMERON CV  CEDAR PARK, TX 78613","522 CAMERON CV, CEDAR PARK, TX  78613","S9712 - WALSH TRAILS SEC 3, BLOCK L, Lot 83","R235607D"," ","S9712 - WALSH TRAILS SEC 3","Real","$582,505","$582,505"
"R496285","R-16-5757-000L-0084","HE, XIAO & XIAO LIU","524 CAMERON CV  CEDAR PARK, TX 78613","524 CAMERON CV, CEDAR PARK, TX  78613","S9712 - WALSH TRAILS SEC 3, BLOCK L, Lot 84","R235607D"," ","S9712 - WALSH TRAILS SEC 3","Real","$543,519","$543,519"
"R496286","R-16-5757-000L-0085","SHAH, KIRTAN & FORAM GANDHI","526 CAMERON CV  CEDAR PARK, TX 78613","526 CAMERON CV, CEDAR PARK, TX  78613","S9712 - WALSH TRAILS SEC 3, BLOCK L, Lot 85","R235607D"," ","S9712 - WALSH TRAILS SEC 3","Real","$647,791","$647,791"
"R496287","R-16-5757-000L-0086","SUN, CHANG-HSUE & CHIAO-TING CHENG","528 CAMERON CV  CEDAR PARK, TX 78613","528 CAMERON CV, CEDAR PARK, TX  78613","S9712 - WALSH TRAILS SEC 3, BLOCK L, Lot 86","R235607D"," ","S9712 - WALSH TRAILS SEC 3","Real","$671,036","$671,036"
"R496288","R-16-5757-000M-0013","MOCZYGEMBA, DARYL R & SHANNA","601 WALSH HILL TRL  CEDAR PARK, TX 78613","601 WALSH HILL TRL, CEDAR PARK, TX  78613","S9712 - WALSH TRAILS SEC 3, BLOCK M, Lot 13","R235607D"," ","S9712 - WALSH TRAILS SEC 3","Real","$596,668","$596,668"
"R496289","R-16-5757-000M-0014","BODDAPATI, GANESH","600 WILLIAMS WAY  CEDAR PARK, TX 78613","600 WILLIAMS WAY, CEDAR PARK, TX  78613","S9712 - WALSH TRAILS SEC 3, BLOCK M, Lot 14","R235607D"," ","S9712 - WALSH TRAILS SEC 3","Real","$760,475","$760,475"
"R496290","R-16-5757-000M-0015","MAREDIA, IMTIAZ K & MUMTAZ I","602 WILLIAMS WAY  CEDAR PARK, TX 78613","602 WILLIAMS WAY, CEDAR PARK, TX  78613","S9712 - WALSH TRAILS SEC 3, BLOCK M, Lot 15","R235607D"," ","S9712 - WALSH TRAILS SEC 3","Real","$761,319","$761,319"
"R496291","R-16-5757-000N-0001","RAJASHEKAR RANJITHA & VIJAY ALILAGHATTA RAJ","523 WALSH HILL TRL  CEDAR PARK, TX 78613-4923","523 WALSH HILL TRL, CEDAR PARK, TX  78613","S9712 - WALSH TRAILS SEC 3, BLOCK N, Lot 1","R235607D"," ","S9712 - WALSH TRAILS SEC 3","Real","$705,347","$705,347"
"R496292","R-16-5757-000N-0002","KANNAN PARTHASARATHY & UMASANKARI PARTHASARATHY TRUSTEE PKUP FAMILY REVOCABLE TR","408 GUADALUP RIVER LN  GEORGETOWN, TX 78628","521 WALSH HILL TRL, CEDAR PARK, TX  78613","S9712 - WALSH TRAILS SEC 3, BLOCK N, Lot 2","R235607D"," ","S9712 - WALSH TRAILS SEC 3","Real","$529,843","$529,843"
"R496293","R-16-5757-000N-0003","DUNCAN, COREY & MONTANA","519 WALSH HILL TRL  CEDAR PARK, TX 78613","519 WALSH HILL TRL, CEDAR PARK, TX  78613","S9712 - WALSH TRAILS SEC 3, BLOCK N, Lot 3","R235607D"," ","S9712 - WALSH TRAILS SEC 3","Real","$728,497","$728,497"
"R496294","R-16-5757-000N-0004","ALCANTAR, GRACIELA","517 WALSH HILL TRL  CEDAR PARK, TX 78613","517 WALSH HILL TRL, CEDAR PARK, TX  78613","S9712 - WALSH TRAILS SEC 3, BLOCK N, Lot 4","R235607D"," ","S9712 - WALSH TRAILS SEC 3","Real","$543,795","$543,795"
"R496295","R-16-5757-000N-0005","KARNAM, UDAY BHASKAR & SRIVIDHYA SRIDHARAN","2009 GRAND LEEANNE WAY PFLUGERVILLE, TX 78660-1021","515 WALSH HILL TRL, CEDAR PARK, TX  78613","S9712 - WALSH TRAILS SEC 3, BLOCK N, Lot 5","R235607D"," ","S9712 - WALSH TRAILS SEC 3","Real","$756,994","$756,994"
"R496296","R-16-5757-000N-0006","BRILL, SAMUEL & LISA G","513 WALSH HILL TRL  CEDAR PARK, TX 78613","513 WALSH HILL TRL, CEDAR PARK, TX  78613","S9712 - WALSH TRAILS SEC 3, BLOCK N, Lot 6","R235607D"," ","S9712 - WALSH TRAILS SEC 3","Real","$659,019","$659,019"
"R496297","R-16-5757-000N-0007","NGUYEN HUY & YEN DOAN","345 LAKE LIVINGSTON DR  GEORGETOWN, TX 78628-7192","511 WALSH HILL TRL, CEDAR PARK, TX  78613","S9712 - WALSH TRAILS SEC 3, BLOCK N, Lot 7","R235607D"," ","S9712 - WALSH TRAILS SEC 3","Real","$540,397","$540,397"
"R496298","R-16-5757-000N-0008","DASARI, TONY & SINTY DASARI","509 WALSH HILL TRL CEDAR PARK, TX 78613-4870","509 WALSH HILL TRL, CEDAR PARK, TX  78613","S9712 - WALSH TRAILS SEC 3, BLOCK N, Lot 8","R235607D"," ","S9712 - WALSH TRAILS SEC 3","Real","$608,648","$608,648"
"R496299","R-16-5757-000N-0009","GUETHLE, CHRISTOPHER & JESSICA","507 WALSH HILL TRL CEDAR PARK, TX 78613-4870","507 WALSH HILL TRL, CEDAR PARK, TX  78613","S9712 - WALSH TRAILS SEC 3, BLOCK N, Lot 9","R235607D"," ","S9712 - WALSH TRAILS SEC 3","Real","$599,619","$599,619"
"R496300","R-16-5757-000N-0010","LU, WEITING & XIAOMIN LIU","505 WALSH HILL TRL  CEDAR PARK, TX 78613","505 WALSH HILL TRL, CEDAR PARK, TX  78613","S9712 - WALSH TRAILS SEC 3, BLOCK N, Lot 10","R235607D"," ","S9712 - WALSH TRAILS SEC 3","Real","$624,745","$624,745"
"R496301","R-16-5757-000N-0011","MATHUR, ROHIT & PREETI C BHAT","503 WALSH HILL TRL  CEDAR PARK, TX 78613","503 WALSH HILL TRL, CEDAR PARK, TX  78613","S9712 - WALSH TRAILS SEC 3, BLOCK N, Lot 11","R235607D"," ","S9712 - WALSH TRAILS SEC 3","Real","$646,226","$646,226"
"R496302","R-16-5757-000N-0012","ZHANG, HUIFANG","501 WALSH HILL TRL  CEDAR PARK, TX 78613","501 WALSH HILL TRL, CEDAR PARK, TX  78613","S9712 - WALSH TRAILS SEC 3, BLOCK N, Lot 12","R235607D"," ","S9712 - WALSH TRAILS SEC 3","Real","$654,089","$654,089"
"R496303","R-16-5757-000N-0013","CONNOLLY, MICHAEL BRENDAN & AUDREY MIN","500 WILLIAMS WAY  CEDAR PARK, TX 78613","500 WILLIAMS WAY, CEDAR PARK, TX  78613","S9712 - WALSH TRAILS SEC 3, BLOCK N, Lot 13","R235607D"," ","S9712 - WALSH TRAILS SEC 3","Real","$766,043","$766,043"
"R496304","R-16-5757-000N-0014","CHOU TING TSUNG & CHING YI CHANG","502 WILLIAMS WAY  CEDAR PARK, TX 78613-4867","502 WILLIAMS WAY, CEDAR PARK, TX  78613","S9712 - WALSH TRAILS SEC 3, BLOCK N, Lot 14","R235607D"," ","S9712 - WALSH TRAILS SEC 3","Real","$628,389","$628,389"
"R496305","R-16-5757-000N-0015","GADDAM, MARUTHI","504 WILLIAMS WAY  CEDAR PARK, TX 78613","504 WILLIAMS WAY, CEDAR PARK, TX  78613","S9712 - WALSH TRAILS SEC 3, BLOCK N, Lot 15","R235607D"," ","S9712 - WALSH TRAILS SEC 3","Real","$653,233","$653,233"
"R496306","R-16-5757-000N-0016","SURESH KUMAR GOVINDASWAMY & KAMALADEVI SURESH OF SGKS FAMILY RVCBL TST","506 WILLIAMS WAY  CEDAR PARK, TX 78613-4867","506 WILLIAMS WAY, CEDAR PARK, TX  78613","S9712 - WALSH TRAILS SEC 3, BLOCK N, Lot 16","R235607D"," ","S9712 - WALSH TRAILS SEC 3","Real","$763,067","$763,067"
"R496307","R-16-5757-000N-0017","KOTTARAM, SANJAY FRANCIS & BINDU JOSE","508 WILLIAMS WAY  CEDAR PARK, TX 78613","508 WILLIAMS WAY, CEDAR PARK, TX  78613","S9712 - WALSH TRAILS SEC 3, BLOCK N, Lot 17","R235607D"," ","S9712 - WALSH TRAILS SEC 3","Real","$621,666","$621,666"
"R496308","R-16-5757-000N-0018","ZHANG, ZAIHONG & DONALD COREY BATROUS","510 WILLIAMS WAY  CEDAR PARK, TX 78613","510 WILLIAMS WAY, CEDAR PARK, TX  78613","S9712 - WALSH TRAILS SEC 3, BLOCK N, Lot 18","R235607D"," ","S9712 - WALSH TRAILS SEC 3","Real","$624,274","$624,274"
"R496309","R-16-5757-000N-0019","COUNIHAN, MELISSA J","512 WILLIAMS WAY  CEDAR PARK, TX 78613","512 WILLIAMS WAY, CEDAR PARK, TX  78613","S9712 - WALSH TRAILS SEC 3, BLOCK N, Lot 19","R235607D"," ","S9712 - WALSH TRAILS SEC 3","Real","$622,461","$622,461"
"R496310","R-16-5757-000N-0020","BAXLEY, HOWARD KENNETH Jr & JULIE","514 WILLIAMS WAY  CEDAR PARK, TX 78613","514 WILLIAMS WAY, CEDAR PARK, TX  78613","S9712 - WALSH TRAILS SEC 3, BLOCK N, Lot 20","R235607D"," ","S9712 - WALSH TRAILS SEC 3","Real","$685,348","$685,348"
"R496311","R-16-5757-000N-0021","DATTATRI, MAHESHWAR & HEMALATHA GANESAN","516 WILLIAMS WAY  CEDAR PARK, TX 78613","516 WILLIAMS WAY, CEDAR PARK, TX  78613","S9712 - WALSH TRAILS SEC 3, BLOCK N, Lot 21","R235607D"," ","S9712 - WALSH TRAILS SEC 3","Real","$582,838","$582,838"
"R496312","R-16-5757-000N-0022","PALEPU, CHENCHU RAMA RAO & MADHAVI YASANGI","518 WILLIAMS WAY  CEDAR PARK, TX 78613","518 WILLIAMS WAY, CEDAR PARK, TX  78613","S9712 - WALSH TRAILS SEC 3, BLOCK N, Lot 22","R235607D"," ","S9712 - WALSH TRAILS SEC 3","Real","$708,352","$708,352"
"R496313","R-16-5757-000O-0001","AMIT KUMAR SAO & ADITI GUPTA AS CO-TRS OF THE SAO FAMILY LIVING TRUST","519 WILLIAMS WAY  CEDAR PARK, TX 78613-4922","519 WILLIAMS WAY, CEDAR PARK, TX  78613","S9712 - WALSH TRAILS SEC 3, BLOCK O, Lot 1","R235607D"," ","S9712 - WALSH TRAILS SEC 3","Real","$790,271","$790,271"
"R496314","R-16-5757-000O-0002","GOVIND, PARTHA SARADHI & SUSHMA SRIPURAM","517 WILLIAMS WAY  CEDAR PARK, TX 78613","517 WILLIAMS WAY, CEDAR PARK, TX  78613","S9712 - WALSH TRAILS SEC 3, BLOCK O, Lot 2","R235607D"," ","S9712 - WALSH TRAILS SEC 3","Real","$860,593","$860,593"
"R496315","R-16-5757-000O-0003","HAVIS, DWAYNE H & CELESTE S LUNCEFORD","515 WILLIAMS WAY CEDAR PARK, TX 78613-4867","515 WILLIAMS WAY, CEDAR PARK, TX  78613","S9712 - WALSH TRAILS SEC 3, BLOCK O, Lot 3","R235607D"," ","S9712 - WALSH TRAILS SEC 3","Real","$630,391","$630,391"
"R496316","R-16-5757-000O-0004","PRASHANT KANSAL & ASHIMA AGGARWAL TRS OF THE PRASHANT AND ASHIMA TRUST","513 WILLIAMS WAY  CEDAR PARK, TX 78613-4922","513 WILLIAMS WAY, CEDAR PARK, TX  78613","S9712 - WALSH TRAILS SEC 3, BLOCK O, Lot 4","R235607D"," ","S9712 - WALSH TRAILS SEC 3","Real","$683,281","$683,281"
"R496317","R-16-5757-000O-0005","GHANTA, RATTAIAH & JYOTHI","511 WILLIAMS WAY  CEDAR PARK, TX 78613-4922","511 WILLIAMS WAY, CEDAR PARK, TX  78613","S9712 - WALSH TRAILS SEC 3, BLOCK O, Lot 5","R235607D"," ","S9712 - WALSH TRAILS SEC 3","Real","$775,487","$775,487"
"R496318","R-16-5757-000O-0006","ERWIN, ANGELA","509 WILLIAMS WAY  CEDAR PARK, TX 78613","509 WILLIAMS WAY, CEDAR PARK, TX  78613","S9712 - WALSH TRAILS SEC 3, BLOCK O, Lot 6","R235607D"," ","S9712 - WALSH TRAILS SEC 3","Real","$695,319","$695,319"
"R496319","R-16-5757-000O-0007","KRISHNANATHAM, SENTHILKUMARAVELAN & YOGALAKSHMI ARUNACHALAM","6179 MCABEE RD SAN JOSE, CA 95120-3941","507 WILLIAMS WAY, CEDAR PARK, TX  78613","S9712 - WALSH TRAILS SEC 3, BLOCK O, Lot 7","R235607D"," ","S9712 - WALSH TRAILS SEC 3","Real","$739,935","$739,935"
"R496320","R-16-5757-000O-0008","COOK, TIMOTHY S & LINDA J","505 WILLIAMS WAY  CEDAR PARK, TX 78613","505 WILLIAMS WAY, CEDAR PARK, TX  78613","S9712 - WALSH TRAILS SEC 3, BLOCK O, Lot 8","R235607D"," ","S9712 - WALSH TRAILS SEC 3","Real","$643,573","$643,573"
"R496321","R-16-5757-000O-0009","DE GRACIA, MIGUEL A & LOURDES Y","503 WILLIAMS WAY  CEDAR PARK, TX 78613","503 WILLIAMS WAY, CEDAR PARK, TX  78613","S9712 - WALSH TRAILS SEC 3, BLOCK O, Lot 9","R235607D"," ","S9712 - WALSH TRAILS SEC 3","Real","$722,111","$722,111"
"R496322","R-16-5757-000O-0010","SINGH, BHAVDEEP & TANVEEN","501 WILLIAMS WAY  CEDAR PARK, TX 78613-4867","501 WILLIAMS WAY, CEDAR PARK, TX  78613","S9712 - WALSH TRAILS SEC 3, BLOCK O, Lot 10","R235607D"," ","S9712 - WALSH TRAILS SEC 3","Real","$777,916","$777,916"
"R496323","R-16-5757-000O-0011","NAGALLA, RAMA KRISHNA","411 WILLIAMS WAY  CEDAR PARK, TX 78613","411 WILLIAMS WAY, CEDAR PARK, TX  78613","S9712 - WALSH TRAILS SEC 3, BLOCK O, Lot 11","R235607D"," ","S9712 - WALSH TRAILS SEC 3","Real","$691,987","$691,987"
"R496324","R-16-5757-000O-0012","DEVARAJU, RANGANATHA H & ROOPAKALA MUDDAIAH COTR OF RHD & RM REVOCABLE TRUST","409 WILLIAMS WAY  CEDAR PARK, TX 78613","409 WILLIAMS WAY, CEDAR PARK, TX  78613","S9712 - WALSH TRAILS SEC 3, BLOCK O, Lot 12","R235607D"," ","S9712 - WALSH TRAILS SEC 3","Real","$773,319","$773,319"
"R496325","R-16-5757-000O-0013","MOSHTAEL-OSKOUI, PEGAH & MINA AZARI","407 WILLIAMS WAY  CEDAR PARK, TX 78613-4868","407 WILLIAMS WAY, CEDAR PARK, TX  78613","S9712 - WALSH TRAILS SEC 3, BLOCK O, Lot 13","R235607D"," ","S9712 - WALSH TRAILS SEC 3","Real","$666,534","$666,534"
"R496326","R-16-5757-000O-0014","DIVINO MARK A & ANDREA C TRUSTEES OF DIVINO FAMILY TRUST","405 WILLIAMS WAY  CEDAR PARK, TX 78613-4868","405 WILLIAMS WAY, CEDAR PARK, TX  78613","S9712 - WALSH TRAILS SEC 3, BLOCK O, Lot 14","R235607D"," ","S9712 - WALSH TRAILS SEC 3","Real","$720,704","$720,704"
"R496327","R-16-5757-000O-0015","HOLLIS, PATRICIA A","403 WILLIAMS WAY CEDAR PARK, TX 78613-4868","403 WILLIAMS WAY, CEDAR PARK, TX  78613","S9712 - WALSH TRAILS SEC 3, BLOCK O, Lot 15","R235607D"," ","S9712 - WALSH TRAILS SEC 3","Real","$592,640","$592,640"
"R496328","R-16-5757-000O-0016","JOHNSON, ZACHARY & MICHELLE","401 WILLIAMS WAY  CEDAR PARK, TX 78613","401 WILLIAMS WAY, CEDAR PARK, TX  78613","S9712 - WALSH TRAILS SEC 3, BLOCK O, Lot 16","R235607D"," ","S9712 - WALSH TRAILS SEC 3","Real","$753,456","$753,456"
"R496329","R-16-5757-000O-0017","NGUYEN, KHOA & PHUONGLAN TRUSTEES OF NGUYEN FAMILY REVOC TRUST","402 WILLIAMS WAY  CEDAR PARK, TX 78613","402 WILLIAMS WAY, CEDAR PARK, TX  78613","S9712 - WALSH TRAILS SEC 3, BLOCK O, Lot 17","R235607D"," ","S9712 - WALSH TRAILS SEC 3","Real","$780,865","$780,865"
"R496330","R-16-5757-000O-0018","HOROWITZ, MARION B","404 WILLIAMS WAY  CEDAR PARK, TX 78613","404 WILLIAMS WAY, CEDAR PARK, TX  78613","S9712 - WALSH TRAILS SEC 3, BLOCK O, Lot 18","R235607D"," ","S9712 - WALSH TRAILS SEC 3","Real","$631,009","$631,009"
"R496331","R-16-5757-000O-0019","GEORGE, JUSTIN & NIMMY JUSTIN","406 WILLIAMS WAY  CEDAR PARK, TX 78613","406 WILLIAMS WAY, CEDAR PARK, TX  78613","S9712 - WALSH TRAILS SEC 3, BLOCK O, Lot 19","R235607D"," ","S9712 - WALSH TRAILS SEC 3","Real","$766,977","$766,977"
"R496332","R-16-5757-000O-0020","LEHMAN, SCOTT R","407 WALSH HILL TRL  CEDAR PARK, TX 78613","407 WALSH HILL TRL, CEDAR PARK, TX  78613","S9712 - WALSH TRAILS SEC 3, BLOCK O, Lot 20","R235607D"," ","S9712 - WALSH TRAILS SEC 3","Real","$808,061","$808,061"
"R496333","R-16-5757-000O-0021","SUNDARAM, HOMSENTHIL & SUPRIYA KALIRAJ","8613 EVELINA TRL AUSTIN, TX 78737-8542","405 WALSH HILL TRL, CEDAR PARK, TX  78613","S9712 - WALSH TRAILS SEC 3, BLOCK O, Lot 21","R235607D"," ","S9712 - WALSH TRAILS SEC 3","Real","$733,279","$733,279"
"R502720","R-16-5758-000L-0097","WALSH TRAILS ASSOCIATION OF HOMEOWNERS INC","C/O GOODWIN MANAGEMENT, INC P.O. BOX 203310 AUSTIN, TX 78720-3310","404 WALSH HILL TRL, CEDAR PARK, TX  78613","S9828 - WALSH TRAILS SEC 4A, BLOCK L, Lot 97, ACRES 5.201, (GREENBELT)","R235607D"," ","S9828 - WALSH TRAILS SEC 4A","Real","$1,560","$1,560"
"R502721","R-16-5758-000O-0022","MANGAL, ANAND & SHIKHA JAIN","4422 ZACHARYS RUN  CEDAR PARK, TX 78613","4422 ZACHARYS RUN, CEDAR PARK, TX  78613","S9828 - WALSH TRAILS SEC 4A, BLOCK O, Lot 22","R235607D"," ","S9828 - WALSH TRAILS SEC 4A","Real","$622,388","$622,388"
"R502722","R-16-5758-000O-0023","GREESON, CHADWICK ROSS (TOD) & HEATHER K (TOD)","4420 ZACHARYS RUN  CEDAR PARK, TX 78613","4420 ZACHARYS RUN, CEDAR PARK, TX  78613","S9828 - WALSH TRAILS SEC 4A, BLOCK O, Lot 23","R235607D"," ","S9828 - WALSH TRAILS SEC 4A","Real","$705,347","$705,347"
"R502723","R-16-5758-000O-0024","TRAMP, ROBERT E & CHARLYNN E","4418 ZACHARYS RUN  CEDAR PARK, TX 78613","4418 ZACHARYS RUN, CEDAR PARK, TX  78613","S9828 - WALSH TRAILS SEC 4A, BLOCK O, Lot 24","R235607D"," ","S9828 - WALSH TRAILS SEC 4A","Real","$607,795","$607,795"
"R502724","R-16-5758-000O-0025","PATRICK PRAVINCHANDRA JOSHI & RIPA NAILESH PATEL TRS OF THE JOSHI FAMILY TRUST","4416 ZACHARYS RUN  CEDAR PARK, TX 78613-4874","4416 ZACHARYS RUN, CEDAR PARK, TX  78613","S9828 - WALSH TRAILS SEC 4A, BLOCK O, Lot 25","R235607D"," ","S9828 - WALSH TRAILS SEC 4A","Real","$754,466","$754,466"
"R502725","R-16-5758-000O-0026","KANDIKATTU, SRIHARSHA & SARIKA AMEERICHETTY","4414 ZACHARYS RUN  CEDAR PARK, TX 78613-4874","4414 ZACHARYS RUN, CEDAR PARK, TX  78613","S9828 - WALSH TRAILS SEC 4A, BLOCK O, Lot 26","R235607D"," ","S9828 - WALSH TRAILS SEC 4A","Real","$742,068","$742,068"
"R502726","R-16-5758-000O-0027","DUTT, SOURAV K & SONGHITA DAS","103 WOBURN ST  LEXINGTON, MA 02420-2223","4412 ZACHARYS RUN, CEDAR PARK, TX  78613","S9828 - WALSH TRAILS SEC 4A, BLOCK O, Lot 27","R235607D"," ","S9828 - WALSH TRAILS SEC 4A","Real","$664,566","$664,566"
"R502727","R-16-5758-000O-0028","NAIDU JITTA, PULLAIAH & NEELIMA","419 PATRICIA RD GEORGETOWN, TX 78628-9686","4410 ZACHARYS RUN, CEDAR PARK, TX  78613","S9828 - WALSH TRAILS SEC 4A, BLOCK O, Lot 28","R235607D"," ","S9828 - WALSH TRAILS SEC 4A","Real","$785,873","$785,873"
"R502728","R-16-5758-000O-0029","JENSEN, GREGORY LEE","4408 ZACHARYS RUN  CEDAR PARK, TX 78613","4408 ZACHARYS RUN, CEDAR PARK, TX  78613","S9828 - WALSH TRAILS SEC 4A, BLOCK O, Lot 29","R235607D"," ","S9828 - WALSH TRAILS SEC 4A","Real","$641,137","$641,137"
"R502729","R-16-5758-000O-0030","CHALLA, ANUP REDDY & NEELIMA KALAKONDA","4406 ZACHARYS RUN  CEDAR PARK, TX 78613","4406 ZACHARYS RUN, CEDAR PARK, TX  78613","S9828 - WALSH TRAILS SEC 4A, BLOCK O, Lot 30","R235607D"," ","S9828 - WALSH TRAILS SEC 4A","Real","$814,565","$814,565"
"R502730","R-16-5758-000O-0031","KIM, SEUNGBUM & JULIE H CHOE","4404 ZACHARYS RUN  CEDAR PARK, TX 78613","4404 ZACHARYS RUN, CEDAR PARK, TX  78613","S9828 - WALSH TRAILS SEC 4A, BLOCK O, Lot 31","R235607D"," ","S9828 - WALSH TRAILS SEC 4A","Real","$714,238","$714,238"
"R502731","R-16-5758-000O-0032","HUANG, HUAQING & YI ZHENG","4402 ZACHARYS RUN  CEDAR PARK, TX 78613","4402 ZACHARYS RUN, CEDAR PARK, TX  78613","S9828 - WALSH TRAILS SEC 4A, BLOCK O, Lot 32","R235607D"," ","S9828 - WALSH TRAILS SEC 4A","Real","$806,794","$806,794"
"R502732","R-16-5758-000O-0033","BINTZ, MILES F, II & JANA L","4400 ZACHARYS RUN  CEDAR PARK, TX 78613","4400 ZACHARYS RUN, CEDAR PARK, TX  78613","S9828 - WALSH TRAILS SEC 4A, BLOCK O, Lot 33","R235607D"," ","S9828 - WALSH TRAILS SEC 4A","Real","$917,507","$917,507"
"R502733","R-16-5758-000O-0034","WALSH TRAILS ASSOCIATION OF HOMEOWNERS INC","C/O GOODWIN MANAGEMENT, INC P.O. BOX 203310 AUSTIN, TX 78720-3310","403 WALSH HILL TRL, CEDAR PARK, TX  78613","S9828 - WALSH TRAILS SEC 4A, BLOCK O, Lot 34, ACRES 3.266, (DRAINAGE EASEMENT)","R235607D"," ","S9828 - WALSH TRAILS SEC 4A","Real","$980","$980"
"R502734","R-16-5758-000R-0005","TIMPE, DOUGLAS LYLE & JEWEL LEE","4421 ZACHARYS RUN  CEDAR PARK, TX 78613","4421 ZACHARYS RUN, CEDAR PARK, TX  78613","S9828 - WALSH TRAILS SEC 4A, BLOCK R, Lot 5","R235607D"," ","S9828 - WALSH TRAILS SEC 4A","Real","$779,856","$779,856"
"R502735","R-16-5758-000R-0006","MURALI MAHADEVAN & BHAVANI MURALI AS CO-TRS OF THE MURALI FAMILY LIVING TRUST","4419 ZACHARYS RUN  CEDAR PARK, TX 78613-4874","4419 ZACHARYS RUN, CEDAR PARK, TX  78613","S9828 - WALSH TRAILS SEC 4A, BLOCK R, Lot 6","R235607D"," ","S9828 - WALSH TRAILS SEC 4A","Real","$793,272","$793,272"
"R502736","R-16-5758-000R-0007","SOOD, GAUTAM & MADHAVI DADI","4417 ZACHARYS RUN  CEDAR PARK, TX 78613","4417 ZACHARYS RUN, CEDAR PARK, TX  78613","S9828 - WALSH TRAILS SEC 4A, BLOCK R, Lot 7","R235607D"," ","S9828 - WALSH TRAILS SEC 4A","Real","$811,914","$811,914"
"R502737","R-16-5758-000R-0008","WANG, YU FONG & JANE CHUANG","4415 ZACHARYS RUN  CEDAR PARK, TX 78613","4415 ZACHARYS RUN, CEDAR PARK, TX  78613","S9828 - WALSH TRAILS SEC 4A, BLOCK R, Lot 8","R235607D"," ","S9828 - WALSH TRAILS SEC 4A","Real","$650,445","$650,445"
"R502738","R-16-5758-000R-0009","WHITEHORN, PAULA C & GREGORY A","4413 ZACHARYS RUN  CEDAR PARK, TX 78613","4413 ZACHARYS RUN, CEDAR PARK, TX  78613","S9828 - WALSH TRAILS SEC 4A, BLOCK R, Lot 9","R235607D"," ","S9828 - WALSH TRAILS SEC 4A","Real","$822,608","$822,608"
"R502739","R-16-5758-000R-0010","YAZAN, SEDAT & BAHAR","4411 ZACHARYS RUN  CEDAR PARK, TX 78613","4411 ZACHARYS RUN, CEDAR PARK, TX  78613","S9828 - WALSH TRAILS SEC 4A, BLOCK R, Lot 10","R235607D"," ","S9828 - WALSH TRAILS SEC 4A","Real","$834,977","$834,977"
"R502740","R-16-5758-000R-0011","WHITTINGTON, SCOTT & MAYRA A","4409 ZACHARYS RUN  CEDAR PARK, TX 78613","4409 ZACHARYS RUN, CEDAR PARK, TX  78613","S9828 - WALSH TRAILS SEC 4A, BLOCK R, Lot 11","R235607D"," ","S9828 - WALSH TRAILS SEC 4A","Real","$731,055","$731,055"
"R502741","R-16-5758-000R-0012","OASIS TRUST","4407 ZACHARYS RUN  CEDAR PARK, TX 78613","4407 ZACHARYS RUN, CEDAR PARK, TX  78613","S9828 - WALSH TRAILS SEC 4A, BLOCK R, Lot 12","R235607D"," ","S9828 - WALSH TRAILS SEC 4A","Real","$852,466","$852,466"
"R502742","R-16-5758-000R-0013","ZHU, ZHENHUA","4405 ZACHARYS RUN  CEDAR PARK, TX 78613","4405 ZACHARYS RUN, CEDAR PARK, TX  78613","S9828 - WALSH TRAILS SEC 4A, BLOCK R, Lot 13","R235607D"," ","S9828 - WALSH TRAILS SEC 4A","Real","$747,284","$747,284"
"R502743","R-16-5758-000R-0014","XIONG, ZUBIAO & LUXIN WANG","4403 ZACHARYS RUN  CEDAR PARK, TX 78613","4403 ZACHARYS RUN, CEDAR PARK, TX  78613","S9828 - WALSH TRAILS SEC 4A, BLOCK R, Lot 14","R235607D"," ","S9828 - WALSH TRAILS SEC 4A","Real","$660,766","$660,766"
"R502744","R-16-5758-000R-0015","LIU, ZHAO & WEIKE WANG","4401 ZACHARYS RUN  CEDAR PARK, TX 78613","4401 ZACHARYS RUN, CEDAR PARK, TX  78613","S9828 - WALSH TRAILS SEC 4A, BLOCK R, Lot 15","R235607D"," ","S9828 - WALSH TRAILS SEC 4A","Real","$785,791","$785,791"
"R502745","R-16-5759-000A-0040","Unknown","Unknown","502 WALSH GLEN DR, CEDAR PARK, TX  78613","S9829 - WALSH TRAILS SEC 4B, BLOCK A, Lot 40","R235607D"," ","S9829 - WALSH TRAILS SEC 4B","Real","$87,900","$87,900"
"R502746","R-16-5759-000A-0041","Unknown","Unknown","500 WALSH GLEN DR, CEDAR PARK, TX  78613","S9829 - WALSH TRAILS SEC 4B, BLOCK A, Lot 41","R235607D"," ","S9829 - WALSH TRAILS SEC 4B","Real","$146,500","$146,500"
"R502747","R-16-5759-000A-0042","ARBONA, FREDERICK & MENGJIE LUO","410 WALSH GLEN DR  CEDAR PARK, TX 78613","410 WALSH GLEN DR, CEDAR PARK, TX  78613","S9829 - WALSH TRAILS SEC 4B, BLOCK A, Lot 42","R235607D"," ","S9829 - WALSH TRAILS SEC 4B","Real","$737,928","$737,928"
"R502748","R-16-5759-000A-0043","GEHRKE LIVING TRUST","408 WALSH GLEN DR  CEDAR PARK, TX 78613-4873","408 WALSH GLEN DR, CEDAR PARK, TX  78613","S9829 - WALSH TRAILS SEC 4B, BLOCK A, Lot 43","R235607D"," ","S9829 - WALSH TRAILS SEC 4B","Real","$769,064","$769,064"
"R502749","R-16-5759-000A-0044","PATIKKAL, ANAND & SUSHMA MANOJ","406 WALSH GLEN DR  CEDAR PARK, TX 78613","406 WALSH GLEN DR, CEDAR PARK, TX  78613","S9829 - WALSH TRAILS SEC 4B, BLOCK A, Lot 44","R235607D"," ","S9829 - WALSH TRAILS SEC 4B","Real","$767,644","$767,644"
"R502750","R-16-5759-000A-0045","SHARMA, AMIT KUMAR & JAYASHREE","404 WALSH GLEN DR  CEDAR PARK, TX 78613-4873","404 WALSH GLEN DR, CEDAR PARK, TX  78613","S9829 - WALSH TRAILS SEC 4B, BLOCK A, Lot 45","R235607D"," ","S9829 - WALSH TRAILS SEC 4B","Real","$701,797","$701,797"
"R502751","R-16-5759-000A-0046","WILBURN, CORY & MAERETHA","402 WALSH GLEN DR  CEDAR PARK, TX 78613","402 WALSH GLEN DR, CEDAR PARK, TX  78613","S9829 - WALSH TRAILS SEC 4B, BLOCK A, Lot 46","R235607D"," ","S9829 - WALSH TRAILS SEC 4B","Real","$746,915","$746,915"
"R502752","R-16-5759-000A-0047","RAUL PRAMOD & CHAITANYACHITRA GURAV","400 WALSH GLEN DR  CEDAR PARK, TX 78613-4873","400 WALSH GLEN DR, CEDAR PARK, TX  78613","S9829 - WALSH TRAILS SEC 4B, BLOCK A, Lot 47","R235607D"," ","S9829 - WALSH TRAILS SEC 4B","Real","$816,228","$816,228"
"R502753","R-16-5759-000A-0048","OSTLUND, JOHN ERIC & TRACY W","314 WALSH GLEN DR CEDAR PARK, TX 78613-4872","314 WALSH GLEN DR, CEDAR PARK, TX  78613","S9829 - WALSH TRAILS SEC 4B, BLOCK A, Lot 48","R235607D"," ","S9829 - WALSH TRAILS SEC 4B","Real","$777,286","$777,286"
"R502754","R-16-5759-000A-0049","CHIANG, JASON & THERESA","312 WALSH GLEN DR  CEDAR PARK, TX 78613","312 WALSH GLEN DR, CEDAR PARK, TX  78613","S9829 - WALSH TRAILS SEC 4B, BLOCK A, Lot 49","R235607D"," ","S9829 - WALSH TRAILS SEC 4B","Real","$774,441","$774,441"
"R502755","R-16-5759-000A-0050","QIAN, RENZHI & WULANTUOYA GUO","310 WALSH GLEN DR  CEDAR PARK, TX 78613","310 WALSH GLEN DR, CEDAR PARK, TX  78613","S9829 - WALSH TRAILS SEC 4B, BLOCK A, Lot 50","R235607D"," ","S9829 - WALSH TRAILS SEC 4B","Real","$675,362","$675,362"
"R502756","R-16-5759-000A-0051","SWISHER, BENJAMIN ANDREW & KRISTIN JOY","308 WALSH GLEN DR  CEDAR PARK, TX 78613-4872","308 WALSH GLEN DR, CEDAR PARK, TX  78613","S9829 - WALSH TRAILS SEC 4B, BLOCK A, Lot 51","R235607D"," ","S9829 - WALSH TRAILS SEC 4B","Real","$805,204","$805,204"
"R502757","R-16-5759-000A-0052","LAUCHNER, KATHRYN A","306 WALSH GLEN DR CEDAR PARK, TX 78613-4872","306 WALSH GLEN DR, CEDAR PARK, TX  78613","S9829 - WALSH TRAILS SEC 4B, BLOCK A, Lot 52","R235607D"," ","S9829 - WALSH TRAILS SEC 4B","Real","$622,490","$622,490"
"R502758","R-16-5759-000A-0053","JAWADEKAR, KAILAS (TOD) & VARSHA (TOD)","10005 LAVON BND  AUSTIN, TX 78717-4169","304 WALSH GLEN DR, CEDAR PARK, TX  78613","S9829 - WALSH TRAILS SEC 4B, BLOCK A, Lot 53","R235607D"," ","S9829 - WALSH TRAILS SEC 4B","Real","$770,250","$770,250"
"R502759","R-16-5759-000A-0054","BAO, ANDY TIAN-REN & KIT YING BAO","302 WALSH GLEN DR  CEDAR PARK, TX 78613","302 WALSH GLEN DR, CEDAR PARK, TX  78613","S9829 - WALSH TRAILS SEC 4B, BLOCK A, Lot 54","R235607D"," ","S9829 - WALSH TRAILS SEC 4B","Real","$702,873","$702,873"
"R502760","R-16-5759-000A-0055","WALTERS, LOUIS P & THUONG T","208 KATI LN  CEDAR PARK, TX 78613-4876","208 KATI LN, CEDAR PARK, TX  78613","S9829 - WALSH TRAILS SEC 4B, BLOCK A, Lot 55","R235607D"," ","S9829 - WALSH TRAILS SEC 4B","Real","$571,104","$571,104"
"R502761","R-16-5759-000A-0056","ROGER A BRINGMANN & LYNNE A BRINGMANN CO TRS OF THE BRINGMANN REVOCABLE TRUST","605 KODIAK TRL  CEDAR PARK, TX 78613-4130","206 KATI LN, CEDAR PARK, TX  78613","S9829 - WALSH TRAILS SEC 4B, BLOCK A, Lot 56","R235607D"," ","S9829 - WALSH TRAILS SEC 4B","Real","$640,229","$640,229"
"R502762","R-16-5759-000A-0057","STEELE, JAMES RANDOLPH & MELISSA D COTRUSTEES OF STEELE FAMILY TRUST","204 KATI LN  CEDAR PARK, TX 78613","204 KATI LN, CEDAR PARK, TX  78613","S9829 - WALSH TRAILS SEC 4B, BLOCK A, Lot 57","R235607D"," ","S9829 - WALSH TRAILS SEC 4B","Real","$583,920","$583,920"
"R502763","R-16-5759-000A-0058","KOKA, SATEESH & MADHURI MUTYALA (TOD)","201 KATI LN  CEDAR PARK, TX 78613-4876","201 KATI LN, CEDAR PARK, TX  78613","S9829 - WALSH TRAILS SEC 4B, BLOCK A, Lot 58","R235607D"," ","S9829 - WALSH TRAILS SEC 4B","Real","$775,035","$775,035"
"R502764","R-16-5759-000A-0059","SOMAGATTU, RAMESHREDDY","203 KATI LN  CEDAR PARK, TX 78613-4876","203 KATI LN, CEDAR PARK, TX  78613","S9829 - WALSH TRAILS SEC 4B, BLOCK A, Lot 59","R235607D"," ","S9829 - WALSH TRAILS SEC 4B","Real","$797,244","$797,244"
"R502765","R-16-5759-000A-0060","DSOUZA, ROYSTON (RS) & LYSANDRA A MENDONSA (RS)","480 MCCAMISH AVE  SAN JOSE, CA 95123","205 KATI LN, CEDAR PARK, TX  78613","S9829 - WALSH TRAILS SEC 4B, BLOCK A, Lot 60","R235607D"," ","S9829 - WALSH TRAILS SEC 4B","Real","$623,178","$623,178"
"R502766","R-16-5759-000A-0061","Unknown","Unknown","207 KATI LN, CEDAR PARK, TX  78613","S9829 - WALSH TRAILS SEC 4B, BLOCK A, Lot 61","R235607D"," ","S9829 - WALSH TRAILS SEC 4B","Real","$770,547","$770,547"
"R502767","R-16-5759-000A-0062","WINGATE, RODNEY E & LURA ANN","209 KATI LN CEDAR PARK, TX 78613-4876","209 KATI LN, CEDAR PARK, TX  78613","S9829 - WALSH TRAILS SEC 4B, BLOCK A, Lot 62","R235607D"," ","S9829 - WALSH TRAILS SEC 4B","Real","$628,246","$628,246"
"R502768","R-16-5759-000A-0063","CHAVEZ, CESAR & NATALIA","211 KATI LN CEDAR PARK, TX 78613-4876","211 KATI LN, CEDAR PARK, TX  78613","S9829 - WALSH TRAILS SEC 4B, BLOCK A, Lot 63","R235607D"," ","S9829 - WALSH TRAILS SEC 4B","Real","$630,979","$630,979"
"R502769","R-16-5759-000A-0064","XIA, YINGGAO & MANLI JIANG","213 KATI LN  CEDAR PARK, TX 78613","213 KATI LN, CEDAR PARK, TX  78613","S9829 - WALSH TRAILS SEC 4B, BLOCK A, Lot 64","R235607D"," ","S9829 - WALSH TRAILS SEC 4B","Real","$781,842","$781,842"
"R502770","R-16-5759-000A-0065","VALERIO-HERRERA, JOSE E & KARINA R VARGAS-ROSALES","301 KATI LN  CEDAR PARK, TX 78613","301 KATI LN, CEDAR PARK, TX  78613","S9829 - WALSH TRAILS SEC 4B, BLOCK A, Lot 65","R235607D"," ","S9829 - WALSH TRAILS SEC 4B","Real","$721,013","$721,013"
"R502771","R-16-5759-000A-0066","DIXIT, SAURABH & SUDHA","9912 ARCH SPRINGS CV AUSTIN, TX 78750-2739","303 KATI LN, CEDAR PARK, TX  78613","S9829 - WALSH TRAILS SEC 4B, BLOCK A, Lot 66","R235607D"," ","S9829 - WALSH TRAILS SEC 4B","Real","$675,951","$675,951"
"R502772","R-16-5759-000A-0067","ROACH, MICHAEL & AUDRA","305 KATI LN  CEDAR PARK, TX 78613","305 KATI LN, CEDAR PARK, TX  78613","S9829 - WALSH TRAILS SEC 4B, BLOCK A, Lot 67","R235607D"," ","S9829 - WALSH TRAILS SEC 4B","Real","$810,845","$810,845"
"R502773","R-16-5759-000A-0068","PREETHI RAMACHANDRAN & RAMACHANDRAN LAKSHMIPATHY OF SRI SAI RAM FAMILY TRUST","307 KATI LN  CEDAR PARK, TX 78613-4877","307 KATI LN, CEDAR PARK, TX  78613","S9829 - WALSH TRAILS SEC 4B, BLOCK A, Lot 68","R235607D"," ","S9829 - WALSH TRAILS SEC 4B","Real","$792,298","$792,298"
"R502774","R-16-5759-000A-0069","RAVIKUMAR SUBRAMANIAN & SANDHIYA BANU MAILAI UDAYAKUMAR","4501 CONNOR MASON CV  CEDAR PARK, TX 78613","4501 CONNOR MASON CV, CEDAR PARK, TX  78613","S9829 - WALSH TRAILS SEC 4B, BLOCK A, Lot 69","R235607D"," ","S9829 - WALSH TRAILS SEC 4B","Real","$803,121","$803,121"
"R502775","R-16-5759-000A-0070","OMKAR, TANUJ ARCOT (TOD) & VINAYA S RAYAPETA (TOD)","4500 CONNOR MASON CV  CEDAR PARK, TX 78613-4879","4500 CONNOR MASON CV, CEDAR PARK, TX  78613","S9829 - WALSH TRAILS SEC 4B, BLOCK A, Lot 70","R235607D"," ","S9829 - WALSH TRAILS SEC 4B","Real","$807,368","$807,368"
"R502776","R-16-5759-000A-0071","BALASUBRAMANIAN, MURUGAN (TOD)","4502 CONNOR MASON CV  CEDAR PARK, TX 78613","4502 CONNOR MASON CV, CEDAR PARK, TX  78613","S9829 - WALSH TRAILS SEC 4B, BLOCK A, Lot 71","R235607D"," ","S9829 - WALSH TRAILS SEC 4B","Real","$754,971","$754,971"
"R502777","R-16-5759-000A-0072","REDDY, BHANUPRAKASH (TOD) & CHANDANA S (TOD)","4504 CONNOR MASON CV  CEDAR PARK, TX 78613","4504 CONNOR MASON CV, CEDAR PARK, TX  78613","S9829 - WALSH TRAILS SEC 4B, BLOCK A, Lot 72","R235607D"," ","S9829 - WALSH TRAILS SEC 4B","Real","$779,473","$779,473"
"R502778","R-16-5759-000A-0073","CHAMBERS, CASIE M & BRYAN M","4513 ZACHARYS RUN  CEDAR PARK, TX 78613","4513 ZACHARYS RUN, CEDAR PARK, TX  78613","S9829 - WALSH TRAILS SEC 4B, BLOCK A, Lot 73","R235607D"," ","S9829 - WALSH TRAILS SEC 4B","Real","$799,766","$799,766"
"R502779","R-16-5759-000A-0074","LIM, CHRISTINE HAYEUN & ALEXANDER HYONMOOK","4511 ZACHARYS RUN  CEDAR PARK, TX 78613-4881","4511 ZACHARYS RUN, CEDAR PARK, TX  78613","S9829 - WALSH TRAILS SEC 4B, BLOCK A, Lot 74","R235607D"," ","S9829 - WALSH TRAILS SEC 4B","Real","$846,589","$846,589"
"R502780","R-16-5759-000A-0075","RAMASAMY, SURESH K & GAYATHRI SURESH","4509 ZACHARYS RUN  CEDAR PARK, TX 78613","4509 ZACHARYS RUN, CEDAR PARK, TX  78613","S9829 - WALSH TRAILS SEC 4B, BLOCK A, Lot 75","R235607D"," ","S9829 - WALSH TRAILS SEC 4B","Real","$762,651","$762,651"
"R502781","R-16-5759-000A-0076","WILEY, MATTHEW B & REYNA C","4507 ZACHARYS RUN  CEDAR PARK, TX 78613","4507 ZACHARYS RUN, CEDAR PARK, TX  78613","S9829 - WALSH TRAILS SEC 4B, BLOCK A, Lot 76","R235607D"," ","S9829 - WALSH TRAILS SEC 4B","Real","$827,908","$827,908"
"R502782","R-16-5759-000A-0077","ABROL, SAMEER & DNYANADA ANNACHHATRE","4505 ZACHARYS RUN  CEDAR PARK, TX 78613","4505 ZACHARYS RUN, CEDAR PARK, TX  78613","S9829 - WALSH TRAILS SEC 4B, BLOCK A, Lot 77","R235607D"," ","S9829 - WALSH TRAILS SEC 4B","Real","$785,143","$785,143"
"R502783","R-16-5759-000A-0078","MISHRA, MAYANK & MEGHNA SHARMA","4503 ZACHARYS RUN  CEDAR PARK, TX 78613","4503 ZACHARYS RUN, CEDAR PARK, TX  78613","S9829 - WALSH TRAILS SEC 4B, BLOCK A, Lot 78","R235607D"," ","S9829 - WALSH TRAILS SEC 4B","Real","$708,552","$708,552"
"R502784","R-16-5759-000A-0079","JONES RONALD ALAN & EILEEN JENNIFER JONES CO-TRUSTEES OF BEAR JONES LIVING TRUST","306 WALSH HILL TRL  CEDAR PARK, TX 78613","306 WALSH HILL TRL, CEDAR PARK, TX  78613","S9829 - WALSH TRAILS SEC 4B, BLOCK A, Lot 79","R235607D"," ","S9829 - WALSH TRAILS SEC 4B","Real","$607,524","$607,524"
"R502785","R-16-5759-000A-0080","VADDULA FAMILY REVOCABLE LIVING TRUST","606 APACHE DR CEDAR PARK, TX 78613","304 WALSH HILL TRL, CEDAR PARK, TX  78613","S9829 - WALSH TRAILS SEC 4B, BLOCK A, Lot 80","R235607D"," ","S9829 - WALSH TRAILS SEC 4B","Real","$610,179","$610,179"
"R502786","R-16-5759-000A-0081","SANCHEZ, DANIEL R & JENNIFER FLOR","302 WALSH HILL TRL  CEDAR PARK, TX 78613","302 WALSH HILL TRL, CEDAR PARK, TX  78613","S9829 - WALSH TRAILS SEC 4B, BLOCK A, Lot 81","R235607D"," ","S9829 - WALSH TRAILS SEC 4B","Real","$661,771","$661,771"
"R502787","R-16-5759-000A-0082","VICCAJI, KURUSH H (TOD) & PAURUCHISTY K (TOD)","300 WALSH HILL TRL  CEDAR PARK, TX 78613","300 WALSH HILL TRL, CEDAR PARK, TX  78613","S9829 - WALSH TRAILS SEC 4B, BLOCK A, Lot 82","R235607D"," ","S9829 - WALSH TRAILS SEC 4B","Real","$695,245","$695,245"
"R502788","R-16-5759-000A-0083","CITY OF CEDAR PARK","450 CYPRESS CREEK  #BLDG 1 CEDAR PARK, TX 78613","200 KATI LN, CEDAR PARK, TX  78613","S9829 - WALSH TRAILS SEC 4B, BLOCK A, Lot 83, ACRES 6.71, (PARKLAND)","R235607D"," ","S9829 - WALSH TRAILS SEC 4B","Real","$2,013","$2,013"
"R502789","R-16-5759-000L-0028","MIYASAHEB, ALIASGAR S & YAQUTA S SURKA","4612 ZACHARYS RUN  CEDAR PARK, TX 78613","4612 ZACHARYS RUN, CEDAR PARK, TX  78613","S9829 - WALSH TRAILS SEC 4B, BLOCK L, Lot 28","R235607D"," ","S9829 - WALSH TRAILS SEC 4B","Real","$669,118","$669,118"
"R502790","R-16-5759-000L-0029","CHERPACK, FRANK & LISA M","4610 ZACHARYS RUN  CEDAR PARK, TX 78613-4875","4610 ZACHARYS RUN, CEDAR PARK, TX  78613","S9829 - WALSH TRAILS SEC 4B, BLOCK L, Lot 29","R235607D"," ","S9829 - WALSH TRAILS SEC 4B","Real","$781,162","$781,162"
"R502791","R-16-5759-000L-0030","BANDI, SUKUMAR & ROOPA D SURA","4608 ZACHARYS RUN  CEDAR PARK, TX 78613","4608 ZACHARYS RUN, CEDAR PARK, TX  78613","S9829 - WALSH TRAILS SEC 4B, BLOCK L, Lot 30","R235607D"," ","S9829 - WALSH TRAILS SEC 4B","Real","$841,502","$841,502"
"R502792","R-16-5759-000L-0031","RUSSELL, PHILIPPE WILLIAM & JANIE LAREE MCDONALD","4606 ZACHARYS RUN  CEDAR PARK, TX 78613","4606 ZACHARYS RUN, CEDAR PARK, TX  78613","S9829 - WALSH TRAILS SEC 4B, BLOCK L, Lot 31","R235607D"," ","S9829 - WALSH TRAILS SEC 4B","Real","$856,959","$856,959"
"R502793","R-16-5759-000L-0032","TATARU, MARIAN IULIAN & ALINA","4604 ZACHARYS RUN  CEDAR PARK, TX 78613","4604 ZACHARYS RUN, CEDAR PARK, TX  78613","S9829 - WALSH TRAILS SEC 4B, BLOCK L, Lot 32","R235607D"," ","S9829 - WALSH TRAILS SEC 4B","Real","$633,055","$633,055"
"R502794","R-16-5759-000L-0033","YOUNG, ERIC S","4602 ZACHARYS RUN  CEDAR PARK, TX 78613","4602 ZACHARYS RUN, CEDAR PARK, TX  78613","S9829 - WALSH TRAILS SEC 4B, BLOCK L, Lot 33","R235607D"," ","S9829 - WALSH TRAILS SEC 4B","Real","$771,625","$771,625"
"R502795","R-16-5759-000L-0034","PANDEY, SIDDHARTH & AMITA MISHRA","4600 ZACHARYS RUN  CEDAR PARK, TX 78613","4600 ZACHARYS RUN, CEDAR PARK, TX  78613","S9829 - WALSH TRAILS SEC 4B, BLOCK L, Lot 34","R235607D"," ","S9829 - WALSH TRAILS SEC 4B","Real","$778,780","$778,780"
"R502796","R-16-5759-000L-0035","FRENCH, JASON & ALLEN JACKSON","4518 ZACHARYS RUN  CEDAR PARK, TX 78613-4881","4518 ZACHARYS RUN, CEDAR PARK, TX  78613","S9829 - WALSH TRAILS SEC 4B, BLOCK L, Lot 35","R235607D"," ","S9829 - WALSH TRAILS SEC 4B","Real","$696,645","$696,645"
"R502797","R-16-5759-000L-0036","ANTONOV, VOLODYMYR & IEVGENILA BAIBARA","4516 ZACHARYS RUN  CEDAR PARK, TX 78613-4881","4516 ZACHARYS RUN, CEDAR PARK, TX  78613","S9829 - WALSH TRAILS SEC 4B, BLOCK L, Lot 36","R235607D"," ","S9829 - WALSH TRAILS SEC 4B","Real","$599,055","$599,055"
"R502798","R-16-5759-000L-0037","NATIONS, RANDELL S & CINDY C","4514 ZACHARYS RUN CEDAR PARK, TX 78613-4881","4514 ZACHARYS RUN, CEDAR PARK, TX  78613","S9829 - WALSH TRAILS SEC 4B, BLOCK L, Lot 37","R235607D"," ","S9829 - WALSH TRAILS SEC 4B","Real","$807,444","$807,444"
"R502799","R-16-5759-000L-0038","MORSBACH KATHERINE A (TOD) & ZACHARY O MORSBACH (TOD)","4512 ZACHARYS RUN  CEDAR PARK, TX 78613","4512 ZACHARYS RUN, CEDAR PARK, TX  78613","S9829 - WALSH TRAILS SEC 4B, BLOCK L, Lot 38","R235607D"," ","S9829 - WALSH TRAILS SEC 4B","Real","$753,897","$753,897"
"R502800","R-16-5759-000L-0039","LACAILLE, DAMON LEE & TRACY A","4510 ZACHARYS RUN  CEDAR PARK, TX 78613","4510 ZACHARYS RUN, CEDAR PARK, TX  78613","S9829 - WALSH TRAILS SEC 4B, BLOCK L, Lot 39","R235607D"," ","S9829 - WALSH TRAILS SEC 4B","Real","$837,115","$837,115"
"R502801","R-16-5759-000L-0040","MONY, HARI & SUCHITRA SURYANARAYAN IYER","4508 ZACHARYS RUN  CEDAR PARK, TX 78613","4508 ZACHARYS RUN, CEDAR PARK, TX  78613","S9829 - WALSH TRAILS SEC 4B, BLOCK L, Lot 40","R235607D"," ","S9829 - WALSH TRAILS SEC 4B","Real","$791,058","$791,058"
"R502802","R-16-5759-000L-0041","MARTHA GUETHLE TR JAMES A & MARTHA M GUETHLE LIVING TRUST","4506 ZACHARYS RUN  CEDAR PARK, TX 78613-4881","4506 ZACHARYS RUN, CEDAR PARK, TX  78613","S9829 - WALSH TRAILS SEC 4B, BLOCK L, Lot 41","R235607D"," ","S9829 - WALSH TRAILS SEC 4B","Real","$616,454","$616,454"
"R502803","R-16-5759-000L-0042","DINGARI, MURALI MOHAN (TOD) & NEETHA KAANDOORI (T","4504 ZACHARYS RUN  CEDAR PARK, TX 78613","4504 ZACHARYS RUN, CEDAR PARK, TX  78613","S9829 - WALSH TRAILS SEC 4B, BLOCK L, Lot 42","R235607D"," ","S9829 - WALSH TRAILS SEC 4B","Real","$778,729","$778,729"
"R502804","R-16-5759-000L-0043","NADIMINTI, SATYA SRINIVAS KAMMA (TOD) & CHANDANA KAMMA (TOD)","4502 ZACHARYS RUN  CEDAR PARK, TX 78613","4502 ZACHARYS RUN, CEDAR PARK, TX  78613","S9829 - WALSH TRAILS SEC 4B, BLOCK L, Lot 43","R235607D"," ","S9829 - WALSH TRAILS SEC 4B","Real","$619,199","$619,199"
"R502805","R-16-5759-000L-0044","HUSSAIN, MUNAWAR & TASNEEM","4500 ZACHARYS RUN  CEDAR PARK, TX 78613","4500 ZACHARYS RUN, CEDAR PARK, TX  78613","S9829 - WALSH TRAILS SEC 4B, BLOCK L, Lot 44","R235607D"," ","S9829 - WALSH TRAILS SEC 4B","Real","$654,657","$654,657"
"R502806","R-16-5759-000P-0001","YEE, BING M","4601 ZACHARYS RUN CEDAR PARK, TX 78613-4875","4601 ZACHARYS RUN, CEDAR PARK, TX  78613","S9829 - WALSH TRAILS SEC 4B, BLOCK P, Lot 1","R235607D"," ","S9829 - WALSH TRAILS SEC 4B","Real","$757,130","$757,130"
"R502807","R-16-5759-000P-0002","SRIDHAR REDDY & UDAYA VEENA NALLAMILLI CO TRS NALLAMILLI LIV TRUST","4603 ZACHARYS RUN  CEDAR PARK, TX 78613","4603 ZACHARYS RUN, CEDAR PARK, TX  78613","S9829 - WALSH TRAILS SEC 4B, BLOCK P, Lot 2","R235607D"," ","S9829 - WALSH TRAILS SEC 4B","Real","$842,166","$842,166"
"R502808","R-16-5759-000P-0003","SIVARAMAN, RAMKUMAR BHAVANI & HYMA PALEPU","3200 VAQUERO LN CEDAR PARK, TX 78641-3262","4605 ZACHARYS RUN, CEDAR PARK, TX  78613","S9829 - WALSH TRAILS SEC 4B, BLOCK P, Lot 3","R235607D"," ","S9829 - WALSH TRAILS SEC 4B","Real","$591,148","$591,148"
"R502809","R-16-5759-000P-0004","ANTHONY VIET NGUYEN & NGA TU NGUYEN AS CO-TRS OF THE AN NGUYEN LEGACY TRUST","4607 ZACHARYS RUN  CEDAR PARK, TX 78613-4875","4607 ZACHARYS RUN, CEDAR PARK, TX  78613","S9829 - WALSH TRAILS SEC 4B, BLOCK P, Lot 4","R235607D"," ","S9829 - WALSH TRAILS SEC 4B","Real","$756,682","$756,682"
"R502810","R-16-5759-000P-0005","RIOS, DANIEL &  JACKIE","4609 ZACHARYS RUN  CEDAR PARK, TX 78613","4609 ZACHARYS RUN, CEDAR PARK, TX  78613","S9829 - WALSH TRAILS SEC 4B, BLOCK P, Lot 5","R235607D"," ","S9829 - WALSH TRAILS SEC 4B","Real","$607,047","$607,047"
"R502811","R-16-5759-000P-0006","HAN, LEI & MENGRAN CHEN","4611 ZACHARYS RUN  CEDAR PARK, TX 78613","4611 ZACHARYS RUN, CEDAR PARK, TX  78613","S9829 - WALSH TRAILS SEC 4B, BLOCK P, Lot 6","R235607D"," ","S9829 - WALSH TRAILS SEC 4B","Real","$697,899","$697,899"
"R502812","R-16-5759-000P-0007","SMITH, CHRISTOPHER B & LORI J","401 WALSH GLEN DR  CEDAR PARK, TX 78613","401 WALSH GLEN DR, CEDAR PARK, TX  78613","S9829 - WALSH TRAILS SEC 4B, BLOCK P, Lot 7","R235607D"," ","S9829 - WALSH TRAILS SEC 4B","Real","$913,434","$913,434"
"R502813","R-16-5759-000P-0008","SHANKAR, SUBRAMANIAM & VINISHAKTHI MARTHANDAN PILLAI","311 WALSH GLN  CEDAR PARK, TX 78613","311 WALSH GLEN DR, CEDAR PARK, TX  78613","S9829 - WALSH TRAILS SEC 4B, BLOCK P, Lot 8","R235607D"," ","S9829 - WALSH TRAILS SEC 4B","Real","$778,615","$778,615"
"R502814","R-16-5759-000P-0009","PEDDINENI, SAI & DIVYA VALLURI","309 WALSH GLEN DR  CEDAR PARK, TX 78613","309 WALSH GLEN DR, CEDAR PARK, TX  78613","S9829 - WALSH TRAILS SEC 4B, BLOCK P, Lot 9","R235607D"," ","S9829 - WALSH TRAILS SEC 4B","Real","$671,917","$671,917"
"R502815","R-16-5759-000P-0010","RAMAMOORTHY, DINESH & BHAVANI KRISHNAMURTHY","307 WALSH GLEN DR  CEDAR PARK, TX 78613","307 WALSH GLEN DR, CEDAR PARK, TX  78613","S9829 - WALSH TRAILS SEC 4B, BLOCK P, Lot 10","R235607D"," ","S9829 - WALSH TRAILS SEC 4B","Real","$838,815","$838,815"
"R502816","R-16-5759-000P-0011","YU, XUEJIAN & ZUFEN LI","305 WALSH GLEN DR  CEDAR PARK, TX 78613-4872","305 WALSH GLEN DR, CEDAR PARK, TX  78613","S9829 - WALSH TRAILS SEC 4B, BLOCK P, Lot 11","R235607D"," ","S9829 - WALSH TRAILS SEC 4B","Real","$782,931","$782,931"
"R502817","R-16-5759-000P-0012","NAVEENA KUMAR & DIVYA A BHAT OF SANKALPA FOUNDATION FAMILY REVOCABLE TRUST","303 WALSH GLEN DR  CEDAR PARK, TX 78613-4872","303 WALSH GLEN DR, CEDAR PARK, TX  78613","S9829 - WALSH TRAILS SEC 4B, BLOCK P, Lot 12","R235607D"," ","S9829 - WALSH TRAILS SEC 4B","Real","$697,137","$697,137"
"R502818","R-16-5759-000P-0013","BIDARALLI, SANTOSH KUMAR & PARIMALA SINGH","4604 SAINT MARYS LN  CEDAR PARK, TX 78613","4604 SAINT MARYS LN, CEDAR PARK, TX  78613","S9829 - WALSH TRAILS SEC 4B, BLOCK P, Lot 13","R235607D"," ","S9829 - WALSH TRAILS SEC 4B","Real","$897,006","$897,006"
"R502819","R-16-5759-000P-0014","NING, JING & ZIDONG ZHAO","4602 SAINT MARYS LN  CEDAR PARK, TX 78613","4602 SAINT MARYS LN, CEDAR PARK, TX  78613","S9829 - WALSH TRAILS SEC 4B, BLOCK P, Lot 14","R235607D"," ","S9829 - WALSH TRAILS SEC 4B","Real","$789,720","$789,720"
"R502820","R-16-5759-000P-0015","TASKER, MICHAEL & BEVERLY","4600 ST MARYS LN  CEDAR PARK, TX 78613","4600 SAINT MARYS LN, CEDAR PARK, TX  78613","S9829 - WALSH TRAILS SEC 4B, BLOCK P, Lot 15","R235607D"," ","S9829 - WALSH TRAILS SEC 4B","Real","$695,631","$695,631"
"R502821","R-16-5759-000P-0016","ABBOTT, MITCHELL K & CYNTHIA E","302 KATI LN  CEDAR PARK, TX 78613","302 KATI LN, CEDAR PARK, TX  78613","S9829 - WALSH TRAILS SEC 4B, BLOCK P, Lot 16","R235607D"," ","S9829 - WALSH TRAILS SEC 4B","Real","$602,721","$602,721"
"R502822","R-16-5759-000P-0017","SEMRANI, JACK & DIANA TYURINA","304 KATI LN  CEDAR PARK, TX 78613-4877","304 KATI LN, CEDAR PARK, TX  78613","S9829 - WALSH TRAILS SEC 4B, BLOCK P, Lot 17","R235607D"," ","S9829 - WALSH TRAILS SEC 4B","Real","$782,677","$782,677"
"R502823","R-16-5759-000P-0018","LUTSENKO, SERGEY & NADEZDA SINITSYNA","13580 LAVENDER WAY  SAN DIEGO, CA 92130-5652","306 KATI LN, CEDAR PARK, TX  78613","S9829 - WALSH TRAILS SEC 4B, BLOCK P, Lot 18","R235607D"," ","S9829 - WALSH TRAILS SEC 4B","Real","$783,977","$783,977"
"R502824","R-16-5759-000P-0019","HSU, CHIN CHIH (TOD)  & YU JU TU (TOD)","400 KATI LN  CEDAR PARK, TX 78613-4883","400 KATI LN, CEDAR PARK, TX  78613","S9829 - WALSH TRAILS SEC 4B, BLOCK P, Lot 19","R235607D"," ","S9829 - WALSH TRAILS SEC 4B","Real","$736,401","$736,401"
"R502825","R-16-5759-000P-0020","REESE, JEFFREY DENNIS & BRITNI HENRICH REESE","402 KATI LN CEDAR PARK, TX 78613-4883","402 KATI LN, CEDAR PARK, TX  78613","S9829 - WALSH TRAILS SEC 4B, BLOCK P, Lot 20","R235607D"," ","S9829 - WALSH TRAILS SEC 4B","Real","$739,255","$739,255"
"R502826","R-16-5759-000P-0021","KATRAGADDA FAMILY REVOCABLE LIVING TRUST","404 KATI LN  CEDAR PARK, TX 78613-4883","404 KATI LN, CEDAR PARK, TX  78613","S9829 - WALSH TRAILS SEC 4B, BLOCK P, Lot 21","R235607D"," ","S9829 - WALSH TRAILS SEC 4B","Real","$826,006","$826,006"
"R502827","R-16-5759-000R-0001","PATEL, SNEHAL & MONA","301 WALSH HILL TRL  CEDAR PARK, TX 78613","301 WALSH HILL TRL, CEDAR PARK, TX  78613","S9829 - WALSH TRAILS SEC 4B, BLOCK R, Lot 1","R235607D"," ","S9829 - WALSH TRAILS SEC 4B","Real","$851,703","$851,703"
"R502828","R-16-5759-000R-0002","NAMPOOTHIRI, GOVINDAN N KESAVAN & SAVITHRI DEVI MADHAVAN","303 WALSH HILL TRL  CEDAR PARK, TX 78613","303 WALSH HILL TRL, CEDAR PARK, TX  78613","S9829 - WALSH TRAILS SEC 4B, BLOCK R, Lot 2","R235607D"," ","S9829 - WALSH TRAILS SEC 4B","Real","$797,532","$797,532"
"R502829","R-16-5759-000R-0003","PADMANABHA, LAKSHMI","305 WALSH HILL TRL  CEDAR PARK, TX 78613","305 WALSH HILL TRL, CEDAR PARK, TX  78613","S9829 - WALSH TRAILS SEC 4B, BLOCK R, Lot 3","R235607D"," ","S9829 - WALSH TRAILS SEC 4B","Real","$794,297","$794,297"
"R502830","R-16-5759-000R-0004","WILSON, TAMARA","307 WALSH HILL TRL  CEDAR PARK, TX 78613","307 WALSH HILL TRL, CEDAR PARK, TX  78613","S9829 - WALSH TRAILS SEC 4B, BLOCK R, Lot 4","R235607D"," ","S9829 - WALSH TRAILS SEC 4B","Real","$628,516","$628,516"
"R673817","R-16-5754-000F-0021","WALSH, CHRISTOPHER","4001 BRUSHY CREEK RD CEDAR PARK, TX 78613-4807","4701 KERRY COURT, CEDAR PARK, TX  78613","S13717 - WALSH TRAILS, BLOCK F, Lot 21","R235607D"," ","S13717 - WALSH TRAILS","Real","$146,500","$146,500"
"R673818","R-16-5754-000F-0022","WALSH, CHRISTOPHER","4001 BRUSHY CREEK RD CEDAR PARK, TX 78613-4807","4703 KERRY COURT, CEDAR PARK, TX  78613","S13717 - WALSH TRAILS, BLOCK F, Lot 22","R235607D"," ","S13717 - WALSH TRAILS","Real","$146,500","$146,500"
"R673819","R-16-5754-000F-0023","WALSH, CHRISTOPHER","4001 BRUSHY CREEK RD CEDAR PARK, TX 78613-4807","4705 KERRY COURT, CEDAR PARK, TX  78613","S13717 - WALSH TRAILS, BLOCK F, Lot 23","R235607D"," ","S13717 - WALSH TRAILS","Real","$146,500","$146,500"
"R673820","R-16-5754-000F-0024","WALSH, CHRISTOPHER","4001 BRUSHY CREEK RD CEDAR PARK, TX 78613-4807","4707 KERRY COURT, CEDAR PARK, TX  78613","S13717 - WALSH TRAILS, BLOCK F, Lot 24","R235607D"," ","S13717 - WALSH TRAILS","Real","$146,500","$146,500"
"R673821","R-16-5754-000F-0025","WALSH, CHRISTOPHER","4001 BRUSHY CREEK RD CEDAR PARK, TX 78613-4807","4709 KERRY COURT, CEDAR PARK, TX  78613","S13717 - WALSH TRAILS, BLOCK F, Lot 25","R235607D"," ","S13717 - WALSH TRAILS","Real","$146,500","$146,500"
"R673822","R-16-5754-000F-0026","WALSH, CHRISTOPHER","4001 BRUSHY CREEK RD CEDAR PARK, TX 78613-4807","4711 KERRY COURT, CEDAR PARK, TX  78613","S13717 - WALSH TRAILS, BLOCK F, Lot 26","R235607D"," ","S13717 - WALSH TRAILS","Real","$146,500","$146,500"
"R673830","R-16-5754-000F-0027","WALSH BRUSHY CREEK RANCH LP","4001 BRUSHY CREEK RD  CEDAR PARK, TX 78631","4708 KERRY COURT, CEDAR PARK, TX  78613","S13717 - WALSH TRAILS, BLOCK F, Lot 27 (PT), ACRES 0.194","R235607D"," ","S13717 - WALSH TRAILS","Real","$58,600","$58,600"
"R673831","R-16-5754-000F-0029","WALSH BRUSHY CREEK RANCH LP","4001 BRUSHY CREEK RD  CEDAR PARK, TX 78631","KERRY CT, CEDAR PARK, TX  78613","S13717 - WALSH TRAILS, BLOCK F, Lot 29 (PT), ACRES 0.053","R235607D"," ","S13717 - WALSH TRAILS","Real","$58,600","$58,600"
"R673832","R-16-5754-000F-0030","WALSH BRUSHY CREEK RANCH LP","4001 BRUSHY CREEK RD  CEDAR PARK, TX 78631","KERRY CT, CEDAR PARK, TX  78613","S13717 - WALSH TRAILS, BLOCK F, Lot 30 (PT), ACRES 0.045","R235607D"," ","S13717 - WALSH TRAILS","Real","$58,600","$58,600"
"R673833","R-16-5754-000F-0031","WALSH BRUSHY CREEK RANCH LP","4001 BRUSHY CREEK RD  CEDAR PARK, TX 78631","KERRY CT, CEDAR PARK, TX  78613","S13717 - WALSH TRAILS, BLOCK F, Lot 31 (PT), ACRES 0.006","R235607D"," ","S13717 - WALSH TRAILS","Real","$58,600","$58,600"
"R673834","R-16-5754-000F-0034","WALSH BRUSHY CREEK RANCH LP","4001 BRUSHY CREEK RD  CEDAR PARK, TX 78631","WALSH GLEN DR, CEDAR PARK, TX  78613","S13717 - WALSH TRAILS, BLOCK F, Lot 34 (PT), ACRES 0.024, (PRIVATE GREENBELT)","R235607D"," ","S13717 - WALSH TRAILS","Real","$300","$300"
"R673835","R-16-5754-000F-034A","WALSH BRUSHY CREEK RANCH LP","4001 BRUSHY CREEK RD  CEDAR PARK, TX 78631","WALSH GLEN DR, CEDAR PARK, TX  78613","S13717 - WALSH TRAILS, BLOCK F, Lot 34 (PT), ACRES 0.004, (PRIVATE GREENBELT)","R235607D"," ","S13717 - WALSH TRAILS","Real","$300","$300"
"R673836","R-16-5754-000F-0035","WALSH BRUSHY CREEK RANCH LP","4001 BRUSHY CREEK RD  CEDAR PARK, TX 78631","WALSH GLEN DR, CEDAR PARK, TX  78613","S13717 - WALSH TRAILS, BLOCK F, Lot 35 (PT), ACRES 0.074, (OPEN SPACE)","R235607D"," ","S13717 - WALSH TRAILS","Real","$300","$300"
"R673837","R-16-5754-000A-0001","KL LB BUY 4 LLC","6900 E CAMELBACK RD  #STE 800 SCOTTSDALE, AZ 85251","4607 BRANAGH LN, CEDAR PARK, TX  78613","S13717 - WALSH TRAILS, BLOCK A, Lot 1","R235607D"," ","S13717 - WALSH TRAILS","Real","$43,950","$43,950"
"R673838","R-16-5754-000A-0002","KL LB BUY 4 LLC","6900 E CAMELBACK RD  #STE 800 SCOTTSDALE, AZ 85251","4605 BRANAGH LN, CEDAR PARK, TX  78613","S13717 - WALSH TRAILS, BLOCK A, Lot 2","R235607D"," ","S13717 - WALSH TRAILS","Real","$43,950","$43,950"
"R673839","R-16-5754-000A-0003","KL LB BUY 4 LLC","6900 E CAMELBACK RD  #STE 800 SCOTTSDALE, AZ 85251","4603 BRANAGH LN, CEDAR PARK, TX  78613","S13717 - WALSH TRAILS, BLOCK A, Lot 3","R235607D"," ","S13717 - WALSH TRAILS","Real","$43,950","$43,950"
"R673840","R-16-5754-000A-0004","KL LB BUY 4 LLC","6900 E CAMELBACK RD  #STE 800 SCOTTSDALE, AZ 85251","4601 BRANAGH LN, CEDAR PARK, TX  78613","S13717 - WALSH TRAILS, BLOCK A, Lot 4","R235607D"," ","S13717 - WALSH TRAILS","Real","$43,950","$43,950"
"R673841","R-16-5754-000A-0005","KL LB BUY 4 LLC","6900 E CAMELBACK RD  #STE 800 SCOTTSDALE, AZ 85251","4511 BRANAGH LN, CEDAR PARK, TX  78613","S13717 - WALSH TRAILS, BLOCK A, Lot 5","R235607D"," ","S13717 - WALSH TRAILS","Real","$43,950","$43,950"
"R673842","R-16-5754-000A-0006","KL LB BUY 4 LLC","6900 E CAMELBACK RD  #STE 800 SCOTTSDALE, AZ 85251","4509 BRANAGH LN, CEDAR PARK, TX  78613","S13717 - WALSH TRAILS, BLOCK A, Lot 6","R235607D"," ","S13717 - WALSH TRAILS","Real","$43,950","$43,950"
"R673843","R-16-5754-000A-0007","KL LB BUY 4 LLC","6900 E CAMELBACK RD  #STE 800 SCOTTSDALE, AZ 85251","4507 BRANAGH LN, CEDAR PARK, TX  78613","S13717 - WALSH TRAILS, BLOCK A, Lot 7","R235607D"," ","S13717 - WALSH TRAILS","Real","$43,950","$43,950"
"R673844","R-16-5754-000A-0008","TOLL SOUTHWEST LLC","2555 SW GRAPEVINE PKWY  #STE 100 GRAPEVINE, TX 76051","4505 BRANAGH LN, CEDAR PARK, TX  78613","S13717 - WALSH TRAILS, BLOCK A, Lot 8","R235607D"," ","S13717 - WALSH TRAILS","Real","$43,950","$43,950"
"R673845","R-16-5754-000A-0009","KL LB BUY 4 LLC","6900 E CAMELBACK RD  #STE 800 SCOTTSDALE, AZ 85251","4503 BRANAGH LN, CEDAR PARK, TX  78613","S13717 - WALSH TRAILS, BLOCK A, Lot 9","R235607D"," ","S13717 - WALSH TRAILS","Real","$43,950","$43,950"
"R673846","R-16-5754-000A-0010","KL LB BUY 4 LLC","6900 E CAMELBACK RD  #STE 800 SCOTTSDALE, AZ 85251","4501 BRANAGH LN, CEDAR PARK, TX  78613","S13717 - WALSH TRAILS, BLOCK A, Lot 10","R235607D"," ","S13717 - WALSH TRAILS","Real","$43,950","$43,950"
"R673847","R-16-5754-000A-0011","TOLL SOUTHWEST LLC","1140 VIRGINIA DR  FORT WASHINGTON, PA 19034-3204","501 LISTOWEL DR, CEDAR PARK, TX  78613","S13717 - WALSH TRAILS, BLOCK A, Lot 11","R235607D"," ","S13717 - WALSH TRAILS","Real","$43,950","$43,950"
"R673848","R-16-5754-000A-0012","KL LB BUY 4 LLC","6900 E CAMELBACK RD  #STE 800 SCOTTSDALE, AZ 85251","503 LISTOWEL DR, CEDAR PARK, TX  78613","S13717 - WALSH TRAILS, BLOCK A, Lot 12","R235607D"," ","S13717 - WALSH TRAILS","Real","$43,950","$43,950"
"R673849","R-16-5754-000A-0013","TOLL SOUTHWEST LLC","1140 VIRGINIA DR  FORT WASHINGTON, PA 19034-3204","505 LISTOWEL DR, CEDAR PARK, TX  78613","S13717 - WALSH TRAILS, BLOCK A, Lot 13","R235607D"," ","S13717 - WALSH TRAILS","Real","$58,600","$58,600"
"R673850","R-16-5754-000A-0014","TOLL SOUTHWEST LLC","1140 VIRGINIA DR  FORT WASHINGTON, PA 19034-3204","507 LISTOWEL DR, CEDAR PARK, TX  78613","S13717 - WALSH TRAILS, BLOCK A, Lot 14","R235607D"," ","S13717 - WALSH TRAILS","Real","$58,600","$58,600"
"R673851","R-16-5754-000A-0015","KL LB BUY 4 LLC","6900 E CAMELBACK RD  #STE 800 SCOTTSDALE, AZ 85251","509 LISTOWEL DR, CEDAR PARK, TX  78613","S13717 - WALSH TRAILS, BLOCK A, Lot 15","R235607D"," ","S13717 - WALSH TRAILS","Real","$43,950","$43,950"
"R673852","R-16-5754-000A-0016","KL LB BUY 4 LLC","6900 E CAMELBACK RD  #STE 800 SCOTTSDALE, AZ 85251","511 LISTOWEL DR, CEDAR PARK, TX  78613","S13717 - WALSH TRAILS, BLOCK A, Lot 16","R235607D"," ","S13717 - WALSH TRAILS","Real","$43,950","$43,950"
"R673853","R-16-5754-000A-0017","TOLL SOUTHWEST LLC","2555 SW GRAPEVINE PKWY  #STE 100 GRAPEVINE, TX 76051","513 LISTOWEL DR, CEDAR PARK, TX  78613","S13717 - WALSH TRAILS, BLOCK A, Lot 17","R235607D"," ","S13717 - WALSH TRAILS","Real","$43,950","$43,950"
"R673854","R-16-5754-000A-0018","KL LB BUY 4 LLC","6900 E CAMELBACK RD  #STE 800 SCOTTSDALE, AZ 85251","LISTOWEL DR, CEDAR PARK, TX  78613","S13717 - WALSH TRAILS, BLOCK A, Lot 18","R235607D"," ","S13717 - WALSH TRAILS","Real","$43,950","$43,950"
"R673855","R-16-5754-000A-0019","TOLL SOUTHWEST LLC","1140 VIRGINIA DR  FORT WASHINGTON, PA 19034-3204","517 LISTOWEL DR, CEDAR PARK, TX  78613","S13717 - WALSH TRAILS, BLOCK A, Lot 19","R235607D"," ","S13717 - WALSH TRAILS","Real","$43,950","$43,950"
"R673856","R-16-5754-000A-0020","KL LB BUY 4 LLC","6900 E CAMELBACK RD  #STE 800 SCOTTSDALE, AZ 85251","519 LISTOWEL DR, CEDAR PARK, TX  78613","S13717 - WALSH TRAILS, BLOCK A, Lot 20","R235607D"," ","S13717 - WALSH TRAILS","Real","$43,950","$43,950"
"R673857","R-16-5754-000A-0021","KL LB BUY 4 LLC","6900 E CAMELBACK RD  #STE 800 SCOTTSDALE, AZ 85251","521 LISTOWEL DR, CEDAR PARK, TX  78613","S13717 - WALSH TRAILS, BLOCK A, Lot 21","R235607D"," ","S13717 - WALSH TRAILS","Real","$43,950","$43,950"
"R673858","R-16-5754-000A-0022","KL LB BUY 4 LLC","6900 E CAMELBACK RD  #STE 800 SCOTTSDALE, AZ 85251","523 LISTOWEL DR, CEDAR PARK, TX  78613","S13717 - WALSH TRAILS, BLOCK A, Lot 22","R235607D"," ","S13717 - WALSH TRAILS","Real","$43,950","$43,950"
"R673859","R-16-5754-000A-0023","KL LB BUY 4 LLC","6900 E CAMELBACK RD  #STE 800 SCOTTSDALE, AZ 85251","4500 OL BRUSHY LN, CEDAR PARK, TX  78613","S13717 - WALSH TRAILS, BLOCK A, Lot 23","R235607D"," ","S13717 - WALSH TRAILS","Real","$43,950","$43,950"
"R673860","R-16-5754-000A-0024","KL LB BUY 4 LLC","6900 E CAMELBACK RD  #STE 800 SCOTTSDALE, AZ 85251","4502 OL BRUSHY LN, CEDAR PARK, TX  78613","S13717 - WALSH TRAILS, BLOCK A, Lot 24","R235607D"," ","S13717 - WALSH TRAILS","Real","$43,950","$43,950"
"R673861","R-16-5754-000A-0025","KL LB BUY 4 LLC","6900 E CAMELBACK RD  #STE 800 SCOTTSDALE, AZ 85251","4504 OL BRUSHY LN, CEDAR PARK, TX  78613","S13717 - WALSH TRAILS, BLOCK A, Lot 25","R235607D"," ","S13717 - WALSH TRAILS","Real","$43,950","$43,950"
"R673862","R-16-5754-000A-0026","TOLL SOUTHWEST LLC","1140 VIRGINIA DR  FORT WASHINGTON, PA 19034-3204","4600 OL BRUSHY LN, CEDAR PARK, TX  78613","S13717 - WALSH TRAILS, BLOCK A, Lot 26","R235607D"," ","S13717 - WALSH TRAILS","Real","$43,950","$43,950"
"R673863","R-16-5754-000A-0027","KL LB BUY 4 LLC","6900 E CAMELBACK RD  #STE 800 SCOTTSDALE, AZ 85251","4602 OL BRUSHY LN, CEDAR PARK, TX  78613","S13717 - WALSH TRAILS, BLOCK A, Lot 27","R235607D"," ","S13717 - WALSH TRAILS","Real","$43,950","$43,950"
"R673864","R-16-5754-000A-0028","KL LB BUY 4 LLC","6900 E CAMELBACK RD  #STE 800 SCOTTSDALE, AZ 85251","4604 OL BRUSHY LN, CEDAR PARK, TX  78613","S13717 - WALSH TRAILS, BLOCK A, Lot 28","R235607D"," ","S13717 - WALSH TRAILS","Real","$43,950","$43,950"
"R673865","R-16-5754-000A-0029","KL LB BUY 4 LLC","6900 E CAMELBACK RD  #STE 800 SCOTTSDALE, AZ 85251","4606 OL BRUSHY LN, CEDAR PARK, TX  78613","S13717 - WALSH TRAILS, BLOCK A, Lot 29","R235607D"," ","S13717 - WALSH TRAILS","Real","$43,950","$43,950"
"R673866","R-16-5754-000A-0030","KL LB BUY 4 LLC","6900 E CAMELBACK RD  #STE 800 SCOTTSDALE, AZ 85251","4607 KILKENNY HILL DR, CEDAR PARK, TX  78613","S13717 - WALSH TRAILS, BLOCK A, Lot 30","R235607D"," ","S13717 - WALSH TRAILS","Real","$43,950","$43,950"
"R673867","R-16-5754-000A-0031","TOLL SOUTHWEST LLC","1140 VIRGINIA DR  FORT WASHINGTON, PA 19034-3204","4605 KILKENNY HILL DR, CEDAR PARK, TX  78613","S13717 - WALSH TRAILS, BLOCK A, Lot 31","R235607D"," ","S13717 - WALSH TRAILS","Real","$58,600","$58,600"
"R673868","R-16-5754-000A-0032","KL LB BUY 4 LLC","6900 E CAMELBACK RD  #STE 800 SCOTTSDALE, AZ 85251","4603 KILKENNY HILL DR, CEDAR PARK, TX  78613","S13717 - WALSH TRAILS, BLOCK A, Lot 32","R235607D"," ","S13717 - WALSH TRAILS","Real","$43,950","$43,950"
"R673869","R-16-5754-000A-0033","KL LB BUY 4 LLC","6900 E CAMELBACK RD  #STE 800 SCOTTSDALE, AZ 85251","4601 KILKENNY HILL DR, CEDAR PARK, TX  78613","S13717 - WALSH TRAILS, BLOCK A, Lot 33","R235607D"," ","S13717 - WALSH TRAILS","Real","$43,950","$43,950"
"R673870","R-16-5754-000A-0034","TOLL SOUTHWEST LLC","1140 VIRGINIA DR  FORT WASHINGTON, PA 19034-3204","4507 KILKENNY HILL DR, CEDAR PARK, TX  78613","S13717 - WALSH TRAILS, BLOCK A, Lot 34","R235607D"," ","S13717 - WALSH TRAILS","Real","$43,950","$43,950"
"R673871","R-16-5754-000A-0035","TOLL SOUTHWEST LLC","1140 VIRGINIA DR  FORT WASHINGTON, PA 19034-3204","4505 KILKENNY HILL DR, CEDAR PARK, TX  78613","S13717 - WALSH TRAILS, BLOCK A, Lot 35","R235607D"," ","S13717 - WALSH TRAILS","Real","$43,950","$43,950"
"R673872","R-16-5754-000A-0036","TOLL SOUTHWEST LLC","2555 SW GRAPEVINE PKWY  #STE 100 GRAPEVINE, TX 76051","4503 KILKENNY HILL DR, CEDAR PARK, TX  78613","S13717 - WALSH TRAILS, BLOCK A, Lot 36","R235607D"," ","S13717 - WALSH TRAILS","Real","$43,950","$43,950"
"R673873","R-16-5754-000A-0037","KL LB BUY 4 LLC","6900 E CAMELBACK RD  #STE 800 SCOTTSDALE, AZ 85251","4501 KILKENNY HILL DR, CEDAR PARK, TX  78613","S13717 - WALSH TRAILS, BLOCK A, Lot 37","R235607D"," ","S13717 - WALSH TRAILS","Real","$43,950","$43,950"
"R673874","R-16-5754-000B-0001","TOLL SOUTHWEST LLC","1140 VIRGINIA DR  FORT WASHINGTON, PA 19034-3204","4510 BRANAGH LN, CEDAR PARK, TX  78613","S13717 - WALSH TRAILS, BLOCK B, Lot 1","R235607D"," ","S13717 - WALSH TRAILS","Real","$43,950","$43,950"
"R673875","R-16-5754-000B-0002","TOLL SOUTHWEST LLC","2555 SW GRAPEVINE PKWY  #STE 100 GRAPEVINE, TX 76051","4508 BRANAGH LN, CEDAR PARK, TX  78613","S13717 - WALSH TRAILS, BLOCK B, Lot 2","R235607D"," ","S13717 - WALSH TRAILS","Real","$43,950","$43,950"
"R673876","R-16-5754-000B-0003","TOLL SOUTHWEST LLC","2555 SW GRAPEVINE PKWY  #STE 100 GRAPEVINE, TX 76051","4506 BRANAGH LN, CEDAR PARK, TX  78613","S13717 - WALSH TRAILS, BLOCK B, Lot 3","R235607D"," ","S13717 - WALSH TRAILS","Real","$43,950","$43,950"
"R673877","R-16-5754-000B-0004","TOLL SOUTHWEST LLC","1140 VIRGINIA DR  FORT WASHINGTON, PA 19034-3204","4504 BRANAGH LN, CEDAR PARK, TX  78613","S13717 - WALSH TRAILS, BLOCK B, Lot 4","R235607D"," ","S13717 - WALSH TRAILS","Real","$43,950","$43,950"
"R673878","R-16-5754-000B-0005","TOLL SOUTHWEST LLC","2555 SW GRAPEVINE PKWY  #STE 100 GRAPEVINE, TX 76051","506 LISTOWEL DR, CEDAR PARK, TX  78613","S13717 - WALSH TRAILS, BLOCK B, Lot 5","R235607D"," ","S13717 - WALSH TRAILS","Real","$43,950","$43,950"
"R673879","R-16-5754-000B-0006","KL LB BUY 4 LLC","6900 E CAMELBACK RD  #STE 800 SCOTTSDALE, AZ 85251","508 LISTOWEL DR, CEDAR PARK, TX  78613","S13717 - WALSH TRAILS, BLOCK B, Lot 6","R235607D"," ","S13717 - WALSH TRAILS","Real","$43,950","$43,950"
"R673880","R-16-5754-000B-0007","TOLL SOUTHWEST LLC","1140 VIRGINIA DR  FORT WASHINGTON, PA 19034-3204","510 LISTOWEL DR, CEDAR PARK, TX  78613","S13717 - WALSH TRAILS, BLOCK B, Lot 7","R235607D"," ","S13717 - WALSH TRAILS","Real","$43,950","$43,950"
"R673881","R-16-5754-000B-0008","TOLL SOUTHWEST LLC","2555 SW GRAPEVINE PKWY  #STE 100 GRAPEVINE, TX 76051","512 LISTOWEL DR, CEDAR PARK, TX  78613","S13717 - WALSH TRAILS, BLOCK B, Lot 8","R235607D"," ","S13717 - WALSH TRAILS","Real","$43,950","$43,950"
"R673882","R-16-5754-000B-0009","KL LB BUY 4 LLC","6900 E CAMELBACK RD  #STE 800 SCOTTSDALE, AZ 85251","514 LISTOWEL DR, CEDAR PARK, TX  78613","S13717 - WALSH TRAILS, BLOCK B, Lot 9","R235607D"," ","S13717 - WALSH TRAILS","Real","$43,950","$43,950"
"R673883","R-16-5754-000B-0010","TOLL SOUTHWEST LLC","1140 VIRGINIA DR  FORT WASHINGTON, PA 19034-3204","516 LISTOWEL DR, CEDAR PARK, TX  78613","S13717 - WALSH TRAILS, BLOCK B, Lot 10","R235607D"," ","S13717 - WALSH TRAILS","Real","$43,950","$43,950"
"R673884","R-16-5754-000B-0011","TOLL SOUTHWEST LLC","2555 SW GRAPEVINE PKWY  #STE 100 GRAPEVINE, TX 76051","518 LISTOWEL DR, CEDAR PARK, TX  78613","S13717 - WALSH TRAILS, BLOCK B, Lot 11","R235607D"," ","S13717 - WALSH TRAILS","Real","$43,950","$43,950"
"R673885","R-16-5754-000B-0012","KL LB BUY 4 LLC","6900 E CAMELBACK RD  #STE 800 SCOTTSDALE, AZ 85251","520 LISTOWEL DR, CEDAR PARK, TX  78613","S13717 - WALSH TRAILS, BLOCK B, Lot 12","R235607D"," ","S13717 - WALSH TRAILS","Real","$43,950","$43,950"
"R673886","R-16-5754-000B-0013","KL LB BUY 4 LLC","6900 E CAMELBACK RD  #STE 800 SCOTTSDALE, AZ 85251","511 ALDERNEY RD, CEDAR PARK, TX  78613","S13717 - WALSH TRAILS, BLOCK B, Lot 13","R235607D"," ","S13717 - WALSH TRAILS","Real","$43,950","$43,950"
"R673887","R-16-5754-000B-0014","TOLL SOUTHWEST LLC","1140 VIRGINIA DR  FORT WASHINGTON, PA 19034-3204","509 ALDERNEY RD, CEDAR PARK, TX  78613","S13717 - WALSH TRAILS, BLOCK B, Lot 14","R235607D"," ","S13717 - WALSH TRAILS","Real","$43,950","$43,950"
"R673888","R-16-5754-000B-0015","TOLL SOUTHWEST LLC","1140 VIRGINIA DR  FORT WASHINGTON, PA 19034-3204","507 ALDERNEY RD, CEDAR PARK, TX  78613","S13717 - WALSH TRAILS, BLOCK B, Lot 15","R235607D"," ","S13717 - WALSH TRAILS","Real","$58,600","$58,600"
"R673889","R-16-5754-000B-0016","TOLL SOUTHWEST LLC","1140 VIRGINIA DR  FORT WASHINGTON, PA 19034-3204","505 ALDERNEY RD, CEDAR PARK, TX  78613","S13717 - WALSH TRAILS, BLOCK B, Lot 16","R235607D"," ","S13717 - WALSH TRAILS","Real","$58,600","$58,600"
"R673890","R-16-5754-000C-0001","TOLL SOUTHWEST LLC","1140 VIRGINIA DR  FORT WASHINGTON, PA 19034-3204","515 WALSH GLEN DR, CEDAR PARK, TX  78613","S13717 - WALSH TRAILS, BLOCK C, Lot 1","R235607D"," ","S13717 - WALSH TRAILS","Real","$43,950","$43,950"
"R673891","R-16-5754-000C-0002","TOLL SOUTHWEST LLC","1140 VIRGINIA DR  FORT WASHINGTON, PA 19034-3204","517 WALSH GLEN DR, CEDAR PARK, TX  78613","S13717 - WALSH TRAILS, BLOCK C, Lot 2","R235607D"," ","S13717 - WALSH TRAILS","Real","$43,950","$43,950"
"R673892","R-16-5754-000C-0003","TOLL SOUTHWEST LLC","1140 VIRGINIA DR  FORT WASHINGTON, PA 19034-3204","519 WALSH GLEN DR, CEDAR PARK, TX  78613","S13717 - WALSH TRAILS, BLOCK C, Lot 3","R235607D"," ","S13717 - WALSH TRAILS","Real","$43,950","$43,950"
"R673893","R-16-5754-000C-0004","TOLL SOUTHWEST LLC","2555 SW GRAPEVINE PKWY  #STE 100 GRAPEVINE, TX 76051","521 WALSH GLEN DR, CEDAR PARK, TX  78613","S13717 - WALSH TRAILS, BLOCK C, Lot 4","R235607D"," ","S13717 - WALSH TRAILS","Real","$43,950","$43,950"
"R673894","R-16-5754-000C-0005","KL LB BUY 4 LLC","6900 E CAMELBACK RD  #STE 800 SCOTTSDALE, AZ 85251","523 WALSH GLEN DR, CEDAR PARK, TX  78613","S13717 - WALSH TRAILS, BLOCK C, Lot 5","R235607D"," ","S13717 - WALSH TRAILS","Real","$43,950","$43,950"
"R673895","R-16-5754-000C-0006","KL LB BUY 4 LLC","6900 E CAMELBACK RD  #STE 800 SCOTTSDALE, AZ 85251","525 WALSH GLEN DR, CEDAR PARK, TX  78613","S13717 - WALSH TRAILS, BLOCK C, Lot 6","R235607D"," ","S13717 - WALSH TRAILS","Real","$43,950","$43,950"
"R673896","R-16-5754-000C-0007","KL LB BUY 4 LLC","6900 E CAMELBACK RD  #STE 800 SCOTTSDALE, AZ 85251","527 WALSH GLEN DR, CEDAR PARK, TX  78613","S13717 - WALSH TRAILS, BLOCK C, Lot 7","R235607D"," ","S13717 - WALSH TRAILS","Real","$43,950","$43,950"
"R673897","R-16-5754-000C-0008","KL LB BUY 4 LLC","6900 E CAMELBACK RD  #STE 800 SCOTTSDALE, AZ 85251","529 WALSH GLEN DR, CEDAR PARK, TX  78613","S13717 - WALSH TRAILS, BLOCK C, Lot 8","R235607D"," ","S13717 - WALSH TRAILS","Real","$43,950","$43,950"
"R673898","R-16-5754-000C-0009","KL LB BUY 4 LLC","6900 E CAMELBACK RD  #STE 800 SCOTTSDALE, AZ 85251","531 WALSH GLEN DR, CEDAR PARK, TX  78613","S13717 - WALSH TRAILS, BLOCK C, Lot 9","R235607D"," ","S13717 - WALSH TRAILS","Real","$43,950","$43,950"
"R673899","R-16-5754-000C-0010","KL LB BUY 4 LLC","6900 E CAMELBACK RD  #STE 800 SCOTTSDALE, AZ 85251","533 WALSH GLEN DR, CEDAR PARK, TX  78613","S13717 - WALSH TRAILS, BLOCK C, Lot 10","R235607D"," ","S13717 - WALSH TRAILS","Real","$43,950","$43,950"
"R673900","R-16-5754-000C-0011","TOLL SOUTHWEST LLC","1140 VIRGINIA DR  FORT WASHINGTON, PA 19034-3204","535 WALSH GLEN DR, CEDAR PARK, TX  78613","S13717 - WALSH TRAILS, BLOCK C, Lot 11","R235607D"," ","S13717 - WALSH TRAILS","Real","$43,950","$43,950"
"R673901","R-16-5754-000C-0012","TOLL SOUTHWEST LLC","1140 VIRGINIA DR  FORT WASHINGTON, PA 19034-3204","520 ALDERNEY RD, CEDAR PARK, TX  78613","S13717 - WALSH TRAILS, BLOCK C, Lot 12","R235607D"," ","S13717 - WALSH TRAILS","Real","$43,950","$43,950"
"R673902","R-16-5754-000C-0013","TOLL SOUTHWEST LLC","1140 VIRGINIA DR  FORT WASHINGTON, PA 19034-3204","518 ALDERNEY RD, CEDAR PARK, TX  78613","S13717 - WALSH TRAILS, BLOCK C, Lot 13","R235607D"," ","S13717 - WALSH TRAILS","Real","$58,600","$58,600"
"R673903","R-16-5754-000C-0014","KL LB BUY 4 LLC","6900 E CAMELBACK RD  #STE 800 SCOTTSDALE, AZ 85251","516 ALDERNEY RD, CEDAR PARK, TX  78613","S13717 - WALSH TRAILS, BLOCK C, Lot 14","R235607D"," ","S13717 - WALSH TRAILS","Real","$43,950","$43,950"
"R673904","R-16-5754-000C-0015","KL LB BUY 4 LLC","6900 E CAMELBACK RD  #STE 800 SCOTTSDALE, AZ 85251","514 ALDERNEY RD, CEDAR PARK, TX  78613","S13717 - WALSH TRAILS, BLOCK C, Lot 15","R235607D"," ","S13717 - WALSH TRAILS","Real","$43,950","$43,950"
"R673905","R-16-5754-000C-0016","KL LB BUY 4 LLC","6900 E CAMELBACK RD  #STE 800 SCOTTSDALE, AZ 85251","512 ALDERNEY RD, CEDAR PARK, TX  78613","S13717 - WALSH TRAILS, BLOCK C, Lot 16","R235607D"," ","S13717 - WALSH TRAILS","Real","$43,950","$43,950"
"R673906","R-16-5754-000C-0017","KL LB BUY 4 LLC","6900 E CAMELBACK RD  #STE 800 SCOTTSDALE, AZ 85251","510 ALDERNEY RD, CEDAR PARK, TX  78613","S13717 - WALSH TRAILS, BLOCK C, Lot 17","R235607D"," ","S13717 - WALSH TRAILS","Real","$43,950","$43,950"
"R673907","R-16-5754-000C-0018","KL LB BUY 4 LLC","6900 E CAMELBACK RD  #STE 800 SCOTTSDALE, AZ 85251","508 ALDERNEY RD, CEDAR PARK, TX  78613","S13717 - WALSH TRAILS, BLOCK C, Lot 18","R235607D"," ","S13717 - WALSH TRAILS","Real","$43,950","$43,950"
"R673908","R-16-5754-000C-0019","KL LB BUY 4 LLC","6900 E CAMELBACK RD  #STE 800 SCOTTSDALE, AZ 85251","506 ALDERNEY RD, CEDAR PARK, TX  78613","S13717 - WALSH TRAILS, BLOCK C, Lot 19","R235607D"," ","S13717 - WALSH TRAILS","Real","$43,950","$43,950"
"R673909","R-16-5754-000C-0020","KL LB BUY 4 LLC","6900 E CAMELBACK RD  #STE 800 SCOTTSDALE, AZ 85251","504 ALDERNEY RD, CEDAR PARK, TX  78613","S13717 - WALSH TRAILS, BLOCK C, Lot 20","R235607D"," ","S13717 - WALSH TRAILS","Real","$43,950","$43,950"
"R673910","R-16-5754-000C-0021","KL LB BUY 4 LLC","6900 E CAMELBACK RD  #STE 800 SCOTTSDALE, AZ 85251","502 ALDERNEY RD, CEDAR PARK, TX  78613","S13717 - WALSH TRAILS, BLOCK C, Lot 21","R235607D"," ","S13717 - WALSH TRAILS","Real","$43,950","$43,950"
"R673911","R-16-5754-000C-0022","TOLL SOUTHWEST LLC","1140 VIRGINIA DR  FORT WASHINGTON, PA 19034-3204","500 ALDERNEY RD, CEDAR PARK, TX  78613","S13717 - WALSH TRAILS, BLOCK C, Lot 22","R235607D"," ","S13717 - WALSH TRAILS","Real","$43,950","$43,950"
"R673912","R-16-5754-000D-0001","TOLL SOUTHWEST LLC","1140 VIRGINIA DR  FORT WASHINGTON, PA 19034-3204","4504 KILKENNY HILL DR, CEDAR PARK, TX  78613","S13717 - WALSH TRAILS, BLOCK D, Lot 1","R235607D"," ","S13717 - WALSH TRAILS","Real","$43,950","$43,950"
"R673913","R-16-5754-000D-0002","TOLL SOUTHWEST LLC","1140 VIRGINIA DR  FORT WASHINGTON, PA 19034-3204","4502 KILKENNY HILL DR, CEDAR PARK, TX  78613","S13717 - WALSH TRAILS, BLOCK D, Lot 2","R235607D"," ","S13717 - WALSH TRAILS","Real","$43,950","$43,950"
"R673914","R-16-5754-000D-0003","TOLL SOUTHWEST LLC","2555 SW GRAPEVINE PKWY  #STE 100 GRAPEVINE, TX 76051","4500 KILKENNY HILL DR, CEDAR PARK, TX  78613","S13717 - WALSH TRAILS, BLOCK D, Lot 3","R235607D"," ","S13717 - WALSH TRAILS","Real","$43,950","$43,950"
"R673915","R-16-5754-000D-0004","TOLL SOUTHWEST LLC","1140 VIRGINIA DR  FORT WASHINGTON, PA 19034-3204","701 KINVARA CV, CEDAR PARK, TX  78613","S13717 - WALSH TRAILS, BLOCK D, Lot 4","R235607D"," ","S13717 - WALSH TRAILS","Real","$58,600","$58,600"
"R673916","R-16-5754-000D-0005","TOLL SOUTHWEST LLC","1140 VIRGINIA DR  FORT WASHINGTON, PA 19034-3204","703 KINVARA CV, CEDAR PARK, TX  78613","S13717 - WALSH TRAILS, BLOCK D, Lot 5","R235607D"," ","S13717 - WALSH TRAILS","Real","$43,950","$43,950"
"R673917","R-16-5754-000D-0006","TOLL SOUTHWEST LLC","1140 VIRGINIA DR  FORT WASHINGTON, PA 19034-3204","705 KINVARA CV, CEDAR PARK, TX  78613","S13717 - WALSH TRAILS, BLOCK D, Lot 6","R235607D"," ","S13717 - WALSH TRAILS","Real","$43,950","$43,950"
"R673918","R-16-5754-000D-0007","KL LB BUY 4 LLC","6900 E CAMELBACK RD  #STE 800 SCOTTSDALE, AZ 85251","707 KINVARA CV, CEDAR PARK, TX  78613","S13717 - WALSH TRAILS, BLOCK D, Lot 7","R235607D"," ","S13717 - WALSH TRAILS","Real","$43,950","$43,950"
"R673919","R-16-5754-000D-0008","TOLL SOUTHWEST LLC","1140 VIRGINIA DR  FORT WASHINGTON, PA 19034-3204","709 KINVARA CV, CEDAR PARK, TX  78613","S13717 - WALSH TRAILS, BLOCK D, Lot 8","R235607D"," ","S13717 - WALSH TRAILS","Real","$43,950","$43,950"
"R673920","R-16-5754-000D-0009","TOLL SOUTHWEST LLC","1140 VIRGINIA DR  FORT WASHINGTON, PA 19034-3204","711 KINVARA CV, CEDAR PARK, TX  78613","S13717 - WALSH TRAILS, BLOCK D, Lot 9","R235607D"," ","S13717 - WALSH TRAILS","Real","$43,950","$43,950"
"R673921","R-16-5754-000D-0010","KL LB BUY 4 LLC","6900 E CAMELBACK RD  #STE 800 SCOTTSDALE, AZ 85251","712 KINVARA CV, CEDAR PARK, TX  78613","S13717 - WALSH TRAILS, BLOCK D, Lot 10","R235607D"," ","S13717 - WALSH TRAILS","Real","$43,950","$43,950"
"R673922","R-16-5754-000D-0011","TOLL SOUTHWEST LLC","1140 VIRGINIA DR  FORT WASHINGTON, PA 19034-3204","710 KINVARA CV, CEDAR PARK, TX  78613","S13717 - WALSH TRAILS, BLOCK D, Lot 11","R235607D"," ","S13717 - WALSH TRAILS","Real","$43,950","$43,950"
"R673923","R-16-5754-000D-0012","TOLL SOUTHWEST LLC","1140 VIRGINIA DR  FORT WASHINGTON, PA 19034-3204","708 KINVARA CV, CEDAR PARK, TX  78613","S13717 - WALSH TRAILS, BLOCK D, Lot 12","R235607D"," ","S13717 - WALSH TRAILS","Real","$43,950","$43,950"
"R673924","R-16-5754-000D-0013","TOLL SOUTHWEST LLC","1140 VIRGINIA DR  FORT WASHINGTON, PA 19034-3204","706 KINVARA CV, CEDAR PARK, TX  78613","S13717 - WALSH TRAILS, BLOCK D, Lot 13","R235607D"," ","S13717 - WALSH TRAILS","Real","$43,950","$43,950"
"R673925","R-16-5754-000D-0014","TOLL SOUTHWEST LLC","2555 SW GRAPEVINE PKWY  #STE 100 GRAPEVINE, TX 76051","704 KINVARA CV, CEDAR PARK, TX  78613","S13717 - WALSH TRAILS, BLOCK D, Lot 14","R235607D"," ","S13717 - WALSH TRAILS","Real","$43,950","$43,950"
"R673926","R-16-5754-000D-0015","KL LB BUY 4 LLC","6900 E CAMELBACK RD  #STE 800 SCOTTSDALE, AZ 85251","702 KINVARA CV, CEDAR PARK, TX  78613","S13717 - WALSH TRAILS, BLOCK D, Lot 15","R235607D"," ","S13717 - WALSH TRAILS","Real","$43,950","$43,950"
"R673927","R-16-5754-000D-0016","TOLL SOUTHWEST LLC","1140 VIRGINIA DR  FORT WASHINGTON, PA 19034-3204","700 KINVARA CV, CEDAR PARK, TX  78613","S13717 - WALSH TRAILS, BLOCK D, Lot 16","R235607D"," ","S13717 - WALSH TRAILS","Real","$43,950","$43,950"
"R673928","R-16-5754-000D-0017","KL LB BUY 4 LLC","6900 E CAMELBACK RD  #STE 800 SCOTTSDALE, AZ 85251","701 WALSH GLEN DR, CEDAR PARK, TX  78613","S13717 - WALSH TRAILS, BLOCK D, Lot 17","R235607D"," ","S13717 - WALSH TRAILS","Real","$43,950","$43,950"
"R673929","R-16-5754-000D-0018","TOLL SOUTHWEST LLC","1140 VIRGINIA DR  FORT WASHINGTON, PA 19034-3204","703 WALSH GLEN DR, CEDAR PARK, TX  78613","S13717 - WALSH TRAILS, BLOCK D, Lot 18","R235607D"," ","S13717 - WALSH TRAILS","Real","$58,600","$58,600"
"R673930","R-16-5754-000D-0019","KL LB BUY 4 LLC","6900 E CAMELBACK RD  #STE 800 SCOTTSDALE, AZ 85251","705 WALSH GLEN DR, CEDAR PARK, TX  78613","S13717 - WALSH TRAILS, BLOCK D, Lot 19","R235607D"," ","S13717 - WALSH TRAILS","Real","$43,950","$43,950"
"R673931","R-16-5754-000D-0020","KL LB BUY 4 LLC","6900 E CAMELBACK RD  #STE 800 SCOTTSDALE, AZ 85251","707 WALSH GLEN DR, CEDAR PARK, TX  78613","S13717 - WALSH TRAILS, BLOCK D, Lot 20","R235607D"," ","S13717 - WALSH TRAILS","Real","$43,950","$43,950"
"R673932","R-16-5754-000D-0021","KL LB BUY 4 LLC","6900 E CAMELBACK RD  #STE 800 SCOTTSDALE, AZ 85251","709 WALSH GLEN DR, CEDAR PARK, TX  78613","S13717 - WALSH TRAILS, BLOCK D, Lot 21","R235607D"," ","S13717 - WALSH TRAILS","Real","$43,950","$43,950"
"R673933","R-16-5754-000D-0022","KL LB BUY 4 LLC","6900 E CAMELBACK RD  #STE 800 SCOTTSDALE, AZ 85251","711 WALSH GLEN DR, CEDAR PARK, TX  78613","S13717 - WALSH TRAILS, BLOCK D, Lot 22","R235607D"," ","S13717 - WALSH TRAILS","Real","$43,950","$43,950"
"R673934","R-16-5754-000D-0023","KL LB BUY 4 LLC","6900 E CAMELBACK RD  #STE 800 SCOTTSDALE, AZ 85251","713 WALSH GLEN DR, CEDAR PARK, TX  78613","S13717 - WALSH TRAILS, BLOCK D, Lot 23","R235607D"," ","S13717 - WALSH TRAILS","Real","$43,950","$43,950"
"R673935","R-16-5754-000D-0024","TOLL SOUTHWEST LLC","1140 VIRGINIA DR  FORT WASHINGTON, PA 19034-3204","4513 WICKLOW MOUNTAIN TRL, CEDAR PARK, TX  78613","S13717 - WALSH TRAILS, BLOCK D, Lot 24","R235607D"," ","S13717 - WALSH TRAILS","Real","$43,950","$43,950"
"R673936","R-16-5754-000D-0025","KL LB BUY 4 LLC","6900 E CAMELBACK RD  #STE 800 SCOTTSDALE, AZ 85251","4511 WICKLOW MOUNTAIN TRL, CEDAR PARK, TX  78613","S13717 - WALSH TRAILS, BLOCK D, Lot 25","R235607D"," ","S13717 - WALSH TRAILS","Real","$43,950","$43,950"
"R673937","R-16-5754-000D-0026","KL LB BUY 4 LLC","6900 E CAMELBACK RD  #STE 800 SCOTTSDALE, AZ 85251","4509 WICKLOW MOUNTAIN TRL, CEDAR PARK, TX  78613","S13717 - WALSH TRAILS, BLOCK D, Lot 26","R235607D"," ","S13717 - WALSH TRAILS","Real","$43,950","$43,950"
"R673938","R-16-5754-000D-0027","TOLL SOUTHWEST LLC","1140 VIRGINIA DR  FORT WASHINGTON, PA 19034-3204","4507 WICKLOW MOUNTAIN TRL, CEDAR PARK, TX  78613","S13717 - WALSH TRAILS, BLOCK D, Lot 27","R235607D"," ","S13717 - WALSH TRAILS","Real","$43,950","$43,950"
"R673939","R-16-5754-000E-0001","KL LB BUY 4 LLC","6900 E CAMELBACK RD  #STE 800 SCOTTSDALE, AZ 85251","4512 WICKLOW MOUNTAIN TRL, CEDAR PARK, TX  78613","S13717 - WALSH TRAILS, BLOCK E, Lot 1","R235607D"," ","S13717 - WALSH TRAILS","Real","$43,950","$43,950"
"R673940","R-16-5754-000E-0002","TOLL SOUTHWEST LLC","1140 VIRGINIA DR  FORT WASHINGTON, PA 19034-3204","4510 WICKLOW MOUNTAIN TRL, CEDAR PARK, TX  78613","S13717 - WALSH TRAILS, BLOCK E, Lot 2","R235607D"," ","S13717 - WALSH TRAILS","Real","$58,600","$58,600"
"R673941","R-16-5754-000E-0003","TOLL SOUTHWEST LLC","1140 VIRGINIA DR  FORT WASHINGTON, PA 19034-3204","4508 WICKLOW MOUNTAIN TRL, CEDAR PARK, TX  78613","S13717 - WALSH TRAILS, BLOCK E, Lot 3","R235607D"," ","S13717 - WALSH TRAILS","Real","$43,950","$43,950"
"R673942","R-16-5754-000E-0004","KL LB BUY 4 LLC","6900 E CAMELBACK RD  #STE 800 SCOTTSDALE, AZ 85251","WALSH GLEN DR, CEDAR PARK, TX  78613","S13717 - WALSH TRAILS, BLOCK E, Lot 4, ACRES 1.187, (OPEN SPACE)","R235607D"," ","S13717 - WALSH TRAILS","Real","$356","$356"
"R673943","R-16-5754-000E-0005","TOLL SOUTHWEST LLC","1140 VIRGINIA DR  FORT WASHINGTON, PA 19034-3204","805 WALSH GLEN DR, CEDAR PARK, TX  78613","S13717 - WALSH TRAILS, BLOCK E, Lot 5","R235607D"," ","S13717 - WALSH TRAILS","Real","$43,950","$43,950"
"R673944","R-16-5754-000E-0006","TOLL SOUTHWEST LLC","1140 VIRGINIA DR  FORT WASHINGTON, PA 19034-3204","807 WALSH GLEN DR, CEDAR PARK, TX  78613","S13717 - WALSH TRAILS, BLOCK E, Lot 6","R235607D"," ","S13717 - WALSH TRAILS","Real","$43,950","$43,950"
"R673945","R-16-5754-000E-0007","KL LB BUY 4 LLC","6900 E CAMELBACK RD  #STE 800 SCOTTSDALE, AZ 85251","809 WALSH GLEN DR, CEDAR PARK, TX  78613","S13717 - WALSH TRAILS, BLOCK E, Lot 7","R235607D"," ","S13717 - WALSH TRAILS","Real","$43,950","$43,950"
"R673946","R-16-5754-000E-0008","KL LB BUY 4 LLC","6900 E CAMELBACK RD  #STE 800 SCOTTSDALE, AZ 85251","811 WALSH GLEN DR, CEDAR PARK, TX  78613","S13717 - WALSH TRAILS, BLOCK E, Lot 8","R235607D"," ","S13717 - WALSH TRAILS","Real","$43,950","$43,950"
"R673947","R-16-5754-000E-0009","KL LB BUY 4 LLC","6900 E CAMELBACK RD  #STE 800 SCOTTSDALE, AZ 85251","813 WALSH GLEN DR, CEDAR PARK, TX  78613","S13717 - WALSH TRAILS, BLOCK E, Lot 9","R235607D"," ","S13717 - WALSH TRAILS","Real","$43,950","$43,950"
"R673948","R-16-5754-000E-0010","KL LB BUY 4 LLC","6900 E CAMELBACK RD  #STE 800 SCOTTSDALE, AZ 85251","815 WALSH GLEN DR, CEDAR PARK, TX  78613","S13717 - WALSH TRAILS, BLOCK E, Lot 10","R235607D"," ","S13717 - WALSH TRAILS","Real","$43,950","$43,950"
"R673949","R-16-5754-000E-0011","KL LB BUY 4 LLC","6900 E CAMELBACK RD  #STE 800 SCOTTSDALE, AZ 85251","817 WALSH GLEN DR, CEDAR PARK, TX  78613","S13717 - WALSH TRAILS, BLOCK E, Lot 11","R235607D"," ","S13717 - WALSH TRAILS","Real","$43,950","$43,950"
"R673950","R-16-5754-000E-0012","TOLL SOUTHWEST LLC","2555 SW GRAPEVINE PKWY  #STE 100 GRAPEVINE, TX 76051","819 WALSH GLEN DR, CEDAR PARK, TX  78613","S13717 - WALSH TRAILS, BLOCK E, Lot 12","R235607D"," ","S13717 - WALSH TRAILS","Real","$43,950","$43,950"
"R673951","R-16-5754-000E-0013","KL LB BUY 4 LLC","6900 E CAMELBACK RD  #STE 800 SCOTTSDALE, AZ 85251","901 WALSH GLEN DR, CEDAR PARK, TX  78613","S13717 - WALSH TRAILS, BLOCK E, Lot 13","R235607D"," ","S13717 - WALSH TRAILS","Real","$43,950","$43,950"
"R673952","R-16-5754-000E-0014","KL LB BUY 4 LLC","6900 E CAMELBACK RD  #STE 800 SCOTTSDALE, AZ 85251","903 WALSH GLEN DR, CEDAR PARK, TX  78613","S13717 - WALSH TRAILS, BLOCK E, Lot 14","R235607D"," ","S13717 - WALSH TRAILS","Real","$43,950","$43,950"
"R673953","R-16-5754-000E-0015","KL LB BUY 4 LLC","6900 E CAMELBACK RD  #STE 800 SCOTTSDALE, AZ 85251","905 WALSH GLEN DR, CEDAR PARK, TX  78613","S13717 - WALSH TRAILS, BLOCK E, Lot 15","R235607D"," ","S13717 - WALSH TRAILS","Real","$43,950","$43,950"
"R673954","R-16-5754-000E-0016","TOLL SOUTHWEST LLC","1140 VIRGINIA DR  FORT WASHINGTON, PA 19034-3204","907 WALSH GLEN DR, CEDAR PARK, TX  78613","S13717 - WALSH TRAILS, BLOCK E, Lot 16","R235607D"," ","S13717 - WALSH TRAILS","Real","$58,600","$58,600"
"R673955","R-16-5754-000E-0017","TOLL SOUTHWEST LLC","1140 VIRGINIA DR  FORT WASHINGTON, PA 19034-3204","909 WALSH GLEN DR, CEDAR PARK, TX  78613","S13717 - WALSH TRAILS, BLOCK E, Lot 17","R235607D"," ","S13717 - WALSH TRAILS","Real","$58,600","$58,600"
"R673956","R-16-5754-000F-0001","TOLL SOUTHWEST LLC","1140 VIRGINIA DR  FORT WASHINGTON, PA 19034-3204","534 WALSH GLEN DR, CEDAR PARK, TX  78613","S13717 - WALSH TRAILS, BLOCK F, Lot 1","R235607D"," ","S13717 - WALSH TRAILS","Real","$43,950","$43,950"
"R673957","R-16-5754-000F-0002","KL LB BUY 4 LLC","6900 E CAMELBACK RD  #STE 800 SCOTTSDALE, AZ 85251","536 WALSH GLEN DR, CEDAR PARK, TX  78613","S13717 - WALSH TRAILS, BLOCK F, Lot 2","R235607D"," ","S13717 - WALSH TRAILS","Real","$43,950","$43,950"
"R673958","R-16-5754-000F-0003","TOLL SOUTHWEST LLC","1140 VIRGINIA DR  FORT WASHINGTON, PA 19034-3204","600 WALSH GLEN DR, CEDAR PARK, TX  78613","S13717 - WALSH TRAILS, BLOCK F, Lot 3","R235607D"," ","S13717 - WALSH TRAILS","Real","$43,950","$43,950"
"R673959","R-16-5754-000F-0004","KL LB BUY 4 LLC","6900 E CAMELBACK RD  #STE 800 SCOTTSDALE, AZ 85251","602 WALSH GLEN DR, CEDAR PARK, TX  78613","S13717 - WALSH TRAILS, BLOCK F, Lot 4","R235607D"," ","S13717 - WALSH TRAILS","Real","$43,950","$43,950"
"R673960","R-16-5754-000F-0005","KL LB BUY 4 LLC","6900 E CAMELBACK RD  #STE 800 SCOTTSDALE, AZ 85251","604 WALSH GLEN DR, CEDAR PARK, TX  78613","S13717 - WALSH TRAILS, BLOCK F, Lot 5","R235607D"," ","S13717 - WALSH TRAILS","Real","$43,950","$43,950"
"R673961","R-16-5754-000F-0006","KL LB BUY 4 LLC","6900 E CAMELBACK RD  #STE 800 SCOTTSDALE, AZ 85251","606 WALSH GLEN DR, CEDAR PARK, TX  78613","S13717 - WALSH TRAILS, BLOCK F, Lot 6","R235607D"," ","S13717 - WALSH TRAILS","Real","$43,950","$43,950"
"R673962","R-16-5754-000F-0007","KL LB BUY 4 LLC","6900 E CAMELBACK RD  #STE 800 SCOTTSDALE, AZ 85251","700 WALSH GLEN DR, CEDAR PARK, TX  78613","S13717 - WALSH TRAILS, BLOCK F, Lot 7","R235607D"," ","S13717 - WALSH TRAILS","Real","$43,950","$43,950"
"R673963","R-16-5754-000F-0008","KL LB BUY 4 LLC","6900 E CAMELBACK RD  #STE 800 SCOTTSDALE, AZ 85251","702 WALSH GLEN DR, CEDAR PARK, TX  78613","S13717 - WALSH TRAILS, BLOCK F, Lot 8","R235607D"," ","S13717 - WALSH TRAILS","Real","$43,950","$43,950"
"R673964","R-16-5754-000F-0009","TOLL SOUTHWEST LLC","1140 VIRGINIA DR  FORT WASHINGTON, PA 19034-3204","704 WALSH GLEN DR, CEDAR PARK, TX  78613","S13717 - WALSH TRAILS, BLOCK F, Lot 9","R235607D"," ","S13717 - WALSH TRAILS","Real","$43,950","$43,950"
"R673965","R-16-5754-000F-0010","TOLL SOUTHWEST LLC","1140 VIRGINIA DR  FORT WASHINGTON, PA 19034-3204","706 WALSH GLEN DR, CEDAR PARK, TX  78613","S13717 - WALSH TRAILS, BLOCK F, Lot 10","R235607D"," ","S13717 - WALSH TRAILS","Real","$43,950","$43,950"
"R673966","R-16-5754-000F-0011","KL LB BUY 4 LLC","6900 E CAMELBACK RD  #STE 800 SCOTTSDALE, AZ 85251","708 WALSH GLEN DR, CEDAR PARK, TX  78613","S13717 - WALSH TRAILS, BLOCK F, Lot 11","R235607D"," ","S13717 - WALSH TRAILS","Real","$43,950","$43,950"
"R673967","R-16-5754-000F-0012","TOLL SOUTHWEST LLC","1140 VIRGINIA DR  FORT WASHINGTON, PA 19034-3204","712 WALSH GLEN DR, CEDAR PARK, TX  78613","S13717 - WALSH TRAILS, BLOCK F, Lot 12","R235607D"," ","S13717 - WALSH TRAILS","Real","$43,950","$43,950"
"R673968","R-16-5754-000F-0013","KL LB BUY 4 LLC","6900 E CAMELBACK RD  #STE 800 SCOTTSDALE, AZ 85251","714 WALSH GLEN DR, CEDAR PARK, TX  78613","S13717 - WALSH TRAILS, BLOCK F, Lot 13","R235607D"," ","S13717 - WALSH TRAILS","Real","$43,950","$43,950"
"R673969","R-16-5754-000F-0014","KL LB BUY 4 LLC","6900 E CAMELBACK RD  #STE 800 SCOTTSDALE, AZ 85251","716 WALSH GLEN DR, CEDAR PARK, TX  78613","S13717 - WALSH TRAILS, BLOCK F, Lot 14","R235607D"," ","S13717 - WALSH TRAILS","Real","$43,950","$43,950"
"R673970","R-16-5754-000F-0015","KL LB BUY 4 LLC","6900 E CAMELBACK RD  #STE 800 SCOTTSDALE, AZ 85251","718 WALSH GLEN DR, CEDAR PARK, TX  78613","S13717 - WALSH TRAILS, BLOCK F, Lot 15","R235607D"," ","S13717 - WALSH TRAILS","Real","$43,950","$43,950"
"R673971","R-16-5754-000F-0016","TOLL SOUTHWEST LLC","1140 VIRGINIA DR  FORT WASHINGTON, PA 19034-3204","720 WALSH GLEN DR, CEDAR PARK, TX  78613","S13717 - WALSH TRAILS, BLOCK F, Lot 16","R235607D"," ","S13717 - WALSH TRAILS","Real","$43,950","$43,950"
"R673972","R-16-5754-000F-0017","TOLL SOUTHWEST LLC","1140 VIRGINIA DR  FORT WASHINGTON, PA 19034-3204","722 WALSH GLEN DR, CEDAR PARK, TX  78613","S13717 - WALSH TRAILS, BLOCK F, Lot 17","R235607D"," ","S13717 - WALSH TRAILS","Real","$43,950","$43,950"
"R673973","R-16-5754-000F-0018","TOLL SOUTHWEST LLC","1140 VIRGINIA DR  FORT WASHINGTON, PA 19034-3204","800 WALSH GLEN DR, CEDAR PARK, TX  78613","S13717 - WALSH TRAILS, BLOCK F, Lot 18","R235607D"," ","S13717 - WALSH TRAILS","Real","$43,950","$43,950"
"R673974","R-16-5754-000F-0019","TOLL SOUTHWEST LLC","1140 VIRGINIA DR  FORT WASHINGTON, PA 19034-3204","802 WALSH GLEN DR, CEDAR PARK, TX  78613","S13717 - WALSH TRAILS, BLOCK F, Lot 19","R235607D"," ","S13717 - WALSH TRAILS","Real","$43,950","$43,950"
"R673975","R-16-5754-000F-027A","KL LB BUY 4 LLC","6900 E CAMELBACK RD  #STE 800 SCOTTSDALE, AZ 85251","KERRY CT, CEDAR PARK, TX  78613","S13717 - WALSH TRAILS, BLOCK F, Lot 27 (PT), ACRES 0.053","R235607D"," ","S13717 - WALSH TRAILS","Real","$43,950","$43,950"
"R673976","R-16-5754-000F-027B","KL LB BUY 4 LLC","6900 E CAMELBACK RD  #STE 800 SCOTTSDALE, AZ 85251","KERRY CT, CEDAR PARK, TX  78613","S13717 - WALSH TRAILS, BLOCK F, Lot 27 (PT), ACRES 0.193","R235607D"," ","S13717 - WALSH TRAILS","Real","$43,950","$43,950"
"R673977","R-16-5754-000F-0028","KL LB BUY 4 LLC","6900 E CAMELBACK RD  #STE 800 SCOTTSDALE, AZ 85251","4706 KERRY COURT, CEDAR PARK, TX  78613","S13717 - WALSH TRAILS, BLOCK F, Lot 28","R235607D"," ","S13717 - WALSH TRAILS","Real","$43,950","$43,950"
"R673978","R-16-5754-000F-029A","KL LB BUY 4 LLC","6900 E CAMELBACK RD  #STE 800 SCOTTSDALE, AZ 85251","4704 KERRY COURT, CEDAR PARK, TX  78613","S13717 - WALSH TRAILS, BLOCK F, Lot 29 (PT), ACRES 0.294","R235607D"," ","S13717 - WALSH TRAILS","Real","$43,950","$43,950"
"R673979","R-16-5754-000F-030A","KL LB BUY 4 LLC","6900 E CAMELBACK RD  #STE 800 SCOTTSDALE, AZ 85251","4702 KERRY COURT, CEDAR PARK, TX  78613","S13717 - WALSH TRAILS, BLOCK F, Lot 30 (PT), ACRES 0.185","R235607D"," ","S13717 - WALSH TRAILS","Real","$43,950","$43,950"
"R673980","R-16-5754-000F-031A","KL LB BUY 4 LLC","6900 E CAMELBACK RD  #STE 800 SCOTTSDALE, AZ 85251","4700 KERRY COURT, CEDAR PARK, TX  78613","S13717 - WALSH TRAILS, BLOCK F, Lot 31 (PT), ACRES 0.197","R235607D"," ","S13717 - WALSH TRAILS","Real","$43,950","$43,950"
"R673981","R-16-5754-000F-0032","KL LB BUY 4 LLC","6900 E CAMELBACK RD  #STE 800 SCOTTSDALE, AZ 85251","906 WALSH GLEN DR, CEDAR PARK, TX  78613","S13717 - WALSH TRAILS, BLOCK F, Lot 32","R235607D"," ","S13717 - WALSH TRAILS","Real","$43,950","$43,950"
"R673982","R-16-5754-000F-0033","KL LB BUY 4 LLC","6900 E CAMELBACK RD  #STE 800 SCOTTSDALE, AZ 85251","908 WALSH GLEN DR, CEDAR PARK, TX  78613","S13717 - WALSH TRAILS, BLOCK F, Lot 33","R235607D"," ","S13717 - WALSH TRAILS","Real","$43,950","$43,950"
"R673983","R-16-5754-000F-034B","KL LB BUY 4 LLC","6900 E CAMELBACK RD  #STE 800 SCOTTSDALE, AZ 85251","4099 BRUSHY CREEK RD, CEDAR PARK, TX  78613","S13717 - WALSH TRAILS, BLOCK F, Lot 34 (PT), ACRES 25.99, (PRIVATE GREENBELT)","R235607D"," ","S13717 - WALSH TRAILS","Real","$7,797","$7,797"
"R673984","R-16-5754-000F-035A","KL LB BUY 4 LLC","6900 E CAMELBACK RD  #STE 800 SCOTTSDALE, AZ 85251","WALSH GLEN DR, CEDAR PARK, TX  78613","S13717 - WALSH TRAILS, BLOCK F, Lot 35 (PT), ACRES 0.835, (OPEN SPACE)","R235607D"," ","S13717 - WALSH TRAILS","Real","$300","$300"
"R673985","R-16-5754-000F-035B","KL LB BUY 4 LLC","6900 E CAMELBACK RD  #STE 800 SCOTTSDALE, AZ 85251","WALSH GLEN DR, CEDAR PARK, TX  78613","S13717 - WALSH TRAILS, BLOCK F, Lot 35 (PT), ACRES 0.43, (OPEN SPACE)","R235607D"," ","S13717 - WALSH TRAILS","Real","$300","$300"
