"PROPERTY ID","ACCOUNT","OWNER NAME","OWNER ADDRESS","SITUS ADDRESS","LEGAL DESCRIPTION","NEIGHBORHOOD CODE","ABSTRACT","SUBDIVISION","PROPERTY TYPE","2026 ASSESSED VALUE","2026 MARKET VALUE"
"R050210","R-16-5976-000B-0003","KASTURI PATEL TR OF THE KP FAMILY REVOCABLE TRUST","7805 LECOMPTE RD  AUSTIN, TX 78717-5357","7805 LECOMPTE RD, AUSTIN, TX  78717","WOODS OF BRUSHY CREEK  SEC 3, BLOCK B, LOT 3","R230592E"," ","S5064 - Woods Of Brushy Creek  Sec 3","Real","$524,443","$524,443"
"R050380","R-16-5976-000B-0020","YU, FANGXIN (TOD) & WEIHUA LI (TOD)","7755 YAUPON DR  AUSTIN, TX 78759","15618 POYNETTE PL, AUSTIN, TX  78717","WOODS OF BRUSHY CREEK  SEC 3, BLOCK B, LOT 20","R230592E"," ","S5064 - Woods Of Brushy Creek  Sec 3","Real","$423,541","$423,541"
"R050383","R-16-5976-000B-0019","SHOOK, STEPHEN R & REAGAN LEE & GREYSON RAY","15616 POYNETTE PL  AUSTIN, TX 78717-5351","15616 POYNETTE PL, AUSTIN, TX  78717","WOODS OF BRUSHY CREEK  SEC 3, BLOCK B, LOT 19","R230592E"," ","S5064 - Woods Of Brushy Creek  Sec 3","Real","$577,675","$577,675"
"R050384","R-16-5976-000B-0018","CONNALLY PATRICK D & ANGELA K","15614 POYNETTE PL AUSTIN, TX 78717-5351","15614 POYNETTE PL, AUSTIN, TX  78717","WOODS OF BRUSHY CREEK  SEC 3, BLOCK B, LOT 18","R230592E"," ","S5064 - Woods Of Brushy Creek  Sec 3","Real","$607,724","$607,724"
"R050385","R-16-5976-000B-0017","BANERJEE, KINGSHUK & RITUPARNA TRUSTEES OF THE BANERJEE LIVING TRUST","15612 POYNETTE PL  AUSTIN, TX 78717","15612 POYNETTE PL, AUSTIN, TX  78717","WOODS OF BRUSHY CREEK  SEC 3, BLOCK B, LOT 17","R230592E"," ","S5064 - Woods Of Brushy Creek  Sec 3","Real","$471,443","$471,443"
"R050386","R-16-5976-000B-0016","PARTICA, CRISTIAN ALEXANDRU & ELENA MIHAELA BOGDAN","15610 POYNETTE PL  AUSTIN, TX 78717-5351","15610 POYNETTE PL, AUSTIN, TX  78717","WOODS OF BRUSHY CREEK  SEC 3, BLOCK B, LOT 16","R230592E"," ","S5064 - Woods Of Brushy Creek  Sec 3","Real","$583,912","$583,912"
"R050387","R-16-5976-000B-0015","RAUSCHER, RONALD DAVID (TOD)","15608 POYNETTE PL  AUSTIN, TX 78717-5351","15608 POYNETTE PL, AUSTIN, TX  78717","WOODS OF BRUSHY CREEK  SEC 3, BLOCK B, LOT 15","R230592E"," ","S5064 - Woods Of Brushy Creek  Sec 3","Real","$589,333","$589,333"
"R050388","R-16-5976-000B-0014","STERLING CHUNG & STEPHANIE CHUNG TRS CHUNG FAMILY REVOCABLE LIVING TRUST","13253 NE 184TH PL  WOODINVILLE, WA 98072-8762","15606 POYNETTE PL, AUSTIN, TX  78717","WOODS OF BRUSHY CREEK  SEC 3, BLOCK B, LOT 14","R230592E"," ","S5064 - Woods Of Brushy Creek  Sec 3","Real","$525,771","$525,771"
"R050390","R-16-5976-000B-0013","ABRUZZO, ANTHONY","15604 POYNETTE PL  AUSTIN, TX 78717","15604 POYNETTE PL, AUSTIN, TX  78717","WOODS OF BRUSHY CREEK  SEC 3, BLOCK B, LOT 13","R230592E"," ","S5064 - Woods Of Brushy Creek  Sec 3","Real","$612,429","$612,429"
"R050391","R-16-5976-000B-0012","ERIG, TANER & KSENIA KULIKOVA","15828 CHATHAM WOOD DR  AUSTIN, TX 78717-4860","15602 POYNETTE PL, AUSTIN, TX  78717","WOODS OF BRUSHY CREEK  SEC 3, BLOCK B, LOT 12","R230592E"," ","S5064 - Woods Of Brushy Creek  Sec 3","Real","$435,641","$435,641"
"R050392","R-16-5976-000B-0011","PAGE STEVEN W & MICHELE M","15600 POYNETTE PL AUSTIN, TX 78717-5351","15600 POYNETTE PL, AUSTIN, TX  78717","WOODS OF BRUSHY CREEK  SEC 3, BLOCK B, LOT 11","R230592E"," ","S5064 - Woods Of Brushy Creek  Sec 3","Real","$520,380","$520,380"
"R050393","R-16-5976-000B-0010","ZHU, HAOQING & QIAN ZHANG","15601 POYNETTE PL  AUSTIN, TX 78717-5353","15601 POYNETTE PL, AUSTIN, TX  78717","WOODS OF BRUSHY CREEK  SEC 3, BLOCK B, LOT 10","R230592E"," ","S5064 - Woods Of Brushy Creek  Sec 3","Real","$609,529","$609,529"
"R050394","R-16-5976-000B-0009","HOGBERG, DANIEL C & CAROLYN M","15603 POYNETTE PL  AUSTIN, TX 78717","15603 POYNETTE PL, AUSTIN, TX  78717","WOODS OF BRUSHY CREEK  SEC 3, BLOCK B, LOT 9","R230592E"," ","S5064 - Woods Of Brushy Creek  Sec 3","Real","$661,742","$661,742"
"R050395","R-16-5976-000B-0008","SINGA, RAMESH & LISA M CHARGUALAF-SINGA","7910 LECOMPTE RD  AUSTIN, TX 78717-5355","15605 POYNETTE PL, AUSTIN, TX  78717","WOODS OF BRUSHY CREEK  SEC 3, BLOCK B, LOT 8","R230592E"," ","S5064 - Woods Of Brushy Creek  Sec 3","Real","$476,570","$476,570"
"R050396","R-16-5976-000B-0007","BORISCH, SCOTT","7907 LECOMPTE RD  AUSTIN, TX 78717","7907 LECOMPTE RD, AUSTIN, TX  78717","WOODS OF BRUSHY CREEK  SEC 3, BLOCK B, LOT 7","R230592E"," ","S5064 - Woods Of Brushy Creek  Sec 3","Real","$547,471","$547,471"
"R050397","R-16-5976-000B-0006","ROSS, KARA","7811 LECOMPTE RD  AUSTIN, TX 78717","7811 LECOMPTE RD, AUSTIN, TX  78717","WOODS OF BRUSHY CREEK  SEC 3, BLOCK B, LOT 6","R230592E"," ","S5064 - Woods Of Brushy Creek  Sec 3","Real","$501,849","$501,849"
"R050399","R-16-5976-000B-0005","MORALES, SANTIAGO RUIZ III & NICHOLE BRENNAN","7809 LECOMPTE RD  AUSTIN, TX 78717-5357","7809 LECOMPTE RD, AUSTIN, TX  78717","WOODS OF BRUSHY CREEK  SEC 3, BLOCK B, LOT 5","R230592E"," ","S5064 - Woods Of Brushy Creek  Sec 3","Real","$474,466","$474,466"
"R050400","R-16-5976-000B-0004","PARKO, LAURIE L","7807 LECOMPTE RD  AUSTIN, TX 78717","7807 LECOMPTE RD, AUSTIN, TX  78717","WOODS OF BRUSHY CREEK  SEC 3, BLOCK B, LOT 4","R230592E"," ","S5064 - Woods Of Brushy Creek  Sec 3","Real","$484,539","$484,539"
"R050402","R-16-5976-000B-0002","FINKLEA, RALPH","7803 LECOMPTE RD  AUSTIN, TX 78717","7803 LECOMPTE RD, AUSTIN, TX  78717","WOODS OF BRUSHY CREEK  SEC 3, BLOCK B, LOT 2","R230592E"," ","S5064 - Woods Of Brushy Creek  Sec 3","Real","$426,978","$426,978"
"R050405","R-16-5976-000B-0001","PEPPER DANIEL L & STACEY L","7801 LECOMPTE RD AUSTIN, TX 78717-5357","7801 LECOMPTE RD, AUSTIN, TX  78717","WOODS OF BRUSHY CREEK  SEC 3, BLOCK B, LOT 1","R230592E"," ","S5064 - Woods Of Brushy Creek  Sec 3","Real","$574,603","$574,603"
"R050407","R-16-5976-000A-0019","DAVARCI, MEHMET NURI","800 FALKLAND TRCE PFLUGERVILLE, TX 78660-6735","7905 MONONA AVE, AUSTIN, TX  78717","WOODS OF BRUSHY CREEK  SEC 3, BLOCK A, LOT 19","R230592E"," ","S5064 - Woods Of Brushy Creek  Sec 3","Real","$483,054","$483,054"
"R050408","R-16-5976-000A-0018","MEADOWS ANDREW & ANNA","2505 RESNICK DR  ROUND ROCK, TX 78681-2229","7907 MONONA AVE, AUSTIN, TX  78717","WOODS OF BRUSHY CREEK  SEC 3, BLOCK A, LOT 18","R230592E"," ","S5064 - Woods Of Brushy Creek  Sec 3","Real","$488,227","$488,227"
"R050409","R-16-5976-000A-0017","RETTER, ERIC E & SUSANNE MARIE FUNARE","7909 MONONA AVE AUSTIN, TX 78717-5313","7909 MONONA AVE, AUSTIN, TX  78717","WOODS OF BRUSHY CREEK  SEC 3, BLOCK A, LOT 17","R230592E"," ","S5064 - Woods Of Brushy Creek  Sec 3","Real","$613,497","$613,497"
"R050428","R-16-5976-000A-0016","STOOKSBERRY, EUGENIE M","7911 MONONA AVE  AUSTIN, TX 78717","7911 MONONA AVE, AUSTIN, TX  78717","WOODS OF BRUSHY CREEK  SEC 3, BLOCK A, LOT 16","R230592E"," ","S5064 - Woods Of Brushy Creek  Sec 3","Real","$526,788","$526,788"
"R050431","R-16-5976-000A-0015","PICHETTE, DAVID M","15617 POYNETTE PL AUSTIN, TX 78717-5354","15617 POYNETTE PL, AUSTIN, TX  78717","WOODS OF BRUSHY CREEK  SEC 3, BLOCK A, LOT 15","R230592E"," ","S5064 - Woods Of Brushy Creek  Sec 3","Real","$566,375","$566,375"
"R050433","R-16-5976-000A-0014","YSASSI REYNALDO JR &","SANDRA C YSASSI 15615 POYNETTE PL AUSTIN, TX 78717-5354","15615 POYNETTE PL, AUSTIN, TX  78717","WOODS OF BRUSHY CREEK  SEC 3, BLOCK A, LOT 14","R230592E"," ","S5064 - Woods Of Brushy Creek  Sec 3","Real","$583,198","$583,198"
"R050436","R-16-5976-000A-0013","WU & BIN GUO, ZIXIN","604 BAINBRIDGE ST  FOSTER CITY, CA 94404","15613 POYNETTE PL, AUSTIN, TX  78717","WOODS OF BRUSHY CREEK  SEC 3, BLOCK A, LOT 13","R230592E"," ","S5064 - Woods Of Brushy Creek  Sec 3","Real","$424,510","$424,510"
"R050439","R-16-5976-000A-0012","NOWAK, BRADLEY A & MEGHANN E","15611 POYNETTE PL  AUSTIN, TX 78717-5354","15611 POYNETTE PL, AUSTIN, TX  78717","WOODS OF BRUSHY CREEK  SEC 3, BLOCK A, LOT 12","R230592E"," ","S5064 - Woods Of Brushy Creek  Sec 3","Real","$506,975","$506,975"
"R050446","R-16-5976-000A-0011","SINGA, RAMESH & LISA MARIE CHARGUALAF-SINGA","7910 LECOMPTE RD  AUSTIN, TX 78717","7910 LECOMPTE RD, AUSTIN, TX  78717","WOODS OF BRUSHY CREEK  SEC 3, BLOCK A, LOT 11","R230592E"," ","S5064 - Woods Of Brushy Creek  Sec 3","Real","$692,450","$692,450"
"R050465","R-16-5976-000A-0010","SARAH BAUMGARTNER AND PASCHA JEAN BOYD","7908 LECOMPTE RD  AUSTIN, TX 78717","7908 LECOMPTE RD, AUSTIN, TX  78717","WOODS OF BRUSHY CREEK  SEC 3, BLOCK A, LOT 10","R230592E"," ","S5064 - Woods Of Brushy Creek  Sec 3","Real","$514,821","$514,821"
"R050467","R-16-5976-000A-0009","ISBON, DAVID W & DIANA C","7906 LE COMPTE RD  AUSTIN, TX 78717","7906 LECOMPTE RD, AUSTIN, TX  78717","WOODS OF BRUSHY CREEK  SEC 3, BLOCK A, LOT 9","R230592E"," ","S5064 - Woods Of Brushy Creek  Sec 3","Real","$447,291","$447,291"
"R050468","R-16-5976-000A-0008","PEARSON, WILLIAM SCOTT & TARA L SHULER-PEARSON","7904 LECOMPTE RD AUSTIN, TX 78717-5355","7904 LECOMPTE RD, AUSTIN, TX  78717","WOODS OF BRUSHY CREEK  SEC 3, BLOCK A, LOT 8","R230592E"," ","S5064 - Woods Of Brushy Creek  Sec 3","Real","$429,442","$429,442"
"R050470","R-16-5976-000A-0007","WONG, FONG & FAN CUI","8312 MONTOYA CIR AUSTIN, TX 78717-5452","7902 LECOMPTE RD, AUSTIN, TX  78717","WOODS OF BRUSHY CREEK  SEC 3, BLOCK A, LOT 7","R230592E"," ","S5064 - Woods Of Brushy Creek  Sec 3","Real","$594,992","$594,992"
"R050472","R-16-5976-000A-0006","HANNIGAN, JAMES R","7900 LECOMPTE RD  AUSTIN, TX 78717-5355","7900 LECOMPTE RD, AUSTIN, TX  78717","WOODS OF BRUSHY CREEK  SEC 3, BLOCK A, LOT 6","R230592E"," ","S5064 - Woods Of Brushy Creek  Sec 3","Real","$670,079","$670,079"
"R050473","R-16-5976-000A-0005","MARTINEZ, OSCAR URIEL CHAVEZ","7808 LECOMPTE RD  AUSTIN, TX 78717","7808 LECOMPTE RD, AUSTIN, TX  78717","WOODS OF BRUSHY CREEK  SEC 3, BLOCK A, LOT 5","R230592E"," ","S5064 - Woods Of Brushy Creek  Sec 3","Real","$465,701","$465,701"
"R050474","R-16-5976-000A-0004","KHATUM, GASAN T","2435 SOPRANO WAY ROUND ROCK, TX 78681-2069","7806 LECOMPTE RD, AUSTIN, TX  78717","WOODS OF BRUSHY CREEK  SEC 3, BLOCK A, LOT 4","R230592E"," ","S5064 - Woods Of Brushy Creek  Sec 3","Real","$465,257","$465,257"
"R050475","R-16-5976-000A-0003","PACKARD, LYNDA","7804 LECOMPTE RD AUSTIN, TX 78717-5352","7804 LECOMPTE RD, AUSTIN, TX  78717","WOODS OF BRUSHY CREEK  SEC 3, BLOCK A, LOT 3","R230592E"," ","S5064 - Woods Of Brushy Creek  Sec 3","Real","$412,642","$412,642"
"R050478","R-16-5976-000A-0002","BHARATHWAJ NANDAKUMAR & AMALA CHANDRASEKARAN CO-TRS OF THE AMBHA FAMILY TRUST","7802 LECOMPTE RD  AUSTIN, TX 78717-5352","7802 LECOMPTE RD, AUSTIN, TX  78717","WOODS OF BRUSHY CREEK  SEC 3, BLOCK A, LOT 2","R230592E"," ","S5064 - Woods Of Brushy Creek  Sec 3","Real","$504,082","$504,082"
"R050517","R-16-5976-000A-0001","WALLACE, CINDY L","7800 LECOMPTE RD  AUSTIN, TX 78717","7800 LECOMPTE RD, AUSTIN, TX  78717","WOODS OF BRUSHY CREEK  SEC 3, BLOCK A, LOT 1","R230592E"," ","S5064 - Woods Of Brushy Creek  Sec 3","Real","$524,828","$524,828"
"R050656","R-16-4495-000W-0005","LAMBERTH, HEATHER MARIE & DAVID DALE ZUHSE","8915 SHARPSTONE TRL  AUSTIN, TX 78717","8915 SHARPSTONE TRL, AUSTIN, TX  78717","MEADOWS OF BRUSHY CREEK, BLOCK W, LOT 5","R230592E"," ","S4082 - Meadows Of Brushy Creek","Real","$519,784","$519,784"
"R050676","R-16-5974-000N-0064","GUTIERREZ, CHRISTINA E & NATHANIEL NOYES LAFLEY","8626 EPHRAIM RD  AUSTIN, TX 78717","8626 EPHRAIM RD, AUSTIN, TX  78717","WOODS OF BRUSHY CREEK  SEC 2 PHASE 2, BLOCK N, LOT 64","R230592E"," ","S5065 - Woods Of Brushy Creek  Sec 2 Phase 2","Real","$523,093","$523,093"
"R050678","R-16-5974-000N-0061","WEBSTER, SHIRLEY & ROSS WILLIAM LOVE","5307 HOLLY ST  BELLAIRE, TX 77401","8620 EPHRAIM RD, AUSTIN, TX  78717","WOODS OF BRUSHY CREEK  SEC 2 PHASE 2, BLOCK N, LOT 61","R230592E"," ","S5065 - Woods Of Brushy Creek  Sec 2 Phase 2","Real","$498,665","$498,665"
"R050680","R-16-5974-000N-0055","NUNEZ, ISRRAEL & MARIA G GRANJA","8514 DELAVAN AVE  AUSTIN, TX 78717","8514 DELAVAN AVE, AUSTIN, TX  78717","WOODS OF BRUSHY CREEK  SEC 2 PHASE 2, BLOCK N, LOT 55","R230592E"," ","S5065 - Woods Of Brushy Creek  Sec 2 Phase 2","Real","$494,335","$494,335"
"R050682","R-16-5974-000N-0082","TEAL, LONNIE JOE III & NATASHA JADE","8660 EPHRAIM RD  AUSTIN, TX 78717-5411","8660 EPHRAIM RD, AUSTIN, TX  78717","WOODS OF BRUSHY CREEK  SEC 2 PHASE 2, BLOCK N, LOT 82","R230592E"," ","S5065 - Woods Of Brushy Creek  Sec 2 Phase 2","Real","$479,043","$479,043"
"R050683","R-16-5974-000N-0081","BARTLES, JOY GOODE","8658 EPHRAIM RD AUSTIN, TX 78717-5411","8658 EPHRAIM RD, AUSTIN, TX  78717","WOODS OF BRUSHY CREEK  SEC 2 PHASE 2, BLOCK N, LOT 81","R230592E"," ","S5065 - Woods Of Brushy Creek  Sec 2 Phase 2","Real","$443,320","$443,320"
"R050684","R-16-5974-000N-0080","DE LAS FUENTES, SANDRA","8656 EPHRAIM RD AUSTIN, TX 78717-5411","8656 EPHRAIM RD, AUSTIN, TX  78717","WOODS OF BRUSHY CREEK  SEC 2 PHASE 2, BLOCK N, LOT 80","R230592E"," ","S5065 - Woods Of Brushy Creek  Sec 2 Phase 2","Real","$460,424","$460,424"
"R050685","R-16-5974-000N-0079","PENA, MARGARITA PORTILLO","8654 EPHRAIM RD  AUSTIN, TX 78717-5411","8654 EPHRAIM RD, AUSTIN, TX  78717","WOODS OF BRUSHY CREEK  SEC 2 PHASE 2, BLOCK N, LOT 79","R230592E"," ","S5065 - Woods Of Brushy Creek  Sec 2 Phase 2","Real","$418,802","$418,802"
"R050686","R-16-5974-000N-0078","ERWIN, LUCAS & KELSEY","8652 EPHRAIM RD  AUSTIN, TX 78717","8652 EPHRAIM RD, AUSTIN, TX  78717","WOODS OF BRUSHY CREEK  SEC 2 PHASE 2, BLOCK N, LOT 78","R230592E"," ","S5065 - Woods Of Brushy Creek  Sec 2 Phase 2","Real","$433,029","$433,029"
"R050687","R-16-5974-000N-0077","RIDSDALE, SHIRALEE & PIERRE DUPREEZ","8606 RIPON CV  AUSTIN, TX 78717-5425","8606 RIPON CV, AUSTIN, TX  78717","WOODS OF BRUSHY CREEK  SEC 2 PHASE 2, BLOCK N, LOT 77","R230592E"," ","S5065 - Woods Of Brushy Creek  Sec 2 Phase 2","Real","$413,249","$413,249"
"R050688","R-16-5974-000N-0076","BONNER, RICHARD S & CATHERINE E","8604 RIPON CV  AUSTIN, TX 78717-5425","8604 RIPON CV, AUSTIN, TX  78717","WOODS OF BRUSHY CREEK  SEC 2 PHASE 2, BLOCK N, LOT 76","R230592E"," ","S5065 - Woods Of Brushy Creek  Sec 2 Phase 2","Real","$481,718","$481,718"
"R050689","R-16-5974-000N-0075","GUERRA JR, MARIO A & HEATHER A","8602 RIPON CV  AUSTIN, TX 78717","8602 RIPON CV, AUSTIN, TX  78717","WOODS OF BRUSHY CREEK  SEC 2 PHASE 2, BLOCK N, LOT 75","R230592E"," ","S5065 - Woods Of Brushy Creek  Sec 2 Phase 2","Real","$563,008","$563,008"
"R050690","R-16-5974-000N-0074","HOWE, SARAH ELIZABETH & JAY R GILLILAND","8600 RIPON CV  AUSTIN, TX 78717-5425","8600 RIPON CV, AUSTIN, TX  78717","WOODS OF BRUSHY CREEK  SEC 2 PHASE 2, BLOCK N, LOT 74","R230592E"," ","S5065 - Woods Of Brushy Creek  Sec 2 Phase 2","Real","$504,692","$504,692"
"R050691","R-16-5974-000N-0073","FRANK, TIM ONEIL","8601 RIPON CV  AUSTIN, TX 78717","8601 RIPON CV, AUSTIN, TX  78717","WOODS OF BRUSHY CREEK  SEC 2 PHASE 2, BLOCK N, LOT 73","R230592E"," ","S5065 - Woods Of Brushy Creek  Sec 2 Phase 2","Real","$458,297","$458,297"
"R050692","R-16-5974-000N-0072","JENKINS, CLAUDIA","8603 RIPON CV  AUSTIN, TX 78717","8603 RIPON CV, AUSTIN, TX  78717","WOODS OF BRUSHY CREEK  SEC 2 PHASE 2, BLOCK N, LOT 72","R230592E"," ","S5065 - Woods Of Brushy Creek  Sec 2 Phase 2","Real","$448,084","$448,084"
"R050693","R-16-5974-000N-0071","AYALA, JOSE JESUS & JACQUELINE","8605 RIPON CV  AUSTIN, TX 78717","8605 RIPON CV, AUSTIN, TX  78717","WOODS OF BRUSHY CREEK  SEC 2 PHASE 2, BLOCK N, LOT 71","R230592E"," ","S5065 - Woods Of Brushy Creek  Sec 2 Phase 2","Real","$521,369","$521,369"
"R050694","R-16-5974-000N-0070","SULLIVAN, ERIN ELIZABETH","8638 EPHRAIM RD  AUSTIN, TX 78717","8638 EPHRAIM RD, AUSTIN, TX  78717","WOODS OF BRUSHY CREEK  SEC 2 PHASE 2, BLOCK N, LOT 70","R230592E"," ","S5065 - Woods Of Brushy Creek  Sec 2 Phase 2","Real","$470,015","$470,015"
"R050695","R-16-5974-000N-0069","BROWN, SUSAN M","8636 EPHRAIM RD AUSTIN, TX 78717-5413","8636 EPHRAIM RD, AUSTIN, TX  78717","WOODS OF BRUSHY CREEK  SEC 2 PHASE 2, BLOCK N, LOT 69","R230592E"," ","S5065 - Woods Of Brushy Creek  Sec 2 Phase 2","Real","$387,636","$387,636"
"R050696","R-16-5974-000N-0068","SEIDENBERG, EDWARD & SHARON J","8634 EPHRAIM RD AUSTIN, TX 78717-5413","8634 EPHRAIM RD, AUSTIN, TX  78717","WOODS OF BRUSHY CREEK  SEC 2 PHASE 2, BLOCK N, LOT 68","R230592E"," ","S5065 - Woods Of Brushy Creek  Sec 2 Phase 2","Real","$562,238","$562,238"
"R050697","R-16-5974-000N-0067","MOHSIN, SAJJAD & SADAF SAJJAD","8632 EPHRAIM RD  AUSTIN, TX 78717","8632 EPHRAIM RD, AUSTIN, TX  78717","WOODS OF BRUSHY CREEK  SEC 2 PHASE 2, BLOCK N, LOT 67","R230592E"," ","S5065 - Woods Of Brushy Creek  Sec 2 Phase 2","Real","$448,506","$448,506"
"R050698","R-16-5974-000N-0066","CW RE INVESTMENT LLC","16238 RANCH ROAD 620 N STE F AUSTIN, TX 78717-5215","8630 EPHRAIM RD, AUSTIN, TX  78717","WOODS OF BRUSHY CREEK  SEC 2 PHASE 2, BLOCK N, LOT 66","R230592E"," ","S5065 - Woods Of Brushy Creek  Sec 2 Phase 2","Real","$506,969","$506,969"
"R050699","R-16-5974-000N-0065","BAI, XINYE & STEVE CHOU","2326 SAMARITAN DR  SAN JOSE, CA 95124","8628 EPHRAIM RD, AUSTIN, TX  78717","WOODS OF BRUSHY CREEK  SEC 2 PHASE 2, BLOCK N, LOT 65","R230592E"," ","S5065 - Woods Of Brushy Creek  Sec 2 Phase 2","Real","$516,060","$516,060"
"R050701","R-16-5974-000N-0063","DRAKE, DANIEL & NICOLE","8624 EPHRAIM RD  AUSTIN, TX 78717","8624 EPHRAIM RD, AUSTIN, TX  78717","WOODS OF BRUSHY CREEK  SEC 2 PHASE 2, BLOCK N, LOT 63","R230592E"," ","S5065 - Woods Of Brushy Creek  Sec 2 Phase 2","Real","$518,266","$518,266"
"R050702","R-16-5974-000N-0062","SINGH, SURJITH BHAGAVATH & SHREE LEKHA THANGAVELU","8622 EPHRAIM RD  AUSTIN, TX 78717-5414","8622 EPHRAIM RD, AUSTIN, TX  78717","WOODS OF BRUSHY CREEK  SEC 2 PHASE 2, BLOCK N, LOT 62","R230592E"," ","S5065 - Woods Of Brushy Creek  Sec 2 Phase 2","Real","$492,717","$492,717"
"R050703","R-16-5974-000N-0060","DURHAM, ERIC & KIRA","8618 EPHRAIM RD  AUSTIN, TX 78717","8618 EPHRAIM RD, AUSTIN, TX  78717","WOODS OF BRUSHY CREEK  SEC 2 PHASE 2, BLOCK N, LOT 60","R230592E"," ","S5065 - Woods Of Brushy Creek  Sec 2 Phase 2","Real","$452,566","$452,566"
"R050704","R-16-5974-000N-0059","VARATHARASA, LOGANATHAN & GNANAMBIKA RATNASABAPATHY","1801 EAGLE ROCK LN  FREDERICK, MD 21702","8522 DELAVAN AVE, AUSTIN, TX  78717","WOODS OF BRUSHY CREEK  SEC 2 PHASE 2, BLOCK N, LOT 59","R230592E"," ","S5065 - Woods Of Brushy Creek  Sec 2 Phase 2","Real","$455,426","$455,426"
"R050705","R-16-5974-000N-0058","MCKAY, PATRICK T & CYNTHIA A","8520 DELAVAN AVE AUSTIN, TX 78717-5404","8520 DELAVAN AVE, AUSTIN, TX  78717","WOODS OF BRUSHY CREEK  SEC 2 PHASE 2, BLOCK N, LOT 58","R230592E"," ","S5065 - Woods Of Brushy Creek  Sec 2 Phase 2","Real","$503,224","$503,224"
"R050706","R-16-5974-000N-0057","ROMANS, WILLIAM L II & JO LYNN","8518 DELAVAN AVE AUSTIN, TX 78717-5404","8518 DELAVAN AVE, AUSTIN, TX  78717","WOODS OF BRUSHY CREEK  SEC 2 PHASE 2, BLOCK N, LOT 57","R230592E"," ","S5065 - Woods Of Brushy Creek  Sec 2 Phase 2","Real","$452,151","$452,151"
"R050707","R-16-5974-000N-0056","WAGNER, ADAM T & KATHERINE M","8516 DELAVAN AVE  AUSTIN, TX 78717","8516 DELAVAN AVE, AUSTIN, TX  78717","WOODS OF BRUSHY CREEK  SEC 2 PHASE 2, BLOCK N, LOT 56","R230592E"," ","S5065 - Woods Of Brushy Creek  Sec 2 Phase 2","Real","$440,695","$440,695"
"R050709","R-16-5974-000N-0054","WOOLSTON, GARY D & DIANE","8512 DELAVAN AVE AUSTIN, TX 78717-5403","8512 DELAVAN AVE, AUSTIN, TX  78717","WOODS OF BRUSHY CREEK  SEC 2 PHASE 2, BLOCK N, LOT 54","R230592E"," ","S5065 - Woods Of Brushy Creek  Sec 2 Phase 2","Real","$521,228","$521,228"
"R050710","R-16-5974-000N-0053","CONFER, MATTHEW & MEGAN","8510 DELAVAN AVE  AUSTIN, TX 78717","8510 DELAVAN AVE, AUSTIN, TX  78717","WOODS OF BRUSHY CREEK  SEC 2 PHASE 2, BLOCK N, LOT 53","R230592E"," ","S5065 - Woods Of Brushy Creek  Sec 2 Phase 2","Real","$591,596","$591,596"
"R050711","R-16-5974-000N-0052","VASILYEV, ANDREY","15710 DELAVAN CV  AUSTIN, TX 78717","15710 DELAVAN CV, AUSTIN, TX  78717","WOODS OF BRUSHY CREEK  SEC 2 PHASE 2, BLOCK N, LOT 52","R230592E"," ","S5065 - Woods Of Brushy Creek  Sec 2 Phase 2","Real","$474,408","$474,408"
"R050712","R-16-5974-000N-0051","BARBA, MICHAEL A & CAROLINE E HILBERT","15712 DELAVAN CV  AUSTIN, TX 78717","15712 DELAVAN CV, AUSTIN, TX  78717","WOODS OF BRUSHY CREEK  SEC 2 PHASE 2, BLOCK N, LOT 51","R230592E"," ","S5065 - Woods Of Brushy Creek  Sec 2 Phase 2","Real","$499,922","$499,922"
"R050713","R-16-5974-000N-0050","TUCKER, THOMAS BLAKE","15714 N DELAVAN CV  AUSTIN, TX 78717","15714 DELAVAN CV, AUSTIN, TX  78717","WOODS OF BRUSHY CREEK  SEC 2 PHASE 2, BLOCK N, LOT 50","R230592E"," ","S5065 - Woods Of Brushy Creek  Sec 2 Phase 2","Real","$516,140","$516,140"
"R050714","R-16-5974-000N-0049","RHEA, HENRY T & MARY","15716 N DELAVAN CV AUSTIN, TX 78717-5409","15716 DELAVAN CV, AUSTIN, TX  78717","WOODS OF BRUSHY CREEK  SEC 2 PHASE 2, BLOCK N, LOT 49","R230592E"," ","S5065 - Woods Of Brushy Creek  Sec 2 Phase 2","Real","$524,104","$524,104"
"R050715","R-16-5974-000N-0048","CRUZ, TIMOTHY C (TOD) & ELIZABETH R (TOD)","15718 DELAVAN CV  AUSTIN, TX 78717","15718 DELAVAN CV, AUSTIN, TX  78717","WOODS OF BRUSHY CREEK  SEC 2 PHASE 2, BLOCK N, LOT 48","R230592E"," ","S5065 - Woods Of Brushy Creek  Sec 2 Phase 2","Real","$520,048","$520,048"
"R050716","R-16-5974-000N-0047","REISSNECKER, AXEL WOLFGANG (TOD)","15720 N DELAVAN CV  AUSTIN, TX 78717","15720 DELAVAN CV, AUSTIN, TX  78717","WOODS OF BRUSHY CREEK  SEC 2 PHASE 2, BLOCK N, LOT 47","R230592E"," ","S5065 - Woods Of Brushy Creek  Sec 2 Phase 2","Real","$523,291","$523,291"
"R050717","R-16-5974-000N-0046","SCHLEICH, JACKSON GRANT","15722 N DELAVAN CV  AUSTIN, TX 78717","15722 DELAVAN CV, AUSTIN, TX  78717","WOODS OF BRUSHY CREEK  SEC 2 PHASE 2, BLOCK N, LOT 46","R230592E"," ","S5065 - Woods Of Brushy Creek  Sec 2 Phase 2","Real","$464,459","$464,459"
"R050718","R-16-5974-000N-0045","PENMAN, VINCENT R & RACHAEL R","15724 N DELAVAN CV  AUSTIN, TX 78717","15724 DELAVAN CV N, AUSTIN, TX  78717","WOODS OF BRUSHY CREEK  SEC 2 PHASE 2, BLOCK N, LOT 45","R230592E"," ","S5065 - Woods Of Brushy Creek  Sec 2 Phase 2","Real","$524,420","$524,420"
"R050719","R-16-5974-000N-0044","ROGERS, LAURY A & SKYLER R","15723 N DELAVAN CV  AUSTIN, TX 78717","15723 DELAVAN CV, AUSTIN, TX  78717","WOODS OF BRUSHY CREEK  SEC 2 PHASE 2, BLOCK N, LOT 44","R230592E"," ","S5065 - Woods Of Brushy Creek  Sec 2 Phase 2","Real","$470,315","$470,315"
"R050720","R-16-5974-000N-0043","VILLARREAL, VALERIA S","15721 N DELAVAN CV AUSTIN, TX 78717-5409","15721 DELAVAN CV, AUSTIN, TX  78717","WOODS OF BRUSHY CREEK  SEC 2 PHASE 2, BLOCK N, LOT 43","R230592E"," ","S5065 - Woods Of Brushy Creek  Sec 2 Phase 2","Real","$474,893","$474,893"
"R050721","R-16-5974-000N-0042","MAHONEY, DAVID VINCENT & LINDA HERMSEN MAHONEY","15719 N DELAVAN CV AUSTIN, TX 78717-5409","15719 DELAVAN CV, AUSTIN, TX  78717","WOODS OF BRUSHY CREEK  SEC 2 PHASE 2, BLOCK N, LOT 42","R230592E"," ","S5065 - Woods Of Brushy Creek  Sec 2 Phase 2","Real","$521,968","$521,968"
"R050722","R-16-5974-000N-0041","DOUGLAS, CATHLEEN","5003 N RIM DR  AUSTIN, TX 78731-1003","15717 DELAVAN CV, AUSTIN, TX  78717","WOODS OF BRUSHY CREEK  SEC 2 PHASE 2, BLOCK N, LOT 41","R230592E"," ","S5065 - Woods Of Brushy Creek  Sec 2 Phase 2","Real","$490,532","$490,532"
"R050723","R-16-5974-000N-0040","BRIEGER, JAMES & NANCY","15715 N DELAVAN CV AUSTIN, TX 78717-5409","15715 DELAVAN CV, AUSTIN, TX  78717","WOODS OF BRUSHY CREEK  SEC 2 PHASE 2, BLOCK N, LOT 40","R230592E"," ","S5065 - Woods Of Brushy Creek  Sec 2 Phase 2","Real","$567,309","$567,309"
"R050724","R-16-5974-000N-0039","YOUNG, JUSTIN A","15713 DELAVAN CV  AUSTIN, TX 78717","15713 DELAVAN CV, AUSTIN, TX  78717","WOODS OF BRUSHY CREEK  SEC 2 PHASE 2, BLOCK N, LOT 39","R230592E"," ","S5065 - Woods Of Brushy Creek  Sec 2 Phase 2","Real","$448,798","$448,798"
"R050725","R-16-5974-000N-0038","SERPOOSH, SAM","2313 WEBSTER ST APT 4 SAN FRANSISCO, CA 94115-1842","15711 DELAVAN CV, AUSTIN, TX  78717","WOODS OF BRUSHY CREEK  SEC 2 PHASE 2, BLOCK N, LOT 38","R230592E"," ","S5065 - Woods Of Brushy Creek  Sec 2 Phase 2","Real","$522,504","$522,504"
"R050726","R-16-5974-000N-0037","KOCEN, BRADLEY K","8501 PORTAGE CV AUSTIN, TX 78717-5410","8501 PORTAGE CV, AUSTIN, TX  78717","WOODS OF BRUSHY CREEK  SEC 2 PHASE 2, BLOCK N, LOT 37","R230592E"," ","S5065 - Woods Of Brushy Creek  Sec 2 Phase 2","Real","$530,270","$530,270"
"R050728","R-16-5974-000N-0036","SHUI, TIANYI & YUN WANG","9308 CASTLE PINES DR  AUSTIN, TX 78717","8503 PORTAGE CV, AUSTIN, TX  78717","WOODS OF BRUSHY CREEK  SEC 2 PHASE 2, BLOCK N, LOT 36","R230592E"," ","S5065 - Woods Of Brushy Creek  Sec 2 Phase 2","Real","$447,449","$447,449"
"R050729","R-16-5974-000N-0035","POOLE, JULIE A","8505 PORTAGE CV  AUSTIN, TX 78717","8505 PORTAGE CV, AUSTIN, TX  78717","WOODS OF BRUSHY CREEK  SEC 2 PHASE 2, BLOCK N, LOT 35","R230592E"," ","S5065 - Woods Of Brushy Creek  Sec 2 Phase 2","Real","$494,931","$494,931"
"R050730","R-16-5974-000N-0034","CAMPBELL, MARK C & JAIME J FISHER","8507 PORTAGE CV  AUSTIN, TX 78717","8507 PORTAGE CV, AUSTIN, TX  78717","WOODS OF BRUSHY CREEK  SEC 2 PHASE 2, BLOCK N, LOT 34","R230592E"," ","S5065 - Woods Of Brushy Creek  Sec 2 Phase 2","Real","$382,311","$382,311"
"R050731","R-16-5974-000N-0033","CHEN, JUN & GENGXUE WU TRUSTEES OF CHEN & WU FAMILY TRUST","12513 SUMNER AVE  SARATOGA, CA 95070","8509 PORTAGE CV, AUSTIN, TX  78717","WOODS OF BRUSHY CREEK  SEC 2 PHASE 2, BLOCK N, LOT 33","R230592E"," ","S5065 - Woods Of Brushy Creek  Sec 2 Phase 2","Real","$407,643","$407,643"
"R050732","R-16-5974-000N-0032","8511 PORTAGE CV LLC","8322 POMMEL DR  AUSTIN, TX 78759","8511 PORTAGE CV, AUSTIN, TX  78717","WOODS OF BRUSHY CREEK  SEC 2 PHASE 2, BLOCK N, LOT 32","R230592E"," ","S5065 - Woods Of Brushy Creek  Sec 2 Phase 2","Real","$395,097","$395,097"
"R050733","R-16-5974-000N-0031","8513 PORTGAGE COVE A PROTECTED SERIES HIBISCUS LAWN HOLDINGS LLC","PO BOX 1122 ALEDO, TX 76008","8513 PORTAGE CV, AUSTIN, TX  78717","WOODS OF BRUSHY CREEK  SEC 2 PHASE 2, BLOCK N, LOT 31","R230592E"," ","S5065 - Woods Of Brushy Creek  Sec 2 Phase 2","Real","$521,680","$521,680"
"R050734","R-16-5974-000N-0030","MAHAFFEY, BENNETT R, Jr","8515 PORTAGE CV AUSTIN, TX 78717-5410","8515 PORTAGE CV, AUSTIN, TX  78717","WOODS OF BRUSHY CREEK  SEC 2 PHASE 2, BLOCK N, LOT 30","R230592E"," ","S5065 - Woods Of Brushy Creek  Sec 2 Phase 2","Real","$416,178","$416,178"
"R050735","R-16-5974-000N-0029","WADE, AILEEN & JOHN","8512 PORTAGE CV  AUSTIN, TX 78717","8512 PORTAGE CV, AUSTIN, TX  78717","WOODS OF BRUSHY CREEK  SEC 2 PHASE 2, BLOCK N, LOT 29","R230592E"," ","S5065 - Woods Of Brushy Creek  Sec 2 Phase 2","Real","$493,637","$493,637"
"R050736","R-16-5974-000N-0028","NIEMEN, STEPHANE EMILE","18582 BEACH BLVD  #UNIT 233 HUNTINGTON BEACH, CA 92648","8510 PORTAGE CV, AUSTIN, TX  78717","WOODS OF BRUSHY CREEK  SEC 2 PHASE 2, BLOCK N, LOT 28","R230592E"," ","S5065 - Woods Of Brushy Creek  Sec 2 Phase 2","Real","$426,122","$426,122"
"R050737","R-16-5974-000N-0027","SILVERMAN, SCOTT M & GAIL LAFOSSE","8508 PORTAGE CV  AUSTIN, TX 78717","8508 PORTAGE CV, AUSTIN, TX  78717","WOODS OF BRUSHY CREEK  SEC 2 PHASE 2, BLOCK N, LOT 27","R230592E"," ","S5065 - Woods Of Brushy Creek  Sec 2 Phase 2","Real","$425,053","$425,053"
"R050738","R-16-5974-000N-0026","THORNE, DAMIEN TYLER & QUY DUC DOAN","8506 PORTAGE CV  AUSTIN, TX 78717-5410","8506 PORTAGE CV, AUSTIN, TX  78717","WOODS OF BRUSHY CREEK  SEC 2 PHASE 2, BLOCK N, LOT 26","R230592E"," ","S5065 - Woods Of Brushy Creek  Sec 2 Phase 2","Real","$330,638","$460,795"
"R050739","R-16-5974-000N-0025","HASTINGS, BRAD","8504 PORTAGE CV AUSTIN, TX 78717-5410","8504 PORTAGE CV, AUSTIN, TX  78717","WOODS OF BRUSHY CREEK  SEC 2 PHASE 2, BLOCK N, LOT 25","R230592E"," ","S5065 - Woods Of Brushy Creek  Sec 2 Phase 2","Real","$464,266","$464,266"
"R050740","R-16-5974-000N-0024","FANTOZZI, ENRICO & AMY","8502 PORTAGE CV  AUSTIN, TX 78717","8502 PORTAGE CV, AUSTIN, TX  78717","WOODS OF BRUSHY CREEK  SEC 2 PHASE 2, BLOCK N, LOT 24","R230592E"," ","S5065 - Woods Of Brushy Creek  Sec 2 Phase 2","Real","$417,224","$417,224"
"R050741","R-16-5974-000N-0023","BERNHARDT, CASSANDRA LYNN (TOD)","6101 RAIN CREEK PKWY  AUSTIN, TX 78759","8500 PORTAGE CV, AUSTIN, TX  78717","WOODS OF BRUSHY CREEK  SEC 2 PHASE 2, BLOCK N, LOT 23","R230592E"," ","S5065 - Woods Of Brushy Creek  Sec 2 Phase 2","Real","$414,702","$414,702"
"R050743","R-16-5974-000N-0021","MILLS, CLAY & NICHOLE","8404 DELAVAN AVE  AUSTIN, TX 78717","8404 DELAVAN AVE, AUSTIN, TX  78717","S5065 - Woods Of Brushy Creek  Sec 2 Phase 2, BLOCK N, Lot 21 & 22","R230592E"," ","S5065 - Woods Of Brushy Creek  Sec 2 Phase 2","Real","$648,273","$648,273"
"R050744","R-16-5974-000N-0020","GARDNER, AMIE LYNNE & CHRISTOPHER CREAMER","8402 DELAVAN AVE  AUSTIN, TX 78717-5402","8402 DELAVAN AVE, AUSTIN, TX  78717","WOODS OF BRUSHY CREEK  SEC 2 PHASE 2, BLOCK N, LOT 20","R230592E"," ","S5065 - Woods Of Brushy Creek  Sec 2 Phase 2","Real","$486,281","$486,281"
"R050745","R-16-5974-000N-0019","MOON, CAELYNN & LAKE DAVID","8423 RACINE TRL  AUSTIN, TX 78717-5326","8423 RACINE TRL, AUSTIN, TX  78717","WOODS OF BRUSHY CREEK  SEC 2 PHASE 2, BLOCK N, LOT 19","R230592E"," ","S5065 - Woods Of Brushy Creek  Sec 2 Phase 2","Real","$465,744","$465,744"
"R050746","R-16-5974-000N-0018","CASEY, HARRIS W & LETICIA R","8425 RACINE TRL AUSTIN, TX 78717-5326","8425 RACINE TRL, AUSTIN, TX  78717","WOODS OF BRUSHY CREEK  SEC 2 PHASE 2, BLOCK N, LOT 18","R230592E"," ","S5065 - Woods Of Brushy Creek  Sec 2 Phase 2","Real","$438,524","$438,524"
"R050747","R-16-5974-000N-0017","ROBISON, MONTE TRUSTEE OF MONTE ROBISON REVOC LIVING TRUST","8501 RACINE TRL  AUSTIN, TX 78717","8501 RACINE TRL, AUSTIN, TX  78717","WOODS OF BRUSHY CREEK  SEC 2 PHASE 2, BLOCK N, LOT 17","R230592E"," ","S5065 - Woods Of Brushy Creek  Sec 2 Phase 2","Real","$633,770","$633,770"
"R050748","R-16-5974-000N-0016","COERS-SOLIS, MARY A","8513 W POTOSI CV AUSTIN, TX 78717-5307","8513 POTOSI CV, AUSTIN, TX  78717","WOODS OF BRUSHY CREEK  SEC 2 PHASE 2, BLOCK N, LOT 16","R230592E"," ","S5065 - Woods Of Brushy Creek  Sec 2 Phase 2","Real","$506,754","$506,754"
"R050749","R-16-5974-000N-0015","CHILDRESS, RHONDA L & EDWARD","8515 W POTOSI CV AUSTIN, TX 78717-5307","8515 POTOSI CV, AUSTIN, TX  78717","WOODS OF BRUSHY CREEK  SEC 2 PHASE 2, BLOCK N, LOT 15","R230592E"," ","S5065 - Woods Of Brushy Creek  Sec 2 Phase 2","Real","$686,171","$686,171"
"R050750","R-16-5974-000N-0014","SMITH, WADE C & ANGELA D","8517 W POTOSI CV  AUSTIN, TX 78717","8517 POTOSI CV, AUSTIN, TX  78717","WOODS OF BRUSHY CREEK  SEC 2 PHASE 2, BLOCK N, LOT 14","R230592E"," ","S5065 - Woods Of Brushy Creek  Sec 2 Phase 2","Real","$568,859","$568,859"
"R050751","R-16-5974-000N-0013","KENNETH PAUL WARD & MARY DENISE WARD TRS OF THE KDW TRUST","8519 W POTOSI CV  AUSTIN, TX 78717-5307","8519 POTOSI CV, AUSTIN, TX  78717","WOODS OF BRUSHY CREEK  SEC 2 PHASE 2, BLOCK N, LOT 13","R230592E"," ","S5065 - Woods Of Brushy Creek  Sec 2 Phase 2","Real","$502,002","$502,002"
"R050752","R-16-5974-000N-0012","JAIN AMIT NARENDRA KUMAR & POORNIMA VENKATANARAYANAN","11621 SEVEN SPRINGS DR  CUPERTINO, CA 95014","8520 POTOSI CV, AUSTIN, TX  78717","WOODS OF BRUSHY CREEK  SEC 2 PHASE 2, BLOCK N, LOT 12","R230592E"," ","S5065 - Woods Of Brushy Creek  Sec 2 Phase 2","Real","$457,808","$457,808"
"R050753","R-16-5974-000N-0011","BEAL, JEFF","8518 W POTOSI CV AUSTIN, TX 78717-5307","8518 POTOSI CV, AUSTIN, TX  78717","WOODS OF BRUSHY CREEK  SEC 2 PHASE 2, BLOCK N, LOT 11","R230592E"," ","S5065 - Woods Of Brushy Creek  Sec 2 Phase 2","Real","$534,210","$534,210"
"R050754","R-16-5974-000N-0010","8156 W POTOSI CV","8516 W POTOSI CV AUSTIN, TX 78717-5307","8516 POTOSI CV, AUSTIN, TX  78717","WOODS OF BRUSHY CREEK  SEC 2 PHASE 2, BLOCK N, LOT 10","R230592E"," ","S5065 - Woods Of Brushy Creek  Sec 2 Phase 2","Real","$440,458","$440,458"
"R050755","R-16-5974-000N-0009","MCCLOSKEY, NEAL J & ALANA","8509 RACINE TRL  AUSTIN, TX 78717","8509 RACINE TRL, AUSTIN, TX  78717","WOODS OF BRUSHY CREEK  SEC 2 PHASE 2, BLOCK N, LOT 9","R230592E"," ","S5065 - Woods Of Brushy Creek  Sec 2 Phase 2","Real","$518,170","$518,170"
"R050756","R-16-5974-000N-0008","WRINKLE, ANGELA D & THOMAS","8511 RACINE TRL AUSTIN, TX 78717-5304","8511 RACINE TRL, AUSTIN, TX  78717","WOODS OF BRUSHY CREEK  SEC 2 PHASE 2, BLOCK N, LOT 8","R230592E"," ","S5065 - Woods Of Brushy Creek  Sec 2 Phase 2","Real","$501,885","$501,885"
"R050757","R-16-5974-000N-0007","TARR, STACEY A & JENNIFER D","8513 RACINE TRL  AUSTIN, TX 78717","8513 RACINE TRL, AUSTIN, TX  78717","WOODS OF BRUSHY CREEK  SEC 2 PHASE 2, BLOCK N, LOT 7","R230592E"," ","S5065 - Woods Of Brushy Creek  Sec 2 Phase 2","Real","$535,447","$535,447"
"R050758","R-16-5974-000N-0006","WOOD, BRENT & SUMMER & LONG, BENNETT A","8515 RACINE TRL  AUSTIN, TX 78717","8515 RACINE TRL, AUSTIN, TX  78717","WOODS OF BRUSHY CREEK  SEC 2 PHASE 2, BLOCK N, LOT 6","R230592E"," ","S5065 - Woods Of Brushy Creek  Sec 2 Phase 2","Real","$549,492","$549,492"
"R050759","R-16-5974-000N-0005","MISIUM, GERALDINE & JASON DORIAN","8517 RACINE  AUSTIN, TX 78717","8517 RACINE TRL, AUSTIN, TX  78717","WOODS OF BRUSHY CREEK  SEC 2 PHASE 2, BLOCK N, LOT 5","R230592E"," ","S5065 - Woods Of Brushy Creek  Sec 2 Phase 2","Real","$452,337","$452,337"
"R050760","R-16-5974-000N-0004","DANIELS, KERRY LYNNE","8519 RACINE TRL  AUSTIN, TX 78717","8519 RACINE TRL, AUSTIN, TX  78717","WOODS OF BRUSHY CREEK  SEC 2 PHASE 2, BLOCK N, LOT 4","R230592E"," ","S5065 - Woods Of Brushy Creek  Sec 2 Phase 2","Real","$409,876","$409,876"
"R050761","R-16-5974-000N-0003","SHOOK, KYLE","8521 RACINE TRL  AUSTIN, TX 78717-5304","8521 RACINE TRL, AUSTIN, TX  78717","WOODS OF BRUSHY CREEK  SEC 2 PHASE 2, BLOCK N, LOT 3","R230592E"," ","S5065 - Woods Of Brushy Creek  Sec 2 Phase 2","Real","$490,063","$490,063"
"R050762","R-16-5974-000N-0002","GOULD, DAVID MATTHEW & ANNA MARIE OF DAVID & ANNA GOULD IRREVOCABLE TRUST","8523 RACINE TRL  AUSTIN, TX 78717-5304","8523 RACINE TRL, AUSTIN, TX  78717","WOODS OF BRUSHY CREEK  SEC 2 PHASE 2, BLOCK N, LOT 2","R230592E"," ","S5065 - Woods Of Brushy Creek  Sec 2 Phase 2","Real","$362,430","$362,430"
"R050763","R-16-5974-000N-0001","REAVES, ELIZABETH PEARSON & WENDELL R","8525 RACINE TRL AUSTIN, TX 78717-5304","8525 RACINE TRL, AUSTIN, TX  78717","WOODS OF BRUSHY CREEK  SEC 2 PHASE 2, BLOCK N, LOT 1","R230592E"," ","S5065 - Woods Of Brushy Creek  Sec 2 Phase 2","Real","$472,731","$472,731"
"R050765","R-16-5974-000M-0026","EBAUGH, LUCAS MAX & NATALIE NICOLE","8608 TOMAH DR  AUSTIN, TX 78717","8608 TOMAH DR, AUSTIN, TX  78717","WOODS OF BRUSHY CREEK SEC 2 PH 2 AMD, BLOCK M, LOT 26","R230592E"," ","S5441 - Woods Of Brushy Creek Sec 2 Ph 2 Amd","Real","$681,921","$681,921"
"R050766","R-16-5974-000M-0025","XIN, SIYUAN & SHUYU WANG","227 BRIGHTON LN REDWOOD CITY, CA 94061-3677","8606 TOMAH DR, AUSTIN, TX  78717","WOODS OF BRUSHY CREEK SEC 2 PH 2 AMD, BLOCK M, LOT 25","R230592E"," ","S5441 - Woods Of Brushy Creek Sec 2 Ph 2 Amd","Real","$500,001","$500,001"
"R050767","R-16-5974-000M-0024","SINPHOSYS LLC","155 BUENA VISTA AVE  MILL VALLEY, TX 94941","8604 TOMAH DR, AUSTIN, TX  78717","WOODS OF BRUSHY CREEK SEC 2 PH 2 AMD, BLOCK M, LOT 24","R230592E"," ","S5441 - Woods Of Brushy Creek Sec 2 Ph 2 Amd","Real","$430,042","$430,042"
"R050768","R-16-5974-000M-0023","HORTON, DEREK A & HEATHER A","8602 TOMAH DR  AUSTIN, TX 78717","8602 TOMAH DR, AUSTIN, TX  78717","WOODS OF BRUSHY CREEK SEC 2 PH 2 AMD, BLOCK M, LOT 23","R230592E"," ","S5441 - Woods Of Brushy Creek Sec 2 Ph 2 Amd","Real","$610,787","$610,787"
"R050769","R-16-5974-000M-0022","SELF, MITCHELL W  & SANDI G","8600 TOMAH DR AUSTIN, TX 78717-5426","8600 TOMAH DR, AUSTIN, TX  78717","WOODS OF BRUSHY CREEK SEC 2 PH 2 AMD, BLOCK M, LOT 22","R230592E"," ","S5441 - Woods Of Brushy Creek Sec 2 Ph 2 Amd","Real","$514,084","$514,084"
"R050770","R-16-5974-000M-0021","NAINI, RAJANI KUMAR REDDY & MANASA PRODUTUR","6761 YORK CASTLE CT FRISCO, TX 75035-4415","8625 EPHRAIM RD, AUSTIN, TX  78717","WOODS OF BRUSHY CREEK  SEC 2 PHASE 2, BLOCK M, LOT 21","R230592E"," ","S5065 - Woods Of Brushy Creek  Sec 2 Phase 2","Real","$435,632","$435,632"
"R050771","R-16-5974-000M-0020","CHING JEFF TSZ & CHEUK WING LEE","8627 EPHRAIM RD  AUSTIN, TX 78717","8627 EPHRAIM RD, AUSTIN, TX  78717","WOODS OF BRUSHY CREEK  SEC 2 PHASE 2, BLOCK M, LOT 20","R230592E"," ","S5065 - Woods Of Brushy Creek  Sec 2 Phase 2","Real","$499,218","$499,218"
"R050772","R-16-5974-000M-0019","EPSTEIN, MICHAEL & MARY","8629 EPHRAIM RD  AUSTIN, TX 78717","8629 EPHRAIM RD, AUSTIN, TX  78717","WOODS OF BRUSHY CREEK  SEC 2 PHASE 2, BLOCK M, LOT 19","R230592E"," ","S5065 - Woods Of Brushy Creek  Sec 2 Phase 2","Real","$490,063","$490,063"
"R050773","R-16-5974-000M-0018","HATHAWAY, KATHERINE","8631 EPHRAIM RD  AUSTIN, TX 78738","8631 EPHRAIM RD, AUSTIN, TX  78717","WOODS OF BRUSHY CREEK  SEC 2 PHASE 2, BLOCK M, LOT 18","R230592E"," ","S5065 - Woods Of Brushy Creek  Sec 2 Phase 2","Real","$442,468","$442,468"
"R050774","R-16-5974-000M-0017","STHANU, RADHIKA","8633 EPHRAIM RD  AUSTIN, TX 78717","8633 EPHRAIM RD, AUSTIN, TX  78717","WOODS OF BRUSHY CREEK  SEC 2 PHASE 2, BLOCK M, LOT 17","R230592E"," ","S5065 - Woods Of Brushy Creek  Sec 2 Phase 2","Real","$444,798","$444,798"
"R050775","R-16-5974-000M-0016","BARTHELETTE, JOSEPH P & LEE","8635 EPHRAIM RD  AUSTIN, TX 78717-5419","8635 EPHRAIM RD, AUSTIN, TX  78717","WOODS OF BRUSHY CREEK  SEC 2 PHASE 2, BLOCK M, LOT 16","R230592E"," ","S5065 - Woods Of Brushy Creek  Sec 2 Phase 2","Real","$452,372","$452,372"
"R050776","R-16-5974-000M-0015","ERICKSON, PHILMON A JR & LINDA L","8637 EPHRAIM RD AUSTIN, TX 78717-5419","8637 EPHRAIM RD, AUSTIN, TX  78717","WOODS OF BRUSHY CREEK  SEC 2 PHASE 2, BLOCK M, LOT 15","R230592E"," ","S5065 - Woods Of Brushy Creek  Sec 2 Phase 2","Real","$511,283","$511,283"
"R050777","R-16-5974-000M-0014","FLASCH, ROBERT L","103 VAILCO LN  AUSTIN, TX 78738-6565","8639 EPHRAIM RD, AUSTIN, TX  78717","WOODS OF BRUSHY CREEK  SEC 2 PHASE 2, BLOCK M, LOT 14","R230592E"," ","S5065 - Woods Of Brushy Creek  Sec 2 Phase 2","Real","$438,061","$438,061"
"R050778","R-16-5974-000M-0013","WALKER, FANNY C CARANIKAS & RICHARD R","8641 EPHRAIM RD AUSTIN, TX 78717-5419","8641 EPHRAIM RD, AUSTIN, TX  78717","WOODS OF BRUSHY CREEK  SEC 2 PHASE 2, BLOCK M, LOT 13","R230592E"," ","S5065 - Woods Of Brushy Creek  Sec 2 Phase 2","Real","$482,389","$482,389"
"R050779","R-16-5974-000M-0012","GROSSENBACHER, DEREK A & ELISHA J","8645 EPHRAIM RD  AUSTIN, TX 78717","8645 EPHRAIM RD, AUSTIN, TX  78717","WOODS OF BRUSHY CREEK  SEC 2 PHASE 2, BLOCK M, LOT 12","R230592E"," ","S5065 - Woods Of Brushy Creek  Sec 2 Phase 2","Real","$448,956","$448,956"
"R050781","R-16-5974-000M-0011","RAEMSCH, MARJORIE KAY","8647 EPHRAIM RD  AUSTIN, TX 78717","8647 EPHRAIM RD, AUSTIN, TX  78717","WOODS OF BRUSHY CREEK  SEC 2 PHASE 2, BLOCK M, LOT 11","R230592E"," ","S5065 - Woods Of Brushy Creek  Sec 2 Phase 2","Real","$407,317","$407,317"
"R050782","R-16-5974-000M-0010","MATUS, LUIS F & VICTORIA LYNN","8649 EPHRAIM RD  AUSTIN, TX 78717","8649 EPHRAIM RD, AUSTIN, TX  78717","WOODS OF BRUSHY CREEK  SEC 2 PHASE 2, BLOCK M, LOT 10","R230592E"," ","S5065 - Woods Of Brushy Creek  Sec 2 Phase 2","Real","$489,450","$489,450"
"R050783","R-16-5974-000M-0009","GUNN, ROY & MARY","8651 EPHRAIM RD  AUSTIN, TX 78717","8651 EPHRAIM RD, AUSTIN, TX  78717","WOODS OF BRUSHY CREEK  SEC 2 PHASE 2, BLOCK M, LOT 9","R230592E"," ","S5065 - Woods Of Brushy Creek  Sec 2 Phase 2","Real","$462,137","$462,137"
"R050784","R-16-5974-000M-0008","LEE, JOON HEE & HYAE JIN PARK","8653 EPHRAIM RD  AUSTIN, TX 78717-5412","8653 EPHRAIM RD, AUSTIN, TX  78717","WOODS OF BRUSHY CREEK  SEC 2 PHASE 2, BLOCK M, LOT 8","R230592E"," ","S5065 - Woods Of Brushy Creek  Sec 2 Phase 2","Real","$466,751","$466,751"
"R050786","R-16-5974-000M-0007","STONE, STEVEN R & SHANNON K","8655 EPHRAIM RD AUSTIN, TX 78717-5412","8655 EPHRAIM RD, AUSTIN, TX  78717","WOODS OF BRUSHY CREEK  SEC 2 PHASE 2, BLOCK M, LOT 7","R230592E"," ","S5065 - Woods Of Brushy Creek  Sec 2 Phase 2","Real","$386,282","$386,282"
"R050787","R-16-5974-000M-0006","COLLINS, KEITH JOSEPH","8657 EPHRAIM RD AUSTIN, TX 78717-5412","8657 EPHRAIM RD, AUSTIN, TX  78717","WOODS OF BRUSHY CREEK  SEC 2 PHASE 2, BLOCK M, LOT 6","R230592E"," ","S5065 - Woods Of Brushy Creek  Sec 2 Phase 2","Real","$361,430","$361,430"
"R050788","R-16-5974-000M-0005","LIU, JUNYU & XIAO TAN","8659 EPHRAIM RD  AUSTIN, TX 78717-5412","8659 EPHRAIM RD, AUSTIN, TX  78717","WOODS OF BRUSHY CREEK  SEC 2 PHASE 2, BLOCK M, LOT 5","R230592E"," ","S5065 - Woods Of Brushy Creek  Sec 2 Phase 2","Real","$456,365","$456,365"
"R050789","R-16-5974-000M-0004","OLIVER, KEVIN D & CYNTHIA M","1607 FLINT CT LAKEWAY, TX 78734-5211","8661 EPHRAIM RD, AUSTIN, TX  78717","WOODS OF BRUSHY CREEK  SEC 2 PHASE 2, BLOCK M, LOT 4","R230592E"," ","S5065 - Woods Of Brushy Creek  Sec 2 Phase 2","Real","$468,034","$468,034"
"R050790","R-16-5974-000M-0003","KOLBER, SHAUNE P & ALLEGRA","8663 EPHRAIM RD  AUSTIN, TX 78717","8663 EPHRAIM RD, AUSTIN, TX  78717","S5065 - Woods Of Brushy Creek  Sec 2 Phase 2, BLOCK M, Lot 3","R230592E"," ","S5065 - Woods Of Brushy Creek  Sec 2 Phase 2","Real","$400,966","$400,966"
"R050791","R-16-5974-000M-0002","EDAKKUNNATH, GILSY & RIJU VARGHESE","8665 EPHRAIM RD  AUSTIN, TX 78717","8665 EPHRAIM RD, AUSTIN, TX  78717","WOODS OF BRUSHY CREEK  SEC 2 PHASE 2, BLOCK M, LOT 2","R230592E"," ","S5065 - Woods Of Brushy Creek  Sec 2 Phase 2","Real","$449,509","$449,509"
"R050792","R-16-5974-000M-0001","MASSEY, MICHAEL LEE","8667 EPHRAIM RD AUSTIN, TX 78717-5412","8667 EPHRAIM RD, AUSTIN, TX  78717","WOODS OF BRUSHY CREEK  SEC 2 PHASE 2, BLOCK M, LOT 1","R230592E"," ","S5065 - Woods Of Brushy Creek  Sec 2 Phase 2","Real","$381,371","$381,371"
"R050793","R-16-5974-000L-0011","SLEDGE, RONALD A & LIZ BETH","8605 EPHRAIM RD AUSTIN, TX 78717-5415","8605 EPHRAIM RD, AUSTIN, TX  78717","WOODS OF BRUSHY CREEK  SEC 2 PHASE 2, BLOCK L, LOT 11","R230592E"," ","S5065 - Woods Of Brushy Creek  Sec 2 Phase 2","Real","$386,332","$386,332"
"R050794","R-16-5974-000L-0010","MEYER, LEAH & KEVIN","8607 EPHRAIM RD  AUSTIN, TX 78717","8607 EPHRAIM RD, AUSTIN, TX  78717","WOODS OF BRUSHY CREEK  SEC 2 PHASE 2, BLOCK L, LOT 10","R230592E"," ","S5065 - Woods Of Brushy Creek  Sec 2 Phase 2","Real","$444,264","$444,264"
"R050795","R-16-5974-000L-0009","LEE, JIN HUN & AH RAH KIM","3820 BRUSHY CREEK RD UNIT 93 CEDAR PARK, TX 78613-2653","8609 EPHRAIM RD, AUSTIN, TX  78717","WOODS OF BRUSHY CREEK  SEC 2 PHASE 2, BLOCK L, LOT 9","R230592E"," ","S5065 - Woods Of Brushy Creek  Sec 2 Phase 2","Real","$384,799","$384,799"
"R050796","R-16-5974-000L-0008","KIM, HYUNCHEL","8611 EPHRAIM RD  AUSTIN, TX 78717","8611 EPHRAIM RD, AUSTIN, TX  78717","WOODS OF BRUSHY CREEK  SEC 2 PHASE 2, BLOCK L, LOT 8","R230592E"," ","S5065 - Woods Of Brushy Creek  Sec 2 Phase 2","Real","$401,262","$401,262"
"R050797","R-16-5974-000L-0007","HILL, PATTI GREEN","108 BRENTWOOD DR  LEVELLAND, TX 79336-6604","8613 EPHRAIM RD, AUSTIN, TX  78717","WOODS OF BRUSHY CREEK  SEC 2 PHASE 2, BLOCK L, LOT 7","R230592E"," ","S5065 - Woods Of Brushy Creek  Sec 2 Phase 2","Real","$416,966","$416,966"
"R050798","R-16-5974-000L-0006","JANE COFFMAN REVOCABLE LIVING TRUST","8615 EPHRAIM RD AUSTIN, TX 78717","8615 EPHRAIM RD, AUSTIN, TX  78717","WOODS OF BRUSHY CREEK  SEC 2 PHASE 2, BLOCK L, LOT 6","R230592E"," ","S5065 - Woods Of Brushy Creek  Sec 2 Phase 2","Real","$383,946","$383,946"
"R050799","R-16-5974-000L-0005","KALIYANAKIS, ANTHANASIOS & CHRISTINE","8617 EPHRAIM RD  AUSTIN, TX 78717","8617 EPHRAIM RD, AUSTIN, TX  78717","WOODS OF BRUSHY CREEK  SEC 2 PHASE 2, BLOCK L, LOT 5","R230592E"," ","S5065 - Woods Of Brushy Creek  Sec 2 Phase 2","Real","$518,071","$518,071"
"R050801","R-16-5974-000L-0003","MEREDITH, LINDSAY","8603 TOMAH DR  AUSTIN, TX 78717-5427","8603 TOMAH DR, AUSTIN, TX  78717","WOODS OF BRUSHY CREEK SEC 2 PH 2 AMD, BLOCK L, LOT 3","R230592E"," ","S5441 - Woods Of Brushy Creek Sec 2 Ph 2 Amd","Real","$538,844","$538,844"
"R050802","R-16-5974-000L-0002","BARNETT, DOUGLAS E & JENNIFER","8605 TOMAH DR AUSTIN, TX 78717-5427","8605 TOMAH DR, AUSTIN, TX  78717","WOODS OF BRUSHY CREEK SEC 2 PH 2 AMD, BLOCK L, LOT 2","R230592E"," ","S5441 - Woods Of Brushy Creek Sec 2 Ph 2 Amd","Real","$531,926","$531,926"
"R050803","R-16-5974-000L-0001","DASILVA, ROSIMILDO PEREIRA","8607 TOMAH DR  AUSTIN, TX 78717","8607 TOMAH DR, AUSTIN, TX  78717","WOODS OF BRUSHY CREEK SEC 2 PH 2 AMD, BLOCK L, LOT 1","R230592E"," ","S5441 - Woods Of Brushy Creek Sec 2 Ph 2 Amd","Real","$402,419","$402,419"
"R050804","R-16-5974-000D-0073","MATHUR, SANDEEP & SHILPI","12890 PARK DR AUSTIN, TX 78732-1840","8531 DELAVAN AVE, AUSTIN, TX  78717","WOODS OF BRUSHY CREEK SEC 2 PH 2 AMD, BLOCK D, LOT 73","R230592E"," ","S5441 - Woods Of Brushy Creek Sec 2 Ph 2 Amd","Real","$524,154","$524,154"
"R050805","R-16-5974-000D-0072","GARY STEVEN DOMROW TR OF THE DOMROW FAMILY TRUST","8527 DELAVAN AVE  AUSTIN, TX 78717-5407","8527 DELAVAN AVE, AUSTIN, TX  78717","WOODS OF BRUSHY CREEK SEC 2 PH 2 AMD, BLOCK D, LOT 72","R230592E"," ","S5441 - Woods Of Brushy Creek Sec 2 Ph 2 Amd","Real","$490,595","$490,595"
"R050806","R-16-5974-000D-0071","KNOTT, JULIANNE M","8525 DELAVAN AVE  AUSTIN, TX 78717","8525 DELAVAN AVE, AUSTIN, TX  78717","WOODS OF BRUSHY CREEK SEC 2 PH 2 AMD, BLOCK D, LOT 71","R230592E"," ","S5441 - Woods Of Brushy Creek Sec 2 Ph 2 Amd","Real","$504,476","$504,476"
"R050807","R-16-5974-000D-0070","CURRENT TRUSTEES OF THE AMAPA FAMILY REVOCABLE TRUST","8523 DELAVAN AVE AUSTIN, TX 78717","8523 DELAVAN AVE, AUSTIN, TX  78717","WOODS OF BRUSHY CREEK  SEC 2 PHASE 2, BLOCK D, LOT 70","R230592E"," ","S5065 - Woods Of Brushy Creek  Sec 2 Phase 2","Real","$700,439","$700,439"
"R050808","R-16-5974-000D-0069","HODSON, STEVEN & KIMBERLY","8521 DELAVAN AVE  AUSTIN, TX 78717","8521 DELAVAN AVE, AUSTIN, TX  78717","WOODS OF BRUSHY CREEK  SEC 2 PHASE 2, BLOCK D, LOT 69","R230592E"," ","S5065 - Woods Of Brushy Creek  Sec 2 Phase 2","Real","$534,444","$534,444"
"R050809","R-16-5974-000D-0068","TRAVIS, ROBERT H II & AGNIESZKA TRAVIS","8519 DELAVAN AVE  AUSTIN, TX 78717","8519 DELAVAN AVE, AUSTIN, TX  78717","WOODS OF BRUSHY CREEK  SEC 2 PHASE 2, BLOCK D, LOT 68","R230592E"," ","S5065 - Woods Of Brushy Creek  Sec 2 Phase 2","Real","$676,467","$676,467"
"R050812","R-16-5974-000D-0067","MENTZER, ARLENE","8517 DELAVAN AVE  AUSTIN, TX 78717-5406","8517 DELAVAN AVE, AUSTIN, TX  78717","WOODS OF BRUSHY CREEK  SEC 2 PHASE 2, BLOCK D, LOT 67","R230592E"," ","S5065 - Woods Of Brushy Creek  Sec 2 Phase 2","Real","$484,289","$484,289"
"R050813","R-16-5974-000D-0066","MILES, JAMES D & LINDA W","8515 DELAVAN AVE AUSTIN, TX 78717-5406","8515 DELAVAN AVE, AUSTIN, TX  78717","WOODS OF BRUSHY CREEK  SEC 2 PHASE 2, BLOCK D, LOT 66","R230592E"," ","S5065 - Woods Of Brushy Creek  Sec 2 Phase 2","Real","$500,293","$500,293"
"R050816","R-16-5974-000D-0065","HARBOVE, ROBERT J & LYNDA J","8513 DELAVAN AVE  AUSTIN, TX 78717-5406","8513 DELAVAN AVE, AUSTIN, TX  78717","WOODS OF BRUSHY CREEK  SEC 2 PHASE 2, BLOCK D, LOT 65","R230592E"," ","S5065 - Woods Of Brushy Creek  Sec 2 Phase 2","Real","$670,415","$670,415"
"R050819","R-16-5974-000D-0064","KUMAR, ARUN","15704 S DELAVAN CV AUSTIN, TX 78717-5408","15704 DELAVAN CV, AUSTIN, TX  78717","WOODS OF BRUSHY CREEK SEC 2 PH 2 AMD, BLOCK D, LOT 64","R230592E"," ","S5441 - Woods Of Brushy Creek Sec 2 Ph 2 Amd","Real","$474,589","$474,589"
"R050820","R-16-5974-000D-0063","KLUCHKI, WALTER M","15702 S DELAVAN CV AUSTIN, TX 78717-5408","15702 DELAVAN CV, AUSTIN, TX  78717","WOODS OF BRUSHY CREEK SEC 2 PH 2 AMD, BLOCK D, LOT 63","R230592E"," ","S5441 - Woods Of Brushy Creek Sec 2 Ph 2 Amd","Real","$477,746","$477,746"
"R050821","R-16-5974-000D-0062","ROMERO, LAMAR JAMES","15700 S DELAVAN CV AUSTIN, TX 78717-5408","15700 DELAVAN CV, AUSTIN, TX  78717","WOODS OF BRUSHY CREEK SEC 2 PH 2 AMD, BLOCK D, LOT 62","R230592E"," ","S5441 - Woods Of Brushy Creek Sec 2 Ph 2 Amd","Real","$500,181","$500,181"
"R050822","R-16-5974-000D-0061","HOTCHKISS, MELANIE A","15701 S DELAVAN CV  AUSTIN, TX 78717","15701 DELAVAN CV, AUSTIN, TX  78717","WOODS OF BRUSHY CREEK SEC 2 PH 2 AMD, BLOCK D, LOT 61","R230592E"," ","S5441 - Woods Of Brushy Creek Sec 2 Ph 2 Amd","Real","$397,361","$397,361"
"R050823","R-16-5974-000D-0060","KLINGER, APRIL C","15703 S DELAVAN CV AUSTIN, TX 78717-5408","15703 DELAVAN CV, AUSTIN, TX  78717","WOODS OF BRUSHY CREEK SEC 2 PH 2 AMD, BLOCK D, LOT 60","R230592E"," ","S5441 - Woods Of Brushy Creek Sec 2 Ph 2 Amd","Real","$540,556","$540,556"
"R050825","R-16-5974-000D-0058","HOWARD, DAVID E","15707 S DELAVAN CV AUSTIN, TX 78717-5408","15707 DELAVAN CV, AUSTIN, TX  78717","S5441 - Woods Of Brushy Creek Sec 2 Ph 2 Amd, BLOCK D, Lot 58-59","R230592E"," ","S5441 - Woods Of Brushy Creek Sec 2 Ph 2 Amd","Real","$579,163","$579,163"
"R050826","R-16-5974-000D-0057","DALTON, SHEAN RYE & FRANCES E","15709 S DELAVAN CV AUSTIN, TX 78717-5408","15709 DELAVAN CV, AUSTIN, TX  78717","WOODS OF BRUSHY CREEK SEC 2 PH 2 AMD, BLOCK D, LOT 57","R230592E"," ","S5441 - Woods Of Brushy Creek Sec 2 Ph 2 Amd","Real","$612,831","$612,831"
"R050827","R-16-5974-000D-0056","RAUL, PRAMOD R & CHAITANYACHITRA J GURAV","8503 DELAVAN AVE  AUSTIN, TX 78717","8503 DELAVAN AVE, AUSTIN, TX  78717","WOODS OF BRUSHY CREEK  SEC 2 PHASE 2, BLOCK D, LOT 56","R230592E"," ","S5065 - Woods Of Brushy Creek  Sec 2 Phase 2","Real","$552,045","$552,045"
"R050828","R-16-5974-000D-0054","MADRUGA, JOAQUIN & DEBORAH","8409 DELAVAN AVE  AUSTIN, TX 78717","8409 DELAVAN AVE, AUSTIN, TX  78717","WOODS OF BRUSHY CREEK  SEC 2 PHASE 2, BLOCK D, LOT 54","R230592E"," ","S5065 - Woods Of Brushy Creek  Sec 2 Phase 2","Real","$532,043","$532,043"
"R050829","R-16-5974-000D-0055","CLARK, GREG & SOPHY","8501 DELAVAN AVE  AUSTIN, TX 78717-5405","8501 DELAVAN AVE, AUSTIN, TX  78717","WOODS OF BRUSHY CREEK  SEC 2 PHASE 2, BLOCK D, LOT 55","R230592E"," ","S5065 - Woods Of Brushy Creek  Sec 2 Phase 2","Real","$645,803","$645,803"
"R050831","R-16-5974-000D-0053","WEST, GREGORY E & SUZANNE","8405 DELAVAN AVE  AUSTIN, TX 78717-5401","8405 DELAVAN AVE, AUSTIN, TX  78717","WOODS OF BRUSHY CREEK  SEC 2 PHASE 2, BLOCK D, LOT 53","R230592E"," ","S5065 - Woods Of Brushy Creek  Sec 2 Phase 2","Real","$486,292","$486,292"
"R050832","R-16-5974-000D-0052","SU, JEFFREY (TOD)","9621 RAINLILLY LN  AUSTIN, TX 78759-7702","8403 DELAVAN AVE, AUSTIN, TX  78717","WOODS OF BRUSHY CREEK  SEC 2 PHASE 2, BLOCK D, LOT 52","R230592E"," ","S5065 - Woods Of Brushy Creek  Sec 2 Phase 2","Real","$422,357","$422,357"
"R050833","R-16-5974-000D-0051","HENDERSON, FRANKLIN J & HUI-CHA HENDERSON","8401 DELAVAN AVE AUSTIN, TX 78717-5401","8401 DELAVAN AVE, AUSTIN, TX  78717","WOODS OF BRUSHY CREEK  SEC 2 PHASE 2, BLOCK D, LOT 51","R230592E"," ","S5065 - Woods Of Brushy Creek  Sec 2 Phase 2","Real","$530,322","$530,322"
"R050834","R-16-5974-000D-0050","LAFERNEY, ERIK JAMES & JENNIFER CRANNY","8419 RACINE TRL  AUSTIN, TX 78717","8419 RACINE TRL, AUSTIN, TX  78717","WOODS OF BRUSHY CREEK  SEC 2 PHASE 2, BLOCK D, LOT 50","R230592E"," ","S5065 - Woods Of Brushy Creek  Sec 2 Phase 2","Real","$428,796","$428,796"
"R050835","R-16-5974-000D-0049","PARTNEY, JASON LEE & MARY ANNE","8415 RACINE TRL  AUSTIN, TX 78717","8415 RACINE TRL, AUSTIN, TX  78717","WOODS OF BRUSHY CREEK  SEC 2 PHASE 2, BLOCK D, LOT 49","R230592E"," ","S5065 - Woods Of Brushy Creek  Sec 2 Phase 2","Real","$450,700","$450,700"
"R050836","R-16-5974-000D-0048","BALTAZOR, JORDAN & TIA D","8413 RACINE TRL  AUSTIN, TX 78717","8413 RACINE TRL, AUSTIN, TX  78717","WOODS OF BRUSHY CREEK  SEC 2 PHASE 2, BLOCK D, LOT 48","R230592E"," ","S5065 - Woods Of Brushy Creek  Sec 2 Phase 2","Real","$432,580","$432,580"
"R050837","R-16-5974-000D-0047","BALDERA, ALEXIS A & JUAN PILAR","8411 RACINE TRL  AUSTIN, TX 78717","8411 RACINE TRL, AUSTIN, TX  78717","WOODS OF BRUSHY CREEK  SEC 2 PHASE 2, BLOCK D, LOT 47","R230592E"," ","S5065 - Woods Of Brushy Creek  Sec 2 Phase 2","Real","$454,990","$454,990"
"R050838","R-16-5974-000D-0046","PORTER, NICHOLAS & ANGIE","8409 RACINE TRL  AUSTIN, TX 78717","8409 RACINE TRL, AUSTIN, TX  78717","WOODS OF BRUSHY CREEK  SEC 2 PHASE 2, BLOCK D, LOT 46","R230592E"," ","S5065 - Woods Of Brushy Creek  Sec 2 Phase 2","Real","$445,203","$445,203"
"R050839","R-16-5974-000D-0045","LANGLET, JOHN JOSEPH & PATRICIA ANNE","8407 RACINE TRL AUSTIN, TX 78717-5326","8407 RACINE TRL, AUSTIN, TX  78717","WOODS OF BRUSHY CREEK  SEC 2 PHASE 2, BLOCK D, LOT 45","R230592E"," ","S5065 - Woods Of Brushy Creek  Sec 2 Phase 2","Real","$491,728","$491,728"
"R050840","R-16-5974-000D-0044","MICHAELSON, MICHAEL & DIANNE PRESTON","8403 RACINE TRL AUSTIN, TX 78717-5326","8403 RACINE TRL, AUSTIN, TX  78717","WOODS OF BRUSHY CREEK  SEC 2 PHASE 2, BLOCK D, LOT 44","R230592E"," ","S5065 - Woods Of Brushy Creek  Sec 2 Phase 2","Real","$425,161","$425,161"
"R050841","R-16-5974-000D-0043","SAVAGE, ERIKA M","5800 STANDING ROCK DR  AUSTIN, TX 78730","8401 RACINE TRL, AUSTIN, TX  78717","WOODS OF BRUSHY CREEK  SEC 2 PHASE 2, BLOCK D, LOT 43","R230592E"," ","S5065 - Woods Of Brushy Creek  Sec 2 Phase 2","Real","$411,677","$411,677"
"R050842","R-16-5974-000B-0059","BUSTOS, LISABETT ROXANNE & BRITTANY LYNN BOWERS","15907 NEENAH CV  AUSTIN, TX 78717","15907 NEENAH CV, AUSTIN, TX  78717","WOODS OF BRUSHY CREEK  SEC 2 PHASE 2, BLOCK B, LOT 59","R230592E"," ","S5065 - Woods Of Brushy Creek  Sec 2 Phase 2","Real","$484,111","$484,111"
"R050843","R-16-5974-000B-0058","YENNERELL, PHILLIP J","15905 NEENAH CV AUSTIN, TX 78717-5308","15905 NEENAH CV, AUSTIN, TX  78717","WOODS OF BRUSHY CREEK  SEC 2 PHASE 2, BLOCK B, LOT 58","R230592E"," ","S5065 - Woods Of Brushy Creek  Sec 2 Phase 2","Real","$415,245","$415,245"
"R050844","R-16-5974-000B-0057","Unknown","Unknown","15903 NEENAH CV, AUSTIN, TX  78717","WOODS OF BRUSHY CREEK  SEC 2 PHASE 2, BLOCK B, LOT 57","R230592E"," ","S5065 - Woods Of Brushy Creek  Sec 2 Phase 2","Real","$489,454","$489,454"
"R050845","R-16-5974-000B-0056","HELBURN, GRAHAM D & NINA M","15901 NEENAH CV AUSTIN, TX 78717-5308","15901 NEENAH CV, AUSTIN, TX  78717","WOODS OF BRUSHY CREEK  SEC 2 PHASE 2, BLOCK B, LOT 56","R230592E"," ","S5065 - Woods Of Brushy Creek  Sec 2 Phase 2","Real","$515,447","$515,447"
"R050846","R-16-5974-000B-0055","MIKULENCAK, CHRISTIAN R & KATHRYN E","15900 NEENAH CV AUSTIN, TX 78717-5308","15900 NEENAH CV, AUSTIN, TX  78717","WOODS OF BRUSHY CREEK  SEC 2 PHASE 2, BLOCK B, LOT 55","R230592E"," ","S5065 - Woods Of Brushy Creek  Sec 2 Phase 2","Real","$509,374","$509,374"
"R050847","R-16-5974-000B-0054","GUIDROZ, BRANDON J & TANIA N NGUYEN","15902 NEENAH CV  AUSTIN, TX 78717-5308","15902 NEENAH CV, AUSTIN, TX  78717","WOODS OF BRUSHY CREEK  SEC 2 PHASE 2, BLOCK B, LOT 54","R230592E"," ","S5065 - Woods Of Brushy Creek  Sec 2 Phase 2","Real","$469,345","$469,345"
"R050848","R-16-5974-000B-0053","DELONG, MARY ELLEN","15904 NEENAH CV  AUSTIN, TX 78717","15904 NEENAH CV, AUSTIN, TX  78717","WOODS OF BRUSHY CREEK  SEC 2 PHASE 2, BLOCK B, LOT 53","R230592E"," ","S5065 - Woods Of Brushy Creek  Sec 2 Phase 2","Real","$466,936","$466,936"
"R050849","R-16-5974-000B-0052","EVON, KAREN & AUSTIN DAVID DUNCAN","15906 NEENAH CV  AUSTIN, TX 78717","15906 NEENAH CV, AUSTIN, TX  78717","WOODS OF BRUSHY CREEK  SEC 2 PHASE 2, BLOCK B, LOT 52","R230592E"," ","S5065 - Woods Of Brushy Creek  Sec 2 Phase 2","Real","$401,603","$401,603"
"R050850","R-16-5974-000B-0051","MCCRAY, AUDREY DAVIS","8518 RACINE TRL AUSTIN, TX 78717-5304","8518 RACINE TRL, AUSTIN, TX  78717","WOODS OF BRUSHY CREEK  SEC 2 PHASE 2, BLOCK B, LOT 51","R230592E"," ","S5065 - Woods Of Brushy Creek  Sec 2 Phase 2","Real","$536,906","$536,906"
"R050851","R-16-5974-000B-0050","MEYER, MARJORIE M","8516 RACINE TRL  AUSTIN, TX 78717","8516 RACINE TRL, AUSTIN, TX  78717","WOODS OF BRUSHY CREEK  SEC 2 PHASE 2, BLOCK B, LOT 50","R230592E"," ","S5065 - Woods Of Brushy Creek  Sec 2 Phase 2","Real","$433,565","$433,565"
"R050852","R-16-5974-000B-0049","SITES, COLBY & MICHELLE MOORE","8514 RACINE TRL  AUSTIN, TX 78717","8514 RACINE TRL, AUSTIN, TX  78717","WOODS OF BRUSHY CREEK  SEC 2 PHASE 2, BLOCK B, LOT 49","R230592E"," ","S5065 - Woods Of Brushy Creek  Sec 2 Phase 2","Real","$535,984","$535,984"
"R050853","R-16-5974-000B-0048","GOULD, MICHAEL D & DIANE E","8512 RACINE TRL  AUSTIN, TX 78717-5304","8512 RACINE TRL, AUSTIN, TX  78717","S5065 - Woods Of Brushy Creek  Sec 2 Phase 2, BLOCK B, Lot 47-48","R230592E"," ","S5065 - Woods Of Brushy Creek  Sec 2 Phase 2","Real","$467,956","$467,956"
"R050855","R-16-5974-000B-0046","BRZOSTEK, JEFFREY (LE) & LYNN DIANE (LE)","8510 E POTOSI CV  AUSTIN, TX 78717","8510 POTOSI CV, AUSTIN, TX  78717","WOODS OF BRUSHY CREEK  SEC 2 PHASE 2, BLOCK B, LOT 46","R230592E"," ","S5065 - Woods Of Brushy Creek  Sec 2 Phase 2","Real","$499,487","$499,487"
"R050856","R-16-5974-000B-0045","STANCZAK, MINE C","8508 E POTOSI CV AUSTIN, TX 78717-5306","8508 POTOSI CV, AUSTIN, TX  78717","WOODS OF BRUSHY CREEK  SEC 2 PHASE 2, BLOCK B, LOT 45","R230592E"," ","S5065 - Woods Of Brushy Creek  Sec 2 Phase 2","Real","$411,343","$411,343"
"R050857","R-16-5974-000B-0044","SEBESTA, ALLISON W & ROBERT","8506 E POTOSI CV AUSTIN, TX 78717-5306","8506 POTOSI CV, AUSTIN, TX  78717","WOODS OF BRUSHY CREEK  SEC 2 PHASE 2, BLOCK B, LOT 44","R230592E"," ","S5065 - Woods Of Brushy Creek  Sec 2 Phase 2","Real","$446,962","$446,962"
"R050858","R-16-5974-000B-0043","TIPPS, JEFFREY C & MINDI C","8504 POTOSI CV  AUSTIN, TX 78717","8504 POTOSI CV, AUSTIN, TX  78717","WOODS OF BRUSHY CREEK  SEC 2 PHASE 2, BLOCK B, LOT 43","R230592E"," ","S5065 - Woods Of Brushy Creek  Sec 2 Phase 2","Real","$436,164","$436,164"
"R050859","R-16-5974-000B-0042","NAVARETTE, PETER J & JENNIFER L","8502 E POTOSI CV AUSTIN, TX 78717-5306","8502 POTOSI CV, AUSTIN, TX  78717","WOODS OF BRUSHY CREEK  SEC 2 PHASE 2, BLOCK B, LOT 42","R230592E"," ","S5065 - Woods Of Brushy Creek  Sec 2 Phase 2","Real","$449,441","$449,441"
"R050860","R-16-5974-000B-0041","STUNTZ, TIMOTHY GUY JR & AMBER N ARMSTRONG","8500 E POTOSI CV  AUSTIN, TX 78717-5306","8500 POTOSI CV, AUSTIN, TX  78717","WOODS OF BRUSHY CREEK  SEC 2 PHASE 2, BLOCK B, LOT 41","R230592E"," ","S5065 - Woods Of Brushy Creek  Sec 2 Phase 2","Real","$437,356","$437,356"
"R050861","R-16-5974-000B-0040","FOREY, LAURA L","8501 E POTOSI CV AUSTIN, TX 78717-5306","8501 POTOSI CV, AUSTIN, TX  78717","WOODS OF BRUSHY CREEK  SEC 2 PHASE 2, BLOCK B, LOT 40","R230592E"," ","S5065 - Woods Of Brushy Creek  Sec 2 Phase 2","Real","$451,798","$451,798"
"R050862","R-16-5974-000B-0039","SHARMA, RAVI & ADITI","8503 E POTOSI CV  AUSTIN, TX 78717-5306","8503 E POTOSI CV, AUSTIN, TX  78717","WOODS OF BRUSHY CREEK  SEC 2 PHASE 2, BLOCK B, LOT 39","R230592E"," ","S5065 - Woods Of Brushy Creek  Sec 2 Phase 2","Real","$575,769","$575,769"
"R050863","R-16-5974-000B-0038","TANNER, DONALD R & SHERA F","8505 POTOSI CV  AUSTIN, TX 78717","8505 POTOSI CV, AUSTIN, TX  78717","WOODS OF BRUSHY CREEK  SEC 2 PHASE 2, BLOCK B, LOT 38","R230592E"," ","S5065 - Woods Of Brushy Creek  Sec 2 Phase 2","Real","$420,568","$420,568"
"R050864","R-16-5974-000B-0037","BOAZ HECHT & SIVAN HECHT TRUSTEES OF THE HECHT FAMILY TRUST","700 SANTA ROSA LN  FOSTER CITY, CA 94404","8509 POTOSI CV, AUSTIN, TX  78717","WOODS OF BRUSHY CREEK  SEC 2 PHASE 2, BLOCK B, LOT 37","R230592E"," ","S5065 - Woods Of Brushy Creek  Sec 2 Phase 2","Real","$534,308","$534,308"
"R050865","R-16-5974-000B-0036","MCCABE, WILLIAM G","8500 RACINE TRL AUSTIN, TX 78717-5304","8500 RACINE TRL, AUSTIN, TX  78717","WOODS OF BRUSHY CREEK  SEC 2 PHASE 2, BLOCK B, LOT 36","R230592E"," ","S5065 - Woods Of Brushy Creek  Sec 2 Phase 2","Real","$445,420","$445,420"
"R050866","R-16-5974-000B-0035","SOUTHREY, CATHERINE (LE) & JOHN (LE)","1518 FALCON DR SAINT GEORGE, UT 84770-6161","8422 RACINE TRL, AUSTIN, TX  78717","WOODS OF BRUSHY CREEK  SEC 2 PHASE 2, BLOCK B, LOT 35","R230592E"," ","S5065 - Woods Of Brushy Creek  Sec 2 Phase 2","Real","$360,600","$360,600"
"R050867","R-16-5974-000B-0034","FUNDULEA, ADELA","8420 RACINE TRL  AUSTIN, TX 78717","8420 RACINE TRL, AUSTIN, TX  78717","WOODS OF BRUSHY CREEK  SEC 2 PHASE 2, BLOCK B, LOT 34","R230592E"," ","S5065 - Woods Of Brushy Creek  Sec 2 Phase 2","Real","$477,016","$477,016"
"R050868","R-16-5974-000B-0033","TORRES, DAVID & M ELISA","8418 RACINE TRL AUSTIN, TX 78717-5326","8418 RACINE TRL, AUSTIN, TX  78717","WOODS OF BRUSHY CREEK  SEC 2 PHASE 2, BLOCK B, LOT 33","R230592E"," ","S5065 - Woods Of Brushy Creek  Sec 2 Phase 2","Real","$422,009","$422,009"
"R050869","R-16-5974-000B-0032","GAGE, TRAVIS ANDREW & SARA RENEE KELLY","116 NIGHT RIDERS WAY  JARRELL, TX 76537-0697","8416 RACINE TRL, AUSTIN, TX  78717","WOODS OF BRUSHY CREEK  SEC 2 PHASE 2, BLOCK B, LOT 32","R230592E"," ","S5065 - Woods Of Brushy Creek  Sec 2 Phase 2","Real","$490,029","$490,029"
"R050870","R-16-5974-000B-0031","COVINGTON, JOHN B IV & LOUANN KIRKPATRICK","8414 RACINE TRL AUSTIN, TX 78717-5326","8414 RACINE TRL, AUSTIN, TX  78717","WOODS OF BRUSHY CREEK  SEC 2 PHASE 2, BLOCK B, LOT 31","R230592E"," ","S5065 - Woods Of Brushy Creek  Sec 2 Phase 2","Real","$483,615","$483,615"
"R050871","R-16-5974-000B-0030","WAI-MAN IP & MAY YIU WU CO TR IP FAMILY REVOCABLE TRUST","804 N BUSHNELL  ALHAMBRA, CA 91801","8412 RACINE TRL, AUSTIN, TX  78717","WOODS OF BRUSHY CREEK  SEC 2 PHASE 2, BLOCK B, LOT 30","R230592E"," ","S5065 - Woods Of Brushy Creek  Sec 2 Phase 2","Real","$415,698","$415,698"
"R050872","R-16-5974-000B-0029","BYRD, CLIFFORD L & CHERYL A","8410 RACINE TRL  AUSTIN, TX 78717","8410 RACINE TRL, AUSTIN, TX  78717","WOODS OF BRUSHY CREEK  SEC 2 PHASE 2, BLOCK B, LOT 29","R230592E"," ","S5065 - Woods Of Brushy Creek  Sec 2 Phase 2","Real","$434,700","$434,700"
"R050873","R-16-5974-000B-0028","CHADASH, DANIEL","376 LEXINGTON ST SAN FRANCISCO, CA 94110-2412","8408 RACINE TRL, AUSTIN, TX  78717","WOODS OF BRUSHY CREEK  SEC 2 PHASE 2, BLOCK B, LOT 28","R230592E"," ","S5065 - Woods Of Brushy Creek  Sec 2 Phase 2","Real","$410,666","$410,666"
"R050874","R-16-5974-000B-0027","LEMOND, KENNETH S & MYUNG SOON BANG-LEMOND","1159 CURVE ST  AUSTIN, TX 78702-1955","8406 RACINE TRL, AUSTIN, TX  78717","WOODS OF BRUSHY CREEK  SEC 2 PHASE 2, BLOCK B, LOT 27","R230592E"," ","S5065 - Woods Of Brushy Creek  Sec 2 Phase 2","Real","$466,335","$466,335"
"R050875","R-16-5974-000B-0026","KROG, MELANIE JANE","8404 RACINE TRL  AUSTIN, TX 78717-5326","8404 RACINE TRL, AUSTIN, TX  78717","WOODS OF BRUSHY CREEK  SEC 2 PHASE 2, BLOCK B, LOT 26","R230592E"," ","S5065 - Woods Of Brushy Creek  Sec 2 Phase 2","Real","$512,527","$512,527"
"R050876","R-16-5974-000B-0025","OSTROMINSKI SARAH & TODD TRUSTEE SARAH & TODD OSTROMINSKI LIVING TRUST","8402 RACINE TRL  AUSTIN, TX 78717","8402 RACINE TRL, AUSTIN, TX  78717","WOODS OF BRUSHY CREEK  SEC 2 PHASE 2, BLOCK B, LOT 25","R230592E"," ","S5065 - Woods Of Brushy Creek  Sec 2 Phase 2","Real","$495,005","$495,005"
"R050886","R-16-5973-000B-0080","UZUNDERE, ABDULLAH & AMY","901 RICHARDSON LN LEANDER, TX 78641-1544","15905 ARLA CV, AUSTIN, TX  78717","WOODS OF BRUSHY CREEK  SEC 2 PHASE 1-C, BLOCK B, LOT 80","R230592E"," ","S5066 - Woods Of Brushy Creek  Sec 2 Phase 1-c","Real","$508,626","$508,626"
"R050887","R-16-5973-000B-0079","GALGALE, AVINASH M & MARIA D","15903 ARLA CV  AUSTIN, TX 78717","15903 ARLA CV, AUSTIN, TX  78717","WOODS OF BRUSHY CREEK  SEC 2 PHASE 1-C, BLOCK B, LOT 79","R230592E"," ","S5066 - Woods Of Brushy Creek  Sec 2 Phase 1-c","Real","$493,302","$493,302"
"R050888","R-16-5973-000B-0078","LE, KATHERINE & NHA TRAN","15901 ARLA CV  AUSTIN, TX 78717","15901 ARLA CV, AUSTIN, TX  78717","WOODS OF BRUSHY CREEK  SEC 2 PHASE 1-C, BLOCK B, LOT 78","R230592E"," ","S5066 - Woods Of Brushy Creek  Sec 2 Phase 1-c","Real","$725,496","$725,496"
"R050889","R-16-5973-000B-0077","MALLOY, M D & LORI CLAY (TOD)","15900 ARLA CV  AUSTIN, TX 78717-5310","15900 ARLA CV, AUSTIN, TX  78717","WOODS OF BRUSHY CREEK  SEC 2 PHASE 1-C, BLOCK B, LOT 77","R230592E"," ","S5066 - Woods Of Brushy Creek  Sec 2 Phase 1-c","Real","$426,782","$426,782"
"R050890","R-16-5973-000B-0076","HOU, YONGHAI & JING QIAN","5319 UNIVERSITY DR  #PMB 352 IRVINE, CA 92612-2965","15902 ARLA CV, AUSTIN, TX  78717","WOODS OF BRUSHY CREEK  SEC 2 PHASE 1-C, BLOCK B, LOT 76","R230592E"," ","S5066 - Woods Of Brushy Creek  Sec 2 Phase 1-c","Real","$615,196","$615,196"
"R050891","R-16-5973-000B-0075","HELTON, JESSE ANDREW & ALLA ARTEMOVA-HELTON","15904 ARLA CV  AUSTIN, TX 78717","15904 ARLA CV, AUSTIN, TX  78717","WOODS OF BRUSHY CREEK  SEC 2 PHASE 1-C, BLOCK B, LOT 75","R230592E"," ","S5066 - Woods Of Brushy Creek  Sec 2 Phase 1-c","Real","$626,986","$626,986"
"R050892","R-16-5973-000B-0074","SIWCZAK, PIOTR & MALGORZATA","15906 ARLA CV  AUSTIN, TX 78717","15906 ARLA CV, AUSTIN, TX  78717","WOODS OF BRUSHY CREEK  SEC 2 PHASE 1-C, BLOCK B, LOT 74","R230592E"," ","S5066 - Woods Of Brushy Creek  Sec 2 Phase 1-c","Real","$557,519","$557,519"
"R050893","R-16-5973-000B-0073","NORDSTROM, CHRISTOPHER S & KARA A","8405 CORNERWOOD DR AUSTIN, TX 78717-5342","8405 CORNERWOOD DR, AUSTIN, TX  78717","WOODS OF BRUSHY CREEK  SEC 2 PHASE 1-C, BLOCK B, LOT 73","R230592E"," ","S5066 - Woods Of Brushy Creek  Sec 2 Phase 1-c","Real","$420,762","$420,762"
"R050894","R-16-5973-000B-0072","TURNER, CHARLES A & ALISA ANN","15909 FENNIMORE CV AUSTIN, TX 78717-5309","15909 FENNIMORE CV, AUSTIN, TX  78717","WOODS OF BRUSHY CREEK  SEC 2 PHASE 1-C, BLOCK B, LOT 72","R230592E"," ","S5066 - Woods Of Brushy Creek  Sec 2 Phase 1-c","Real","$521,012","$521,012"
"R050896","R-16-5973-000B-0071","DULA, MICHAEL","15907 FENNIMORE CV  AUSTIN, TX 78717","15907 FENNIMORE CV, AUSTIN, TX  78717","WOODS OF BRUSHY CREEK  SEC 2 PHASE 1-C, BLOCK B, LOT 71","R230592E"," ","S5066 - Woods Of Brushy Creek  Sec 2 Phase 1-c","Real","$512,943","$512,943"
"R050897","R-16-5973-000B-0070","JAIN, ANSHU N & AMRITA DAS","5965 POST OAK CIR  SAN JOSE, CA 95120","15905 FENNIMORE CV, AUSTIN, TX  78717","WOODS OF BRUSHY CREEK  SEC 2 PHASE 1-C, BLOCK B, LOT 70","R230592E"," ","S5066 - Woods Of Brushy Creek  Sec 2 Phase 1-c","Real","$631,053","$631,053"
"R050898","R-16-5973-000B-0069","CHRISTOPHER M BOBO & KATHRYN D BOBO OF CHRISTOPHER & KATHRYN BOBO LIVING TRUST","15903 FENNIMORE CV  AUSTIN, TX 78717","15903 FENNIMORE CV, AUSTIN, TX  78717","WOODS OF BRUSHY CREEK  SEC 2 PHASE 1-C, BLOCK B, LOT 69","R230592E"," ","S5066 - Woods Of Brushy Creek  Sec 2 Phase 1-c","Real","$461,443","$461,443"
"R050899","R-16-5973-000B-0068","WISEMAN, JOE L & TISA B","15901 FENNIMORE CV  AUSTIN, TX 78717-5309","15901 FENNIMORE CV, AUSTIN, TX  78717","WOODS OF BRUSHY CREEK  SEC 2 PHASE 1-C, BLOCK B, LOT 68","R230592E"," ","S5066 - Woods Of Brushy Creek  Sec 2 Phase 1-c","Real","$517,915","$517,915"
"R050900","R-16-5973-000B-0067","ERWIN, LUKE OXFORD & ASHLEY","15900 FENNIMORE CV  AUSTIN, TX 78717-5309","15900 FENNIMORE CV, AUSTIN, TX  78717","WOODS OF BRUSHY CREEK  SEC 2 PHASE 1-C, BLOCK B, LOT 67","R230592E"," ","S5066 - Woods Of Brushy Creek  Sec 2 Phase 1-c","Real","$548,142","$548,142"
"R050901","R-16-5973-000B-0066","BERTONE, MATTHEW JOHN & CRYSTAL MARIE","15902 FENNIMORE CV AUSTIN, TX 78717-5309","15902 FENNIMORE CV, AUSTIN, TX  78717","WOODS OF BRUSHY CREEK  SEC 2 PHASE 1-C, BLOCK B, LOT 66","R230592E"," ","S5066 - Woods Of Brushy Creek  Sec 2 Phase 1-c","Real","$484,613","$484,613"
"R050902","R-16-5973-000B-0065","MCGOWAN, MARSHALL & MEGAN","15904 FENNIMORE CV  AUSTIN, TX 78717","15904 FENNIMORE CV, AUSTIN, TX  78717","WOODS OF BRUSHY CREEK  SEC 2 PHASE 1-C, BLOCK B, LOT 65","R230592E"," ","S5066 - Woods Of Brushy Creek  Sec 2 Phase 1-c","Real","$495,044","$495,044"
"R050903","R-16-5973-000B-0064","DING, KE & XIN KOU","2442 RODIN PL  DAVIS, CA 95618","8413 CORNERWOOD DR, AUSTIN, TX  78717","S5066 - Woods Of Brushy Creek  Sec 2 Phase 1-c, BLOCK B, Lot 64, RESUB OF LTS 63 & 64 BLK B","R230592E"," ","S5066 - Woods Of Brushy Creek  Sec 2 Phase 1-c","Real","$499,744","$499,744"
"R050904","R-16-5973-000B-0063","LEON, JUAN J & GRISELDA ZUNIGA","8415 CORNERWOOD DR  AUSTIN, TX 78717","8415 CORNERWOOD DR, AUSTIN, TX  78717","S5066 - Woods Of Brushy Creek  Sec 2 Phase 1-c, BLOCK B, Lot 63, RESUB OF LTS 63 & 64 BLK B","R230592E"," ","S5066 - Woods Of Brushy Creek  Sec 2 Phase 1-c","Real","$452,200","$452,200"
"R050905","R-16-5973-000B-0062","GRAVEL ROAD INVESTMENTS LLC","5900 BALCONES DR   30307 AUSTIN, TX 78731","8417 CORNERWOOD DR, AUSTIN, TX  78717","WOODS OF BRUSHY CREEK  SEC 2 PHASE 1-C, BLOCK B, LOT 62","R230592E"," ","S5066 - Woods Of Brushy Creek  Sec 2 Phase 1-c","Real","$417,326","$417,326"
"R050906","R-16-5973-000B-0061","YENTIN, YEVGEN","8419 CORNERWOOD DR  AUSTIN, TX 78717","8419 CORNERWOOD DR, AUSTIN, TX  78717","WOODS OF BRUSHY CREEK  SEC 2 PHASE 1-C, BLOCK B, LOT 61","R230592E"," ","S5066 - Woods Of Brushy Creek  Sec 2 Phase 1-c","Real","$457,204","$457,204"
"R050907","R-16-5973-000B-0060","EWAZ-ALI, HAMEED & ZABIULLAH EWAZALI & MUNISA KHAN","8421 CORNERWOOD DR  AUSTIN, TX 78717","8421 CORNERWOOD DR, AUSTIN, TX  78717","WOODS OF BRUSHY CREEK  SEC 2 PHASE 1-C, BLOCK B, LOT 60","R230592E"," ","S5066 - Woods Of Brushy Creek  Sec 2 Phase 1-c","Real","$433,485","$433,485"
"R050908","R-16-5973-000A-0018","CHERVENKA, GLEN","8414 CORNERWOOD DR  AUSTIN, TX 78717-5337","8418 CORNERWOOD DR, AUSTIN, TX  78717","WOODS OF BRUSHY CREEK  SEC 2 PHASE 1-C, BLOCK A, LOT 18","R230592E"," ","S5066 - Woods Of Brushy Creek  Sec 2 Phase 1-c","Real","$599,300","$599,300"
"R050909","R-16-5973-000A-0017","ARAMI MOHAMMAD & AZITA MONAJJEMI TRUSTEES ARAMI FAMILY TRUST","8416 CORNERWOOD DR  AUSTIN, TX 78717","8416 CORNERWOOD DR, AUSTIN, TX  78717","WOODS OF BRUSHY CREEK  SEC 2 PHASE 1-C, BLOCK A, LOT 17","R230592E"," ","S5066 - Woods Of Brushy Creek  Sec 2 Phase 1-c","Real","$577,586","$577,586"
"R050910","R-16-5973-000A-0016","MCGEHEE, KEVIN T & DANIELLE M","8414 CORNERWOOD DR  AUSTIN, TX 78717","8414 CORNERWOOD DR, AUSTIN, TX  78717","WOODS OF BRUSHY CREEK  SEC 2 PHASE 1-C, BLOCK A, LOT 16","R230592E"," ","S5066 - Woods Of Brushy Creek  Sec 2 Phase 1-c","Real","$564,601","$564,601"
"R050911","R-16-5973-000A-0015","MALONE, VANESSA RENEE","17010 CONWAY SPRINGS CT AUSTIN, TX 78717-2989","8412 CORNERWOOD DR, AUSTIN, TX  78717","WOODS OF BRUSHY CREEK  SEC 2 PHASE 1-C, BLOCK A, LOT 15","R230592E"," ","S5066 - Woods Of Brushy Creek  Sec 2 Phase 1-c","Real","$408,303","$408,303"
"R050912","R-16-5973-000A-0014","ROSARIO T GEIS TRUSTEE OF THE ROSARIO TIBISAY GEIS TRUST","18601 N HIGHWAY 1 # 102 FORT BRAGG, CA 95437-8721","8410 CORNERWOOD DR, AUSTIN, TX  78717","S5066 - Woods Of Brushy Creek  Sec 2 Phase 1-c, BLOCK A, Lot 14","R230592E"," ","S5066 - Woods Of Brushy Creek  Sec 2 Phase 1-c","Real","$384,378","$384,378"
"R050913","R-16-5973-000A-0013","PUGH, BONNIE","16107 FRITSCH CV  AUSTIN, TX 78717","8408 CORNERWOOD DR, AUSTIN, TX  78717","WOODS OF BRUSHY CREEK  SEC 2 PHASE 1-C, BLOCK A, LOT 13","R230592E"," ","S5066 - Woods Of Brushy Creek  Sec 2 Phase 1-c","Real","$367,440","$367,440"
"R050914","R-16-5973-000A-0012","GIPLE-JOHNSON, FRANCISCA & KENNETH L JOHNSON","8406 CORNERWOOD DR  AUSTIN, TX 78717","8406 CORNERWOOD DR, AUSTIN, TX  78717","WOODS OF BRUSHY CREEK  SEC 2 PHASE 1-C, BLOCK A, LOT 12","R230592E"," ","S5066 - Woods Of Brushy Creek  Sec 2 Phase 1-c","Real","$530,165","$530,165"
"R050915","R-16-5973-000A-0011","ANNAPILLAI, KARTHIKEYAN","8404 CORNERWOOD DR  AUSTIN, TX 78717","8404 CORNERWOOD DR, AUSTIN, TX  78717","WOODS OF BRUSHY CREEK  SEC 2 PHASE 1-C, BLOCK A, LOT 11","R230592E"," ","S5066 - Woods Of Brushy Creek  Sec 2 Phase 1-c","Real","$629,919","$629,919"
"R050916","R-16-5973-000A-0010","SZOZDA, ANTHONY & ANN LEE","8402 CORNERWOOD DR  AUSTIN, TX 78717","8402 CORNERWOOD DR, AUSTIN, TX  78717","WOODS OF BRUSHY CREEK  SEC 2 PHASE 1-C, BLOCK A, LOT 10","R230592E"," ","S5066 - Woods Of Brushy Creek  Sec 2 Phase 1-c","Real","$706,719","$706,719"
"R050917","R-16-5973-000A-0009","OWEN, JEFFREY G & ALLISON J","8400 CORNERWOOD DR  AUSTIN, TX 78717","8400 CORNERWOOD DR, AUSTIN, TX  78717","WOODS OF BRUSHY CREEK  SEC 2 PHASE 1-C, BLOCK A, LOT 9","R230592E"," ","S5066 - Woods Of Brushy Creek  Sec 2 Phase 1-c","Real","$549,030","$549,030"
"R050918","R-16-5973-000A-0008","HOWE CHELSEA & MICHEAL MOLINARI","8312 CORNERWOOD DR  AUSTIN, TX 78717","8312 CORNERWOOD DR, AUSTIN, TX  78717","WOODS OF BRUSHY CREEK  SEC 2 PHASE 1-C, BLOCK A, LOT 8","R230592E"," ","S5066 - Woods Of Brushy Creek  Sec 2 Phase 1-c","Real","$653,464","$653,464"
"R050919","R-16-5973-000A-0007","MHATEY, ASHRAFALI & NASIBAN","8310 CORNERWOOD DR AUSTIN, TX 78717-5336","8310 CORNERWOOD DR, AUSTIN, TX  78717","WOODS OF BRUSHY CREEK  SEC 2 PHASE 1-C, BLOCK A, LOT 7","R230592E"," ","S5066 - Woods Of Brushy Creek  Sec 2 Phase 1-c","Real","$594,095","$594,095"
"R050920","R-16-5973-000A-0006","PERRY, MICHAEL","8308 CORNERWOOD DR  AUSTIN, TX 78717","8308 CORNERWOOD DR, AUSTIN, TX  78717","WOODS OF BRUSHY CREEK  SEC 2 PHASE 1-C, BLOCK A, LOT 6","R230592E"," ","S5066 - Woods Of Brushy Creek  Sec 2 Phase 1-c","Real","$546,234","$546,234"
"R050924","R-16-5972-000A-0026","CHAVARRIA, JOSE & VERONICA CAVAZOS","8112 CORNERWOOD DR  AUSTIN, TX 78717-5366","8112 CORNERWOOD DR, AUSTIN, TX  78717","WOODS OF BRUSHY CREEK  SEC 2 PHASE 1-A, BLOCK A, LOT 26","R230592E"," ","S5062 - Woods Of Brushy Creek  Sec 2 Phase 1-a","Real","$571,518","$571,518"
"R050925","R-16-5972-000A-0025","SINGAL, ATMIK MOTILAL & PRITIBAHEN ATMIK","1053 E WILSON AVE LOMBARD, IL 60148-6501","8200 CORNERWOOD DR, AUSTIN, TX  78717","WOODS OF BRUSHY CREEK  SEC 2 PHASE 1-A, BLOCK A, LOT 25","R230592E"," ","S5062 - Woods Of Brushy Creek  Sec 2 Phase 1-a","Real","$626,572","$626,572"
"R050926","R-16-5972-000A-0024","THOMPSON, BRIAN & BROOK HERSH-THOMPSON","8202 CORNERWOOD DR  AUSTIN, TX 78717","8202 CORNERWOOD DR, AUSTIN, TX  78717","WOODS OF BRUSHY CREEK  SEC 2 PHASE 1-A, BLOCK A, LOT 24","R230592E"," ","S5062 - Woods Of Brushy Creek  Sec 2 Phase 1-a","Real","$554,115","$554,115"
"R050927","R-16-5972-000A-0023","PABBATHI, DANIEL S & MARYLYN J","129 BULL RIDGE TRL GEORGETOWN, TX 78628-3081","8204 CORNERWOOD DR, AUSTIN, TX  78717","WOODS OF BRUSHY CREEK  SEC 2 PHASE 1-A, BLOCK A, LOT 23","R230592E"," ","S5062 - Woods Of Brushy Creek  Sec 2 Phase 1-a","Real","$523,282","$523,282"
"R050928","R-16-5972-000A-0022","BAKHSHI, SIMA","8206 CORNERWOOD DR  AUSTIN, TX 78717","8206 CORNERWOOD DR, AUSTIN, TX  78717","WOODS OF BRUSHY CREEK  SEC 2 PHASE 1-A, BLOCK A, LOT 22","R230592E"," ","S5062 - Woods Of Brushy Creek  Sec 2 Phase 1-a","Real","$437,251","$437,251"
"R050929","R-16-5972-000A-0021","DACY, JONATHAN K & MELISSA S","8208 CORNERWOOD DR  AUSTIN, TX 78717","8208 CORNERWOOD DR, AUSTIN, TX  78717","WOODS OF BRUSHY CREEK  SEC 2 PHASE 1-A, BLOCK A, LOT 21","R230592E"," ","S5062 - Woods Of Brushy Creek  Sec 2 Phase 1-a","Real","$426,378","$426,378"
"R050930","R-16-5972-000A-0020","SHUTT, MARK W & JAYME B","8210 CORNERWOOD DR AUSTIN, TX 78717-5302","8210 CORNERWOOD DR, AUSTIN, TX  78717","WOODS OF BRUSHY CREEK  SEC 2 PHASE 1-A, BLOCK A, LOT 20","R230592E"," ","S5062 - Woods Of Brushy Creek  Sec 2 Phase 1-a","Real","$527,644","$527,644"
"R050931","R-16-5972-000A-0019","PARK, JAEHEE","8212 CORNERWOOD DR  AUSTIN, TX 78717","8212 CORNERWOOD DR, AUSTIN, TX  78717","WOODS OF BRUSHY CREEK  SEC 2 PHASE 1-A, BLOCK A, LOT 19","R230592E"," ","S5062 - Woods Of Brushy Creek  Sec 2 Phase 1-a","Real","$512,965","$512,965"
"R050932","R-16-5973-000F-0027","SAMUEL AUSTIN FRENCH & XIAO FRENCH AS CO-TRUSTEES OF THE FRENCH FAMILY TRUST","7806 MONONA AVE  AUSTIN, TX 78717","7806 MONONA AVE, AUSTIN, TX  78717","WOODS OF BRUSHY CREEK  SEC 2 PHASE 1-B, BLOCK F, LOT 27","R230592E"," ","S5063 - Woods Of Brushy Creek  Sec 2 Phase 1-b","Real","$595,927","$595,927"
"R050933","R-16-5973-000F-0026","HILLIARD, BEVERLY G","7808 MONONA AVE AUSTIN, TX 78717-5350","7808 MONONA AVE, AUSTIN, TX  78717","WOODS OF BRUSHY CREEK  SEC 2 PHASE 1-B, BLOCK F, LOT 26","R230592E"," ","S5063 - Woods Of Brushy Creek  Sec 2 Phase 1-b","Real","$564,623","$564,623"
"R050934","R-16-5973-000F-0025","COWARD, JOSHUA & SOLEDAD CANTU","7900 MONONA AVE  AUSTIN, TX 78717-5311","7900 MONONA AVE, AUSTIN, TX  78717","WOODS OF BRUSHY CREEK  SEC 2 PHASE 1-B, BLOCK F, LOT 25","R230592E"," ","S5063 - Woods Of Brushy Creek  Sec 2 Phase 1-b","Real","$636,559","$636,559"
"R050935","R-16-5973-000F-0024","WHITEMAN, GEORGE R & ALICE L","7902 MONONA AVE  AUSTIN, TX 78717","7902 MONONA AVE, AUSTIN, TX  78717","WOODS OF BRUSHY CREEK  SEC 2 PHASE 1-B, BLOCK F, LOT 24","R230592E"," ","S5063 - Woods Of Brushy Creek  Sec 2 Phase 1-b","Real","$558,400","$558,400"
"R050936","R-16-5973-000F-0023","TU, BO-YUN","7904 MONONA AVE  AUSTIN, TX 78717","7904 MONONA AVE, AUSTIN, TX  78717","WOODS OF BRUSHY CREEK  SEC 2 PHASE 1-B, BLOCK F, LOT 23","R230592E"," ","S5063 - Woods Of Brushy Creek  Sec 2 Phase 1-b","Real","$737,482","$737,482"
"R050937","R-16-5973-000F-0022","LEHR, CHARITY CHRISTINE","7906 MONONA AVE  AUSTIN, TX 78717","7906 MONONA AVE, AUSTIN, TX  78717","WOODS OF BRUSHY CREEK  SEC 2 PHASE 1-B, BLOCK F, LOT 22","R230592E"," ","S5063 - Woods Of Brushy Creek  Sec 2 Phase 1-b","Real","$636,172","$636,172"
"R050938","R-16-5973-000F-0021","CHUANGS INVESTMENT INC","1230 MIRAMONTE AVE LOS ALTOS, CA 94024-5501","8000 MONONA AVE, AUSTIN, TX  78717","WOODS OF BRUSHY CREEK  SEC 2 PHASE 1-B, BLOCK F, LOT 21","R230592E"," ","S5063 - Woods Of Brushy Creek  Sec 2 Phase 1-b","Real","$503,738","$503,738"
"R050939","R-16-5973-000F-0020","MECKEL, PHYLLIS MARIAN","8002 MONONA AVE  AUSTIN, TX 78717-5347","8002 MONONA AVE, AUSTIN, TX  78717","WOODS OF BRUSHY CREEK  SEC 2 PHASE 1-B, BLOCK F, LOT 20","R230592E"," ","S5063 - Woods Of Brushy Creek  Sec 2 Phase 1-b","Real","$442,202","$442,202"
"R050940","R-16-5973-000F-0019","NICHOLS, CHARLES R & CHERYL J JEFFERSON","8004 MONONA AVE AUSTIN, TX 78717-5347","8004 MONONA AVE, AUSTIN, TX  78717","WOODS OF BRUSHY CREEK  SEC 2 PHASE 1-B, BLOCK F, LOT 19","R230592E"," ","S5063 - Woods Of Brushy Creek  Sec 2 Phase 1-b","Real","$503,860","$503,860"
"R083617","R-16-4495-000V-0001","LIN, SUSAN MARIE","9123 BRIMSTONE LN AUSTIN, TX 78717-3022","9123 BRIMSTONE LN, AUSTIN, TX  78717","MEADOWS OF BRUSHY CREEK, BLOCK V, LOT 1","R230592E"," ","S4082 - Meadows Of Brushy Creek","Real","$576,283","$576,283"
"R086011","R-16-4495-000B-0010","SCHUMACHER LEONARD L & ELIZABETH M REVOC LIVING TRUST","16516 DENISE DR AUSTIN, TX 78717-3049","16516 DENISE DR, AUSTIN, TX  78717","MEADOWS OF BRUSHY CREEK, BLOCK B, LOT 10","R230592E"," ","S4082 - Meadows Of Brushy Creek","Real","$520,392","$520,392"
"R089506","R-16-4495-000F-0034","GORR, ANGELA & JEREMY","8812 SPLITARROW DR  AUSTIN, TX 78717","8812 SPLITARROW DR, AUSTIN, TX  78717","MEADOWS OF BRUSHY CREEK, BLOCK F, LOT 34","R230592E"," ","S4082 - Meadows Of Brushy Creek","Real","$625,316","$625,316"
"R091960","R-16-5971-000B-0015","LEISING, BRIAN","15808 DE PEER CV AUSTIN, TX 78717-5321","15808 DE PEER CV, AUSTIN, TX  78717","WOODS OF BRUSHY CREEK  SEC 1, BLOCK B, LOT 15","R230592E"," ","S5068 - Woods Of Brushy Creek  Sec 1","Real","$418,235","$418,235"
"R091961","R-16-5971-000F-0018","LIAO, LIANGYAN & KUN LI","8006 MONONA AVE  AUSTIN, TX 78717-5341","8006 MONONA AVE, AUSTIN, TX  78717","WOODS OF BRUSHY CREEK  SEC 1, BLOCK F, LOT 18","R230592E"," ","S5068 - Woods Of Brushy Creek  Sec 1","Real","$504,426","$504,426"
"R091962","R-16-5971-000F-0017","KERRIE GLEASON MORAN OF THE KERRIE MORAN LIVING TRUST and DALLAS TESTON","8010 MONONA AVE  AUSTIN, TX 78717-5341","8010 MONONA AVE, AUSTIN, TX  78717","WOODS OF BRUSHY CREEK  SEC 1, BLOCK F, LOT 17","R230592E"," ","S5068 - Woods Of Brushy Creek  Sec 1","Real","$592,675","$592,675"
"R091963","R-16-5971-000F-0016","PRUITT, C THOMAS & TAMI","8100 MONONA AVE  AUSTIN, TX 78717-5330","8100 MONONA AVE, AUSTIN, TX  78717","WOODS OF BRUSHY CREEK  SEC 1, BLOCK F, LOT 16","R230592E"," ","S5068 - Woods Of Brushy Creek  Sec 1","Real","$481,006","$481,006"
"R091964","R-16-5971-000F-0015","DAVID MAURY GRIFFITH & KAREN TERESE TAYLOR OF DAVID & KAREN GRIFFITH TRUST","8102 MONONA AVE  AUSTIN, TX 78717-5330","8102 MONONA AVE, AUSTIN, TX  78717","WOODS OF BRUSHY CREEK  SEC 1, BLOCK F, LOT 15","R230592E"," ","S5068 - Woods Of Brushy Creek  Sec 1","Real","$561,651","$561,651"
"R091965","R-16-5971-000F-0014","MAVROMOUSTAKOS, MICHAIL & KAMILA WYSOKOWSKA","8104 MONONA AVE  AUSTIN, TX 78717-5330","8104 MONONA AVE, AUSTIN, TX  78717","WOODS OF BRUSHY CREEK  SEC 1, BLOCK F, LOT 14","R230592E"," ","S5068 - Woods Of Brushy Creek  Sec 1","Real","$521,802","$521,802"
"R091966","R-16-5971-000F-0013","BAYAR, METE & SUZAN","8106 MONONA AVE  AUSTIN, TX 78717","8106 MONONA AVE, AUSTIN, TX  78717","S5068 - Woods Of Brushy Creek  Sec 1, BLOCK F, Lot 13","R230592E"," ","S5068 - Woods Of Brushy Creek  Sec 1","Real","$445,710","$445,710"
"R091967","R-16-5971-000F-0012","MOONEY, CRAIG ALAN & SANDRA VEGA MOONEY","8108 MONONA AVE AUSTIN, TX 78717-5330","8108 MONONA AVE, AUSTIN, TX  78717","WOODS OF BRUSHY CREEK  SEC 1, BLOCK F, LOT 12","R230592E"," ","S5068 - Woods Of Brushy Creek  Sec 1","Real","$593,431","$593,431"
"R091968","R-16-5971-000F-0011","BERNARDI, KATHRYN G & WILLIAM","8110 MONONA AVE  AUSTIN, TX 78717-5330","8110 MONONA AVE, AUSTIN, TX  78717","WOODS OF BRUSHY CREEK  SEC 1, BLOCK F, LOT 11","R230592E"," ","S5068 - Woods Of Brushy Creek  Sec 1","Real","$568,734","$568,734"
"R091969","R-16-5971-000F-0010","BEITTEL BRIAN J ETUX","8112 MONONA AVE AUSTIN, TX 78717-5330","8112 MONONA AVE, AUSTIN, TX  78717","WOODS OF BRUSHY CREEK  SEC 1, BLOCK F, LOT 10","R230592E"," ","S5068 - Woods Of Brushy Creek  Sec 1","Real","$590,937","$590,937"
"R091970","R-16-5971-000F-0009","FLORES JESUS M & ALMA GLORIA TRUSTEES OF REVOCABLE TRUST","8114 MONONA AVE  AUSTIN, TX 78717","8114 MONONA AVE, AUSTIN, TX  78717","WOODS OF BRUSHY CREEK  SEC 1, BLOCK F, LOT 9","R230592E"," ","S5068 - Woods Of Brushy Creek  Sec 1","Real","$550,011","$550,011"
"R091971","R-16-5971-000F-0008","MAGNON, CHRISTINE","8177 RACINE TRL  AUSTIN, TX 78717","8177 RACINE TRL, AUSTIN, TX  78717","WOODS OF BRUSHY CREEK  SEC 1, BLOCK F, LOT 8","R230592E"," ","S5068 - Woods Of Brushy Creek  Sec 1","Real","$582,028","$582,028"
"R091972","R-16-5971-000F-0007","OLSON, NANCY TRINH & ANDREW SANFRED OLSON","8175 RACINE TRL  AUSTIN, TX 78717","8175 RACINE TRL, AUSTIN, TX  78717","WOODS OF BRUSHY CREEK  SEC 1, BLOCK F, LOT 7","R230592E"," ","S5068 - Woods Of Brushy Creek  Sec 1","Real","$609,199","$609,199"
"R091973","R-16-5971-000F-0006","NEAVILLE, JULIE","8173 RACINE TRL  AUSTIN, TX 78717-5344","8173 RACINE TRL, AUSTIN, TX  78717","WOODS OF BRUSHY CREEK  SEC 1, BLOCK F, LOT 6","R230592E"," ","S5068 - Woods Of Brushy Creek  Sec 1","Real","$489,386","$489,386"
"R091974","R-16-5971-000F-0005","COOK, GREG","8171 RACINE TRL AUSTIN, TX 78717-5344","8171 RACINE TRL, AUSTIN, TX  78717","WOODS OF BRUSHY CREEK  SEC 1, BLOCK F, LOT 5","R230592E"," ","S5068 - Woods Of Brushy Creek  Sec 1","Real","$504,330","$504,330"
"R091975","R-16-5971-000F-0004","SEIGEL, DAVID & JERI","8169 RACINE TRL  AUSTIN, TX 78717","8169 RACINE TRL, AUSTIN, TX  78717","WOODS OF BRUSHY CREEK  SEC 1, BLOCK F, LOT 4","R230592E"," ","S5068 - Woods Of Brushy Creek  Sec 1","Real","$527,363","$527,363"
"R091976","R-16-5971-000F-0003","HATCH, ROGER N & ERIN S","8167 RACINE TRL  AUSTIN, TX 78717-5344","8167 RACINE TRL, AUSTIN, TX  78717","WOODS OF BRUSHY CREEK  SEC 1, BLOCK F, LOT 3","R230592E"," ","S5068 - Woods Of Brushy Creek  Sec 1","Real","$563,664","$563,664"
"R091977","R-16-5971-000F-0002","HERRNECKAR, ADAM D & ANITA K","8165 RACINE TRL AUSTIN, TX 78717-5344","8165 RACINE TRL, AUSTIN, TX  78717","WOODS OF BRUSHY CREEK  SEC 1, BLOCK F, LOT 2","R230592E"," ","S5068 - Woods Of Brushy Creek  Sec 1","Real","$531,909","$531,909"
"R091978","R-16-5971-000F-0001","LYLES, WILLIAM C & ELIZABETH A","8163 RACINE TRL AUSTIN, TX 78717-5344","8163 RACINE TRL, AUSTIN, TX  78717","WOODS OF BRUSHY CREEK  SEC 1, BLOCK F, LOT 1","R230592E"," ","S5068 - Woods Of Brushy Creek  Sec 1","Real","$497,218","$497,218"
"R091979","R-16-5971-000E-0006","STALDER, KAREN A & RICKY D","8111 EPHRAIM RD AUSTIN, TX 78717-5333","8111 EPHRAIM RD, AUSTIN, TX  78717","WOODS OF BRUSHY CREEK  SEC 1, BLOCK E, LOT 6","R230592E"," ","S5068 - Woods Of Brushy Creek  Sec 1","Real","$520,018","$520,018"
"R091980","R-16-5971-000E-0005","CIELO E TERRA LLC - SERIES EPHRAIM","PO BOX 202501 AUSTIN, TX 78720","8109 EPHRAIM RD, AUSTIN, TX  78717","WOODS OF BRUSHY CREEK  SEC 1, BLOCK E, LOT 5","R230592E"," ","S5068 - Woods Of Brushy Creek  Sec 1","Real","$485,275","$485,275"
"R091981","R-16-5971-000E-0004","SOROLA, MARIO A Sr & ANA E","8107 EPHRAIM RD AUSTIN, TX 78717-5333","8107 EPHRAIM RD, AUSTIN, TX  78717","WOODS OF BRUSHY CREEK  SEC 1, BLOCK E, LOT 4","R230592E"," ","S5068 - Woods Of Brushy Creek  Sec 1","Real","$516,521","$516,521"
"R091982","R-16-5971-000E-0003","STROUT, THEODORE A","8105 EPHRAIM RD  AUSTIN, TX 78717","8105 EPHRAIM RD, AUSTIN, TX  78717","WOODS OF BRUSHY CREEK SEC 1 AMD, BLOCK E, LOT 3","R230592E"," ","S5443 - Woods Of Brushy Creek Sec 1 Amd","Real","$621,737","$621,737"
"R091983","R-16-5971-000E-0002","SUN, YIMEI & SHENGXI DUAN","8103 EPHRAIM RD  AUSTIN, TX 78717","8103 EPHRAIM RD, AUSTIN, TX  78717","WOODS OF BRUSHY CREEK SEC 1 AMD, BLOCK E, LOT 2","R230592E"," ","S5443 - Woods Of Brushy Creek Sec 1 Amd","Real","$571,098","$571,098"
"R091984","R-16-5971-000E-0001","KHALAR, RICHARD ALLEN & MARYRENEE (TOD)","8101 EPHRAIM RD  AUSTIN, TX 78717","8101 EPHRAIM RD, AUSTIN, TX  78717","WOODS OF BRUSHY CREEK SEC 1 AMD, BLOCK E, LOT 1","R230592E"," ","S5443 - Woods Of Brushy Creek Sec 1 Amd","Real","$525,507","$525,507"
"R091985","R-16-5971-000D-0042","BENNETT, BRADLEY WAYNE & JENNIFER LEANN GAMBER","8311 RACINE TRL  AUSTIN, TX 78717","8311 RACINE TRL, AUSTIN, TX  78717","WOODS OF BRUSHY CREEK  SEC 1, BLOCK D, LOT 42","R230592E"," ","S5068 - Woods Of Brushy Creek  Sec 1","Real","$445,926","$445,926"
"R091986","R-16-5971-000D-0041","HODSON, PAUL (TOD) & DONNA (TOD)","8309 RACINE TRL  AUSTIN, TX 78717","8309 RACINE TRL, AUSTIN, TX  78717","WOODS OF BRUSHY CREEK  SEC 1, BLOCK D, LOT 41","R230592E"," ","S5068 - Woods Of Brushy Creek  Sec 1","Real","$392,036","$392,036"
"R091987","R-16-5971-000D-0040","EDWARDS, EMILY E","8307 RACINE TRL AUSTIN, TX 78717-5325","8307 RACINE TRL, AUSTIN, TX  78717","WOODS OF BRUSHY CREEK  SEC 1, BLOCK D, LOT 40","R230592E"," ","S5068 - Woods Of Brushy Creek  Sec 1","Real","$429,683","$429,683"
"R091988","R-16-5971-000D-0039","FLORES, DANIEL","8305 RACINE TRL  AUSTIN, TX 78717-5325","8305 RACINE TRL, AUSTIN, TX  78717","WOODS OF BRUSHY CREEK  SEC 1, BLOCK D, LOT 39","R230592E"," ","S5068 - Woods Of Brushy Creek  Sec 1","Real","$386,215","$386,215"
"R091989","R-16-5971-000D-0038","DARMAWAN & SIVLIA JONCER, ARDIAN","4510 SMOOTH OAK DR   B AUSTIN, TX 78759","8303 RACINE TRL, AUSTIN, TX  78717","WOODS OF BRUSHY CREEK  SEC 1, BLOCK D, LOT 38","R230592E"," ","S5068 - Woods Of Brushy Creek  Sec 1","Real","$410,192","$410,192"
"R091990","R-16-5971-000D-0037","CUNNINGHAM, RYAN & BROOKE HANDZEL","809 S LAMAR BLVD  #APT 564 AUSTIN, TX 78704","8301 RACINE TRL, AUSTIN, TX  78717","WOODS OF BRUSHY CREEK  SEC 1, BLOCK D, LOT 37","R230592E"," ","S5068 - Woods Of Brushy Creek  Sec 1","Real","$452,497","$452,497"
"R091991","R-16-5971-000D-0036","KARI, SUBRAHMANYA SATYA","8223 RACINE TRL  AUSTIN, TX 78717","8223 RACINE TRL, AUSTIN, TX  78717","WOODS OF BRUSHY CREEK  SEC 1, BLOCK D, LOT 36","R230592E"," ","S5068 - Woods Of Brushy Creek  Sec 1","Real","$449,225","$449,225"
"R091992","R-16-5971-000D-0035","ADELMAN, BARRY NOEL (TOD) & TARA DAWN (TOD)","8221 RACINE TRL  AUSTIN, TX 78717","8221 RACINE TRL, AUSTIN, TX  78717","WOODS OF BRUSHY CREEK  SEC 1, BLOCK D, LOT 35","R230592E"," ","S5068 - Woods Of Brushy Creek  Sec 1","Real","$406,432","$406,432"
"R091993","R-16-5971-000D-0034","MERRITT, SCOTT","8219 RACINE TRL  AUSTIN, TX 78717","8219 RACINE TRL, AUSTIN, TX  78717","WOODS OF BRUSHY CREEK  SEC 1, BLOCK D, LOT 34","R230592E"," ","S5068 - Woods Of Brushy Creek  Sec 1","Real","$439,044","$439,044"
"R091994","R-16-5971-000D-0033","DOWNING, RICARDO ARIEL & GYXA ZELAYA","8217 RACINE TRL  AUSTIN, TX 78717","8217 RACINE TRL, AUSTIN, TX  78717","WOODS OF BRUSHY CREEK  SEC 1, BLOCK D, LOT 33","R230592E"," ","S5068 - Woods Of Brushy Creek  Sec 1","Real","$473,727","$473,727"
"R091995","R-16-5971-000D-0032","CASTILLO, ARMANDO MIGUEL & DANIELLE","8215 RACINE TRL  AUSTIN, TX 78717-5324","8215 RACINE TRL, AUSTIN, TX  78717","WOODS OF BRUSHY CREEK  SEC 1, BLOCK D, LOT 32","R230592E"," ","S5068 - Woods Of Brushy Creek  Sec 1","Real","$409,668","$409,668"
"R091996","R-16-5971-000D-0031","TAYLOR, ARCHIE R & NANCY L","951 WOODLAND CT  ESTES PARK, CO 80517-7512","8213 RACINE TRL, AUSTIN, TX  78717","WOODS OF BRUSHY CREEK  SEC 1, BLOCK D, LOT 31","R230592E"," ","S5068 - Woods Of Brushy Creek  Sec 1","Real","$456,554","$456,554"
"R091997","R-16-5971-000D-0030","RAMSEY, JAMES W JR & CHERYL","15706 HILCROFT CV AUSTIN, TX 78717-5331","15706 HILCROFT CV, AUSTIN, TX  78717","WOODS OF BRUSHY CREEK  SEC 1, BLOCK D, LOT 30","R230592E"," ","S5068 - Woods Of Brushy Creek  Sec 1","Real","$455,896","$455,896"
"R091998","R-16-5971-000D-0029","MILLS III, NELSON R","15704 HILCROFT CV  AUSTIN, TX 78717","15704 HILCROFT CV, AUSTIN, TX  78717","WOODS OF BRUSHY CREEK  SEC 1, BLOCK D, LOT 29","R230592E"," ","S5068 - Woods Of Brushy Creek  Sec 1","Real","$421,243","$421,243"
"R091999","R-16-5971-000D-0028","SCHON, WADE MICHAEL & ESTEFANIA SIERRA REALES","15702 HILCROFT CV  AUSTIN, TX 78717","15702 HILCROFT CV, AUSTIN, TX  78717","WOODS OF BRUSHY CREEK  SEC 1, BLOCK D, LOT 28","R230592E"," ","S5068 - Woods Of Brushy Creek  Sec 1","Real","$480,251","$480,251"
"R092000","R-16-5971-000D-0027","COONEY, EILEEN MARIE","15700 HILCROFT CV  AUSTIN, TX 78717","15700 HILCROFT CV, AUSTIN, TX  78717","WOODS OF BRUSHY CREEK  SEC 1, BLOCK D, LOT 27","R230592E"," ","S5068 - Woods Of Brushy Creek  Sec 1","Real","$452,110","$452,110"
"R092001","R-16-5971-000D-0026","GIBSON, DAVID","15701 HILCROFT CV  AUSTIN, TX 78717","15701 HILCROFT CV, AUSTIN, TX  78717","WOODS OF BRUSHY CREEK  SEC 1, BLOCK D, LOT 26","R230592E"," ","S5068 - Woods Of Brushy Creek  Sec 1","Real","$456,054","$456,054"
"R092002","R-16-5971-000D-0025","RILEY, MATTHEW TROY","15703 HILCROFT CV  AUSTIN, TX 78717","15703 HILCROFT CV, AUSTIN, TX  78717","WOODS OF BRUSHY CREEK  SEC 1, BLOCK D, LOT 25","R230592E"," ","S5068 - Woods Of Brushy Creek  Sec 1","Real","$454,975","$454,975"
"R092003","R-16-5971-000D-0024","NIELSEN, RONALD A & ILSE V","15705 HILCROFT CV  AUSTIN, TX 78717-5331","15705 HILCROFT CV, AUSTIN, TX  78717","WOODS OF BRUSHY CREEK  SEC 1, BLOCK D, LOT 24","R230592E"," ","S5068 - Woods Of Brushy Creek  Sec 1","Real","$544,116","$544,116"
"R092004","R-16-5971-000D-0023","LIU, XIAO M & CASSANDRA K","8203 RACINE TRL  AUSTIN, TX 78717","8203 RACINE TRL, AUSTIN, TX  78717","WOODS OF BRUSHY CREEK  SEC 1, BLOCK D, LOT 23","R230592E"," ","S5068 - Woods Of Brushy Creek  Sec 1","Real","$596,562","$596,562"
"R092005","R-16-5971-000D-0022","BASKIN, IGOR & ALINA","1633 BOWLING LN  SAN JOSE, CA 95118","8201 RACINE TRL, AUSTIN, TX  78717","WOODS OF BRUSHY CREEK  SEC 1, BLOCK D, LOT 22","R230592E"," ","S5068 - Woods Of Brushy Creek  Sec 1","Real","$510,809","$510,809"
"R092006","R-16-5971-000D-0021","INGALE NINAD & SAMRUDDHI DESHPANDE","15714 MONONA CV  AUSTIN, TX 78717-5332","15714 MONONA CV, AUSTIN, TX  78717","WOODS OF BRUSHY CREEK  SEC 1, BLOCK D, LOT 21","R230592E"," ","S5068 - Woods Of Brushy Creek  Sec 1","Real","$498,085","$498,085"
"R092007","R-16-5971-000D-0020","MARTY, MATTHIAS H & KATHRYN F","15712 MONONA CV  AUSTIN, TX 78717","15712 MONONA CV, AUSTIN, TX  78717","WOODS OF BRUSHY CREEK  SEC 1, BLOCK D, LOT 20","R230592E"," ","S5068 - Woods Of Brushy Creek  Sec 1","Real","$437,675","$437,675"
"R092008","R-16-5971-000D-0019","GUIDRY, CHRISTINA G","15710 MONONA CV AUSTIN, TX 78717-5332","15710 MONONA CV, AUSTIN, TX  78717","WOODS OF BRUSHY CREEK  SEC 1, BLOCK D, LOT 19","R230592E"," ","S5068 - Woods Of Brushy Creek  Sec 1","Real","$378,557","$378,557"
"R092009","R-16-5971-000D-0018","RHIND, ERIC ANTHONY","15708 MONONA CV  AUSTIN, TX 78717-5332","15708 MONONA CV, AUSTIN, TX  78717","WOODS OF BRUSHY CREEK  SEC 1, BLOCK D, LOT 18","R230592E"," ","S5068 - Woods Of Brushy Creek  Sec 1","Real","$462,359","$462,359"
"R092010","R-16-5971-000D-0017","LOVE, SHANNON","15706 MONONA CV  AUSTIN, TX 78717","15706 MONONA CV, AUSTIN, TX  78717","WOODS OF BRUSHY CREEK  SEC 1, BLOCK D, LOT 17","R230592E"," ","S5068 - Woods Of Brushy Creek  Sec 1","Real","$372,345","$372,345"
"R092011","R-16-5971-000D-0016","ALLEN, JUDITH W","15704 MONONA CV AUSTIN, TX 78717-5332","15704 MONONA CV, AUSTIN, TX  78717","WOODS OF BRUSHY CREEK  SEC 1, BLOCK D, LOT 16","R230592E"," ","S5068 - Woods Of Brushy Creek  Sec 1","Real","$391,015","$391,015"
"R092012","R-16-5971-000D-0015","HANSLIK, TRISTINA","15702 MONONA CV  AUSTIN, TX 78717","15702 MONONA CV, AUSTIN, TX  78717","WOODS OF BRUSHY CREEK  SEC 1, BLOCK D, LOT 15","R230592E"," ","S5068 - Woods Of Brushy Creek  Sec 1","Real","$453,292","$453,292"
"R092014","R-16-5971-000D-0014","FOSSATI, RICHARD (RS) & KATE (RS)","15700 MONONA CV  AUSTIN, TX 78717-5332","15700 MONONA CV, AUSTIN, TX  78717","WOODS OF BRUSHY CREEK  SEC 1, BLOCK D, LOT 14","R230592E"," ","S5068 - Woods Of Brushy Creek  Sec 1","Real","$423,489","$423,489"
"R092015","R-16-5971-000D-0013","LAWRENCE, JEFFREY A TRUSTEE OF THE JA LAWRENCE 2008 TRUST","3171 JAMES CT  SANTA CLARA, CA 95051-2731","15701 MONONA CV, AUSTIN, TX  78717","WOODS OF BRUSHY CREEK  SEC 1, BLOCK D, LOT 13","R230592E"," ","S5068 - Woods Of Brushy Creek  Sec 1","Real","$553,084","$553,084"
"R092016","R-16-5971-000D-0012","FELTY, MICHAEL A JR & ELANA R","15703 MONONA CV  AUSTIN, TX 78717","15703 MONONA CV, AUSTIN, TX  78717","WOODS OF BRUSHY CREEK  SEC 1, BLOCK D, LOT 12","R230592E"," ","S5068 - Woods Of Brushy Creek  Sec 1","Real","$396,451","$396,451"
"R092017","R-16-5971-000D-0011","SO, ANNIE","1019 W ROXBURY PKWY CHESTNUT HILL, MA 02467-3703","15705 MONONA CV, AUSTIN, TX  78717","WOODS OF BRUSHY CREEK  SEC 1, BLOCK D, LOT 11","R230592E"," ","S5068 - Woods Of Brushy Creek  Sec 1","Real","$370,700","$370,700"
"R092018","R-16-5971-000D-0010","GIBBS, STEPHEN & WHITNEY","15707 MONONA CV  AUSTIN, TX 78717","15707 MONONA CV, AUSTIN, TX  78717","WOODS OF BRUSHY CREEK  SEC 1, BLOCK D, LOT 10","R230592E"," ","S5068 - Woods Of Brushy Creek  Sec 1","Real","$534,629","$534,629"
"R092019","R-16-5971-000D-0009","ROBERTSON, KATHY","15709 MONONA CV  AUSTIN, TX 78717","15709 MONONA CV, AUSTIN, TX  78717","WOODS OF BRUSHY CREEK  SEC 1, BLOCK D, LOT 9","R230592E"," ","S5068 - Woods Of Brushy Creek  Sec 1","Real","$362,785","$362,785"
"R092020","R-16-5971-000D-0008","DOWNS, ANA CHRISTINA","15711 MONONA CV  AUSTIN, TX 78717","15711 MONONA CV, AUSTIN, TX  78717","WOODS OF BRUSHY CREEK  SEC 1, BLOCK D, LOT 8","R230592E"," ","S5068 - Woods Of Brushy Creek  Sec 1","Real","$489,727","$489,727"
"R092021","R-16-5971-000D-0007","SURAJ SOMANATH AND BHAKTI F PITRE CO TRUSTEES OF THE INESH AND DHRUV TRUST","29869 VENTNOR CT  HAYWARD, CA 94544","15713 MONONA CV, AUSTIN, TX  78717","WOODS OF BRUSHY CREEK  SEC 1, BLOCK D, LOT 7","R230592E"," ","S5068 - Woods Of Brushy Creek  Sec 1","Real","$513,509","$513,509"
"R092023","R-16-5971-000D-0005","REESE, ROBERT JAMES & HARUKO","8100 EPHRAIM RD  AUSTIN, TX 78717-5334","8100 EPHRAIM RD, AUSTIN, TX  78717","WOODS OF BRUSHY CREEK SEC 1 AMD, BLOCK D, LOT 5","R230592E"," ","S5443 - Woods Of Brushy Creek Sec 1 Amd","Real","$714,934","$714,934"
"R092024","R-16-5971-000D-0004","WALKER, JOSHUA (TOD)","8102 EPHRAIM RD  AUSTIN, TX 78717-5334","8102 EPHRAIM RD, AUSTIN, TX  78717","WOODS OF BRUSHY CREEK SEC 1 AMD, BLOCK D, LOT 4","R230592E"," ","S5443 - Woods Of Brushy Creek Sec 1 Amd","Real","$488,724","$488,724"
"R092025","R-16-5971-000D-0003","LIEW, NERY ESTUARDO SALGUERO SANTOS & JOANN LIEW-SALGUERO","8104 EPHRAIM RD  AUSTIN, TX 78717-5334","8104 EPHRAIM RD, AUSTIN, TX  78717","WOODS OF BRUSHY CREEK SEC 1 AMD, BLOCK D, LOT 3","R230592E"," ","S5443 - Woods Of Brushy Creek Sec 1 Amd","Real","$516,459","$516,459"
"R092026","R-16-5971-000D-0002","HELEN H HUANG TRUSTEE OF THE HELEN H HUANG TRUST","934 AMOROSO PL VENICE, CA 90291-3904","8106 EPHRAIM RD, AUSTIN, TX  78717","WOODS OF BRUSHY CREEK SEC 1 AMD, BLOCK D, LOT 2","R230592E"," ","S5443 - Woods Of Brushy Creek Sec 1 Amd","Real","$572,360","$572,360"
"R092027","R-16-5971-000D-0001","SONEJA, SAMEER & ANOOP SIDHU","8108 EPHRAIM RD  AUSTIN, TX 78717","8108 EPHRAIM RD, AUSTIN, TX  78717","WOODS OF BRUSHY CREEK SEC 1 AMD, BLOCK D, LOT 1","R230592E"," ","S5443 - Woods Of Brushy Creek Sec 1 Amd","Real","$492,270","$492,270"
"R092028","R-16-5971-000C-0058","TREYGER, MICHAEL & JENNIFER","15905 DE PEER AVE AUSTIN, TX 78717-5318","15905 DE PEER AVE, AUSTIN, TX  78717","WOODS OF BRUSHY CREEK  SEC 1, BLOCK C, LOT 58","R230592E"," ","S5068 - Woods Of Brushy Creek  Sec 1","Real","$434,658","$434,658"
"R092029","R-16-5971-000C-0057","LANDERS, DOUGLAS P & DEANN M","15903 DE PEER AVE AUSTIN, TX 78717-5318","15903 DE PEER AVE, AUSTIN, TX  78717","WOODS OF BRUSHY CREEK  SEC 1, BLOCK C, LOT 57","R230592E"," ","S5068 - Woods Of Brushy Creek  Sec 1","Real","$448,994","$448,994"
"R092030","R-16-5971-000C-0056","WU, KAI YIN & SUN YU","15901 DE PEER AVE  AUSTIN, TX 78717-5318","15901 DE PEER AVE, AUSTIN, TX  78717","WOODS OF BRUSHY CREEK  SEC 1, BLOCK C, LOT 56","R230592E"," ","S5068 - Woods Of Brushy Creek  Sec 1","Real","$389,159","$389,159"
"R092031","R-16-5971-000C-0055","WARREN, GLENN RAY","9621 INDINA HILLS DR AUSTIN, TX 78717-3878","15813 DE PEER AVE, AUSTIN, TX  78717","WOODS OF BRUSHY CREEK  SEC 1, BLOCK C, LOT 55","R230592E"," ","S5068 - Woods Of Brushy Creek  Sec 1","Real","$406,702","$406,702"
"R092032","R-16-5971-000C-0054","BEAUPRE, MICHELLE ELIZABETH & DENNY SUE YOUNG","13300 TRAUTWEIN RD  AUSTIN, TX 78737-9370","15811 DE PEER AVE, AUSTIN, TX  78717","WOODS OF BRUSHY CREEK  SEC 1, BLOCK C, LOT 54","R230592E"," ","S5068 - Woods Of Brushy Creek  Sec 1","Real","$440,936","$440,936"
"R092033","R-16-5971-000C-0053","GALVAN, ROEL","14510 WHITMAN POND  CORPUS CHRISTI, TX 78418-6292","15809 DE PEER AVE, AUSTIN, TX  78717","WOODS OF BRUSHY CREEK  SEC 1, BLOCK C, LOT 53","R230592E"," ","S5068 - Woods Of Brushy Creek  Sec 1","Real","$434,728","$434,728"
"R092034","R-16-5971-000C-0052","DAVENPORT, KELLY D","15805 DE PEER AVE  AUSTIN, TX 78717","15805 DE PEER AVE, AUSTIN, TX  78717","WOODS OF BRUSHY CREEK  SEC 1, BLOCK C, LOT 52","R230592E"," ","S5068 - Woods Of Brushy Creek  Sec 1","Real","$392,681","$392,681"
"R092035","R-16-5971-000C-0051","WARREN, GLENN RAY","9621 INDINA HILLS DR AUSTIN, TX 78717-3878","15719 DE PEER AVE, AUSTIN, TX  78717","WOODS OF BRUSHY CREEK  SEC 1, BLOCK C, LOT 51","R230592E"," ","S5068 - Woods Of Brushy Creek  Sec 1","Real","$394,289","$394,289"
"R092036","R-16-5971-000C-0050","HUTCHINSON, JOHN SNYDER","15717 DE PEER AVE  AUSTIN, TX 78717-5319","15717 DE PEER AVE, AUSTIN, TX  78717","WOODS OF BRUSHY CREEK  SEC 1, BLOCK C, LOT 50","R230592E"," ","S5068 - Woods Of Brushy Creek  Sec 1","Real","$384,986","$384,986"
"R092037","R-16-5971-000C-0049","GARCIA, LIAM BROCK & JENNIFER BROCK","15715 DE PEER AVE  AUSTIN, TX 78717","15715 DE PEER AVE, AUSTIN, TX  78717","WOODS OF BRUSHY CREEK  SEC 1, BLOCK C, LOT 49","R230592E"," ","S5068 - Woods Of Brushy Creek  Sec 1","Real","$400,299","$400,299"
"R092038","R-16-5971-000C-0048","MEHTA, PRIYAL H & BHAKTI SHAH","575 FAIRMONT AVE  MOUNTAIN VIEW, CA 94041-2132","15713 DE PEER AVE, AUSTIN, TX  78717","WOODS OF BRUSHY CREEK  SEC 1, BLOCK C, LOT 48","R230592E"," ","S5068 - Woods Of Brushy Creek  Sec 1","Real","$492,095","$492,095"
"R092039","R-16-5971-000C-0047","TEJADA, JOSHUA E & BRIANA LYNN","15711 DE PEER AVE AUSTIN, TX 78717-5319","15711 DE PEER AVE, AUSTIN, TX  78717","WOODS OF BRUSHY CREEK  SEC 1, BLOCK C, LOT 47","R230592E"," ","S5068 - Woods Of Brushy Creek  Sec 1","Real","$400,102","$400,102"
"R092040","R-16-5971-000C-0046","FERRARA, MICHAEL & DEBORAH","15707 DE PEER AVE AUSTIN, TX 78717-5319","15707 DE PEER AVE, AUSTIN, TX  78717","WOODS OF BRUSHY CREEK  SEC 1, BLOCK C, LOT 46","R230592E"," ","S5068 - Woods Of Brushy Creek  Sec 1","Real","$384,622","$384,622"
"R092041","R-16-5971-000C-0045","SISTO, WILLIAM & EMILY ANDERSON","15705 DE PEER AVE  AUSTIN, TX 78717-5319","15705 DE PEER AVE, AUSTIN, TX  78717","WOODS OF BRUSHY CREEK  SEC 1, BLOCK C, LOT 45","R230592E"," ","S5068 - Woods Of Brushy Creek  Sec 1","Real","$438,477","$438,477"
"R092042","R-16-5971-000C-0044","AN, XIU JIE","29071 LASSEN ST  HAYWARD, CA 94544","15703 DE PEER AVE, AUSTIN, TX  78717","WOODS OF BRUSHY CREEK  SEC 1, BLOCK C, LOT 44","R230592E"," ","S5068 - Woods Of Brushy Creek  Sec 1","Real","$449,911","$449,911"
"R092043","R-16-5971-000C-0043","CAMPOS, RUBEN & MONICA ARAOZ","8322 POMMEL DR  AUSTIN, TX 78759-6065","15701 DE PEER AVE, AUSTIN, TX  78717","WOODS OF BRUSHY CREEK  SEC 1, BLOCK C, LOT 43","R230592E"," ","S5068 - Woods Of Brushy Creek  Sec 1","Real","$426,892","$426,892"
"R092044","R-16-5971-000C-0042","MCCABE, NANCY","8302 RACINE TRL  AUSTIN, TX 78717","8302 RACINE TRL, AUSTIN, TX  78717","WOODS OF BRUSHY CREEK  SEC 1, BLOCK C, LOT 42","R230592E"," ","S5068 - Woods Of Brushy Creek  Sec 1","Real","$384,684","$384,684"
"R092045","R-16-5971-000C-0041","YOUNG, LARRY & JOHANNA K","8300 RACINE TRL  AUSTIN, TX 78717","8300 RACINE TRL, AUSTIN, TX  78717","WOODS OF BRUSHY CREEK  SEC 1, BLOCK C, LOT 41","R230592E"," ","S5068 - Woods Of Brushy Creek  Sec 1","Real","$444,983","$444,983"
"R092046","R-16-5971-000C-0040","JEMPTY, WILLIAM A & BILLIE S","1905 STONEWREATH DR  ROUND ROCK, TX 78681","15702 RACINE CV, AUSTIN, TX  78717","WOODS OF BRUSHY CREEK  SEC 1, BLOCK C, LOT 40","R230592E"," ","S5068 - Woods Of Brushy Creek  Sec 1","Real","$388,400","$388,400"
"R092047","R-16-5971-000C-0039","DOSHI, LEENA KANTA","15704 RACINE CV  AUSTIN, TX 78717","15704 RACINE CV, AUSTIN, TX  78717","WOODS OF BRUSHY CREEK  SEC 1, BLOCK C, LOT 39","R230592E"," ","S5068 - Woods Of Brushy Creek  Sec 1","Real","$435,784","$435,784"
"R092048","R-16-5971-000C-0038","SAJU1 LLC","5600 GORHAM GLEN LN  AUSTIN, TX 78739-1740","15706 RACINE CV, AUSTIN, TX  78717","WOODS OF BRUSHY CREEK  SEC 1, BLOCK C, LOT 38","R230592E"," ","S5068 - Woods Of Brushy Creek  Sec 1","Real","$405,187","$405,187"
"R092049","R-16-5971-000C-0037","SHEPARD, JASON C & KIMBERLY","15708 RACINE CV  AUSTIN, TX 78717","15708 RACINE CV, AUSTIN, TX  78717","WOODS OF BRUSHY CREEK  SEC 1, BLOCK C, LOT 37","R230592E"," ","S5068 - Woods Of Brushy Creek  Sec 1","Real","$498,643","$498,643"
"R092050","R-16-5971-000C-0036","PRINCE, PAUL EDWARD & MIRA","3304 PARLIAMENT CV  LAGO VISTA, TX 78645","15710 RACINE CV, AUSTIN, TX  78717","WOODS OF BRUSHY CREEK  SEC 1, BLOCK C, LOT 36","R230592E"," ","S5068 - Woods Of Brushy Creek  Sec 1","Real","$383,514","$383,514"
"R092051","R-16-5971-000C-0035","WALKER, SHAWN C & KELCEY M","274 BURCHWOOD LN  MYRTLE BEACH, SC 29588-1397","15712 RACINE CV, AUSTIN, TX  78717","WOODS OF BRUSHY CREEK  SEC 1, BLOCK C, LOT 35","R230592E"," ","S5068 - Woods Of Brushy Creek  Sec 1","Real","$423,657","$423,657"
"R092052","R-16-5971-000C-0034","Unknown","Unknown","15711 RACINE CV, AUSTIN, TX  78717","WOODS OF BRUSHY CREEK  SEC 1, BLOCK C, LOT 34","R230592E"," ","S5068 - Woods Of Brushy Creek  Sec 1","Real","$380,715","$380,715"
"R092053","R-16-5971-000C-0033","DICKENS SUSAN TRUSTEE DICKENS FAMILY TRUST","15709 RACINE CV  AUSTIN, TX 78717","15709 RACINE CV, AUSTIN, TX  78717","WOODS OF BRUSHY CREEK  SEC 1, BLOCK C, LOT 33","R230592E"," ","S5068 - Woods Of Brushy Creek  Sec 1","Real","$473,758","$473,758"
"R092054","R-16-5971-000C-0032","SMK HOLDINGS SERIES LLC","701 S CAPITAL OF TEXAS HWY STE D420 WEST LAKE HILLS, TX 78746-5986","15707 RACINE CV, AUSTIN, TX  78717","WOODS OF BRUSHY CREEK  SEC 1, BLOCK C, LOT 32","R230592E"," ","S5068 - Woods Of Brushy Creek  Sec 1","Real","$418,371","$418,371"
"R092055","R-16-5971-000C-0031","ZHONG, BAOER & PINGRUI FAN","15705 RACINE CV  AUSTIN, TX 78717-5322","15705 RACINE CV, AUSTIN, TX  78717","WOODS OF BRUSHY CREEK  SEC 1, BLOCK C, LOT 31","R230592E"," ","S5068 - Woods Of Brushy Creek  Sec 1","Real","$416,139","$416,139"
"R092056","R-16-5971-000C-0030","MICHAEL A & IRENE K INGEMANN TRS MICHAEL & IRENE INGEMANN REVOCABLE TRUST","15703 RACINE CV  AUSTIN, TX 78717-5322","15703 RACINE CV, AUSTIN, TX  78717","WOODS OF BRUSHY CREEK  SEC 1, BLOCK C, LOT 30","R230592E"," ","S5068 - Woods Of Brushy Creek  Sec 1","Real","$389,900","$389,900"
"R092057","R-16-5971-000C-0029","PAIR, DAVID LEE","15701 RACINE CV AUSTIN, TX 78717-5322","15701 RACINE CV, AUSTIN, TX  78717","WOODS OF BRUSHY CREEK  SEC 1, BLOCK C, LOT 29","R230592E"," ","S5068 - Woods Of Brushy Creek  Sec 1","Real","$419,324","$419,324"
"R092058","R-16-5971-000C-0028","CANALES, ENRIQUE M & NORMA J YBARRA","8216 RACINE TRL  AUSTIN, TX 78717-5324","8216 RACINE TRL, AUSTIN, TX  78717","WOODS OF BRUSHY CREEK  SEC 1, BLOCK C, LOT 28","R230592E"," ","S5068 - Woods Of Brushy Creek  Sec 1","Real","$441,765","$441,765"
"R092059","R-16-5971-000C-0027","MILSTEAD, LORIEN & KATHARINE WALTERS","8214 RACINE TRL  AUSTIN, TX 78717","8214 RACINE TRL, AUSTIN, TX  78717","WOODS OF BRUSHY CREEK  SEC 1, BLOCK C, LOT 27","R230592E"," ","S5068 - Woods Of Brushy Creek  Sec 1","Real","$410,602","$410,602"
"R092060","R-16-5971-000C-0026","LANCE, JORDEN EDDIE & JANIE D","8212 RACINE TRL  AUSTIN, TX 78717-5324","8212 RACINE TRL, AUSTIN, TX  78717","WOODS OF BRUSHY CREEK  SEC 1, BLOCK C, LOT 26","R230592E"," ","S5068 - Woods Of Brushy Creek  Sec 1","Real","$477,606","$477,606"
"R092061","R-16-5971-000C-0025","HARTLESS, CHERYL DAWN","8210 RACINE TRL  AUSTIN, TX 78717","8210 RACINE TRL, AUSTIN, TX  78717","WOODS OF BRUSHY CREEK  SEC 1, BLOCK C, LOT 25","R230592E"," ","S5068 - Woods Of Brushy Creek  Sec 1","Real","$496,810","$496,810"
"R092062","R-16-5971-000C-0024","DIAZ, HOMERO R & ANNA M","8208 RACINE TRL AUSTIN, TX 78717-5324","8208 RACINE TRL, AUSTIN, TX  78717","WOODS OF BRUSHY CREEK  SEC 1, BLOCK C, LOT 24","R230592E"," ","S5068 - Woods Of Brushy Creek  Sec 1","Real","$506,184","$506,184"
"R092064","R-16-5971-000C-0022","COX, PAUL ANTHONY & KRISTEN A","8201 MONONA AVE  AUSTIN, TX 78717","8201 MONONA AVE, AUSTIN, TX  78717","WOODS OF BRUSHY CREEK PH 1 (AMENDED LOTS 22-23 BLK C), BLOCK C, LOT 22A, ACRES .3308","R230592E"," ","S5530 - Woods Of Brushy Creek Ph 1 (amended Lots 22-23 Blk C","Real","$670,421","$670,421"
"R092065","R-16-5971-000C-0021","BOCHEY, MARK E & ANMARIE M","10810 REDMOND CV  AUSTIN, TX 78739","8203 MONONA AVE, AUSTIN, TX  78717","WOODS OF BRUSHY CREEK  SEC 1, BLOCK C, LOT 21","R230592E"," ","S5068 - Woods Of Brushy Creek  Sec 1","Real","$392,292","$392,292"
"R092066","R-16-5971-000C-0020","SYED, ATA UI SATTAR & AKANKSHA SHARMA","8205 MONONA AVE  AUSTIN, TX 78717-5329","8205 MONONA AVE, AUSTIN, TX  78717","WOODS OF BRUSHY CREEK  SEC 1, BLOCK C, LOT 20","R230592E"," ","S5068 - Woods Of Brushy Creek  Sec 1","Real","$411,964","$411,964"
"R092067","R-16-5971-000C-0019","KANG, JANIE J & GREGORY L YUEN","1306 CARDINAL LN ROUND ROCK, TX 78681-2732","8207 MONONA AVE, AUSTIN, TX  78717","WOODS OF BRUSHY CREEK  SEC 1, BLOCK C, LOT 19","R230592E"," ","S5068 - Woods Of Brushy Creek  Sec 1","Real","$403,483","$403,483"
"R092068","R-16-5971-000C-0018","KEENEY, RACHEL TEDARDS","8209 MONONA AVE  AUSTIN, TX 78717-5329","8209 MONONA AVE, AUSTIN, TX  78717","WOODS OF BRUSHY CREEK  SEC 1, BLOCK C, LOT 18","R230592E"," ","S5068 - Woods Of Brushy Creek  Sec 1","Real","$429,742","$429,742"
"R092069","R-16-5971-000C-0017","DINH, HIEP Q & PHUONG H NGUYEN","4211 DAKE AVE  PALO ALTO, CA 94306-4618","8211 MONONA AVE, AUSTIN, TX  78717","WOODS OF BRUSHY CREEK  SEC 1, BLOCK C, LOT 17","R230592E"," ","S5068 - Woods Of Brushy Creek  Sec 1","Real","$462,884","$462,884"
"R092070","R-16-5971-000C-0016","WALKER, LANNY WAYNE & JACQUE SUZANNE WALKER","8213 MONONA AVE  AUSTIN, TX 78717","8213 MONONA AVE, AUSTIN, TX  78717","WOODS OF BRUSHY CREEK  SEC 1, BLOCK C, LOT 16","R230592E"," ","S5068 - Woods Of Brushy Creek  Sec 1","Real","$482,350","$482,350"
"R092071","R-16-5971-000C-0015","CASTILLO, CARMEN C","8215 MONONA AVE AUSTIN, TX 78717-5329","8215 MONONA AVE, AUSTIN, TX  78717","WOODS OF BRUSHY CREEK  SEC 1, BLOCK C, LOT 15","R230592E"," ","S5068 - Woods Of Brushy Creek  Sec 1","Real","$406,267","$406,267"
"R092072","R-16-5971-000C-0014","TROLINGER, TIMOTHY & JOE RIVERA","1501 WESTBURY TRL  AUSTIN, TX 78758-6538","8301 MENDOTA CV, AUSTIN, TX  78717","WOODS OF BRUSHY CREEK  SEC 1, BLOCK C, LOT 14","R230592E"," ","S5068 - Woods Of Brushy Creek  Sec 1","Real","$454,408","$454,408"
"R092073","R-16-5971-000C-0013","WU, XUAN & JING LIU","8303 MENDOTA CV  AUSTIN, TX 78717-5327","8303 MENDOTA CV, AUSTIN, TX  78717","WOODS OF BRUSHY CREEK  SEC 1, BLOCK C, LOT 13","R230592E"," ","S5068 - Woods Of Brushy Creek  Sec 1","Real","$378,642","$378,642"
"R092074","R-16-5971-000C-0012","DE CORDOVA, CARL","8305 MENDOTA CV AUSTIN, TX 78717-5327","8305 MENDOTA CV, AUSTIN, TX  78717","WOODS OF BRUSHY CREEK  SEC 1, BLOCK C, LOT 12","R230592E"," ","S5068 - Woods Of Brushy Creek  Sec 1","Real","$409,786","$409,786"
"R092075","R-16-5971-000C-0011","BARRETT, THOMAS & SUSAN","8307 MENDOTA CV AUSTIN, TX 78717-5327","8307 MENDOTA CV, AUSTIN, TX  78717","WOODS OF BRUSHY CREEK  SEC 1, BLOCK C, LOT 11","R230592E"," ","S5068 - Woods Of Brushy Creek  Sec 1","Real","$397,529","$397,529"
"R092076","R-16-5971-000C-0010","COOPER, HEIDI & GAMBLER","8309 MENDOTA CV  AUSTIN, TX 78719","8309 MENDOTA CV, AUSTIN, TX  78717","WOODS OF BRUSHY CREEK  SEC 1, BLOCK C, LOT 10","R230592E"," ","S5068 - Woods Of Brushy Creek  Sec 1","Real","$421,221","$421,221"
"R092077","R-16-5971-000C-0009","CASKEY, WILLIE B & ELIZABETH","8310 MENDOTA CV AUSTIN, TX 78717-5327","8310 MENDOTA CV, AUSTIN, TX  78717","WOODS OF BRUSHY CREEK  SEC 1, BLOCK C, LOT 9","R230592E"," ","S5068 - Woods Of Brushy Creek  Sec 1","Real","$421,264","$421,264"
"R092078","R-16-5971-000C-0008","WILSON LUCAS C & LEIGH FREDHOLM TRUSTEES OF WILSON LIVING TRUST","704 MARTIN LUTHER KING JR ST GEORGETOWN, TX 78626-5547","8308 MENDOTA CV, AUSTIN, TX  78717","WOODS OF BRUSHY CREEK  SEC 1, BLOCK C, LOT 8","R230592E"," ","S5068 - Woods Of Brushy Creek  Sec 1","Real","$417,567","$417,567"
"R092079","R-16-5971-000C-0007","QUAN, CUONG KY & BAY T DINH","8306 MENDOTA CV  AUSTIN, TX 78717-5327","8306 MENDOTA CV, AUSTIN, TX  78717","WOODS OF BRUSHY CREEK  SEC 1, BLOCK C, LOT 7","R230592E"," ","S5068 - Woods Of Brushy Creek  Sec 1","Real","$359,521","$359,521"
"R092080","R-16-5971-000C-0006","ISOM, JONATHAN","8304 MENDOTA CV AUSTIN, TX 78717-5327","8304 MENDOTA CV, AUSTIN, TX  78717","WOODS OF BRUSHY CREEK  SEC 1, BLOCK C, LOT 6","R230592E"," ","S5068 - Woods Of Brushy Creek  Sec 1","Real","$403,979","$403,979"
"R092081","R-16-5971-000C-0005","CORREA, AMANDA KAY & JULIA FAY BISHOP & JANET LEA MCMASTERS","8302 MENDOTA CV  AUSTIN, TX 78717","8302 MENDOTA CV, AUSTIN, TX  78717","WOODS OF BRUSHY CREEK  SEC 1, BLOCK C, LOT 5","R230592E"," ","S5068 - Woods Of Brushy Creek  Sec 1","Real","$404,711","$404,711"
"R092082","R-16-5971-000C-0004","SANDRA A SAWICKI & ALBERT W SAWICKI JR TRS OF THE SAWICKI LIVING TRUST","8300 MENDOTA CV  AUSTIN, TX 78717-5327","8300 MENDOTA CV, AUSTIN, TX  78717","WOODS OF BRUSHY CREEK  SEC 1, BLOCK C, LOT 4","R230592E"," ","S5068 - Woods Of Brushy Creek  Sec 1","Real","$385,007","$385,007"
"R092083","R-16-5971-000C-0003","HODGES JAKE SIDES & TAYLOR LYNN FRIEDMAN","8223 MONONA AVE  AUSTIN, TX 78717-5328","8223 MONONA AVE, AUSTIN, TX  78717","WOODS OF BRUSHY CREEK  SEC 1, BLOCK C, LOT 3","R230592E"," ","S5068 - Woods Of Brushy Creek  Sec 1","Real","$422,566","$422,566"
"R092084","R-16-5971-000C-0002","STOKES, INDIRA S & PATRICK","8225 MONONA AVE  AUSTIN, TX 78717-5328","8225 MONONA AVE, AUSTIN, TX  78717","WOODS OF BRUSHY CREEK  SEC 1, BLOCK C, LOT 2","R230592E"," ","S5068 - Woods Of Brushy Creek  Sec 1","Real","$429,282","$429,282"
"R092085","R-16-5971-000C-0001","PUDLO, JESSICA LYNN & LINDA","15907 DE PEER AVE  AUSTIN, TX 78717","15907 DE PEER AVE, AUSTIN, TX  78717","WOODS OF BRUSHY CREEK  SEC 1, BLOCK C, LOT 1","R230592E"," ","S5068 - Woods Of Brushy Creek  Sec 1","Real","$408,523","$408,523"
"R092086","R-16-5971-000B-0024","YOUNG, WAYNE A","8400 RACINE TRL AUSTIN, TX 78717-5326","8400 RACINE TRL, AUSTIN, TX  78717","WOODS OF BRUSHY CREEK  SEC 1, BLOCK B, LOT 24","R230592E"," ","S5068 - Woods Of Brushy Creek  Sec 1","Real","$403,526","$403,526"
"R092087","R-16-5971-000B-0023","WOOD, ASHER C & MELISSA A","15704 DE PEER AVE  AUSTIN, TX 78717","15704 DE PEER AVE, AUSTIN, TX  78717","WOODS OF BRUSHY CREEK  SEC 1, BLOCK B, LOT 23","R230592E"," ","S5068 - Woods Of Brushy Creek  Sec 1","Real","$425,917","$425,917"
"R092088","R-16-5971-000B-0022","PETTERSSON, ELIZABETH","15800 DE PEER AVE  AUSTIN, TX 78717-5320","15800 DE PEER AVE, AUSTIN, TX  78717","WOODS OF BRUSHY CREEK  SEC 1, BLOCK B, LOT 22","R230592E"," ","S5068 - Woods Of Brushy Creek  Sec 1","Real","$422,449","$422,449"
"R092089","R-16-5971-000B-0021","REN, SHAN","250 BRANDON ST APT 355 SAN JOSE, CA 95134-3381","15802 DE PEER AVE, AUSTIN, TX  78717","WOODS OF BRUSHY CREEK  SEC 1, BLOCK B, LOT 21","R230592E"," ","S5068 - Woods Of Brushy Creek  Sec 1","Real","$400,540","$400,540"
"R092090","R-16-5971-000B-0020","YUK, SUZANA","15804 DE PEER AVE  AUSTIN, TX 78717-5320","15804 DE PEER AVE, AUSTIN, TX  78717","WOODS OF BRUSHY CREEK  SEC 1, BLOCK B, LOT 20","R230592E"," ","S5068 - Woods Of Brushy Creek  Sec 1","Real","$380,588","$380,588"
"R092091","R-16-5971-000B-0019","BASALDUA, JOSE ROLAND","801 JOHN PAUL JONES DR TEMPLE, TX 76504-2255","15800 DE PEER CV, AUSTIN, TX  78717","WOODS OF BRUSHY CREEK  SEC 1, BLOCK B, LOT 19","R230592E"," ","S5068 - Woods Of Brushy Creek  Sec 1","Real","$475,649","$475,649"
"R092092","R-16-5971-000B-0018","ZIMMERMAN, CRAIG A & JULIE M","15802 DE PEER CV  AUSTIN, TX 78717-5321","15802 DE PEER CV, AUSTIN, TX  78717","WOODS OF BRUSHY CREEK  SEC 1, BLOCK B, LOT 18","R230592E"," ","S5068 - Woods Of Brushy Creek  Sec 1","Real","$414,888","$414,888"
"R092093","R-16-5971-000B-0017","CONNER, PATRICIA LORENE","15804 DE PEER CV  AUSTIN, TX 78717-5321","15804 DE PEER CV, AUSTIN, TX  78717","WOODS OF BRUSHY CREEK  SEC 1, BLOCK B, LOT 17","R230592E"," ","S5068 - Woods Of Brushy Creek  Sec 1","Real","$516,763","$516,763"
"R092094","R-16-5971-000B-0016","COX, JOSEPH L & LYNN C","15806 DE PEER CV AUSTIN, TX 78717-5321","15806 DE PEER CV, AUSTIN, TX  78717","WOODS OF BRUSHY CREEK  SEC 1, BLOCK B, LOT 16","R230592E"," ","S5068 - Woods Of Brushy Creek  Sec 1","Real","$382,806","$382,806"
"R092096","R-16-5971-000B-0014","PRYOR, CLAYTON JAMES & KRISTI NICOLE FREITAG","15810 DE PEER CV  AUSTIN, TX 78717-5321","15810 DE PEER CV, AUSTIN, TX  78717","WOODS OF BRUSHY CREEK  SEC 1, BLOCK B, LOT 14","R230592E"," ","S5068 - Woods Of Brushy Creek  Sec 1","Real","$492,698","$492,698"
"R092097","R-16-5971-000B-0013","CISNEROS, GUADALUPE & DEBBIE L","15812 DEPEER CV  AUSTIN, TX 78717","15812 DE PEER CV, AUSTIN, TX  78717","WOODS OF BRUSHY CREEK  SEC 1, BLOCK B, LOT 13","R230592E"," ","S5068 - Woods Of Brushy Creek  Sec 1","Real","$388,571","$388,571"
"R092098","R-16-5971-000B-0012","ROW, MICHELE LYNN & CHRISTOPHER DALE","15814 DE PEER CV  AUSTIN, TX 78717","15814 DE PEER CV, AUSTIN, TX  78717","WOODS OF BRUSHY CREEK  SEC 1, BLOCK B, LOT 12","R230592E"," ","S5068 - Woods Of Brushy Creek  Sec 1","Real","$496,729","$496,729"
"R092099","R-16-5971-000B-0011","CHERKAS, PETRO & KARYNA","15811 DE PEER CV  AUSTIN, TX 78717-5321","15811 DE PEER CV, AUSTIN, TX  78717","WOODS OF BRUSHY CREEK  SEC 1, BLOCK B, LOT 11","R230592E"," ","S5068 - Woods Of Brushy Creek  Sec 1","Real","$432,016","$432,016"
"R092100","R-16-5971-000B-0010","SWIDERSKI, ARNOLD J (TOD) & GAIL M (TOD)","15809 DE PEER CV  AUSTIN, TX 78717-5321","15809 DE PEER CV, AUSTIN, TX  78717","WOODS OF BRUSHY CREEK  SEC 1, BLOCK B, LOT 10","R230592E"," ","S5068 - Woods Of Brushy Creek  Sec 1","Real","$437,770","$437,770"
"R092101","R-16-5971-000B-0009","TYLER, MICHAEL J","15807 DE PEER CV  AUSTIN, TX 78717","15807 DE PEER CV, AUSTIN, TX  78717","WOODS OF BRUSHY CREEK  SEC 1, BLOCK B, LOT 9","R230592E"," ","S5068 - Woods Of Brushy Creek  Sec 1","Real","$428,048","$428,048"
"R092102","R-16-5971-000B-0008","KATZ, GIL & DANA","13630 FERNCREST CT SARATOGA, CA 95070-5224","15805 DE PEER CV, AUSTIN, TX  78717","WOODS OF BRUSHY CREEK  SEC 1, BLOCK B, LOT 8","R230592E"," ","S5068 - Woods Of Brushy Creek  Sec 1","Real","$408,523","$408,523"
"R092103","R-16-5971-000B-0007","CRAWLEY, ALFRED L & MARSHALLYNE C","15803 DE PEER CV  AUSTIN, TX 78717-5321","15803 DE PEER CV, AUSTIN, TX  78717","WOODS OF BRUSHY CREEK  SEC 1, BLOCK B, LOT 7","R230592E"," ","S5068 - Woods Of Brushy Creek  Sec 1","Real","$427,595","$427,595"
"R092105","R-16-5971-000B-0005","MCCANN, MICHAEL CRAIG & ANDREA W","15812 DE PEER AVE  AUSTIN, TX 78717","15812 DE PEER AVE, AUSTIN, TX  78717","WOODS OF BRUSHY CREEK  SEC 1, BLOCK B, LOT 5","R230592E"," ","S5068 - Woods Of Brushy Creek  Sec 1","Real","$453,712","$453,712"
"R092106","R-16-5971-000B-0004","COBB, BRYANT L & ERICA L","15814 DE PEER AVE  AUSTIN, TX 78717","15814 DE PEER AVE, AUSTIN, TX  78717","WOODS OF BRUSHY CREEK  SEC 1, BLOCK B, LOT 4","R230592E"," ","S5068 - Woods Of Brushy Creek  Sec 1","Real","$388,456","$388,456"
"R092107","R-16-5971-000B-0003","RAMON, RORY SOLOMON & DUA THI KIM NGUYEN","15900 DE PEER AVE  AUSTIN, TX 78717","15900 DE PEER AVE, AUSTIN, TX  78717","WOODS OF BRUSHY CREEK  SEC 1, BLOCK B, LOT 3","R230592E"," ","S5068 - Woods Of Brushy Creek  Sec 1","Real","$409,818","$409,818"
"R092108","R-16-5971-000B-0002","GLAUSER, JAMES BERNARD & SARA TAGER","15902 DE PEER AVE  AUSTIN, TX 78717-5317","15902 DE PEER AVE, AUSTIN, TX  78717","WOODS OF BRUSHY CREEK  SEC 1, BLOCK B, LOT 2","R230592E"," ","S5068 - Woods Of Brushy Creek  Sec 1","Real","$401,101","$401,101"
"R092109","R-16-5971-000B-0001","WHITLOCK, RIKI RENEE","15904 DE PEER AVE  AUSTIN, TX 78717-5317","15904 DE PEER AVE, AUSTIN, TX  78717","WOODS OF BRUSHY CREEK  SEC 1, BLOCK B, LOT 1","R230592E"," ","S5068 - Woods Of Brushy Creek  Sec 1","Real","$431,801","$431,801"
"R092110","R-16-5971-000A-0005","KOCHAPPAN, ROSEMARIA K & JAISON M VARGHESE","312 BRITTANY WOOD LOOP  LIBERTY HILL, TX 78642","8214 CORNERWOOD DR, AUSTIN, TX  78717","S5068 - Woods Of Brushy Creek  Sec 1, BLOCK A, Lot 5","R230592E"," ","S5068 - Woods Of Brushy Creek  Sec 1","Real","$458,007","$458,007"
"R092111","R-16-5971-000A-0004","CAI, NGOCNU NT","8300 CORNERWOOD DR AUSTIN, TX 78717-5336","8300 CORNERWOOD DR, AUSTIN, TX  78717","WOODS OF BRUSHY CREEK  SEC 1, BLOCK A, LOT 4","R230592E"," ","S5068 - Woods Of Brushy Creek  Sec 1","Real","$644,428","$644,428"
"R092112","R-16-5971-000A-0003","MIRANDA, MIGUEL E & KAREN","8302 CORNERWOOD DR  AUSTIN, TX 78717","8302 CORNERWOOD DR, AUSTIN, TX  78717","WOODS OF BRUSHY CREEK  SEC 1, BLOCK A, LOT 3","R230592E"," ","S5068 - Woods Of Brushy Creek  Sec 1","Real","$692,653","$692,653"
"R092113","R-16-5971-000A-0002","MOHAMMAD, DIN","8304 CORNERWOOD DR  AUSTIN, TX 78717","8304 CORNERWOOD DR, AUSTIN, TX  78717","WOODS OF BRUSHY CREEK  SEC 1, BLOCK A, LOT 2","R230592E"," ","S5068 - Woods Of Brushy Creek  Sec 1","Real","$772,018","$772,018"
"R092115","R-16-5971-000A-0001","DIXON, HEATHER & DAVID","8306 CORNERWOOD DR  AUSTIN, TX 78731","8306 CORNERWOOD DR, AUSTIN, TX  78717","WOODS OF BRUSHY CREEK  SEC 1, BLOCK A, LOT 1","R230592E"," ","S5068 - Woods Of Brushy Creek  Sec 1","Real","$499,947","$499,947"
"R094397","R-16-4495-000E-0052","ZEINER, JOEL W & HOLLY G","9013 BRIMSTONE LN AUSTIN, TX 78717-3020","9013 BRIMSTONE LN, AUSTIN, TX  78717","MEADOWS OF BRUSHY CREEK, BLOCK E, LOT 52","R230592E"," ","S4082 - Meadows Of Brushy Creek","Real","$690,766","$690,766"
"R094398","R-16-4495-000E-0051","MORGAN, ALAN ROSS & MONIKA PAVICH","9017 BRIMSTONE LN  AUSTIN, TX 78717","9017 BRIMSTONE LN, AUSTIN, TX  78717","MEADOWS OF BRUSHY CREEK, BLOCK E, LOT 51","R230592E"," ","S4082 - Meadows Of Brushy Creek","Real","$497,152","$497,152"
"R094399","R-16-4495-000E-0050","ESFAHANIAN, MOOSA & ALEJANDRA TORDESILLAS","1303 COYOTE PATH SAN ANTONIO, TX 78258-3452","9101 BRIMSTONE LN, AUSTIN, TX  78717","MEADOWS OF BRUSHY CREEK, BLOCK E, LOT 50","R230592E"," ","S4082 - Meadows Of Brushy Creek","Real","$459,938","$459,938"
"R094400","R-16-4495-000E-0049","CW RE INVESTMENT LLC SERIES BRIMSTONELANE","16238 RANCH ROAD 620 N #STE F AUSTIN, TX 78717","9103 BRIMSTONE LN, AUSTIN, TX  78717","MEADOWS OF BRUSHY CREEK, BLOCK E, LOT 49","R230592E"," ","S4082 - Meadows Of Brushy Creek","Real","$454,191","$454,191"
"R094401","R-16-4495-000E-0048","HALL, JOHN E & MARILYN","9105 BRIMSTONE LN AUSTIN, TX 78717-3021","9105 BRIMSTONE LN, AUSTIN, TX  78717","MEADOWS OF BRUSHY CREEK, BLOCK E, LOT 48","R230592E"," ","S4082 - Meadows Of Brushy Creek","Real","$491,298","$491,298"
"R094402","R-16-4495-000E-0047","LEWIS, PAUL DAVID","1600 OAKRIDGE DR  ROUND ROCK, TX 78681","9107 BRIMSTONE LN, AUSTIN, TX  78717","MEADOWS OF BRUSHY CREEK, BLOCK E, LOT 47","R230592E"," ","S4082 - Meadows Of Brushy Creek","Real","$509,091","$509,091"
"R094403","R-16-4495-000E-0046","HILSABECK, BRIAN A (LE) & JEANETTE A (LE)","9109 BRIMSTONE LN  AUSTIN, TX 78717","9109 BRIMSTONE LN, AUSTIN, TX  78717","MEADOWS OF BRUSHY CREEK, BLOCK E, LOT 46","R230592E"," ","S4082 - Meadows Of Brushy Creek","Real","$447,561","$447,561"
"R094404","R-16-4495-000E-0045","AN, CHANG HYUN","9111 BRIMSTONE LN  AUSTIN, TX 78717","9111 BRIMSTONE LN, AUSTIN, TX  78717","MEADOWS OF BRUSHY CREEK, BLOCK E, LOT 45","R230592E"," ","S4082 - Meadows Of Brushy Creek","Real","$565,581","$565,581"
"R094405","R-16-4495-000E-0044","DURAND, WILFREDO & ERIKA PATRICIA RUIZ","9113 BRIMSTONE LN  AUSTIN, TX 78717","9113 BRIMSTONE LN, AUSTIN, TX  78717","MEADOWS OF BRUSHY CREEK, BLOCK E, LOT 44","R230592E"," ","S4082 - Meadows Of Brushy Creek","Real","$478,045","$478,045"
"R094406","R-16-4495-000E-0043","OWENS, WENDY LISA & CLEON R YATES","9115 BRIMSTONE LN AUSTIN, TX 78717-3021","9115 BRIMSTONE LN, AUSTIN, TX  78717","MEADOWS OF BRUSHY CREEK, BLOCK E, LOT 43","R230592E"," ","S4082 - Meadows Of Brushy Creek","Real","$599,613","$599,613"
"R094407","R-16-4495-000E-0042","LIN, BRENDA & JAMES NIE","9117 BRIMSTONE LN  AUSTIN, TX 78717-3021","9117 BRIMSTONE LN, AUSTIN, TX  78717","MEADOWS OF BRUSHY CREEK, BLOCK E, LOT 42","R230592E"," ","S4082 - Meadows Of Brushy Creek","Real","$519,489","$519,489"
"R094408","R-16-4495-000E-0041","MAYA INVESTMENTS GROUP LLC dba MAHIJIYA LLC","10189 S  FOOTHILL BLVD  CUPERTINO, CA 95014","16407 ROCKGATE DR, AUSTIN, TX  78717","MEADOWS OF BRUSHY CREEK, BLOCK E, LOT 41","R230592E"," ","S4082 - Meadows Of Brushy Creek","Real","$474,444","$474,444"
"R094409","R-16-4495-000E-0040","TRAMMELL, NICHOLAS ALEXANDER & SARAH ANN BECKER","16405 ROCKGATE DR  AUSTIN, TX 78717","16405 ROCKGATE DR, AUSTIN, TX  78717","MEADOWS OF BRUSHY CREEK, BLOCK E, LOT 40","R230592E"," ","S4082 - Meadows Of Brushy Creek","Real","$495,175","$495,175"
"R094410","R-16-4495-000E-0039","THOMAS CARL DEAN & DIANA LYNN TRUSTEES CARL & DIANA THOMAS FAMILY TRUST","16403 ROCKGATE DR  AUSTIN, TX 78717","16403 ROCKGATE DR, AUSTIN, TX  78717","MEADOWS OF BRUSHY CREEK, BLOCK E, LOT 39","R230592E"," ","S4082 - Meadows Of Brushy Creek","Real","$478,506","$478,506"
"R094411","R-16-4495-000E-0038","MCCLAIN, THOMAS G & LAURA J","16401 ROCKGATE DR AUSTIN, TX 78717-3031","16401 ROCKGATE DR, AUSTIN, TX  78717","MEADOWS OF BRUSHY CREEK, BLOCK E, LOT 38","R230592E"," ","S4082 - Meadows Of Brushy Creek","Real","$462,708","$462,708"
"R094412","R-16-4495-000E-0037","NELSON, JEFFREY A & BRANDI L","16315 ROCKGATE DR AUSTIN, TX 78717-3029","16315 ROCKGATE DR, AUSTIN, TX  78717","MEADOWS OF BRUSHY CREEK, BLOCK E, LOT 37","R230592E"," ","S4082 - Meadows Of Brushy Creek","Real","$572,826","$572,826"
"R094413","R-16-4495-000E-0036","SINGHAL, VARUN","16313 ROCKGATE DR  AUSTIN, TX 78717","16313 ROCKGATE DR, AUSTIN, TX  78717","S4082 - Meadows Of Brushy Creek, BLOCK E, Lot 36","R230592E"," ","S4082 - Meadows Of Brushy Creek","Real","$511,676","$511,676"
"R094414","R-16-4495-000E-0035","XU, JITING","16311 ROCKGATE DR  AUSTIN, TX 78717","16311 ROCKGATE DR, AUSTIN, TX  78717","MEADOWS OF BRUSHY CREEK, BLOCK E, LOT 35","R230592E"," ","S4082 - Meadows Of Brushy Creek","Real","$512,067","$512,067"
"R094415","R-16-4495-000E-0034","TULLOS, BARBARA JEAN (TOD) & DEBRA KAREN","1301 PASADENA DR  AUSTIN, TX 78757-1947","16309 ROCKGATE DR, AUSTIN, TX  78717","MEADOWS OF BRUSHY CREEK, BLOCK E, LOT 34","R230592E"," ","S4082 - Meadows Of Brushy Creek","Real","$509,001","$509,001"
"R094416","R-16-4495-000E-0033","WHITE, LOSS JR (TOD) & JUDITH D (TOD)","16307 ROCKGATE DR  AUSTIN, TX 78717","16307 ROCKGATE DR, AUSTIN, TX  78717","MEADOWS OF BRUSHY CREEK, BLOCK E, LOT 33","R230592E"," ","S4082 - Meadows Of Brushy Creek","Real","$439,656","$439,656"
"R094417","R-16-4495-000E-0032","CANKAYA, CANER","16305 ROCKGATE DR  AUSTIN, TX 78717","16305 ROCKGATE DR, AUSTIN, TX  78717","MEADOWS OF BRUSHY CREEK, BLOCK E, LOT 32","R230592E"," ","S4082 - Meadows Of Brushy Creek","Real","$530,812","$530,812"
"R094418","R-16-4495-000E-0031","SMITH, KENRIC & LISA","16303 ROCKGATE DR  AUSTIN, TX 78717","16303 ROCKGATE DR, AUSTIN, TX  78717","MEADOWS OF BRUSHY CREEK, BLOCK E, LOT 31","R230592E"," ","S4082 - Meadows Of Brushy Creek","Real","$602,003","$602,003"
"R094419","R-16-4495-000E-0030","CHU CHEN CHAU & JEN-LING JU","8918 SHARPSTONE TRL AUSTIN, TX 78717-3034","8918 SHARPSTONE TRL, AUSTIN, TX  78717","MEADOWS OF BRUSHY CREEK, BLOCK E, LOT 30","R230592E"," ","S4082 - Meadows Of Brushy Creek","Real","$458,494","$458,494"
"R094420","R-16-4495-000E-0029","TRAN, THUY-HANG THI","8916 SHARPSTONE TRL  AUSTIN, TX 78717","8916 SHARPSTONE TRL, AUSTIN, TX  78717","MEADOWS OF BRUSHY CREEK, BLOCK E, LOT 29","R230592E"," ","S4082 - Meadows Of Brushy Creek","Real","$442,962","$442,962"
"R094421","R-16-4495-000E-0028","BURNSED, MICHAEL T & DYDIA","8914 SHARPSTONE TRL  AUSTIN, TX 78717","8914 SHARPSTONE TRL, AUSTIN, TX  78717","MEADOWS OF BRUSHY CREEK, BLOCK E, LOT 28","R230592E"," ","S4082 - Meadows Of Brushy Creek","Real","$565,478","$565,478"
"R094422","R-16-4495-000E-0027","LIU, WEI HSIN & ZHIMENG","8912 SHARPSTONE TRL  AUSTIN, TX 78717-3034","8912 SHARPSTONE TRL, AUSTIN, TX  78717","MEADOWS OF BRUSHY CREEK, BLOCK E, LOT 27","R230592E"," ","S4082 - Meadows Of Brushy Creek","Real","$449,370","$449,370"
"R094423","R-16-4495-000E-0026","STEINERT, MARK W & MONETTE ALLEN","8910 SHARPSTONE TRL  AUSTIN, TX 78717-3034","8910 SHARPSTONE TRL, AUSTIN, TX  78717","MEADOWS OF BRUSHY CREEK, BLOCK E, LOT 26","R230592E"," ","S4082 - Meadows Of Brushy Creek","Real","$536,176","$536,176"
"R094424","R-16-4495-000E-0025","LE, PHAT TUAN & TAM THANH DINH","16310 W DORMAN DR  AUSTIN, TX 78717","16310 DORMAN DR, AUSTIN, TX  78717","MEADOWS OF BRUSHY CREEK, BLOCK E, LOT 25","R230592E"," ","S4082 - Meadows Of Brushy Creek","Real","$848,300","$848,300"
"R094425","R-16-4495-000E-0024","CHANG, GEORGE K & CHRISTINA C HSU","509 OCATE MESA TRL  LIBERTY HILL, TX 78642-2419","16312 DORMAN DR, AUSTIN, TX  78717","MEADOWS OF BRUSHY CREEK, BLOCK E, LOT 24","R230592E"," ","S4082 - Meadows Of Brushy Creek","Real","$500,723","$500,723"
"R094426","R-16-4495-000E-0023","LAURA VIZCAINO TR OF THE LAURA VIZCAINO TRUST","16314 W DORMAN DR  AUSTIN, TX 78717-3003","16314 DORMAN DR, AUSTIN, TX  78717","MEADOWS OF BRUSHY CREEK, BLOCK E, LOT 23","R230592E"," ","S4082 - Meadows Of Brushy Creek","Real","$532,013","$532,013"
"R094427","R-16-4495-000E-0022","SWEARINGEN CRAIG A & GALE E","GALE E SWEARINGEN 8905 MARTHAS DR AUSTIN, TX 78717-3026","8905 MARTHAS DR, AUSTIN, TX  78717","MEADOWS OF BRUSHY CREEK, BLOCK E, LOT 22","R230592E"," ","S4082 - Meadows Of Brushy Creek","Real","$596,635","$596,635"
"R094428","R-16-4495-000E-0021","TROYER, JOSHUA CHRISTIAN & KAITLYN","8907 MARTHAS DR  AUSTIN, TX 78717-3026","8907 MARTHAS DR, AUSTIN, TX  78717","MEADOWS OF BRUSHY CREEK, BLOCK E, LOT 21","R230592E"," ","S4082 - Meadows Of Brushy Creek","Real","$511,495","$511,495"
"R094429","R-16-4495-000E-0020","CANTU JOSE GERARDO & NYDIA EVLA","8909 MARTHAS DR  AUSTIN, TX 78717-3026","8909 MARTHAS DR, AUSTIN, TX  78717","MEADOWS OF BRUSHY CREEK, BLOCK E, LOT 20","R230592E"," ","S4082 - Meadows Of Brushy Creek","Real","$515,615","$515,615"
"R094430","R-16-4495-000E-0019","CHRISTENSEN DANIEL D & CINDY K","9001 MARTHAS DR AUSTIN, TX 78717-3027","9001 MARTHAS DR, AUSTIN, TX  78717","MEADOWS OF BRUSHY CREEK, BLOCK E, LOT 19","R230592E"," ","S4082 - Meadows Of Brushy Creek","Real","$490,858","$490,858"
"R094431","R-16-4495-000E-0018","PIERZ, MATTHEW E & BEVERLY J","9003 MARTHAS DR  AUSTIN, TX 78717","9003 MARTHAS DR, AUSTIN, TX  78717","MEADOWS OF BRUSHY CREEK, BLOCK E, LOT 18","R230592E"," ","S4082 - Meadows Of Brushy Creek","Real","$424,999","$424,999"
"R094432","R-16-4495-000E-0017","DENNIS, JIMMIE G & GWENDOLYN A TRUSTEES OF THE JGD & GAD REVOCABLE TRUST","9005 MARTHAS DR  AUSTIN, TX 78717","9005 MARTHAS DR, AUSTIN, TX  78717","MEADOWS OF BRUSHY CREEK, BLOCK E, LOT 17","R230592E"," ","S4082 - Meadows Of Brushy Creek","Real","$490,980","$490,980"
"R094433","R-16-4495-000E-0016","MCCONNELL, TAMMY S","9007 MARTHAS DR  AUSTIN, TX 78717","9007 MARTHAS DR, AUSTIN, TX  78717","MEADOWS OF BRUSHY CREEK, BLOCK E, LOT 16","R230592E"," ","S4082 - Meadows Of Brushy Creek","Real","$429,140","$429,140"
"R094434","R-16-4495-000E-0015","WESSELS, LARRY A (LE) & DIANE Y (LE)","9009 MARTHAS DR  AUSTIN, TX 78717","9009 MARTHAS DR, AUSTIN, TX  78717","MEADOWS OF BRUSHY CREEK, BLOCK E, LOT 15","R230592E"," ","S4082 - Meadows Of Brushy Creek","Real","$621,715","$621,715"
"R094435","R-16-4495-000E-0014","CHOATE, MARK S & LORINDA A","9011 MARTHAS DR  AUSTIN, TX 78717-3027","9011 MARTHAS DR, AUSTIN, TX  78717","MEADOWS OF BRUSHY CREEK, BLOCK E, LOT 14","R230592E"," ","S4082 - Meadows Of Brushy Creek","Real","$448,470","$448,470"
"R094436","R-16-4495-000E-0013","KUNANBAEVA, ANGELA","9013 MARTHAS DR  AUSTIN, TX 78717-3027","9013 MARTHAS DR, AUSTIN, TX  78717","MEADOWS OF BRUSHY CREEK, BLOCK E, LOT 13","R230592E"," ","S4082 - Meadows Of Brushy Creek","Real","$551,520","$551,520"
"R094437","R-16-4495-000E-0012","COPELAND, COLLEEN ALICE","9015 MARTHAS DR AUSTIN, TX 78717-3027","9015 MARTHAS DR, AUSTIN, TX  78717","MEADOWS OF BRUSHY CREEK, BLOCK E, LOT 12","R230592E"," ","S4082 - Meadows Of Brushy Creek","Real","$452,583","$452,583"
"R094438","R-16-4495-000E-0011","GRAHL, ROBERT P SR & MARIA B","9017 MARTHAS DR  AUSTIN, TX 78717-3027","9017 MARTHAS DR, AUSTIN, TX  78717","MEADOWS OF BRUSHY CREEK, BLOCK E, LOT 11","R230592E"," ","S4082 - Meadows Of Brushy Creek","Real","$583,512","$583,512"
"R094439","R-16-4495-000E-0010","WALDO, WESTON & HANNA","9019 MARTHAS DR  AUSTIN, TX 78717","9019 MARTHAS DR, AUSTIN, TX  78717","MEADOWS OF BRUSHY CREEK, BLOCK E, LOT 10","R230592E"," ","S4082 - Meadows Of Brushy Creek","Real","$509,161","$509,161"
"R094440","R-16-4495-000E-0009","LIN, CHUNG-FU & HSUAN-YA HUANG","9021 MARTHAS DR  AUSTIN, TX 78717","9021 MARTHAS DR, AUSTIN, TX  78717","MEADOWS OF BRUSHY CREEK, BLOCK E, LOT 9","R230592E"," ","S4082 - Meadows Of Brushy Creek","Real","$502,150","$502,150"
"R094441","R-16-4495-000E-0008","LOPEZ, MARCOS & CRISTINA","9023 MARTHA'S DR  AUSTIN, TX 78717","9023 MARTHAS DR, AUSTIN, TX  78717","MEADOWS OF BRUSHY CREEK, BLOCK E, LOT 8","R230592E"," ","S4082 - Meadows Of Brushy Creek","Real","$461,096","$461,096"
"R094442","R-16-4495-000E-0007","MORRIS, CRAIG R & ROXANNE M","9025 MARTHAS DR  AUSTIN, TX 78717","9025 MARTHAS DR, AUSTIN, TX  78717","MEADOWS OF BRUSHY CREEK, BLOCK E, LOT 7","R230592E"," ","S4082 - Meadows Of Brushy Creek","Real","$451,489","$451,489"
"R094443","R-16-4495-000E-0006","NELSON, TROYE & MARY ANN","9027 MARTHAS DR  AUSTIN, TX 78717-3027","9027 MARTHAS DR, AUSTIN, TX  78717","MEADOWS OF BRUSHY CREEK, BLOCK E, LOT 6","R230592E"," ","S4082 - Meadows Of Brushy Creek","Real","$499,451","$499,451"
"R094444","R-16-4495-000E-0005","HIGDON, JOHN G & KATHLEEN K","9029 MARTHAS DR AUSTIN, TX 78717-3027","9029 MARTHAS DR, AUSTIN, TX  78717","MEADOWS OF BRUSHY CREEK, BLOCK E, LOT 5","R230592E"," ","S4082 - Meadows Of Brushy Creek","Real","$584,648","$584,648"
"R094445","R-16-4495-000E-0004","NEALIS, VINCENT EDWARD","9031 MARTHAS DR AUSTIN, TX 78717-3027","9031 MARTHAS DR, AUSTIN, TX  78717","MEADOWS OF BRUSHY CREEK, BLOCK E, LOT 4","R230592E"," ","S4082 - Meadows Of Brushy Creek","Real","$733,985","$733,985"
"R094446","R-16-4495-000E-0003","FORD, JUSTIN & MAKALA","9033 MARTHAS DR  AUSTIN, TX 78717","9033 MARTHAS DR, AUSTIN, TX  78717","MEADOWS OF BRUSHY CREEK, BLOCK E, LOT 3","R230592E"," ","S4082 - Meadows Of Brushy Creek","Real","$474,423","$474,423"
"R094447","R-16-4495-000E-0002","SHRADER, CHARLES M SHIRLEY M","16510 POCONO DR AUSTIN, TX 78717-3008","16510 POCONO DR, AUSTIN, TX  78717","MEADOWS OF BRUSHY CREEK, BLOCK E, LOT 2","R230592E"," ","S4082 - Meadows Of Brushy Creek","Real","$521,099","$521,099"
"R094448","R-16-4495-000E-0001","STEPHENS, KASEY","16512 POCONO DR  AUSTIN, TX 78717","16512 POCONO DR, AUSTIN, TX  78717","MEADOWS OF BRUSHY CREEK, BLOCK E, LOT 1","R230592E"," ","S4082 - Meadows Of Brushy Creek","Real","$639,377","$639,377"
"R094449","R-16-4495-000D-0024","DEY, PRITOM & SWARNA GUPTA","9018 MARTHA DR  AUSTIN, TX 78717","9018 MARTHAS DR, AUSTIN, TX  78717","MEADOWS OF BRUSHY CREEK, BLOCK D, LOT 24","R230592E"," ","S4082 - Meadows Of Brushy Creek","Real","$553,080","$553,080"
"R094450","R-16-4495-000D-0023","WILLIAMS, LINDSAY & MATTHEW WILLIAMS","9016 MARTHAS DR  AUSTIN, TX 78717-3025","9016 MARTHAS DR, AUSTIN, TX  78717","MEADOWS OF BRUSHY CREEK, BLOCK D, LOT 23","R230592E"," ","S4082 - Meadows Of Brushy Creek","Real","$491,830","$491,830"
"R094451","R-16-4495-000D-0022","ARMS, CYNTHIA KAY & MARK L VINES","9012 MARTHAS DR AUSTIN, TX 78717-3025","9012 MARTHAS DR, AUSTIN, TX  78717","MEADOWS OF BRUSHY CREEK, BLOCK D, LOT 22","R230592E"," ","S4082 - Meadows Of Brushy Creek","Real","$529,499","$529,499"
"R094452","R-16-4495-000D-0021","RABINOVICH, ALAN (TOD) & LINA (TOD)","9008 MARTHAS DR  AUSTIN, TX 78717","9008 MARTHAS DR, AUSTIN, TX  78717","MEADOWS OF BRUSHY CREEK, BLOCK D, LOT 21","R230592E"," ","S4082 - Meadows Of Brushy Creek","Real","$639,815","$639,815"
"R094453","R-16-4495-000D-0020","USSERKUL, RAUAN","9006 MARTHAS DR  AUSTIN, TX 78717-3027","9006 MARTHAS DR, AUSTIN, TX  78717","MEADOWS OF BRUSHY CREEK, BLOCK D, LOT 20","R230592E"," ","S4082 - Meadows Of Brushy Creek","Real","$509,906","$509,906"
"R094454","R-16-4495-000D-0019","JAMES, RICHARD & BARBARA","9004 MARTHAS DR AUSTIN, TX 78717-3025","9004 MARTHAS DR, AUSTIN, TX  78717","MEADOWS OF BRUSHY CREEK, BLOCK D, LOT 19","R230592E"," ","S4082 - Meadows Of Brushy Creek","Real","$511,727","$511,727"
"R094455","R-16-4495-000D-0018","HAMPTON, STEPHEN & CLAUDIA","16400 MARTHAS CV  AUSTIN, TX 78717","16400 MARTHAS CV, AUSTIN, TX  78717","MEADOWS OF BRUSHY CREEK, BLOCK D, LOT 18","R230592E"," ","S4082 - Meadows Of Brushy Creek","Real","$453,849","$453,849"
"R094456","R-16-4495-000D-0017","GARCIA, SALLY SCHULER (LE)","16404 MARTHAS CV  AUSTIN, TX 78717-3023","16404 MARTHAS CV, AUSTIN, TX  78717","MEADOWS OF BRUSHY CREEK, BLOCK D, LOT 17","R230592E"," ","S4082 - Meadows Of Brushy Creek","Real","$571,828","$571,828"
"R094457","R-16-4495-000D-0016","KLIBOWITZ, LEIGH (TOD) & STEWART HAN (TOD)","16406 MARTHAS CV  AUSTIN, TX 78717","16406 MARTHAS CV, AUSTIN, TX  78717","MEADOWS OF BRUSHY CREEK, BLOCK D, LOT 16","R230592E"," ","S4082 - Meadows Of Brushy Creek","Real","$505,367","$505,367"
"R094458","R-16-4495-000D-0015","KUCHERAVY, ALEXANDER & HANNA KLIUSHNEVA","16407 MARTHAS CV  AUSTIN, TX 78717","16407 MARTHAS CV, AUSTIN, TX  78717","MEADOWS OF BRUSHY CREEK, BLOCK D, LOT 15","R230592E"," ","S4082 - Meadows Of Brushy Creek","Real","$508,819","$508,819"
"R094459","R-16-4495-000D-0014","RUBEN, MIGUEL & MARIA APARECIDA RODRIGUES","16405 MARTHAS CV  AUSTIN, TX 78717-3023","16405 MARTHAS CV, AUSTIN, TX  78717","MEADOWS OF BRUSHY CREEK, BLOCK D, LOT 14","R230592E"," ","S4082 - Meadows Of Brushy Creek","Real","$495,768","$495,768"
"R094460","R-16-4495-000D-0013","DELGADO, DEILY MARILY BECERRA & NICK MAXIMILIANO CICHELLA MANZANO","16403 MARTHAS CV  AUSTIN, TX 78717-3023","16403 MARTHAS CV, AUSTIN, TX  78717","MEADOWS OF BRUSHY CREEK, BLOCK D, LOT 13","R230592E"," ","S4082 - Meadows Of Brushy Creek","Real","$395,896","$395,896"
"R094461","R-16-4495-000D-0012","VIESCA, ANGELA R (TOD) & MAURICIO II (TOD)","16401 MARTHAS CV  AUSTIN, TX 78717","16401 MARTHAS CV, AUSTIN, TX  78717","MEADOWS OF BRUSHY CREEK, BLOCK D, LOT 12","R230592E"," ","S4082 - Meadows Of Brushy Creek","Real","$575,176","$575,176"
"R094462","R-16-4495-000D-0011","HOWARD, ALEXANDER DAVID & KARIN","8313 GLEN CANYON DR  ROUND ROCK, TX 78681","8904 MARTHAS DR, AUSTIN, TX  78717","MEADOWS OF BRUSHY CREEK, BLOCK D, LOT 11","R230592E"," ","S4082 - Meadows Of Brushy Creek","Real","$435,939","$435,939"
"R094463","R-16-4495-000D-0010","PHILLIPS, DANIEL S & TRACEY L","8902 MARTHAS DR  AUSTIN, TX 78717-3024","8902 MARTHAS DR, AUSTIN, TX  78717","MEADOWS OF BRUSHY CREEK, BLOCK D, LOT 10","R230592E"," ","S4082 - Meadows Of Brushy Creek","Real","$520,477","$520,477"
"R094464","R-16-4495-000D-0009","OMER, ADEEL & MARIANA MUKAI-AGHA","3604 LAUREL LEDGE LN  AUSTIN, TX 78731-4048","8900 MARTHAS DR, AUSTIN, TX  78717","MEADOWS OF BRUSHY CREEK, BLOCK D, LOT 9","R230592E"," ","S4082 - Meadows Of Brushy Creek","Real","$405,917","$405,917"
"R094465","R-16-4495-000D-0008","ZINNA ROBERT & LISA LIVING TRUST","16412 POCONO DR  AUSTIN, TX 78717","16412 POCONO DR, AUSTIN, TX  78717","MEADOWS OF BRUSHY CREEK, BLOCK D, LOT 8","R230592E"," ","S4082 - Meadows Of Brushy Creek","Real","$516,945","$516,945"
"R094466","R-16-4495-000D-0007","VENZA, ANTHONY JOSEPH JR & SHARON VENZA","16414 POCONO DR  AUSTIN, TX 78717-3007","16414 POCONO DR, AUSTIN, TX  78717","MEADOWS OF BRUSHY CREEK, BLOCK D, LOT 7","R230592E"," ","S4082 - Meadows Of Brushy Creek","Real","$509,024","$509,024"
"R094467","R-16-4495-000D-0006","CALVIN JOHN BAUERMEISTER & KARLA ADRIENNE BAUERERMEISTER TRS OF THE KCB TRUST","16416 POCONO DR  AUSTIN, TX 78717-3007","16416 POCONO DR, AUSTIN, TX  78717","MEADOWS OF BRUSHY CREEK, BLOCK D, LOT 6","R230592E"," ","S4082 - Meadows Of Brushy Creek","Real","$501,518","$501,518"
"R094468","R-16-4495-000D-0005","MARTINEZ EDUARDO F & PAMELA J TRUSTEES OF THE MARTINEZ LIVING TRUST","16418 POCONO DR  AUSTIN, TX 78717","16418 POCONO DR, AUSTIN, TX  78717","MEADOWS OF BRUSHY CREEK, BLOCK D, LOT 5","R230592E"," ","S4082 - Meadows Of Brushy Creek","Real","$616,185","$616,185"
"R094469","R-16-4495-000D-0004","BUCHANAN, MARTHA","16420 POCONO DR  AUSTIN, TX 78717","16420 POCONO DR, AUSTIN, TX  78717","MEADOWS OF BRUSHY CREEK, BLOCK D, LOT 4","R230592E"," ","S4082 - Meadows Of Brushy Creek","Real","$617,434","$617,434"
"R094470","R-16-4495-000D-0003","HONORABLE, JENNALEE M & GEORGE W Jr","16422 POCONO DR  AUSTIN, TX 78717","16422 POCONO DR, AUSTIN, TX  78717","MEADOWS OF BRUSHY CREEK, BLOCK D, LOT 3","R230592E"," ","S4082 - Meadows Of Brushy Creek","Real","$533,766","$533,766"
"R094473","R-16-4495-000W-0036","CALVERT, HILLARY RUTH & SPENCER W","16100 BRAESGATE DR  AUSTIN, TX 78717-4820","16100 BRAESGATE DR, AUSTIN, TX  78717","MEADOWS OF BRUSHY CREEK, BLOCK W, LOT 36","R230592E"," ","S4082 - Meadows Of Brushy Creek","Real","$642,076","$642,076"
"R094474","R-16-4495-000W-0035","POWELL, JOHN A & JULIE","16102 BRAESGATE DR AUSTIN, TX 78717-4820","16102 BRAESGATE DR, AUSTIN, TX  78717","MEADOWS OF BRUSHY CREEK, BLOCK W, LOT 35","R230592E"," ","S4082 - Meadows Of Brushy Creek","Real","$540,498","$540,498"
"R094475","R-16-4495-000W-0034","GUIRY, EOIN M & RACHEL M","16104 BRAESGATE DR  AUSTIN, TX 78717","16104 BRAESGATE DR, AUSTIN, TX  78717","MEADOWS OF BRUSHY CREEK, BLOCK W, LOT 34","R230592E"," ","S4082 - Meadows Of Brushy Creek","Real","$775,229","$775,229"
"R094476","R-16-4495-000W-0033","OBRIEN, STEVE C & TERRY J","16106 BRAESGATE DR  AUSTIN, TX 78717-4820","16106 BRAESGATE DR, AUSTIN, TX  78717","MEADOWS OF BRUSHY CREEK, BLOCK W, LOT 33","R230592E"," ","S4082 - Meadows Of Brushy Creek","Real","$629,170","$629,170"
"R094477","R-16-4495-000W-0032","CAPON, YEHOSHUA & YELENA","16108 BRAESGATE DR  AUSTIN, TX 78717","16108 BRAESGATE DR, AUSTIN, TX  78717","MEADOWS OF BRUSHY CREEK, BLOCK W, LOT 32","R230592E"," ","S4082 - Meadows Of Brushy Creek","Real","$546,804","$546,804"
"R094478","R-16-4495-000W-0031","TRAN, PETER & THERESA OF PETER TINH VAN TRAN & THERESA ANH TRAN RVCBL LVG TST","16110 BRAESGATE DR  AUSTIN, TX 78717-4820","16110 BRAESGATE DR, AUSTIN, TX  78717","MEADOWS OF BRUSHY CREEK, BLOCK W, LOT 31","R230592E"," ","S4082 - Meadows Of Brushy Creek","Real","$828,794","$828,794"
"R094479","R-16-4495-000W-0030","MOON, SANG J & SUN K CHO","16112 BRAESGATE DR AUSTIN, TX 78717-4820","16112 BRAESGATE DR, AUSTIN, TX  78717","MEADOWS OF BRUSHY CREEK, BLOCK W, LOT 30","R230592E"," ","S4082 - Meadows Of Brushy Creek","Real","$597,917","$597,917"
"R094480","R-16-4495-000W-0029","HASSAN, TARIQ & WAHIDA CHOWDHURY","16114 BRAESGATE DR AUSTIN, TX 78717-4820","16114 BRAESGATE DR, AUSTIN, TX  78717","MEADOWS OF BRUSHY CREEK, BLOCK W, LOT 29","R230592E"," ","S4082 - Meadows Of Brushy Creek","Real","$486,645","$486,645"
"R094481","R-16-4495-000W-0028","HAN, JIAYUAN & REMUS CHI CHUN WONG","16116 BRAESGATE DR  AUSTIN, TX 78717-4820","16116 BRAESGATE DR, AUSTIN, TX  78717","MEADOWS OF BRUSHY CREEK, BLOCK W, LOT 28","R230592E"," ","S4082 - Meadows Of Brushy Creek","Real","$600,158","$600,158"
"R094482","R-16-4495-000W-0027","GREGORY, WILLIAM F & SHARON K","16118 BRAESGATE DR  AUSTIN, TX 78717-4820","16118 BRAESGATE DR, AUSTIN, TX  78717","MEADOWS OF BRUSHY CREEK, BLOCK W, LOT 27","R230592E"," ","S4082 - Meadows Of Brushy Creek","Real","$613,363","$613,363"
"R094483","R-16-4495-000W-0026","ESCAMILLA, CELIA","16120 BRAESGATE DR  AUSTIN, TX 78717","16120 BRAESGATE DR, AUSTIN, TX  78717","MEADOWS OF BRUSHY CREEK, BLOCK W, LOT 26","R230592E"," ","S4082 - Meadows Of Brushy Creek","Real","$523,974","$523,974"
"R094484","R-16-4495-000W-0025","CALZADA, LUCIO JR & DONNA JEAN","16202 BRAESGATE DR  AUSTIN, TX 78717","16202 BRAESGATE DR, AUSTIN, TX  78717","MEADOWS OF BRUSHY CREEK, BLOCK W, LOT 25","R230592E"," ","S4082 - Meadows Of Brushy Creek","Real","$543,830","$543,830"
"R094485","R-16-4495-000W-0024","ALBERS, PAUL R & DEBORAH S","16204 BRAESGATE DR AUSTIN, TX 78717-4850","16204 BRAESGATE DR, AUSTIN, TX  78717","MEADOWS OF BRUSHY CREEK, BLOCK W, LOT 24","R230592E"," ","S4082 - Meadows Of Brushy Creek","Real","$774,243","$774,243"
"R094486","R-16-4495-000W-0023","KHODABAKHSHI, PARISA","7548 CLAYTON AVE COOPERSBURG, PA 18036-8726","16206 BRAESGATE DR, AUSTIN, TX  78717","MEADOWS OF BRUSHY CREEK, BLOCK W, LOT 23","R230592E"," ","S4082 - Meadows Of Brushy Creek","Real","$526,253","$526,253"
"R094487","R-16-4495-000W-0022","PROCT, MARK","16208 BRAESGATE DR  AUSTIN, TX 78717","16208 BRAESGATE DR, AUSTIN, TX  78717","MEADOWS OF BRUSHY CREEK, BLOCK W, LOT 22","R230592E"," ","S4082 - Meadows Of Brushy Creek","Real","$572,879","$572,879"
"R094488","R-16-4495-000W-0021","NOLTON, ALLISON ELIZABETH & SEAN WESTON","16210 BRAESGATE DR  AUSTIN, TX 78717-4850","16210 BRAESGATE DR, AUSTIN, TX  78717","MEADOWS OF BRUSHY CREEK, BLOCK W, LOT 21","R230592E"," ","S4082 - Meadows Of Brushy Creek","Real","$732,900","$732,900"
"R094489","R-16-4495-000W-0020","MIONE, DIANE","2703 GIACOMO CV CEDAR PARK, TX 78613-4300","8901 SPLITARROW DR, AUSTIN, TX  78717","MEADOWS OF BRUSHY CREEK, BLOCK W, LOT 20","R230592E"," ","S4082 - Meadows Of Brushy Creek","Real","$605,938","$605,938"
"R094490","R-16-4495-000W-0019","RABE, RICK & JUANITA","8903 SPLITARROW DR AUSTIN, TX 78717-3037","8903 SPLIT ARROW DR, AUSTIN, TX  78717","MEADOWS OF BRUSHY CREEK, BLOCK W, LOT 19","R230592E"," ","S4082 - Meadows Of Brushy Creek","Real","$457,364","$457,364"
"R094491","R-16-4495-000W-0018","MITHAL, ANURAG","5030 GREENSTONE WAY  BRYAN, TX 77802-1448","8905 SPLITARROW DR, AUSTIN, TX  78717","MEADOWS OF BRUSHY CREEK, BLOCK W, LOT 18","R230592E"," ","S4082 - Meadows Of Brushy Creek","Real","$570,132","$570,132"
"R094492","R-16-4495-000W-0017","VENTO, JOHN ANTHONY & ELLEN MARIE","8907 SPLITARROW DR AUSTIN, TX 78717-3037","8907 SPLITARROW DR, AUSTIN, TX  78717","MEADOWS OF BRUSHY CREEK, BLOCK W, LOT 17","R230592E"," ","S4082 - Meadows Of Brushy Creek","Real","$636,898","$636,898"
"R094493","R-16-4495-000W-0016","CHUD, ANDREW CHRISTOPHER & AMANDA MAREE TRUSTEES OF ANDREW CHUD AND AMANDA CHUD","8909 SPLITARROW DR  AUSTIN, TX 78717","8909 SPLITARROW DR, AUSTIN, TX  78717","MEADOWS OF BRUSHY CREEK, BLOCK W, LOT 16","R230592E"," ","S4082 - Meadows Of Brushy Creek","Real","$537,371","$537,371"
"R094494","R-16-4495-000W-0015","PETTIT, DAVID & CHERYL","8911 SPLITARROW DR AUSTIN, TX 78717-3037","8911 SPLITARROW DR, AUSTIN, TX  78717","MEADOWS OF BRUSHY CREEK, BLOCK W, LOT 15","R230592E"," ","S4082 - Meadows Of Brushy Creek","Real","$563,115","$563,115"
"R094495","R-16-4495-000W-0014","LOCKE, MICHELE L & GEORGE R","8910 SPLITARROW DR  AUSTIN, TX 78717","8910 SPLITARROW DR, AUSTIN, TX  78717","MEADOWS OF BRUSHY CREEK, BLOCK W, LOT 14","R230592E"," ","S4082 - Meadows Of Brushy Creek","Real","$593,934","$593,934"
"R094496","R-16-4495-000W-0013","MATTHEWS, PAUL","4584 SPRING RUN RD WARRENTON, VA 20187-5825","8908 SPLITARROW DR, AUSTIN, TX  78717","MEADOWS OF BRUSHY CREEK, BLOCK W, LOT 13","R230592E"," ","S4082 - Meadows Of Brushy Creek","Real","$508,637","$508,637"
"R094497","R-16-4495-000W-0012","MEHTA, VINKESH O & SYAMA","8906 SPLITARROW DR  AUSTIN, TX 78717-3037","8906 SPLITARROW DR, AUSTIN, TX  78717","MEADOWS OF BRUSHY CREEK, BLOCK W, LOT 12","R230592E"," ","S4082 - Meadows Of Brushy Creek","Real","$508,518","$508,518"
"R094498","R-16-4495-000W-0011","ZHENG, XIANGJUN & WEI ZHANG","8904 SPLITARROW DR AUSTIN, TX 78717-3037","8904 SPLITARROW DR, AUSTIN, TX  78717","MEADOWS OF BRUSHY CREEK, BLOCK W, LOT 11","R230592E"," ","S4082 - Meadows Of Brushy Creek","Real","$549,587","$549,587"
"R094499","R-16-4495-000W-0010","ELKINS, PAUL B & KATHIE K","8902 SPLITARROW DR AUSTIN, TX 78717-3037","8902 SPLITARROW DR, AUSTIN, TX  78717","MEADOWS OF BRUSHY CREEK, BLOCK W, LOT 10","R230592E"," ","S4082 - Meadows Of Brushy Creek","Real","$514,586","$514,586"
"R094500","R-16-4495-000W-0009","SULLIVAN, LARRY D & REBECCA K","8900 SPLITARROW DR AUSTIN, TX 78717-3037","8900 SPLITARROW DR, AUSTIN, TX  78717","MEADOWS OF BRUSHY CREEK, BLOCK W, LOT 9","R230592E"," ","S4082 - Meadows Of Brushy Creek","Real","$537,542","$537,542"
"R094501","R-16-4495-000W-0008","LAMB, DARREN & VALERIE","8909 SHARPSTONE TRL  AUSTIN, TX 78717","8909 SHARPSTONE TRL, AUSTIN, TX  78717","MEADOWS OF BRUSHY CREEK, BLOCK W, LOT 8","R230592E"," ","S4082 - Meadows Of Brushy Creek","Real","$456,821","$456,821"
"R094502","R-16-4495-000W-0007","PAMELA J RUSSELL & DEREK W RUSSELL TRS OF THE RUSSELL LIVING TRUST","8911 SHARPSTONE TRL  AUSTIN, TX 78717-3035","8911 SHARPSTONE TRL, AUSTIN, TX  78717","MEADOWS OF BRUSHY CREEK, BLOCK W, LOT 7","R230592E"," ","S4082 - Meadows Of Brushy Creek","Real","$590,753","$590,753"
"R094503","R-16-4495-000W-0006","PERRY, KAREN A & SEAN G","8913 SHARPSTONE TRL  AUSTIN, TX 78717-3035","8913 SHARPSTONE TRL, AUSTIN, TX  78717","MEADOWS OF BRUSHY CREEK, BLOCK W, LOT 6","R230592E"," ","S4082 - Meadows Of Brushy Creek","Real","$412,248","$412,248"
"R094505","R-16-4495-000W-0004","DUNLAP, CHARLES P JR (TOD) & BARBARA C (TOD)","8917 SHARPSTONE TRL  AUSTIN, TX 78717","8917 SHARPSTONE TRL, AUSTIN, TX  78717","MEADOWS OF BRUSHY CREEK, BLOCK W, LOT 4","R230592E"," ","S4082 - Meadows Of Brushy Creek","Real","$431,297","$431,297"
"R094506","R-16-4495-000W-0003","GRUBB, KIMBERLY & GENE","8919 SHARPSTONE TRL  AUSTIN, TX 78717","8919 SHARPSTONE TRL, AUSTIN, TX  78717","MEADOWS OF BRUSHY CREEK, BLOCK W, LOT 3","R230592E"," ","S4082 - Meadows Of Brushy Creek","Real","$504,054","$504,054"
"R094507","R-16-4495-000W-0002","PREMKUMAR, SUSAN ROSE","9001 SHARPSTONE TRL  AUSTIN, TX 78717-3006","9001 SHARPSTONE TRL, AUSTIN, TX  78717","MEADOWS OF BRUSHY CREEK, BLOCK W, LOT 2","R230592E"," ","S4082 - Meadows Of Brushy Creek","Real","$515,581","$515,581"
"R094513","R-16-4495-000W-0001","LAKE, CALVIN K & EMILY B","9003 SHARPSTONE TRL  AUSTIN, TX 78717-3006","9003 SHARPSTONE TRL, AUSTIN, TX  78717","MEADOWS OF BRUSHY CREEK, BLOCK W, LOT 1","R230592E"," ","S4082 - Meadows Of Brushy Creek","Real","$511,282","$511,282"
"R094518","R-16-4495-000V-0017","RAMIREZ, EDUARDO","16300 ROCKGATE DR  AUSTIN, TX 78717","16300 ROCKGATE DR, AUSTIN, TX  78717","MEADOWS OF BRUSHY CREEK, BLOCK V, LOT 17","R230592E"," ","S4082 - Meadows Of Brushy Creek","Real","$508,529","$508,529"
"R094519","R-16-4495-000V-0016","RIBBECK, JOHN D & SANDRA C","16302 ROCKGATE DR  AUSTIN, TX 78717-3028","16302 ROCKGATE DR, AUSTIN, TX  78717","MEADOWS OF BRUSHY CREEK, BLOCK V, LOT 16","R230592E"," ","S4082 - Meadows Of Brushy Creek","Real","$432,211","$432,211"
"R094520","R-16-4495-000V-0015","HADNOT-BOLDEN, AVIS LYNNE","16304 ROCKGATE DR AUSTIN, TX 78717-3028","16304 ROCKGATE DR, AUSTIN, TX  78717","MEADOWS OF BRUSHY CREEK, BLOCK V, LOT 15","R230592E"," ","S4082 - Meadows Of Brushy Creek","Real","$525,673","$525,673"
"R094521","R-16-4495-000V-0014","NOPAJAROONSRI, JASON & BETHANY E HENDERSON","16306 ROCKGATE DR  AUSTIN, TX 78717","16306 ROCKGATE DR, AUSTIN, TX  78717","MEADOWS OF BRUSHY CREEK, BLOCK V, LOT 14","R230592E"," ","S4082 - Meadows Of Brushy Creek","Real","$510,560","$510,560"
"R094522","R-16-4495-000V-0013","FIELD, SHELLY D","16308 ROCKGATE DR  AUSTIN, TX 78717","16308 ROCKGATE DR, AUSTIN, TX  78717","MEADOWS OF BRUSHY CREEK, BLOCK V, LOT 13","R230592E"," ","S4082 - Meadows Of Brushy Creek","Real","$446,805","$446,805"
"R094523","R-16-4495-000V-0012","ROUSH, ANGELA & JUSTIN","16310 ROCKGATE DR  AUSTIN, TX 78717","16310 ROCKGATE DR, AUSTIN, TX  78717","MEADOWS OF BRUSHY CREEK, BLOCK V, LOT 12","R230592E"," ","S4082 - Meadows Of Brushy Creek","Real","$446,043","$446,043"
"R094524","R-16-4495-000V-0011","HOBSON, JOSHUA LAYNE & TYLER CHRISTINE HOBSON","16312 ROCKGATE DR  AUSTIN, TX 78717","16312 ROCKGATE DR, AUSTIN, TX  78717","MEADOWS OF BRUSHY CREEK, BLOCK V, LOT 11","R230592E"," ","S4082 - Meadows Of Brushy Creek","Real","$505,526","$505,526"
"R094525","R-16-4495-000V-0010","KOSLER, NATASHA M","11521 TURTLE LN AUSTIN, TX 78726-1827","16314 ROCKGATE DR, AUSTIN, TX  78717","MEADOWS OF BRUSHY CREEK, BLOCK V, LOT 10","R230592E"," ","S4082 - Meadows Of Brushy Creek","Real","$437,424","$437,424"
"R094526","R-16-4495-000V-0009","RODRIGUEZ, RICARDO & MARIA ELENA","16400 ROCKGATE DR AUSTIN, TX 78717-3030","16400 ROCKGATE DR, AUSTIN, TX  78717","MEADOWS OF BRUSHY CREEK, BLOCK V, LOT 9","R230592E"," ","S4082 - Meadows Of Brushy Creek","Real","$436,621","$436,621"
"R094527","R-16-4495-000V-0008","DAVEE, TONY A & BRENDA A","16402 ROCKGATE DR  AUSTIN, TX 78717-3030","16402 ROCKGATE DR, AUSTIN, TX  78717","MEADOWS OF BRUSHY CREEK, BLOCK V, LOT 8","R230592E"," ","S4082 - Meadows Of Brushy Creek","Real","$442,624","$442,624"
"R094528","R-16-4495-000V-0007","LABOY, CESAR & KATHERINE","16404 ROCKGATE DR  AUSTIN, TX 78717","16404 ROCKGATE DR, AUSTIN, TX  78717","MEADOWS OF BRUSHY CREEK, BLOCK V, LOT 7","R230592E"," ","S4082 - Meadows Of Brushy Creek","Real","$476,650","$476,650"
"R094529","R-16-4495-000V-0006","ZALESKI, PETER LUKE","16406 ROCKGATE DR  AUSTIN, TX 78717","16406 ROCKGATE DR, AUSTIN, TX  78717","MEADOWS OF BRUSHY CREEK, BLOCK V, LOT 6","R230592E"," ","S4082 - Meadows Of Brushy Creek","Real","$423,353","$423,353"
"R094530","R-16-4495-000V-0005","BERMUDEZ, CARLOS EDUARDO GALLEGOS & YENPFA KATHERIN BORDA ORDUNA","16408 ROCKGATE DR  AUSTIN, TX 78717-3030","16408 ROCKGATE DR, AUSTIN, TX  78717","MEADOWS OF BRUSHY CREEK, BLOCK V, LOT 5","R230592E"," ","S4082 - Meadows Of Brushy Creek","Real","$550,632","$550,632"
"R094531","R-16-4495-000V-0004","RUSSELL, MICHAEL","16410 ROCKGATE DR AUSTIN, TX 78717-3030","16410 ROCKGATE DR, AUSTIN, TX  78717","MEADOWS OF BRUSHY CREEK, BLOCK V, LOT 4","R230592E"," ","S4082 - Meadows Of Brushy Creek","Real","$515,193","$515,193"
"R094532","R-16-4495-000V-0003","DENNINGTON, JOE AARON & JESSICA","16412 ROCKGATE DR  AUSTIN, TX 78717","16412 ROCKGATE DR, AUSTIN, TX  78717","MEADOWS OF BRUSHY CREEK, BLOCK V, LOT 3","R230592E"," ","S4082 - Meadows Of Brushy Creek","Real","$461,635","$461,635"
"R094533","R-16-4495-000V-0002","TULLOS, JAMES L & REBECCA","9121 BRIMSTONE LN  AUSTIN, TX 78717-3022","9121 BRIMSTONE LN, AUSTIN, TX  78717","MEADOWS OF BRUSHY CREEK, BLOCK V, LOT 2","R230592E"," ","S4082 - Meadows Of Brushy Creek","Real","$589,152","$589,152"
"R094535","R-16-4495-000S-0026","BUSBY, ROBERT & MELANIE","8801 FICKE CV  AUSTIN, TX 78717-4844","8801 FICKE CV, AUSTIN, TX  78717","MEADOWS OF BRUSHY CREEK, BLOCK S, LOT 26","R230592E"," ","S4082 - Meadows Of Brushy Creek","Real","$591,187","$591,187"
"R094536","R-16-4495-000S-0025","SCRUDDER, ROY O & MARY S","8803 FICKE CV AUSTIN, TX 78717-4844","8803 FICKE CV, AUSTIN, TX  78717","MEADOWS OF BRUSHY CREEK, BLOCK S, LOT 25","R230592E"," ","S4082 - Meadows Of Brushy Creek","Real","$596,622","$596,622"
"R094537","R-16-4495-000S-0024","8805 FICKE TRUST","8805 FICKE CV  AUSTIN, TX 78717","8805 FICKE CV, AUSTIN, TX  78717","MEADOWS OF BRUSHY CREEK, BLOCK S, LOT 24","R230592E"," ","S4082 - Meadows Of Brushy Creek","Real","$634,004","$634,004"
"R094538","R-16-4495-000S-0023","AVAIYA, YASHPAL & GOPI ANGHAN","8807 FICKE CV  AUSTIN, TX 78717","8807 FICKE CV, AUSTIN, TX  78717","MEADOWS OF BRUSHY CREEK, BLOCK S, LOT 23","R230592E"," ","S4082 - Meadows Of Brushy Creek","Real","$573,640","$573,640"
"R094539","R-16-4495-000S-0022","POKORNY, CHRISTOPHER SCOTT & MARY D","8809 FICKE CV  AUSTIN, TX 78717","8809 FICKE CV, AUSTIN, TX  78717","MEADOWS OF BRUSHY CREEK, BLOCK S, LOT 22","R230592E"," ","S4082 - Meadows Of Brushy Creek","Real","$624,879","$624,879"
"R094540","R-16-4495-000S-0021","TRAVIS, JOHN & LYNDA JO","8810 FICKE CV  AUSTIN, TX 78717-4844","8810 FICKE CV, AUSTIN, TX  78717","MEADOWS OF BRUSHY CREEK, BLOCK S, LOT 21","R230592E"," ","S4082 - Meadows Of Brushy Creek","Real","$620,936","$620,936"
"R094541","R-16-4495-000S-0020","KARIMKHANI, SOPHIA","8808 FICKE CV AUSTIN, TX 78717-4844","8808 FICKE CV, AUSTIN, TX  78717","MEADOWS OF BRUSHY CREEK, BLOCK S, LOT 20","R230592E"," ","S4082 - Meadows Of Brushy Creek","Real","$718,244","$747,491"
"R094542","R-16-4495-000S-0019","MEADOWS, ALVA J JR & JENNIFER L","8806 FICKE CV AUSTIN, TX 78717-4844","8806 FICKE CV, AUSTIN, TX  78717","MEADOWS OF BRUSHY CREEK, BLOCK S, LOT 19","R230592E"," ","S4082 - Meadows Of Brushy Creek","Real","$689,834","$689,834"
"R094543","R-16-4495-000S-0018","VOHRA, KARAN","8804 FICKE CV  AUSTIN, TX 78717","8804 FICKE CV, AUSTIN, TX  78717","MEADOWS OF BRUSHY CREEK, BLOCK S, LOT 18","R230592E"," ","S4082 - Meadows Of Brushy Creek","Real","$523,093","$523,093"
"R094544","R-16-4495-000S-0017","WELCH, JUDY C & WILLIAM K","8802 FICKE CV  AUSTIN, TX 78717-4844","8802 FICKE CV, AUSTIN, TX  78717","MEADOWS OF BRUSHY CREEK, BLOCK S, LOT 17","R230592E"," ","S4082 - Meadows Of Brushy Creek","Real","$671,434","$671,434"
"R094545","R-16-4495-000S-0016","DEY, PRITOM & SWARNA GUPTA","8800 FICKE CV  AUSTIN, TX 78717-4844","8800 FICKE CV, AUSTIN, TX  78717","MEADOWS OF BRUSHY CREEK, BLOCK S, LOT 16","R230592E"," ","S4082 - Meadows Of Brushy Creek","Real","$885,200","$885,200"
"R094546","R-16-4495-000S-0015","CANUMALLA, VINAY C","15900 BRAESGATE DR  AUSTIN, TX 78717","15900 BRAESGATE DR, AUSTIN, TX  78717","MEADOWS OF BRUSHY CREEK, BLOCK S, LOT 15","R230592E"," ","S4082 - Meadows Of Brushy Creek","Real","$633,705","$633,705"
"R094547","R-16-4495-000S-0014","MAAS, ELLEN S & WARREN P","15902 BRAESGATE DR  AUSTIN, TX 78717-4817","15902 BRAESGATE DR, AUSTIN, TX  78717","MEADOWS OF BRUSHY CREEK, BLOCK S, LOT 14","R230592E"," ","S4082 - Meadows Of Brushy Creek","Real","$636,298","$636,298"
"R094548","R-16-4495-000S-0013","HARRIS, JULIA ANN","15904 BRAESGATE DR  AUSTIN, TX 78717","15904 BRAESGATE DR, AUSTIN, TX  78717","MEADOWS OF BRUSHY CREEK, BLOCK S, LOT 13","R230592E"," ","S4082 - Meadows Of Brushy Creek","Real","$529,158","$529,158"
"R094549","R-16-4495-000S-0012","BERGMAN, EDITH L & AARON W","15906 BRAESGATE DR  AUSTIN, TX 78717","15906 BRAESGATE DR, AUSTIN, TX  78717","MEADOWS OF BRUSHY CREEK, BLOCK S, LOT 12","R230592E"," ","S4082 - Meadows Of Brushy Creek","Real","$605,753","$605,753"
"R094550","R-16-4495-000S-0011","GINER, MARIA ELENA & ANTONIO","15903 THUNDERCLOUD CV  AUSTIN, TX 78717","15903 THUNDERCLOUD CV, AUSTIN, TX  78717","MEADOWS OF BRUSHY CREEK, BLOCK S, LOT 11","R230592E"," ","S4082 - Meadows Of Brushy Creek","Real","$709,262","$709,262"
"R094551","R-16-4495-000S-0010","GATH, MICHAEL S & LINDSAY P","15901 THUNDERCLOUD CV  AUSTIN, TX 78717","15901 THUNDERCLOUD CV, AUSTIN, TX  78717","MEADOWS OF BRUSHY CREEK, BLOCK S, LOT 10","R230592E"," ","S4082 - Meadows Of Brushy Creek","Real","$670,011","$670,011"
"R094552","R-16-4495-000S-0009","PRINCE, GILBERT","15900 THUNDERCLOUD CV  AUSTIN, TX 78717","15900 THUNDERCLOUD CV, AUSTIN, TX  78717","MEADOWS OF BRUSHY CREEK, BLOCK S, LOT 9","R230592E"," ","S4082 - Meadows Of Brushy Creek","Real","$655,432","$655,432"
"R094553","R-16-4495-000S-0008","LAM, VALERIE & KENNETH","15902 THUNDERCLOUD CV  AUSTIN, TX 78717","15902 THUNDERCLOUD CV, AUSTIN, TX  78717","MEADOWS OF BRUSHY CREEK, BLOCK S, LOT 8","R230592E"," ","S4082 - Meadows Of Brushy Creek","Real","$505,797","$505,797"
"R094554","R-16-4495-000S-0007","BOWMAN, JONATHAN & LACY","15904 THUNDERCLOUD CV  AUSTIN, TX 78717","15904 THUNDERCLOUD CV, AUSTIN, TX  78717","MEADOWS OF BRUSHY CREEK, BLOCK S, LOT 7","R230592E"," ","S4082 - Meadows Of Brushy Creek","Real","$713,206","$713,206"
"R094555","R-16-4495-000S-0006","PAWAR, SWATI NIKHIL & NIKHIL DEEPAK","15906 THUNDERCLOUD CV  AUSTIN, TX 78717-4839","15906 THUNDERCLOUD CV, AUSTIN, TX  78717","MEADOWS OF BRUSHY CREEK, BLOCK S, LOT 6","R230592E"," ","S4082 - Meadows Of Brushy Creek","Real","$588,448","$588,448"
"R094556","R-16-4495-000S-0005","BEAVER, WILLIAM ARNOLD JR & JONNA STEPHANIE","15912 BRAESGATE DR  AUSTIN, TX 78717","15912 BRAESGATE DR, AUSTIN, TX  78717","MEADOWS OF BRUSHY CREEK, BLOCK S, LOT 5","R230592E"," ","S4082 - Meadows Of Brushy Creek","Real","$694,888","$694,888"
"R094557","R-16-4495-000S-0004","CALLAGHAN, GARY T & THERESA A","15914 BRAESGATE DR AUSTIN, TX 78717-4817","15914 BRAESGATE DR, AUSTIN, TX  78717","MEADOWS OF BRUSHY CREEK, BLOCK S, LOT 4","R230592E"," ","S4082 - Meadows Of Brushy Creek","Real","$479,229","$479,229"
"R094559","R-16-4495-000S-0002","EVANS, JASON & AMANDA","15918 BRAESGATE DR AUSTIN, TX 78717-4817","15918 BRAESGATE DR, AUSTIN, TX  78717","MEADOWS OF BRUSHY CREEK, BLOCK S, LOT 2","R230592E"," ","S4082 - Meadows Of Brushy Creek","Real","$454,891","$454,891"
"R094560","R-16-4495-000S-0001","PATEL, DIPESHKUMAR & AVANI VORA","15920 BRAESGATE DR  AUSTIN, TX 78717-4817","15920 BRAESGATE DR, AUSTIN, TX  78717","MEADOWS OF BRUSHY CREEK, BLOCK S, LOT 1","R230592E"," ","S4082 - Meadows Of Brushy Creek","Real","$595,023","$595,023"
"R094565","R-16-4495-000O-0023","DANIELS, DREW","8801 PEPPER ROCK DR  AUSTIN, TX 78717","8801 PEPPER ROCK DR, AUSTIN, TX  78717","MEADOWS OF BRUSHY CREEK, BLOCK O, LOT 23","R230592E"," ","S4082 - Meadows Of Brushy Creek","Real","$560,502","$560,502"
"R094566","R-16-4495-000O-0022","RYAN, JENNIFER N","8803 PEPPER ROCK DR AUSTIN, TX 78717-4837","8803 PEPPER ROCK DR, AUSTIN, TX  78717","MEADOWS OF BRUSHY CREEK, BLOCK O, LOT 22","R230592E"," ","S4082 - Meadows Of Brushy Creek","Real","$541,162","$541,162"
"R094567","R-16-4495-000O-0021","BARNES, SCOTT & NICHOL","8805 PEPPER ROCK DR  AUSTIN, TX 78681","8805 PEPPER ROCK DR, AUSTIN, TX  78717","MEADOWS OF BRUSHY CREEK, BLOCK O, LOT 21","R230592E"," ","S4082 - Meadows Of Brushy Creek","Real","$723,286","$723,286"
"R094569","R-16-4495-000O-0020","KLUTH, DONNA JAWSON","15913 RUSTIC LN  AUSTIN, TX 78717","15913 RUSTIC LN, AUSTIN, TX  78717","MEADOWS OF BRUSHY CREEK, BLOCK O, LOT 20","R230592E"," ","S4082 - Meadows Of Brushy Creek","Real","$630,900","$630,900"
"R094570","R-16-4495-000O-0019","MITCHELL FAMILY REVOCABLE LIVING TRUST","15911 RUSTIC LN  AUSTIN, TX 78717-4842","15911 RUSTIC LN, AUSTIN, TX  78717","MEADOWS OF BRUSHY CREEK, BLOCK O, LOT 19","R230592E"," ","S4082 - Meadows Of Brushy Creek","Real","$624,719","$624,719"
"R094571","R-16-4495-000O-0018","ALTHAUS, GREGORY & LORI","15909 RUSTIC LN AUSTIN, TX 78717-4842","15909 RUSTIC LN, AUSTIN, TX  78717","MEADOWS OF BRUSHY CREEK, BLOCK O, LOT 18","R230592E"," ","S4082 - Meadows Of Brushy Creek","Real","$680,051","$680,051"
"R094572","R-16-4495-000O-0017","SADLER, CAROL LEE C","15907 RUSTIC LN AUSTIN, TX 78717-4842","15907 RUSTIC LN, AUSTIN, TX  78717","MEADOWS OF BRUSHY CREEK, BLOCK O, LOT 17","R230592E"," ","S4082 - Meadows Of Brushy Creek","Real","$568,885","$568,885"
"R094574","R-16-4495-000O-0016","EISEN, IVAN RAY & SUSAN BARBARA","15905 RUSTIC LN AUSTIN, TX 78717-4842","15905 RUSTIC LN, AUSTIN, TX  78717","MEADOWS OF BRUSHY CREEK, BLOCK O, LOT 16","R230592E"," ","S4082 - Meadows Of Brushy Creek","Real","$620,772","$620,772"
"R094575","R-16-4495-000O-0015","MILLS, ARON & ALLISON","15904 RUEL CV  AUSTIN, TX 78717","15904 RUEL CV, AUSTIN, TX  78717","MEADOWS OF BRUSHY CREEK, BLOCK O, LOT 15","R230592E"," ","S4082 - Meadows Of Brushy Creek","Real","$739,472","$739,472"
"R094576","R-16-4495-000O-0014","LOPEZ, EDGARDO JAVIER II & HANNAH M","15908 RUEL CV  AUSTIN, TX 78717","15908 RUEL CV, AUSTIN, TX  78717","MEADOWS OF BRUSHY CREEK, BLOCK O, LOT 14","R230592E"," ","S4082 - Meadows Of Brushy Creek","Real","$610,109","$610,109"
"R094577","R-16-4495-000O-0013","PARKER, DAVID CHRISTOPHER & ERIKA P","15910 RUEL CV  AUSTIN, TX 78717-4827","15910 RUEL CV, AUSTIN, TX  78717","MEADOWS OF BRUSHY CREEK, BLOCK O, LOT 13","R230592E"," ","S4082 - Meadows Of Brushy Creek","Real","$700,062","$700,062"
"R094578","R-16-4495-000O-0012","REED, MICHAEL C & WENDY","15913 RUEL CV AUSTIN, TX 78717-4827","15913 RUEL CV, AUSTIN, TX  78717","MEADOWS OF BRUSHY CREEK, BLOCK O, LOT 12","R230592E"," ","S4082 - Meadows Of Brushy Creek","Real","$548,009","$548,009"
"R094579","R-16-4495-000O-0011","GEORGE, DENNIS M & JILL SUSAN","15911 RUEL CV AUSTIN, TX 78717-4827","15911 RUEL CV, AUSTIN, TX  78717","MEADOWS OF BRUSHY CREEK, BLOCK O, LOT 11","R230592E"," ","S4082 - Meadows Of Brushy Creek","Real","$584,718","$584,718"
"R094580","R-16-4495-000O-0010","KONISKI, NICOLAS & ELISA","15909 RUEL CV  AUSTIN, TX 78707","15909 RUEL CV, AUSTIN, TX  78717","MEADOWS OF BRUSHY CREEK, BLOCK O, LOT 10","R230592E"," ","S4082 - Meadows Of Brushy Creek","Real","$831,233","$831,233"
"R094582","R-16-4495-000O-0009","Unknown","Unknown","15907 RUEL CV, AUSTIN, TX  78717","MEADOWS OF BRUSHY CREEK, BLOCK O, LOT 9","R230592E"," ","S4082 - Meadows Of Brushy Creek","Real","$747,560","$747,560"
"R094583","R-16-4495-000O-0008","RICHARDSON, CARL & BERNADETTE","15905 RUEL CV AUSTIN, TX 78717-4827","15905 RUEL CV, AUSTIN, TX  78717","MEADOWS OF BRUSHY CREEK, BLOCK O, LOT 8","R230592E"," ","S4082 - Meadows Of Brushy Creek","Real","$791,525","$791,525"
"R094584","R-16-4495-000O-0007","TAUS, JEFFREY R","15903 RUEL CV  AUSTIN, TX 78717","15903 RUEL CV, AUSTIN, TX  78717","MEADOWS OF BRUSHY CREEK, BLOCK O, LOT 7","R230592E"," ","S4082 - Meadows Of Brushy Creek","Real","$639,461","$639,461"
"R094585","R-16-4495-000O-0006","SAAVEDRA, LILIA C A & HECTOR R S BELTRAN","15901 RUEL CV  AUSTIN, TX 78717","15901 RUEL CV, AUSTIN, TX  78717","MEADOWS OF BRUSHY CREEK, BLOCK O, LOT 6","R230592E"," ","S4082 - Meadows Of Brushy Creek","Real","$774,347","$774,347"
"R094586","R-16-4495-000O-0005","STEINER, BRUCE & KIM","15900 W DORMAN DR  AUSTIN, TX 78717-4801","15900 DORMAN DR, AUSTIN, TX  78717","MEADOWS OF BRUSHY CREEK, BLOCK O, LOT 5","R230592E"," ","S4082 - Meadows Of Brushy Creek","Real","$632,439","$632,439"
"R094588","R-16-4495-000O-0004","SHAER, DANIEL M & KRISTI-ANNE M","15902 W DORMAN DR  AUSTIN, TX 78717","15902 DORMAN DR, AUSTIN, TX  78717","MEADOWS OF BRUSHY CREEK, BLOCK O, LOT 4","R230592E"," ","S4082 - Meadows Of Brushy Creek","Real","$521,394","$521,394"
"R094589","R-16-4495-000O-0003","KILLIAN, H SCOTT & CAROLYN A","15906 W DORMAN DR  AUSTIN, TX 78717-4801","15906 W DORMAN DR, AUSTIN, TX  78717","MEADOWS OF BRUSHY CREEK, BLOCK O, LOT 3","R230592E"," ","S4082 - Meadows Of Brushy Creek","Real","$598,744","$598,744"
"R094590","R-16-4495-000O-0002","PATTERSON, ROSA M TRUSTEE OF THE PATTERSON REVOC LIVING TRUST","15908 DORMAN DR  AUSTIN, TX 78717-4801","15908 DORMAN DR, AUSTIN, TX  78717","MEADOWS OF BRUSHY CREEK, BLOCK O, LOT 2","R230592E"," ","S4082 - Meadows Of Brushy Creek","Real","$622,763","$622,763"
"R094593","R-16-4495-000O-0001","BISHOP RICHARD W TR & RONNAH K BISHOP TR OF BISHOP FAMILY REVOCABLE TRUST","16000 W DORMAN DR  AUSTIN, TX 78717","16000 DORMAN DR, AUSTIN, TX  78717","MEADOWS OF BRUSHY CREEK, BLOCK O, LOT 1","R230592E"," ","S4082 - Meadows Of Brushy Creek","Real","$674,699","$674,699"
"R094610","R-16-4495-000R-0014","CHEN, JINTAO","1806 WOODS BLVD ROUND ROCK, TX 78681-2152","15922 BRAESGATE DR, AUSTIN, TX  78717","MEADOWS OF BRUSHY CREEK, BLOCK R, LOT 14","R230592E"," ","S4082 - Meadows Of Brushy Creek","Real","$534,518","$534,518"
"R094611","R-16-4495-000R-0013","MCGAREL, STEVEN JOHN & WILHELMINA","15924 BRAESGATE DR AUSTIN, TX 78717-4817","15924 BRAESGATE DR, AUSTIN, TX  78717","MEADOWS OF BRUSHY CREEK, BLOCK R, LOT 13","R230592E"," ","S4082 - Meadows Of Brushy Creek","Real","$620,490","$620,490"
"R094612","R-16-4495-000R-0012","GOOD, DOUGLAS N & JEANNE H","16000 BRAESGATE DR  AUSTIN, TX 78717-4828","16000 BRAESGATE DR, AUSTIN, TX  78717","MEADOWS OF BRUSHY CREEK, BLOCK R, LOT 12","R230592E"," ","S4082 - Meadows Of Brushy Creek","Real","$596,218","$596,218"
"R094613","R-16-4495-000R-0011","COLSON, CATHERINE","16002 BRAESGATE DR  AUSTIN, TX 78717","16002 BRAESGATE DR, AUSTIN, TX  78717","MEADOWS OF BRUSHY CREEK, BLOCK R, LOT 11","R230592E"," ","S4082 - Meadows Of Brushy Creek","Real","$562,216","$562,216"
"R094614","R-16-4495-000R-0010","GARAY, DAVID CHRISTIAN & CHAO-YI LIN","16004 BRAESGATE DR  AUSTIN, TX 78717","16004 BRAESGATE DR, AUSTIN, TX  78717","MEADOWS OF BRUSHY CREEK, BLOCK R, LOT 10","R230592E"," ","S4082 - Meadows Of Brushy Creek","Real","$559,453","$559,453"
"R094615","R-16-4495-000R-0009","STEWART, MICHAEL C & PAMELA A","16006 BRAESGATE DR  AUSTIN, TX 78717-4828","16006 BRAESGATE DR, AUSTIN, TX  78717","MEADOWS OF BRUSHY CREEK, BLOCK R, LOT 9","R230592E"," ","S4082 - Meadows Of Brushy Creek","Real","$759,266","$759,266"
"R094616","R-16-4495-000R-0008","DEWITT, NATALIA STURZA & HASSAN","16008 BRAESGATE DR  AUSTIN, TX 78717-4828","16008 BRAESGATE DR, AUSTIN, TX  78717","MEADOWS OF BRUSHY CREEK, BLOCK R, LOT 8","R230592E"," ","S4082 - Meadows Of Brushy Creek","Real","$612,390","$612,390"
"R094617","R-16-4495-000R-0007","OSWALD, JAMES M & DENISE P","16010 BRAESGATE DR AUSTIN, TX 78717-4828","16010 BRAESGATE DR, AUSTIN, TX  78717","MEADOWS OF BRUSHY CREEK, BLOCK R, LOT 7","R230592E"," ","S4082 - Meadows Of Brushy Creek","Real","$640,181","$640,181"
"R094618","R-16-4495-000R-0006","WILSON, MARK E & LEAH I","16012 BRAESGATE DR  AUSTIN, TX 78717","16012 BRAESGATE DR, AUSTIN, TX  78717","MEADOWS OF BRUSHY CREEK, BLOCK R, LOT 6","R230592E"," ","S4082 - Meadows Of Brushy Creek","Real","$621,211","$621,211"
"R094619","R-16-4495-000R-0005","Unknown","Unknown","16014 BRAESGATE DR, AUSTIN, TX  78717","MEADOWS OF BRUSHY CREEK, BLOCK R, LOT 5","R230592E"," ","S4082 - Meadows Of Brushy Creek","Real","$612,111","$612,111"
"R094620","R-16-4495-000R-0004","XUE LIU & WEN ZHANG REVOCABLE TRUST","1878 FOXWORTHY AVE  SAN JOSE, CA 95124-1618","16016 BRAESGATE DR, AUSTIN, TX  78717","MEADOWS OF BRUSHY CREEK, BLOCK R, LOT 4","R230592E"," ","S4082 - Meadows Of Brushy Creek","Real","$457,280","$457,280"
"R094621","R-16-4495-000R-0003","KLEEMANN, GUNNAR A & KAREN A VALDEZ","16018 BRAESGATE DR  AUSTIN, TX 78717","16018 BRAESGATE DR, AUSTIN, TX  78717","MEADOWS OF BRUSHY CREEK, BLOCK R, LOT 3","R230592E"," ","S4082 - Meadows Of Brushy Creek","Real","$501,558","$501,558"
"R094622","R-16-4495-000R-0002","WOLFF, BRAD ALEN & DEENA JEANETTE","16020 BRAESGATE DR  AUSTIN, TX 78717","16020 BRAESGATE DR, AUSTIN, TX  78717","MEADOWS OF BRUSHY CREEK, BLOCK R, LOT 2","R230592E"," ","S4082 - Meadows Of Brushy Creek","Real","$661,915","$661,915"
"R094623","R-16-4495-000R-0001","KAREN GOERGIEV MCCARTY & PAUL DAVID MCCARTY TRS MCCARTY FAMILY TRUST","16022 BRAESGATE DR  AUSTIN, TX 78717-4828","16022 BRAESGATE DR, AUSTIN, TX  78717","MEADOWS OF BRUSHY CREEK, BLOCK R, LOT 1","R230592E"," ","S4082 - Meadows Of Brushy Creek","Real","$613,246","$613,246"
"R094632","R-16-4495-000M-0066","LYNCOOK, BRIAN E","8900 RUSTIC CV  AUSTIN, TX 78717","8900 RUSTIC CV, AUSTIN, TX  78717","MEADOWS OF BRUSHY CREEK, BLOCK M, LOT 66","R230592E"," ","S4082 - Meadows Of Brushy Creek","Real","$530,903","$530,903"
"R094633","R-16-4495-000M-0065","VASUDEVAN, RAGHAVAN & MEERA MAHADEVAN","8902 RUSTIC CV  AUSTIN, TX 78717-4853","8902 RUSTIC CV, AUSTIN, TX  78717","MEADOWS OF BRUSHY CREEK, BLOCK M, LOT 65","R230592E"," ","S4082 - Meadows Of Brushy Creek","Real","$632,147","$632,147"
"R094634","R-16-4495-000M-0064","CHAMBLESS, TAMARA LEIGH & MATTHEW","8904 RUSTIC CV  AUSTIN, TX 78717","8904 RUSTIC CV, AUSTIN, TX  78717","MEADOWS OF BRUSHY CREEK, BLOCK M, LOT 64","R230592E"," ","S4082 - Meadows Of Brushy Creek","Real","$529,653","$529,653"
"R094635","R-16-4495-000M-0063","FOWLER, ANDREW","8906 RUSTIC CV  AUSTIN, TX 78717","8906 RUSTIC CV, AUSTIN, TX  78717","MEADOWS OF BRUSHY CREEK, BLOCK M, LOT 63","R230592E"," ","S4082 - Meadows Of Brushy Creek","Real","$489,802","$489,802"
"R094636","R-16-4495-000M-0062","CHEN, ANGELA JIN & CLAYTON DEAN BLYTHE","8908 RUSTIC  CV  AUSTIN, TX 78717-4853","8908 RUSTIC CV, AUSTIN, TX  78717","MEADOWS OF BRUSHY CREEK, BLOCK M, LOT 62","R230592E"," ","S4082 - Meadows Of Brushy Creek","Real","$523,397","$523,397"
"R094637","R-16-4495-000M-0061","ALBOT, ANDRE L & SYLVIANE P DIDNEE","8910 RUSTIC CV AUSTIN, TX 78717-4853","8910 RUSTIC CV, AUSTIN, TX  78717","MEADOWS OF BRUSHY CREEK, BLOCK M, LOT 61","R230592E"," ","S4082 - Meadows Of Brushy Creek","Real","$769,044","$769,044"
"R094638","R-16-4495-000M-0060","LI, JIAN & SUMATHI SWAIN","8909 RUSTIC CV  AUSTIN, TX 78717","8909 RUSTIC CV, AUSTIN, TX  78717","S4082 - Meadows Of Brushy Creek, BLOCK M, Lot 60","R230592E"," ","S4082 - Meadows Of Brushy Creek","Real","$584,762","$584,762"
"R094639","R-16-4495-000M-0059","SPIES, JENNIFER RENEE","8907 RUSTIC CV  AUSTIN, TX 78717","8907 RUSTIC CV, AUSTIN, TX  78717","MEADOWS OF BRUSHY CREEK, BLOCK M, LOT 59","R230592E"," ","S4082 - Meadows Of Brushy Creek","Real","$498,272","$498,272"
"R094640","R-16-4495-000M-0058","WAWORUNTU, IS DANI","8905 RUSTIC CV  AUSTIN, TX 78717","8905 RUSTIC CV, AUSTIN, TX  78717","MEADOWS OF BRUSHY CREEK, BLOCK M, LOT 58","R230592E"," ","S4082 - Meadows Of Brushy Creek","Real","$508,804","$508,804"
"R094641","R-16-4495-000M-0057","RUSTIC GRIS HOUSE RENTALS LLC","3505 OGRIN CV  ROUND ROCK, TX 78664","8903 RUSTIC CV, AUSTIN, TX  78717","MEADOWS OF BRUSHY CREEK, BLOCK M, LOT 57","R230592E"," ","S4082 - Meadows Of Brushy Creek","Real","$541,105","$541,105"
"R094642","R-16-4495-000M-0056","NAGALLA, VENKATA R & INDIRA D","8901 RUSTIC CV  AUSTIN, TX 78717-4853","8901 RUSTIC CV, AUSTIN, TX  78717","MEADOWS OF BRUSHY CREEK, BLOCK M, LOT 56","R230592E"," ","S4082 - Meadows Of Brushy Creek","Real","$642,136","$642,136"
"R094643","R-16-4495-000M-0055","MICEK, ROBERT T & ANNA","16104 RUSTIC LN AUSTIN, TX 78717-4847","16104 RUSTIC LN, AUSTIN, TX  78717","MEADOWS OF BRUSHY CREEK, BLOCK M, LOT 55","R230592E"," ","S4082 - Meadows Of Brushy Creek","Real","$438,950","$438,950"
"R094645","R-16-4495-000M-0054","KNEBEL, JEFFREY T & DEIDRE A","8900 SPEARHEAD CV  AUSTIN, TX 78717-4829","8900 SPEARHEAD CV, AUSTIN, TX  78717","MEADOWS OF BRUSHY CREEK, BLOCK M, LOT 54","R230592E"," ","S4082 - Meadows Of Brushy Creek","Real","$697,370","$697,370"
"R094646","R-16-4495-000M-0053","NELSON, BRADLEY S","8902 SPEARHEAD CV AUSTIN, TX 78717-4829","8902 SPEARHEAD CV, AUSTIN, TX  78717","MEADOWS OF BRUSHY CREEK, BLOCK M, LOT 53","R230592E"," ","S4082 - Meadows Of Brushy Creek","Real","$567,536","$567,536"
"R094647","R-16-4495-000M-0052","MONROE, BRYAN T (TOD) & WENDY L (TOD","8904 SPEARHEAD CV  AUSTIN, TX 78717-4829","8904 SPEARHEAD CV, AUSTIN, TX  78717","MEADOWS OF BRUSHY CREEK, BLOCK M, LOT 52","R230592E"," ","S4082 - Meadows Of Brushy Creek","Real","$605,022","$605,022"
"R094648","R-16-4495-000M-0051","AINSWORTH, JARED C & KRISTINA R","8906 SPEARHEAD CV  AUSTIN, TX 78717","8906 SPEARHEAD CV, AUSTIN, TX  78717","MEADOWS OF BRUSHY CREEK, BLOCK M, LOT 51","R230592E"," ","S4082 - Meadows Of Brushy Creek","Real","$601,751","$601,751"
"R094649","R-16-4495-000M-0050","WALLACE, RICHARD C & RIKKI D","8905 SPEARHEAD CV  AUSTIN, TX 78717","8905 SPEARHEAD CV, AUSTIN, TX  78717","MEADOWS OF BRUSHY CREEK, BLOCK M, LOT 50","R230592E"," ","S4082 - Meadows Of Brushy Creek","Real","$680,578","$680,578"
"R094650","R-16-4495-000M-0049","COLBERT, DOUGLAS & GINNIE COLBERT","8903 SPEARHEAD CV  AUSTIN, TX 78717","8903 SPEARHEAD CV, AUSTIN, TX  78717","MEADOWS OF BRUSHY CREEK, BLOCK M, LOT 49","R230592E"," ","S4082 - Meadows Of Brushy Creek","Real","$583,959","$583,959"
"R094651","R-16-4495-000M-0048","DURAN, RICARDO J & KIMBERLY K","8901 SPEARHEAD CV AUSTIN, TX 78717-4829","8901 SPEARHEAD CV, AUSTIN, TX  78717","MEADOWS OF BRUSHY CREEK, BLOCK M, LOT 48","R230592E"," ","S4082 - Meadows Of Brushy Creek","Real","$679,066","$679,066"
"R094652","R-16-4495-000M-0047","WOLFE, DAVID & SHIRLEY CO-TRUSTEES OF DAVID & SHIRLEY WOLFE REVOC LIVING TRUST","8900 PEPPER ROCK DR  AUSTIN, TX 78717","8900 PEPPER ROCK DR, AUSTIN, TX  78717","MEADOWS OF BRUSHY CREEK, BLOCK M, LOT 47","R230592E"," ","S4082 - Meadows Of Brushy Creek","Real","$624,521","$624,521"
"R094653","R-16-4495-000M-0046","CIULLO, RACHEL & STEPHEN","8902 PEPPER ROCK DR  AUSTIN, TX 78717","8902 PEPPER ROCK DR, AUSTIN, TX  78717","MEADOWS OF BRUSHY CREEK, BLOCK M, LOT 46","R230592E"," ","S4082 - Meadows Of Brushy Creek","Real","$606,047","$606,047"
"R094654","R-16-4495-000M-0045","THE S&J GREINERT FAMILY TRUST","8904 PEPPER ROCK DR  AUSTIN, TX 78717","8904 PEPPER ROCK DR, AUSTIN, TX  78717","MEADOWS OF BRUSHY CREEK, BLOCK M, LOT 45","R230592E"," ","S4082 - Meadows Of Brushy Creek","Real","$522,242","$522,242"
"R094655","R-16-4495-000M-0044","SHEN, JIA M","3123 WINSLOW ST  HOUSTON, TX 77025","8906 PEPPER ROCK DR, AUSTIN, TX  78717","MEADOWS OF BRUSHY CREEK, BLOCK M, LOT 44","R230592E"," ","S4082 - Meadows Of Brushy Creek","Real","$582,759","$582,759"
"R094656","R-16-4495-000M-0043","STOROZUK, SARA & MICHAEL","8908 PEPPER ROCK DR  AUSTIN, TX 78717","8908 PEPPER ROCK DR, AUSTIN, TX  78717","MEADOWS OF BRUSHY CREEK, BLOCK M, LOT 43","R230592E"," ","S4082 - Meadows Of Brushy Creek","Real","$690,284","$690,284"
"R094657","R-16-4495-000M-0042","WRUBEL, TONY & BILLI JO","8910 PEPPER ROCK DR  AUSTIN, TX 78717-4834","8910 PEPPER ROCK DR, AUSTIN, TX  78717","MEADOWS OF BRUSHY CREEK, BLOCK M, LOT 42","R230592E"," ","S4082 - Meadows Of Brushy Creek","Real","$708,324","$708,324"
"R094658","R-16-4495-000M-0041","MCCONNELL, MICHAEL T & LAURIE E","8912 PEPPER ROCK DR  AUSTIN, TX 78717-4834","8912 PEPPER ROCK DR, AUSTIN, TX  78717","MEADOWS OF BRUSHY CREEK, BLOCK M, LOT 41","R230592E"," ","S4082 - Meadows Of Brushy Creek","Real","$583,098","$583,098"
"R094660","R-16-4495-000M-0039","CHAMPINE, NICHOLAS JOSEPH & GABRIELLE MARIE","8916 PEPPER ROCK DR  AUSTIN, TX 78717-4834","8916 PEPPER ROCK DR, AUSTIN, TX  78717","MEADOWS OF BRUSHY CREEK, BLOCK M, LOT 39","R230592E"," ","S4082 - Meadows Of Brushy Creek","Real","$812,326","$812,326"
"R094661","R-16-4495-000M-0038","SCHELL, JOHN & LESLI","15919 BRAESGATE DR  AUSTIN, TX 78717","15919 BRAESGATE DR, AUSTIN, TX  78717","MEADOWS OF BRUSHY CREEK, BLOCK M, LOT 38","R230592E"," ","S4082 - Meadows Of Brushy Creek","Real","$765,538","$765,538"
"R094662","R-16-4495-000M-0037","YUE, GUOZHEN","11304 VIRIDIAN WAY  AUSTIN, TX 78739","15921 BRAESGATE DR, AUSTIN, TX  78717","MEADOWS OF BRUSHY CREEK, BLOCK M, LOT 37","R230592E"," ","S4082 - Meadows Of Brushy Creek","Real","$621,445","$621,445"
"R094663","R-16-4495-000M-0036","ORHAN, RABIA SAHIN & NECIP ORHAN","16010 BRAESGATE DR  AUSTIN, TX 78717-4828","16001 BRAESGATE DR, AUSTIN, TX  78717","MEADOWS OF BRUSHY CREEK, BLOCK M, LOT 36","R230592E"," ","S4082 - Meadows Of Brushy Creek","Real","$570,734","$570,734"
"R094664","R-16-4495-000M-0035","MANKOWSKI, RICHARD (LE)","9009 BRAESGATE CV  AUSTIN, TX 78717-4816","9009 BRAESGATE CV, AUSTIN, TX  78717","MEADOWS OF BRUSHY CREEK, BLOCK M, LOT 35","R230592E"," ","S4082 - Meadows Of Brushy Creek","Real","$508,954","$508,954"
"R094665","R-16-4495-000M-0034","SUTKEVICIUS, DAINIUS & SABITHA","9007 BRAESGATE CV  AUSTIN, TX 78717","9007 BRAESGATE CV, AUSTIN, TX  78717","MEADOWS OF BRUSHY CREEK, BLOCK M, LOT 34","R230592E"," ","S4082 - Meadows Of Brushy Creek","Real","$507,045","$507,045"
"R094666","R-16-4495-000M-0033","VENKAT R SAMINATHAN & MRINALINI SRINIVASAN OF VSMS FAMILY REVOCABLE TRUST","9005 BRAESGATE CV  AUSTIN, TX 78717-4816","9005 BRAESGATE CV, AUSTIN, TX  78717","MEADOWS OF BRUSHY CREEK, BLOCK M, LOT 33","R230592E"," ","S4082 - Meadows Of Brushy Creek","Real","$579,980","$579,980"
"R094667","R-16-4495-000M-0032","GRANADO, ROSALIND YVETTE & JOHN F","9003 BRAESGATE CV AUSTIN, TX 78717-4816","9003 BRAESGATE CV, AUSTIN, TX  78717","MEADOWS OF BRUSHY CREEK, BLOCK M, LOT 32","R230592E"," ","S4082 - Meadows Of Brushy Creek","Real","$618,811","$618,811"
"R094668","R-16-4495-000M-0031","LI, XIANGANG & PING ZHONG","9001 BRAESGATE CV  AUSTIN, TX 78717","9001 BRAESGATE CV, AUSTIN, TX  78717","MEADOWS OF BRUSHY CREEK, BLOCK M, LOT 31","R230592E"," ","S4082 - Meadows Of Brushy Creek","Real","$627,797","$627,797"
"R094669","R-16-4495-000M-0030","EISENBERG, BRYAN SCOTT & KRISTINE STACEY","9000 BRAESGATE CV  AUSTIN, TX 78717","9000 BRAESGATE CV, AUSTIN, TX  78717","MEADOWS OF BRUSHY CREEK, BLOCK M, LOT 30","R230592E"," ","S4082 - Meadows Of Brushy Creek","Real","$667,569","$667,569"
"R094670","R-16-4495-000M-0029","AMRITPHALE, AMRITA NIKHIL & NIKHIL","9002 BRAESGATE CV  AUSTIN, TX 78717","9002 BRAESGATE CV, AUSTIN, TX  78717","MEADOWS OF BRUSHY CREEK, BLOCK M, LOT 29","R230592E"," ","S4082 - Meadows Of Brushy Creek","Real","$579,198","$579,198"
"R094671","R-16-4495-000M-0028","DOMINGUEZ, JUAN & SANDRA ALLISON BRUCE","9004 BRAESGATE CV  AUSTIN, TX 78717","9004 BRAESGATE CV, AUSTIN, TX  78717","MEADOWS OF BRUSHY CREEK, BLOCK M, LOT 28","R230592E"," ","S4082 - Meadows Of Brushy Creek","Real","$585,878","$585,878"
"R094672","R-16-4495-000M-0027","YANG, HOWARD & XIAOJIE","9006 BRAESGATE CV  AUSTIN, TX 78717","9006 BRAESGATE CV, AUSTIN, TX  78717","MEADOWS OF BRUSHY CREEK, BLOCK M, LOT 27","R230592E"," ","S4082 - Meadows Of Brushy Creek","Real","$616,680","$616,680"
"R094673","R-16-4495-000M-0026","KHAN, SOHA SARFRAZ & EMMETT ISAAC MAJCHROWSKI","9008 BRAESGATE CV  AUSTIN, TX 78717-4816","9008 BRAESGATE CV, AUSTIN, TX  78717","S4082 - Meadows Of Brushy Creek, BLOCK M, Lot 26","R230592E"," ","S4082 - Meadows Of Brushy Creek","Real","$480,926","$480,926"
"R094674","R-16-4495-000M-0025","BREWSTER, DAVID JOSEPH","16009 BRAESGATE DR  AUSTIN, TX 78717","16009 BRAESGATE DR, AUSTIN, TX  78717","MEADOWS OF BRUSHY CREEK, BLOCK M, LOT 25","R230592E"," ","S4082 - Meadows Of Brushy Creek","Real","$482,178","$482,178"
"R094675","R-16-4495-000M-0024","SKOVIERA, MICHAEL & KELLY","16011 BRAESGATE DR  AUSTIN, TX 78717","16011 BRAESGATE DR, AUSTIN, TX  78717","MEADOWS OF BRUSHY CREEK, BLOCK M, LOT 24","R230592E"," ","S4082 - Meadows Of Brushy Creek","Real","$556,806","$556,806"
"R094676","R-16-4495-000M-0023","GROSS, MARY E","16013 BRAESGATE DR AUSTIN, TX 78717-4828","16013 BRAESGATE DR, AUSTIN, TX  78717","MEADOWS OF BRUSHY CREEK, BLOCK M, LOT 23","R230592E"," ","S4082 - Meadows Of Brushy Creek","Real","$593,813","$593,813"
"R094677","R-16-4495-000M-0022","ESPINOZA, PERCY C & DENIKA L","16012 MICKEY DR  AUSTIN, TX 78717","16012 MICKEY DR, AUSTIN, TX  78717","S4082 - Meadows Of Brushy Creek, BLOCK M, Lot 22","R230592E"," ","S4082 - Meadows Of Brushy Creek","Real","$690,059","$690,059"
"R094678","R-16-4495-000M-0021","STUBBE, LISA A","16010 MICKEY DR AUSTIN, TX 78717-4854","16010 MICKEY DR, AUSTIN, TX  78717","MEADOWS OF BRUSHY CREEK, BLOCK M, LOT 21","R230592E"," ","S4082 - Meadows Of Brushy Creek","Real","$560,282","$560,282"
"R094679","R-16-4495-000M-0020","PORATH, HELENE KREN","16008 MICKEY DR  AUSTIN, TX 78717-4854","16008 MICKEY DR, AUSTIN, TX  78717","MEADOWS OF BRUSHY CREEK, BLOCK M, LOT 20","R230592E"," ","S4082 - Meadows Of Brushy Creek","Real","$539,787","$539,787"
"R094680","R-16-4495-000M-0019","WALDE, BHUSHANKUMAR R & KUMUDINI","16006 MICKEY DR  AUSTIN, TX 78717","16006 MICKEY DR, AUSTIN, TX  78717","MEADOWS OF BRUSHY CREEK, BLOCK M, LOT 19","R230592E"," ","S4082 - Meadows Of Brushy Creek","Real","$615,291","$615,291"
"R094681","R-16-4495-000M-0018","RICHARDSON, JANET A","16004 MICKEY DR  AUSTIN, TX 78717","16004 MICKEY DR, AUSTIN, TX  78717","MEADOWS OF BRUSHY CREEK, BLOCK M, LOT 18","R230592E"," ","S4082 - Meadows Of Brushy Creek","Real","$570,893","$570,893"
"R094682","R-16-4495-000M-0017","ROUSSELLE, PHILIP & LEWIS NARCELLAS","16002 MICKEY DR  AUSTIN, TX 78717-4854","16002 MICKEY DR, AUSTIN, TX  78717","MEADOWS OF BRUSHY CREEK, BLOCK M, LOT 17","R230592E"," ","S4082 - Meadows Of Brushy Creek","Real","$452,010","$452,010"
"R094683","R-16-4495-000M-0016","LAURA WAHLQUIST STOCKDALE TR OF THE LAURA WAHLQUIST STOCKDALE REVOCABLE TRUST","16000 MICKEY DR  AUSTIN, TX 78717-4854","16000 MICKEY DR, AUSTIN, TX  78717","MEADOWS OF BRUSHY CREEK, BLOCK M, LOT 16","R230592E"," ","S4082 - Meadows Of Brushy Creek","Real","$605,264","$605,264"
"R094684","R-16-4495-000M-0015","HARNDEN, JOSEPH & SYDNEY","16001 MICKEY DR  AUSTIN, TX 78717-4854","16001 MICKEY DR, AUSTIN, TX  78717","MEADOWS OF BRUSHY CREEK, BLOCK M, LOT 15","R230592E"," ","S4082 - Meadows Of Brushy Creek","Real","$826,980","$826,980"
"R094685","R-16-4495-000M-0014","THOMPSON, CURTIS","16003 MICKEY DR  AUSTIN, TX 78717","16003 MICKEY DR, AUSTIN, TX  78717","MEADOWS OF BRUSHY CREEK, BLOCK M, LOT 14","R230592E"," ","S4082 - Meadows Of Brushy Creek","Real","$787,994","$787,994"
"R094686","R-16-4495-000M-0013","YADAV, JAGDISH","16005 MICKEY DR  AUSTIN, TX 78717","16005 MICKEY DR, AUSTIN, TX  78717","MEADOWS OF BRUSHY CREEK, BLOCK M, LOT 13","R230592E"," ","S4082 - Meadows Of Brushy Creek","Real","$686,572","$686,572"
"R094687","R-16-4495-000M-0012","KRIEG, GEORGE & HEDWIG","16007 MICKEY DR  AUSTIN, TX 78717","16007 MICKEY DR, AUSTIN, TX  78717","MEADOWS OF BRUSHY CREEK, BLOCK M, LOT 12","R230592E"," ","S4082 - Meadows Of Brushy Creek","Real","$506,280","$506,280"
"R094688","R-16-4495-000M-0011","BOWERS, EVAN","16009 MICKEY DR AUSTIN, TX 78717-4854","16009 MICKEY DR, AUSTIN, TX  78717","MEADOWS OF BRUSHY CREEK, BLOCK M, LOT 11","R230592E"," ","S4082 - Meadows Of Brushy Creek","Real","$651,110","$651,110"
"R094689","R-16-4495-000M-0010","MCCLENDON, TRAVIS C & KATHY V","16011 MICKEY DR AUSTIN, TX 78717-4854","16011 MICKEY DR, AUSTIN, TX  78717","MEADOWS OF BRUSHY CREEK, BLOCK M, LOT 10","R230592E"," ","S4082 - Meadows Of Brushy Creek","Real","$492,410","$492,410"
"R094690","R-16-4495-000M-0009","AKKINENI, ARUNKUMAR & SATYA JAHNAVI C KOLLI","3325 BELTED GALLOWAY ST LEANDER, TX 78641-5635","16101 BRAESGATE DR, AUSTIN, TX  78717","MEADOWS OF BRUSHY CREEK, BLOCK M, LOT 9","R230592E"," ","S4082 - Meadows Of Brushy Creek","Real","$792,077","$792,077"
"R094691","R-16-4495-000M-0008","GONELLE, ADRIANO & RAQUEL ALINE C M BARRETO","16103 BRAESGATE DR  AUSTIN, TX 78717","16103 BRAESGATE DR, AUSTIN, TX  78717","MEADOWS OF BRUSHY CREEK, BLOCK M, LOT 8","R230592E"," ","S4082 - Meadows Of Brushy Creek","Real","$551,262","$551,262"
"R094692","R-16-4495-000M-0007","CAMERON, MICHAEL T & JENIFER C","16105 BRAESGATE DR AUSTIN, TX 78717-4820","16105 BRAESGATE DR, AUSTIN, TX  78717","MEADOWS OF BRUSHY CREEK, BLOCK M, LOT 7","R230592E"," ","S4082 - Meadows Of Brushy Creek","Real","$518,439","$518,439"
"R094693","R-16-4495-000M-0006","JACOBS, TIMOTHY J & JOSEPHINE","16107 BRAESGATE DR AUSTIN, TX 78717-4820","16107 BRAESGATE DR, AUSTIN, TX  78717","MEADOWS OF BRUSHY CREEK, BLOCK M, LOT 6","R230592E"," ","S4082 - Meadows Of Brushy Creek","Real","$601,577","$601,577"
"R094694","R-16-4495-000M-0005","STRUTTON RILEY D & KELLEY K OF RILEY DAVID & KELLEY K STRUTTON RVCBL TST","16109 BRAESGATE DR  AUSTIN, TX 78717-4820","16109 BRAESGATE DR, AUSTIN, TX  78717","MEADOWS OF BRUSHY CREEK, BLOCK M, LOT 5","R230592E"," ","S4082 - Meadows Of Brushy Creek","Real","$509,920","$509,920"
"R094695","R-16-4495-000M-0004","SANYA, DUNCAN DAN & MIRIAM ZIPPORAH SANYA NAMIGADDE","16111 BRAESGATE DR  AUSTIN, TX 78717-4820","16111 BRAESGATE DR, AUSTIN, TX  78717","MEADOWS OF BRUSHY CREEK, BLOCK M, LOT 4","R230592E"," ","S4082 - Meadows Of Brushy Creek","Real","$547,663","$547,663"
"R094696","R-16-4495-000M-0003","WANG, QIAN & CHUN GAO","3021 WOOD SPRINGS LN ROUND ROCK, TX 78681-3909","16113 BRAESGATE DR, AUSTIN, TX  78717","S4082 - Meadows Of Brushy Creek, BLOCK M, Lot 3","R230592E"," ","S4082 - Meadows Of Brushy Creek","Real","$527,628","$527,628"
"R094697","R-16-4495-000M-0002","NAIL, GEORGE MICHAEL & KATHERINE J","16115 BRAESGATE DR AUSTIN, TX 78717-4820","16115 BRAESGATE DR, AUSTIN, TX  78717","MEADOWS OF BRUSHY CREEK, BLOCK M, LOT 2","R230592E"," ","S4082 - Meadows Of Brushy Creek","Real","$524,430","$524,430"
"R094698","R-16-4495-000M-0001","PETERSON, KIMBERLEE D & JORDAN","16117 BRAESGATE DR  AUSTIN, TX 78717","16117 BRAESGATE DR, AUSTIN, TX  78717","MEADOWS OF BRUSHY CREEK, BLOCK M, LOT 1","R230592E"," ","S4082 - Meadows Of Brushy Creek","Real","$462,527","$462,527"
"R094708","R-16-4495-000J-0041","BRITTAIN, MARK & REBECCA SIMS","8701 FRITSCH DR  AUSTIN, TX 78717","8701 FRITSCH DR, AUSTIN, TX  78717","MEADOWS OF BRUSHY CREEK, BLOCK J, LOT 41","R230592E"," ","S4082 - Meadows Of Brushy Creek","Real","$536,665","$536,665"
"R094709","R-16-4495-000J-0040","HAVENS, MARK A & ALISON M","8703 FRITSCH DR  AUSTIN, TX 78717","8703 FRITSCH DR, AUSTIN, TX  78717","MEADOWS OF BRUSHY CREEK, BLOCK J, LOT 40","R230592E"," ","S4082 - Meadows Of Brushy Creek","Real","$650,473","$650,473"
"R094710","R-16-4495-000J-0039","HARVEY, PAUL MARLAN & CATHLEEN FRANCES","8705 FRITSCH DR  AUSTIN, TX 78717-4815","8705 FRITSCH DR, AUSTIN, TX  78717","MEADOWS OF BRUSHY CREEK, BLOCK J, LOT 39","R230592E"," ","S4082 - Meadows Of Brushy Creek","Real","$573,429","$573,429"
"R094711","R-16-4495-000J-0038","DRAGOVICH, RAYMOND G JR & PATRICIA M","16107 SANDPOINT CV  AUSTIN, TX 78717-4812","16107 SANDPOINT CV, AUSTIN, TX  78717","MEADOWS OF BRUSHY CREEK, BLOCK J, LOT 38","R230592E"," ","S4082 - Meadows Of Brushy Creek","Real","$506,782","$506,782"
"R094712","R-16-4495-000J-0037","NICHOLS, CHARLES STEVEN, III","16105 SANDPOINT CV  AUSTIN, TX 78717-4812","16105 SANDPOINT CV, AUSTIN, TX  78717","MEADOWS OF BRUSHY CREEK, BLOCK J, LOT 37","R230592E"," ","S4082 - Meadows Of Brushy Creek","Real","$549,349","$549,349"
"R094713","R-16-4495-000J-0036","CRILLY, JONATHAN H & CHELSEA G","16103 SANDPOINT CV  AUSTIN, TX 78717","16103 SANDPOINT CV, AUSTIN, TX  78717","MEADOWS OF BRUSHY CREEK, BLOCK J, LOT 36","R230592E"," ","S4082 - Meadows Of Brushy Creek","Real","$611,863","$611,863"
"R094714","R-16-4495-000J-0035","RICK R BELL & SHARON L BELL TRS OF THE RICK & SHARON BELL LIVING TRUST","16101 SANDPOINT CV  AUSTIN, TX 78717-4812","16101 SANDPOINT CV, AUSTIN, TX  78717","MEADOWS OF BRUSHY CREEK, BLOCK J, LOT 35","R230592E"," ","S4082 - Meadows Of Brushy Creek","Real","$546,061","$546,061"
"R094715","R-16-4495-000J-0034","OSULLIVAN, BRENDAN & PATRICIA FAITH","16100 SANDPOINT CV AUSTIN, TX 78717-4812","16100 SANDPOINT CV, AUSTIN, TX  78717","MEADOWS OF BRUSHY CREEK, BLOCK J, LOT 34","R230592E"," ","S4082 - Meadows Of Brushy Creek","Real","$728,863","$728,863"
"R094716","R-16-4495-000J-0033","TOFFLEMIRE, AMANDA R & JOHN P","16102 SANDPOINT CV  AUSTIN, TX 78717","16102 SANDPOINT CV, AUSTIN, TX  78717","MEADOWS OF BRUSHY CREEK, BLOCK J, LOT 33","R230592E"," ","S4082 - Meadows Of Brushy Creek","Real","$635,924","$635,924"
"R094717","R-16-4495-000J-0032","PIECZYNSKI, JOSEPH W II & COLETTE","16104 SANDPOINT CV AUSTIN, TX 78717-4812","16104 SANDPOINT CV, AUSTIN, TX  78717","MEADOWS OF BRUSHY CREEK, BLOCK J, LOT 32","R230592E"," ","S4082 - Meadows Of Brushy Creek","Real","$687,185","$687,185"
"R094718","R-16-4495-000J-0031","PURDOM, WILLIAM KURT & MELISA E","16111 FRITSCH CV AUSTIN, TX 78717-4811","16111 FRITSCH CV, AUSTIN, TX  78717","MEADOWS OF BRUSHY CREEK, BLOCK J, LOT 31","R230592E"," ","S4082 - Meadows Of Brushy Creek","Real","$572,498","$572,498"
"R094719","R-16-4495-000J-0030","BERNSTEIN STEPHEN M & PATRICIA TRUSTEES BERNSTEIN LIVING TRUST","16109 FRITSCH CV AUSTIN, TX 78717-4811","16109 FRITSCH CV, AUSTIN, TX  78717","MEADOWS OF BRUSHY CREEK, BLOCK J, LOT 30","R230592E"," ","S4082 - Meadows Of Brushy Creek","Real","$674,590","$674,590"
"R094720","R-16-4495-000J-0029","PUGH, BONNIE JEAN & MICHAEL LEE","16107 FRITSCH CV  AUSTIN, TX 78717","16107 FRITSCH CV, AUSTIN, TX  78717","MEADOWS OF BRUSHY CREEK, BLOCK J, LOT 29","R230592E"," ","S4082 - Meadows Of Brushy Creek","Real","$573,960","$573,960"
"R094721","R-16-4495-000J-0028","FRASER, ASHLEY ANNE & COLE ADAM","16105 FRITSCH CV  AUSTIN, TX 78717","16105 FRITSCH CV, AUSTIN, TX  78717","MEADOWS OF BRUSHY CREEK, BLOCK J, LOT 28","R230592E"," ","S4082 - Meadows Of Brushy Creek","Real","$501,855","$501,855"
"R094722","R-16-4495-000J-0027","LANDERS, MICHAEL C & CILICIA A","16103 FRITSCH CV AUSTIN, TX 78717-4811","16103 FRITSCH CV, AUSTIN, TX  78717","MEADOWS OF BRUSHY CREEK, BLOCK J, LOT 27","R230592E"," ","S4082 - Meadows Of Brushy Creek","Real","$640,399","$640,399"
"R094723","R-16-4495-000J-0026","READY, PAUL A & DONNA L","16101 FRITSCH CV  AUSTIN, TX 78717-4811","16101 FRITSCH CV, AUSTIN, TX  78717","S5811 - Meadows Of Brushy Creek (amended Lts 9 & 26, Blk J), BLOCK J, Lot 26","R230592E"," ","S5811 - Meadows Of Brushy Creek (amended Lts 9 & 26, Blk J)","Real","$518,782","$518,782"
"R094724","R-16-4495-000J-0025","WEILNAU, WAYNE R JR AND VICKI L","16100 FRITSCH CV AUSTIN, TX 78717-4811","16100 FRITSCH CV, AUSTIN, TX  78717","MEADOWS OF BRUSHY CREEK, BLOCK J, LOT 25","R230592E"," ","S4082 - Meadows Of Brushy Creek","Real","$592,917","$592,917"
"R094725","R-16-4495-000J-0024","ELLIOTT, TYE DALTON & SYDNEY ARYNN HOLDAMPF","16102 FRITSCH CV  AUSTIN, TX 78717-4811","16102 FRITSCH CV, AUSTIN, TX  78717","MEADOWS OF BRUSHY CREEK, BLOCK J, LOT 24","R230592E"," ","S4082 - Meadows Of Brushy Creek","Real","$430,836","$430,836"
"R094726","R-16-4495-000J-0023","SYLVIA, ERIC D","6161 E COLLINS RD PORT ORCHARD, WA 98366-8315","16104 FRITSCH CV, AUSTIN, TX  78717","MEADOWS OF BRUSHY CREEK, BLOCK J, LOT 23","R230592E"," ","S4082 - Meadows Of Brushy Creek","Real","$630,775","$630,775"
"R094727","R-16-4495-000J-0022","TEMPLETON, JOHN A & HAZEL I","16106 FRITSCH CV AUSTIN, TX 78717-4811","16106 FRITSCH CV, AUSTIN, TX  78717","MEADOWS OF BRUSHY CREEK, BLOCK J, LOT 22","R230592E"," ","S4082 - Meadows Of Brushy Creek","Real","$500,407","$500,407"
"R094728","R-16-4495-000J-0021","SIMON, SHAUN","16108 FRITSCH CV  AUSTIN, TX 78717","16108 FRITSCH CV, AUSTIN, TX  78717","S4082 - Meadows Of Brushy Creek, BLOCK J, Lot 21","R230592E"," ","S4082 - Meadows Of Brushy Creek","Real","$513,078","$513,078"
"R094729","R-16-4495-000J-0020","MEHRE, KELLIE A & CHRISTOPHER JOHN YANIK","16110 FRITSCH CV  AUSTIN, TX 78717","16110 FRITSCH CV, AUSTIN, TX  78717","MEADOWS OF BRUSHY CREEK, BLOCK J, LOT 20","R230592E"," ","S4082 - Meadows Of Brushy Creek","Real","$565,361","$565,361"
"R094730","R-16-4495-000J-0019","HENRY JOSIA NESBITT JR & CAROL ANN NESBITT TRS NESBITT FAMILY TRUST","16111 W DORMAN DR  AUSTIN, TX 78717-4808","16111 DORMAN DR W, AUSTIN, TX  78717","MEADOWS OF BRUSHY CREEK, BLOCK J, LOT 19","R230592E"," ","S4082 - Meadows Of Brushy Creek","Real","$529,462","$529,462"
"R094731","R-16-4495-000J-0018","HARRIS, ROBERT L & DEBORAH L","16109 W DORMAN DR AUSTIN, TX 78717-4808","16109 DORMAN DR, AUSTIN, TX  78717","MEADOWS OF BRUSHY CREEK, BLOCK J, LOT 18","R230592E"," ","S4082 - Meadows Of Brushy Creek","Real","$533,589","$533,589"
"R094732","R-16-4495-000J-0017","STEWART, MICHELLE L","16107 W DORMAN DR  AUSTIN, TX 78717","16107 DORMAN DR W, AUSTIN, TX  78717","MEADOWS OF BRUSHY CREEK, BLOCK J, LOT 17","R230592E"," ","S4082 - Meadows Of Brushy Creek","Real","$510,074","$510,074"
"R094733","R-16-4495-000J-0016","HOLTON, WILLIAM J & SAGE L BERTA","16105 W DORMAN DR  AUSTIN, TX 78717-4808","16105 W DORMAN DR, AUSTIN, TX  78717","MEADOWS OF BRUSHY CREEK, BLOCK J, LOT 16","R230592E"," ","S4082 - Meadows Of Brushy Creek","Real","$543,906","$543,906"
"R094734","R-16-4495-000J-0015","LAUBENSTEIN, JOEL & JENNIFER","16103 DORMAN DR  AUSTIN, TX 78717","16103 DORMAN DR, AUSTIN, TX  78717","MEADOWS OF BRUSHY CREEK, BLOCK J, LOT 15","R230592E"," ","S4082 - Meadows Of Brushy Creek","Real","$608,339","$608,339"
"R094735","R-16-4495-000J-0014","BALASUBRAMANIAN, KARTHIKEYAN & MEENAKSHI KARTHIKEYAN","7109 AVIGNON DR  ROUND ROCK, TX 78681-5332","16101 W DORMAN DR, AUSTIN, TX  78717","MEADOWS OF BRUSHY CREEK, BLOCK J, LOT 14","R230592E"," ","S4082 - Meadows Of Brushy Creek","Real","$521,588","$521,588"
"R094736","R-16-4495-000J-0013","LINSON, PHILIP C & STACI J","16013 DORMAN DR  AUSTIN, TX 78717","16013 DORMAN DR, AUSTIN, TX  78717","MEADOWS OF BRUSHY CREEK, BLOCK J, LOT 13","R230592E"," ","S4082 - Meadows Of Brushy Creek","Real","$572,980","$572,980"
"R094737","R-16-4495-000J-0012","ARNDT, KENNETH R & MICHELLE A","16011 W DORMAN DR AUSTIN, TX 78717-4804","16011 DORMAN DR W, AUSTIN, TX  78717","MEADOWS OF BRUSHY CREEK, BLOCK J, LOT 12","R230592E"," ","S4082 - Meadows Of Brushy Creek","Real","$677,081","$677,081"
"R094738","R-16-4495-000J-0011","NAGY, JOHN A & CONNIE M","16009 W DORMAN DR AUSTIN, TX 78717-4804","16009 DORMAN DR, AUSTIN, TX  78717","MEADOWS OF BRUSHY CREEK, BLOCK J, LOT 11","R230592E"," ","S4082 - Meadows Of Brushy Creek","Real","$669,165","$669,165"
"R094739","R-16-4495-000J-0010","AGARWAL, RAJAT & LISA M","8706 PEPPER ROCK DR AUSTIN, TX 78717-4832","8706 PEPPER ROCK DR, AUSTIN, TX  78717","MEADOWS OF BRUSHY CREEK, BLOCK J, LOT 10","R230592E"," ","S4082 - Meadows Of Brushy Creek","Real","$583,628","$583,628"
"R094740","R-16-4495-000J-0009","ZARIFOGLU, EMRAH","8704 PEPPER ROCK DR  AUSTIN, TX 78717","8704 PEPPER ROCK DR, AUSTIN, TX  78717","S5811 - Meadows Of Brushy Creek (amended Lts 9 & 26, Blk J), BLOCK J, Lot 9","R230592E"," ","S5811 - Meadows Of Brushy Creek (amended Lts 9 & 26, Blk J)","Real","$661,372","$661,372"
"R094741","R-16-4495-000J-0008","JOHN W HARDIN & CORINNE HARDIN OF JOHN & CORINNE HARDIN IRREVOCABLE TRUST","8702 PEPPER ROCK DR  AUSTIN, TX 78717-4832","8702 PEPPER ROCK DR, AUSTIN, TX  78717","MEADOWS OF BRUSHY CREEK, BLOCK J, LOT 8","R230592E"," ","S4082 - Meadows Of Brushy Creek","Real","$645,867","$645,867"
"R094742","R-16-4495-000J-0007","SENERCHIA, FRED","8700 PEPPER ROCK DR  AUSTIN, TX 78717-4832","8700 PEPPER ROCK DR, AUSTIN, TX  78717","MEADOWS OF BRUSHY CREEK, BLOCK J, LOT 7","R230592E"," ","S4082 - Meadows Of Brushy Creek","Real","$558,207","$558,207"
"R094743","R-16-4495-000J-0006","RANTZ, CURTIS & SUSAN E","8610 PEPPER ROCK DR AUSTIN, TX 78717-4831","8610 PEPPER ROCK DR, AUSTIN, TX  78717","MEADOWS OF BRUSHY CREEK, BLOCK J, LOT 6","R230592E"," ","S4082 - Meadows Of Brushy Creek","Real","$684,529","$684,529"
"R094744","R-16-4495-000J-0005","BUCKLEW, LARRY W & KIMBERLY D","8608 PEPPER ROCK DR AUSTIN, TX 78717-4831","8608 PEPPER ROCK DR, AUSTIN, TX  78717","MEADOWS OF BRUSHY CREEK, BLOCK J, LOT 5","R230592E"," ","S4082 - Meadows Of Brushy Creek","Real","$663,911","$663,911"
"R094745","R-16-4495-000J-0004","OWENS, REX & DEBRA FRANKLIN OWENS","8606 PEPPER ROCK DR AUSTIN, TX 78717-4831","8606 PEPPER ROCK DR, AUSTIN, TX  78717","MEADOWS OF BRUSHY CREEK, BLOCK J, LOT 4","R230592E"," ","S4082 - Meadows Of Brushy Creek","Real","$505,920","$505,920"
"R094746","R-16-4495-000J-0003","HENDERSON, JOAB & KRISTEN","8604 PEPPER ROCK DR  AUSTIN, TX 78717","8604 PEPPER ROCK DR, AUSTIN, TX  78717","MEADOWS OF BRUSHY CREEK, BLOCK J, LOT 3","R230592E"," ","S4082 - Meadows Of Brushy Creek","Real","$587,510","$587,510"
"R094747","R-16-4495-000J-0002","FILER, NADYA & IVAN","8602 PEPPER ROCK DR AUSTIN, TX 78717-4831","8602 PEPPER ROCK DR, AUSTIN, TX  78717","MEADOWS OF BRUSHY CREEK, BLOCK J, LOT 2","R230592E"," ","S4082 - Meadows Of Brushy Creek","Real","$652,703","$652,703"
"R094748","R-16-4495-000J-0001","POTTS, CLINTON L & CYNTHIA J","8600 PEPPER ROCK DR  AUSTIN, TX 78717","8600 PEPPER ROCK DR, AUSTIN, TX  78717","MEADOWS OF BRUSHY CREEK, BLOCK J, LOT 1","R230592E"," ","S4082 - Meadows Of Brushy Creek","Real","$597,669","$597,669"
"R094750","R-16-4495-000K-0031","JORGENS, JAY & DOREEN","P O BOX 201171 AUSTIN, TX 78720-1171","16207 BRAESGATE DR, AUSTIN, TX  78717","MEADOWS OF BRUSHY CREEK, BLOCK K, LOT 31","R230592E"," ","S4082 - Meadows Of Brushy Creek","Real","$572,394","$572,394"
"R094751","R-16-4495-000K-0030","MCCANLESS, WILLIAM C (LE) & KAREN C (LE)","16205 BRAESGATE DR  AUSTIN, TX 78717","16205 BRAESGATE DR, AUSTIN, TX  78717","MEADOWS OF BRUSHY CREEK, BLOCK K, LOT 30","R230592E"," ","S4082 - Meadows Of Brushy Creek","Real","$471,565","$471,565"
"R094752","R-16-4495-000K-0029","ALMEIDA, ALDON & REEMA JENNIFER FERNANDES","16203 BRAESGATE DR  AUSTIN, TX 78717-4850","16203 BRAESGATE DR, AUSTIN, TX  78717","MEADOWS OF BRUSHY CREEK, BLOCK K, LOT 29","R230592E"," ","S4082 - Meadows Of Brushy Creek","Real","$775,670","$775,670"
"R094753","R-16-4495-000K-0028","EVANS, LUANNE C & JAMES M","16201 BRAESGATE DR AUSTIN, TX 78717-4850","16201 BRAESGATE DR, AUSTIN, TX  78717","MEADOWS OF BRUSHY CREEK, BLOCK K, LOT 28","R230592E"," ","S4082 - Meadows Of Brushy Creek","Real","$598,941","$598,941"
"R094754","R-16-4495-000K-0027","COLLINS, THOMAS R","16117 RUSTIC LN  AUSTIN, TX 78717","16117 RUSTIC LN, AUSTIN, TX  78717","MEADOWS OF BRUSHY CREEK, BLOCK K, LOT 27","R230592E"," ","S4082 - Meadows Of Brushy Creek","Real","$598,410","$598,410"
"R094755","R-16-4495-000K-0026","ANDREW NOONAN & JENNIFER NOONAN TR OF THE NOONAN LIVING TRUST","16115 RUSTIC LN  AUSTIN, TX 78717-4846","16115 RUSTIC LN, AUSTIN, TX  78717","MEADOWS OF BRUSHY CREEK, BLOCK K, LOT 26","R230592E"," ","S4082 - Meadows Of Brushy Creek","Real","$575,596","$575,596"
"R094756","R-16-4495-000K-0025","VO, THANG TAT (TOD) & NGOC KIM LE (TOD)","16113 RUSTIC LN  AUSTIN, TX 78717","16113 RUSTIC LN, AUSTIN, TX  78717","MEADOWS OF BRUSHY CREEK, BLOCK K, LOT 25","R230592E"," ","S4082 - Meadows Of Brushy Creek","Real","$734,370","$734,370"
"R094757","R-16-4495-000K-0024","WILLIAMS TANNER & ZAINAB RASSIWALA","810 STILLHOUSE SPG  ROUND ROCK, TX 78681-2547","16111 RUSTIC LN, AUSTIN, TX  78717","MEADOWS OF BRUSHY CREEK, BLOCK K, LOT 24","R230592E"," ","S4082 - Meadows Of Brushy Creek","Real","$511,490","$511,490"
"R094758","R-16-4495-000K-0023","AHN, TAE KYOON & JOOWON RYONG","10602 WINCHELSEA DR  AUSTIN, TX 78750-4000","16109 RUSTIC LN, AUSTIN, TX  78717","MEADOWS OF BRUSHY CREEK, BLOCK K, LOT 23","R230592E"," ","S4082 - Meadows Of Brushy Creek","Real","$534,309","$534,309"
"R094759","R-16-4495-000K-0022","TAYLOR, LORRAINE H & CARY","16107 RUSTIC LN  AUSTIN, TX 78717","16107 RUSTIC LN, AUSTIN, TX  78717","MEADOWS OF BRUSHY CREEK, BLOCK K, LOT 22","R230592E"," ","S4082 - Meadows Of Brushy Creek","Real","$431,572","$431,572"
"R094760","R-16-4495-000K-0021","WILLAMAN, RICHARD L & LISA M","16105 RUSTIC LN  AUSTIN, TX 78717-4846","16105 RUSTIC LN, AUSTIN, TX  78717","MEADOWS OF BRUSHY CREEK, BLOCK K, LOT 21","R230592E"," ","S4082 - Meadows Of Brushy Creek","Real","$475,148","$475,148"
"R094761","R-16-4495-000K-0020","CHUNG, KIN FAI & CONNY YUEK HUNG WONG","16103 RUSTIC LN  AUSTIN, TX 78717-4846","16103 RUSTIC LN, AUSTIN, TX  78717","MEADOWS OF BRUSHY CREEK, BLOCK K, LOT 20","R230592E"," ","S4082 - Meadows Of Brushy Creek","Real","$584,295","$584,295"
"R094762","R-16-4495-000K-0019","CASTRO, JUAN J & CINDY VENEGAS","16101 RUSTIC LN  AUSTIN, TX 78717","16101 RUSTIC LN, AUSTIN, TX  78717","MEADOWS OF BRUSHY CREEK, BLOCK K, LOT 19","R230592E"," ","S4082 - Meadows Of Brushy Creek","Real","$444,308","$444,308"
"R094763","R-16-4495-000K-0018","TAUSSIG, JOHN R & JENNIFER ROWALD","16007 RUSTIC LN  AUSTIN, TX 78717","16007 RUSTIC LN, AUSTIN, TX  78717","MEADOWS OF BRUSHY CREEK, BLOCK K, LOT 18","R230592E"," ","S4082 - Meadows Of Brushy Creek","Real","$518,008","$518,008"
"R094764","R-16-4495-000K-0017","JOHNSON, DON M & LUCINDA G","16005 RUSTIC LN AUSTIN, TX 78717-4830","16005 RUSTIC LN, AUSTIN, TX  78717","MEADOWS OF BRUSHY CREEK, BLOCK K, LOT 17","R230592E"," ","S4082 - Meadows Of Brushy Creek","Real","$453,299","$453,299"
"R094765","R-16-4495-000K-0016","JONES, RICHARD M & CALLIE L","16003 RUSTIC LN AUSTIN, TX 78717-4830","16003 RUSTIC LN, AUSTIN, TX  78717","MEADOWS OF BRUSHY CREEK, BLOCK K, LOT 16","R230592E"," ","S4082 - Meadows Of Brushy Creek","Real","$455,416","$455,416"
"R094766","R-16-4495-000K-0015","ROBERTSON, STEVEN B & JERI A","8806 PEPPER ROCK DR  AUSTIN, TX 78717-4833","8806 PEPPER ROCK DR, AUSTIN, TX  78717","MEADOWS OF BRUSHY CREEK, BLOCK K, LOT 15","R230592E"," ","S4082 - Meadows Of Brushy Creek","Real","$632,566","$632,566"
"R094767","R-16-4495-000K-0014","LIN, RUOSI & XIAOWEI DAI","8802 PEPPER ROCK DR  AUSTIN, TX 78717-4833","8802 PEPPER ROCK DR, AUSTIN, TX  78717","MEADOWS OF BRUSHY CREEK, BLOCK K, LOT 14","R230592E"," ","S4082 - Meadows Of Brushy Creek","Real","$546,036","$546,036"
"R094768","R-16-4495-000K-0013","IP, KELLY & JEFFREY LAROCHE","8800 PEPPER ROCK DR  AUSTIN, TX 78717-4833","8800 PEPPER ROCK DR, AUSTIN, TX  78717","MEADOWS OF BRUSHY CREEK, BLOCK K, LOT 13","R230592E"," ","S4082 - Meadows Of Brushy Creek","Real","$704,599","$704,599"
"R094769","R-16-4495-000K-0012","ARRINGTON, THERESA Y","16008 W DORMAN DR AUSTIN, TX 78717-4802","16008 DORMAN DR, AUSTIN, TX  78717","MEADOWS OF BRUSHY CREEK, BLOCK K, LOT 12","R230592E"," ","S4082 - Meadows Of Brushy Creek","Real","$535,871","$535,871"
"R094770","R-16-4495-000K-0011","ROWALD, JENNIFER & JOHN TAUSSIG","16010 W DORMAN DR  AUSTIN, TX 78717-4802","16010 DORMAN DR W, AUSTIN, TX  78717","MEADOWS OF BRUSHY CREEK, BLOCK K, LOT 11","R230592E"," ","S4082 - Meadows Of Brushy Creek","Real","$529,690","$529,690"
"R094771","R-16-4495-000K-0010","HAWKINS, WILBURN GENE","16012 DORMAN DR  AUSTIN, TX 78717-4802","16012 DORMAN DR, AUSTIN, TX  78717","MEADOWS OF BRUSHY CREEK, BLOCK K, LOT 10","R230592E"," ","S4082 - Meadows Of Brushy Creek","Real","$522,302","$522,302"
"R094772","R-16-4495-000K-0009","HAYES, ROGER B & SUSAN L","16100 W DORMAN DR AUSTIN, TX 78717-4806","16100 DORMAN DR, AUSTIN, TX  78717","MEADOWS OF BRUSHY CREEK, BLOCK K, LOT 9","R230592E"," ","S4082 - Meadows Of Brushy Creek","Real","$610,144","$610,144"
"R094773","R-16-4495-000K-0008","WSZOLEK, KENDALL & RUSSEL KEVIN WILKINS","16102 W DORMAN DR  AUSTIN, TX 78717-4806","16102 DORMAN DR, AUSTIN, TX  78717","MEADOWS OF BRUSHY CREEK, BLOCK K, LOT 8","R230592E"," ","S4082 - Meadows Of Brushy Creek","Real","$632,553","$632,553"
"R094774","R-16-4495-000K-0007","MCDONALD, TRAVIS L & JACQUELYN DOSCH","16104 W DORMAN DR AUSTIN, TX 78717-4806","16104 DORMAN DR, AUSTIN, TX  78717","MEADOWS OF BRUSHY CREEK, BLOCK K, LOT 7","R230592E"," ","S4082 - Meadows Of Brushy Creek","Real","$696,829","$696,829"
"R094775","R-16-4495-000K-0006","FARRELL, DAN & MELISSA","16106 W DORMAN DR  AUSTIN, TX 78717","16106 DORMAN DR, AUSTIN, TX  78717","MEADOWS OF BRUSHY CREEK, BLOCK K, LOT 6","R230592E"," ","S4082 - Meadows Of Brushy Creek","Real","$452,257","$452,257"
"R094776","R-16-4495-000K-0005","MARTINEZ, JESSE & ERIN R","16108 W DORMAN DR  AUSTIN, TX 78717","16108 DORMAN DR W, AUSTIN, TX  78717","MEADOWS OF BRUSHY CREEK, BLOCK K, LOT 5","R230592E"," ","S4082 - Meadows Of Brushy Creek","Real","$520,399","$520,399"
"R094777","R-16-4495-000K-0004","Unknown","Unknown","16110 DORMAN DR, AUSTIN, TX  78717","MEADOWS OF BRUSHY CREEK, BLOCK K, LOT 4","R230592E"," ","S4082 - Meadows Of Brushy Creek","Real","$541,793","$541,793"
"R094778","R-16-4495-000K-0003","BEDESKI, ROBERT P (TOD) & TATIANA Y (TOD)","16200 DORMAN DR  AUSTIN, TX 78717","16200 DORMAN DR, AUSTIN, TX  78717","MEADOWS OF BRUSHY CREEK, BLOCK K, LOT 3","R230592E"," ","S4082 - Meadows Of Brushy Creek","Real","$630,895","$630,895"
"R094779","R-16-4495-000K-0002","MENA AGUSTIN III & TAMERA ANN TRUSTEES AUGIE & TAMI MENA MANAGEMENT TRUST","16202 W DORMAN DR  AUSTIN, TX 78717","16202 DORMAN DR, AUSTIN, TX  78717","MEADOWS OF BRUSHY CREEK, BLOCK K, LOT 2","R230592E"," ","S4082 - Meadows Of Brushy Creek","Real","$629,036","$629,036"
"R094780","R-16-4495-000K-0001","BOWEN, LAWRENCE J & CYNTHIA A","16204 W DORMAN DR AUSTIN, TX 78717-4803","16204 DORMAN DR, AUSTIN, TX  78717","MEADOWS OF BRUSHY CREEK, BLOCK K, LOT 1","R230592E"," ","S4082 - Meadows Of Brushy Creek","Real","$616,198","$616,198"
"R094794","R-16-4495-000P-0020","MORRELLI, KELLY","16105 CALLOWAY CV  AUSTIN, TX 78717-4810","16105 CALLOWAY CV, AUSTIN, TX  78717","MEADOWS OF BRUSHY CREEK, BLOCK P, LOT 20","R230592E"," ","S4082 - Meadows Of Brushy Creek","Real","$503,448","$503,448"
"R094795","R-16-4495-000P-0019","RICHARD T STRAWSER & KAREN LEA SOUTHMAYD STRAWSER TRUSTEES OF THE STRAWSER FAMIL","16103 CALLOWAY CV  AUSTIN, TX 78717","16103 CALLOWAY CV, AUSTIN, TX  78717","MEADOWS OF BRUSHY CREEK, BLOCK P, LOT 19","R230592E"," ","S4082 - Meadows Of Brushy Creek","Real","$602,063","$602,063"
"R094796","R-16-4495-000P-0018","CORREA, JOSE LUIZ","16101 CALLOWAY CV  AUSTIN, TX 78717","16101 CALLOWAY CV, AUSTIN, TX  78717","MEADOWS OF BRUSHY CREEK, BLOCK P, LOT 18","R230592E"," ","S4082 - Meadows Of Brushy Creek","Real","$585,977","$585,977"
"R094797","R-16-4495-000P-0017","EMERSON, ROBERT H","16100 CALLOWAY CV AUSTIN, TX 78717-4810","16100 CALLOWAY CV, AUSTIN, TX  78717","MEADOWS OF BRUSHY CREEK, BLOCK P, LOT 17","R230592E"," ","S4082 - Meadows Of Brushy Creek","Real","$513,126","$513,126"
"R094798","R-16-4495-000P-0016","RICHARD L HOUSE & FELICIA B HOUSE TRS HOUSE LIVING TRUST","16102 CALLOWAY CV  AUSTIN, TX 78717-4810","16102 CALLOWAY CV, AUSTIN, TX  78717","MEADOWS OF BRUSHY CREEK, BLOCK P, LOT 16","R230592E"," ","S4082 - Meadows Of Brushy Creek","Real","$733,796","$733,796"
"R094799","R-16-4495-000P-0015","ALLAI, WILLIAM & LAURIE","8703 PEPPER ROCK DR AUSTIN, TX 78717-4836","8703 PEPPER ROCK DR, AUSTIN, TX  78717","MEADOWS OF BRUSHY CREEK, BLOCK P, LOT 15","R230592E"," ","S4082 - Meadows Of Brushy Creek","Real","$619,106","$619,106"
"R094800","R-16-4495-000P-0014","WHITE, GERTRUIDIA C & TRAVIS WADE","8705 PEPPER ROCK DR  AUSTIN, TX 78717","8705 PEPPER ROCK DR, AUSTIN, TX  78717","MEADOWS OF BRUSHY CREEK, BLOCK P, LOT 14","R230592E"," ","S4082 - Meadows Of Brushy Creek","Real","$702,471","$702,471"
"R094801","R-16-4495-000P-0013","HENDREN, RHONDA & TODD M","8707 PEPPER ROCK DR  AUSTIN, TX 78717","8707 PEPPER ROCK DR, AUSTIN, TX  78717","MEADOWS OF BRUSHY CREEK, BLOCK P, LOT 13","R230592E"," ","S4082 - Meadows Of Brushy Creek","Real","$548,969","$548,969"
"R094802","R-16-4495-000P-0012","MCCLUNG, DAVID A & JIMMIE H","8709 PEPPER ROCK DR AUSTIN, TX 78717-4836","8709 PEPPER ROCK DR, AUSTIN, TX  78717","MEADOWS OF BRUSHY CREEK, BLOCK P, LOT 12","R230592E"," ","S4082 - Meadows Of Brushy Creek","Real","$526,001","$526,001"
"R094803","R-16-4495-000P-0011","INMAN, ROBERT H JR & SHERRI","8706 DORMAN CV AUSTIN, TX 78717-4809","8706 DORMAN CV, AUSTIN, TX  78717","MEADOWS OF BRUSHY CREEK, BLOCK P, LOT 11","R230592E"," ","S4082 - Meadows Of Brushy Creek","Real","$485,228","$485,228"
"R094804","R-16-4495-000P-0010","KARUNAKARAN, VADIVELU & BHUVANESHWARI VISHWANATHAN PICHAI","8704 DORMAN CV  AUSTIN, TX 78717","8704 DORMAN CV, AUSTIN, TX  78717","MEADOWS OF BRUSHY CREEK, BLOCK P, LOT 10","R230592E"," ","S4082 - Meadows Of Brushy Creek","Real","$651,510","$651,510"
"R094805","R-16-4495-000P-0009","PEKKALA, RICHARD E & THERESE K","8702 DORMAN CV  AUSTIN, TX 78717-4809","8702 DORMAN CV, AUSTIN, TX  78717","MEADOWS OF BRUSHY CREEK, BLOCK P, LOT 9","R230592E"," ","S4082 - Meadows Of Brushy Creek","Real","$676,932","$684,857"
"R094806","R-16-4495-000P-0008","GONZALEZ, SANDRA","8700 DORMAN CV  AUSTIN, TX 78717","8700 DORMAN CV, AUSTIN, TX  78717","MEADOWS OF BRUSHY CREEK, BLOCK P, LOT 8","R230592E"," ","S4082 - Meadows Of Brushy Creek","Real","$645,864","$645,864"
"R094807","R-16-4495-000P-0007","MICHAELI-ARBEL, AYELET & ITZHAK KHALIFA-ARBEL","8701 DORMAN CV  AUSTIN, TX 78717","8701 DORMAN CV, AUSTIN, TX  78717","MEADOWS OF BRUSHY CREEK, BLOCK P, LOT 7","R230592E"," ","S4082 - Meadows Of Brushy Creek","Real","$544,040","$544,040"
"R094808","R-16-4495-000P-0006","JOLSON, BRIAN","12160 W PARMER LN STE 130-116 CEDAR PARK, TX 78613-2458","8703 DORMAN CV, AUSTIN, TX  78717","MEADOWS OF BRUSHY CREEK, BLOCK P, LOT 6","R230592E"," ","S4082 - Meadows Of Brushy Creek","Real","$658,878","$658,878"
"R094809","R-16-4495-000P-0005","SAINZ, VICKI S & HENRY","8705 DORMAN CV AUSTIN, TX 78717-4809","8705 DORMAN CV, AUSTIN, TX  78717","MEADOWS OF BRUSHY CREEK, BLOCK P, LOT 5","R230592E"," ","S4082 - Meadows Of Brushy Creek","Real","$514,463","$514,463"
"R094810","R-16-4495-000P-0004","DOUGLASS, CLAY & SHEILA","8707 DORMAN CV AUSTIN, TX 78717-4809","8707 DORMAN CV, AUSTIN, TX  78717","MEADOWS OF BRUSHY CREEK, BLOCK P, LOT 4","R230592E"," ","S4082 - Meadows Of Brushy Creek","Real","$690,056","$690,056"
"R094811","R-16-4495-000P-0003","PICHA, DERIC & GINA","15905 W DORMAN DR AUSTIN, TX 78717-4807","15905 DORMAN DR, AUSTIN, TX  78717","MEADOWS OF BRUSHY CREEK, BLOCK P, LOT 3","R230592E"," ","S4082 - Meadows Of Brushy Creek","Real","$697,730","$697,730"
"R094812","R-16-4495-000P-0002","SHAMAILOV, JACOB & MICHELLE","15903 W DORMAN DR  AUSTIN, TX 78717-4807","15903 DORMAN DR, AUSTIN, TX  78717","MEADOWS OF BRUSHY CREEK, BLOCK P, LOT 2","R230592E"," ","S4082 - Meadows Of Brushy Creek","Real","$509,011","$509,011"
"R094813","R-16-4495-000P-0001","DAVIS, ERIC W","15901 W DORMAN DR  AUSTIN, TX 78717","15901 DORMAN DR, AUSTIN, TX  78717","MEADOWS OF BRUSHY CREEK, BLOCK P, LOT 1","R230592E"," ","S4082 - Meadows Of Brushy Creek","Real","$671,277","$671,277"
"R094814","R-16-4495-000N-0013","CROCKETT, KYLE & CYNTHIA","16003 PEPPERROCK CV  AUSTIN, TX 78717-4845","16003 PEPPERROCK CV, AUSTIN, TX  78717","MEADOWS OF BRUSHY CREEK, BLOCK N, LOT 13","R230592E"," ","S4082 - Meadows Of Brushy Creek","Real","$722,047","$722,047"
"R094815","R-16-4495-000N-0012","TEE, YEOW SIONG & LIPING LIU","16001 PEPPER ROCK CV  AUSTIN, TX 78717","16001 PEPPER ROCK CV, AUSTIN, TX  78717","MEADOWS OF BRUSHY CREEK, BLOCK N, LOT 12","R230592E"," ","S4082 - Meadows Of Brushy Creek","Real","$608,611","$608,611"
"R094816","R-16-4495-000N-0011","TURNER, JAMES D & AVA N","16000 PEPPERROCK CV AUSTIN, TX 78717-4845","16000 PEPPER ROCK CV, AUSTIN, TX  78717","MEADOWS OF BRUSHY CREEK, BLOCK N, LOT 11","R230592E"," ","S4082 - Meadows Of Brushy Creek","Real","$532,567","$532,567"
"R094817","R-16-4495-000N-0010","SMITH, KEITH W & SUZANNE M QUENETTE-SMITH","16002 PEPPERROCK CV AUSTIN, TX 78717-4845","16002 PEPPER ROCK CV, AUSTIN, TX  78717","MEADOWS OF BRUSHY CREEK, BLOCK N, LOT 10","R230592E"," ","S4082 - Meadows Of Brushy Creek","Real","$622,649","$622,649"
"R094818","R-16-4495-000N-0009","EAST, RAYMOND E & GEORGINE H","16004 PEPPERROCK CV  AUSTIN, TX 78717-4845","16004 PEPPERROCK CV, AUSTIN, TX  78717","MEADOWS OF BRUSHY CREEK, BLOCK N, LOT 9","R230592E"," ","S4082 - Meadows Of Brushy Creek","Real","$833,703","$833,703"
"R094819","R-16-4495-000N-0008","FINLEY, VIRGIL E & DORIS O","8913 PEPPER ROCK DR AUSTIN, TX 78717-4838","8913 PEPPER ROCK DR, AUSTIN, TX  78717","MEADOWS OF BRUSHY CREEK, BLOCK N, LOT 8","R230592E"," ","S4082 - Meadows Of Brushy Creek","Real","$523,500","$523,500"
"R094820","R-16-4495-000N-0007","LAWRENCE, CLAIRE YUCHING TSAI","8915 PEPPER ROCK DR  AUSTIN, TX 78717","8915 PEPPER ROCK DR, AUSTIN, TX  78717","MEADOWS OF BRUSHY CREEK, BLOCK N, LOT 7","R230592E"," ","S4082 - Meadows Of Brushy Creek","Real","$708,523","$708,523"
"R094821","R-16-4495-000N-0006","WHITE, TED NEAL & MARY LURETTA JOHNSTON","15907 BRAESGATE DR  AUSTIN, TX 78717-4817","15907 BRAESGATE DR, AUSTIN, TX  78717","MEADOWS OF BRUSHY CREEK, BLOCK N, LOT 6","R230592E"," ","S4082 - Meadows Of Brushy Creek","Real","$630,381","$630,381"
"R094822","R-16-4495-000N-0005","SHEN, HUGH & GINA","15905 BRAESGATE DR  AUSTIN, TX 78717-4817","15905 BRAESGATE DR, AUSTIN, TX  78717","MEADOWS OF BRUSHY CREEK, BLOCK N, LOT 5","R230592E"," ","S4082 - Meadows Of Brushy Creek","Real","$617,636","$617,636"
"R094823","R-16-4495-000N-0004","RYBIN, DMITRY & ELIZAVETA RYBINA","15903 BRAESGATE DR  AUSTIN, TX 78717","15903 BRAESGATE DR, AUSTIN, TX  78717","MEADOWS OF BRUSHY CREEK, BLOCK N, LOT 4","R230592E"," ","S4082 - Meadows Of Brushy Creek","Real","$496,539","$496,539"
"R094824","R-16-4495-000N-0003","GAONA, ENRIQUE G & GLORIA S","15901 BRAESGATE DR  AUSTIN, TX 78717-4817","15901 BRAESGATE DR, AUSTIN, TX  78717","MEADOWS OF BRUSHY CREEK, BLOCK N, LOT 3","R230592E"," ","S4082 - Meadows Of Brushy Creek","Real","$515,525","$515,525"
"R094825","R-16-4495-000N-0002","OLIVER, RAMONA","15912 RUSTIC LN AUSTIN, TX 78717-4840","15912 RUSTIC LN, AUSTIN, TX  78717","MEADOWS OF BRUSHY CREEK, BLOCK N, LOT 2","R230592E"," ","S4082 - Meadows Of Brushy Creek","Real","$616,778","$616,778"
"R094826","R-16-4495-000N-0001","BLAIR, RYAN JOHN & AMY LOUISE","8901 PEPPER ROCK DR  AUSTIN, TX 78717","8901 PEPPER ROCK DR, AUSTIN, TX  78717","MEADOWS OF BRUSHY CREEK, BLOCK N, LOT 1","R230592E"," ","S4082 - Meadows Of Brushy Creek","Real","$606,791","$606,791"
"R094827","R-16-4495-000H-0029","FOGEL, ISRAEL & LIRAN ZEHEVI","8813 GRAPE CV  AUSTIN, TX 78717","8813 GRAPE CV, AUSTIN, TX  78717","MEADOWS OF BRUSHY CREEK, BLOCK H, LOT 29","R230592E"," ","S4082 - Meadows Of Brushy Creek","Real","$594,513","$594,513"
"R094828","R-16-4495-000H-0038","LOGIUDICE, SHARON","8701 WHITE CREEK DR  AUSTIN, TX 78717","8701 WHITE CREEK DR, AUSTIN, TX  78717","MEADOWS OF BRUSHY CREEK, BLOCK H, LOT 38","R230592E"," ","S4082 - Meadows Of Brushy Creek","Real","$567,669","$567,669"
"R094829","R-16-4495-000H-0037","RAWSON, JOANNE PATRICIA TRUSTEE OF THE RAWSON FAMILY TRUST","16205 WHITE CREEK CV  AUSTIN, TX 78717","16205 WHITE CREEK CV, AUSTIN, TX  78717","MEADOWS OF BRUSHY CREEK, BLOCK H, LOT 37","R230592E"," ","S4082 - Meadows Of Brushy Creek","Real","$626,151","$626,151"
"R094830","R-16-4495-000H-0036","SHARMA, VAIBHAV & AANCHAL PRAKASH","16203 WHITE CREEK CV  AUSTIN, TX 78717-3002","16203 WHITE CREEK CV, AUSTIN, TX  78717","MEADOWS OF BRUSHY CREEK, BLOCK H, LOT 36","R230592E"," ","S4082 - Meadows Of Brushy Creek","Real","$578,221","$578,221"
"R094831","R-16-4495-000H-0035","WU, JENNFONG & I-LING HUANG","16201 WHITE CREEK CV  AUSTIN, TX 78717","16201 WHITE CREEK CV, AUSTIN, TX  78717","MEADOWS OF BRUSHY CREEK, BLOCK H, LOT 35","R230592E"," ","S4082 - Meadows Of Brushy Creek","Real","$749,852","$749,852"
"R094832","R-16-4495-000H-0034","LE, HUY","16200 WHITE CREEK CV  AUSTIN, TX 78717","16200 WHITE CREEK CV, AUSTIN, TX  78717","MEADOWS OF BRUSHY CREEK, BLOCK H, LOT 34","R230592E"," ","S4082 - Meadows Of Brushy Creek","Real","$622,742","$622,742"
"R094833","R-16-4495-000H-0033","FARMER, KIRSTEN MARIE","16202 WHITE CREEK CV  AUSTIN, TX 78717","16202 WHITE CREEK CV, AUSTIN, TX  78717","MEADOWS OF BRUSHY CREEK, BLOCK H, LOT 33","R230592E"," ","S4082 - Meadows Of Brushy Creek","Real","$676,732","$676,732"
"R094834","R-16-4495-000H-0032","JARMUSCH, JOSEPH R & WENDY J & AUSTIN DANIEL","16204 WHITE CREEK CV  AUSTIN, TX 78717","16204 WHITE CREEK CV, AUSTIN, TX  78717","MEADOWS OF BRUSHY CREEK, BLOCK H, LOT 32","R230592E"," ","S4082 - Meadows Of Brushy Creek","Real","$724,580","$724,580"
"R094835","R-16-4495-000H-0031","CHATEAU, JOSEPH E & ISABEL SILVA CHATEAU","16206 WHITE CREEK CV AUSTIN, TX 78717-3002","16206 WHITE CREEK CV, AUSTIN, TX  78717","MEADOWS OF BRUSHY CREEK, BLOCK H, LOT 31","R230592E"," ","S4082 - Meadows Of Brushy Creek","Real","$519,569","$519,569"
"R094836","R-16-4495-000H-0030","PEPE, MICHAEL V & CHRISTI R","8811 GRAPE CV AUSTIN, TX 78717-3001","8811 GRAPE CV, AUSTIN, TX  78717","MEADOWS OF BRUSHY CREEK, BLOCK H, LOT 30","R230592E"," ","S4082 - Meadows Of Brushy Creek","Real","$662,237","$662,237"
"R094838","R-16-4495-000H-0028","WILCOX, MARGARET E","8817 GRAPE CV AUSTIN, TX 78717-3001","8815 GRAPE CV, AUSTIN, TX  78717","MEADOWS OF BRUSHY CREEK, BLOCK H, LOT 28, (DEL06)","R230592E"," ","S4082 - Meadows Of Brushy Creek","Real","$30,000","$30,000"
"R094839","R-16-4495-000H-0027","LOFARO, JOHANNA (TOD) & SAMUEL D (TOD)","8817 GRAPE CV  AUSTIN, TX 78717-3001","8817 GRAPE CV, AUSTIN, TX  78717","S4082 - Meadows Of Brushy Creek, BLOCK H, Lot 27-28","R230592E"," ","S4082 - Meadows Of Brushy Creek","Real","$617,951","$617,951"
"R094840","R-16-4495-000H-0026","LYNCH, JAY ALLEN","8818 GRAPE CV  AUSTIN, TX 78717-3001","8818 GRAPE CV, AUSTIN, TX  78717","MEADOWS OF BRUSHY CREEK, BLOCK H, LOT 26","R230592E"," ","S4082 - Meadows Of Brushy Creek","Real","$730,633","$730,633"
"R094841","R-16-4495-000H-0025","WESTERMANN, TIMOTHY & KAREN","8816 GRAPE CV  AUSTIN, TX 78717","8816 GRAPE CV, AUSTIN, TX  78717","MEADOWS OF BRUSHY CREEK, BLOCK H, LOT 25","R230592E"," ","S4082 - Meadows Of Brushy Creek","Real","$514,460","$514,460"
"R094842","R-16-4495-000H-0024","BISTLINE, DALE","8814 GRAPE CV  AUSTIN, TX 78717","8814 GRAPE CV, AUSTIN, TX  78717","MEADOWS OF BRUSHY CREEK, BLOCK H, LOT 24","R230592E"," ","S4082 - Meadows Of Brushy Creek","Real","$571,824","$571,824"
"R094843","R-16-4495-000H-0023","ARREOLA, JESUS JR & MEGAN M MALONEY","8812 GRAPE CV  AUSTIN, TX 78717-3001","8812 GRAPE CV, AUSTIN, TX  78717","MEADOWS OF BRUSHY CREEK, BLOCK H, LOT 23","R230592E"," ","S4082 - Meadows Of Brushy Creek","Real","$680,416","$680,416"
"R094844","R-16-4495-000H-0022","CHUN, CHRISTOPHER KY","8810 GRAPE CV  AUSTIN, TX 78717","8810 GRAPE CV, AUSTIN, TX  78717","MEADOWS OF BRUSHY CREEK, BLOCK H, LOT 22","R230592E"," ","S4082 - Meadows Of Brushy Creek","Real","$635,517","$635,517"
"R094845","R-16-4495-000H-0021","SHATTUCK, FRANK E III","8817 SPLITARROW DR AUSTIN, TX 78717-3040","8817 SPLITARROW DR, AUSTIN, TX  78717","MEADOWS OF BRUSHY CREEK, BLOCK H, LOT 21","R230592E"," ","S4082 - Meadows Of Brushy Creek","Real","$558,966","$558,966"
"R094846","R-16-4495-000H-0020","BROCK, LARRY & ANITA S","8819 SPLITARROW DR AUSTIN, TX 78717-3040","8819 SPLITARROW DR, AUSTIN, TX  78717","MEADOWS OF BRUSHY CREEK, BLOCK H, LOT 20","R230592E"," ","S4082 - Meadows Of Brushy Creek","Real","$440,756","$440,756"
"R094847","R-16-4495-000H-0019","HANNA, RICHARD L & JANICE L","8821 SPLITARROW DR  AUSTIN, TX 78717","8821 SPLITARROW DR, AUSTIN, TX  78717","MEADOWS OF BRUSHY CREEK, BLOCK H, LOT 19","R230592E"," ","S4082 - Meadows Of Brushy Creek","Real","$624,709","$624,709"
"R094848","R-16-4495-000H-0018","MATTHEWS, WILLIAM SCOTT & MELONEY J","8823 SPLITARROW DR AUSTIN, TX 78717-3040","8823 SPLITARROW DR, AUSTIN, TX  78717","MEADOWS OF BRUSHY CREEK, BLOCK H, LOT 18","R230592E"," ","S4082 - Meadows Of Brushy Creek","Real","$527,556","$527,556"
"R094849","R-16-4495-000H-0017","GRZINICH JOHN C & ANN MARIE TRUSTEES OF THE JC & AM GRZINICH LIVING TRUST","16211 DORMAN DR  AUSTIN, TX 78717-4805","16211 DORMAN DR, AUSTIN, TX  78717","MEADOWS OF BRUSHY CREEK, BLOCK H, LOT 17","R230592E"," ","S4082 - Meadows Of Brushy Creek","Real","$619,249","$619,249"
"R094850","R-16-4495-000H-0016","MURRAY, BENJAMIN JOSEPH & ALLISON","16209 W DORMAN DR  AUSTIN, TX 78717-4805","16209 DORMAN DR W, AUSTIN, TX  78717","MEADOWS OF BRUSHY CREEK, BLOCK H, LOT 16","R230592E"," ","S4082 - Meadows Of Brushy Creek","Real","$651,144","$651,144"
"R094851","R-16-4495-000H-0015","BIBLE, JEFFREY RUSSELL & HEATHER MARTIN","16207 DORMAN DR  AUSTIN, TX 78717","16207 DORMAN DR, AUSTIN, TX  78717","MEADOWS OF BRUSHY CREEK, BLOCK H, LOT 15","R230592E"," ","S4082 - Meadows Of Brushy Creek","Real","$637,982","$637,982"
"R094852","R-16-4495-000H-0014","GARZA, JUBEY JR & MARISELA","16205 W DORMAN DR AUSTIN, TX 78717-4805","16205 DORMAN DR, AUSTIN, TX  78717","MEADOWS OF BRUSHY CREEK, BLOCK H, LOT 14","R230592E"," ","S4082 - Meadows Of Brushy Creek","Real","$527,819","$527,819"
"R094853","R-16-4495-000H-0013","RICHTER, THOMAS H & CATHY C","8808 FRITSCH DR AUSTIN, TX 78717-4814","8808 FRITSCH DR, AUSTIN, TX  78717","MEADOWS OF BRUSHY CREEK, BLOCK H, LOT 13","R230592E"," ","S4082 - Meadows Of Brushy Creek","Real","$632,901","$632,901"
"R094854","R-16-4495-000H-0012","BUESING, CRAIG A","8806 FRITSCH DR  AUSTIN, TX 78717","8806 FRITSCH DR, AUSTIN, TX  78717","MEADOWS OF BRUSHY CREEK, BLOCK H, LOT 12","R230592E"," ","S4082 - Meadows Of Brushy Creek","Real","$441,479","$441,479"
"R094855","R-16-4495-000H-0011","CAMPBELL, BRIAN & JULIE","8804 FRITSCH DR  AUSTIN, TX 78717","8804 FRITSCH DR, AUSTIN, TX  78717","MEADOWS OF BRUSHY CREEK, BLOCK H, LOT 11","R230592E"," ","S4082 - Meadows Of Brushy Creek","Real","$601,161","$601,161"
"R094856","R-16-4495-000H-0010","CASTELLO, JAQUES & MAGDA DA SILVA PANDINI","8802 FRITSCH DR  AUSTIN, TX 78717-4814","8802 FRITSCH DR, AUSTIN, TX  78717","MEADOWS OF BRUSHY CREEK, BLOCK H, LOT 10","R230592E"," ","S4082 - Meadows Of Brushy Creek","Real","$640,828","$640,828"
"R094857","R-16-4495-000H-0009","PERKINS, CHRISTOPHER F & HEATHER A MESSER","8800 FRITSCH DR  AUSTIN, TX 78717","8800 FRITSCH DR, AUSTIN, TX  78717","MEADOWS OF BRUSHY CREEK, BLOCK H, LOT 9","R230592E"," ","S4082 - Meadows Of Brushy Creek","Real","$422,502","$422,502"
"R094858","R-16-4495-000H-0008","WAKEMAN, CHENEY ELIZABETH","8714 FRITSCH DR  AUSTIN, TX 78717","8714 FRITSCH DR, AUSTIN, TX  78717","MEADOWS OF BRUSHY CREEK, BLOCK H, LOT 8","R230592E"," ","S4082 - Meadows Of Brushy Creek","Real","$621,125","$621,125"
"R094859","R-16-4495-000H-0007","TAM NGOC CHAU STAVROWSKY & VINCENT BRYANT STAVROWSKY COTRS KABOOMSKY TRUST","872 FRITSCH DR  AUSTIN, TX 78717","8712 FRITSCH DR, AUSTIN, TX  78717","MEADOWS OF BRUSHY CREEK, BLOCK H, LOT 7","R230592E"," ","S4082 - Meadows Of Brushy Creek","Real","$527,912","$527,912"
"R094860","R-16-4495-000H-0006","WILLIAM ALEKSOVSKI & JOYCE ALEKSOVSKI TRS WAJA TRUST","8710 FRITSCH DR  AUSTIN, TX 78717-4813","8710 FRITSCH DR, AUSTIN, TX  78717","MEADOWS OF BRUSHY CREEK, BLOCK H, LOT 6","R230592E"," ","S4082 - Meadows Of Brushy Creek","Real","$684,887","$684,887"
"R094861","R-16-4495-000H-0005","MORRISON THOMAS KEVIN & MORRISON ANN MARIE TRUSTEES OF THE TOM AND ANN MORRISON","8708 FRITSCH DR  AUSTIN, TX 78717","8708 FRITSCH DR, AUSTIN, TX  78717","MEADOWS OF BRUSHY CREEK, BLOCK H, LOT 5","R230592E"," ","S4082 - Meadows Of Brushy Creek","Real","$661,241","$661,241"
"R094862","R-16-4495-000H-0004","HALDIPUR, ANSHUL (TOD) & SHWETA (TOD)","8706 FRITSCH DR  AUSTIN, TX 78717","8706 FRITSCH DR, AUSTIN, TX  78717","MEADOWS OF BRUSHY CREEK, BLOCK H, LOT 4","R230592E"," ","S4082 - Meadows Of Brushy Creek","Real","$711,997","$711,997"
"R094863","R-16-4495-000H-0003","VENKATARAMAPPA, VISHWANATH","8704 FRITSCH DR  AUSTIN, TX 78717","8704 FRITSCH DR, AUSTIN, TX  78717","MEADOWS OF BRUSHY CREEK, BLOCK H, LOT 3","R230592E"," ","S4082 - Meadows Of Brushy Creek","Real","$574,341","$574,341"
"R094864","R-16-4495-000H-0002","FELIX, CHARLES JOSEPH & THOMAS DEAL CANTWELL","8702 FRITISH DR  AUSTIN, TX 78717","8702 FRITSCH DR, AUSTIN, TX  78717","MEADOWS OF BRUSHY CREEK, BLOCK H, LOT 2","R230592E"," ","S4082 - Meadows Of Brushy Creek","Real","$545,507","$545,507"
"R094865","R-16-4495-000H-0001","LUPTON, ANGUS C & MICHELLE E","8700 FRITSCH DR  AUSTIN, TX 78717","8700 FRITSCH DR, AUSTIN, TX  78717","MEADOWS OF BRUSHY CREEK, BLOCK H, LOT 1","R230592E"," ","S4082 - Meadows Of Brushy Creek","Real","$573,659","$573,659"
"R094867","R-16-4495-000G-0018","KARRIS, GLADYS M (LE)","8700 WHITE CREEK DR  AUSTIN, TX 78717-3045","8700 WHITE CREEK DR, AUSTIN, TX  78717","MEADOWS OF BRUSHY CREEK, BLOCK G, LOT 18","R230592E"," ","S4082 - Meadows Of Brushy Creek","Real","$434,392","$434,392"
"R094868","R-16-4495-000G-0017","WANG, GEORGE & LEPING WAN","8702 WHITE CREEK DR  AUSTIN, TX 78717","8702 WHITE CREEK DR, AUSTIN, TX  78717","MEADOWS OF BRUSHY CREEK, BLOCK G, LOT 17","R230592E"," ","S4082 - Meadows Of Brushy Creek","Real","$593,832","$593,832"
"R094869","R-16-4495-000G-0016","NATTINGER, DARREN M & LAURA L","8708 WHITE CREEK DR  AUSTIN, TX 78717","8708 WHITE CREEK DR, AUSTIN, TX  78717","MEADOWS OF BRUSHY CREEK, BLOCK G, LOT 16","R230592E"," ","S4082 - Meadows Of Brushy Creek","Real","$730,027","$730,027"
"R094870","R-16-4495-000G-0015","STONESTREET, TIM & CHRISTY","8807 GRAPE CV  AUSTIN, TX 78717","8807 GRAPE CV, AUSTIN, TX  78717","MEADOWS OF BRUSHY CREEK, BLOCK G, LOT 15","R230592E"," ","S4082 - Meadows Of Brushy Creek","Real","$621,265","$621,265"
"R094871","R-16-4495-000G-0014","FARIAS, RICHARD E & SUSAN FARIAS","8805 GRAPE CV  AUSTIN, TX 78717","8805 GRAPE CV, AUSTIN, TX  78717","MEADOWS OF BRUSHY CREEK, BLOCK G, LOT 14","R230592E"," ","S4082 - Meadows Of Brushy Creek","Real","$604,650","$604,650"
"R094872","R-16-4495-000G-0013","DESAI, GAUTAM ISHVERLAL & HINA G & DIP GAUTAM","8803 GRAPE CV  AUSTIN, TX 78717","8803 GRAPE CV, AUSTIN, TX  78717","MEADOWS OF BRUSHY CREEK, BLOCK G, LOT 13","R230592E"," ","S4082 - Meadows Of Brushy Creek","Real","$570,352","$570,352"
"R094873","R-16-4495-000G-0012","GIANNINI, MATTHEW & AMY M","8801 GRAPE CV  AUSTIN, TX 78717","8801 GRAPE CV, AUSTIN, TX  78717","MEADOWS OF BRUSHY CREEK, BLOCK G, LOT 12","R230592E"," ","S4082 - Meadows Of Brushy Creek","Real","$636,742","$636,742"
"R094874","R-16-4495-000G-0011","SIMMONS, TAMMY & JOSEPH KNOTTENBELT","8800 GRAPE CV  AUSTIN, TX 78717","8800 GRAPE CV, AUSTIN, TX  78717","MEADOWS OF BRUSHY CREEK, BLOCK G, LOT 11","R230592E"," ","S4082 - Meadows Of Brushy Creek","Real","$520,950","$520,950"
"R094875","R-16-4495-000G-0010","SAXENA, SANCHIT (TOD) & CHARU GUPTA (TOD)","8802 GRAPE CV  AUSTIN, TX 78717-3000","8802 GRAPE CV, AUSTIN, TX  78717","MEADOWS OF BRUSHY CREEK, BLOCK G, LOT 10","R230592E"," ","S4082 - Meadows Of Brushy Creek","Real","$613,353","$613,353"
"R094876","R-16-4495-000G-0009","CASERIO, BARBARA N","8804 GRAPE CV  AUSTIN, TX 78717-3000","8804 GRAPE CV, AUSTIN, TX  78717","MEADOWS OF BRUSHY CREEK, BLOCK G, LOT 9","R230592E"," ","S4082 - Meadows Of Brushy Creek","Real","$654,169","$678,318"
"R094877","R-16-4495-000G-0008","ROBERT BEDROS HAIG & MINDY MILONE HAIG TRS OF THE HAIG FAMILY TRUST","8806 GRAPE CV  AUSTIN, TX 78717-3000","8806 GRAPE CV, AUSTIN, TX  78717","MEADOWS OF BRUSHY CREEK, BLOCK G, LOT 8","R230592E"," ","S4082 - Meadows Of Brushy Creek","Real","$631,295","$631,295"
"R094878","R-16-4495-000G-0007","AHMAD, NADIAH & JAMES READ & KATHERINE READ","8813 SPLITARROW DR  AUSTIN, TX 78717-3039","8813 SPLITARROW DR, AUSTIN, TX  78717","MEADOWS OF BRUSHY CREEK, BLOCK G, LOT 7","R230592E"," ","S4082 - Meadows Of Brushy Creek","Real","$588,853","$588,853"
"R094879","R-16-4495-000G-0006","NORTON, CHRISTINE H & GREGORY","8811 SPLITARROW DR  AUSTIN, TX 78717","8811 SPLITARROW DR, AUSTIN, TX  78717","MEADOWS OF BRUSHY CREEK, BLOCK G, LOT 6","R230592E"," ","S4082 - Meadows Of Brushy Creek","Real","$674,352","$674,352"
"R094880","R-16-4495-000G-0005","LI, YUAN","8409 CALEDONIA DR AUSTIN, TX 78717-5432","8809 SPLITARROW DR, AUSTIN, TX  78717","MEADOWS OF BRUSHY CREEK, BLOCK G, LOT 5","R230592E"," ","S4082 - Meadows Of Brushy Creek","Real","$431,344","$431,344"
"R094881","R-16-4495-000G-0004","SRIVASTAVA, AMIT K & SWATI","8807 SPLIT ARROW DR  AUSTIN, TX 78717","8807 SPLIT ARROW DR, AUSTIN, TX  78717","MEADOWS OF BRUSHY CREEK, BLOCK G, LOT 4","R230592E"," ","S4082 - Meadows Of Brushy Creek","Real","$587,062","$587,062"
"R094882","R-16-4495-000G-0003","HENNIG, GREGORY L & STACIE S","8805 SPLITARROW DR  AUSTIN, TX 78717","8805 SPLITARROW DR, AUSTIN, TX  78717","MEADOWS OF BRUSHY CREEK, BLOCK G, LOT 3","R230592E"," ","S4082 - Meadows Of Brushy Creek","Real","$682,259","$682,259"
"R094883","R-16-4495-000G-0002","NEELEY, CHARLES B & JULIA E","8803 SPLITARROW DR  AUSTIN, TX 78717-3039","8803 SPLITARROW DR, AUSTIN, TX  78717","MEADOWS OF BRUSHY CREEK, BLOCK G, LOT 2","R230592E"," ","S4082 - Meadows Of Brushy Creek","Real","$570,108","$570,108"
"R094884","R-16-4495-000G-0001","CANTRELL, MICHAEL & ELIZABETH","8801 SPLITARROW DR  AUSTIN, TX 78717-3039","8801 SPLITARROW DR, AUSTIN, TX  78717","MEADOWS OF BRUSHY CREEK, BLOCK G, LOT 1","R230592E"," ","S4082 - Meadows Of Brushy Creek","Real","$616,597","$616,597"
"R094885","R-16-4495-000F-0040","CASTILLO, JANDA ALEESE & JOSE JUAN","8800 SPLITARROW DR  AUSTIN, TX 78717","8800 SPLITARROW DR, AUSTIN, TX  78717","MEADOWS OF BRUSHY CREEK, BLOCK F, LOT 40","R230592E"," ","S4082 - Meadows Of Brushy Creek","Real","$562,050","$562,050"
"R094886","R-16-4495-000F-0039","BURNETT, JOE B","8802 SPLITARROW DR AUSTIN, TX 78717-3038","8802 SPLITARROW DR, AUSTIN, TX  78717","MEADOWS OF BRUSHY CREEK, BLOCK F, LOT 39","R230592E"," ","S4082 - Meadows Of Brushy Creek","Real","$460,573","$460,573"
"R094887","R-16-4495-000F-0038","DUPERIER, ROBERT JUDSON","3802 POWDERHORN DR ROUND ROCK, TX 78681-2539","8804 SPLITARROW DR, AUSTIN, TX  78717","MEADOWS OF BRUSHY CREEK, BLOCK F, LOT 38","R230592E"," ","S4082 - Meadows Of Brushy Creek","Real","$435,345","$435,345"
"R094888","R-16-4495-000F-0037","HUTCHENS JOSEPH B & LINDA M TRUSTEES OF HUTCHENS FAMILY TRUST","225 S SHOWHORSE DR  LIBERTY HILL, TX 78642-3933","8806 SPLITARROW DR, AUSTIN, TX  78717","MEADOWS OF BRUSHY CREEK, BLOCK F, LOT 37","R230592E"," ","S4082 - Meadows Of Brushy Creek","Real","$443,532","$443,532"
"R094889","R-16-4495-000F-0036","TRAN, THANH THUY","8808 SPLITARROW DR  AUSTIN, TX 78717","8808 SPLITARROW DR, AUSTIN, TX  78717","MEADOWS OF BRUSHY CREEK, BLOCK F, LOT 36","R230592E"," ","S4082 - Meadows Of Brushy Creek","Real","$455,789","$455,789"
"R094890","R-16-4495-000F-0035","KILLIAN, MICHAEL E & MAIE","8810 SPLITARROW DR  AUSTIN, TX 78717-3038","8810 SPLITARROW DR, AUSTIN, TX  78717","MEADOWS OF BRUSHY CREEK, BLOCK F, LOT 35","R230592E"," ","S4082 - Meadows Of Brushy Creek","Real","$634,253","$634,253"
"R094891","R-16-4495-000F-0033","SALAZAR, PHILLIP A & LAURA MARIE","8814 SPLITARROW DR AUSTIN, TX 78717-3038","8814 SPLITARROW DR, AUSTIN, TX  78717","MEADOWS OF BRUSHY CREEK, BLOCK F, LOT 33","R230592E"," ","S4082 - Meadows Of Brushy Creek","Real","$544,114","$544,114"
"R094892","R-16-4495-000F-0032","MARAK, CONNIE Y (TOD)","8816 SPLITARROW DR  AUSTIN, TX 78717-3038","8816 SPLITARROW DR, AUSTIN, TX  78717","MEADOWS OF BRUSHY CREEK, BLOCK F, LOT 32","R230592E"," ","S4082 - Meadows Of Brushy Creek","Real","$437,035","$437,035"
"R094893","R-16-4495-000F-0031","TRACY DUANE TROYER & DENELL KATHLEEN TROYER TSTES OF TROYER MANAGEMENT TST","8818 SPLITARROW DR  AUSTIN, TX 78717","8818 SPLITARROW DR, AUSTIN, TX  78717","MEADOWS OF BRUSHY CREEK, BLOCK F, LOT 31","R230592E"," ","S4082 - Meadows Of Brushy Creek","Real","$690,530","$690,530"
"R094894","R-16-4495-000F-0030","ZIMMERMAN, LORA ANN","8820 SPLITARROW DR  AUSTIN, TX 78717","8820 SPLITARROW DR, AUSTIN, TX  78717","MEADOWS OF BRUSHY CREEK, BLOCK F, LOT 30","R230592E"," ","S4082 - Meadows Of Brushy Creek","Real","$676,112","$676,112"
"R094895","R-16-4495-000F-0029","STORMS, MAGDALENA L","8822 SPLITARROW DR  AUSTIN, TX 78717","8822 SPLITARROW DR, AUSTIN, TX  78717","MEADOWS OF BRUSHY CREEK, BLOCK F, LOT 29","R230592E"," ","S4082 - Meadows Of Brushy Creek","Real","$735,575","$735,575"
"R094896","R-16-4495-000F-0028","SCOTT, LOUIS E & LOMA M","8905 SHARPSTONE TRL  AUSTIN, TX 78717-3033","8905 SHARPSTONE TRL, AUSTIN, TX  78717","MEADOWS OF BRUSHY CREEK, BLOCK F, LOT 28","R230592E"," ","S4082 - Meadows Of Brushy Creek","Real","$587,690","$587,690"
"R094897","R-16-4495-000F-0027","CULPEPPER, GLORIA RIVAS","8903 SHARPSTONE TRL  AUSTIN, TX 78717","8903 SHARPSTONE TRL, AUSTIN, TX  78717","MEADOWS OF BRUSHY CREEK, BLOCK F, LOT 27","R230592E"," ","S4082 - Meadows Of Brushy Creek","Real","$493,293","$493,293"
"R094898","R-16-4495-000F-0026","JORGENS, JAY & DOREEN","P O BOX 201171 AUSTIN, TX 78720-1171","8901 SHARPSTONE TRL, AUSTIN, TX  78717","MEADOWS OF BRUSHY CREEK, BLOCK F, LOT 26","R230592E"," ","S4082 - Meadows Of Brushy Creek","Real","$486,596","$486,596"
"R094899","R-16-4495-000F-0025","SOLIS, MANUEL A & ESPERANZA C","8900 SHARPSTONE TRL AUSTIN, TX 78717-3033","8900 SHARPSTONE TRL, AUSTIN, TX  78717","MEADOWS OF BRUSHY CREEK, BLOCK F, LOT 25","R230592E"," ","S4082 - Meadows Of Brushy Creek","Real","$672,978","$672,978"
"R094900","R-16-4495-000F-0024","HAMMELL, PATRICIA LYNN","8902 SHARPSTONE TRL AUSTIN, TX 78717-3033","8902 SHARPSTONE TRL, AUSTIN, TX  78717","MEADOWS OF BRUSHY CREEK, BLOCK F, LOT 24","R230592E"," ","S4082 - Meadows Of Brushy Creek","Real","$544,178","$544,178"
"R094901","R-16-4495-000F-0023","BROWN, LEAH & KYLE","8904 SHARPSTONE TRL  AUSTIN, TX 78717-3033","8904 SHARPSTONE TRL, AUSTIN, TX  78717","MEADOWS OF BRUSHY CREEK, BLOCK F, LOT 23","R230592E"," ","S4082 - Meadows Of Brushy Creek","Real","$613,640","$613,640"
"R094902","R-16-4495-000F-0022","WALKER, GLORIA","16401 W DORMAN DR AUSTIN, TX 78717-3004","16401 DORMAN DR W, AUSTIN, TX  78717","MEADOWS OF BRUSHY CREEK, BLOCK F, LOT 22","R230592E"," ","S4082 - Meadows Of Brushy Creek","Real","$492,483","$492,483"
"R094903","R-16-4495-000F-0021","PATTERSON, HARROLD P & PATSY B","16408 POCONO DR  AUSTIN, TX 78717","16408 POCONO DR, AUSTIN, TX  78717","MEADOWS OF BRUSHY CREEK, BLOCK F, LOT 21","R230592E"," ","S4082 - Meadows Of Brushy Creek","Real","$608,002","$608,002"
"R094904","R-16-4495-000F-0020","KLOPPE, PAUL & ESTER LUGO","16406 POCONO DR  AUSTIN, TX 78717","16406 POCONO DR, AUSTIN, TX  78717","MEADOWS OF BRUSHY CREEK, BLOCK F, LOT 20","R230592E"," ","S4082 - Meadows Of Brushy Creek","Real","$690,670","$690,670"
"R094905","R-16-4495-000F-0019","OH, KEE JOON & REBECCA YOUNG MIN","13011 PEBBLEBRCOK DR  HOUSTON, TX 77079","16404 POCONO DR, AUSTIN, TX  78717","MEADOWS OF BRUSHY CREEK, BLOCK F, LOT 19","R230592E"," ","S4082 - Meadows Of Brushy Creek","Real","$561,187","$561,187"
"R094906","R-16-4495-000F-0018","RICHARD, HARSHA & DIVYA","16402 POCONO DR  AUSTIN, TX 78717-3043","16402 POCONO DR, AUSTIN, TX  78717","MEADOWS OF BRUSHY CREEK, BLOCK F, LOT 18","R230592E"," ","S4082 - Meadows Of Brushy Creek","Real","$457,545","$457,545"
"R094907","R-16-4495-000F-0017","MURRAY, PAUL E","16400 POCONO DR  AUSTIN, TX 78717","16400 POCONO DR, AUSTIN, TX  78717","MEADOWS OF BRUSHY CREEK, BLOCK F, LOT 17","R230592E"," ","S4082 - Meadows Of Brushy Creek","Real","$600,479","$600,479"
"R094908","R-16-4495-000F-0016","DENSLOW, ANDREW CHARLES","16401 POCONO DR  AUSTIN, TX 78717","16401 POCONO DR, AUSTIN, TX  78717","MEADOWS OF BRUSHY CREEK, BLOCK F, LOT 16","R230592E"," ","S4082 - Meadows Of Brushy Creek","Real","$593,105","$593,105"
"R094910","R-16-4495-000F-0015","DOUGLASS, HEATHER","16403 POCONO DR  AUSTIN, TX 78717","16403 POCONO DR, AUSTIN, TX  78717","MEADOWS OF BRUSHY CREEK, BLOCK F, LOT 15","R230592E"," ","S4082 - Meadows Of Brushy Creek","Real","$417,460","$417,460"
"R094911","R-16-4495-000F-0014","JAWORSKI, SHANE E & MELANIE M","16405 POCONO DR  AUSTIN, TX 78717-3043","16405 POCONO DR, AUSTIN, TX  78717","MEADOWS OF BRUSHY CREEK, BLOCK F, LOT 14","R230592E"," ","S4082 - Meadows Of Brushy Creek","Real","$446,144","$446,144"
"R094912","R-16-4495-000F-0013","BURNS, DAVID P & LISA K","16407 POCONO DR  AUSTIN, TX 78717-3043","16407 POCONO DR, AUSTIN, TX  78717","MEADOWS OF BRUSHY CREEK, BLOCK F, LOT 13","R230592E"," ","S4082 - Meadows Of Brushy Creek","Real","$526,102","$526,102"
"R094913","R-16-4495-000F-0012","CANTU, CHRISTOPHER MARTIN & NGOC NGUYEN CANTU","16409 POCONO DR  AUSTIN, TX 78717-3043","16409 POCONO DR, AUSTIN, TX  78717","MEADOWS OF BRUSHY CREEK, BLOCK F, LOT 12","R230592E"," ","S4082 - Meadows Of Brushy Creek","Real","$557,685","$557,685"
"R094914","R-16-4495-000F-0011","SLEDGE, MIKEL T (TOD) & KRISTY L (TOD)","16501 W DORMAN DR  AUSTIN, TX 78717-3042","16501 DORMAN DR, AUSTIN, TX  78717","S4082 - Meadows Of Brushy Creek, BLOCK F, Lot 11","R230592E"," ","S4082 - Meadows Of Brushy Creek","Real","$523,508","$523,508"
"R094915","R-16-4495-000F-0010","MARTINEZ, MARCOS G","16408 PARALEE CV  AUSTIN, TX 78717","16408 PARALEE CV, AUSTIN, TX  78717","MEADOWS OF BRUSHY CREEK, BLOCK F, LOT 10","R230592E"," ","S4082 - Meadows Of Brushy Creek","Real","$614,867","$614,867"
"R094916","R-16-4495-000F-0009","SUBRAMANIAN ROHAN KRISHNA & LINDSEY MERYL GALLINEK","16406 PARALEE CV  AUSTIN, TX 78717","16406 PARALEE CV, AUSTIN, TX  78717","MEADOWS OF BRUSHY CREEK, BLOCK F, LOT 9","R230592E"," ","S4082 - Meadows Of Brushy Creek","Real","$581,011","$581,011"
"R094917","R-16-4495-000F-0008","TIMMINS, ANN M","16404 PARALEE CV AUSTIN, TX 78717-3036","16404 PARALEE CV, AUSTIN, TX  78717","MEADOWS OF BRUSHY CREEK, BLOCK F, LOT 8","R230592E"," ","S4082 - Meadows Of Brushy Creek","Real","$467,121","$467,121"
"R094918","R-16-4495-000F-0007","HALL, LYNNE YVONNE","16402 PARALEE CV AUSTIN, TX 78717-3036","16402 PARALEE CV, AUSTIN, TX  78717","MEADOWS OF BRUSHY CREEK, BLOCK F, LOT 7","R230592E"," ","S4082 - Meadows Of Brushy Creek","Real","$524,450","$524,450"
"R094919","R-16-4495-000C-0001","OAK BROOK HOMEOWNERS ASS INC","c/o GOODWIN MANAGEMENT, INC P.O. BOX 203310 AUSTIN, TX 78720-3310","9011 O'CONNOR DR, AUSTIN, TX  78717","S4082 - Meadows Of Brushy Creek, BLOCK C, Lot 1, ACRES 0.147, (OPEN SPACE)","R230592E"," ","S4082 - Meadows Of Brushy Creek","Real","$300","$300"
"R094920","R-16-4495-000C-0002","GHARBI, FATEMEH","9005 BRIMSTONE LN AUSTIN, TX 78717-3017","9009 O'CONNOR DR, AUSTIN, TX  78717","MEADOWS OF BRUSHY CREEK, BLOCK C, LOT 2","R230592E"," ","S4082 - Meadows Of Brushy Creek","Real","$490,257","$490,257"
"R094921","R-16-4495-000C-0003","LEANDRA, CAROLE A","9007 OCONNOR DR AUSTIN, TX 78717-2922","9007 O'CONNOR DR, AUSTIN, TX  78717","MEADOWS OF BRUSHY CREEK, BLOCK C, LOT 3","R230592E"," ","S4082 - Meadows Of Brushy Creek","Real","$480,628","$480,628"
"R094922","R-16-4495-000C-0004","HOFFMAN, DIRK & CHRISTY LEIGH","9005 OCONNOR DR  AUSTIN, TX 78717","9005 O'CONNOR DR, AUSTIN, TX  78717","MEADOWS OF BRUSHY CREEK, BLOCK C, LOT 4","R230592E"," ","S4082 - Meadows Of Brushy Creek","Real","$456,533","$456,533"
"R094923","R-16-4495-000C-0005","WILLIAM & MARTHA BURNS REVOCABLE TRUST","9003 OCONNOR DR  AUSTIN, TX 78717-2922","9003 O'CONNOR DR, AUSTIN, TX  78717","MEADOWS OF BRUSHY CREEK, BLOCK C, LOT 5","R230592E"," ","S4082 - Meadows Of Brushy Creek","Real","$419,165","$419,165"
"R094924","R-16-4495-000C-0006","ALICE M MARSH TR OF THE ALICE M MARSH REVOCABLE TRUST","9001 OCONNOR DR  AUSTIN, TX 78717-2922","9001 O'CONNOR DR, AUSTIN, TX  78717","MEADOWS OF BRUSHY CREEK, BLOCK C, LOT 6","R230592E"," ","S4082 - Meadows Of Brushy Creek","Real","$448,106","$448,106"
"R094925","R-16-4495-000C-0007","SHEKHAR AGRAWAL SHARAD & HARSHITA GUPTA TRUSTEES OF THE SHARAD & GUPTA FAMILY TR","6383 BOSE LN SAN JOSE, CA 95120","16610 POCONO DR, AUSTIN, TX  78717","MEADOWS OF BRUSHY CREEK, BLOCK C, LOT 7","R230592E"," ","S4082 - Meadows Of Brushy Creek","Real","$441,707","$441,707"
"R094926","R-16-4495-000C-0008","HUA, XUAN-YA & JOEL VELASQUEZ","16608 POCONO DR AUSTIN, TX 78717-3010","16608 POCONO DR, AUSTIN, TX  78717","MEADOWS OF BRUSHY CREEK, BLOCK C, LOT 8","R230592E"," ","S4082 - Meadows Of Brushy Creek","Real","$564,724","$564,724"
"R094927","R-16-4495-000C-0009","FISTER, GREGORY ALLAN & CAITLIN ANN WEHNER","16606 POCONO DR  AUSTIN, TX 78717-3010","16606 POCONO DR, AUSTIN, TX  78717","MEADOWS OF BRUSHY CREEK, BLOCK C, LOT 9","R230592E"," ","S4082 - Meadows Of Brushy Creek","Real","$594,241","$594,241"
"R094928","R-16-4495-000C-0010","TAILOR, MOHAMMADI &  TASNIM MOHAMMADI","16604 POCONO DR  AUSTIN, TX 78717","16604 POCONO DR, AUSTIN, TX  78717","MEADOWS OF BRUSHY CREEK, BLOCK C, LOT 10","R230592E"," ","S4082 - Meadows Of Brushy Creek","Real","$475,687","$475,687"
"R094929","R-16-4495-000C-0011","LONGORIA, JANA","16602 POCONO DR  AUSTIN, TX 78717","16602 POCONO DR, AUSTIN, TX  78717","MEADOWS OF BRUSHY CREEK, BLOCK C, LOT 11","R230592E"," ","S4082 - Meadows Of Brushy Creek","Real","$508,484","$508,484"
"R094930","R-16-4495-000C-0012","MEHTA, KIRIT & JYOTI","16600 POCONO DR  AUSTIN, TX 78717-3010","16600 POCONO DR, AUSTIN, TX  78717","MEADOWS OF BRUSHY CREEK, BLOCK C, LOT 12","R230592E"," ","S4082 - Meadows Of Brushy Creek","Real","$584,092","$584,092"
"R094932","R-16-4495-000C-0014","LOMME, JON REGINALD","9010 BRIMSTONE LN  AUSTIN, TX 78717","9010 BRIMSTONE LN, AUSTIN, TX  78717","MEADOWS OF BRUSHY CREEK, BLOCK C, LOT 14","R230592E"," ","S4082 - Meadows Of Brushy Creek","Real","$490,679","$490,679"
"R094933","R-16-4495-000C-0015","MEREDITH, MATTHEW AUSTIN & KELLY RENEE","9012 BRIMSTONE LN  AUSTIN, TX 78717-3018","9012 BRIMSTONE LN, AUSTIN, TX  78717","MEADOWS OF BRUSHY CREEK, BLOCK C, LOT 15","R230592E"," ","S4082 - Meadows Of Brushy Creek","Real","$829,295","$829,295"
"R094934","R-16-4495-000C-0016","MEREDITH, MATTHEW","9014 BRIMSTONE  LN  AUSTIN, TX 78717","9014 BRIMSTONE LN, AUSTIN, TX  78717","MEADOWS OF BRUSHY CREEK, BLOCK C, LOT 16","R230592E"," ","S4082 - Meadows Of Brushy Creek","Real","$511,948","$511,948"
"R094935","R-16-4495-000C-0017","PREVOST, LISA H","9016 BRIMSTONE LN  AUSTIN, TX 78717","9016 BRIMSTONE LN, AUSTIN, TX  78717","MEADOWS OF BRUSHY CREEK, BLOCK C, LOT 17","R230592E"," ","S4082 - Meadows Of Brushy Creek","Real","$482,267","$482,267"
"R094936","R-16-4495-000C-0018","PUCCI, CATHERINE A","9018 BRIMSTONE LN  AUSTIN, TX 78717","9018 BRIMSTONE LN, AUSTIN, TX  78717","MEADOWS OF BRUSHY CREEK, BLOCK C, LOT 18","R230592E"," ","S4082 - Meadows Of Brushy Creek","Real","$427,547","$427,547"
"R094937","R-16-4495-000C-0019","STEWART, STEPHEN L & BONNIE BROCK","9020 BRIMSTONE LN  AUSTIN, TX 78717","9020 BRIMSTONE LN, AUSTIN, TX  78717","MEADOWS OF BRUSHY CREEK, BLOCK C, LOT 19","R230592E"," ","S4082 - Meadows Of Brushy Creek","Real","$515,696","$515,696"
"R094938","R-16-4495-000C-0020","MCKIM, ROYCE L & BARBARA L","9024 BRIMSTONE LN AUSTIN, TX 78717-3018","9024 BRIMSTONE LN, AUSTIN, TX  78717","MEADOWS OF BRUSHY CREEK, BLOCK C, LOT 20","R230592E"," ","S4082 - Meadows Of Brushy Creek","Real","$500,746","$500,746"
"R094939","R-16-4495-000C-0021","NEUKATA LLC","4169 TOBIN CIR  SANTA CLARA, CA 95054","9026 BRIMSTONE LN, AUSTIN, TX  78717","MEADOWS OF BRUSHY CREEK, BLOCK C, LOT 21","R230592E"," ","S4082 - Meadows Of Brushy Creek","Real","$457,003","$457,003"
"R094940","R-16-4495-000C-0022","PARK, TAEYOUNG & SU JUNG KIM","4557 SOUTHGATE DR  PLANO, TX 75024-2140","9100 BRIMSTONE LN, AUSTIN, TX  78717","MEADOWS OF BRUSHY CREEK, BLOCK C, LOT 22","R230592E"," ","S4082 - Meadows Of Brushy Creek","Real","$446,063","$446,063"
"R094941","R-16-4495-000C-0023","PATTERSON, THOMAS R & HELEN R","9102 BRIMSTONE LN  AUSTIN, TX 78717","9102 BRIMSTONE LN, AUSTIN, TX  78717","MEADOWS OF BRUSHY CREEK, BLOCK C, LOT 23","R230592E"," ","S4082 - Meadows Of Brushy Creek","Real","$440,282","$440,282"
"R094942","R-16-4495-000C-0024","BERLINER, DAVID S (LE) & IRIS K (LE)","475 ANITA LN  WAXAHACHIE, TX 75165-5966","9104 BRIMSTONE LN, AUSTIN, TX  78717","MEADOWS OF BRUSHY CREEK, BLOCK C, LOT 24","R230592E"," ","S4082 - Meadows Of Brushy Creek","Real","$483,266","$483,266"
"R094943","R-16-4495-000C-0025","VALADEZ, EDDIE & TERRY L","9106 BRIMSTONE LN AUSTIN, TX 78717-3019","9106 BRIMSTONE LN, AUSTIN, TX  78717","MEADOWS OF BRUSHY CREEK, BLOCK C, LOT 25","R230592E"," ","S4082 - Meadows Of Brushy Creek","Real","$500,369","$500,369"
"R094944","R-16-4495-000C-0026","WINER, SANDRA P (TOD)","12800 MARION LN W #APT W412 MINNETONKA, MN 55305","9108 BRIMSTONE LN, AUSTIN, TX  78717","MEADOWS OF BRUSHY CREEK, BLOCK C, LOT 26","R230592E"," ","S4082 - Meadows Of Brushy Creek","Real","$438,311","$438,311"
"R094945","R-16-4495-000C-0027","KONOPKA, GLENN THOMAS & LAURA MICHELLE","9110 BRIMSTONE LN  AUSTIN, TX 78717","9110 BRIMSTONE LN, AUSTIN, TX  78717","MEADOWS OF BRUSHY CREEK, BLOCK C, LOT 27","R230592E"," ","S4082 - Meadows Of Brushy Creek","Real","$573,632","$573,632"
"R094946","R-16-4495-000C-0028","BONWELL, STEVEN D & BARBARA J","9112 BRIMSTONE LN AUSTIN, TX 78717-3019","9112 BRIMSTONE LN, AUSTIN, TX  78717","MEADOWS OF BRUSHY CREEK, BLOCK C, LOT 28","R230592E"," ","S4082 - Meadows Of Brushy Creek","Real","$459,218","$459,218"
"R094947","R-16-4495-000C-0029","COFTY, BRETT","9114 BRIMSTONE LN AUSTIN, TX 78717-3019","9114 BRIMSTONE LN, AUSTIN, TX  78717","S4082 - Meadows Of Brushy Creek, BLOCK C, Lot 29-30","R230592E"," ","S4082 - Meadows Of Brushy Creek","Real","$567,635","$567,635"
"R094949","R-16-4495-000D-0001","MILLER, NANCY LOU","16502 POCONO DR  AUSTIN, TX 78717","16502 POCONO DR, AUSTIN, TX  78717","MEADOWS OF BRUSHY CREEK, BLOCK D, LOT 1","R230592E"," ","S4082 - Meadows Of Brushy Creek","Real","$485,794","$485,794"
"R094950","R-16-4495-000D-0002","PFANNENSTIEL, DUSTIN","14500 POCONO DR  AUSTIN, TX 78717","16500 POCONO DR, AUSTIN, TX  78717","MEADOWS OF BRUSHY CREEK, BLOCK D, LOT 2","R230592E"," ","S4082 - Meadows Of Brushy Creek","Real","$505,433","$505,433"
"R094951","R-16-4495-000F-0006","RAINS, CHAD T","16400 PARALEE CV  AUSTIN, TX 78717","16400 PARALEE CV, AUSTIN, TX  78717","MEADOWS OF BRUSHY CREEK, BLOCK F, LOT 6","R230592E"," ","S4082 - Meadows Of Brushy Creek","Real","$751,349","$751,349"
"R094952","R-16-4495-000F-0005","ELI CECIL HANSLIK TR ELI CECIL HANSLIK REVOCABLE TRUST","16401 PARALEE CV  AUSTIN, TX 75717","16401 PARALEE CV, AUSTIN, TX  78717","MEADOWS OF BRUSHY CREEK, BLOCK F, LOT 5","R230592E"," ","S4082 - Meadows Of Brushy Creek","Real","$624,421","$624,421"
"R094953","R-16-4495-000B-0041","MICHAEL AUSTIN WALIOR & DAWN RENEE WALIOR TRS WALIOR INVESTMENT TRUST","2813 CLAYERA CV  AUSTIN, TX 78748-2010","8904 BRUSHY GATE CV, AUSTIN, TX  78717","S4082 - Meadows Of Brushy Creek, BLOCK B, Lot 41","R230592E"," ","S4082 - Meadows Of Brushy Creek","Real","$445,985","$445,985"
"R094954","R-16-4495-000B-0040","HURST, LAWRENCE A & SHIRLEY A","8902 BRUSHYGATE CV AUSTIN, TX 78717-3047","8902 BRUSHYGATE CV, AUSTIN, TX  78717","MEADOWS OF BRUSHY CREEK, BLOCK B, LOT 40","R230592E"," ","S4082 - Meadows Of Brushy Creek","Real","$678,274","$678,274"
"R094955","R-16-4495-000B-0039","YOUNG, CASSANDRA LYN & RODERICK STUART","8900 BRUSHYGATE CV  AUSTIN, TX 78717-3047","8900 BRUSHYGATE CV, AUSTIN, TX  78717","MEADOWS OF BRUSHY CREEK, BLOCK B, LOT 39","R230592E"," ","S4082 - Meadows Of Brushy Creek","Real","$571,675","$571,675"
"R094956","R-16-4495-000B-0038","PARADA, MICHAEL P & EILEEN L","8901 BRUSHYGATE CV  AUSTIN, TX 78717-3047","8901 BRUSHYGATE CV, AUSTIN, TX  78717","MEADOWS OF BRUSHY CREEK, BLOCK B, LOT 38","R230592E"," ","S4082 - Meadows Of Brushy Creek","Real","$618,245","$618,245"
"R094957","R-16-4495-000B-0037","BAIRY, TEJASWI & AGARWAL, ISHA","8903 BRUSHYGATE CV  AUSTIN, TX 78717","8903 BRUSHYGATE CV, AUSTIN, TX  78717","MEADOWS OF BRUSHY CREEK, BLOCK B, LOT 37","R230592E"," ","S4082 - Meadows Of Brushy Creek","Real","$463,676","$463,676"
"R094958","R-16-4495-000B-0036","BULT AUSTIN DEAN & ANA CAROLINE NUNES CAVALCANTE","9006 BRIMSTONE LN  AUSTIN, TX 78717-3046","9006 BRIMSTONE LN, AUSTIN, TX  78717","MEADOWS OF BRUSHY CREEK, BLOCK B, LOT 36","R230592E"," ","S4082 - Meadows Of Brushy Creek","Real","$446,725","$446,725"
"R094959","R-16-4495-000B-0035","SUNSHINE RISE LLC SERIES 9004","5900 BALCONES DR  #STE 100 AUSTIN, TX 78731-4298","9004 BRIMSTONE LN, AUSTIN, TX  78717","MEADOWS OF BRUSHY CREEK, BLOCK B, LOT 35","R230592E"," ","S4082 - Meadows Of Brushy Creek","Real","$514,217","$514,217"
"R094960","R-16-4495-000B-0034","FANG, JIAYAO & YISHAN LIU","3033 PORTULACA DR  ROUND ROCK, TX 78681-2451","9002 BRIMSTONE LN, AUSTIN, TX  78717","MEADOWS OF BRUSHY CREEK, BLOCK B, LOT 34","R230592E"," ","S4082 - Meadows Of Brushy Creek","Real","$527,874","$527,874"
"R094961","R-16-4495-000B-0033","LIM, IVAN","504 KODIAK TRL  CEDAR PARK, TX 78613-4108","9000 BRIMSTONE LN, AUSTIN, TX  78717","MEADOWS OF BRUSHY CREEK, BLOCK B, LOT 33","R230592E"," ","S4082 - Meadows Of Brushy Creek","Real","$441,669","$441,669"
"R094962","R-16-4495-000B-0032","THAYER, PAUL A & ANNE L MCCOY THAYER","9001 BRIMSTONE LN AUSTIN, TX 78717-3017","9001 BRIMSTONE LN, AUSTIN, TX  78717","MEADOWS OF BRUSHY CREEK, BLOCK B, LOT 32","R230592E"," ","S4082 - Meadows Of Brushy Creek","Real","$485,967","$485,967"
"R094963","R-16-4495-000B-0031","HAMMEN, ULYSSES & TERI","9003 BRIMSTONE LN  AUSTIN, TX 78717-3017","9003 BRIMSTONE LN, AUSTIN, TX  78717","MEADOWS OF BRUSHY CREEK, BLOCK B, LOT 31","R230592E"," ","S4082 - Meadows Of Brushy Creek","Real","$506,661","$506,661"
"R094964","R-16-4495-000B-0030","GHARBI, MARYAM","9005 BRIMSTONE LN  AUSTIN, TX 78717-3017","9005 BRIMSTONE LN, AUSTIN, TX  78717","MEADOWS OF BRUSHY CREEK, BLOCK B, LOT 30","R230592E"," ","S4082 - Meadows Of Brushy Creek","Real","$507,075","$507,075"
"R094965","R-16-4495-000B-0029","STRATTON, TIMOTHY","9007 BRIMSTONE LN  AUSTIN, TX 78717","9007 BRIMSTONE CV, AUSTIN, TX  78717","MEADOWS OF BRUSHY CREEK, BLOCK B, LOT 29","R230592E"," ","S4082 - Meadows Of Brushy Creek","Real","$515,114","$515,114"
"R094966","R-16-4495-000B-0028","LUU, THUNG H (TOD) & LE T TRAN (TOD)","8904 PERCH CV  AUSTIN, TX 78717","8904 PERCH CV, AUSTIN, TX  78717","MEADOWS OF BRUSHY CREEK, BLOCK B, LOT 28","R230592E"," ","S4082 - Meadows Of Brushy Creek","Real","$435,270","$435,270"
"R094967","R-16-4495-000B-0027","VILLEGAS, JORGE & LAURA ESTRADA","8902 PERCH CV  AUSTIN, TX 78717","8902 PERCH CV, AUSTIN, TX  78717","MEADOWS OF BRUSHY CREEK, BLOCK B, LOT 27","R230592E"," ","S4082 - Meadows Of Brushy Creek","Real","$495,621","$495,621"
"R094968","R-16-4495-000B-0026","VAUGHN, WAYNE G & MARY H COTRUSTEES OF THE VAUGHN FAMILY REVOCABLE TRUST","8900 PERCH CV AUSTIN, TX 78717","8900 PERCH CV, AUSTIN, TX  78717","MEADOWS OF BRUSHY CREEK, BLOCK B, LOT 26","R230592E"," ","S4082 - Meadows Of Brushy Creek","Real","$501,723","$501,723"
"R094969","R-16-4495-000B-0025","PERKINS, FRANK W (TOD) & KAREN L (TOD)","8901 PERCH CV  AUSTIN, TX 78717","8901 PERCH CV, AUSTIN, TX  78717","MEADOWS OF BRUSHY CREEK, BLOCK B, LOT 25","R230592E"," ","S4082 - Meadows Of Brushy Creek","Real","$502,195","$502,195"
"R094970","R-16-4495-000B-0024","CHAMBERLAIN, KRISTIN & KIMERLY CHAMBERLAIN","8903 PERCH CV  AUSTIN, TX 78717","8903 PERCH CV, AUSTIN, TX  78717","MEADOWS OF BRUSHY CREEK, BLOCK B, LOT 24","R230592E"," ","S4082 - Meadows Of Brushy Creek","Real","$424,941","$424,941"
"R094971","R-16-4495-000B-0023","ALIMCHANDANI, VIPUL","8905 PERCH CV  AUSTIN, TX 78717","8905 PERCH CV, AUSTIN, TX  78717","MEADOWS OF BRUSHY CREEK, BLOCK B, LOT 23","R230592E"," ","S4082 - Meadows Of Brushy Creek","Real","$425,935","$425,935"
"R094972","R-16-4495-000B-0022","TRIONE, RUSSELL JOSEPH","16417 POCONO DR AUSTIN, TX 78717-3011","16417 POCONO DR, AUSTIN, TX  78717","MEADOWS OF BRUSHY CREEK, BLOCK B, LOT 22","R230592E"," ","S4082 - Meadows Of Brushy Creek","Real","$429,586","$429,586"
"R094973","R-16-4495-000B-0021","DENG, YU","16415 POCONO DR  AUSTIN, TX 78717","16415 POCONO DR, AUSTIN, TX  78717","MEADOWS OF BRUSHY CREEK, BLOCK B, LOT 21","R230592E"," ","S4082 - Meadows Of Brushy Creek","Real","$438,479","$438,479"
"R094974","R-16-4495-000B-0020","VALARIE J & GODFREY R SHERRIFF TRS VALARIE & GODFREY SHERRIFF LIV TRUST","16410 W DORMAN DR  AUSTIN, TX 78717","16410 DORMAN DR, AUSTIN, TX  78717","MEADOWS OF BRUSHY CREEK, BLOCK B, LOT 20","R230592E"," ","S4082 - Meadows Of Brushy Creek","Real","$525,609","$525,609"
"R094975","R-16-4495-000B-0019","RATANPARA, KANTILAL & VIJAYA K","16412 W DORMAN DR  AUSTIN, TX 78717-3041","16412 DORMAN DR W, AUSTIN, TX  78717","MEADOWS OF BRUSHY CREEK, BLOCK B, LOT 19","R230592E"," ","S4082 - Meadows Of Brushy Creek","Real","$503,575","$503,575"
"R094976","R-16-4495-000B-0018","TRAN, NHAT","16416 DORMAN DR  AUSTIN, TX 78717","16416 DORMAN DR, AUSTIN, TX  78717","MEADOWS OF BRUSHY CREEK, BLOCK B, LOT 18","R230592E"," ","S4082 - Meadows Of Brushy Creek","Real","$579,139","$579,139"
"R094977","R-16-4495-000B-0017","SINCLAIR, ERNEST & SANDRA","16502 DENISE DR AUSTIN, TX 78717-3049","16502 DENISE DR, AUSTIN, TX  78717","MEADOWS OF BRUSHY CREEK, BLOCK B, LOT 17","R230592E"," ","S4082 - Meadows Of Brushy Creek","Real","$429,049","$429,049"
"R094978","R-16-4495-000B-0016","TSE, AMANDA KWOK-YU & KWOK HANG TSE","16504 DENISE DR  AUSTIN, TX 78717","16504 DENISE DR, AUSTIN, TX  78717","MEADOWS OF BRUSHY CREEK, BLOCK B, LOT 16","R230592E"," ","S4082 - Meadows Of Brushy Creek","Real","$434,088","$434,088"
"R094979","R-16-4495-000B-0015","KHOURY, LAMIS & BOULOS AL ASHHAB","16506 DENISE DR  AUSTIN, TX 78717","16506 DENISE DR, AUSTIN, TX  78717","MEADOWS OF BRUSHY CREEK, BLOCK B, LOT 15","R230592E"," ","S4082 - Meadows Of Brushy Creek","Real","$433,385","$433,385"
"R094980","R-16-4495-000B-0014","HSB REALTY LLC","Attn: DOMAIN PROPERTY MANAGEMENT 13492 N HIGHWAY 183 STE 120 PMB 225 AUSTIN, TX 78750-2254","16508 DENISE DR, AUSTIN, TX  78717","MEADOWS OF BRUSHY CREEK, BLOCK B, LOT 14","R230592E"," ","S4082 - Meadows Of Brushy Creek","Real","$494,611","$494,611"
"R094981","R-16-4495-000B-0013","KING, TRACY","2805 COSTELLO CT  CEDAR PARK, TX 78613","16510 DENISE DR, AUSTIN, TX  78717","MEADOWS OF BRUSHY CREEK, BLOCK B, LOT 13","R230592E"," ","S4082 - Meadows Of Brushy Creek","Real","$446,602","$446,602"
"R094982","R-16-4495-000B-0012","HALLBERG, SCHYLER TODD","16512 DENISE DR  AUSTIN, TX 78717","16512 DENISE DR, AUSTIN, TX  78717","MEADOWS OF BRUSHY CREEK, BLOCK B, LOT 12","R230592E"," ","S4082 - Meadows Of Brushy Creek","Real","$421,939","$421,939"
"R094983","R-16-4495-000B-0011","RUTENBERG, GARY W (TOD) & JULIE L (TOD)","16514 DENISE DR  AUSTIN, TX 78717","16514 DENISE DR, AUSTIN, TX  78717","MEADOWS OF BRUSHY CREEK, BLOCK B, LOT 11","R230592E"," ","S4082 - Meadows Of Brushy Creek","Real","$424,596","$424,596"
"R094984","R-16-4495-000F-0004","CANTU, KRYSTAL & LOUIS CASTILLO JR","16403 PARALEE CV  AUSTIN, TX 78717","16403 PARALEE CV, AUSTIN, TX  78717","MEADOWS OF BRUSHY CREEK, BLOCK F, LOT 4","R230592E"," ","S4082 - Meadows Of Brushy Creek","Real","$528,895","$528,895"
"R094985","R-16-4495-000B-0009","SORRELLS, DAVID H & MYRA C","16518 DENISE DR AUSTIN, TX 78717-3049","16518 DENISE DR, AUSTIN, TX  78717","MEADOWS OF BRUSHY CREEK, BLOCK B, LOT 9","R230592E"," ","S4082 - Meadows Of Brushy Creek","Real","$468,964","$468,964"
"R094986","R-16-4495-000B-0008","WALTERS, BLAKE ALLEN & ALEXIS RICHARDS","16600 DENISE DR  AUSTIN, TX 78717","16600 DENISE DR, AUSTIN, TX  78717","MEADOWS OF BRUSHY CREEK, BLOCK B, LOT 8","R230592E"," ","S4082 - Meadows Of Brushy Creek","Real","$506,396","$506,396"
"R094987","R-16-4495-000B-0007","MATTHEWS, ROBERT OWEN & LESLEE DEE","16602 DENISE DR  AUSTIN, TX 78717-3048","16602 DENISE DR, AUSTIN, TX  78717","MEADOWS OF BRUSHY CREEK, BLOCK B, LOT 7","R230592E"," ","S4082 - Meadows Of Brushy Creek","Real","$503,130","$503,130"
"R094988","R-16-4495-000B-0006","FECKER, DAVID C","148 SHORESIDE DR BASTROP, TX 78602-3601","16604 DENISE DR, AUSTIN, TX  78717","MEADOWS OF BRUSHY CREEK, BLOCK B, LOT 6","R230592E"," ","S4082 - Meadows Of Brushy Creek","Real","$488,018","$488,018"
"R094989","R-16-4495-000B-0005","STAWARSKI, SUSAN","16606 DENISE DR AUSTIN, TX 78717-3048","16606 DENISE DR, AUSTIN, TX  78717","MEADOWS OF BRUSHY CREEK, BLOCK B, LOT 5","R230592E"," ","S4082 - Meadows Of Brushy Creek","Real","$416,901","$416,901"
"R094990","R-16-4495-000B-0004","KAUSHIK SHIRHATTI & DHANU AGNIHOTRI TRS OF THE DAKS TRUST","14231 DOUGLASS LN SARATOGA, CA 95070-5535","16608 DENISE DR, AUSTIN, TX  78717","MEADOWS OF BRUSHY CREEK, BLOCK B, LOT 4","R230592E"," ","S4082 - Meadows Of Brushy Creek","Real","$463,423","$463,423"
"R094991","R-16-4495-000B-0003","DRISKELL, PHILLIP D & CYNTHIA L","16610 DENISE DR AUSTIN, TX 78717-3048","16610 DENISE DR, AUSTIN, TX  78717","MEADOWS OF BRUSHY CREEK, BLOCK B, LOT 3","R230592E"," ","S4082 - Meadows Of Brushy Creek","Real","$564,190","$564,190"
"R094992","R-16-4495-000B-0002","KOZARUK, OLEKSANDR & OLENA LIASHENKO","16612 DENISE DR  AUSTIN, TX 78717","16612 DENISE DR, AUSTIN, TX  78717","MEADOWS OF BRUSHY CREEK, BLOCK B, LOT 2","R230592E"," ","S4082 - Meadows Of Brushy Creek","Real","$536,784","$536,784"
"R094993","R-16-4495-000B-0001","NGUYEN, PHU & ANNETTE AN HONG HOANG PHAN","16614 DENISE DR  AUSTIN, TX 78717-3048","16614 DENISE DR, AUSTIN, TX  78717","MEADOWS OF BRUSHY CREEK, BLOCK B, LOT 1","R230592E"," ","S4082 - Meadows Of Brushy Creek","Real","$543,217","$543,217"
"R094994","R-16-4495-000A-0020","KWEE, KWANG-MING & TAN HUA TSAI","16501 DENISE DR  AUSTIN, TX 78717-3050","16501 DENISE DR, AUSTIN, TX  78717","MEADOWS OF BRUSHY CREEK, BLOCK A, LOT 20","R230592E"," ","S4082 - Meadows Of Brushy Creek","Real","$503,397","$503,397"
"R094995","R-16-4495-000A-0019","SMITH, MELBOURNE LEROY JR (TOD) & DOLORES KERSEY (TOD)","16503 DENISE DR  AUSTIN, TX 78717-3050","16503 DENISE DR, AUSTIN, TX  78717","MEADOWS OF BRUSHY CREEK, BLOCK A, LOT 19","R230592E"," ","S4082 - Meadows Of Brushy Creek","Real","$525,529","$525,529"
"R094996","R-16-4495-000A-0018","STRAIT, DAVID & CHRISTINA","16505 DENISE DR AUSTIN, TX 78717-3050","16505 DENISE DR, AUSTIN, TX  78717","MEADOWS OF BRUSHY CREEK, BLOCK A, LOT 18","R230592E"," ","S4082 - Meadows Of Brushy Creek","Real","$630,192","$630,192"
"R094997","R-16-4495-000A-0017","RICHARDSON, JENNIFER BETH","2417 RANGE BOSS WAY LEANDER, TX 78641-5621","16507 DENISE DR, AUSTIN, TX  78717","MEADOWS OF BRUSHY CREEK, BLOCK A, LOT 17","R230592E"," ","S4082 - Meadows Of Brushy Creek","Real","$536,203","$536,203"
"R094998","R-16-4495-000A-0016","GORDON, SHIRLEY MARIE (TOD)","16509 DENISE DR  AUSTIN, TX 78717-3050","16509 DENISE DR, AUSTIN, TX  78717","MEADOWS OF BRUSHY CREEK, BLOCK A, LOT 16","R230592E"," ","S4082 - Meadows Of Brushy Creek","Real","$521,313","$521,313"
"R094999","R-16-4495-000A-0015","NEUGEBAUER, MARK J & CYNTHIA K","16511 DENISE DR AUSTIN, TX 78717-3050","16511 DENISE DR, AUSTIN, TX  78717","MEADOWS OF BRUSHY CREEK, BLOCK A, LOT 15","R230592E"," ","S4082 - Meadows Of Brushy Creek","Real","$452,082","$452,082"
"R095000","R-16-4495-000A-0014","FONG, MICHAEL","16513 DENISE DR AUSTIN, TX 78717-3050","16513 DENISE DR, AUSTIN, TX  78717","MEADOWS OF BRUSHY CREEK, BLOCK A, LOT 14","R230592E"," ","S4082 - Meadows Of Brushy Creek","Real","$503,264","$503,264"
"R095001","R-16-4495-000A-0013","ROSE, DOUGLAS & CYNTHIA","18405 SAINT ETIENNE LN SAN DIEGO, CA 92128-6184","16515 DENISE DR, AUSTIN, TX  78717","MEADOWS OF BRUSHY CREEK, BLOCK A, LOT 13","R230592E"," ","S4082 - Meadows Of Brushy Creek","Real","$450,543","$450,543"
"R095002","R-16-4495-000A-0012","RINGEISEN, RANDY LEE & CHERYL D","16601 DENISE DR AUSTIN, TX 78717-3051","16601 DENISE DR, AUSTIN, TX  78717","MEADOWS OF BRUSHY CREEK, BLOCK A, LOT 12","R230592E"," ","S4082 - Meadows Of Brushy Creek","Real","$518,024","$518,024"
"R095003","R-16-4495-000A-0011","SHAULIS, CARL L & ANA P SHAULIS","16603 DENISE DR AUSTIN, TX 78717-3051","16603 DENISE DR, AUSTIN, TX  78717","MEADOWS OF BRUSHY CREEK, BLOCK A, LOT 11","R230592E"," ","S4082 - Meadows Of Brushy Creek","Real","$451,070","$451,070"
"R095004","R-16-4495-000A-0010","ROSE, AMY & KYLE","16605 DENISE DR  AUSTIN, TX 78717-3051","16605 DENISE DR, AUSTIN, TX  78717","MEADOWS OF BRUSHY CREEK, BLOCK A, LOT 10","R230592E"," ","S4082 - Meadows Of Brushy Creek","Real","$549,075","$549,075"
"R095005","R-16-4495-000A-0009","CRUM, YVONNE M & DAVID A","16607 DENISE DR AUSTIN, TX 78717-3051","16607 DENISE DR, AUSTIN, TX  78717","MEADOWS OF BRUSHY CREEK, BLOCK A, LOT 9","R230592E"," ","S4082 - Meadows Of Brushy Creek","Real","$490,184","$490,184"
"R095006","R-16-4495-000A-0008","DINH, JAMES","16609 DENISE DR AUSTIN, TX 78717-3051","16609 DENISE DR, AUSTIN, TX  78717","MEADOWS OF BRUSHY CREEK, BLOCK A, LOT 8","R230592E"," ","S4082 - Meadows Of Brushy Creek","Real","$465,681","$465,681"
"R095007","R-16-4495-000A-0007","TSCHETTER, ERIC N & SAYURI K","16611 DENISE DR  AUSTIN, TX 78717","16611 DENISE DR, AUSTIN, TX  78717","MEADOWS OF BRUSHY CREEK, BLOCK A, LOT 7","R230592E"," ","S4082 - Meadows Of Brushy Creek","Real","$587,683","$587,683"
"R095008","R-16-4495-000A-0006","PANCAKE EMPIRE LLC","12505 MEMORIAL DR  #STE 330 HOUSTON, TX 77024-6051","16613 DENISE DR, AUSTIN, TX  78717","MEADOWS OF BRUSHY CREEK, BLOCK A, LOT 6","R230592E"," ","S4082 - Meadows Of Brushy Creek","Real","$577,262","$577,262"
"R095009","R-16-4495-000A-0005","FAN, KAILI & EUNICE HSU","16615 DENISE DR  AUSTIN, TX 78717","16615 DENISE DR, AUSTIN, TX  78717","MEADOWS OF BRUSHY CREEK, BLOCK A, LOT 5","R230592E"," ","S4082 - Meadows Of Brushy Creek","Real","$472,293","$472,293"
"R095010","R-16-4495-000A-0004","ENRIQUEZ, LEO & MELINDA","16617 DENISE DR AUSTIN, TX 78717-3051","16617 DENISE DR, AUSTIN, TX  78717","MEADOWS OF BRUSHY CREEK, BLOCK A, LOT 4","R230592E"," ","S4082 - Meadows Of Brushy Creek","Real","$577,654","$577,654"
"R095011","R-16-4495-000A-0003","ARRIOLA, ANGELICA & PAUL","16619 DENISE DR AUSTIN, TX 78717-3051","16619 DENISE DR, AUSTIN, TX  78717","MEADOWS OF BRUSHY CREEK, BLOCK A, LOT 3","R230592E"," ","S4082 - Meadows Of Brushy Creek","Real","$674,374","$674,374"
"R095012","R-16-4495-000A-0002","WILLIAM H SCHWARTZ & COLETTE M SCHWARTZ TRS SCHWARTZ LIVING TRUST","16621 DENISE DR  AUSTIN, TX 78717-3051","16621 DENISE DR, AUSTIN, TX  78717","MEADOWS OF BRUSHY CREEK, BLOCK A, LOT 2","R230592E"," ","S4082 - Meadows Of Brushy Creek","Real","$568,842","$568,842"
"R095013","R-16-4495-000A-0001","DICKERSON, DORIS SUE","16623 DENISE DR  AUSTIN, TX 78717","16623 DENISE DR, AUSTIN, TX  78717","MEADOWS OF BRUSHY CREEK, BLOCK A, LOT 1","R230592E"," ","S4082 - Meadows Of Brushy Creek","Real","$463,153","$463,153"
"R095032","R-16-4495-000F-0003","ROQUE, SANTIAGO A (TOD) & BRENDA L (TOD)","16405 PARALEE CV  AUSTIN, TX 78717","16405 PARALEE CV, AUSTIN, TX  78717","MEADOWS OF BRUSHY CREEK, BLOCK F, LOT 3","R230592E"," ","S4082 - Meadows Of Brushy Creek","Real","$420,599","$420,599"
"R095036","R-16-4495-000F-0002","SONI, MANISHABEN KALPESHKUMAR","16407 PARALEE CV  AUSTIN, TX 78717","16407 PARALEE CV, AUSTIN, TX  78717","MEADOWS OF BRUSHY CREEK, BLOCK F, LOT 2","R230592E"," ","S4082 - Meadows Of Brushy Creek","Real","$507,811","$507,811"
"R095067","R-16-4495-000F-0001","KIERNAN, BRYSE","16409 PARALEE CV  AUSTIN, TX 78717","16409 PARALEE CV, AUSTIN, TX  78717","MEADOWS OF BRUSHY CREEK, BLOCK F, LOT 1","R230592E"," ","S4082 - Meadows Of Brushy Creek","Real","$581,548","$581,548"
"R102284","R-16-4495-000S-0003","BRACKMANN, MATTHEW E & AMBER L","15916 BRAESGATE DR AUSTIN, TX 78717-4817","15916 BRAESGATE DR, AUSTIN, TX  78717","MEADOWS OF BRUSHY CREEK, BLOCK S, LOT 3","R230592E"," ","S4082 - Meadows Of Brushy Creek","Real","$612,126","$612,126"
"R313161","R-16-5977-0000-0001","ETIENNE, STEVEN","8226 MONONA AVE  AUSTIN, TX 78717","8226 MONONA AVE, AUSTIN, TX  78717","WOODS OF BRUSHY CREEK SEC 5 PH A, LOT 1","R230592E"," ","S5106 - Woods Of Brushy Creek Sec 5 Ph A","Real","$394,210","$394,210"
"R313162","R-16-5977-0000-0002","POPOVA-BOASSO, KRISTINA","8224 MONONA AVE  AUSTIN, TX 78717","8224 MONONA AVE, AUSTIN, TX  78717","WOODS OF BRUSHY CREEK SEC 5 PH A, LOT 2","R230592E"," ","S5106 - Woods Of Brushy Creek Sec 5 Ph A","Real","$514,297","$514,297"
"R313164","R-16-5977-0000-0004","NOVY, ROBERT JR & DONNA R ZACKS","8220 MONONA AVE  AUSTIN, TX 78717-5314","8220 MONONA AVE, AUSTIN, TX  78717","S5106 - Woods Of Brushy Creek Sec 5 Ph A, Lot 3-4 & 5PT (.1435 AC)","R230592E"," ","S5106 - Woods Of Brushy Creek Sec 5 Ph A","Real","$502,150","$510,222"
"R313166","R-16-5977-0000-0006","JOHNSON, NICHOLAS SEAN","8216 MONONA AVE AUSTIN, TX 78717-5314","8216 MONONA AVE, AUSTIN, TX  78717","WOODS OF BRUSHY CREEK SEC 5 PH A, LOT 6 & 5 PT","R230592E"," ","S5106 - Woods Of Brushy Creek Sec 5 Ph A","Real","$484,690","$484,690"
"R313167","R-16-5977-0000-0007","LOKRE, HIMANSHU RAO & JYOTI","8214 MONONA AVE  AUSTIN, TX 78717-5314","8214 MONONA AVE, AUSTIN, TX  78717","WOODS OF BRUSHY CREEK SEC 5 PH A, LOT 7","R230592E"," ","S5106 - Woods Of Brushy Creek Sec 5 Ph A","Real","$473,647","$473,647"
"R313168","R-16-5977-0000-0008","JONES, JIMMY K & VANESSA","8212 MONONA AVE AUSTIN, TX 78717-5314","8212 MONONA AVE, AUSTIN, TX  78717","WOODS OF BRUSHY CREEK SEC 5 PH A, LOT 8","R230592E"," ","S5106 - Woods Of Brushy Creek Sec 5 Ph A","Real","$453,826","$453,826"
"R313169","R-16-5977-0000-0009","MIDDLETON MARK A & NANCY TRUSTEE MIDDLETON REVOCABLE LIVING TRUST","8210 MONONA AVE  AUSTIN, TX 78717","8210 MONONA AVE, AUSTIN, TX  78717","WOODS OF BRUSHY CREEK SEC 5 PH A, LOT 9","R230592E"," ","S5106 - Woods Of Brushy Creek Sec 5 Ph A","Real","$506,850","$506,850"
"R313171","R-16-5977-0000-0010","SPENCER BAYARD M III &","CHERYL L 8208 MONONA AVE AUSTIN, TX 78717-5314","8208 MONONA AVE, AUSTIN, TX  78717","WOODS OF BRUSHY CREEK SEC 5 PH A, LOT 10","R230592E"," ","S5106 - Woods Of Brushy Creek Sec 5 Ph A","Real","$475,468","$475,468"
"R313173","R-16-5977-0000-0012","GOLDSEA LLC","12101 CULLMAN WHITTER, CA 90604","8172 RACINE TRL, AUSTIN, TX  78717","WOODS OF BRUSHY CREEK SEC 5 PH A, LOT 12","R230592E"," ","S5106 - Woods Of Brushy Creek Sec 5 Ph A","Real","$529,455","$529,455"
"R313174","R-16-5977-0000-0013","JUMPER, REBECCA U","8170 RACINE TRL AUSTIN, TX 78717-5344","8170 RACINE TRL, AUSTIN, TX  78717","WOODS OF BRUSHY CREEK SEC 5 PH A, LOT 13","R230592E"," ","S5106 - Woods Of Brushy Creek Sec 5 Ph A","Real","$515,769","$515,769"
"R313176","R-16-5977-0000-0014","MAYER, JOHN","8168 RACINE TRL  AUSTIN, TX 78717","8168 RACINE TRL, AUSTIN, TX  78717","WOODS OF BRUSHY CREEK SEC 5 PH A, LOT 14","R230592E"," ","S5106 - Woods Of Brushy Creek Sec 5 Ph A","Real","$432,779","$432,779"
"R313177","R-16-5977-0000-0015","SHIUEY, YICHIEH & JANET TSENG","2203 CLOVER RIDGE DR  CEDAR PARK, TX 78613","8166 RACINE TRL, AUSTIN, TX  78717","WOODS OF BRUSHY CREEK SEC 5 PH A, LOT 15","R230592E"," ","S5106 - Woods Of Brushy Creek Sec 5 Ph A","Real","$488,607","$488,607"
"R313178","R-16-5977-0000-0016","VAN DER HAGEN, JOHN B & MARY A","8164 RACINE TRL  AUSTIN, TX 78717","8164 RACINE TRL, AUSTIN, TX  78717","WOODS OF BRUSHY CREEK SEC 5 PH A, LOT 16","R230592E"," ","S5106 - Woods Of Brushy Creek Sec 5 Ph A","Real","$506,575","$506,575"
"R313180","R-16-5977-0000-0017","MOLLEUR TONY W & MOLLEUR KAREN P TRUSTEES OF THE TK MOLLEUR LIVING TRUST","8162 RACINE TRL  AUSTIN, TX 78717","8162 RACINE TRL, AUSTIN, TX  78717","WOODS OF BRUSHY CREEK SEC 5 PH A, LOT 17","R230592E"," ","S5106 - Woods Of Brushy Creek Sec 5 Ph A","Real","$541,785","$541,785"
"R313181","R-16-5977-0000-0018","MCKELVEY, PRICILLA C","8160 RACINE TRL AUSTIN, TX 78717-5344","8160 RACINE TRL, AUSTIN, TX  78717","WOODS OF BRUSHY CREEK SEC 5 PH A, LOT 18","R230592E"," ","S5106 - Woods Of Brushy Creek Sec 5 Ph A","Real","$439,228","$439,228"
"R313182","R-16-5977-0000-0019","FENG, JIONG & YAN SHEN","4530 157TH AVE SE BELLEVUE, WA 98006","8158 RACINE TRL, AUSTIN, TX  78717","WOODS OF BRUSHY CREEK SEC 5 PH A, LOT 19","R230592E"," ","S5106 - Woods Of Brushy Creek Sec 5 Ph A","Real","$491,300","$491,300"
"R313183","R-16-5977-0000-0020","ARUNACHALAM, SIVAKAMI","8156 RACINE TRL  AUSTIN, TX 78717","8156 RACINE TRL, AUSTIN, TX  78717","WOODS OF BRUSHY CREEK SEC 5 PH A, LOT 20","R230592E"," ","S5106 - Woods Of Brushy Creek Sec 5 Ph A","Real","$401,106","$401,106"
"R313185","R-16-5977-0000-0021","KENDALL, JOSEPH PHILLIPS","8154 RACINE TRL  AUSTIN, TX 78717","8154 RACINE TRL, AUSTIN, TX  78717","WOODS OF BRUSHY CREEK SEC 5 PH A, LOT 21","R230592E"," ","S5106 - Woods Of Brushy Creek Sec 5 Ph A","Real","$542,562","$542,562"
"R313186","R-16-5977-0000-0022","MANDHANA, OM P (TOD) & C KANTA (TOD)","8152 RACINE TRL  AUSTIN, TX 78717","8152 RACINE TRL, AUSTIN, TX  78717","WOODS OF BRUSHY CREEK SEC 5 PH A, LOT 22","R230592E"," ","S5106 - Woods Of Brushy Creek Sec 5 Ph A","Real","$518,161","$518,161"
"R313188","R-16-5977-0000-0023","PALUCH, JAROSLAW & MONIKA JOWITA","8150 RACINE TRL  AUSTIN, TX 78717-5344","8150 RACINE TRL, AUSTIN, TX  78717","WOODS OF BRUSHY CREEK SEC 5 PH A, LOT 23","R230592E"," ","S5106 - Woods Of Brushy Creek Sec 5 Ph A","Real","$500,763","$500,763"
"R313189","R-16-5977-0000-0024","MCALLISTER, CORTNEY JAMES & AMY BETH","8148 RACINE TRL  AUSTIN, TX 78717","8148 RACINE TRL, AUSTIN, TX  78717","WOODS OF BRUSHY CREEK SEC 5 PH A, LOT 24","R230592E"," ","S5106 - Woods Of Brushy Creek Sec 5 Ph A","Real","$518,876","$518,876"
"R313213","R-16-5978-000G-0028","IDADA MILDRED IJOSE & JASON V SWINTON","15919 TWO RIVERS CV  AUSTIN, TX 78717-5348","15919 TWO RIVERS CV, AUSTIN, TX  78717","WOODS OF BRUSHY CREEK SEC 5 PH B, BLOCK G, LOT 28","R230592E"," ","S5292 - Woods Of Brushy Creek Sec 5 Ph B","Real","$482,662","$482,662"
"R313215","R-16-5978-000G-0029","ALBEE, JOHN P & ELIZABETH ANN","15917 TWO RIVERS CV AUSTIN, TX 78717-5348","15917 TWO RIVERS CV, AUSTIN, TX  78717","WOODS OF BRUSHY CREEK SEC 5 PH B, BLOCK G, LOT 29, ACRES .196","R230592E"," ","S5292 - Woods Of Brushy Creek Sec 5 Ph B","Real","$509,556","$509,556"
"R313216","R-16-5978-000G-0030","RONNIE C JENNINGS & PEGGY L JENNINGS TRS OF THE JENNINGS FAMILY TRUST","15915 TWO RIVERS CV  AUSTIN, TX 78717-5348","15915 TWO RIVERS CV, AUSTIN, TX  78717","WOODS OF BRUSHY CREEK SEC 5 PH B, BLOCK G, LOT 30","R230592E"," ","S5292 - Woods Of Brushy Creek Sec 5 Ph B","Real","$555,074","$555,074"
"R313218","R-16-5978-000G-0031","DANKO, RICHARD & SYLVIA","15913 TWO RIVERS CV  AUSTIN, TX 78717-5348","15913 TWO RIVERS CV, AUSTIN, TX  78717","WOODS OF BRUSHY CREEK SEC 5 PH B, BLOCK G, LOT 31, ACRES .197","R230592E"," ","S5292 - Woods Of Brushy Creek Sec 5 Ph B","Real","$524,969","$524,969"
"R313220","R-16-5978-000G-0032","TAYLOR, STUART D & DONNA R","15911 TWO RIVERS CV  AUSTIN, TX 78717-5348","15911 TWO RIVERS CV, AUSTIN, TX  78717","WOODS OF BRUSHY CREEK SEC 5 PH B, BLOCK G, LOT 32","R230592E"," ","S5292 - Woods Of Brushy Creek Sec 5 Ph B","Real","$552,025","$552,025"
"R313221","R-16-5978-000G-0033","URBINA, LUIS & DEBORAH J","15909 TWO RIVERS CV  AUSTIN, TX 78717","15909 TWO RIVERS CV, AUSTIN, TX  78717","WOODS OF BRUSHY CREEK SEC 5 PH B, BLOCK G, LOT 33","R230592E"," ","S5292 - Woods Of Brushy Creek Sec 5 Ph B","Real","$445,406","$445,406"
"R313222","R-16-5978-000G-0034","FARAH, LEANDRO DA SILVA  & LUANA REGINA PFAFF OLIVEIRA","15907 TWO RIVERS CV  AUSTIN, TX 78717-5348","15907 TWO RIVERS CV, AUSTIN, TX  78717","WOODS OF BRUSHY CREEK SEC 5 PH B, BLOCK G, LOT 34","R230592E"," ","S5292 - Woods Of Brushy Creek Sec 5 Ph B","Real","$581,586","$581,586"
"R313223","R-16-5978-000G-0035","SPELCE, DOUG & ALICE","15905 TWO RIVERS CV  AUSTIN, TX 78717-5348","15905 TWO RIVERS CV, AUSTIN, TX  78717","WOODS OF BRUSHY CREEK SEC 5 PH B, BLOCK G, LOT 35","R230592E"," ","S5292 - Woods Of Brushy Creek Sec 5 Ph B","Real","$499,736","$499,736"
"R313224","R-16-5978-000G-0036","GAMEIRO, WALTER MONTEIRO","15903 TWO RIVERS CV  AUSTIN, TX 78717","15903 TWO RIVERS CV, AUSTIN, TX  78717","WOODS OF BRUSHY CREEK SEC 5 PH B, BLOCK G, LOT 36","R230592E"," ","S5292 - Woods Of Brushy Creek Sec 5 Ph B","Real","$521,660","$521,660"
"R313225","R-16-5978-000G-0037","PHILLIPS, KELLY E & RUSSEL S","15901 TWO RIVERS CV  AUSTIN, TX 78717","15901 TWO RIVERS CV, AUSTIN, TX  78717","WOODS OF BRUSHY CREEK SEC 5 PH B, BLOCK G, LOT 37","R230592E"," ","S5292 - Woods Of Brushy Creek Sec 5 Ph B","Real","$530,609","$530,609"
"R313226","R-16-5978-000G-0038","MOHAMEDALI, MUSTAFA","15900 TWO RIVERS CV  AUSTIN, TX 78717","15900 TWO RIVERS CV, AUSTIN, TX  78717","WOODS OF BRUSHY CREEK SEC 5 PH B, BLOCK G, LOT 38","R230592E"," ","S5292 - Woods Of Brushy Creek Sec 5 Ph B","Real","$549,052","$549,052"
"R313227","R-16-5978-000G-0039","TORRES RAUL P & KATHLEEN D TRUSTEES OF LIVING TRUST","15902 TWO RIVERS CV  AUSTIN, TX 78717-5312","15902 TWO RIVERS CV, AUSTIN, TX  78717","WOODS OF BRUSHY CREEK SEC 5 PH B, BLOCK G, LOT 39","R230592E"," ","S5292 - Woods Of Brushy Creek Sec 5 Ph B","Real","$644,252","$644,252"
"R313228","R-16-5978-000G-0040","KOSTNER, DIEGO IVAN & ROCIO NAVARRO MARTINEZ","15904 TWO RIVERS CV  AUSTIN, TX 78717-5312","15904 TWO RIVERS CV, AUSTIN, TX  78717","WOODS OF BRUSHY CREEK SEC 5 PH B, BLOCK G, LOT 40","R230592E"," ","S5292 - Woods Of Brushy Creek Sec 5 Ph B","Real","$691,015","$691,015"
"R313232","R-16-5978-000G-0041","BLAND, GUY R","15906 TWO RIVERS CV  AUSTIN, TX 78717","15906 TWO RIVERS CV, AUSTIN, TX  78717","WOODS OF BRUSHY CREEK SEC 5, PH B (AMENDED LOTS 41-43), BLOCK G, LOT 41","R230592E"," ","S5542 - Woods Of Brushy Creek Sec 5, Ph B (amended Lots 41-4","Real","$486,184","$486,184"
"R313234","R-16-5978-000G-0042","IQBAL, MOHAMMAD & SHAISTA","15908 TWO RIVERS CV AUSTIN, TX 78717-5312","15908 TWO RIVERS CV, AUSTIN, TX  78717","WOODS OF BRUSHY CREEK SEC 5, PH B (AMENDED LOTS 41-43), BLOCK G, LOT 42","R230592E"," ","S5542 - Woods Of Brushy Creek Sec 5, Ph B (amended Lots 41-4","Real","$533,207","$533,207"
"R313236","R-16-5978-000G-0043","WALKER, JOHN LLOYD (TOD) & BARBARA MARIA (TOD)","15910 TWO RIVERS CV  AUSTIN, TX 78717-5312","15910 TWO RIVERS CV, AUSTIN, TX  78717","WOODS OF BRUSHY CREEK SEC 5, PH B (AMENDED LOTS 41-43), BLOCK G, LOT 43","R230592E"," ","S5542 - Woods Of Brushy Creek Sec 5, Ph B (amended Lots 41-4","Real","$479,072","$479,072"
"R313238","R-16-5978-000G-0044","ONAOLAPO W AKANDE & MOPELOLA A AKANDE TRS OF O&M AKANDE REV TRUST","15912 TWO RIVERS CV  AUSTIN, TX 78717-5312","15912 TWO RIVERS CV, AUSTIN, TX  78717","WOODS OF BRUSHY CREEK SEC 5 PH B, BLOCK G, LOT 44, ACRES .169","R230592E"," ","S5292 - Woods Of Brushy Creek Sec 5 Ph B","Real","$639,350","$639,350"
"R313240","R-16-5978-000G-0045","AUFFANT, CARISSA MARIE & MICHAEL JOHN ROBERT","15914 TWO RIVERS CV  AUSTIN, TX 78717","15914 TWO RIVERS CV, AUSTIN, TX  78717","WOODS OF BRUSHY CREEK SEC 5 PH B, BLOCK G, LOT 45","R230592E"," ","S5292 - Woods Of Brushy Creek Sec 5 Ph B","Real","$524,893","$524,893"
"R313241","R-16-5978-000G-0046","YUEN ANITA C & MARTEL MARK L TRUSTEES OF YUEN MARTEL TRUST","PO BOX 375 MOUNTAIN VIEW, CA 94042-0375","15916 TWO RIVERS CV, AUSTIN, TX  78717","WOODS OF BRUSHY CREEK SEC 5 PH B, BLOCK G, LOT 46","R230592E"," ","S5292 - Woods Of Brushy Creek Sec 5 Ph B","Real","$463,129","$463,129"
"R313243","R-16-5978-000G-0047","DAMRON, MICHAEL H & CLARA J","15918 TWO RIVERS CV  AUSTIN, TX 78717","15918 TWO RIVERS CV, AUSTIN, TX  78717","WOODS OF BRUSHY CREEK SEC 5 PH B, BLOCK G, LOT 47","R230592E"," ","S5292 - Woods Of Brushy Creek Sec 5 Ph B","Real","$525,391","$525,391"
"R313245","R-16-5978-000G-0048","LAN, VU NGOC","DOAN-NGHIEM THI NGUYEN 15905 CORNERWOOD CT AUSTIN, TX 78717-5300","15905 CORNERWOOD CT, AUSTIN, TX  78717","WOODS OF BRUSHY CREEK SEC 5 PH B, BLOCK G, LOT 48","R230592E"," ","S5292 - Woods Of Brushy Creek Sec 5 Ph B","Real","$541,623","$541,623"
"R313247","R-16-5978-000G-0049","PANCHAL, DEEPEN","12302 BEDROCK TRL AUSTIN, TX 78727-5809","15903 CORNERWOOD CT, AUSTIN, TX  78717","WOODS OF BRUSHY CREEK SEC 5 PH B, BLOCK G, LOT 49","R230592E"," ","S5292 - Woods Of Brushy Creek Sec 5 Ph B","Real","$560,913","$560,913"
"R313249","R-16-5978-000G-0050","STOVALL, JACK JR & LINDA ANN","15901 CORNERWOOD CT AUSTIN, TX 78717-5300","15901 CORNERWOOD CT, AUSTIN, TX  78717","WOODS OF BRUSHY CREEK SEC 5 PH B, BLOCK G, LOT 50","R230592E"," ","S5292 - Woods Of Brushy Creek Sec 5 Ph B","Real","$580,057","$580,057"
"R313250","R-16-5978-000G-0051","RAMMINGER, MARK & SUE","10900 RESEARCH BLVD STE 160C PMB 1364 AUSTIN, TX 78759-5718","15900 CORNERWOOD CT, AUSTIN, TX  78717","WOODS OF BRUSHY CREEK SEC 5 PH B, BLOCK G, LOT 51","R230592E"," ","S5292 - Woods Of Brushy Creek Sec 5 Ph B","Real","$463,431","$463,431"
"R313252","R-16-5978-000G-0052","JULE SCHELINA A (TOD)","15902 CORNERWOOD CT  AUSTIN, TX 78717","15902 CORNERWOOD CT, AUSTIN, TX  78717","WOODS OF BRUSHY CREEK SEC 5 PH B, BLOCK G, LOT 52","R230592E"," ","S5292 - Woods Of Brushy Creek Sec 5 Ph B","Real","$616,547","$616,547"
"R313256","R-16-5975-000A-0001","LIN, SARAH & HSUTUNG MORGAN LIN","10604 TWEESMUIR DR  AUSTIN, TX 78750","8302 CAMBRIA DR, AUSTIN, TX  78717","WOODS OF BRUSHY CREEK SEC 2 PH 3A, BLOCK A, LOT 1","R230592E"," ","S5138 - Woods Of Brushy Creek Sec 2 Ph 3a","Real","$605,301","$605,301"
"R313259","R-16-5975-000A-0002","GRANT, SCOTT D & KATHERINE D","8304 CAMBRIA DR AUSTIN, TX 78717-5423","8304 CAMBRIA DR, AUSTIN, TX  78717","WOODS OF BRUSHY CREEK SEC 2 PH 3A, BLOCK A, LOT 2, ACRES .210","R230592E"," ","S5138 - Woods Of Brushy Creek Sec 2 Ph 3a","Real","$583,403","$583,403"
"R313266","R-16-5975-000A-0003","AGGARWAL LLC","14221 IVEANS WAY  AUSTIN, TX 78717-4175","8306 CAMBRIA DR, AUSTIN, TX  78717","WOODS OF BRUSHY CREEK SEC 2 PH 3A, BLOCK A, LOT 3, ACRES .182","R230592E"," ","S5138 - Woods Of Brushy Creek Sec 2 Ph 3a","Real","$509,322","$509,322"
"R313268","R-16-5975-000A-0004","NGUYEN, NAM THANH & YEN","120 JOHN KIRK CT CAMPBELL, CA 95008-2559","8308 CAMBRIA DR, AUSTIN, TX  78717","S5138 - Woods Of Brushy Creek Sec 2 Ph 3a, BLOCK A, Lot 4, ACRES 0.194","R230592E"," ","S5138 - Woods Of Brushy Creek Sec 2 Ph 3a","Real","$639,066","$639,066"
"R313271","R-16-5975-000A-0005","HARRISON, GREGORY D (TOD) & BRENDA J (TOD)","8304 CALEDONIA DR  AUSTIN, TX 78717-5429","8304 CALEDONIA DR, AUSTIN, TX  78717","WOODS OF BRUSHY CREEK SEC 2 PH 3A, BLOCK A, LOT 5","R230592E"," ","S5138 - Woods Of Brushy Creek Sec 2 Ph 3a","Real","$475,850","$475,850"
"R313273","R-16-5975-000A-0006","LELAND R MEANS & REBECCA R MEANS TRUSTEES OF THE MEANS LIVING TRUST","8306 CALEDONIA DR  AUSTIN, TX 78717","8306 CALEDONIA DR, AUSTIN, TX  78717","WOODS OF BRUSHY CREEK SEC 2 PH 3A, BLOCK A, LOT 6","R230592E"," ","S5138 - Woods Of Brushy Creek Sec 2 Ph 3a","Real","$500,302","$500,302"
"R313274","R-16-5975-000A-0007","THAI, NGOC AN","8308 CALEDONIA DR  AUSTIN, TX 78717","8308 CALEDONIA DR, AUSTIN, TX  78717","WOODS OF BRUSHY CREEK SEC 2 PH 3A, BLOCK A, LOT 7","R230592E"," ","S5138 - Woods Of Brushy Creek Sec 2 Ph 3a","Real","$499,593","$499,593"
"R313275","R-16-5975-000A-0008","YAN, LANLAN","250 W 19TH ST APT 6C NEW YORK, NY 10011-4051","8310 CALEDONIA DR, AUSTIN, TX  78717","WOODS OF BRUSHY CREEK SEC 2 PH 3A, BLOCK A, LOT 8","R230592E"," ","S5138 - Woods Of Brushy Creek Sec 2 Ph 3a","Real","$466,874","$466,874"
"R313277","R-16-5975-000A-0009","LISAUCKIS, FRANKLY P & KATHY E","8312 CALEDONIA DR AUSTIN, TX 78717-5429","8312 CALEDONIA DR, AUSTIN, TX  78717","WOODS OF BRUSHY CREEK SEC 2 PH 3A, BLOCK A, LOT 9","R230592E"," ","S5138 - Woods Of Brushy Creek Sec 2 Ph 3a","Real","$497,288","$497,288"
"R313278","R-16-5975-000A-0010","BREITENBACH PETER NEWELL & SYLVIA M CO-TRS OF BREITENBACH FAMILY REVOCABLE TRUST","8400 CALEDONIA DR  AUSTIN, TX 78717-5430","8400 CALEDONIA DR, AUSTIN, TX  78717","WOODS OF BRUSHY CREEK SEC 2 PH 3A, BLOCK A, LOT 10","R230592E"," ","S5138 - Woods Of Brushy Creek Sec 2 Ph 3a","Real","$559,186","$559,186"
"R313279","R-16-5975-000A-0011","JANICE L & DAVID W MCLAUGHLIN TR OF THE JANICE & DAVID MCLAUGHLIN LIVING TRUST","8402 CALEDONIA DR  AUSTIN, TX 78717","8402 CALEDONIA DR, AUSTIN, TX  78717","WOODS OF BRUSHY CREEK SEC 2 PH 3A, BLOCK A, LOT 11","R230592E"," ","S5138 - Woods Of Brushy Creek Sec 2 Ph 3a","Real","$436,082","$436,082"
"R313280","R-16-5975-000A-0012","BROWN, WARREN & TAYLOR","8404 CALEDONIA DR  AUSTIN, TX 78717-5430","8404 CALEDONIA DR, AUSTIN, TX  78717","WOODS OF BRUSHY CREEK SEC 2 PH 3A, BLOCK A, LOT 12, ACRES .172","R230592E"," ","S5138 - Woods Of Brushy Creek Sec 2 Ph 3a","Real","$480,773","$480,773"
"R313281","R-16-5975-000A-0013","WANG, YUE & LI CAO","13359 N HIGHWAY 183 # 406-1358 AUSTIN, TX 78750-7153","8406 CALEDONIA DR, AUSTIN, TX  78717","WOODS OF BRUSHY CREEK SEC 2 PH 3A, BLOCK A, LOT 13, ACRES .173","R230592E"," ","S5138 - Woods Of Brushy Creek Sec 2 Ph 3a","Real","$446,564","$446,564"
"R313282","R-16-5975-000A-0014","SAMUELSON, RANDY ALAN & MICHELE","8408 CALEDONIA DR  AUSTIN, TX 78717-5430","8408 CALEDONIA DR, AUSTIN, TX  78717","WOODS OF BRUSHY CREEK SEC 2 PH 3A, BLOCK A, LOT 14","R230592E"," ","S5138 - Woods Of Brushy Creek Sec 2 Ph 3a","Real","$529,833","$529,833"
"R313285","R-16-5975-000A-0015","SANCHEZ, IRMA D","8410 CALEDONIA DR AUSTIN, TX 78717-5430","8410 CALEDONIA DR, AUSTIN, TX  78717","WOODS OF BRUSHY CREEK SEC 2 PH 3A, BLOCK A, LOT 15, ACRES .219","R230592E"," ","S5138 - Woods Of Brushy Creek Sec 2 Ph 3a","Real","$493,626","$513,531"
"R313291","R-16-5975-000A-0016","LOWE, CASEY","8420 CAMBRIA DR AUSTIN, TX 78717-5436","8420 CAMBRIA DR, AUSTIN, TX  78717","WOODS OF BRUSHY CREEK SEC 2 PH 3A, BLOCK A, LOT 16","R230592E"," ","S5138 - Woods Of Brushy Creek Sec 2 Ph 3a","Real","$619,450","$649,411"
"R313292","R-16-5975-000A-0017","NOROSKY, PRISCILLA A &  PETER JOHN","8503 EPHRAIM RD  AUSTIN, TX 78717","8503 EPHRAIM RD, AUSTIN, TX  78717","WOODS OF BRUSHY CREEK SEC 2 PH 3A, BLOCK A, LOT 17, ACRES .201","R230592E"," ","S5138 - Woods Of Brushy Creek Sec 2 Ph 3a","Real","$638,740","$638,740"
"R313294","R-16-5975-000A-0018","GERSCH, ROBIN & MITSU I","8501 EPHRAIM RD  AUSTIN, TX 78717-5445","8501 EPHRAIM RD, AUSTIN, TX  78717","WOODS OF BRUSHY CREEK SEC 2 PH 3A, BLOCK A, LOT 18","R230592E"," ","S5138 - Woods Of Brushy Creek Sec 2 Ph 3a","Real","$415,337","$551,467"
"R313296","R-16-5975-000A-0019","MITCHELL, DOUGLAS REED","8415 EPHRAIM RD  AUSTIN, TX 78717","8415 EPHRAIM RD, AUSTIN, TX  78717","WOODS OF BRUSHY CREEK SEC 2 PH 3A, BLOCK A, LOT 19, ACRES .202","R230592E"," ","S5138 - Woods Of Brushy Creek Sec 2 Ph 3a","Real","$553,320","$553,320"
"R313298","R-16-5975-000A-0020","WAIBEL, CHARLES E & LESLIE","8413 EPHRAIM RD AUSTIN, TX 78717-5444","8413 EPHRAIM RD, AUSTIN, TX  78717","WOODS OF BRUSHY CREEK SEC 2 PH 3A, BLOCK A, LOT 20, ACRES .182","R230592E"," ","S5138 - Woods Of Brushy Creek Sec 2 Ph 3a","Real","$502,865","$502,865"
"R313301","R-16-5975-000A-0021","MARKHAM, B SAMUEL & MELISSA L","8411 EPHRAIM RD  AUSTIN, TX 78717","8411 EPHRAIM RD, AUSTIN, TX  78717","WOODS OF BRUSHY CREEK SEC 2 PH 3A, BLOCK A, LOT 21, ACRES .168","R230592E"," ","S5138 - Woods Of Brushy Creek Sec 2 Ph 3a","Real","$589,488","$639,436"
"R313302","R-16-5975-000A-0022","FASSIH-NIA, MOHAMMED & TIKRANOOHI","8409 EPHRAIM RD AUSTIN, TX 78717-5444","8409 EPHRAIM RD, AUSTIN, TX  78717","WOODS OF BRUSHY CREEK SEC 2 PH 3A, BLOCK A, LOT 22, ACRES .171","R230592E"," ","S5138 - Woods Of Brushy Creek Sec 2 Ph 3a","Real","$447,994","$447,994"
"R313304","R-16-5975-000A-0023","MCCAWLEY, MELISA N","8407 EPHRAIM RD  AUSTIN, TX 78717","8407 EPHRAIM RD, AUSTIN, TX  78717","WOODS OF BRUSHY CREEK SEC 2 PH 3A, BLOCK A, LOT 23, ACRES .193","R230592E"," ","S5138 - Woods Of Brushy Creek Sec 2 Ph 3a","Real","$519,721","$519,721"
"R313308","R-16-5975-000A-0024","JOHN KELLY & MARGARET DUNSMORE KELLY OF JOHN & MARGARET KELLY REVOCABLE TRUST","8405 EPHRAIM RD  AUSTIN, TX 78717-5444","8405 EPHRAIM RD, AUSTIN, TX  78717","WOODS OF BRUSHY CREEK SEC 2 PH 3A, BLOCK A, LOT 24, ACRES .193","R230592E"," ","S5138 - Woods Of Brushy Creek Sec 2 Ph 3a","Real","$502,560","$502,560"
"R313310","R-16-5975-000A-0025","MACOMBER, BRIAN R & CINDY S","8403 EPHRAIM RD  AUSTIN, TX 78717","8403 EPHRAIM RD, AUSTIN, TX  78717","WOODS OF BRUSHY CREEK SEC 2 PH 3A, BLOCK A, LOT 25, ACRES .181","R230592E"," ","S5138 - Woods Of Brushy Creek Sec 2 Ph 3a","Real","$535,880","$535,880"
"R313315","R-16-5975-000A-0026","MATHIAS, AUSTIN V","8401 EPHRAIM RD  AUSTIN, TX 78717","8401 EPHRAIM RD, AUSTIN, TX  78717","WOODS OF BRUSHY CREEK SEC 2 PH 3A, BLOCK A, LOT 26, ACRES .173","R230592E"," ","S5138 - Woods Of Brushy Creek Sec 2 Ph 3a","Real","$574,165","$574,165"
"R313316","R-16-5975-000A-0027","BRACKMANN, JACOB ANDREW & SUMMER SKIE NEWMAN","8311 EPHRAIM RD  AUSTIN, TX 78717","8311 EPHRAIM RD, AUSTIN, TX  78717","WOODS OF BRUSHY CREEK SEC 2 PH 3A, BLOCK A, LOT 27, ACRES .173","R230592E"," ","S5138 - Woods Of Brushy Creek Sec 2 Ph 3a","Real","$464,203","$464,203"
"R313319","R-16-5975-000A-0028","WILLIAMS, BENJAMIN K & SHADYA K","8309 EPHRAIM RD  AUSTIN, TX 78717","8309 EPHRAIM RD, AUSTIN, TX  78717","WOODS OF BRUSHY CREEK SEC 2 PH 3A, BLOCK A, LOT 28, ACRES .173","R230592E"," ","S5138 - Woods Of Brushy Creek Sec 2 Ph 3a","Real","$459,205","$459,205"
"R313355","R-16-5975-000A-0029","TRAN, VICTORIA","8307 EPHRAIM RD  AUSTIN, TX 78717","8307 EPHRAIM RD, AUSTIN, TX  78717","WOODS OF BRUSHY CREEK SEC 2 PH 3A, BLOCK A, LOT 29, ACRES .173","R230592E"," ","S5138 - Woods Of Brushy Creek Sec 2 Ph 3a","Real","$482,425","$482,425"
"R313356","R-16-5975-000A-0030","LARRY JAMES SCHMIDT TR LARRY JAMES SCHMIDT REVOCABLE TRUST","8305 EPHRAIM RD  AUSTIN, TX 78717-5443","8305 EPHRAIM RD, AUSTIN, TX  78717","WOODS OF BRUSHY CREEK SEC 2 PH 3A, BLOCK A, LOT 30, ACRES .207","R230592E"," ","S5138 - Woods Of Brushy Creek Sec 2 Ph 3a","Real","$479,493","$479,493"
"R313357","R-16-5975-000A-0031","VESELIC, MLADEN & SMILJANA","8303 EPHRAIM RD  AUSTIN, TX 78717","8303 EPHRAIM RD, AUSTIN, TX  78717","WOODS OF BRUSHY CREEK SEC 2 PH 3A, BLOCK A, LOT 31, ACRES .181","R230592E"," ","S5138 - Woods Of Brushy Creek Sec 2 Ph 3a","Real","$520,067","$520,067"
"R313358","R-16-5975-000A-0032","WILWAYCO, JOAQUIN G & AMOR G","8301 EPHRAIM RD AUSTIN, TX 78717-5443","8301 EPHRAIM RD, AUSTIN, TX  78717","WOODS OF BRUSHY CREEK SEC 2 PH 3A, BLOCK A, LOT 32","R230592E"," ","S5138 - Woods Of Brushy Creek Sec 2 Ph 3a","Real","$482,668","$482,668"
"R313359","R-16-5975-000B-0001","POWER, STEVEN","10 COUNTRY LN  RANDOLPH, NJ 07869-4807","8312 CAMBRIA DR, AUSTIN, TX  78717","WOODS OF BRUSHY CREEK SEC 2 PH 3A, BLOCK B, LOT 1","R230592E"," ","S5138 - Woods Of Brushy Creek Sec 2 Ph 3a","Real","$503,404","$503,404"
"R313360","R-16-5975-000B-0002","FASSETTA, KAREN","8314 CAMBRIA DR  AUSTIN, TX 78717-5423","8314 CAMBRIA DR, AUSTIN, TX  78717","WOODS OF BRUSHY CREEK SEC 2 PH 3A, BLOCK B, LOT 2, ACRES .144","R230592E"," ","S5138 - Woods Of Brushy Creek Sec 2 Ph 3a","Real","$438,704","$438,704"
"R313361","R-16-5975-000B-0003","HILLIARD, MICHAEL L & LEIGH M","8316 CAMBRIA DR  AUSTIN, TX 78717","8316 CAMBRIA DR, AUSTIN, TX  78717","WOODS OF BRUSHY CREEK SEC 2 PH 3A, BLOCK B, LOT 3, ACRES .137","R230592E"," ","S5138 - Woods Of Brushy Creek Sec 2 Ph 3a","Real","$493,944","$505,250"
"R313362","R-16-5975-000B-0004","SMITH, ROBERT J & MIKIYO H","8318 CAMBRIA DR  AUSTIN, TX 78717","8318 CAMBRIA DR, AUSTIN, TX  78717","WOODS OF BRUSHY CREEK SEC 2 PH 3A, BLOCK B, LOT 4, ACRES .183","R230592E"," ","S5138 - Woods Of Brushy Creek Sec 2 Ph 3a","Real","$527,408","$527,408"
"R313363","R-16-5975-000B-0005","JOHNSON, JULIE ANN","8322 CAMBRIA DR  AUSTIN, TX 78717","8322 CAMBRIA DR, AUSTIN, TX  78717","WOODS OF BRUSHY CREEK SEC 2 PH 3A, BLOCK B, LOT 5","R230592E"," ","S5138 - Woods Of Brushy Creek Sec 2 Ph 3a","Real","$476,879","$476,879"
"R313364","R-16-5975-000B-0006","VALENTINE, HALLIE H & AUSTIN S","8326 CAMBRIA DR  AUSTIN, TX 78717","8326 CAMBRIA DR, AUSTIN, TX  78717","WOODS OF BRUSHY CREEK SEC 2 PH 3A, BLOCK B, LOT 6","R230592E"," ","S5138 - Woods Of Brushy Creek Sec 2 Ph 3a","Real","$605,297","$631,976"
"R313365","R-16-5975-000B-0007","DOW, GERRY R","8330 CAMBRIA DR AUSTIN, TX 78717-5423","8330 CAMBRIA DR, AUSTIN, TX  78717","WOODS OF BRUSHY CREEK SEC 2 PH 3A, BLOCK B, LOT 7","R230592E"," ","S5138 - Woods Of Brushy Creek Sec 2 Ph 3a","Real","$427,533","$427,533"
"R313366","R-16-5975-000B-0008","COOK PRESCOTT S & LESLIE K TRUSTEES PRESCOTT & LESLIE COOK LIVING TRUST","15405 CAMBRIA CV AUSTIN, TX 78717","15405 CAMBRIA CV, AUSTIN, TX  78717","WOODS OF BRUSHY CREEK SEC 2 PH 3A, BLOCK B, LOT 8","R230592E"," ","S5138 - Woods Of Brushy Creek Sec 2 Ph 3a","Real","$475,693","$475,693"
"R313367","R-16-5975-000B-0009","MCDANIEL, KARIMA HOLLAND & MATTHEW","15409 CAMBRIA CV  AUSTIN, TX 78717","15409 CAMBRIA CV, AUSTIN, TX  78717","WOODS OF BRUSHY CREEK SEC 2 PH 3A, BLOCK B, LOT 9","R230592E"," ","S5138 - Woods Of Brushy Creek Sec 2 Ph 3a","Real","$467,154","$467,154"
"R313368","R-16-5975-000B-0010","NAMARA, MOSES & REHEMAH NANSAMBA","15411 CAMBRIA CV  AUSTIN, TX 78717-5433","15411 CAMBRIA CV, AUSTIN, TX  78717","WOODS OF BRUSHY CREEK SEC 2 PH 3A, BLOCK B, LOT 10","R230592E"," ","S5138 - Woods Of Brushy Creek Sec 2 Ph 3a","Real","$504,056","$504,056"
"R313369","R-16-5975-000B-0011","WILLOUGHBY, JANINE LYNN TRUSTEE OF THE COBWEBS TRUST","16512 LOUNSBURY PL AUSTIN, TX 78717-3016","15410 CAMBRIA CV, AUSTIN, TX  78717","WOODS OF BRUSHY CREEK SEC 2 PH 3A, BLOCK B, LOT 11","R230592E"," ","S5138 - Woods Of Brushy Creek Sec 2 Ph 3a","Real","$573,805","$573,805"
"R313370","R-16-5975-000B-0012","FENG, MAY-SENG & MAY Y","1206 BREAKAWAY RD CEDAR PARK, TX 78613-4104","15408 CAMBRIA CV, AUSTIN, TX  78717","WOODS OF BRUSHY CREEK SEC 2 PH 3A, BLOCK B, LOT 12","R230592E"," ","S5138 - Woods Of Brushy Creek Sec 2 Ph 3a","Real","$494,861","$494,861"
"R313371","R-16-5975-000B-0013","CHAMBERLAIN, KENNETH L (LE) & PATRICIA A (LE)","15406 CAMBRIA CV  AUSTIN, TX 78717-5433","15406 CAMBRIA CV, AUSTIN, TX  78717","WOODS OF BRUSHY CREEK SEC 2 PH 3A, BLOCK B, LOT 13","R230592E"," ","S5138 - Woods Of Brushy Creek Sec 2 Ph 3a","Real","$621,614","$621,614"
"R313372","R-16-5975-000B-0014","HICKEY, SUSAN E","15404 CAMBRIA CV AUSTIN, TX 78717-5433","15404 CAMBRIA CV, AUSTIN, TX  78717","WOODS OF BRUSHY CREEK SEC 2 PH 3A, BLOCK B, LOT 14","R230592E"," ","S5138 - Woods Of Brushy Creek Sec 2 Ph 3a","Real","$513,400","$513,400"
"R313373","R-16-5975-000B-0015","VEGA, REUBEN & MARIA","8400 CAMBRIA DR  AUSTIN, TX 78717","8400 CAMBRIA DR, AUSTIN, TX  78717","WOODS OF BRUSHY CREEK SEC 2 PH 3A, BLOCK B, LOT 15","R230592E"," ","S5138 - Woods Of Brushy Creek Sec 2 Ph 3a","Real","$652,374","$665,350"
"R313374","R-16-5975-000B-0016","ZOUROB, EDWARD & MIKAELA J","8404 CAMBRIA DR  AUSTIN, TX 78717","8404 CAMBRIA DR, AUSTIN, TX  78717","WOODS OF BRUSHY CREEK SEC 2 PH 3A, BLOCK B, LOT 16","R230592E"," ","S5138 - Woods Of Brushy Creek Sec 2 Ph 3a","Real","$521,370","$521,370"
"R313375","R-16-5975-000B-0017","WANG, RAY J & KRISTIN C H","8406 CAMBRIA DR AUSTIN, TX 78717-5436","8406 CAMBRIA DR, AUSTIN, TX  78717","WOODS OF BRUSHY CREEK SEC 2 PH 3A, BLOCK B, LOT 17","R230592E"," ","S5138 - Woods Of Brushy Creek Sec 2 Ph 3a","Real","$520,871","$520,871"
"R313376","R-16-5975-000B-0018","CHANG, MICHEN & MEI-HSIANG","8408 CAMBRIA DR AUSTIN, TX 78717-5436","8408 CAMBRIA DR, AUSTIN, TX  78717","WOODS OF BRUSHY CREEK SEC 2 PH 3A, BLOCK B, LOT 18","R230592E"," ","S5138 - Woods Of Brushy Creek Sec 2 Ph 3a","Real","$636,734","$677,999"
"R313377","R-16-5975-000B-0019","SADOWSKI, SAMANTHA C & SZCZEPAN R","8410 CAMBRIA DR  AUSTIN, TX 78717-5436","8410 CAMBRIA DR, AUSTIN, TX  78717","WOODS OF BRUSHY CREEK SEC 2 PH 3A, BLOCK B, LOT 19","R230592E"," ","S5138 - Woods Of Brushy Creek Sec 2 Ph 3a","Real","$596,093","$596,093"
"R313378","R-16-5975-000B-0020","YOU, WENJUN & JEFF Y SHU","8409 CALEDONIA DR  AUSTIN, TX 78717","8409 CALEDONIA DR, AUSTIN, TX  78717","WOODS OF BRUSHY CREEK SEC 2 PH 3A, BLOCK B, LOT 20","R230592E"," ","S5138 - Woods Of Brushy Creek Sec 2 Ph 3a","Real","$638,726","$638,726"
"R313379","R-16-5975-000B-0021","FLEMING, NATHAN ROSS","8407 CALEDONIA DR  AUSTIN, TX 78717","8407 CALEDONIA DR, AUSTIN, TX  78717","WOODS OF BRUSHY CREEK SEC 2 PH 3A, BLOCK B, LOT 21","R230592E"," ","S5138 - Woods Of Brushy Creek Sec 2 Ph 3a","Real","$637,240","$637,240"
"R313380","R-16-5975-000B-0022","OFIR, SHLOMIT & AVIV DOREMBUS","8405 CALEDONIA DR  AUSTIN, TX 78717","8405 CALEDONIA DR, AUSTIN, TX  78717","WOODS OF BRUSHY CREEK SEC 2 PH 3A, BLOCK B, LOT 22","R230592E"," ","S5138 - Woods Of Brushy Creek Sec 2 Ph 3a","Real","$595,693","$595,693"
"R313381","R-16-5975-000B-0023","LAM, IRENE & FENG YE","PO BOX 170878 AUSTIN, TX 78717-0036","8401 CALEDONIA DR, AUSTIN, TX  78717","WOODS OF BRUSHY CREEK SEC 2 PH 3A, BLOCK B, LOT 23","R230592E"," ","S5138 - Woods Of Brushy Creek Sec 2 Ph 3a","Real","$418,914","$418,914"
"R313382","R-16-5975-000B-0024","VAUGHAN, TRACY JOHN","8307 CALEDONIA DR AUSTIN, TX 78717-5431","8307 CALEDONIA DR, AUSTIN, TX  78717","WOODS OF BRUSHY CREEK SEC 2 PH 3A, BLOCK B, LOT 24","R230592E"," ","S5138 - Woods Of Brushy Creek Sec 2 Ph 3a","Real","$523,828","$523,828"
"R313383","R-16-5975-000B-0025","PAUL KAO & PADMINI KAO CO TRUSTEES OF THE KAO FAMILY REVOCABLE TRUST","1498 PINE GROVE WAY  SAN JOSE, CA 95129","8305 CALEDONIA DR, AUSTIN, TX  78717","WOODS OF BRUSHY CREEK SEC 2 PH 3A, BLOCK B, LOT 25","R230592E"," ","S5138 - Woods Of Brushy Creek Sec 2 Ph 3a","Real","$589,177","$589,177"
"R313384","R-16-5975-000B-0026","BOGNER, MATTHEW","8303 CALEDONIA DR  AUSTIN, TX 78717","8303 CALEDONIA DR, AUSTIN, TX  78717","WOODS OF BRUSHY CREEK SEC 2 PH 3A, BLOCK B, LOT 26","R230592E"," ","S5138 - Woods Of Brushy Creek Sec 2 Ph 3a","Real","$510,487","$510,487"
"R313385","R-16-5975-000C-0001","WILSON, WILLIAM D & MELINDA A","8513 EPHRAIM RD AUSTIN, TX 78717-5446","8513 EPHRAIM RD, AUSTIN, TX  78717","WOODS OF BRUSHY CREEK SEC 2 PH 3A, BLOCK C, LOT 1","R230592E"," ","S5138 - Woods Of Brushy Creek Sec 2 Ph 3a","Real","$484,030","$484,030"
"R313386","R-16-5975-000C-0002","FURRIER VENTURES OF TEXAS LLC","1705 STILL MEADOW CV  ROUND ROCK, TX 78681","8511 EPHRAIM RD, AUSTIN, TX  78717","WOODS OF BRUSHY CREEK SEC 2 PH 3A, BLOCK C, LOT 2","R230592E"," ","S5138 - Woods Of Brushy Creek Sec 2 Ph 3a","Real","$493,129","$493,129"
"R313387","R-16-5975-000C-0003","KNOX, GEOFFREY & JENNIFER","8509 EPHRAIM RD  AUSTIN, TX 78717","8509 EPHRAIM RD, AUSTIN, TX  78717","WOODS OF BRUSHY CREEK SEC 2 PH 3A, BLOCK C, LOT 3","R230592E"," ","S5138 - Woods Of Brushy Creek Sec 2 Ph 3a","Real","$580,065","$580,065"
"R313388","R-16-5975-000C-0004","KELLEY, TIMOTHY CLARKE","8427 CAMBRIA DR  AUSTIN, TX 78717","8427 CAMBRIA DR, AUSTIN, TX  78717","WOODS OF BRUSHY CREEK SEC 2 PH 3A, BLOCK C, LOT 4","R230592E"," ","S5138 - Woods Of Brushy Creek Sec 2 Ph 3a","Real","$475,279","$475,279"
"R313389","R-16-5975-000C-0005","JOHNSON, ERIK W & AMANDA","8425 CAMBRIA DR  AUSTIN, TX 78717","8425 CAMBRIA DR, AUSTIN, TX  78717","WOODS OF BRUSHY CREEK SEC 2 PH 3A, BLOCK C, LOT 5","R230592E"," ","S5138 - Woods Of Brushy Creek Sec 2 Ph 3a","Real","$614,868","$614,868"
"R313390","R-16-5975-000C-0006","TSE, FU WING T & TEREASA D HOLT","8423 CAMBRIA DR  AUSTIN, TX 78717","8423 CAMBRIA DR, AUSTIN, TX  78717","WOODS OF BRUSHY CREEK SEC 2 PH 3A, BLOCK C, LOT 6","R230592E"," ","S5138 - Woods Of Brushy Creek Sec 2 Ph 3a","Real","$435,917","$435,917"
"R313391","R-16-5975-000C-0007","PENA, LUIS & KELLY","8421 CAMBRIA DR AUSTIN, TX 78717-5436","8421 CAMBRIA DR, AUSTIN, TX  78717","WOODS OF BRUSHY CREEK SEC 2 PH 3A, BLOCK C, LOT 7","R230592E"," ","S5138 - Woods Of Brushy Creek Sec 2 Ph 3a","Real","$507,345","$507,345"
"R313392","R-16-5975-000C-0008","NOWOTNY, KELLY ERIN","8419 CAMBRIA DR  AUSTIN, TX 78717-5552","8419 CAMBRIA DR, AUSTIN, TX  78717","WOODS OF BRUSHY CREEK SEC 2 PH 3A, BLOCK C, LOT 8","R230592E"," ","S5138 - Woods Of Brushy Creek Sec 2 Ph 3a","Real","$547,566","$547,566"
"R313393","R-16-5975-000C-0009","HINKLE, CHRISTOPHER D& KELLY L","8417 CAMBRIA DR AUSTIN, TX 78717-5436","8417 CAMBRIA DR, AUSTIN, TX  78717","WOODS OF BRUSHY CREEK SEC 2 PH 3A, BLOCK C, LOT 9","R230592E"," ","S5138 - Woods Of Brushy Creek Sec 2 Ph 3a","Real","$501,570","$501,570"
"R313394","R-16-5975-000C-0010","UMBAY, ARLEEN & ADRIEL G","8415 CAMBRIA DR  AUSTIN, TX 78717","8415 CAMBRIA DR, AUSTIN, TX  78717","WOODS OF BRUSHY CREEK SEC 2 PH 3A, BLOCK C, LOT 10","R230592E"," ","S5138 - Woods Of Brushy Creek Sec 2 Ph 3a","Real","$520,610","$520,610"
"R313395","R-16-5975-000C-0011","NASSIF, SANI RICHARD","8413 CAMBRIA DR  AUSTIN, TX 78717","8413 CAMBRIA DR, AUSTIN, TX  78717","WOODS OF BRUSHY CREEK SEC 2 PH 3A, BLOCK C, LOT 11","R230592E"," ","S5138 - Woods Of Brushy Creek Sec 2 Ph 3a","Real","$578,098","$597,447"
"R313396","R-16-5975-000C-0012","WILLIAMS, ROBERT DWAYNE","8411 CAMBRIA DR  AUSTIN, TX 78717","8411 CAMBRIA DR, AUSTIN, TX  78717","WOODS OF BRUSHY CREEK SEC 2 PH 3A, BLOCK C, LOT 12","R230592E"," ","S5138 - Woods Of Brushy Creek Sec 2 Ph 3a","Real","$501,909","$501,909"
"R313397","R-16-5975-000C-0013","SNODGRASS, JOHN M & SYLVIA H","8409 CAMBRIA DR  AUSTIN, TX 78717-5436","8409 CAMBRIA DR, AUSTIN, TX  78717","WOODS OF BRUSHY CREEK SEC 2 PH 3A, BLOCK C, LOT 13","R230592E"," ","S5138 - Woods Of Brushy Creek Sec 2 Ph 3a","Real","$551,813","$551,813"
"R313398","R-16-5975-000C-0014","CHEN, BENJAMIN","1132 NORTHWESTERN AVE UNIT A AUSTIN, TX 78702-2861","8407 CAMBRIA DR, AUSTIN, TX  78717","WOODS OF BRUSHY CREEK SEC 2 PH 3A, BLOCK C, LOT 14","R230592E"," ","S5138 - Woods Of Brushy Creek Sec 2 Ph 3a","Real","$461,956","$461,956"
"R313399","R-16-5975-000C-0015","VILLANUEVA, ENCARNACION J & MARIANA R","8405 CAMBRIA DR  AUSTIN, TX 78717","8405 CAMBRIA DR, AUSTIN, TX  78717","WOODS OF BRUSHY CREEK SEC 2 PH 3A, BLOCK C, LOT 15","R230592E"," ","S5138 - Woods Of Brushy Creek Sec 2 Ph 3a","Real","$560,424","$560,424"
"R313400","R-16-5975-000D-0001","BENNETT, JERYL L","8603 EPHRAIM RD  AUSTIN, TX 78717","8603 EPHRAIM RD, AUSTIN, TX  78717","WOODS OF BRUSHY CREEK SEC 2 PH 3A AMENDED, BLOCK D, LOT 1","R230592E"," ","S5138 - Woods Of Brushy Creek Sec 2 Ph 3a","Real","$459,053","$459,053"
"R313401","R-16-5975-000D-0002","ALLISON RODNEY CLARK & PATRICIA RAE TRS OF REVOCABLE LIVING TRUST","8601 EPHRAIM RD  AUSTIN, TX 78717-5417","8601 EPHRAIM RD, AUSTIN, TX  78717","WOODS OF BRUSHY CREEK SEC 2 PH 3A AMENDED, BLOCK D, LOT 2","R230592E"," ","S5138 - Woods Of Brushy Creek Sec 2 Ph 3a","Real","$468,789","$468,789"
"R313402","R-16-5975-000E-0001","WOODS OF BRUSHY CREEK HOMEOWNERS ASSOCIATION","C/O GOODWIN MANAGEMENT INC. PO BOX 203310 AUSTIN, TX 78720-3310","8600 EPHRAIM RD, AUSTIN, TX  78717","WOODS OF BRUSHY CREEK SEC 2 PH 3A, BLOCK E, LOT 1","R230592E"," ","S5138 - Woods Of Brushy Creek Sec 2 Ph 3a","Real","$4,567","$5,123"
"R313403","R-16-5975-000E-0002","BANKSTON, GARY G","8512 EPHRAIM RD AUSTIN, TX 78717-5440","8512 EPHRAIM RD, AUSTIN, TX  78717","WOODS OF BRUSHY CREEK SEC 2 PH 3A, BLOCK E, LOT 2","R230592E"," ","S5138 - Woods Of Brushy Creek Sec 2 Ph 3a","Real","$500,551","$514,149"
"R313409","R-16-5975-000E-0003","SPEARS, TOD K & KELLY I","8510 EPHRAIM RD AUSTIN, TX 78717-5440","8510 EPHRAIM RD, AUSTIN, TX  78717","WOODS OF BRUSHY CREEK SEC 2 PH 3A AMENDED, BLOCK E, LOT 3","R230592E"," ","S5138 - Woods Of Brushy Creek Sec 2 Ph 3a","Real","$510,433","$520,600"
"R313410","R-16-5975-000E-0004","OWENS, RALPH & STEPHANIE","8508 EPHRAIM RD AUSTIN, TX 78717-5440","8508 EPHRAIM RD, AUSTIN, TX  78717","WOODS OF BRUSHY CREEK SEC 2 PH 3A AMENDED, BLOCK E, LOT 4","R230592E"," ","S5138 - Woods Of Brushy Creek Sec 2 Ph 3a","Real","$505,672","$505,672"
"R313411","R-16-5975-000E-0005","GALLI MICHAEL D & ANN TRUSTEES OF MICHAEL D GALLI & ANN GALLI 2007 REVOCABLE TRU","882 RUBIS DR SUNNYVALE, CA 94087","8504 EPHRAIM RD, AUSTIN, TX  78717","WOODS OF BRUSHY CREEK SEC 2 PH 3A AMENDED, BLOCK E, LOT 5","R230592E"," ","S5138 - Woods Of Brushy Creek Sec 2 Ph 3a","Real","$495,016","$495,016"
"R313412","R-16-5975-000E-0006","BAHRAMI, MOHAMMAD R & ZAHRA","8500 EPHRAIM RD  AUSTIN, TX 78717","8500 EPHRAIM RD, AUSTIN, TX  78717","WOODS OF BRUSHY CREEK SEC 2 PH 3A AMENDED, BLOCK E, LOT 6","R230592E"," ","S5138 - Woods Of Brushy Creek Sec 2 Ph 3a","Real","$610,504","$610,504"
"R313414","R-16-5975-000E-0007","LIVINGSTON, STEVEN & KRISTIAN","15602 LAONA CV  AUSTIN, TX 78717","15602 LAONA CV, AUSTIN, TX  78717","WOODS OF BRUSHY CREEK SEC 2 PH 3A AMENDED, BLOCK E, LOT 7","R230592E"," ","S5138 - Woods Of Brushy Creek Sec 2 Ph 3a","Real","$496,505","$496,505"
"R313415","R-16-5975-000E-0008","KEPHART, GEORGE A & ANNE C","15604 LAONA CV AUSTIN, TX 78717-5428","15604 LAONA CV, AUSTIN, TX  78717","WOODS OF BRUSHY CREEK SEC 2 PH 3A AMENDED, BLOCK E, LOT 8","R230592E"," ","S5138 - Woods Of Brushy Creek Sec 2 Ph 3a","Real","$511,449","$511,449"
"R313417","R-16-5975-000E-0009","ILEY, THOMAS WESLEY & JORDYN THEADORA PINSON, IV","15605 LAONA CV  AUSTIN, TX 78717","15605 LAONA CV, AUSTIN, TX  78717","WOODS OF BRUSHY CREEK SEC 2 PH 3A AMENDED, BLOCK E, LOT 9","R230592E"," ","S5138 - Woods Of Brushy Creek Sec 2 Ph 3a","Real","$514,026","$514,026"
"R313422","R-16-5975-000E-0010","POWLEDGE, ROBERT & SANDRA","15603 LAONA CV AUSTIN, TX 78717-5428","15603 LAONA CV, AUSTIN, TX  78717","WOODS OF BRUSHY CREEK SEC 2 PH 3A AMENDED, BLOCK E, LOT 10","R230592E"," ","S5138 - Woods Of Brushy Creek Sec 2 Ph 3a","Real","$488,387","$488,387"
"R313423","R-16-5975-000E-0011","SHELLEY, ADRIAN & ASHLEY","15601 LAONA CV  AUSTIN, TX 78717","15601 LAONA CV, AUSTIN, TX  78717","WOODS OF BRUSHY CREEK SEC 2 PH 3A AMENDED, BLOCK E, LOT 11","R230592E"," ","S5138 - Woods Of Brushy Creek Sec 2 Ph 3a","Real","$527,384","$527,384"
"R313425","R-16-5975-000E-0012","PLAPPERT, JOYCE P","8408 EPHRAIM RD  AUSTIN, TX 78717","8408 EPHRAIM RD, AUSTIN, TX  78717","WOODS OF BRUSHY CREEK SEC 2 PH 3A AMENDED, BLOCK E, LOT 12","R230592E"," ","S5138 - Woods Of Brushy Creek Sec 2 Ph 3a","Real","$555,872","$555,872"
"R313431","R-16-5975-000E-0013","GRAFF, NANCY EVANS","8406 EPHRAIM RD AUSTIN, TX 78717-5442","8406 EPHRAIM RD, AUSTIN, TX  78717","WOODS OF BRUSHY CREEK SEC 2 PH 3A AMENDED, BLOCK E, LOT 13","R230592E"," ","S5138 - Woods Of Brushy Creek Sec 2 Ph 3a","Real","$510,635","$510,635"
"R313439","R-16-5975-000E-0014","LARGENT, WILLIAM H JR (TOD) & ALEXIS F (TOD)","8404 EPHRAIM RD  AUSTIN, TX 78717-5442","8404 EPHRAIM RD, AUSTIN, TX  78717","WOODS OF BRUSHY CREEK SEC 2 PH 3A AMENDED, BLOCK E, LOT 14","R230592E"," ","S5138 - Woods Of Brushy Creek Sec 2 Ph 3a","Real","$489,819","$489,819"
"R313445","R-16-5975-000E-0015","ODINTZ, MARK FREDERICK & DEBORAH SUE ELLIS ESTATE","8402 EPHRAIM RD AUSTIN, TX 78717-5442","8402 EPHRAIM RD, AUSTIN, TX  78717","WOODS OF BRUSHY CREEK SEC 2 PH 3A AMENDED, BLOCK E, LOT 15","R230592E"," ","S5138 - Woods Of Brushy Creek Sec 2 Ph 3a","Real","$623,812","$639,964"
"R313446","R-16-5975-000E-0016","VAN ERP, ADRIANUS E M & CARMEN S","8400 EPHRAIM RD AUSTIN, TX 78717-5442","8400 EPHRAIM RD, AUSTIN, TX  78717","WOODS OF BRUSHY CREEK SEC 2 PH 3A AMENDED, BLOCK E, LOT 16","R230592E"," ","S5138 - Woods Of Brushy Creek Sec 2 Ph 3a","Real","$461,236","$461,236"
"R313447","R-16-5975-000E-0017","FEIL, DENNIS J & DEANNA A","8318 EPHRAIM RD AUSTIN, TX 78717-5441","8318 EPHRAIM RD, AUSTIN, TX  78717","WOODS OF BRUSHY CREEK SEC 2 PH 3A AMENDED, BLOCK E, LOT 17","R230592E"," ","S5138 - Woods Of Brushy Creek Sec 2 Ph 3a","Real","$584,703","$587,853"
"R313449","R-16-5975-000E-0018","LANAHAN, LENN M & CYNTHIA RUTH","8316 EPHRAIM RD AUSTIN, TX 78717-5441","8316 EPHRAIM RD, AUSTIN, TX  78717","WOODS OF BRUSHY CREEK SEC 2 PH 3A AMENDED, BLOCK E, LOT 18","R230592E"," ","S5138 - Woods Of Brushy Creek Sec 2 Ph 3a","Real","$612,359","$612,359"
"R313451","R-16-5975-000E-0019","DAVIS, WILLIAM M (TOD) & BEA C (TOD)","8314 EPHRAIM RD  AUSTIN, TX 78717","8314 EPHRAIM RD, AUSTIN, TX  78717","WOODS OF BRUSHY CREEK SEC 2 PH 3A AMENDED, BLOCK E, LOT 19","R230592E"," ","S5138 - Woods Of Brushy Creek Sec 2 Ph 3a","Real","$482,064","$482,064"
"R313453","R-16-5975-000E-0020","HARLOW, RANDY K & KAREN","8312 EPHRAIM RD AUSTIN, TX 78717-5441","8312 EPHRAIM RD, AUSTIN, TX  78717","WOODS OF BRUSHY CREEK SEC 2 PH 3A AMENDED, BLOCK E, LOT 20","R230592E"," ","S5138 - Woods Of Brushy Creek Sec 2 Ph 3a","Real","$453,222","$453,222"
"R313454","R-16-5975-000E-0021","BLACK, MATTHEW R & KERRY","8310 EPHRAIM RD  AUSTIN, TX 78717","8310 EPHRAIM RD, AUSTIN, TX  78717","WOODS OF BRUSHY CREEK SEC 2 PH 3A AMENDED, BLOCK E, LOT 21","R230592E"," ","S5138 - Woods Of Brushy Creek Sec 2 Ph 3a","Real","$543,557","$543,557"
"R313455","R-16-5975-000E-0022","THURBER, STEVEN M & BARBARA R CO-TRS OF STEVEN & BARBARA THURBER LIVING TRUST","8308 EPHRAIM RD  AUSTIN, TX 78717-5441","8308 EPHRAIM RD, AUSTIN, TX  78717","WOODS OF BRUSHY CREEK SEC 2 PH 3A AMENDED, BLOCK E, LOT 22","R230592E"," ","S5138 - Woods Of Brushy Creek Sec 2 Ph 3a","Real","$628,388","$628,388"
"R313456","R-16-5975-000E-0023","LAVIGNE, DONALD EDWARD","8306 EPHRAIM RD  AUSTIN, TX 78717-5441","8306 EPHRAIM RD, AUSTIN, TX  78717","WOODS OF BRUSHY CREEK SEC 2 PH 3A AMENDED, BLOCK E, LOT 23","R230592E"," ","S5138 - Woods Of Brushy Creek Sec 2 Ph 3a","Real","$481,908","$481,908"
"R313457","R-16-5975-000E-0024","WEAVER, CHERYL L & ROGER M","8304 EPHRAIM RD  AUSTIN, TX 78717","8304 EPHRAIM RD, AUSTIN, TX  78717","WOODS OF BRUSHY CREEK SEC 2 PH 3A AMENDED, BLOCK E, LOT 24","R230592E"," ","S5138 - Woods Of Brushy Creek Sec 2 Ph 3a","Real","$581,125","$581,125"
"R313458","R-16-5975-000E-0025","FREY, BRIAN M JR & RACHEL","8302 EPHRAIM RD  AUSTIN, TX 78717","8302 EPHRAIM RD, AUSTIN, TX  78717","WOODS OF BRUSHY CREEK SEC 2 PH 3A AMENDED, BLOCK E, LOT 25","R230592E"," ","S5138 - Woods Of Brushy Creek Sec 2 Ph 3a","Real","$607,174","$607,174"
"R313459","R-16-5975-000E-0026","SHARMA, AYUSH & GUNCHA","8300 EPHRAIM RD  AUSTIN, TX 78717","8300 EPHRAIM RD, AUSTIN, TX  78717","WOODS OF BRUSHY CREEK SEC 2 PH 3A AMENDED, BLOCK E, LOT 26","R230592E"," ","S5138 - Woods Of Brushy Creek Sec 2 Ph 3a","Real","$663,494","$663,494"
"R343179","R-16-5979-000C-0016","MIDDLETON, IDELLA J","15358 OCONTO DR  AUSTIN, TX 78717-5460","15358 OCONTO DR, AUSTIN, TX  78717","S5960 - Woods Of Brushy Creek Sec 2 Ph 4, BLOCK C, Lot 16","R230592E"," ","S5960 - Woods Of Brushy Creek Sec 2 Ph 4","Real","$528,083","$528,083"
"R343180","R-16-5979-000C-0017","GRUCA, JERZY K & MARGARET F","15354 OCONTO DR  AUSTIN, TX 78717-5460","15354 OCONTO DR, AUSTIN, TX  78717","S5960 - Woods Of Brushy Creek Sec 2 Ph 4, BLOCK C, Lot 17","R230592E"," ","S5960 - Woods Of Brushy Creek Sec 2 Ph 4","Real","$622,111","$654,747"
"R343181","R-16-5979-000C-0018","HIGGINS, KATHLEEN J","15350 OCONTO DR AUSTIN, TX 78717-5460","15350 OCONTO DR, AUSTIN, TX  78717","S5960 - Woods Of Brushy Creek Sec 2 Ph 4, BLOCK C, Lot 18","R230592E"," ","S5960 - Woods Of Brushy Creek Sec 2 Ph 4","Real","$635,313","$657,860"
"R343182","R-16-5979-000D-0103","RANEY, JOHN O & DIANA K, III","8218 EPHRAIM RD  AUSTIN, TX 78717","8218 EPHRAIM RD, AUSTIN, TX  78717","S5960 - Woods Of Brushy Creek Sec 2 Ph 4, BLOCK D, Lot 103-104","R230592E"," ","S5960 - Woods Of Brushy Creek Sec 2 Ph 4","Real","$565,336","$565,336"
"R343184","R-16-5979-000D-0105","LORI STRONG & BRETT STRONG TRS STRONG LIVING TRUST","8214 EPHRAIM RD  AUSTIN, TX 78717-5456","8214 EPHRAIM RD, AUSTIN, TX  78717","S5960 - Woods Of Brushy Creek Sec 2 Ph 4, BLOCK D, Lot 105-106","R230592E"," ","S5960 - Woods Of Brushy Creek Sec 2 Ph 4","Real","$850,202","$850,202"
"R343186","R-16-5979-000D-0107","WIGGINS, JAMES DANIEL & KAREN ESTELLE","8210 EPHRAIM RD AUSTIN, TX 78717-5456","8210 EPHRAIM RD, AUSTIN, TX  78717","S5960 - Woods Of Brushy Creek Sec 2 Ph 4, BLOCK D, Lot 107-108","R230592E"," ","S5960 - Woods Of Brushy Creek Sec 2 Ph 4","Real","$751,992","$751,992"
"R343188","R-16-5979-000D-0109","SAYLOR, DOUGLAS","8206 EPHRAIM RD  AUSTIN, TX 78717","8206 EPHRAIM RD, AUSTIN, TX  78717","S5960 - Woods Of Brushy Creek Sec 2 Ph 4, BLOCK D, Lot 109-110","R230592E"," ","S5960 - Woods Of Brushy Creek Sec 2 Ph 4","Real","$669,839","$669,839"
"R343190","R-16-5979-000D-0111","YEH, HUEI L & CHAO L SHIH","8609 BRYER CREEK TRL  AUSTIN, TX 78717-4859","8202 EPHRAIM RD, AUSTIN, TX  78717","S5960 - Woods Of Brushy Creek Sec 2 Ph 4, BLOCK D, Lot 111","R230592E"," ","S5960 - Woods Of Brushy Creek Sec 2 Ph 4","Real","$530,401","$530,401"
"R343191","R-16-5979-000D-0112","LIM, SEUNGHAK","8200 EPHRAIM RD AUSTIN, TX 78717","8200 EPHRAIM RD, AUSTIN, TX  78717","S5960 - Woods Of Brushy Creek Sec 2 Ph 4, BLOCK D, Lot 112","R230592E"," ","S5960 - Woods Of Brushy Creek Sec 2 Ph 4","Real","$513,287","$513,287"
"R343192","R-16-5979-000D-0113","DEV, RISHI & SARIKA ARYA","8126 EPHRAIM RD  AUSTIN, TX 78717","8126 EPHRAIM RD, AUSTIN, TX  78717","S5960 - Woods Of Brushy Creek Sec 2 Ph 4, BLOCK D, Lot 113","R230592E"," ","S5960 - Woods Of Brushy Creek Sec 2 Ph 4","Real","$683,527","$683,527"
"R343195","R-16-5979-000E-0008","PLANT, BRADLEY DONALD & CINDY GAYLE ORTIZ FORTICH","15509 WILMONT CV  AUSTIN, TX 78717-5200","15509 WILMONT CV, AUSTIN, TX  78717","S5960 - Woods Of Brushy Creek Sec 2 Ph 4, BLOCK E, Lot 8","R230592E"," ","S5960 - Woods Of Brushy Creek Sec 2 Ph 4","Real","$528,136","$528,136"
"R343196","R-16-5979-000E-0009","CHARLES, RICKY SHAWN & RENISHA NELLUMS","15505 WILMONT CV  AUSTIN, TX 78717-5200","15505 WILMONT CV, AUSTIN, TX  78717","S5960 - Woods Of Brushy Creek Sec 2 Ph 4, BLOCK E, Lot 9","R230592E"," ","S5960 - Woods Of Brushy Creek Sec 2 Ph 4","Real","$628,871","$628,871"
"R343197","R-16-5979-000E-0010","BEAUCHESNE, GERARD A (TOD) & LUCIE D (TOD)","15501 WILMONT CV  AUSTIN, TX 78717-5200","15501 WILMONT CV, AUSTIN, TX  78717","S5960 - Woods Of Brushy Creek Sec 2 Ph 4, BLOCK E, Lot 10","R230592E"," ","S5960 - Woods Of Brushy Creek Sec 2 Ph 4","Real","$626,497","$626,497"
"R343198","R-16-5979-000E-0011","SWENSON, KATHLEEN","7543 E LAKE DR MURCHISON, TX 75778-4267","15500 WILMONT CV, AUSTIN, TX  78717","S5960 - Woods Of Brushy Creek Sec 2 Ph 4, BLOCK E, Lot 11","R230592E"," ","S5960 - Woods Of Brushy Creek Sec 2 Ph 4","Real","$531,523","$531,523"
"R343199","R-16-5979-000E-0012","BARKSDALE, SHERRI LEMEX","15504 WILMONT CV  AUSTIN, TX 78717-5200","15504 WILMONT CV, AUSTIN, TX  78717","S5960 - Woods Of Brushy Creek Sec 2 Ph 4, BLOCK E, Lot 12","R230592E"," ","S5960 - Woods Of Brushy Creek Sec 2 Ph 4","Real","$617,192","$675,235"
"R343200","R-16-5979-000E-0013","BURLEW, IRMGARD E","15508 WILMONT CV  AUSTIN, TX 78717","15508 WILMONT CV, AUSTIN, TX  78717","S5960 - Woods Of Brushy Creek Sec 2 Ph 4, BLOCK E, Lot 13","R230592E"," ","S5960 - Woods Of Brushy Creek Sec 2 Ph 4","Real","$445,343","$445,343"
"R343201","R-16-5979-000E-0014","JOHNSON, LANCE A","15521 GUSTINE CV  AUSTIN, TX 78717","15521 GUSTINE CV, AUSTIN, TX  78717","S5960 - Woods Of Brushy Creek Sec 2 Ph 4, BLOCK E, Lot 14","R230592E"," ","S5960 - Woods Of Brushy Creek Sec 2 Ph 4","Real","$628,260","$672,785"
"R343202","R-16-5979-000E-0015","HAMIANI, SALEM","15517 GUSTINE CV  AUSTIN, TX 78717","15517 GUSTINE CV, AUSTIN, TX  78717","S5960 - Woods Of Brushy Creek Sec 2 Ph 4, BLOCK E, Lot 15","R230592E"," ","S5960 - Woods Of Brushy Creek Sec 2 Ph 4","Real","$439,241","$439,241"
"R343203","R-16-5979-000E-0016","JOHNSON, VARIAN C","15513 GUSTINE CV  AUSTIN, TX 78717","15513 GUSTINE CV, AUSTIN, TX  78717","S5960 - Woods Of Brushy Creek Sec 2 Ph 4, BLOCK E, Lot 16","R230592E"," ","S5960 - Woods Of Brushy Creek Sec 2 Ph 4","Real","$636,445","$636,445"
"R343204","R-16-5979-000E-0017","DYER, EDWARD J (LE)","15509 GUSTINE CV  AUSTIN, TX 78717-5424","15509 GUSTINE CV, AUSTIN, TX  78717","S5960 - Woods Of Brushy Creek Sec 2 Ph 4, BLOCK E, Lot 17","R230592E"," ","S5960 - Woods Of Brushy Creek Sec 2 Ph 4","Real","$542,885","$542,885"
"R343205","R-16-5979-000E-0018","CARABADJAC, LAKSHMI SINDHURA & DENIS","15505 GUSTINE CV  AUSTIN, TX 78717","15505 GUSTINE CV, AUSTIN, TX  78717","S5960 - Woods Of Brushy Creek Sec 2 Ph 4, BLOCK E, Lot 18","R230592E"," ","S5960 - Woods Of Brushy Creek Sec 2 Ph 4","Real","$657,444","$657,444"
"R343206","R-16-5979-000E-0019","GROVES, JAMES & ANGELA K CLEMENT","15501 GUSTINE CV AUSTIN, TX 78717-5424","15501 GUSTINE CV, AUSTIN, TX  78717","S5960 - Woods Of Brushy Creek Sec 2 Ph 4, BLOCK E, Lot 19","R230592E"," ","S5960 - Woods Of Brushy Creek Sec 2 Ph 4","Real","$651,783","$651,783"
"R343207","R-16-5979-000E-0020","RODRIGUEZ, DIONICIO A","15500 GUSTINE CV  AUSTIN, TX 78717","15500 GUSTINE CV, AUSTIN, TX  78717","S5960 - Woods Of Brushy Creek Sec 2 Ph 4, BLOCK E, Lot 20","R230592E"," ","S5960 - Woods Of Brushy Creek Sec 2 Ph 4","Real","$682,409","$682,409"
"R343208","R-16-5979-000E-0021","SMALL, ROBERT EDWARD, III","15504 GUSTINE CV  AUSTIN, TX 78717","15504 GUSTINE CV, AUSTIN, TX  78717","S5960 - Woods Of Brushy Creek Sec 2 Ph 4, BLOCK E, Lot 21","R230592E"," ","S5960 - Woods Of Brushy Creek Sec 2 Ph 4","Real","$491,899","$491,899"
"R343209","R-16-5979-000E-0022","CARREON, MONIQUE","15508 GUSTINE CV  AUSTIN, TX 78717","15508 GUSTINE CV, AUSTIN, TX  78717","S5960 - Woods Of Brushy Creek Sec 2 Ph 4, BLOCK E, Lot 22","R230592E"," ","S5960 - Woods Of Brushy Creek Sec 2 Ph 4","Real","$647,260","$647,260"
"R343210","R-16-5979-000E-0023","GOERTZ, PATRICK & MEGHAN","15512 GUSTINE CV  AUSTIN, TX 78717","15512 GUSTINE CV, AUSTIN, TX  78717","S5960 - Woods Of Brushy Creek Sec 2 Ph 4, BLOCK E, Lot 23","R230592E"," ","S5960 - Woods Of Brushy Creek Sec 2 Ph 4","Real","$537,069","$537,069"
"R343211","R-16-5979-000E-0024","DILULLO JACK J & EILEEN M","15516 GUSTINE CV AUSTIN, TX 78717-5424","15516 GUSTINE CV, AUSTIN, TX  78717","S5960 - Woods Of Brushy Creek Sec 2 Ph 4, BLOCK E, Lot 24","R230592E"," ","S5960 - Woods Of Brushy Creek Sec 2 Ph 4","Real","$625,264","$625,264"
"R343212","R-16-5979-000E-0025","DIXON, BRIAN P","15520 GUSTINE CV  AUSTIN, TX 78717","15520 GUSTINE CV, AUSTIN, TX  78717","S5960 - Woods Of Brushy Creek Sec 2 Ph 4, BLOCK E, Lot 25","R230592E"," ","S5960 - Woods Of Brushy Creek Sec 2 Ph 4","Real","$531,628","$531,628"
"R343213","R-16-5979-000E-0026","GUPTA, SAURABH NARENDRAKUMAR & VARTIKA","15524 GUSTINE CV  AUSTIN, TX 78717","15524 GUSTINE CV, AUSTIN, TX  78717","S5960 - Woods Of Brushy Creek Sec 2 Ph 4, BLOCK E, Lot 26","R230592E"," ","S5960 - Woods Of Brushy Creek Sec 2 Ph 4","Real","$688,511","$688,511"
"R343214","R-16-5979-000E-0027","LAM, HI V & MIRANDA","44954 PARKMEADOW DR  FREMONT, CA 94539","15528 GUSTINE CV, AUSTIN, TX  78717","S5960 - Woods Of Brushy Creek Sec 2 Ph 4, BLOCK E, Lot 27","R230592E"," ","S5960 - Woods Of Brushy Creek Sec 2 Ph 4","Real","$614,859","$614,859"
"R343215","R-16-5979-000E-0028","KAMERKAR, ROHIT A & KIRTI R","15513 OMRO CV  AUSTIN, TX 78717","15513 OMRO CV, AUSTIN, TX  78717","S5960 - Woods Of Brushy Creek Sec 2 Ph 4, BLOCK E, Lot 28","R230592E"," ","S5960 - Woods Of Brushy Creek Sec 2 Ph 4","Real","$489,720","$489,720"
"R343216","R-16-5979-000E-0029","ARUNACHALAM, VARUN & SHRUTHI ELKAL","15509 OMRO CV  AUSTIN, TX 78717","15509 OMRO CV, AUSTIN, TX  78717","S5960 - Woods Of Brushy Creek Sec 2 Ph 4, BLOCK E, Lot 29","R230592E"," ","S5960 - Woods Of Brushy Creek Sec 2 Ph 4","Real","$477,439","$477,439"
"R343217","R-16-5979-000E-0030","FRANK, RODD A & WENDY W","15505 OMRO CV  AUSTIN, TX 78717","15505 OMRO CV, AUSTIN, TX  78717","S5960 - Woods Of Brushy Creek Sec 2 Ph 4, BLOCK E, Lot 30","R230592E"," ","S5960 - Woods Of Brushy Creek Sec 2 Ph 4","Real","$532,898","$532,898"
"R343218","R-16-5979-000E-0031","SALEHI, AZIM (TOD) & FARKHONDEH (TOD)","15501 OMRO CV  AUSTIN, TX 78717","15501 OMRO CV, AUSTIN, TX  78717","S5960 - Woods Of Brushy Creek Sec 2 Ph 4, BLOCK E, Lot 31","R230592E"," ","S5960 - Woods Of Brushy Creek Sec 2 Ph 4","Real","$624,533","$624,533"
"R343219","R-16-5979-000E-0032","MUSTON, SUSAN A & MICHAEL A","15500 OMRO CV  AUSTIN, TX 78717","15500 OMRO CV, AUSTIN, TX  78717","S5960 - Woods Of Brushy Creek Sec 2 Ph 4, BLOCK E, Lot 32","R230592E"," ","S5960 - Woods Of Brushy Creek Sec 2 Ph 4","Real","$646,522","$646,522"
"R343220","R-16-5979-000E-0033","LANDERS, JAMES J & COURTNEY M HAVENWOOD","15504 OMRO CV  AUSTIN, TX 78717","15504 OMRO CV, AUSTIN, TX  78717","S5960 - Woods Of Brushy Creek Sec 2 Ph 4, BLOCK E, Lot 33","R230592E"," ","S5960 - Woods Of Brushy Creek Sec 2 Ph 4","Real","$517,536","$517,536"
"R343221","R-16-5979-000E-0034","KIM, SUNGJIN & SOO JIN LEE","15508 OMRO CV  AUSTIN, TX 78717","15508 OMRO CV, AUSTIN, TX  78717","S5960 - Woods Of Brushy Creek Sec 2 Ph 4, BLOCK E, Lot 34","R230592E"," ","S5960 - Woods Of Brushy Creek Sec 2 Ph 4","Real","$589,866","$589,866"
"R343222","R-16-5979-000E-0035","FREITAG, EMILY","15512 OMRO CV  AUSTIN, TX 78717","15512 OMRO CV, AUSTIN, TX  78717","S5960 - Woods Of Brushy Creek Sec 2 Ph 4, BLOCK E, Lot 35","R230592E"," ","S5960 - Woods Of Brushy Creek Sec 2 Ph 4","Real","$517,636","$517,636"
"R343223","R-16-5979-000E-0036","SCHMEISSER, MICHAEL","15516 OMRO CV  AUSTIN, TX 78717-5447","15516 OMRO CV, AUSTIN, TX  78717","S5960 - Woods Of Brushy Creek Sec 2 Ph 4, BLOCK E, Lot 36","R230592E"," ","S5960 - Woods Of Brushy Creek Sec 2 Ph 4","Real","$512,118","$512,118"
"R343224","R-16-5979-000E-0037","HOLT, PAUL & JANET Q","15520 OMRO CV  AUSTIN, TX 78717-5447","15520 OMRO CV, AUSTIN, TX  78717","S5960 - Woods Of Brushy Creek Sec 2 Ph 4, BLOCK E, Lot 37","R230592E"," ","S5960 - Woods Of Brushy Creek Sec 2 Ph 4","Real","$412,782","$412,782"
"R343225","R-16-5979-000E-0038","COSARA, ANDREI VIOREL & IOANA A","15524 OMRO CV  AUSTIN, TX 78717","15524 OMRO CV, AUSTIN, TX  78717","S5960 - Woods Of Brushy Creek Sec 2 Ph 4, BLOCK E, Lot 38","R230592E"," ","S5960 - Woods Of Brushy Creek Sec 2 Ph 4","Real","$429,975","$429,975"
"R343226","R-16-5979-000E-0039","LEE, BENJAMIN J & KATHERINE S YONG","8301 CAMBRIA DR  AUSTIN, TX 78717-5423","8301 CAMBRIA DR, AUSTIN, TX  78717","S5960 - Woods Of Brushy Creek Sec 2 Ph 4, BLOCK E, Lot 39","R230592E"," ","S5960 - Woods Of Brushy Creek Sec 2 Ph 4","Real","$615,121","$615,121"
"R343227","R-16-5979-000E-0040","TEWARI, SHISHIR & ANJU SHUKLA","8303 CAMBRIA DR  AUSTIN, TX 78717-5423","8303 CAMBRIA DR, AUSTIN, TX  78717","S5960 - Woods Of Brushy Creek Sec 2 Ph 4, BLOCK E, Lot 40","R230592E"," ","S5960 - Woods Of Brushy Creek Sec 2 Ph 4","Real","$586,086","$586,086"
"R343228","R-16-5979-000E-0041","PUTHURAYA, UDAYABHASKAR K & SUMANA UDAYABHASKAR","8305 CAMBRIA DR  AUSTIN, TX 78717","8305 CAMBRIA DR, AUSTIN, TX  78717","S5960 - Woods Of Brushy Creek Sec 2 Ph 4, BLOCK E, Lot 41","R230592E"," ","S5960 - Woods Of Brushy Creek Sec 2 Ph 4","Real","$504,266","$504,266"
"R343229","R-16-5979-000E-0042","WEINS LAWRENCE A &","COLLEEN P WEINS 8307 CAMBRIA DR AUSTIN, TX 78717-5423","8307 CAMBRIA DR, AUSTIN, TX  78717","S5960 - Woods Of Brushy Creek Sec 2 Ph 4, BLOCK E, Lot 42","R230592E"," ","S5960 - Woods Of Brushy Creek Sec 2 Ph 4","Real","$583,440","$583,440"
"R343230","R-16-5979-000E-0043","TRIPLETT, ANGELA D & JEREMY J","8309 CAMBRIA DR  AUSTIN, TX 78717","8309 CAMBRIA DR, AUSTIN, TX  78717","S5960 - Woods Of Brushy Creek Sec 2 Ph 4, BLOCK E, Lot 43","R230592E"," ","S5960 - Woods Of Brushy Creek Sec 2 Ph 4","Real","$727,574","$727,574"
"R343231","R-16-5979-000E-0044","CLARKE, KIMBERLY A","8311 CAMBRIA DR  AUSTIN, TX 78717","8311 CAMBRIA DR, AUSTIN, TX  78717","S5960 - Woods Of Brushy Creek Sec 2 Ph 4, BLOCK E, Lot 44","R230592E"," ","S5960 - Woods Of Brushy Creek Sec 2 Ph 4","Real","$694,471","$694,471"
"R343232","R-16-5979-000E-0045","CHRIS CHASE & LAURA CHASE TRS CHRIS & LAURA CHASE LIVING TRUST","8313 CAMBRIA DR  AUSTIN, TX 78717-5423","8313 CAMBRIA DR, AUSTIN, TX  78717","S5960 - Woods Of Brushy Creek Sec 2 Ph 4, BLOCK E, Lot 45","R230592E"," ","S5960 - Woods Of Brushy Creek Sec 2 Ph 4","Real","$667,773","$678,397"
"R343233","R-16-5979-000E-0046","ORTMANN, THEODORE J & CAITLAIN T","8201 MONTOYA CIR  AUSTIN, TX 78717","8201 MONTOYA CIR, AUSTIN, TX  78717","S5960 - Woods Of Brushy Creek Sec 2 Ph 4, BLOCK E, Lot 46","R230592E"," ","S5960 - Woods Of Brushy Creek Sec 2 Ph 4","Real","$423,719","$423,719"
"R343234","R-16-5979-000E-0047","DREW, DEBORAH L","4332 ROANS CHAPEL RD COLLEGE STATION, TX 77845-3719","8205 MONTOYA CIR, AUSTIN, TX  78717","S5960 - Woods Of Brushy Creek Sec 2 Ph 4, BLOCK E, Lot 47","R230592E"," ","S5960 - Woods Of Brushy Creek Sec 2 Ph 4","Real","$463,675","$463,675"
"R343235","R-16-5979-000E-0048","FLYNN, BRIAN T","8209 MONTOYA CIR AUSTIN, TX 78717-5438","8209 MONTOYA CIR, AUSTIN, TX  78717","S5960 - Woods Of Brushy Creek Sec 2 Ph 4, BLOCK E, Lot 48","R230592E"," ","S5960 - Woods Of Brushy Creek Sec 2 Ph 4","Real","$458,536","$458,536"
"R343236","R-16-5979-000E-0049","VATS, SUPARN & DIVYA SANGAR","43585 VISTA DEL MAR  FREMONT, CA 94539-6248","8213 MONTOYA CIR, AUSTIN, TX  78717","S5960 - Woods Of Brushy Creek Sec 2 Ph 4, BLOCK E, Lot 49","R230592E"," ","S5960 - Woods Of Brushy Creek Sec 2 Ph 4","Real","$401,626","$401,626"
"R343237","R-16-5979-000E-0050","WALKER WADE A & SUIN TU","8217 MONTOYA CIR AUSTIN, TX 78717-5438","8217 MONTOYA CIR, AUSTIN, TX  78717","S5960 - Woods Of Brushy Creek Sec 2 Ph 4, BLOCK E, Lot 50","R230592E"," ","S5960 - Woods Of Brushy Creek Sec 2 Ph 4","Real","$441,930","$441,930"
"R343238","R-16-5979-000E-0051","BOJJA, KALYAN C & SUNEETHA NULU","8221 MONTOYA CIR  AUSTIN, TX 78717","8221 MONTOYA CIR, AUSTIN, TX  78717","S5960 - Woods Of Brushy Creek Sec 2 Ph 4, BLOCK E, Lot 51","R230592E"," ","S5960 - Woods Of Brushy Creek Sec 2 Ph 4","Real","$602,330","$602,330"
"R343239","R-16-5979-000E-0052","JORGENS, JAY & DOREEN","P O BOX 201171 AUSTIN, TX 78720-1171","8225 MONTOYA CIR, AUSTIN, TX  78717","S5960 - Woods Of Brushy Creek Sec 2 Ph 4, BLOCK E, Lot 52","R230592E"," ","S5960 - Woods Of Brushy Creek Sec 2 Ph 4","Real","$621,968","$621,968"
"R343240","R-16-5979-000E-0053","YAHYA, MUSTAFA & MUNIRA H PISAVADI","16621 MALAGA HILLS DR ROUND ROCK, TX 78681-5534","8229 MONTOYA CIR, AUSTIN, TX  78717","S5960 - Woods Of Brushy Creek Sec 2 Ph 4, BLOCK E, Lot 53","R230592E"," ","S5960 - Woods Of Brushy Creek Sec 2 Ph 4","Real","$511,578","$511,578"
"R343241","R-16-5979-000E-0054","JONES, MATTHEW M","8233 MONTOYA CIR  AUSTIN, TX 78717","8233 MONTOYA CIR, AUSTIN, TX  78717","S5960 - Woods Of Brushy Creek Sec 2 Ph 4, BLOCK E, Lot 54","R230592E"," ","S5960 - Woods Of Brushy Creek Sec 2 Ph 4","Real","$487,992","$487,992"
"R343242","R-16-5979-000E-0055","FERRITER, BRENDAN","8237 MONTOYA CIR  AUSTIN, TX 78717","8237 MONTOYA CIR, AUSTIN, TX  78717","S5960 - Woods Of Brushy Creek Sec 2 Ph 4, BLOCK E, Lot 55","R230592E"," ","S5960 - Woods Of Brushy Creek Sec 2 Ph 4","Real","$502,111","$502,111"
"R343243","R-16-5979-000E-0056","AKERS, CLAYTON E & NICOLE D","8241 MONTOYA CIR  AUSTIN, TX 78717","8241 MONTOYA CIR, AUSTIN, TX  78717","S5960 - Woods Of Brushy Creek Sec 2 Ph 4, BLOCK E, Lot 56","R230592E"," ","S5960 - Woods Of Brushy Creek Sec 2 Ph 4","Real","$500,855","$500,855"
"R343244","R-16-5979-000E-0057","RASCON, PEDRO","8245 MONTOYA CIR AUSTIN, TX 78717-5438","8245 MONTOYA CIR, AUSTIN, TX  78717","S5960 - Woods Of Brushy Creek Sec 2 Ph 4, BLOCK E, Lot 57","R230592E"," ","S5960 - Woods Of Brushy Creek Sec 2 Ph 4","Real","$592,912","$616,541"
"R343245","R-16-5979-000E-0058","HILSABECK, STEVEN ANTHONY &  KRISTEN","15421 MONTOYA CV  AUSTIN, TX 78717","15421 MONTOYA CV, AUSTIN, TX  78717","S5960 - Woods Of Brushy Creek Sec 2 Ph 4, BLOCK E, Lot 58","R230592E"," ","S5960 - Woods Of Brushy Creek Sec 2 Ph 4","Real","$519,823","$519,823"
"R343246","R-16-5979-000E-0059","PUERTO, JUNGYEON JANE DEL & GONZALO PEREZ DEL","15417 MONTOYA CV  AUSTIN, TX 78717","15417 MONTOYA CV, AUSTIN, TX  78717","S5960 - Woods Of Brushy Creek Sec 2 Ph 4, BLOCK E, Lot 59","R230592E"," ","S5960 - Woods Of Brushy Creek Sec 2 Ph 4","Real","$724,210","$724,210"
"R343247","R-16-5979-000E-0060","JONES, AARON GRANT","15413 MONTOYA CV  AUSTIN, TX 78717","15413 MONTOYA CV, AUSTIN, TX  78717","S5960 - Woods Of Brushy Creek Sec 2 Ph 4, BLOCK E, Lot 60","R230592E"," ","S5960 - Woods Of Brushy Creek Sec 2 Ph 4","Real","$526,356","$526,356"
"R343248","R-16-5979-000E-0061","KWAN, TIN YAU","1583 INVERNESS CIR  SAN JOSE, CA 95124-4810","15409 MONTOYA CV, AUSTIN, TX  78717","S5960 - Woods Of Brushy Creek Sec 2 Ph 4, BLOCK E, Lot 61","R230592E"," ","S5960 - Woods Of Brushy Creek Sec 2 Ph 4","Real","$468,080","$468,080"
"R343249","R-16-5979-000E-0062","XANKAR INVESTMENTS LLC 15405 MONTOYA COVE SEPARATE SERIES","C/O XANKAR LLC 13023 NE HWY 99  #STE 7-57 VANCOUVER, WA 98686","15405 MONTOYA CV, AUSTIN, TX  78717","S5960 - Woods Of Brushy Creek Sec 2 Ph 4, BLOCK E, Lot 62","R230592E"," ","S5960 - Woods Of Brushy Creek Sec 2 Ph 4","Real","$684,528","$684,528"
"R343250","R-16-5979-000E-0063","WU, SHIBIAO & YI ZHAO","15401 MONTOYA CV  AUSTIN, TX 78717-5453","15401 MONTOYA CV, AUSTIN, TX  78717","S5960 - Woods Of Brushy Creek Sec 2 Ph 4, BLOCK E, Lot 63","R230592E"," ","S5960 - Woods Of Brushy Creek Sec 2 Ph 4","Real","$526,805","$526,805"
"R343251","R-16-5979-000E-0064","LANKA, PRITHVIRAJ P & SIRISHA","15400 MONTOYA CV  AUSTIN, TX 78717","15400 MONTOYA CV, AUSTIN, TX  78717","S5960 - Woods Of Brushy Creek Sec 2 Ph 4, BLOCK E, Lot 64","R230592E"," ","S5960 - Woods Of Brushy Creek Sec 2 Ph 4","Real","$575,555","$673,178"
"R343252","R-16-5979-000E-0065","SIKES, CANDIS LANE","15404 MONTOYA CV  AUSTIN, TX 78717-5453","15404 MONTOYA CV, AUSTIN, TX  78717","S5960 - Woods Of Brushy Creek Sec 2 Ph 4, BLOCK E, Lot 65","R230592E"," ","S5960 - Woods Of Brushy Creek Sec 2 Ph 4","Real","$476,035","$476,035"
"R343253","R-16-5979-000E-0066","HUNTER, JERRY G","15408 MONTOYA CV AUSTIN, TX 78717-5453","15408 MONTOYA CV, AUSTIN, TX  78717","S5960 - Woods Of Brushy Creek Sec 2 Ph 4, BLOCK E, Lot 66","R230592E"," ","S5960 - Woods Of Brushy Creek Sec 2 Ph 4","Real","$613,884","$685,884"
"R343254","R-16-5979-000E-0067","THOMAS DAVID KRAVET & JANIS CLARKE KRAVET CO TRUSTEES OF THOMAS AND JANIS KRAVET","15412 MONTOYA CV  AUSTIN, TX 78717","15412 MONTOYA CV, AUSTIN, TX  78717","S5960 - Woods Of Brushy Creek Sec 2 Ph 4, BLOCK E, Lot 67","R230592E"," ","S5960 - Woods Of Brushy Creek Sec 2 Ph 4","Real","$588,782","$686,185"
"R343255","R-16-5979-000E-0068","HARDEN, RALPH E & Jr & ADALGIZA","15313 IOLA CV  AUSTIN, TX 78717","15313 IOLA CV, AUSTIN, TX  78717","S5960 - Woods Of Brushy Creek Sec 2 Ph 4, BLOCK E, Lot 68","R230592E"," ","S5960 - Woods Of Brushy Creek Sec 2 Ph 4","Real","$616,855","$696,811"
"R343256","R-16-5979-000E-0069","WANG, KEREN","2501 LAKE AUSTIN BLVD  #APT H205 AUSTIN, TX 78703-4416","15309 IOLA CV, AUSTIN, TX  78717","S5960 - Woods Of Brushy Creek Sec 2 Ph 4, BLOCK E, Lot 69","R230592E"," ","S5960 - Woods Of Brushy Creek Sec 2 Ph 4","Real","$419,453","$419,453"
"R343257","R-16-5979-000E-0070","NIKAS, XENOPHON C & MARIA X","15305 IOLA CV  AUSTIN, TX 78717","15305 IOLA CV, AUSTIN, TX  78717","S5960 - Woods Of Brushy Creek Sec 2 Ph 4, BLOCK E, Lot 70","R230592E"," ","S5960 - Woods Of Brushy Creek Sec 2 Ph 4","Real","$507,995","$507,995"
"R343258","R-16-5979-000E-0071","KANETO, AKAZA & UME","15301 IOLA CV AUSTIN, TX 78717-5457","15301 IOLA CV, AUSTIN, TX  78717","S5960 - Woods Of Brushy Creek Sec 2 Ph 4, BLOCK E, Lot 71","R230592E"," ","S5960 - Woods Of Brushy Creek Sec 2 Ph 4","Real","$636,532","$636,532"
"R343259","R-16-5979-000E-0072","MEGNA GAVIRIA, KRISTINE & ANDRES GAVIRIA","15300 IOLA CV  AUSTIN, TX 78717-5457","15300 IOLA CV, AUSTIN, TX  78717","S5960 - Woods Of Brushy Creek Sec 2 Ph 4, BLOCK E, Lot 72","R230592E"," ","S5960 - Woods Of Brushy Creek Sec 2 Ph 4","Real","$515,335","$515,335"
"R343260","R-16-5979-000E-0073","JUNG JIN WOO & HAK JIN LEE","510 WALSH HILL TRL  CEDAR PARK, TX 78613-4870","15304 IOLA CV, AUSTIN, TX  78717","S5960 - Woods Of Brushy Creek Sec 2 Ph 4, BLOCK E, Lot 73","R230592E"," ","S5960 - Woods Of Brushy Creek Sec 2 Ph 4","Real","$664,993","$722,194"
"R343261","R-16-5979-000E-0074","MUNGUIA, ANTHONY ROEL","15308 IOLA CV AUSTIN, TX 78717-5457","15308 IOLA CV, AUSTIN, TX  78717","S5960 - Woods Of Brushy Creek Sec 2 Ph 4, BLOCK E, Lot 74","R230592E"," ","S5960 - Woods Of Brushy Creek Sec 2 Ph 4","Real","$652,581","$727,153"
"R343262","R-16-5979-000E-0075","AMERICAN HOMES 4 RENT PROPERTIES EIGHT LLC","Attn: PROPERTY TAX DEPARTMENT 23975 PARK SORRENTO  #STE 300 CALABASAS, CA 91302-4012","15312 IOLA CV, AUSTIN, TX  78717","S5960 - Woods Of Brushy Creek Sec 2 Ph 4, BLOCK E, Lot 75","R230592E"," ","S5960 - Woods Of Brushy Creek Sec 2 Ph 4","Real","$526,699","$526,699"
"R343263","R-16-5979-000E-0076","WINDHAM, CHRISTOPHER S (TOD) & SUSAN L (TOD)","8311 MONTOYA CIR  AUSTIN, TX 78717","8311 MONTOYA CIR, AUSTIN, TX  78717","S5960 - Woods Of Brushy Creek Sec 2 Ph 4, BLOCK E, Lot 76","R230592E"," ","S5960 - Woods Of Brushy Creek Sec 2 Ph 4","Real","$518,989","$518,989"
"R343264","R-16-5979-000E-0077","CEDAR BIG SPRING LLC","16621 MALAGA HILLS DR ROUND ROCK, TX 78681-5534","8301 POMPANO CV, AUSTIN, TX  78717","S5960 - Woods Of Brushy Creek Sec 2 Ph 4, BLOCK E, Lot 77","R230592E"," ","S5960 - Woods Of Brushy Creek Sec 2 Ph 4","Real","$535,442","$535,442"
"R343265","R-16-5979-000E-0078","LUDYJAN, JEREMY J & SHANNON J","8305 POMPANO CV  AUSTIN, TX 78717","8305 POMPANO CV, AUSTIN, TX  78717","S5960 - Woods Of Brushy Creek Sec 2 Ph 4, BLOCK E, Lot 78","R230592E"," ","S5960 - Woods Of Brushy Creek Sec 2 Ph 4","Real","$680,436","$795,995"
"R343266","R-16-5979-000E-0079","GALLARDO, CARLOS & VANESSA GUTIERREZ","8309 POMPANO CV  AUSTIN, TX 78717","8309 POMPANO CV, AUSTIN, TX  78717","S5960 - Woods Of Brushy Creek Sec 2 Ph 4, BLOCK E, Lot 79","R230592E"," ","S5960 - Woods Of Brushy Creek Sec 2 Ph 4","Real","$791,894","$791,894"
"R343267","R-16-5979-000E-0080","PEDRAZA, MARCO A & HEATHER K","8312 POMPANO CV  AUSTIN, TX 78717-5461","8312 POMPANO CV, AUSTIN, TX  78717","S5960 - Woods Of Brushy Creek Sec 2 Ph 4, BLOCK E, Lot 80","R230592E"," ","S5960 - Woods Of Brushy Creek Sec 2 Ph 4","Real","$492,421","$492,421"
"R343268","R-16-5979-000E-0081","MCDANIEL, LEROY A  MARLA K","8308 POMPANO CV AUSTIN, TX 78717-5461","8308 POMPANO CV, AUSTIN, TX  78717","S5960 - Woods Of Brushy Creek Sec 2 Ph 4, BLOCK E, Lot 81","R230592E"," ","S5960 - Woods Of Brushy Creek Sec 2 Ph 4","Real","$613,346","$670,843"
"R343269","R-16-5979-000E-0082","MAY, BENJAMIN B & LESA KUNKEL","8304 POMPANO CV  AUSTIN, TX 78717-5461","8304 POMPANO CV, AUSTIN, TX  78717","S5960 - Woods Of Brushy Creek Sec 2 Ph 4, BLOCK E, Lot 82","R230592E"," ","S5960 - Woods Of Brushy Creek Sec 2 Ph 4","Real","$577,730","$577,730"
"R343270","R-16-5979-000E-0083","LIM, TAEHOON","8300 POMPANO CV  AUSTIN, TX 78717","8300 POMPANO CV, AUSTIN, TX  78717","S5960 - Woods Of Brushy Creek Sec 2 Ph 4, BLOCK E, Lot 83","R230592E"," ","S5960 - Woods Of Brushy Creek Sec 2 Ph 4","Real","$485,730","$485,730"
"R343271","R-16-5979-000E-0084","CASTILLO, RAYMOND H & OLGA R","8325 MONTOYA CIR AUSTIN, TX 78717-5449","8325 MONTOYA CIR, AUSTIN, TX  78717","S5960 - Woods Of Brushy Creek Sec 2 Ph 4, BLOCK E, Lot 84","R230592E"," ","S5960 - Woods Of Brushy Creek Sec 2 Ph 4","Real","$468,059","$468,059"
"R343272","R-16-5979-000E-0085","MATSUMAE, SATORI","4316 GREATVIEW DR  ROUND ROCK, TX 78665","8329 MONTOYA CIR, AUSTIN, TX  78717","S5960 - Woods Of Brushy Creek Sec 2 Ph 4, BLOCK E, Lot 85","R230592E"," ","S5960 - Woods Of Brushy Creek Sec 2 Ph 4","Real","$511,760","$511,760"
"R343273","R-16-5979-000E-0086","BUHL, ERIN K & JOHN M KISELICH","JOHN M KISELICH 8333 MONTOYA CIR AUSTIN, TX 78717-5449","8333 MONTOYA CIR, AUSTIN, TX  78717","S5960 - Woods Of Brushy Creek Sec 2 Ph 4, BLOCK E, Lot 86","R230592E"," ","S5960 - Woods Of Brushy Creek Sec 2 Ph 4","Real","$456,453","$456,453"
"R343274","R-16-5979-000E-0087","MAZE, KENNETH & MAXIMUMS MAZE","8337 MONTOYA CIR  AUSTIN, TX 78717-5449","8337 MONTOYA CIR, AUSTIN, TX  78717","S5960 - Woods Of Brushy Creek Sec 2 Ph 4, BLOCK E, Lot 87","R230592E"," ","S5960 - Woods Of Brushy Creek Sec 2 Ph 4","Real","$611,585","$611,585"
"R343275","R-16-5979-000E-0088","GANTA, NAVEENA","935 LAUREL AVE  MENLO PARK, CA 94025-2508","15361 OCONTO DR, AUSTIN, TX  78717","S5960 - Woods Of Brushy Creek Sec 2 Ph 4, BLOCK E, Lot 88","R230592E"," ","S5960 - Woods Of Brushy Creek Sec 2 Ph 4","Real","$623,518","$623,518"
"R343276","R-16-5979-000E-0089","JOSHI, NARENDRA & KETKI MARATHE","33114 LAKE GARRISON ST FREMONT, CA 94555-1222","15357 OCONTO DR, AUSTIN, TX  78717","S5960 - Woods Of Brushy Creek Sec 2 Ph 4, BLOCK E, Lot 89","R230592E"," ","S5960 - Woods Of Brushy Creek Sec 2 Ph 4","Real","$483,792","$483,792"
"R343277","R-16-5979-000E-0090","DIN, SALAH","15119 TERRA VERDE DR AUSTIN, TX 78717-4646","15353 OCONTO DR, AUSTIN, TX  78717","S5960 - Woods Of Brushy Creek Sec 2 Ph 4, BLOCK E, Lot 90","R230592E"," ","S5960 - Woods Of Brushy Creek Sec 2 Ph 4","Real","$551,226","$551,226"
"R343278","R-16-5979-000E-0091","MINOR, STEVEN & MACEY RAE EVANS","15349 OCONTO DR  AUSTIN, TX 78717","15349 OCONTO DR, AUSTIN, TX  78717","S5960 - Woods Of Brushy Creek Sec 2 Ph 4, BLOCK E, Lot 91","R230592E"," ","S5960 - Woods Of Brushy Creek Sec 2 Ph 4","Real","$589,165","$589,165"
"R343279","R-16-5979-000E-0092","GULLICKSON, GREGORY K & JULIE MARIE","15345 OCONTO DR AUSTIN, TX 78717-5459","15345 OCONTO DR, AUSTIN, TX  78717","S5960 - Woods Of Brushy Creek Sec 2 Ph 4, BLOCK E, Lot 92","R230592E"," ","S5960 - Woods Of Brushy Creek Sec 2 Ph 4","Real","$578,878","$636,760"
"R343280","R-16-5979-000E-0093","ORUDZHEVA, LEYLA & AHMED ALMUWALLAD","15341 OCONTO DR AUSTIN, TX 78717-5459","15341 OCONTO DR, AUSTIN, TX  78717","S5960 - Woods Of Brushy Creek Sec 2 Ph 4, BLOCK E, Lot 93","R230592E"," ","S5960 - Woods Of Brushy Creek Sec 2 Ph 4","Real","$570,785","$570,785"
"R343281","R-16-5979-000E-0094","MESERVE, STEPHEN & JOSLYN","15337 OCONTO DR  AUSTIN, TX 78717","15337 OCONTO DR, AUSTIN, TX  78717","S5960 - Woods Of Brushy Creek Sec 2 Ph 4, BLOCK E, Lot 94","R230592E"," ","S5960 - Woods Of Brushy Creek Sec 2 Ph 4","Real","$495,933","$495,933"
"R343282","R-16-5979-000E-0095","ADAME, ALAN & NANCY","15333 OCONTO DR  AUSTIN, TX 78717-5459","15333 OCONTO DR, AUSTIN, TX  78717","S5960 - Woods Of Brushy Creek Sec 2 Ph 4, BLOCK E, Lot 95","R230592E"," ","S5960 - Woods Of Brushy Creek Sec 2 Ph 4","Real","$645,060","$645,060"
"R343283","R-16-5979-000E-0096","FUENTES, GUADALUPE & FERNANDO","15329 OCONTO DR AUSTIN, TX 78717-5459","15329 OCONTO DR, AUSTIN, TX  78717","S5960 - Woods Of Brushy Creek Sec 2 Ph 4, BLOCK E, Lot 96","R230592E"," ","S5960 - Woods Of Brushy Creek Sec 2 Ph 4","Real","$519,127","$519,127"
"R343284","R-16-5979-000E-0097","UTU, SIFOA JR & TANYA L","15325 OCONTO DR AUSTIN, TX 78717","15325 OCONTO DR, AUSTIN, TX  78717","S5960 - Woods Of Brushy Creek Sec 2 Ph 4, BLOCK E, Lot 97","R230592E"," ","S5960 - Woods Of Brushy Creek Sec 2 Ph 4","Real","$484,144","$484,144"
"R343285","R-16-5979-000E-0098","KURNIAWAN, DENNY & MEILIANY","13104 OLD WEST AVE  SAN DIEGO, CA 92129","15321 OCONTO DR, AUSTIN, TX  78717","S5960 - Woods Of Brushy Creek Sec 2 Ph 4, BLOCK E, Lot 98","R230592E"," ","S5960 - Woods Of Brushy Creek Sec 2 Ph 4","Real","$535,319","$535,319"
"R343286","R-16-5979-000E-0099","STHANU, SUBRAMANIAM","15401 WHISTLING STRAITS DR  AUSTIN, TX 78717-3838","15317 OCONTO DR, AUSTIN, TX  78717","S5960 - Woods Of Brushy Creek Sec 2 Ph 4, BLOCK E, Lot 99","R230592E"," ","S5960 - Woods Of Brushy Creek Sec 2 Ph 4","Real","$511,072","$511,072"
"R343287","R-16-5979-000E-0100","CHEN, KUAN WEN & PEI WEN HUANG","15313 OCONTO DR  AUSTIN, TX 78717","15313 OCONTO DR, AUSTIN, TX  78717","S5960 - Woods Of Brushy Creek Sec 2 Ph 4, BLOCK E, Lot 100","R230592E"," ","S5960 - Woods Of Brushy Creek Sec 2 Ph 4","Real","$742,744","$742,744"
"R343288","R-16-5979-000E-0101","SHIELDS, RUSSELL W","15309 OCONTO DR AUSTIN, TX 78717-5458","15309 OCONTO DR, AUSTIN, TX  78717","S5960 - Woods Of Brushy Creek Sec 2 Ph 4, BLOCK E, Lot 101","R230592E"," ","S5960 - Woods Of Brushy Creek Sec 2 Ph 4","Real","$619,711","$676,553"
"R343289","R-16-5979-000E-0102","WARREN, GLENN R","9621 INDINA HLS  AUSTIN, TX 78717","15305 OCONTO DR, AUSTIN, TX  78717","S5960 - Woods Of Brushy Creek Sec 2 Ph 4, BLOCK E, Lot 102","R230592E"," ","S5960 - Woods Of Brushy Creek Sec 2 Ph 4","Real","$455,574","$455,574"
"R343290","R-16-5979-000E-0103","GARGANO, E VICTORIA","15301 OCONTO DR AUSTIN, TX 78717-5458","15301 OCONTO DR, AUSTIN, TX  78717","S5960 - Woods Of Brushy Creek Sec 2 Ph 4, BLOCK E, Lot 103","R230592E"," ","S5960 - Woods Of Brushy Creek Sec 2 Ph 4","Real","$505,246","$505,246"
"R343292","R-16-5979-000G-0001","SRUJANA DONGARI & PRASANTH KODURI TRUSTEES OF THE SRUJANA & PRASANTH KODURI FAMI","41951 MCKAY ST FREMONT, CA 94539","8325 CAMBRIA DR, AUSTIN, TX  78717","S5960 - Woods Of Brushy Creek Sec 2 Ph 4, BLOCK G, Lot 1","R230592E"," ","S5960 - Woods Of Brushy Creek Sec 2 Ph 4","Real","$657,642","$657,642"
"R343293","R-16-5979-000G-0002","SHRIVASTAVA, SAURABH & SHUCHI MULEY","8323 CAMBRIA DR  AUSTIN, TX 78717","8323 CAMBRIA DR, AUSTIN, TX  78717","S5960 - Woods Of Brushy Creek Sec 2 Ph 4, BLOCK G, Lot 2","R230592E"," ","S5960 - Woods Of Brushy Creek Sec 2 Ph 4","Real","$525,441","$525,441"
"R343294","R-16-5979-000G-0003","LU, JUIN LUNG (TOD) & SU CHIN (TOD)","11000 SIERRA NEVADA  AUSTIN, TX 78759-5121","8321 CAMBRIA DR, AUSTIN, TX  78717","S5960 - Woods Of Brushy Creek Sec 2 Ph 4, BLOCK G, Lot 3","R230592E"," ","S5960 - Woods Of Brushy Creek Sec 2 Ph 4","Real","$674,590","$674,590"
"R343295","R-16-5979-000G-0004","JOHNSON, EMORY A & CARLY","8206 MONTOYA CIR  AUSTIN, TX 78717","8206 MONTOYA CR, AUSTIN, TX  78717","S5960 - Woods Of Brushy Creek Sec 2 Ph 4, BLOCK G, Lot 4","R230592E"," ","S5960 - Woods Of Brushy Creek Sec 2 Ph 4","Real","$503,102","$503,102"
"R343296","R-16-5979-000G-0005","GILES, ADAM KEITH & MELISSA M","8210 MONTOYA CIR  AUSTIN, TX 78717","8210 MONTOYA CIR, AUSTIN, TX  78717","S5960 - Woods Of Brushy Creek Sec 2 Ph 4, BLOCK G, Lot 5","R230592E"," ","S5960 - Woods Of Brushy Creek Sec 2 Ph 4","Real","$522,956","$522,956"
"R343297","R-16-5979-000G-0006","TAN, YIZHOU & DIANA P NI","2803 MID LN   B HOUSTON, TX 77027","15412 OSSEO CV, AUSTIN, TX  78717","S5960 - Woods Of Brushy Creek Sec 2 Ph 4, BLOCK G, Lot 6","R230592E"," ","S5960 - Woods Of Brushy Creek Sec 2 Ph 4","Real","$449,338","$449,338"
"R343298","R-16-5979-000G-0007","RIFI, ERIC & ANDREE","5215 MILNS DR  TORRANCE, CA 90505-3364","15408 OSSEO CV, AUSTIN, TX  78717","S5960 - Woods Of Brushy Creek Sec 2 Ph 4, BLOCK G, Lot 7","R230592E"," ","S5960 - Woods Of Brushy Creek Sec 2 Ph 4","Real","$480,633","$480,633"
"R343299","R-16-5979-000G-0008","BRADLEY, PARKER & HEATHER","15404 OSSEO CV  AUSTIN, TX 78717-5422","15404 OSSEO CV, AUSTIN, TX  78717","S5960 - Woods Of Brushy Creek Sec 2 Ph 4, BLOCK G, Lot 8","R230592E"," ","S5960 - Woods Of Brushy Creek Sec 2 Ph 4","Real","$502,299","$502,299"
"R343300","R-16-5979-000G-0009","STARR, BENJAMIN & CHARLEEN","15400 OSSEO CV  AUSTIN, TX 78717","15400 OSSEO CV, AUSTIN, TX  78717","S5960 - Woods Of Brushy Creek Sec 2 Ph 4, BLOCK G, Lot 9","R230592E"," ","S5960 - Woods Of Brushy Creek Sec 2 Ph 4","Real","$509,039","$509,039"
"R343301","R-16-5979-000G-0010","HASSANI, GHOLAM HAJI & ROSALINDA HAJI HASSANI","15401 OSSEO CV AUSTIN, TX 78717-5422","15401 OSSEO CV, AUSTIN, TX  78717","S5960 - Woods Of Brushy Creek Sec 2 Ph 4, BLOCK G, Lot 10","R230592E"," ","S5960 - Woods Of Brushy Creek Sec 2 Ph 4","Real","$519,953","$519,953"
"R343302","R-16-5979-000G-0011","PELAYO, LESLIE P","15405 OSSEO CV  AUSTIN, TX 78717","15405 OSSEO CV, AUSTIN, TX  78717","S5960 - Woods Of Brushy Creek Sec 2 Ph 4, BLOCK G, Lot 11","R230592E"," ","S5960 - Woods Of Brushy Creek Sec 2 Ph 4","Real","$424,605","$424,605"
"R343303","R-16-5979-000G-0012","HILL, MICHAEL & VICKY","8230 MONTOYA CIR AUSTIN, TX 78717-5472","8230 MONTOYA CIR, AUSTIN, TX  78717","S5960 - Woods Of Brushy Creek Sec 2 Ph 4, BLOCK G, Lot 12","R230592E"," ","S5960 - Woods Of Brushy Creek Sec 2 Ph 4","Real","$510,524","$510,524"
"R343304","R-16-5979-000G-0013","MOEINI, AMIRHOSSEIN","8240 MONTOYA CIR  AUSTIN, TX 78717","8240 MONTOYA CIR, AUSTIN, TX  78717","S5960 - Woods Of Brushy Creek Sec 2 Ph 4, BLOCK G, Lot 13","R230592E"," ","S5960 - Woods Of Brushy Creek Sec 2 Ph 4","Real","$506,216","$506,216"
"R343305","R-16-5979-000G-0014","STHANU, SUBRAMANIAM R","15401 WHISTLING STRAITS DR  AUSTIN, TX 78717","8248 MONTOYA CIR, AUSTIN, TX  78717","S5960 - Woods Of Brushy Creek Sec 2 Ph 4, BLOCK G, Lot 14","R230592E"," ","S5960 - Woods Of Brushy Creek Sec 2 Ph 4","Real","$414,221","$414,221"
"R343306","R-16-5979-000G-0015","WONG, EIL C","8300 MONTOYA CIR AUSTIN, TX 78717-5452","8300 MONTOYA CIR, AUSTIN, TX  78717","S5960 - Woods Of Brushy Creek Sec 2 Ph 4, BLOCK G, Lot 15","R230592E"," ","S5960 - Woods Of Brushy Creek Sec 2 Ph 4","Real","$576,106","$639,267"
"R343307","R-16-5979-000G-0016","KUMAR & KAVITA DATLA, SHAILENDRA","9917 MAJORCA DR AUSTIN, TX 78717-4512","8304 MONTOYA CIR, AUSTIN, TX  78717","S5960 - Woods Of Brushy Creek Sec 2 Ph 4, BLOCK G, Lot 16","R230592E"," ","S5960 - Woods Of Brushy Creek Sec 2 Ph 4","Real","$690,601","$690,601"
"R343308","R-16-5979-000G-0017","LOPEZ, STEVEN A & JULIA A","8308 MONTOYA CIR AUSTIN, TX 78717-5452","8308 MONTOYA CIR, AUSTIN, TX  78717","S5960 - Woods Of Brushy Creek Sec 2 Ph 4, BLOCK G, Lot 17","R230592E"," ","S5960 - Woods Of Brushy Creek Sec 2 Ph 4","Real","$487,087","$487,087"
"R343309","R-16-5979-000G-0018","ZENG, XIAO JIN & PING ZHANG","8312 MONTOYA CIR  AUSTIN, TX 78717","8312 MONTOYA CIR, AUSTIN, TX  78717","S5960 - Woods Of Brushy Creek Sec 2 Ph 4, BLOCK G, Lot 18","R230592E"," ","S5960 - Woods Of Brushy Creek Sec 2 Ph 4","Real","$498,829","$498,829"
"R343310","R-16-5979-000G-0019","RAMIREZ, ROZLYN L & JOEL","8316 MONTOYA CIR  AUSTIN, TX 78717","8316 MONTOYA CIR, AUSTIN, TX  78717","S5960 - Woods Of Brushy Creek Sec 2 Ph 4, BLOCK G, Lot 19","R230592E"," ","S5960 - Woods Of Brushy Creek Sec 2 Ph 4","Real","$629,063","$697,072"
"R343311","R-16-5979-000G-0020","NGUYEN, LOC & TAM TRAN","8320 MONTOYA CIR  AUSTIN, TX 78717-5452","8320 MONTOYA CIR, AUSTIN, TX  78717","S5960 - Woods Of Brushy Creek Sec 2 Ph 4, BLOCK G, Lot 20","R230592E"," ","S5960 - Woods Of Brushy Creek Sec 2 Ph 4","Real","$511,748","$515,135"
"R343312","R-16-5979-000G-0021","DAN H ROBERTS & KATHY L ROBERTS TRS FOR THE ROBERTS FAMILY LIVING TRUST","8324 MONTOYA CIR  AUSTIN, TX 78717-5452","8324 MONTOYA CIR, AUSTIN, TX  78717","S5960 - Woods Of Brushy Creek Sec 2 Ph 4, BLOCK G, Lot 21","R230592E"," ","S5960 - Woods Of Brushy Creek Sec 2 Ph 4","Real","$609,166","$661,083"
"R343313","R-16-5979-000G-0022","WOODALL, MICHELLE","8328 MONTOYA CIR AUSTIN, TX 78717-5452","8328 MONTOYA CIR, AUSTIN, TX  78717","S5960 - Woods Of Brushy Creek Sec 2 Ph 4, BLOCK G, Lot 22","R230592E"," ","S5960 - Woods Of Brushy Creek Sec 2 Ph 4","Real","$442,526","$442,526"
"R343314","R-16-5979-000G-0023","ZHAO, JIMMY J","7605 BELLFLOWER  AUSTIN, TX 78759","8332 MONTOYA CIR, AUSTIN, TX  78717","S5960 - Woods Of Brushy Creek Sec 2 Ph 4, BLOCK G, Lot 23","R230592E"," ","S5960 - Woods Of Brushy Creek Sec 2 Ph 4","Real","$480,619","$480,619"
"R343315","R-16-5979-000G-0024","QIU, LU","1516 BEN CRENSHAW WAY  AUSTIN, TX 78746","8336 MONTOYA CIR, AUSTIN, TX  78717","S5960 - Woods Of Brushy Creek Sec 2 Ph 4, BLOCK G, Lot 24","R230592E"," ","S5960 - Woods Of Brushy Creek Sec 2 Ph 4","Real","$437,707","$437,707"
"R345892","R-16-4495-EX0C-0013","BRUSHY CREEK MUD","16318 S GREAT OAKS DR ROUND ROCK, TX 78681-5685","16518 POCCONO DR, AUSTIN, TX  78717","S4082 - Meadows Of Brushy Creek, BLOCK C, Lot 13, ACRES 1.62, (DETENTION POND)","R230592E"," ","S4082 - Meadows Of Brushy Creek","Real","$300","$300"
"R346036","R-16-4495-000R-0000","BRUSHY CREEK MUD","ATTN GOODWIN MGMT INC PO BOX 203310 AUSTIN, TX 78720-3310","BRAESGATE DR, AUSTIN, TX  78717","S4082 - Meadows Of Brushy Creek, BLOCK R, ACRES 3.5, (DETENTION POND)","R230592E"," ","S4082 - Meadows Of Brushy Creek","Real","$1,050","$1,050"
"R360318","R-16-4496-000A-0001","CARDILLO, RICHARD III & FUMIKA KUGA","15833 W DORMAN DR  AUSTIN, TX 78717","15833 DORMAN DR, AUSTIN, TX  78717","S6347 - Meadows Of Brushy Creek Ph 4, BLOCK A, Lot 1","R230592E"," ","S6347 - Meadows Of Brushy Creek Ph 4","Real","$647,031","$647,031"
"R360319","R-16-4497-000A-0001","LINGAIAH NAGARATNA, CHANDRASHEKARA","16500 LOUNSBURY PL  AUSTIN, TX 78717","16500 LOUNSBURY PL, AUSTIN, TX  78717","S6348 - Meadows Of Brushy Creek Ph 5, BLOCK A, Lot 1","R230592E"," ","S6348 - Meadows Of Brushy Creek Ph 5","Real","$590,947","$590,947"
"R360499","R-16-4497-000A-0002","KHANVAIZ, FNU & MARYAM SHAHZADI","16502 LOUNSBURY PL  AUSTIN, TX 78717-3014","16502 LOUNSBURY PL, AUSTIN, TX  78717","S6348 - Meadows Of Brushy Creek Ph 5, BLOCK A, Lot 2","R230592E"," ","S6348 - Meadows Of Brushy Creek Ph 5","Real","$531,423","$531,423"
"R360500","R-16-4497-000A-0003","TSENG, LI YIN & TZE HSUAN CHANG","16504 LOUNSBURY PL  AUSTIN, TX 78717-3014","16504 LOUNSBURY PL, AUSTIN, TX  78717","S6348 - Meadows Of Brushy Creek Ph 5, BLOCK A, Lot 3","R230592E"," ","S6348 - Meadows Of Brushy Creek Ph 5","Real","$654,996","$654,996"
"R360501","R-16-4497-000A-0004","HEYRATIFAR, MARINA","16506 LOUNSBURY PL  AUSTIN, TX 78717-3014","16506 LOUNSBURY PL, AUSTIN, TX  78717","S6348 - Meadows Of Brushy Creek Ph 5, BLOCK A, Lot 4","R230592E"," ","S6348 - Meadows Of Brushy Creek Ph 5","Real","$579,123","$579,123"
"R360502","R-16-4497-000A-0005","KHAN, MUHAMMAD A","16508 LOUNSBURY PL  AUSTIN, TX 78717-3014","16508 LOUNSBURY PL, AUSTIN, TX  78717","S6348 - Meadows Of Brushy Creek Ph 5, BLOCK A, Lot 5","R230592E"," ","S6348 - Meadows Of Brushy Creek Ph 5","Real","$738,777","$738,777"
"R360503","R-16-4497-000A-0006","KARNEY, ROBERT S & SUSAN M","16510 LOUNSBURY PL AUSTIN, TX 78717-3014","16510 LOUNSBURY PL, AUSTIN, TX  78717","S6348 - Meadows Of Brushy Creek Ph 5, BLOCK A, Lot 6","R230592E"," ","S6348 - Meadows Of Brushy Creek Ph 5","Real","$486,700","$486,700"
"R360504","R-16-4497-000A-0007","KUNTZ KIRBY A OF THE TTYL TRUST","16512 LOUNSBURY PL AUSTIN, TX 78717","16512 LOUNSBURY PL, AUSTIN, TX  78717","S6348 - Meadows Of Brushy Creek Ph 5, BLOCK A, Lot 7","R230592E"," ","S6348 - Meadows Of Brushy Creek Ph 5","Real","$836,043","$836,043"
"R360505","R-16-4497-000A-0008","SUMMERS, ANDREW","16514 LOUNSBURY PL AUSTIN, TX 78717-3016","16514 LOUNSBURY PL, AUSTIN, TX  78717","S6348 - Meadows Of Brushy Creek Ph 5, BLOCK A, Lot 8","R230592E"," ","S6348 - Meadows Of Brushy Creek Ph 5","Real","$589,556","$589,556"
"R360506","R-16-4497-000A-0009","LYNN, DOUGLAS ERIC & OK YO","16515 LOUNSBURY PL  AUSTIN, TX 78717","16515 LOUNSBURY PL, AUSTIN, TX  78717","S6348 - Meadows Of Brushy Creek Ph 5, BLOCK A, Lot 9","R230592E"," ","S6348 - Meadows Of Brushy Creek Ph 5","Real","$689,328","$689,328"
"R360508","R-16-4497-000A-0011","DRELL, DAVID W","16511 LOUNSBURY PL AUSTIN, TX 78717-3016","16511 LOUNSBURY PL, AUSTIN, TX  78717","S6348 - Meadows Of Brushy Creek Ph 5, BLOCK A, Lot 11","R230592E"," ","S6348 - Meadows Of Brushy Creek Ph 5","Real","$528,524","$528,524"
"R360509","R-16-4497-000A-0012","BHATTACHARJEE, RAKHI","16509 LOUNSBURY PL  AUSTIN, TX 78717","16509 LOUNSBURY PL, AUSTIN, TX  78717","S6348 - Meadows Of Brushy Creek Ph 5, BLOCK A, Lot 12","R230592E"," ","S6348 - Meadows Of Brushy Creek Ph 5","Real","$497,809","$497,809"
"R360510","R-16-4497-000A-0013","EDWARDS, EILEEN J & DENNIS","16507 LOUNSBURY PL AUSTIN, TX 78717-3015","16507 LOUNSBURY PL, AUSTIN, TX  78717","S6348 - Meadows Of Brushy Creek Ph 5, BLOCK A, Lot 13","R230592E"," ","S6348 - Meadows Of Brushy Creek Ph 5","Real","$517,121","$517,121"
"R360511","R-16-4497-000A-0014","ZABANEH, NABIH & MARY","16505 LOUNSBURY PL AUSTIN, TX 78717-3015","16505 LOUNSBURY PL, AUSTIN, TX  78717","S6348 - Meadows Of Brushy Creek Ph 5, BLOCK A, Lot 14","R230592E"," ","S6348 - Meadows Of Brushy Creek Ph 5","Real","$541,167","$541,167"
"R360512","R-16-4497-000A-0015","Unknown","Unknown","16503 LOUNSBURY PL, AUSTIN, TX  78717","S6348 - Meadows Of Brushy Creek Ph 5, BLOCK A, Lot 15","R230592E"," ","S6348 - Meadows Of Brushy Creek Ph 5","Real","$680,000","$680,000"
"R360513","R-16-4497-000A-0016","NALLU, SHASHIDHAR","3200 COLLEGE PARK DR UNIT 116 ROUND ROCK, TX 78665-1626","16501 LOUNSBURY PL, AUSTIN, TX  78717","S6348 - Meadows Of Brushy Creek Ph 5, BLOCK A, Lot 16","R230592E"," ","S6348 - Meadows Of Brushy Creek Ph 5","Real","$563,093","$563,093"
"R360514","R-16-4497-000B-0001","GUNTER, JANICE & PHILLIP","16411 PARALEE CV  AUSTIN, TX 78717","16411 PARALEE CV, AUSTIN, TX  78717","S6348 - Meadows Of Brushy Creek Ph 5, BLOCK B, Lot 1","R230592E"," ","S6348 - Meadows Of Brushy Creek Ph 5","Real","$557,253","$557,253"
"R360515","R-16-4497-000B-0002","NANDANWAR, SATISH MANOHARRAO","16413 PARALEE CV  AUSTIN, TX 78717","16413 PARALEE CV, AUSTIN, TX  78717","S6348 - Meadows Of Brushy Creek Ph 5, BLOCK B, Lot 2","R230592E"," ","S6348 - Meadows Of Brushy Creek Ph 5","Real","$648,373","$648,373"
"R360516","R-16-4497-000B-0003","HOANG, BINH & DUNG & PHOUNG PHAM","16415 PARALEE CV  AUSTIN, TX 78717-3012","16415 PARALEE CV, AUSTIN, TX  78717","S6348 - Meadows Of Brushy Creek Ph 5, BLOCK B, Lot 3","R230592E"," ","S6348 - Meadows Of Brushy Creek Ph 5","Real","$574,928","$574,928"
"R360517","R-16-4497-000B-0004","HALL, RUSSELL I & JO ELLEN FORD","16417 PARALEE CV  AUSTIN, TX 78717","16417 PARALEE CV, AUSTIN, TX  78717","S6348 - Meadows Of Brushy Creek Ph 5, BLOCK B, Lot 4","R230592E"," ","S6348 - Meadows Of Brushy Creek Ph 5","Real","$515,553","$515,553"
"R360518","R-16-4497-000B-0005","MOSBY, RICO & MEGAN","2008 RUSHING RANCH PATH GEORGETOWN, TX 78628-3086","16419 PARALEE CV, AUSTIN, TX  78717","S6348 - Meadows Of Brushy Creek Ph 5, BLOCK B, Lot 5","R230592E"," ","S6348 - Meadows Of Brushy Creek Ph 5","Real","$444,536","$444,536"
"R360519","R-16-4497-000B-0006","HANLON, JOSHUA & JESSICA","16421 PARALEE CV  AUSTIN, TX 78717","16421 PARALEE CV, AUSTIN, TX  78717","MEADOWS OF BRUSHY CREEK PH 5, BLOCK B, LOT 6","R230592E"," ","S6348 - Meadows Of Brushy Creek Ph 5","Real","$654,775","$654,775"
"R360520","R-16-4497-000B-0007","BENAVIDES, JERRY & KATHLEEN","16423 PARALEE CV  AUSTIN, TX 78717-3013","16423 PARALEE CV, AUSTIN, TX  78717","S6348 - Meadows Of Brushy Creek Ph 5, BLOCK B, Lot 7","R230592E"," ","S6348 - Meadows Of Brushy Creek Ph 5","Real","$535,814","$535,814"
"R360521","R-16-4497-000B-0008","JOHNSTON, CHARLES","16425 PARALEE CV  AUSTIN, TX 78717","16425 PARALEE CV, AUSTIN, TX  78717","S6348 - Meadows Of Brushy Creek Ph 5, BLOCK B, Lot 8","R230592E"," ","S6348 - Meadows Of Brushy Creek Ph 5","Real","$504,031","$504,031"
"R360522","R-16-4497-000B-0009","BRADY, DAVIS F & EMILY T","16427 PARALEE CV  AUSTIN, TX 78717-3013","16427 PARALEE CV, AUSTIN, TX  78717","S6348 - Meadows Of Brushy Creek Ph 5, BLOCK B, Lot 9","R230592E"," ","S6348 - Meadows Of Brushy Creek Ph 5","Real","$650,797","$650,797"
"R360523","R-16-4497-000B-0010","SHELTON, GRANT D & LAURA C","16428 PARALEE CV  AUSTIN, TX 78717-3013","16428 PARALEE CV, AUSTIN, TX  78717","S6348 - Meadows Of Brushy Creek Ph 5, BLOCK B, Lot 10","R230592E"," ","S6348 - Meadows Of Brushy Creek Ph 5","Real","$634,742","$634,742"
"R360524","R-16-4497-000B-0011","PACKEBUSH, SHERRILL J & PAUL N","16426 PARALEE CV  AUSTIN, TX 78717-3013","16426 PARALEE CV, AUSTIN, TX  78717","S6348 - Meadows Of Brushy Creek Ph 5, BLOCK B, Lot 11","R230592E"," ","S6348 - Meadows Of Brushy Creek Ph 5","Real","$594,308","$594,308"
"R360525","R-16-4497-000B-0012","DUMBECK, RAYMOND","16424 PARALEE CV  AUSTIN, TX 78717","16424 PARALEE CV, AUSTIN, TX  78717","S6348 - Meadows Of Brushy Creek Ph 5, BLOCK B, Lot 12","R230592E"," ","S6348 - Meadows Of Brushy Creek Ph 5","Real","$548,889","$548,889"
"R360526","R-16-4497-000B-0013","ZHANG, ZHIGANG & MEIYING WU","2530 MILANO DR  CARMEL, IN 46074-5829","16422 PARALEE CV, AUSTIN, TX  78717","S6348 - Meadows Of Brushy Creek Ph 5, BLOCK B, Lot 13","R230592E"," ","S6348 - Meadows Of Brushy Creek Ph 5","Real","$550,625","$550,625"
"R360527","R-16-4497-000B-0014","VALDESPINO, LAURA","16420 PARALEE CV  AUSTIN, TX 78717-3009","16420 PARALEE CV, AUSTIN, TX  78717","S6348 - Meadows Of Brushy Creek Ph 5, BLOCK B, Lot 14","R230592E"," ","S6348 - Meadows Of Brushy Creek Ph 5","Real","$619,221","$619,221"
"R360528","R-16-4497-000B-0015","WILLSON, PAUL J & KRISTIAN","16418 PARALEE CV  AUSTIN, TX 78717-3009","16418 PARALEE CV, AUSTIN, TX  78717","S6348 - Meadows Of Brushy Creek Ph 5, BLOCK B, Lot 15","R230592E"," ","S6348 - Meadows Of Brushy Creek Ph 5","Real","$617,000","$617,000"
"R360529","R-16-4497-000B-0016","LAWLIS, DAVID KEITH & JAMIE COX LAWLIS","16414 PARALEE CT AUSTIN, TX 78717-3009","16414 PARALEE CV, AUSTIN, TX  78717","S6348 - Meadows Of Brushy Creek Ph 5, BLOCK B, Lot 16","R230592E"," ","S6348 - Meadows Of Brushy Creek Ph 5","Real","$584,676","$584,676"
"R360530","R-16-4497-000B-0017","HAMMOCK, ARNIE KING & ROBIN DENISE","16412 PARALEE CV  AUSTIN, TX 78717-3009","16412 PARALEE CV, AUSTIN, TX  78717","S6348 - Meadows Of Brushy Creek Ph 5, BLOCK B, Lot 17","R230592E"," ","S6348 - Meadows Of Brushy Creek Ph 5","Real","$477,815","$477,815"
"R360531","R-16-4497-000B-0018","ELDRIDGE, JEFFREY M (TOD)","16410 PARALEE CV  AUSTIN, TX 78717-3009","16410 PARALEE CV, AUSTIN, TX  78717","S6348 - Meadows Of Brushy Creek Ph 5, BLOCK B, Lot 18","R230592E"," ","S6348 - Meadows Of Brushy Creek Ph 5","Real","$439,059","$439,059"
"R360532","R-16-4496-000A-0002","LIN, YI MIN & LI HSIN CHEN","2883 VARDEN AVE  SAN JOSE, CA 95124","15831 DORMAN DR, AUSTIN, TX  78717","S6347 - Meadows Of Brushy Creek Ph 4, BLOCK A, Lot 2","R230592E"," ","S6347 - Meadows Of Brushy Creek Ph 4","Real","$466,742","$466,742"
"R360533","R-16-4496-000A-0003","DANG, PHOUNG (TOD)","15829 W DORMAN DR  AUSTIN, TX 78717-5470","15829 DORMAN DR, AUSTIN, TX  78717","S6347 - Meadows Of Brushy Creek Ph 4, BLOCK A, Lot 3","R230592E"," ","S6347 - Meadows Of Brushy Creek Ph 4","Real","$552,096","$552,096"
"R360534","R-16-4496-000A-0004","WEI, HAN-CHAO & CHIUNG-YI TSENG","CHIUNG-YI TSENG 15827 DORMAN DR AUSTIN, TX 78717-5470","15827 DORMAN DR, AUSTIN, TX  78717","S6347 - Meadows Of Brushy Creek Ph 4, BLOCK A, Lot 4","R230592E"," ","S6347 - Meadows Of Brushy Creek Ph 4","Real","$466,770","$466,770"
"R360535","R-16-4496-000A-0005","SHELTON, JOHN & KRISTIN","15825 W DORMAN DR  AUSTIN, TX 78717","15825 DORMAN DR, AUSTIN, TX  78717","S6347 - Meadows Of Brushy Creek Ph 4, BLOCK A, Lot 5","R230592E"," ","S6347 - Meadows Of Brushy Creek Ph 4","Real","$548,061","$548,061"
"R360536","R-16-4496-000A-0006","YEUNG, MISOON","PO BOX 204062 AUSTIN, TX 78720-4062","15823 DORMAN DR, AUSTIN, TX  78717","S6347 - Meadows Of Brushy Creek Ph 4, BLOCK A, Lot 6","R230592E"," ","S6347 - Meadows Of Brushy Creek Ph 4","Real","$436,231","$436,231"
"R360537","R-16-4496-000A-0007","RAM M R JAYA VENKATA MARAM & SATYA R MANGALAPATI & BHARATH K GANGUMALLA","330 PALADIUM CT  OWINGS MILLS, MD 21117","15821 DORMAN DR, AUSTIN, TX  78717","S6347 - Meadows Of Brushy Creek Ph 4, BLOCK A, Lot 7","R230592E"," ","S6347 - Meadows Of Brushy Creek Ph 4","Real","$467,570","$467,570"
"R360538","R-16-4496-000A-0008","MANDELSTEIN, BENJAMIN & KATIE","15819 W DORMAN DR  AUSTIN, TX 78717-5470","15819 DORMAN DR, AUSTIN, TX  78717","S6347 - Meadows Of Brushy Creek Ph 4, BLOCK A, Lot 8","R230592E"," ","S6347 - Meadows Of Brushy Creek Ph 4","Real","$535,749","$535,749"
"R360539","R-16-4496-000A-0009","JOHN F MILLER & NICOLLETTE MILLER TR OF JOHN MILLER & NICOLLETTE MILLER OATH TST","15817 W DORMAN DR  AUSTIN, TX 78717","15817 DORMAN DR, AUSTIN, TX  78717","S6347 - Meadows Of Brushy Creek Ph 4, BLOCK A, Lot 9","R230592E"," ","S6347 - Meadows Of Brushy Creek Ph 4","Real","$485,618","$485,618"
"R360540","R-16-4496-000A-0010","RIESTER, ROBERT","15815 W DORMAN DR  AUSTIN, TX 78717","15815 DORMAN DR, AUSTIN, TX  78717","S6347 - Meadows Of Brushy Creek Ph 4, BLOCK A, Lot 10","R230592E"," ","S6347 - Meadows Of Brushy Creek Ph 4","Real","$491,070","$491,070"
"R360541","R-16-4496-000A-0011","HOGG JOELLE & PHILLIP JOHN SOLOMON","15813 W DORMAN DR  AUSTIN, TX 78717-5470","15813 DORMAN DR, AUSTIN, TX  78717","S6347 - Meadows Of Brushy Creek Ph 4, BLOCK A, Lot 11","R230592E"," ","S6347 - Meadows Of Brushy Creek Ph 4","Real","$638,397","$638,397"
"R360542","R-16-4496-000A-0012","MOON, ANNA FRANCIS & JAMES CLOUTIER","15811 W DORMAN DR  AUSTIN, TX 78717-5470","15811 DORMAN DR, AUSTIN, TX  78717","S6347 - Meadows Of Brushy Creek Ph 4, BLOCK A, Lot 12","R230592E"," ","S6347 - Meadows Of Brushy Creek Ph 4","Real","$539,961","$539,961"
"R360543","R-16-4496-000A-0013","ZAKHARENKO, VITALY & YANA VASERSHTAYN","15809 W DORMAN DR  AUSTIN, TX 78717","15809 DORMAN DR, AUSTIN, TX  78717","S6347 - Meadows Of Brushy Creek Ph 4, BLOCK A, Lot 13","R230592E"," ","S6347 - Meadows Of Brushy Creek Ph 4","Real","$597,061","$597,061"
"R360544","R-16-4496-000A-0014","MOLINA, JUAN & ALEJANDRA HERNANDEZ","15807 W DORMAN DR  AUSTIN, TX 78717-5470","15807 DORMAN DR, AUSTIN, TX  78717","S6347 - Meadows Of Brushy Creek Ph 4, BLOCK A, Lot 14","R230592E"," ","S6347 - Meadows Of Brushy Creek Ph 4","Real","$528,862","$528,862"
"R360545","R-16-4496-000A-0015","SULETIC, DEJAN (TOD) & KRISTA (TOD)","15805 W DORMAN DR  AUSTIN, TX 78717-5470","15805 DORMAN DR, AUSTIN, TX  78717","S6347 - Meadows Of Brushy Creek Ph 4, BLOCK A, Lot 15","R230592E"," ","S6347 - Meadows Of Brushy Creek Ph 4","Real","$679,061","$679,061"
"R360546","R-16-4496-000A-0016","CARR, WILLIAM & HEATHER","15803 W DORMAN DR AUSTIN, TX 78717-5470","15803 DORMAN DR, AUSTIN, TX  78717","S6347 - Meadows Of Brushy Creek Ph 4, BLOCK A, Lot 16","R230592E"," ","S6347 - Meadows Of Brushy Creek Ph 4","Real","$494,092","$494,092"
"R360547","R-16-4496-000A-0017","WORKMAN, ERIC S & CATHERINE","15801 W DORMAN DR AUSTIN, TX 78717-5470","15801 DORMAN DR, AUSTIN, TX  78717","S6347 - Meadows Of Brushy Creek Ph 4, BLOCK A, Lot 17","R230592E"," ","S6347 - Meadows Of Brushy Creek Ph 4","Real","$575,674","$575,674"
"R360548","R-16-4496-000A-0018","WORKMAN, ERIC S","15801 W DORMAN DR  AUSTIN, TX 78717","8901 JOACHIM LN, AUSTIN, TX  78717","S6347 - Meadows Of Brushy Creek Ph 4, BLOCK A, Lot 18","R230592E"," ","S6347 - Meadows Of Brushy Creek Ph 4","Real","$508,331","$508,331"
"R360549","R-16-4496-000A-0019","LEE JUNGSUP & MYUNGHEE HWANG (RS)","8903 JOACHIM LN  AUSTIN, TX 78717","8903 JOACHIM LN, AUSTIN, TX  78717","S6347 - Meadows Of Brushy Creek Ph 4, BLOCK A, Lot 19","R230592E"," ","S6347 - Meadows Of Brushy Creek Ph 4","Real","$584,099","$584,099"
"R360550","R-16-4496-000A-0020","HURLEY, DEBORAH LAWRENCE & MARVIN RAY JR","8905 JOACHIM LN  AUSTIN, TX 78717","8905 JOACHIM LN, AUSTIN, TX  78717","S6347 - Meadows Of Brushy Creek Ph 4, BLOCK A, Lot 20","R230592E"," ","S6347 - Meadows Of Brushy Creek Ph 4","Real","$547,219","$547,219"
"R360551","R-16-4496-000A-0021","WHALIN, ROBERT & DIANNA GRAY","8907 JOACHIM LN  AUSTIN, TX 78717","8907 JOACHIM LN, AUSTIN, TX  78717","S6347 - Meadows Of Brushy Creek Ph 4, BLOCK A, Lot 21","R230592E"," ","S6347 - Meadows Of Brushy Creek Ph 4","Real","$632,600","$632,600"
"R360552","R-16-4496-000A-0022","JONES, LAURA WILLIS & JEREMIAH S","8909 JOACHIM LN  AUSTIN, TX 78717","8909 JOACHIM LN, AUSTIN, TX  78717","S6347 - Meadows Of Brushy Creek Ph 4, BLOCK A, Lot 22","R230592E"," ","S6347 - Meadows Of Brushy Creek Ph 4","Real","$654,193","$654,193"
"R360553","R-16-4496-000A-0023","PARIMI, SANDEEP & USHA PALLAVI DUDDU","8911 JOACHIM LN  AUSTIN, TX 78717-5463","8911 JOACHIM LN, AUSTIN, TX  78717","S6347 - Meadows Of Brushy Creek Ph 4, BLOCK A, Lot 23","R230592E"," ","S6347 - Meadows Of Brushy Creek Ph 4","Real","$502,018","$502,018"
"R360554","R-16-4496-000A-0024","TESTER, JENNIFER","8913 JOACHIM LN AUSTIN, TX 78717-5463","8913 JOACHIM LN, AUSTIN, TX  78717","S6347 - Meadows Of Brushy Creek Ph 4, BLOCK A, Lot 24","R230592E"," ","S6347 - Meadows Of Brushy Creek Ph 4","Real","$480,103","$480,103"
"R360555","R-16-4496-000A-0025","HAWLEY, LENDELL M & STEPHANIE Y","8915 JOACHIM LN AUSTIN, TX 78717-5463","8915 JOACHIM LN, AUSTIN, TX  78717","S6347 - Meadows Of Brushy Creek Ph 4, BLOCK A, Lot 25","R230592E"," ","S6347 - Meadows Of Brushy Creek Ph 4","Real","$543,155","$543,155"
"R360556","R-16-4496-000A-0026","MADABHUSHANAM, MRINALINI","8917 JOACHIM LN  AUSTIN, TX 78717","8917 JOACHIM LN, AUSTIN, TX  78717","S6347 - Meadows Of Brushy Creek Ph 4, BLOCK A, Lot 26","R230592E"," ","S6347 - Meadows Of Brushy Creek Ph 4","Real","$535,265","$535,265"
"R360557","R-16-4496-000A-0027","HU, KESEN & JING WU","354 SEQUIM CMN  FREMONT, CA 94539-7907","8919 JOACHIM LN, AUSTIN, TX  78717","S6347 - Meadows Of Brushy Creek Ph 4, BLOCK A, Lot 27","R230592E"," ","S6347 - Meadows Of Brushy Creek Ph 4","Real","$517,373","$517,373"
"R360558","R-16-4496-000A-0028","TANG, WAI-KWOK","8921 JOACHIM LN  AUSTIN, TX 78717","8921 JOACHIM LN, AUSTIN, TX  78717","S6347 - Meadows Of Brushy Creek Ph 4, BLOCK A, Lot 28","R230592E"," ","S6347 - Meadows Of Brushy Creek Ph 4","Real","$511,196","$511,196"
"R360559","R-16-4496-000A-0029","LEAF, ROBERT R & CYNTHIA L","8923 JOACHIM LN  AUSTIN, TX 78717-5463","8923 JOACHIM LN, AUSTIN, TX  78717","S6347 - Meadows Of Brushy Creek Ph 4, BLOCK A, Lot 29","R230592E"," ","S6347 - Meadows Of Brushy Creek Ph 4","Real","$787,330","$787,330"
"R360560","R-16-4496-000A-0030","DRONEN, DARRIN C & LAURA J","8925 JOACHIM LN  AUSTIN, TX 78717-5465","8925 JOACHIM LN, AUSTIN, TX  78717","S6347 - Meadows Of Brushy Creek Ph 4, BLOCK A, Lot 30","R230592E"," ","S6347 - Meadows Of Brushy Creek Ph 4","Real","$649,158","$649,158"
"R360561","R-16-4496-000A-0031","RUBINSTEIN, CARLOS & JUDY ANN","8929 JOACHIM LN  AUSTIN, TX 78717","8929 JOACHIM LN, AUSTIN, TX  78717","S6347 - Meadows Of Brushy Creek Ph 4, BLOCK A, Lot 31","R230592E"," ","S6347 - Meadows Of Brushy Creek Ph 4","Real","$594,446","$594,446"
"R360562","R-16-4496-000A-0032","SNOW, JANET","1420 DEER LEDGE TRL  CEDAR PARK, TX 78613-4253","8928 JOACHIM LN, AUSTIN, TX  78717","S6347 - Meadows Of Brushy Creek Ph 4, BLOCK A, Lot 32","R230592E"," ","S6347 - Meadows Of Brushy Creek Ph 4","Real","$592,088","$592,088"
"R360563","R-16-4496-000A-0033","JENSEN, DAVID P","8926 JOACHIM LN  AUSTIN, TX 78717","8926 JOACHIM LN, AUSTIN, TX  78717","S6347 - Meadows Of Brushy Creek Ph 4, BLOCK A, Lot 33","R230592E"," ","S6347 - Meadows Of Brushy Creek Ph 4","Real","$735,984","$735,984"
"R360564","R-16-4496-000A-0034","HARVEY, JAY CRAIG","8924 JOACHIM LN  AUSTIN, TX 78717","8924 JOACHIM LN, AUSTIN, TX  78717","S6347 - Meadows Of Brushy Creek Ph 4, BLOCK A, Lot 34","R230592E"," ","S6347 - Meadows Of Brushy Creek Ph 4","Real","$798,379","$798,379"
"R360565","R-16-4496-000A-0035","ACOSTA, WYANZA RENEE","8922 JOACHIM LN  AUSTIN, TX 78717","8922 JOACHIM LN, AUSTIN, TX  78717","S6347 - Meadows Of Brushy Creek Ph 4, BLOCK A, Lot 35","R230592E"," ","S6347 - Meadows Of Brushy Creek Ph 4","Real","$594,515","$594,515"
"R360566","R-16-4496-000A-0036","LEDYARD, LINDSEY MARIE & MARVIN GRANT","8920 JOACHIM LN  AUSTIN, TX 78717","8920 JOACHIM LN, AUSTIN, TX  78717","S6347 - Meadows Of Brushy Creek Ph 4, BLOCK A, Lot 36","R230592E"," ","S6347 - Meadows Of Brushy Creek Ph 4","Real","$658,809","$658,809"
"R360567","R-16-4496-000A-0037","WOOD, CHAD A & KELLI F","15800 RUSTIC LN  AUSTIN, TX 78717","15800 RUSTIC LN, AUSTIN, TX  78717","S6347 - Meadows Of Brushy Creek Ph 4, BLOCK A, Lot 37","R230592E"," ","S6347 - Meadows Of Brushy Creek Ph 4","Real","$666,438","$666,438"
"R360568","R-16-4496-000A-0038","LU, CHUN-YAUNG & CHI-HSUAN YANG","15802 RUSTIC LN  AUSTIN, TX 78717","15802 RUSTIC LN, AUSTIN, TX  78717","S6347 - Meadows Of Brushy Creek Ph 4, BLOCK A, Lot 38","R230592E"," ","S6347 - Meadows Of Brushy Creek Ph 4","Real","$530,246","$530,246"
"R360569","R-16-4496-000A-0039","FAWCETT, MICHAEL BLAINE & KAREN DALE","15804 RUSTIC LN AUSTIN, TX 78717-5466","15804 RUSTIC LN, AUSTIN, TX  78717","S6347 - Meadows Of Brushy Creek Ph 4, BLOCK A, Lot 39","R230592E"," ","S6347 - Meadows Of Brushy Creek Ph 4","Real","$658,522","$658,522"
"R360570","R-16-4496-000A-0040","BARATAKKE, KAVITHA V","15806 RUSTIC LN AUSTIN, TX 78717-5467","15806 RUSTIC LN, AUSTIN, TX  78717","S6347 - Meadows Of Brushy Creek Ph 4, BLOCK A, Lot 40","R230592E"," ","S6347 - Meadows Of Brushy Creek Ph 4","Real","$485,833","$485,833"
"R360572","R-16-4496-000A-0042","KOLSTAD, MARK & SHERRY","15810 RUSTIC LN  AUSTIN, TX 78717","15810 RUSTIC LN, AUSTIN, TX  78717","S6347 - Meadows Of Brushy Creek Ph 4, BLOCK A, Lot 42","R230592E"," ","S6347 - Meadows Of Brushy Creek Ph 4","Real","$540,367","$540,367"
"R360573","R-16-4496-000A-0043","RAMSEY, ANNE M","15812 RUSTIC LN  AUSTIN, TX 78717-5466","15812 RUSTIC LN, AUSTIN, TX  78717","S6347 - Meadows Of Brushy Creek Ph 4, BLOCK A, Lot 43","R230592E"," ","S6347 - Meadows Of Brushy Creek Ph 4","Real","$429,980","$429,980"
"R360574","R-16-4496-000A-0044","SRINIVASAN, NIRUPAMA PARAVASTHU","765 SAN ANTONIO RD  #APT 80 PALO ALTO, CA 94303-4822","15814 RUSTIC LN, AUSTIN, TX  78717","S6347 - Meadows Of Brushy Creek Ph 4, BLOCK A, Lot 44","R230592E"," ","S6347 - Meadows Of Brushy Creek Ph 4","Real","$519,230","$519,230"
"R360575","R-16-4496-000A-0045","FIELD, DONALD","15816 RUSTIC LN  AUSTIN, TX 78717","15816 RUSTIC LN, AUSTIN, TX  78717","S6347 - Meadows Of Brushy Creek Ph 4, BLOCK A, Lot 45","R230592E"," ","S6347 - Meadows Of Brushy Creek Ph 4","Real","$612,936","$612,936"
"R360577","R-16-4496-000B-0001","SHALEM, ROY & JORIE (RS)","15828 W DORMAN DR AUSTIN, TX 78717-5469","15828 DORMAN DR, AUSTIN, TX  78717","S6347 - Meadows Of Brushy Creek Ph 4, BLOCK B, Lot 1","R230592E"," ","S6347 - Meadows Of Brushy Creek Ph 4","Real","$719,175","$719,175"
"R360578","R-16-4496-000B-0002","GONZALEZ, JUAN ANTONIO & ELZBIETA","15826 DORMAN DR  AUSTIN, TX 78717","15826 DORMAN DR, AUSTIN, TX  78717","S6347 - Meadows Of Brushy Creek Ph 4, BLOCK B, Lot 2","R230592E"," ","S6347 - Meadows Of Brushy Creek Ph 4","Real","$460,487","$460,487"
"R360579","R-16-4496-000B-0003","ABESHAUS, BRITTA","15824 W DORMAN DR  AUSTIN, TX 78717-5469","15824 DORMAN DR, AUSTIN, TX  78717","S6347 - Meadows Of Brushy Creek Ph 4, BLOCK B, Lot 3","R230592E"," ","S6347 - Meadows Of Brushy Creek Ph 4","Real","$606,762","$606,762"
"R360580","R-16-4496-000B-0004","HU, TENG & HONG","15822 W DORMAN DR  AUSTIN, TX 78717-5469","15822 DORMAN DR, AUSTIN, TX  78717","S6347 - Meadows Of Brushy Creek Ph 4, BLOCK B, Lot 4","R230592E"," ","S6347 - Meadows Of Brushy Creek Ph 4","Real","$545,636","$545,636"
"R360581","R-16-4496-000B-0005","HUDDA, JENNIFER & MURAD","15820 W DORMAN DR  AUSTIN, TX 78717-5469","15820 DORMAN DR, AUSTIN, TX  78717","S6347 - Meadows Of Brushy Creek Ph 4, BLOCK B, Lot 5","R230592E"," ","S6347 - Meadows Of Brushy Creek Ph 4","Real","$586,621","$586,621"
"R360582","R-16-4496-000B-0006","CHAN, CHOK SOON & CINDY MIN YEE CHEW","15818 W DORMAN DR  AUSTIN, TX 78717","15818 DORMAN DR W, AUSTIN, TX  78717","MEADOWS OF BRUSHY CREEK PH 4, BLOCK B, LOT 6","R230592E"," ","S6347 - Meadows Of Brushy Creek Ph 4","Real","$540,896","$540,896"
"R360583","R-16-4496-000B-0007","MONTGOMERY, STEVEN EDWARD","15816 W DORMAN DR AUSTIN, TX 78717-5469","15816 DORMAN DR, AUSTIN, TX  78717","S6347 - Meadows Of Brushy Creek Ph 4, BLOCK B, Lot 7","R230592E"," ","S6347 - Meadows Of Brushy Creek Ph 4","Real","$521,728","$521,728"
"R360584","R-16-4496-000B-0008","MAGINNISS, ERIC & DOMINAE PETROSINI","15814 DORMAN DR  AUSTIN, TX 78717","15814 DORMAN DR, AUSTIN, TX  78717","S6347 - Meadows Of Brushy Creek Ph 4, BLOCK B, Lot 8","R230592E"," ","S6347 - Meadows Of Brushy Creek Ph 4","Real","$616,974","$616,974"
"R360585","R-16-4496-000B-0009","HAUB, BRENT & JESSICA JACKSON","15812 W DORMAN DR  AUSTIN, TX 78717","15812 DORMAN DR, AUSTIN, TX  78717","MEADOWS OF BRUSHY CREEK PH 4, BLOCK B, LOT 9","R230592E"," ","S6347 - Meadows Of Brushy Creek Ph 4","Real","$589,090","$589,090"
"R360586","R-16-4496-000B-0010","RAMOS, ROBERT A & NADIA S  SHAIKHZADEH","15810 W DORMAN DR  AUSTIN, TX 78717","15810 DORMAN DR, AUSTIN, TX  78717","S6347 - Meadows Of Brushy Creek Ph 4, BLOCK B, Lot 10","R230592E"," ","S6347 - Meadows Of Brushy Creek Ph 4","Real","$576,228","$576,228"
"R360587","R-16-4496-000B-0011","LACOMBE, JOHN S & CHARLOTTE A","15808 W DORMAN DR AUSTIN, TX 78717-5469","15808 DORMAN DR, AUSTIN, TX  78717","S6347 - Meadows Of Brushy Creek Ph 4, BLOCK B, Lot 11","R230592E"," ","S6347 - Meadows Of Brushy Creek Ph 4","Real","$661,967","$661,967"
"R360588","R-16-4496-000B-0012","AGARWAL, NIPUN & SHREYA SINGHAL","15806 W DORMAN DR  AUSTIN, TX 78717-5469","15806 DORMAN DR, AUSTIN, TX  78717","S6347 - Meadows Of Brushy Creek Ph 4, BLOCK B, Lot 12","R230592E"," ","S6347 - Meadows Of Brushy Creek Ph 4","Real","$562,073","$583,201"
"R360589","R-16-4496-000B-0013","GOODMAN, JOHN O","15804 W DORMAN DR AUSTIN, TX 78717-5469","15804 DORMAN DR, AUSTIN, TX  78717","S6347 - Meadows Of Brushy Creek Ph 4, BLOCK B, Lot 13","R230592E"," ","S6347 - Meadows Of Brushy Creek Ph 4","Real","$644,979","$644,979"
"R360590","R-16-4496-000B-0014","MICHAEL T HAMLIN & MARIA O HAMLIN ,TRUSTEES FOR THE HAMLIN FAMILY LIVING TRUST","15802 W DORMAN DR  AUSTIN, TX 78717","15802 DORMAN DR, AUSTIN, TX  78717","MEADOWS OF BRUSHY CREEK PH 4, BLOCK B, LOT 14","R230592E"," ","S6347 - Meadows Of Brushy Creek Ph 4","Real","$493,942","$493,942"
"R360591","R-16-4496-000B-0015","CUNNINGHAM, JAMES B & MEGAN H","15800 W DORMAN DR  AUSTIN, TX 78717","15800 DORMAN DR W, AUSTIN, TX  78717","S6347 - Meadows Of Brushy Creek Ph 4, BLOCK B, Lot 15","R230592E"," ","S6347 - Meadows Of Brushy Creek Ph 4","Real","$610,458","$610,458"
"R360592","R-16-4496-000B-0016","SMITH, CANDACE & DERRICK G","15801 RUSTIC LN AUSTIN, TX 78717-5467","15801 RUSTIC LN, AUSTIN, TX  78717","S6347 - Meadows Of Brushy Creek Ph 4, BLOCK B, Lot 16","R230592E"," ","S6347 - Meadows Of Brushy Creek Ph 4","Real","$651,754","$651,754"
"R360593","R-16-4496-000B-0017","CAROLYN S BONHAM OF CAROLYN S BONHAM REVOCABLE FAMILY TRUST","15803 RUSTIC LN  AUSTIN, TX 78717-5467","15803 RUSTIC LN, AUSTIN, TX  78717","S6347 - Meadows Of Brushy Creek Ph 4, BLOCK B, Lot 17","R230592E"," ","S6347 - Meadows Of Brushy Creek Ph 4","Real","$420,858","$420,858"
"R360594","R-16-4496-000B-0018","NGUYEN, CANH","15805 RUSTIC LN  AUSTIN, TX 78717","15805 RUSTIC LN, AUSTIN, TX  78717","MEADOWS OF BRUSHY CREEK PH 4, BLOCK B, LOT 18","R230592E"," ","S6347 - Meadows Of Brushy Creek Ph 4","Real","$514,500","$514,500"
"R360595","R-16-4496-000B-0019","JOHNSON, MATTHEW","15807 RUSTIC LN  AUSTIN, TX 78717","15807 RUSTIC LN, AUSTIN, TX  78717","S6347 - Meadows Of Brushy Creek Ph 4, BLOCK B, Lot 19","R230592E"," ","S6347 - Meadows Of Brushy Creek Ph 4","Real","$490,207","$490,207"
"R360596","R-16-4496-000B-0020","LEVY, KHEN & DARIYA","16711 MARSALA SPRINGS DR ROUND ROCK, TX 78681-5319","15809 RUSTIC LN, AUSTIN, TX  78717","MEADOWS OF BRUSHY CREEK PH 4, BLOCK B, LOT 20","R230592E"," ","S6347 - Meadows Of Brushy Creek Ph 4","Real","$535,372","$535,372"
"R360597","R-16-4496-000B-0021","YOCHANAN, OR & GAL MEDZINI YOCHANAN","2401 GRANDRIDGE TRL CEDAR PARK, TX 78613-4000","15811 RUSTIC LN, AUSTIN, TX  78717","S6347 - Meadows Of Brushy Creek Ph 4, BLOCK B, Lot 21","R230592E"," ","S6347 - Meadows Of Brushy Creek Ph 4","Real","$502,173","$502,173"
"R360598","R-16-4496-000B-0022","BURDEN, ROBERT & ELAINE","15813 RUSTIC LN  AUSTIN, TX 78717","15813 RUSTIC LN, AUSTIN, TX  78717","S6347 - Meadows Of Brushy Creek Ph 4, BLOCK B, Lot 22","R230592E"," ","S6347 - Meadows Of Brushy Creek Ph 4","Real","$629,331","$629,331"
"R360599","R-16-4496-000B-0023","ISELLA DELEON-WILSON & WILLIAM ALLEN WILSON OF DELEON WILSON FAMILY TRUST","15815 RUSTIC LN  AUSTIN, TX 78717-5467","15815 RUSTIC LN, AUSTIN, TX  78717","S6347 - Meadows Of Brushy Creek Ph 4, BLOCK B, Lot 23","R230592E"," ","S6347 - Meadows Of Brushy Creek Ph 4","Real","$559,144","$559,144"
"R360600","R-16-4496-000B-0024","CAPUTO, CHRISTOPHER JR & JULIA YATES","8900 HALDER CV  AUSTIN, TX 78717","8900 HALDER CV, AUSTIN, TX  78717","S6347 - Meadows Of Brushy Creek Ph 4, BLOCK B, Lot 24","R230592E"," ","S6347 - Meadows Of Brushy Creek Ph 4","Real","$480,259","$480,259"
"R360601","R-16-4496-000B-0025","FOLKMAN, TODD","8902 HALDER CV  AUSTIN, TX 78717","8902 HALDER CV, AUSTIN, TX  78717","S6347 - Meadows Of Brushy Creek Ph 4, BLOCK B, Lot 25","R230592E"," ","S6347 - Meadows Of Brushy Creek Ph 4","Real","$826,483","$826,483"
"R360602","R-16-4496-000B-0026","KLINCK, JAN M TRUSTEE OF NATALIE KAY KLINCK TRUST","8904 HALDER CV AUSTIN, TX 78717-5471","8904 HALDER CV, AUSTIN, TX  78717","S6347 - Meadows Of Brushy Creek Ph 4, BLOCK B, Lot 26","R230592E"," ","S6347 - Meadows Of Brushy Creek Ph 4","Real","$679,165","$679,165"
"R360603","R-16-4496-000B-0027","AWBREY, PETER","8903 HALDER CV  AUSTIN, TX 78717-5471","8903 HALDER CV, AUSTIN, TX  78717","S6347 - Meadows Of Brushy Creek Ph 4, BLOCK B, Lot 27","R230592E"," ","S6347 - Meadows Of Brushy Creek Ph 4","Real","$624,818","$624,818"
"R360604","R-16-4496-000B-0028","MILLER, DAVID RYAN & CHUXUAN SHEN","8901 HALDER CV AUSTIN, TX 78717-5471","8901 HALDER CV, AUSTIN, TX  78717","S6347 - Meadows Of Brushy Creek Ph 4, BLOCK B, Lot 28","R230592E"," ","S6347 - Meadows Of Brushy Creek Ph 4","Real","$591,434","$591,434"
"R360806","R-16-5980-000A-0001","YU, CHENG-JUNG & WEI-LI CHANG","15800 CHATHAM WOOD DR  AUSTIN, TX 78717","15800 CHATHAM WOOD DR, AUSTIN, TX  78717","S6357 - Woods Of Brushy Creek Sec 4, BLOCK A, Lot 1","R230592E"," ","S6357 - Woods Of Brushy Creek Sec 4","Real","$490,793","$490,793"
"R360944","R-16-5980-000A-0002","SCOTT, JONATHAN T & PAULA B","15802 CHATHAM WOOD DR  AUSTIN, TX 78717","15802 CHATHAM WOOD DR, AUSTIN, TX  78717","S6357 - Woods Of Brushy Creek Sec 4, BLOCK A, Lot 2","R230592E"," ","S6357 - Woods Of Brushy Creek Sec 4","Real","$648,883","$648,883"
"R360945","R-16-5980-000A-0003","FUGATT, RACHEL A","15804 CHATHAM WOOD DR AUSTIN, TX 78717-4860","15804 CHATHAM WOOD DR, AUSTIN, TX  78717","S6357 - Woods Of Brushy Creek Sec 4, BLOCK A, Lot 3","R230592E"," ","S6357 - Woods Of Brushy Creek Sec 4","Real","$687,328","$687,328"
"R360946","R-16-5980-000A-0004","RIOJAS, DAVID & GABRIELA FRANCKE-RIOJAS","15806 CHATHAM WOOD DR  AUSTIN, TX 78717","15806 CHATHAM WOOD DR, AUSTIN, TX  78717","S6357 - Woods Of Brushy Creek Sec 4, BLOCK A, Lot 4","R230592E"," ","S6357 - Woods Of Brushy Creek Sec 4","Real","$735,559","$735,559"
"R360947","R-16-5980-000A-0005","CHATHAM WOOD RESIDENTIAL LLC","5900 BALCONES DR  #STE 100 AUSTIN, TX 78731-4298","15808 CHATHAM WOOD DR, AUSTIN, TX  78717","S6357 - Woods Of Brushy Creek Sec 4, BLOCK A, Lot 5","R230592E"," ","S6357 - Woods Of Brushy Creek Sec 4","Real","$522,138","$522,138"
"R360948","R-16-5980-000A-0006","BOARDMAN, TIMOTHY A & LISA R","15810 CHATHAM WOOD DR AUSTIN, TX 78717-4860","15810 CHATHAM WOOD DR, AUSTIN, TX  78717","S6357 - Woods Of Brushy Creek Sec 4, BLOCK A, Lot 6","R230592E"," ","S6357 - Woods Of Brushy Creek Sec 4","Real","$544,459","$544,459"
"R360949","R-16-5980-000A-0007","NAUERT, HERBERT M, III","15812 CHATHAM WOOD DR AUSTIN, TX 78717-4860","15812 CHATHAM WOOD DR, AUSTIN, TX  78717","S6357 - Woods Of Brushy Creek Sec 4, BLOCK A, Lot 7","R230592E"," ","S6357 - Woods Of Brushy Creek Sec 4","Real","$563,255","$563,255"
"R360950","R-16-5980-000A-0008","FISHER, ALDEN & SONA AVETIAN","15814 CHATHAM WOOD DR  AUSTIN, TX 78717","15814 CHATHAM WOOD DR, AUSTIN, TX  78717","S6357 - Woods Of Brushy Creek Sec 4, BLOCK A, Lot 8","R230592E"," ","S6357 - Woods Of Brushy Creek Sec 4","Real","$539,899","$539,899"
"R360951","R-16-5980-000A-0009","WAN, ANNA & STEVEN YEE","15816 CHATHAM WOOD DR  AUSTIN, TX 78717-4860","15816 CHATHAM WOOD DR, AUSTIN, TX  78717","S6357 - Woods Of Brushy Creek Sec 4, BLOCK A, Lot 9","R230592E"," ","S6357 - Woods Of Brushy Creek Sec 4","Real","$500,942","$500,942"
"R360952","R-16-5980-000A-0010","POZAR, JENNIFER & MICHAEL","15818 CHATHAM WOOD DR AUSTIN, TX 78717-4860","15818 CHATHAM WOOD DR, AUSTIN, TX  78717","S6357 - Woods Of Brushy Creek Sec 4, BLOCK A, Lot 10","R230592E"," ","S6357 - Woods Of Brushy Creek Sec 4","Real","$711,373","$711,373"
"R360953","R-16-5980-000A-0011","DONG, HANTAO & CHANGMEI ZOU","9904 DUELING OAK CIR AUSTIN, TX 78750-3807","15820 CHATHAM WOOD DR, AUSTIN, TX  78717","S6357 - Woods Of Brushy Creek Sec 4, BLOCK A, Lot 11","R230592E"," ","S6357 - Woods Of Brushy Creek Sec 4","Real","$716,490","$716,490"
"R360954","R-16-5980-000A-0012","KIRKLAND, VAN C & DEBRA K","15822 CHATHAM WOOD DR AUSTIN, TX 78717-4860","15822 CHATHAM WOOD DR, AUSTIN, TX  78717","S6357 - Woods Of Brushy Creek Sec 4, BLOCK A, Lot 12","R230592E"," ","S6357 - Woods Of Brushy Creek Sec 4","Real","$643,933","$643,933"
"R360955","R-16-5980-000A-0013","HORMUTH, RICHARD ALAN","15824 CHATHAM WOOD DR AUSTIN, TX 78717-4860","15824 CHATHAM WOOD DR, AUSTIN, TX  78717","S6357 - Woods Of Brushy Creek Sec 4, BLOCK A, Lot 13","R230592E"," ","S6357 - Woods Of Brushy Creek Sec 4","Real","$633,056","$633,056"
"R360956","R-16-5980-000A-0014","TRUONG, BRADLEY","15826 CHATHAM WOOD DR  AUSTIN, TX 78717","15826 CHATHAM WOOD DR, AUSTIN, TX  78717","S6357 - Woods Of Brushy Creek Sec 4, BLOCK A, Lot 14","R230592E"," ","S6357 - Woods Of Brushy Creek Sec 4","Real","$538,534","$538,534"
"R360957","R-16-5980-000A-0015","ERIG, TANER & KSENIA VLADIMIROVNA","15828 CHATHAM WOOD DR  AUSTIN, TX 78717-4860","15828 CHATHAM WOOD DR, AUSTIN, TX  78717","S6357 - Woods Of Brushy Creek Sec 4, BLOCK A, Lot 15","R230592E"," ","S6357 - Woods Of Brushy Creek Sec 4","Real","$661,507","$661,507"
"R360958","R-16-5980-000A-0016","MOORE, ROBERT & ALICIA","15825 CHATHAM WOOD DR  AUSTIN, TX 78717-4860","15825 CHATHAM WOOD DR, AUSTIN, TX  78717","S6357 - Woods Of Brushy Creek Sec 4, BLOCK A, Lot 16","R230592E"," ","S6357 - Woods Of Brushy Creek Sec 4","Real","$606,983","$606,983"
"R360959","R-16-5980-000A-0017","JEONG, BAEK YOUN","15823 CHATHAM WOOD DR  AUSTIN, TX 78717","15823 CHATHAM WOOD DR, AUSTIN, TX  78717","S6357 - Woods Of Brushy Creek Sec 4, BLOCK A, Lot 17","R230592E"," ","S6357 - Woods Of Brushy Creek Sec 4","Real","$552,213","$552,213"
"R360960","R-16-5980-000A-0018","HARRALSON, JOHN & ELLEN","8615 BRYER CREEK TRL  AUSTIN, TX 78717","8615 BRYER CREEK TRL, AUSTIN, TX  78717","S6357 - Woods Of Brushy Creek Sec 4, BLOCK A, Lot 18","R230592E"," ","S6357 - Woods Of Brushy Creek Sec 4","Real","$825,274","$825,274"
"R360961","R-16-5980-000A-0019","SUSAN J OBERMAIER TRSTEE OF SUSAN J OBERMAIER REVOC TRST & GEORGE F OBERMAIER TR","8613 BRYER CREEK TRL  AUSTIN, TX 78717","8613 BRYER CREEK TRL, AUSTIN, TX  78717","S6357 - Woods Of Brushy Creek Sec 4, BLOCK A, Lot 19","R230592E"," ","S6357 - Woods Of Brushy Creek Sec 4","Real","$638,084","$638,084"
"R360962","R-16-5980-000A-0020","CORDOVA, ISIDORE & MARIA D","8611 BRYER CREEK TRL  AUSTIN, TX 78717","8611 BRYER CREEK TRL, AUSTIN, TX  78717","S6357 - Woods Of Brushy Creek Sec 4, BLOCK A, Lot 20","R230592E"," ","S6357 - Woods Of Brushy Creek Sec 4","Real","$568,590","$568,590"
"R360963","R-16-5980-000A-0021","HUANG, DIANE HUEYING","8609 BRYER CREEK TRL  AUSTIN, TX 78717","8609 BRYER CREEK TRL, AUSTIN, TX  78717","S6357 - Woods Of Brushy Creek Sec 4, BLOCK A, Lot 21","R230592E"," ","S6357 - Woods Of Brushy Creek Sec 4","Real","$547,276","$547,276"
"R360964","R-16-5980-000A-0022","DOG LLC AS TRUSTEE OF THE 8607 BRYER CREEK TRAIL TRUST","3225 MCLEOD DR  #STE 100 LAS VEGAS, NV 89121","8607 BRYER CREEK TRL, AUSTIN, TX  78717","S6357 - Woods Of Brushy Creek Sec 4, BLOCK A, Lot 22","R230592E"," ","S6357 - Woods Of Brushy Creek Sec 4","Real","$690,542","$690,542"
"R360965","R-16-5980-000A-0023","HATTENBERGER, DANIEL M & LINDA K","8605 BRYER CREEK TRL AUSTIN, TX 78717-4859","8605 BRYER CREEK TRL, AUSTIN, TX  78717","S6357 - Woods Of Brushy Creek Sec 4, BLOCK A, Lot 23","R230592E"," ","S6357 - Woods Of Brushy Creek Sec 4","Real","$646,862","$646,862"
"R360966","R-16-5980-000A-0024","CARDWELL, JEFFREY M & ALLISON B","8603 BRYER CREEK TRL  AUSTIN, TX 78717","8603 BRYER CREEK TRL, AUSTIN, TX  78717","S6357 - Woods Of Brushy Creek Sec 4, BLOCK A, Lot 24","R230592E"," ","S6357 - Woods Of Brushy Creek Sec 4","Real","$559,447","$559,447"
"R360967","R-16-5980-000A-0025","ADIVISHNU, RADHE SHYAM","15801 CHATHAM WOOD DR  AUSTIN, TX 78717","15801 CHATHAM WOOD DR, AUSTIN, TX  78717","S6357 - Woods Of Brushy Creek Sec 4, BLOCK A, Lot 25","R230592E"," ","S6357 - Woods Of Brushy Creek Sec 4","Real","$565,470","$565,470"
"R360968","R-16-5980-000A-0026","KIFER, CHERYL DANIELS & CHRIS LYNN","15803 CHATHAM WOOD DR  AUSTIN, TX 78717","15803 CHATHAM WOOD DR, AUSTIN, TX  78717","S6357 - Woods Of Brushy Creek Sec 4, BLOCK A, Lot 26","R230592E"," ","S6357 - Woods Of Brushy Creek Sec 4","Real","$655,670","$655,670"
"R360969","R-16-5980-000B-0001","HADAEGH, ARMAN MOHAMMAD","8616 BRYER CREEK TRL  AUSTIN, TX 78717","8616 BRYER CREEK TRL, AUSTIN, TX  78717","S6357 - Woods Of Brushy Creek Sec 4, BLOCK B, Lot 1","R230592E"," ","S6357 - Woods Of Brushy Creek Sec 4","Real","$588,912","$588,912"
"R360970","R-16-5980-000B-0002","VANELLA, AMIE N & BENEDETTO D","8612 BRYER CREEK TRL  AUSTIN, TX 78717","8612 BRYER CREEK TRL, AUSTIN, TX  78717","S6357 - Woods Of Brushy Creek Sec 4, BLOCK B, Lot 2","R230592E"," ","S6357 - Woods Of Brushy Creek Sec 4","Real","$530,496","$530,496"
"R360971","R-16-5980-000B-0003","GAETJENS, ALLEN C & SARA J","8608 BRYER CREEK TRL AUSTIN, TX 78717-4858","8608 BRYER CREEK TRL, AUSTIN, TX  78717","S6357 - Woods Of Brushy Creek Sec 4, BLOCK B, Lot 3","R230592E"," ","S6357 - Woods Of Brushy Creek Sec 4","Real","$669,167","$669,167"
"R360972","R-16-5980-000B-0004","PERGANDE, PAUL E & LAURA A","8606 BRYER CREEK TRL AUSTIN, TX 78717-4858","8606 BRYER CREEK TRL, AUSTIN, TX  78717","S6357 - Woods Of Brushy Creek Sec 4, BLOCK B, Lot 4","R230592E"," ","S6357 - Woods Of Brushy Creek Sec 4","Real","$564,424","$564,424"
"R360973","R-16-5980-000B-0005","PHELPS, MARNE RIDD (TOD)","8602 BYER CREEK TRL  AUSTIN, TX 78717-4845","8602 BRYER CREEK TRL, AUSTIN, TX  78717","S6357 - Woods Of Brushy Creek Sec 4, BLOCK B, Lot 5","R230592E"," ","S6357 - Woods Of Brushy Creek Sec 4","Real","$643,159","$643,159"
"R360974","R-16-5980-000B-0006","WANG, CHUN-HSIANG & CATHERINE CHANG","8600 BRYER CREEK TRL  AUSTIN, TX 78717","8600 BRYER CREEK TRL, AUSTIN, TX  78717","S6357 - Woods Of Brushy Creek Sec 4, BLOCK B, Lot 6","R230592E"," ","S6357 - Woods Of Brushy Creek Sec 4","Real","$542,926","$542,926"
"R360975","R-16-5980-000B-0007","GUIDRY, THOMAS","15811 CHATHAM WOOD DR AUSTIN, TX 78717-4860","15811 CHATHAM WOOD DR, AUSTIN, TX  78717","S6357 - Woods Of Brushy Creek Sec 4, BLOCK B, Lot 7","R230592E"," ","S6357 - Woods Of Brushy Creek Sec 4","Real","$569,809","$569,809"
"R360976","R-16-5980-000B-0008","HIGGINS, JASON E","15815 CHATHAM WOOD DR AUSTIN, TX 78717 4863","15815 CHATHAM WOOD DR, AUSTIN, TX  78717","S6357 - Woods Of Brushy Creek Sec 4, BLOCK B, Lot 8","R230592E"," ","S6357 - Woods Of Brushy Creek Sec 4","Real","$689,194","$689,194"
"R360977","R-16-5980-000B-0009","FRANK, THEODORE C & RITA JULIWARDANI TRUSTEES OF TFRJ TRUST","15817 CHATHAM WOOD DR  AUSTIN, TX 78717","15817 CHATHAM WOOD DR, AUSTIN, TX  78717","S6357 - Woods Of Brushy Creek Sec 4, BLOCK B, Lot 9","R230592E"," ","S6357 - Woods Of Brushy Creek Sec 4","Real","$506,877","$506,877"
"R382501","R-16-5982-000A-0002","DYSHLEVA, GANNA & IAN EKSNER","7802 MONONA AVE  AUSTIN, TX 78717","7802 MONONA AVE, AUSTIN, TX  78717","S6988 - Woods Of Brushy Creek Sec 6 Ph 2, BLOCK A, Lot 2","R230592E"," ","S6988 - Woods Of Brushy Creek Sec 6 Ph 2","Real","$610,643","$610,643"
"R382503","R-16-5982-000A-0003","KELLY, BRANDI A & SHAWN W","7800 MONONA AVE AUSTIN, TX 78717-5361","7800 MONONA AVE, AUSTIN, TX  78717","S6988 - Woods Of Brushy Creek Sec 6 Ph 2, BLOCK A, Lot 3","R230592E"," ","S6988 - Woods Of Brushy Creek Sec 6 Ph 2","Real","$528,674","$528,674"
"R382504","R-16-5982-000A-0004","MUSCATO, WILLIAM DONALD, Jr","7704 MONONA AVE AUSTIN, TX 78717-5364","7704 MONONA AVE, AUSTIN, TX  78717","S6988 - Woods Of Brushy Creek Sec 6 Ph 2, BLOCK A, Lot 4","R230592E"," ","S6988 - Woods Of Brushy Creek Sec 6 Ph 2","Real","$615,544","$615,544"
"R382505","R-16-5982-000A-0005","SILVA, CHAD & VANESSA","7702 MONONA AVE  AUSTIN, TX 78717","7702 MONONA AVE, AUSTIN, TX  78717","S6988 - Woods Of Brushy Creek Sec 6 Ph 2, BLOCK A, Lot 5","R230592E"," ","S6988 - Woods Of Brushy Creek Sec 6 Ph 2","Real","$524,029","$524,029"
"R382506","R-16-5982-000A-0006","LUKOSE, LILLY S & SAJIMON","7700 MONONA AVE  AUSTIN, TX 78717","7700 MONONA AVE, AUSTIN, TX  78717","S6988 - Woods Of Brushy Creek Sec 6 Ph 2, BLOCK A, Lot 6","R230592E"," ","S6988 - Woods Of Brushy Creek Sec 6 Ph 2","Real","$631,614","$631,614"
"R382507","R-16-5982-000A-0048","HABERKORN, KAREN A TR OF THE HABERKORN TRUST","C/O KAREN A HABERKORN PO BOX 5328 LANCASTER, CA 93939","15600 STAFFORDSHIRE LN, AUSTIN, TX  78717","S6988 - Woods Of Brushy Creek Sec 6 Ph 2, BLOCK A, Lot 48","R230592E"," ","S6988 - Woods Of Brushy Creek Sec 6 Ph 2","Real","$613,041","$613,041"
"R382508","R-16-5982-000C-0001","MURSHED, KHWAJA G","15861 GARRISON CIR AUSTIN, TX 78717-3053","15861 GARRISON CIR, AUSTIN, TX  78717","S6988 - Woods Of Brushy Creek Sec 6 Ph 2, BLOCK C, Lot 1","R230592E"," ","S6988 - Woods Of Brushy Creek Sec 6 Ph 2","Real","$620,008","$620,008"
"R382509","R-16-5982-000C-0002","RALLS, TRAVIS WAYNE & ANDREA","15859 GARRISON CIR  AUSTIN, TX 78717","15859 GARRISON CIR, AUSTIN, TX  78717","S6988 - Woods Of Brushy Creek Sec 6 Ph 2, BLOCK C, Lot 2","R230592E"," ","S6988 - Woods Of Brushy Creek Sec 6 Ph 2","Real","$591,828","$591,828"
"R382510","R-16-5982-000C-0003","MCCUNE, ANTOINETTE & JACOB","15857 GARRISON CIR  AUSTIN, TX 78717","15857 GARRISON CIR, AUSTIN, TX  78717","S6988 - Woods Of Brushy Creek Sec 6 Ph 2, BLOCK C, Lot 3","R230592E"," ","S6988 - Woods Of Brushy Creek Sec 6 Ph 2","Real","$527,125","$527,125"
"R382513","R-16-5982-000C-0006","BROWN WESLEY DEWAYNE (LE) & ELIZABETH BORDENAVE (LE)","15851 GARRISON CIR  AUSTIN, TX 78717","15851 GARRISON CIR, AUSTIN, TX  78717","S6988 - Woods Of Brushy Creek Sec 6 Ph 2, BLOCK C, Lot 6","R230592E"," ","S6988 - Woods Of Brushy Creek Sec 6 Ph 2","Real","$591,338","$591,338"
"R382514","R-16-5982-000C-0007","DENG, RUILI & RUHONG CAI","15849 GARRISON CIR AUSTIN, TX 78717-3053","15849 GARRISON CIR, AUSTIN, TX  78717","S6988 - Woods Of Brushy Creek Sec 6 Ph 2, BLOCK C, Lot 7","R230592E"," ","S6988 - Woods Of Brushy Creek Sec 6 Ph 2","Real","$615,533","$615,533"
"R382515","R-16-5982-000C-0008","HERNANDEZ, JAIME N & ANA M","15847 GARRISON CIR  AUSTIN, TX 78717","15847 GARRISON CIR, AUSTIN, TX  78717","S6988 - Woods Of Brushy Creek Sec 6 Ph 2, BLOCK C, Lot 8","R230592E"," ","S6988 - Woods Of Brushy Creek Sec 6 Ph 2","Real","$603,143","$603,143"
"R382516","R-16-5982-000C-0009","HEIZER, DAVID & SHANNON HAFTERSON","15845 GARRISON CIR  AUSTIN, TX 78717","15845 GARRISON CIR, AUSTIN, TX  78717","S6988 - Woods Of Brushy Creek Sec 6 Ph 2, BLOCK C, Lot 9","R230592E"," ","S6988 - Woods Of Brushy Creek Sec 6 Ph 2","Real","$569,195","$569,195"
"R382517","R-16-5982-000C-0010","DPP ANDERSON INC","8 GROVE CT  AUSTIN, TX 78746","15843 GARRISON CIR, AUSTIN, TX  78717","S6988 - Woods Of Brushy Creek Sec 6 Ph 2, BLOCK C, Lot 10","R230592E"," ","S6988 - Woods Of Brushy Creek Sec 6 Ph 2","Real","$611,679","$611,679"
"R382518","R-16-5982-000C-0011","KAMALANATHAN, GOPALAKRISHNAN & SANDHYA KOLLURU","15841 GARRISON CIR  AUSTIN, TX 78717","15841 GARRISON CIR, AUSTIN, TX  78717","S6988 - Woods Of Brushy Creek Sec 6 Ph 2, BLOCK C, Lot 11","R230592E"," ","S6988 - Woods Of Brushy Creek Sec 6 Ph 2","Real","$607,460","$607,460"
"R382519","R-16-5982-000C-0012","BULLOCK, JAMES O & MICHELLE V","15839 GARRISON CIR AUSTIN, TX 78717-3053","15839 GARRISON CIR, AUSTIN, TX  78717","S6988 - Woods Of Brushy Creek Sec 6 Ph 2, BLOCK C, Lot 12","R230592E"," ","S6988 - Woods Of Brushy Creek Sec 6 Ph 2","Real","$622,856","$622,856"
"R382520","R-16-5982-000C-0013","MENDOZA, ELISEO F & ANA LILIA OROZCO PEREZ","15837 GARRISON CIR  AUSTIN, TX 78717","15837 GARRISON CIR, AUSTIN, TX  78717","S6988 - Woods Of Brushy Creek Sec 6 Ph 2, BLOCK C, Lot 13","R230592E"," ","S6988 - Woods Of Brushy Creek Sec 6 Ph 2","Real","$556,978","$556,978"
"R382521","R-16-5982-000C-0014","MANSINGH, JAMES A & JACQUELYN","15835 GARRISON CIR  AUSTIN, TX 78717-3053","15835 GARRISON CIR, AUSTIN, TX  78717","S6988 - Woods Of Brushy Creek Sec 6 Ph 2, BLOCK C, Lot 14","R230592E"," ","S6988 - Woods Of Brushy Creek Sec 6 Ph 2","Real","$566,019","$566,019"
"R382522","R-16-5982-000C-0015","HICKS, PRISCILLA","15833 GARRISON CIR  AUSTIN, TX 78717","15833 GARRISON CIR, AUSTIN, TX  78717","S6988 - Woods Of Brushy Creek Sec 6 Ph 2, BLOCK C, Lot 15","R230592E"," ","S6988 - Woods Of Brushy Creek Sec 6 Ph 2","Real","$508,075","$508,075"
"R382523","R-16-5982-000C-0016","KUMAR, KAMLESH & ANSHOO SINGH","15831 GARRISON CIR  AUSTIN, TX 78717","15831 GARRISON CIR, AUSTIN, TX  78717","S6988 - Woods Of Brushy Creek Sec 6 Ph 2, BLOCK C, Lot 16","R230592E"," ","S6988 - Woods Of Brushy Creek Sec 6 Ph 2","Real","$609,294","$609,294"
"R382524","R-16-5982-000C-0017","TRAN, HOA & BUI","14833 IRONDALE DR AUSTIN, TX 78717-4585","15829 GARRISON CIR, AUSTIN, TX  78717","S6988 - Woods Of Brushy Creek Sec 6 Ph 2, BLOCK C, Lot 17","R230592E"," ","S6988 - Woods Of Brushy Creek Sec 6 Ph 2","Real","$542,326","$542,326"
"R382525","R-16-5982-000C-0018","GOODINE, KELLY M & KYOUNG JU PARK","15827 GARRISON CIR  AUSTIN, TX 78717","15827 GARRISON CIR, AUSTIN, TX  78717","S6988 - Woods Of Brushy Creek Sec 6 Ph 2, BLOCK C, Lot 18","R230592E"," ","S6988 - Woods Of Brushy Creek Sec 6 Ph 2","Real","$503,384","$503,384"
"R382526","R-16-5982-000C-0019","RANJAN, RAKESH & SHEFALI M JHA","15825 GARRISON CIR  AUSTIN, TX 78717","15825 GARRISON CIR, AUSTIN, TX  78717","S6988 - Woods Of Brushy Creek Sec 6 Ph 2, BLOCK C, Lot 19","R230592E"," ","S6988 - Woods Of Brushy Creek Sec 6 Ph 2","Real","$609,935","$609,935"
"R382527","R-16-5982-000C-0020","DJAJADI, ARY","9009 WILDWATER WAY  ROUND ROCK, TX 78681","15823 GARRISON CIR, AUSTIN, TX  78717","S6988 - Woods Of Brushy Creek Sec 6 Ph 2, BLOCK C, Lot 20","R230592E"," ","S6988 - Woods Of Brushy Creek Sec 6 Ph 2","Real","$496,278","$496,278"
"R382528","R-16-5982-000C-0021","STAINTON, BARBARA MCADA","15821 GARRISON CIR  AUSTIN, TX 78717-3053","15821 GARRISON CIR, AUSTIN, TX  78717","S6988 - Woods Of Brushy Creek Sec 6 Ph 2, BLOCK C, Lot 21","R230592E"," ","S6988 - Woods Of Brushy Creek Sec 6 Ph 2","Real","$534,615","$534,615"
"R382529","R-16-5982-000C-0022","TIAN, QINGHUA & LANCHUAN ZHOU","15819 GARRISON CIR  AUSTIN, TX 78717-3053","15819 GARRISON CIR, AUSTIN, TX  78717","S6988 - Woods Of Brushy Creek Sec 6 Ph 2, BLOCK C, Lot 22","R230592E"," ","S6988 - Woods Of Brushy Creek Sec 6 Ph 2","Real","$491,954","$491,954"
"R382530","R-16-5982-000C-0023","WEI, GUOHENG (TOD) & LINDA PAN (TOD)","15817 GARRISON CIR  AUSTIN, TX 78717","15817 GARRISON CIR, AUSTIN, TX  78717","S6988 - Woods Of Brushy Creek Sec 6 Ph 2, BLOCK C, Lot 23","R230592E"," ","S6988 - Woods Of Brushy Creek Sec 6 Ph 2","Real","$591,059","$591,059"
"R382531","R-16-5982-000C-0024","SERRANO, EDNI J DEL ROSAL","15815 GARRISON CIR  AUSTIN, TX 78717","15815 GARRISON CIR, AUSTIN, TX  78717","S6988 - Woods Of Brushy Creek Sec 6 Ph 2, BLOCK C, Lot 24","R230592E"," ","S6988 - Woods Of Brushy Creek Sec 6 Ph 2","Real","$643,648","$643,648"
"R382532","R-16-5982-000C-0025","WARNER, ANTHONY D (TOD) & TERESA D (TOD)","8002 WOODHALL CV  AUSTIN, TX 78717","8002 WOODHALL CV, AUSTIN, TX  78717","S6988 - Woods Of Brushy Creek Sec 6 Ph 2, BLOCK C, Lot 25","R230592E"," ","S6988 - Woods Of Brushy Creek Sec 6 Ph 2","Real","$830,831","$830,831"
"R382533","R-16-5982-000C-0026","PURINGTON, STEVE","8005 WOODHALL CV  AUSTIN, TX 78717","8005 WOODHALL CV, AUSTIN, TX  78717","S6988 - Woods Of Brushy Creek Sec 6 Ph 2, BLOCK C, Lot 26","R230592E"," ","S6988 - Woods Of Brushy Creek Sec 6 Ph 2","Real","$666,958","$666,958"
"R382536","R-16-5982-000C-0027","AGNEW, ROBIN","8003 WOODHALL CV  AUSTIN, TX 78717-3058","8003 WOODHALL CV, AUSTIN, TX  78717","S6988 - Woods Of Brushy Creek Sec 6 Ph 2, BLOCK C, Lot 27","R230592E"," ","S6988 - Woods Of Brushy Creek Sec 6 Ph 2","Real","$557,848","$557,848"
"R382537","R-16-5982-000C-0028","LI, YUXING & XIAOJIA MU","8001 WOODHALL CV  AUSTIN, TX 78717-3058","8001 WOODHALL CV, AUSTIN, TX  78717","S6988 - Woods Of Brushy Creek Sec 6 Ph 2, BLOCK C, Lot 28","R230592E"," ","S6988 - Woods Of Brushy Creek Sec 6 Ph 2","Real","$578,740","$578,740"
"R382538","R-16-5982-000C-0029","MICHAEL THOMAS MAYO & SARAH KATHREN MILLER TRS MILLER MAYO LIV TRUST","15805 GARRSION CIR  AUSTIN, TX 78717","15805 GARRISON CIR, AUSTIN, TX  78717","S6988 - Woods Of Brushy Creek Sec 6 Ph 2, BLOCK C, Lot 29","R230592E"," ","S6988 - Woods Of Brushy Creek Sec 6 Ph 2","Real","$766,164","$766,164"
"R382539","R-16-5982-000C-0030","PUROHIT, JUHI & AMBARISH VYAS","15803 GARRISON CIR  AUSTIN, TX 78717","15803 GARRISON CIR, AUSTIN, TX  78717","S6988 - Woods Of Brushy Creek Sec 6 Ph 2, BLOCK C, Lot 30","R230592E"," ","S6988 - Woods Of Brushy Creek Sec 6 Ph 2","Real","$678,990","$678,990"
"R382540","R-16-5982-000C-0031","LIU, ERIC & PING LAN","7611 MONONA AVE AUSTIN, TX 78717-5363","7611 MONONA AVE, AUSTIN, TX  78717","S6988 - Woods Of Brushy Creek Sec 6 Ph 2, BLOCK C, Lot 31","R230592E"," ","S6988 - Woods Of Brushy Creek Sec 6 Ph 2","Real","$605,089","$605,089"
"R382541","R-16-5982-000C-0032","SHARMA, MONAMI & MANISHA","3632 AQUAMARINE DR ROUND ROCK, TX 78681-2447","7609 MONONA AVE, AUSTIN, TX  78717","S6988 - Woods Of Brushy Creek Sec 6 Ph 2, BLOCK C, Lot 32","R230592E"," ","S6988 - Woods Of Brushy Creek Sec 6 Ph 2","Real","$553,889","$553,889"
"R382542","R-16-5982-000C-0033","LIAO, JIANXIN & JIE LI","7607 MONONA AVE AUSTIN, TX 78717-5363","7607 MONONA AVE, AUSTIN, TX  78717","S6988 - Woods Of Brushy Creek Sec 6 Ph 2, BLOCK C, Lot 33","R230592E"," ","S6988 - Woods Of Brushy Creek Sec 6 Ph 2","Real","$626,179","$626,179"
"R382543","R-16-5982-000C-0034","ZHAO, LI & XIAOWEI LI","10108 SWAN VALLEY LN  AUSTIN, TX 78759-3049","15702 FOXBORO CT, AUSTIN, TX  78717","S6988 - Woods Of Brushy Creek Sec 6 Ph 2, BLOCK C, Lot 34","R230592E"," ","S6988 - Woods Of Brushy Creek Sec 6 Ph 2","Real","$540,095","$540,095"
"R382544","R-16-5982-000C-0035","SHAH, PRANAV & KAMINI","15704 FOXBORO CT AUSTIN, TX 78717-3054","15704 FOXBORO CT, AUSTIN, TX  78717","S6988 - Woods Of Brushy Creek Sec 6 Ph 2, BLOCK C, Lot 35","R230592E"," ","S6988 - Woods Of Brushy Creek Sec 6 Ph 2","Real","$614,259","$614,259"
"R382545","R-16-5982-000C-0036","SIERRA-ORTEGA, ERIC & SIERRA, DAISY","15706 FOXBORO CT  AUSTIN, TX 78717","15706 FOXBORO CT, AUSTIN, TX  78717","S6988 - Woods Of Brushy Creek Sec 6 Ph 2, BLOCK C, Lot 36","R230592E"," ","S6988 - Woods Of Brushy Creek Sec 6 Ph 2","Real","$575,393","$575,393"
"R382546","R-16-5982-000C-0037","CHINTALAPALLY, RAGHAV & NAVYATHA JOGINPALLI","15708 FOXBORO CT  AUSTIN, TX 78717","15708 FOXBORO CT, AUSTIN, TX  78717","S6988 - Woods Of Brushy Creek Sec 6 Ph 2, BLOCK C, Lot 37","R230592E"," ","S6988 - Woods Of Brushy Creek Sec 6 Ph 2","Real","$815,180","$815,180"
"R382547","R-16-5982-000C-0038","KACHE, MONICA (LE)","15711 FOXBORO CT  AUSTIN, TX 78717","15711 FOXBORO CT, AUSTIN, TX  78717","S6988 - Woods Of Brushy Creek Sec 6 Ph 2, BLOCK C, Lot 38","R230592E"," ","S6988 - Woods Of Brushy Creek Sec 6 Ph 2","Real","$686,740","$686,740"
"R382548","R-16-5982-000C-0039","WOHN, JAMES","15709 FOXBORO CT  AUSTIN, TX 78717-3055","15709 FOXBORO CT, AUSTIN, TX  78717","S6988 - Woods Of Brushy Creek Sec 6 Ph 2, BLOCK C, Lot 39","R230592E"," ","S6988 - Woods Of Brushy Creek Sec 6 Ph 2","Real","$619,368","$619,368"
"R382549","R-16-5982-000C-0040","DYROFF, TERRENCE E & SONDRA Y","15707 FOXBORO CT AUSTIN, TX 78717-3055","15707 FOXBORO CT, AUSTIN, TX  78717","S6988 - Woods Of Brushy Creek Sec 6 Ph 2, BLOCK C, Lot 40","R230592E"," ","S6988 - Woods Of Brushy Creek Sec 6 Ph 2","Real","$529,848","$529,848"
"R382550","R-16-5982-000C-0041","WAGNER LINDA ANN & WAGNER NANCY ELLEN TRUSTEES OF THE LAW TRUST","15705 FOXBORO CT  AUSTIN, TX 78717","15705 FOXBORO CT, AUSTIN, TX  78717","S6988 - Woods Of Brushy Creek Sec 6 Ph 2, BLOCK C, Lot 41","R230592E"," ","S6988 - Woods Of Brushy Creek Sec 6 Ph 2","Real","$491,154","$491,154"
"R382551","R-16-5982-000C-0042","COLLIER, ROBERT W & NORMA J TRUSTEES OF ROBERT & NORMA COLLIER LIVING TRUST","15703 FOXBORO CT  AUSTIN, TX 78717","15703 FOXBORO CT, AUSTIN, TX  78717","S6988 - Woods Of Brushy Creek Sec 6 Ph 2, BLOCK C, Lot 42","R230592E"," ","S6988 - Woods Of Brushy Creek Sec 6 Ph 2","Real","$623,200","$623,200"
"R382552","R-16-5982-000C-0043","Unknown","Unknown","15701 FOXBORO CT, AUSTIN, TX  78717","S6988 - Woods Of Brushy Creek Sec 6 Ph 2, BLOCK C, Lot 43","R230592E"," ","S6988 - Woods Of Brushy Creek Sec 6 Ph 2","Real","$750,355","$750,355"
"R382553","R-16-5982-000C-0044","VUONG, TRACY","7603 MONONA AVE  AUSTIN, TX 78717","7603 MONONA AVE, AUSTIN, TX  78717","S6988 - Woods Of Brushy Creek Sec 6 Ph 2, BLOCK C, Lot 44","R230592E"," ","S6988 - Woods Of Brushy Creek Sec 6 Ph 2","Real","$627,085","$627,085"
"R382554","R-16-5982-000C-0045","WOODS OF BRUSHY CREEK HOMEOWNERS ASSOCIATION","C/O GOODWIN MANAGEMENT INC. PO BOX 203310 AUSTIN, TX 78720-3310","7601 MONONA AVE, AUSTIN, TX  78717","S6988 - Woods Of Brushy Creek Sec 6 Ph 2, BLOCK C, Lot 45, ACRES 0.14, (LANDSCAPE)","R230592E"," ","S6988 - Woods Of Brushy Creek Sec 6 Ph 2","Real","$300","$300"
"R382555","R-16-5982-000C-0049","BRUSHY CREEK MUD","16318 S GREAT OAKS DR ROUND ROCK, TX 78681-5685","15700 RR 620, AUSTIN, TX  78717","S6988 - Woods Of Brushy Creek Sec 6 Ph 2, BLOCK C, Lot 49 pt, ACRES 1.8966, (DETENTION POND)","R230592E"," ","S6988 - Woods Of Brushy Creek Sec 6 Ph 2","Real","$569","$569"
"R382557","R-16-5982-000D-0003","XUE, ZHIJIAN & DAN ZHANG","10961 NE 2ND PL APT 707 BELLEVUE, WA 98004-5193","15601 STAFFORDSHIRE LN, AUSTIN, TX  78717","S6988 - Woods Of Brushy Creek Sec 6 Ph 2, BLOCK D, Lot 3","R230592E"," ","S6988 - Woods Of Brushy Creek Sec 6 Ph 2","Real","$565,047","$565,047"
"R382558","R-16-5982-000D-0004","MCDERMOTT, STEPHEN V & TWYLA A","7604 MONONA AVE AUSTIN, TX 78717-5362","7604 MONONA AVE, AUSTIN, TX  78717","S6988 - Woods Of Brushy Creek Sec 6 Ph 2, BLOCK D, Lot 4","R230592E"," ","S6988 - Woods Of Brushy Creek Sec 6 Ph 2","Real","$508,100","$508,100"
"R382559","R-16-5982-000D-0005","KINSEY, KRISTEN H & BENJAMIN M","7606 MONONA AVE  AUSTIN, TX 78717","7606 MONONA AVE, AUSTIN, TX  78717","S6988 - Woods Of Brushy Creek Sec 6 Ph 2, BLOCK D, Lot 5","R230592E"," ","S6988 - Woods Of Brushy Creek Sec 6 Ph 2","Real","$526,786","$526,786"
"R382560","R-16-5982-000D-0006","KUO, JEN-HUNG","7608 MONONA AVE AUSTIN, TX 78717-5362","7608 MONONA AVE, AUSTIN, TX  78717","S6988 - Woods Of Brushy Creek Sec 6 Ph 2, BLOCK D, Lot 6","R230592E"," ","S6988 - Woods Of Brushy Creek Sec 6 Ph 2","Real","$527,826","$527,826"
"R382561","R-16-5982-000D-0007","NAM, SANG CHOON","7610 MONONA AVE  AUSTIN, TX 78717","7610 MONONA AVE, AUSTIN, TX  78717","S6988 - Woods Of Brushy Creek Sec 6 Ph 2, BLOCK D, Lot 7","R230592E"," ","S6988 - Woods Of Brushy Creek Sec 6 Ph 2","Real","$622,071","$622,071"
"R382562","R-16-5982-000E-0001","LI, YI & XUEING WANG","9612 CRENATA CV  AUSTIN, TX 78759-6264","15800 GARRISON CIR, AUSTIN, TX  78717","S6988 - Woods Of Brushy Creek Sec 6 Ph 2, BLOCK E, Lot 1","R230592E"," ","S6988 - Woods Of Brushy Creek Sec 6 Ph 2","Real","$472,449","$472,449"
"R382563","R-16-5982-000E-0002","KHANDELWAL, PANKAJ & BHAVNA TRUST","6272 LILIAN WAY  SAN JOSE, CA 95120-1814","15802 GARRISON CIR, AUSTIN, TX  78717","S6988 - Woods Of Brushy Creek Sec 6 Ph 2, BLOCK E, Lot 2","R230592E"," ","S6988 - Woods Of Brushy Creek Sec 6 Ph 2","Real","$512,360","$512,360"
"R382564","R-16-5982-000E-0003","SY TRAN & LYNN DINH TRS OF THE TRAN DINH FAMILY TRUST","15804 GARRISON CIR  AUSTIN, TX 78717-3005","15804 GARRISON CIR, AUSTIN, TX  78717","S6988 - Woods Of Brushy Creek Sec 6 Ph 2, BLOCK E, Lot 3","R230592E"," ","S6988 - Woods Of Brushy Creek Sec 6 Ph 2","Real","$767,028","$767,028"
"R382565","R-16-5982-000E-0004","TOBIN, YOHAI & BAT CHEN","15806 GARRISON CIR  AUSTIN, TX 78717-3005","15806 GARRISON CIR, AUSTIN, TX  78717","S6988 - Woods Of Brushy Creek Sec 6 Ph 2, BLOCK E, Lot 4","R230592E"," ","S6988 - Woods Of Brushy Creek Sec 6 Ph 2","Real","$645,538","$645,538"
"R382566","R-16-5982-000E-0005","PARKER, PHILIP N & TRACI C","15808 GARRISON CIR AUSTIN, TX 78717-3005","15808 GARRISON CIR, AUSTIN, TX  78717","S6988 - Woods Of Brushy Creek Sec 6 Ph 2, BLOCK E, Lot 5","R230592E"," ","S6988 - Woods Of Brushy Creek Sec 6 Ph 2","Real","$482,257","$482,257"
"R382567","R-16-5982-000E-0006","WILLIAMS, SUZANNE","437 DOE RUN  GEORGETOWN, TX 78628","15810 GARRISON CIR, AUSTIN, TX  78717","S6988 - Woods Of Brushy Creek Sec 6 Ph 2, BLOCK E, Lot 6","R230592E"," ","S6988 - Woods Of Brushy Creek Sec 6 Ph 2","Real","$636,315","$636,315"
"R382568","R-16-5982-000E-0007","SHARMA, KUKOO & SUNITA","15812 GARRISON CIR AUSTIN, TX 78717-3005","15812 GARRISON CIR, AUSTIN, TX  78717","S6988 - Woods Of Brushy Creek Sec 6 Ph 2, BLOCK E, Lot 7","R230592E"," ","S6988 - Woods Of Brushy Creek Sec 6 Ph 2","Real","$769,571","$769,571"
"R382569","R-16-5982-000E-0008","REDDY, PEECH S & SHIRISHA","15814 GARRISON CIR AUSTIN, TX 78717-3005","15814 GARRISON CIR, AUSTIN, TX  78717","S6988 - Woods Of Brushy Creek Sec 6 Ph 2, BLOCK E, Lot 8","R230592E"," ","S6988 - Woods Of Brushy Creek Sec 6 Ph 2","Real","$649,372","$649,372"
"R382570","R-16-5982-000E-0009","LEWIS, CHARLES J & CHANDRA A","15816 GARRISON CIR AUSTIN, TX 78717-3005","15816 GARRISON CIR, AUSTIN, TX  78717","S6988 - Woods Of Brushy Creek Sec 6 Ph 2, BLOCK E, Lot 9","R230592E"," ","S6988 - Woods Of Brushy Creek Sec 6 Ph 2","Real","$764,217","$764,217"
"R382571","R-16-5982-000E-0010","CREASEY, MICHELLE & BRAD A JAMES","15818 GARRISON CIR AUSTIN, TX 78717-3005","15818 GARRISON CIR, AUSTIN, TX  78717","S6988 - Woods Of Brushy Creek Sec 6 Ph 2, BLOCK E, Lot 10","R230592E"," ","S6988 - Woods Of Brushy Creek Sec 6 Ph 2","Real","$538,027","$538,027"
"R382572","R-16-5982-000E-0011","BETTS, SHERRY M","15822 GARRISON CIR  AUSTIN, TX 78717","15822 GARRISON CIR, AUSTIN, TX  78717","S6988 - Woods Of Brushy Creek Sec 6 Ph 2, BLOCK E, Lot 11","R230592E"," ","S6988 - Woods Of Brushy Creek Sec 6 Ph 2","Real","$445,557","$445,557"
"R382573","R-16-5982-000E-0012","PEE, JAE HOON & MIN KYUNG KIM","15824 GARRISON CIR  AUSTIN, TX 78717","15824 GARRISON CIR, AUSTIN, TX  78717","S6988 - Woods Of Brushy Creek Sec 6 Ph 2, BLOCK E, Lot 12","R230592E"," ","S6988 - Woods Of Brushy Creek Sec 6 Ph 2","Real","$569,404","$569,404"
"R382574","R-16-5982-000E-0013","COALSON, BRETT W & PHYLLIS D","15826 GARRISON CIR AUSTIN, TX 78717-3005","15826 GARRISON CIR, AUSTIN, TX  78717","S6988 - Woods Of Brushy Creek Sec 6 Ph 2, BLOCK E, Lot 13","R230592E"," ","S6988 - Woods Of Brushy Creek Sec 6 Ph 2","Real","$766,391","$766,391"
"R382575","R-16-5982-000E-0014","MESSER, RICHARD & RAMONA","15828 GARRISON CIR  AUSTIN, TX 78717","15828 GARRISON CIR, AUSTIN, TX  78717","S6988 - Woods Of Brushy Creek Sec 6 Ph 2, BLOCK E, Lot 14","R230592E"," ","S6988 - Woods Of Brushy Creek Sec 6 Ph 2","Real","$582,793","$582,793"
"R382576","R-16-5982-000E-0015","MATHEW, LEO & MINI","15844 GARRISON CIR AUSTIN, TX 78717-3005","15844 GARRISON CIR, AUSTIN, TX  78717","S6988 - Woods Of Brushy Creek Sec 6 Ph 2, BLOCK E, Lot 15","R230592E"," ","S6988 - Woods Of Brushy Creek Sec 6 Ph 2","Real","$460,504","$460,504"
"R382577","R-16-5982-000E-0016","NGUYEN, QUYEN (TOD) & HAO B TRAN (TOD)","15846 GARRISON CIR  AUSTIN, TX 78717","15846 GARRISON CIR, AUSTIN, TX  78717","S6988 - Woods Of Brushy Creek Sec 6 Ph 2, BLOCK E, Lot 16","R230592E"," ","S6988 - Woods Of Brushy Creek Sec 6 Ph 2","Real","$599,383","$599,383"
"R382578","R-16-5982-000E-0017","WEI, HAINING","11730 RASTELLO LN  RICHMOND, TX 77406-4661","15848 GARRISON CIR, AUSTIN, TX  78717","S6988 - Woods Of Brushy Creek Sec 6 Ph 2, BLOCK E, Lot 17","R230592E"," ","S6988 - Woods Of Brushy Creek Sec 6 Ph 2","Real","$517,295","$517,295"
"R382579","R-16-5982-000E-0018","ZHU, FEIQI & WEN CUI","15850 GARRISON CIR AUSTIN, TX 78717-3005","15850 GARRISON CIR, AUSTIN, TX  78717","S6988 - Woods Of Brushy Creek Sec 6 Ph 2, BLOCK E, Lot 18","R230592E"," ","S6988 - Woods Of Brushy Creek Sec 6 Ph 2","Real","$582,194","$582,194"
"R382580","R-16-5982-000E-0019","SHYR, LANCE & LIPING WANG","15852 GARRISON CIR  AUSTIN, TX 78717","15852 GARRISON CIR, AUSTIN, TX  78717","S6988 - Woods Of Brushy Creek Sec 6 Ph 2, BLOCK E, Lot 19","R230592E"," ","S6988 - Woods Of Brushy Creek Sec 6 Ph 2","Real","$605,155","$605,155"
"R382581","R-16-5982-000E-0020","BENYOUSSEF, SAID & SONJA","15854 GARRISON CIR  AUSTIN, TX 78717","15854 GARRISON CIR, AUSTIN, TX  78717","S6988 - Woods Of Brushy Creek Sec 6 Ph 2, BLOCK E, Lot 20","R230592E"," ","S6988 - Woods Of Brushy Creek Sec 6 Ph 2","Real","$614,213","$614,213"
"R382582","R-16-5982-000E-0021","KIM, STEVE J","19312 BURROWBRIDGE RD  PFLUGERVILLE, TX 78660-4537","15856 GARRISON CIR, AUSTIN, TX  78717","S6988 - Woods Of Brushy Creek Sec 6 Ph 2, BLOCK E, Lot 21","R230592E"," ","S6988 - Woods Of Brushy Creek Sec 6 Ph 2","Real","$444,269","$444,269"
"R382583","R-16-5982-000E-0022","JOSEPH, RAVINDER & JULIA R TRUSTEES OF THE JOSEPH FAMILY TRUST","7803 MONONA AVE  AUSTIN, TX 78717","7803 MONONA AVE, AUSTIN, TX  78717","S6988 - Woods Of Brushy Creek Sec 6 Ph 2, BLOCK E, Lot 22","R230592E"," ","S6988 - Woods Of Brushy Creek Sec 6 Ph 2","Real","$620,797","$620,797"
"R382584","R-16-5982-000E-0023","GARCIA, MANUEL M & MIRTHA D","7801 MONONA AVE AUSTIN, TX 78717-5360","7801 MONONA AVE, AUSTIN, TX  78717","S6988 - Woods Of Brushy Creek Sec 6 Ph 2, BLOCK E, Lot 23","R230592E"," ","S6988 - Woods Of Brushy Creek Sec 6 Ph 2","Real","$583,228","$583,228"
"R382585","R-16-5982-000E-0024","JONNA STANWORTH & MARC STANWORTH & DANIEL STANWORTH TRS JONNA STANWORTH TRUST","1868 E 10225 S SANDY, UT 84092-3963","7703 MONONA AVE, AUSTIN, TX  78717","S6988 - Woods Of Brushy Creek Sec 6 Ph 2, BLOCK E, Lot 24","R230592E"," ","S6988 - Woods Of Brushy Creek Sec 6 Ph 2","Real","$536,428","$536,428"
"R382668","R-16-5983-000A-0001","GANS RENTAL PROPERTIES LLC","606 RAGING RIVER RD CEDAR PARK, TX 78613","7804 MONONA AVE, AUSTIN, TX  78717","S6987 - Woods Of Brushy Creek Sec 6 Ph 3, BLOCK A, Lot 1","R230592E"," ","S6987 - Woods Of Brushy Creek Sec 6 Ph 3","Real","$594,957","$594,957"
"R382669","R-16-5983-000A-0007","SKAARUP, TANYA LYNN","15832 HAMDEN CIR  AUSTIN, TX 78717","15832 HAMDEN CIR, AUSTIN, TX  78717","S6987 - Woods Of Brushy Creek Sec 6 Ph 3, BLOCK A, Lot 7","R230592E"," ","S6987 - Woods Of Brushy Creek Sec 6 Ph 3","Real","$674,562","$674,562"
"R382670","R-16-5983-000A-0008","MCVEY, STEVEN RAY & MARGARET E","15830 HAMDEN CIR AUSTIN, TX 78717-5370","15830 HAMDEN CIR, AUSTIN, TX  78717","S6987 - Woods Of Brushy Creek Sec 6 Ph 3, BLOCK A, Lot 8","R230592E"," ","S6987 - Woods Of Brushy Creek Sec 6 Ph 3","Real","$534,371","$534,371"
"R382671","R-16-5983-000A-0009","MONCEAUX, LUANNE M & RONALD G","15828 HAMDEN CIR  AUSTIN, TX 78717","15828 HAMDEN CIR, AUSTIN, TX  78717","S6987 - Woods Of Brushy Creek Sec 6 Ph 3, BLOCK A, Lot 9","R230592E"," ","S6987 - Woods Of Brushy Creek Sec 6 Ph 3","Real","$520,723","$520,723"
"R382672","R-16-5983-000A-0010","SRINIVASAN, VISWANATHAN TIRUCHINDURAI & LAKSHMI VISWANATHAN","15826 HAMDEN CIR  AUSTIN, TX 78717","15826 HAMDEN CIR, AUSTIN, TX  78717","S6987 - Woods Of Brushy Creek Sec 6 Ph 3, BLOCK A, Lot 10","R230592E"," ","S6987 - Woods Of Brushy Creek Sec 6 Ph 3","Real","$574,305","$574,305"
"R382673","R-16-5983-000A-0011","ZHANG, KEQIANG & WEN","2213 HIGH LONESOME LEANDER, TX 78641-3296","15824 HAMDEN CIR, AUSTIN, TX  78717","S6987 - Woods Of Brushy Creek Sec 6 Ph 3, BLOCK A, Lot 11","R230592E"," ","S6987 - Woods Of Brushy Creek Sec 6 Ph 3","Real","$576,461","$576,461"
"R382674","R-16-5983-000A-0012","ONTRACK AUSTIN LLC","8903 MARYBANK DR  AUSTIN, TX 78750-3569","15822 HAMDEN CIR, AUSTIN, TX  78717","S6987 - Woods Of Brushy Creek Sec 6 Ph 3, BLOCK A, Lot 12","R230592E"," ","S6987 - Woods Of Brushy Creek Sec 6 Ph 3","Real","$546,218","$546,218"
"R382675","R-16-5983-000A-0013","RAMAKRISHNAN, KRISHNAMURTHY & SHUBA KRISHNAMURTHY","15820 HAMDEN CIR  AUSTIN, TX 78717","15820 HAMDEN CIR, AUSTIN, TX  78717","S6987 - Woods Of Brushy Creek Sec 6 Ph 3, BLOCK A, Lot 13","R230592E"," ","S6987 - Woods Of Brushy Creek Sec 6 Ph 3","Real","$554,703","$554,703"
"R382676","R-16-5983-000A-0014","WANG, HOUXIANG & CAO YANLI","409 AUTUMN BEND LN CEDAR PARK, TX 78613-4142","15818 HAMDEN CIR, AUSTIN, TX  78717","S6987 - Woods Of Brushy Creek Sec 6 Ph 3, BLOCK A, Lot 14","R230592E"," ","S6987 - Woods Of Brushy Creek Sec 6 Ph 3","Real","$453,362","$453,362"
"R382677","R-16-5983-000A-0015","SCHLAMP, MICHAEL D & NADINE Y","15816 HAMDEN CIR AUSTIN, TX 78717-5370","15816 HAMDEN CIR, AUSTIN, TX  78717","S6987 - Woods Of Brushy Creek Sec 6 Ph 3, BLOCK A, Lot 15","R230592E"," ","S6987 - Woods Of Brushy Creek Sec 6 Ph 3","Real","$619,709","$619,709"
"R382678","R-16-5983-000A-0016","NICHOLS, DELANOR W & SUTTON C, Jr","15814 HAMDEN CIR  AUSTIN, TX 78717","15814 HAMDEN CIR, AUSTIN, TX  78717","S6987 - Woods Of Brushy Creek Sec 6 Ph 3, BLOCK A, Lot 16","R230592E"," ","S6987 - Woods Of Brushy Creek Sec 6 Ph 3","Real","$507,998","$507,998"
"R382679","R-16-5983-000A-0017","GUPTA, AVINASH & SWAROOP","15812 HAMDEN CIR AUSTIN, TX 78717-5370","15812 HAMDEN CIR, AUSTIN, TX  78717","S6987 - Woods Of Brushy Creek Sec 6 Ph 3, BLOCK A, Lot 17","R230592E"," ","S6987 - Woods Of Brushy Creek Sec 6 Ph 3","Real","$750,509","$750,509"
"R382680","R-16-5983-000A-0018","ZEITLIN, MITCHELL","15810 HAMDEN CIR  AUSTIN, TX 78717","15810 HAMDEN CIR, AUSTIN, TX  78717","S6987 - Woods Of Brushy Creek Sec 6 Ph 3, BLOCK A, Lot 18","R230592E"," ","S6987 - Woods Of Brushy Creek Sec 6 Ph 3","Real","$612,807","$612,807"
"R382681","R-16-5983-000A-0019","LU, KUANYING & OLIVIA LI","5017 CORDELLO CT LEANDER, TX 78641-5988","15808 HAMDEN CIR, AUSTIN, TX  78717","S6987 - Woods Of Brushy Creek Sec 6 Ph 3, BLOCK A, Lot 19","R230592E"," ","S6987 - Woods Of Brushy Creek Sec 6 Ph 3","Real","$652,848","$652,848"
"R382682","R-16-5983-000A-0020","RILEY, TERRA M","15806 HAMDEN CIR  AUSTIN, TX 78717","15806 HAMDEN CIR, AUSTIN, TX  78717","S6987 - Woods Of Brushy Creek Sec 6 Ph 3, BLOCK A, Lot 20","R230592E"," ","S6987 - Woods Of Brushy Creek Sec 6 Ph 3","Real","$657,380","$657,380"
"R382683","R-16-5983-000A-0021","CARLEY, LAWANDA R","15804 HAMDEN CIR  AUSTIN, TX 78717","15804 HAMDEN CIR, AUSTIN, TX  78717","S6987 - Woods Of Brushy Creek Sec 6 Ph 3, BLOCK A, Lot 21","R230592E"," ","S6987 - Woods Of Brushy Creek Sec 6 Ph 3","Real","$535,282","$535,282"
"R382684","R-16-5983-000A-0022","BOLGER, MICHAEL & ROSA","15802 HAMDEN CIR AUSTIN, TX 78717-5370","15802 HAMDEN CIR, AUSTIN, TX  78717","S6987 - Woods Of Brushy Creek Sec 6 Ph 3, BLOCK A, Lot 22","R230592E"," ","S6987 - Woods Of Brushy Creek Sec 6 Ph 3","Real","$817,575","$817,575"
"R382685","R-16-5983-000A-0023","SATSANGI, MANU & MONIKA","15800 HAMDEN CIR  AUSTIN, TX 78717","15800 HAMDEN CIR, AUSTIN, TX  78717","S6987 - Woods Of Brushy Creek Sec 6 Ph 3, BLOCK A, Lot 23","R230592E"," ","S6987 - Woods Of Brushy Creek Sec 6 Ph 3","Real","$454,650","$454,650"
"R382686","R-16-5983-000A-0024","ADI, YUVAL","15730 HAMDEN CIR  AUSTIN, TX 78717","15730 HAMDEN CIR, AUSTIN, TX  78717","S6987 - Woods Of Brushy Creek Sec 6 Ph 3, BLOCK A, Lot 24","R230592E"," ","S6987 - Woods Of Brushy Creek Sec 6 Ph 3","Real","$572,846","$572,846"
"R382687","R-16-5983-000A-0025","PRUNEDA, NOE G & CONNIE L","15728 HAMDEN CIR AUSTIN, TX 78717-5368","15728 HAMDEN CIR, AUSTIN, TX  78717","S6987 - Woods Of Brushy Creek Sec 6 Ph 3, BLOCK A, Lot 25","R230592E"," ","S6987 - Woods Of Brushy Creek Sec 6 Ph 3","Real","$612,401","$612,401"
"R382688","R-16-5983-000A-0026","SUDDERTH, SCOTT","15726 HAMDEN CIR  AUSTIN, TX 78717","15726 HAMDEN CIR, AUSTIN, TX  78717","S6987 - Woods Of Brushy Creek Sec 6 Ph 3, BLOCK A, Lot 26","R230592E"," ","S6987 - Woods Of Brushy Creek Sec 6 Ph 3","Real","$590,156","$590,156"
"R382689","R-16-5983-000A-0027","KHAN, IQBAL & REHANA","4325 WESTINO WAY  LEANDER, TX 78641-3744","15724 HAMDEN CIR, AUSTIN, TX  78717","S6987 - Woods Of Brushy Creek Sec 6 Ph 3, BLOCK A, Lot 27","R230592E"," ","S6987 - Woods Of Brushy Creek Sec 6 Ph 3","Real","$600,592","$600,592"
"R382690","R-16-5983-000A-0028","BUI, THUY & TYLYNCH LAI","15722 HAMDEN CIR AUSTIN, TX 78717-5368","15722 HAMDEN CIR, AUSTIN, TX  78717","S6987 - Woods Of Brushy Creek Sec 6 Ph 3, BLOCK A, Lot 28","R230592E"," ","S6987 - Woods Of Brushy Creek Sec 6 Ph 3","Real","$525,268","$525,268"
"R382691","R-16-5983-000A-0029","WEI, CHUNYAN & JIAQING LU","11704 SWITCHGRASS CV AUSTIN, TX 78750-3636","15720 HAMDEN CIR, AUSTIN, TX  78717","S6987 - Woods Of Brushy Creek Sec 6 Ph 3, BLOCK A, Lot 29","R230592E"," ","S6987 - Woods Of Brushy Creek Sec 6 Ph 3","Real","$580,862","$580,862"
"R382692","R-16-5983-000A-0030","MCMAHON, TIMOTHY M & CATHERINE J","15718 HAMDEN CIR  AUSTIN, TX 78717","15718 HAMDEN CIR, AUSTIN, TX  78717","S6987 - Woods Of Brushy Creek Sec 6 Ph 3, BLOCK A, Lot 30","R230592E"," ","S6987 - Woods Of Brushy Creek Sec 6 Ph 3","Real","$524,588","$524,588"
"R382693","R-16-5983-000A-0031","FORD, THOMAS LUKE","15716 HAMDEN CIR AUSTIN, TX 78717-5368","15716 HAMDEN CIR, AUSTIN, TX  78717","S6987 - Woods Of Brushy Creek Sec 6 Ph 3, BLOCK A, Lot 31","R230592E"," ","S6987 - Woods Of Brushy Creek Sec 6 Ph 3","Real","$684,781","$684,781"
"R382694","R-16-5983-000A-0032","WALDORF, RICHARD & LOURDES","15714 HAMDEN CIR AUSTIN, TX 78717-5368","15714 HAMDEN CIR, AUSTIN, TX  78717","S6987 - Woods Of Brushy Creek Sec 6 Ph 3, BLOCK A, Lot 32","R230592E"," ","S6987 - Woods Of Brushy Creek Sec 6 Ph 3","Real","$841,443","$841,443"
"R382695","R-16-5983-000A-0033","UMOH, AKANINYENE J & CINDY S","15712 HAMDEN CIR  AUSTIN, TX 78717","15712 HAMDEN CIR, AUSTIN, TX  78717","S6987 - Woods Of Brushy Creek Sec 6 Ph 3, BLOCK A, Lot 33","R230592E"," ","S6987 - Woods Of Brushy Creek Sec 6 Ph 3","Real","$570,206","$570,206"
"R382696","R-16-5983-000A-0034","WANG, DAKAN","15710 HAMDEN CIR  AUSTIN, TX 78717","15710 HAMDEN CIR, AUSTIN, TX  78717","S6987 - Woods Of Brushy Creek Sec 6 Ph 3, BLOCK A, Lot 34","R230592E"," ","S6987 - Woods Of Brushy Creek Sec 6 Ph 3","Real","$538,672","$538,672"
"R382697","R-16-5983-000A-0035","UTIGARD, BENJAMIN & CASSIE MEYER","15708 HAMDEN CIR  AUSTIN, TX 78717","15708 HAMDEN CIR, AUSTIN, TX  78717","S6987 - Woods Of Brushy Creek Sec 6 Ph 3, BLOCK A, Lot 35","R230592E"," ","S6987 - Woods Of Brushy Creek Sec 6 Ph 3","Real","$655,078","$655,078"
"R382698","R-16-5983-000A-0036","COLVIN, ANTHONY & KAREN","15706 HAMDEN CIR AUSTIN, TX 78717-5368","15706 HAMDEN CIR, AUSTIN, TX  78717","S6987 - Woods Of Brushy Creek Sec 6 Ph 3, BLOCK A, Lot 36","R230592E"," ","S6987 - Woods Of Brushy Creek Sec 6 Ph 3","Real","$603,974","$603,974"
"R382699","R-16-5983-000A-0037","DAVIDA, NOAM & MORAN","15622 STAFFORDSHIRE LN  AUSTIN, TX 78717-3056","15622 STAFFORDSHIRE LN, AUSTIN, TX  78717","S6987 - Woods Of Brushy Creek Sec 6 Ph 3, BLOCK A, Lot 37","R230592E"," ","S6987 - Woods Of Brushy Creek Sec 6 Ph 3","Real","$659,274","$659,274"
"R382700","R-16-5983-000A-0038","WILLIAMS, NORWOOD & MONICA","15620 STAFFORDSHIRE LN  AUSTIN, TX 78717","15620 STAFFORDSHIRE LN, AUSTIN, TX  78717","S6987 - Woods Of Brushy Creek Sec 6 Ph 3, BLOCK A, Lot 38","R230592E"," ","S6987 - Woods Of Brushy Creek Sec 6 Ph 3","Real","$603,913","$603,913"
"R382701","R-16-5983-000A-0039","LEVERING, LEANN R","15618 STAFFORDSHIRE LN  AUSTIN, TX 78717-3056","15618 STAFFORDSHIRE LN, AUSTIN, TX  78717","S6987 - Woods Of Brushy Creek Sec 6 Ph 3, BLOCK A, Lot 39","R230592E"," ","S6987 - Woods Of Brushy Creek Sec 6 Ph 3","Real","$585,094","$585,094"
"R382702","R-16-5983-000A-0040","AHMED, SUHAIL","15616 STAFFORDSHIRE LN AUSTIN, TX 78717-3056","15616 STAFFORDSHIRE LN, AUSTIN, TX  78717","S6987 - Woods Of Brushy Creek Sec 6 Ph 3, BLOCK A, Lot 40","R230592E"," ","S6987 - Woods Of Brushy Creek Sec 6 Ph 3","Real","$605,705","$605,705"
"R382703","R-16-5983-000A-0041","SABETI, ELYAS & SHABNAM BADRI FARIMAN","15614 STAFFORDSHIRE LN  AUSTIN, TX 78717-3056","15614 STAFFORDSHIRE LN, AUSTIN, TX  78717","S6987 - Woods Of Brushy Creek Sec 6 Ph 3, BLOCK A, Lot 41","R230592E"," ","S6987 - Woods Of Brushy Creek Sec 6 Ph 3","Real","$659,952","$659,952"
"R382704","R-16-5983-000A-0042","MOTT, PERRY JAMES & CONNIE SANSOM MOTT","15612 STAFFORDSHIRE LN AUSTIN, TX 78717-3056","15612 STAFFORDSHIRE LN, AUSTIN, TX  78717","S6987 - Woods Of Brushy Creek Sec 6 Ph 3, BLOCK A, Lot 42","R230592E"," ","S6987 - Woods Of Brushy Creek Sec 6 Ph 3","Real","$669,939","$669,939"
"R382705","R-16-5983-000A-0043","LOITZ, DEAN JAMES & WHITNEY JUNG","15610 STAFFORDSHIRE LN AUSTIN, TX 78717-3056","15610 STAFFORDSHIRE LN, AUSTIN, TX  78717","S6987 - Woods Of Brushy Creek Sec 6 Ph 3, BLOCK A, Lot 43","R230592E"," ","S6987 - Woods Of Brushy Creek Sec 6 Ph 3","Real","$814,882","$814,882"
"R382706","R-16-5983-000A-0044","SUBRAMANIAN, JAGADISH K & HEENA SHAH","15608 STAFFORDSHIRE LN  AUSTIN, TX 78717","15608 STAFFORDSHIRE LN, AUSTIN, TX  78717","S6987 - Woods Of Brushy Creek Sec 6 Ph 3, BLOCK A, Lot 44","R230592E"," ","S6987 - Woods Of Brushy Creek Sec 6 Ph 3","Real","$581,866","$581,866"
"R382707","R-16-5983-000A-0045","TAYLOR, NINA A","15606 STAFFORDSHIRE LN  AUSTIN, TX 78717-3056","15606 STAFFORDSHIRE LN, AUSTIN, TX  78717","S6987 - Woods Of Brushy Creek Sec 6 Ph 3, BLOCK A, Lot 45","R230592E"," ","S6987 - Woods Of Brushy Creek Sec 6 Ph 3","Real","$750,452","$750,452"
"R382708","R-16-5983-000A-0046","KIM, DAE IN & JI YOUNG","15604 STAFFORDSHIRE LN  AUSTIN, TX 78717","15604 STAFFORDSHIRE LN, AUSTIN, TX  78717","S6987 - Woods Of Brushy Creek Sec 6 Ph 3, BLOCK A, Lot 46","R230592E"," ","S6987 - Woods Of Brushy Creek Sec 6 Ph 3","Real","$589,264","$589,264"
"R382709","R-16-5983-000A-0047","BUSS, HEATHER LYNN & ANTHONY RANDALL","15602 STAFFORDSHIRE LN  AUSTIN, TX 78717","15602 STAFFORDSHIRE LN, AUSTIN, TX  78717","S6987 - Woods Of Brushy Creek Sec 6 Ph 3, BLOCK A, Lot 47","R230592E"," ","S6987 - Woods Of Brushy Creek Sec 6 Ph 3","Real","$745,985","$815,141"
"R382710","R-16-5983-000B-0001","TSAI, CHIA LING JENNIFER","15831 HAMDEN CIR  AUSTIN, TX 78717","15831 HAMDEN CIR, AUSTIN, TX  78717","S6987 - Woods Of Brushy Creek Sec 6 Ph 3, BLOCK B, Lot 1","R230592E"," ","S6987 - Woods Of Brushy Creek Sec 6 Ph 3","Real","$658,940","$658,940"
"R382711","R-16-5983-000B-0002","MANEGA, FLORENCE","15827 HAMDEN CIR  AUSTIN, TX 78717","15827 HAMDEN CIR, AUSTIN, TX  78717","S6987 - Woods Of Brushy Creek Sec 6 Ph 3, BLOCK B, Lot 2","R230592E"," ","S6987 - Woods Of Brushy Creek Sec 6 Ph 3","Real","$691,771","$691,771"
"R382712","R-16-5983-000B-0003","SALIHI, WAHAB (TOD) & NISREEN (TOD) ALJAAF","15823 HAMDEN CIR  AUSTIN, TX 78750","15823 HAMDEN CIR, AUSTIN, TX  78717","S6987 - Woods Of Brushy Creek Sec 6 Ph 3, BLOCK B, Lot 3","R230592E"," ","S6987 - Woods Of Brushy Creek Sec 6 Ph 3","Real","$672,184","$672,184"
"R382713","R-16-5983-000B-0004","JOHNSON, DANIEL M","15821 HAMDEN CIR  AUSTIN, TX 78717","15821 HAMDEN CIR, AUSTIN, TX  78717","S6987 - Woods Of Brushy Creek Sec 6 Ph 3, BLOCK B, Lot 4","R230592E"," ","S6987 - Woods Of Brushy Creek Sec 6 Ph 3","Real","$465,321","$465,321"
"R382714","R-16-5983-000B-0005","AZARH, ALEXANDER (TOD) & JENNY (TOD)","15819 HAMDEN CIR  AUSTIN, TX 78717","15819 HAMDEN CIR, AUSTIN, TX  78717","S6987 - Woods Of Brushy Creek Sec 6 Ph 3, BLOCK B, Lot 5","R230592E"," ","S6987 - Woods Of Brushy Creek Sec 6 Ph 3","Real","$588,918","$588,918"
"R382715","R-16-5983-000B-0006","KAHAN, LAWRENCE & BRENDA WEBB KAHAN, TRUSTEES KAHAN LIVING TRUST","15817 HAMDEN CIR AUSTIN, TX 78717-5371","15817 HAMDEN CIR, AUSTIN, TX  78717","S6987 - Woods Of Brushy Creek Sec 6 Ph 3, BLOCK B, Lot 6","R230592E"," ","S6987 - Woods Of Brushy Creek Sec 6 Ph 3","Real","$590,768","$590,768"
"R382716","R-16-5983-000B-0007","CHANG, CHEN","15809 HAMDEN CIR AUSTIN, TX 78717-5371","15809 HAMDEN CIR, AUSTIN, TX  78717","S6987 - Woods Of Brushy Creek Sec 6 Ph 3, BLOCK B, Lot 7","R230592E"," ","S6987 - Woods Of Brushy Creek Sec 6 Ph 3","Real","$668,764","$668,764"
"R382717","R-16-5983-000B-0008","SHYAM LAL LOUR & SUMAN LOUR TRUSTEE OF THE SHYAM & SUMAN LOUR REVOCABLE LIVING T","15807 HAMDEN CIR  AUSTIN, TX 78717","15807 HAMDEN CIR, AUSTIN, TX  78717","S6987 - Woods Of Brushy Creek Sec 6 Ph 3, BLOCK B, Lot 8","R230592E"," ","S6987 - Woods Of Brushy Creek Sec 6 Ph 3","Real","$584,472","$584,472"
"R382718","R-16-5983-000B-0009","UBERALL, HERBERT & REYNA T","15805 HAMDEN CIR AUSTIN, TX 78717-5371","15805 HAMDEN CIR, AUSTIN, TX  78717","S6987 - Woods Of Brushy Creek Sec 6 Ph 3, BLOCK B, Lot 9","R230592E"," ","S6987 - Woods Of Brushy Creek Sec 6 Ph 3","Real","$535,606","$535,606"
"R382719","R-16-5983-000B-0010","YOUNG, KRISTINA & JONATHON GARZA","15803 HAMDEN CIR  AUSTIN, TX 78717-5371","15803 HAMDEN CIR, AUSTIN, TX  78717","S6987 - Woods Of Brushy Creek Sec 6 Ph 3, BLOCK B, Lot 10","R230592E"," ","S6987 - Woods Of Brushy Creek Sec 6 Ph 3","Real","$605,829","$605,829"
"R382720","R-16-5983-000B-0011","WEBB, MARK G","15801 HAMDEN CIR AUSTIN, TX 78717-5371","15801 HAMDEN CIR, AUSTIN, TX  78717","S6987 - Woods Of Brushy Creek Sec 6 Ph 3, BLOCK B, Lot 11","R230592E"," ","S6987 - Woods Of Brushy Creek Sec 6 Ph 3","Real","$526,391","$526,391"
"R382721","R-16-5983-000B-0012","PADAKI, CHANDRIKA","7000 CURRIER CV  AUSTIN, TX 78717","7000 CURRIER CV, AUSTIN, TX  78717","S6987 - Woods Of Brushy Creek Sec 6 Ph 3, BLOCK B, Lot 12","R230592E"," ","S6987 - Woods Of Brushy Creek Sec 6 Ph 3","Real","$526,787","$526,787"
"R382722","R-16-5983-000B-0013","BODDAPU, SRINIVASA R & USHA R","1517 OSPREY RIDGE LOOP LAGO VISTA, TX 78645-8048","7002 CURRIER CV, AUSTIN, TX  78717","S6987 - Woods Of Brushy Creek Sec 6 Ph 3, BLOCK B, Lot 13","R230592E"," ","S6987 - Woods Of Brushy Creek Sec 6 Ph 3","Real","$751,095","$751,095"
"R382723","R-16-5983-000B-0014","POTLURI, PRASAD","7004 CURRIER CV AUSTIN, TX 78717-3059","7004 CURRIER CV, AUSTIN, TX  78717","S6987 - Woods Of Brushy Creek Sec 6 Ph 3, BLOCK B, Lot 14","R230592E"," ","S6987 - Woods Of Brushy Creek Sec 6 Ph 3","Real","$692,867","$692,867"
"R382724","R-16-5983-000B-0015","TRAN, HIEN T & FREDERICK PHAT NGOC VO","1640 CARDINAL LN ROUND ROCK, TX 78681-2628","7003 CURRIER CV, AUSTIN, TX  78717","S6987 - Woods Of Brushy Creek Sec 6 Ph 3, BLOCK B, Lot 15","R230592E"," ","S6987 - Woods Of Brushy Creek Sec 6 Ph 3","Real","$508,903","$508,903"
"R382725","R-16-5983-000B-0016","COLEMAN, LINCOLN & CHELSEA","7001 CURRIER CV  AUSTIN, TX 78717","7001 CURRIER CV, AUSTIN, TX  78717","S6987 - Woods Of Brushy Creek Sec 6 Ph 3, BLOCK B, Lot 16","R230592E"," ","S6987 - Woods Of Brushy Creek Sec 6 Ph 3","Real","$628,048","$628,048"
"R382726","R-16-5983-000D-0001","SMOOT, JEFFERY M & MONICA ARMIDA ALEMAN-SMOOT","15605 STAFFORDSHIRE LN  AUSTIN, TX 78717","15605 STAFFORDSHIRE LN, AUSTIN, TX  78717","S6987 - Woods Of Brushy Creek Sec 6 Ph 3, BLOCK D, Lot 1","R230592E"," ","S6987 - Woods Of Brushy Creek Sec 6 Ph 3","Real","$584,618","$584,618"
"R382727","R-16-5983-000D-0002","ARORA, SUVIR & SWATI KAPOOR","15603 STAFFORDSHIRE LN AUSTIN, TX 78717","15603 STAFFORDSHIRE LN, AUSTIN, TX  78717","S6987 - Woods Of Brushy Creek Sec 6 Ph 3, BLOCK D, Lot 2","R230592E"," ","S6987 - Woods Of Brushy Creek Sec 6 Ph 3","Real","$666,463","$666,463"
"R382728","R-16-5983-000D-0008","MOHRMANN, LEONARD E III & MICHELLE","15623 STAFFORDSHIRE LN  AUSTIN, TX 78717","15623 STAFFORDSHIRE LN, AUSTIN, TX  78717","S6987 - Woods Of Brushy Creek Sec 6 Ph 3, BLOCK D, Lot 8","R230592E"," ","S6987 - Woods Of Brushy Creek Sec 6 Ph 3","Real","$625,958","$625,958"
"R382729","R-16-5983-000D-0009","ZAMORA, JUAN M (TOD) & PATRICIA CAMPOS (TOD)","15621 STAFFORDSHIRE LN  AUSTIN, TX 78717","15621 STAFFORDSHIRE LN, AUSTIN, TX  78717","S6987 - Woods Of Brushy Creek Sec 6 Ph 3, BLOCK D, Lot 9","R230592E"," ","S6987 - Woods Of Brushy Creek Sec 6 Ph 3","Real","$450,739","$450,739"
"R382730","R-16-5983-000D-0010","GEORGE, CYNTHIA L & STEPHAN C","15619 STAFFORDSHIRE LN AUSTIN, TX 78717-3057","15619 STAFFORDSHIRE LN, AUSTIN, TX  78717","S6987 - Woods Of Brushy Creek Sec 6 Ph 3, BLOCK D, Lot 10","R230592E"," ","S6987 - Woods Of Brushy Creek Sec 6 Ph 3","Real","$560,530","$560,530"
"R382731","R-16-5983-000D-0011","REED CONNIE MENG & THOMAS JOSEPH MCMAHAN","15617 STAFFORDSHIRE LN  AUSTIN, TX 78717-3057","15617 STAFFORDSHIRE LN, AUSTIN, TX  78717","S6987 - Woods Of Brushy Creek Sec 6 Ph 3, BLOCK D, Lot 11","R230592E"," ","S6987 - Woods Of Brushy Creek Sec 6 Ph 3","Real","$624,847","$624,847"
"R392769","R-16-5984-000A-0001","KAMMER, KEITH R & QUIDA M","16019 DARK LN AUSTIN, TX 78717-5490","16019 DARK LN, AUSTIN, TX  78717","S7255 - Woods Of Brushy Creek Sec 7, BLOCK A, Lot 1","R230592E"," ","S7255 - Woods Of Brushy Creek Sec 7","Real","$862,059","$862,059"
"R392770","R-16-5984-000A-0002","PONS, MINDI LEE","16023 DARK LN  AUSTIN, TX 78717","16023 DARK LN, AUSTIN, TX  78717","S7255 - Woods Of Brushy Creek Sec 7, BLOCK A, Lot 2","R230592E"," ","S7255 - Woods Of Brushy Creek Sec 7","Real","$791,876","$791,876"
"R392771","R-16-5984-000A-0003","NG, PUI WAH","16027 DARK LN  AUSTIN, TX 78717","16027 DARK LN, AUSTIN, TX  78717","S7255 - Woods Of Brushy Creek Sec 7, BLOCK A, Lot 3","R230592E"," ","S7255 - Woods Of Brushy Creek Sec 7","Real","$754,224","$754,224"
"R392772","R-16-5984-000A-0004","AGUIRRE, ALYSSA & MICHAEL","16031 DARK LN  AUSTIN, TX 78717","16031 DARK LN, AUSTIN, TX  78717","S7255 - Woods Of Brushy Creek Sec 7, BLOCK A, Lot 4","R230592E"," ","S7255 - Woods Of Brushy Creek Sec 7","Real","$609,918","$609,918"
"R392773","R-16-5984-000A-0005","ALBRIGHT JON CHRISTOPHER & LORIE BETH TRUSTEES OF ALBRIGHT JOINT LIVING TRUST","8612 KEN AARON CT  AUSTIN, TX 78717","8612 KEN AARON CT, AUSTIN, TX  78717","S7255 - Woods Of Brushy Creek Sec 7, BLOCK A, Lot 5","R230592E"," ","S7255 - Woods Of Brushy Creek Sec 7","Real","$759,746","$759,746"
"R392774","R-16-5984-000A-0006","NASSAR, SIMAAN & SARA","8608 KEN AARON CT  AUSTIN, TX 78717","8608 KEN AARON CT, AUSTIN, TX  78717","S7255 - Woods Of Brushy Creek Sec 7, BLOCK A, Lot 6","R230592E"," ","S7255 - Woods Of Brushy Creek Sec 7","Real","$598,896","$598,896"
"R392775","R-16-5984-000A-0007","CARLSON, MICHAEL L & MICHELLE K","8604 KEN AARON CT AUSTIN, TX 78717-5480","8604 KEN AARON CT, AUSTIN, TX  78717","S7255 - Woods Of Brushy Creek Sec 7, BLOCK A, Lot 7","R230592E"," ","S7255 - Woods Of Brushy Creek Sec 7","Real","$837,033","$837,033"
"R392776","R-16-5984-000A-0008","BRUSHY CREEK MUD","ATTN GOODWIN MGMT INC PO BOX 203310 AUSTIN, TX 78720-3310","8600 KEN AARON CT, AUSTIN, TX  78717","S7255 - Woods Of Brushy Creek Sec 7, BLOCK A, Lot 8, ACRES 0.522, (DETENTION POND)","R230592E"," ","S7255 - Woods Of Brushy Creek Sec 7","Real","$300","$300"
"R392777","R-16-5984-000A-0009","LI, HANG & ZHIHUI WANG","8600 KEN AARON  AUSTIN, TX 78717","8600 KEN AARON CT, AUSTIN, TX  78717","S7255 - Woods Of Brushy Creek Sec 7, BLOCK A, Lot 9","R230592E"," ","S7255 - Woods Of Brushy Creek Sec 7","Real","$622,466","$622,466"
"R392778","R-16-5984-000A-0010","UKAOMA, CHUKS U C & CHRISTINE","8605 KEN AARON CT AUSTIN, TX 78717-5480","8605 KEN AARON CT, AUSTIN, TX  78717","S7255 - Woods Of Brushy Creek Sec 7, BLOCK A, Lot 10","R230592E"," ","S7255 - Woods Of Brushy Creek Sec 7","Real","$769,055","$769,055"
"R392779","R-16-5984-000A-0011","KODIROV, AHMADALI","3712 KEARNEY LN ROUND ROCK, TX 78681-2028","8609 KEN AARON CT, AUSTIN, TX  78717","S7255 - Woods Of Brushy Creek Sec 7, BLOCK A, Lot 11","R230592E"," ","S7255 - Woods Of Brushy Creek Sec 7","Real","$528,118","$528,118"
"R392780","R-16-5984-000A-0012","PARK, KWANWOO & JAE EUN KANG","8613 KEN AARON CT  AUSTIN, TX 78717-5480","8613 KEN AARON CT, AUSTIN, TX  78717","S7255 - Woods Of Brushy Creek Sec 7, BLOCK A, Lot 12","R230592E"," ","S7255 - Woods Of Brushy Creek Sec 7","Real","$758,756","$758,756"
"R392781","R-16-5984-000A-0013","DANIELS, JENNIFER LIN","8617 KEN AARON CT  AUSTIN, TX 78717","8617 KEN AARON CT, AUSTIN, TX  78717","S7255 - Woods Of Brushy Creek Sec 7, BLOCK A, Lot 13","R230592E"," ","S7255 - Woods Of Brushy Creek Sec 7","Real","$606,578","$606,578"
"R392782","R-16-5984-000A-0014","OLSON STEPHEN MICHAEL & MICHELE MARY TRUSTEES OF MMOSMO TRUST","8621 KEN AARON CT  AUSTIN, TX 78717","8621 KEN AARON CT, AUSTIN, TX  78717","S7255 - Woods Of Brushy Creek Sec 7, BLOCK A, Lot 14","R230592E"," ","S7255 - Woods Of Brushy Creek Sec 7","Real","$563,462","$563,462"
"R392783","R-16-5984-000A-0015","HOO, HUNG-LEE & TZING-FUN","8701 KEN AARON CT  AUSTIN, TX 78717","8701 KEN AARON CT, AUSTIN, TX  78717","S7255 - Woods Of Brushy Creek Sec 7, BLOCK A, Lot 15","R230592E"," ","S7255 - Woods Of Brushy Creek Sec 7","Real","$605,230","$605,230"
"R392784","R-16-5984-000A-0016","GUMMADI, SRINIVAS A & KAMALA","8705 KEN AARON CT AUSTIN, TX 78717-5489","8705 KEN AARON CT, AUSTIN, TX  78717","S7255 - Woods Of Brushy Creek Sec 7, BLOCK A, Lot 16","R230592E"," ","S7255 - Woods Of Brushy Creek Sec 7","Real","$772,745","$772,745"
"R392785","R-16-5984-000A-0017","LI, BAOLIN & YANHUI BIAN","2412 FIRST VW LEANDER, TX 78641-8882","8709 KEN AARON CT, AUSTIN, TX  78717","S7255 - Woods Of Brushy Creek Sec 7, BLOCK A, Lot 17","R230592E"," ","S7255 - Woods Of Brushy Creek Sec 7","Real","$547,566","$547,566"
"R392786","R-16-5984-000A-0018","ZAMORA RODRIGUEZ, JORGE RAFAEL & ALMA ZAMORA","8715 KEN AARON CT  AUSTIN, TX 78717-5489","8715 KEN AARON CT, AUSTIN, TX  78717","S7255 - Woods Of Brushy Creek Sec 7, BLOCK A, Lot 18","R230592E"," ","S7255 - Woods Of Brushy Creek Sec 7","Real","$821,888","$821,888"
"R392787","R-16-5984-000A-0019","VAUGHAN, KATHLEEN & SAMUEL Jr","8717 KEN AARON CT  AUSTIN, TX 78717-5489","8717 KEN AARON CT, AUSTIN, TX  78717","S7255 - Woods Of Brushy Creek Sec 7, BLOCK A, Lot 19","R230592E"," ","S7255 - Woods Of Brushy Creek Sec 7","Real","$521,567","$521,567"
"R392788","R-16-5984-000A-0020","MORGAN, MICHAEL & KAREN","8721 KEN AARON CT  AUSTIN, TX 78717-5489","8721 KEN AARON CT, AUSTIN, TX  78717","S7255 - Woods Of Brushy Creek Sec 7, BLOCK A, Lot 20","R230592E"," ","S7255 - Woods Of Brushy Creek Sec 7","Real","$614,088","$614,088"
"R392789","R-16-5984-000A-0021","BUDARAJU, SRINIVAS & JAYASREE","4321 GREATVIEW DR ROUND ROCK, TX 78665-1245","8718 KEN AARON CT, AUSTIN, TX  78717","S7255 - Woods Of Brushy Creek Sec 7, BLOCK A, Lot 21","R230592E"," ","S7255 - Woods Of Brushy Creek Sec 7","Real","$782,966","$782,966"
"R392790","R-16-5984-000A-0022","SWYERS FAMILY REVOCABLE LIVING TRUST","8714 KEN AARON CT  AUSTIN, TX 78717-5489","8714 KEN AARON CT, AUSTIN, TX  78717","S7255 - Woods Of Brushy Creek Sec 7, BLOCK A, Lot 22","R230592E"," ","S7255 - Woods Of Brushy Creek Sec 7","Real","$513,837","$513,837"
"R392791","R-16-5984-000A-0023","ISAK, KRISTIAN & VIRDINIJA","16028 DARK LN  AUSTIN, TX 78717","16028 DARK LN, AUSTIN, TX  78717","S7255 - Woods Of Brushy Creek Sec 7, BLOCK A, Lot 23","R230592E"," ","S7255 - Woods Of Brushy Creek Sec 7","Real","$586,544","$586,544"
"R392792","R-16-5984-000A-0024","XU, JUNJIE","16024 DARK LN AUSTIN, TX 78717-5490","16024 DARK LN, AUSTIN, TX  78717","S7255 - Woods Of Brushy Creek Sec 7, BLOCK A, Lot 24","R230592E"," ","S7255 - Woods Of Brushy Creek Sec 7","Real","$701,047","$701,047"
"R392793","R-16-5984-000A-0025","BURKE, RYAN & JENNY","16020 DARK LN  AUSTIN, TX 78717","16020 DARK LN, AUSTIN, TX  78717","S7255 - Woods Of Brushy Creek Sec 7, BLOCK A, Lot 25","R230592E"," ","S7255 - Woods Of Brushy Creek Sec 7","Real","$700,460","$700,460"
"R590893","R-16-5974-000N-0021-REF","MILLS, CLAY & NICHOLE","8404 DELAVAN AVE  AUSTIN, TX 78717","8404 DELAVAN AVE, AUSTIN, TX  78717","REFERENCE ONLY IOL 2020 S5065 - Woods Of Brushy Creek  Sec 2 Phase 2, BLOCK N, Lot 21 - 22","R230592E"," ","S5065 - Woods Of Brushy Creek  Sec 2 Phase 2","Real","$642,302","$642,302"
